source,generated_at,match_date,league,home_team,away_team,side,odds,opening_odds,odds_drift,edge_pct,signal_tier,drift_signal,kelly_pct,result,pnl,notes,closing_odds,clv_pct,model_type,ht_score
live,2026-04-26 12:56,2026-05-03,Bundesliga 2,1. FC Magdeburg,Hertha Berlin,UNDER,2.75,2.75,0.0,8.43,VALUABLE,New,1.2,WIN,1.75,,2.52,9.13,standard,
live,2026-04-26 12:56,2026-04-26,Denmark Superliga,Viborg FF,FC Nordsjaelland,UNDER,2.75,2.48,-0.27,5.78,VALUABLE,Conflicted,0.83,WIN,1.75,,2.85,-3.51,new_format,
live,2026-04-26 12:56,2026-05-03,Bundesliga 2,Karlsruher SC,SV Darmstadt 98,UNDER,2.62,2.62,0.0,5.7,VALUABLE,New,0.88,LOSS,-1.0,,2.62,0.0,standard,
live,2026-04-26 12:56,2026-05-02,League One,Wycombe Wanderers,Rotherham United,UNDER,2.18,2.27,0.09,5.16,VALUABLE,Confirmed,1.09,LOSS,-1.0,,2.18,0.0,standard,
live,2026-04-26 12:56,2026-05-03,Denmark Superliga,OB Odense BK,Silkeborg IF,UNDER,2.58,2.58,0.0,5.11,VALUABLE,New,0.81,LOSS,-1.0,,3.05,-15.41,new_format,
live,2026-04-27 09:09,2026-05-02,League One,Leyton Orient,Burton Albion,OVER,1.93,1.93,0.0,4.36,VALUABLE,Neutral,1.17,WIN,0.93,,1.93,0.0,standard,
live,2026-04-28 06:42,2026-05-03,Bundesliga 2,Elversberg,SC Paderborn,UNDER,2.32,2.17,-0.15,16.15,VALUABLE,Conflicted,3.06,LOSS,-1.0,,2.32,0.0,standard,
live,2026-04-28 06:42,2026-05-01,La Liga 2,Andorra CF,Albacete,AVOID,1.73,1.75,0.02,13.7,SNIPER,Neutral,4.69,,,,,,standard,
live,2026-04-28 06:42,2026-05-03,Bundesliga 2,Hannover 96,SC Preußen Münster,UNDER,2.2,2.08,-0.12,11.48,VALUABLE,Conflicted,2.39,LOSS,-1.0,,2.32,-5.17,standard,
live,2026-04-28 06:42,2026-05-02,League One,Bolton Wanderers,Luton,UNDER,2.18,2.21,0.03,8.98,VALUABLE,Neutral,1.9,LOSS,-1.0,,2.18,0.0,standard,
live,2026-04-28 06:42,2026-05-02,Bundesliga 2,Holstein Kiel,Eintracht Braunschweig,AVOID,1.57,1.57,0.0,8.5,VALUABLE,Neutral,3.73,,,,,,standard,
live,2026-04-28 06:42,2026-05-03,Denmark Superliga,AGF Aarhus,SonderjyskE,UNDER,2.3,2.23,-0.07,6.43,VALUABLE,Conflicted,1.24,LOSS,-1.0,,2.95,-22.03,new_format,
live,2026-04-28 06:42,2026-05-02,League One,Stevenage,Wigan Athletic,OVER,2.27,2.25,-0.02,6.04,VALUABLE,Neutral,1.19,LOSS,-1.0,,2.26,0.44,standard,
live,2026-04-28 06:42,2026-05-03,La Liga 2,Real Sociedad B,Burgos CF,AVOID,2.05,2.05,0.0,4.28,VALUABLE,Neutral,1.02,,,,,,standard,
live,2026-04-28 06:42,2026-05-03,La Liga 2,Las Palmas,Real Valladolid CF,AVOID,1.96,1.96,0.0,4.15,VALUABLE,Neutral,1.08,,,,,,standard,
live,2026-04-28 12:05,2026-05-01,Turkish Super Lig,Çaykur Rizespor,Torku Konyaspor,UNDER,1.83,1.83,0.0,13.52,SNIPER,New,4.07,LOSS,-1.0,,1.83,0.0,standard,
live,2026-04-28 12:05,2026-05-03,Austrian Bundesliga,RB Salzburg,Sturm Graz,UNDER,2.23,2.23,0.0,13.39,SNIPER,New,2.72,WIN,1.23,,2.35,-5.11,new_format,
live,2026-04-28 12:05,2026-05-03,Austrian Bundesliga,Austria Wien,Hartberg,UNDER,1.85,1.85,0.0,10.34,SNIPER,New,3.04,WIN,0.85,,1.85,0.0,new_format,
live,2026-04-28 12:05,2026-05-01,Belgian First Division A,Cercle Brugge KSV,SV Zulte-Waregem,UNDER,2.18,2.18,0.0,10.31,SNIPER,New,2.18,LOSS,-1.0,,2.18,0.0,standard,
live,2026-04-28 12:05,2026-05-03,Poland Ekstraklasa,Pogoń Szczecin,Wisła Płock,UNDER,1.92,1.92,0.0,9.94,VALUABLE,New,2.7,LOSS,-1.0,,1.92,0.0,unknown,
live,2026-04-28 12:05,2026-05-03,Poland Ekstraklasa,GKS Katowice,Nieciecza,UNDER,2.25,2.25,0.0,9.82,VALUABLE,New,1.96,LOSS,-1.0,,2.35,-4.26,unknown,
live,2026-04-28 12:05,2026-05-02,Dutch Eredivisie,Groningen,Excelsior,UNDER,2.25,2.25,0.0,9.79,VALUABLE,New,1.96,LOSS,-1.0,,2.25,0.0,standard,
live,2026-04-28 12:05,2026-05-03,Sweden Allsvenskan,Hammarby IF,Västerås SK,UNDER,2.14,2.14,0.0,9.45,VALUABLE,New,2.07,LOSS,-1.0,,1.93,10.88,new_format,
live,2026-04-28 12:05,2026-05-02,Sweden Allsvenskan,IK Sirius,Kalmar FF,UNDER,2.04,2.04,0.0,9.22,VALUABLE,New,2.22,LOSS,-1.0,,2.04,0.0,new_format,
live,2026-04-28 12:05,2026-05-02,Austrian Bundesliga,Grazer AK,WSG Tirol,AVOID,1.83,1.83,0.0,8.62,VALUABLE,New,2.6,,,,,,new_format,
live,2026-04-28 12:05,2026-05-03,Sweden Allsvenskan,GAIS,Örgryte IS,UNDER,2.23,2.23,0.0,7.34,VALUABLE,New,1.49,LOSS,-1.0,,2.14,4.21,new_format,
live,2026-04-28 12:05,2026-05-03,Belgian First Division A,Dender,RAAL La Louvière,AVOID,1.83,1.83,0.0,6.79,VALUABLE,New,2.04,,,,,,standard,
live,2026-04-28 12:05,2026-05-02,Bundesliga 2,Dynamo Dresden,1. FC Kaiserslautern,UNDER,2.25,2.23,-0.02,6.67,VALUABLE,Neutral,1.33,WIN,1.25,,2.25,0.0,standard,
live,2026-04-28 12:05,2026-05-04,Poland Ekstraklasa,Radomiak Radom,Lechia Gdańsk,UNDER,2.1,2.1,0.0,6.65,VALUABLE,New,1.51,LOSS,-1.0,,2.1,0.0,unknown,
live,2026-04-28 12:05,2026-05-02,Sweden Allsvenskan,Degerfors IF,BK Hacken,UNDER,1.78,1.78,0.0,6.13,VALUABLE,New,1.97,WIN,0.78,,1.78,0.0,new_format,
live,2026-04-28 12:05,2026-05-02,Dutch Eredivisie,NEC Nijmegen,SC Telstar,UNDER,2.9,2.9,0.0,5.46,VALUABLE,New,0.72,WIN,1.9,,2.9,0.0,standard,
live,2026-04-28 12:05,2026-05-03,Turkish Super Lig,Kayserispor,Eyüpspor,UNDER,1.88,1.88,0.0,4.43,VALUABLE,New,1.26,WIN,0.88,,1.88,0.0,standard,
live,2026-04-28 12:05,2026-05-02,Turkish Super Lig,Samsunspor,Galatasaray,UNDER,2.07,2.07,0.0,4.28,VALUABLE,New,1.0,LOSS,-1.0,,2.07,0.0,standard,
live,2026-04-30 07:43,2026-05-01,Denmark Superliga,Brondby IF,FC Nordsjaelland,UNDER,2.62,2.28,-0.34,4.19,VALUABLE,Conflicted,0.65,WIN,1.62,,2.75,-4.73,new_format,
live,2026-05-03 08:33,2026-05-03,Denmark Superliga,FC Fredericia,FC Copenhagen,UNDER,3.05,2.75,-0.3,5.06,VALUABLE,Conflicted,0.62,LOSS,-1.0,,3.05,0.0,new_format,
live,2026-05-04 08:47,2026-05-10,Bundesliga 2,Fortuna Düsseldorf,Elversberg,UNDER,2.62,2.52,-0.1,4.2,VALUABLE,Conflicted,0.65,LOSS,-1.0,,2.35,11.49,standard,
live,2026-05-11 11:42,2026-05-17,Bundesliga 2,Elversberg,SC Preußen Münster,UNDER,2.85,2.85,0.0,10.49,SNIPER,New,1.42,,,,,,standard,
live,2026-05-11 11:42,2026-05-17,Bundesliga 2,SV Darmstadt 98,SC Paderborn,UNDER,2.85,2.85,0.0,5.98,VALUABLE,New,0.81,WIN,1.85,,2.95,-3.39,standard,
live,2026-05-17 08:42,2026-05-17,Bundesliga 2,1. FC Magdeburg,1. FC Kaiserslautern,UNDER,2.75,2.82,0.07,6.24,VALUABLE,Confirmed,0.89,WIN,1.75,,2.75,0.0,standard,
live,2026-05-17 08:42,2026-05-17,Bundesliga 2,Karlsruher SC,VfL Bochum,UNDER,2.85,2.92,0.07,5.98,VALUABLE,Confirmed,0.81,LOSS,-1.0,,2.85,0.0,standard,
live,2026-05-17 08:42,2026-05-17,Austrian Bundesliga,RB Salzburg,Hartberg,UNDER,2.7,2.7,0.0,5.31,VALUABLE,Neutral,0.78,LOSS,-1.0,,2.7,0.0,new_format,
live,2026-05-21 07:01,2026-05-24,La Liga 2,Sporting Gijón,Almería,UNDER,2.23,2.23,0.0,6.64,VALUABLE,New,1.35,,,,,,standard,
live,2026-05-21 07:01,2026-05-24,La Liga 2,Andorra CF,AD Ceuta FC,UNDER,2.33,2.33,0.0,4.18,VALUABLE,New,0.79,WIN,1.33,,2.33,0.0,standard,
live,2026-05-21 08:50,2026-05-22,Ireland Premier Division,Shamrock Rovers,Sligo Rovers,UNDER,2.08,2.08,0.0,17.12,SNIPER,New,3.96,LOSS,-1.0,,2.08,0.0,new_format,
live,2026-05-21 08:50,2026-05-24,Brazil Serie A,Cruzeiro,Chapecoense,UNDER,2.07,2.07,0.0,14.64,SNIPER,New,3.42,,,,,,new_format,
live,2026-05-21 08:50,2026-05-23,Brazil Serie A,Sao Paulo,Botafogo,UNDER,1.95,1.95,0.0,13.91,SNIPER,New,3.66,WIN,0.95,,1.95,0.0,new_format,
live,2026-05-21 08:50,2026-05-24,Japan J-League,Shimizu S Pulse,Gamba Osaka,UNDER,1.87,1.87,0.0,12.05,SNIPER,New,3.46,,,,,,new_format,
live,2026-05-21 08:50,2026-05-22,Austrian Bundesliga,Ried,Rapid Wien,UNDER,1.84,1.84,0.0,10.85,SNIPER,Neutral,3.23,,,,,,new_format,
live,2026-05-21 08:50,2026-05-24,Brazil Serie A,Remo,Atletico Paranaense,UNDER,1.83,1.83,0.0,10.55,SNIPER,New,3.18,,,,,,new_format,
live,2026-05-21 08:50,2026-05-25,Brazil Serie A,Coritiba,Bahia,UNDER,1.83,1.83,0.0,10.55,SNIPER,New,3.18,,,,,,new_format,
live,2026-05-21 08:50,2026-05-24,Japan J-League,Mito HollyHock,Kawasaki Frontale,UNDER,1.92,1.92,0.0,10.49,SNIPER,New,2.85,,,,,,new_format,
live,2026-05-21 08:50,2026-05-24,Brazil Serie A,Flamengo,Palmeiras,UNDER,1.79,1.79,0.0,9.7,VALUABLE,New,3.07,,,,,,new_format,
live,2026-05-21 08:50,2026-05-23,Japan J-League,Kyoto Purple Sanga,V-Varen Nagasaki,UNDER,1.89,1.89,0.0,9.67,VALUABLE,New,2.72,WIN,0.89,,1.89,0.0,new_format,
live,2026-05-21 08:50,2026-05-24,Brazil Serie A,Vasco da Gama,Bragantino-SP,UNDER,1.77,1.77,0.0,8.7,VALUABLE,New,2.82,,,,,,new_format,
live,2026-05-21 08:50,2026-05-22,Ireland Premier Division,Galway United,Bohemians,UNDER,1.87,1.87,0.0,7.28,VALUABLE,New,2.09,LOSS,-1.0,,1.87,0.0,new_format,
live,2026-05-21 08:50,2026-05-24,Brazil Serie A,Corinthians,Atletico Mineiro,AVOID,2.49,2.49,0.0,7.15,VALUABLE,New,1.2,,,,,,new_format,
live,2026-05-21 08:50,2026-05-23,Brazil Serie A,Vitoria,Internacional,AVOID,2.21,2.21,0.0,7.07,VALUABLE,New,1.46,,,,,,new_format,
live,2026-05-21 08:50,2026-05-23,Brazil Serie A,Mirassol,Fluminense,AVOID,2.22,2.22,0.0,6.72,VALUABLE,New,1.38,,,,,,new_format,
live,2026-05-21 08:50,2026-05-21,Denmark Superliga,Brondby IF,FC Copenhagen,OVER,1.85,1.86,0.01,6.66,VALUABLE,Neutral,1.96,,,,,,new_format,
live,2026-05-21 08:50,2026-05-23,Japan J-League,Hiroshima Sanfrecce FC,Nagoya Grampus,UNDER,2.12,2.12,0.0,6.64,VALUABLE,New,1.48,LOSS,-1.0,,2.12,0.0,new_format,
live,2026-05-21 08:50,2026-05-24,China Super League,Shanghai Shenhua FC,Shenzhen Peng City FC,UNDER,2.58,2.58,0.0,6.45,VALUABLE,New,1.02,LOSS,-1.0,,2.72,-5.15,new_format,
live,2026-05-21 08:50,2026-05-23,Brazil Serie A,Grêmio,Santos,AVOID,2.23,2.23,0.0,6.37,VALUABLE,New,1.29,,,,,,new_format,
live,2026-05-21 08:50,2026-05-23,Japan J-League,Kashima Antlers,FC Tokyo,AVOID,2.05,2.05,0.0,6.37,VALUABLE,New,1.52,,,,,,new_format,
live,2026-05-21 08:50,2026-05-24,USA MLS,Portland Timbers,San Jose Earthquakes,UNDER,2.85,2.85,0.0,5.72,VALUABLE,New,0.77,LOSS,-1.0,,2.85,0.0,new_format,
live,2026-05-21 08:50,2026-05-24,USA MLS,Columbus Crew SC,Atlanta United FC,UNDER,2.45,2.45,0.0,4.57,VALUABLE,New,0.79,WIN,1.45,,2.45,0.0,new_format,
live,2026-05-21 08:50,2026-05-24,China Super League,Zhejiang,Liaoning Tieren FC,UNDER,2.45,2.45,0.0,4.39,VALUABLE,New,0.76,LOSS,-1.0,,2.68,-8.58,new_format,
live,2026-05-21 08:50,2026-05-21,Sweden Allsvenskan,IF Elfsborg,Mjällby AIF,UNDER,1.77,1.77,0.0,4.13,VALUABLE,Neutral,1.34,WIN,0.77,,1.77,0.0,new_format,
live,2026-05-21 08:50,2026-05-24,China Super League,Qingdao Hainiu FC,Chongqing Tonglianglong FC,AVOID,2.02,2.02,0.0,4.13,VALUABLE,New,1.01,,,,,,new_format,
backtest,2026-05-21 08:58,2020-09-19,Ligue 2,Sochaux,Rodez,OVER,2.93,,,11.18,SNIPER,,1.45,,,,,,standard,
backtest,2026-05-21 08:58,2020-09-19,Ligue 2,Pau FC,Guingamp,OVER,2.39,,,57.43,SNIPER,,10.33,,,,,,standard,
backtest,2026-05-21 08:58,2020-09-19,League One,Shrewsbury,Northampton,OVER,2.05,,,16.96,SNIPER,,4.04,,,,,,standard,
backtest,2026-05-21 08:58,2020-09-19,Ligue 2,Sochaux,Rodez,OVER,2.93,,,23.51,SNIPER,,3.05,,,,,,standard,
backtest,2026-05-21 08:58,2020-09-19,Ligue 2,Pau FC,Guingamp,OVER,2.39,,,48.3,SNIPER,,8.69,,,,,,standard,
backtest,2026-05-21 08:58,2020-09-19,La Liga 2,Vallecano,Sabadell,OVER,2.17,,,11.56,SNIPER,,2.47,,,,,,standard,
backtest,2026-05-21 08:58,2020-09-20,La Liga 2,Las Palmas,Fuenlabrada,OVER,3.02,,,32.63,SNIPER,,4.04,,,,,,standard,
backtest,2026-05-21 08:58,2020-09-20,Bundesliga 2,Holstein Kiel,Paderborn,UNDER,2.55,,,37.1,SNIPER,,5.98,,,,,,standard,
backtest,2026-05-21 08:58,2020-09-20,La Liga 2,Lugo,Leganes,OVER,2.81,,,13.44,SNIPER,,1.86,,,,,,standard,
backtest,2026-05-21 08:58,2020-09-21,Ligue 2,Auxerre,Troyes,OVER,2.69,,,4.31,VALUABLE,,0.64,,,,,,standard,
backtest,2026-05-21 08:58,2020-09-21,Ligue 2,Auxerre,Troyes,OVER,2.69,,,20.33,SNIPER,,3.01,,,,,,standard,
backtest,2026-05-21 08:58,2020-09-21,Bundesliga 2,Bochum,St Pauli,OVER,1.81,,,32.2,SNIPER,,9.94,,,,,,standard,
backtest,2026-05-21 08:58,2020-09-26,La Liga 2,Fuenlabrada,Albacete,OVER,2.73,,,16.49,SNIPER,,2.38,,,,,,standard,
backtest,2026-05-21 08:58,2020-09-26,La Liga 2,Sp Gijon,Girona,OVER,3.17,,,6.15,VALUABLE,,0.71,,,,,,standard,
backtest,2026-05-21 08:58,2020-09-26,La Liga 2,Fuenlabrada,Albacete,OVER,2.73,,,19.9,SNIPER,,2.88,,,,,,standard,
backtest,2026-05-21 08:58,2020-09-26,La Liga 2,Sp Gijon,Girona,OVER,3.17,,,4.31,VALUABLE,,0.5,,,,,,standard,
backtest,2026-05-21 08:58,2020-09-26,League Two,Southend,Morecambe,UNDER,1.89,,,11.24,SNIPER,,3.16,,,,,,standard,
backtest,2026-05-21 08:58,2020-09-26,League One,Portsmouth,Wigan,UNDER,2.18,,,18.27,SNIPER,,3.87,,,,,,standard,
backtest,2026-05-21 08:58,2020-09-26,Greek Super League,Volos NFC,PAOK,UNDER,1.86,,,10.38,SNIPER,,3.02,,,,,,standard,
backtest,2026-05-21 08:58,2020-09-26,League Two,Southend,Morecambe,UNDER,1.89,,,11.24,SNIPER,,3.16,,,,,,standard,
backtest,2026-05-21 08:58,2020-09-26,La Liga 2,Zaragoza,Las Palmas,OVER,2.43,,,16.35,SNIPER,,2.86,,,,,,standard,
backtest,2026-05-21 08:58,2020-09-26,Ligue 2,Guingamp,Grenoble,OVER,2.11,,,4.57,VALUABLE,,1.03,,,,,,standard,
backtest,2026-05-21 08:58,2020-09-26,Ligue 2,Amiens,Pau FC,OVER,2.58,,,6.24,VALUABLE,,0.99,,,,,,standard,
backtest,2026-05-21 08:58,2020-09-26,League One,Portsmouth,Wigan,UNDER,2.18,,,20.27,SNIPER,,4.3,,,,,,standard,
backtest,2026-05-21 08:58,2020-09-26,Ligue 2,Guingamp,Grenoble,OVER,2.11,,,35.89,SNIPER,,8.08,,,,,,standard,
backtest,2026-05-21 08:58,2020-09-26,League Two,Salford,Forest Green,UNDER,1.87,,,14.34,SNIPER,,4.12,,,,,,standard,
backtest,2026-05-21 08:58,2020-09-26,League One,Swindon,Burton,OVER,1.86,,,26.19,SNIPER,,7.61,,,,,,standard,
backtest,2026-05-21 08:58,2020-09-26,League Two,Bradford,Stevenage,OVER,2.13,,,33.0,SNIPER,,7.3,,,,,,standard,
backtest,2026-05-21 08:58,2020-09-26,League Two,Salford,Forest Green,UNDER,1.87,,,23.78,SNIPER,,6.83,,,,,,standard,
backtest,2026-05-21 08:58,2020-09-26,League Two,Oldham,Crawley Town,OVER,2.08,,,15.26,SNIPER,,3.53,,,,,,standard,
backtest,2026-05-21 08:58,2020-09-27,La Liga 2,Tenerife,Mirandes,OVER,2.48,,,7.86,VALUABLE,,1.33,,,,,,standard,
backtest,2026-05-21 08:58,2020-09-27,La Liga 2,Lugo,Almeria,OVER,2.61,,,11.37,SNIPER,,1.77,,,,,,standard,
backtest,2026-05-21 08:58,2020-09-27,Bundesliga 2,St Pauli,Heidenheim,OVER,1.92,,,24.53,SNIPER,,6.67,,,,,,standard,
backtest,2026-05-21 08:58,2020-09-27,La Liga 2,Mallorca,Sabadell,OVER,2.32,,,10.49,SNIPER,,1.99,,,,,,standard,
backtest,2026-05-21 08:58,2020-09-27,La Liga 2,Lugo,Almeria,OVER,2.61,,,15.28,SNIPER,,2.37,,,,,,standard,
backtest,2026-05-21 08:58,2020-09-27,Greek Super League,OFI Crete,Atromitos,OVER,2.46,,,7.11,VALUABLE,,1.22,,,,,,standard,
backtest,2026-05-21 08:58,2020-09-27,La Liga 2,Tenerife,Mirandes,OVER,2.48,,,6.6,VALUABLE,,1.11,,,,,,standard,
backtest,2026-05-21 08:58,2020-09-28,Greek Super League,Larisa,Panathinaikos,OVER,2.5,,,6.92,VALUABLE,,1.15,,,,,,standard,
backtest,2026-05-21 08:58,2020-09-28,Bundesliga 2,Paderborn,Hamburg,UNDER,2.28,,,33.64,SNIPER,,6.57,,,,,,standard,
backtest,2026-05-21 08:58,2020-09-28,Bundesliga 2,Paderborn,Hamburg,UNDER,2.28,,,12.55,SNIPER,,2.45,,,,,,standard,
backtest,2026-05-21 08:58,2020-10-03,Bundesliga 2,Hannover,Braunschweig,UNDER,2.28,,,13.08,SNIPER,,2.56,,,,,,standard,
backtest,2026-05-21 08:58,2020-10-03,Ligue 2,Paris FC,Le Havre,OVER,2.52,,,13.91,SNIPER,,2.29,,,,,,standard,
backtest,2026-05-21 08:58,2020-10-03,Ligue 2,Toulouse,Troyes,OVER,2.14,,,6.86,VALUABLE,,1.5,,,,,,standard,
backtest,2026-05-21 08:58,2020-10-03,League Two,Crawley Town,Southend,UNDER,1.96,,,14.53,SNIPER,,3.78,,,,,,standard,
backtest,2026-05-21 08:58,2020-10-03,Ligue 2,Chateauroux,Niort,UNDER,1.77,,,9.05,VALUABLE,,2.94,,,,,,standard,
backtest,2026-05-21 08:58,2020-10-03,League One,Hull,Plymouth,UNDER,2.26,,,13.41,SNIPER,,2.66,,,,,,standard,
backtest,2026-05-21 08:58,2020-10-03,Ligue 2,Chateauroux,Niort,UNDER,1.77,,,9.05,VALUABLE,,2.94,,,,,,standard,
backtest,2026-05-21 08:58,2020-10-03,La Liga 2,Vallecano,Malaga,OVER,2.52,,,8.04,VALUABLE,,1.32,,,,,,standard,
backtest,2026-05-21 08:58,2020-10-03,La Liga 2,Las Palmas,Logrones,OVER,2.75,,,5.96,VALUABLE,,0.85,,,,,,standard,
backtest,2026-05-21 08:58,2020-10-03,La Liga 2,Mallorca,Tenerife,OVER,2.64,,,4.45,VALUABLE,,0.68,,,,,,standard,
backtest,2026-05-21 08:58,2020-10-03,La Liga 2,Mallorca,Tenerife,OVER,2.64,,,4.45,VALUABLE,,0.68,,,,,,standard,
backtest,2026-05-21 08:58,2020-10-03,League Two,Crawley Town,Southend,UNDER,1.96,,,18.39,SNIPER,,4.79,,,,,,standard,
backtest,2026-05-21 08:58,2020-10-03,League Two,Harrogate,Bolton,UNDER,1.92,,,5.59,VALUABLE,,1.52,,,,,,standard,
backtest,2026-05-21 08:58,2020-10-03,League Two,Leyton Orient,Cheltenham,UNDER,1.85,,,10.32,SNIPER,,3.03,,,,,,standard,
backtest,2026-05-21 08:58,2020-10-03,League Two,Newport County,Mansfield,OVER,2.08,,,28.8,SNIPER,,6.67,,,,,,standard,
backtest,2026-05-21 08:58,2020-10-03,League Two,Forest Green,Walsall,OVER,2.02,,,27.37,SNIPER,,6.71,,,,,,standard,
backtest,2026-05-21 08:58,2020-10-03,Bundesliga 2,Hannover,Braunschweig,UNDER,2.28,,,33.26,SNIPER,,6.5,,,,,,standard,
backtest,2026-05-21 08:58,2020-10-03,League Two,Leyton Orient,Cheltenham,OVER,1.93,,,12.03,SNIPER,,3.23,,,,,,standard,
backtest,2026-05-21 08:58,2020-10-04,Greek Super League,PAOK,OFI Crete,UNDER,2.07,,,20.76,SNIPER,,4.85,,,,,,standard,
backtest,2026-05-21 08:58,2020-10-04,La Liga 2,Girona,Fuenlabrada,OVER,2.81,,,6.74,VALUABLE,,0.93,,,,,,standard,
backtest,2026-05-21 08:58,2020-10-04,La Liga 2,Cartagena,Lugo,OVER,2.7,,,33.5,SNIPER,,4.93,,,,,,standard,
backtest,2026-05-21 08:58,2020-10-04,Bundesliga 2,Wurzburger Kickers,Greuther Furth,UNDER,2.3,,,7.86,VALUABLE,,1.51,,,,,,standard,
backtest,2026-05-21 08:58,2020-10-04,La Liga 2,Girona,Fuenlabrada,OVER,2.81,,,6.74,VALUABLE,,0.93,,,,,,standard,
backtest,2026-05-21 08:58,2020-10-04,Bundesliga 2,Wurzburger Kickers,Greuther Furth,UNDER,2.3,,,14.19,SNIPER,,2.73,,,,,,standard,
backtest,2026-05-21 08:58,2020-10-04,La Liga 2,Cartagena,Lugo,OVER,2.7,,,5.29,VALUABLE,,0.78,,,,,,standard,
backtest,2026-05-21 08:58,2020-10-05,Greek Super League,Lamia,Volos NFC,OVER,2.84,,,8.12,VALUABLE,,1.1,,,,,,standard,
backtest,2026-05-21 08:58,2020-10-10,League One,Gillingham,Oxford,OVER,2.06,,,16.27,SNIPER,,3.84,,,,,,standard,
backtest,2026-05-21 08:58,2020-10-10,League Two,Walsall,Colchester,OVER,1.98,,,5.78,VALUABLE,,1.47,,,,,,standard,
backtest,2026-05-21 08:58,2020-10-10,League Two,Bolton,Grimsby,UNDER,1.99,,,7.53,VALUABLE,,1.9,,,,,,standard,
backtest,2026-05-21 08:58,2020-10-10,League Two,Barrow,Leyton Orient,UNDER,1.85,,,7.2,VALUABLE,,2.12,,,,,,standard,
backtest,2026-05-21 08:58,2020-10-10,League One,Lincoln,Bristol Rvs,OVER,1.89,,,17.04,SNIPER,,4.79,,,,,,standard,
backtest,2026-05-21 08:58,2020-10-10,League Two,Southend,Exeter,UNDER,2.04,,,5.98,VALUABLE,,1.44,,,,,,standard,
backtest,2026-05-21 08:58,2020-10-10,League One,Plymouth,Burton,UNDER,2.57,,,17.34,SNIPER,,2.76,,,,,,standard,
backtest,2026-05-21 08:58,2020-10-10,League Two,Oldham,Morecambe,OVER,2.0,,,6.48,VALUABLE,,1.62,,,,,,standard,
backtest,2026-05-21 08:58,2020-10-10,League Two,Mansfield,Stevenage,UNDER,1.94,,,6.23,VALUABLE,,1.66,,,,,,standard,
backtest,2026-05-21 08:58,2020-10-10,League Two,Cheltenham,Crawley Town,OVER,1.92,,,5.44,VALUABLE,,1.48,,,,,,standard,
backtest,2026-05-21 08:58,2020-10-10,League Two,Southend,Exeter,UNDER,2.04,,,8.76,VALUABLE,,2.11,,,,,,standard,
backtest,2026-05-21 08:58,2020-10-10,League One,Gillingham,Oxford,OVER,2.06,,,9.23,VALUABLE,,2.18,,,,,,standard,
backtest,2026-05-21 08:58,2020-10-10,League One,Plymouth,Burton,UNDER,2.57,,,11.09,SNIPER,,1.77,,,,,,standard,
backtest,2026-05-21 08:58,2020-10-10,League One,Lincoln,Bristol Rvs,OVER,1.89,,,12.87,SNIPER,,3.62,,,,,,standard,
backtest,2026-05-21 08:58,2020-10-10,League Two,Cheltenham,Crawley Town,OVER,1.92,,,6.18,VALUABLE,,1.68,,,,,,standard,
backtest,2026-05-21 08:58,2020-10-10,League Two,Bolton,Grimsby,UNDER,1.99,,,13.64,SNIPER,,3.44,,,,,,standard,
backtest,2026-05-21 08:58,2020-10-11,La Liga 2,Lugo,Mallorca,OVER,2.88,,,5.83,VALUABLE,,0.78,,,,,,standard,
backtest,2026-05-21 08:58,2020-10-11,La Liga 2,Ponferradina,Cartagena,OVER,2.63,,,6.98,VALUABLE,,1.07,,,,,,standard,
backtest,2026-05-21 08:58,2020-10-12,League Two,Bradford,Harrogate,UNDER,1.86,,,17.24,SNIPER,,5.01,,,,,,standard,
backtest,2026-05-21 08:58,2020-10-12,League Two,Bradford,Harrogate,UNDER,1.86,,,24.08,SNIPER,,7.0,,,,,,standard,
backtest,2026-05-21 08:58,2020-10-13,League Two,Walsall,Leyton Orient,UNDER,1.89,,,6.08,VALUABLE,,1.71,,,,,,standard,
backtest,2026-05-21 08:58,2020-10-13,League Two,Walsall,Leyton Orient,UNDER,1.89,,,6.08,VALUABLE,,1.71,,,,,,standard,
backtest,2026-05-21 08:58,2020-10-13,League Two,Cheltenham,Grimsby,UNDER,1.9,,,11.48,SNIPER,,3.19,,,,,,standard,
backtest,2026-05-21 08:58,2020-10-17,Bundesliga 2,Greuther Furth,Hamburg,UNDER,2.33,,,21.19,SNIPER,,3.98,,,,,,standard,
backtest,2026-05-21 08:58,2020-10-17,League Two,Bolton,Oldham,UNDER,1.99,,,8.74,VALUABLE,,2.21,,,,,,standard,
backtest,2026-05-21 08:58,2020-10-17,Bundesliga 2,Greuther Furth,Hamburg,UNDER,2.33,,,21.19,SNIPER,,3.98,,,,,,standard,
backtest,2026-05-21 08:58,2020-10-17,Greek Super League,Olympiakos,Atromitos,UNDER,2.01,,,21.25,SNIPER,,5.26,,,,,,standard,
backtest,2026-05-21 08:58,2020-10-17,League Two,Bolton,Oldham,UNDER,1.99,,,8.74,VALUABLE,,2.21,,,,,,standard,
backtest,2026-05-21 08:58,2020-10-17,League Two,Crawley Town,Morecambe,OVER,1.9,,,4.46,VALUABLE,,1.24,,,,,,standard,
backtest,2026-05-21 08:58,2020-10-17,League Two,Southend,Cheltenham,UNDER,1.95,,,12.47,SNIPER,,3.28,,,,,,standard,
backtest,2026-05-21 08:58,2020-10-17,League One,Plymouth,Northampton,UNDER,2.19,,,22.05,SNIPER,,4.63,,,,,,standard,
backtest,2026-05-21 08:58,2020-10-17,League One,Bristol Rvs,Burton,OVER,1.93,,,10.01,SNIPER,,2.69,,,,,,standard,
backtest,2026-05-21 08:58,2020-10-17,League Two,Newport County,Tranmere,OVER,2.46,,,15.4,SNIPER,,2.64,,,,,,standard,
backtest,2026-05-21 08:58,2020-10-17,League Two,Southend,Cheltenham,UNDER,1.95,,,14.4,SNIPER,,3.79,,,,,,standard,
backtest,2026-05-21 08:58,2020-10-17,League One,Ipswich,Accrington,OVER,1.99,,,21.79,SNIPER,,5.5,,,,,,standard,
backtest,2026-05-21 08:58,2020-10-17,League One,Plymouth,Northampton,UNDER,2.19,,,23.5,SNIPER,,4.94,,,,,,standard,
backtest,2026-05-21 08:58,2020-10-17,League One,Bristol Rvs,Burton,OVER,1.93,,,9.9,VALUABLE,,2.66,,,,,,standard,
backtest,2026-05-21 08:58,2020-10-17,League One,AFC Wimbledon,Shrewsbury,OVER,2.19,,,5.97,VALUABLE,,1.25,,,,,,standard,
backtest,2026-05-21 08:58,2020-10-18,Bundesliga 2,Erzgebirge Aue,Heidenheim,OVER,2.13,,,14.76,SNIPER,,3.27,,,,,,standard,
backtest,2026-05-21 08:58,2020-10-18,La Liga 2,Vallecano,Espanol,OVER,2.53,,,22.19,SNIPER,,3.63,,,,,,standard,
backtest,2026-05-21 08:58,2020-10-18,Greek Super League,AEK,PAOK,OVER,2.47,,,9.32,VALUABLE,,1.59,,,,,,standard,
backtest,2026-05-21 08:58,2020-10-18,La Liga 2,Sp Gijon,Tenerife,OVER,2.81,,,11.35,SNIPER,,1.57,,,,,,standard,
backtest,2026-05-21 08:58,2020-10-18,La Liga 2,Zaragoza,Malaga,OVER,2.8,,,26.0,SNIPER,,3.61,,,,,,standard,
backtest,2026-05-21 08:58,2020-10-18,La Liga 2,Vallecano,Espanol,OVER,2.53,,,5.59,VALUABLE,,0.91,,,,,,standard,
backtest,2026-05-21 08:58,2020-10-18,Greek Super League,Larisa,Asteras Tripolis,OVER,2.46,,,4.46,VALUABLE,,0.76,,,,,,standard,
backtest,2026-05-21 08:58,2020-10-18,Bundesliga 2,Erzgebirge Aue,Heidenheim,OVER,2.13,,,4.69,VALUABLE,,1.04,,,,,,standard,
backtest,2026-05-21 08:58,2020-10-18,Greek Super League,OFI Crete,Panathinaikos,OVER,2.39,,,9.79,VALUABLE,,1.76,,,,,,standard,
backtest,2026-05-21 08:58,2020-10-18,La Liga 2,Zaragoza,Malaga,OVER,2.8,,,21.3,SNIPER,,2.96,,,,,,standard,
backtest,2026-05-21 08:58,2020-10-18,Bundesliga 2,Wurzburger Kickers,Holstein Kiel,UNDER,2.56,,,17.56,SNIPER,,2.81,,,,,,standard,
backtest,2026-05-21 08:58,2020-10-18,La Liga 2,Sp Gijon,Tenerife,OVER,2.81,,,11.35,SNIPER,,1.57,,,,,,standard,
backtest,2026-05-21 08:58,2020-10-18,Bundesliga 2,Paderborn,Hannover,UNDER,2.41,,,6.87,VALUABLE,,1.22,,,,,,standard,
backtest,2026-05-21 08:58,2020-10-18,Bundesliga 2,Wurzburger Kickers,Holstein Kiel,UNDER,2.56,,,11.13,SNIPER,,1.78,,,,,,standard,
backtest,2026-05-21 08:58,2020-10-18,Bundesliga 2,Paderborn,Hannover,UNDER,2.41,,,6.87,VALUABLE,,1.22,,,,,,standard,
backtest,2026-05-21 08:58,2020-10-18,La Liga 2,Mirandes,Mallorca,OVER,3.04,,,7.03,VALUABLE,,0.86,,,,,,standard,
backtest,2026-05-21 08:58,2020-10-19,Ligue 2,Guingamp,Auxerre,OVER,2.22,,,4.76,VALUABLE,,0.98,,,,,,standard,
backtest,2026-05-21 08:58,2020-10-19,Ligue 2,Guingamp,Auxerre,OVER,2.22,,,6.59,VALUABLE,,1.35,,,,,,standard,
backtest,2026-05-21 08:58,2020-10-19,Greek Super League,Lamia,Panetolikos,OVER,2.95,,,15.91,SNIPER,,2.04,,,,,,standard,
backtest,2026-05-21 08:58,2020-10-20,League Two,Tranmere,Leyton Orient,OVER,2.24,,,17.07,SNIPER,,3.44,,,,,,standard,
backtest,2026-05-21 08:58,2020-10-20,League Two,Cheltenham,Scunthorpe,OVER,1.96,,,10.69,SNIPER,,2.78,,,,,,standard,
backtest,2026-05-21 08:58,2020-10-20,League Two,Cambridge,Port Vale,OVER,2.28,,,7.77,VALUABLE,,1.52,,,,,,standard,
backtest,2026-05-21 08:58,2020-10-20,League Two,Tranmere,Leyton Orient,OVER,2.24,,,10.83,SNIPER,,2.18,,,,,,standard,
backtest,2026-05-21 08:58,2020-10-20,League Two,Exeter,Crawley Town,UNDER,1.98,,,5.73,VALUABLE,,1.46,,,,,,standard,
backtest,2026-05-21 08:58,2020-10-20,League Two,Colchester,Forest Green,OVER,2.08,,,5.39,VALUABLE,,1.25,,,,,,standard,
backtest,2026-05-21 08:58,2020-10-20,League Two,Salford,Southend,UNDER,1.99,,,5.08,VALUABLE,,1.28,,,,,,standard,
backtest,2026-05-21 08:58,2020-10-20,League Two,Cheltenham,Scunthorpe,OVER,1.96,,,8.23,VALUABLE,,2.14,,,,,,standard,
backtest,2026-05-21 08:58,2020-10-21,La Liga 2,Lugo,Girona,OVER,3.01,,,6.52,VALUABLE,,0.81,,,,,,standard,
backtest,2026-05-21 08:58,2020-10-22,La Liga 2,Malaga,Sp Gijon,OVER,3.56,,,11.65,SNIPER,,1.14,,,,,,standard,
backtest,2026-05-21 08:58,2020-10-24,Bundesliga 2,Darmstadt,St Pauli,UNDER,2.23,,,11.35,SNIPER,,2.31,,,,,,standard,
backtest,2026-05-21 08:58,2020-10-24,Bundesliga 2,Hamburg,Wurzburger Kickers,UNDER,2.6,,,15.96,SNIPER,,2.49,,,,,,standard,
backtest,2026-05-21 08:58,2020-10-24,Bundesliga 2,Hannover,Fortuna Dusseldorf,OVER,1.72,,,27.57,SNIPER,,9.57,,,,,,standard,
backtest,2026-05-21 08:58,2020-10-24,Bundesliga 2,Holstein Kiel,Greuther Furth,UNDER,2.2,,,8.97,VALUABLE,,1.87,,,,,,standard,
backtest,2026-05-21 08:58,2020-10-24,League Two,Cheltenham,Mansfield,UNDER,1.88,,,7.99,VALUABLE,,2.27,,,,,,standard,
backtest,2026-05-21 08:58,2020-10-24,League One,Wigan,Plymouth,UNDER,2.14,,,32.74,SNIPER,,7.18,,,,,,standard,
backtest,2026-05-21 08:58,2020-10-24,La Liga 2,Logrones,Lugo,OVER,2.98,,,4.9,VALUABLE,,0.62,,,,,,standard,
backtest,2026-05-21 08:58,2020-10-24,Ligue 2,Auxerre,Chambly,OVER,2.08,,,19.42,SNIPER,,4.5,,,,,,standard,
backtest,2026-05-21 08:58,2020-10-24,League Two,Barrow,Walsall,OVER,2.09,,,13.09,SNIPER,,3.0,,,,,,standard,
backtest,2026-05-21 08:58,2020-10-24,League Two,Salford,Crawley Town,UNDER,1.97,,,24.66,SNIPER,,6.35,,,,,,standard,
backtest,2026-05-21 08:58,2020-10-24,Ligue 2,Auxerre,Chambly,OVER,2.08,,,19.42,SNIPER,,4.5,,,,,,standard,
backtest,2026-05-21 08:58,2020-10-24,League Two,Salford,Crawley Town,UNDER,1.97,,,17.27,SNIPER,,4.45,,,,,,standard,
backtest,2026-05-21 08:58,2020-10-24,League Two,Cheltenham,Mansfield,OVER,1.9,,,20.24,SNIPER,,5.62,,,,,,standard,
backtest,2026-05-21 08:58,2020-10-24,League Two,Cambridge,Bolton,OVER,1.91,,,24.47,SNIPER,,6.72,,,,,,standard,
backtest,2026-05-21 08:58,2020-10-24,League Two,Exeter,Scunthorpe,UNDER,1.96,,,8.21,VALUABLE,,2.14,,,,,,standard,
backtest,2026-05-21 08:58,2020-10-24,Greek Super League,Panathinaikos,Volos NFC,UNDER,1.77,,,8.98,VALUABLE,,2.92,,,,,,standard,
backtest,2026-05-21 08:58,2020-10-24,League One,Wigan,Plymouth,UNDER,2.14,,,26.99,SNIPER,,5.92,,,,,,standard,
backtest,2026-05-21 08:58,2020-10-24,League One,Lincoln,Ipswich,OVER,2.07,,,18.31,SNIPER,,4.28,,,,,,standard,
backtest,2026-05-21 08:58,2020-10-24,Bundesliga 2,Holstein Kiel,Greuther Furth,UNDER,2.2,,,6.63,VALUABLE,,1.38,,,,,,standard,
backtest,2026-05-21 08:58,2020-10-24,League Two,Exeter,Scunthorpe,UNDER,1.96,,,16.45,SNIPER,,4.28,,,,,,standard,
backtest,2026-05-21 08:58,2020-10-24,Bundesliga 2,Darmstadt,St Pauli,UNDER,2.23,,,4.74,VALUABLE,,0.96,,,,,,standard,
backtest,2026-05-21 08:58,2020-10-24,Bundesliga 2,Hannover,Fortuna Dusseldorf,OVER,1.72,,,19.31,SNIPER,,6.71,,,,,,standard,
backtest,2026-05-21 08:58,2020-10-24,Ligue 2,Dunkerque,Le Havre,OVER,2.77,,,5.57,VALUABLE,,0.79,,,,,,standard,
backtest,2026-05-21 08:58,2020-10-24,Ligue 2,Toulouse,Rodez,OVER,2.37,,,24.42,SNIPER,,4.46,,,,,,standard,
backtest,2026-05-21 08:58,2020-10-25,La Liga 2,Leganes,Oviedo,OVER,3.04,,,11.27,SNIPER,,1.38,,,,,,standard,
backtest,2026-05-21 08:58,2020-10-25,La Liga 2,Sp Gijon,Ponferradina,OVER,2.84,,,10.94,SNIPER,,1.49,,,,,,standard,
backtest,2026-05-21 08:58,2020-10-25,La Liga 2,Sp Gijon,Ponferradina,OVER,2.84,,,6.46,VALUABLE,,0.88,,,,,,standard,
backtest,2026-05-21 08:58,2020-10-27,La Liga 2,Girona,Cartagena,OVER,2.53,,,18.66,SNIPER,,3.05,,,,,,standard,
backtest,2026-05-21 08:58,2020-10-27,League One,Portsmouth,Northampton,UNDER,2.12,,,15.96,SNIPER,,3.56,,,,,,standard,
backtest,2026-05-21 08:58,2020-10-27,League One,Portsmouth,Northampton,UNDER,2.12,,,11.83,SNIPER,,2.64,,,,,,standard,
backtest,2026-05-21 08:58,2020-10-27,League Two,Leyton Orient,Exeter,UNDER,1.86,,,21.08,SNIPER,,6.13,,,,,,standard,
backtest,2026-05-21 08:58,2020-10-27,League Two,Carlisle,Morecambe,UNDER,1.9,,,11.72,SNIPER,,3.26,,,,,,standard,
backtest,2026-05-21 08:58,2020-10-27,League Two,Mansfield,Barrow,OVER,2.01,,,26.29,SNIPER,,6.51,,,,,,standard,
backtest,2026-05-21 08:58,2020-10-27,League Two,Mansfield,Barrow,OVER,2.01,,,22.44,SNIPER,,5.55,,,,,,standard,
backtest,2026-05-21 08:58,2020-10-27,League Two,Leyton Orient,Exeter,UNDER,1.86,,,30.85,SNIPER,,8.97,,,,,,standard,
backtest,2026-05-21 08:58,2020-10-27,League Two,Southend,Oldham,UNDER,1.88,,,5.81,VALUABLE,,1.65,,,,,,standard,
backtest,2026-05-21 08:58,2020-10-28,La Liga 2,Oviedo,Logrones,OVER,3.0,,,13.63,SNIPER,,1.7,,,,,,standard,
backtest,2026-05-21 08:58,2020-10-28,Bundesliga 2,Osnabruck,Darmstadt,OVER,1.73,,,4.16,VALUABLE,,1.43,,,,,,standard,
backtest,2026-05-21 08:58,2020-10-28,La Liga 2,Espanol,Ponferradina,OVER,2.35,,,15.25,SNIPER,,2.82,,,,,,standard,
backtest,2026-05-21 08:58,2020-10-29,La Liga 2,Alcorcon,Sp Gijon,OVER,3.28,,,7.31,VALUABLE,,0.8,,,,,,standard,
backtest,2026-05-21 08:58,2020-10-30,Bundesliga 2,Hamburg,St Pauli,UNDER,2.57,,,23.29,SNIPER,,3.71,,,,,,standard,
backtest,2026-05-21 08:58,2020-10-31,League Two,Cheltenham,Forest Green,OVER,2.17,,,15.88,SNIPER,,3.39,,,,,,standard,
backtest,2026-05-21 08:58,2020-10-31,Greek Super League,Olympiakos,Apollon,UNDER,2.35,,,22.56,SNIPER,,4.18,,,,,,standard,
backtest,2026-05-21 08:58,2020-10-31,League Two,Tranmere,Morecambe,OVER,2.3,,,4.6,VALUABLE,,0.88,,,,,,standard,
backtest,2026-05-21 08:58,2020-10-31,League Two,Salford,Oldham,UNDER,2.06,,,4.49,VALUABLE,,1.06,,,,,,standard,
backtest,2026-05-21 08:58,2020-10-31,Ligue 2,Chambly,Dunkerque,OVER,2.56,,,7.9,VALUABLE,,1.27,,,,,,standard,
backtest,2026-05-21 08:58,2020-10-31,Ligue 2,Rodez,Auxerre,OVER,2.22,,,13.62,SNIPER,,2.79,,,,,,standard,
backtest,2026-05-21 08:58,2020-10-31,League Two,Salford,Oldham,UNDER,2.06,,,10.78,SNIPER,,2.54,,,,,,standard,
backtest,2026-05-21 08:58,2020-10-31,League Two,Mansfield,Walsall,OVER,2.04,,,9.65,VALUABLE,,2.32,,,,,,standard,
backtest,2026-05-21 08:58,2020-10-31,Ligue 2,Ajaccio,Troyes,OVER,2.47,,,9.32,VALUABLE,,1.58,,,,,,standard,
backtest,2026-05-21 08:58,2020-10-31,La Liga 2,Cartagena,Albacete,OVER,2.64,,,20.79,SNIPER,,3.17,,,,,,standard,
backtest,2026-05-21 08:58,2020-10-31,Ligue 2,Nancy,Chateauroux,OVER,2.3,,,6.75,VALUABLE,,1.3,,,,,,standard,
backtest,2026-05-21 08:58,2020-10-31,La Liga 2,Las Palmas,Oviedo,OVER,2.84,,,23.46,SNIPER,,3.19,,,,,,standard,
backtest,2026-05-21 08:58,2020-10-31,Ligue 2,Rodez,Auxerre,OVER,2.22,,,13.62,SNIPER,,2.79,,,,,,standard,
backtest,2026-05-21 08:58,2020-10-31,Greek Super League,Lamia,Panathinaikos,OVER,3.0,,,7.34,VALUABLE,,0.92,,,,,,standard,
backtest,2026-05-21 08:58,2020-10-31,La Liga 2,Las Palmas,Oviedo,OVER,2.84,,,23.46,SNIPER,,3.19,,,,,,standard,
backtest,2026-05-21 08:58,2020-10-31,Ligue 2,Paris FC,Caen,OVER,2.6,,,20.21,SNIPER,,3.16,,,,,,standard,
backtest,2026-05-21 08:58,2020-10-31,Bundesliga 2,Braunschweig,Nurnberg,OVER,1.79,,,26.03,SNIPER,,8.24,,,,,,standard,
backtest,2026-05-21 08:58,2020-10-31,Bundesliga 2,Braunschweig,Nurnberg,OVER,1.79,,,26.03,SNIPER,,8.24,,,,,,standard,
backtest,2026-05-21 08:58,2020-10-31,League Two,Tranmere,Morecambe,OVER,2.3,,,15.19,SNIPER,,2.92,,,,,,standard,
backtest,2026-05-21 08:58,2020-10-31,League Two,Mansfield,Walsall,OVER,2.04,,,9.65,VALUABLE,,2.32,,,,,,standard,
backtest,2026-05-21 08:58,2020-10-31,League Two,Exeter,Carlisle,OVER,2.01,,,8.92,VALUABLE,,2.21,,,,,,standard,
backtest,2026-05-21 08:58,2020-10-31,Bundesliga 2,Paderborn,Regensburg,UNDER,2.29,,,4.94,VALUABLE,,0.96,,,,,,standard,
backtest,2026-05-21 08:58,2020-10-31,League One,Doncaster,Lincoln,OVER,1.95,,,8.28,VALUABLE,,2.18,,,,,,standard,
backtest,2026-05-21 08:58,2020-10-31,League One,Peterboro,Shrewsbury,OVER,2.08,,,14.64,SNIPER,,3.39,,,,,,standard,
backtest,2026-05-21 08:58,2020-10-31,League Two,Southend,Port Vale,OVER,2.21,,,27.64,SNIPER,,5.71,,,,,,standard,
backtest,2026-05-21 08:58,2020-10-31,Bundesliga 2,Osnabruck,Sandhausen,OVER,1.86,,,18.74,SNIPER,,5.45,,,,,,standard,
backtest,2026-05-21 08:58,2020-10-31,League Two,Crawley Town,Cambridge,OVER,1.97,,,10.57,SNIPER,,2.72,,,,,,standard,
backtest,2026-05-21 08:58,2020-11-01,La Liga 2,Almeria,Girona,OVER,2.72,,,10.03,SNIPER,,1.46,,,,,,standard,
backtest,2026-05-21 08:58,2020-11-01,La Liga 2,Ponferradina,Sabadell,OVER,2.64,,,24.42,SNIPER,,3.72,,,,,,standard,
backtest,2026-05-21 08:58,2020-11-01,Bundesliga 2,Wurzburger Kickers,Bochum,OVER,1.75,,,5.94,VALUABLE,,1.98,,,,,,standard,
backtest,2026-05-21 08:58,2020-11-01,La Liga 2,Leganes,Mirandes,OVER,2.9,,,4.15,VALUABLE,,0.55,,,,,,standard,
backtest,2026-05-21 08:58,2020-11-01,Bundesliga 2,Karlsruhe,Darmstadt,OVER,1.83,,,18.25,SNIPER,,5.5,,,,,,standard,
backtest,2026-05-21 08:58,2020-11-01,Bundesliga 2,Wurzburger Kickers,Bochum,OVER,1.75,,,5.94,VALUABLE,,1.98,,,,,,standard,
backtest,2026-05-21 08:58,2020-11-01,Greek Super League,Panetolikos,PAOK,UNDER,1.77,,,6.0,VALUABLE,,1.95,,,,,,standard,
backtest,2026-05-21 08:58,2020-11-01,La Liga 2,Almeria,Girona,OVER,2.72,,,18.63,SNIPER,,2.71,,,,,,standard,
backtest,2026-05-21 08:58,2020-11-01,La Liga 2,Leganes,Mirandes,OVER,2.9,,,16.91,SNIPER,,2.22,,,,,,standard,
backtest,2026-05-21 08:58,2020-11-01,La Liga 2,Lugo,Vallecano,OVER,2.66,,,9.63,VALUABLE,,1.45,,,,,,standard,
backtest,2026-05-21 08:58,2020-11-01,Bundesliga 2,Greuther Furth,Hannover,OVER,1.73,,,5.28,VALUABLE,,1.81,,,,,,standard,
backtest,2026-05-21 08:58,2020-11-01,Bundesliga 2,Karlsruhe,Darmstadt,OVER,1.83,,,4.91,VALUABLE,,1.48,,,,,,standard,
backtest,2026-05-21 08:58,2020-11-01,La Liga 2,Ponferradina,Sabadell,OVER,2.64,,,9.34,VALUABLE,,1.42,,,,,,standard,
backtest,2026-05-21 08:58,2020-11-02,La Liga 2,Logrones,Alcorcon,OVER,3.03,,,22.39,SNIPER,,2.76,,,,,,standard,
backtest,2026-05-21 08:58,2020-11-02,La Liga 2,Malaga,Espanol,OVER,2.81,,,28.78,SNIPER,,3.98,,,,,,standard,
backtest,2026-05-21 08:58,2020-11-02,La Liga 2,Logrones,Alcorcon,OVER,3.03,,,7.57,VALUABLE,,0.93,,,,,,standard,
backtest,2026-05-21 08:58,2020-11-02,La Liga 2,Sp Gijon,Castellon,OVER,2.59,,,21.39,SNIPER,,3.36,,,,,,standard,
backtest,2026-05-21 08:58,2020-11-03,League Two,Bradford,Southend,OVER,1.92,,,6.25,VALUABLE,,1.7,,,,,,standard,
backtest,2026-05-21 08:58,2020-11-03,League One,AFC Wimbledon,Doncaster,OVER,2.0,,,14.58,SNIPER,,3.65,,,,,,standard,
backtest,2026-05-21 08:58,2020-11-03,League One,Sunderland,Ipswich,OVER,2.09,,,12.15,SNIPER,,2.79,,,,,,standard,
backtest,2026-05-21 08:58,2020-11-03,League Two,Morecambe,Exeter,OVER,1.94,,,18.04,SNIPER,,4.8,,,,,,standard,
backtest,2026-05-21 08:58,2020-11-03,League Two,Cambridge,Salford,OVER,2.02,,,14.65,SNIPER,,3.59,,,,,,standard,
backtest,2026-05-21 08:58,2020-11-03,League Two,Grimsby,Barrow,OVER,2.05,,,17.25,SNIPER,,4.11,,,,,,standard,
backtest,2026-05-21 08:58,2020-11-03,League Two,Forest Green,Leyton Orient,OVER,2.01,,,10.25,SNIPER,,2.54,,,,,,standard,
backtest,2026-05-21 08:58,2020-11-03,League Two,Colchester,Stevenage,OVER,2.17,,,13.92,SNIPER,,2.97,,,,,,standard,
backtest,2026-05-21 08:58,2020-11-03,League Two,Grimsby,Barrow,OVER,2.05,,,11.22,SNIPER,,2.67,,,,,,standard,
backtest,2026-05-21 08:58,2020-11-03,League Two,Oldham,Cheltenham,UNDER,1.93,,,7.61,VALUABLE,,2.05,,,,,,standard,
backtest,2026-05-21 08:58,2020-11-03,Greek Super League,Panathinaikos,Apollon,OVER,2.29,,,8.0,VALUABLE,,1.55,,,,,,standard,
backtest,2026-05-21 08:58,2020-11-03,League One,Crewe,Gillingham,OVER,1.89,,,11.25,SNIPER,,3.16,,,,,,standard,
backtest,2026-05-21 08:58,2020-11-03,League One,AFC Wimbledon,Doncaster,OVER,2.0,,,14.58,SNIPER,,3.65,,,,,,standard,
backtest,2026-05-21 08:58,2020-11-03,League One,Northampton,Milton Keynes Dons,OVER,2.04,,,9.31,VALUABLE,,2.24,,,,,,standard,
backtest,2026-05-21 08:58,2020-11-03,League One,Shrewsbury,Burton,OVER,2.17,,,19.95,SNIPER,,4.26,,,,,,standard,
backtest,2026-05-21 08:58,2020-11-03,League Two,Cambridge,Salford,OVER,2.02,,,8.4,VALUABLE,,2.06,,,,,,standard,
backtest,2026-05-21 08:58,2020-11-03,League Two,Forest Green,Leyton Orient,OVER,2.01,,,8.58,VALUABLE,,2.12,,,,,,standard,
backtest,2026-05-21 08:58,2020-11-03,League Two,Bradford,Southend,UNDER,1.87,,,5.95,VALUABLE,,1.71,,,,,,standard,
backtest,2026-05-21 08:58,2020-11-03,League Two,Morecambe,Exeter,OVER,1.94,,,19.7,SNIPER,,5.24,,,,,,standard,
backtest,2026-05-21 08:58,2020-11-04,La Liga 2,Zaragoza,Girona,OVER,2.76,,,15.84,SNIPER,,2.25,,,,,,standard,
backtest,2026-05-21 08:58,2020-11-04,Greek Super League,Giannina,Larisa,OVER,2.73,,,5.25,VALUABLE,,0.76,,,,,,standard,
backtest,2026-05-21 08:58,2020-11-05,La Liga 2,Alcorcon,Ponferradina,OVER,3.09,,,12.51,SNIPER,,1.5,,,,,,standard,
backtest,2026-05-21 08:58,2020-11-06,Bundesliga 2,Heidenheim,Wurzburger Kickers,OVER,1.71,,,13.78,SNIPER,,4.85,,,,,,standard,
backtest,2026-05-21 08:58,2020-11-06,Bundesliga 2,Sandhausen,Braunschweig,OVER,1.87,,,20.71,SNIPER,,5.95,,,,,,standard,
backtest,2026-05-21 08:58,2020-11-06,La Liga 2,Albacete,Leganes,OVER,2.8,,,6.16,VALUABLE,,0.86,,,,,,standard,
backtest,2026-05-21 08:58,2020-11-06,Bundesliga 2,Sandhausen,Braunschweig,OVER,1.87,,,18.78,SNIPER,,5.4,,,,,,standard,
backtest,2026-05-21 08:58,2020-11-07,Greek Super League,Panathinaikos,Atromitos,OVER,2.4,,,19.84,SNIPER,,3.54,,,,,,standard,
backtest,2026-05-21 08:58,2020-11-07,La Liga 2,Espanol,Lugo,OVER,2.38,,,21.73,SNIPER,,3.94,,,,,,standard,
backtest,2026-05-21 08:58,2020-11-07,La Liga 2,Cartagena,Logrones,OVER,2.53,,,15.42,SNIPER,,2.52,,,,,,standard,
backtest,2026-05-21 08:58,2020-11-07,Greek Super League,Giannina,Panetolikos,OVER,2.39,,,19.67,SNIPER,,3.54,,,,,,standard,
backtest,2026-05-21 08:58,2020-11-07,La Liga 2,Cartagena,Logrones,OVER,2.53,,,26.39,SNIPER,,4.31,,,,,,standard,
backtest,2026-05-21 08:58,2020-11-07,Ligue 2,Toulouse,Valenciennes,OVER,2.16,,,25.96,SNIPER,,5.6,,,,,,standard,
backtest,2026-05-21 08:58,2020-11-07,Ligue 2,Troyes,Chambly,OVER,2.25,,,18.37,SNIPER,,3.67,,,,,,standard,
backtest,2026-05-21 08:58,2020-11-07,Ligue 2,Caen,Nancy,OVER,2.55,,,25.54,SNIPER,,4.12,,,,,,standard,
backtest,2026-05-21 08:58,2020-11-07,Ligue 2,Chateauroux,Pau FC,OVER,2.35,,,16.1,SNIPER,,2.98,,,,,,standard,
backtest,2026-05-21 08:58,2020-11-07,Ligue 2,Rodez,Ajaccio,OVER,2.57,,,33.98,SNIPER,,5.41,,,,,,standard,
backtest,2026-05-21 08:58,2020-11-07,Ligue 2,Grenoble,Le Havre,OVER,2.5,,,15.36,SNIPER,,2.56,,,,,,standard,
backtest,2026-05-21 08:58,2020-11-07,Ligue 2,Chateauroux,Pau FC,OVER,2.35,,,12.81,SNIPER,,2.37,,,,,,standard,
backtest,2026-05-21 08:58,2020-11-07,Ligue 2,Troyes,Chambly,OVER,2.25,,,4.01,VALUABLE,,0.8,,,,,,standard,
backtest,2026-05-21 08:58,2020-11-07,La Liga 2,Mirandes,Sp Gijon,OVER,3.0,,,22.03,SNIPER,,2.75,,,,,,standard,
backtest,2026-05-21 08:58,2020-11-07,Bundesliga 2,Nurnberg,Fortuna Dusseldorf,OVER,1.87,,,11.98,SNIPER,,3.44,,,,,,standard,
backtest,2026-05-21 08:58,2020-11-07,Ligue 2,Rodez,Ajaccio,OVER,2.57,,,28.0,SNIPER,,4.46,,,,,,standard,
backtest,2026-05-21 08:58,2020-11-07,Ligue 2,Caen,Nancy,OVER,2.55,,,9.24,VALUABLE,,1.49,,,,,,standard,
backtest,2026-05-21 08:58,2020-11-07,Bundesliga 2,Hannover,Erzgebirge Aue,UNDER,2.22,,,9.75,VALUABLE,,2.0,,,,,,standard,
backtest,2026-05-21 08:58,2020-11-07,Bundesliga 2,Bochum,Greuther Furth,UNDER,2.2,,,9.34,VALUABLE,,1.95,,,,,,standard,
backtest,2026-05-21 08:58,2020-11-08,La Liga 2,Oviedo,Castellon,OVER,2.72,,,36.13,SNIPER,,5.25,,,,,,standard,
backtest,2026-05-21 08:58,2020-11-08,Greek Super League,Apollon,PAOK,UNDER,1.76,,,6.24,VALUABLE,,2.05,,,,,,standard,
backtest,2026-05-21 08:58,2020-11-08,Greek Super League,OFI Crete,Olympiakos,UNDER,2.11,,,4.15,VALUABLE,,0.93,,,,,,standard,
backtest,2026-05-21 08:58,2020-11-08,La Liga 2,Alcorcon,Fuenlabrada,OVER,3.43,,,25.64,SNIPER,,2.64,,,,,,standard,
backtest,2026-05-21 08:58,2020-11-08,La Liga 2,Sabadell,Malaga,OVER,2.88,,,44.64,SNIPER,,5.94,,,,,,standard,
backtest,2026-05-21 08:58,2020-11-08,La Liga 2,Mallorca,Ponferradina,OVER,2.64,,,29.03,SNIPER,,4.43,,,,,,standard,
backtest,2026-05-21 08:58,2020-11-08,Bundesliga 2,Darmstadt,Paderborn,UNDER,2.53,,,30.29,SNIPER,,4.95,,,,,,standard,
backtest,2026-05-21 08:58,2020-11-08,Bundesliga 2,Darmstadt,Paderborn,UNDER,2.53,,,26.37,SNIPER,,4.31,,,,,,standard,
backtest,2026-05-21 08:58,2020-11-08,Bundesliga 2,Regensburg,Osnabruck,OVER,1.88,,,12.27,SNIPER,,3.49,,,,,,standard,
backtest,2026-05-21 08:58,2020-11-08,La Liga 2,Oviedo,Castellon,OVER,2.72,,,36.13,SNIPER,,5.25,,,,,,standard,
backtest,2026-05-21 08:58,2020-11-08,La Liga 2,Sabadell,Malaga,OVER,2.88,,,10.77,SNIPER,,1.43,,,,,,standard,
backtest,2026-05-21 08:58,2020-11-08,La Liga 2,Alcorcon,Fuenlabrada,OVER,3.43,,,8.26,VALUABLE,,0.85,,,,,,standard,
backtest,2026-05-21 08:58,2020-11-09,Bundesliga 2,Holstein Kiel,Hamburg,UNDER,2.42,,,7.46,VALUABLE,,1.31,,,,,,standard,
backtest,2026-05-21 08:58,2020-11-09,La Liga 2,Girona,Las Palmas,OVER,2.67,,,34.04,SNIPER,,5.1,,,,,,standard,
backtest,2026-05-21 08:58,2020-11-13,La Liga 2,Zaragoza,Oviedo,OVER,2.68,,,28.73,SNIPER,,4.28,,,,,,standard,
backtest,2026-05-21 08:58,2020-11-14,League Two,Walsall,Southend,UNDER,1.86,,,18.38,SNIPER,,5.34,,,,,,standard,
backtest,2026-05-21 08:58,2020-11-14,League Two,Oldham,Scunthorpe,UNDER,1.92,,,8.87,VALUABLE,,2.41,,,,,,standard,
backtest,2026-05-21 08:58,2020-11-14,La Liga 2,Girona,Mallorca,OVER,2.85,,,10.4,SNIPER,,1.41,,,,,,standard,
backtest,2026-05-21 08:58,2020-11-14,League Two,Forest Green,Mansfield,OVER,2.08,,,19.54,SNIPER,,4.52,,,,,,standard,
backtest,2026-05-21 08:58,2020-11-14,League Two,Cambridge,Barrow,OVER,2.03,,,31.91,SNIPER,,7.74,,,,,,standard,
backtest,2026-05-21 08:58,2020-11-14,League Two,Bradford,Exeter,UNDER,1.91,,,11.2,SNIPER,,3.08,,,,,,standard,
backtest,2026-05-21 08:58,2020-11-14,League Two,Forest Green,Mansfield,OVER,2.08,,,19.54,SNIPER,,4.52,,,,,,standard,
backtest,2026-05-21 08:58,2020-11-14,League Two,Walsall,Southend,UNDER,1.86,,,12.27,SNIPER,,3.57,,,,,,standard,
backtest,2026-05-21 08:58,2020-11-14,League Two,Cambridge,Barrow,OVER,2.03,,,5.74,VALUABLE,,1.39,,,,,,standard,
backtest,2026-05-21 08:58,2020-11-15,La Liga 2,Logrones,Sabadell,OVER,2.58,,,32.74,SNIPER,,5.18,,,,,,standard,
backtest,2026-05-21 08:58,2020-11-15,La Liga 2,Logrones,Sabadell,OVER,2.58,,,6.73,VALUABLE,,1.07,,,,,,standard,
backtest,2026-05-21 08:58,2020-11-15,La Liga 2,Las Palmas,Tenerife,OVER,2.94,,,5.11,VALUABLE,,0.66,,,,,,standard,
backtest,2026-05-21 08:58,2020-11-15,La Liga 2,Castellon,Cartagena,OVER,2.5,,,5.49,VALUABLE,,0.92,,,,,,standard,
backtest,2026-05-21 08:58,2020-11-15,La Liga 2,Castellon,Cartagena,OVER,2.5,,,9.43,VALUABLE,,1.57,,,,,,standard,
backtest,2026-05-21 08:58,2020-11-15,La Liga 2,Ponferradina,Malaga,OVER,2.81,,,32.41,SNIPER,,4.48,,,,,,standard,
backtest,2026-05-21 08:58,2020-11-16,League One,Plymouth,Portsmouth,UNDER,2.29,,,22.71,SNIPER,,4.4,,,,,,standard,
backtest,2026-05-21 08:58,2020-11-17,League One,Swindon,Accrington,OVER,1.89,,,21.96,SNIPER,,6.17,,,,,,standard,
backtest,2026-05-21 08:58,2020-11-17,League Two,Port Vale,Scunthorpe,OVER,2.04,,,10.8,SNIPER,,2.6,,,,,,standard,
backtest,2026-05-21 08:58,2020-11-20,La Liga 2,Espanol,Girona,OVER,2.32,,,16.71,SNIPER,,3.17,,,,,,standard,
backtest,2026-05-21 08:58,2020-11-20,La Liga 2,Espanol,Girona,OVER,2.32,,,16.71,SNIPER,,3.17,,,,,,standard,
backtest,2026-05-21 08:58,2020-11-20,La Liga 2,Alcorcon,Lugo,OVER,3.15,,,12.68,SNIPER,,1.47,,,,,,standard,
backtest,2026-05-21 08:58,2020-11-21,Ligue 2,Chateauroux,Sochaux,OVER,2.63,,,36.85,SNIPER,,5.65,,,,,,standard,
backtest,2026-05-21 08:58,2020-11-21,La Liga 2,Mirandes,Cartagena,OVER,2.65,,,11.69,SNIPER,,1.77,,,,,,standard,
backtest,2026-05-21 08:58,2020-11-21,League Two,Stevenage,Bolton,OVER,2.34,,,27.14,SNIPER,,5.06,,,,,,standard,
backtest,2026-05-21 08:58,2020-11-21,Ligue 2,Le Havre,Caen,OVER,2.71,,,37.97,SNIPER,,5.55,,,,,,standard,
backtest,2026-05-21 08:58,2020-11-21,League Two,Salford,Bradford,OVER,1.95,,,5.57,VALUABLE,,1.46,,,,,,standard,
backtest,2026-05-21 08:58,2020-11-21,League Two,Leyton Orient,Harrogate,OVER,2.04,,,10.8,SNIPER,,2.6,,,,,,standard,
backtest,2026-05-21 08:58,2020-11-21,League Two,Barrow,Forest Green,OVER,2.14,,,23.15,SNIPER,,5.08,,,,,,standard,
backtest,2026-05-21 08:58,2020-11-21,League One,Milton Keynes Dons,Hull,OVER,2.14,,,23.08,SNIPER,,5.06,,,,,,standard,
backtest,2026-05-21 08:58,2020-11-21,League Two,Cheltenham,Walsall,OVER,2.11,,,27.48,SNIPER,,6.19,,,,,,standard,
backtest,2026-05-21 08:58,2020-11-21,League One,Wigan,Oxford,OVER,1.9,,,10.37,SNIPER,,2.88,,,,,,standard,
backtest,2026-05-21 08:58,2020-11-21,Bundesliga 2,Braunschweig,Karlsruhe,OVER,1.79,,,12.74,SNIPER,,4.03,,,,,,standard,
backtest,2026-05-21 08:58,2020-11-21,Bundesliga 2,Holstein Kiel,Heidenheim,OVER,1.88,,,24.76,SNIPER,,7.03,,,,,,standard,
backtest,2026-05-21 08:58,2020-11-21,Ligue 2,Niort,Dunkerque,OVER,2.28,,,28.05,SNIPER,,5.48,,,,,,standard,
backtest,2026-05-21 08:58,2020-11-21,Ligue 2,Chateauroux,Sochaux,OVER,2.63,,,38.64,SNIPER,,5.93,,,,,,standard,
backtest,2026-05-21 08:58,2020-11-21,Ligue 2,Paris FC,Auxerre,OVER,2.02,,,14.78,SNIPER,,3.62,,,,,,standard,
backtest,2026-05-21 08:58,2020-11-21,League One,Ipswich,Shrewsbury,OVER,2.03,,,21.96,SNIPER,,5.33,,,,,,standard,
backtest,2026-05-21 08:58,2020-11-21,Bundesliga 2,Fortuna Dusseldorf,Sandhausen,OVER,1.93,,,6.4,VALUABLE,,1.72,,,,,,standard,
backtest,2026-05-21 08:58,2020-11-21,Bundesliga 2,Holstein Kiel,Heidenheim,OVER,1.88,,,18.71,SNIPER,,5.32,,,,,,standard,
backtest,2026-05-21 08:58,2020-11-21,League Two,Crawley Town,Carlisle,UNDER,1.85,,,21.06,SNIPER,,6.19,,,,,,standard,
backtest,2026-05-21 08:58,2020-11-21,Ligue 2,Paris FC,Auxerre,OVER,2.02,,,5.81,VALUABLE,,1.42,,,,,,standard,
backtest,2026-05-21 08:58,2020-11-21,League Two,Newport County,Port Vale,OVER,2.18,,,26.03,SNIPER,,5.52,,,,,,standard,
backtest,2026-05-21 08:58,2020-11-21,League Two,Cheltenham,Walsall,OVER,2.11,,,4.86,VALUABLE,,1.1,,,,,,standard,
backtest,2026-05-21 08:58,2020-11-21,League One,Doncaster,Sunderland,OVER,2.17,,,7.49,VALUABLE,,1.6,,,,,,standard,
backtest,2026-05-21 08:58,2020-11-21,Ligue 2,Valenciennes,Rodez,OVER,2.27,,,8.2,VALUABLE,,1.61,,,,,,standard,
backtest,2026-05-21 08:58,2020-11-21,League One,Portsmouth,Crewe,OVER,1.99,,,14.03,SNIPER,,3.54,,,,,,standard,
backtest,2026-05-21 08:58,2020-11-21,La Liga 2,Oviedo,Fuenlabrada,OVER,2.83,,,16.92,SNIPER,,2.31,,,,,,standard,
backtest,2026-05-21 08:58,2020-11-21,League Two,Exeter,Oldham,UNDER,2.22,,,17.55,SNIPER,,3.6,,,,,,standard,
backtest,2026-05-21 08:58,2020-11-21,La Liga 2,Oviedo,Fuenlabrada,OVER,2.83,,,17.74,SNIPER,,2.42,,,,,,standard,
backtest,2026-05-21 08:58,2020-11-22,Bundesliga 2,Erzgebirge Aue,Darmstadt,OVER,1.75,,,17.86,SNIPER,,5.95,,,,,,standard,
backtest,2026-05-21 08:58,2020-11-22,La Liga 2,Sabadell,Las Palmas,OVER,2.66,,,32.42,SNIPER,,4.88,,,,,,standard,
backtest,2026-05-21 08:58,2020-11-22,Greek Super League,PAOK,Giannina,UNDER,2.0,,,6.14,VALUABLE,,1.54,,,,,,standard,
backtest,2026-05-21 08:58,2020-11-22,La Liga 2,Sabadell,Las Palmas,OVER,2.66,,,32.42,SNIPER,,4.88,,,,,,standard,
backtest,2026-05-21 08:58,2020-11-22,La Liga 2,Ponferradina,Zaragoza,OVER,2.68,,,35.58,SNIPER,,5.29,,,,,,standard,
backtest,2026-05-21 08:58,2020-11-22,La Liga 2,Ponferradina,Zaragoza,OVER,2.68,,,37.69,SNIPER,,5.61,,,,,,standard,
backtest,2026-05-21 08:58,2020-11-23,Bundesliga 2,Osnabruck,Nurnberg,OVER,1.93,,,36.66,SNIPER,,9.85,,,,,,standard,
backtest,2026-05-21 08:58,2020-11-23,Greek Super League,Volos NFC,OFI Crete,OVER,2.33,,,9.52,VALUABLE,,1.79,,,,,,standard,
backtest,2026-05-21 08:58,2020-11-23,Bundesliga 2,Osnabruck,Nurnberg,OVER,1.93,,,5.51,VALUABLE,,1.48,,,,,,standard,
backtest,2026-05-21 08:58,2020-11-24,League One,Burton,Charlton,OVER,2.01,,,27.64,SNIPER,,6.84,,,,,,standard,
backtest,2026-05-21 08:58,2020-11-24,League Two,Stevenage,Port Vale,OVER,2.28,,,31.14,SNIPER,,6.08,,,,,,standard,
backtest,2026-05-21 08:58,2020-11-24,League Two,Salford,Morecambe,OVER,1.97,,,22.13,SNIPER,,5.7,,,,,,standard,
backtest,2026-05-21 08:58,2020-11-24,League Two,Southend,Forest Green,OVER,2.04,,,12.76,SNIPER,,3.07,,,,,,standard,
backtest,2026-05-21 08:58,2020-11-24,La Liga 2,Castellon,Alcorcon,OVER,2.99,,,5.26,VALUABLE,,0.66,,,,,,standard,
backtest,2026-05-21 08:58,2020-11-24,League One,Milton Keynes Dons,Shrewsbury,OVER,2.03,,,27.0,SNIPER,,6.55,,,,,,standard,
backtest,2026-05-21 08:58,2020-11-24,League Two,Stevenage,Port Vale,OVER,2.28,,,18.06,SNIPER,,3.53,,,,,,standard,
backtest,2026-05-21 08:58,2020-11-24,League One,Accrington,Crewe,OVER,1.86,,,8.02,VALUABLE,,2.33,,,,,,standard,
backtest,2026-05-21 08:58,2020-11-24,League One,Milton Keynes Dons,Shrewsbury,OVER,2.03,,,48.61,SNIPER,,11.8,,,,,,standard,
backtest,2026-05-21 08:58,2020-11-24,League One,Ipswich,Hull,OVER,2.11,,,14.39,SNIPER,,3.24,,,,,,standard,
backtest,2026-05-21 08:58,2020-11-24,League One,Doncaster,Blackpool,OVER,2.07,,,11.34,SNIPER,,2.65,,,,,,standard,
backtest,2026-05-21 08:58,2020-11-24,La Liga 2,Lugo,Oviedo,OVER,2.96,,,38.55,SNIPER,,4.92,,,,,,standard,
backtest,2026-05-21 08:58,2020-11-24,League Two,Crawley Town,Grimsby,UNDER,1.88,,,12.78,SNIPER,,3.63,,,,,,standard,
backtest,2026-05-21 08:58,2020-11-24,La Liga 2,Girona,Malaga,OVER,2.84,,,14.79,SNIPER,,2.01,,,,,,standard,
backtest,2026-05-21 08:58,2020-11-24,League Two,Cheltenham,Cambridge,OVER,2.02,,,10.14,SNIPER,,2.49,,,,,,standard,
backtest,2026-05-21 08:58,2020-11-24,League One,Peterboro,Plymouth,UNDER,2.44,,,24.99,SNIPER,,4.34,,,,,,standard,
backtest,2026-05-21 08:58,2020-11-24,League One,Peterboro,Plymouth,UNDER,2.44,,,22.85,SNIPER,,3.97,,,,,,standard,
backtest,2026-05-21 08:58,2020-11-24,La Liga 2,Castellon,Alcorcon,OVER,2.99,,,28.34,SNIPER,,3.56,,,,,,standard,
backtest,2026-05-21 08:58,2020-11-24,League Two,Leyton Orient,Bradford,OVER,1.93,,,46.05,SNIPER,,12.38,,,,,,standard,
backtest,2026-05-21 08:58,2020-11-24,League Two,Newport County,Walsall,OVER,2.12,,,4.7,VALUABLE,,1.05,,,,,,standard,
backtest,2026-05-21 08:58,2020-11-24,League Two,Salford,Morecambe,OVER,1.97,,,8.89,VALUABLE,,2.29,,,,,,standard,
backtest,2026-05-21 08:58,2020-11-25,La Liga 2,Zaragoza,Vallecano,OVER,2.61,,,44.97,SNIPER,,6.98,,,,,,standard,
backtest,2026-05-21 08:58,2020-11-25,La Liga 2,Las Palmas,Mirandes,OVER,2.62,,,13.7,SNIPER,,2.11,,,,,,standard,
backtest,2026-05-21 08:58,2020-11-25,La Liga 2,Sp Gijon,Sabadell,OVER,2.46,,,31.68,SNIPER,,5.43,,,,,,standard,
backtest,2026-05-21 08:58,2020-11-25,La Liga 2,Zaragoza,Vallecano,OVER,2.61,,,33.47,SNIPER,,5.2,,,,,,standard,
backtest,2026-05-21 08:58,2020-11-25,La Liga 2,Cartagena,Mallorca,OVER,2.63,,,38.2,SNIPER,,5.86,,,,,,standard,
backtest,2026-05-21 08:58,2020-11-25,La Liga 2,Sp Gijon,Sabadell,OVER,2.46,,,9.58,VALUABLE,,1.64,,,,,,standard,
backtest,2026-05-21 08:58,2020-11-25,La Liga 2,Cartagena,Mallorca,OVER,2.63,,,25.14,SNIPER,,3.86,,,,,,standard,
backtest,2026-05-21 08:58,2020-11-25,La Liga 2,Las Palmas,Mirandes,OVER,2.62,,,15.42,SNIPER,,2.38,,,,,,standard,
backtest,2026-05-21 08:58,2020-11-25,La Liga 2,Fuenlabrada,Ponferradina,OVER,2.85,,,29.12,SNIPER,,3.94,,,,,,standard,
backtest,2026-05-21 08:58,2020-11-26,La Liga 2,Leganes,Espanol,OVER,2.92,,,29.64,SNIPER,,3.86,,,,,,standard,
backtest,2026-05-21 08:58,2020-11-26,La Liga 2,Leganes,Espanol,OVER,2.92,,,6.45,VALUABLE,,0.84,,,,,,standard,
backtest,2026-05-21 08:58,2020-11-27,League One,Fleetwood Town,Sunderland,OVER,2.36,,,29.41,SNIPER,,5.41,,,,,,standard,
backtest,2026-05-21 08:58,2020-11-27,La Liga 2,Malaga,Lugo,OVER,3.02,,,30.98,SNIPER,,3.83,,,,,,standard,
backtest,2026-05-21 08:58,2020-11-27,Bundesliga 2,St Pauli,Osnabruck,OVER,1.7,,,6.38,VALUABLE,,2.28,,,,,,standard,
backtest,2026-05-21 08:58,2020-11-27,Bundesliga 2,St Pauli,Osnabruck,OVER,1.7,,,34.54,SNIPER,,12.34,,,,,,standard,
backtest,2026-05-21 08:58,2020-11-27,La Liga 2,Alcorcon,Girona,OVER,3.03,,,10.47,SNIPER,,1.29,,,,,,standard,
backtest,2026-05-21 08:58,2020-11-27,League One,Fleetwood Town,Sunderland,OVER,2.36,,,34.96,SNIPER,,6.43,,,,,,standard,
backtest,2026-05-21 08:58,2020-11-28,Ligue 2,Caen,Chateauroux,OVER,2.42,,,22.49,SNIPER,,3.96,,,,,,standard,
backtest,2026-05-21 08:58,2020-11-28,La Liga 2,Vallecano,Cartagena,OVER,2.31,,,13.32,SNIPER,,2.54,,,,,,standard,
backtest,2026-05-21 08:58,2020-11-28,La Liga 2,Sabadell,Fuenlabrada,OVER,2.52,,,42.96,SNIPER,,7.07,,,,,,standard,
backtest,2026-05-21 08:58,2020-11-28,Ligue 2,Toulouse,Niort,OVER,1.9,,,32.09,SNIPER,,8.91,,,,,,standard,
backtest,2026-05-21 08:58,2020-11-28,Ligue 2,Auxerre,Valenciennes,UNDER,1.88,,,4.54,VALUABLE,,1.29,,,,,,standard,
backtest,2026-05-21 08:58,2020-11-28,Ligue 2,Troyes,Amiens,OVER,2.41,,,29.7,SNIPER,,5.27,,,,,,standard,
backtest,2026-05-21 08:58,2020-11-28,Ligue 2,Sochaux,Le Havre,OVER,2.84,,,45.54,SNIPER,,6.19,,,,,,standard,
backtest,2026-05-21 08:58,2020-11-28,Ligue 2,Dunkerque,Pau FC,OVER,2.57,,,30.17,SNIPER,,4.8,,,,,,standard,
backtest,2026-05-21 08:58,2020-11-28,League Two,Port Vale,Leyton Orient,OVER,2.05,,,10.17,SNIPER,,2.42,,,,,,standard,
backtest,2026-05-21 08:58,2020-11-28,League Two,Bolton,Southend,OVER,2.15,,,12.72,SNIPER,,2.77,,,,,,standard,
backtest,2026-05-21 08:58,2020-11-28,Bundesliga 2,Sandhausen,Erzgebirge Aue,OVER,1.89,,,9.09,VALUABLE,,2.55,,,,,,standard,
backtest,2026-05-21 08:58,2020-11-28,League One,Ipswich,Charlton,OVER,2.18,,,9.24,VALUABLE,,1.96,,,,,,standard,
backtest,2026-05-21 08:58,2020-11-28,Ligue 2,Auxerre,Valenciennes,OVER,1.9,,,7.66,VALUABLE,,2.13,,,,,,standard,
backtest,2026-05-21 08:58,2020-11-28,Ligue 2,Dunkerque,Pau FC,OVER,2.57,,,4.96,VALUABLE,,0.79,,,,,,standard,
backtest,2026-05-21 08:58,2020-11-28,Greek Super League,Aris,Olympiakos,OVER,2.14,,,9.86,VALUABLE,,2.16,,,,,,standard,
backtest,2026-05-21 08:58,2020-11-28,La Liga 2,Sabadell,Fuenlabrada,OVER,2.52,,,14.26,SNIPER,,2.35,,,,,,standard,
backtest,2026-05-21 08:58,2020-11-28,Ligue 2,Rodez,Guingamp,OVER,2.5,,,20.9,SNIPER,,3.48,,,,,,standard,
backtest,2026-05-21 08:58,2020-11-28,Ligue 2,Caen,Chateauroux,OVER,2.42,,,29.87,SNIPER,,5.26,,,,,,standard,
backtest,2026-05-21 08:58,2020-11-28,Ligue 2,Sochaux,Le Havre,OVER,2.84,,,26.79,SNIPER,,3.64,,,,,,standard,
backtest,2026-05-21 08:58,2020-11-28,Ligue 2,Grenoble,Paris FC,OVER,2.38,,,22.11,SNIPER,,4.01,,,,,,standard,
backtest,2026-05-21 08:58,2020-11-28,Ligue 2,Clermont,Nancy,OVER,2.22,,,17.42,SNIPER,,3.57,,,,,,standard,
backtest,2026-05-21 08:58,2020-11-28,Ligue 2,Ajaccio,Chambly,OVER,2.27,,,12.54,SNIPER,,2.47,,,,,,standard,
backtest,2026-05-21 08:58,2020-11-28,La Liga 2,Mirandes,Castellon,OVER,2.58,,,21.02,SNIPER,,3.33,,,,,,standard,
backtest,2026-05-21 08:58,2020-11-28,League Two,Bolton,Southend,OVER,2.15,,,4.24,VALUABLE,,0.92,,,,,,standard,
backtest,2026-05-21 08:58,2020-11-28,La Liga 2,Vallecano,Cartagena,OVER,2.31,,,26.79,SNIPER,,5.11,,,,,,standard,
backtest,2026-05-21 08:58,2020-11-28,Greek Super League,Larisa,Atromitos,OVER,3.03,,,23.59,SNIPER,,2.9,,,,,,standard,
backtest,2026-05-21 08:58,2020-11-29,Bundesliga 2,Heidenheim,Hamburg,OVER,1.86,,,20.66,SNIPER,,6.01,,,,,,standard,
backtest,2026-05-21 08:58,2020-11-29,La Liga 2,Mallorca,Logrones,OVER,2.65,,,13.02,SNIPER,,1.97,,,,,,standard,
backtest,2026-05-21 08:58,2020-11-29,La Liga 2,Ponferradina,Leganes,OVER,2.84,,,20.67,SNIPER,,2.81,,,,,,standard,
backtest,2026-05-21 08:58,2020-11-29,La Liga 2,Las Palmas,Sp Gijon,OVER,2.93,,,35.16,SNIPER,,4.55,,,,,,standard,
backtest,2026-05-21 08:58,2020-11-29,Bundesliga 2,Heidenheim,Hamburg,OVER,1.86,,,13.05,SNIPER,,3.79,,,,,,standard,
backtest,2026-05-21 08:58,2020-11-29,La Liga 2,Ponferradina,Leganes,OVER,2.84,,,6.81,VALUABLE,,0.93,,,,,,standard,
backtest,2026-05-21 08:58,2020-11-29,Greek Super League,OFI Crete,Giannina,UNDER,1.76,,,10.67,SNIPER,,3.51,,,,,,standard,
backtest,2026-05-21 08:58,2020-11-29,La Liga 2,Espanol,Zaragoza,OVER,2.51,,,10.99,SNIPER,,1.82,,,,,,standard,
backtest,2026-05-21 08:58,2020-11-30,Greek Super League,Apollon,Volos NFC,OVER,2.36,,,5.2,VALUABLE,,0.96,,,,,,standard,
backtest,2026-05-21 08:58,2020-11-30,Bundesliga 2,Bochum,Fortuna Dusseldorf,OVER,1.94,,,18.97,SNIPER,,5.04,,,,,,standard,
backtest,2026-05-21 08:58,2020-11-30,Bundesliga 2,Bochum,Fortuna Dusseldorf,OVER,1.94,,,19.56,SNIPER,,5.2,,,,,,standard,
backtest,2026-05-21 08:58,2020-12-01,League Two,Bradford,Cheltenham,OVER,1.99,,,14.44,SNIPER,,3.65,,,,,,standard,
backtest,2026-05-21 08:58,2020-12-01,Ligue 2,Valenciennes,Ajaccio,OVER,2.44,,,6.59,VALUABLE,,1.14,,,,,,standard,
backtest,2026-05-21 08:58,2020-12-01,Ligue 2,Pau FC,Caen,OVER,2.61,,,18.07,SNIPER,,2.81,,,,,,standard,
backtest,2026-05-21 08:58,2020-12-01,Ligue 2,Paris FC,Sochaux,OVER,2.58,,,13.89,SNIPER,,2.2,,,,,,standard,
backtest,2026-05-21 08:58,2020-12-01,Ligue 2,Le Havre,Auxerre,OVER,2.12,,,23.93,SNIPER,,5.34,,,,,,standard,
backtest,2026-05-21 08:58,2020-12-01,Ligue 2,Niort,Clermont,UNDER,1.83,,,8.95,VALUABLE,,2.7,,,,,,standard,
backtest,2026-05-21 08:58,2020-12-01,League Two,Colchester,Crawley Town,UNDER,1.95,,,15.86,SNIPER,,4.17,,,,,,standard,
backtest,2026-05-21 08:58,2020-12-01,Ligue 2,Nancy,Toulouse,OVER,2.29,,,12.56,SNIPER,,2.43,,,,,,standard,
backtest,2026-05-21 08:58,2020-12-01,Ligue 2,Niort,Clermont,UNDER,1.83,,,8.95,VALUABLE,,2.7,,,,,,standard,
backtest,2026-05-21 08:58,2020-12-01,Ligue 2,Le Havre,Auxerre,OVER,2.12,,,11.04,SNIPER,,2.46,,,,,,standard,
backtest,2026-05-21 08:58,2020-12-01,Ligue 2,Valenciennes,Ajaccio,OVER,2.44,,,5.2,VALUABLE,,0.9,,,,,,standard,
backtest,2026-05-21 08:58,2020-12-01,Ligue 2,Nancy,Toulouse,OVER,2.29,,,4.26,VALUABLE,,0.83,,,,,,standard,
backtest,2026-05-21 08:58,2020-12-01,Ligue 2,Guingamp,Troyes,OVER,2.35,,,26.76,SNIPER,,4.96,,,,,,standard,
backtest,2026-05-21 08:58,2020-12-01,League Two,Forest Green,Newport County,OVER,2.14,,,12.31,SNIPER,,2.7,,,,,,standard,
backtest,2026-05-21 08:58,2020-12-01,League Two,Bradford,Cheltenham,OVER,1.99,,,14.44,SNIPER,,3.65,,,,,,standard,
backtest,2026-05-21 08:58,2020-12-01,League One,Blackpool,Portsmouth,OVER,2.01,,,12.53,SNIPER,,3.1,,,,,,standard,
backtest,2026-05-21 08:58,2020-12-01,League One,Oxford,Ipswich,OVER,2.03,,,7.59,VALUABLE,,1.84,,,,,,standard,
backtest,2026-05-21 08:58,2020-12-01,La Liga 2,Girona,Mirandes,OVER,2.67,,,19.11,SNIPER,,2.86,,,,,,standard,
backtest,2026-05-21 08:58,2020-12-01,League One,Lincoln,Wigan,OVER,1.85,,,8.22,VALUABLE,,2.42,,,,,,standard,
backtest,2026-05-21 08:58,2020-12-01,League Two,Harrogate,Scunthorpe,OVER,2.23,,,11.72,SNIPER,,2.38,,,,,,standard,
backtest,2026-05-21 08:58,2020-12-02,League One,Shrewsbury,Accrington,OVER,1.98,,,11.77,SNIPER,,3.0,,,,,,standard,
backtest,2026-05-21 08:58,2020-12-02,League One,Charlton,Milton Keynes Dons,OVER,2.11,,,6.2,VALUABLE,,1.4,,,,,,standard,
backtest,2026-05-21 08:58,2020-12-02,League Two,Carlisle,Salford,OVER,1.96,,,9.49,VALUABLE,,2.47,,,,,,standard,
backtest,2026-05-21 08:58,2020-12-02,League Two,Cambridge,Mansfield,UNDER,1.86,,,13.25,SNIPER,,3.85,,,,,,standard,
backtest,2026-05-21 08:58,2020-12-02,League One,Hull,Doncaster,OVER,1.92,,,11.72,SNIPER,,3.18,,,,,,standard,
backtest,2026-05-21 08:58,2020-12-02,League One,AFC Wimbledon,Peterboro,OVER,1.96,,,11.26,SNIPER,,2.93,,,,,,standard,
backtest,2026-05-21 08:58,2020-12-02,League One,Charlton,Milton Keynes Dons,OVER,2.11,,,6.2,VALUABLE,,1.4,,,,,,standard,
backtest,2026-05-21 08:58,2020-12-02,League One,Shrewsbury,Accrington,OVER,1.98,,,11.77,SNIPER,,3.0,,,,,,standard,
backtest,2026-05-21 08:58,2020-12-02,La Liga 2,Leganes,Vallecano,OVER,2.9,,,4.35,VALUABLE,,0.57,,,,,,standard,
backtest,2026-05-21 08:58,2020-12-02,La Liga 2,Castellon,Zaragoza,OVER,2.81,,,11.41,SNIPER,,1.58,,,,,,standard,
backtest,2026-05-21 08:58,2020-12-02,La Liga 2,Lugo,Las Palmas,OVER,2.81,,,5.14,VALUABLE,,0.71,,,,,,standard,
backtest,2026-05-21 08:58,2020-12-02,La Liga 2,Logrones,Ponferradina,OVER,2.8,,,24.8,SNIPER,,3.44,,,,,,standard,
backtest,2026-05-21 08:58,2020-12-02,La Liga 2,Logrones,Ponferradina,OVER,2.8,,,32.0,SNIPER,,4.44,,,,,,standard,
backtest,2026-05-21 08:58,2020-12-02,La Liga 2,Leganes,Vallecano,OVER,2.9,,,22.36,SNIPER,,2.94,,,,,,standard,
backtest,2026-05-21 08:58,2020-12-02,La Liga 2,Cartagena,Espanol,OVER,2.44,,,25.38,SNIPER,,4.41,,,,,,standard,
backtest,2026-05-21 08:58,2020-12-02,La Liga 2,Cartagena,Espanol,OVER,2.44,,,5.4,VALUABLE,,0.94,,,,,,standard,
backtest,2026-05-21 08:58,2020-12-02,League Two,Cambridge,Mansfield,OVER,1.93,,,14.55,SNIPER,,3.91,,,,,,standard,
backtest,2026-05-21 08:58,2020-12-03,La Liga 2,Tenerife,Sabadell,OVER,2.29,,,24.39,SNIPER,,4.73,,,,,,standard,
backtest,2026-05-21 08:58,2020-12-03,La Liga 2,Tenerife,Sabadell,OVER,2.29,,,7.37,VALUABLE,,1.43,,,,,,standard,
backtest,2026-05-21 08:58,2020-12-04,Bundesliga 2,Fortuna Dusseldorf,Darmstadt,OVER,2.02,,,31.33,SNIPER,,7.68,,,,,,standard,
backtest,2026-05-21 08:58,2020-12-04,Bundesliga 2,Holstein Kiel,Bochum,OVER,1.71,,,9.25,VALUABLE,,3.26,,,,,,standard,
backtest,2026-05-21 08:58,2020-12-04,Bundesliga 2,Fortuna Dusseldorf,Darmstadt,OVER,2.02,,,5.92,VALUABLE,,1.45,,,,,,standard,
backtest,2026-05-21 08:58,2020-12-05,League Two,Bradford,Carlisle,UNDER,1.87,,,5.58,VALUABLE,,1.6,,,,,,standard,
backtest,2026-05-21 08:58,2020-12-05,League Two,Bolton,Port Vale,OVER,2.0,,,18.06,SNIPER,,4.51,,,,,,standard,
backtest,2026-05-21 08:58,2020-12-05,La Liga 2,Malaga,Cartagena,OVER,2.58,,,7.63,VALUABLE,,1.21,,,,,,standard,
backtest,2026-05-21 08:58,2020-12-05,La Liga 2,Vallecano,Logrones,OVER,2.53,,,22.37,SNIPER,,3.65,,,,,,standard,
backtest,2026-05-21 08:58,2020-12-05,La Liga 2,Ponferradina,Las Palmas,OVER,2.49,,,10.7,SNIPER,,1.79,,,,,,standard,
backtest,2026-05-21 08:58,2020-12-05,League Two,Mansfield,Crawley Town,OVER,2.03,,,17.1,SNIPER,,4.15,,,,,,standard,
backtest,2026-05-21 08:58,2020-12-05,League Two,Newport County,Morecambe,OVER,1.99,,,9.16,VALUABLE,,2.31,,,,,,standard,
backtest,2026-05-21 08:58,2020-12-05,League Two,Tranmere,Walsall,OVER,2.29,,,22.69,SNIPER,,4.4,,,,,,standard,
backtest,2026-05-21 08:58,2020-12-05,La Liga 2,Ponferradina,Las Palmas,OVER,2.49,,,15.84,SNIPER,,2.66,,,,,,standard,
backtest,2026-05-21 08:58,2020-12-05,Ligue 2,Rodez,Amiens,OVER,2.54,,,22.38,SNIPER,,3.63,,,,,,standard,
backtest,2026-05-21 08:58,2020-12-05,League One,AFC Wimbledon,Bristol Rvs,OVER,2.13,,,21.06,SNIPER,,4.66,,,,,,standard,
backtest,2026-05-21 08:58,2020-12-05,La Liga 2,Vallecano,Logrones,OVER,2.53,,,6.47,VALUABLE,,1.06,,,,,,standard,
backtest,2026-05-21 08:58,2020-12-05,League Two,Bolton,Port Vale,OVER,2.0,,,9.37,VALUABLE,,2.34,,,,,,standard,
backtest,2026-05-21 08:58,2020-12-05,Ligue 2,Troyes,Paris FC,OVER,2.13,,,14.81,SNIPER,,3.28,,,,,,standard,
backtest,2026-05-21 08:58,2020-12-05,League One,Oxford,Hull,OVER,1.86,,,5.61,VALUABLE,,1.63,,,,,,standard,
backtest,2026-05-21 08:58,2020-12-05,Ligue 2,Clermont,Pau FC,OVER,2.17,,,14.93,SNIPER,,3.19,,,,,,standard,
backtest,2026-05-21 08:58,2020-12-05,Ligue 2,Dunkerque,Chateauroux,OVER,2.38,,,17.32,SNIPER,,3.14,,,,,,standard,
backtest,2026-05-21 08:58,2020-12-05,Ligue 2,Sochaux,Nancy,OVER,2.74,,,13.17,SNIPER,,1.89,,,,,,standard,
backtest,2026-05-21 08:58,2020-12-05,Ligue 2,Toulouse,Guingamp,OVER,2.09,,,21.49,SNIPER,,4.93,,,,,,standard,
backtest,2026-05-21 08:58,2020-12-05,League One,Accrington,Milton Keynes Dons,OVER,2.04,,,10.31,SNIPER,,2.48,,,,,,standard,
backtest,2026-05-21 08:58,2020-12-05,Ligue 2,Auxerre,Niort,OVER,1.93,,,16.19,SNIPER,,4.35,,,,,,standard,
backtest,2026-05-21 08:58,2020-12-05,League One,Shrewsbury,Charlton,OVER,2.09,,,20.16,SNIPER,,4.62,,,,,,standard,
backtest,2026-05-21 08:58,2020-12-05,Ligue 2,Troyes,Paris FC,OVER,2.13,,,14.81,SNIPER,,3.28,,,,,,standard,
backtest,2026-05-21 08:58,2020-12-05,Ligue 2,Chambly,Valenciennes,OVER,2.26,,,10.51,SNIPER,,2.09,,,,,,standard,
backtest,2026-05-21 08:58,2020-12-05,Ligue 2,Auxerre,Niort,OVER,1.93,,,16.19,SNIPER,,4.35,,,,,,standard,
backtest,2026-05-21 08:58,2020-12-05,League One,AFC Wimbledon,Bristol Rvs,OVER,2.13,,,10.0,SNIPER,,2.21,,,,,,standard,
backtest,2026-05-21 08:58,2020-12-05,League One,Portsmouth,Peterboro,OVER,1.93,,,13.77,SNIPER,,3.7,,,,,,standard,
backtest,2026-05-21 08:58,2020-12-05,League One,Fleetwood Town,Blackpool,OVER,2.27,,,10.71,SNIPER,,2.11,,,,,,standard,
backtest,2026-05-21 08:58,2020-12-05,League Two,Tranmere,Walsall,OVER,2.29,,,19.33,SNIPER,,3.75,,,,,,standard,
backtest,2026-05-21 08:58,2020-12-05,League Two,Stevenage,Southend,OVER,2.21,,,14.12,SNIPER,,2.92,,,,,,standard,
backtest,2026-05-21 08:58,2020-12-05,League Two,Harrogate,Forest Green,OVER,2.03,,,12.22,SNIPER,,2.97,,,,,,standard,
backtest,2026-05-21 08:58,2020-12-05,Ligue 2,Toulouse,Guingamp,OVER,2.09,,,28.17,SNIPER,,6.46,,,,,,standard,
backtest,2026-05-21 08:58,2020-12-06,La Liga 2,Sabadell,Oviedo,OVER,2.61,,,6.51,VALUABLE,,1.01,,,,,,standard,
backtest,2026-05-21 08:58,2020-12-06,Bundesliga 2,Wurzburger Kickers,Sandhausen,OVER,1.73,,,18.21,SNIPER,,6.24,,,,,,standard,
backtest,2026-05-21 08:58,2020-12-06,La Liga 2,Espanol,Sp Gijon,OVER,2.61,,,6.51,VALUABLE,,1.01,,,,,,standard,
backtest,2026-05-21 08:58,2020-12-06,Bundesliga 2,Erzgebirge Aue,Regensburg,OVER,1.74,,,7.15,VALUABLE,,2.42,,,,,,standard,
backtest,2026-05-21 08:58,2020-12-06,Greek Super League,PAOK,Asteras Tripolis,UNDER,2.03,,,10.61,SNIPER,,2.58,,,,,,standard,
backtest,2026-05-21 08:58,2020-12-06,La Liga 2,Sabadell,Oviedo,OVER,2.61,,,9.94,VALUABLE,,1.54,,,,,,standard,
backtest,2026-05-21 08:58,2020-12-06,Greek Super League,OFI Crete,Apollon,OVER,2.11,,,7.4,VALUABLE,,1.67,,,,,,standard,
backtest,2026-05-21 08:58,2020-12-06,Bundesliga 2,Erzgebirge Aue,Regensburg,OVER,1.74,,,25.51,SNIPER,,8.62,,,,,,standard,
backtest,2026-05-21 08:58,2020-12-06,Bundesliga 2,Wurzburger Kickers,Sandhausen,OVER,1.73,,,18.21,SNIPER,,6.24,,,,,,standard,
backtest,2026-05-21 08:58,2020-12-06,La Liga 2,Espanol,Sp Gijon,OVER,2.61,,,16.47,SNIPER,,2.56,,,,,,standard,
backtest,2026-05-21 08:58,2020-12-06,Greek Super League,Giannina,Lamia,OVER,2.51,,,10.25,SNIPER,,1.7,,,,,,standard,
backtest,2026-05-21 08:58,2020-12-06,La Liga 2,Zaragoza,Fuenlabrada,OVER,2.76,,,13.86,SNIPER,,1.97,,,,,,standard,
backtest,2026-05-21 08:58,2020-12-07,La Liga 2,Mallorca,Castellon,OVER,2.35,,,23.63,SNIPER,,4.38,,,,,,standard,
backtest,2026-05-21 08:58,2020-12-07,Ligue 2,Ajaccio,Le Havre,OVER,2.65,,,12.36,SNIPER,,1.87,,,,,,standard,
backtest,2026-05-21 08:58,2020-12-07,Greek Super League,Panetolikos,Larisa,OVER,2.72,,,13.33,SNIPER,,1.94,,,,,,standard,
backtest,2026-05-21 08:58,2020-12-09,La Liga 2,Sabadell,Alcorcon,OVER,2.8,,,14.29,SNIPER,,1.98,,,,,,standard,
backtest,2026-05-21 08:58,2020-12-10,La Liga 2,Girona,Logrones,OVER,2.67,,,15.69,SNIPER,,2.35,,,,,,standard,
backtest,2026-05-21 08:58,2020-12-11,La Liga 2,Oviedo,Tenerife,OVER,2.97,,,42.81,SNIPER,,5.43,,,,,,standard,
backtest,2026-05-21 08:58,2020-12-11,La Liga 2,Oviedo,Tenerife,OVER,2.97,,,28.86,SNIPER,,3.66,,,,,,standard,
backtest,2026-05-21 08:58,2020-12-11,Bundesliga 2,Bochum,Paderborn,UNDER,2.33,,,30.36,SNIPER,,5.71,,,,,,standard,
backtest,2026-05-21 08:58,2020-12-11,La Liga 2,Lugo,Ponferradina,OVER,2.87,,,33.35,SNIPER,,4.46,,,,,,standard,
backtest,2026-05-21 08:58,2020-12-12,League Two,Carlisle,Stevenage,OVER,1.96,,,17.18,SNIPER,,4.47,,,,,,standard,
backtest,2026-05-21 08:58,2020-12-12,League One,Wigan,Accrington,OVER,2.0,,,22.44,SNIPER,,5.61,,,,,,standard,
backtest,2026-05-21 08:58,2020-12-12,Ligue 2,Nancy,Auxerre,OVER,2.22,,,23.15,SNIPER,,4.74,,,,,,standard,
backtest,2026-05-21 08:58,2020-12-12,Ligue 2,Caen,Troyes,OVER,2.43,,,11.99,SNIPER,,2.1,,,,,,standard,
backtest,2026-05-21 08:58,2020-12-12,Ligue 2,Amiens,Chambly,OVER,2.45,,,12.33,SNIPER,,2.13,,,,,,standard,
backtest,2026-05-21 08:58,2020-12-12,Ligue 2,Grenoble,Dunkerque,OVER,2.34,,,27.79,SNIPER,,5.18,,,,,,standard,
backtest,2026-05-21 08:58,2020-12-12,League One,Hull,Shrewsbury,OVER,1.97,,,10.91,SNIPER,,2.81,,,,,,standard,
backtest,2026-05-21 08:58,2020-12-12,Greek Super League,Larisa,OFI Crete,OVER,2.32,,,9.25,VALUABLE,,1.75,,,,,,standard,
backtest,2026-05-21 08:58,2020-12-12,League One,Doncaster,Gillingham,OVER,2.03,,,15.44,SNIPER,,3.75,,,,,,standard,
backtest,2026-05-21 08:58,2020-12-12,League Two,Leyton Orient,Newport County,OVER,2.11,,,23.18,SNIPER,,5.22,,,,,,standard,
backtest,2026-05-21 08:58,2020-12-12,La Liga 2,Castellon,Albacete,OVER,2.71,,,14.69,SNIPER,,2.15,,,,,,standard,
backtest,2026-05-21 08:58,2020-12-12,League Two,Walsall,Bolton,OVER,2.08,,,14.88,SNIPER,,3.44,,,,,,standard,
backtest,2026-05-21 08:58,2020-12-12,League Two,Exeter,Tranmere,UNDER,1.87,,,12.14,SNIPER,,3.49,,,,,,standard,
backtest,2026-05-21 08:58,2020-12-12,League Two,Exeter,Tranmere,OVER,1.91,,,9.28,VALUABLE,,2.55,,,,,,standard,
backtest,2026-05-21 08:58,2020-12-12,League One,Lincoln,Sunderland,OVER,2.2,,,6.13,VALUABLE,,1.28,,,,,,standard,
backtest,2026-05-21 08:58,2020-12-12,League One,Charlton,AFC Wimbledon,OVER,2.01,,,20.77,SNIPER,,5.14,,,,,,standard,
backtest,2026-05-21 08:58,2020-12-12,League Two,Port Vale,Colchester,UNDER,1.92,,,12.3,SNIPER,,3.34,,,,,,standard,
backtest,2026-05-21 08:58,2020-12-12,Ligue 2,Guingamp,Valenciennes,OVER,2.1,,,4.74,VALUABLE,,1.08,,,,,,standard,
backtest,2026-05-21 08:58,2020-12-12,Ligue 2,Niort,Ajaccio,OVER,2.4,,,17.01,SNIPER,,3.04,,,,,,standard,
backtest,2026-05-21 08:58,2020-12-12,Ligue 2,Nancy,Auxerre,OVER,2.22,,,13.69,SNIPER,,2.81,,,,,,standard,
backtest,2026-05-21 08:58,2020-12-12,League One,Swindon,Fleetwood Town,OVER,1.91,,,4.34,VALUABLE,,1.19,,,,,,standard,
backtest,2026-05-21 08:58,2020-12-12,Bundesliga 2,Heidenheim,Hannover,OVER,1.9,,,24.63,SNIPER,,6.84,,,,,,standard,
backtest,2026-05-21 08:58,2020-12-12,League One,Blackpool,Oxford,OVER,2.08,,,12.96,SNIPER,,3.0,,,,,,standard,
backtest,2026-05-21 08:58,2020-12-12,League One,Charlton,AFC Wimbledon,OVER,2.01,,,6.19,VALUABLE,,1.53,,,,,,standard,
backtest,2026-05-21 08:58,2020-12-12,Ligue 2,Grenoble,Dunkerque,OVER,2.34,,,15.48,SNIPER,,2.89,,,,,,standard,
backtest,2026-05-21 08:58,2020-12-12,Ligue 2,Chateauroux,Toulouse,UNDER,1.79,,,7.28,VALUABLE,,2.31,,,,,,standard,
backtest,2026-05-21 08:58,2020-12-12,League One,Doncaster,Gillingham,OVER,2.03,,,17.34,SNIPER,,4.21,,,,,,standard,
backtest,2026-05-21 08:58,2020-12-12,League Two,Morecambe,Harrogate,OVER,1.99,,,16.23,SNIPER,,4.1,,,,,,standard,
backtest,2026-05-21 08:58,2020-12-12,La Liga 2,Leganes,Mallorca,OVER,2.93,,,32.48,SNIPER,,4.21,,,,,,standard,
backtest,2026-05-21 08:58,2020-12-13,Bundesliga 2,Karlsruhe,Fortuna Dusseldorf,OVER,1.94,,,24.22,SNIPER,,6.44,,,,,,standard,
backtest,2026-05-21 08:58,2020-12-13,La Liga 2,Cartagena,Sabadell,OVER,2.28,,,31.8,SNIPER,,6.21,,,,,,standard,
backtest,2026-05-21 08:58,2020-12-13,Bundesliga 2,Karlsruhe,Fortuna Dusseldorf,OVER,1.94,,,34.99,SNIPER,,9.31,,,,,,standard,
backtest,2026-05-21 08:58,2020-12-13,Bundesliga 2,Braunschweig,Osnabruck,OVER,1.99,,,17.83,SNIPER,,4.5,,,,,,standard,
backtest,2026-05-21 08:58,2020-12-13,La Liga 2,Almeria,Malaga,OVER,2.53,,,29.51,SNIPER,,4.82,,,,,,standard,
backtest,2026-05-21 08:58,2020-12-13,Greek Super League,Aris,PAOK,OVER,2.5,,,19.85,SNIPER,,3.31,,,,,,standard,
backtest,2026-05-21 08:58,2020-12-13,La Liga 2,Almeria,Malaga,OVER,2.53,,,17.42,SNIPER,,2.85,,,,,,standard,
backtest,2026-05-21 08:58,2020-12-13,La Liga 2,Logrones,Espanol,OVER,2.39,,,22.03,SNIPER,,3.96,,,,,,standard,
backtest,2026-05-21 08:58,2020-12-13,Greek Super League,Lamia,Olympiakos,OVER,1.98,,,6.25,VALUABLE,,1.6,,,,,,standard,
backtest,2026-05-21 08:58,2020-12-13,Greek Super League,Apollon,AEK,UNDER,1.83,,,14.82,SNIPER,,4.46,,,,,,standard,
backtest,2026-05-21 08:58,2020-12-13,La Liga 2,Cartagena,Sabadell,OVER,2.28,,,15.32,SNIPER,,2.99,,,,,,standard,
backtest,2026-05-21 08:58,2020-12-14,Ligue 2,Le Havre,Clermont,OVER,2.25,,,13.62,SNIPER,,2.72,,,,,,standard,
backtest,2026-05-21 08:58,2020-12-15,League Two,Southend,Grimsby,OVER,2.39,,,13.15,SNIPER,,2.36,,,,,,standard,
backtest,2026-05-21 08:58,2020-12-15,Ligue 2,Nancy,Troyes,OVER,2.15,,,11.55,SNIPER,,2.51,,,,,,standard,
backtest,2026-05-21 08:58,2020-12-15,League One,Sunderland,AFC Wimbledon,OVER,2.07,,,18.14,SNIPER,,4.24,,,,,,standard,
backtest,2026-05-21 08:58,2020-12-15,League Two,Cheltenham,Bolton,OVER,1.91,,,29.51,SNIPER,,8.11,,,,,,standard,
backtest,2026-05-21 08:58,2020-12-15,League Two,Scunthorpe,Barrow,OVER,2.13,,,12.23,SNIPER,,2.71,,,,,,standard,
backtest,2026-05-21 08:58,2020-12-15,League One,Wigan,Rochdale,OVER,2.06,,,24.0,SNIPER,,5.66,,,,,,standard,
backtest,2026-05-21 08:58,2020-12-15,League One,Ipswich,Burton,OVER,1.99,,,8.93,VALUABLE,,2.26,,,,,,standard,
backtest,2026-05-21 08:58,2020-12-15,League One,Wigan,Rochdale,OVER,2.06,,,24.0,SNIPER,,5.66,,,,,,standard,
backtest,2026-05-21 08:58,2020-12-15,League One,Blackpool,Hull,OVER,2.13,,,8.04,VALUABLE,,1.78,,,,,,standard,
backtest,2026-05-21 08:58,2020-12-15,League Two,Cheltenham,Bolton,UNDER,1.87,,,9.71,VALUABLE,,2.79,,,,,,standard,
backtest,2026-05-21 08:58,2020-12-15,League Two,Crawley Town,Bradford,UNDER,1.93,,,8.92,VALUABLE,,2.4,,,,,,standard,
backtest,2026-05-21 08:58,2020-12-15,League Two,Morecambe,Leyton Orient,OVER,2.08,,,15.6,SNIPER,,3.61,,,,,,standard,
backtest,2026-05-21 08:58,2020-12-15,League Two,Southend,Grimsby,OVER,2.39,,,5.69,VALUABLE,,1.02,,,,,,standard,
backtest,2026-05-21 08:58,2020-12-15,League Two,Salford,Newport County,OVER,2.21,,,4.97,VALUABLE,,1.03,,,,,,standard,
backtest,2026-05-21 08:58,2020-12-15,Bundesliga 2,Heidenheim,Regensburg,OVER,1.74,,,18.26,SNIPER,,6.17,,,,,,standard,
backtest,2026-05-21 08:58,2020-12-15,League Two,Oldham,Walsall,UNDER,1.89,,,7.86,VALUABLE,,2.21,,,,,,standard,
backtest,2026-05-21 08:58,2020-12-15,League Two,Carlisle,Mansfield,UNDER,1.97,,,11.09,SNIPER,,2.86,,,,,,standard,
backtest,2026-05-21 08:58,2020-12-15,Ligue 2,Nancy,Troyes,OVER,2.15,,,11.55,SNIPER,,2.51,,,,,,standard,
backtest,2026-05-21 08:58,2020-12-16,Bundesliga 2,Fortuna Dusseldorf,Osnabruck,OVER,2.02,,,9.42,VALUABLE,,2.31,,,,,,standard,
backtest,2026-05-21 08:58,2020-12-17,Bundesliga 2,Erzgebirge Aue,Karlsruhe,OVER,1.81,,,20.0,SNIPER,,6.17,,,,,,standard,
backtest,2026-05-21 08:58,2020-12-18,Bundesliga 2,Bochum,Heidenheim,OVER,1.92,,,7.54,VALUABLE,,2.05,,,,,,standard,
backtest,2026-05-21 08:58,2020-12-18,Ligue 2,Troyes,Niort,UNDER,2.04,,,19.15,SNIPER,,4.6,,,,,,standard,
backtest,2026-05-21 08:58,2020-12-18,Ligue 2,Dunkerque,Caen,OVER,2.73,,,23.57,SNIPER,,3.41,,,,,,standard,
backtest,2026-05-21 08:58,2020-12-18,Ligue 2,Chambly,Guingamp,OVER,2.35,,,30.68,SNIPER,,5.68,,,,,,standard,
backtest,2026-05-21 08:58,2020-12-18,Bundesliga 2,Bochum,Heidenheim,OVER,1.92,,,14.92,SNIPER,,4.06,,,,,,standard,
backtest,2026-05-21 08:58,2020-12-18,Ligue 2,Chambly,Guingamp,OVER,2.35,,,10.7,SNIPER,,1.98,,,,,,standard,
backtest,2026-05-21 08:58,2020-12-18,Ligue 2,Auxerre,Pau FC,OVER,2.05,,,33.86,SNIPER,,8.06,,,,,,standard,
backtest,2026-05-21 08:58,2020-12-19,Bundesliga 2,Braunschweig,Greuther Furth,OVER,1.77,,,9.2,VALUABLE,,2.99,,,,,,standard,
backtest,2026-05-21 08:58,2020-12-19,League Two,Walsall,Port Vale,OVER,1.91,,,20.88,SNIPER,,5.74,,,,,,standard,
backtest,2026-05-21 08:58,2020-12-19,La Liga 2,Mallorca,Fuenlabrada,OVER,2.59,,,14.04,SNIPER,,2.21,,,,,,standard,
backtest,2026-05-21 08:58,2020-12-19,League Two,Harrogate,Salford,UNDER,1.87,,,26.35,SNIPER,,7.57,,,,,,standard,
backtest,2026-05-21 08:58,2020-12-19,League Two,Barrow,Cheltenham,OVER,1.96,,,24.37,SNIPER,,6.35,,,,,,standard,
backtest,2026-05-21 08:58,2020-12-19,Ligue 2,Toulouse,Le Havre,OVER,2.07,,,17.18,SNIPER,,4.02,,,,,,standard,
backtest,2026-05-21 08:58,2020-12-19,Ligue 2,Clermont,Paris FC,OVER,2.34,,,18.2,SNIPER,,3.4,,,,,,standard,
backtest,2026-05-21 08:58,2020-12-19,Greek Super League,Panetolikos,Apollon,OVER,2.43,,,13.15,SNIPER,,2.3,,,,,,standard,
backtest,2026-05-21 08:58,2020-12-19,League Two,Bolton,Tranmere,OVER,2.15,,,11.28,SNIPER,,2.45,,,,,,standard,
backtest,2026-05-21 08:58,2020-12-19,Bundesliga 2,Braunschweig,Greuther Furth,OVER,1.77,,,18.89,SNIPER,,6.13,,,,,,standard,
backtest,2026-05-21 08:58,2020-12-19,League Two,Walsall,Port Vale,OVER,1.91,,,13.14,SNIPER,,3.61,,,,,,standard,
backtest,2026-05-21 08:58,2020-12-19,League Two,Barrow,Cheltenham,OVER,1.96,,,15.62,SNIPER,,4.07,,,,,,standard,
backtest,2026-05-21 08:58,2020-12-19,League One,Swindon,Charlton,OVER,1.98,,,16.13,SNIPER,,4.12,,,,,,standard,
backtest,2026-05-21 08:58,2020-12-19,League One,Plymouth,Milton Keynes Dons,UNDER,2.41,,,22.61,SNIPER,,4.01,,,,,,standard,
backtest,2026-05-21 08:58,2020-12-19,League One,AFC Wimbledon,Crewe,OVER,1.89,,,26.45,SNIPER,,7.43,,,,,,standard,
backtest,2026-05-21 08:58,2020-12-19,League One,Rochdale,Gillingham,OVER,2.02,,,25.89,SNIPER,,6.34,,,,,,standard,
backtest,2026-05-21 08:58,2020-12-19,League One,Northampton,Lincoln,OVER,2.0,,,7.79,VALUABLE,,1.95,,,,,,standard,
backtest,2026-05-21 08:58,2020-12-19,League One,AFC Wimbledon,Crewe,OVER,1.89,,,4.36,VALUABLE,,1.23,,,,,,standard,
backtest,2026-05-21 08:58,2020-12-19,League Two,Harrogate,Salford,UNDER,1.87,,,29.74,SNIPER,,8.55,,,,,,standard,
backtest,2026-05-21 08:58,2020-12-19,League One,Burton,Doncaster,OVER,1.86,,,14.17,SNIPER,,4.12,,,,,,standard,
backtest,2026-05-21 08:58,2020-12-20,La Liga 2,Alcorcon,Cartagena,OVER,2.7,,,17.57,SNIPER,,2.58,,,,,,standard,
backtest,2026-05-21 08:58,2020-12-20,La Liga 2,Espanol,Almeria,OVER,2.2,,,9.58,VALUABLE,,2.0,,,,,,standard,
backtest,2026-05-21 08:58,2020-12-20,La Liga 2,Alcorcon,Cartagena,OVER,2.7,,,6.6,VALUABLE,,0.97,,,,,,standard,
backtest,2026-05-21 08:58,2020-12-20,Bundesliga 2,St Pauli,Fortuna Dusseldorf,OVER,1.7,,,38.35,SNIPER,,13.7,,,,,,standard,
backtest,2026-05-21 08:58,2020-12-20,Bundesliga 2,Sandhausen,Holstein Kiel,OVER,1.75,,,18.63,SNIPER,,6.21,,,,,,standard,
backtest,2026-05-21 08:58,2020-12-20,Bundesliga 2,St Pauli,Fortuna Dusseldorf,OVER,1.7,,,18.4,SNIPER,,6.57,,,,,,standard,
backtest,2026-05-21 08:58,2020-12-21,Greek Super League,AEK,Volos NFC,UNDER,2.22,,,11.59,SNIPER,,2.37,,,,,,standard,
backtest,2026-05-21 08:58,2020-12-21,Greek Super League,Giannina,Asteras Tripolis,OVER,2.67,,,9.08,VALUABLE,,1.36,,,,,,standard,
backtest,2026-05-21 08:58,2020-12-21,Bundesliga 2,Karlsruhe,Hamburg,UNDER,2.23,,,5.13,VALUABLE,,1.04,,,,,,standard,
backtest,2026-05-21 08:58,2020-12-22,League Two,Grimsby,Bradford,OVER,2.09,,,22.58,SNIPER,,5.18,,,,,,standard,
backtest,2026-05-21 08:58,2020-12-22,League Two,Grimsby,Bradford,OVER,2.09,,,7.19,VALUABLE,,1.65,,,,,,standard,
backtest,2026-05-21 08:58,2020-12-22,Ligue 2,Caen,Sochaux,OVER,3.03,,,37.42,SNIPER,,4.61,,,,,,standard,
backtest,2026-05-21 08:58,2020-12-22,Ligue 2,Pau FC,Toulouse,OVER,1.95,,,11.74,SNIPER,,3.09,,,,,,standard,
backtest,2026-05-21 08:58,2020-12-22,Ligue 2,Dunkerque,Auxerre,OVER,1.97,,,12.26,SNIPER,,3.16,,,,,,standard,
backtest,2026-05-21 08:58,2020-12-22,Ligue 2,Niort,Valenciennes,OVER,2.03,,,27.79,SNIPER,,6.74,,,,,,standard,
backtest,2026-05-21 08:58,2020-12-22,Ligue 2,Chateauroux,Clermont,UNDER,1.76,,,6.44,VALUABLE,,2.12,,,,,,standard,
backtest,2026-05-21 08:58,2020-12-22,Ligue 2,Paris FC,Guingamp,OVER,2.05,,,18.98,SNIPER,,4.52,,,,,,standard,
backtest,2026-05-21 08:58,2020-12-22,Ligue 2,Pau FC,Toulouse,OVER,1.95,,,11.74,SNIPER,,3.09,,,,,,standard,
backtest,2026-05-21 08:58,2020-12-22,Ligue 2,Le Havre,Rodez,OVER,2.6,,,24.42,SNIPER,,3.82,,,,,,standard,
backtest,2026-05-21 08:58,2020-12-22,Ligue 2,Nancy,Chambly,OVER,2.68,,,29.25,SNIPER,,4.35,,,,,,standard,
backtest,2026-05-21 08:58,2020-12-22,Ligue 2,Chateauroux,Clermont,OVER,2.05,,,4.54,VALUABLE,,1.08,,,,,,standard,
backtest,2026-05-21 08:58,2020-12-22,Ligue 2,Dunkerque,Auxerre,OVER,1.97,,,38.14,SNIPER,,9.83,,,,,,standard,
backtest,2026-05-21 08:58,2020-12-22,Ligue 2,Nancy,Chambly,OVER,2.68,,,25.57,SNIPER,,3.8,,,,,,standard,
backtest,2026-05-21 08:58,2020-12-22,Ligue 2,Niort,Valenciennes,OVER,2.03,,,13.62,SNIPER,,3.31,,,,,,standard,
backtest,2026-05-21 08:58,2020-12-22,Ligue 2,Paris FC,Guingamp,OVER,2.05,,,25.88,SNIPER,,6.16,,,,,,standard,
backtest,2026-05-21 08:58,2020-12-26,League Two,Carlisle,Bolton,OVER,1.91,,,10.52,SNIPER,,2.89,,,,,,standard,
backtest,2026-05-21 08:58,2020-12-26,League Two,Carlisle,Bolton,OVER,1.91,,,5.22,VALUABLE,,1.43,,,,,,standard,
backtest,2026-05-21 08:58,2020-12-26,League Two,Scunthorpe,Mansfield,OVER,2.41,,,8.51,VALUABLE,,1.51,,,,,,standard,
backtest,2026-05-21 08:58,2020-12-26,League Two,Cambridge,Leyton Orient,OVER,1.97,,,27.58,SNIPER,,7.11,,,,,,standard,
backtest,2026-05-21 08:58,2020-12-26,League Two,Exeter,Forest Green,UNDER,2.0,,,9.74,VALUABLE,,2.44,,,,,,standard,
backtest,2026-05-21 08:58,2020-12-26,League One,Charlton,Plymouth,UNDER,2.26,,,24.48,SNIPER,,4.86,,,,,,standard,
backtest,2026-05-21 08:58,2020-12-26,League Two,Tranmere,Bradford,OVER,2.14,,,27.93,SNIPER,,6.13,,,,,,standard,
backtest,2026-05-21 08:58,2020-12-26,League Two,Morecambe,Grimsby,OVER,2.11,,,20.07,SNIPER,,4.52,,,,,,standard,
backtest,2026-05-21 08:58,2020-12-26,League Two,Morecambe,Grimsby,OVER,2.11,,,6.06,VALUABLE,,1.36,,,,,,standard,
backtest,2026-05-21 08:58,2020-12-29,League Two,Leyton Orient,Southend,OVER,2.06,,,17.83,SNIPER,,4.21,,,,,,standard,
backtest,2026-05-21 08:58,2020-12-29,League One,Swindon,Milton Keynes Dons,OVER,2.11,,,31.11,SNIPER,,7.01,,,,,,standard,
backtest,2026-05-21 08:58,2020-12-29,League One,Northampton,Gillingham,OVER,2.1,,,23.2,SNIPER,,5.27,,,,,,standard,
backtest,2026-05-21 08:58,2020-12-29,League One,Burton,Wigan,OVER,2.02,,,27.28,SNIPER,,6.69,,,,,,standard,
backtest,2026-05-21 08:58,2020-12-29,League Two,Colchester,Cheltenham,UNDER,1.94,,,19.76,SNIPER,,5.26,,,,,,standard,
backtest,2026-05-21 08:58,2020-12-29,League Two,Forest Green,Crawley Town,UNDER,1.9,,,9.02,VALUABLE,,2.51,,,,,,standard,
backtest,2026-05-21 08:58,2020-12-29,League Two,Forest Green,Crawley Town,UNDER,1.9,,,35.21,SNIPER,,9.78,,,,,,standard,
backtest,2026-05-21 08:58,2020-12-29,League Two,Walsall,Scunthorpe,OVER,2.03,,,9.3,VALUABLE,,2.26,,,,,,standard,
backtest,2026-05-21 08:58,2020-12-29,League One,Burton,Wigan,OVER,2.02,,,16.25,SNIPER,,3.98,,,,,,standard,
backtest,2026-05-21 08:58,2021-01-02,Bundesliga 2,Wurzburger Kickers,Karlsruhe,OVER,1.71,,,18.48,SNIPER,,6.51,,,,,,standard,
backtest,2026-05-21 08:58,2021-01-02,La Liga 2,Logrones,Mirandes,OVER,2.89,,,21.68,SNIPER,,2.87,,,,,,standard,
backtest,2026-05-21 08:58,2021-01-02,La Liga 2,Vallecano,Alcorcon,OVER,2.83,,,19.82,SNIPER,,2.71,,,,,,standard,
backtest,2026-05-21 08:58,2021-01-02,Bundesliga 2,Wurzburger Kickers,Karlsruhe,OVER,1.71,,,19.96,SNIPER,,7.03,,,,,,standard,
backtest,2026-05-21 08:58,2021-01-02,League Two,Stevenage,Scunthorpe,OVER,2.46,,,19.79,SNIPER,,3.39,,,,,,standard,
backtest,2026-05-21 08:58,2021-01-02,League One,Plymouth,Gillingham,UNDER,2.25,,,4.77,VALUABLE,,0.95,,,,,,standard,
backtest,2026-05-21 08:58,2021-01-02,League One,Plymouth,Gillingham,UNDER,2.25,,,4.77,VALUABLE,,0.95,,,,,,standard,
backtest,2026-05-21 08:58,2021-01-02,League One,Bristol Rvs,Blackpool,OVER,1.92,,,19.47,SNIPER,,5.29,,,,,,standard,
backtest,2026-05-21 08:58,2021-01-02,League Two,Stevenage,Scunthorpe,OVER,2.46,,,5.86,VALUABLE,,1.0,,,,,,standard,
backtest,2026-05-21 08:58,2021-01-02,League Two,Grimsby,Cambridge,OVER,2.33,,,17.41,SNIPER,,3.27,,,,,,standard,
backtest,2026-05-21 08:58,2021-01-02,League Two,Mansfield,Port Vale,OVER,2.09,,,4.0,VALUABLE,,0.92,,,,,,standard,
backtest,2026-05-21 08:58,2021-01-02,League One,AFC Wimbledon,Lincoln,OVER,1.91,,,23.81,SNIPER,,6.54,,,,,,standard,
backtest,2026-05-21 08:58,2021-01-02,League Two,Bolton,Crawley Town,UNDER,2.0,,,44.24,SNIPER,,11.06,,,,,,standard,
backtest,2026-05-21 08:58,2021-01-02,League One,Bristol Rvs,Blackpool,OVER,1.92,,,19.47,SNIPER,,5.29,,,,,,standard,
backtest,2026-05-21 08:58,2021-01-02,League Two,Bolton,Crawley Town,UNDER,2.0,,,27.73,SNIPER,,6.93,,,,,,standard,
backtest,2026-05-21 08:58,2021-01-02,League Two,Walsall,Carlisle,UNDER,1.92,,,9.82,VALUABLE,,2.67,,,,,,standard,
backtest,2026-05-21 08:58,2021-01-03,Bundesliga 2,Holstein Kiel,Osnabruck,OVER,1.87,,,18.25,SNIPER,,5.25,,,,,,standard,
backtest,2026-05-21 08:58,2021-01-03,Bundesliga 2,Hannover,Sandhausen,OVER,1.82,,,5.38,VALUABLE,,1.64,,,,,,standard,
backtest,2026-05-21 08:58,2021-01-03,Bundesliga 2,Erzgebirge Aue,Braunschweig,OVER,1.96,,,36.44,SNIPER,,9.49,,,,,,standard,
backtest,2026-05-21 08:58,2021-01-03,Bundesliga 2,Holstein Kiel,Osnabruck,OVER,1.87,,,6.96,VALUABLE,,2.0,,,,,,standard,
backtest,2026-05-21 08:58,2021-01-03,La Liga 2,Oviedo,Mallorca,OVER,2.97,,,16.0,SNIPER,,2.03,,,,,,standard,
backtest,2026-05-21 08:58,2021-01-03,La Liga 2,Oviedo,Mallorca,OVER,2.97,,,38.25,SNIPER,,4.85,,,,,,standard,
backtest,2026-05-21 08:58,2021-01-03,Bundesliga 2,Erzgebirge Aue,Braunschweig,OVER,1.96,,,11.39,SNIPER,,2.97,,,,,,standard,
backtest,2026-05-21 08:58,2021-01-03,La Liga 2,Almeria,Ponferradina,OVER,2.34,,,8.98,VALUABLE,,1.68,,,,,,standard,
backtest,2026-05-21 08:58,2021-01-04,Bundesliga 2,Fortuna Dusseldorf,Paderborn,OVER,1.77,,,6.95,VALUABLE,,2.26,,,,,,standard,
backtest,2026-05-21 08:58,2021-01-05,Ligue 2,Guingamp,Amiens,OVER,2.39,,,39.27,SNIPER,,7.06,,,,,,standard,
backtest,2026-05-21 08:58,2021-01-05,League Two,Mansfield,Salford,OVER,2.14,,,16.72,SNIPER,,3.67,,,,,,standard,
backtest,2026-05-21 08:58,2021-01-05,Ligue 2,Auxerre,Caen,UNDER,1.78,,,4.97,VALUABLE,,1.59,,,,,,standard,
backtest,2026-05-21 08:58,2021-01-05,Ligue 2,Chambly,Le Havre,OVER,2.79,,,5.06,VALUABLE,,0.71,,,,,,standard,
backtest,2026-05-21 08:58,2021-01-05,Ligue 2,Troyes,Chateauroux,UNDER,1.96,,,42.81,SNIPER,,11.15,,,,,,standard,
backtest,2026-05-21 08:58,2021-01-05,Ligue 2,Ajaccio,Pau FC,OVER,2.61,,,25.73,SNIPER,,4.0,,,,,,standard,
backtest,2026-05-21 08:58,2021-01-05,Ligue 2,Valenciennes,Nancy,OVER,2.35,,,27.84,SNIPER,,5.16,,,,,,standard,
backtest,2026-05-21 08:58,2021-01-06,Greek Super League,Asteras Tripolis,Olympiakos,UNDER,1.76,,,10.48,SNIPER,,3.45,,,,,,standard,
backtest,2026-05-21 08:58,2021-01-06,Greek Super League,AEK,Panetolikos,UNDER,1.96,,,13.03,SNIPER,,3.39,,,,,,standard,
backtest,2026-05-21 08:58,2021-01-06,Bundesliga 2,Wurzburger Kickers,St Pauli,UNDER,2.38,,,4.3,VALUABLE,,0.78,,,,,,standard,
backtest,2026-05-21 08:58,2021-01-06,Bundesliga 2,Wurzburger Kickers,St Pauli,UNDER,2.38,,,25.91,SNIPER,,4.69,,,,,,standard,
backtest,2026-05-21 08:58,2021-01-08,Ligue 2,Pau FC,Chambly,OVER,2.39,,,21.75,SNIPER,,3.91,,,,,,standard,
backtest,2026-05-21 08:58,2021-01-08,Ligue 2,Chateauroux,Guingamp,OVER,2.13,,,17.45,SNIPER,,3.86,,,,,,standard,
backtest,2026-05-21 08:58,2021-01-08,Bundesliga 2,Sandhausen,Heidenheim,OVER,2.02,,,21.93,SNIPER,,5.38,,,,,,standard,
backtest,2026-05-21 08:58,2021-01-08,Ligue 2,Dunkerque,Troyes,UNDER,1.83,,,34.76,SNIPER,,10.47,,,,,,standard,
backtest,2026-05-21 08:58,2021-01-08,Ligue 2,Sochaux,Clermont,OVER,2.39,,,5.94,VALUABLE,,1.07,,,,,,standard,
backtest,2026-05-21 08:58,2021-01-08,Ligue 2,Sochaux,Clermont,OVER,2.39,,,17.95,SNIPER,,3.23,,,,,,standard,
backtest,2026-05-21 08:58,2021-01-08,Ligue 2,Paris FC,Ajaccio,OVER,2.47,,,22.33,SNIPER,,3.8,,,,,,standard,
backtest,2026-05-21 08:58,2021-01-08,Ligue 2,Pau FC,Chambly,OVER,2.39,,,17.58,SNIPER,,3.16,,,,,,standard,
backtest,2026-05-21 08:58,2021-01-08,Ligue 2,Niort,Amiens,OVER,2.38,,,5.76,VALUABLE,,1.04,,,,,,standard,
backtest,2026-05-21 08:58,2021-01-08,Ligue 2,Nancy,Rodez,OVER,2.57,,,31.94,SNIPER,,5.09,,,,,,standard,
backtest,2026-05-21 08:58,2021-01-08,Ligue 2,Dunkerque,Troyes,UNDER,1.83,,,19.29,SNIPER,,5.81,,,,,,standard,
backtest,2026-05-21 08:58,2021-01-09,Bundesliga 2,St Pauli,Holstein Kiel,UNDER,2.28,,,19.4,SNIPER,,3.79,,,,,,standard,
backtest,2026-05-21 08:58,2021-01-09,Bundesliga 2,Osnabruck,Wurzburger Kickers,OVER,1.81,,,6.94,VALUABLE,,2.14,,,,,,standard,
backtest,2026-05-21 08:58,2021-01-09,Bundesliga 2,St Pauli,Holstein Kiel,UNDER,2.28,,,19.4,SNIPER,,3.79,,,,,,standard,
backtest,2026-05-21 08:58,2021-01-09,League One,Ipswich,Swindon,OVER,1.94,,,31.83,SNIPER,,8.46,,,,,,standard,
backtest,2026-05-21 08:58,2021-01-09,League One,Rochdale,Crewe,OVER,1.87,,,17.96,SNIPER,,5.16,,,,,,standard,
backtest,2026-05-21 08:58,2021-01-09,Bundesliga 2,Osnabruck,Wurzburger Kickers,OVER,1.81,,,27.24,SNIPER,,8.41,,,,,,standard,
backtest,2026-05-21 08:58,2021-01-09,League Two,Port Vale,Grimsby,OVER,2.11,,,15.85,SNIPER,,3.57,,,,,,standard,
backtest,2026-05-21 08:58,2021-01-09,League Two,Cambridge,Harrogate,OVER,2.02,,,21.34,SNIPER,,5.23,,,,,,standard,
backtest,2026-05-21 08:58,2021-01-09,League One,Sunderland,Hull,OVER,2.22,,,18.06,SNIPER,,3.7,,,,,,standard,
backtest,2026-05-21 08:58,2021-01-09,League One,Ipswich,Swindon,OVER,1.94,,,21.12,SNIPER,,5.62,,,,,,standard,
backtest,2026-05-21 08:58,2021-01-09,Ligue 2,Grenoble,Auxerre,OVER,2.14,,,16.08,SNIPER,,3.53,,,,,,standard,
backtest,2026-05-21 08:58,2021-01-09,League Two,Cambridge,Harrogate,OVER,2.02,,,21.34,SNIPER,,5.23,,,,,,standard,
backtest,2026-05-21 08:58,2021-01-09,La Liga 2,Malaga,Oviedo,OVER,2.92,,,21.47,SNIPER,,2.8,,,,,,standard,
backtest,2026-05-21 08:58,2021-01-09,League One,Rochdale,Crewe,OVER,1.87,,,17.96,SNIPER,,5.16,,,,,,standard,
backtest,2026-05-21 08:58,2021-01-09,Greek Super League,Panetolikos,Olympiakos,UNDER,2.06,,,13.56,SNIPER,,3.2,,,,,,standard,
backtest,2026-05-21 08:58,2021-01-10,La Liga 2,Mallorca,Las Palmas,OVER,2.41,,,6.28,VALUABLE,,1.11,,,,,,standard,
backtest,2026-05-21 08:58,2021-01-10,Bundesliga 2,Darmstadt,Hannover,OVER,1.81,,,27.24,SNIPER,,8.41,,,,,,standard,
backtest,2026-05-21 08:58,2021-01-10,Bundesliga 2,Darmstadt,Hannover,OVER,1.81,,,4.55,VALUABLE,,1.4,,,,,,standard,
backtest,2026-05-21 08:58,2021-01-10,La Liga 2,Espanol,Castellon,OVER,2.21,,,17.99,SNIPER,,3.72,,,,,,standard,
backtest,2026-05-21 08:58,2021-01-10,Greek Super League,PAOK,Volos NFC,UNDER,2.29,,,5.31,VALUABLE,,1.03,,,,,,standard,
backtest,2026-05-21 08:58,2021-01-11,Ligue 2,Caen,Toulouse,OVER,2.08,,,24.16,SNIPER,,5.59,,,,,,standard,
backtest,2026-05-21 08:58,2021-01-11,La Liga 2,Sp Gijon,Fuenlabrada,OVER,2.86,,,21.1,SNIPER,,2.84,,,,,,standard,
backtest,2026-05-21 08:58,2021-01-11,Ligue 2,Caen,Toulouse,OVER,2.08,,,14.68,SNIPER,,3.4,,,,,,standard,
backtest,2026-05-21 08:58,2021-01-11,Bundesliga 2,Braunschweig,Fortuna Dusseldorf,OVER,1.84,,,11.53,SNIPER,,3.43,,,,,,standard,
backtest,2026-05-21 08:58,2021-01-11,Bundesliga 2,Braunschweig,Fortuna Dusseldorf,OVER,1.84,,,42.66,SNIPER,,12.7,,,,,,standard,
backtest,2026-05-21 08:58,2021-01-12,League Two,Exeter,Bolton,UNDER,2.23,,,18.37,SNIPER,,3.73,,,,,,standard,
backtest,2026-05-21 08:58,2021-01-12,League Two,Scunthorpe,Salford,OVER,2.18,,,15.89,SNIPER,,3.37,,,,,,standard,
backtest,2026-05-21 08:58,2021-01-12,League One,Charlton,Rochdale,UNDER,2.21,,,9.22,VALUABLE,,1.9,,,,,,standard,
backtest,2026-05-21 08:58,2021-01-12,League One,Charlton,Rochdale,UNDER,2.21,,,17.97,SNIPER,,3.71,,,,,,standard,
backtest,2026-05-21 08:58,2021-01-15,Bundesliga 2,Greuther Furth,Paderborn,UNDER,2.43,,,29.38,SNIPER,,5.14,,,,,,standard,
backtest,2026-05-21 08:58,2021-01-15,Bundesliga 2,Greuther Furth,Paderborn,UNDER,2.43,,,22.18,SNIPER,,3.88,,,,,,standard,
backtest,2026-05-21 08:58,2021-01-16,Bundesliga 2,Erzgebirge Aue,Fortuna Dusseldorf,OVER,1.91,,,24.75,SNIPER,,6.8,,,,,,standard,
backtest,2026-05-21 08:58,2021-01-16,League Two,Forest Green,Port Vale,UNDER,1.92,,,11.13,SNIPER,,3.02,,,,,,standard,
backtest,2026-05-21 08:58,2021-01-16,Bundesliga 2,Bochum,Nurnberg,OVER,1.81,,,15.83,SNIPER,,4.89,,,,,,standard,
backtest,2026-05-21 08:58,2021-01-16,League One,Bristol Rvs,Charlton,UNDER,2.21,,,18.8,SNIPER,,3.88,,,,,,standard,
backtest,2026-05-21 08:58,2021-01-16,Ligue 2,Toulouse,Grenoble,UNDER,1.75,,,10.46,SNIPER,,3.49,,,,,,standard,
backtest,2026-05-21 08:58,2021-01-16,Ligue 2,Clermont,Dunkerque,OVER,1.86,,,5.8,VALUABLE,,1.69,,,,,,standard,
backtest,2026-05-21 08:58,2021-01-16,Ligue 2,Troyes,Sochaux,OVER,2.34,,,11.13,SNIPER,,2.08,,,,,,standard,
backtest,2026-05-21 08:58,2021-01-16,Ligue 2,Guingamp,Nancy,OVER,2.2,,,21.98,SNIPER,,4.58,,,,,,standard,
backtest,2026-05-21 08:58,2021-01-16,League Two,Walsall,Oldham,UNDER,1.99,,,11.69,SNIPER,,2.95,,,,,,standard,
backtest,2026-05-21 08:58,2021-01-16,League One,Bristol Rvs,Charlton,UNDER,2.21,,,4.84,VALUABLE,,1.0,,,,,,standard,
backtest,2026-05-21 08:58,2021-01-16,League One,Swindon,Doncaster,OVER,1.86,,,26.15,SNIPER,,7.6,,,,,,standard,
backtest,2026-05-21 08:58,2021-01-16,League One,Rochdale,Wigan,OVER,1.88,,,23.0,SNIPER,,6.53,,,,,,standard,
backtest,2026-05-21 08:58,2021-01-16,Ligue 2,Auxerre,Chateauroux,UNDER,1.95,,,11.89,SNIPER,,3.13,,,,,,standard,
backtest,2026-05-21 08:58,2021-01-16,Ligue 2,Guingamp,Nancy,OVER,2.2,,,44.52,SNIPER,,9.28,,,,,,standard,
backtest,2026-05-21 08:58,2021-01-16,Ligue 2,Clermont,Dunkerque,UNDER,1.93,,,11.36,SNIPER,,3.05,,,,,,standard,
backtest,2026-05-21 08:58,2021-01-16,League Two,Leyton Orient,Morecambe,OVER,1.95,,,6.61,VALUABLE,,1.74,,,,,,standard,
backtest,2026-05-21 08:58,2021-01-16,Greek Super League,Larisa,Apollon,OVER,2.67,,,12.13,SNIPER,,1.82,,,,,,standard,
backtest,2026-05-21 08:58,2021-01-16,League One,AFC Wimbledon,Sunderland,OVER,2.09,,,16.62,SNIPER,,3.81,,,,,,standard,
backtest,2026-05-21 08:58,2021-01-16,Bundesliga 2,Erzgebirge Aue,Fortuna Dusseldorf,OVER,1.91,,,16.07,SNIPER,,4.41,,,,,,standard,
backtest,2026-05-21 08:58,2021-01-16,Ligue 2,Ajaccio,Caen,OVER,2.67,,,4.98,VALUABLE,,0.75,,,,,,standard,
backtest,2026-05-21 08:58,2021-01-16,League One,Swindon,Doncaster,OVER,1.86,,,30.76,SNIPER,,8.94,,,,,,standard,
backtest,2026-05-21 08:58,2021-01-16,League One,Plymouth,Crewe,UNDER,2.36,,,26.52,SNIPER,,4.87,,,,,,standard,
backtest,2026-05-21 08:58,2021-01-16,League One,Rochdale,Wigan,OVER,1.88,,,38.62,SNIPER,,10.97,,,,,,standard,
backtest,2026-05-21 08:58,2021-01-17,Bundesliga 2,Holstein Kiel,Karlsruhe,OVER,1.71,,,16.71,SNIPER,,5.89,,,,,,standard,
backtest,2026-05-21 08:58,2021-01-17,Greek Super League,Olympiakos,Giannina,UNDER,2.23,,,19.64,SNIPER,,3.99,,,,,,standard,
backtest,2026-05-21 08:58,2021-01-17,Bundesliga 2,Regensburg,Sandhausen,OVER,1.84,,,28.14,SNIPER,,8.37,,,,,,standard,
backtest,2026-05-21 08:58,2021-01-17,Bundesliga 2,Heidenheim,Darmstadt,OVER,1.9,,,36.29,SNIPER,,10.08,,,,,,standard,
backtest,2026-05-21 08:58,2021-01-17,Greek Super League,OFI Crete,PAOK,OVER,2.11,,,10.42,SNIPER,,2.35,,,,,,standard,
backtest,2026-05-21 08:58,2021-01-17,Bundesliga 2,Heidenheim,Darmstadt,OVER,1.9,,,16.37,SNIPER,,4.55,,,,,,standard,
backtest,2026-05-21 08:58,2021-01-19,League Two,Morecambe,Walsall,OVER,1.92,,,4.03,VALUABLE,,1.09,,,,,,standard,
backtest,2026-05-21 08:58,2021-01-19,League One,Doncaster,Rochdale,UNDER,2.25,,,17.88,SNIPER,,3.58,,,,,,standard,
backtest,2026-05-21 08:58,2021-01-19,League Two,Southend,Cambridge,OVER,2.52,,,23.0,SNIPER,,3.78,,,,,,standard,
backtest,2026-05-21 08:58,2021-01-19,League Two,Morecambe,Walsall,UNDER,1.87,,,23.4,SNIPER,,6.72,,,,,,standard,
backtest,2026-05-21 08:58,2021-01-19,League Two,Harrogate,Exeter,UNDER,1.92,,,7.89,VALUABLE,,2.14,,,,,,standard,
backtest,2026-05-21 08:58,2021-01-19,League One,Milton Keynes Dons,Fleetwood Town,OVER,2.12,,,24.89,SNIPER,,5.56,,,,,,standard,
backtest,2026-05-21 08:58,2021-01-19,League One,Crewe,Bristol Rvs,UNDER,2.22,,,19.95,SNIPER,,4.09,,,,,,standard,
backtest,2026-05-21 08:58,2021-01-22,League Two,Salford,Harrogate,OVER,2.07,,,20.25,SNIPER,,4.73,,,,,,standard,
backtest,2026-05-21 08:58,2021-01-22,League Two,Salford,Harrogate,OVER,2.07,,,20.25,SNIPER,,4.73,,,,,,standard,
backtest,2026-05-21 08:58,2021-01-22,La Liga 2,Fuenlabrada,Alcorcon,OVER,3.29,,,6.78,VALUABLE,,0.74,,,,,,standard,
backtest,2026-05-21 08:58,2021-01-22,Bundesliga 2,Osnabruck,Erzgebirge Aue,OVER,1.89,,,27.33,SNIPER,,7.68,,,,,,standard,
backtest,2026-05-21 08:58,2021-01-23,Ligue 2,Clermont,Auxerre,UNDER,1.98,,,4.29,VALUABLE,,1.09,,,,,,standard,
backtest,2026-05-21 08:58,2021-01-23,Ligue 2,Caen,Rodez,OVER,2.58,,,29.8,SNIPER,,4.72,,,,,,standard,
backtest,2026-05-21 08:58,2021-01-23,Ligue 2,Chateauroux,Valenciennes,OVER,2.12,,,38.06,SNIPER,,8.5,,,,,,standard,
backtest,2026-05-21 08:58,2021-01-23,League One,Crewe,AFC Wimbledon,UNDER,2.19,,,24.95,SNIPER,,5.24,,,,,,standard,
backtest,2026-05-21 08:58,2021-01-23,League Two,Port Vale,Walsall,OVER,1.97,,,12.81,SNIPER,,3.3,,,,,,standard,
backtest,2026-05-21 08:58,2021-01-23,Ligue 2,Nancy,Niort,OVER,2.28,,,24.7,SNIPER,,4.82,,,,,,standard,
backtest,2026-05-21 08:58,2021-01-23,Ligue 2,Dunkerque,Ajaccio,OVER,2.23,,,22.04,SNIPER,,4.48,,,,,,standard,
backtest,2026-05-21 08:58,2021-01-23,La Liga 2,Vallecano,Mallorca,OVER,2.64,,,8.5,VALUABLE,,1.3,,,,,,standard,
backtest,2026-05-21 08:58,2021-01-23,League Two,Tranmere,Bolton,UNDER,1.86,,,18.13,SNIPER,,5.27,,,,,,standard,
backtest,2026-05-21 08:58,2021-01-23,League Two,Morecambe,Colchester,UNDER,1.96,,,30.61,SNIPER,,7.97,,,,,,standard,
backtest,2026-05-21 08:58,2021-01-23,Ligue 2,Paris FC,Amiens,OVER,2.4,,,19.94,SNIPER,,3.56,,,,,,standard,
backtest,2026-05-21 08:58,2021-01-23,Ligue 2,Grenoble,Chambly,OVER,2.15,,,16.81,SNIPER,,3.65,,,,,,standard,
backtest,2026-05-21 08:58,2021-01-23,Ligue 2,Nancy,Niort,OVER,2.28,,,20.14,SNIPER,,3.93,,,,,,standard,
backtest,2026-05-21 08:58,2021-01-23,Ligue 2,Chateauroux,Valenciennes,OVER,2.12,,,18.54,SNIPER,,4.14,,,,,,standard,
backtest,2026-05-21 08:58,2021-01-23,League Two,Oldham,Newport County,UNDER,1.85,,,11.25,SNIPER,,3.31,,,,,,standard,
backtest,2026-05-21 08:58,2021-01-23,Ligue 2,Paris FC,Amiens,OVER,2.4,,,19.94,SNIPER,,3.56,,,,,,standard,
backtest,2026-05-21 08:58,2021-01-23,League Two,Oldham,Newport County,OVER,1.93,,,29.36,SNIPER,,7.89,,,,,,standard,
backtest,2026-05-21 08:58,2021-01-23,League Two,Morecambe,Colchester,UNDER,1.96,,,7.54,VALUABLE,,1.96,,,,,,standard,
backtest,2026-05-21 08:58,2021-01-23,League Two,Tranmere,Bolton,OVER,1.92,,,13.63,SNIPER,,3.7,,,,,,standard,
backtest,2026-05-21 08:58,2021-01-23,League Two,Exeter,Stevenage,OVER,2.05,,,15.22,SNIPER,,3.62,,,,,,standard,
backtest,2026-05-21 08:58,2021-01-23,Ligue 2,Pau FC,Troyes,UNDER,1.99,,,23.79,SNIPER,,6.01,,,,,,standard,
backtest,2026-05-21 08:58,2021-01-23,Bundesliga 2,Paderborn,Wurzburger Kickers,UNDER,2.43,,,18.2,SNIPER,,3.18,,,,,,standard,
backtest,2026-05-21 08:58,2021-01-23,League Two,Scunthorpe,Grimsby,OVER,2.65,,,12.75,SNIPER,,1.93,,,,,,standard,
backtest,2026-05-21 08:58,2021-01-23,Greek Super League,Panathinaikos,OFI Crete,OVER,2.12,,,8.26,VALUABLE,,1.84,,,,,,standard,
backtest,2026-05-21 08:58,2021-01-23,Bundesliga 2,Paderborn,Wurzburger Kickers,UNDER,2.43,,,25.8,SNIPER,,4.51,,,,,,standard,
backtest,2026-05-21 08:58,2021-01-24,Bundesliga 2,Nurnberg,Hannover,OVER,1.83,,,27.31,SNIPER,,8.23,,,,,,standard,
backtest,2026-05-21 08:58,2021-01-24,La Liga 2,Almeria,Sabadell,OVER,1.97,,,5.11,VALUABLE,,1.32,,,,,,standard,
backtest,2026-05-21 08:58,2021-01-24,Bundesliga 2,Sandhausen,Bochum,OVER,1.84,,,24.14,SNIPER,,7.18,,,,,,standard,
backtest,2026-05-21 08:58,2021-01-24,Bundesliga 2,St Pauli,Regensburg,OVER,1.71,,,9.51,VALUABLE,,3.35,,,,,,standard,
backtest,2026-05-21 08:58,2021-01-24,Bundesliga 2,Darmstadt,Holstein Kiel,OVER,1.76,,,21.67,SNIPER,,7.13,,,,,,standard,
backtest,2026-05-21 08:58,2021-01-26,League Two,Tranmere,Harrogate,OVER,2.01,,,30.3,SNIPER,,7.5,,,,,,standard,
backtest,2026-05-21 08:58,2021-01-26,League Two,Southend,Bradford,OVER,2.32,,,23.72,SNIPER,,4.49,,,,,,standard,
backtest,2026-05-21 08:58,2021-01-26,League Two,Exeter,Morecambe,UNDER,2.03,,,18.69,SNIPER,,4.54,,,,,,standard,
backtest,2026-05-21 08:58,2021-01-26,La Liga 2,Alcorcon,Albacete,OVER,2.75,,,21.8,SNIPER,,3.11,,,,,,standard,
backtest,2026-05-21 08:58,2021-01-26,League Two,Exeter,Morecambe,UNDER,2.03,,,18.69,SNIPER,,4.54,,,,,,standard,
backtest,2026-05-21 08:58,2021-01-26,Ligue 2,Valenciennes,Paris FC,UNDER,1.81,,,8.85,VALUABLE,,2.73,,,,,,standard,
backtest,2026-05-21 08:58,2021-01-26,Bundesliga 2,Erzgebirge Aue,Wurzburger Kickers,OVER,1.87,,,14.52,SNIPER,,4.17,,,,,,standard,
backtest,2026-05-21 08:58,2021-01-26,League One,Wigan,Blackpool,OVER,2.02,,,31.15,SNIPER,,7.63,,,,,,standard,
backtest,2026-05-21 08:58,2021-01-26,League One,Swindon,Plymouth,UNDER,2.13,,,9.34,VALUABLE,,2.07,,,,,,standard,
backtest,2026-05-21 08:58,2021-01-26,Bundesliga 2,Erzgebirge Aue,Wurzburger Kickers,OVER,1.87,,,14.51,SNIPER,,4.17,,,,,,standard,
backtest,2026-05-21 08:58,2021-01-26,Bundesliga 2,Braunschweig,Heidenheim,OVER,2.28,,,12.66,SNIPER,,2.47,,,,,,standard,
backtest,2026-05-21 08:58,2021-01-26,Bundesliga 2,Osnabruck,Greuther Furth,OVER,1.84,,,19.53,SNIPER,,5.81,,,,,,standard,
backtest,2026-05-21 08:58,2021-01-26,League Two,Cheltenham,Oldham,UNDER,1.92,,,5.28,VALUABLE,,1.44,,,,,,standard,
backtest,2026-05-21 08:58,2021-01-27,Bundesliga 2,Karlsruhe,Hannover,UNDER,2.2,,,22.35,SNIPER,,4.66,,,,,,standard,
backtest,2026-05-21 08:58,2021-01-27,Bundesliga 2,Darmstadt,Sandhausen,OVER,1.83,,,19.23,SNIPER,,5.79,,,,,,standard,
backtest,2026-05-21 08:58,2021-01-27,Bundesliga 2,Paderborn,Holstein Kiel,UNDER,2.22,,,21.48,SNIPER,,4.4,,,,,,standard,
backtest,2026-05-21 08:58,2021-01-27,Bundesliga 2,Darmstadt,Sandhausen,OVER,1.83,,,12.02,SNIPER,,3.62,,,,,,standard,
backtest,2026-05-21 08:58,2021-01-27,Bundesliga 2,Paderborn,Holstein Kiel,UNDER,2.22,,,5.03,VALUABLE,,1.03,,,,,,standard,
backtest,2026-05-21 08:58,2021-01-28,Bundesliga 2,St Pauli,Bochum,OVER,1.72,,,18.94,SNIPER,,6.58,,,,,,standard,
backtest,2026-05-21 08:58,2021-01-29,Bundesliga 2,Wurzburger Kickers,Fortuna Dusseldorf,OVER,1.82,,,28.3,SNIPER,,8.63,,,,,,standard,
backtest,2026-05-21 08:58,2021-01-29,Bundesliga 2,Wurzburger Kickers,Fortuna Dusseldorf,OVER,1.82,,,10.68,SNIPER,,3.26,,,,,,standard,
backtest,2026-05-21 08:58,2021-01-30,League Two,Port Vale,Southend,OVER,2.34,,,9.29,VALUABLE,,1.73,,,,,,standard,
backtest,2026-05-21 08:58,2021-01-30,League One,Plymouth,Accrington,UNDER,2.25,,,9.13,VALUABLE,,1.83,,,,,,standard,
backtest,2026-05-21 08:58,2021-01-30,La Liga 2,Almeria,Castellon,OVER,2.33,,,9.11,VALUABLE,,1.71,,,,,,standard,
backtest,2026-05-21 08:58,2021-01-30,Bundesliga 2,Holstein Kiel,Braunschweig,OVER,1.91,,,19.83,SNIPER,,5.45,,,,,,standard,
backtest,2026-05-21 08:58,2021-01-30,Bundesliga 2,Hamburg,Paderborn,OVER,1.74,,,6.04,VALUABLE,,2.04,,,,,,standard,
backtest,2026-05-21 08:58,2021-01-30,League Two,Grimsby,Stevenage,OVER,2.5,,,26.77,SNIPER,,4.46,,,,,,standard,
backtest,2026-05-21 08:58,2021-01-30,League Two,Carlisle,Exeter,UNDER,1.93,,,10.9,SNIPER,,2.93,,,,,,standard,
backtest,2026-05-21 08:58,2021-01-30,League Two,Bolton,Leyton Orient,UNDER,1.98,,,23.54,SNIPER,,6.01,,,,,,standard,
backtest,2026-05-21 08:58,2021-01-30,League Two,Bradford,Barrow,OVER,2.05,,,21.17,SNIPER,,5.04,,,,,,standard,
backtest,2026-05-21 08:58,2021-01-30,League Two,Cambridge,Crawley Town,OVER,1.97,,,7.15,VALUABLE,,1.84,,,,,,standard,
backtest,2026-05-21 08:58,2021-01-30,League Two,Harrogate,Newport County,OVER,2.0,,,32.15,SNIPER,,8.04,,,,,,standard,
backtest,2026-05-21 08:58,2021-01-30,League One,Bristol Rvs,Rochdale,UNDER,2.31,,,4.68,VALUABLE,,0.89,,,,,,standard,
backtest,2026-05-21 08:58,2021-01-30,League One,Hull,Swindon,UNDER,2.17,,,7.49,VALUABLE,,1.6,,,,,,standard,
backtest,2026-05-21 08:58,2021-01-30,League Two,Oldham,Salford,UNDER,2.03,,,12.27,SNIPER,,2.98,,,,,,standard,
backtest,2026-05-21 08:58,2021-01-30,League Two,Bolton,Leyton Orient,UNDER,1.98,,,19.96,SNIPER,,5.09,,,,,,standard,
backtest,2026-05-21 08:58,2021-01-30,League Two,Carlisle,Exeter,UNDER,1.93,,,9.87,VALUABLE,,2.65,,,,,,standard,
backtest,2026-05-21 08:58,2021-01-30,Ligue 2,Toulouse,Clermont,UNDER,1.93,,,11.23,SNIPER,,3.02,,,,,,standard,
backtest,2026-05-21 08:58,2021-01-30,Ligue 2,Valenciennes,Dunkerque,UNDER,1.75,,,8.62,VALUABLE,,2.87,,,,,,standard,
backtest,2026-05-21 08:58,2021-01-30,Bundesliga 2,Holstein Kiel,Braunschweig,OVER,1.91,,,11.79,SNIPER,,3.24,,,,,,standard,
backtest,2026-05-21 08:58,2021-01-30,Ligue 2,Chambly,Caen,OVER,2.23,,,19.75,SNIPER,,4.01,,,,,,standard,
backtest,2026-05-21 08:58,2021-01-30,Ligue 2,Guingamp,Pau FC,OVER,2.13,,,8.27,VALUABLE,,1.83,,,,,,standard,
backtest,2026-05-21 08:58,2021-01-30,Ligue 2,Valenciennes,Dunkerque,UNDER,1.75,,,11.64,SNIPER,,3.88,,,,,,standard,
backtest,2026-05-21 08:58,2021-01-30,Ligue 2,Ajaccio,Grenoble,OVER,2.44,,,21.64,SNIPER,,3.76,,,,,,standard,
backtest,2026-05-21 08:58,2021-01-30,Ligue 2,Guingamp,Pau FC,OVER,2.13,,,15.11,SNIPER,,3.34,,,,,,standard,
backtest,2026-05-21 08:58,2021-01-30,Ligue 2,Toulouse,Clermont,UNDER,1.93,,,11.23,SNIPER,,3.02,,,,,,standard,
backtest,2026-05-21 08:58,2021-01-30,Ligue 2,Chambly,Caen,OVER,2.23,,,19.31,SNIPER,,3.92,,,,,,standard,
backtest,2026-05-21 08:58,2021-01-30,Ligue 2,Rodez,Sochaux,OVER,2.64,,,8.01,VALUABLE,,1.22,,,,,,standard,
backtest,2026-05-21 08:58,2021-01-31,Bundesliga 2,Sandhausen,Nurnberg,OVER,1.93,,,21.64,SNIPER,,5.82,,,,,,standard,
backtest,2026-05-21 08:58,2021-01-31,Greek Super League,Apollon,Olympiakos,UNDER,1.99,,,12.8,SNIPER,,3.23,,,,,,standard,
backtest,2026-05-21 08:58,2021-01-31,La Liga 2,Espanol,Vallecano,OVER,2.25,,,6.47,VALUABLE,,1.29,,,,,,standard,
backtest,2026-05-21 08:58,2021-02-01,La Liga 2,Sabadell,Logrones,OVER,2.69,,,11.35,SNIPER,,1.68,,,,,,standard,
backtest,2026-05-21 08:58,2021-02-01,La Liga 2,Leganes,Lugo,OVER,3.02,,,26.61,SNIPER,,3.29,,,,,,standard,
backtest,2026-05-21 08:58,2021-02-01,Bundesliga 2,Hannover,Osnabruck,OVER,1.78,,,23.4,SNIPER,,7.5,,,,,,standard,
backtest,2026-05-21 08:58,2021-02-02,League Two,Crawley Town,Leyton Orient,UNDER,1.85,,,25.37,SNIPER,,7.46,,,,,,standard,
backtest,2026-05-21 08:58,2021-02-02,Ligue 2,Grenoble,Guingamp,OVER,2.13,,,32.63,SNIPER,,7.22,,,,,,standard,
backtest,2026-05-21 08:58,2021-02-02,League One,Charlton,Portsmouth,OVER,1.93,,,8.23,VALUABLE,,2.21,,,,,,standard,
backtest,2026-05-21 08:58,2021-02-02,Ligue 2,Chateauroux,Chambly,OVER,2.21,,,14.79,SNIPER,,3.06,,,,,,standard,
backtest,2026-05-21 08:58,2021-02-02,Ligue 2,Paris FC,Niort,OVER,1.97,,,8.97,VALUABLE,,2.31,,,,,,standard,
backtest,2026-05-21 08:58,2021-02-02,Ligue 2,Sochaux,Ajaccio,OVER,2.77,,,5.72,VALUABLE,,0.81,,,,,,standard,
backtest,2026-05-21 08:58,2021-02-02,League One,Accrington,Bristol Rvs,UNDER,2.16,,,6.05,VALUABLE,,1.3,,,,,,standard,
backtest,2026-05-21 08:58,2021-02-02,League Two,Crawley Town,Leyton Orient,UNDER,1.85,,,17.21,SNIPER,,5.06,,,,,,standard,
backtest,2026-05-21 08:58,2021-02-02,Ligue 2,Dunkerque,Rodez,OVER,2.28,,,24.53,SNIPER,,4.79,,,,,,standard,
backtest,2026-05-21 08:58,2021-02-02,Ligue 2,Clermont,Troyes,OVER,1.91,,,18.41,SNIPER,,5.06,,,,,,standard,
backtest,2026-05-21 08:58,2021-02-02,Ligue 2,Clermont,Troyes,OVER,1.91,,,23.24,SNIPER,,6.38,,,,,,standard,
backtest,2026-05-21 08:58,2021-02-05,Ligue 2,Chambly,Sochaux,OVER,2.51,,,26.17,SNIPER,,4.33,,,,,,standard,
backtest,2026-05-21 08:58,2021-02-05,League One,Gillingham,Lincoln,OVER,2.01,,,20.77,SNIPER,,5.14,,,,,,standard,
backtest,2026-05-21 08:58,2021-02-05,League One,Gillingham,Lincoln,OVER,2.01,,,25.37,SNIPER,,6.28,,,,,,standard,
backtest,2026-05-21 08:58,2021-02-05,Bundesliga 2,St Pauli,Sandhausen,OVER,1.85,,,21.54,SNIPER,,6.34,,,,,,standard,
backtest,2026-05-21 08:58,2021-02-05,Ligue 2,Ajaccio,Auxerre,OVER,2.09,,,13.26,SNIPER,,3.04,,,,,,standard,
backtest,2026-05-21 08:58,2021-02-05,Ligue 2,Valenciennes,Grenoble,UNDER,1.76,,,20.92,SNIPER,,6.88,,,,,,standard,
backtest,2026-05-21 08:58,2021-02-05,Ligue 2,Guingamp,Dunkerque,OVER,2.19,,,24.86,SNIPER,,5.22,,,,,,standard,
backtest,2026-05-21 08:58,2021-02-05,Ligue 2,Niort,Chateauroux,UNDER,1.77,,,17.24,SNIPER,,5.6,,,,,,standard,
backtest,2026-05-21 08:58,2021-02-05,Ligue 2,Valenciennes,Grenoble,UNDER,1.76,,,21.76,SNIPER,,7.16,,,,,,standard,
backtest,2026-05-21 08:58,2021-02-06,League Two,Tranmere,Port Vale,OVER,2.07,,,13.9,SNIPER,,3.25,,,,,,standard,
backtest,2026-05-21 08:58,2021-02-06,League One,Wigan,AFC Wimbledon,OVER,2.05,,,8.45,VALUABLE,,2.01,,,,,,standard,
backtest,2026-05-21 08:58,2021-02-06,League Two,Tranmere,Port Vale,OVER,2.07,,,17.7,SNIPER,,4.14,,,,,,standard,
backtest,2026-05-21 08:58,2021-02-06,Bundesliga 2,Osnabruck,Bochum,OVER,1.9,,,14.09,SNIPER,,3.91,,,,,,standard,
backtest,2026-05-21 08:58,2021-02-06,La Liga 2,Logrones,Sp Gijon,OVER,3.04,,,12.03,SNIPER,,1.47,,,,,,standard,
backtest,2026-05-21 08:58,2021-02-06,League Two,Newport County,Grimsby,OVER,2.27,,,5.85,VALUABLE,,1.15,,,,,,standard,
backtest,2026-05-21 08:58,2021-02-06,League Two,Crawley Town,Harrogate,OVER,1.92,,,23.98,SNIPER,,6.52,,,,,,standard,
backtest,2026-05-21 08:58,2021-02-06,League Two,Stevenage,Morecambe,OVER,2.12,,,8.92,VALUABLE,,1.99,,,,,,standard,
backtest,2026-05-21 08:58,2021-02-06,League One,Doncaster,Oxford,OVER,2.04,,,7.07,VALUABLE,,1.7,,,,,,standard,
backtest,2026-05-21 08:58,2021-02-06,League One,Burton,Hull,UNDER,2.1,,,14.05,SNIPER,,3.19,,,,,,standard,
backtest,2026-05-21 08:58,2021-02-06,League Two,Newport County,Grimsby,OVER,2.27,,,5.85,VALUABLE,,1.15,,,,,,standard,
backtest,2026-05-21 08:58,2021-02-06,League One,Milton Keynes Dons,Sunderland,OVER,2.24,,,9.63,VALUABLE,,1.94,,,,,,standard,
backtest,2026-05-21 08:58,2021-02-06,Bundesliga 2,Darmstadt,Nurnberg,OVER,1.81,,,10.87,SNIPER,,3.36,,,,,,standard,
backtest,2026-05-21 08:58,2021-02-06,Bundesliga 2,Braunschweig,Hannover,OVER,2.02,,,11.55,SNIPER,,2.83,,,,,,standard,
backtest,2026-05-21 08:58,2021-02-06,Bundesliga 2,Darmstadt,Nurnberg,OVER,1.81,,,10.87,SNIPER,,3.36,,,,,,standard,
backtest,2026-05-21 08:58,2021-02-06,Bundesliga 2,Braunschweig,Hannover,OVER,2.02,,,11.2,SNIPER,,2.75,,,,,,standard,
backtest,2026-05-21 08:58,2021-02-06,League Two,Exeter,Bradford,UNDER,1.88,,,20.22,SNIPER,,5.74,,,,,,standard,
backtest,2026-05-21 08:58,2021-02-07,Greek Super League,Volos NFC,Asteras Tripolis,OVER,2.47,,,13.29,SNIPER,,2.26,,,,,,standard,
backtest,2026-05-21 08:58,2021-02-07,Greek Super League,PAOK,Apollon,UNDER,2.35,,,14.3,SNIPER,,2.65,,,,,,standard,
backtest,2026-05-21 08:58,2021-02-07,La Liga 2,Vallecano,Tenerife,OVER,2.59,,,15.53,SNIPER,,2.44,,,,,,standard,
backtest,2026-05-21 08:58,2021-02-09,League Two,Newport County,Southend,OVER,2.51,,,5.42,VALUABLE,,0.9,,,,,,standard,
backtest,2026-05-21 08:58,2021-02-09,League Two,Bolton,Morecambe,UNDER,1.91,,,22.64,SNIPER,,6.22,,,,,,standard,
backtest,2026-05-21 08:58,2021-02-09,League Two,Tranmere,Stevenage,OVER,2.07,,,16.98,SNIPER,,3.97,,,,,,standard,
backtest,2026-05-21 08:58,2021-02-09,League One,Accrington,Plymouth,UNDER,2.31,,,18.92,SNIPER,,3.61,,,,,,standard,
backtest,2026-05-21 08:58,2021-02-09,League Two,Salford,Cambridge,OVER,2.1,,,31.16,SNIPER,,7.08,,,,,,standard,
backtest,2026-05-21 08:58,2021-02-09,League Two,Bolton,Morecambe,UNDER,1.91,,,23.73,SNIPER,,6.52,,,,,,standard,
backtest,2026-05-21 08:58,2021-02-09,League One,Fleetwood Town,Doncaster,OVER,2.35,,,11.22,SNIPER,,2.08,,,,,,standard,
backtest,2026-05-21 08:58,2021-02-09,League One,Shrewsbury,Sunderland,OVER,2.45,,,7.22,VALUABLE,,1.25,,,,,,standard,
backtest,2026-05-21 08:58,2021-02-13,La Liga 2,Mirandes,Girona,OVER,2.45,,,16.82,SNIPER,,2.9,,,,,,standard,
backtest,2026-05-21 08:58,2021-02-13,La Liga 2,Cartagena,Vallecano,OVER,2.38,,,5.64,VALUABLE,,1.02,,,,,,standard,
backtest,2026-05-21 08:58,2021-02-13,League One,Charlton,Gillingham,OVER,1.89,,,17.43,SNIPER,,4.9,,,,,,standard,
backtest,2026-05-21 08:58,2021-02-13,League One,Sunderland,Doncaster,OVER,2.12,,,39.96,SNIPER,,8.92,,,,,,standard,
backtest,2026-05-21 08:58,2021-02-13,Ligue 2,Dunkerque,Nancy,OVER,2.76,,,8.16,VALUABLE,,1.16,,,,,,standard,
backtest,2026-05-21 08:58,2021-02-13,Ligue 2,Troyes,Rodez,OVER,2.03,,,25.0,SNIPER,,6.07,,,,,,standard,
backtest,2026-05-21 08:58,2021-02-13,League One,Sunderland,Doncaster,OVER,2.12,,,22.56,SNIPER,,5.04,,,,,,standard,
backtest,2026-05-21 08:58,2021-02-13,Ligue 2,Clermont,Chambly,UNDER,2.21,,,13.34,SNIPER,,2.76,,,,,,standard,
backtest,2026-05-21 08:58,2021-02-13,Ligue 2,Auxerre,Guingamp,OVER,1.98,,,26.25,SNIPER,,6.7,,,,,,standard,
backtest,2026-05-21 08:58,2021-02-13,Bundesliga 2,Sandhausen,Karlsruhe,OVER,1.79,,,6.47,VALUABLE,,2.05,,,,,,standard,
backtest,2026-05-21 08:58,2021-02-13,League Two,Cambridge,Southend,OVER,2.28,,,17.17,SNIPER,,3.35,,,,,,standard,
backtest,2026-05-21 08:58,2021-02-14,Bundesliga 2,Bochum,Braunschweig,OVER,1.86,,,13.19,SNIPER,,3.83,,,,,,standard,
backtest,2026-05-21 08:58,2021-02-14,League Two,Colchester,Mansfield,OVER,1.99,,,12.05,SNIPER,,3.04,,,,,,standard,
backtest,2026-05-21 08:58,2021-02-14,La Liga 2,Almeria,Las Palmas,OVER,2.3,,,8.16,VALUABLE,,1.57,,,,,,standard,
backtest,2026-05-21 08:58,2021-02-14,Bundesliga 2,Nurnberg,St Pauli,OVER,1.74,,,25.09,SNIPER,,8.48,,,,,,standard,
backtest,2026-05-21 08:58,2021-02-14,League One,Oxford,Wigan,OVER,1.91,,,9.68,VALUABLE,,2.66,,,,,,standard,
backtest,2026-05-21 08:58,2021-02-14,La Liga 2,Leganes,Albacete,OVER,2.46,,,24.41,SNIPER,,4.18,,,,,,standard,
backtest,2026-05-21 08:58,2021-02-14,La Liga 2,Leganes,Albacete,OVER,2.46,,,15.59,SNIPER,,2.67,,,,,,standard,
backtest,2026-05-21 08:58,2021-02-14,La Liga 2,Almeria,Las Palmas,OVER,2.3,,,7.48,VALUABLE,,1.44,,,,,,standard,
backtest,2026-05-21 08:58,2021-02-14,La Liga 2,Mallorca,Espanol,OVER,2.52,,,17.21,SNIPER,,2.83,,,,,,standard,
backtest,2026-05-21 08:58,2021-02-15,Ligue 2,Toulouse,Ajaccio,OVER,2.02,,,21.87,SNIPER,,5.36,,,,,,standard,
backtest,2026-05-21 08:58,2021-02-15,Ligue 2,Toulouse,Ajaccio,OVER,2.02,,,11.46,SNIPER,,2.81,,,,,,standard,
backtest,2026-05-21 08:58,2021-02-15,La Liga 2,Castellon,Fuenlabrada,OVER,2.69,,,32.15,SNIPER,,4.76,,,,,,standard,
backtest,2026-05-21 08:58,2021-02-15,Greek Super League,Giannina,PAOK,OVER,1.91,,,9.68,VALUABLE,,2.66,,,,,,standard,
backtest,2026-05-21 08:58,2021-02-15,La Liga 2,Oviedo,Lugo,OVER,2.79,,,5.75,VALUABLE,,0.8,,,,,,standard,
backtest,2026-05-21 08:58,2021-02-16,League Two,Walsall,Cheltenham,OVER,2.14,,,7.94,VALUABLE,,1.74,,,,,,standard,
backtest,2026-05-21 08:58,2021-02-16,League Two,Bradford,Morecambe,OVER,2.02,,,25.0,SNIPER,,6.13,,,,,,standard,
backtest,2026-05-21 08:58,2021-02-16,League One,Gillingham,Peterboro,OVER,2.06,,,11.61,SNIPER,,2.74,,,,,,standard,
backtest,2026-05-21 08:58,2021-02-16,League Two,Salford,Barrow,OVER,2.1,,,7.21,VALUABLE,,1.64,,,,,,standard,
backtest,2026-05-21 08:58,2021-02-16,League Two,Crawley Town,Stevenage,OVER,2.24,,,6.64,VALUABLE,,1.34,,,,,,standard,
backtest,2026-05-21 08:58,2021-02-17,League Two,Mansfield,Bolton,OVER,1.93,,,16.19,SNIPER,,4.35,,,,,,standard,
backtest,2026-05-21 08:58,2021-02-17,League Two,Mansfield,Bolton,UNDER,1.86,,,13.92,SNIPER,,4.05,,,,,,standard,
backtest,2026-05-21 08:58,2021-02-17,League One,Wigan,Hull,OVER,1.89,,,4.15,VALUABLE,,1.17,,,,,,standard,
backtest,2026-05-21 08:58,2021-02-17,La Liga 2,Leganes,Almeria,OVER,2.2,,,6.05,VALUABLE,,1.26,,,,,,standard,
backtest,2026-05-21 08:58,2021-02-19,Bundesliga 2,Erzgebirge Aue,Bochum,OVER,1.72,,,15.83,SNIPER,,5.49,,,,,,standard,
backtest,2026-05-21 08:58,2021-02-20,Ligue 2,Paris FC,Chateauroux,UNDER,1.76,,,28.15,SNIPER,,9.26,,,,,,standard,
backtest,2026-05-21 08:58,2021-02-20,Greek Super League,AEK,Asteras Tripolis,UNDER,1.82,,,6.4,VALUABLE,,1.95,,,,,,standard,
backtest,2026-05-21 08:58,2021-02-20,League Two,Stevenage,Walsall,OVER,2.3,,,6.97,VALUABLE,,1.34,,,,,,standard,
backtest,2026-05-21 08:58,2021-02-20,League Two,Barrow,Morecambe,OVER,2.08,,,15.2,SNIPER,,3.52,,,,,,standard,
backtest,2026-05-21 08:58,2021-02-20,Ligue 2,Niort,Pau FC,OVER,2.18,,,5.41,VALUABLE,,1.15,,,,,,standard,
backtest,2026-05-21 08:58,2021-02-20,League Two,Tranmere,Oldham,UNDER,2.07,,,21.99,SNIPER,,5.14,,,,,,standard,
backtest,2026-05-21 08:58,2021-02-20,Ligue 2,Chambly,Auxerre,UNDER,1.96,,,19.28,SNIPER,,5.02,,,,,,standard,
backtest,2026-05-21 08:58,2021-02-20,League One,Rochdale,Plymouth,UNDER,2.32,,,16.59,SNIPER,,3.14,,,,,,standard,
backtest,2026-05-21 08:58,2021-02-20,League One,Fleetwood Town,Charlton,OVER,2.12,,,6.1,VALUABLE,,1.36,,,,,,standard,
backtest,2026-05-21 08:58,2021-02-20,League One,Burton,Sunderland,OVER,2.06,,,6.87,VALUABLE,,1.62,,,,,,standard,
backtest,2026-05-21 08:58,2021-02-20,League Two,Scunthorpe,Harrogate,OVER,2.31,,,14.3,SNIPER,,2.73,,,,,,standard,
backtest,2026-05-21 08:58,2021-02-20,League One,Doncaster,Hull,OVER,2.02,,,9.71,VALUABLE,,2.38,,,,,,standard,
backtest,2026-05-21 08:58,2021-02-20,League Two,Mansfield,Cambridge,OVER,2.1,,,16.76,SNIPER,,3.81,,,,,,standard,
backtest,2026-05-21 08:58,2021-02-20,League One,Milton Keynes Dons,Northampton,OVER,2.01,,,21.08,SNIPER,,5.22,,,,,,standard,
backtest,2026-05-21 08:58,2021-02-20,League One,Rochdale,Plymouth,UNDER,2.32,,,34.58,SNIPER,,6.55,,,,,,standard,
backtest,2026-05-21 08:58,2021-02-20,League Two,Scunthorpe,Harrogate,OVER,2.31,,,15.93,SNIPER,,3.04,,,,,,standard,
backtest,2026-05-21 08:58,2021-02-20,League One,Wigan,Lincoln,OVER,1.93,,,15.54,SNIPER,,4.18,,,,,,standard,
backtest,2026-05-21 08:58,2021-02-20,League Two,Barrow,Morecambe,OVER,2.08,,,6.98,VALUABLE,,1.61,,,,,,standard,
backtest,2026-05-21 08:58,2021-02-20,La Liga 2,Albacete,Sp Gijon,OVER,2.85,,,4.55,VALUABLE,,0.61,,,,,,standard,
backtest,2026-05-21 08:58,2021-02-20,Ligue 2,Nancy,Grenoble,OVER,2.37,,,11.08,SNIPER,,2.02,,,,,,standard,
backtest,2026-05-21 08:58,2021-02-20,Bundesliga 2,Osnabruck,Heidenheim,OVER,2.03,,,6.9,VALUABLE,,1.67,,,,,,standard,
backtest,2026-05-21 08:58,2021-02-21,La Liga 2,Girona,Castellon,OVER,2.34,,,9.83,VALUABLE,,1.83,,,,,,standard,
backtest,2026-05-21 08:58,2021-02-21,Greek Super League,Volos NFC,Apollon,OVER,2.29,,,4.7,VALUABLE,,0.91,,,,,,standard,
backtest,2026-05-21 08:58,2021-02-21,Greek Super League,PAOK,Lamia,UNDER,2.5,,,25.44,SNIPER,,4.24,,,,,,standard,
backtest,2026-05-21 08:58,2021-02-21,Bundesliga 2,Karlsruhe,Nurnberg,UNDER,2.22,,,15.65,SNIPER,,3.21,,,,,,standard,
backtest,2026-05-21 08:58,2021-02-22,La Liga 2,Fuenlabrada,Oviedo,OVER,2.66,,,16.16,SNIPER,,2.43,,,,,,standard,
backtest,2026-05-21 08:58,2021-02-22,Greek Super League,Panetolikos,Panathinaikos,OVER,2.6,,,6.05,VALUABLE,,0.95,,,,,,standard,
backtest,2026-05-21 08:58,2021-02-23,League One,Charlton,Burton,OVER,1.87,,,20.46,SNIPER,,5.88,,,,,,standard,
backtest,2026-05-21 08:58,2021-02-23,League Two,Carlisle,Tranmere,OVER,2.1,,,11.23,SNIPER,,2.55,,,,,,standard,
backtest,2026-05-21 08:58,2021-02-23,League Two,Colchester,Exeter,OVER,2.04,,,20.37,SNIPER,,4.9,,,,,,standard,
backtest,2026-05-21 08:58,2021-02-23,League Two,Grimsby,Crawley Town,OVER,2.07,,,13.53,SNIPER,,3.16,,,,,,standard,
backtest,2026-05-21 08:58,2021-02-23,Bundesliga 2,Paderborn,Heidenheim,OVER,1.75,,,7.97,VALUABLE,,2.66,,,,,,standard,
backtest,2026-05-21 08:58,2021-02-23,Bundesliga 2,Paderborn,Heidenheim,OVER,1.75,,,7.97,VALUABLE,,2.66,,,,,,standard,
backtest,2026-05-21 08:58,2021-02-23,League One,AFC Wimbledon,Gillingham,OVER,1.96,,,4.2,VALUABLE,,1.09,,,,,,standard,
backtest,2026-05-21 08:58,2021-02-23,League One,Sunderland,Fleetwood Town,OVER,2.26,,,20.14,SNIPER,,4.0,,,,,,standard,
backtest,2026-05-21 08:58,2021-02-24,League Two,Forest Green,Southend,OVER,2.14,,,10.36,SNIPER,,2.27,,,,,,standard,
backtest,2026-05-21 08:58,2021-02-26,Bundesliga 2,Darmstadt,Karlsruhe,UNDER,2.32,,,16.12,SNIPER,,3.05,,,,,,standard,
backtest,2026-05-21 08:58,2021-02-27,La Liga 2,Almeria,Lugo,OVER,2.17,,,24.53,SNIPER,,5.24,,,,,,standard,
backtest,2026-05-21 08:58,2021-02-27,League One,Swindon,Northampton,OVER,2.16,,,30.0,SNIPER,,6.47,,,,,,standard,
backtest,2026-05-21 08:58,2021-02-27,La Liga 2,Castellon,Las Palmas,OVER,2.64,,,29.17,SNIPER,,4.45,,,,,,standard,
backtest,2026-05-21 08:58,2021-02-27,League One,Ipswich,Doncaster,OVER,2.27,,,17.62,SNIPER,,3.47,,,,,,standard,
backtest,2026-05-21 08:58,2021-02-27,Ligue 2,Toulouse,Amiens,OVER,2.23,,,16.72,SNIPER,,3.4,,,,,,standard,
backtest,2026-05-21 08:58,2021-02-27,Bundesliga 2,Hannover,Greuther Furth,OVER,1.73,,,11.95,SNIPER,,4.09,,,,,,standard,
backtest,2026-05-21 08:58,2021-02-27,Ligue 2,Troyes,Ajaccio,UNDER,1.75,,,13.29,SNIPER,,4.43,,,,,,standard,
backtest,2026-05-21 08:58,2021-02-27,League Two,Crawley Town,Exeter,UNDER,1.88,,,19.82,SNIPER,,5.63,,,,,,standard,
backtest,2026-05-21 08:58,2021-02-27,League Two,Leyton Orient,Tranmere,OVER,2.23,,,20.18,SNIPER,,4.1,,,,,,standard,
backtest,2026-05-21 08:58,2021-02-27,League Two,Walsall,Bradford,OVER,2.32,,,4.57,VALUABLE,,0.87,,,,,,standard,
backtest,2026-05-21 08:58,2021-02-27,League Two,Forest Green,Colchester,OVER,2.05,,,13.44,SNIPER,,3.2,,,,,,standard,
backtest,2026-05-21 08:58,2021-02-27,League One,Peterboro,Wigan,OVER,1.91,,,9.83,VALUABLE,,2.7,,,,,,standard,
backtest,2026-05-21 08:58,2021-02-27,League One,Crewe,Sunderland,OVER,2.01,,,9.31,VALUABLE,,2.3,,,,,,standard,
backtest,2026-05-21 08:58,2021-02-27,Ligue 2,Clermont,Valenciennes,UNDER,2.17,,,16.78,SNIPER,,3.59,,,,,,standard,
backtest,2026-05-21 08:58,2021-02-27,Ligue 2,Dunkerque,Chambly,OVER,2.3,,,14.47,SNIPER,,2.78,,,,,,standard,
backtest,2026-05-21 08:58,2021-02-27,League Two,Forest Green,Colchester,OVER,2.05,,,18.98,SNIPER,,4.52,,,,,,standard,
backtest,2026-05-21 08:58,2021-02-27,League One,AFC Wimbledon,Hull,OVER,1.9,,,7.96,VALUABLE,,2.21,,,,,,standard,
backtest,2026-05-21 08:58,2021-02-27,League One,Charlton,Blackpool,OVER,1.92,,,7.81,VALUABLE,,2.12,,,,,,standard,
backtest,2026-05-21 08:58,2021-02-27,League One,Bristol Rvs,Shrewsbury,OVER,2.11,,,13.02,SNIPER,,2.93,,,,,,standard,
backtest,2026-05-21 08:58,2021-02-27,League Two,Mansfield,Morecambe,OVER,1.97,,,21.38,SNIPER,,5.51,,,,,,standard,
backtest,2026-05-21 08:58,2021-02-27,League Two,Crawley Town,Exeter,UNDER,1.88,,,11.07,SNIPER,,3.14,,,,,,standard,
backtest,2026-05-21 08:58,2021-02-27,League One,Swindon,Northampton,OVER,2.16,,,4.59,VALUABLE,,0.99,,,,,,standard,
backtest,2026-05-21 08:58,2021-02-27,Bundesliga 2,Hannover,Greuther Furth,OVER,1.73,,,17.2,SNIPER,,5.89,,,,,,standard,
backtest,2026-05-21 08:58,2021-02-27,League One,AFC Wimbledon,Hull,OVER,1.9,,,14.82,SNIPER,,4.12,,,,,,standard,
backtest,2026-05-21 08:58,2021-02-27,League One,Bristol Rvs,Shrewsbury,OVER,2.11,,,21.96,SNIPER,,4.95,,,,,,standard,
backtest,2026-05-21 08:58,2021-02-28,Bundesliga 2,Heidenheim,Fortuna Dusseldorf,OVER,2.01,,,29.05,SNIPER,,7.19,,,,,,standard,
backtest,2026-05-21 08:58,2021-02-28,La Liga 2,Tenerife,Alcorcon,OVER,3.04,,,11.68,SNIPER,,1.43,,,,,,standard,
backtest,2026-05-21 08:58,2021-02-28,Bundesliga 2,Sandhausen,Osnabruck,OVER,1.96,,,25.68,SNIPER,,6.69,,,,,,standard,
backtest,2026-05-21 08:58,2021-02-28,Greek Super League,Aris,Atromitos,OVER,2.2,,,16.1,SNIPER,,3.35,,,,,,standard,
backtest,2026-05-21 08:58,2021-02-28,Bundesliga 2,Nurnberg,Braunschweig,OVER,2.0,,,15.36,SNIPER,,3.84,,,,,,standard,
backtest,2026-05-21 08:58,2021-02-28,Bundesliga 2,Sandhausen,Osnabruck,OVER,1.96,,,23.6,SNIPER,,6.15,,,,,,standard,
backtest,2026-05-21 08:58,2021-02-28,La Liga 2,Oviedo,Zaragoza,OVER,2.79,,,8.97,VALUABLE,,1.25,,,,,,standard,
backtest,2026-05-21 08:58,2021-03-01,Greek Super League,Volos NFC,Olympiakos,UNDER,2.1,,,10.75,SNIPER,,2.44,,,,,,standard,
backtest,2026-05-21 08:58,2021-03-01,Bundesliga 2,St Pauli,Hamburg,UNDER,2.48,,,17.0,SNIPER,,2.87,,,,,,standard,
backtest,2026-05-21 08:58,2021-03-01,La Liga 2,Mirandes,Malaga,OVER,2.74,,,6.12,VALUABLE,,0.88,,,,,,standard,
backtest,2026-05-21 08:58,2021-03-02,League Two,Oldham,Bolton,UNDER,2.07,,,13.3,SNIPER,,3.11,,,,,,standard,
backtest,2026-05-21 08:58,2021-03-02,Ligue 2,Guingamp,Clermont,OVER,1.92,,,17.34,SNIPER,,4.71,,,,,,standard,
backtest,2026-05-21 08:58,2021-03-02,Ligue 2,Valenciennes,Toulouse,UNDER,2.12,,,8.55,VALUABLE,,1.91,,,,,,standard,
backtest,2026-05-21 08:58,2021-03-02,League Two,Colchester,Carlisle,OVER,2.12,,,27.27,SNIPER,,6.09,,,,,,standard,
backtest,2026-05-21 08:58,2021-03-02,Ligue 2,Guingamp,Clermont,UNDER,1.86,,,15.7,SNIPER,,4.56,,,,,,standard,
backtest,2026-05-21 08:58,2021-03-02,League One,Accrington,Ipswich,OVER,2.19,,,11.85,SNIPER,,2.49,,,,,,standard,
backtest,2026-05-21 08:58,2021-03-02,Ligue 2,Nancy,Caen,OVER,2.46,,,8.09,VALUABLE,,1.39,,,,,,standard,
backtest,2026-05-21 08:58,2021-03-02,Ligue 2,Niort,Sochaux,OVER,2.29,,,18.18,SNIPER,,3.52,,,,,,standard,
backtest,2026-05-21 08:58,2021-03-02,League Two,Morecambe,Crawley Town,OVER,1.95,,,17.51,SNIPER,,4.61,,,,,,standard,
backtest,2026-05-21 08:58,2021-03-02,Ligue 2,Ajaccio,Rodez,OVER,2.73,,,14.94,SNIPER,,2.16,,,,,,standard,
backtest,2026-05-21 08:58,2021-03-02,Ligue 2,Paris FC,Dunkerque,OVER,2.06,,,8.37,VALUABLE,,1.97,,,,,,standard,
backtest,2026-05-21 08:58,2021-03-02,League One,Lincoln,Fleetwood Town,OVER,2.12,,,19.67,SNIPER,,4.39,,,,,,standard,
backtest,2026-05-21 08:58,2021-03-02,League One,Doncaster,Portsmouth,OVER,1.98,,,20.03,SNIPER,,5.11,,,,,,standard,
backtest,2026-05-21 08:58,2021-03-02,League Two,Cambridge,Scunthorpe,OVER,2.42,,,16.93,SNIPER,,2.98,,,,,,standard,
backtest,2026-05-21 08:58,2021-03-02,League Two,Stevenage,Forest Green,OVER,2.59,,,13.62,SNIPER,,2.14,,,,,,standard,
backtest,2026-05-21 08:58,2021-03-02,League One,Shrewsbury,AFC Wimbledon,OVER,2.31,,,12.55,SNIPER,,2.4,,,,,,standard,
backtest,2026-05-21 08:58,2021-03-05,La Liga 2,Espanol,Oviedo,OVER,2.56,,,13.16,SNIPER,,2.11,,,,,,standard,
backtest,2026-05-21 08:58,2021-03-05,Bundesliga 2,Wurzburger Kickers,Heidenheim,OVER,1.92,,,26.44,SNIPER,,7.18,,,,,,standard,
backtest,2026-05-21 08:58,2021-03-05,Bundesliga 2,Paderborn,Darmstadt,OVER,1.77,,,4.09,VALUABLE,,1.33,,,,,,standard,
backtest,2026-05-21 08:58,2021-03-05,Bundesliga 2,Paderborn,Darmstadt,OVER,1.77,,,17.2,SNIPER,,5.58,,,,,,standard,
backtest,2026-05-21 08:58,2021-03-05,Bundesliga 2,Wurzburger Kickers,Heidenheim,OVER,1.92,,,13.99,SNIPER,,3.8,,,,,,standard,
backtest,2026-05-21 08:58,2021-03-06,Bundesliga 2,Karlsruhe,St Pauli,UNDER,2.31,,,13.53,SNIPER,,2.58,,,,,,standard,
backtest,2026-05-21 08:58,2021-03-06,Bundesliga 2,Greuther Furth,Bochum,OVER,1.7,,,19.46,SNIPER,,6.95,,,,,,standard,
backtest,2026-05-21 08:58,2021-03-06,League Two,Tranmere,Crawley Town,UNDER,1.86,,,19.51,SNIPER,,5.67,,,,,,standard,
backtest,2026-05-21 08:58,2021-03-06,League One,Gillingham,Ipswich,OVER,2.25,,,24.9,SNIPER,,4.98,,,,,,standard,
backtest,2026-05-21 08:58,2021-03-06,League One,Burton,Peterboro,OVER,2.05,,,17.82,SNIPER,,4.24,,,,,,standard,
backtest,2026-05-21 08:58,2021-03-06,League One,Burton,Peterboro,OVER,2.05,,,18.04,SNIPER,,4.29,,,,,,standard,
backtest,2026-05-21 08:58,2021-03-06,League One,Accrington,Swindon,OVER,1.94,,,20.73,SNIPER,,5.51,,,,,,standard,
backtest,2026-05-21 08:58,2021-03-06,League One,Northampton,Portsmouth,OVER,2.17,,,22.51,SNIPER,,4.81,,,,,,standard,
backtest,2026-05-21 08:58,2021-03-06,League Two,Morecambe,Carlisle,OVER,2.02,,,22.77,SNIPER,,5.58,,,,,,standard,
backtest,2026-05-21 08:58,2021-03-06,League Two,Oldham,Southend,OVER,2.1,,,13.29,SNIPER,,3.02,,,,,,standard,
backtest,2026-05-21 08:58,2021-03-06,Greek Super League,Atromitos,Asteras Tripolis,OVER,2.49,,,28.8,SNIPER,,4.83,,,,,,standard,
backtest,2026-05-21 08:58,2021-03-06,League Two,Grimsby,Forest Green,OVER,2.13,,,12.53,SNIPER,,2.77,,,,,,standard,
backtest,2026-05-21 08:58,2021-03-06,League Two,Cheltenham,Port Vale,OVER,2.28,,,16.8,SNIPER,,3.28,,,,,,standard,
backtest,2026-05-21 08:58,2021-03-06,League Two,Morecambe,Carlisle,OVER,2.02,,,13.92,SNIPER,,3.41,,,,,,standard,
backtest,2026-05-21 08:58,2021-03-06,La Liga 2,Las Palmas,Vallecano,OVER,2.44,,,19.67,SNIPER,,3.42,,,,,,standard,
backtest,2026-05-21 08:58,2021-03-07,Bundesliga 2,Fortuna Dusseldorf,Nurnberg,OVER,1.89,,,17.57,SNIPER,,4.93,,,,,,standard,
backtest,2026-05-21 08:58,2021-03-07,La Liga 2,Mallorca,Cartagena,OVER,2.38,,,18.64,SNIPER,,3.38,,,,,,standard,
backtest,2026-05-21 08:58,2021-03-07,Bundesliga 2,Fortuna Dusseldorf,Nurnberg,OVER,1.89,,,24.35,SNIPER,,6.84,,,,,,standard,
backtest,2026-05-21 08:58,2021-03-07,La Liga 2,Girona,Almeria,OVER,2.13,,,13.71,SNIPER,,3.03,,,,,,standard,
backtest,2026-05-21 08:58,2021-03-07,La Liga 2,Mallorca,Cartagena,OVER,2.38,,,18.64,SNIPER,,3.38,,,,,,standard,
backtest,2026-05-21 08:58,2021-03-07,Greek Super League,Olympiakos,Lamia,UNDER,2.47,,,15.18,SNIPER,,2.58,,,,,,standard,
backtest,2026-05-21 08:58,2021-03-08,La Liga 2,Alcorcon,Mirandes,OVER,2.97,,,35.29,SNIPER,,4.48,,,,,,standard,
backtest,2026-05-21 08:58,2021-03-08,La Liga 2,Alcorcon,Mirandes,OVER,2.97,,,26.23,SNIPER,,3.33,,,,,,standard,
backtest,2026-05-21 08:58,2021-03-08,La Liga 2,Lugo,Fuenlabrada,OVER,2.62,,,38.61,SNIPER,,5.96,,,,,,standard,
backtest,2026-05-21 08:58,2021-03-08,Greek Super League,AEK,Apollon,OVER,1.77,,,9.65,VALUABLE,,3.13,,,,,,standard,
backtest,2026-05-21 08:58,2021-03-09,League One,Ipswich,Lincoln,OVER,2.26,,,26.11,SNIPER,,5.18,,,,,,standard,
backtest,2026-05-21 08:58,2021-03-09,League One,Bristol Rvs,Accrington,OVER,1.85,,,15.18,SNIPER,,4.46,,,,,,standard,
backtest,2026-05-21 08:58,2021-03-09,League One,Peterboro,Hull,OVER,2.22,,,12.95,SNIPER,,2.65,,,,,,standard,
backtest,2026-05-21 08:58,2021-03-09,League Two,Forest Green,Morecambe,OVER,2.05,,,44.26,SNIPER,,10.54,,,,,,standard,
backtest,2026-05-21 08:58,2021-03-09,League Two,Harrogate,Colchester,OVER,2.14,,,19.41,SNIPER,,4.26,,,,,,standard,
backtest,2026-05-21 08:58,2021-03-09,League Two,Newport County,Bradford,OVER,2.44,,,15.41,SNIPER,,2.68,,,,,,standard,
backtest,2026-05-21 08:58,2021-03-09,League Two,Port Vale,Oldham,UNDER,1.89,,,14.25,SNIPER,,4.0,,,,,,standard,
backtest,2026-05-21 08:58,2021-03-09,League Two,Bolton,Cambridge,OVER,2.12,,,12.73,SNIPER,,2.84,,,,,,standard,
backtest,2026-05-21 08:58,2021-03-09,League Two,Forest Green,Morecambe,OVER,2.05,,,7.9,VALUABLE,,1.88,,,,,,standard,
backtest,2026-05-21 08:58,2021-03-09,League One,Charlton,Northampton,OVER,2.09,,,12.05,SNIPER,,2.76,,,,,,standard,
backtest,2026-05-21 08:58,2021-03-12,La Liga 2,Vallecano,Zaragoza,OVER,2.54,,,19.09,SNIPER,,3.1,,,,,,standard,
backtest,2026-05-21 08:58,2021-03-13,League Two,Oldham,Cambridge,OVER,2.04,,,13.41,SNIPER,,3.22,,,,,,standard,
backtest,2026-05-21 08:58,2021-03-13,Ligue 2,Rodez,Valenciennes,OVER,2.3,,,18.95,SNIPER,,3.64,,,,,,standard,
backtest,2026-05-21 08:58,2021-03-13,Bundesliga 2,Sandhausen,Fortuna Dusseldorf,OVER,1.94,,,20.02,SNIPER,,5.32,,,,,,standard,
backtest,2026-05-21 08:58,2021-03-13,League Two,Morecambe,Newport County,OVER,2.2,,,26.11,SNIPER,,5.44,,,,,,standard,
backtest,2026-05-21 08:58,2021-03-13,League One,Crewe,Burton,OVER,1.97,,,20.81,SNIPER,,5.36,,,,,,standard,
backtest,2026-05-21 08:58,2021-03-13,League Two,Carlisle,Bradford,OVER,2.23,,,24.94,SNIPER,,5.07,,,,,,standard,
backtest,2026-05-21 08:58,2021-03-13,Ligue 2,Troyes,Nancy,OVER,2.07,,,22.18,SNIPER,,5.18,,,,,,standard,
backtest,2026-05-21 08:58,2021-03-13,Ligue 2,Auxerre,Paris FC,UNDER,1.84,,,20.66,SNIPER,,6.15,,,,,,standard,
backtest,2026-05-21 08:58,2021-03-13,Bundesliga 2,Darmstadt,Erzgebirge Aue,OVER,1.85,,,21.66,SNIPER,,6.37,,,,,,standard,
backtest,2026-05-21 08:58,2021-03-13,League Two,Forest Green,Harrogate,OVER,2.01,,,21.82,SNIPER,,5.4,,,,,,standard,
backtest,2026-05-21 08:58,2021-03-13,La Liga 2,Fuenlabrada,Las Palmas,OVER,2.55,,,9.19,VALUABLE,,1.48,,,,,,standard,
backtest,2026-05-21 08:58,2021-03-13,La Liga 2,Castellon,Sabadell,OVER,2.55,,,30.57,SNIPER,,4.93,,,,,,standard,
backtest,2026-05-21 08:58,2021-03-13,La Liga 2,Mirandes,Espanol,OVER,2.48,,,16.55,SNIPER,,2.8,,,,,,standard,
backtest,2026-05-21 08:58,2021-03-13,La Liga 2,Castellon,Sabadell,OVER,2.55,,,13.41,SNIPER,,2.16,,,,,,standard,
backtest,2026-05-21 08:58,2021-03-13,League One,Lincoln,Rochdale,OVER,1.93,,,24.4,SNIPER,,6.56,,,,,,standard,
backtest,2026-05-21 08:58,2021-03-13,League One,Swindon,Gillingham,OVER,2.03,,,5.39,VALUABLE,,1.31,,,,,,standard,
backtest,2026-05-21 08:58,2021-03-13,Ligue 2,Auxerre,Paris FC,UNDER,1.84,,,16.06,SNIPER,,4.78,,,,,,standard,
backtest,2026-05-21 08:58,2021-03-13,Ligue 2,Troyes,Nancy,OVER,2.07,,,21.16,SNIPER,,4.94,,,,,,standard,
backtest,2026-05-21 08:58,2021-03-13,Ligue 2,Toulouse,Chambly,UNDER,2.08,,,8.65,VALUABLE,,2.0,,,,,,standard,
backtest,2026-05-21 08:58,2021-03-13,Ligue 2,Grenoble,Pau FC,OVER,2.13,,,15.73,SNIPER,,3.48,,,,,,standard,
backtest,2026-05-21 08:58,2021-03-13,League One,Swindon,Gillingham,OVER,2.03,,,23.62,SNIPER,,5.73,,,,,,standard,
backtest,2026-05-21 08:58,2021-03-13,Bundesliga 2,Darmstadt,Erzgebirge Aue,OVER,1.85,,,13.39,SNIPER,,3.94,,,,,,standard,
backtest,2026-05-21 08:58,2021-03-13,League Two,Morecambe,Newport County,OVER,2.2,,,9.2,VALUABLE,,1.92,,,,,,standard,
backtest,2026-05-21 08:58,2021-03-13,League Two,Forest Green,Harrogate,OVER,2.01,,,4.9,VALUABLE,,1.21,,,,,,standard,
backtest,2026-05-21 08:58,2021-03-13,League One,Lincoln,Rochdale,OVER,1.93,,,11.26,SNIPER,,3.03,,,,,,standard,
backtest,2026-05-21 08:58,2021-03-13,League One,Blackpool,Fleetwood Town,OVER,2.44,,,13.99,SNIPER,,2.43,,,,,,standard,
backtest,2026-05-21 08:58,2021-03-14,La Liga 2,Oviedo,Leganes,OVER,3.51,,,17.66,SNIPER,,1.76,,,,,,standard,
backtest,2026-05-21 08:58,2021-03-14,Greek Super League,Larisa,Olympiakos,UNDER,1.82,,,7.69,VALUABLE,,2.34,,,,,,standard,
backtest,2026-05-21 08:58,2021-03-15,Bundesliga 2,St Pauli,Paderborn,UNDER,2.22,,,30.67,SNIPER,,6.28,,,,,,standard,
backtest,2026-05-21 08:58,2021-03-16,League One,Oxford,Doncaster,OVER,2.01,,,13.86,SNIPER,,3.43,,,,,,standard,
backtest,2026-05-21 08:58,2021-03-16,League One,Charlton,Bristol Rvs,OVER,1.88,,,17.95,SNIPER,,5.1,,,,,,standard,
backtest,2026-05-21 08:58,2021-03-16,League One,Fleetwood Town,Ipswich,OVER,2.8,,,9.9,VALUABLE,,1.37,,,,,,standard,
backtest,2026-05-21 08:58,2021-03-16,League Two,Port Vale,Newport County,OVER,2.52,,,19.41,SNIPER,,3.19,,,,,,standard,
backtest,2026-05-21 08:58,2021-03-16,League Two,Cheltenham,Barrow,OVER,2.39,,,29.3,SNIPER,,5.27,,,,,,standard,
backtest,2026-05-21 08:58,2021-03-16,League One,Lincoln,Gillingham,OVER,1.95,,,12.33,SNIPER,,3.25,,,,,,standard,
backtest,2026-05-21 08:58,2021-03-16,League One,Lincoln,Gillingham,OVER,1.95,,,18.45,SNIPER,,4.86,,,,,,standard,
backtest,2026-05-21 08:58,2021-03-16,League One,Peterboro,Portsmouth,OVER,2.26,,,10.1,SNIPER,,2.0,,,,,,standard,
backtest,2026-05-21 08:58,2021-03-16,League Two,Mansfield,Carlisle,OVER,2.12,,,20.41,SNIPER,,4.55,,,,,,standard,
backtest,2026-05-21 08:58,2021-03-17,Bundesliga 2,Regensburg,Greuther Furth,OVER,1.9,,,19.13,SNIPER,,5.31,,,,,,standard,
backtest,2026-05-21 08:58,2021-03-17,Bundesliga 2,Regensburg,Greuther Furth,OVER,1.9,,,7.37,VALUABLE,,2.05,,,,,,standard,
backtest,2026-05-21 08:58,2021-03-19,La Liga 2,Las Palmas,Girona,OVER,2.57,,,23.28,SNIPER,,3.71,,,,,,standard,
backtest,2026-05-21 08:58,2021-03-19,Ligue 2,Chambly,Ajaccio,OVER,2.45,,,31.56,SNIPER,,5.44,,,,,,standard,
backtest,2026-05-21 08:58,2021-03-19,Bundesliga 2,Paderborn,Karlsruhe,OVER,1.71,,,11.27,SNIPER,,3.97,,,,,,standard,
backtest,2026-05-21 08:58,2021-03-20,Ligue 2,Chateauroux,Caen,OVER,2.45,,,16.55,SNIPER,,2.85,,,,,,standard,
backtest,2026-05-21 08:58,2021-03-20,League One,Accrington,Wigan,OVER,2.04,,,10.99,SNIPER,,2.64,,,,,,standard,
backtest,2026-05-21 08:58,2021-03-20,League One,Burton,Milton Keynes Dons,OVER,1.96,,,8.98,VALUABLE,,2.34,,,,,,standard,
backtest,2026-05-21 08:58,2021-03-20,League One,Rochdale,Peterboro,OVER,2.06,,,24.13,SNIPER,,5.69,,,,,,standard,
backtest,2026-05-21 08:58,2021-03-20,League One,Portsmouth,Ipswich,OVER,2.36,,,15.0,SNIPER,,2.76,,,,,,standard,
backtest,2026-05-21 08:58,2021-03-20,League One,Accrington,Wigan,OVER,2.04,,,13.17,SNIPER,,3.17,,,,,,standard,
backtest,2026-05-21 08:58,2021-03-20,League One,Gillingham,Doncaster,OVER,1.88,,,26.3,SNIPER,,7.47,,,,,,standard,
backtest,2026-05-21 08:58,2021-03-20,League One,Plymouth,Bristol Rvs,UNDER,2.22,,,17.75,SNIPER,,3.64,,,,,,standard,
backtest,2026-05-21 08:58,2021-03-20,League One,AFC Wimbledon,Charlton,OVER,2.06,,,12.79,SNIPER,,3.02,,,,,,standard,
backtest,2026-05-21 08:58,2021-03-20,League One,Rochdale,Peterboro,OVER,2.06,,,14.22,SNIPER,,3.35,,,,,,standard,
backtest,2026-05-21 08:58,2021-03-20,Ligue 2,Pau FC,Dunkerque,OVER,2.52,,,19.78,SNIPER,,3.25,,,,,,standard,
backtest,2026-05-21 08:58,2021-03-20,Ligue 2,Amiens,Troyes,OVER,2.18,,,25.87,SNIPER,,5.48,,,,,,standard,
backtest,2026-05-21 08:58,2021-03-20,Ligue 2,Niort,Toulouse,UNDER,1.89,,,18.13,SNIPER,,5.09,,,,,,standard,
backtest,2026-05-21 08:58,2021-03-20,League Two,Bolton,Walsall,OVER,2.15,,,15.84,SNIPER,,3.44,,,,,,standard,
backtest,2026-05-21 08:58,2021-03-20,League Two,Barrow,Crawley Town,OVER,2.3,,,11.98,SNIPER,,2.3,,,,,,standard,
backtest,2026-05-21 08:58,2021-03-20,Ligue 2,Nancy,Clermont,OVER,2.16,,,19.97,SNIPER,,4.3,,,,,,standard,
backtest,2026-05-21 08:58,2021-03-20,League Two,Newport County,Leyton Orient,OVER,2.44,,,28.56,SNIPER,,4.96,,,,,,standard,
backtest,2026-05-21 08:58,2021-03-20,League Two,Mansfield,Grimsby,OVER,2.24,,,10.82,SNIPER,,2.18,,,,,,standard,
backtest,2026-05-21 08:58,2021-03-20,League Two,Stevenage,Carlisle,OVER,2.4,,,17.84,SNIPER,,3.19,,,,,,standard,
backtest,2026-05-21 08:58,2021-03-20,League Two,Tranmere,Exeter,OVER,2.26,,,15.26,SNIPER,,3.03,,,,,,standard,
backtest,2026-05-21 08:58,2021-03-20,La Liga 2,Espanol,Logrones,OVER,2.16,,,23.25,SNIPER,,5.01,,,,,,standard,
backtest,2026-05-21 08:58,2021-03-20,Ligue 2,Niort,Toulouse,UNDER,1.89,,,5.94,VALUABLE,,1.67,,,,,,standard,
backtest,2026-05-21 08:58,2021-03-20,League Two,Cambridge,Forest Green,OVER,2.07,,,12.22,SNIPER,,2.86,,,,,,standard,
backtest,2026-05-21 08:58,2021-03-20,Ligue 2,Valenciennes,Auxerre,UNDER,2.02,,,6.61,VALUABLE,,1.62,,,,,,standard,
backtest,2026-05-21 08:58,2021-03-21,Bundesliga 2,Greuther Furth,Nurnberg,OVER,1.8,,,33.17,SNIPER,,10.37,,,,,,standard,
backtest,2026-05-21 08:58,2021-03-21,La Liga 2,Alcorcon,Vallecano,OVER,2.77,,,29.39,SNIPER,,4.15,,,,,,standard,
backtest,2026-05-21 08:58,2021-03-21,La Liga 2,Ponferradina,Almeria,OVER,2.33,,,16.59,SNIPER,,3.12,,,,,,standard,
backtest,2026-05-21 08:58,2021-03-21,Bundesliga 2,Greuther Furth,Nurnberg,OVER,1.8,,,16.38,SNIPER,,5.12,,,,,,standard,
backtest,2026-05-21 08:58,2021-03-21,Bundesliga 2,Osnabruck,St Pauli,OVER,1.87,,,12.34,SNIPER,,3.54,,,,,,standard,
backtest,2026-05-21 08:58,2021-03-21,La Liga 2,Lugo,Castellon,OVER,2.83,,,24.8,SNIPER,,3.39,,,,,,standard,
backtest,2026-05-21 08:58,2021-03-22,Bundesliga 2,Fortuna Dusseldorf,Bochum,OVER,1.89,,,25.13,SNIPER,,7.06,,,,,,standard,
backtest,2026-05-21 08:58,2021-03-22,Bundesliga 2,Fortuna Dusseldorf,Bochum,OVER,1.89,,,16.78,SNIPER,,4.71,,,,,,standard,
backtest,2026-05-21 08:58,2021-03-23,League Two,Oldham,Exeter,UNDER,1.9,,,9.9,VALUABLE,,2.75,,,,,,standard,
backtest,2026-05-21 08:58,2021-03-23,League One,Blackpool,Peterboro,OVER,2.25,,,10.93,SNIPER,,2.19,,,,,,standard,
backtest,2026-05-21 08:58,2021-03-23,League One,Burton,Shrewsbury,OVER,2.57,,,13.38,SNIPER,,2.13,,,,,,standard,
backtest,2026-05-21 08:58,2021-03-23,League One,Burton,Shrewsbury,OVER,2.57,,,26.48,SNIPER,,4.22,,,,,,standard,
backtest,2026-05-21 08:58,2021-03-26,League One,Oxford,Lincoln,OVER,2.07,,,15.52,SNIPER,,3.63,,,,,,standard,
backtest,2026-05-21 08:58,2021-03-26,La Liga 2,Castellon,Espanol,OVER,2.37,,,27.5,SNIPER,,5.02,,,,,,standard,
backtest,2026-05-21 08:58,2021-03-26,La Liga 2,Sp Gijon,Alcorcon,OVER,3.2,,,16.87,SNIPER,,1.92,,,,,,standard,
backtest,2026-05-21 08:58,2021-03-26,League One,Oxford,Lincoln,OVER,2.07,,,15.52,SNIPER,,3.63,,,,,,standard,
backtest,2026-05-21 08:58,2021-03-27,League Two,Leyton Orient,Oldham,OVER,2.04,,,19.46,SNIPER,,4.68,,,,,,standard,
backtest,2026-05-21 08:58,2021-03-27,League Two,Stevenage,Barrow,OVER,2.81,,,32.89,SNIPER,,4.54,,,,,,standard,
backtest,2026-05-21 08:58,2021-03-27,League Two,Carlisle,Cambridge,OVER,2.19,,,18.16,SNIPER,,3.82,,,,,,standard,
backtest,2026-05-21 08:58,2021-03-27,League One,Peterboro,Accrington,OVER,1.99,,,19.44,SNIPER,,4.91,,,,,,standard,
backtest,2026-05-21 08:58,2021-03-27,League One,Shrewsbury,Portsmouth,OVER,2.56,,,24.76,SNIPER,,3.97,,,,,,standard,
backtest,2026-05-21 08:58,2021-03-27,League Two,Crawley Town,Port Vale,OVER,2.12,,,22.2,SNIPER,,4.96,,,,,,standard,
backtest,2026-05-21 08:58,2021-03-27,League Two,Colchester,Bradford,OVER,2.47,,,11.18,SNIPER,,1.9,,,,,,standard,
backtest,2026-05-21 08:58,2021-03-27,League Two,Morecambe,Cheltenham,OVER,2.08,,,6.92,VALUABLE,,1.6,,,,,,standard,
backtest,2026-05-21 08:58,2021-03-27,League Two,Harrogate,Southend,OVER,2.5,,,13.58,SNIPER,,2.26,,,,,,standard,
backtest,2026-05-21 08:58,2021-03-27,League Two,Colchester,Bradford,OVER,2.47,,,21.67,SNIPER,,3.69,,,,,,standard,
backtest,2026-05-21 08:58,2021-03-27,League Two,Forest Green,Bolton,OVER,2.06,,,5.22,VALUABLE,,1.23,,,,,,standard,
backtest,2026-05-21 08:58,2021-03-27,League One,Hull,Gillingham,OVER,1.9,,,12.02,SNIPER,,3.34,,,,,,standard,
backtest,2026-05-21 08:58,2021-03-27,League One,Peterboro,Accrington,OVER,1.99,,,12.3,SNIPER,,3.11,,,,,,standard,
backtest,2026-05-21 08:58,2021-03-27,La Liga 2,Oviedo,Ponferradina,OVER,2.81,,,13.33,SNIPER,,1.84,,,,,,standard,
backtest,2026-05-21 08:58,2021-03-28,La Liga 2,Girona,Albacete,OVER,2.54,,,27.07,SNIPER,,4.39,,,,,,standard,
backtest,2026-05-21 08:58,2021-03-29,La Liga 2,Fuenlabrada,Mallorca,OVER,2.87,,,16.82,SNIPER,,2.25,,,,,,standard,
backtest,2026-05-21 08:58,2021-03-30,La Liga 2,Vallecano,Sp Gijon,OVER,2.76,,,5.45,VALUABLE,,0.77,,,,,,standard,
backtest,2026-05-21 08:58,2021-03-30,League Two,Carlisle,Crawley Town,OVER,1.95,,,11.27,SNIPER,,2.97,,,,,,standard,
backtest,2026-05-21 08:58,2021-03-30,La Liga 2,Malaga,Almeria,OVER,2.35,,,15.6,SNIPER,,2.89,,,,,,standard,
backtest,2026-05-21 08:58,2021-03-30,La Liga 2,Alcorcon,Oviedo,OVER,3.3,,,15.0,SNIPER,,1.63,,,,,,standard,
backtest,2026-05-21 08:58,2021-03-30,La Liga 2,Vallecano,Sp Gijon,OVER,2.76,,,5.45,VALUABLE,,0.77,,,,,,standard,
backtest,2026-05-21 08:58,2021-03-30,La Liga 2,Ponferradina,Logrones,OVER,2.63,,,31.35,SNIPER,,4.81,,,,,,standard,
backtest,2026-05-21 08:58,2021-03-31,La Liga 2,Sabadell,Girona,OVER,2.48,,,8.66,VALUABLE,,1.46,,,,,,standard,
backtest,2026-05-21 08:58,2021-04-01,La Liga 2,Las Palmas,Lugo,OVER,2.37,,,19.85,SNIPER,,3.62,,,,,,standard,
backtest,2026-05-21 08:58,2021-04-01,La Liga 2,Espanol,Fuenlabrada,OVER,2.37,,,4.47,VALUABLE,,0.81,,,,,,standard,
backtest,2026-05-21 08:58,2021-04-02,League Two,Bradford,Forest Green,OVER,2.38,,,28.72,SNIPER,,5.2,,,,,,standard,
backtest,2026-05-21 08:58,2021-04-02,League One,Doncaster,Charlton,OVER,2.02,,,18.34,SNIPER,,4.49,,,,,,standard,
backtest,2026-05-21 08:58,2021-04-02,League One,Sunderland,Oxford,OVER,1.97,,,6.39,VALUABLE,,1.65,,,,,,standard,
backtest,2026-05-21 08:58,2021-04-02,League One,Crewe,Hull,OVER,2.0,,,15.36,SNIPER,,3.84,,,,,,standard,
backtest,2026-05-21 08:58,2021-04-02,League One,Ipswich,Bristol Rvs,OVER,2.12,,,15.31,SNIPER,,3.42,,,,,,standard,
backtest,2026-05-21 08:58,2021-04-02,League One,Portsmouth,Rochdale,OVER,1.91,,,19.92,SNIPER,,5.47,,,,,,standard,
backtest,2026-05-21 08:58,2021-04-02,League Two,Barrow,Newport County,OVER,2.89,,,30.75,SNIPER,,4.07,,,,,,standard,
backtest,2026-05-21 08:58,2021-04-02,League Two,Cambridge,Morecambe,OVER,2.18,,,16.61,SNIPER,,3.52,,,,,,standard,
backtest,2026-05-21 08:58,2021-04-02,League Two,Walsall,Harrogate,OVER,2.54,,,17.78,SNIPER,,2.89,,,,,,standard,
backtest,2026-05-21 08:58,2021-04-02,League Two,Port Vale,Exeter,OVER,2.33,,,33.36,SNIPER,,6.27,,,,,,standard,
backtest,2026-05-21 08:58,2021-04-02,League Two,Barrow,Newport County,OVER,2.89,,,15.91,SNIPER,,2.1,,,,,,standard,
backtest,2026-05-21 08:58,2021-04-02,League Two,Cambridge,Morecambe,OVER,2.18,,,16.53,SNIPER,,3.5,,,,,,standard,
backtest,2026-05-21 08:58,2021-04-02,League Two,Cheltenham,Tranmere,OVER,2.26,,,13.79,SNIPER,,2.74,,,,,,standard,
backtest,2026-05-21 08:58,2021-04-02,La Liga 2,Almeria,Vallecano,OVER,2.02,,,17.15,SNIPER,,4.2,,,,,,standard,
backtest,2026-05-21 08:58,2021-04-03,Ligue 2,Troyes,Guingamp,OVER,1.88,,,27.7,SNIPER,,7.87,,,,,,standard,
backtest,2026-05-21 08:58,2021-04-03,Ligue 2,Clermont,Niort,UNDER,2.28,,,15.37,SNIPER,,3.0,,,,,,standard,
backtest,2026-05-21 08:58,2021-04-03,Ligue 2,Rodez,Chambly,OVER,2.45,,,6.05,VALUABLE,,1.04,,,,,,standard,
backtest,2026-05-21 08:58,2021-04-03,La Liga 2,Girona,Ponferradina,OVER,2.42,,,32.79,SNIPER,,5.77,,,,,,standard,
backtest,2026-05-21 08:58,2021-04-03,Ligue 2,Grenoble,Chateauroux,OVER,2.04,,,20.17,SNIPER,,4.85,,,,,,standard,
backtest,2026-05-21 08:58,2021-04-03,Ligue 2,Rodez,Chambly,OVER,2.45,,,22.67,SNIPER,,3.91,,,,,,standard,
backtest,2026-05-21 08:58,2021-04-03,Bundesliga 2,Bochum,Holstein Kiel,OVER,1.79,,,8.21,VALUABLE,,2.6,,,,,,standard,
backtest,2026-05-21 08:58,2021-04-03,Ligue 2,Sochaux,Paris FC,OVER,2.5,,,16.55,SNIPER,,2.76,,,,,,standard,
backtest,2026-05-21 08:58,2021-04-03,Ligue 2,Ajaccio,Valenciennes,OVER,1.94,,,25.94,SNIPER,,6.9,,,,,,standard,
backtest,2026-05-21 08:58,2021-04-03,Ligue 2,Toulouse,Nancy,UNDER,1.79,,,14.41,SNIPER,,4.56,,,,,,standard,
backtest,2026-05-21 08:58,2021-04-03,Ligue 2,Grenoble,Chateauroux,UNDER,1.76,,,10.26,SNIPER,,3.38,,,,,,standard,
backtest,2026-05-21 08:58,2021-04-03,La Liga 2,Girona,Ponferradina,OVER,2.42,,,33.57,SNIPER,,5.91,,,,,,standard,
backtest,2026-05-21 08:58,2021-04-03,Bundesliga 2,Heidenheim,Greuther Furth,OVER,1.81,,,19.3,SNIPER,,5.96,,,,,,standard,
backtest,2026-05-21 08:58,2021-04-03,Bundesliga 2,Bochum,Holstein Kiel,OVER,1.79,,,17.57,SNIPER,,5.56,,,,,,standard,
backtest,2026-05-21 08:58,2021-04-03,Ligue 2,Ajaccio,Valenciennes,UNDER,1.84,,,10.86,SNIPER,,3.23,,,,,,standard,
backtest,2026-05-21 08:58,2021-04-04,La Liga 2,Leganes,Sabadell,OVER,2.49,,,24.42,SNIPER,,4.1,,,,,,standard,
backtest,2026-05-21 08:58,2021-04-04,Greek Super League,AEK,Olympiakos,OVER,2.21,,,7.89,VALUABLE,,1.63,,,,,,standard,
backtest,2026-05-21 08:58,2021-04-04,Bundesliga 2,Hannover,Hamburg,OVER,1.84,,,12.46,SNIPER,,3.71,,,,,,standard,
backtest,2026-05-21 08:58,2021-04-04,Bundesliga 2,Darmstadt,Fortuna Dusseldorf,OVER,1.77,,,24.23,SNIPER,,7.87,,,,,,standard,
backtest,2026-05-21 08:58,2021-04-04,Bundesliga 2,Darmstadt,Fortuna Dusseldorf,OVER,1.77,,,22.62,SNIPER,,7.34,,,,,,standard,
backtest,2026-05-21 08:58,2021-04-04,La Liga 2,Albacete,Espanol,OVER,2.12,,,31.95,SNIPER,,7.13,,,,,,standard,
backtest,2026-05-21 08:58,2021-04-04,La Liga 2,Sp Gijon,Mirandes,OVER,2.67,,,5.87,VALUABLE,,0.88,,,,,,standard,
backtest,2026-05-21 08:58,2021-04-04,La Liga 2,Sp Gijon,Mirandes,OVER,2.67,,,24.7,SNIPER,,3.7,,,,,,standard,
backtest,2026-05-21 08:58,2021-04-04,La Liga 2,Albacete,Espanol,OVER,2.12,,,21.37,SNIPER,,4.77,,,,,,standard,
backtest,2026-05-21 08:58,2021-04-05,League Two,Colchester,Barrow,OVER,2.67,,,18.15,SNIPER,,2.72,,,,,,standard,
backtest,2026-05-21 08:58,2021-04-05,League Two,Tranmere,Cambridge,OVER,2.35,,,16.4,SNIPER,,3.04,,,,,,standard,
backtest,2026-05-21 08:58,2021-04-05,League Two,Newport County,Bolton,OVER,2.47,,,12.9,SNIPER,,2.19,,,,,,standard,
backtest,2026-05-21 08:58,2021-04-05,La Liga 2,Cartagena,Alcorcon,OVER,3.14,,,10.09,SNIPER,,1.18,,,,,,standard,
backtest,2026-05-21 08:58,2021-04-05,La Liga 2,Fuenlabrada,Zaragoza,OVER,2.84,,,5.61,VALUABLE,,0.76,,,,,,standard,
backtest,2026-05-21 08:58,2021-04-05,League One,Wigan,Portsmouth,OVER,2.04,,,15.46,SNIPER,,3.72,,,,,,standard,
backtest,2026-05-21 08:58,2021-04-05,League One,Blackpool,Gillingham,OVER,1.97,,,13.71,SNIPER,,3.53,,,,,,standard,
backtest,2026-05-21 08:58,2021-04-05,League One,Rochdale,Ipswich,OVER,2.23,,,25.77,SNIPER,,5.24,,,,,,standard,
backtest,2026-05-21 08:58,2021-04-05,League One,Hull,Northampton,OVER,2.07,,,28.69,SNIPER,,6.7,,,,,,standard,
backtest,2026-05-21 08:58,2021-04-05,League One,Bristol Rvs,Doncaster,OVER,1.95,,,17.05,SNIPER,,4.49,,,,,,standard,
backtest,2026-05-21 08:58,2021-04-05,League One,Burton,Swindon,OVER,2.18,,,18.41,SNIPER,,3.9,,,,,,standard,
backtest,2026-05-21 08:58,2021-04-05,League One,Milton Keynes Dons,Crewe,OVER,1.85,,,13.51,SNIPER,,3.97,,,,,,standard,
backtest,2026-05-21 08:58,2021-04-05,League One,Shrewsbury,Plymouth,OVER,2.14,,,21.35,SNIPER,,4.68,,,,,,standard,
backtest,2026-05-21 08:58,2021-04-09,League Two,Oldham,Colchester,OVER,1.99,,,21.02,SNIPER,,5.31,,,,,,standard,
backtest,2026-05-21 08:58,2021-04-09,League Two,Oldham,Colchester,OVER,1.99,,,18.07,SNIPER,,4.56,,,,,,standard,
backtest,2026-05-21 08:58,2021-04-09,Bundesliga 2,Hamburg,Darmstadt,UNDER,2.38,,,12.48,SNIPER,,2.26,,,,,,standard,
backtest,2026-05-21 08:58,2021-04-10,La Liga 2,Vallecano,Girona,OVER,2.14,,,16.57,SNIPER,,3.63,,,,,,standard,
backtest,2026-05-21 08:58,2021-04-10,League Two,Barrow,Carlisle,OVER,2.46,,,22.64,SNIPER,,3.88,,,,,,standard,
backtest,2026-05-21 08:58,2021-04-10,League Two,Bolton,Harrogate,OVER,2.19,,,5.18,VALUABLE,,1.09,,,,,,standard,
backtest,2026-05-21 08:58,2021-04-10,League One,Swindon,Peterboro,OVER,2.02,,,18.81,SNIPER,,4.61,,,,,,standard,
backtest,2026-05-21 08:58,2021-04-10,Ligue 2,Grenoble,Caen,OVER,2.06,,,24.24,SNIPER,,5.72,,,,,,standard,
backtest,2026-05-21 08:58,2021-04-10,Greek Super League,Atromitos,Larisa,OVER,2.44,,,5.76,VALUABLE,,1.0,,,,,,standard,
backtest,2026-05-21 08:58,2021-04-10,Greek Super League,Apollon,OFI Crete,OVER,2.49,,,9.62,VALUABLE,,1.61,,,,,,standard,
backtest,2026-05-21 08:58,2021-04-10,Greek Super League,Volos NFC,Panetolikos,OVER,2.48,,,6.42,VALUABLE,,1.09,,,,,,standard,
backtest,2026-05-21 08:58,2021-04-10,League Two,Walsall,Forest Green,OVER,2.47,,,10.36,SNIPER,,1.76,,,,,,standard,
backtest,2026-05-21 08:58,2021-04-10,Ligue 2,Chateauroux,Dunkerque,OVER,2.11,,,20.33,SNIPER,,4.58,,,,,,standard,
backtest,2026-05-21 08:58,2021-04-10,Ligue 2,Valenciennes,Chambly,OVER,2.03,,,31.18,SNIPER,,7.57,,,,,,standard,
backtest,2026-05-21 08:58,2021-04-10,League Two,Salford,Stevenage,OVER,2.83,,,27.13,SNIPER,,3.71,,,,,,standard,
backtest,2026-05-21 08:58,2021-04-10,Ligue 2,Pau FC,Clermont,OVER,1.99,,,11.61,SNIPER,,2.93,,,,,,standard,
backtest,2026-05-21 08:58,2021-04-10,League One,Accrington,AFC Wimbledon,OVER,2.02,,,18.62,SNIPER,,4.56,,,,,,standard,
backtest,2026-05-21 08:58,2021-04-10,League Two,Cambridge,Exeter,OVER,2.27,,,13.66,SNIPER,,2.69,,,,,,standard,
backtest,2026-05-21 08:58,2021-04-10,Ligue 2,Paris FC,Troyes,UNDER,1.92,,,4.68,VALUABLE,,1.27,,,,,,standard,
backtest,2026-05-21 08:58,2021-04-10,Ligue 2,Pau FC,Clermont,UNDER,1.79,,,12.63,SNIPER,,4.0,,,,,,standard,
backtest,2026-05-21 08:58,2021-04-10,League One,Lincoln,Blackpool,OVER,2.13,,,28.72,SNIPER,,6.35,,,,,,standard,
backtest,2026-05-21 08:58,2021-04-10,Ligue 2,Valenciennes,Chambly,OVER,2.03,,,28.87,SNIPER,,7.01,,,,,,standard,
backtest,2026-05-21 08:58,2021-04-10,League One,Portsmouth,Burton,OVER,2.22,,,25.41,SNIPER,,5.21,,,,,,standard,
backtest,2026-05-21 08:58,2021-04-10,Ligue 2,Niort,Auxerre,UNDER,1.94,,,19.47,SNIPER,,5.18,,,,,,standard,
backtest,2026-05-21 08:58,2021-04-10,League One,Doncaster,Wigan,OVER,2.02,,,26.16,SNIPER,,6.41,,,,,,standard,
backtest,2026-05-21 08:58,2021-04-10,League Two,Bradford,Grimsby,OVER,2.35,,,6.98,VALUABLE,,1.29,,,,,,standard,
backtest,2026-05-21 08:58,2021-04-10,La Liga 2,Ponferradina,Fuenlabrada,OVER,2.64,,,7.88,VALUABLE,,1.2,,,,,,standard,
backtest,2026-05-21 08:58,2021-04-10,League One,Sunderland,Charlton,OVER,2.25,,,20.26,SNIPER,,4.05,,,,,,standard,
backtest,2026-05-21 08:58,2021-04-10,League One,Lincoln,Blackpool,OVER,2.13,,,21.88,SNIPER,,4.84,,,,,,standard,
backtest,2026-05-21 08:58,2021-04-10,League One,Portsmouth,Burton,OVER,2.22,,,21.67,SNIPER,,4.44,,,,,,standard,
backtest,2026-05-21 08:58,2021-04-10,Bundesliga 2,Erzgebirge Aue,St Pauli,UNDER,2.22,,,16.73,SNIPER,,3.43,,,,,,standard,
backtest,2026-05-21 08:58,2021-04-10,League One,Crewe,Oxford,OVER,1.88,,,13.72,SNIPER,,3.9,,,,,,standard,
backtest,2026-05-21 08:58,2021-04-10,League One,Crewe,Oxford,OVER,1.88,,,30.63,SNIPER,,8.7,,,,,,standard,
backtest,2026-05-21 08:58,2021-04-10,League Two,Salford,Stevenage,OVER,2.83,,,11.2,SNIPER,,1.53,,,,,,standard,
backtest,2026-05-21 08:58,2021-04-11,Greek Super League,Asteras Tripolis,PAOK,OVER,2.02,,,10.48,SNIPER,,2.57,,,,,,standard,
backtest,2026-05-21 08:58,2021-04-11,Bundesliga 2,Hannover,Heidenheim,OVER,1.91,,,26.78,SNIPER,,7.36,,,,,,standard,
backtest,2026-05-21 08:58,2021-04-11,Bundesliga 2,Osnabruck,Braunschweig,OVER,2.32,,,30.21,SNIPER,,5.72,,,,,,standard,
backtest,2026-05-21 08:58,2021-04-11,La Liga 2,Espanol,Leganes,OVER,2.38,,,30.29,SNIPER,,5.49,,,,,,standard,
backtest,2026-05-21 08:58,2021-04-11,La Liga 2,Zaragoza,Almeria,OVER,2.27,,,11.38,SNIPER,,2.24,,,,,,standard,
backtest,2026-05-21 08:58,2021-04-12,Ligue 2,Guingamp,Toulouse,UNDER,1.77,,,17.2,SNIPER,,5.58,,,,,,standard,
backtest,2026-05-21 08:58,2021-04-12,Ligue 2,Guingamp,Toulouse,UNDER,1.77,,,26.58,SNIPER,,8.63,,,,,,standard,
backtest,2026-05-21 08:58,2021-04-12,La Liga 2,Alcorcon,Castellon,OVER,3.02,,,33.25,SNIPER,,4.12,,,,,,standard,
backtest,2026-05-21 08:58,2021-04-12,La Liga 2,Alcorcon,Castellon,OVER,3.02,,,19.52,SNIPER,,2.42,,,,,,standard,
backtest,2026-05-21 08:58,2021-04-12,Greek Super League,Giannina,Lamia,OVER,2.58,,,9.97,VALUABLE,,1.58,,,,,,standard,
backtest,2026-05-21 08:58,2021-04-13,League Two,Morecambe,Scunthorpe,OVER,2.09,,,7.59,VALUABLE,,1.74,,,,,,standard,
backtest,2026-05-21 08:58,2021-04-13,League One,Doncaster,Burton,OVER,2.06,,,29.84,SNIPER,,7.04,,,,,,standard,
backtest,2026-05-21 08:58,2021-04-13,League One,Rochdale,Swindon,OVER,2.34,,,14.18,SNIPER,,2.65,,,,,,standard,
backtest,2026-05-21 08:58,2021-04-13,League One,AFC Wimbledon,Ipswich,OVER,2.48,,,29.32,SNIPER,,4.95,,,,,,standard,
backtest,2026-05-21 08:58,2021-04-13,League One,Oxford,Shrewsbury,OVER,2.26,,,28.19,SNIPER,,5.59,,,,,,standard,
backtest,2026-05-21 08:58,2021-04-13,League One,Lincoln,Milton Keynes Dons,OVER,1.86,,,20.43,SNIPER,,5.94,,,,,,standard,
backtest,2026-05-21 08:58,2021-04-13,League One,Wigan,Sunderland,OVER,2.06,,,8.38,VALUABLE,,1.98,,,,,,standard,
backtest,2026-05-21 08:58,2021-04-13,League One,Doncaster,Burton,OVER,2.06,,,5.15,VALUABLE,,1.22,,,,,,standard,
backtest,2026-05-21 08:58,2021-04-13,League One,Crewe,Portsmouth,OVER,2.0,,,10.51,SNIPER,,2.63,,,,,,standard,
backtest,2026-05-21 08:58,2021-04-13,League One,AFC Wimbledon,Ipswich,OVER,2.48,,,17.92,SNIPER,,3.03,,,,,,standard,
backtest,2026-05-21 08:58,2021-04-14,Ligue 2,Clermont,Amiens,OVER,2.17,,,23.5,SNIPER,,5.02,,,,,,standard,
backtest,2026-05-21 08:58,2021-04-14,Bundesliga 2,Osnabruck,Regensburg,OVER,2.15,,,17.52,SNIPER,,3.81,,,,,,standard,
backtest,2026-05-21 08:58,2021-04-16,La Liga 2,Fuenlabrada,Sabadell,OVER,2.41,,,15.07,SNIPER,,2.67,,,,,,standard,
backtest,2026-05-21 08:58,2021-04-16,La Liga 2,Fuenlabrada,Sabadell,OVER,2.41,,,12.49,SNIPER,,2.21,,,,,,standard,
backtest,2026-05-21 08:58,2021-04-16,La Liga 2,Girona,Zaragoza,OVER,2.6,,,31.29,SNIPER,,4.89,,,,,,standard,
backtest,2026-05-21 08:58,2021-04-16,League Two,Crawley Town,Cheltenham,OVER,2.02,,,4.63,VALUABLE,,1.14,,,,,,standard,
backtest,2026-05-21 08:58,2021-04-16,League One,Peterboro,Northampton,OVER,2.02,,,17.11,SNIPER,,4.19,,,,,,standard,
backtest,2026-05-21 08:58,2021-04-16,La Liga 2,Girona,Zaragoza,OVER,2.6,,,7.06,VALUABLE,,1.1,,,,,,standard,
backtest,2026-05-21 08:58,2021-04-16,Bundesliga 2,Darmstadt,Greuther Furth,UNDER,2.37,,,4.11,VALUABLE,,0.75,,,,,,standard,
backtest,2026-05-21 08:58,2021-04-17,Ligue 2,Troyes,Caen,UNDER,1.92,,,29.35,SNIPER,,7.98,,,,,,standard,
backtest,2026-05-21 08:58,2021-04-17,League One,AFC Wimbledon,Swindon,OVER,2.04,,,28.74,SNIPER,,6.91,,,,,,standard,
backtest,2026-05-21 08:58,2021-04-17,League Two,Grimsby,Bolton,OVER,2.41,,,12.49,SNIPER,,2.21,,,,,,standard,
backtest,2026-05-21 08:58,2021-04-17,Ligue 2,Rodez,Paris FC,OVER,2.36,,,24.24,SNIPER,,4.46,,,,,,standard,
backtest,2026-05-21 08:58,2021-04-17,League Two,Colchester,Walsall,OVER,2.57,,,36.79,SNIPER,,5.86,,,,,,standard,
backtest,2026-05-21 08:58,2021-04-17,League One,Hull,Fleetwood Town,OVER,2.16,,,25.14,SNIPER,,5.42,,,,,,standard,
backtest,2026-05-21 08:58,2021-04-17,La Liga 2,Lugo,Alcorcon,OVER,3.1,,,26.89,SNIPER,,3.2,,,,,,standard,
backtest,2026-05-21 08:58,2021-04-17,Ligue 2,Ajaccio,Niort,OVER,2.09,,,18.45,SNIPER,,4.23,,,,,,standard,
backtest,2026-05-21 08:58,2021-04-17,Ligue 2,Valenciennes,Guingamp,UNDER,1.76,,,7.02,VALUABLE,,2.31,,,,,,standard,
backtest,2026-05-21 08:58,2021-04-17,Ligue 2,Toulouse,Chateauroux,UNDER,1.99,,,27.55,SNIPER,,6.96,,,,,,standard,
backtest,2026-05-21 08:58,2021-04-17,Ligue 2,Auxerre,Nancy,OVER,2.0,,,21.43,SNIPER,,5.36,,,,,,standard,
backtest,2026-05-21 08:58,2021-04-17,La Liga 2,Las Palmas,Malaga,OVER,2.48,,,10.35,SNIPER,,1.75,,,,,,standard,
backtest,2026-05-21 08:58,2021-04-17,League One,Rochdale,Accrington,OVER,1.89,,,10.77,SNIPER,,3.03,,,,,,standard,
backtest,2026-05-21 08:58,2021-04-17,League One,AFC Wimbledon,Swindon,OVER,2.04,,,5.24,VALUABLE,,1.26,,,,,,standard,
backtest,2026-05-21 08:58,2021-04-17,Ligue 2,Chambly,Amiens,OVER,2.43,,,36.07,SNIPER,,6.31,,,,,,standard,
backtest,2026-05-21 08:58,2021-04-17,Ligue 2,Toulouse,Chateauroux,UNDER,1.99,,,8.47,VALUABLE,,2.14,,,,,,standard,
backtest,2026-05-21 08:58,2021-04-17,League Two,Harrogate,Bradford,OVER,2.03,,,10.69,SNIPER,,2.59,,,,,,standard,
backtest,2026-05-21 08:58,2021-04-17,League Two,Colchester,Walsall,OVER,2.57,,,16.37,SNIPER,,2.61,,,,,,standard,
backtest,2026-05-21 08:58,2021-04-17,League One,Bristol Rvs,Lincoln,OVER,1.97,,,14.71,SNIPER,,3.79,,,,,,standard,
backtest,2026-05-21 08:58,2021-04-18,Bundesliga 2,Regensburg,Heidenheim,OVER,1.95,,,4.0,VALUABLE,,1.05,,,,,,standard,
backtest,2026-05-21 08:58,2021-04-18,Bundesliga 2,Osnabruck,Fortuna Dusseldorf,OVER,2.01,,,26.46,SNIPER,,6.55,,,,,,standard,
backtest,2026-05-21 08:58,2021-04-18,Greek Super League,AEK,Asteras Tripolis,OVER,1.92,,,10.31,SNIPER,,2.8,,,,,,standard,
backtest,2026-05-21 08:58,2021-04-19,La Liga 2,Almeria,Espanol,OVER,1.89,,,25.98,SNIPER,,7.3,,,,,,standard,
backtest,2026-05-21 08:58,2021-04-20,League One,Hull,Sunderland,OVER,2.27,,,24.39,SNIPER,,4.8,,,,,,standard,
backtest,2026-05-21 08:58,2021-04-20,League One,Burton,Lincoln,OVER,2.01,,,12.64,SNIPER,,3.13,,,,,,standard,
backtest,2026-05-21 08:58,2021-04-20,League Two,Bolton,Carlisle,OVER,2.13,,,16.72,SNIPER,,3.7,,,,,,standard,
backtest,2026-05-21 08:58,2021-04-20,League Two,Forest Green,Exeter,OVER,2.22,,,27.34,SNIPER,,5.6,,,,,,standard,
backtest,2026-05-21 08:58,2021-04-20,League Two,Walsall,Salford,OVER,2.44,,,17.62,SNIPER,,3.06,,,,,,standard,
backtest,2026-05-21 08:58,2021-04-20,League Two,Grimsby,Morecambe,OVER,2.1,,,36.95,SNIPER,,8.4,,,,,,standard,
backtest,2026-05-21 08:58,2021-04-20,Bundesliga 2,Greuther Furth,Braunschweig,OVER,1.83,,,13.92,SNIPER,,4.19,,,,,,standard,
backtest,2026-05-21 08:58,2021-04-20,League Two,Leyton Orient,Cambridge,OVER,2.26,,,19.42,SNIPER,,3.85,,,,,,standard,
backtest,2026-05-21 08:58,2021-04-20,League One,Peterboro,Gillingham,UNDER,2.11,,,14.15,SNIPER,,3.19,,,,,,standard,
backtest,2026-05-21 08:58,2021-04-20,League One,Hull,Sunderland,OVER,2.27,,,7.36,VALUABLE,,1.45,,,,,,standard,
backtest,2026-05-21 08:58,2021-04-20,League One,Shrewsbury,Wigan,OVER,2.65,,,21.13,SNIPER,,3.2,,,,,,standard,
backtest,2026-05-21 08:58,2021-04-20,League One,Northampton,Ipswich,OVER,2.8,,,6.85,VALUABLE,,0.95,,,,,,standard,
backtest,2026-05-21 08:58,2021-04-20,Ligue 2,Chateauroux,Rodez,OVER,2.42,,,26.85,SNIPER,,4.73,,,,,,standard,
backtest,2026-05-21 08:58,2021-04-20,Ligue 2,Nancy,Ajaccio,OVER,2.36,,,25.8,SNIPER,,4.74,,,,,,standard,
backtest,2026-05-21 08:58,2021-04-20,Ligue 2,Niort,Troyes,UNDER,1.97,,,18.36,SNIPER,,4.73,,,,,,standard,
backtest,2026-05-21 08:58,2021-04-20,Ligue 2,Paris FC,Clermont,OVER,2.03,,,13.84,SNIPER,,3.36,,,,,,standard,
backtest,2026-05-21 08:58,2021-04-20,Ligue 2,Pau FC,Auxerre,UNDER,1.9,,,16.49,SNIPER,,4.58,,,,,,standard,
backtest,2026-05-21 08:58,2021-04-20,Ligue 2,Grenoble,Sochaux,OVER,2.36,,,21.3,SNIPER,,3.91,,,,,,standard,
backtest,2026-05-21 08:58,2021-04-20,Ligue 2,Paris FC,Clermont,UNDER,1.76,,,14.8,SNIPER,,4.87,,,,,,standard,
backtest,2026-05-21 08:58,2021-04-21,Bundesliga 2,Fortuna Dusseldorf,St Pauli,UNDER,2.28,,,13.84,SNIPER,,2.7,,,,,,standard,
backtest,2026-05-21 08:58,2021-04-21,Bundesliga 2,Paderborn,Osnabruck,OVER,1.8,,,23.04,SNIPER,,7.2,,,,,,standard,
backtest,2026-05-21 08:58,2021-04-21,Greek Super League,AEK,Panathinaikos,OVER,2.33,,,15.34,SNIPER,,2.88,,,,,,standard,
backtest,2026-05-21 08:58,2021-04-21,Greek Super League,Olympiakos,Asteras Tripolis,UNDER,2.15,,,5.08,VALUABLE,,1.1,,,,,,standard,
backtest,2026-05-21 08:58,2021-04-21,Bundesliga 2,Paderborn,Osnabruck,OVER,1.8,,,23.04,SNIPER,,7.2,,,,,,standard,
backtest,2026-05-21 08:58,2021-04-21,Bundesliga 2,Hannover,Regensburg,OVER,1.8,,,10.87,SNIPER,,3.4,,,,,,standard,
backtest,2026-05-21 08:58,2021-04-21,Bundesliga 2,Heidenheim,Bochum,OVER,1.77,,,9.65,VALUABLE,,3.13,,,,,,standard,
backtest,2026-05-21 08:58,2021-04-22,Bundesliga 2,Sandhausen,Hamburg,UNDER,2.21,,,19.27,SNIPER,,3.98,,,,,,standard,
backtest,2026-05-21 08:58,2021-04-23,Bundesliga 2,Karlsruhe,Wurzburger Kickers,UNDER,2.27,,,5.69,VALUABLE,,1.12,,,,,,standard,
backtest,2026-05-21 08:58,2021-04-23,La Liga 2,Zaragoza,Sp Gijon,OVER,3.24,,,31.1,SNIPER,,3.47,,,,,,standard,
backtest,2026-05-21 08:58,2021-04-24,Bundesliga 2,Osnabruck,Holstein Kiel,OVER,1.88,,,10.67,SNIPER,,3.03,,,,,,standard,
backtest,2026-05-21 08:58,2021-04-24,Ligue 2,Auxerre,Dunkerque,OVER,1.96,,,23.61,SNIPER,,6.15,,,,,,standard,
backtest,2026-05-21 08:58,2021-04-24,League Two,Southend,Leyton Orient,OVER,2.27,,,11.1,SNIPER,,2.19,,,,,,standard,
backtest,2026-05-21 08:58,2021-04-24,La Liga 2,Espanol,Las Palmas,OVER,1.8,,,8.03,VALUABLE,,2.51,,,,,,standard,
backtest,2026-05-21 08:58,2021-04-24,League One,Lincoln,Hull,OVER,2.12,,,20.0,SNIPER,,4.46,,,,,,standard,
backtest,2026-05-21 08:58,2021-04-24,League One,Gillingham,Northampton,OVER,2.09,,,20.8,SNIPER,,4.77,,,,,,standard,
backtest,2026-05-21 08:58,2021-04-24,Ligue 2,Ajaccio,Amiens,OVER,2.45,,,22.77,SNIPER,,3.93,,,,,,standard,
backtest,2026-05-21 08:58,2021-04-24,Ligue 2,Troyes,Grenoble,OVER,1.99,,,18.4,SNIPER,,4.65,,,,,,standard,
backtest,2026-05-21 08:58,2021-04-24,Ligue 2,Auxerre,Dunkerque,OVER,1.96,,,23.61,SNIPER,,6.15,,,,,,standard,
backtest,2026-05-21 08:58,2021-04-24,Bundesliga 2,Nurnberg,Heidenheim,OVER,1.93,,,5.96,VALUABLE,,1.6,,,,,,standard,
backtest,2026-05-21 08:58,2021-04-24,La Liga 2,Espanol,Las Palmas,UNDER,1.99,,,9.89,VALUABLE,,2.5,,,,,,standard,
backtest,2026-05-21 08:58,2021-04-24,League Two,Carlisle,Harrogate,UNDER,1.88,,,23.12,SNIPER,,6.57,,,,,,standard,
backtest,2026-05-21 08:58,2021-04-24,Ligue 2,Valenciennes,Niort,UNDER,1.9,,,12.9,SNIPER,,3.58,,,,,,standard,
backtest,2026-05-21 08:58,2021-04-24,League One,Charlton,Peterboro,OVER,2.06,,,15.04,SNIPER,,3.55,,,,,,standard,
backtest,2026-05-21 08:58,2021-04-24,Bundesliga 2,Nurnberg,Heidenheim,OVER,1.93,,,16.76,SNIPER,,4.51,,,,,,standard,
backtest,2026-05-21 08:58,2021-04-24,League One,Wigan,Burton,OVER,2.05,,,18.45,SNIPER,,4.39,,,,,,standard,
backtest,2026-05-21 08:58,2021-04-24,League One,Ipswich,AFC Wimbledon,OVER,2.3,,,20.74,SNIPER,,3.99,,,,,,standard,
backtest,2026-05-21 08:58,2021-04-24,League Two,Carlisle,Harrogate,UNDER,1.88,,,9.15,VALUABLE,,2.6,,,,,,standard,
backtest,2026-05-21 08:58,2021-04-24,League Two,Port Vale,Bradford,OVER,2.15,,,9.59,VALUABLE,,2.08,,,,,,standard,
backtest,2026-05-21 08:58,2021-04-24,League Two,Tranmere,Barrow,OVER,2.41,,,9.95,VALUABLE,,1.76,,,,,,standard,
backtest,2026-05-21 08:58,2021-04-24,League Two,Cambridge,Stevenage,OVER,2.43,,,10.29,SNIPER,,1.8,,,,,,standard,
backtest,2026-05-21 08:58,2021-04-24,League One,Lincoln,Hull,OVER,2.12,,,12.86,SNIPER,,2.87,,,,,,standard,
backtest,2026-05-21 08:58,2021-04-25,La Liga 2,Alcorcon,Leganes,OVER,2.8,,,30.22,SNIPER,,4.2,,,,,,standard,
backtest,2026-05-21 08:58,2021-04-25,La Liga 2,Alcorcon,Leganes,OVER,2.8,,,28.76,SNIPER,,3.99,,,,,,standard,
backtest,2026-05-21 08:58,2021-04-26,La Liga 2,Vallecano,Albacete,OVER,2.33,,,8.52,VALUABLE,,1.6,,,,,,standard,
backtest,2026-05-21 08:58,2021-04-26,Bundesliga 2,Karlsruhe,Erzgebirge Aue,OVER,1.77,,,13.57,SNIPER,,4.41,,,,,,standard,
backtest,2026-05-21 08:58,2021-04-27,League Two,Exeter,Grimsby,OVER,2.05,,,16.33,SNIPER,,3.89,,,,,,standard,
backtest,2026-05-21 08:58,2021-04-27,League One,AFC Wimbledon,Rochdale,OVER,2.0,,,19.27,SNIPER,,4.82,,,,,,standard,
backtest,2026-05-21 08:58,2021-04-27,League One,Accrington,Portsmouth,OVER,1.85,,,29.43,SNIPER,,8.66,,,,,,standard,
backtest,2026-05-21 08:58,2021-04-27,League One,Burton,Fleetwood Town,OVER,2.34,,,10.47,SNIPER,,1.95,,,,,,standard,
backtest,2026-05-21 08:58,2021-04-27,League One,AFC Wimbledon,Rochdale,OVER,2.0,,,19.27,SNIPER,,4.82,,,,,,standard,
backtest,2026-05-21 08:58,2021-04-27,League Two,Newport County,Scunthorpe,OVER,2.38,,,4.79,VALUABLE,,0.87,,,,,,standard,
backtest,2026-05-21 08:58,2021-04-29,Bundesliga 2,Hamburg,Karlsruhe,UNDER,2.43,,,28.29,SNIPER,,4.95,,,,,,standard,
backtest,2026-05-21 08:58,2021-04-29,Bundesliga 2,Hamburg,Karlsruhe,UNDER,2.43,,,19.6,SNIPER,,3.43,,,,,,standard,
backtest,2026-05-21 08:58,2021-04-30,League Two,Harrogate,Cambridge,OVER,2.13,,,22.33,SNIPER,,4.94,,,,,,standard,
backtest,2026-05-21 08:58,2021-04-30,La Liga 2,Lugo,Zaragoza,OVER,2.92,,,12.56,SNIPER,,1.64,,,,,,standard,
backtest,2026-05-21 08:58,2021-05-01,League One,Peterboro,Lincoln,OVER,1.92,,,17.19,SNIPER,,4.67,,,,,,standard,
backtest,2026-05-21 08:58,2021-05-01,La Liga 2,Almeria,Oviedo,OVER,2.38,,,17.85,SNIPER,,3.23,,,,,,standard,
backtest,2026-05-21 08:58,2021-05-01,League One,Accrington,Charlton,UNDER,2.18,,,23.57,SNIPER,,4.99,,,,,,standard,
backtest,2026-05-21 08:58,2021-05-01,League One,AFC Wimbledon,Portsmouth,OVER,1.92,,,17.51,SNIPER,,4.76,,,,,,standard,
backtest,2026-05-21 08:58,2021-05-01,La Liga 2,Mallorca,Mirandes,OVER,2.25,,,9.76,VALUABLE,,1.95,,,,,,standard,
backtest,2026-05-21 08:58,2021-05-01,League One,Northampton,Blackpool,OVER,2.65,,,31.86,SNIPER,,4.83,,,,,,standard,
backtest,2026-05-21 08:58,2021-05-01,Ligue 2,Caen,Auxerre,UNDER,1.93,,,12.46,SNIPER,,3.35,,,,,,standard,
backtest,2026-05-21 08:58,2021-05-01,Ligue 2,Amiens,Guingamp,OVER,2.48,,,24.68,SNIPER,,4.17,,,,,,standard,
backtest,2026-05-21 08:58,2021-05-01,League One,Hull,Wigan,OVER,1.86,,,28.78,SNIPER,,8.37,,,,,,standard,
backtest,2026-05-21 08:58,2021-05-01,League One,Swindon,Ipswich,OVER,2.14,,,23.59,SNIPER,,5.17,,,,,,standard,
backtest,2026-05-21 08:58,2021-05-01,League One,Shrewsbury,Oxford,OVER,2.21,,,15.9,SNIPER,,3.28,,,,,,standard,
backtest,2026-05-21 08:58,2021-05-01,League Two,Bolton,Exeter,OVER,2.06,,,9.0,VALUABLE,,2.12,,,,,,standard,
backtest,2026-05-21 08:58,2021-05-01,League One,AFC Wimbledon,Portsmouth,OVER,1.92,,,10.76,SNIPER,,2.92,,,,,,standard,
backtest,2026-05-21 08:58,2021-05-01,League Two,Barrow,Southend,OVER,2.38,,,4.77,VALUABLE,,0.86,,,,,,standard,
backtest,2026-05-21 08:58,2021-05-01,League Two,Stevenage,Crawley Town,OVER,2.05,,,7.22,VALUABLE,,1.72,,,,,,standard,
backtest,2026-05-21 08:58,2021-05-01,Ligue 2,Caen,Auxerre,UNDER,1.93,,,20.55,SNIPER,,5.52,,,,,,standard,
backtest,2026-05-21 08:58,2021-05-01,League Two,Leyton Orient,Carlisle,OVER,2.02,,,24.99,SNIPER,,6.13,,,,,,standard,
backtest,2026-05-21 08:58,2021-05-01,Ligue 2,Pau FC,Ajaccio,OVER,2.15,,,18.77,SNIPER,,4.08,,,,,,standard,
backtest,2026-05-21 08:58,2021-05-01,Ligue 2,Niort,Rodez,OVER,2.4,,,21.97,SNIPER,,3.92,,,,,,standard,
backtest,2026-05-21 08:58,2021-05-01,Ligue 2,Nancy,Valenciennes,UNDER,2.04,,,8.49,VALUABLE,,2.04,,,,,,standard,
backtest,2026-05-21 08:58,2021-05-01,Ligue 2,Chateauroux,Troyes,UNDER,2.16,,,25.1,SNIPER,,5.41,,,,,,standard,
backtest,2026-05-21 08:58,2021-05-01,La Liga 2,Almeria,Oviedo,OVER,2.38,,,4.77,VALUABLE,,0.86,,,,,,standard,
backtest,2026-05-21 08:58,2021-05-01,League One,Northampton,Blackpool,OVER,2.65,,,4.17,VALUABLE,,0.63,,,,,,standard,
backtest,2026-05-21 08:58,2021-05-01,League Two,Walsall,Morecambe,OVER,2.1,,,10.15,SNIPER,,2.31,,,,,,standard,
backtest,2026-05-21 08:58,2021-05-01,League One,Hull,Wigan,OVER,1.86,,,4.07,VALUABLE,,1.18,,,,,,standard,
backtest,2026-05-21 08:58,2021-05-02,La Liga 2,Fuenlabrada,Cartagena,OVER,2.66,,,26.34,SNIPER,,3.97,,,,,,standard,
backtest,2026-05-21 08:58,2021-05-02,La Liga 2,Espanol,Malaga,OVER,1.94,,,15.4,SNIPER,,4.09,,,,,,standard,
backtest,2026-05-21 08:58,2021-05-03,Ligue 2,Grenoble,Clermont,OVER,2.08,,,17.85,SNIPER,,4.13,,,,,,standard,
backtest,2026-05-21 08:58,2021-05-04,League One,Charlton,Lincoln,OVER,1.9,,,13.17,SNIPER,,3.66,,,,,,standard,
backtest,2026-05-21 08:58,2021-05-05,Greek Super League,Aris,Olympiakos,UNDER,1.81,,,13.56,SNIPER,,4.19,,,,,,standard,
backtest,2026-05-21 08:58,2021-05-05,Greek Super League,AEK,PAOK,OVER,2.27,,,10.35,SNIPER,,2.04,,,,,,standard,
backtest,2026-05-21 08:58,2021-05-05,Greek Super League,Panathinaikos,Asteras Tripolis,OVER,2.49,,,12.65,SNIPER,,2.12,,,,,,standard,
backtest,2026-05-21 08:58,2021-05-08,League Two,Exeter,Barrow,UNDER,1.9,,,10.12,SNIPER,,2.81,,,,,,standard,
backtest,2026-05-21 08:58,2021-05-08,League Two,Carlisle,Walsall,UNDER,1.91,,,26.44,SNIPER,,7.26,,,,,,standard,
backtest,2026-05-21 08:58,2021-05-08,League Two,Salford,Leyton Orient,OVER,1.9,,,10.57,SNIPER,,2.94,,,,,,standard,
backtest,2026-05-21 08:58,2021-05-08,League Two,Port Vale,Mansfield,OVER,1.94,,,13.89,SNIPER,,3.69,,,,,,standard,
backtest,2026-05-21 08:58,2021-05-08,Ligue 2,Guingamp,Chateauroux,UNDER,1.84,,,8.4,VALUABLE,,2.5,,,,,,standard,
backtest,2026-05-21 08:58,2021-05-08,Bundesliga 2,Wurzburger Kickers,Osnabruck,OVER,1.79,,,37.17,SNIPER,,11.76,,,,,,standard,
backtest,2026-05-21 08:58,2021-05-08,Bundesliga 2,Fortuna Dusseldorf,Braunschweig,OVER,1.82,,,22.16,SNIPER,,6.75,,,,,,standard,
backtest,2026-05-21 08:58,2021-05-08,Ligue 2,Chambly,Pau FC,UNDER,1.86,,,16.89,SNIPER,,4.91,,,,,,standard,
backtest,2026-05-21 08:58,2021-05-08,Ligue 2,Toulouse,Caen,OVER,1.95,,,14.16,SNIPER,,3.73,,,,,,standard,
backtest,2026-05-21 08:58,2021-05-08,Ligue 2,Auxerre,Grenoble,UNDER,1.95,,,13.87,SNIPER,,3.65,,,,,,standard,
backtest,2026-05-21 08:58,2021-05-08,Ligue 2,Valenciennes,Le Havre,OVER,2.01,,,17.82,SNIPER,,4.41,,,,,,standard,
backtest,2026-05-21 08:58,2021-05-08,League Two,Morecambe,Bradford,UNDER,2.07,,,30.49,SNIPER,,7.12,,,,,,standard,
backtest,2026-05-21 08:58,2021-05-08,Ligue 2,Clermont,Sochaux,UNDER,1.94,,,9.23,VALUABLE,,2.45,,,,,,standard,
backtest,2026-05-21 08:58,2021-05-08,Bundesliga 2,Wurzburger Kickers,Osnabruck,OVER,1.79,,,27.96,SNIPER,,8.85,,,,,,standard,
backtest,2026-05-21 08:58,2021-05-08,La Liga 2,Zaragoza,Espanol,OVER,2.44,,,28.83,SNIPER,,5.0,,,,,,standard,
backtest,2026-05-21 08:58,2021-05-08,League Two,Salford,Leyton Orient,UNDER,1.87,,,6.5,VALUABLE,,1.87,,,,,,standard,
backtest,2026-05-21 08:58,2021-05-08,Ligue 2,Troyes,Dunkerque,OVER,2.01,,,28.23,SNIPER,,6.99,,,,,,standard,
backtest,2026-05-21 08:58,2021-05-08,Ligue 2,Amiens,Niort,OVER,2.22,,,16.42,SNIPER,,3.37,,,,,,standard,
backtest,2026-05-21 08:58,2021-05-08,League Two,Oldham,Forest Green,UNDER,2.32,,,5.02,VALUABLE,,0.95,,,,,,standard,
backtest,2026-05-21 08:58,2021-05-08,Ligue 2,Guingamp,Chateauroux,UNDER,1.84,,,9.85,VALUABLE,,2.93,,,,,,standard,
backtest,2026-05-21 08:58,2021-05-08,Ligue 2,Toulouse,Caen,UNDER,1.84,,,18.26,SNIPER,,5.43,,,,,,standard,
backtest,2026-05-21 08:58,2021-05-08,League Two,Carlisle,Walsall,UNDER,1.91,,,20.25,SNIPER,,5.56,,,,,,standard,
backtest,2026-05-21 08:58,2021-05-08,League Two,Crawley Town,Bolton,UNDER,1.97,,,13.91,SNIPER,,3.58,,,,,,standard,
backtest,2026-05-21 08:58,2021-05-08,Bundesliga 2,Greuther Furth,Karlsruhe,UNDER,2.47,,,11.57,SNIPER,,1.97,,,,,,standard,
backtest,2026-05-21 08:58,2021-05-08,Ligue 2,Auxerre,Grenoble,UNDER,1.95,,,4.99,VALUABLE,,1.31,,,,,,standard,
backtest,2026-05-21 08:58,2021-05-08,Ligue 2,Valenciennes,Le Havre,UNDER,1.79,,,8.04,VALUABLE,,2.54,,,,,,standard,
backtest,2026-05-21 08:58,2021-05-08,Ligue 2,Chambly,Pau FC,UNDER,1.86,,,10.9,SNIPER,,3.17,,,,,,standard,
backtest,2026-05-21 08:58,2021-05-08,League Two,Exeter,Barrow,UNDER,1.9,,,8.32,VALUABLE,,2.31,,,,,,standard,
backtest,2026-05-21 08:58,2021-05-09,League One,Charlton,Hull,UNDER,2.14,,,18.75,SNIPER,,4.11,,,,,,standard,
backtest,2026-05-21 08:58,2021-05-09,League One,Lincoln,AFC Wimbledon,UNDER,2.23,,,12.21,SNIPER,,2.48,,,,,,standard,
backtest,2026-05-21 08:58,2021-05-09,Bundesliga 2,Heidenheim,Sandhausen,OVER,1.74,,,12.09,SNIPER,,4.08,,,,,,standard,
backtest,2026-05-21 08:58,2021-05-09,Bundesliga 2,Erzgebirge Aue,Paderborn,UNDER,2.61,,,33.75,SNIPER,,5.24,,,,,,standard,
backtest,2026-05-21 08:58,2021-05-09,League One,Portsmouth,Accrington,UNDER,2.21,,,23.66,SNIPER,,4.89,,,,,,standard,
backtest,2026-05-21 08:58,2021-05-09,La Liga 2,Mirandes,Fuenlabrada,OVER,2.64,,,23.59,SNIPER,,3.6,,,,,,standard,
backtest,2026-05-21 08:58,2021-05-09,La Liga 2,Oviedo,Sabadell,OVER,2.66,,,22.16,SNIPER,,3.34,,,,,,standard,
backtest,2026-05-21 08:58,2021-05-09,La Liga 2,Logrones,Girona,OVER,2.74,,,17.04,SNIPER,,2.45,,,,,,standard,
backtest,2026-05-21 08:58,2021-05-09,Bundesliga 2,Erzgebirge Aue,Paderborn,UNDER,2.61,,,26.35,SNIPER,,4.09,,,,,,standard,
backtest,2026-05-21 08:58,2021-05-09,League One,Gillingham,Plymouth,UNDER,2.78,,,32.67,SNIPER,,4.59,,,,,,standard,
backtest,2026-05-21 08:58,2021-05-09,League One,Lincoln,AFC Wimbledon,UNDER,2.23,,,12.21,SNIPER,,2.48,,,,,,standard,
backtest,2026-05-21 08:58,2021-05-09,League One,Ipswich,Fleetwood Town,OVER,2.04,,,17.11,SNIPER,,4.11,,,,,,standard,
backtest,2026-05-21 08:58,2021-05-09,Greek Super League,Asteras Tripolis,Olympiakos,UNDER,2.18,,,14.11,SNIPER,,2.99,,,,,,standard,
backtest,2026-05-21 08:58,2021-05-09,League One,Gillingham,Plymouth,UNDER,2.78,,,29.22,SNIPER,,4.1,,,,,,standard,
backtest,2026-05-21 08:58,2021-05-09,Bundesliga 2,Heidenheim,Sandhausen,OVER,1.74,,,7.43,VALUABLE,,2.51,,,,,,standard,
backtest,2026-05-21 08:58,2021-05-09,League One,Wigan,Swindon,UNDER,2.28,,,12.41,SNIPER,,2.42,,,,,,standard,
backtest,2026-05-21 08:58,2021-05-09,League One,Milton Keynes Dons,Rochdale,UNDER,2.56,,,33.01,SNIPER,,5.29,,,,,,standard,
backtest,2026-05-21 08:58,2021-05-09,League One,Oxford,Burton,UNDER,2.38,,,10.79,SNIPER,,1.96,,,,,,standard,
backtest,2026-05-21 08:58,2021-05-09,League One,Portsmouth,Accrington,UNDER,2.21,,,11.12,SNIPER,,2.3,,,,,,standard,
backtest,2026-05-21 08:58,2021-05-09,League One,Sunderland,Northampton,UNDER,2.13,,,16.29,SNIPER,,3.6,,,,,,standard,
backtest,2026-05-21 08:58,2021-05-10,Bundesliga 2,Holstein Kiel,Hannover,UNDER,2.52,,,17.82,SNIPER,,2.93,,,,,,standard,
backtest,2026-05-21 08:58,2021-05-10,Bundesliga 2,Hamburg,Nurnberg,UNDER,2.37,,,22.6,SNIPER,,4.12,,,,,,standard,
backtest,2026-05-21 08:58,2021-05-10,Bundesliga 2,Holstein Kiel,Hannover,UNDER,2.52,,,7.34,VALUABLE,,1.21,,,,,,standard,
backtest,2026-05-21 08:58,2021-05-12,Greek Super League,Olympiakos,PAOK,UNDER,1.87,,,12.2,SNIPER,,3.5,,,,,,standard,
backtest,2026-05-21 08:58,2021-05-12,Greek Super League,Asteras Tripolis,AEK,UNDER,1.89,,,11.88,SNIPER,,3.34,,,,,,standard,
backtest,2026-05-21 08:58,2021-05-13,Bundesliga 2,Holstein Kiel,Regensburg,UNDER,2.2,,,8.47,VALUABLE,,1.76,,,,,,standard,
backtest,2026-05-21 08:58,2021-05-15,La Liga 2,Lugo,Mirandes,OVER,2.45,,,24.99,SNIPER,,4.31,,,,,,standard,
backtest,2026-05-21 08:58,2021-05-15,Ligue 2,Pau FC,Valenciennes,UNDER,2.62,,,8.47,VALUABLE,,1.31,,,,,,standard,
backtest,2026-05-21 08:58,2021-05-15,Ligue 2,Paris FC,Chambly,UNDER,2.15,,,16.98,SNIPER,,3.69,,,,,,standard,
backtest,2026-05-21 08:58,2021-05-15,Ligue 2,Niort,Guingamp,UNDER,1.9,,,26.97,SNIPER,,7.49,,,,,,standard,
backtest,2026-05-21 08:58,2021-05-15,Ligue 2,Dunkerque,Toulouse,UNDER,1.82,,,14.64,SNIPER,,4.46,,,,,,standard,
backtest,2026-05-21 08:58,2021-05-15,Greek Super League,Atromitos,Volos NFC,OVER,1.86,,,7.69,VALUABLE,,2.23,,,,,,standard,
backtest,2026-05-21 08:58,2021-05-15,Ligue 2,Chateauroux,Ajaccio,UNDER,2.17,,,19.01,SNIPER,,4.06,,,,,,standard,
backtest,2026-05-21 08:58,2021-05-15,Ligue 2,Dunkerque,Toulouse,OVER,1.97,,,17.17,SNIPER,,4.42,,,,,,standard,
backtest,2026-05-21 08:58,2021-05-15,La Liga 2,Almeria,Albacete,OVER,1.92,,,14.12,SNIPER,,3.84,,,,,,standard,
backtest,2026-05-21 08:58,2021-05-15,Ligue 2,Pau FC,Valenciennes,UNDER,2.62,,,27.52,SNIPER,,4.25,,,,,,standard,
backtest,2026-05-21 08:58,2021-05-15,Ligue 2,Niort,Guingamp,UNDER,1.9,,,22.0,SNIPER,,6.11,,,,,,standard,
backtest,2026-05-21 08:58,2021-05-15,Ligue 2,Grenoble,Rodez,UNDER,1.95,,,13.81,SNIPER,,3.64,,,,,,standard,
backtest,2026-05-21 08:58,2021-05-15,Ligue 2,Nancy,Amiens,UNDER,2.02,,,12.62,SNIPER,,3.09,,,,,,standard,
backtest,2026-05-21 08:58,2021-05-16,Bundesliga 2,Braunschweig,Wurzburger Kickers,OVER,1.7,,,17.9,SNIPER,,6.39,,,,,,standard,
backtest,2026-05-21 08:58,2021-05-16,Bundesliga 2,Braunschweig,Wurzburger Kickers,OVER,1.7,,,24.46,SNIPER,,8.74,,,,,,standard,
backtest,2026-05-21 08:58,2021-05-16,Bundesliga 2,Nurnberg,Bochum,UNDER,2.43,,,30.75,SNIPER,,5.38,,,,,,standard,
backtest,2026-05-21 08:58,2021-05-16,La Liga 2,Leganes,Logrones,OVER,2.48,,,18.07,SNIPER,,3.05,,,,,,standard,
backtest,2026-05-21 08:58,2021-05-16,Greek Super League,Panathinaikos,Olympiakos,UNDER,1.89,,,17.14,SNIPER,,4.82,,,,,,standard,
backtest,2026-05-21 08:58,2021-05-16,Greek Super League,AEK,Aris,UNDER,1.81,,,16.62,SNIPER,,5.13,,,,,,standard,
backtest,2026-05-21 08:58,2021-05-16,La Liga 2,Fuenlabrada,Vallecano,OVER,2.35,,,10.71,SNIPER,,1.98,,,,,,standard,
backtest,2026-05-21 08:58,2021-05-16,La Liga 2,Fuenlabrada,Vallecano,OVER,2.35,,,25.84,SNIPER,,4.78,,,,,,standard,
backtest,2026-05-21 08:58,2021-05-16,Bundesliga 2,Nurnberg,Bochum,UNDER,2.43,,,15.15,SNIPER,,2.65,,,,,,standard,
backtest,2026-05-21 08:58,2021-05-18,La Liga 2,Ponferradina,Espanol,OVER,2.09,,,8.82,VALUABLE,,2.02,,,,,,standard,
backtest,2026-05-21 08:58,2021-05-18,La Liga 2,Cartagena,Almeria,OVER,2.14,,,7.37,VALUABLE,,1.62,,,,,,standard,
backtest,2026-05-21 08:58,2021-05-18,La Liga 2,Cartagena,Almeria,OVER,2.14,,,5.65,VALUABLE,,1.24,,,,,,standard,
backtest,2026-05-21 08:58,2021-05-19,La Liga 2,Logrones,Fuenlabrada,OVER,2.32,,,8.99,VALUABLE,,1.7,,,,,,standard,
backtest,2026-05-21 08:58,2021-05-20,La Liga 2,Vallecano,Oviedo,OVER,2.28,,,12.08,SNIPER,,2.36,,,,,,standard,
backtest,2026-05-21 08:58,2021-05-20,La Liga 2,Zaragoza,Castellon,OVER,2.68,,,20.16,SNIPER,,3.0,,,,,,standard,
backtest,2026-05-21 08:58,2021-05-23,La Liga 2,Mallorca,Zaragoza,OVER,2.26,,,11.69,SNIPER,,2.32,,,,,,standard,
backtest,2026-05-21 08:58,2021-05-23,Bundesliga 2,Erzgebirge Aue,Osnabruck,UNDER,2.59,,,9.3,VALUABLE,,1.46,,,,,,standard,
backtest,2026-05-21 08:58,2021-05-23,Bundesliga 2,Wurzburger Kickers,Paderborn,UNDER,3.92,,,18.55,SNIPER,,1.59,,,,,,standard,
backtest,2026-05-21 08:58,2021-05-23,Bundesliga 2,Regensburg,St Pauli,UNDER,2.54,,,8.54,VALUABLE,,1.39,,,,,,standard,
backtest,2026-05-21 08:58,2021-05-23,Bundesliga 2,Bochum,Sandhausen,UNDER,2.6,,,16.77,SNIPER,,2.62,,,,,,standard,
backtest,2026-05-21 08:58,2021-05-23,Bundesliga 2,Hamburg,Braunschweig,UNDER,3.1,,,14.38,SNIPER,,1.71,,,,,,standard,
backtest,2026-05-21 08:58,2021-05-24,La Liga 2,Almeria,Logrones,OVER,1.94,,,19.75,SNIPER,,5.25,,,,,,standard,
backtest,2026-05-21 08:58,2021-05-24,La Liga 2,Las Palmas,Albacete,OVER,1.89,,,5.81,VALUABLE,,1.63,,,,,,standard,
backtest,2026-05-21 08:58,2021-05-24,La Liga 2,Almeria,Logrones,OVER,1.94,,,7.59,VALUABLE,,2.02,,,,,,standard,
backtest,2026-05-21 08:58,2021-05-24,La Liga 2,Oviedo,Mirandes,OVER,2.45,,,27.29,SNIPER,,4.71,,,,,,standard,
backtest,2026-05-21 08:58,2021-05-29,La Liga 2,Tenerife,Oviedo,OVER,2.33,,,15.8,SNIPER,,2.97,,,,,,standard,
backtest,2026-05-21 08:58,2021-05-30,La Liga 2,Zaragoza,Leganes,OVER,2.21,,,24.52,SNIPER,,5.07,,,,,,standard,
backtest,2026-05-21 08:58,2021-05-30,La Liga 2,Ponferradina,Mallorca,OVER,1.95,,,22.34,SNIPER,,5.88,,,,,,standard,
backtest,2026-05-21 08:58,2021-05-30,La Liga 2,Malaga,Castellon,OVER,2.12,,,22.7,SNIPER,,5.07,,,,,,standard,
backtest,2026-05-21 08:58,2021-05-30,La Liga 2,Logrones,Las Palmas,UNDER,2.07,,,16.88,SNIPER,,3.94,,,,,,standard,
backtest,2026-05-21 08:58,2021-05-30,La Liga 2,Albacete,Fuenlabrada,UNDER,1.97,,,10.06,SNIPER,,2.59,,,,,,standard,
backtest,2026-05-21 08:58,2021-05-30,La Liga 2,Vallecano,Lugo,OVER,1.91,,,16.55,SNIPER,,4.55,,,,,,standard,
backtest,2026-05-21 08:58,2021-05-30,La Liga 2,Logrones,Las Palmas,UNDER,2.07,,,12.52,SNIPER,,2.92,,,,,,standard,
backtest,2026-05-21 08:58,2021-07-24,Bundesliga 2,Darmstadt,Regensburg,OVER,1.91,,,5.7,VALUABLE,,1.57,,,,,,standard,
backtest,2026-05-21 08:58,2021-07-24,Bundesliga 2,Heidenheim,Paderborn,OVER,1.71,,,21.88,SNIPER,,7.7,,,,,,standard,
backtest,2026-05-21 08:58,2021-07-24,Ligue 2,Dunkerque,Quevilly Rouen,OVER,2.51,,,9.13,VALUABLE,,1.51,,,,,,standard,
backtest,2026-05-21 08:58,2021-07-24,Ligue 2,Pau FC,Nancy,OVER,2.34,,,14.67,SNIPER,,2.74,,,,,,standard,
backtest,2026-05-21 08:58,2021-07-24,Ligue 2,Valenciennes,Niort,UNDER,1.88,,,8.11,VALUABLE,,2.3,,,,,,standard,
backtest,2026-05-21 08:58,2021-07-24,Ligue 2,Grenoble,Paris FC,OVER,2.2,,,12.44,SNIPER,,2.59,,,,,,standard,
backtest,2026-05-21 08:58,2021-07-25,Bundesliga 2,Nurnberg,Erzgebirge Aue,OVER,1.74,,,10.91,SNIPER,,3.69,,,,,,standard,
backtest,2026-05-21 08:58,2021-07-25,Bundesliga 2,Sandhausen,Fortuna Dusseldorf,OVER,1.9,,,26.82,SNIPER,,7.45,,,,,,standard,
backtest,2026-05-21 08:58,2021-07-25,Bundesliga 2,St Pauli,Holstein Kiel,OVER,1.77,,,26.54,SNIPER,,8.62,,,,,,standard,
backtest,2026-05-21 08:58,2021-07-30,Bundesliga 2,Karlsruhe,Darmstadt,OVER,1.74,,,18.73,SNIPER,,6.33,,,,,,standard,
backtest,2026-05-21 08:58,2021-07-31,Ligue 2,Rodez,Pau FC,OVER,2.33,,,20.05,SNIPER,,3.77,,,,,,standard,
backtest,2026-05-21 08:58,2021-07-31,Ligue 2,Niort,Caen,OVER,2.39,,,7.99,VALUABLE,,1.44,,,,,,standard,
backtest,2026-05-21 08:58,2021-07-31,Ligue 2,Sochaux,Le Havre,OVER,2.3,,,31.28,SNIPER,,6.01,,,,,,standard,
backtest,2026-05-21 08:58,2021-07-31,Ligue 2,Ajaccio,Amiens,OVER,2.41,,,16.4,SNIPER,,2.91,,,,,,standard,
backtest,2026-05-21 08:58,2021-07-31,Ligue 2,Guingamp,Valenciennes,UNDER,1.82,,,28.26,SNIPER,,8.62,,,,,,standard,
backtest,2026-05-21 08:58,2021-07-31,Ligue 2,Nancy,Toulouse,OVER,1.96,,,27.9,SNIPER,,7.27,,,,,,standard,
backtest,2026-05-21 08:58,2021-07-31,Bundesliga 2,Ingolstadt,Heidenheim,OVER,1.97,,,5.27,VALUABLE,,1.36,,,,,,standard,
backtest,2026-05-21 08:58,2021-07-31,Bundesliga 2,Hannover,Hansa Rostock,OVER,1.71,,,31.95,SNIPER,,11.25,,,,,,standard,
backtest,2026-05-21 08:58,2021-08-01,Bundesliga 2,Erzgebirge Aue,St Pauli,OVER,1.72,,,16.62,SNIPER,,5.77,,,,,,standard,
backtest,2026-05-21 08:58,2021-08-01,Bundesliga 2,Holstein Kiel,Schalke 04,OVER,1.76,,,38.72,SNIPER,,12.74,,,,,,standard,
backtest,2026-05-21 08:58,2021-08-02,Ligue 2,Auxerre,Grenoble,OVER,1.89,,,17.49,SNIPER,,4.91,,,,,,standard,
backtest,2026-05-21 08:58,2021-08-07,Ligue 2,Dunkerque,Niort,OVER,2.44,,,8.85,VALUABLE,,1.54,,,,,,standard,
backtest,2026-05-21 08:58,2021-08-07,League Two,Oldham,Newport County,OVER,2.13,,,31.45,SNIPER,,6.96,,,,,,standard,
backtest,2026-05-21 08:58,2021-08-07,League One,Ipswich,Morecambe,OVER,1.85,,,11.23,SNIPER,,3.3,,,,,,standard,
backtest,2026-05-21 08:58,2021-08-07,Ligue 2,Valenciennes,Nimes,UNDER,1.78,,,4.64,VALUABLE,,1.49,,,,,,standard,
backtest,2026-05-21 08:58,2021-08-07,League Two,Scunthorpe,Swindon,OVER,2.31,,,22.43,SNIPER,,4.28,,,,,,standard,
backtest,2026-05-21 08:58,2021-08-07,Ligue 2,Pau FC,Toulouse,OVER,2.03,,,17.87,SNIPER,,4.34,,,,,,standard,
backtest,2026-05-21 08:58,2021-08-07,Ligue 2,Le Havre,Paris FC,OVER,1.99,,,9.64,VALUABLE,,2.43,,,,,,standard,
backtest,2026-05-21 08:58,2021-08-07,Ligue 2,Dijon,Rodez,OVER,2.42,,,28.79,SNIPER,,5.07,,,,,,standard,
backtest,2026-05-21 08:58,2021-08-07,Ligue 2,Auxerre,Ajaccio,UNDER,1.76,,,4.14,VALUABLE,,1.36,,,,,,standard,
backtest,2026-05-21 08:58,2021-08-07,League One,Fleetwood Town,Portsmouth,OVER,2.31,,,23.95,SNIPER,,4.57,,,,,,standard,
backtest,2026-05-21 08:58,2021-08-07,League One,Wycombe,Accrington,OVER,1.88,,,4.01,VALUABLE,,1.14,,,,,,standard,
backtest,2026-05-21 08:58,2021-08-07,League One,Shrewsbury,Burton,OVER,2.4,,,28.49,SNIPER,,5.09,,,,,,standard,
backtest,2026-05-21 08:58,2021-08-07,League One,Doncaster,AFC Wimbledon,OVER,1.91,,,17.8,SNIPER,,4.89,,,,,,standard,
backtest,2026-05-21 08:58,2021-08-07,League One,Gillingham,Lincoln,OVER,2.07,,,18.93,SNIPER,,4.42,,,,,,standard,
backtest,2026-05-21 08:58,2021-08-07,League One,Crewe,Cheltenham,OVER,2.14,,,10.47,SNIPER,,2.3,,,,,,standard,
backtest,2026-05-21 08:58,2021-08-11,Ligue 2,Bastia,Nancy,UNDER,1.79,,,24.89,SNIPER,,7.88,,,,,,standard,
backtest,2026-05-21 08:58,2021-08-13,La Liga 2,Zaragoza,Ibiza,OVER,2.8,,,48.13,SNIPER,,6.68,,,,,,standard,
backtest,2026-05-21 08:58,2021-08-13,Bundesliga 2,Schalke 04,Erzgebirge Aue,OVER,1.71,,,22.47,SNIPER,,7.91,,,,,,standard,
backtest,2026-05-21 08:58,2021-08-14,Bundesliga 2,Sandhausen,Karlsruhe,OVER,1.81,,,29.08,SNIPER,,8.97,,,,,,standard,
backtest,2026-05-21 08:58,2021-08-14,League One,Milton Keynes Dons,Sunderland,OVER,1.87,,,16.68,SNIPER,,4.79,,,,,,standard,
backtest,2026-05-21 08:58,2021-08-14,Ligue 2,Rodez,Le Havre,OVER,2.27,,,23.19,SNIPER,,4.57,,,,,,standard,
backtest,2026-05-21 08:58,2021-08-14,League One,AFC Wimbledon,Bolton,OVER,1.98,,,36.12,SNIPER,,9.21,,,,,,standard,
backtest,2026-05-21 08:58,2021-08-14,League Two,Rochdale,Scunthorpe,OVER,2.13,,,26.08,SNIPER,,5.77,,,,,,standard,
backtest,2026-05-21 08:58,2021-08-14,League Two,Colchester,Northampton,OVER,2.47,,,5.0,VALUABLE,,0.85,,,,,,standard,
backtest,2026-05-21 08:58,2021-08-14,League Two,Bradford,Oldham,UNDER,2.02,,,17.79,SNIPER,,4.36,,,,,,standard,
backtest,2026-05-21 08:58,2021-08-14,Ligue 2,Nancy,Valenciennes,UNDER,1.96,,,4.74,VALUABLE,,1.23,,,,,,standard,
backtest,2026-05-21 08:58,2021-08-14,La Liga 2,Ponferradina,Alcorcon,OVER,3.08,,,11.85,SNIPER,,1.42,,,,,,standard,
backtest,2026-05-21 08:58,2021-08-14,Bundesliga 2,Nurnberg,Fortuna Dusseldorf,OVER,1.91,,,10.01,SNIPER,,2.75,,,,,,standard,
backtest,2026-05-21 08:58,2021-08-14,Bundesliga 2,Holstein Kiel,Regensburg,OVER,1.83,,,14.54,SNIPER,,4.38,,,,,,standard,
backtest,2026-05-21 08:58,2021-08-14,League One,Wigan,Rotherham,OVER,1.95,,,23.94,SNIPER,,6.3,,,,,,standard,
backtest,2026-05-21 08:58,2021-08-15,Bundesliga 2,Heidenheim,Hansa Rostock,OVER,1.92,,,23.13,SNIPER,,6.28,,,,,,standard,
backtest,2026-05-21 08:58,2021-08-15,La Liga 2,Oviedo,Lugo,OVER,3.01,,,11.02,SNIPER,,1.37,,,,,,standard,
backtest,2026-05-21 08:58,2021-08-16,La Liga 2,Cartagena,Almeria,OVER,2.23,,,13.46,SNIPER,,2.74,,,,,,standard,
backtest,2026-05-21 08:58,2021-08-17,League Two,Bradford,Stevenage,OVER,2.36,,,21.13,SNIPER,,3.88,,,,,,standard,
backtest,2026-05-21 08:58,2021-08-17,League One,Morecambe,Rotherham,OVER,1.93,,,10.32,SNIPER,,2.77,,,,,,standard,
backtest,2026-05-21 08:58,2021-08-17,League One,Burton,Sunderland,OVER,2.22,,,26.06,SNIPER,,5.34,,,,,,standard,
backtest,2026-05-21 08:58,2021-08-17,League Two,Bristol Rvs,Oldham,UNDER,1.92,,,11.08,SNIPER,,3.01,,,,,,standard,
backtest,2026-05-21 08:58,2021-08-17,League Two,Rochdale,Forest Green,OVER,1.99,,,19.69,SNIPER,,4.97,,,,,,standard,
backtest,2026-05-21 08:58,2021-08-17,League Two,Swindon,Tranmere,OVER,2.13,,,24.16,SNIPER,,5.35,,,,,,standard,
backtest,2026-05-21 08:58,2021-08-20,Bundesliga 2,Hannover,Heidenheim,OVER,1.85,,,12.26,SNIPER,,3.61,,,,,,standard,
backtest,2026-05-21 08:58,2021-08-20,La Liga 2,Almeria,Oviedo,OVER,2.11,,,28.43,SNIPER,,6.4,,,,,,standard,
backtest,2026-05-21 08:58,2021-08-20,Bundesliga 2,Fortuna Dusseldorf,Holstein Kiel,OVER,1.72,,,15.25,SNIPER,,5.3,,,,,,standard,
backtest,2026-05-21 08:58,2021-08-21,Ligue 2,Dunkerque,Nimes,OVER,2.21,,,7.03,VALUABLE,,1.45,,,,,,standard,
backtest,2026-05-21 08:58,2021-08-21,Ligue 2,Pau FC,Bastia,OVER,2.41,,,12.27,SNIPER,,2.18,,,,,,standard,
backtest,2026-05-21 08:58,2021-08-21,Bundesliga 2,Hansa Rostock,Dresden,OVER,2.04,,,5.34,VALUABLE,,1.28,,,,,,standard,
backtest,2026-05-21 08:58,2021-08-21,Ligue 2,Amiens,Sochaux,OVER,2.56,,,14.71,SNIPER,,2.36,,,,,,standard,
backtest,2026-05-21 08:58,2021-08-21,Ligue 2,Caen,Nancy,OVER,2.07,,,11.37,SNIPER,,2.66,,,,,,standard,
backtest,2026-05-21 08:58,2021-08-21,League Two,Salford,Swindon,OVER,2.19,,,13.43,SNIPER,,2.82,,,,,,standard,
backtest,2026-05-21 08:58,2021-08-21,League Two,Forest Green,Crawley Town,OVER,1.9,,,30.51,SNIPER,,8.48,,,,,,standard,
backtest,2026-05-21 08:58,2021-08-21,League Two,Harrogate,Barrow,OVER,2.13,,,29.92,SNIPER,,6.62,,,,,,standard,
backtest,2026-05-21 08:58,2021-08-21,League Two,Hartlepool,Walsall,OVER,2.25,,,24.92,SNIPER,,4.98,,,,,,standard,
backtest,2026-05-21 08:58,2021-08-21,League One,Ipswich,Milton Keynes Dons,OVER,1.85,,,41.03,SNIPER,,12.07,,,,,,standard,
backtest,2026-05-21 08:58,2021-08-21,League One,Cambridge,Burton,OVER,2.15,,,17.11,SNIPER,,3.72,,,,,,standard,
backtest,2026-05-21 08:58,2021-08-21,Bundesliga 2,Paderborn,St Pauli,UNDER,2.51,,,6.82,VALUABLE,,1.13,,,,,,standard,
backtest,2026-05-21 08:58,2021-08-21,League One,Fleetwood Town,Cheltenham,OVER,2.44,,,12.78,SNIPER,,2.22,,,,,,standard,
backtest,2026-05-21 08:58,2021-08-21,La Liga 2,Tenerife,Sp Gijon,OVER,3.04,,,13.17,SNIPER,,1.61,,,,,,standard,
backtest,2026-05-21 08:58,2021-08-22,Bundesliga 2,Ingolstadt,Nurnberg,OVER,1.87,,,18.55,SNIPER,,5.33,,,,,,standard,
backtest,2026-05-21 08:58,2021-08-23,Ligue 2,Auxerre,Guingamp,OVER,2.12,,,8.69,VALUABLE,,1.94,,,,,,standard,
backtest,2026-05-21 08:58,2021-08-24,League Two,Leyton Orient,Harrogate,OVER,2.13,,,31.42,SNIPER,,6.95,,,,,,standard,
backtest,2026-05-21 08:58,2021-08-25,Ligue 2,Ajaccio,Caen,OVER,2.44,,,9.4,VALUABLE,,1.63,,,,,,standard,
backtest,2026-05-21 08:58,2021-08-27,League One,Burton,Cheltenham,OVER,2.17,,,11.31,SNIPER,,2.42,,,,,,standard,
backtest,2026-05-21 08:58,2021-08-27,La Liga 2,Malaga,Alcorcon,OVER,3.02,,,16.56,SNIPER,,2.05,,,,,,standard,
backtest,2026-05-21 08:58,2021-08-27,League Two,Rochdale,Colchester,OVER,2.21,,,24.34,SNIPER,,5.03,,,,,,standard,
backtest,2026-05-21 08:58,2021-08-27,Bundesliga 2,Sandhausen,Ingolstadt,OVER,1.84,,,6.82,VALUABLE,,2.03,,,,,,standard,
backtest,2026-05-21 08:58,2021-08-27,Bundesliga 2,Nurnberg,Karlsruhe,OVER,2.02,,,6.35,VALUABLE,,1.56,,,,,,standard,
backtest,2026-05-21 08:58,2021-08-28,League One,Oxford,Lincoln,OVER,1.88,,,17.8,SNIPER,,5.06,,,,,,standard,
backtest,2026-05-21 08:58,2021-08-28,League One,Morecambe,Sheffield Weds,OVER,2.1,,,17.64,SNIPER,,4.01,,,,,,standard,
backtest,2026-05-21 08:58,2021-08-28,League One,Plymouth,Fleetwood Town,OVER,2.01,,,19.44,SNIPER,,4.81,,,,,,standard,
backtest,2026-05-21 08:58,2021-08-28,La Liga 2,Oviedo,Tenerife,OVER,3.29,,,14.99,SNIPER,,1.64,,,,,,standard,
backtest,2026-05-21 08:58,2021-08-28,Bundesliga 2,Holstein Kiel,Erzgebirge Aue,OVER,1.71,,,4.26,VALUABLE,,1.5,,,,,,standard,
backtest,2026-05-21 08:58,2021-08-28,League One,Sunderland,Wycombe,OVER,1.88,,,4.2,VALUABLE,,1.19,,,,,,standard,
backtest,2026-05-21 08:58,2021-08-28,League One,Cambridge,Bolton,OVER,1.86,,,7.41,VALUABLE,,2.15,,,,,,standard,
backtest,2026-05-21 08:58,2021-08-28,League Two,Hartlepool,Carlisle,OVER,2.28,,,8.64,VALUABLE,,1.69,,,,,,standard,
backtest,2026-05-21 08:58,2021-08-28,League Two,Forest Green,Port Vale,OVER,1.97,,,21.9,SNIPER,,5.64,,,,,,standard,
backtest,2026-05-21 08:58,2021-08-28,League Two,Walsall,Stevenage,OVER,2.51,,,18.02,SNIPER,,2.98,,,,,,standard,
backtest,2026-05-21 08:58,2021-08-28,League Two,Swindon,Mansfield,OVER,2.07,,,19.43,SNIPER,,4.54,,,,,,standard,
backtest,2026-05-21 08:58,2021-08-28,League Two,Sutton,Oldham,OVER,1.97,,,17.24,SNIPER,,4.44,,,,,,standard,
backtest,2026-05-21 08:58,2021-08-28,Bundesliga 2,Schalke 04,Fortuna Dusseldorf,OVER,1.76,,,37.77,SNIPER,,12.42,,,,,,standard,
backtest,2026-05-21 08:58,2021-08-30,La Liga 2,Zaragoza,Cartagena,OVER,2.65,,,9.33,VALUABLE,,1.41,,,,,,standard,
backtest,2026-05-21 08:58,2021-09-03,La Liga 2,Girona,Sp Gijon,OVER,2.91,,,18.14,SNIPER,,2.37,,,,,,standard,
backtest,2026-05-21 08:58,2021-09-04,La Liga 2,Tenerife,Ponferradina,OVER,2.45,,,30.23,SNIPER,,5.21,,,,,,standard,
backtest,2026-05-21 08:58,2021-09-04,La Liga 2,Almeria,Malaga,OVER,2.01,,,32.22,SNIPER,,7.98,,,,,,standard,
backtest,2026-05-21 08:58,2021-09-04,La Liga 2,Fuenlabrada,Lugo,OVER,2.53,,,31.15,SNIPER,,5.09,,,,,,standard,
backtest,2026-05-21 08:58,2021-09-04,League Two,Bradford,Walsall,OVER,2.06,,,25.66,SNIPER,,6.05,,,,,,standard,
backtest,2026-05-21 08:58,2021-09-04,League Two,Exeter,Forest Green,UNDER,1.87,,,9.36,VALUABLE,,2.69,,,,,,standard,
backtest,2026-05-21 08:58,2021-09-04,League Two,Mansfield,Harrogate,OVER,1.94,,,21.11,SNIPER,,5.61,,,,,,standard,
backtest,2026-05-21 08:58,2021-09-04,League Two,Bristol Rvs,Crawley Town,UNDER,2.03,,,5.9,VALUABLE,,1.43,,,,,,standard,
backtest,2026-05-21 08:58,2021-09-04,League Two,Oldham,Barrow,OVER,2.08,,,22.97,SNIPER,,5.32,,,,,,standard,
backtest,2026-05-21 08:58,2021-09-05,La Liga 2,Ibiza,Amorebieta,OVER,2.47,,,15.35,SNIPER,,2.61,,,,,,standard,
backtest,2026-05-21 08:58,2021-09-05,La Liga 2,Mirandes,Las Palmas,OVER,2.28,,,10.03,SNIPER,,1.96,,,,,,standard,
backtest,2026-05-21 08:58,2021-09-06,League One,Bolton,Burton,OVER,1.91,,,6.3,VALUABLE,,1.73,,,,,,standard,
backtest,2026-05-21 08:58,2021-09-10,League Two,Harrogate,Newport County,OVER,2.12,,,16.19,SNIPER,,3.61,,,,,,standard,
backtest,2026-05-21 08:58,2021-09-10,League Two,Barrow,Colchester,OVER,2.4,,,26.14,SNIPER,,4.67,,,,,,standard,
backtest,2026-05-21 08:58,2021-09-11,La Liga 2,Amorebieta,Burgos,OVER,2.57,,,14.82,SNIPER,,2.36,,,,,,standard,
backtest,2026-05-21 08:58,2021-09-11,League One,Charlton,Cheltenham,OVER,2.16,,,7.49,VALUABLE,,1.61,,,,,,standard,
backtest,2026-05-21 08:58,2021-09-11,Bundesliga 2,Ingolstadt,Werder Bremen,OVER,1.73,,,22.84,SNIPER,,7.82,,,,,,standard,
backtest,2026-05-21 08:58,2021-09-11,Bundesliga 2,Karlsruhe,Holstein Kiel,OVER,1.74,,,29.74,SNIPER,,10.05,,,,,,standard,
backtest,2026-05-21 08:58,2021-09-11,League One,Ipswich,Bolton,OVER,1.95,,,21.64,SNIPER,,5.7,,,,,,standard,
backtest,2026-05-21 08:58,2021-09-11,League Two,Swindon,Port Vale,OVER,2.27,,,16.88,SNIPER,,3.32,,,,,,standard,
backtest,2026-05-21 08:58,2021-09-11,Bundesliga 2,Hannover,St Pauli,UNDER,2.33,,,10.19,SNIPER,,1.92,,,,,,standard,
backtest,2026-05-21 08:58,2021-09-11,League Two,Forest Green,Northampton,OVER,1.97,,,21.26,SNIPER,,5.48,,,,,,standard,
backtest,2026-05-21 08:58,2021-09-11,League Two,Sutton,Stevenage,OVER,2.53,,,32.49,SNIPER,,5.31,,,,,,standard,
backtest,2026-05-21 08:58,2021-09-11,League Two,Walsall,Mansfield,OVER,2.17,,,5.01,VALUABLE,,1.07,,,,,,standard,
backtest,2026-05-21 08:58,2021-09-11,League One,Wigan,Doncaster,OVER,2.05,,,9.2,VALUABLE,,2.19,,,,,,standard,
backtest,2026-05-21 08:58,2021-09-11,Ligue 2,Paris FC,Guingamp,OVER,2.18,,,26.15,SNIPER,,5.54,,,,,,standard,
backtest,2026-05-21 08:58,2021-09-11,Ligue 2,Dijon,Bastia,OVER,2.22,,,26.97,SNIPER,,5.53,,,,,,standard,
backtest,2026-05-21 08:58,2021-09-11,Greek Super League,Panetolikos,Asteras Tripolis,OVER,2.45,,,12.71,SNIPER,,2.19,,,,,,standard,
backtest,2026-05-21 08:58,2021-09-11,League Two,Salford,Bradford,OVER,2.15,,,25.51,SNIPER,,5.55,,,,,,standard,
backtest,2026-05-21 08:58,2021-09-12,Bundesliga 2,Heidenheim,Dresden,OVER,1.97,,,17.31,SNIPER,,4.46,,,,,,standard,
backtest,2026-05-21 08:58,2021-09-12,Greek Super League,PAOK,Giannina,UNDER,1.92,,,9.86,VALUABLE,,2.68,,,,,,standard,
backtest,2026-05-21 08:58,2021-09-12,Bundesliga 2,Regensburg,Nurnberg,OVER,1.97,,,15.05,SNIPER,,3.88,,,,,,standard,
backtest,2026-05-21 08:58,2021-09-12,La Liga 2,Oviedo,Cartagena,OVER,2.49,,,10.18,SNIPER,,1.71,,,,,,standard,
backtest,2026-05-21 08:58,2021-09-13,Ligue 2,Le Havre,Toulouse,UNDER,1.75,,,7.6,VALUABLE,,2.53,,,,,,standard,
backtest,2026-05-21 08:58,2021-09-14,League Two,Sutton,Hartlepool,OVER,2.35,,,9.47,VALUABLE,,1.75,,,,,,standard,
backtest,2026-05-21 08:58,2021-09-14,League One,Lincoln,Rotherham,OVER,1.93,,,15.59,SNIPER,,4.19,,,,,,standard,
backtest,2026-05-21 08:58,2021-09-18,Bundesliga 2,Holstein Kiel,Hannover,OVER,1.76,,,9.65,VALUABLE,,3.18,,,,,,standard,
backtest,2026-05-21 08:58,2021-09-18,League One,Cheltenham,Oxford,OVER,1.99,,,15.67,SNIPER,,3.96,,,,,,standard,
backtest,2026-05-21 08:58,2021-09-18,League Two,Northampton,Swindon,OVER,2.15,,,13.48,SNIPER,,2.93,,,,,,standard,
backtest,2026-05-21 08:58,2021-09-18,League One,Accrington,Wigan,OVER,2.09,,,12.14,SNIPER,,2.78,,,,,,standard,
backtest,2026-05-21 08:58,2021-09-18,League One,Lincoln,Ipswich,OVER,1.86,,,9.55,VALUABLE,,2.78,,,,,,standard,
backtest,2026-05-21 08:58,2021-09-18,Ligue 2,Sochaux,Paris FC,OVER,2.36,,,13.49,SNIPER,,2.48,,,,,,standard,
backtest,2026-05-21 08:58,2021-09-18,Ligue 2,Niort,Guingamp,OVER,2.33,,,25.34,SNIPER,,4.76,,,,,,standard,
backtest,2026-05-21 08:58,2021-09-18,Ligue 2,Toulouse,Grenoble,OVER,1.9,,,7.13,VALUABLE,,1.98,,,,,,standard,
backtest,2026-05-21 08:58,2021-09-18,League Two,Carlisle,Scunthorpe,OVER,2.14,,,21.26,SNIPER,,4.66,,,,,,standard,
backtest,2026-05-21 08:58,2021-09-18,League Two,Newport County,Walsall,OVER,2.43,,,28.55,SNIPER,,4.99,,,,,,standard,
backtest,2026-05-21 08:58,2021-09-18,League One,Fleetwood Town,Sunderland,OVER,2.15,,,10.06,SNIPER,,2.19,,,,,,standard,
backtest,2026-05-21 08:58,2021-09-18,League Two,Oldham,Hartlepool,OVER,2.01,,,6.82,VALUABLE,,1.69,,,,,,standard,
backtest,2026-05-21 08:58,2021-09-18,Ligue 2,Pau FC,Valenciennes,OVER,1.93,,,15.48,SNIPER,,4.16,,,,,,standard,
backtest,2026-05-21 08:58,2021-09-18,La Liga 2,Ibiza,Oviedo,OVER,2.53,,,6.98,VALUABLE,,1.14,,,,,,standard,
backtest,2026-05-21 08:58,2021-09-18,La Liga 2,Zaragoza,Sociedad B,OVER,2.4,,,9.17,VALUABLE,,1.64,,,,,,standard,
backtest,2026-05-21 08:58,2021-09-19,La Liga 2,Eibar,Sp Gijon,OVER,2.51,,,23.52,SNIPER,,3.89,,,,,,standard,
backtest,2026-05-21 08:58,2021-09-19,La Liga 2,Ponferradina,Malaga,OVER,2.61,,,12.52,SNIPER,,1.94,,,,,,standard,
backtest,2026-05-21 08:58,2021-09-19,La Liga 2,Huesca,Fuenlabrada,OVER,2.26,,,23.04,SNIPER,,4.57,,,,,,standard,
backtest,2026-05-21 08:58,2021-09-19,La Liga 2,Tenerife,Mirandes,OVER,2.31,,,21.82,SNIPER,,4.16,,,,,,standard,
backtest,2026-05-21 08:58,2021-09-19,Greek Super League,OFI Crete,AEK,UNDER,1.85,,,4.04,VALUABLE,,1.19,,,,,,standard,
backtest,2026-05-21 08:58,2021-09-19,Greek Super League,Asteras Tripolis,PAOK,OVER,2.08,,,9.34,VALUABLE,,2.16,,,,,,standard,
backtest,2026-05-21 08:58,2021-09-19,Greek Super League,Lamia,Olympiakos,OVER,1.84,,,6.86,VALUABLE,,2.04,,,,,,standard,
backtest,2026-05-21 08:58,2021-09-21,Ligue 2,Caen,Dijon,OVER,2.19,,,19.76,SNIPER,,4.15,,,,,,standard,
backtest,2026-05-21 08:58,2021-09-21,League One,Gillingham,Charlton,OVER,1.88,,,15.93,SNIPER,,4.52,,,,,,standard,
backtest,2026-05-21 08:58,2021-09-21,Ligue 2,Valenciennes,Bastia,UNDER,1.77,,,8.38,VALUABLE,,2.72,,,,,,standard,
backtest,2026-05-21 08:58,2021-09-21,Ligue 2,Dunkerque,Toulouse,UNDER,1.76,,,4.55,VALUABLE,,1.5,,,,,,standard,
backtest,2026-05-21 08:58,2021-09-22,Greek Super League,AEK,Lamia,UNDER,1.83,,,10.52,SNIPER,,3.17,,,,,,standard,
backtest,2026-05-21 08:58,2021-09-22,Greek Super League,Olympiakos,Apollon,UNDER,2.38,,,19.52,SNIPER,,3.54,,,,,,standard,
backtest,2026-05-21 08:58,2021-09-24,Ligue 2,Sochaux,Auxerre,OVER,2.1,,,23.15,SNIPER,,5.26,,,,,,standard,
backtest,2026-05-21 08:58,2021-09-24,Bundesliga 2,Heidenheim,Darmstadt,UNDER,2.22,,,19.83,SNIPER,,4.06,,,,,,standard,
backtest,2026-05-21 08:58,2021-09-24,League Two,Barrow,Newport County,OVER,2.29,,,15.04,SNIPER,,2.91,,,,,,standard,
backtest,2026-05-21 08:58,2021-09-24,La Liga 2,Sociedad B,Huesca,OVER,2.38,,,19.7,SNIPER,,3.57,,,,,,standard,
backtest,2026-05-21 08:58,2021-09-24,La Liga 2,Almeria,Tenerife,OVER,2.27,,,30.9,SNIPER,,6.08,,,,,,standard,
backtest,2026-05-21 08:58,2021-09-24,Ligue 2,Rodez,Grenoble,OVER,2.52,,,6.29,VALUABLE,,1.03,,,,,,standard,
backtest,2026-05-21 08:58,2021-09-25,League One,Cambridge,Fleetwood Town,OVER,2.13,,,22.17,SNIPER,,4.9,,,,,,standard,
backtest,2026-05-21 08:58,2021-09-25,League One,Ipswich,Sheffield Weds,OVER,2.29,,,20.22,SNIPER,,3.92,,,,,,standard,
backtest,2026-05-21 08:58,2021-09-25,League One,Plymouth,Doncaster,OVER,1.85,,,20.9,SNIPER,,6.15,,,,,,standard,
backtest,2026-05-21 08:58,2021-09-25,League One,Morecambe,Accrington,OVER,1.97,,,7.98,VALUABLE,,2.06,,,,,,standard,
backtest,2026-05-21 08:58,2021-09-25,League Two,Rochdale,Oldham,UNDER,1.94,,,15.31,SNIPER,,4.07,,,,,,standard,
backtest,2026-05-21 08:58,2021-09-25,League Two,Leyton Orient,Mansfield,OVER,2.01,,,23.01,SNIPER,,5.7,,,,,,standard,
backtest,2026-05-21 08:58,2021-09-25,Bundesliga 2,Hansa Rostock,Schalke 04,OVER,1.81,,,14.13,SNIPER,,4.36,,,,,,standard,
backtest,2026-05-21 08:58,2021-09-26,Bundesliga 2,Hannover,Sandhausen,UNDER,2.36,,,4.23,VALUABLE,,0.78,,,,,,standard,
backtest,2026-05-21 08:58,2021-09-26,Bundesliga 2,Dresden,Werder Bremen,OVER,1.91,,,24.64,SNIPER,,6.77,,,,,,standard,
backtest,2026-05-21 08:58,2021-09-26,La Liga 2,Valladolid,Alcorcon,OVER,2.35,,,27.36,SNIPER,,5.07,,,,,,standard,
backtest,2026-05-21 08:58,2021-09-27,Ligue 2,Toulouse,Caen,UNDER,2.0,,,7.64,VALUABLE,,1.91,,,,,,standard,
backtest,2026-05-21 08:58,2021-09-27,Greek Super League,Apollon,Ionikos,OVER,2.52,,,22.96,SNIPER,,3.78,,,,,,standard,
backtest,2026-05-21 08:58,2021-09-28,League One,Burton,Portsmouth,OVER,2.03,,,13.38,SNIPER,,3.25,,,,,,standard,
backtest,2026-05-21 08:58,2021-09-28,League One,Ipswich,Doncaster,OVER,2.07,,,10.43,SNIPER,,2.44,,,,,,standard,
backtest,2026-05-21 08:58,2021-09-28,League One,Oxford,Accrington,UNDER,2.19,,,9.13,VALUABLE,,1.92,,,,,,standard,
backtest,2026-05-21 08:58,2021-09-28,League One,Sunderland,Cheltenham,OVER,1.86,,,19.0,SNIPER,,5.52,,,,,,standard,
backtest,2026-05-21 08:58,2021-09-28,League One,Charlton,Bolton,OVER,1.93,,,19.88,SNIPER,,5.34,,,,,,standard,
backtest,2026-05-21 08:58,2021-10-01,La Liga 2,Ponferradina,Valladolid,OVER,2.28,,,27.84,SNIPER,,5.44,,,,,,standard,
backtest,2026-05-21 08:58,2021-10-01,Bundesliga 2,Werder Bremen,Heidenheim,OVER,1.73,,,19.93,SNIPER,,6.82,,,,,,standard,
backtest,2026-05-21 08:58,2021-10-01,Bundesliga 2,Erzgebirge Aue,Hamburg,UNDER,2.65,,,7.7,VALUABLE,,1.17,,,,,,standard,
backtest,2026-05-21 08:58,2021-10-02,La Liga 2,Alcorcon,Sociedad B,OVER,2.65,,,26.44,SNIPER,,4.01,,,,,,standard,
backtest,2026-05-21 08:58,2021-10-02,Bundesliga 2,Fortuna Dusseldorf,Paderborn,UNDER,2.33,,,13.23,SNIPER,,2.49,,,,,,standard,
backtest,2026-05-21 08:58,2021-10-02,League Two,Northampton,Sutton,OVER,2.3,,,24.65,SNIPER,,4.74,,,,,,standard,
backtest,2026-05-21 08:58,2021-10-02,Bundesliga 2,Holstein Kiel,Hansa Rostock,OVER,1.75,,,24.44,SNIPER,,8.15,,,,,,standard,
backtest,2026-05-21 08:58,2021-10-02,La Liga 2,Zaragoza,Oviedo,OVER,2.78,,,10.35,SNIPER,,1.45,,,,,,standard,
backtest,2026-05-21 08:58,2021-10-02,Bundesliga 2,Nurnberg,Hannover,OVER,1.89,,,21.69,SNIPER,,6.09,,,,,,standard,
backtest,2026-05-21 08:58,2021-10-02,League Two,Port Vale,Leyton Orient,OVER,2.48,,,10.34,SNIPER,,1.75,,,,,,standard,
backtest,2026-05-21 08:58,2021-10-02,La Liga 2,Amorebieta,Sp Gijon,OVER,2.35,,,12.06,SNIPER,,2.23,,,,,,standard,
backtest,2026-05-21 08:58,2021-10-02,League Two,Oldham,Harrogate,OVER,1.93,,,28.09,SNIPER,,7.55,,,,,,standard,
backtest,2026-05-21 08:58,2021-10-02,La Liga 2,Huesca,Tenerife,OVER,2.49,,,10.5,SNIPER,,1.76,,,,,,standard,
backtest,2026-05-21 08:58,2021-10-02,League Two,Carlisle,Forest Green,OVER,1.96,,,21.41,SNIPER,,5.58,,,,,,standard,
backtest,2026-05-21 08:58,2021-10-02,League Two,Exeter,Walsall,OVER,2.2,,,24.84,SNIPER,,5.18,,,,,,standard,
backtest,2026-05-21 08:58,2021-10-02,Greek Super League,Aris,Apollon,OVER,2.05,,,10.6,SNIPER,,2.52,,,,,,standard,
backtest,2026-05-21 08:58,2021-10-02,Bundesliga 2,Regensburg,Karlsruhe,OVER,1.8,,,5.11,VALUABLE,,1.6,,,,,,standard,
backtest,2026-05-21 08:58,2021-10-02,Ligue 2,Grenoble,Pau FC,OVER,2.17,,,25.61,SNIPER,,5.47,,,,,,standard,
backtest,2026-05-21 08:58,2021-10-02,League One,Gillingham,Wigan,OVER,1.93,,,16.31,SNIPER,,4.38,,,,,,standard,
backtest,2026-05-21 08:58,2021-10-02,League One,Accrington,Ipswich,OVER,1.95,,,11.54,SNIPER,,3.04,,,,,,standard,
backtest,2026-05-21 08:58,2021-10-02,League One,Crewe,Cambridge,OVER,1.99,,,17.9,SNIPER,,4.52,,,,,,standard,
backtest,2026-05-21 08:58,2021-10-02,Ligue 2,Amiens,Toulouse,UNDER,1.89,,,15.03,SNIPER,,4.22,,,,,,standard,
backtest,2026-05-21 08:58,2021-10-02,Ligue 2,Auxerre,Nimes,UNDER,2.08,,,9.72,VALUABLE,,2.25,,,,,,standard,
backtest,2026-05-21 08:58,2021-10-02,League One,Wycombe,Morecambe,OVER,1.86,,,26.59,SNIPER,,7.73,,,,,,standard,
backtest,2026-05-21 08:58,2021-10-03,La Liga 2,Las Palmas,Cartagena,OVER,2.19,,,12.82,SNIPER,,2.69,,,,,,standard,
backtest,2026-05-21 08:58,2021-10-03,La Liga 2,Burgos,Mirandes,OVER,2.34,,,17.07,SNIPER,,3.18,,,,,,standard,
backtest,2026-05-21 08:58,2021-10-03,Greek Super League,Ionikos,Lamia,OVER,2.69,,,13.09,SNIPER,,1.94,,,,,,standard,
backtest,2026-05-21 08:58,2021-10-03,Greek Super League,Olympiakos,Panathinaikos,OVER,1.93,,,23.01,SNIPER,,6.19,,,,,,standard,
backtest,2026-05-21 08:58,2021-10-03,La Liga 2,Leganes,Lugo,OVER,2.38,,,17.07,SNIPER,,3.09,,,,,,standard,
backtest,2026-05-21 08:58,2021-10-03,La Liga 2,Malaga,Fuenlabrada,OVER,2.7,,,4.03,VALUABLE,,0.59,,,,,,standard,
backtest,2026-05-21 08:58,2021-10-08,League Two,Tranmere,Colchester,OVER,2.3,,,15.11,SNIPER,,2.91,,,,,,standard,
backtest,2026-05-21 08:58,2021-10-09,League Two,Bristol Rvs,Carlisle,OVER,2.12,,,11.92,SNIPER,,2.66,,,,,,standard,
backtest,2026-05-21 08:58,2021-10-09,League One,Ipswich,Shrewsbury,OVER,2.31,,,18.69,SNIPER,,3.57,,,,,,standard,
backtest,2026-05-21 08:58,2021-10-09,League Two,Harrogate,Scunthorpe,OVER,1.99,,,11.73,SNIPER,,2.96,,,,,,standard,
backtest,2026-05-21 08:58,2021-10-09,League One,Sheffield Weds,Bolton,OVER,1.92,,,28.27,SNIPER,,7.68,,,,,,standard,
backtest,2026-05-21 08:58,2021-10-09,League Two,Rochdale,Crawley Town,UNDER,1.92,,,4.46,VALUABLE,,1.21,,,,,,standard,
backtest,2026-05-21 08:58,2021-10-09,La Liga 2,Mirandes,Eibar,OVER,2.0,,,20.22,SNIPER,,5.06,,,,,,standard,
backtest,2026-05-21 08:58,2021-10-09,League Two,Barrow,Leyton Orient,OVER,2.15,,,8.85,VALUABLE,,1.92,,,,,,standard,
backtest,2026-05-21 08:58,2021-10-09,La Liga 2,Oviedo,Sp Gijon,OVER,2.9,,,10.69,SNIPER,,1.41,,,,,,standard,
backtest,2026-05-21 08:58,2021-10-09,League Two,Newport County,Bradford,OVER,2.03,,,9.82,VALUABLE,,2.38,,,,,,standard,
backtest,2026-05-21 08:58,2021-10-09,La Liga 2,Almeria,Las Palmas,OVER,1.78,,,20.25,SNIPER,,6.49,,,,,,standard,
backtest,2026-05-21 08:58,2021-10-10,La Liga 2,Tenerife,Amorebieta,OVER,2.22,,,30.14,SNIPER,,6.18,,,,,,standard,
backtest,2026-05-21 08:58,2021-10-10,La Liga 2,Cartagena,Ibiza,OVER,2.28,,,29.1,SNIPER,,5.68,,,,,,standard,
backtest,2026-05-21 08:58,2021-10-11,La Liga 2,Zaragoza,Huesca,OVER,2.41,,,12.38,SNIPER,,2.2,,,,,,standard,
backtest,2026-05-21 08:58,2021-10-15,La Liga 2,Eibar,Almeria,OVER,1.87,,,22.82,SNIPER,,6.56,,,,,,standard,
backtest,2026-05-21 08:58,2021-10-15,Bundesliga 2,Hannover,Schalke 04,OVER,1.84,,,25.34,SNIPER,,7.54,,,,,,standard,
backtest,2026-05-21 08:58,2021-10-15,League One,Burton,Morecambe,OVER,1.92,,,23.36,SNIPER,,6.35,,,,,,standard,
backtest,2026-05-21 08:58,2021-10-16,League Two,Swindon,Rochdale,UNDER,1.85,,,10.23,SNIPER,,3.01,,,,,,standard,
backtest,2026-05-21 08:58,2021-10-16,Bundesliga 2,Heidenheim,St Pauli,OVER,1.74,,,10.39,SNIPER,,3.51,,,,,,standard,
backtest,2026-05-21 08:58,2021-10-16,Greek Super League,Apollon,Asteras Tripolis,OVER,2.67,,,16.45,SNIPER,,2.46,,,,,,standard,
backtest,2026-05-21 08:58,2021-10-16,Bundesliga 2,Karlsruhe,Erzgebirge Aue,OVER,1.71,,,24.31,SNIPER,,8.56,,,,,,standard,
backtest,2026-05-21 08:58,2021-10-16,League One,Shrewsbury,Milton Keynes Dons,OVER,1.96,,,19.2,SNIPER,,5.0,,,,,,standard,
backtest,2026-05-21 08:58,2021-10-16,League One,Rotherham,Portsmouth,OVER,2.06,,,19.27,SNIPER,,4.54,,,,,,standard,
backtest,2026-05-21 08:58,2021-10-16,Greek Super League,Panathinaikos,Ionikos,UNDER,1.85,,,4.18,VALUABLE,,1.23,,,,,,standard,
backtest,2026-05-21 08:58,2021-10-16,League Two,Carlisle,Tranmere,OVER,2.16,,,15.31,SNIPER,,3.3,,,,,,standard,
backtest,2026-05-21 08:58,2021-10-16,League Two,Colchester,Harrogate,OVER,2.12,,,23.96,SNIPER,,5.35,,,,,,standard,
backtest,2026-05-21 08:58,2021-10-16,League Two,Leyton Orient,Walsall,OVER,2.09,,,35.96,SNIPER,,8.25,,,,,,standard,
backtest,2026-05-21 08:58,2021-10-16,League Two,Exeter,Newport County,OVER,2.17,,,29.36,SNIPER,,6.27,,,,,,standard,
backtest,2026-05-21 08:58,2021-10-16,Ligue 2,Toulouse,Auxerre,UNDER,2.05,,,13.28,SNIPER,,3.16,,,,,,standard,
backtest,2026-05-21 08:58,2021-10-16,Ligue 2,Rodez,Sochaux,OVER,2.62,,,14.41,SNIPER,,2.22,,,,,,standard,
backtest,2026-05-21 08:58,2021-10-16,Ligue 2,Valenciennes,Dunkerque,OVER,2.09,,,25.11,SNIPER,,5.76,,,,,,standard,
backtest,2026-05-21 08:58,2021-10-16,Ligue 2,Pau FC,Paris FC,OVER,1.88,,,22.0,SNIPER,,6.25,,,,,,standard,
backtest,2026-05-21 08:58,2021-10-16,Ligue 2,Nancy,Guingamp,OVER,2.18,,,17.56,SNIPER,,3.72,,,,,,standard,
backtest,2026-05-21 08:58,2021-10-16,League One,Cheltenham,Accrington,OVER,1.95,,,10.32,SNIPER,,2.72,,,,,,standard,
backtest,2026-05-21 08:58,2021-10-16,League One,Doncaster,Wycombe,OVER,2.13,,,24.93,SNIPER,,5.51,,,,,,standard,
backtest,2026-05-21 08:58,2021-10-16,Ligue 2,Caen,Le Havre,OVER,2.32,,,10.8,SNIPER,,2.05,,,,,,standard,
backtest,2026-05-21 08:58,2021-10-16,League Two,Scunthorpe,Forest Green,OVER,1.94,,,10.06,SNIPER,,2.68,,,,,,standard,
backtest,2026-05-21 08:58,2021-10-16,League One,Cambridge,Ipswich,OVER,2.07,,,21.78,SNIPER,,5.09,,,,,,standard,
backtest,2026-05-21 08:58,2021-10-16,League Two,Port Vale,Barrow,OVER,2.11,,,14.21,SNIPER,,3.2,,,,,,standard,
backtest,2026-05-21 08:58,2021-10-16,League One,Fleetwood Town,Crewe,OVER,1.91,,,9.33,VALUABLE,,2.56,,,,,,standard,
backtest,2026-05-21 08:58,2021-10-16,La Liga 2,Sp Gijon,Alcorcon,OVER,2.44,,,31.98,SNIPER,,5.55,,,,,,standard,
backtest,2026-05-21 08:58,2021-10-16,League Two,Oldham,Stevenage,OVER,2.19,,,15.72,SNIPER,,3.3,,,,,,standard,
backtest,2026-05-21 08:58,2021-10-16,League Two,Salford,Hartlepool,OVER,2.31,,,4.33,VALUABLE,,0.83,,,,,,standard,
backtest,2026-05-21 08:58,2021-10-17,La Liga 2,Ponferradina,Fuenlabrada,OVER,2.42,,,11.66,SNIPER,,2.05,,,,,,standard,
backtest,2026-05-21 08:58,2021-10-17,La Liga 2,Ibiza,Mirandes,UNDER,1.94,,,9.94,VALUABLE,,2.64,,,,,,standard,
backtest,2026-05-21 08:58,2021-10-17,Bundesliga 2,Darmstadt,Werder Bremen,UNDER,2.41,,,15.78,SNIPER,,2.8,,,,,,standard,
backtest,2026-05-21 08:58,2021-10-17,Greek Super League,AEK,Atromitos,OVER,1.78,,,21.43,SNIPER,,6.87,,,,,,standard,
backtest,2026-05-21 08:58,2021-10-17,La Liga 2,Leganes,Valladolid,OVER,2.52,,,34.41,SNIPER,,5.66,,,,,,standard,
backtest,2026-05-21 08:58,2021-10-17,Bundesliga 2,Dresden,Nurnberg,OVER,2.13,,,27.39,SNIPER,,6.06,,,,,,standard,
backtest,2026-05-21 08:58,2021-10-18,Greek Super League,Lamia,Aris,OVER,2.86,,,15.08,SNIPER,,2.03,,,,,,standard,
backtest,2026-05-21 08:58,2021-10-19,La Liga 2,Tenerife,Eibar,OVER,2.52,,,43.12,SNIPER,,7.09,,,,,,standard,
backtest,2026-05-21 08:58,2021-10-19,League Two,Harrogate,Tranmere,OVER,2.11,,,15.33,SNIPER,,3.45,,,,,,standard,
backtest,2026-05-21 08:58,2021-10-19,League One,Wigan,Milton Keynes Dons,OVER,1.95,,,21.69,SNIPER,,5.71,,,,,,standard,
backtest,2026-05-21 08:58,2021-10-19,League One,Portsmouth,Ipswich,OVER,2.2,,,17.36,SNIPER,,3.62,,,,,,standard,
backtest,2026-05-21 08:58,2021-10-19,League One,Cambridge,Sheffield Weds,OVER,2.05,,,21.31,SNIPER,,5.07,,,,,,standard,
backtest,2026-05-21 08:58,2021-10-19,League One,Lincoln,AFC Wimbledon,OVER,1.91,,,33.31,SNIPER,,9.15,,,,,,standard,
backtest,2026-05-21 08:58,2021-10-19,League One,Gillingham,Doncaster,OVER,2.24,,,20.73,SNIPER,,4.18,,,,,,standard,
backtest,2026-05-21 08:58,2021-10-19,League One,Fleetwood Town,Burton,OVER,1.95,,,14.17,SNIPER,,3.73,,,,,,standard,
backtest,2026-05-21 08:58,2021-10-19,League Two,Crawley Town,Exeter,OVER,2.04,,,23.95,SNIPER,,5.76,,,,,,standard,
backtest,2026-05-21 08:58,2021-10-19,League One,Oxford,Shrewsbury,OVER,2.03,,,7.15,VALUABLE,,1.73,,,,,,standard,
backtest,2026-05-21 08:58,2021-10-19,La Liga 2,Cartagena,Sp Gijon,OVER,2.43,,,19.81,SNIPER,,3.46,,,,,,standard,
backtest,2026-05-21 08:58,2021-10-20,La Liga 2,Lugo,Las Palmas,OVER,2.38,,,22.22,SNIPER,,4.03,,,,,,standard,
backtest,2026-05-21 08:58,2021-10-21,La Liga 2,Almeria,Sociedad B,OVER,1.76,,,21.79,SNIPER,,7.17,,,,,,standard,
backtest,2026-05-21 08:58,2021-10-21,La Liga 2,Mirandes,Girona,OVER,2.12,,,7.22,VALUABLE,,1.61,,,,,,standard,
backtest,2026-05-21 08:58,2021-10-22,Bundesliga 2,Paderborn,Hamburg,UNDER,2.42,,,9.49,VALUABLE,,1.67,,,,,,standard,
backtest,2026-05-21 08:58,2021-10-22,Bundesliga 2,Erzgebirge Aue,Ingolstadt,OVER,1.85,,,6.91,VALUABLE,,2.03,,,,,,standard,
backtest,2026-05-21 08:58,2021-10-23,League One,Sheffield Weds,Lincoln,OVER,2.07,,,23.72,SNIPER,,5.54,,,,,,standard,
backtest,2026-05-21 08:58,2021-10-23,League One,Shrewsbury,Cambridge,OVER,2.32,,,33.9,SNIPER,,6.42,,,,,,standard,
backtest,2026-05-21 08:58,2021-10-23,League One,Accrington,Portsmouth,OVER,1.94,,,18.46,SNIPER,,4.91,,,,,,standard,
backtest,2026-05-21 08:58,2021-10-23,League One,Burton,Oxford,OVER,1.93,,,20.21,SNIPER,,5.43,,,,,,standard,
backtest,2026-05-21 08:58,2021-10-23,League One,AFC Wimbledon,Wigan,OVER,2.13,,,28.41,SNIPER,,6.29,,,,,,standard,
backtest,2026-05-21 08:58,2021-10-23,League One,Doncaster,Cheltenham,OVER,2.23,,,9.54,VALUABLE,,1.94,,,,,,standard,
backtest,2026-05-21 08:58,2021-10-23,League One,Ipswich,Fleetwood Town,OVER,2.0,,,11.16,SNIPER,,2.79,,,,,,standard,
backtest,2026-05-21 08:58,2021-10-23,Ligue 2,Dunkerque,Caen,OVER,2.34,,,8.14,VALUABLE,,1.52,,,,,,standard,
backtest,2026-05-21 08:58,2021-10-23,Greek Super League,Asteras Tripolis,Panathinaikos,OVER,2.8,,,7.47,VALUABLE,,1.04,,,,,,standard,
backtest,2026-05-21 08:58,2021-10-23,League Two,Hartlepool,Harrogate,OVER,2.24,,,9.74,VALUABLE,,1.96,,,,,,standard,
backtest,2026-05-21 08:58,2021-10-23,La Liga 2,Leganes,Tenerife,OVER,2.83,,,19.05,SNIPER,,2.6,,,,,,standard,
backtest,2026-05-21 08:58,2021-10-23,La Liga 2,Sp Gijon,Valladolid,OVER,2.46,,,11.82,SNIPER,,2.02,,,,,,standard,
backtest,2026-05-21 08:58,2021-10-23,League Two,Carlisle,Oldham,OVER,2.03,,,25.97,SNIPER,,6.3,,,,,,standard,
backtest,2026-05-21 08:58,2021-10-23,Ligue 2,Paris FC,Toulouse,OVER,2.03,,,17.86,SNIPER,,4.33,,,,,,standard,
backtest,2026-05-21 08:58,2021-10-23,League Two,Stevenage,Leyton Orient,OVER,2.5,,,25.63,SNIPER,,4.27,,,,,,standard,
backtest,2026-05-21 08:58,2021-10-23,League Two,Bristol Rvs,Newport County,OVER,2.05,,,5.56,VALUABLE,,1.32,,,,,,standard,
backtest,2026-05-21 08:58,2021-10-23,Bundesliga 2,Schalke 04,Dresden,OVER,1.95,,,12.05,SNIPER,,3.17,,,,,,standard,
backtest,2026-05-21 08:58,2021-10-23,Bundesliga 2,Nurnberg,Heidenheim,OVER,2.11,,,12.38,SNIPER,,2.79,,,,,,standard,
backtest,2026-05-21 08:58,2021-10-23,League Two,Swindon,Bradford,OVER,1.9,,,22.49,SNIPER,,6.25,,,,,,standard,
backtest,2026-05-21 08:58,2021-10-23,Ligue 2,Niort,Rodez,OVER,2.82,,,11.35,SNIPER,,1.56,,,,,,standard,
backtest,2026-05-21 08:58,2021-10-23,League Two,Rochdale,Sutton,OVER,2.09,,,21.39,SNIPER,,4.91,,,,,,standard,
backtest,2026-05-21 08:58,2021-10-24,Greek Super League,Olympiakos,PAOK,OVER,2.02,,,23.17,SNIPER,,5.68,,,,,,standard,
backtest,2026-05-21 08:58,2021-10-24,Greek Super League,Aris,Panetolikos,OVER,2.23,,,22.78,SNIPER,,4.63,,,,,,standard,
backtest,2026-05-21 08:58,2021-10-24,La Liga 2,Burgos,Huesca,OVER,2.42,,,5.48,VALUABLE,,0.97,,,,,,standard,
backtest,2026-05-21 08:58,2021-10-24,La Liga 2,Mirandes,Almeria,OVER,1.9,,,22.41,SNIPER,,6.22,,,,,,standard,
backtest,2026-05-21 08:58,2021-10-25,Ligue 2,Auxerre,Bastia,OVER,1.93,,,9.82,VALUABLE,,2.64,,,,,,standard,
backtest,2026-05-21 08:58,2021-10-26,League Two,Colchester,Sutton,OVER,2.31,,,21.22,SNIPER,,4.05,,,,,,standard,
backtest,2026-05-21 08:58,2021-10-26,League One,Doncaster,Cambridge,OVER,2.12,,,27.95,SNIPER,,6.24,,,,,,standard,
backtest,2026-05-21 08:58,2021-10-29,Bundesliga 2,Darmstadt,Nurnberg,OVER,1.75,,,15.71,SNIPER,,5.24,,,,,,standard,
backtest,2026-05-21 08:58,2021-10-29,La Liga 2,Sociedad B,Las Palmas,OVER,2.25,,,18.86,SNIPER,,3.77,,,,,,standard,
backtest,2026-05-21 08:58,2021-10-29,La Liga 2,Almeria,Leganes,OVER,2.01,,,24.17,SNIPER,,5.98,,,,,,standard,
backtest,2026-05-21 08:58,2021-10-29,Bundesliga 2,Heidenheim,Schalke 04,OVER,1.91,,,26.88,SNIPER,,7.39,,,,,,standard,
backtest,2026-05-21 08:58,2021-10-30,League One,Wigan,Burton,OVER,2.03,,,27.35,SNIPER,,6.64,,,,,,standard,
backtest,2026-05-21 08:58,2021-10-30,League One,Portsmouth,Bolton,OVER,1.94,,,19.88,SNIPER,,5.29,,,,,,standard,
backtest,2026-05-21 08:58,2021-10-30,League One,Plymouth,Ipswich,OVER,1.88,,,7.95,VALUABLE,,2.26,,,,,,standard,
backtest,2026-05-21 08:58,2021-10-30,La Liga 2,Huesca,Amorebieta,OVER,2.14,,,21.34,SNIPER,,4.68,,,,,,standard,
backtest,2026-05-21 08:58,2021-10-30,Ligue 2,Caen,Grenoble,OVER,2.3,,,13.51,SNIPER,,2.6,,,,,,standard,
backtest,2026-05-21 08:58,2021-10-30,Bundesliga 2,Hamburg,Holstein Kiel,UNDER,2.55,,,21.66,SNIPER,,3.49,,,,,,standard,
backtest,2026-05-21 08:58,2021-10-30,Greek Super League,Panetolikos,Olympiakos,OVER,1.79,,,29.67,SNIPER,,9.39,,,,,,standard,
backtest,2026-05-21 08:58,2021-10-30,League Two,Bradford,Forest Green,OVER,1.98,,,26.1,SNIPER,,6.66,,,,,,standard,
backtest,2026-05-21 08:58,2021-10-30,Bundesliga 2,Hannover,Erzgebirge Aue,OVER,1.7,,,17.56,SNIPER,,6.27,,,,,,standard,
backtest,2026-05-21 08:58,2021-10-30,League Two,Leyton Orient,Hartlepool,OVER,2.35,,,26.35,SNIPER,,4.88,,,,,,standard,
backtest,2026-05-21 08:58,2021-10-30,League Two,Crawley Town,Port Vale,OVER,1.99,,,19.69,SNIPER,,4.97,,,,,,standard,
backtest,2026-05-21 08:58,2021-10-30,League One,Cambridge,AFC Wimbledon,OVER,1.97,,,15.92,SNIPER,,4.1,,,,,,standard,
backtest,2026-05-21 08:58,2021-10-30,League One,Lincoln,Shrewsbury,OVER,2.28,,,32.75,SNIPER,,6.4,,,,,,standard,
backtest,2026-05-21 08:58,2021-10-30,League Two,Newport County,Stevenage,OVER,2.18,,,10.23,SNIPER,,2.17,,,,,,standard,
backtest,2026-05-21 08:58,2021-10-30,League Two,Salford,Exeter,OVER,2.11,,,7.92,VALUABLE,,1.78,,,,,,standard,
backtest,2026-05-21 08:58,2021-10-30,League Two,Oldham,Swindon,OVER,1.93,,,23.36,SNIPER,,6.28,,,,,,standard,
backtest,2026-05-21 08:58,2021-10-31,Bundesliga 2,Hansa Rostock,Fortuna Dusseldorf,OVER,1.9,,,14.35,SNIPER,,3.99,,,,,,standard,
backtest,2026-05-21 08:58,2021-10-31,Bundesliga 2,Ingolstadt,Regensburg,OVER,2.07,,,28.3,SNIPER,,6.61,,,,,,standard,
backtest,2026-05-21 08:58,2021-10-31,Greek Super League,Panathinaikos,OFI Crete,OVER,2.02,,,17.18,SNIPER,,4.21,,,,,,standard,
backtest,2026-05-21 08:58,2021-10-31,Greek Super League,AEK,Aris,OVER,2.24,,,5.08,VALUABLE,,1.02,,,,,,standard,
backtest,2026-05-21 08:58,2021-10-31,La Liga 2,Fuenlabrada,Girona,OVER,2.68,,,5.78,VALUABLE,,0.86,,,,,,standard,
backtest,2026-05-21 08:58,2021-11-01,Greek Super League,Ionikos,Volos NFC,OVER,2.2,,,16.56,SNIPER,,3.45,,,,,,standard,
backtest,2026-05-21 08:58,2021-11-01,La Liga 2,Alcorcon,Ibiza,OVER,2.46,,,34.72,SNIPER,,5.95,,,,,,standard,
backtest,2026-05-21 08:58,2021-11-01,La Liga 2,Tenerife,Burgos,OVER,2.55,,,6.77,VALUABLE,,1.09,,,,,,standard,
backtest,2026-05-21 08:58,2021-11-02,La Liga 2,Leganes,Cartagena,OVER,2.29,,,30.38,SNIPER,,5.89,,,,,,standard,
backtest,2026-05-21 08:58,2021-11-02,League One,Fleetwood Town,Wigan,OVER,2.26,,,6.94,VALUABLE,,1.38,,,,,,standard,
backtest,2026-05-21 08:58,2021-11-02,League One,Crewe,Doncaster,OVER,2.06,,,4.81,VALUABLE,,1.13,,,,,,standard,
backtest,2026-05-21 08:58,2021-11-02,League One,Portsmouth,Cheltenham,OVER,1.9,,,5.49,VALUABLE,,1.52,,,,,,standard,
backtest,2026-05-21 08:58,2021-11-03,La Liga 2,Mirandes,Lugo,OVER,2.27,,,5.6,VALUABLE,,1.1,,,,,,standard,
backtest,2026-05-21 08:58,2021-11-03,La Liga 2,Amorebieta,Valladolid,OVER,2.23,,,19.19,SNIPER,,3.9,,,,,,standard,
backtest,2026-05-21 08:58,2021-11-03,La Liga 2,Eibar,Oviedo,OVER,2.52,,,10.27,SNIPER,,1.69,,,,,,standard,
backtest,2026-05-21 08:58,2021-11-04,La Liga 2,Burgos,Zaragoza,OVER,2.8,,,9.31,VALUABLE,,1.29,,,,,,standard,
backtest,2026-05-21 08:58,2021-11-04,La Liga 2,Girona,Alcorcon,OVER,2.36,,,15.44,SNIPER,,2.84,,,,,,standard,
backtest,2026-05-21 08:58,2021-11-05,Bundesliga 2,Holstein Kiel,Dresden,OVER,1.88,,,14.27,SNIPER,,4.05,,,,,,standard,
backtest,2026-05-21 08:58,2021-11-06,Ligue 2,Guingamp,Bastia,OVER,2.36,,,12.18,SNIPER,,2.24,,,,,,standard,
backtest,2026-05-21 08:58,2021-11-06,Greek Super League,Giannina,Panetolikos,OVER,2.3,,,29.83,SNIPER,,5.74,,,,,,standard,
backtest,2026-05-21 08:58,2021-11-06,Greek Super League,Apollon,AEK,UNDER,1.81,,,9.14,VALUABLE,,2.82,,,,,,standard,
backtest,2026-05-21 08:58,2021-11-06,La Liga 2,Oviedo,Las Palmas,OVER,2.74,,,29.47,SNIPER,,4.23,,,,,,standard,
backtest,2026-05-21 08:58,2021-11-06,Ligue 2,Amiens,Caen,OVER,2.47,,,7.97,VALUABLE,,1.36,,,,,,standard,
backtest,2026-05-21 08:58,2021-11-06,La Liga 2,Lugo,Ponferradina,OVER,2.56,,,15.43,SNIPER,,2.47,,,,,,standard,
backtest,2026-05-21 08:58,2021-11-06,Ligue 2,Auxerre,Pau FC,OVER,1.98,,,22.8,SNIPER,,5.82,,,,,,standard,
backtest,2026-05-21 08:58,2021-11-06,La Liga 2,Valladolid,Mirandes,OVER,1.84,,,12.73,SNIPER,,3.79,,,,,,standard,
backtest,2026-05-21 08:58,2021-11-06,La Liga 2,Fuenlabrada,Eibar,OVER,2.49,,,30.16,SNIPER,,5.06,,,,,,standard,
backtest,2026-05-21 08:58,2021-11-06,Ligue 2,Quevilly Rouen,Toulouse,OVER,1.94,,,12.38,SNIPER,,3.29,,,,,,standard,
backtest,2026-05-21 08:58,2021-11-06,Ligue 2,Niort,Nancy,OVER,2.26,,,22.81,SNIPER,,4.53,,,,,,standard,
backtest,2026-05-21 08:58,2021-11-07,Greek Super League,Asteras Tripolis,Lamia,OVER,2.61,,,6.13,VALUABLE,,0.95,,,,,,standard,
backtest,2026-05-21 08:58,2021-11-07,La Liga 2,Alcorcon,Amorebieta,OVER,2.66,,,35.72,SNIPER,,5.38,,,,,,standard,
backtest,2026-05-21 08:58,2021-11-07,La Liga 2,Sociedad B,Ibiza,OVER,2.23,,,28.47,SNIPER,,5.79,,,,,,standard,
backtest,2026-05-21 08:58,2021-11-08,La Liga 2,Tenerife,Girona,OVER,2.56,,,28.02,SNIPER,,4.49,,,,,,standard,
backtest,2026-05-21 08:58,2021-11-12,League Two,Hartlepool,Newport County,OVER,2.15,,,8.26,VALUABLE,,1.8,,,,,,standard,
backtest,2026-05-21 08:58,2021-11-12,La Liga 2,Sp Gijon,Sociedad B,OVER,2.2,,,24.87,SNIPER,,5.18,,,,,,standard,
backtest,2026-05-21 08:58,2021-11-13,League Two,Walsall,Harrogate,OVER,2.22,,,23.09,SNIPER,,4.73,,,,,,standard,
backtest,2026-05-21 08:58,2021-11-13,La Liga 2,Valladolid,Fuenlabrada,OVER,2.11,,,22.66,SNIPER,,5.1,,,,,,standard,
backtest,2026-05-21 08:58,2021-11-13,League Two,Tranmere,Sutton,OVER,2.26,,,12.63,SNIPER,,2.51,,,,,,standard,
backtest,2026-05-21 08:58,2021-11-13,League Two,Stevenage,Mansfield,OVER,2.32,,,11.92,SNIPER,,2.26,,,,,,standard,
backtest,2026-05-21 08:58,2021-11-13,League Two,Rochdale,Leyton Orient,OVER,2.08,,,25.23,SNIPER,,5.84,,,,,,standard,
backtest,2026-05-21 08:58,2021-11-13,League Two,Bristol Rvs,Northampton,OVER,2.26,,,21.72,SNIPER,,4.31,,,,,,standard,
backtest,2026-05-21 08:58,2021-11-13,League Two,Carlisle,Barrow,OVER,2.18,,,29.6,SNIPER,,6.27,,,,,,standard,
backtest,2026-05-21 08:58,2021-11-13,League One,Burton,Charlton,OVER,1.94,,,23.93,SNIPER,,6.36,,,,,,standard,
backtest,2026-05-21 08:58,2021-11-13,League Two,Scunthorpe,Salford,OVER,2.27,,,25.25,SNIPER,,4.97,,,,,,standard,
backtest,2026-05-21 08:58,2021-11-13,League One,Wycombe,Portsmouth,OVER,1.92,,,21.85,SNIPER,,5.94,,,,,,standard,
backtest,2026-05-21 08:58,2021-11-13,La Liga 2,Mirandes,Huesca,OVER,2.16,,,18.63,SNIPER,,4.02,,,,,,standard,
backtest,2026-05-21 08:58,2021-11-13,League Two,Port Vale,Bradford,OVER,2.14,,,16.17,SNIPER,,3.55,,,,,,standard,
backtest,2026-05-21 08:58,2021-11-14,La Liga 2,Amorebieta,Lugo,OVER,2.47,,,17.31,SNIPER,,2.94,,,,,,standard,
backtest,2026-05-21 08:58,2021-11-14,La Liga 2,Burgos,Ponferradina,OVER,2.64,,,23.46,SNIPER,,3.58,,,,,,standard,
backtest,2026-05-21 08:58,2021-11-15,La Liga 2,Malaga,Tenerife,OVER,2.8,,,33.59,SNIPER,,4.67,,,,,,standard,
backtest,2026-05-21 08:58,2021-11-19,Bundesliga 2,Hannover,Paderborn,UNDER,2.23,,,16.79,SNIPER,,3.41,,,,,,standard,
backtest,2026-05-21 08:58,2021-11-19,La Liga 2,Fuenlabrada,Mirandes,OVER,2.29,,,4.08,VALUABLE,,0.79,,,,,,standard,
backtest,2026-05-21 08:58,2021-11-20,Bundesliga 2,Hamburg,Regensburg,UNDER,2.49,,,15.68,SNIPER,,2.63,,,,,,standard,
backtest,2026-05-21 08:58,2021-11-20,Bundesliga 2,Werder Bremen,Schalke 04,OVER,1.87,,,17.38,SNIPER,,4.99,,,,,,standard,
backtest,2026-05-21 08:58,2021-11-20,Bundesliga 2,Hansa Rostock,Erzgebirge Aue,OVER,2.01,,,17.58,SNIPER,,4.35,,,,,,standard,
backtest,2026-05-21 08:58,2021-11-20,Ligue 2,Valenciennes,Grenoble,OVER,2.28,,,17.48,SNIPER,,3.41,,,,,,standard,
backtest,2026-05-21 08:58,2021-11-20,Bundesliga 2,Darmstadt,St Pauli,UNDER,2.48,,,14.72,SNIPER,,2.49,,,,,,standard,
backtest,2026-05-21 08:58,2021-11-20,Greek Super League,Aris,Giannina,OVER,2.42,,,9.39,VALUABLE,,1.65,,,,,,standard,
backtest,2026-05-21 08:58,2021-11-20,Ligue 2,Bastia,Niort,OVER,2.31,,,15.01,SNIPER,,2.86,,,,,,standard,
backtest,2026-05-21 08:58,2021-11-20,Ligue 2,Le Havre,Amiens,OVER,2.71,,,14.08,SNIPER,,2.06,,,,,,standard,
backtest,2026-05-21 08:58,2021-11-20,Ligue 2,Pau FC,Guingamp,OVER,2.13,,,25.47,SNIPER,,5.63,,,,,,standard,
backtest,2026-05-21 08:58,2021-11-20,League Two,Exeter,Carlisle,OVER,1.95,,,18.41,SNIPER,,4.85,,,,,,standard,
backtest,2026-05-21 08:58,2021-11-20,League Two,Newport County,Swindon,OVER,2.03,,,11.84,SNIPER,,2.87,,,,,,standard,
backtest,2026-05-21 08:58,2021-11-20,League One,Accrington,Sheffield Weds,OVER,1.88,,,8.15,VALUABLE,,2.31,,,,,,standard,
backtest,2026-05-21 08:58,2021-11-20,League One,Fleetwood Town,Morecambe,OVER,1.86,,,14.16,SNIPER,,4.12,,,,,,standard,
backtest,2026-05-21 08:58,2021-11-20,League Two,Bristol Rvs,Tranmere,OVER,2.18,,,23.06,SNIPER,,4.89,,,,,,standard,
backtest,2026-05-21 08:58,2021-11-20,League Two,Bradford,Northampton,OVER,2.19,,,25.77,SNIPER,,5.41,,,,,,standard,
backtest,2026-05-21 08:58,2021-11-20,La Liga 2,Almeria,Valladolid,OVER,1.89,,,4.16,VALUABLE,,1.17,,,,,,standard,
backtest,2026-05-21 08:58,2021-11-20,League Two,Leyton Orient,Sutton,OVER,2.24,,,6.47,VALUABLE,,1.3,,,,,,standard,
backtest,2026-05-21 08:58,2021-11-20,League One,Wycombe,Bolton,OVER,1.89,,,21.65,SNIPER,,6.08,,,,,,standard,
backtest,2026-05-21 08:58,2021-11-20,League One,Cheltenham,Shrewsbury,OVER,2.13,,,4.17,VALUABLE,,0.92,,,,,,standard,
backtest,2026-05-21 08:58,2021-11-20,League Two,Stevenage,Colchester,OVER,2.28,,,18.67,SNIPER,,3.65,,,,,,standard,
backtest,2026-05-21 08:58,2021-11-20,League Two,Oldham,Port Vale,OVER,2.01,,,18.88,SNIPER,,4.67,,,,,,standard,
backtest,2026-05-21 08:58,2021-11-20,League Two,Barrow,Crawley Town,OVER,1.92,,,10.97,SNIPER,,2.98,,,,,,standard,
backtest,2026-05-21 08:58,2021-11-20,League Two,Walsall,Rochdale,OVER,2.06,,,15.1,SNIPER,,3.56,,,,,,standard,
backtest,2026-05-21 08:58,2021-11-20,La Liga 2,Malaga,Las Palmas,OVER,2.39,,,28.92,SNIPER,,5.2,,,,,,standard,
backtest,2026-05-21 08:58,2021-11-21,La Liga 2,Ponferradina,Sp Gijon,OVER,2.54,,,14.43,SNIPER,,2.34,,,,,,standard,
backtest,2026-05-21 08:58,2021-11-21,Bundesliga 2,Heidenheim,Holstein Kiel,OVER,1.73,,,16.75,SNIPER,,5.74,,,,,,standard,
backtest,2026-05-21 08:58,2021-11-21,Greek Super League,Atromitos,PAOK,OVER,2.1,,,15.44,SNIPER,,3.51,,,,,,standard,
backtest,2026-05-21 08:58,2021-11-21,Greek Super League,AEK,Olympiakos,OVER,2.14,,,21.9,SNIPER,,4.8,,,,,,standard,
backtest,2026-05-21 08:58,2021-11-21,La Liga 2,Lugo,Eibar,OVER,2.5,,,23.06,SNIPER,,3.84,,,,,,standard,
backtest,2026-05-21 08:58,2021-11-21,Greek Super League,Panetolikos,Apollon,OVER,2.49,,,19.22,SNIPER,,3.22,,,,,,standard,
backtest,2026-05-21 08:58,2021-11-21,La Liga 2,Tenerife,Alcorcon,OVER,2.43,,,25.18,SNIPER,,4.4,,,,,,standard,
backtest,2026-05-21 08:58,2021-11-21,La Liga 2,Huesca,Ibiza,OVER,2.45,,,13.68,SNIPER,,2.36,,,,,,standard,
backtest,2026-05-21 08:58,2021-11-21,Bundesliga 2,Dresden,Fortuna Dusseldorf,OVER,2.04,,,22.18,SNIPER,,5.33,,,,,,standard,
backtest,2026-05-21 08:58,2021-11-21,Bundesliga 2,Ingolstadt,Karlsruhe,OVER,1.97,,,19.18,SNIPER,,4.94,,,,,,standard,
backtest,2026-05-21 08:58,2021-11-22,La Liga 2,Zaragoza,Leganes,OVER,2.69,,,11.72,SNIPER,,1.73,,,,,,standard,
backtest,2026-05-21 08:58,2021-11-22,La Liga 2,Sociedad B,Girona,OVER,2.31,,,11.77,SNIPER,,2.25,,,,,,standard,
backtest,2026-05-21 08:58,2021-11-23,League Two,Swindon,Hartlepool,OVER,1.95,,,42.41,SNIPER,,11.16,,,,,,standard,
backtest,2026-05-21 08:58,2021-11-23,League One,Gillingham,Cheltenham,OVER,1.99,,,7.82,VALUABLE,,1.97,,,,,,standard,
backtest,2026-05-21 08:58,2021-11-23,League One,Ipswich,Rotherham,OVER,2.09,,,24.84,SNIPER,,5.7,,,,,,standard,
backtest,2026-05-21 08:58,2021-11-23,League Two,Carlisle,Harrogate,OVER,2.12,,,23.07,SNIPER,,5.15,,,,,,standard,
backtest,2026-05-21 08:58,2021-11-23,League One,Sheffield Weds,Milton Keynes Dons,OVER,1.96,,,11.37,SNIPER,,2.96,,,,,,standard,
backtest,2026-05-21 08:58,2021-11-23,League Two,Port Vale,Walsall,OVER,2.2,,,26.13,SNIPER,,5.44,,,,,,standard,
backtest,2026-05-21 08:58,2021-11-23,League Two,Colchester,Exeter,OVER,2.14,,,27.15,SNIPER,,5.95,,,,,,standard,
backtest,2026-05-21 08:58,2021-11-23,League Two,Crawley Town,Newport County,OVER,2.07,,,27.51,SNIPER,,6.43,,,,,,standard,
backtest,2026-05-21 08:58,2021-11-23,League Two,Scunthorpe,Leyton Orient,OVER,2.23,,,27.84,SNIPER,,5.66,,,,,,standard,
backtest,2026-05-21 08:58,2021-11-23,League Two,Sutton,Mansfield,OVER,2.01,,,18.56,SNIPER,,4.59,,,,,,standard,
backtest,2026-05-21 08:58,2021-11-23,League Two,Northampton,Oldham,OVER,2.1,,,21.01,SNIPER,,4.78,,,,,,standard,
backtest,2026-05-21 08:58,2021-11-23,League One,Shrewsbury,Sunderland,OVER,2.14,,,4.8,VALUABLE,,1.05,,,,,,standard,
backtest,2026-05-21 08:58,2021-11-23,League Two,Rochdale,Stevenage,OVER,1.99,,,21.29,SNIPER,,5.38,,,,,,standard,
backtest,2026-05-21 08:58,2021-11-26,League Two,Colchester,Newport County,OVER,2.16,,,8.3,VALUABLE,,1.79,,,,,,standard,
backtest,2026-05-21 08:58,2021-11-26,La Liga 2,Alcorcon,Lugo,OVER,2.59,,,12.92,SNIPER,,2.03,,,,,,standard,
backtest,2026-05-21 08:58,2021-11-27,Bundesliga 2,Karlsruhe,Hannover,OVER,1.84,,,12.54,SNIPER,,3.73,,,,,,standard,
backtest,2026-05-21 08:58,2021-11-27,La Liga 2,Burgos,Malaga,OVER,2.77,,,10.1,SNIPER,,1.43,,,,,,standard,
backtest,2026-05-21 08:58,2021-11-27,La Liga 2,Sp Gijon,Fuenlabrada,OVER,2.43,,,13.28,SNIPER,,2.32,,,,,,standard,
backtest,2026-05-21 08:58,2021-11-27,La Liga 2,Valladolid,Cartagena,OVER,1.82,,,10.38,SNIPER,,3.16,,,,,,standard,
backtest,2026-05-21 08:58,2021-11-27,Bundesliga 2,Holstein Kiel,Werder Bremen,UNDER,2.31,,,8.25,VALUABLE,,1.57,,,,,,standard,
backtest,2026-05-21 08:58,2021-11-27,League Two,Scunthorpe,Bradford,OVER,2.23,,,6.69,VALUABLE,,1.36,,,,,,standard,
backtest,2026-05-21 08:58,2021-11-27,League Two,Port Vale,Hartlepool,OVER,2.22,,,30.02,SNIPER,,6.15,,,,,,standard,
backtest,2026-05-21 08:58,2021-11-27,Greek Super League,Giannina,AEK,OVER,1.99,,,20.07,SNIPER,,5.07,,,,,,standard,
backtest,2026-05-21 08:58,2021-11-27,League Two,Crawley Town,Mansfield,OVER,2.14,,,26.08,SNIPER,,5.72,,,,,,standard,
backtest,2026-05-21 08:58,2021-11-27,League Two,Northampton,Leyton Orient,OVER,2.43,,,33.91,SNIPER,,5.93,,,,,,standard,
backtest,2026-05-21 08:58,2021-11-27,League One,Plymouth,Wigan,OVER,1.93,,,15.07,SNIPER,,4.05,,,,,,standard,
backtest,2026-05-21 08:58,2021-11-27,League One,Morecambe,Milton Keynes Dons,OVER,1.87,,,16.85,SNIPER,,4.84,,,,,,standard,
backtest,2026-05-21 08:58,2021-11-28,Greek Super League,OFI Crete,Ionikos,OVER,2.33,,,4.94,VALUABLE,,0.93,,,,,,standard,
backtest,2026-05-21 08:58,2021-11-28,La Liga 2,Amorebieta,Zaragoza,OVER,2.48,,,18.61,SNIPER,,3.14,,,,,,standard,
backtest,2026-05-21 08:58,2021-11-28,Bundesliga 2,Hamburg,Ingolstadt,UNDER,2.33,,,8.49,VALUABLE,,1.6,,,,,,standard,
backtest,2026-05-21 08:58,2021-12-03,Ligue 2,Rodez,Nimes,OVER,2.48,,,17.16,SNIPER,,2.9,,,,,,standard,
backtest,2026-05-21 08:58,2021-12-03,Bundesliga 2,Werder Bremen,Erzgebirge Aue,UNDER,2.42,,,9.42,VALUABLE,,1.66,,,,,,standard,
backtest,2026-05-21 08:58,2021-12-03,Ligue 2,Paris FC,Bastia,OVER,2.38,,,7.09,VALUABLE,,1.28,,,,,,standard,
backtest,2026-05-21 08:58,2021-12-03,Ligue 2,Quevilly Rouen,Nancy,OVER,2.43,,,4.62,VALUABLE,,0.81,,,,,,standard,
backtest,2026-05-21 08:58,2021-12-03,Ligue 2,Amiens,Dunkerque,OVER,2.59,,,9.25,VALUABLE,,1.45,,,,,,standard,
backtest,2026-05-21 08:58,2021-12-03,Ligue 2,Grenoble,Le Havre,OVER,2.87,,,13.01,SNIPER,,1.74,,,,,,standard,
backtest,2026-05-21 08:58,2021-12-04,Bundesliga 2,Sandhausen,Paderborn,UNDER,2.24,,,7.55,VALUABLE,,1.52,,,,,,standard,
backtest,2026-05-21 08:58,2021-12-04,Bundesliga 2,Nurnberg,Holstein Kiel,OVER,1.77,,,17.28,SNIPER,,5.61,,,,,,standard,
backtest,2026-05-21 08:58,2021-12-04,Ligue 2,Auxerre,Caen,OVER,2.0,,,14.34,SNIPER,,3.58,,,,,,standard,
backtest,2026-05-21 08:58,2021-12-05,Greek Super League,Aris,Asteras Tripolis,OVER,2.46,,,6.17,VALUABLE,,1.06,,,,,,standard,
backtest,2026-05-21 08:58,2021-12-05,Greek Super League,AEK,Panathinaikos,OVER,2.22,,,25.62,SNIPER,,5.25,,,,,,standard,
backtest,2026-05-21 08:58,2021-12-05,Greek Super League,Ionikos,PAOK,OVER,2.12,,,4.22,VALUABLE,,0.94,,,,,,standard,
backtest,2026-05-21 08:58,2021-12-05,Bundesliga 2,Dresden,Karlsruhe,OVER,1.96,,,21.99,SNIPER,,5.73,,,,,,standard,
backtest,2026-05-21 08:58,2021-12-05,La Liga 2,Las Palmas,Sp Gijon,OVER,2.14,,,5.23,VALUABLE,,1.15,,,,,,standard,
backtest,2026-05-21 08:58,2021-12-05,La Liga 2,Malaga,Amorebieta,OVER,2.7,,,12.04,SNIPER,,1.77,,,,,,standard,
backtest,2026-05-21 08:58,2021-12-05,La Liga 2,Lugo,Ibiza,OVER,2.56,,,8.14,VALUABLE,,1.3,,,,,,standard,
backtest,2026-05-21 08:58,2021-12-06,Greek Super League,Lamia,Giannina,OVER,2.75,,,7.01,VALUABLE,,1.0,,,,,,standard,
backtest,2026-05-21 08:58,2021-12-06,La Liga 2,Zaragoza,Eibar,OVER,2.45,,,12.36,SNIPER,,2.13,,,,,,standard,
backtest,2026-05-21 08:58,2021-12-06,Ligue 2,Niort,Toulouse,OVER,1.94,,,13.6,SNIPER,,3.62,,,,,,standard,
backtest,2026-05-21 08:58,2021-12-06,La Liga 2,Cartagena,Tenerife,OVER,2.27,,,7.55,VALUABLE,,1.49,,,,,,standard,
backtest,2026-05-21 08:58,2021-12-06,La Liga 2,Girona,Leganes,OVER,2.73,,,10.94,SNIPER,,1.58,,,,,,standard,
backtest,2026-05-21 08:58,2021-12-07,League Two,Newport County,Sutton,OVER,1.97,,,20.75,SNIPER,,5.35,,,,,,standard,
backtest,2026-05-21 08:58,2021-12-07,League Two,Mansfield,Carlisle,OVER,2.16,,,5.67,VALUABLE,,1.22,,,,,,standard,
backtest,2026-05-21 08:58,2021-12-07,League Two,Leyton Orient,Swindon,OVER,1.97,,,15.81,SNIPER,,4.08,,,,,,standard,
backtest,2026-05-21 08:58,2021-12-07,League Two,Walsall,Crawley Town,OVER,2.34,,,8.65,VALUABLE,,1.61,,,,,,standard,
backtest,2026-05-21 08:58,2021-12-07,League One,Sunderland,Morecambe,UNDER,2.1,,,6.09,VALUABLE,,1.38,,,,,,standard,
backtest,2026-05-21 08:58,2021-12-07,League One,Rotherham,Gillingham,UNDER,2.36,,,30.06,SNIPER,,5.53,,,,,,standard,
backtest,2026-05-21 08:58,2021-12-07,League One,Doncaster,Oxford,UNDER,2.12,,,14.14,SNIPER,,3.16,,,,,,standard,
backtest,2026-05-21 08:58,2021-12-07,League Two,Exeter,Northampton,OVER,2.33,,,15.94,SNIPER,,3.0,,,,,,standard,
backtest,2026-05-21 08:58,2021-12-08,League Two,Hartlepool,Rochdale,OVER,2.02,,,11.71,SNIPER,,2.87,,,,,,standard,
backtest,2026-05-21 08:58,2021-12-08,League Two,Bradford,Colchester,OVER,1.97,,,20.75,SNIPER,,5.35,,,,,,standard,
backtest,2026-05-21 08:58,2021-12-10,La Liga 2,Sp Gijon,Huesca,OVER,2.4,,,9.87,VALUABLE,,1.76,,,,,,standard,
backtest,2026-05-21 08:58,2021-12-10,Bundesliga 2,Regensburg,Werder Bremen,OVER,1.72,,,16.25,SNIPER,,5.64,,,,,,standard,
backtest,2026-05-21 08:58,2021-12-10,Bundesliga 2,Schalke 04,Nurnberg,OVER,1.95,,,10.19,SNIPER,,2.68,,,,,,standard,
backtest,2026-05-21 08:58,2021-12-11,League Two,Newport County,Port Vale,OVER,2.25,,,6.34,VALUABLE,,1.27,,,,,,standard,
backtest,2026-05-21 08:58,2021-12-11,La Liga 2,Almeria,Zaragoza,OVER,2.13,,,14.65,SNIPER,,3.24,,,,,,standard,
backtest,2026-05-21 08:58,2021-12-11,La Liga 2,Eibar,Malaga,OVER,2.15,,,12.22,SNIPER,,2.66,,,,,,standard,
backtest,2026-05-21 08:58,2021-12-11,League Two,Bristol Rvs,Rochdale,OVER,1.92,,,18.05,SNIPER,,4.91,,,,,,standard,
backtest,2026-05-21 08:58,2021-12-11,Bundesliga 2,Paderborn,Darmstadt,UNDER,2.42,,,16.74,SNIPER,,2.95,,,,,,standard,
backtest,2026-05-21 08:58,2021-12-11,La Liga 2,Tenerife,Lugo,OVER,2.54,,,15.34,SNIPER,,2.49,,,,,,standard,
backtest,2026-05-21 08:58,2021-12-11,League Two,Hartlepool,Scunthorpe,OVER,2.02,,,9.22,VALUABLE,,2.26,,,,,,standard,
backtest,2026-05-21 08:58,2021-12-11,Bundesliga 2,Ingolstadt,Hannover,OVER,2.05,,,24.54,SNIPER,,5.84,,,,,,standard,
backtest,2026-05-21 08:58,2021-12-11,Ligue 2,Pau FC,Quevilly Rouen,OVER,2.18,,,4.92,VALUABLE,,1.04,,,,,,standard,
backtest,2026-05-21 08:58,2021-12-11,Ligue 2,Nimes,Nancy,OVER,2.3,,,7.31,VALUABLE,,1.41,,,,,,standard,
backtest,2026-05-21 08:58,2021-12-11,League Two,Mansfield,Salford,OVER,2.12,,,20.18,SNIPER,,4.5,,,,,,standard,
backtest,2026-05-21 08:58,2021-12-11,League One,Portsmouth,Morecambe,UNDER,2.1,,,5.53,VALUABLE,,1.26,,,,,,standard,
backtest,2026-05-21 08:58,2021-12-11,League Two,Stevenage,Carlisle,OVER,2.29,,,15.82,SNIPER,,3.07,,,,,,standard,
backtest,2026-05-21 08:58,2021-12-11,Greek Super League,Panetolikos,Ionikos,OVER,2.58,,,18.16,SNIPER,,2.87,,,,,,standard,
backtest,2026-05-21 08:58,2021-12-11,Greek Super League,Giannina,Volos NFC,OVER,2.18,,,12.86,SNIPER,,2.72,,,,,,standard,
backtest,2026-05-21 08:58,2021-12-11,League One,Cheltenham,Lincoln,OVER,1.96,,,17.31,SNIPER,,4.51,,,,,,standard,
backtest,2026-05-21 08:58,2021-12-11,Ligue 2,Dijon,Niort,OVER,2.15,,,15.8,SNIPER,,3.43,,,,,,standard,
backtest,2026-05-21 08:58,2021-12-11,Greek Super League,Panathinaikos,Atromitos,OVER,1.99,,,10.57,SNIPER,,2.67,,,,,,standard,
backtest,2026-05-21 08:58,2021-12-12,La Liga 2,Amorebieta,Las Palmas,OVER,2.45,,,29.76,SNIPER,,5.13,,,,,,standard,
backtest,2026-05-21 08:58,2021-12-12,Bundesliga 2,Erzgebirge Aue,Dresden,OVER,1.98,,,21.05,SNIPER,,5.37,,,,,,standard,
backtest,2026-05-21 08:58,2021-12-12,La Liga 2,Leganes,Ponferradina,OVER,2.48,,,8.01,VALUABLE,,1.35,,,,,,standard,
backtest,2026-05-21 08:58,2021-12-12,La Liga 2,Alcorcon,Cartagena,OVER,2.49,,,25.55,SNIPER,,4.29,,,,,,standard,
backtest,2026-05-21 08:58,2021-12-12,La Liga 2,Valladolid,Oviedo,OVER,2.15,,,7.48,VALUABLE,,1.63,,,,,,standard,
backtest,2026-05-21 08:58,2021-12-13,Ligue 2,Toulouse,Rodez,OVER,2.07,,,12.51,SNIPER,,2.92,,,,,,standard,
backtest,2026-05-21 08:58,2021-12-14,Greek Super League,Asteras Tripolis,Panetolikos,OVER,2.47,,,6.3,VALUABLE,,1.07,,,,,,standard,
backtest,2026-05-21 08:58,2021-12-15,Greek Super League,Giannina,PAOK,OVER,2.11,,,14.7,SNIPER,,3.31,,,,,,standard,
backtest,2026-05-21 08:58,2021-12-16,Greek Super League,Ionikos,AEK,OVER,2.16,,,4.22,VALUABLE,,0.91,,,,,,standard,
backtest,2026-05-21 08:58,2021-12-17,Bundesliga 2,Fortuna Dusseldorf,Sandhausen,UNDER,2.27,,,4.29,VALUABLE,,0.85,,,,,,standard,
backtest,2026-05-21 08:58,2021-12-17,La Liga 2,Girona,Burgos,OVER,2.16,,,30.83,SNIPER,,6.65,,,,,,standard,
backtest,2026-05-21 08:58,2021-12-18,Bundesliga 2,Ingolstadt,Dresden,OVER,2.35,,,18.53,SNIPER,,3.43,,,,,,standard,
backtest,2026-05-21 08:58,2021-12-18,La Liga 2,Las Palmas,Eibar,OVER,2.11,,,13.43,SNIPER,,3.02,,,,,,standard,
backtest,2026-05-21 08:58,2021-12-18,Bundesliga 2,Paderborn,Heidenheim,OVER,1.76,,,12.74,SNIPER,,4.19,,,,,,standard,
backtest,2026-05-21 08:58,2021-12-18,Bundesliga 2,Erzgebirge Aue,Nurnberg,OVER,1.85,,,21.25,SNIPER,,6.25,,,,,,standard,
backtest,2026-05-21 08:58,2021-12-18,League Two,Sutton,Harrogate,OVER,1.98,,,7.82,VALUABLE,,1.99,,,,,,standard,
backtest,2026-05-21 08:58,2021-12-18,League One,Morecambe,Fleetwood Town,OVER,1.88,,,5.41,VALUABLE,,1.54,,,,,,standard,
backtest,2026-05-21 08:58,2021-12-18,League One,Ipswich,Sunderland,OVER,2.03,,,21.45,SNIPER,,5.21,,,,,,standard,
backtest,2026-05-21 08:58,2021-12-19,Greek Super League,PAOK,Asteras Tripolis,OVER,2.1,,,12.06,SNIPER,,2.74,,,,,,standard,
backtest,2026-05-21 08:58,2021-12-19,Bundesliga 2,Karlsruhe,Hansa Rostock,OVER,1.75,,,10.36,SNIPER,,3.45,,,,,,standard,
backtest,2026-05-21 08:58,2021-12-19,La Liga 2,Cartagena,Mirandes,UNDER,1.92,,,13.19,SNIPER,,3.59,,,,,,standard,
backtest,2026-05-21 08:58,2021-12-20,Greek Super League,Aris,Ionikos,OVER,2.52,,,10.83,SNIPER,,1.78,,,,,,standard,
backtest,2026-05-21 08:58,2021-12-21,Ligue 2,Quevilly Rouen,Caen,OVER,2.53,,,9.21,VALUABLE,,1.5,,,,,,standard,
backtest,2026-05-21 08:58,2021-12-21,Ligue 2,Nancy,Dijon,OVER,2.31,,,28.67,SNIPER,,5.47,,,,,,standard,
backtest,2026-05-21 08:58,2021-12-21,Ligue 2,Niort,Pau FC,OVER,2.24,,,19.14,SNIPER,,3.86,,,,,,standard,
backtest,2026-05-21 08:58,2021-12-21,Ligue 2,Guingamp,Dunkerque,OVER,2.14,,,22.35,SNIPER,,4.9,,,,,,standard,
backtest,2026-05-21 08:58,2021-12-26,League Two,Mansfield,Hartlepool,OVER,2.46,,,26.85,SNIPER,,4.6,,,,,,standard,
backtest,2026-05-21 08:58,2021-12-26,League One,Fleetwood Town,Shrewsbury,OVER,2.41,,,4.03,VALUABLE,,0.71,,,,,,standard,
backtest,2026-05-21 08:58,2021-12-26,League Two,Oldham,Scunthorpe,OVER,1.99,,,18.83,SNIPER,,4.76,,,,,,standard,
backtest,2026-05-21 08:58,2021-12-29,League One,Oxford,AFC Wimbledon,UNDER,2.23,,,5.27,VALUABLE,,1.07,,,,,,standard,
backtest,2026-05-21 08:58,2021-12-29,League One,Shrewsbury,Accrington,OVER,2.02,,,21.3,SNIPER,,5.22,,,,,,standard,
backtest,2026-05-21 08:58,2021-12-30,League One,Sunderland,Sheffield Weds,OVER,1.91,,,15.15,SNIPER,,4.16,,,,,,standard,
backtest,2026-05-21 08:58,2021-12-31,La Liga 2,Burgos,Amorebieta,OVER,2.57,,,9.83,VALUABLE,,1.56,,,,,,standard,
backtest,2026-05-21 08:58,2021-12-31,La Liga 2,Eibar,Sociedad B,OVER,1.86,,,18.19,SNIPER,,5.29,,,,,,standard,
backtest,2026-05-21 08:58,2022-01-01,League One,Milton Keynes Dons,Gillingham,UNDER,2.11,,,14.51,SNIPER,,3.27,,,,,,standard,
backtest,2026-05-21 08:58,2022-01-01,League One,Rotherham,Bolton,UNDER,2.29,,,10.81,SNIPER,,2.1,,,,,,standard,
backtest,2026-05-21 08:58,2022-01-01,League One,Burton,Crewe,OVER,1.95,,,20.67,SNIPER,,5.44,,,,,,standard,
backtest,2026-05-21 08:58,2022-01-01,League Two,Forest Green,Stevenage,OVER,1.94,,,13.08,SNIPER,,3.48,,,,,,standard,
backtest,2026-05-21 08:58,2022-01-01,League Two,Hartlepool,Oldham,OVER,2.02,,,7.28,VALUABLE,,1.78,,,,,,standard,
backtest,2026-05-21 08:58,2022-01-01,League Two,Walsall,Newport County,OVER,2.24,,,17.99,SNIPER,,3.63,,,,,,standard,
backtest,2026-05-21 08:58,2022-01-02,La Liga 2,Valladolid,Leganes,OVER,2.11,,,9.39,VALUABLE,,2.11,,,,,,standard,
backtest,2026-05-21 08:58,2022-01-02,La Liga 2,Huesca,Girona,OVER,2.46,,,4.39,VALUABLE,,0.75,,,,,,standard,
backtest,2026-05-21 08:58,2022-01-02,League One,Shrewsbury,Sheffield Weds,OVER,2.31,,,24.07,SNIPER,,4.59,,,,,,standard,
backtest,2026-05-21 08:58,2022-01-02,League One,Morecambe,Doncaster,OVER,1.85,,,13.3,SNIPER,,3.91,,,,,,standard,
backtest,2026-05-21 08:58,2022-01-04,Greek Super League,Giannina,Ionikos,OVER,2.35,,,23.37,SNIPER,,4.33,,,,,,standard,
backtest,2026-05-21 08:58,2022-01-05,Greek Super League,Apollon,Olympiakos,OVER,1.95,,,14.65,SNIPER,,3.85,,,,,,standard,
backtest,2026-05-21 08:58,2022-01-08,Ligue 2,Valenciennes,Guingamp,OVER,2.18,,,21.37,SNIPER,,4.53,,,,,,standard,
backtest,2026-05-21 08:58,2022-01-08,League Two,Tranmere,Scunthorpe,OVER,2.28,,,9.42,VALUABLE,,1.84,,,,,,standard,
backtest,2026-05-21 08:58,2022-01-08,League One,Doncaster,Fleetwood Town,OVER,2.18,,,10.91,SNIPER,,2.31,,,,,,standard,
backtest,2026-05-21 08:58,2022-01-08,League One,Cheltenham,Burton,OVER,2.1,,,18.31,SNIPER,,4.16,,,,,,standard,
backtest,2026-05-21 08:58,2022-01-08,Greek Super League,OFI Crete,Giannina,OVER,2.47,,,4.2,VALUABLE,,0.71,,,,,,standard,
backtest,2026-05-21 08:58,2022-01-08,La Liga 2,Valladolid,Burgos,OVER,1.65,,,5.32,VALUABLE,,2.05,,,,,,standard,
backtest,2026-05-21 08:58,2022-01-08,League Two,Northampton,Crawley Town,OVER,2.18,,,10.91,SNIPER,,2.31,,,,,,standard,
backtest,2026-05-21 08:58,2022-01-08,Ligue 2,Le Havre,Sochaux,OVER,2.75,,,8.33,VALUABLE,,1.19,,,,,,standard,
backtest,2026-05-21 08:58,2022-01-08,La Liga 2,Cartagena,Huesca,OVER,2.09,,,5.43,VALUABLE,,1.25,,,,,,standard,
backtest,2026-05-21 08:58,2022-01-08,La Liga 2,Ibiza,Alcorcon,OVER,2.47,,,12.79,SNIPER,,2.18,,,,,,standard,
backtest,2026-05-21 08:58,2022-01-08,Ligue 2,Dijon,Nimes,OVER,2.08,,,8.7,VALUABLE,,2.01,,,,,,standard,
backtest,2026-05-21 08:58,2022-01-09,La Liga 2,Malaga,Sp Gijon,OVER,2.59,,,5.97,VALUABLE,,0.94,,,,,,standard,
backtest,2026-05-21 08:58,2022-01-09,La Liga 2,Girona,Fuenlabrada,OVER,2.28,,,19.34,SNIPER,,3.78,,,,,,standard,
backtest,2026-05-21 08:58,2022-01-09,La Liga 2,Ponferradina,Zaragoza,OVER,2.49,,,13.12,SNIPER,,2.2,,,,,,standard,
backtest,2026-05-21 08:58,2022-01-10,La Liga 2,Oviedo,Eibar,OVER,2.7,,,10.59,SNIPER,,1.56,,,,,,standard,
backtest,2026-05-21 08:58,2022-01-11,League One,Sunderland,Lincoln,UNDER,2.38,,,14.25,SNIPER,,2.58,,,,,,standard,
backtest,2026-05-21 08:58,2022-01-14,Bundesliga 2,Dresden,Hamburg,OVER,1.93,,,11.77,SNIPER,,3.17,,,,,,standard,
backtest,2026-05-21 08:58,2022-01-14,Bundesliga 2,Hansa Rostock,Hannover,OVER,2.01,,,18.42,SNIPER,,4.56,,,,,,standard,
backtest,2026-05-21 08:58,2022-01-15,Ligue 2,Rodez,Dijon,OVER,2.82,,,11.89,SNIPER,,1.63,,,,,,standard,
backtest,2026-05-21 08:58,2022-01-15,League One,Bolton,Ipswich,OVER,2.03,,,19.94,SNIPER,,4.84,,,,,,standard,
backtest,2026-05-21 08:58,2022-01-15,League One,Fleetwood Town,Rotherham,OVER,1.85,,,15.14,SNIPER,,4.45,,,,,,standard,
backtest,2026-05-21 08:58,2022-01-15,Greek Super League,Asteras Tripolis,Volos NFC,OVER,1.95,,,12.4,SNIPER,,3.26,,,,,,standard,
backtest,2026-05-21 08:58,2022-01-15,League One,Gillingham,Burton,OVER,2.08,,,21.12,SNIPER,,4.89,,,,,,standard,
backtest,2026-05-21 08:58,2022-01-15,League Two,Exeter,Scunthorpe,UNDER,1.85,,,14.83,SNIPER,,4.36,,,,,,standard,
backtest,2026-05-21 08:58,2022-01-15,League Two,Mansfield,Walsall,OVER,2.22,,,8.13,VALUABLE,,1.67,,,,,,standard,
backtest,2026-05-21 08:58,2022-01-15,League Two,Northampton,Forest Green,OVER,2.21,,,4.28,VALUABLE,,0.88,,,,,,standard,
backtest,2026-05-21 08:58,2022-01-15,League Two,Port Vale,Swindon,OVER,1.96,,,22.25,SNIPER,,5.79,,,,,,standard,
backtest,2026-05-21 08:58,2022-01-15,Bundesliga 2,St Pauli,Erzgebirge Aue,UNDER,2.69,,,10.12,SNIPER,,1.5,,,,,,standard,
backtest,2026-05-21 08:58,2022-01-15,League Two,Bristol Rvs,Hartlepool,OVER,2.03,,,4.67,VALUABLE,,1.13,,,,,,standard,
backtest,2026-05-21 08:58,2022-01-15,League Two,Newport County,Harrogate,UNDER,1.88,,,5.0,VALUABLE,,1.42,,,,,,standard,
backtest,2026-05-21 08:58,2022-01-15,Greek Super League,PAOK,OFI Crete,UNDER,1.94,,,8.4,VALUABLE,,2.23,,,,,,standard,
backtest,2026-05-21 08:58,2022-01-15,League Two,Stevenage,Sutton,OVER,2.36,,,14.16,SNIPER,,2.6,,,,,,standard,
backtest,2026-05-21 08:58,2022-01-16,Greek Super League,AEK,Panetolikos,OVER,1.76,,,8.76,VALUABLE,,2.88,,,,,,standard,
backtest,2026-05-21 08:58,2022-01-18,League One,Cambridge,Doncaster,OVER,1.89,,,15.18,SNIPER,,4.27,,,,,,standard,
backtest,2026-05-21 08:58,2022-01-19,La Liga 2,Lugo,Almeria,OVER,2.4,,,5.3,VALUABLE,,0.95,,,,,,standard,
backtest,2026-05-21 08:58,2022-01-21,Bundesliga 2,Hamburg,St Pauli,UNDER,2.3,,,9.38,VALUABLE,,1.8,,,,,,standard,
backtest,2026-05-21 08:58,2022-01-22,Bundesliga 2,Erzgebirge Aue,Schalke 04,OVER,1.72,,,8.94,VALUABLE,,3.1,,,,,,standard,
backtest,2026-05-21 08:58,2022-01-22,Ligue 2,Le Havre,Rodez,OVER,2.77,,,19.42,SNIPER,,2.74,,,,,,standard,
backtest,2026-05-21 08:58,2022-01-22,Ligue 2,Dunkerque,Sochaux,OVER,2.44,,,10.15,SNIPER,,1.76,,,,,,standard,
backtest,2026-05-21 08:58,2022-01-22,Ligue 2,Dijon,Quevilly Rouen,OVER,2.09,,,19.23,SNIPER,,4.41,,,,,,standard,
backtest,2026-05-21 08:58,2022-01-22,League Two,Swindon,Bristol Rvs,UNDER,2.25,,,4.42,VALUABLE,,0.88,,,,,,standard,
backtest,2026-05-21 08:58,2022-01-22,Ligue 2,Bastia,Toulouse,OVER,2.17,,,13.68,SNIPER,,2.92,,,,,,standard,
backtest,2026-05-21 08:58,2022-01-22,Bundesliga 2,Ingolstadt,Darmstadt,OVER,1.81,,,4.39,VALUABLE,,1.36,,,,,,standard,
backtest,2026-05-21 08:58,2022-01-22,League Two,Crawley Town,Tranmere,OVER,2.06,,,12.64,SNIPER,,2.98,,,,,,standard,
backtest,2026-05-21 08:58,2022-01-22,Greek Super League,OFI Crete,Panetolikos,OVER,2.17,,,5.05,VALUABLE,,1.08,,,,,,standard,
backtest,2026-05-21 08:58,2022-01-22,La Liga 2,Malaga,Ibiza,OVER,2.39,,,10.23,SNIPER,,1.84,,,,,,standard,
backtest,2026-05-21 08:58,2022-01-22,League Two,Sutton,Northampton,OVER,2.35,,,9.52,VALUABLE,,1.76,,,,,,standard,
backtest,2026-05-21 08:58,2022-01-22,League Two,Forest Green,Carlisle,UNDER,1.87,,,7.43,VALUABLE,,2.14,,,,,,standard,
backtest,2026-05-21 08:58,2022-01-22,League Two,Salford,Colchester,OVER,2.14,,,11.02,SNIPER,,2.42,,,,,,standard,
backtest,2026-05-21 08:58,2022-01-22,League Two,Rochdale,Bradford,OVER,1.95,,,13.82,SNIPER,,3.64,,,,,,standard,
backtest,2026-05-21 08:58,2022-01-22,League One,Rotherham,Cheltenham,UNDER,2.27,,,11.23,SNIPER,,2.21,,,,,,standard,
backtest,2026-05-21 08:58,2022-01-22,League Two,Leyton Orient,Port Vale,OVER,2.24,,,7.43,VALUABLE,,1.5,,,,,,standard,
backtest,2026-05-21 08:58,2022-01-22,League Two,Hartlepool,Stevenage,OVER,2.2,,,9.38,VALUABLE,,1.95,,,,,,standard,
backtest,2026-05-21 08:58,2022-01-22,League Two,Barrow,Mansfield,OVER,2.36,,,10.01,SNIPER,,1.84,,,,,,standard,
backtest,2026-05-21 08:58,2022-01-22,League One,Milton Keynes Dons,Doncaster,UNDER,2.11,,,4.34,VALUABLE,,0.98,,,,,,standard,
backtest,2026-05-21 08:58,2022-01-23,Greek Super League,Olympiakos,Giannina,UNDER,1.94,,,6.19,VALUABLE,,1.65,,,,,,standard,
backtest,2026-05-21 08:58,2022-01-23,Bundesliga 2,Hannover,Dresden,OVER,2.06,,,22.33,SNIPER,,5.27,,,,,,standard,
backtest,2026-05-21 08:58,2022-01-23,La Liga 2,Girona,Lugo,OVER,2.27,,,4.84,VALUABLE,,0.95,,,,,,standard,
backtest,2026-05-21 08:58,2022-01-24,Ligue 2,Caen,Ajaccio,OVER,3.1,,,6.83,VALUABLE,,0.81,,,,,,standard,
backtest,2026-05-21 08:58,2022-01-25,League Two,Walsall,Bradford,OVER,2.09,,,13.21,SNIPER,,3.03,,,,,,standard,
backtest,2026-05-21 08:58,2022-01-25,League One,Fleetwood Town,Plymouth,OVER,1.99,,,4.58,VALUABLE,,1.16,,,,,,standard,
backtest,2026-05-21 08:58,2022-01-26,Ligue 2,Quevilly Rouen,Amiens,OVER,2.22,,,11.41,SNIPER,,2.34,,,,,,standard,
backtest,2026-05-21 08:58,2022-01-28,Ligue 2,Nimes,Valenciennes,OVER,2.1,,,7.13,VALUABLE,,1.62,,,,,,standard,
backtest,2026-05-21 08:58,2022-01-28,La Liga 2,Valladolid,Sp Gijon,UNDER,1.91,,,6.95,VALUABLE,,1.91,,,,,,standard,
backtest,2026-05-21 08:58,2022-01-29,Greek Super League,Panathinaikos,Asteras Tripolis,OVER,2.66,,,6.82,VALUABLE,,1.03,,,,,,standard,
backtest,2026-05-21 08:58,2022-01-29,League One,Doncaster,Plymouth,OVER,1.86,,,13.03,SNIPER,,3.79,,,,,,standard,
backtest,2026-05-21 08:58,2022-01-29,League Two,Stevenage,Harrogate,OVER,2.03,,,7.19,VALUABLE,,1.75,,,,,,standard,
backtest,2026-05-21 08:58,2022-01-29,League Two,Exeter,Hartlepool,OVER,2.06,,,9.6,VALUABLE,,2.27,,,,,,standard,
backtest,2026-05-21 08:58,2022-01-29,League Two,Colchester,Swindon,OVER,1.92,,,15.17,SNIPER,,4.12,,,,,,standard,
backtest,2026-05-21 08:58,2022-01-29,League Two,Bristol Rvs,Walsall,OVER,2.08,,,16.9,SNIPER,,3.91,,,,,,standard,
backtest,2026-05-21 08:58,2022-01-29,League One,Sheffield Weds,Ipswich,OVER,2.19,,,9.09,VALUABLE,,1.91,,,,,,standard,
backtest,2026-05-21 08:58,2022-01-29,La Liga 2,Lugo,Burgos,OVER,2.44,,,13.77,SNIPER,,2.39,,,,,,standard,
backtest,2026-05-21 08:58,2022-01-29,League Two,Carlisle,Sutton,OVER,2.42,,,15.01,SNIPER,,2.64,,,,,,standard,
backtest,2026-05-21 08:58,2022-01-30,La Liga 2,Ponferradina,Tenerife,OVER,2.56,,,9.88,VALUABLE,,1.58,,,,,,standard,
backtest,2026-05-21 08:58,2022-01-30,Greek Super League,Panetolikos,Aris,OVER,3.15,,,5.44,VALUABLE,,0.63,,,,,,standard,
backtest,2026-05-21 08:58,2022-01-30,La Liga 2,Cartagena,Fuenlabrada,OVER,2.21,,,21.54,SNIPER,,4.45,,,,,,standard,
backtest,2026-05-21 08:58,2022-01-30,La Liga 2,Leganes,Alcorcon,OVER,2.5,,,11.64,SNIPER,,1.94,,,,,,standard,
backtest,2026-05-21 08:58,2022-01-31,La Liga 2,Ibiza,Zaragoza,OVER,2.33,,,10.26,SNIPER,,1.93,,,,,,standard,
backtest,2026-05-21 08:58,2022-01-31,League One,Portsmouth,Charlton,OVER,2.19,,,7.52,VALUABLE,,1.58,,,,,,standard,
backtest,2026-05-21 08:58,2022-02-01,League Two,Tranmere,Stevenage,OVER,2.77,,,6.08,VALUABLE,,0.86,,,,,,standard,
backtest,2026-05-21 08:58,2022-02-01,Ligue 2,Niort,Dunkerque,OVER,2.34,,,4.99,VALUABLE,,0.93,,,,,,standard,
backtest,2026-05-21 08:58,2022-02-01,League Two,Bradford,Leyton Orient,OVER,2.36,,,10.81,SNIPER,,1.99,,,,,,standard,
backtest,2026-05-21 08:58,2022-02-01,League Two,Northampton,Barrow,OVER,2.74,,,16.69,SNIPER,,2.4,,,,,,standard,
backtest,2026-05-21 08:58,2022-02-04,La Liga 2,Burgos,Alcorcon,OVER,2.61,,,22.88,SNIPER,,3.55,,,,,,standard,
backtest,2026-05-21 08:58,2022-02-04,Bundesliga 2,Nurnberg,Ingolstadt,OVER,1.79,,,7.25,VALUABLE,,2.29,,,,,,standard,
backtest,2026-05-21 08:58,2022-02-05,Ligue 2,Nancy,Caen,OVER,2.36,,,8.05,VALUABLE,,1.48,,,,,,standard,
backtest,2026-05-21 08:58,2022-02-05,Ligue 2,Niort,Le Havre,OVER,2.71,,,15.51,SNIPER,,2.27,,,,,,standard,
backtest,2026-05-21 08:58,2022-02-05,League Two,Harrogate,Bradford,OVER,2.01,,,15.33,SNIPER,,3.79,,,,,,standard,
backtest,2026-05-21 08:58,2022-02-05,Ligue 2,Rodez,Valenciennes,OVER,2.43,,,15.12,SNIPER,,2.64,,,,,,standard,
backtest,2026-05-21 08:58,2022-02-05,Ligue 2,Nimes,Dunkerque,OVER,2.07,,,16.77,SNIPER,,3.92,,,,,,standard,
backtest,2026-05-21 08:58,2022-02-05,Ligue 2,Bastia,Pau FC,OVER,2.42,,,6.93,VALUABLE,,1.22,,,,,,standard,
backtest,2026-05-21 08:58,2022-02-05,League Two,Swindon,Exeter,OVER,1.95,,,4.63,VALUABLE,,1.22,,,,,,standard,
backtest,2026-05-21 08:58,2022-02-05,League One,Rotherham,Accrington,UNDER,2.26,,,20.32,SNIPER,,4.03,,,,,,standard,
backtest,2026-05-21 08:58,2022-02-05,League One,Morecambe,Bolton,OVER,1.95,,,13.77,SNIPER,,3.62,,,,,,standard,
backtest,2026-05-21 08:58,2022-02-05,Bundesliga 2,St Pauli,Paderborn,UNDER,2.41,,,8.96,VALUABLE,,1.59,,,,,,standard,
backtest,2026-05-21 08:58,2022-02-05,La Liga 2,Zaragoza,Malaga,OVER,2.66,,,10.09,SNIPER,,1.52,,,,,,standard,
backtest,2026-05-21 08:58,2022-02-06,Bundesliga 2,Darmstadt,Hamburg,UNDER,2.26,,,13.11,SNIPER,,2.6,,,,,,standard,
backtest,2026-05-21 08:58,2022-02-06,La Liga 2,Huesca,Mirandes,OVER,2.14,,,16.13,SNIPER,,3.54,,,,,,standard,
backtest,2026-05-21 08:58,2022-02-06,La Liga 2,Amorebieta,Oviedo,OVER,2.79,,,7.26,VALUABLE,,1.01,,,,,,standard,
backtest,2026-05-21 08:58,2022-02-07,Ligue 2,Paris FC,Ajaccio,OVER,3.07,,,6.41,VALUABLE,,0.77,,,,,,standard,
backtest,2026-05-21 08:58,2022-02-08,League Two,Scunthorpe,Walsall,OVER,2.42,,,4.91,VALUABLE,,0.86,,,,,,standard,
backtest,2026-05-21 08:58,2022-02-08,League One,Doncaster,Ipswich,OVER,2.0,,,7.36,VALUABLE,,1.84,,,,,,standard,
backtest,2026-05-21 08:58,2022-02-08,League Two,Carlisle,Port Vale,OVER,2.41,,,4.67,VALUABLE,,0.83,,,,,,standard,
backtest,2026-05-21 08:58,2022-02-08,League Two,Harrogate,Crawley Town,OVER,1.93,,,5.94,VALUABLE,,1.6,,,,,,standard,
backtest,2026-05-21 08:58,2022-02-11,Bundesliga 2,Hansa Rostock,Werder Bremen,OVER,1.76,,,9.72,VALUABLE,,3.2,,,,,,standard,
backtest,2026-05-21 08:58,2022-02-11,La Liga 2,Leganes,Zaragoza,OVER,2.81,,,7.2,VALUABLE,,0.99,,,,,,standard,
backtest,2026-05-21 08:58,2022-02-12,La Liga 2,Mirandes,Sp Gijon,OVER,2.29,,,9.95,VALUABLE,,1.93,,,,,,standard,
backtest,2026-05-21 08:58,2022-02-12,La Liga 2,Malaga,Almeria,OVER,2.38,,,22.28,SNIPER,,4.04,,,,,,standard,
backtest,2026-05-21 08:58,2022-02-12,League One,Accrington,Crewe,UNDER,2.17,,,11.38,SNIPER,,2.43,,,,,,standard,
backtest,2026-05-21 08:58,2022-02-12,Greek Super League,Asteras Tripolis,Ionikos,OVER,2.49,,,5.36,VALUABLE,,0.9,,,,,,standard,
backtest,2026-05-21 08:58,2022-02-12,Ligue 2,Dunkerque,Rodez,OVER,3.32,,,16.8,SNIPER,,1.81,,,,,,standard,
backtest,2026-05-21 08:58,2022-02-12,League Two,Newport County,Oldham,UNDER,1.97,,,10.69,SNIPER,,2.76,,,,,,standard,
backtest,2026-05-21 08:58,2022-02-12,League Two,Crawley Town,Hartlepool,OVER,2.09,,,7.8,VALUABLE,,1.79,,,,,,standard,
backtest,2026-05-21 08:58,2022-02-12,Ligue 2,Grenoble,Sochaux,OVER,2.68,,,9.17,VALUABLE,,1.36,,,,,,standard,
backtest,2026-05-21 08:58,2022-02-12,League One,Morecambe,Gillingham,OVER,2.06,,,19.65,SNIPER,,4.63,,,,,,standard,
backtest,2026-05-21 08:58,2022-02-12,Ligue 2,Dijon,Pau FC,OVER,2.17,,,20.73,SNIPER,,4.43,,,,,,standard,
backtest,2026-05-21 08:58,2022-02-13,League One,Sheffield Weds,Rotherham,OVER,2.2,,,4.49,VALUABLE,,0.93,,,,,,standard,
backtest,2026-05-21 08:58,2022-02-13,Greek Super League,OFI Crete,Volos NFC,OVER,1.91,,,5.14,VALUABLE,,1.41,,,,,,standard,
backtest,2026-05-21 08:58,2022-02-14,La Liga 2,Ponferradina,Sociedad B,OVER,2.02,,,7.99,VALUABLE,,1.96,,,,,,standard,
backtest,2026-05-21 08:58,2022-02-15,League One,Wigan,Crewe,UNDER,2.25,,,10.81,SNIPER,,2.16,,,,,,standard,
backtest,2026-05-21 08:58,2022-02-15,League One,Burton,Bolton,OVER,2.09,,,10.11,SNIPER,,2.32,,,,,,standard,
backtest,2026-05-21 08:58,2022-02-19,Ligue 2,Guingamp,Paris FC,OVER,2.33,,,16.58,SNIPER,,3.12,,,,,,standard,
backtest,2026-05-21 08:58,2022-02-19,League Two,Carlisle,Swindon,OVER,2.11,,,7.87,VALUABLE,,1.77,,,,,,standard,
backtest,2026-05-21 08:58,2022-02-19,La Liga 2,Girona,Eibar,OVER,2.11,,,13.62,SNIPER,,3.07,,,,,,standard,
backtest,2026-05-21 08:58,2022-02-19,League Two,Tranmere,Port Vale,OVER,2.61,,,5.53,VALUABLE,,0.86,,,,,,standard,
backtest,2026-05-21 08:58,2022-02-19,League Two,Oldham,Bradford,OVER,2.11,,,13.62,SNIPER,,3.07,,,,,,standard,
backtest,2026-05-21 08:58,2022-02-19,Ligue 2,Nimes,Grenoble,OVER,2.39,,,12.07,SNIPER,,2.17,,,,,,standard,
backtest,2026-05-21 08:58,2022-02-19,Greek Super League,Ionikos,OFI Crete,OVER,2.4,,,13.24,SNIPER,,2.36,,,,,,standard,
backtest,2026-05-21 08:58,2022-02-19,Greek Super League,Atromitos,Asteras Tripolis,OVER,2.43,,,7.07,VALUABLE,,1.24,,,,,,standard,
backtest,2026-05-21 08:58,2022-02-19,League One,Bolton,AFC Wimbledon,OVER,2.04,,,6.24,VALUABLE,,1.5,,,,,,standard,
backtest,2026-05-21 08:58,2022-02-19,League One,Sunderland,Milton Keynes Dons,OVER,2.01,,,5.51,VALUABLE,,1.36,,,,,,standard,
backtest,2026-05-21 08:58,2022-02-20,La Liga 2,Sp Gijon,Ponferradina,OVER,2.38,,,8.0,VALUABLE,,1.45,,,,,,standard,
backtest,2026-05-21 08:58,2022-02-20,La Liga 2,Fuenlabrada,Alcorcon,OVER,2.74,,,4.83,VALUABLE,,0.69,,,,,,standard,
backtest,2026-05-21 08:58,2022-02-20,La Liga 2,Burgos,Oviedo,OVER,2.71,,,9.51,VALUABLE,,1.39,,,,,,standard,
backtest,2026-05-21 08:58,2022-02-20,La Liga 2,Huesca,Lugo,OVER,2.19,,,7.99,VALUABLE,,1.68,,,,,,standard,
backtest,2026-05-21 08:58,2022-02-21,Ligue 2,Toulouse,Le Havre,OVER,2.1,,,4.03,VALUABLE,,0.92,,,,,,standard,
backtest,2026-05-21 08:58,2022-02-22,League Two,Colchester,Hartlepool,OVER,2.42,,,6.25,VALUABLE,,1.1,,,,,,standard,
backtest,2026-05-21 08:58,2022-02-22,League Two,Rochdale,Port Vale,OVER,2.12,,,8.86,VALUABLE,,1.98,,,,,,standard,
backtest,2026-05-21 08:58,2022-02-22,League One,Ipswich,Cheltenham,OVER,2.17,,,6.63,VALUABLE,,1.42,,,,,,standard,
backtest,2026-05-21 08:58,2022-02-22,League One,Crewe,Oxford,UNDER,2.34,,,9.86,VALUABLE,,1.84,,,,,,standard,
backtest,2026-05-21 08:58,2022-02-23,Greek Super League,Ionikos,Apollon,OVER,2.43,,,8.87,VALUABLE,,1.55,,,,,,standard,
backtest,2026-05-21 08:58,2022-02-23,Greek Super League,Lamia,Asteras Tripolis,OVER,2.57,,,8.66,VALUABLE,,1.38,,,,,,standard,
backtest,2026-05-21 08:58,2022-02-23,Greek Super League,Aris,Atromitos,OVER,2.3,,,7.89,VALUABLE,,1.52,,,,,,standard,
backtest,2026-05-21 08:58,2022-02-26,La Liga 2,Mirandes,Tenerife,OVER,2.38,,,6.06,VALUABLE,,1.1,,,,,,standard,
backtest,2026-05-21 08:58,2022-02-26,Ligue 2,Valenciennes,Pau FC,OVER,2.39,,,10.89,SNIPER,,1.96,,,,,,standard,
backtest,2026-05-21 08:58,2022-02-26,Greek Super League,Asteras Tripolis,Aris,OVER,3.22,,,5.32,VALUABLE,,0.6,,,,,,standard,
backtest,2026-05-21 08:58,2022-02-26,Ligue 2,Le Havre,Nancy,OVER,2.4,,,7.43,VALUABLE,,1.33,,,,,,standard,
backtest,2026-05-21 08:58,2022-02-26,Ligue 2,Auxerre,Quevilly Rouen,OVER,2.07,,,4.27,VALUABLE,,1.0,,,,,,standard,
backtest,2026-05-21 08:58,2022-02-26,Ligue 2,Guingamp,Niort,OVER,2.36,,,8.81,VALUABLE,,1.62,,,,,,standard,
backtest,2026-05-21 08:58,2022-02-26,League One,Portsmouth,Fleetwood Town,OVER,2.01,,,13.67,SNIPER,,3.38,,,,,,standard,
backtest,2026-05-21 08:58,2022-02-26,League Two,Crawley Town,Forest Green,OVER,1.92,,,6.18,VALUABLE,,1.68,,,,,,standard,
backtest,2026-05-21 08:58,2022-02-26,League One,Burton,Shrewsbury,OVER,2.38,,,9.52,VALUABLE,,1.73,,,,,,standard,
backtest,2026-05-21 08:58,2022-02-26,League Two,Swindon,Salford,OVER,2.03,,,14.16,SNIPER,,3.44,,,,,,standard,
backtest,2026-05-21 08:58,2022-02-26,League Two,Rochdale,Northampton,OVER,2.38,,,5.87,VALUABLE,,1.06,,,,,,standard,
backtest,2026-05-21 08:58,2022-02-27,La Liga 2,Leganes,Girona,OVER,2.42,,,8.07,VALUABLE,,1.42,,,,,,standard,
backtest,2026-05-21 08:58,2022-02-27,La Liga 2,Alcorcon,Ponferradina,OVER,2.4,,,7.82,VALUABLE,,1.4,,,,,,standard,
backtest,2026-05-21 08:58,2022-02-27,La Liga 2,Sp Gijon,Zaragoza,OVER,2.5,,,15.51,SNIPER,,2.58,,,,,,standard,
backtest,2026-05-21 08:58,2022-02-27,Greek Super League,Panathinaikos,AEK,OVER,2.34,,,9.34,VALUABLE,,1.74,,,,,,standard,
backtest,2026-05-21 08:58,2022-02-28,Greek Super League,Apollon,Atromitos,OVER,2.41,,,6.59,VALUABLE,,1.17,,,,,,standard,
backtest,2026-05-21 08:58,2022-03-01,League Two,Colchester,Leyton Orient,OVER,2.28,,,4.14,VALUABLE,,0.81,,,,,,standard,
backtest,2026-05-21 08:58,2022-03-01,League Two,Harrogate,Port Vale,OVER,2.27,,,4.04,VALUABLE,,0.79,,,,,,standard,
backtest,2026-05-21 08:58,2022-03-01,League Two,Carlisle,Rochdale,OVER,2.18,,,6.88,VALUABLE,,1.46,,,,,,standard,
backtest,2026-05-21 08:58,2022-03-02,Greek Super League,AEK,PAOK,OVER,2.22,,,5.21,VALUABLE,,1.07,,,,,,standard,
backtest,2026-05-21 08:58,2022-03-04,La Liga 2,Zaragoza,Almeria,OVER,2.28,,,4.23,VALUABLE,,0.83,,,,,,standard,
backtest,2026-05-21 08:58,2022-03-04,Bundesliga 2,Holstein Kiel,Paderborn,UNDER,2.29,,,8.24,VALUABLE,,1.6,,,,,,standard,
backtest,2026-05-21 08:58,2022-03-05,League Two,Oldham,Carlisle,OVER,2.13,,,5.81,VALUABLE,,1.28,,,,,,standard,
backtest,2026-05-21 08:58,2022-03-05,League Two,Colchester,Port Vale,OVER,2.4,,,6.42,VALUABLE,,1.15,,,,,,standard,
backtest,2026-05-21 08:58,2022-03-05,La Liga 2,Fuenlabrada,Burgos,OVER,2.45,,,9.3,VALUABLE,,1.6,,,,,,standard,
backtest,2026-05-21 08:58,2022-03-05,League Two,Bradford,Swindon,OVER,2.03,,,5.44,VALUABLE,,1.32,,,,,,standard,
backtest,2026-05-21 08:58,2022-03-05,Bundesliga 2,Nurnberg,Hamburg,UNDER,2.27,,,4.41,VALUABLE,,0.87,,,,,,standard,
backtest,2026-05-21 08:58,2022-03-05,League Two,Newport County,Bristol Rvs,UNDER,1.97,,,7.2,VALUABLE,,1.86,,,,,,standard,
backtest,2026-05-21 08:58,2022-03-05,League One,Fleetwood Town,Ipswich,OVER,2.33,,,6.96,VALUABLE,,1.31,,,,,,standard,
backtest,2026-05-21 08:58,2022-03-05,League One,Charlton,Sunderland,OVER,2.02,,,5.19,VALUABLE,,1.27,,,,,,standard,
backtest,2026-05-21 08:58,2022-03-05,League One,Cambridge,Shrewsbury,OVER,2.65,,,12.38,SNIPER,,1.88,,,,,,standard,
backtest,2026-05-21 08:58,2022-03-05,Ligue 2,Rodez,Auxerre,OVER,2.66,,,9.18,VALUABLE,,1.38,,,,,,standard,
backtest,2026-05-21 08:58,2022-03-05,La Liga 2,Tenerife,Valladolid,OVER,2.21,,,5.46,VALUABLE,,1.13,,,,,,standard,
backtest,2026-05-21 08:58,2022-03-05,Ligue 2,Niort,Ajaccio,OVER,2.96,,,9.02,VALUABLE,,1.15,,,,,,standard,
backtest,2026-05-21 08:58,2022-03-06,Greek Super League,Aris,Olympiakos,OVER,2.84,,,5.47,VALUABLE,,0.74,,,,,,standard,
backtest,2026-05-21 08:58,2022-03-06,Bundesliga 2,Werder Bremen,Dresden,UNDER,2.39,,,6.62,VALUABLE,,1.19,,,,,,standard,
backtest,2026-05-21 08:58,2022-03-06,Greek Super League,Atromitos,Panathinaikos,OVER,2.39,,,4.77,VALUABLE,,0.86,,,,,,standard,
backtest,2026-05-21 08:58,2022-03-06,La Liga 2,Leganes,Mirandes,OVER,2.12,,,4.37,VALUABLE,,0.97,,,,,,standard,
backtest,2026-05-21 08:58,2022-03-06,La Liga 2,Ponferradina,Ibiza,OVER,2.26,,,20.55,SNIPER,,4.08,,,,,,standard,
backtest,2026-05-21 08:58,2022-03-06,La Liga 2,Amorebieta,Malaga,OVER,2.7,,,5.42,VALUABLE,,0.8,,,,,,standard,
backtest,2026-05-21 08:58,2022-03-06,La Liga 2,Lugo,Alcorcon,OVER,2.44,,,5.95,VALUABLE,,1.03,,,,,,standard,
backtest,2026-05-21 08:58,2022-03-07,La Liga 2,Sociedad B,Sp Gijon,OVER,2.29,,,4.91,VALUABLE,,0.95,,,,,,standard,
backtest,2026-05-21 08:58,2022-03-07,Ligue 2,Toulouse,Dunkerque,OVER,1.98,,,8.69,VALUABLE,,2.22,,,,,,standard,
backtest,2026-05-21 08:58,2022-03-11,La Liga 2,Zaragoza,Fuenlabrada,OVER,2.69,,,9.97,VALUABLE,,1.48,,,,,,standard,
backtest,2026-05-21 08:58,2022-03-12,Ligue 2,Le Havre,Nimes,OVER,2.3,,,4.29,VALUABLE,,0.82,,,,,,standard,
backtest,2026-05-21 08:58,2022-03-12,League One,Ipswich,Portsmouth,OVER,2.33,,,5.4,VALUABLE,,1.02,,,,,,standard,
backtest,2026-05-21 08:58,2022-03-12,Ligue 2,Caen,Toulouse,OVER,2.16,,,4.75,VALUABLE,,1.02,,,,,,standard,
backtest,2026-05-21 08:58,2022-03-12,La Liga 2,Malaga,Ponferradina,OVER,2.5,,,8.81,VALUABLE,,1.47,,,,,,standard,
backtest,2026-05-21 08:58,2022-03-12,League One,Doncaster,Gillingham,OVER,2.42,,,10.35,SNIPER,,1.82,,,,,,standard,
backtest,2026-05-21 08:58,2022-03-12,Ligue 2,Ajaccio,Bastia,OVER,3.45,,,9.95,VALUABLE,,1.02,,,,,,standard,
backtest,2026-05-21 08:58,2022-03-12,Ligue 2,Dunkerque,Pau FC,OVER,2.74,,,5.73,VALUABLE,,0.82,,,,,,standard,
backtest,2026-05-21 08:58,2022-03-12,League Two,Carlisle,Northampton,OVER,2.57,,,11.44,SNIPER,,1.82,,,,,,standard,
backtest,2026-05-21 08:58,2022-03-12,League Two,Hartlepool,Leyton Orient,OVER,2.39,,,7.4,VALUABLE,,1.33,,,,,,standard,
backtest,2026-05-21 08:58,2022-03-12,League Two,Forest Green,Bradford,UNDER,1.95,,,5.19,VALUABLE,,1.37,,,,,,standard,
backtest,2026-05-21 08:58,2022-03-12,League Two,Scunthorpe,Colchester,OVER,2.22,,,6.62,VALUABLE,,1.36,,,,,,standard,
backtest,2026-05-21 08:58,2022-03-13,La Liga 2,Alcorcon,Huesca,OVER,2.2,,,6.21,VALUABLE,,1.29,,,,,,standard,
backtest,2026-05-21 08:58,2022-03-13,La Liga 2,Sp Gijon,Tenerife,OVER,2.59,,,9.77,VALUABLE,,1.54,,,,,,standard,
backtest,2026-05-21 08:58,2022-03-13,La Liga 2,Burgos,Sociedad B,OVER,2.28,,,4.52,VALUABLE,,0.88,,,,,,standard,
backtest,2026-05-21 08:58,2022-03-13,Greek Super League,PAOK,Giannina,UNDER,1.85,,,7.01,VALUABLE,,2.06,,,,,,standard,
backtest,2026-05-21 08:58,2022-03-13,Greek Super League,Olympiakos,Aris,OVER,2.54,,,4.15,VALUABLE,,0.67,,,,,,standard,
backtest,2026-05-21 08:58,2022-03-15,League Two,Carlisle,Newport County,OVER,2.3,,,10.13,SNIPER,,1.95,,,,,,standard,
backtest,2026-05-21 08:58,2022-03-15,Ligue 2,Quevilly Rouen,Ajaccio,OVER,3.08,,,9.08,VALUABLE,,1.09,,,,,,standard,
backtest,2026-05-21 08:58,2022-03-15,Ligue 2,Rodez,Guingamp,OVER,3.23,,,7.98,VALUABLE,,0.89,,,,,,standard,
backtest,2026-05-21 08:58,2022-03-15,League One,Sheffield Weds,Accrington,UNDER,2.12,,,4.46,VALUABLE,,0.99,,,,,,standard,
backtest,2026-05-21 08:58,2022-03-15,League Two,Tranmere,Harrogate,OVER,2.22,,,6.64,VALUABLE,,1.36,,,,,,standard,
backtest,2026-05-21 08:58,2022-03-15,League Two,Stevenage,Northampton,OVER,2.74,,,7.01,VALUABLE,,1.01,,,,,,standard,
backtest,2026-05-21 08:58,2022-03-15,Ligue 2,Bastia,Dunkerque,OVER,2.65,,,4.32,VALUABLE,,0.66,,,,,,standard,
backtest,2026-05-21 08:58,2022-03-15,Ligue 2,Dijon,Le Havre,OVER,2.71,,,6.6,VALUABLE,,0.97,,,,,,standard,
backtest,2026-05-21 08:58,2022-03-19,Ligue 2,Amiens,Dijon,OVER,2.35,,,4.03,VALUABLE,,0.75,,,,,,standard,
backtest,2026-05-21 08:58,2022-03-19,Ligue 2,Grenoble,Bastia,OVER,2.88,,,7.35,VALUABLE,,0.98,,,,,,standard,
backtest,2026-05-21 08:58,2022-03-19,Ligue 2,Dunkerque,Valenciennes,OVER,3.21,,,6.7,VALUABLE,,0.76,,,,,,standard,
backtest,2026-05-21 08:58,2022-03-19,Ligue 2,Ajaccio,Nimes,OVER,2.55,,,7.74,VALUABLE,,1.25,,,,,,standard,
backtest,2026-05-21 08:58,2022-03-19,Ligue 2,Sochaux,Rodez,OVER,2.81,,,7.91,VALUABLE,,1.09,,,,,,standard,
backtest,2026-05-21 08:58,2022-03-19,La Liga 2,Fuenlabrada,Malaga,OVER,2.58,,,5.1,VALUABLE,,0.81,,,,,,standard,
backtest,2026-05-21 08:58,2022-03-19,La Liga 2,Lugo,Oviedo,OVER,2.62,,,5.69,VALUABLE,,0.88,,,,,,standard,
backtest,2026-05-21 08:58,2022-03-19,League One,Charlton,Burton,OVER,2.02,,,4.84,VALUABLE,,1.19,,,,,,standard,
backtest,2026-05-21 08:58,2022-03-19,Bundesliga 2,Werder Bremen,Darmstadt,UNDER,2.35,,,7.84,VALUABLE,,1.45,,,,,,standard,
backtest,2026-05-21 08:58,2022-03-19,League Two,Sutton,Tranmere,OVER,2.27,,,6.44,VALUABLE,,1.27,,,,,,standard,
backtest,2026-05-21 08:58,2022-03-19,League One,Cheltenham,AFC Wimbledon,OVER,2.23,,,4.76,VALUABLE,,0.97,,,,,,standard,
backtest,2026-05-21 08:58,2022-03-20,La Liga 2,Ponferradina,Eibar,OVER,2.36,,,10.66,SNIPER,,1.96,,,,,,standard,
backtest,2026-05-21 08:58,2022-03-20,Bundesliga 2,Regensburg,Paderborn,UNDER,2.21,,,10.89,SNIPER,,2.25,,,,,,standard,
backtest,2026-05-21 08:58,2022-03-20,Bundesliga 2,Holstein Kiel,Ingolstadt,UNDER,2.25,,,5.95,VALUABLE,,1.19,,,,,,standard,
backtest,2026-05-21 08:58,2022-03-20,La Liga 2,Amorebieta,Alcorcon,OVER,2.43,,,8.45,VALUABLE,,1.48,,,,,,standard,
backtest,2026-05-21 08:58,2022-03-20,La Liga 2,Leganes,Sp Gijon,OVER,2.54,,,8.74,VALUABLE,,1.42,,,,,,standard,
backtest,2026-05-21 08:58,2022-03-20,Greek Super League,Aris,Panathinaikos,OVER,2.67,,,6.41,VALUABLE,,0.96,,,,,,standard,
backtest,2026-05-21 08:58,2022-03-21,La Liga 2,Tenerife,Almeria,OVER,2.42,,,7.46,VALUABLE,,1.31,,,,,,standard,
backtest,2026-05-21 08:58,2022-03-22,League Two,Port Vale,Exeter,OVER,2.5,,,9.61,VALUABLE,,1.6,,,,,,standard,
backtest,2026-05-21 08:58,2022-03-22,League Two,Harrogate,Leyton Orient,OVER,2.51,,,4.02,VALUABLE,,0.67,,,,,,standard,
backtest,2026-05-21 08:58,2022-03-25,La Liga 2,Zaragoza,Amorebieta,OVER,2.54,,,8.74,VALUABLE,,1.42,,,,,,standard,
backtest,2026-05-21 08:58,2022-03-26,La Liga 2,Sp Gijon,Cartagena,OVER,2.18,,,6.95,VALUABLE,,1.47,,,,,,standard,
backtest,2026-05-21 08:58,2022-03-26,League Two,Leyton Orient,Barrow,OVER,2.51,,,5.71,VALUABLE,,0.95,,,,,,standard,
backtest,2026-05-21 08:58,2022-03-26,La Liga 2,Oviedo,Fuenlabrada,OVER,2.52,,,7.92,VALUABLE,,1.3,,,,,,standard,
backtest,2026-05-21 08:58,2022-03-26,League Two,Port Vale,Sutton,OVER,2.46,,,9.25,VALUABLE,,1.58,,,,,,standard,
backtest,2026-05-21 08:58,2022-03-26,League Two,Northampton,Hartlepool,OVER,2.53,,,10.37,SNIPER,,1.7,,,,,,standard,
backtest,2026-05-21 08:58,2022-03-27,La Liga 2,Malaga,Huesca,OVER,2.7,,,4.79,VALUABLE,,0.7,,,,,,standard,
backtest,2026-05-21 08:58,2022-03-27,La Liga 2,Burgos,Tenerife,OVER,2.89,,,10.95,SNIPER,,1.45,,,,,,standard,
backtest,2026-05-21 08:58,2022-04-02,La Liga 2,Sociedad B,Alcorcon,OVER,2.18,,,4.29,VALUABLE,,0.91,,,,,,standard,
backtest,2026-05-21 08:58,2022-04-02,League One,Milton Keynes Dons,Shrewsbury,OVER,2.74,,,6.76,VALUABLE,,0.97,,,,,,standard,
backtest,2026-05-21 08:58,2022-04-02,League Two,Mansfield,Northampton,OVER,2.34,,,7.43,VALUABLE,,1.39,,,,,,standard,
backtest,2026-05-21 08:58,2022-04-02,League Two,Forest Green,Scunthorpe,UNDER,2.43,,,15.59,SNIPER,,2.73,,,,,,standard,
backtest,2026-05-21 08:58,2022-04-02,Ligue 2,Rodez,Niort,OVER,2.72,,,5.5,VALUABLE,,0.8,,,,,,standard,
backtest,2026-05-21 08:58,2022-04-02,La Liga 2,Valladolid,Lugo,UNDER,2.15,,,4.25,VALUABLE,,0.92,,,,,,standard,
backtest,2026-05-21 08:58,2022-04-02,League Two,Harrogate,Colchester,OVER,2.02,,,10.71,SNIPER,,2.62,,,,,,standard,
backtest,2026-05-21 08:58,2022-04-02,Ligue 2,Bastia,Auxerre,OVER,2.39,,,4.69,VALUABLE,,0.84,,,,,,standard,
backtest,2026-05-21 08:58,2022-04-02,League Two,Barrow,Port Vale,OVER,2.58,,,6.69,VALUABLE,,1.06,,,,,,standard,
backtest,2026-05-21 08:58,2022-04-02,League One,Wycombe,Doncaster,UNDER,2.35,,,9.96,VALUABLE,,1.84,,,,,,standard,
backtest,2026-05-21 08:58,2022-04-02,Bundesliga 2,Hamburg,Paderborn,UNDER,2.5,,,12.51,SNIPER,,2.08,,,,,,standard,
backtest,2026-05-21 08:58,2022-04-02,Bundesliga 2,Darmstadt,Holstein Kiel,UNDER,2.56,,,11.82,SNIPER,,1.89,,,,,,standard,
backtest,2026-05-21 08:58,2022-04-02,La Liga 2,Tenerife,Zaragoza,OVER,2.56,,,10.14,SNIPER,,1.62,,,,,,standard,
backtest,2026-05-21 08:58,2022-04-02,League Two,Stevenage,Oldham,OVER,2.17,,,6.96,VALUABLE,,1.49,,,,,,standard,
backtest,2026-05-21 08:58,2022-04-03,La Liga 2,Burgos,Sp Gijon,OVER,2.66,,,8.94,VALUABLE,,1.35,,,,,,standard,
backtest,2026-05-21 08:58,2022-04-03,La Liga 2,Cartagena,Oviedo,OVER,2.36,,,7.7,VALUABLE,,1.42,,,,,,standard,
backtest,2026-05-21 08:58,2022-04-04,Ligue 2,Nancy,Ajaccio,OVER,3.02,,,8.01,VALUABLE,,0.99,,,,,,standard,
backtest,2026-05-21 08:58,2022-04-05,League Two,Salford,Port Vale,OVER,2.4,,,7.72,VALUABLE,,1.38,,,,,,standard,
backtest,2026-05-21 08:58,2022-04-05,Bundesliga 2,Hamburg,Erzgebirge Aue,UNDER,2.55,,,7.96,VALUABLE,,1.28,,,,,,standard,
backtest,2026-05-21 08:58,2022-04-08,La Liga 2,Lugo,Cartagena,OVER,2.37,,,8.0,VALUABLE,,1.46,,,,,,standard,
backtest,2026-05-21 08:58,2022-04-09,League Two,Carlisle,Exeter,OVER,2.23,,,4.69,VALUABLE,,0.95,,,,,,standard,
backtest,2026-05-21 08:58,2022-04-09,Bundesliga 2,Nurnberg,Darmstadt,UNDER,2.33,,,6.88,VALUABLE,,1.29,,,,,,standard,
backtest,2026-05-21 08:58,2022-04-09,League Two,Salford,Harrogate,OVER,1.92,,,4.16,VALUABLE,,1.13,,,,,,standard,
backtest,2026-05-21 08:58,2022-04-09,La Liga 2,Alcorcon,Sp Gijon,OVER,2.44,,,8.55,VALUABLE,,1.48,,,,,,standard,
backtest,2026-05-21 08:58,2022-04-09,Ligue 2,Amiens,Bastia,OVER,2.67,,,4.68,VALUABLE,,0.7,,,,,,standard,
backtest,2026-05-21 08:58,2022-04-09,Ligue 2,Le Havre,Dunkerque,OVER,2.64,,,4.65,VALUABLE,,0.71,,,,,,standard,
backtest,2026-05-21 08:58,2022-04-09,Ligue 2,Quevilly Rouen,Rodez,OVER,3.02,,,6.98,VALUABLE,,0.86,,,,,,standard,
backtest,2026-05-21 08:58,2022-04-09,Ligue 2,Ajaccio,Pau FC,OVER,3.0,,,7.42,VALUABLE,,0.93,,,,,,standard,
backtest,2026-05-21 08:58,2022-04-09,Bundesliga 2,St Pauli,Werder Bremen,UNDER,2.47,,,9.7,VALUABLE,,1.65,,,,,,standard,
backtest,2026-05-21 08:58,2022-04-10,La Liga 2,Zaragoza,Girona,OVER,2.28,,,5.45,VALUABLE,,1.06,,,,,,standard,
backtest,2026-05-21 08:58,2022-04-10,La Liga 2,Oviedo,Leganes,OVER,2.65,,,6.51,VALUABLE,,0.99,,,,,,standard,
backtest,2026-05-21 08:58,2022-04-10,La Liga 2,Mirandes,Burgos,OVER,2.14,,,4.18,VALUABLE,,0.92,,,,,,standard,
backtest,2026-05-21 08:58,2022-04-10,Bundesliga 2,Holstein Kiel,Hamburg,UNDER,2.47,,,7.38,VALUABLE,,1.26,,,,,,standard,
backtest,2026-05-21 08:58,2022-04-11,La Liga 2,Almeria,Ponferradina,OVER,1.62,,,14.22,SNIPER,,5.73,,,,,,standard,
backtest,2026-05-21 08:58,2022-04-12,League One,Burton,Wigan,OVER,2.0,,,5.01,VALUABLE,,1.25,,,,,,standard,
backtest,2026-05-21 08:58,2022-04-15,League Two,Walsall,Carlisle,OVER,2.3,,,4.97,VALUABLE,,0.96,,,,,,standard,
backtest,2026-05-21 08:58,2022-04-15,League Two,Hartlepool,Port Vale,OVER,2.61,,,5.88,VALUABLE,,0.91,,,,,,standard,
backtest,2026-05-21 08:58,2022-04-15,League Two,Oldham,Northampton,OVER,2.23,,,5.25,VALUABLE,,1.07,,,,,,standard,
backtest,2026-05-21 08:58,2022-04-16,Ligue 2,Dijon,Ajaccio,OVER,2.94,,,9.62,VALUABLE,,1.24,,,,,,standard,
backtest,2026-05-21 08:58,2022-04-16,Greek Super League,Panetolikos,Asteras Tripolis,OVER,2.28,,,6.23,VALUABLE,,1.22,,,,,,standard,
backtest,2026-05-21 08:58,2022-04-16,Ligue 2,Valenciennes,Le Havre,OVER,2.36,,,4.92,VALUABLE,,0.9,,,,,,standard,
backtest,2026-05-21 08:58,2022-04-16,Ligue 2,Toulouse,Quevilly Rouen,UNDER,2.38,,,4.08,VALUABLE,,0.74,,,,,,standard,
backtest,2026-05-21 08:58,2022-04-16,La Liga 2,Valladolid,Almeria,UNDER,2.13,,,4.01,VALUABLE,,0.89,,,,,,standard,
backtest,2026-05-21 08:58,2022-04-16,La Liga 2,Sp Gijon,Oviedo,OVER,2.57,,,6.34,VALUABLE,,1.01,,,,,,standard,
backtest,2026-05-21 08:58,2022-04-16,Ligue 2,Bastia,Guingamp,OVER,2.78,,,4.57,VALUABLE,,0.64,,,,,,standard,
backtest,2026-05-21 08:58,2022-04-16,Ligue 2,Caen,Amiens,OVER,2.14,,,12.01,SNIPER,,2.63,,,,,,standard,
backtest,2026-05-21 08:58,2022-04-16,Ligue 2,Dunkerque,Grenoble,OVER,2.87,,,5.69,VALUABLE,,0.76,,,,,,standard,
backtest,2026-05-21 08:58,2022-04-16,Bundesliga 2,Hannover,Fortuna Dusseldorf,OVER,2.11,,,4.62,VALUABLE,,1.04,,,,,,standard,
backtest,2026-05-21 08:58,2022-04-16,Bundesliga 2,Hamburg,Karlsruhe,UNDER,2.8,,,10.02,SNIPER,,1.39,,,,,,standard,
backtest,2026-05-21 08:58,2022-04-16,La Liga 2,Leganes,Malaga,OVER,2.73,,,4.97,VALUABLE,,0.72,,,,,,standard,
backtest,2026-05-21 08:58,2022-04-17,La Liga 2,Ponferradina,Lugo,OVER,2.26,,,4.8,VALUABLE,,0.95,,,,,,standard,
backtest,2026-05-21 08:58,2022-04-17,Greek Super League,Panathinaikos,Olympiakos,OVER,2.75,,,9.36,VALUABLE,,1.34,,,,,,standard,
backtest,2026-05-21 08:58,2022-04-17,Greek Super League,Lamia,Ionikos,OVER,2.36,,,7.22,VALUABLE,,1.33,,,,,,standard,
backtest,2026-05-21 08:58,2022-04-17,La Liga 2,Burgos,Ibiza,OVER,2.45,,,9.28,VALUABLE,,1.6,,,,,,standard,
backtest,2026-05-21 08:58,2022-04-17,Greek Super League,Aris,PAOK,OVER,2.85,,,10.5,SNIPER,,1.42,,,,,,standard,
backtest,2026-05-21 08:58,2022-04-17,Bundesliga 2,Werder Bremen,Nurnberg,UNDER,2.66,,,8.5,VALUABLE,,1.28,,,,,,standard,
backtest,2026-05-21 08:58,2022-04-17,Bundesliga 2,Heidenheim,Erzgebirge Aue,UNDER,2.41,,,7.34,VALUABLE,,1.3,,,,,,standard,
backtest,2026-05-21 08:58,2022-04-18,League Two,Swindon,Leyton Orient,OVER,1.98,,,10.29,SNIPER,,2.62,,,,,,standard,
backtest,2026-05-21 08:58,2022-04-18,League One,Gillingham,Fleetwood Town,OVER,2.25,,,4.07,VALUABLE,,0.81,,,,,,standard,
backtest,2026-05-21 08:58,2022-04-18,League Two,Forest Green,Oldham,UNDER,2.07,,,4.38,VALUABLE,,1.02,,,,,,standard,
backtest,2026-05-21 08:58,2022-04-19,Ligue 2,Grenoble,Valenciennes,OVER,2.81,,,6.78,VALUABLE,,0.94,,,,,,standard,
backtest,2026-05-21 08:58,2022-04-19,Ligue 2,Paris FC,Caen,OVER,2.21,,,4.74,VALUABLE,,0.98,,,,,,standard,
backtest,2026-05-21 08:58,2022-04-19,Ligue 2,Niort,Bastia,OVER,2.85,,,5.81,VALUABLE,,0.79,,,,,,standard,
backtest,2026-05-21 08:58,2022-04-19,Ligue 2,Ajaccio,Dunkerque,OVER,2.43,,,6.17,VALUABLE,,1.08,,,,,,standard,
backtest,2026-05-21 08:58,2022-04-19,League One,Sheffield Weds,Crewe,UNDER,2.35,,,5.88,VALUABLE,,1.09,,,,,,standard,
backtest,2026-05-21 08:58,2022-04-22,Ligue 2,Nancy,Quevilly Rouen,OVER,2.2,,,4.54,VALUABLE,,0.95,,,,,,standard,
backtest,2026-05-21 08:58,2022-04-22,Ligue 2,Dunkerque,Amiens,OVER,2.33,,,7.18,VALUABLE,,1.35,,,,,,standard,
backtest,2026-05-21 08:58,2022-04-22,Ligue 2,Le Havre,Grenoble,OVER,2.38,,,5.31,VALUABLE,,0.96,,,,,,standard,
backtest,2026-05-21 08:58,2022-04-22,Ligue 2,Valenciennes,Ajaccio,OVER,2.87,,,10.07,SNIPER,,1.35,,,,,,standard,
backtest,2026-05-21 08:58,2022-04-23,Bundesliga 2,St Pauli,Darmstadt,UNDER,2.67,,,12.1,SNIPER,,1.81,,,,,,standard,
backtest,2026-05-21 08:58,2022-04-23,League Two,Mansfield,Crawley Town,UNDER,2.08,,,7.01,VALUABLE,,1.62,,,,,,standard,
backtest,2026-05-21 08:58,2022-04-23,La Liga 2,Fuenlabrada,Ponferradina,OVER,2.06,,,6.03,VALUABLE,,1.42,,,,,,standard,
backtest,2026-05-21 08:58,2022-04-23,League Two,Walsall,Port Vale,OVER,2.54,,,5.31,VALUABLE,,0.86,,,,,,standard,
backtest,2026-05-21 08:58,2022-04-23,La Liga 2,Malaga,Eibar,OVER,2.66,,,7.32,VALUABLE,,1.1,,,,,,standard,
backtest,2026-05-21 08:58,2022-04-24,La Liga 2,Alcorcon,Oviedo,OVER,2.35,,,5.1,VALUABLE,,0.94,,,,,,standard,
backtest,2026-05-21 08:58,2022-04-29,Bundesliga 2,Sandhausen,Schalke 04,UNDER,2.51,,,7.5,VALUABLE,,1.24,,,,,,standard,
backtest,2026-05-21 08:58,2022-04-29,Bundesliga 2,St Pauli,Nurnberg,UNDER,2.21,,,5.5,VALUABLE,,1.14,,,,,,standard,
backtest,2026-05-21 08:58,2022-04-29,Bundesliga 2,Werder Bremen,Holstein Kiel,UNDER,3.41,,,16.22,SNIPER,,1.68,,,,,,standard,
backtest,2026-05-21 08:58,2022-04-30,League One,Oxford,Doncaster,UNDER,3.05,,,14.6,SNIPER,,1.78,,,,,,standard,
backtest,2026-05-21 08:58,2022-04-30,League Two,Northampton,Exeter,OVER,2.5,,,6.5,VALUABLE,,1.08,,,,,,standard,
backtest,2026-05-21 08:58,2022-04-30,League One,Burton,Wycombe,UNDER,2.35,,,13.0,SNIPER,,2.41,,,,,,standard,
backtest,2026-05-21 08:58,2022-04-30,League Two,Forest Green,Harrogate,UNDER,2.25,,,5.51,VALUABLE,,1.1,,,,,,standard,
backtest,2026-05-21 08:58,2022-04-30,League One,AFC Wimbledon,Accrington,UNDER,2.33,,,7.04,VALUABLE,,1.32,,,,,,standard,
backtest,2026-05-21 08:58,2022-04-30,Bundesliga 2,Hansa Rostock,Paderborn,UNDER,2.21,,,8.21,VALUABLE,,1.7,,,,,,standard,
backtest,2026-05-21 08:58,2022-04-30,Bundesliga 2,Ingolstadt,Hamburg,UNDER,2.52,,,8.09,VALUABLE,,1.33,,,,,,standard,
backtest,2026-05-21 08:58,2022-04-30,La Liga 2,Oviedo,Mirandes,OVER,2.12,,,4.97,VALUABLE,,1.11,,,,,,standard,
backtest,2026-05-21 08:58,2022-04-30,League One,Cambridge,Cheltenham,UNDER,2.26,,,6.3,VALUABLE,,1.25,,,,,,standard,
backtest,2026-05-21 08:58,2022-04-30,League One,Lincoln,Crewe,UNDER,2.32,,,4.67,VALUABLE,,0.88,,,,,,standard,
backtest,2026-05-21 08:58,2022-05-01,Greek Super League,Panathinaikos,Aris,OVER,2.8,,,5.62,VALUABLE,,0.78,,,,,,standard,
backtest,2026-05-21 08:58,2022-05-01,La Liga 2,Ponferradina,Cartagena,OVER,1.72,,,15.94,SNIPER,,5.54,,,,,,standard,
backtest,2026-05-21 08:58,2022-05-01,La Liga 2,Lugo,Tenerife,OVER,2.6,,,5.32,VALUABLE,,0.83,,,,,,standard,
backtest,2026-05-21 08:58,2022-05-02,Greek Super League,Ionikos,Apollon,OVER,2.09,,,4.29,VALUABLE,,0.98,,,,,,standard,
backtest,2026-05-21 08:58,2022-05-02,La Liga 2,Valladolid,Sociedad B,UNDER,2.47,,,4.15,VALUABLE,,0.71,,,,,,standard,
backtest,2026-05-21 08:58,2022-05-02,Greek Super League,Asteras Tripolis,Lamia,OVER,2.63,,,5.76,VALUABLE,,0.88,,,,,,standard,
backtest,2026-05-21 08:58,2022-05-07,Ligue 2,Dunkerque,Guingamp,OVER,1.86,,,6.61,VALUABLE,,1.92,,,,,,standard,
backtest,2026-05-21 08:58,2022-05-07,La Liga 2,Ponferradina,Burgos,OVER,2.2,,,6.68,VALUABLE,,1.39,,,,,,standard,
backtest,2026-05-21 08:58,2022-05-07,La Liga 2,Malaga,Oviedo,OVER,2.54,,,13.03,SNIPER,,2.12,,,,,,standard,
backtest,2026-05-21 08:58,2022-05-07,Ligue 2,Grenoble,Ajaccio,OVER,2.25,,,5.26,VALUABLE,,1.05,,,,,,standard,
backtest,2026-05-21 08:58,2022-05-07,Ligue 2,Caen,Quevilly Rouen,UNDER,1.85,,,4.04,VALUABLE,,1.19,,,,,,standard,
backtest,2026-05-21 08:58,2022-05-07,Ligue 2,Bastia,Rodez,OVER,2.4,,,6.65,VALUABLE,,1.19,,,,,,standard,
backtest,2026-05-21 08:58,2022-05-07,Ligue 2,Amiens,Paris FC,UNDER,1.85,,,5.65,VALUABLE,,1.66,,,,,,standard,
backtest,2026-05-21 08:58,2022-05-07,Bundesliga 2,Hamburg,Hannover,UNDER,3.29,,,17.2,SNIPER,,1.88,,,,,,standard,
backtest,2026-05-21 08:58,2022-05-07,Greek Super League,Apollon,Lamia,OVER,2.57,,,5.71,VALUABLE,,0.91,,,,,,standard,
backtest,2026-05-21 08:58,2022-05-07,League Two,Bristol Rvs,Scunthorpe,UNDER,3.66,,,20.07,SNIPER,,1.89,,,,,,standard,
backtest,2026-05-21 08:58,2022-05-07,League Two,Oldham,Crawley Town,UNDER,2.3,,,6.12,VALUABLE,,1.18,,,,,,standard,
backtest,2026-05-21 08:58,2022-05-08,Greek Super League,Giannina,PAOK,OVER,2.39,,,4.27,VALUABLE,,0.77,,,,,,standard,
backtest,2026-05-21 08:58,2022-05-08,Bundesliga 2,Holstein Kiel,Nurnberg,UNDER,2.65,,,9.66,VALUABLE,,1.46,,,,,,standard,
backtest,2026-05-21 08:58,2022-05-08,Bundesliga 2,Erzgebirge Aue,Werder Bremen,UNDER,3.61,,,18.9,SNIPER,,1.81,,,,,,standard,
backtest,2026-05-21 08:58,2022-05-14,Ligue 2,Nancy,Pau FC,UNDER,2.43,,,5.74,VALUABLE,,1.0,,,,,,standard,
backtest,2026-05-21 08:58,2022-05-15,Bundesliga 2,Nurnberg,Schalke 04,UNDER,3.07,,,8.72,VALUABLE,,1.05,,,,,,standard,
backtest,2026-05-21 08:58,2022-05-15,Bundesliga 2,Sandhausen,Holstein Kiel,UNDER,2.49,,,6.73,VALUABLE,,1.13,,,,,,standard,
backtest,2026-05-21 08:58,2022-05-15,Bundesliga 2,Hansa Rostock,Hamburg,UNDER,2.86,,,14.74,SNIPER,,1.98,,,,,,standard,
backtest,2026-05-21 08:58,2022-05-15,Bundesliga 2,St Pauli,Fortuna Dusseldorf,UNDER,2.56,,,10.71,SNIPER,,1.72,,,,,,standard,
backtest,2026-05-21 08:58,2022-05-15,Bundesliga 2,Heidenheim,Karlsruhe,UNDER,2.76,,,11.26,SNIPER,,1.6,,,,,,standard,
backtest,2026-05-21 08:58,2022-05-15,Bundesliga 2,Hannover,Ingolstadt,UNDER,2.56,,,7.83,VALUABLE,,1.25,,,,,,standard,
backtest,2026-05-21 08:58,2022-05-15,Bundesliga 2,Dresden,Erzgebirge Aue,UNDER,2.44,,,5.91,VALUABLE,,1.03,,,,,,standard,
backtest,2026-05-21 08:58,2022-05-15,Bundesliga 2,Darmstadt,Paderborn,UNDER,3.49,,,14.97,SNIPER,,1.5,,,,,,standard,
backtest,2026-05-21 08:58,2022-05-21,La Liga 2,Ibiza,Valladolid,UNDER,2.26,,,9.42,VALUABLE,,1.87,,,,,,standard,
backtest,2026-05-21 08:58,2022-05-21,La Liga 2,Malaga,Burgos,OVER,2.43,,,7.07,VALUABLE,,1.24,,,,,,standard,
backtest,2026-05-21 08:58,2022-05-21,La Liga 2,Girona,Mirandes,UNDER,2.25,,,9.22,VALUABLE,,1.84,,,,,,standard,
backtest,2026-05-21 08:58,2022-05-21,La Liga 2,Eibar,Tenerife,OVER,2.32,,,6.05,VALUABLE,,1.15,,,,,,standard,
backtest,2026-05-21 08:58,2022-05-21,La Liga 2,Almeria,Alcorcon,UNDER,2.37,,,5.3,VALUABLE,,0.97,,,,,,standard,
backtest,2026-05-21 08:58,2022-05-27,La Liga 2,Mirandes,Fuenlabrada,UNDER,2.7,,,7.52,VALUABLE,,1.11,,,,,,standard,
backtest,2026-05-21 08:58,2022-05-27,La Liga 2,Sociedad B,Zaragoza,UNDER,2.32,,,6.6,VALUABLE,,1.25,,,,,,standard,
backtest,2026-05-21 08:58,2022-05-29,La Liga 2,Leganes,Almeria,OVER,1.95,,,12.83,SNIPER,,3.38,,,,,,standard,
backtest,2026-05-21 08:58,2022-05-29,La Liga 2,Valladolid,Huesca,UNDER,2.72,,,13.34,SNIPER,,1.94,,,,,,standard,
backtest,2026-05-21 08:58,2022-05-29,La Liga 2,Tenerife,Cartagena,UNDER,2.08,,,4.24,VALUABLE,,0.98,,,,,,standard,
backtest,2026-05-21 08:58,2022-07-17,Bundesliga 2,Braunschweig,Hamburg,OVER,1.74,,,8.16,VALUABLE,,2.76,,,,,,standard,
backtest,2026-05-21 08:58,2022-07-17,Bundesliga 2,Paderborn,Karlsruhe,UNDER,2.45,,,6.94,VALUABLE,,1.2,,,,,,standard,
backtest,2026-05-21 08:58,2022-07-22,Bundesliga 2,Darmstadt,Sandhausen,UNDER,2.33,,,6.9,VALUABLE,,1.3,,,,,,standard,
backtest,2026-05-21 08:58,2022-07-24,Bundesliga 2,Hamburg,Hansa Rostock,UNDER,2.25,,,5.37,VALUABLE,,1.07,,,,,,standard,
backtest,2026-05-21 08:58,2022-07-24,Bundesliga 2,Karlsruhe,Magdeburg,UNDER,2.39,,,5.92,VALUABLE,,1.06,,,,,,standard,
backtest,2026-05-21 08:58,2022-07-30,Ligue 2,Guingamp,Pau FC,OVER,2.08,,,4.16,VALUABLE,,0.96,,,,,,standard,
backtest,2026-05-21 08:58,2022-07-30,Ligue 2,Le Havre,Grenoble,OVER,2.49,,,4.83,VALUABLE,,0.81,,,,,,standard,
backtest,2026-05-21 08:58,2022-07-30,Ligue 2,Quevilly Rouen,Rodez,OVER,2.93,,,10.86,SNIPER,,1.41,,,,,,standard,
backtest,2026-05-21 08:58,2022-07-30,Ligue 2,Bastia,Laval,OVER,2.84,,,7.72,VALUABLE,,1.05,,,,,,standard,
backtest,2026-05-21 08:58,2022-07-30,League One,Lincoln,Exeter,OVER,1.98,,,27.52,SNIPER,,7.02,,,,,,standard,
backtest,2026-05-21 08:58,2022-07-30,League One,Cambridge,Milton Keynes Dons,OVER,2.27,,,5.06,VALUABLE,,1.0,,,,,,standard,
backtest,2026-05-21 08:58,2022-07-30,League Two,Northampton,Colchester,OVER,2.14,,,4.44,VALUABLE,,0.97,,,,,,standard,
backtest,2026-05-21 08:58,2022-07-30,League Two,Leyton Orient,Grimsby,OVER,2.16,,,10.89,SNIPER,,2.35,,,,,,standard,
backtest,2026-05-21 08:58,2022-08-05,Bundesliga 2,Greuther Furth,Karlsruhe,UNDER,2.47,,,7.27,VALUABLE,,1.24,,,,,,standard,
backtest,2026-05-21 08:58,2022-08-06,League Two,Hartlepool,AFC Wimbledon,OVER,2.28,,,4.87,VALUABLE,,0.95,,,,,,standard,
backtest,2026-05-21 08:58,2022-08-06,League One,Charlton,Derby,OVER,2.13,,,5.17,VALUABLE,,1.14,,,,,,standard,
backtest,2026-05-21 08:58,2022-08-06,League Two,Swindon,Salford,OVER,1.92,,,4.78,VALUABLE,,1.3,,,,,,standard,
backtest,2026-05-21 08:58,2022-08-06,League Two,Barrow,Bradford,OVER,2.25,,,5.02,VALUABLE,,1.0,,,,,,standard,
backtest,2026-05-21 08:58,2022-08-06,Ligue 2,Niort,Bastia,OVER,2.82,,,10.39,SNIPER,,1.43,,,,,,standard,
backtest,2026-05-21 08:58,2022-08-06,Ligue 2,Amiens,Annecy,OVER,2.3,,,8.42,VALUABLE,,1.62,,,,,,standard,
backtest,2026-05-21 08:58,2022-08-07,Bundesliga 2,Braunschweig,Darmstadt,UNDER,2.25,,,5.69,VALUABLE,,1.14,,,,,,standard,
backtest,2026-05-21 08:58,2022-08-08,Ligue 2,Caen,Metz,OVER,2.35,,,6.18,VALUABLE,,1.14,,,,,,standard,
backtest,2026-05-21 08:58,2022-08-13,Ligue 2,Sochaux,Amiens,OVER,2.24,,,4.09,VALUABLE,,0.82,,,,,,standard,
backtest,2026-05-21 08:58,2022-08-13,Ligue 2,Guingamp,Paris FC,OVER,2.09,,,4.75,VALUABLE,,1.09,,,,,,standard,
backtest,2026-05-21 08:58,2022-08-13,Ligue 2,Annecy,Laval,OVER,2.52,,,5.0,VALUABLE,,0.82,,,,,,standard,
backtest,2026-05-21 08:58,2022-08-13,Ligue 2,Bordeaux,Niort,OVER,2.13,,,4.68,VALUABLE,,1.03,,,,,,standard,
backtest,2026-05-21 08:58,2022-08-13,La Liga 2,Eibar,Tenerife,OVER,2.7,,,5.43,VALUABLE,,0.8,,,,,,standard,
backtest,2026-05-21 08:58,2022-08-13,League Two,Walsall,Stevenage,OVER,2.5,,,4.68,VALUABLE,,0.78,,,,,,standard,
backtest,2026-05-21 08:58,2022-08-13,La Liga 2,Leganes,Alaves,OVER,2.61,,,9.92,VALUABLE,,1.54,,,,,,standard,
backtest,2026-05-21 08:58,2022-08-13,La Liga 2,Mirandes,Sp Gijon,OVER,2.13,,,8.64,VALUABLE,,1.91,,,,,,standard,
backtest,2026-05-21 08:58,2022-08-13,Ligue 2,Metz,Valenciennes,OVER,2.29,,,4.4,VALUABLE,,0.85,,,,,,standard,
backtest,2026-05-21 08:58,2022-08-13,League Two,Sutton,Barrow,OVER,2.13,,,5.65,VALUABLE,,1.25,,,,,,standard,
backtest,2026-05-21 08:58,2022-08-13,League One,Bristol Rvs,Oxford,UNDER,2.11,,,6.63,VALUABLE,,1.49,,,,,,standard,
backtest,2026-05-21 08:58,2022-08-13,League One,Lincoln,Forest Green,OVER,1.99,,,6.31,VALUABLE,,1.59,,,,,,standard,
backtest,2026-05-21 08:58,2022-08-13,League One,Port Vale,Bolton,OVER,2.14,,,5.35,VALUABLE,,1.17,,,,,,standard,
backtest,2026-05-21 08:58,2022-08-14,La Liga 2,Burgos,Malaga,OVER,2.97,,,4.06,VALUABLE,,0.51,,,,,,standard,
backtest,2026-05-21 08:58,2022-08-14,La Liga 2,Ibiza,Granada,OVER,2.14,,,4.87,VALUABLE,,1.07,,,,,,standard,
backtest,2026-05-21 08:58,2022-08-15,La Liga 2,Cartagena,Ponferradina,OVER,2.11,,,10.6,SNIPER,,2.39,,,,,,standard,
backtest,2026-05-21 08:58,2022-08-15,La Liga 2,Oviedo,Andorra,OVER,2.34,,,5.01,VALUABLE,,0.93,,,,,,standard,
backtest,2026-05-21 08:58,2022-08-16,League Two,Barrow,Walsall,OVER,2.56,,,10.54,SNIPER,,1.69,,,,,,standard,
backtest,2026-05-21 08:58,2022-08-16,League Two,Mansfield,AFC Wimbledon,UNDER,1.91,,,4.02,VALUABLE,,1.11,,,,,,standard,
backtest,2026-05-21 08:58,2022-08-20,League Two,Gillingham,Walsall,OVER,2.5,,,5.37,VALUABLE,,0.9,,,,,,standard,
backtest,2026-05-21 08:58,2022-08-20,Ligue 2,Pau FC,Sochaux,OVER,2.4,,,4.38,VALUABLE,,0.78,,,,,,standard,
backtest,2026-05-21 08:58,2022-08-20,Ligue 2,Rodez,Annecy,OVER,3.15,,,5.05,VALUABLE,,0.59,,,,,,standard,
backtest,2026-05-21 08:58,2022-08-20,Greek Super League,PAOK,Panetolikos,UNDER,1.99,,,6.85,VALUABLE,,1.73,,,,,,standard,
backtest,2026-05-21 08:58,2022-08-20,Bundesliga 2,Braunschweig,Fortuna Dusseldorf,OVER,1.72,,,11.26,SNIPER,,3.91,,,,,,standard,
backtest,2026-05-21 08:58,2022-08-20,League One,Shrewsbury,Ipswich,OVER,2.53,,,7.02,VALUABLE,,1.15,,,,,,standard,
backtest,2026-05-21 08:58,2022-08-20,League One,Charlton,Cambridge,OVER,1.9,,,14.56,SNIPER,,4.04,,,,,,standard,
backtest,2026-05-21 08:58,2022-08-20,La Liga 2,Albacete,Burgos,OVER,2.5,,,11.13,SNIPER,,1.85,,,,,,standard,
backtest,2026-05-21 08:58,2022-08-21,La Liga 2,Oviedo,Leganes,OVER,2.81,,,7.64,VALUABLE,,1.06,,,,,,standard,
backtest,2026-05-21 08:58,2022-08-26,La Liga 2,Albacete,Huesca,OVER,2.33,,,8.05,VALUABLE,,1.51,,,,,,standard,
backtest,2026-05-21 08:58,2022-08-27,League Two,Salford,Stevenage,OVER,2.1,,,4.9,VALUABLE,,1.11,,,,,,standard,
backtest,2026-05-21 08:58,2022-08-27,Greek Super League,AEK,Volos NFC,UNDER,2.35,,,8.49,VALUABLE,,1.57,,,,,,standard,
backtest,2026-05-21 08:58,2022-08-27,Bundesliga 2,Darmstadt,Heidenheim,UNDER,2.34,,,6.3,VALUABLE,,1.18,,,,,,standard,
backtest,2026-05-21 08:58,2022-08-27,League Two,Walsall,Grimsby,OVER,2.38,,,4.35,VALUABLE,,0.79,,,,,,standard,
backtest,2026-05-21 08:58,2022-08-27,Ligue 2,Quevilly Rouen,Pau FC,OVER,2.33,,,6.09,VALUABLE,,1.14,,,,,,standard,
backtest,2026-05-21 08:58,2022-08-27,Ligue 2,Bastia,Rodez,OVER,2.64,,,5.84,VALUABLE,,0.89,,,,,,standard,
backtest,2026-05-21 08:58,2022-08-28,Greek Super League,PAOK,Atromitos,UNDER,1.84,,,7.74,VALUABLE,,2.3,,,,,,standard,
backtest,2026-05-21 08:58,2022-08-28,Bundesliga 2,Holstein Kiel,Sandhausen,OVER,1.7,,,4.66,VALUABLE,,1.66,,,,,,standard,
backtest,2026-05-21 08:58,2022-08-28,Greek Super League,Panetolikos,Aris,OVER,2.38,,,5.43,VALUABLE,,0.98,,,,,,standard,
backtest,2026-05-21 08:58,2022-08-30,Ligue 2,Rodez,Metz,OVER,2.16,,,4.01,VALUABLE,,0.86,,,,,,standard,
backtest,2026-05-21 08:58,2022-08-30,Ligue 2,Guingamp,Sochaux,OVER,2.42,,,5.4,VALUABLE,,0.95,,,,,,standard,
backtest,2026-05-21 08:58,2022-08-30,Ligue 2,St Etienne,Bastia,OVER,2.3,,,6.83,VALUABLE,,1.31,,,,,,standard,
backtest,2026-05-21 08:58,2022-09-02,Ligue 2,Bastia,Dijon,OVER,2.24,,,5.67,VALUABLE,,1.14,,,,,,standard,
backtest,2026-05-21 08:58,2022-09-02,Ligue 2,Sochaux,Laval,OVER,2.14,,,5.64,VALUABLE,,1.24,,,,,,standard,
backtest,2026-05-21 08:58,2022-09-02,La Liga 2,Leganes,Eibar,OVER,2.73,,,5.46,VALUABLE,,0.79,,,,,,standard,
backtest,2026-05-21 08:58,2022-09-03,League Two,Northampton,Barrow,OVER,2.65,,,8.98,VALUABLE,,1.36,,,,,,standard,
backtest,2026-05-21 08:58,2022-09-03,La Liga 2,Ponferradina,Sp Gijon,OVER,2.14,,,5.3,VALUABLE,,1.16,,,,,,standard,
backtest,2026-05-21 08:58,2022-09-03,League One,Portsmouth,Peterboro,UNDER,2.11,,,4.89,VALUABLE,,1.1,,,,,,standard,
backtest,2026-05-21 08:58,2022-09-03,League One,Exeter,Milton Keynes Dons,OVER,2.1,,,8.25,VALUABLE,,1.87,,,,,,standard,
backtest,2026-05-21 08:58,2022-09-03,Greek Super League,Olympiakos,Ionikos,UNDER,2.16,,,4.12,VALUABLE,,0.89,,,,,,standard,
backtest,2026-05-21 08:58,2022-09-04,La Liga 2,Andorra,Granada,OVER,2.13,,,4.19,VALUABLE,,0.93,,,,,,standard,
backtest,2026-05-21 08:58,2022-09-04,Bundesliga 2,Darmstadt,Bielefeld,UNDER,2.57,,,7.75,VALUABLE,,1.23,,,,,,standard,
backtest,2026-05-21 08:58,2022-09-04,La Liga 2,Huesca,Ibiza,OVER,2.22,,,4.54,VALUABLE,,0.93,,,,,,standard,
backtest,2026-05-21 08:58,2022-09-09,La Liga 2,Las Palmas,Leganes,OVER,2.46,,,8.86,VALUABLE,,1.52,,,,,,standard,
backtest,2026-05-21 08:58,2022-09-10,La Liga 2,Levante,Villarreal B,UNDER,2.01,,,7.8,VALUABLE,,1.93,,,,,,standard,
backtest,2026-05-21 08:58,2022-09-10,Ligue 2,Dijon,Sochaux,OVER,2.3,,,7.0,VALUABLE,,1.35,,,,,,standard,
backtest,2026-05-21 08:58,2022-09-10,Ligue 2,Nimes,Bastia,OVER,2.43,,,5.29,VALUABLE,,0.92,,,,,,standard,
backtest,2026-05-21 08:58,2022-09-10,Ligue 2,Rodez,Valenciennes,OVER,2.45,,,5.63,VALUABLE,,0.97,,,,,,standard,
backtest,2026-05-21 08:58,2022-09-10,Ligue 2,Caen,Amiens,OVER,2.16,,,5.31,VALUABLE,,1.14,,,,,,standard,
backtest,2026-05-21 08:58,2022-09-10,Bundesliga 2,Paderborn,Regensburg,UNDER,2.48,,,6.24,VALUABLE,,1.05,,,,,,standard,
backtest,2026-05-21 08:58,2022-09-11,Greek Super League,Panathinaikos,AEK,OVER,2.56,,,5.28,VALUABLE,,0.85,,,,,,standard,
backtest,2026-05-21 08:58,2022-09-11,La Liga 2,Mirandes,Andorra,OVER,2.06,,,7.1,VALUABLE,,1.67,,,,,,standard,
backtest,2026-05-21 08:58,2022-09-11,Greek Super League,Olympiakos,Volos NFC,UNDER,2.04,,,4.5,VALUABLE,,1.08,,,,,,standard,
backtest,2026-05-21 08:58,2022-09-11,Bundesliga 2,Magdeburg,Greuther Furth,UNDER,2.63,,,11.78,SNIPER,,1.81,,,,,,standard,
backtest,2026-05-21 08:58,2022-09-12,La Liga 2,Eibar,Granada,OVER,2.22,,,6.56,VALUABLE,,1.34,,,,,,standard,
backtest,2026-05-21 08:58,2022-09-13,League One,Lincoln,Derby,OVER,2.16,,,4.37,VALUABLE,,0.94,,,,,,standard,
backtest,2026-05-21 08:58,2022-09-13,League One,Peterboro,Fleetwood Town,UNDER,2.17,,,4.34,VALUABLE,,0.93,,,,,,standard,
backtest,2026-05-21 08:58,2022-09-13,League Two,Harrogate,Salford,UNDER,1.92,,,6.43,VALUABLE,,1.75,,,,,,standard,
backtest,2026-05-21 08:58,2022-09-17,League One,Cambridge,Barnsley,OVER,2.17,,,4.59,VALUABLE,,0.98,,,,,,standard,
backtest,2026-05-21 08:58,2022-09-17,Bundesliga 2,Hansa Rostock,Magdeburg,UNDER,2.21,,,8.03,VALUABLE,,1.66,,,,,,standard,
backtest,2026-05-21 08:58,2022-09-17,Bundesliga 2,Hamburg,Fortuna Dusseldorf,UNDER,2.24,,,5.23,VALUABLE,,1.06,,,,,,standard,
backtest,2026-05-21 08:58,2022-09-17,La Liga 2,Granada,Mirandes,UNDER,2.05,,,8.7,VALUABLE,,2.07,,,,,,standard,
backtest,2026-05-21 08:58,2022-09-24,La Liga 2,Huesca,Leganes,OVER,2.59,,,7.31,VALUABLE,,1.15,,,,,,standard,
backtest,2026-05-21 08:58,2022-09-24,League Two,Doncaster,Crawley Town,UNDER,1.85,,,5.98,VALUABLE,,1.76,,,,,,standard,
backtest,2026-05-21 08:58,2022-09-24,League One,Bristol Rvs,Accrington,UNDER,2.1,,,6.29,VALUABLE,,1.43,,,,,,standard,
backtest,2026-05-21 08:58,2022-09-26,La Liga 2,Las Palmas,Granada,OVER,2.31,,,5.43,VALUABLE,,1.04,,,,,,standard,
backtest,2026-05-21 08:58,2022-09-30,Bundesliga 2,Paderborn,Darmstadt,UNDER,2.44,,,6.0,VALUABLE,,1.04,,,,,,standard,
backtest,2026-05-21 08:58,2022-09-30,Bundesliga 2,Hannover,Hamburg,UNDER,2.31,,,6.54,VALUABLE,,1.25,,,,,,standard,
backtest,2026-05-21 08:58,2022-10-01,League One,Cheltenham,Shrewsbury,OVER,2.37,,,4.71,VALUABLE,,0.86,,,,,,standard,
backtest,2026-05-21 08:58,2022-10-01,Bundesliga 2,Fortuna Dusseldorf,Bielefeld,UNDER,2.21,,,8.19,VALUABLE,,1.69,,,,,,standard,
backtest,2026-05-21 08:58,2022-10-01,League One,Exeter,Bristol Rvs,UNDER,2.1,,,10.26,SNIPER,,2.33,,,,,,standard,
backtest,2026-05-21 08:58,2022-10-02,Greek Super League,Olympiakos,Atromitos,UNDER,1.95,,,6.08,VALUABLE,,1.6,,,,,,standard,
backtest,2026-05-21 08:58,2022-10-02,Bundesliga 2,Kaiserslautern,Braunschweig,UNDER,2.21,,,5.54,VALUABLE,,1.15,,,,,,standard,
backtest,2026-05-21 08:58,2022-10-03,Greek Super League,AEK,Ionikos,UNDER,2.1,,,10.26,SNIPER,,2.33,,,,,,standard,
backtest,2026-05-21 08:58,2022-10-04,League Two,Swindon,Newport County,OVER,1.9,,,14.45,SNIPER,,4.01,,,,,,standard,
backtest,2026-05-21 08:58,2022-10-08,Ligue 2,Grenoble,Laval,OVER,2.42,,,4.43,VALUABLE,,0.78,,,,,,standard,
backtest,2026-05-21 08:58,2022-10-08,Ligue 2,Le Havre,Bastia,OVER,2.54,,,4.78,VALUABLE,,0.78,,,,,,standard,
backtest,2026-05-21 08:58,2022-10-08,League One,Shrewsbury,Milton Keynes Dons,OVER,2.41,,,5.0,VALUABLE,,0.89,,,,,,standard,
backtest,2026-05-21 08:58,2022-10-08,League One,Plymouth,Accrington,UNDER,2.33,,,6.81,VALUABLE,,1.28,,,,,,standard,
backtest,2026-05-21 08:58,2022-10-09,La Liga 2,Albacete,Tenerife,OVER,2.66,,,4.43,VALUABLE,,0.67,,,,,,standard,
backtest,2026-05-21 08:58,2022-10-10,Greek Super League,Atromitos,Giannina,OVER,2.42,,,5.61,VALUABLE,,0.99,,,,,,standard,
backtest,2026-05-21 08:58,2022-10-11,League One,Peterboro,Forest Green,UNDER,2.22,,,4.69,VALUABLE,,0.96,,,,,,standard,
backtest,2026-05-21 08:58,2022-10-12,La Liga 2,Lugo,Las Palmas,OVER,2.39,,,5.12,VALUABLE,,0.92,,,,,,standard,
backtest,2026-05-21 08:58,2022-10-15,Ligue 2,Niort,Grenoble,OVER,2.75,,,4.71,VALUABLE,,0.67,,,,,,standard,
backtest,2026-05-21 08:58,2022-10-15,Ligue 2,Nimes,Amiens,OVER,2.01,,,5.19,VALUABLE,,1.28,,,,,,standard,
backtest,2026-05-21 08:58,2022-10-15,Bundesliga 2,Magdeburg,Braunschweig,UNDER,2.38,,,7.53,VALUABLE,,1.36,,,,,,standard,
backtest,2026-05-21 08:58,2022-10-15,Bundesliga 2,Fortuna Dusseldorf,Nurnberg,OVER,1.81,,,4.67,VALUABLE,,1.44,,,,,,standard,
backtest,2026-05-21 08:58,2022-10-15,La Liga 2,Albacete,Oviedo,OVER,2.94,,,4.54,VALUABLE,,0.58,,,,,,standard,
backtest,2026-05-21 08:58,2022-10-16,Bundesliga 2,Paderborn,Sandhausen,UNDER,2.42,,,6.16,VALUABLE,,1.08,,,,,,standard,
backtest,2026-05-21 08:58,2022-10-16,La Liga 2,Burgos,Mirandes,OVER,2.53,,,6.74,VALUABLE,,1.1,,,,,,standard,
backtest,2026-05-21 08:58,2022-10-16,Greek Super League,AEK,Atromitos,UNDER,2.03,,,8.44,VALUABLE,,2.05,,,,,,standard,
backtest,2026-05-21 08:58,2022-10-17,La Liga 2,Sp Gijon,Eibar,OVER,2.71,,,8.02,VALUABLE,,1.17,,,,,,standard,
backtest,2026-05-21 08:58,2022-10-21,Bundesliga 2,Darmstadt,Holstein Kiel,UNDER,2.42,,,8.05,VALUABLE,,1.42,,,,,,standard,
backtest,2026-05-21 08:58,2022-10-22,La Liga 2,Alaves,Sp Gijon,OVER,2.53,,,4.85,VALUABLE,,0.79,,,,,,standard,
backtest,2026-05-21 08:58,2022-10-22,League One,Oxford,Peterboro,UNDER,2.11,,,10.31,SNIPER,,2.32,,,,,,standard,
backtest,2026-05-21 08:58,2022-10-22,League One,Cambridge,Port Vale,OVER,2.24,,,4.21,VALUABLE,,0.85,,,,,,standard,
backtest,2026-05-21 08:58,2022-10-22,Bundesliga 2,Braunschweig,Paderborn,UNDER,2.47,,,8.88,VALUABLE,,1.51,,,,,,standard,
backtest,2026-05-21 08:58,2022-10-22,Greek Super League,Panetolikos,Olympiakos,OVER,2.03,,,5.36,VALUABLE,,1.3,,,,,,standard,
backtest,2026-05-21 08:58,2022-10-23,Bundesliga 2,Hamburg,Magdeburg,UNDER,2.83,,,8.52,VALUABLE,,1.16,,,,,,standard,
backtest,2026-05-21 08:58,2022-10-23,La Liga 2,Leganes,Tenerife,OVER,3.0,,,8.73,VALUABLE,,1.09,,,,,,standard,
backtest,2026-05-21 08:58,2022-10-23,Greek Super League,Ionikos,Giannina,OVER,2.19,,,4.38,VALUABLE,,0.92,,,,,,standard,
backtest,2026-05-21 08:58,2022-10-23,Greek Super League,Panathinaikos,Aris,OVER,2.65,,,7.41,VALUABLE,,1.12,,,,,,standard,
backtest,2026-05-21 08:58,2022-10-24,Greek Super League,Levadeiakos,AEK,UNDER,2.02,,,8.53,VALUABLE,,2.09,,,,,,standard,
backtest,2026-05-21 08:58,2022-10-25,League One,Peterboro,Accrington,UNDER,2.19,,,7.54,VALUABLE,,1.58,,,,,,standard,
backtest,2026-05-21 08:58,2022-10-25,League One,Port Vale,Ipswich,OVER,2.59,,,6.53,VALUABLE,,1.03,,,,,,standard,
backtest,2026-05-21 08:58,2022-10-26,League One,Sheffield Weds,Bristol Rvs,UNDER,2.31,,,6.85,VALUABLE,,1.31,,,,,,standard,
backtest,2026-05-21 08:58,2022-10-29,League Two,Walsall,Rochdale,OVER,2.39,,,4.21,VALUABLE,,0.76,,,,,,standard,
backtest,2026-05-21 08:58,2022-10-29,La Liga 2,Burgos,Ibiza,OVER,2.69,,,5.94,VALUABLE,,0.88,,,,,,standard,
backtest,2026-05-21 08:58,2022-10-29,League One,Sheffield Weds,Burton,UNDER,2.13,,,6.07,VALUABLE,,1.34,,,,,,standard,
backtest,2026-05-21 08:58,2022-10-29,League One,Wycombe,Morecambe,UNDER,2.18,,,7.62,VALUABLE,,1.62,,,,,,standard,
backtest,2026-05-21 08:58,2022-10-30,Greek Super League,Olympiakos,Lamia,UNDER,2.11,,,6.27,VALUABLE,,1.41,,,,,,standard,
backtest,2026-05-21 08:58,2022-10-31,Greek Super League,Giannina,Asteras Tripolis,OVER,2.63,,,10.29,SNIPER,,1.58,,,,,,standard,
backtest,2026-05-21 08:58,2022-10-31,La Liga 2,Levante,Sp Gijon,OVER,2.18,,,4.84,VALUABLE,,1.03,,,,,,standard,
backtest,2026-05-21 08:58,2022-11-02,La Liga 2,Villarreal B,Oviedo,OVER,2.61,,,8.01,VALUABLE,,1.24,,,,,,standard,
backtest,2026-05-21 08:58,2022-11-05,Ligue 2,Rodez,Grenoble,OVER,2.83,,,5.37,VALUABLE,,0.73,,,,,,standard,
backtest,2026-05-21 08:58,2022-11-05,La Liga 2,Burgos,Tenerife,OVER,3.28,,,11.24,SNIPER,,1.23,,,,,,standard,
backtest,2026-05-21 08:58,2022-11-05,Ligue 2,Quevilly Rouen,Le Havre,OVER,2.6,,,4.86,VALUABLE,,0.76,,,,,,standard,
backtest,2026-05-21 08:58,2022-11-06,La Liga 2,Oviedo,Granada,OVER,2.97,,,6.23,VALUABLE,,0.79,,,,,,standard,
backtest,2026-05-21 08:58,2022-11-07,Ligue 2,Metz,St Etienne,UNDER,1.86,,,6.91,VALUABLE,,2.01,,,,,,standard,
backtest,2026-05-21 08:58,2022-11-08,Bundesliga 2,Paderborn,Bielefeld,UNDER,2.4,,,9.17,VALUABLE,,1.64,,,,,,standard,
backtest,2026-05-21 08:58,2022-11-08,Bundesliga 2,St Pauli,Holstein Kiel,UNDER,2.22,,,7.97,VALUABLE,,1.63,,,,,,standard,
backtest,2026-05-21 08:58,2022-11-09,Greek Super League,AEK,OFI Crete,UNDER,2.51,,,19.77,SNIPER,,3.27,,,,,,standard,
backtest,2026-05-21 08:58,2022-11-09,Greek Super League,Levadeiakos,Olympiakos,UNDER,1.93,,,5.78,VALUABLE,,1.55,,,,,,standard,
backtest,2026-05-21 08:58,2022-11-10,Bundesliga 2,Magdeburg,Darmstadt,UNDER,2.34,,,6.6,VALUABLE,,1.23,,,,,,standard,
backtest,2026-05-21 08:58,2022-11-12,Ligue 2,Grenoble,Dijon,OVER,2.64,,,4.53,VALUABLE,,0.69,,,,,,standard,
backtest,2026-05-21 08:58,2022-11-12,Bundesliga 2,Hamburg,Sandhausen,UNDER,2.45,,,8.53,VALUABLE,,1.47,,,,,,standard,
backtest,2026-05-21 08:58,2022-11-12,League One,Ipswich,Cheltenham,UNDER,2.17,,,5.13,VALUABLE,,1.1,,,,,,standard,
backtest,2026-05-21 08:58,2022-11-12,League One,Forest Green,Wycombe,UNDER,2.11,,,6.76,VALUABLE,,1.52,,,,,,standard,
backtest,2026-05-21 08:58,2022-11-12,Ligue 2,Paris FC,Metz,UNDER,1.75,,,4.74,VALUABLE,,1.58,,,,,,standard,
backtest,2026-05-21 08:58,2022-11-12,League One,Accrington,Sheffield Weds,UNDER,2.1,,,6.21,VALUABLE,,1.41,,,,,,standard,
backtest,2026-05-21 08:58,2022-11-13,Bundesliga 2,Bielefeld,Magdeburg,UNDER,2.45,,,11.11,SNIPER,,1.91,,,,,,standard,
backtest,2026-05-21 08:58,2022-11-19,League One,Bristol Rvs,Peterboro,UNDER,2.25,,,4.6,VALUABLE,,0.92,,,,,,standard,
backtest,2026-05-21 08:58,2022-11-19,La Liga 2,Sp Gijon,Leganes,OVER,2.69,,,5.29,VALUABLE,,0.78,,,,,,standard,
backtest,2026-05-21 08:58,2022-11-19,League One,Oxford,Forest Green,UNDER,2.35,,,10.43,SNIPER,,1.93,,,,,,standard,
backtest,2026-05-21 08:58,2022-11-26,La Liga 2,Oviedo,Mirandes,OVER,2.96,,,4.57,VALUABLE,,0.58,,,,,,standard,
backtest,2026-05-21 08:58,2022-12-04,La Liga 2,Andorra,Cartagena,OVER,2.47,,,4.02,VALUABLE,,0.68,,,,,,standard,
backtest,2026-05-21 08:58,2022-12-05,La Liga 2,Ponferradina,Burgos,OVER,2.54,,,4.04,VALUABLE,,0.66,,,,,,standard,
backtest,2026-05-21 08:58,2022-12-06,La Liga 2,Albacete,Zaragoza,OVER,2.51,,,9.83,VALUABLE,,1.63,,,,,,standard,
backtest,2026-05-21 08:58,2022-12-06,La Liga 2,Oviedo,Las Palmas,OVER,3.07,,,5.37,VALUABLE,,0.65,,,,,,standard,
backtest,2026-05-21 08:58,2022-12-08,La Liga 2,Burgos,Eibar,OVER,2.94,,,8.49,VALUABLE,,1.09,,,,,,standard,
backtest,2026-05-21 08:58,2022-12-08,La Liga 2,Levante,Ponferradina,UNDER,2.04,,,5.5,VALUABLE,,1.32,,,,,,standard,
backtest,2026-05-21 08:58,2022-12-10,La Liga 2,Andorra,Leganes,OVER,2.93,,,7.68,VALUABLE,,0.99,,,,,,standard,
backtest,2026-05-21 08:58,2022-12-11,La Liga 2,Santander,Mirandes,OVER,2.71,,,5.07,VALUABLE,,0.74,,,,,,standard,
backtest,2026-05-21 08:58,2022-12-11,La Liga 2,Eibar,Oviedo,OVER,3.0,,,8.08,VALUABLE,,1.01,,,,,,standard,
backtest,2026-05-21 08:58,2022-12-16,La Liga 2,Tenerife,Andorra,OVER,2.87,,,7.12,VALUABLE,,0.95,,,,,,standard,
backtest,2026-05-21 08:58,2022-12-17,League One,Plymouth,Morecambe,UNDER,2.22,,,7.25,VALUABLE,,1.49,,,,,,standard,
backtest,2026-05-21 08:58,2022-12-17,La Liga 2,Oviedo,Sp Gijon,OVER,3.39,,,5.84,VALUABLE,,0.61,,,,,,standard,
backtest,2026-05-21 08:58,2022-12-18,La Liga 2,Burgos,Huesca,OVER,3.28,,,12.81,SNIPER,,1.4,,,,,,standard,
backtest,2026-05-21 08:58,2022-12-19,La Liga 2,Leganes,Zaragoza,OVER,2.93,,,9.17,VALUABLE,,1.19,,,,,,standard,
backtest,2026-05-21 08:58,2022-12-21,Greek Super League,AEK,Lamia,UNDER,2.25,,,8.23,VALUABLE,,1.65,,,,,,standard,
backtest,2026-05-21 08:58,2022-12-26,Ligue 2,Quevilly Rouen,Grenoble,OVER,2.76,,,4.2,VALUABLE,,0.6,,,,,,standard,
backtest,2026-05-21 08:58,2022-12-26,League Two,Gillingham,Colchester,OVER,2.76,,,5.0,VALUABLE,,0.71,,,,,,standard,
backtest,2026-05-21 08:58,2022-12-28,Greek Super League,Volos NFC,AEK,UNDER,2.27,,,8.49,VALUABLE,,1.67,,,,,,standard,
backtest,2026-05-21 08:58,2022-12-28,Greek Super League,Atromitos,PAOK,UNDER,2.13,,,8.54,VALUABLE,,1.89,,,,,,standard,
backtest,2026-05-21 08:58,2022-12-28,Greek Super League,Olympiakos,Asteras Tripolis,UNDER,2.17,,,7.88,VALUABLE,,1.68,,,,,,standard,
backtest,2026-05-21 08:58,2022-12-29,League Two,Sutton,Gillingham,OVER,2.71,,,4.34,VALUABLE,,0.63,,,,,,standard,
backtest,2026-05-21 08:58,2022-12-29,Greek Super League,Aris,Panetolikos,UNDER,2.35,,,12.11,SNIPER,,2.24,,,,,,standard,
backtest,2026-05-21 08:58,2022-12-30,League Two,Stevenage,Crawley Town,UNDER,1.92,,,4.15,VALUABLE,,1.13,,,,,,standard,
backtest,2026-05-21 08:58,2023-01-02,League One,Sheffield Weds,Cambridge,UNDER,2.29,,,6.38,VALUABLE,,1.24,,,,,,standard,
backtest,2026-05-21 08:58,2023-01-03,Greek Super League,Ionikos,Olympiakos,UNDER,1.98,,,5.77,VALUABLE,,1.47,,,,,,standard,
backtest,2026-05-21 08:58,2023-01-07,Greek Super League,Lamia,PAOK,OVER,2.6,,,5.26,VALUABLE,,0.82,,,,,,standard,
backtest,2026-05-21 08:58,2023-01-07,La Liga 2,Alaves,Burgos,OVER,3.05,,,7.06,VALUABLE,,0.86,,,,,,standard,
backtest,2026-05-21 08:58,2023-01-07,La Liga 2,Malaga,Tenerife,OVER,2.92,,,5.11,VALUABLE,,0.66,,,,,,standard,
backtest,2026-05-21 08:58,2023-01-08,La Liga 2,Las Palmas,Santander,OVER,2.45,,,4.21,VALUABLE,,0.73,,,,,,standard,
backtest,2026-05-21 08:58,2023-01-08,La Liga 2,Eibar,Ibiza,OVER,2.28,,,5.6,VALUABLE,,1.09,,,,,,standard,
backtest,2026-05-21 08:58,2023-01-08,La Liga 2,Zaragoza,Mirandes,OVER,2.59,,,9.22,VALUABLE,,1.45,,,,,,standard,
backtest,2026-05-21 08:58,2023-01-09,La Liga 2,Huesca,Albacete,OVER,2.74,,,6.16,VALUABLE,,0.88,,,,,,standard,
backtest,2026-05-21 08:58,2023-01-10,Ligue 2,St Etienne,Laval,UNDER,2.03,,,5.71,VALUABLE,,1.39,,,,,,standard,
backtest,2026-05-21 08:58,2023-01-13,Ligue 2,Laval,Rodez,OVER,2.44,,,5.61,VALUABLE,,0.97,,,,,,standard,
backtest,2026-05-21 08:58,2023-01-13,La Liga 2,Oviedo,Alaves,OVER,3.32,,,8.48,VALUABLE,,0.91,,,,,,standard,
backtest,2026-05-21 08:58,2023-01-13,Ligue 2,Dijon,Valenciennes,OVER,2.51,,,6.76,VALUABLE,,1.12,,,,,,standard,
backtest,2026-05-21 08:58,2023-01-14,League Two,Tranmere,Walsall,OVER,2.57,,,6.12,VALUABLE,,0.97,,,,,,standard,
backtest,2026-05-21 08:58,2023-01-14,League One,Burton,Shrewsbury,OVER,2.15,,,4.23,VALUABLE,,0.92,,,,,,standard,
backtest,2026-05-21 08:58,2023-01-15,Greek Super League,AEK,Panetolikos,UNDER,2.39,,,7.03,VALUABLE,,1.26,,,,,,standard,
backtest,2026-05-21 08:58,2023-01-15,La Liga 2,Mirandes,Lugo,OVER,2.63,,,5.32,VALUABLE,,0.82,,,,,,standard,
backtest,2026-05-21 08:58,2023-01-15,La Liga 2,Burgos,Andorra,OVER,3.02,,,7.67,VALUABLE,,0.95,,,,,,standard,
backtest,2026-05-21 08:58,2023-01-15,La Liga 2,Eibar,Malaga,OVER,2.62,,,5.17,VALUABLE,,0.8,,,,,,standard,
backtest,2026-05-21 08:58,2023-01-16,La Liga 2,Albacete,Leganes,OVER,3.0,,,10.94,SNIPER,,1.37,,,,,,standard,
backtest,2026-05-21 08:58,2023-01-20,Greek Super League,Panetolikos,Giannina,OVER,2.55,,,5.31,VALUABLE,,0.86,,,,,,standard,
backtest,2026-05-21 08:58,2023-01-21,League One,Shrewsbury,Cambridge,OVER,2.28,,,5.29,VALUABLE,,1.03,,,,,,standard,
backtest,2026-05-21 08:58,2023-01-21,Greek Super League,Aris,Volos NFC,UNDER,1.83,,,5.48,VALUABLE,,1.65,,,,,,standard,
backtest,2026-05-21 08:58,2023-01-21,League Two,Colchester,Gillingham,OVER,2.68,,,6.91,VALUABLE,,1.03,,,,,,standard,
backtest,2026-05-21 08:58,2023-01-21,La Liga 2,Alaves,Santander,OVER,2.96,,,6.09,VALUABLE,,0.78,,,,,,standard,
backtest,2026-05-21 08:58,2023-01-22,Greek Super League,Levadeiakos,Lamia,OVER,3.1,,,5.37,VALUABLE,,0.64,,,,,,standard,
backtest,2026-05-21 08:58,2023-01-22,Greek Super League,Ionikos,AEK,UNDER,2.02,,,13.21,SNIPER,,3.24,,,,,,standard,
backtest,2026-05-21 08:58,2023-01-22,La Liga 2,Sp Gijon,Zaragoza,OVER,2.81,,,4.29,VALUABLE,,0.59,,,,,,standard,
backtest,2026-05-21 08:58,2023-01-22,La Liga 2,Leganes,Levante,OVER,2.76,,,4.54,VALUABLE,,0.64,,,,,,standard,
backtest,2026-05-21 08:58,2023-01-22,La Liga 2,Huesca,Oviedo,OVER,3.29,,,7.74,VALUABLE,,0.85,,,,,,standard,
backtest,2026-05-21 08:58,2023-01-24,League One,Milton Keynes Dons,Shrewsbury,OVER,2.6,,,4.49,VALUABLE,,0.7,,,,,,standard,
backtest,2026-05-21 08:58,2023-01-27,Bundesliga 2,Karlsruhe,Paderborn,UNDER,2.23,,,6.0,VALUABLE,,1.22,,,,,,standard,
backtest,2026-05-21 08:58,2023-01-27,La Liga 2,Santander,Tenerife,OVER,2.99,,,9.25,VALUABLE,,1.16,,,,,,standard,
backtest,2026-05-21 08:58,2023-01-28,La Liga 2,Oviedo,Villarreal B,OVER,2.78,,,7.37,VALUABLE,,1.03,,,,,,standard,
backtest,2026-05-21 08:58,2023-01-28,La Liga 2,Eibar,Leganes,OVER,2.98,,,7.21,VALUABLE,,0.91,,,,,,standard,
backtest,2026-05-21 08:58,2023-01-28,League Two,Tranmere,Leyton Orient,OVER,2.66,,,8.56,VALUABLE,,1.29,,,,,,standard,
backtest,2026-05-21 08:58,2023-01-28,League Two,Hartlepool,Colchester,OVER,2.31,,,5.86,VALUABLE,,1.12,,,,,,standard,
backtest,2026-05-21 08:58,2023-01-28,League One,Shrewsbury,Forest Green,OVER,2.31,,,7.79,VALUABLE,,1.49,,,,,,standard,
backtest,2026-05-21 08:58,2023-01-28,League One,Cheltenham,Port Vale,OVER,2.32,,,5.26,VALUABLE,,1.0,,,,,,standard,
backtest,2026-05-21 08:58,2023-01-28,Ligue 2,St Etienne,Sochaux,UNDER,1.83,,,5.48,VALUABLE,,1.65,,,,,,standard,
backtest,2026-05-21 08:58,2023-01-29,La Liga 2,Mirandes,Alaves,OVER,2.78,,,9.91,VALUABLE,,1.39,,,,,,standard,
backtest,2026-05-21 08:58,2023-01-29,Greek Super League,Olympiakos,OFI Crete,UNDER,2.02,,,4.61,VALUABLE,,1.13,,,,,,standard,
backtest,2026-05-21 08:58,2023-01-29,Bundesliga 2,Hamburg,Braunschweig,UNDER,2.53,,,8.01,VALUABLE,,1.31,,,,,,standard,
backtest,2026-05-21 08:58,2023-01-30,Greek Super League,Asteras Tripolis,Panathinaikos,OVER,2.83,,,6.73,VALUABLE,,0.92,,,,,,standard,
backtest,2026-05-21 08:58,2023-01-30,La Liga 2,Zaragoza,Ponferradina,OVER,2.49,,,5.72,VALUABLE,,0.96,,,,,,standard,
backtest,2026-05-21 08:58,2023-01-31,League Two,Carlisle,Barrow,OVER,2.45,,,7.54,VALUABLE,,1.3,,,,,,standard,
backtest,2026-05-21 08:58,2023-01-31,Ligue 2,Bordeaux,Le Havre,OVER,2.56,,,6.82,VALUABLE,,1.09,,,,,,standard,
backtest,2026-05-21 08:58,2023-01-31,Ligue 2,Laval,Dijon,OVER,2.59,,,12.63,SNIPER,,1.99,,,,,,standard,
backtest,2026-05-21 08:58,2023-02-03,Ligue 2,Dijon,Niort,OVER,2.36,,,7.01,VALUABLE,,1.29,,,,,,standard,
backtest,2026-05-21 08:58,2023-02-03,Ligue 2,Le Havre,Paris FC,OVER,2.65,,,5.4,VALUABLE,,0.82,,,,,,standard,
backtest,2026-05-21 08:58,2023-02-03,Ligue 2,Nimes,Grenoble,OVER,2.76,,,5.13,VALUABLE,,0.73,,,,,,standard,
backtest,2026-05-21 08:58,2023-02-03,La Liga 2,Malaga,Oviedo,OVER,3.31,,,11.15,SNIPER,,1.21,,,,,,standard,
backtest,2026-05-21 08:58,2023-02-04,La Liga 2,Alaves,Eibar,OVER,2.89,,,6.37,VALUABLE,,0.84,,,,,,standard,
backtest,2026-05-21 08:58,2023-02-05,La Liga 2,Ponferradina,Santander,OVER,2.56,,,4.67,VALUABLE,,0.75,,,,,,standard,
backtest,2026-05-21 08:58,2023-02-05,Greek Super League,PAOK,Olympiakos,OVER,2.49,,,4.34,VALUABLE,,0.73,,,,,,standard,
backtest,2026-05-21 08:58,2023-02-05,La Liga 2,Lugo,Ibiza,OVER,2.91,,,6.81,VALUABLE,,0.89,,,,,,standard,
backtest,2026-05-21 08:58,2023-02-05,Greek Super League,Panetolikos,Asteras Tripolis,OVER,2.83,,,5.84,VALUABLE,,0.8,,,,,,standard,
backtest,2026-05-21 08:58,2023-02-06,La Liga 2,Burgos,Las Palmas,OVER,2.94,,,6.39,VALUABLE,,0.82,,,,,,standard,
backtest,2026-05-21 08:58,2023-02-06,Greek Super League,Levadeiakos,Volos NFC,OVER,2.6,,,6.04,VALUABLE,,0.94,,,,,,standard,
backtest,2026-05-21 08:58,2023-02-11,Bundesliga 2,Nurnberg,Regensburg,OVER,2.12,,,4.28,VALUABLE,,0.96,,,,,,standard,
backtest,2026-05-21 08:58,2023-02-11,Bundesliga 2,Holstein Kiel,Magdeburg,UNDER,2.3,,,5.07,VALUABLE,,0.98,,,,,,standard,
backtest,2026-05-21 08:58,2023-02-11,La Liga 2,Zaragoza,Alaves,OVER,3.11,,,7.6,VALUABLE,,0.9,,,,,,standard,
backtest,2026-05-21 08:58,2023-02-11,League Two,Walsall,Leyton Orient,OVER,2.78,,,5.21,VALUABLE,,0.73,,,,,,standard,
backtest,2026-05-21 08:58,2023-02-11,League Two,Grimsby,Colchester,OVER,2.35,,,6.99,VALUABLE,,1.3,,,,,,standard,
backtest,2026-05-21 08:58,2023-02-11,League Two,Mansfield,Gillingham,OVER,2.42,,,5.08,VALUABLE,,0.89,,,,,,standard,
backtest,2026-05-21 08:58,2023-02-11,La Liga 2,Mirandes,Villarreal B,OVER,2.22,,,5.49,VALUABLE,,1.12,,,,,,standard,
backtest,2026-05-21 08:58,2023-02-11,League One,Morecambe,Forest Green,OVER,2.25,,,6.09,VALUABLE,,1.22,,,,,,standard,
backtest,2026-05-21 08:58,2023-02-11,Ligue 2,Bastia,Quevilly Rouen,OVER,2.76,,,5.12,VALUABLE,,0.73,,,,,,standard,
backtest,2026-05-21 08:58,2023-02-11,League One,Shrewsbury,Port Vale,OVER,2.66,,,6.78,VALUABLE,,1.02,,,,,,standard,
backtest,2026-05-21 08:58,2023-02-12,Greek Super League,Aris,Panathinaikos,OVER,3.14,,,10.91,SNIPER,,1.27,,,,,,standard,
backtest,2026-05-21 08:58,2023-02-12,La Liga 2,Oviedo,Burgos,OVER,3.63,,,13.8,SNIPER,,1.31,,,,,,standard,
backtest,2026-05-21 08:58,2023-02-13,Greek Super League,Olympiakos,Panetolikos,UNDER,2.23,,,4.63,VALUABLE,,0.94,,,,,,standard,
backtest,2026-05-21 08:58,2023-02-13,La Liga 2,Santander,Leganes,OVER,3.06,,,8.67,VALUABLE,,1.05,,,,,,standard,
backtest,2026-05-21 08:58,2023-02-14,League Two,Gillingham,Grimsby,OVER,2.46,,,4.31,VALUABLE,,0.74,,,,,,standard,
backtest,2026-05-21 08:58,2023-02-14,League Two,Colchester,Walsall,OVER,2.66,,,5.01,VALUABLE,,0.76,,,,,,standard,
backtest,2026-05-21 08:58,2023-02-17,La Liga 2,Cartagena,Oviedo,OVER,3.34,,,10.36,SNIPER,,1.11,,,,,,standard,
backtest,2026-05-21 08:58,2023-02-18,Ligue 2,Caen,Grenoble,OVER,2.65,,,4.87,VALUABLE,,0.74,,,,,,standard,
backtest,2026-05-21 08:58,2023-02-18,League Two,Stockport,Stevenage,OVER,2.41,,,6.06,VALUABLE,,1.08,,,,,,standard,
backtest,2026-05-21 08:58,2023-02-18,League One,Port Vale,Exeter,OVER,2.33,,,4.24,VALUABLE,,0.8,,,,,,standard,
backtest,2026-05-21 08:58,2023-02-18,La Liga 2,Lugo,Eibar,OVER,2.68,,,4.25,VALUABLE,,0.63,,,,,,standard,
backtest,2026-05-21 08:58,2023-02-18,La Liga 2,Leganes,Las Palmas,OVER,2.77,,,8.78,VALUABLE,,1.24,,,,,,standard,
backtest,2026-05-21 08:58,2023-02-19,La Liga 2,Burgos,Albacete,OVER,3.43,,,14.26,SNIPER,,1.47,,,,,,standard,
backtest,2026-05-21 08:58,2023-02-19,La Liga 2,Alaves,Ibiza,OVER,2.51,,,5.04,VALUABLE,,0.83,,,,,,standard,
backtest,2026-05-21 08:58,2023-02-19,Bundesliga 2,Hamburg,Bielefeld,UNDER,2.53,,,9.21,VALUABLE,,1.51,,,,,,standard,
backtest,2026-05-21 08:58,2023-02-19,Greek Super League,PAOK,AEK,OVER,2.53,,,7.17,VALUABLE,,1.17,,,,,,standard,
backtest,2026-05-21 08:58,2023-02-20,La Liga 2,Malaga,Zaragoza,OVER,2.6,,,5.37,VALUABLE,,0.84,,,,,,standard,
backtest,2026-05-21 08:58,2023-02-20,Greek Super League,OFI Crete,Aris,OVER,2.51,,,5.08,VALUABLE,,0.84,,,,,,standard,
backtest,2026-05-21 08:58,2023-02-21,League One,Morecambe,Port Vale,OVER,2.34,,,6.47,VALUABLE,,1.21,,,,,,standard,
backtest,2026-05-21 08:58,2023-02-24,Bundesliga 2,Fortuna Dusseldorf,Braunschweig,UNDER,2.21,,,4.2,VALUABLE,,0.87,,,,,,standard,
backtest,2026-05-21 08:58,2023-02-25,Greek Super League,Olympiakos,Panathinaikos,OVER,2.78,,,6.91,VALUABLE,,0.97,,,,,,standard,
backtest,2026-05-21 08:58,2023-02-25,League Two,Grimsby,Leyton Orient,OVER,2.38,,,8.33,VALUABLE,,1.51,,,,,,standard,
backtest,2026-05-21 08:58,2023-02-25,Bundesliga 2,Kaiserslautern,Greuther Furth,OVER,2.21,,,6.22,VALUABLE,,1.29,,,,,,standard,
backtest,2026-05-21 08:58,2023-02-25,League Two,Gillingham,AFC Wimbledon,OVER,2.65,,,5.15,VALUABLE,,0.78,,,,,,standard,
backtest,2026-05-21 08:58,2023-02-25,Ligue 2,Valenciennes,Dijon,OVER,2.67,,,6.43,VALUABLE,,0.96,,,,,,standard,
backtest,2026-05-21 08:58,2023-02-25,Ligue 2,Laval,Quevilly Rouen,OVER,2.73,,,7.25,VALUABLE,,1.05,,,,,,standard,
backtest,2026-05-21 08:58,2023-02-25,La Liga 2,Sp Gijon,Tenerife,OVER,3.16,,,8.03,VALUABLE,,0.93,,,,,,standard,
backtest,2026-05-21 08:58,2023-02-25,La Liga 2,Alaves,Cartagena,OVER,2.36,,,6.98,VALUABLE,,1.28,,,,,,standard,
backtest,2026-05-21 08:58,2023-02-25,La Liga 2,Mirandes,Leganes,OVER,2.69,,,7.54,VALUABLE,,1.11,,,,,,standard,
backtest,2026-05-21 08:58,2023-02-25,Bundesliga 2,Darmstadt,Hamburg,UNDER,2.2,,,5.19,VALUABLE,,1.08,,,,,,standard,
backtest,2026-05-21 08:58,2023-02-25,League Two,Stevenage,Tranmere,OVER,2.53,,,4.12,VALUABLE,,0.67,,,,,,standard,
backtest,2026-05-21 08:58,2023-02-25,League Two,Colchester,Northampton,OVER,2.59,,,5.04,VALUABLE,,0.79,,,,,,standard,
backtest,2026-05-21 08:58,2023-02-25,League Two,Barrow,Stockport,OVER,2.85,,,8.56,VALUABLE,,1.16,,,,,,standard,
backtest,2026-05-21 08:58,2023-02-25,La Liga 2,Santander,Andorra,OVER,2.66,,,6.06,VALUABLE,,0.91,,,,,,standard,
backtest,2026-05-21 08:58,2023-02-25,Ligue 2,Grenoble,Le Havre,OVER,2.84,,,7.48,VALUABLE,,1.02,,,,,,standard,
backtest,2026-05-21 08:58,2023-02-26,La Liga 2,Oviedo,Albacete,OVER,3.33,,,13.75,SNIPER,,1.48,,,,,,standard,
backtest,2026-05-21 08:58,2023-02-26,La Liga 2,Ibiza,Huesca,OVER,2.85,,,5.43,VALUABLE,,0.73,,,,,,standard,
backtest,2026-05-21 08:58,2023-02-26,Greek Super League,Levadeiakos,Panetolikos,OVER,2.67,,,6.2,VALUABLE,,0.93,,,,,,standard,
backtest,2026-05-21 08:58,2023-02-26,Bundesliga 2,Hannover,Magdeburg,UNDER,2.49,,,9.94,VALUABLE,,1.67,,,,,,standard,
backtest,2026-05-21 08:58,2023-02-26,La Liga 2,Zaragoza,Burgos,OVER,3.11,,,8.37,VALUABLE,,0.99,,,,,,standard,
backtest,2026-05-21 08:58,2023-03-03,La Liga 2,Andorra,Las Palmas,OVER,2.54,,,4.02,VALUABLE,,0.65,,,,,,standard,
backtest,2026-05-21 08:58,2023-03-04,La Liga 2,Mirandes,Oviedo,OVER,3.06,,,10.97,SNIPER,,1.33,,,,,,standard,
backtest,2026-05-21 08:58,2023-03-04,La Liga 2,Tenerife,Eibar,OVER,3.13,,,10.74,SNIPER,,1.26,,,,,,standard,
backtest,2026-05-21 08:58,2023-03-04,Ligue 2,Paris FC,Guingamp,OVER,2.42,,,7.73,VALUABLE,,1.36,,,,,,standard,
backtest,2026-05-21 08:58,2023-03-04,League One,Cheltenham,Fleetwood Town,OVER,2.52,,,5.21,VALUABLE,,0.86,,,,,,standard,
backtest,2026-05-21 08:58,2023-03-04,League One,Ipswich,Burton,UNDER,2.22,,,5.65,VALUABLE,,1.16,,,,,,standard,
backtest,2026-05-21 08:58,2023-03-04,Ligue 2,Niort,Rodez,OVER,2.34,,,4.56,VALUABLE,,0.85,,,,,,standard,
backtest,2026-05-21 08:58,2023-03-04,Ligue 2,Dijon,Grenoble,OVER,2.78,,,6.67,VALUABLE,,0.94,,,,,,standard,
backtest,2026-05-21 08:58,2023-03-04,League Two,Walsall,Barrow,OVER,2.69,,,5.16,VALUABLE,,0.76,,,,,,standard,
backtest,2026-05-21 08:58,2023-03-04,Ligue 2,Le Havre,Laval,OVER,2.89,,,8.04,VALUABLE,,1.06,,,,,,standard,
backtest,2026-05-21 08:58,2023-03-05,La Liga 2,Leganes,Ibiza,OVER,2.88,,,8.59,VALUABLE,,1.14,,,,,,standard,
backtest,2026-05-21 08:58,2023-03-05,Greek Super League,PAOK,Ionikos,UNDER,2.0,,,5.42,VALUABLE,,1.36,,,,,,standard,
backtest,2026-05-21 08:58,2023-03-05,La Liga 2,Malaga,Santander,OVER,2.6,,,6.43,VALUABLE,,1.0,,,,,,standard,
backtest,2026-05-21 08:58,2023-03-05,La Liga 2,Albacete,Sp Gijon,OVER,2.62,,,4.16,VALUABLE,,0.64,,,,,,standard,
backtest,2026-05-21 08:58,2023-03-05,La Liga 2,Lugo,Zaragoza,OVER,2.96,,,9.21,VALUABLE,,1.17,,,,,,standard,
backtest,2026-05-21 08:58,2023-03-06,Ligue 2,Caen,Sochaux,OVER,2.33,,,4.67,VALUABLE,,0.88,,,,,,standard,
backtest,2026-05-21 08:58,2023-03-07,League One,Ipswich,Accrington,UNDER,2.38,,,4.85,VALUABLE,,0.88,,,,,,standard,
backtest,2026-05-21 08:58,2023-03-07,League One,Cheltenham,Lincoln,OVER,2.74,,,4.84,VALUABLE,,0.7,,,,,,standard,
backtest,2026-05-21 08:58,2023-03-07,League Two,Grimsby,Newport County,OVER,2.48,,,5.81,VALUABLE,,0.98,,,,,,standard,
backtest,2026-05-21 08:58,2023-03-07,League Two,Sutton,Crawley Town,UNDER,1.85,,,8.69,VALUABLE,,2.56,,,,,,standard,
backtest,2026-05-21 08:58,2023-03-08,Greek Super League,Atromitos,AEK,UNDER,2.14,,,4.84,VALUABLE,,1.06,,,,,,standard,
backtest,2026-05-21 08:58,2023-03-10,La Liga 2,Oviedo,Tenerife,OVER,4.17,,,14.67,SNIPER,,1.16,,,,,,standard,
backtest,2026-05-21 08:58,2023-03-11,Bundesliga 2,Magdeburg,Paderborn,UNDER,2.34,,,7.38,VALUABLE,,1.38,,,,,,standard,
backtest,2026-05-21 08:58,2023-03-11,Ligue 2,Valenciennes,Bastia,OVER,2.51,,,4.31,VALUABLE,,0.71,,,,,,standard,
backtest,2026-05-21 08:58,2023-03-11,Ligue 2,Guingamp,Dijon,OVER,2.48,,,5.28,VALUABLE,,0.89,,,,,,standard,
backtest,2026-05-21 08:58,2023-03-11,La Liga 2,Eibar,Burgos,OVER,3.09,,,10.47,SNIPER,,1.25,,,,,,standard,
backtest,2026-05-21 08:58,2023-03-11,League Two,Gillingham,Tranmere,OVER,2.77,,,5.2,VALUABLE,,0.73,,,,,,standard,
backtest,2026-05-21 08:58,2023-03-12,La Liga 2,Zaragoza,Leganes,OVER,3.13,,,9.35,VALUABLE,,1.1,,,,,,standard,
backtest,2026-05-21 08:58,2023-03-12,La Liga 2,Cartagena,Andorra,OVER,2.33,,,5.98,VALUABLE,,1.12,,,,,,standard,
backtest,2026-05-21 08:58,2023-03-12,Bundesliga 2,Karlsruhe,Hamburg,UNDER,2.53,,,10.21,SNIPER,,1.67,,,,,,standard,
backtest,2026-05-21 08:58,2023-03-12,Greek Super League,Volos NFC,PAOK,UNDER,1.91,,,6.01,VALUABLE,,1.65,,,,,,standard,
backtest,2026-05-21 08:58,2023-03-12,Greek Super League,Levadeiakos,OFI Crete,OVER,2.56,,,6.64,VALUABLE,,1.06,,,,,,standard,
backtest,2026-05-21 08:58,2023-03-13,La Liga 2,Santander,Huesca,OVER,2.53,,,5.95,VALUABLE,,0.97,,,,,,standard,
backtest,2026-05-21 08:58,2023-03-13,Ligue 2,Metz,Le Havre,OVER,2.86,,,6.74,VALUABLE,,0.91,,,,,,standard,
backtest,2026-05-21 08:58,2023-03-14,League Two,Stevenage,Crewe,UNDER,1.89,,,4.32,VALUABLE,,1.21,,,,,,standard,
backtest,2026-05-21 08:58,2023-03-17,Bundesliga 2,Bielefeld,Nurnberg,OVER,2.15,,,4.59,VALUABLE,,1.0,,,,,,standard,
backtest,2026-05-21 08:58,2023-03-18,La Liga 2,Tenerife,Las Palmas,OVER,3.04,,,4.6,VALUABLE,,0.56,,,,,,standard,
backtest,2026-05-21 08:58,2023-03-18,Bundesliga 2,Hamburg,Holstein Kiel,UNDER,2.89,,,16.04,SNIPER,,2.12,,,,,,standard,
backtest,2026-05-21 08:58,2023-03-18,League Two,Carlisle,Stevenage,OVER,2.44,,,4.93,VALUABLE,,0.86,,,,,,standard,
backtest,2026-05-21 08:58,2023-03-18,Ligue 2,Annecy,Guingamp,OVER,2.29,,,5.69,VALUABLE,,1.1,,,,,,standard,
backtest,2026-05-21 08:58,2023-03-18,Ligue 2,Paris FC,Bastia,OVER,2.44,,,10.12,SNIPER,,1.76,,,,,,standard,
backtest,2026-05-21 08:58,2023-03-18,La Liga 2,Leganes,Oviedo,OVER,3.67,,,12.82,SNIPER,,1.2,,,,,,standard,
backtest,2026-05-21 08:58,2023-03-18,Greek Super League,Lamia,Giannina,OVER,2.73,,,6.9,VALUABLE,,1.0,,,,,,standard,
backtest,2026-05-21 08:58,2023-03-18,League Two,Walsall,Gillingham,OVER,2.75,,,6.46,VALUABLE,,0.92,,,,,,standard,
backtest,2026-05-21 08:58,2023-03-19,La Liga 2,Lugo,Santander,OVER,3.01,,,10.31,SNIPER,,1.28,,,,,,standard,
backtest,2026-05-21 08:58,2023-03-19,La Liga 2,Huesca,Zaragoza,OVER,3.0,,,10.24,SNIPER,,1.28,,,,,,standard,
backtest,2026-05-21 08:58,2023-03-19,La Liga 2,Burgos,Sp Gijon,OVER,3.08,,,10.36,SNIPER,,1.25,,,,,,standard,
backtest,2026-05-21 08:58,2023-03-19,Greek Super League,Aris,PAOK,OVER,2.56,,,10.53,SNIPER,,1.69,,,,,,standard,
backtest,2026-05-21 08:58,2023-03-19,Greek Super League,Volos NFC,Olympiakos,UNDER,2.03,,,5.23,VALUABLE,,1.27,,,,,,standard,
backtest,2026-05-21 08:58,2023-03-20,La Liga 2,Mirandes,Eibar,OVER,2.55,,,4.55,VALUABLE,,0.73,,,,,,standard,
backtest,2026-05-21 08:58,2023-03-25,La Liga 2,Ibiza,Burgos,OVER,3.0,,,10.21,SNIPER,,1.28,,,,,,standard,
backtest,2026-05-21 08:58,2023-03-25,League Two,Gillingham,Carlisle,OVER,2.62,,,4.28,VALUABLE,,0.66,,,,,,standard,
backtest,2026-05-21 08:58,2023-03-25,League Two,Crawley Town,Rochdale,UNDER,1.91,,,5.92,VALUABLE,,1.63,,,,,,standard,
backtest,2026-05-21 08:58,2023-03-25,La Liga 2,Alaves,Tenerife,OVER,2.9,,,8.67,VALUABLE,,1.14,,,,,,standard,
backtest,2026-05-21 08:58,2023-03-26,La Liga 2,Granada,Oviedo,OVER,3.07,,,10.96,SNIPER,,1.32,,,,,,standard,
backtest,2026-05-21 08:58,2023-03-26,La Liga 2,Zaragoza,Albacete,OVER,2.92,,,8.44,VALUABLE,,1.1,,,,,,standard,
backtest,2026-05-21 08:58,2023-03-26,La Liga 2,Eibar,Andorra,OVER,2.64,,,5.67,VALUABLE,,0.86,,,,,,standard,
backtest,2026-05-21 08:58,2023-03-27,La Liga 2,Malaga,Leganes,OVER,2.77,,,6.73,VALUABLE,,0.95,,,,,,standard,
backtest,2026-05-21 08:58,2023-04-01,Greek Super League,Levadeiakos,Atromitos,OVER,2.59,,,4.65,VALUABLE,,0.73,,,,,,standard,
backtest,2026-05-21 08:58,2023-04-01,Greek Super League,Panetolikos,Lamia,OVER,2.6,,,4.43,VALUABLE,,0.69,,,,,,standard,
backtest,2026-05-21 08:58,2023-04-01,Greek Super League,Ionikos,Asteras Tripolis,OVER,2.86,,,4.72,VALUABLE,,0.63,,,,,,standard,
backtest,2026-05-21 08:58,2023-04-01,La Liga 2,Leganes,Cartagena,OVER,2.69,,,6.08,VALUABLE,,0.9,,,,,,standard,
backtest,2026-05-21 08:58,2023-04-01,Ligue 2,Valenciennes,Paris FC,OVER,2.31,,,5.93,VALUABLE,,1.13,,,,,,standard,
backtest,2026-05-21 08:58,2023-04-01,La Liga 2,Burgos,Santander,OVER,3.13,,,11.31,SNIPER,,1.33,,,,,,standard,
backtest,2026-05-21 08:58,2023-04-01,Ligue 2,Caen,Dijon,OVER,2.43,,,4.53,VALUABLE,,0.79,,,,,,standard,
backtest,2026-05-21 08:58,2023-04-01,La Liga 2,Tenerife,Villarreal B,OVER,2.55,,,4.04,VALUABLE,,0.65,,,,,,standard,
backtest,2026-05-21 08:58,2023-04-01,League Two,Leyton Orient,Carlisle,OVER,2.71,,,6.36,VALUABLE,,0.93,,,,,,standard,
backtest,2026-05-21 08:58,2023-04-01,League Two,Barrow,Gillingham,OVER,2.74,,,4.28,VALUABLE,,0.62,,,,,,standard,
backtest,2026-05-21 08:58,2023-04-01,La Liga 2,Oviedo,Eibar,OVER,3.7,,,12.07,SNIPER,,1.12,,,,,,standard,
backtest,2026-05-21 08:58,2023-04-02,Greek Super League,Panathinaikos,Volos NFC,UNDER,2.17,,,9.97,VALUABLE,,2.13,,,,,,standard,
backtest,2026-05-21 08:58,2023-04-05,Greek Super League,Volos NFC,AEK,UNDER,2.28,,,6.5,VALUABLE,,1.27,,,,,,standard,
backtest,2026-05-21 08:58,2023-04-05,Greek Super League,Aris,Panathinaikos,OVER,2.67,,,5.27,VALUABLE,,0.79,,,,,,standard,
backtest,2026-05-21 08:58,2023-04-07,League One,Lincoln,Cheltenham,OVER,2.5,,,6.45,VALUABLE,,1.08,,,,,,standard,
backtest,2026-05-21 08:58,2023-04-07,League One,Shrewsbury,Peterboro,OVER,2.23,,,4.8,VALUABLE,,0.97,,,,,,standard,
backtest,2026-05-21 08:58,2023-04-08,La Liga 2,Zaragoza,Granada,OVER,2.58,,,5.04,VALUABLE,,0.8,,,,,,standard,
backtest,2026-05-21 08:58,2023-04-08,La Liga 2,Ibiza,Sp Gijon,OVER,2.82,,,5.57,VALUABLE,,0.76,,,,,,standard,
backtest,2026-05-21 08:58,2023-04-08,La Liga 2,Santander,Albacete,OVER,2.68,,,6.49,VALUABLE,,0.97,,,,,,standard,
backtest,2026-05-21 08:58,2023-04-08,Ligue 2,Laval,Grenoble,OVER,2.58,,,5.43,VALUABLE,,0.86,,,,,,standard,
backtest,2026-05-21 08:58,2023-04-08,Ligue 2,Quevilly Rouen,Caen,OVER,2.61,,,5.35,VALUABLE,,0.83,,,,,,standard,
backtest,2026-05-21 08:58,2023-04-08,Greek Super League,Panetolikos,Ionikos,OVER,2.72,,,6.9,VALUABLE,,1.0,,,,,,standard,
backtest,2026-05-21 08:58,2023-04-08,Greek Super League,Asteras Tripolis,Levadeiakos,OVER,3.28,,,9.45,VALUABLE,,1.04,,,,,,standard,
backtest,2026-05-21 08:58,2023-04-09,La Liga 2,Huesca,Burgos,OVER,3.25,,,7.38,VALUABLE,,0.82,,,,,,standard,
backtest,2026-05-21 08:58,2023-04-09,La Liga 2,Las Palmas,Oviedo,OVER,2.87,,,8.82,VALUABLE,,1.18,,,,,,standard,
backtest,2026-05-21 08:58,2023-04-09,La Liga 2,Eibar,Levante,OVER,2.57,,,4.89,VALUABLE,,0.78,,,,,,standard,
backtest,2026-05-21 08:58,2023-04-10,League Two,Northampton,Gillingham,OVER,2.55,,,4.31,VALUABLE,,0.7,,,,,,standard,
backtest,2026-05-21 08:58,2023-04-14,La Liga 2,Albacete,Eibar,OVER,2.8,,,8.34,VALUABLE,,1.16,,,,,,standard,
backtest,2026-05-21 08:58,2023-04-15,Bundesliga 2,Kaiserslautern,Hamburg,UNDER,2.3,,,7.46,VALUABLE,,1.43,,,,,,standard,
backtest,2026-05-21 08:58,2023-04-15,League Two,Gillingham,Stockport,OVER,2.68,,,6.74,VALUABLE,,1.0,,,,,,standard,
backtest,2026-05-21 08:58,2023-04-15,Ligue 2,Quevilly Rouen,Dijon,OVER,2.69,,,6.35,VALUABLE,,0.94,,,,,,standard,
backtest,2026-05-21 08:58,2023-04-15,La Liga 2,Burgos,Ponferradina,OVER,2.82,,,8.07,VALUABLE,,1.11,,,,,,standard,
backtest,2026-05-21 08:58,2023-04-15,League Two,Sutton,Leyton Orient,OVER,2.49,,,4.22,VALUABLE,,0.71,,,,,,standard,
backtest,2026-05-21 08:58,2023-04-15,Ligue 2,Rodez,Laval,OVER,2.32,,,6.9,VALUABLE,,1.31,,,,,,standard,
backtest,2026-05-21 08:58,2023-04-16,La Liga 2,Tenerife,Ibiza,OVER,2.41,,,5.89,VALUABLE,,1.04,,,,,,standard,
backtest,2026-05-21 08:58,2023-04-16,La Liga 2,Andorra,Huesca,OVER,2.56,,,5.37,VALUABLE,,0.86,,,,,,standard,
backtest,2026-05-21 08:58,2023-04-16,Bundesliga 2,Karlsruhe,Bielefeld,UNDER,2.32,,,7.42,VALUABLE,,1.41,,,,,,standard,
backtest,2026-05-21 08:58,2023-04-18,League Two,Grimsby,Barrow,OVER,2.41,,,5.75,VALUABLE,,1.02,,,,,,standard,
backtest,2026-05-21 08:58,2023-04-18,League Two,Harrogate,Walsall,OVER,2.24,,,5.09,VALUABLE,,1.03,,,,,,standard,
backtest,2026-05-21 08:58,2023-04-18,League Two,Salford,Hartlepool,UNDER,2.17,,,4.68,VALUABLE,,1.0,,,,,,standard,
backtest,2026-05-21 08:58,2023-04-18,League Two,Gillingham,Leyton Orient,OVER,2.81,,,8.85,VALUABLE,,1.22,,,,,,standard,
backtest,2026-05-21 08:58,2023-04-18,League One,Ipswich,Port Vale,UNDER,2.18,,,4.4,VALUABLE,,0.93,,,,,,standard,
backtest,2026-05-21 08:58,2023-04-21,Bundesliga 2,Darmstadt,Karlsruhe,UNDER,2.23,,,5.42,VALUABLE,,1.1,,,,,,standard,
backtest,2026-05-21 08:58,2023-04-21,La Liga 2,Eibar,Zaragoza,OVER,2.71,,,6.99,VALUABLE,,1.02,,,,,,standard,
backtest,2026-05-21 08:58,2023-04-22,League Two,Barrow,Carlisle,OVER,2.6,,,6.32,VALUABLE,,0.99,,,,,,standard,
backtest,2026-05-21 08:58,2023-04-22,League One,Peterboro,Ipswich,OVER,1.96,,,4.71,VALUABLE,,1.23,,,,,,standard,
backtest,2026-05-21 08:58,2023-04-22,Ligue 2,Dijon,Bastia,OVER,2.56,,,6.54,VALUABLE,,1.05,,,,,,standard,
backtest,2026-05-21 08:58,2023-04-22,Ligue 2,Annecy,Rodez,OVER,2.26,,,4.6,VALUABLE,,0.91,,,,,,standard,
backtest,2026-05-21 08:58,2023-04-22,La Liga 2,Las Palmas,Levante,OVER,2.45,,,4.79,VALUABLE,,0.83,,,,,,standard,
backtest,2026-05-21 08:58,2023-04-22,La Liga 2,Ibiza,Oviedo,OVER,3.08,,,12.88,SNIPER,,1.55,,,,,,standard,
backtest,2026-05-21 08:58,2023-04-22,Bundesliga 2,Braunschweig,Magdeburg,UNDER,2.24,,,6.34,VALUABLE,,1.28,,,,,,standard,
backtest,2026-05-21 08:58,2023-04-22,Greek Super League,Levadeiakos,Ionikos,OVER,2.77,,,4.4,VALUABLE,,0.62,,,,,,standard,
backtest,2026-05-21 08:58,2023-04-22,Ligue 2,Le Havre,Quevilly Rouen,OVER,2.83,,,10.02,SNIPER,,1.37,,,,,,standard,
backtest,2026-05-21 08:58,2023-04-23,La Liga 2,Mirandes,Burgos,OVER,2.41,,,9.39,VALUABLE,,1.67,,,,,,standard,
backtest,2026-05-21 08:58,2023-04-23,Greek Super League,PAOK,Panathinaikos,OVER,2.66,,,6.97,VALUABLE,,1.05,,,,,,standard,
backtest,2026-05-21 08:58,2023-04-23,Bundesliga 2,Heidenheim,Holstein Kiel,UNDER,2.32,,,7.88,VALUABLE,,1.49,,,,,,standard,
backtest,2026-05-21 08:58,2023-04-23,La Liga 2,Lugo,Malaga,OVER,2.54,,,5.19,VALUABLE,,0.84,,,,,,standard,
backtest,2026-05-21 08:58,2023-04-24,La Liga 2,Huesca,Tenerife,OVER,3.13,,,11.12,SNIPER,,1.31,,,,,,standard,
backtest,2026-05-21 08:58,2023-04-25,League One,Plymouth,Bristol Rvs,UNDER,2.24,,,6.34,VALUABLE,,1.28,,,,,,standard,
backtest,2026-05-21 08:58,2023-04-29,League One,Plymouth,Burton,UNDER,2.38,,,10.46,SNIPER,,1.89,,,,,,standard,
backtest,2026-05-21 08:58,2023-04-29,Ligue 2,Caen,Le Havre,OVER,2.68,,,8.01,VALUABLE,,1.19,,,,,,standard,
backtest,2026-05-21 08:58,2023-04-29,Greek Super League,Asteras Tripolis,Lamia,OVER,2.62,,,5.88,VALUABLE,,0.91,,,,,,standard,
backtest,2026-05-21 08:58,2023-04-29,League One,Peterboro,Bristol Rvs,UNDER,2.21,,,6.22,VALUABLE,,1.29,,,,,,standard,
backtest,2026-05-21 08:58,2023-04-29,Ligue 2,Quevilly Rouen,Annecy,OVER,2.25,,,4.08,VALUABLE,,0.82,,,,,,standard,
backtest,2026-05-21 08:58,2023-04-29,Greek Super League,Panetolikos,Levadeiakos,OVER,2.68,,,6.73,VALUABLE,,1.0,,,,,,standard,
backtest,2026-05-21 08:58,2023-04-30,La Liga 2,Andorra,Mirandes,OVER,2.2,,,4.21,VALUABLE,,0.88,,,,,,standard,
backtest,2026-05-21 08:58,2023-04-30,Bundesliga 2,Holstein Kiel,Darmstadt,UNDER,2.56,,,12.41,SNIPER,,1.99,,,,,,standard,
backtest,2026-05-21 08:58,2023-04-30,Greek Super League,Olympiakos,Volos NFC,UNDER,3.07,,,4.82,VALUABLE,,0.58,,,,,,standard,
backtest,2026-05-21 08:58,2023-04-30,Greek Super League,Panathinaikos,AEK,OVER,2.6,,,6.08,VALUABLE,,0.95,,,,,,standard,
backtest,2026-05-21 08:58,2023-05-01,La Liga 2,Malaga,Huesca,OVER,2.55,,,5.11,VALUABLE,,0.82,,,,,,standard,
backtest,2026-05-21 08:58,2023-05-01,La Liga 2,Burgos,Villarreal B,OVER,2.46,,,4.43,VALUABLE,,0.76,,,,,,standard,
backtest,2026-05-21 08:58,2023-05-03,Greek Super League,Aris,Volos NFC,UNDER,2.22,,,6.99,VALUABLE,,1.43,,,,,,standard,
backtest,2026-05-21 08:58,2023-05-05,Bundesliga 2,Bielefeld,Greuther Furth,UNDER,2.25,,,6.18,VALUABLE,,1.24,,,,,,standard,
backtest,2026-05-21 08:58,2023-05-06,Greek Super League,Giannina,Asteras Tripolis,OVER,3.33,,,9.5,VALUABLE,,1.02,,,,,,standard,
backtest,2026-05-21 08:58,2023-05-06,Ligue 2,Pau FC,Quevilly Rouen,OVER,2.28,,,4.96,VALUABLE,,0.97,,,,,,standard,
backtest,2026-05-21 08:58,2023-05-06,Ligue 2,St Etienne,Guingamp,UNDER,2.44,,,10.47,SNIPER,,1.82,,,,,,standard,
backtest,2026-05-21 08:58,2023-05-06,La Liga 2,Tenerife,Levante,OVER,2.54,,,5.29,VALUABLE,,0.86,,,,,,standard,
backtest,2026-05-21 08:58,2023-05-06,Ligue 2,Annecy,Dijon,OVER,2.33,,,5.63,VALUABLE,,1.06,,,,,,standard,
backtest,2026-05-21 08:58,2023-05-06,Ligue 2,Niort,Metz,UNDER,2.16,,,6.78,VALUABLE,,1.46,,,,,,standard,
backtest,2026-05-21 08:58,2023-05-06,La Liga 2,Leganes,Huesca,OVER,2.83,,,5.26,VALUABLE,,0.72,,,,,,standard,
backtest,2026-05-21 08:58,2023-05-07,La Liga 2,Oviedo,Zaragoza,OVER,2.92,,,11.71,SNIPER,,1.52,,,,,,standard,
backtest,2026-05-21 08:58,2023-05-07,League One,Port Vale,Plymouth,UNDER,2.18,,,5.55,VALUABLE,,1.18,,,,,,standard,
backtest,2026-05-21 08:58,2023-05-07,League One,Oxford,Accrington,UNDER,2.11,,,4.37,VALUABLE,,0.98,,,,,,standard,
backtest,2026-05-21 08:58,2023-05-07,League One,Fleetwood Town,Ipswich,UNDER,2.39,,,9.58,VALUABLE,,1.72,,,,,,standard,
backtest,2026-05-21 08:58,2023-05-07,League One,Exeter,Morecambe,UNDER,2.15,,,4.91,VALUABLE,,1.07,,,,,,standard,
backtest,2026-05-21 08:58,2023-05-08,League Two,Swindon,Crawley Town,UNDER,2.48,,,11.1,SNIPER,,1.87,,,,,,standard,
backtest,2026-05-21 08:58,2023-05-08,League Two,Grimsby,AFC Wimbledon,UNDER,1.97,,,6.75,VALUABLE,,1.74,,,,,,standard,
backtest,2026-05-21 08:58,2023-05-08,League Two,Newport County,Crewe,UNDER,2.12,,,4.25,VALUABLE,,0.95,,,,,,standard,
backtest,2026-05-21 08:58,2023-05-08,Ligue 2,Le Havre,Rodez,OVER,2.35,,,5.69,VALUABLE,,1.05,,,,,,standard,
backtest,2026-05-21 08:58,2023-05-08,League Two,Stockport,Hartlepool,UNDER,2.47,,,4.36,VALUABLE,,0.74,,,,,,standard,
backtest,2026-05-21 08:58,2023-05-12,La Liga 2,Burgos,Leganes,OVER,3.09,,,13.61,SNIPER,,1.63,,,,,,standard,
backtest,2026-05-21 08:58,2023-05-12,Bundesliga 2,Magdeburg,Nurnberg,UNDER,2.21,,,6.17,VALUABLE,,1.27,,,,,,standard,
backtest,2026-05-21 08:58,2023-05-13,La Liga 2,Granada,Lugo,UNDER,2.25,,,7.03,VALUABLE,,1.41,,,,,,standard,
backtest,2026-05-21 08:58,2023-05-13,La Liga 2,Sp Gijon,Oviedo,OVER,3.33,,,15.94,SNIPER,,1.71,,,,,,standard,
backtest,2026-05-21 08:58,2023-05-14,La Liga 2,Albacete,Alaves,OVER,2.63,,,6.59,VALUABLE,,1.01,,,,,,standard,
backtest,2026-05-21 08:58,2023-05-15,La Liga 2,Levante,Ibiza,UNDER,2.35,,,9.54,VALUABLE,,1.77,,,,,,standard,
backtest,2026-05-21 08:58,2023-05-20,Ligue 2,Paris FC,Sochaux,UNDER,1.97,,,4.5,VALUABLE,,1.16,,,,,,standard,
backtest,2026-05-21 08:58,2023-05-20,Bundesliga 2,Hamburg,Greuther Furth,UNDER,2.94,,,17.29,SNIPER,,2.23,,,,,,standard,
backtest,2026-05-21 08:58,2023-05-20,Ligue 2,St Etienne,Quevilly Rouen,UNDER,2.3,,,7.52,VALUABLE,,1.45,,,,,,standard,
backtest,2026-05-21 08:58,2023-05-20,Bundesliga 2,Braunschweig,Regensburg,OVER,1.77,,,4.94,VALUABLE,,1.6,,,,,,standard,
backtest,2026-05-21 08:58,2023-05-20,La Liga 2,Villarreal B,Levante,UNDER,1.95,,,4.54,VALUABLE,,1.2,,,,,,standard,
backtest,2026-05-21 08:58,2023-05-21,Bundesliga 2,Karlsruhe,Kaiserslautern,UNDER,2.4,,,4.38,VALUABLE,,0.78,,,,,,standard,
backtest,2026-05-21 08:58,2023-05-21,La Liga 2,Leganes,Andorra,OVER,2.58,,,5.41,VALUABLE,,0.86,,,,,,standard,
backtest,2026-05-21 08:58,2023-05-21,La Liga 2,Oviedo,Santander,OVER,2.65,,,9.88,VALUABLE,,1.5,,,,,,standard,
backtest,2026-05-21 08:58,2023-05-26,Ligue 2,Sochaux,Metz,UNDER,2.25,,,9.45,VALUABLE,,1.89,,,,,,standard,
backtest,2026-05-21 08:58,2023-05-27,La Liga 2,Burgos,Lugo,OVER,2.06,,,8.89,VALUABLE,,2.1,,,,,,standard,
backtest,2026-05-21 08:58,2023-05-27,La Liga 2,Andorra,Villarreal B,UNDER,2.1,,,6.41,VALUABLE,,1.46,,,,,,standard,
backtest,2026-05-21 08:58,2023-05-28,Bundesliga 2,Kaiserslautern,Fortuna Dusseldorf,UNDER,2.43,,,11.11,SNIPER,,1.94,,,,,,standard,
backtest,2026-05-21 08:58,2023-05-28,Bundesliga 2,Greuther Furth,Darmstadt,UNDER,2.34,,,9.52,VALUABLE,,1.78,,,,,,standard,
backtest,2026-05-21 08:58,2023-05-28,Bundesliga 2,Regensburg,Heidenheim,UNDER,2.25,,,7.94,VALUABLE,,1.59,,,,,,standard,
backtest,2026-05-21 08:58,2023-05-28,Bundesliga 2,Magdeburg,Bielefeld,UNDER,3.35,,,9.58,VALUABLE,,1.02,,,,,,standard,
backtest,2026-05-21 08:58,2023-05-28,La Liga 2,Santander,Cartagena,UNDER,2.08,,,10.74,SNIPER,,2.49,,,,,,standard,
backtest,2026-05-21 08:58,2023-06-02,Ligue 2,Grenoble,Guingamp,UNDER,2.19,,,11.15,SNIPER,,2.34,,,,,,standard,
backtest,2026-05-21 08:58,2023-06-02,Ligue 2,Amiens,Laval,UNDER,2.2,,,6.8,VALUABLE,,1.42,,,,,,standard,
backtest,2026-05-21 08:58,2023-06-02,Ligue 2,Nimes,Sochaux,UNDER,2.47,,,11.77,SNIPER,,2.0,,,,,,standard,
backtest,2026-05-21 08:58,2023-06-02,Ligue 2,St Etienne,Valenciennes,UNDER,2.78,,,16.29,SNIPER,,2.29,,,,,,standard,
backtest,2026-05-21 08:58,2023-08-04,Bundesliga 2,Hertha,Wehen,UNDER,2.2,,,10.82,SNIPER,,2.25,,,,,,standard,
backtest,2026-05-21 08:58,2023-08-05,League Two,Accrington,Newport County,OVER,2.03,,,6.05,VALUABLE,,1.47,,,,,,standard,
backtest,2026-05-21 08:58,2023-08-05,League One,Northampton,Stevenage,OVER,2.36,,,11.18,SNIPER,,2.05,,,,,,standard,
backtest,2026-05-21 08:58,2023-08-05,League One,Cambridge,Oxford,OVER,2.1,,,4.26,VALUABLE,,0.97,,,,,,standard,
backtest,2026-05-21 08:58,2023-08-05,League One,Blackpool,Burton,UNDER,2.1,,,8.66,VALUABLE,,1.97,,,,,,standard,
backtest,2026-05-21 08:58,2023-08-05,Ligue 2,Ajaccio,Rodez,OVER,2.68,,,10.1,SNIPER,,1.5,,,,,,standard,
backtest,2026-05-21 08:58,2023-08-05,Bundesliga 2,Schalke 04,Kaiserslautern,OVER,1.77,,,4.89,VALUABLE,,1.59,,,,,,standard,
backtest,2026-05-21 08:58,2023-08-05,Ligue 2,St Etienne,Grenoble,UNDER,2.1,,,4.96,VALUABLE,,1.13,,,,,,standard,
backtest,2026-05-21 08:58,2023-08-05,League One,Shrewsbury,Cheltenham,OVER,2.24,,,7.96,VALUABLE,,1.61,,,,,,standard,
backtest,2026-05-21 08:58,2023-08-05,Ligue 2,Laval,Angers,OVER,2.34,,,4.68,VALUABLE,,0.87,,,,,,standard,
backtest,2026-05-21 08:58,2023-08-05,Bundesliga 2,Holstein Kiel,Greuther Furth,UNDER,2.45,,,9.46,VALUABLE,,1.63,,,,,,standard,
backtest,2026-05-21 08:58,2023-08-06,Bundesliga 2,Magdeburg,Braunschweig,UNDER,2.28,,,8.72,VALUABLE,,1.7,,,,,,standard,
backtest,2026-05-21 08:58,2023-08-11,La Liga 2,Valladolid,Sp Gijon,OVER,2.2,,,24.13,SNIPER,,5.03,,,,,,standard,
backtest,2026-05-21 08:58,2023-08-11,La Liga 2,Amorebieta,Levante,OVER,2.4,,,5.75,VALUABLE,,1.03,,,,,,standard,
backtest,2026-05-21 08:58,2023-08-12,League Two,Notts County,Grimsby,UNDER,2.13,,,5.63,VALUABLE,,1.25,,,,,,standard,
backtest,2026-05-21 08:58,2023-08-12,League One,Peterboro,Charlton,UNDER,2.25,,,7.86,VALUABLE,,1.57,,,,,,standard,
backtest,2026-05-21 08:58,2023-08-12,Ligue 2,Quevilly Rouen,Ajaccio,OVER,2.66,,,5.93,VALUABLE,,0.89,,,,,,standard,
backtest,2026-05-21 08:58,2023-08-12,La Liga 2,Santander,Eibar,OVER,2.67,,,4.15,VALUABLE,,0.62,,,,,,standard,
backtest,2026-05-21 08:58,2023-08-12,League Two,Salford,Crawley Town,UNDER,2.09,,,6.56,VALUABLE,,1.51,,,,,,standard,
backtest,2026-05-21 08:58,2023-08-13,La Liga 2,Burgos,Huesca,OVER,2.8,,,6.16,VALUABLE,,0.86,,,,,,standard,
backtest,2026-05-21 08:58,2023-08-14,La Liga 2,Tenerife,Oviedo,OVER,3.04,,,10.63,SNIPER,,1.3,,,,,,standard,
backtest,2026-05-21 08:58,2023-08-14,Ligue 2,Bordeaux,Concarneau,UNDER,1.81,,,24.37,SNIPER,,7.52,,,,,,standard,
backtest,2026-05-21 08:58,2023-08-18,Bundesliga 2,Wehen,Karlsruhe,UNDER,2.36,,,10.36,SNIPER,,1.9,,,,,,standard,
backtest,2026-05-21 08:58,2023-08-19,Ligue 2,Grenoble,Troyes,UNDER,1.87,,,24.78,SNIPER,,7.12,,,,,,standard,
backtest,2026-05-21 08:58,2023-08-19,Bundesliga 2,Fortuna Dusseldorf,Paderborn,UNDER,2.34,,,9.87,VALUABLE,,1.84,,,,,,standard,
backtest,2026-05-21 08:58,2023-08-19,League Two,Forest Green,Newport County,OVER,1.96,,,17.37,SNIPER,,4.52,,,,,,standard,
backtest,2026-05-21 08:58,2023-08-19,Ligue 2,Pau FC,Paris FC,OVER,2.2,,,5.66,VALUABLE,,1.18,,,,,,standard,
backtest,2026-05-21 08:58,2023-08-19,Bundesliga 2,Hamburg,Hertha,UNDER,3.07,,,4.52,VALUABLE,,0.55,,,,,,standard,
backtest,2026-05-21 08:58,2023-08-19,League Two,Wrexham,Swindon,UNDER,2.17,,,4.88,VALUABLE,,1.04,,,,,,standard,
backtest,2026-05-21 08:58,2023-08-20,Greek Super League,PAOK,Asteras Tripolis,UNDER,1.87,,,5.28,VALUABLE,,1.52,,,,,,standard,
backtest,2026-05-21 08:58,2023-08-20,Greek Super League,Olympiakos,Panserraikos,UNDER,2.13,,,5.87,VALUABLE,,1.3,,,,,,standard,
backtest,2026-05-21 08:58,2023-08-20,Bundesliga 2,Holstein Kiel,Magdeburg,UNDER,2.59,,,14.19,SNIPER,,2.23,,,,,,standard,
backtest,2026-05-21 08:58,2023-08-21,La Liga 2,Huesca,Tenerife,OVER,2.92,,,4.92,VALUABLE,,0.64,,,,,,standard,
backtest,2026-05-21 08:58,2023-08-26,Greek Super League,AEK,Panserraikos,UNDER,2.46,,,12.16,SNIPER,,2.08,,,,,,standard,
backtest,2026-05-21 08:58,2023-08-26,Greek Super League,Panathinaikos,Volos NFC,UNDER,2.13,,,9.42,VALUABLE,,2.08,,,,,,standard,
backtest,2026-05-21 08:58,2023-08-26,League Two,Bradford,Crewe,UNDER,2.09,,,4.97,VALUABLE,,1.14,,,,,,standard,
backtest,2026-05-21 08:58,2023-08-26,League Two,Barrow,Wrexham,UNDER,2.02,,,4.69,VALUABLE,,1.15,,,,,,standard,
backtest,2026-05-21 08:58,2023-08-26,La Liga 2,Burgos,Oviedo,OVER,3.07,,,8.76,VALUABLE,,1.06,,,,,,standard,
backtest,2026-05-21 08:58,2023-08-26,League Two,Salford,Accrington,UNDER,1.92,,,4.09,VALUABLE,,1.11,,,,,,standard,
backtest,2026-05-21 08:58,2023-08-27,Greek Super League,Olympiakos,Atromitos,UNDER,2.07,,,7.86,VALUABLE,,1.84,,,,,,standard,
backtest,2026-05-21 08:58,2023-08-27,Bundesliga 2,St Pauli,Magdeburg,UNDER,2.33,,,11.27,SNIPER,,2.12,,,,,,standard,
backtest,2026-05-21 08:58,2023-08-28,La Liga 2,Eldense,Eibar,OVER,2.7,,,6.79,VALUABLE,,1.0,,,,,,standard,
backtest,2026-05-21 08:58,2023-09-02,Ligue 2,Bordeaux,Auxerre,UNDER,1.92,,,4.44,VALUABLE,,1.21,,,,,,standard,
backtest,2026-05-21 08:58,2023-09-02,League Two,Stockport,Crawley Town,UNDER,1.93,,,4.0,VALUABLE,,1.08,,,,,,standard,
backtest,2026-05-21 08:58,2023-09-02,League Two,Tranmere,Wrexham,UNDER,2.16,,,7.51,VALUABLE,,1.62,,,,,,standard,
backtest,2026-05-21 08:58,2023-09-02,League Two,Morecambe,Salford,UNDER,1.89,,,4.52,VALUABLE,,1.27,,,,,,standard,
backtest,2026-05-21 08:58,2023-09-02,Bundesliga 2,Wehen,Schalke 04,UNDER,2.35,,,10.8,SNIPER,,2.0,,,,,,standard,
backtest,2026-05-21 08:58,2023-09-02,Bundesliga 2,Holstein Kiel,Paderborn,UNDER,2.44,,,11.27,SNIPER,,1.96,,,,,,standard,
backtest,2026-05-21 08:58,2023-09-02,Ligue 2,St Etienne,Valenciennes,UNDER,2.01,,,6.06,VALUABLE,,1.5,,,,,,standard,
backtest,2026-05-21 08:58,2023-09-02,League One,Charlton,Fleetwood Town,UNDER,2.13,,,7.71,VALUABLE,,1.71,,,,,,standard,
backtest,2026-05-21 08:58,2023-09-03,Greek Super League,Volos NFC,AEK,UNDER,2.29,,,11.39,SNIPER,,2.21,,,,,,standard,
backtest,2026-05-21 08:58,2023-09-03,Greek Super League,OFI Crete,PAOK,UNDER,2.0,,,7.83,VALUABLE,,1.96,,,,,,standard,
backtest,2026-05-21 08:58,2023-09-03,Bundesliga 2,Hamburg,Hansa Rostock,UNDER,2.62,,,15.85,SNIPER,,2.45,,,,,,standard,
backtest,2026-05-21 08:58,2023-09-03,Greek Super League,Olympiakos,Lamia,UNDER,2.12,,,8.98,VALUABLE,,2.0,,,,,,standard,
backtest,2026-05-21 08:58,2023-09-09,La Liga 2,Oviedo,Sp Gijon,OVER,2.95,,,6.66,VALUABLE,,0.85,,,,,,standard,
backtest,2026-05-21 08:58,2023-09-09,La Liga 2,Burgos,Eibar,OVER,2.63,,,4.79,VALUABLE,,0.74,,,,,,standard,
backtest,2026-05-21 08:58,2023-09-09,League Two,Wrexham,Doncaster,UNDER,2.45,,,13.2,SNIPER,,2.28,,,,,,standard,
backtest,2026-05-21 08:58,2023-09-09,League Two,Accrington,Mansfield,UNDER,2.0,,,5.42,VALUABLE,,1.36,,,,,,standard,
backtest,2026-05-21 08:58,2023-09-11,La Liga 2,Eldense,Alcorcon,OVER,2.61,,,5.54,VALUABLE,,0.86,,,,,,standard,
backtest,2026-05-21 08:58,2023-09-15,Bundesliga 2,Paderborn,Wehen,UNDER,2.29,,,10.35,SNIPER,,2.01,,,,,,standard,
backtest,2026-05-21 08:58,2023-09-16,Bundesliga 2,Schalke 04,Magdeburg,UNDER,2.7,,,15.87,SNIPER,,2.33,,,,,,standard,
backtest,2026-05-21 08:58,2023-09-16,Ligue 2,Annecy,Troyes,UNDER,1.8,,,4.56,VALUABLE,,1.43,,,,,,standard,
backtest,2026-05-21 08:58,2023-09-16,League Two,AFC Wimbledon,Crewe,UNDER,2.0,,,4.13,VALUABLE,,1.03,,,,,,standard,
backtest,2026-05-21 08:58,2023-09-16,League One,Lincoln,Carlisle,OVER,2.29,,,5.63,VALUABLE,,1.09,,,,,,standard,
backtest,2026-05-21 08:58,2023-09-16,League Two,Wrexham,Grimsby,UNDER,2.24,,,4.23,VALUABLE,,0.85,,,,,,standard,
backtest,2026-05-21 08:58,2023-09-17,Greek Super League,Asteras Tripolis,Giannina,OVER,2.65,,,5.1,VALUABLE,,0.77,,,,,,standard,
backtest,2026-05-21 08:58,2023-09-17,La Liga 2,Eibar,Ferrol,OVER,2.38,,,7.28,VALUABLE,,1.32,,,,,,standard,
backtest,2026-05-21 08:58,2023-09-17,Bundesliga 2,St Pauli,Holstein Kiel,UNDER,2.27,,,6.2,VALUABLE,,1.22,,,,,,standard,
backtest,2026-05-21 08:58,2023-09-18,Ligue 2,Guingamp,Ajaccio,OVER,2.55,,,4.72,VALUABLE,,0.76,,,,,,standard,
backtest,2026-05-21 08:58,2023-09-19,League One,Peterboro,Cheltenham,UNDER,2.16,,,7.01,VALUABLE,,1.51,,,,,,standard,
backtest,2026-05-21 08:58,2023-09-22,Bundesliga 2,Magdeburg,Paderborn,UNDER,2.77,,,8.74,VALUABLE,,1.23,,,,,,standard,
backtest,2026-05-21 08:58,2023-09-22,Bundesliga 2,Osnabruck,Hamburg,UNDER,3.1,,,19.22,SNIPER,,2.29,,,,,,standard,
backtest,2026-05-21 08:58,2023-09-23,Bundesliga 2,Wehen,Elversberg,UNDER,2.38,,,13.46,SNIPER,,2.44,,,,,,standard,
backtest,2026-05-21 08:58,2023-09-23,Ligue 2,Troyes,Auxerre,UNDER,2.1,,,5.68,VALUABLE,,1.29,,,,,,standard,
backtest,2026-05-21 08:58,2023-09-23,Bundesliga 2,Greuther Furth,Karlsruhe,UNDER,2.33,,,7.37,VALUABLE,,1.39,,,,,,standard,
backtest,2026-05-21 08:58,2023-09-23,League Two,Crewe,Colchester,UNDER,1.99,,,5.23,VALUABLE,,1.32,,,,,,standard,
backtest,2026-05-21 08:58,2023-09-23,League Two,Morecambe,Swindon,UNDER,2.04,,,4.18,VALUABLE,,1.01,,,,,,standard,
backtest,2026-05-21 08:58,2023-09-23,League Two,Harrogate,Salford,UNDER,1.97,,,5.03,VALUABLE,,1.3,,,,,,standard,
backtest,2026-05-21 08:58,2023-09-23,League Two,Mansfield,Barrow,UNDER,1.87,,,4.0,VALUABLE,,1.15,,,,,,standard,
backtest,2026-05-21 08:58,2023-09-23,League Two,Stockport,Wrexham,UNDER,2.1,,,7.07,VALUABLE,,1.61,,,,,,standard,
backtest,2026-05-21 08:58,2023-09-23,League Two,Sutton,Milton Keynes Dons,UNDER,1.95,,,4.2,VALUABLE,,1.1,,,,,,standard,
backtest,2026-05-21 08:58,2023-09-23,League One,Oxford,Exeter,OVER,1.86,,,4.14,VALUABLE,,1.2,,,,,,standard,
backtest,2026-05-21 08:58,2023-09-24,Greek Super League,Olympiakos,Kifisia,UNDER,2.45,,,4.76,VALUABLE,,0.82,,,,,,standard,
backtest,2026-05-21 08:58,2023-09-24,Bundesliga 2,Holstein Kiel,Hertha,UNDER,2.79,,,5.13,VALUABLE,,0.72,,,,,,standard,
backtest,2026-05-21 08:58,2023-09-26,Ligue 2,Auxerre,Annecy,UNDER,2.14,,,8.29,VALUABLE,,1.82,,,,,,standard,
backtest,2026-05-21 08:58,2023-09-28,Greek Super League,AEK,Atromitos,UNDER,2.31,,,4.85,VALUABLE,,0.93,,,,,,standard,
backtest,2026-05-21 08:58,2023-09-28,Greek Super League,Asteras Tripolis,Panathinaikos,OVER,2.58,,,6.92,VALUABLE,,1.09,,,,,,standard,
backtest,2026-05-21 08:58,2023-09-30,Bundesliga 2,Karlsruhe,Holstein Kiel,UNDER,2.85,,,19.23,SNIPER,,2.6,,,,,,standard,
backtest,2026-05-21 08:58,2023-09-30,League Two,AFC Wimbledon,Tranmere,UNDER,2.01,,,4.36,VALUABLE,,1.08,,,,,,standard,
backtest,2026-05-21 08:58,2023-09-30,Ligue 2,Troyes,St Etienne,UNDER,2.15,,,7.0,VALUABLE,,1.52,,,,,,standard,
backtest,2026-05-21 08:58,2023-09-30,League Two,Accrington,Stockport,UNDER,2.04,,,4.5,VALUABLE,,1.08,,,,,,standard,
backtest,2026-05-21 08:58,2023-09-30,Bundesliga 2,Hannover,Wehen,UNDER,2.29,,,10.65,SNIPER,,2.06,,,,,,standard,
backtest,2026-05-21 08:58,2023-09-30,League Two,Colchester,Notts County,UNDER,2.23,,,8.78,VALUABLE,,1.78,,,,,,standard,
backtest,2026-05-21 08:58,2023-10-01,Greek Super League,Aris,Kifisia,UNDER,2.02,,,4.41,VALUABLE,,1.08,,,,,,standard,
backtest,2026-05-21 08:58,2023-10-01,Bundesliga 2,Nurnberg,Magdeburg,UNDER,2.5,,,13.92,SNIPER,,2.32,,,,,,standard,
backtest,2026-05-21 08:58,2023-10-01,La Liga 2,Eldense,Oviedo,OVER,2.93,,,4.54,VALUABLE,,0.59,,,,,,standard,
backtest,2026-05-21 08:58,2023-10-02,Greek Super League,OFI Crete,AEK,UNDER,2.1,,,6.3,VALUABLE,,1.43,,,,,,standard,
backtest,2026-05-21 08:58,2023-10-02,Ligue 2,Ajaccio,Bastia,OVER,2.85,,,8.51,VALUABLE,,1.15,,,,,,standard,
backtest,2026-05-21 08:58,2023-10-03,League Two,Crewe,Gillingham,OVER,1.98,,,14.6,SNIPER,,3.73,,,,,,standard,
backtest,2026-05-21 08:58,2023-10-03,La Liga 2,Levante,Villarreal B,UNDER,2.02,,,4.11,VALUABLE,,1.01,,,,,,standard,
backtest,2026-05-21 08:58,2023-10-03,League Two,Mansfield,Wrexham,UNDER,2.22,,,10.47,SNIPER,,2.15,,,,,,standard,
backtest,2026-05-21 08:58,2023-10-03,League Two,Newport County,Colchester,UNDER,2.0,,,6.61,VALUABLE,,1.65,,,,,,standard,
backtest,2026-05-21 08:58,2023-10-04,La Liga 2,Burgos,Leganes,OVER,2.75,,,6.1,VALUABLE,,0.87,,,,,,standard,
backtest,2026-05-21 08:58,2023-10-04,Ligue 2,St Etienne,Dunkerque,UNDER,2.16,,,4.27,VALUABLE,,0.92,,,,,,standard,
backtest,2026-05-21 08:58,2023-10-07,League Two,Salford,Crewe,UNDER,2.11,,,5.33,VALUABLE,,1.2,,,,,,standard,
backtest,2026-05-21 08:58,2023-10-07,League Two,Accrington,Forest Green,UNDER,2.22,,,7.68,VALUABLE,,1.57,,,,,,standard,
backtest,2026-05-21 08:58,2023-10-07,League One,Charlton,Blackpool,OVER,1.88,,,7.32,VALUABLE,,2.08,,,,,,standard,
backtest,2026-05-21 08:58,2023-10-07,Bundesliga 2,Wehen,Hamburg,UNDER,2.73,,,16.3,SNIPER,,2.36,,,,,,standard,
backtest,2026-05-21 08:58,2023-10-07,Bundesliga 2,Magdeburg,Karlsruhe,UNDER,2.54,,,10.9,SNIPER,,1.77,,,,,,standard,
backtest,2026-05-21 08:58,2023-10-07,La Liga 2,Leganes,Oviedo,OVER,3.07,,,5.94,VALUABLE,,0.72,,,,,,standard,
backtest,2026-05-21 08:58,2023-10-08,La Liga 2,Valladolid,Mirandes,OVER,2.02,,,7.82,VALUABLE,,1.92,,,,,,standard,
backtest,2026-05-21 08:58,2023-10-08,Greek Super League,AEK,Panetolikos,UNDER,2.92,,,15.54,SNIPER,,2.02,,,,,,standard,
backtest,2026-05-21 08:58,2023-10-08,Bundesliga 2,Braunschweig,Paderborn,UNDER,2.29,,,12.6,SNIPER,,2.44,,,,,,standard,
backtest,2026-05-21 08:58,2023-10-09,La Liga 2,Villarreal B,Espanol,UNDER,2.07,,,4.62,VALUABLE,,1.08,,,,,,standard,
backtest,2026-05-21 08:58,2023-10-13,La Liga 2,Oviedo,Albacete,OVER,2.7,,,5.31,VALUABLE,,0.78,,,,,,standard,
backtest,2026-05-21 08:58,2023-10-14,League Two,Crewe,Tranmere,UNDER,2.11,,,8.87,VALUABLE,,2.0,,,,,,standard,
backtest,2026-05-21 08:58,2023-10-14,League Two,Swindon,Newport County,UNDER,2.37,,,7.59,VALUABLE,,1.39,,,,,,standard,
backtest,2026-05-21 08:58,2023-10-14,League Two,Notts County,Mansfield,UNDER,2.37,,,10.74,SNIPER,,1.96,,,,,,standard,
backtest,2026-05-21 08:58,2023-10-21,La Liga 2,Amorebieta,Oviedo,OVER,2.81,,,6.59,VALUABLE,,0.91,,,,,,standard,
backtest,2026-05-21 08:58,2023-10-21,Bundesliga 2,Hamburg,Greuther Furth,UNDER,2.7,,,7.71,VALUABLE,,1.13,,,,,,standard,
backtest,2026-05-21 08:58,2023-10-21,Bundesliga 2,Osnabruck,Wehen,UNDER,2.36,,,7.75,VALUABLE,,1.42,,,,,,standard,
backtest,2026-05-21 08:58,2023-10-21,Ligue 2,Troyes,Concarneau,UNDER,1.99,,,7.26,VALUABLE,,1.83,,,,,,standard,
backtest,2026-05-21 08:58,2023-10-21,Ligue 2,Rodez,Bastia,OVER,2.03,,,6.0,VALUABLE,,1.46,,,,,,standard,
backtest,2026-05-21 08:58,2023-10-21,Ligue 2,Guingamp,Quevilly Rouen,OVER,2.35,,,5.36,VALUABLE,,0.99,,,,,,standard,
backtest,2026-05-21 08:58,2023-10-21,League Two,Accrington,Milton Keynes Dons,UNDER,2.08,,,10.19,SNIPER,,2.36,,,,,,standard,
backtest,2026-05-21 08:58,2023-10-21,League One,Charlton,Reading,UNDER,2.16,,,7.56,VALUABLE,,1.63,,,,,,standard,
backtest,2026-05-21 08:58,2023-10-21,League One,Oxford,Blackpool,OVER,1.92,,,10.67,SNIPER,,2.9,,,,,,standard,
backtest,2026-05-21 08:58,2023-10-22,Bundesliga 2,Karlsruhe,Schalke 04,UNDER,2.55,,,14.67,SNIPER,,2.37,,,,,,standard,
backtest,2026-05-21 08:58,2023-10-22,Greek Super League,PAOK,Atromitos,UNDER,2.17,,,7.34,VALUABLE,,1.57,,,,,,standard,
backtest,2026-05-21 08:58,2023-10-22,Greek Super League,Olympiakos,Panathinaikos,OVER,2.21,,,17.5,SNIPER,,3.62,,,,,,standard,
backtest,2026-05-21 08:58,2023-10-24,League Two,Harrogate,Mansfield,UNDER,2.12,,,9.39,VALUABLE,,2.1,,,,,,standard,
backtest,2026-05-21 08:58,2023-10-24,League Two,AFC Wimbledon,Accrington,UNDER,2.03,,,8.08,VALUABLE,,1.96,,,,,,standard,
backtest,2026-05-21 08:58,2023-10-27,Bundesliga 2,Greuther Furth,Osnabruck,UNDER,2.29,,,6.31,VALUABLE,,1.22,,,,,,standard,
backtest,2026-05-21 08:58,2023-10-28,League Two,Stockport,Tranmere,UNDER,2.06,,,8.69,VALUABLE,,2.05,,,,,,standard,
backtest,2026-05-21 08:58,2023-10-28,Ligue 2,Bordeaux,Rodez,UNDER,2.06,,,10.25,SNIPER,,2.42,,,,,,standard,
backtest,2026-05-21 08:58,2023-10-28,League Two,Notts County,Wrexham,UNDER,2.6,,,5.64,VALUABLE,,0.88,,,,,,standard,
backtest,2026-05-21 08:58,2023-10-28,League Two,Mansfield,Walsall,UNDER,2.2,,,8.0,VALUABLE,,1.67,,,,,,standard,
backtest,2026-05-21 08:58,2023-10-28,League Two,Harrogate,Crewe,UNDER,2.09,,,6.6,VALUABLE,,1.51,,,,,,standard,
backtest,2026-05-21 08:58,2023-10-28,League Two,Forest Green,Crawley Town,UNDER,2.27,,,8.92,VALUABLE,,1.76,,,,,,standard,
backtest,2026-05-21 08:58,2023-10-29,Bundesliga 2,Magdeburg,Elversberg,UNDER,2.77,,,16.88,SNIPER,,2.38,,,,,,standard,
backtest,2026-05-21 08:58,2023-10-29,Bundesliga 2,Holstein Kiel,Nurnberg,UNDER,2.31,,,6.1,VALUABLE,,1.16,,,,,,standard,
backtest,2026-05-21 08:58,2023-10-29,Greek Super League,Panathinaikos,Panserraikos,UNDER,2.3,,,4.52,VALUABLE,,0.87,,,,,,standard,
backtest,2026-05-21 08:58,2023-10-30,Greek Super League,OFI Crete,Olympiakos,UNDER,2.0,,,7.04,VALUABLE,,1.76,,,,,,standard,
backtest,2026-05-21 08:58,2023-10-31,League One,Wigan,Charlton,UNDER,2.14,,,10.31,SNIPER,,2.26,,,,,,standard,
backtest,2026-05-21 08:58,2023-11-03,Bundesliga 2,Fortuna Dusseldorf,Wehen,UNDER,2.47,,,16.55,SNIPER,,2.81,,,,,,standard,
backtest,2026-05-21 08:58,2023-11-04,Greek Super League,Kifisia,AEK,UNDER,2.33,,,10.06,SNIPER,,1.89,,,,,,standard,
backtest,2026-05-21 08:58,2023-11-04,Greek Super League,Lamia,Panathinaikos,OVER,1.92,,,9.05,VALUABLE,,2.46,,,,,,standard,
backtest,2026-05-21 08:58,2023-11-04,Ligue 2,St Etienne,Paris FC,UNDER,1.87,,,5.61,VALUABLE,,1.61,,,,,,standard,
backtest,2026-05-21 08:58,2023-11-04,Ligue 2,Troyes,Caen,UNDER,1.96,,,7.95,VALUABLE,,2.07,,,,,,standard,
backtest,2026-05-21 08:58,2023-11-04,Bundesliga 2,Osnabruck,Holstein Kiel,UNDER,2.35,,,14.71,SNIPER,,2.72,,,,,,standard,
backtest,2026-05-21 08:58,2023-11-04,Bundesliga 2,Hamburg,Magdeburg,UNDER,3.53,,,25.15,SNIPER,,2.48,,,,,,standard,
backtest,2026-05-21 08:58,2023-11-04,Ligue 2,Grenoble,Ajaccio,OVER,2.7,,,5.7,VALUABLE,,0.84,,,,,,standard,
backtest,2026-05-21 08:58,2023-11-05,Greek Super League,Aris,Atromitos,UNDER,1.94,,,5.72,VALUABLE,,1.52,,,,,,standard,
backtest,2026-05-21 08:58,2023-11-05,Bundesliga 2,Hansa Rostock,Hertha,UNDER,2.26,,,9.23,VALUABLE,,1.83,,,,,,standard,
backtest,2026-05-21 08:58,2023-11-11,League One,Portsmouth,Charlton,UNDER,2.15,,,10.75,SNIPER,,2.34,,,,,,standard,
backtest,2026-05-21 08:58,2023-11-11,Ligue 2,Bordeaux,Annecy,UNDER,1.92,,,8.06,VALUABLE,,2.19,,,,,,standard,
backtest,2026-05-21 08:58,2023-11-11,League Two,Walsall,Harrogate,UNDER,2.02,,,5.68,VALUABLE,,1.39,,,,,,standard,
backtest,2026-05-21 08:58,2023-11-11,League Two,Wrexham,Gillingham,UNDER,2.19,,,7.81,VALUABLE,,1.64,,,,,,standard,
backtest,2026-05-21 08:58,2023-11-11,Ligue 2,Auxerre,St Etienne,UNDER,2.24,,,13.77,SNIPER,,2.78,,,,,,standard,
backtest,2026-05-21 08:58,2023-11-11,Bundesliga 2,Holstein Kiel,Hamburg,UNDER,2.9,,,16.18,SNIPER,,2.13,,,,,,standard,
backtest,2026-05-21 08:58,2023-11-11,Bundesliga 2,Hertha,Karlsruhe,UNDER,2.42,,,8.98,VALUABLE,,1.58,,,,,,standard,
backtest,2026-05-21 08:58,2023-11-11,League Two,Swindon,Stockport,UNDER,2.12,,,6.66,VALUABLE,,1.49,,,,,,standard,
backtest,2026-05-21 08:58,2023-11-11,League Two,Salford,Mansfield,UNDER,2.39,,,11.99,SNIPER,,2.16,,,,,,standard,
backtest,2026-05-21 08:58,2023-11-11,League Two,Crawley Town,Accrington,UNDER,2.43,,,16.26,SNIPER,,2.84,,,,,,standard,
backtest,2026-05-21 08:58,2023-11-11,League Two,Crewe,Notts County,UNDER,2.61,,,11.99,SNIPER,,1.86,,,,,,standard,
backtest,2026-05-21 08:58,2023-11-11,League Two,AFC Wimbledon,Doncaster,UNDER,2.01,,,7.67,VALUABLE,,1.9,,,,,,standard,
backtest,2026-05-21 08:58,2023-11-11,League Two,Newport County,Milton Keynes Dons,UNDER,2.08,,,5.75,VALUABLE,,1.33,,,,,,standard,
backtest,2026-05-21 08:58,2023-11-11,League Two,Tranmere,Forest Green,UNDER,2.08,,,9.34,VALUABLE,,2.16,,,,,,standard,
backtest,2026-05-21 08:58,2023-11-12,Bundesliga 2,Magdeburg,Hansa Rostock,UNDER,2.47,,,16.93,SNIPER,,2.88,,,,,,standard,
backtest,2026-05-21 08:58,2023-11-12,Greek Super League,PAOK,Panetolikos,UNDER,2.4,,,5.41,VALUABLE,,0.97,,,,,,standard,
backtest,2026-05-21 08:58,2023-11-12,Greek Super League,AEK,Lamia,UNDER,2.89,,,19.23,SNIPER,,2.54,,,,,,standard,
backtest,2026-05-21 08:58,2023-11-12,Bundesliga 2,Wehen,Kaiserslautern,UNDER,2.29,,,13.75,SNIPER,,2.66,,,,,,standard,
backtest,2026-05-21 08:58,2023-11-18,League Two,Accrington,Wrexham,UNDER,2.33,,,14.53,SNIPER,,2.73,,,,,,standard,
backtest,2026-05-21 08:58,2023-11-18,League Two,Mansfield,Newport County,UNDER,2.35,,,11.5,SNIPER,,2.13,,,,,,standard,
backtest,2026-05-21 08:58,2023-11-24,Greek Super League,OFI Crete,Volos NFC,UNDER,1.94,,,5.9,VALUABLE,,1.57,,,,,,standard,
backtest,2026-05-21 08:58,2023-11-25,La Liga 2,Santander,Villarreal B,UNDER,2.14,,,7.32,VALUABLE,,1.61,,,,,,standard,
backtest,2026-05-21 08:58,2023-11-25,League Two,Crawley Town,Harrogate,UNDER,2.1,,,5.02,VALUABLE,,1.14,,,,,,standard,
backtest,2026-05-21 08:58,2023-11-25,League Two,Newport County,Stockport,UNDER,1.96,,,6.43,VALUABLE,,1.67,,,,,,standard,
backtest,2026-05-21 08:58,2023-11-25,Bundesliga 2,Osnabruck,Magdeburg,UNDER,2.33,,,7.8,VALUABLE,,1.47,,,,,,standard,
backtest,2026-05-21 08:58,2023-11-25,Ligue 2,Grenoble,Rodez,OVER,2.01,,,5.9,VALUABLE,,1.46,,,,,,standard,
backtest,2026-05-21 08:58,2023-11-25,Ligue 2,Bastia,Auxerre,UNDER,1.98,,,8.57,VALUABLE,,2.19,,,,,,standard,
backtest,2026-05-21 08:58,2023-11-25,Ligue 2,St Etienne,Pau FC,UNDER,2.03,,,8.43,VALUABLE,,2.05,,,,,,standard,
backtest,2026-05-21 08:58,2023-11-25,Greek Super League,Olympiakos,Panetolikos,UNDER,2.38,,,6.27,VALUABLE,,1.14,,,,,,standard,
backtest,2026-05-21 08:58,2023-11-25,League Two,AFC Wimbledon,Notts County,UNDER,2.15,,,7.04,VALUABLE,,1.53,,,,,,standard,
backtest,2026-05-21 08:58,2023-11-26,La Liga 2,Mirandes,Oviedo,OVER,2.91,,,10.78,SNIPER,,1.41,,,,,,standard,
backtest,2026-05-21 08:58,2023-11-26,Greek Super League,Giannina,AEK,UNDER,2.07,,,9.38,VALUABLE,,2.19,,,,,,standard,
backtest,2026-05-21 08:58,2023-11-26,Bundesliga 2,Kaiserslautern,Holstein Kiel,UNDER,2.42,,,12.23,SNIPER,,2.15,,,,,,standard,
backtest,2026-05-21 08:58,2023-11-26,La Liga 2,Espanol,Alcorcon,UNDER,1.96,,,6.67,VALUABLE,,1.74,,,,,,standard,
backtest,2026-05-21 08:58,2023-11-28,League Two,Morecambe,Newport County,UNDER,1.89,,,4.78,VALUABLE,,1.34,,,,,,standard,
backtest,2026-05-21 08:58,2023-11-28,League Two,Stockport,Salford,UNDER,2.4,,,11.89,SNIPER,,2.12,,,,,,standard,
backtest,2026-05-21 08:58,2023-11-28,League One,Charlton,Cheltenham,UNDER,2.26,,,12.29,SNIPER,,2.44,,,,,,standard,
backtest,2026-05-21 08:58,2023-11-28,League Two,Sutton,Crewe,UNDER,2.08,,,10.51,SNIPER,,2.43,,,,,,standard,
backtest,2026-05-21 08:58,2023-11-28,League Two,Doncaster,Colchester,UNDER,1.96,,,5.52,VALUABLE,,1.44,,,,,,standard,
backtest,2026-05-21 08:58,2023-11-28,League Two,Harrogate,Wrexham,UNDER,2.14,,,6.08,VALUABLE,,1.33,,,,,,standard,
backtest,2026-05-21 08:58,2023-11-28,League Two,Accrington,Swindon,UNDER,2.31,,,10.78,SNIPER,,2.06,,,,,,standard,
backtest,2026-05-21 08:58,2023-11-28,League Two,Mansfield,Tranmere,UNDER,2.24,,,10.21,SNIPER,,2.06,,,,,,standard,
backtest,2026-05-21 08:58,2023-12-02,Ligue 2,Bordeaux,Troyes,UNDER,2.16,,,8.56,VALUABLE,,1.84,,,,,,standard,
backtest,2026-05-21 08:58,2023-12-03,Greek Super League,Panathinaikos,OFI Crete,UNDER,2.33,,,12.36,SNIPER,,2.32,,,,,,standard,
backtest,2026-05-21 08:58,2023-12-03,Greek Super League,Volos NFC,Olympiakos,UNDER,2.0,,,6.66,VALUABLE,,1.66,,,,,,standard,
backtest,2026-05-21 08:58,2023-12-04,Greek Super League,AEK,Aris,UNDER,2.12,,,9.49,VALUABLE,,2.12,,,,,,standard,
backtest,2026-05-21 08:58,2023-12-08,La Liga 2,Albacete,Villarreal B,UNDER,2.08,,,6.67,VALUABLE,,1.54,,,,,,standard,
backtest,2026-05-21 08:58,2023-12-08,Bundesliga 2,Wehen,Braunschweig,OVER,1.8,,,4.53,VALUABLE,,1.42,,,,,,standard,
backtest,2026-05-21 08:58,2023-12-09,League One,Charlton,Cambridge,UNDER,2.1,,,6.11,VALUABLE,,1.39,,,,,,standard,
backtest,2026-05-21 08:58,2023-12-09,League Two,AFC Wimbledon,Swindon,UNDER,2.2,,,8.27,VALUABLE,,1.72,,,,,,standard,
backtest,2026-05-21 08:58,2023-12-09,League Two,Accrington,Doncaster,UNDER,2.08,,,9.91,VALUABLE,,2.29,,,,,,standard,
backtest,2026-05-21 08:58,2023-12-09,Bundesliga 2,Kaiserslautern,Hertha,UNDER,2.29,,,10.01,SNIPER,,1.94,,,,,,standard,
backtest,2026-05-21 08:58,2023-12-09,League One,Northampton,Fleetwood Town,OVER,1.99,,,19.95,SNIPER,,5.04,,,,,,standard,
backtest,2026-05-21 08:58,2023-12-09,League Two,Tranmere,Newport County,UNDER,1.93,,,6.17,VALUABLE,,1.66,,,,,,standard,
backtest,2026-05-21 08:58,2023-12-09,La Liga 2,Sp Gijon,Levante,OVER,2.12,,,10.77,SNIPER,,2.4,,,,,,standard,
backtest,2026-05-21 08:58,2023-12-15,La Liga 2,Oviedo,Elche,OVER,2.61,,,9.11,VALUABLE,,1.41,,,,,,standard,
backtest,2026-05-21 08:58,2023-12-16,League Two,Wrexham,Colchester,UNDER,2.64,,,4.85,VALUABLE,,0.74,,,,,,standard,
backtest,2026-05-21 08:58,2023-12-16,Bundesliga 2,Magdeburg,Fortuna Dusseldorf,UNDER,2.37,,,11.48,SNIPER,,2.1,,,,,,standard,
backtest,2026-05-21 08:58,2023-12-16,Ligue 2,Bordeaux,St Etienne,UNDER,2.01,,,4.99,VALUABLE,,1.24,,,,,,standard,
backtest,2026-05-21 08:58,2023-12-16,Ligue 2,Caen,Dunkerque,UNDER,1.9,,,5.08,VALUABLE,,1.41,,,,,,standard,
backtest,2026-05-21 08:58,2023-12-16,Ligue 2,Troyes,Angers,UNDER,1.87,,,4.24,VALUABLE,,1.22,,,,,,standard,
backtest,2026-05-21 08:58,2023-12-16,League Two,Swindon,Barrow,UNDER,2.18,,,8.87,VALUABLE,,1.88,,,,,,standard,
backtest,2026-05-21 08:58,2023-12-16,League Two,Salford,AFC Wimbledon,UNDER,1.96,,,4.93,VALUABLE,,1.28,,,,,,standard,
backtest,2026-05-21 08:58,2023-12-16,Bundesliga 2,Hertha,Osnabruck,UNDER,2.64,,,15.35,SNIPER,,2.34,,,,,,standard,
backtest,2026-05-21 08:58,2023-12-16,League Two,Stockport,Sutton,UNDER,2.03,,,8.45,VALUABLE,,2.05,,,,,,standard,
backtest,2026-05-21 08:58,2023-12-16,League Two,Milton Keynes Dons,Forest Green,UNDER,2.13,,,7.16,VALUABLE,,1.59,,,,,,standard,
backtest,2026-05-21 08:58,2023-12-16,La Liga 2,Mirandes,Albacete,OVER,2.22,,,10.19,SNIPER,,2.09,,,,,,standard,
backtest,2026-05-21 08:58,2023-12-16,League Two,Crewe,Accrington,UNDER,2.13,,,7.16,VALUABLE,,1.59,,,,,,standard,
backtest,2026-05-21 08:58,2023-12-17,Bundesliga 2,St Pauli,Wehen,UNDER,2.54,,,13.86,SNIPER,,2.25,,,,,,standard,
backtest,2026-05-21 08:58,2023-12-17,Greek Super League,Atromitos,Panathinaikos,UNDER,1.92,,,5.63,VALUABLE,,1.53,,,,,,standard,
backtest,2026-05-21 08:58,2023-12-17,La Liga 2,Ferrol,Tenerife,OVER,2.71,,,6.87,VALUABLE,,1.0,,,,,,standard,
backtest,2026-05-21 08:58,2023-12-18,Greek Super League,Panserraikos,Olympiakos,UNDER,2.01,,,8.52,VALUABLE,,2.11,,,,,,standard,
backtest,2026-05-21 08:58,2023-12-18,Greek Super League,Panetolikos,AEK,UNDER,2.09,,,6.97,VALUABLE,,1.6,,,,,,standard,
backtest,2026-05-21 08:58,2023-12-19,Ligue 2,Dunkerque,Bordeaux,UNDER,1.93,,,4.41,VALUABLE,,1.19,,,,,,standard,
backtest,2026-05-21 08:58,2023-12-20,La Liga 2,Leganes,Tenerife,OVER,3.35,,,5.12,VALUABLE,,0.54,,,,,,standard,
backtest,2026-05-21 08:58,2023-12-20,Greek Super League,Aris,Lamia,OVER,1.93,,,19.85,SNIPER,,5.34,,,,,,standard,
backtest,2026-05-21 08:58,2023-12-20,Greek Super League,Volos NFC,Panathinaikos,UNDER,1.89,,,5.36,VALUABLE,,1.51,,,,,,standard,
backtest,2026-05-21 08:58,2023-12-21,Greek Super League,Panserraikos,AEK,UNDER,2.19,,,12.78,SNIPER,,2.69,,,,,,standard,
backtest,2026-05-21 08:58,2023-12-22,League Two,Stockport,Notts County,UNDER,2.12,,,4.53,VALUABLE,,1.01,,,,,,standard,
backtest,2026-05-21 08:58,2023-12-22,League Two,Colchester,Salford,UNDER,2.16,,,8.17,VALUABLE,,1.76,,,,,,standard,
backtest,2026-05-21 08:58,2023-12-23,League One,Charlton,Burton,UNDER,2.22,,,9.42,VALUABLE,,1.93,,,,,,standard,
backtest,2026-05-21 08:58,2023-12-23,League Two,Sutton,Mansfield,UNDER,2.07,,,9.96,VALUABLE,,2.33,,,,,,standard,
backtest,2026-05-21 08:58,2023-12-23,League Two,Accrington,Walsall,UNDER,1.93,,,6.11,VALUABLE,,1.64,,,,,,standard,
backtest,2026-05-21 08:58,2023-12-23,League One,Portsmouth,Fleetwood Town,UNDER,2.32,,,12.19,SNIPER,,2.31,,,,,,standard,
backtest,2026-05-21 08:58,2023-12-26,League One,Burton,Blackpool,OVER,1.95,,,19.0,SNIPER,,5.0,,,,,,standard,
backtest,2026-05-21 08:58,2023-12-26,League One,Peterboro,Reading,UNDER,2.47,,,11.85,SNIPER,,2.02,,,,,,standard,
backtest,2026-05-21 08:58,2023-12-26,League Two,Newport County,Forest Green,UNDER,1.96,,,8.04,VALUABLE,,2.09,,,,,,standard,
backtest,2026-05-21 08:58,2023-12-26,League Two,Salford,Tranmere,UNDER,2.05,,,6.04,VALUABLE,,1.44,,,,,,standard,
backtest,2026-05-21 08:58,2023-12-26,League Two,Mansfield,Grimsby,UNDER,2.2,,,12.75,SNIPER,,2.66,,,,,,standard,
backtest,2026-05-21 08:58,2023-12-26,League Two,Walsall,Crewe,UNDER,2.06,,,5.02,VALUABLE,,1.18,,,,,,standard,
backtest,2026-05-21 08:58,2023-12-26,League Two,Milton Keynes Dons,Colchester,UNDER,2.19,,,7.01,VALUABLE,,1.47,,,,,,standard,
backtest,2026-05-21 08:58,2023-12-29,League Two,Swindon,Forest Green,UNDER,2.3,,,10.09,SNIPER,,1.94,,,,,,standard,
backtest,2026-05-21 08:58,2023-12-29,League Two,AFC Wimbledon,Colchester,UNDER,2.21,,,8.32,VALUABLE,,1.72,,,,,,standard,
backtest,2026-05-21 08:58,2023-12-29,League Two,Walsall,Wrexham,UNDER,1.98,,,4.31,VALUABLE,,1.1,,,,,,standard,
backtest,2026-05-21 08:58,2023-12-29,League Two,Salford,Grimsby,UNDER,2.05,,,6.04,VALUABLE,,1.44,,,,,,standard,
backtest,2026-05-21 08:58,2023-12-29,League Two,Milton Keynes Dons,Crawley Town,UNDER,2.3,,,9.2,VALUABLE,,1.77,,,,,,standard,
backtest,2026-05-21 08:58,2023-12-29,League One,Bristol Rvs,Charlton,UNDER,2.11,,,10.82,SNIPER,,2.44,,,,,,standard,
backtest,2026-05-21 08:58,2024-01-01,League One,Charlton,Oxford,UNDER,2.12,,,7.65,VALUABLE,,1.71,,,,,,standard,
backtest,2026-05-21 08:58,2024-01-01,League Two,Doncaster,Milton Keynes Dons,UNDER,1.9,,,5.58,VALUABLE,,1.55,,,,,,standard,
backtest,2026-05-21 08:58,2024-01-01,League Two,Crawley Town,Swindon,UNDER,2.41,,,10.25,SNIPER,,1.82,,,,,,standard,
backtest,2026-05-21 08:58,2024-01-01,League Two,Colchester,Gillingham,UNDER,1.89,,,6.19,VALUABLE,,1.74,,,,,,standard,
backtest,2026-05-21 08:58,2024-01-01,League One,Derby,Peterboro,UNDER,2.17,,,5.66,VALUABLE,,1.21,,,,,,standard,
backtest,2026-05-21 08:58,2024-01-01,League One,Bolton,Burton,UNDER,2.11,,,7.87,VALUABLE,,1.77,,,,,,standard,
backtest,2026-05-21 08:58,2024-01-01,League Two,Crewe,Bradford,UNDER,1.94,,,5.44,VALUABLE,,1.45,,,,,,standard,
backtest,2026-05-21 08:58,2024-01-03,Greek Super League,Lamia,Olympiakos,UNDER,2.1,,,7.65,VALUABLE,,1.74,,,,,,standard,
backtest,2026-05-21 08:58,2024-01-03,Greek Super League,Panathinaikos,Giannina,UNDER,2.25,,,7.17,VALUABLE,,1.43,,,,,,standard,
backtest,2026-05-21 08:58,2024-01-03,Greek Super League,AEK,Volos NFC,UNDER,2.41,,,10.12,SNIPER,,1.79,,,,,,standard,
backtest,2026-05-21 08:58,2024-01-06,League Two,Bradford,Crawley Town,UNDER,1.97,,,8.14,VALUABLE,,2.1,,,,,,standard,
backtest,2026-05-21 08:58,2024-01-06,League Two,Mansfield,Crewe,UNDER,2.41,,,4.93,VALUABLE,,0.87,,,,,,standard,
backtest,2026-05-21 08:58,2024-01-06,League Two,Salford,Forest Green,UNDER,2.11,,,7.87,VALUABLE,,1.77,,,,,,standard,
backtest,2026-05-21 08:58,2024-01-07,Greek Super League,Panathinaikos,Panetolikos,UNDER,2.1,,,7.65,VALUABLE,,1.74,,,,,,standard,
backtest,2026-05-21 08:58,2024-01-07,Greek Super League,Panserraikos,Kifisia,UNDER,1.96,,,4.25,VALUABLE,,1.11,,,,,,standard,
backtest,2026-05-21 08:58,2024-01-08,Greek Super League,OFI Crete,Lamia,UNDER,1.94,,,7.36,VALUABLE,,1.96,,,,,,standard,
backtest,2026-05-21 08:58,2024-01-13,League Two,Tranmere,Milton Keynes Dons,UNDER,1.87,,,5.43,VALUABLE,,1.56,,,,,,standard,
backtest,2026-05-21 08:58,2024-01-13,League Two,Wrexham,AFC Wimbledon,UNDER,2.2,,,9.33,VALUABLE,,1.94,,,,,,standard,
backtest,2026-05-21 08:58,2024-01-13,Ligue 2,Caen,Concarneau,UNDER,1.86,,,5.12,VALUABLE,,1.49,,,,,,standard,
backtest,2026-05-21 08:58,2024-01-13,Ligue 2,Grenoble,Dunkerque,UNDER,1.83,,,4.24,VALUABLE,,1.28,,,,,,standard,
backtest,2026-05-21 08:58,2024-01-13,League Two,Doncaster,Newport County,UNDER,1.85,,,4.83,VALUABLE,,1.42,,,,,,standard,
backtest,2026-05-21 08:58,2024-01-13,Ligue 2,Rodez,Pau FC,UNDER,2.1,,,7.17,VALUABLE,,1.63,,,,,,standard,
backtest,2026-05-21 08:58,2024-01-13,League One,Charlton,Peterboro,UNDER,2.41,,,9.61,VALUABLE,,1.7,,,,,,standard,
backtest,2026-05-21 08:58,2024-01-13,League Two,Crewe,Swindon,UNDER,2.27,,,10.74,SNIPER,,2.11,,,,,,standard,
backtest,2026-05-21 08:58,2024-01-13,Greek Super League,Atromitos,OFI Crete,UNDER,1.87,,,5.41,VALUABLE,,1.55,,,,,,standard,
backtest,2026-05-21 08:58,2024-01-14,Greek Super League,Kifisia,Olympiakos,UNDER,2.15,,,8.28,VALUABLE,,1.8,,,,,,standard,
backtest,2026-05-21 08:58,2024-01-15,Ligue 2,Auxerre,Bordeaux,UNDER,2.09,,,6.94,VALUABLE,,1.59,,,,,,standard,
backtest,2026-05-21 08:58,2024-01-15,League One,Derby,Burton,UNDER,2.26,,,10.13,SNIPER,,2.01,,,,,,standard,
backtest,2026-05-21 08:58,2024-01-16,League One,Barnsley,Carlisle,UNDER,2.11,,,4.3,VALUABLE,,0.97,,,,,,standard,
backtest,2026-05-21 08:58,2024-01-19,Bundesliga 2,Holstein Kiel,Braunschweig,OVER,1.72,,,11.78,SNIPER,,4.09,,,,,,standard,
backtest,2026-05-21 08:58,2024-01-20,Greek Super League,OFI Crete,Panetolikos,UNDER,1.97,,,7.97,VALUABLE,,2.06,,,,,,standard,
backtest,2026-05-21 08:58,2024-01-20,La Liga 2,Espanol,Villarreal B,UNDER,1.98,,,8.23,VALUABLE,,2.1,,,,,,standard,
backtest,2026-05-21 08:58,2024-01-20,League Two,Newport County,Wrexham,UNDER,2.06,,,10.19,SNIPER,,2.4,,,,,,standard,
backtest,2026-05-21 08:58,2024-01-20,League Two,Milton Keynes Dons,Morecambe,UNDER,2.19,,,6.04,VALUABLE,,1.27,,,,,,standard,
backtest,2026-05-21 08:58,2024-01-20,League Two,Barrow,Crewe,OVER,2.02,,,7.08,VALUABLE,,1.74,,,,,,standard,
backtest,2026-05-21 08:58,2024-01-21,Greek Super League,Volos NFC,PAOK,OVER,1.75,,,6.48,VALUABLE,,2.16,,,,,,standard,
backtest,2026-05-21 08:58,2024-01-21,Greek Super League,Atromitos,AEK,UNDER,2.14,,,6.09,VALUABLE,,1.34,,,,,,standard,
backtest,2026-05-21 08:58,2024-01-21,Bundesliga 2,Hertha,Fortuna Dusseldorf,UNDER,2.3,,,8.22,VALUABLE,,1.58,,,,,,standard,
backtest,2026-05-21 08:58,2024-01-23,Ligue 2,Pau FC,St Etienne,UNDER,1.93,,,7.2,VALUABLE,,1.93,,,,,,standard,
backtest,2026-05-21 08:58,2024-01-23,Ligue 2,Bordeaux,Valenciennes,UNDER,1.87,,,6.3,VALUABLE,,1.81,,,,,,standard,
backtest,2026-05-21 08:58,2024-01-23,League Two,Mansfield,Sutton,UNDER,2.27,,,14.96,SNIPER,,2.94,,,,,,standard,
backtest,2026-05-21 08:58,2024-01-26,La Liga 2,Eibar,Mirandes,UNDER,1.9,,,6.38,VALUABLE,,1.77,,,,,,standard,
backtest,2026-05-21 08:58,2024-01-26,Bundesliga 2,Kaiserslautern,Schalke 04,UNDER,2.2,,,5.32,VALUABLE,,1.11,,,,,,standard,
backtest,2026-05-21 08:58,2024-01-27,Ligue 2,Ajaccio,Concarneau,OVER,3.4,,,6.19,VALUABLE,,0.64,,,,,,standard,
backtest,2026-05-21 08:58,2024-01-27,League Two,Crewe,Salford,UNDER,2.2,,,9.79,VALUABLE,,2.04,,,,,,standard,
backtest,2026-05-21 08:58,2024-01-27,League Two,Grimsby,Tranmere,UNDER,2.02,,,5.74,VALUABLE,,1.41,,,,,,standard,
backtest,2026-05-21 08:58,2024-01-27,League Two,Forest Green,Accrington,UNDER,2.04,,,6.22,VALUABLE,,1.5,,,,,,standard,
backtest,2026-05-21 08:58,2024-01-27,La Liga 2,Oviedo,Leganes,OVER,3.06,,,7.26,VALUABLE,,0.88,,,,,,standard,
backtest,2026-05-21 08:58,2024-01-27,League Two,Swindon,Bradford,UNDER,1.87,,,5.53,VALUABLE,,1.59,,,,,,standard,
backtest,2026-05-21 08:58,2024-01-27,League Two,AFC Wimbledon,Mansfield,UNDER,1.89,,,7.85,VALUABLE,,2.21,,,,,,standard,
backtest,2026-05-21 08:58,2024-01-27,Bundesliga 2,Osnabruck,Paderborn,UNDER,2.33,,,15.88,SNIPER,,2.99,,,,,,standard,
backtest,2026-05-21 08:58,2024-01-28,Bundesliga 2,Greuther Furth,Holstein Kiel,UNDER,2.21,,,13.19,SNIPER,,2.72,,,,,,standard,
backtest,2026-05-21 08:58,2024-01-28,Greek Super League,Olympiakos,Giannina,UNDER,2.28,,,5.17,VALUABLE,,1.01,,,,,,standard,
backtest,2026-05-21 08:58,2024-01-28,Greek Super League,PAOK,Panathinaikos,OVER,1.95,,,7.67,VALUABLE,,2.02,,,,,,standard,
backtest,2026-05-21 08:58,2024-01-29,Ligue 2,Bordeaux,Angers,UNDER,1.84,,,4.45,VALUABLE,,1.33,,,,,,standard,
backtest,2026-05-21 08:58,2024-02-02,Bundesliga 2,Magdeburg,Holstein Kiel,UNDER,2.39,,,12.39,SNIPER,,2.23,,,,,,standard,
backtest,2026-05-21 08:58,2024-02-03,Bundesliga 2,Schalke 04,Braunschweig,OVER,1.88,,,8.5,VALUABLE,,2.41,,,,,,standard,
backtest,2026-05-21 08:58,2024-02-03,Ligue 2,Pau FC,Auxerre,UNDER,2.05,,,10.02,SNIPER,,2.39,,,,,,standard,
backtest,2026-05-21 08:58,2024-02-03,Bundesliga 2,Nurnberg,Osnabruck,UNDER,2.21,,,8.99,VALUABLE,,1.86,,,,,,standard,
backtest,2026-05-21 08:58,2024-02-03,Ligue 2,Dunkerque,St Etienne,UNDER,1.87,,,5.33,VALUABLE,,1.53,,,,,,standard,
backtest,2026-05-21 08:58,2024-02-03,League Two,Newport County,Swindon,UNDER,1.9,,,6.17,VALUABLE,,1.71,,,,,,standard,
backtest,2026-05-21 08:58,2024-02-03,Ligue 2,Troyes,Bordeaux,UNDER,1.89,,,4.94,VALUABLE,,1.39,,,,,,standard,
backtest,2026-05-21 08:58,2024-02-03,League Two,Tranmere,Crewe,UNDER,1.97,,,6.8,VALUABLE,,1.75,,,,,,standard,
backtest,2026-05-21 08:58,2024-02-03,League Two,Mansfield,Notts County,UNDER,2.42,,,10.42,SNIPER,,1.83,,,,,,standard,
backtest,2026-05-21 08:58,2024-02-03,League Two,Salford,Wrexham,UNDER,2.17,,,11.77,SNIPER,,2.52,,,,,,standard,
backtest,2026-05-21 08:58,2024-02-03,League Two,Colchester,Forest Green,UNDER,2.07,,,9.55,VALUABLE,,2.23,,,,,,standard,
backtest,2026-05-21 08:58,2024-02-03,League One,Charlton,Derby,UNDER,2.15,,,7.49,VALUABLE,,1.63,,,,,,standard,
backtest,2026-05-21 08:58,2024-02-03,La Liga 2,Huesca,Alcorcon,OVER,2.95,,,4.56,VALUABLE,,0.58,,,,,,standard,
backtest,2026-05-21 08:58,2024-02-03,La Liga 2,Leganes,Valladolid,OVER,3.16,,,4.39,VALUABLE,,0.51,,,,,,standard,
backtest,2026-05-21 08:58,2024-02-04,La Liga 2,Ferrol,Eibar,OVER,2.32,,,7.44,VALUABLE,,1.41,,,,,,standard,
backtest,2026-05-21 08:58,2024-02-04,Greek Super League,OFI Crete,Kifisia,UNDER,2.0,,,7.46,VALUABLE,,1.86,,,,,,standard,
backtest,2026-05-21 08:58,2024-02-05,Ligue 2,Bastia,Ajaccio,OVER,3.41,,,5.5,VALUABLE,,0.57,,,,,,standard,
backtest,2026-05-21 08:58,2024-02-06,League One,Bristol Rvs,Fleetwood Town,UNDER,2.17,,,7.07,VALUABLE,,1.51,,,,,,standard,
backtest,2026-05-21 08:58,2024-02-09,League Two,Notts County,Gillingham,UNDER,2.12,,,4.2,VALUABLE,,0.94,,,,,,standard,
backtest,2026-05-21 08:58,2024-02-10,La Liga 2,Sp Gijon,Oviedo,OVER,2.73,,,9.84,VALUABLE,,1.42,,,,,,standard,
backtest,2026-05-21 08:58,2024-02-10,Greek Super League,Olympiakos,OFI Crete,UNDER,2.54,,,11.6,SNIPER,,1.88,,,,,,standard,
backtest,2026-05-21 08:58,2024-02-10,League Two,Forest Green,Mansfield,UNDER,1.98,,,6.95,VALUABLE,,1.77,,,,,,standard,
backtest,2026-05-21 08:58,2024-02-10,League Two,Harrogate,Colchester,UNDER,1.96,,,5.87,VALUABLE,,1.53,,,,,,standard,
backtest,2026-05-21 08:58,2024-02-10,League Two,Swindon,Salford,UNDER,2.25,,,6.52,VALUABLE,,1.3,,,,,,standard,
backtest,2026-05-21 08:58,2024-02-10,Ligue 2,Ajaccio,Guingamp,OVER,3.28,,,4.73,VALUABLE,,0.52,,,,,,standard,
backtest,2026-05-21 08:58,2024-02-10,League Two,Crewe,Crawley Town,UNDER,2.24,,,5.97,VALUABLE,,1.2,,,,,,standard,
backtest,2026-05-21 08:58,2024-02-10,Bundesliga 2,Kaiserslautern,Paderborn,UNDER,2.33,,,7.69,VALUABLE,,1.45,,,,,,standard,
backtest,2026-05-21 08:58,2024-02-11,La Liga 2,Villarreal B,Tenerife,OVER,2.66,,,7.78,VALUABLE,,1.17,,,,,,standard,
backtest,2026-05-21 08:58,2024-02-11,Bundesliga 2,Greuther Furth,Hertha,UNDER,2.21,,,5.36,VALUABLE,,1.11,,,,,,standard,
backtest,2026-05-21 08:58,2024-02-13,League Two,Salford,Doncaster,UNDER,2.0,,,7.24,VALUABLE,,1.81,,,,,,standard,
backtest,2026-05-21 08:58,2024-02-13,League Two,Mansfield,Harrogate,UNDER,2.09,,,7.94,VALUABLE,,1.82,,,,,,standard,
backtest,2026-05-21 08:58,2024-02-13,League Two,Crawley Town,Walsall,UNDER,2.04,,,6.77,VALUABLE,,1.63,,,,,,standard,
backtest,2026-05-21 08:58,2024-02-13,League Two,Sutton,Wrexham,UNDER,1.98,,,6.27,VALUABLE,,1.6,,,,,,standard,
backtest,2026-05-21 08:58,2024-02-13,League Two,Tranmere,Morecambe,UNDER,1.88,,,4.05,VALUABLE,,1.15,,,,,,standard,
backtest,2026-05-21 08:58,2024-02-16,La Liga 2,Zaragoza,Cartagena,OVER,3.07,,,5.99,VALUABLE,,0.72,,,,,,standard,
backtest,2026-05-21 08:58,2024-02-17,League Two,Grimsby,Doncaster,UNDER,2.04,,,5.49,VALUABLE,,1.32,,,,,,standard,
backtest,2026-05-21 08:58,2024-02-17,League Two,Colchester,Accrington,UNDER,2.1,,,8.79,VALUABLE,,2.0,,,,,,standard,
backtest,2026-05-21 08:58,2024-02-17,Ligue 2,Annecy,Auxerre,UNDER,1.92,,,4.33,VALUABLE,,1.18,,,,,,standard,
backtest,2026-05-21 08:58,2024-02-17,League Two,AFC Wimbledon,Morecambe,UNDER,2.02,,,6.9,VALUABLE,,1.69,,,,,,standard,
backtest,2026-05-21 08:58,2024-02-17,Bundesliga 2,Hansa Rostock,Hamburg,UNDER,2.61,,,4.41,VALUABLE,,0.69,,,,,,standard,
backtest,2026-05-21 08:58,2024-02-17,League One,Bolton,Charlton,UNDER,2.14,,,9.68,VALUABLE,,2.12,,,,,,standard,
backtest,2026-05-21 08:58,2024-02-17,Ligue 2,Laval,Ajaccio,OVER,3.72,,,5.78,VALUABLE,,0.53,,,,,,standard,
backtest,2026-05-21 08:58,2024-02-18,Bundesliga 2,St Pauli,Braunschweig,UNDER,2.22,,,9.06,VALUABLE,,1.86,,,,,,standard,
backtest,2026-05-21 08:58,2024-02-18,Bundesliga 2,Elversberg,Osnabruck,UNDER,2.4,,,6.12,VALUABLE,,1.09,,,,,,standard,
backtest,2026-05-21 08:58,2024-02-19,La Liga 2,Tenerife,Eldense,OVER,3.02,,,5.04,VALUABLE,,0.62,,,,,,standard,
backtest,2026-05-21 08:58,2024-02-20,League Two,Walsall,Morecambe,UNDER,1.89,,,4.68,VALUABLE,,1.31,,,,,,standard,
backtest,2026-05-21 08:58,2024-02-20,League Two,AFC Wimbledon,Crawley Town,UNDER,2.15,,,9.82,VALUABLE,,2.13,,,,,,standard,
backtest,2026-05-21 08:58,2024-02-23,Bundesliga 2,Wehen,Paderborn,UNDER,2.27,,,7.23,VALUABLE,,1.42,,,,,,standard,
backtest,2026-05-21 08:58,2024-02-24,Ligue 2,Ajaccio,Amiens,OVER,3.44,,,5.64,VALUABLE,,0.58,,,,,,standard,
backtest,2026-05-21 08:58,2024-02-24,Ligue 2,St Etienne,Annecy,UNDER,1.91,,,5.19,VALUABLE,,1.43,,,,,,standard,
backtest,2026-05-21 08:58,2024-02-24,League Two,Notts County,Crewe,UNDER,2.38,,,9.15,VALUABLE,,1.66,,,,,,standard,
backtest,2026-05-21 08:58,2024-02-24,League Two,Mansfield,Salford,UNDER,2.34,,,5.45,VALUABLE,,1.02,,,,,,standard,
backtest,2026-05-21 08:58,2024-02-24,Ligue 2,Valenciennes,Rodez,OVER,2.12,,,4.36,VALUABLE,,0.97,,,,,,standard,
backtest,2026-05-21 08:58,2024-02-24,League Two,Stockport,Swindon,UNDER,2.21,,,4.2,VALUABLE,,0.87,,,,,,standard,
backtest,2026-05-21 08:58,2024-02-25,La Liga 2,Alcorcon,Tenerife,OVER,3.41,,,8.98,VALUABLE,,0.93,,,,,,standard,
backtest,2026-05-21 08:58,2024-02-25,Bundesliga 2,Greuther Furth,Nurnberg,UNDER,2.31,,,4.02,VALUABLE,,0.77,,,,,,standard,
backtest,2026-05-21 08:58,2024-02-25,Greek Super League,Panetolikos,PAOK,UNDER,2.22,,,6.13,VALUABLE,,1.26,,,,,,standard,
backtest,2026-05-21 08:58,2024-02-26,La Liga 2,Mirandes,Huesca,OVER,3.15,,,4.96,VALUABLE,,0.58,,,,,,standard,
backtest,2026-05-21 08:58,2024-02-27,League Two,Notts County,Sutton,UNDER,2.39,,,4.07,VALUABLE,,0.73,,,,,,standard,
backtest,2026-05-21 08:58,2024-02-28,Greek Super League,AEK,Giannina,UNDER,3.08,,,4.3,VALUABLE,,0.52,,,,,,standard,
backtest,2026-05-21 08:58,2024-03-02,League Two,Wrexham,Accrington,UNDER,2.37,,,14.16,SNIPER,,2.58,,,,,,standard,
backtest,2026-05-21 08:58,2024-03-02,Ligue 2,Auxerre,Valenciennes,UNDER,2.01,,,6.71,VALUABLE,,1.66,,,,,,standard,
backtest,2026-05-21 08:58,2024-03-02,Ligue 2,Rodez,Bordeaux,UNDER,1.98,,,5.85,VALUABLE,,1.49,,,,,,standard,
backtest,2026-05-21 08:58,2024-03-02,Ligue 2,Dunkerque,Concarneau,OVER,2.32,,,4.16,VALUABLE,,0.79,,,,,,standard,
backtest,2026-05-21 08:58,2024-03-02,League Two,AFC Wimbledon,Milton Keynes Dons,UNDER,1.89,,,4.82,VALUABLE,,1.35,,,,,,standard,
backtest,2026-05-21 08:58,2024-03-02,La Liga 2,Espanol,Huesca,OVER,2.72,,,4.11,VALUABLE,,0.6,,,,,,standard,
backtest,2026-05-21 08:58,2024-03-03,Bundesliga 2,Paderborn,Magdeburg,UNDER,2.73,,,8.01,VALUABLE,,1.16,,,,,,standard,
backtest,2026-05-21 08:58,2024-03-03,Bundesliga 2,Hamburg,Osnabruck,UNDER,3.12,,,13.3,SNIPER,,1.57,,,,,,standard,
backtest,2026-05-21 08:58,2024-03-03,Greek Super League,Aris,AEK,UNDER,1.84,,,11.79,SNIPER,,3.51,,,,,,standard,
backtest,2026-05-21 08:58,2024-03-03,Greek Super League,Olympiakos,Volos NFC,UNDER,2.58,,,8.86,VALUABLE,,1.4,,,,,,standard,
backtest,2026-05-21 08:58,2024-03-04,Ligue 2,Angers,Ajaccio,OVER,3.21,,,6.2,VALUABLE,,0.7,,,,,,standard,
backtest,2026-05-21 08:58,2024-03-05,League Two,AFC Wimbledon,Grimsby,UNDER,1.91,,,4.2,VALUABLE,,1.15,,,,,,standard,
backtest,2026-05-21 08:58,2024-03-05,League Two,Morecambe,Crawley Town,UNDER,2.03,,,7.49,VALUABLE,,1.82,,,,,,standard,
backtest,2026-05-21 08:58,2024-03-08,La Liga 2,Huesca,Andorra,OVER,3.09,,,4.81,VALUABLE,,0.58,,,,,,standard,
backtest,2026-05-21 08:58,2024-03-09,League Two,Notts County,AFC Wimbledon,UNDER,2.26,,,6.68,VALUABLE,,1.33,,,,,,standard,
backtest,2026-05-21 08:58,2024-03-09,League Two,Morecambe,Wrexham,UNDER,2.03,,,7.49,VALUABLE,,1.82,,,,,,standard,
backtest,2026-05-21 08:58,2024-03-09,Ligue 2,Valenciennes,Angers,OVER,2.65,,,4.84,VALUABLE,,0.73,,,,,,standard,
backtest,2026-05-21 08:58,2024-03-09,League Two,Harrogate,Crawley Town,UNDER,2.05,,,7.97,VALUABLE,,1.9,,,,,,standard,
backtest,2026-05-21 08:58,2024-03-09,Ligue 2,Concarneau,Guingamp,OVER,2.64,,,5.5,VALUABLE,,0.84,,,,,,standard,
backtest,2026-05-21 08:58,2024-03-09,League Two,Sutton,Grimsby,UNDER,1.91,,,5.2,VALUABLE,,1.43,,,,,,standard,
backtest,2026-05-21 08:58,2024-03-09,La Liga 2,Mirandes,Eldense,OVER,2.78,,,6.48,VALUABLE,,0.91,,,,,,standard,
backtest,2026-05-21 08:58,2024-03-09,Ligue 2,Ajaccio,Annecy,OVER,3.47,,,8.42,VALUABLE,,0.85,,,,,,standard,
backtest,2026-05-21 08:58,2024-03-09,Bundesliga 2,Schalke 04,Paderborn,UNDER,2.22,,,9.07,VALUABLE,,1.86,,,,,,standard,
backtest,2026-05-21 08:58,2024-03-10,La Liga 2,Alcorcon,Espanol,OVER,2.85,,,6.29,VALUABLE,,0.85,,,,,,standard,
backtest,2026-05-21 08:58,2024-03-10,Greek Super League,Olympiakos,Panathinaikos,OVER,1.94,,,6.27,VALUABLE,,1.67,,,,,,standard,
backtest,2026-05-21 08:58,2024-03-10,Bundesliga 2,Kaiserslautern,Osnabruck,UNDER,2.43,,,5.65,VALUABLE,,0.99,,,,,,standard,
backtest,2026-05-21 08:58,2024-03-10,Greek Super League,PAOK,Aris,UNDER,2.02,,,6.47,VALUABLE,,1.59,,,,,,standard,
backtest,2026-05-21 08:58,2024-03-12,League Two,Grimsby,Milton Keynes Dons,UNDER,2.03,,,4.36,VALUABLE,,1.06,,,,,,standard,
backtest,2026-05-21 08:58,2024-03-12,League Two,Tranmere,Mansfield,UNDER,2.35,,,12.23,SNIPER,,2.26,,,,,,standard,
backtest,2026-05-21 08:58,2024-03-12,League Two,Wrexham,Harrogate,UNDER,2.78,,,6.38,VALUABLE,,0.9,,,,,,standard,
backtest,2026-05-21 08:58,2024-03-14,League Two,Salford,Stockport,UNDER,2.04,,,5.39,VALUABLE,,1.3,,,,,,standard,
backtest,2026-05-21 08:58,2024-03-16,League One,Shrewsbury,Carlisle,OVER,2.23,,,7.98,VALUABLE,,1.62,,,,,,standard,
backtest,2026-05-21 08:58,2024-03-16,Ligue 2,Paris FC,Ajaccio,OVER,3.16,,,6.49,VALUABLE,,0.75,,,,,,standard,
backtest,2026-05-21 08:58,2024-03-16,League One,Port Vale,Oxford,OVER,2.25,,,9.61,VALUABLE,,1.92,,,,,,standard,
backtest,2026-05-21 08:58,2024-03-16,Greek Super League,Kifisia,OFI Crete,OVER,1.98,,,6.57,VALUABLE,,1.68,,,,,,standard,
backtest,2026-05-21 08:58,2024-03-16,Ligue 2,Auxerre,Caen,UNDER,1.85,,,8.02,VALUABLE,,2.36,,,,,,standard,
backtest,2026-05-21 08:58,2024-03-16,Greek Super League,Asteras Tripolis,Volos NFC,OVER,2.14,,,10.35,SNIPER,,2.27,,,,,,standard,
backtest,2026-05-21 08:58,2024-03-16,League Two,Wrexham,Tranmere,UNDER,2.26,,,10.22,SNIPER,,2.03,,,,,,standard,
backtest,2026-05-21 08:58,2024-03-16,La Liga 2,Tenerife,Huesca,OVER,3.33,,,6.93,VALUABLE,,0.74,,,,,,standard,
backtest,2026-05-21 08:58,2024-03-16,League Two,Colchester,Walsall,UNDER,1.94,,,6.91,VALUABLE,,1.84,,,,,,standard,
backtest,2026-05-21 08:58,2024-03-16,League One,Derby,Bolton,OVER,2.08,,,12.66,SNIPER,,2.93,,,,,,standard,
backtest,2026-05-21 08:58,2024-03-16,League Two,AFC Wimbledon,Newport County,UNDER,1.87,,,6.44,VALUABLE,,1.85,,,,,,standard,
backtest,2026-05-21 08:58,2024-03-17,La Liga 2,Leganes,Mirandes,OVER,2.69,,,7.34,VALUABLE,,1.09,,,,,,standard,
backtest,2026-05-21 08:58,2024-03-19,League Two,Bradford,Notts County,UNDER,2.43,,,7.36,VALUABLE,,1.29,,,,,,standard,
backtest,2026-05-21 08:58,2024-03-23,League Two,Mansfield,Colchester,UNDER,2.69,,,7.46,VALUABLE,,1.1,,,,,,standard,
backtest,2026-05-21 08:58,2024-03-23,La Liga 2,Cartagena,Andorra,OVER,2.6,,,5.68,VALUABLE,,0.89,,,,,,standard,
backtest,2026-05-21 08:58,2024-03-23,League Two,Tranmere,Crawley Town,UNDER,2.23,,,8.05,VALUABLE,,1.64,,,,,,standard,
backtest,2026-05-21 08:58,2024-03-23,La Liga 2,Alcorcon,Oviedo,OVER,2.62,,,4.78,VALUABLE,,0.74,,,,,,standard,
backtest,2026-05-21 08:58,2024-03-24,La Liga 2,Mirandes,Zaragoza,OVER,3.13,,,13.01,SNIPER,,1.53,,,,,,standard,
backtest,2026-05-21 08:58,2024-03-29,League Two,Colchester,Newport County,UNDER,2.03,,,6.6,VALUABLE,,1.6,,,,,,standard,
backtest,2026-05-21 08:58,2024-03-29,League Two,Crawley Town,Doncaster,UNDER,2.08,,,6.49,VALUABLE,,1.5,,,,,,standard,
backtest,2026-05-21 08:58,2024-03-29,League Two,AFC Wimbledon,Harrogate,UNDER,1.92,,,4.09,VALUABLE,,1.11,,,,,,standard,
backtest,2026-05-21 08:58,2024-03-29,League Two,Salford,Sutton,UNDER,2.04,,,5.69,VALUABLE,,1.37,,,,,,standard,
backtest,2026-05-21 08:58,2024-03-29,League One,Exeter,Charlton,OVER,1.86,,,8.26,VALUABLE,,2.4,,,,,,standard,
backtest,2026-05-21 08:58,2024-03-30,La Liga 2,Albacete,Huesca,OVER,2.83,,,8.49,VALUABLE,,1.16,,,,,,standard,
backtest,2026-05-21 08:58,2024-03-30,La Liga 2,Leganes,Cartagena,OVER,2.53,,,4.3,VALUABLE,,0.7,,,,,,standard,
backtest,2026-05-21 08:58,2024-03-30,Bundesliga 2,Holstein Kiel,Hansa Rostock,UNDER,2.49,,,6.21,VALUABLE,,1.04,,,,,,standard,
backtest,2026-05-21 08:58,2024-03-31,Greek Super League,AEK,Olympiakos,OVER,1.96,,,13.89,SNIPER,,3.62,,,,,,standard,
backtest,2026-05-21 08:58,2024-03-31,La Liga 2,Ferrol,Elche,OVER,2.57,,,4.92,VALUABLE,,0.78,,,,,,standard,
backtest,2026-05-21 08:58,2024-03-31,La Liga 2,Oviedo,Villarreal B,UNDER,2.11,,,5.1,VALUABLE,,1.15,,,,,,standard,
backtest,2026-05-21 08:58,2024-03-31,La Liga 2,Alcorcon,Amorebieta,OVER,2.97,,,4.71,VALUABLE,,0.6,,,,,,standard,
backtest,2026-05-21 08:58,2024-04-01,League Two,Morecambe,Barrow,OVER,1.94,,,5.51,VALUABLE,,1.47,,,,,,standard,
backtest,2026-05-21 08:58,2024-04-01,League Two,Newport County,Crawley Town,UNDER,2.07,,,5.51,VALUABLE,,1.29,,,,,,standard,
backtest,2026-05-21 08:58,2024-04-01,League Two,Tranmere,Colchester,UNDER,2.01,,,4.07,VALUABLE,,1.01,,,,,,standard,
backtest,2026-05-21 08:58,2024-04-03,Greek Super League,PAOK,Lamia,UNDER,3.1,,,7.3,VALUABLE,,0.87,,,,,,standard,
backtest,2026-05-21 08:58,2024-04-06,Ligue 2,Angers,Laval,OVER,2.38,,,4.65,VALUABLE,,0.84,,,,,,standard,
backtest,2026-05-21 08:58,2024-04-06,League Two,Forest Green,Milton Keynes Dons,UNDER,1.99,,,4.84,VALUABLE,,1.22,,,,,,standard,
backtest,2026-05-21 08:58,2024-04-06,League One,Charlton,Barnsley,UNDER,2.19,,,6.74,VALUABLE,,1.42,,,,,,standard,
backtest,2026-05-21 08:58,2024-04-06,Greek Super League,Asteras Tripolis,Kifisia,UNDER,1.98,,,4.11,VALUABLE,,1.05,,,,,,standard,
backtest,2026-05-21 08:58,2024-04-06,League One,Bristol Rvs,Bolton,UNDER,2.13,,,5.45,VALUABLE,,1.21,,,,,,standard,
backtest,2026-05-21 08:58,2024-04-06,Bundesliga 2,Hamburg,Kaiserslautern,UNDER,2.45,,,5.48,VALUABLE,,0.95,,,,,,standard,
backtest,2026-05-21 08:58,2024-04-06,League Two,Tranmere,Walsall,UNDER,1.99,,,5.55,VALUABLE,,1.4,,,,,,standard,
backtest,2026-05-21 08:58,2024-04-07,La Liga 2,Cartagena,Valladolid,OVER,2.73,,,6.95,VALUABLE,,1.0,,,,,,standard,
backtest,2026-05-21 08:58,2024-04-07,La Liga 2,Mirandes,Sp Gijon,OVER,2.46,,,6.95,VALUABLE,,1.19,,,,,,standard,
backtest,2026-05-21 08:58,2024-04-07,La Liga 2,Huesca,Leganes,OVER,3.26,,,6.96,VALUABLE,,0.77,,,,,,standard,
backtest,2026-05-21 08:58,2024-04-07,La Liga 2,Tenerife,Eibar,OVER,2.64,,,5.7,VALUABLE,,0.87,,,,,,standard,
backtest,2026-05-21 08:58,2024-04-08,Ligue 2,Auxerre,Troyes,UNDER,2.42,,,11.08,SNIPER,,1.95,,,,,,standard,
backtest,2026-05-21 08:58,2024-04-10,League One,Peterboro,Port Vale,UNDER,2.42,,,7.98,VALUABLE,,1.41,,,,,,standard,
backtest,2026-05-21 08:58,2024-04-12,Bundesliga 2,Greuther Furth,Kaiserslautern,UNDER,2.4,,,9.18,VALUABLE,,1.64,,,,,,standard,
backtest,2026-05-21 08:58,2024-04-13,League One,Barnsley,Reading,UNDER,2.29,,,4.99,VALUABLE,,0.97,,,,,,standard,
backtest,2026-05-21 08:58,2024-04-13,League Two,Newport County,Tranmere,UNDER,2.01,,,6.23,VALUABLE,,1.54,,,,,,standard,
backtest,2026-05-21 08:58,2024-04-13,La Liga 2,Valladolid,Eldense,OVER,2.34,,,4.7,VALUABLE,,0.88,,,,,,standard,
backtest,2026-05-21 08:58,2024-04-13,Bundesliga 2,Holstein Kiel,Osnabruck,UNDER,2.85,,,7.18,VALUABLE,,0.97,,,,,,standard,
backtest,2026-05-21 08:58,2024-04-14,La Liga 2,Albacete,Tenerife,OVER,2.54,,,5.99,VALUABLE,,0.97,,,,,,standard,
backtest,2026-05-21 08:58,2024-04-14,Greek Super League,AEK,Aris,UNDER,2.47,,,4.82,VALUABLE,,0.82,,,,,,standard,
backtest,2026-05-21 08:58,2024-04-14,La Liga 2,Ferrol,Huesca,OVER,3.16,,,5.97,VALUABLE,,0.69,,,,,,standard,
backtest,2026-05-21 08:58,2024-04-14,Bundesliga 2,Magdeburg,Hamburg,UNDER,2.94,,,8.26,VALUABLE,,1.06,,,,,,standard,
backtest,2026-05-21 08:58,2024-04-14,Greek Super League,Panathinaikos,Lamia,UNDER,2.96,,,8.57,VALUABLE,,1.09,,,,,,standard,
backtest,2026-05-21 08:58,2024-04-16,League Two,Mansfield,Accrington,UNDER,2.7,,,7.0,VALUABLE,,1.03,,,,,,standard,
backtest,2026-05-21 08:58,2024-04-19,Bundesliga 2,Nurnberg,Paderborn,UNDER,2.47,,,9.25,VALUABLE,,1.57,,,,,,standard,
backtest,2026-05-21 08:58,2024-04-20,Bundesliga 2,Hamburg,Holstein Kiel,UNDER,2.86,,,10.02,SNIPER,,1.35,,,,,,standard,
backtest,2026-05-21 08:58,2024-04-20,La Liga 2,Huesca,Zaragoza,OVER,3.8,,,7.69,VALUABLE,,0.69,,,,,,standard,
backtest,2026-05-21 08:58,2024-04-20,Ligue 2,St Etienne,Bordeaux,UNDER,2.11,,,6.24,VALUABLE,,1.41,,,,,,standard,
backtest,2026-05-21 08:58,2024-04-20,League One,Bolton,Port Vale,UNDER,2.17,,,4.71,VALUABLE,,1.01,,,,,,standard,
backtest,2026-05-21 08:58,2024-04-20,Bundesliga 2,Fortuna Dusseldorf,Greuther Furth,UNDER,2.42,,,4.53,VALUABLE,,0.8,,,,,,standard,
backtest,2026-05-21 08:58,2024-04-20,Bundesliga 2,Kaiserslautern,Wehen,UNDER,2.22,,,4.7,VALUABLE,,0.96,,,,,,standard,
backtest,2026-05-21 08:58,2024-04-20,Ligue 2,Paris FC,Valenciennes,OVER,1.95,,,4.6,VALUABLE,,1.21,,,,,,standard,
backtest,2026-05-21 08:58,2024-04-20,La Liga 2,Amorebieta,Valladolid,OVER,2.61,,,8.05,VALUABLE,,1.25,,,,,,standard,
backtest,2026-05-21 08:58,2024-04-21,Greek Super League,Aris,AEK,UNDER,2.06,,,4.97,VALUABLE,,1.17,,,,,,standard,
backtest,2026-05-21 08:58,2024-04-21,Bundesliga 2,Karlsruhe,Hertha,UNDER,2.84,,,8.84,VALUABLE,,1.2,,,,,,standard,
backtest,2026-05-21 08:58,2024-04-21,La Liga 2,Mirandes,Burgos,OVER,2.49,,,4.08,VALUABLE,,0.68,,,,,,standard,
backtest,2026-05-21 08:58,2024-04-23,Ligue 2,Valenciennes,Ajaccio,OVER,3.57,,,10.5,SNIPER,,1.02,,,,,,standard,
backtest,2026-05-21 08:58,2024-04-23,Ligue 2,Guingamp,Angers,OVER,2.41,,,5.64,VALUABLE,,1.0,,,,,,standard,
backtest,2026-05-21 08:58,2024-04-27,Bundesliga 2,Schalke 04,Fortuna Dusseldorf,UNDER,2.3,,,6.81,VALUABLE,,1.31,,,,,,standard,
backtest,2026-05-21 08:58,2024-04-27,Ligue 2,Pau FC,Guingamp,OVER,2.14,,,4.06,VALUABLE,,0.89,,,,,,standard,
backtest,2026-05-21 08:58,2024-04-27,League One,Derby,Carlisle,UNDER,2.17,,,7.43,VALUABLE,,1.59,,,,,,standard,
backtest,2026-05-21 08:58,2024-04-27,Ligue 2,Ajaccio,Quevilly Rouen,OVER,2.86,,,8.7,VALUABLE,,1.17,,,,,,standard,
backtest,2026-05-21 08:58,2024-04-27,League One,Peterboro,Bolton,UNDER,2.81,,,8.72,VALUABLE,,1.2,,,,,,standard,
backtest,2026-05-21 08:58,2024-04-27,La Liga 2,Leganes,Zaragoza,OVER,3.4,,,8.73,VALUABLE,,0.91,,,,,,standard,
backtest,2026-05-21 08:58,2024-04-27,La Liga 2,Burgos,Amorebieta,OVER,2.2,,,12.51,SNIPER,,2.61,,,,,,standard,
backtest,2026-05-21 08:58,2024-04-27,Ligue 2,Laval,Bordeaux,OVER,1.95,,,4.66,VALUABLE,,1.23,,,,,,standard,
backtest,2026-05-21 08:58,2024-04-27,League One,Wycombe,Charlton,UNDER,2.11,,,7.04,VALUABLE,,1.58,,,,,,standard,
backtest,2026-05-21 08:58,2024-04-27,Greek Super League,Kifisia,Giannina,UNDER,2.13,,,7.48,VALUABLE,,1.65,,,,,,standard,
backtest,2026-05-21 08:58,2024-04-27,League Two,Colchester,Crewe,OVER,2.26,,,11.45,SNIPER,,2.27,,,,,,standard,
backtest,2026-05-21 08:58,2024-04-28,Greek Super League,Olympiakos,Lamia,UNDER,3.9,,,11.41,SNIPER,,0.98,,,,,,standard,
backtest,2026-05-21 08:58,2024-04-28,La Liga 2,Valladolid,Huesca,OVER,2.7,,,8.15,VALUABLE,,1.2,,,,,,standard,
backtest,2026-05-21 08:58,2024-04-29,Ligue 2,Dunkerque,Auxerre,UNDER,2.06,,,6.31,VALUABLE,,1.49,,,,,,standard,
backtest,2026-05-21 08:58,2024-05-04,La Liga 2,Mirandes,Valladolid,OVER,2.44,,,4.12,VALUABLE,,0.72,,,,,,standard,
backtest,2026-05-21 08:58,2024-05-05,La Liga 2,Tenerife,Ferrol,OVER,2.84,,,4.77,VALUABLE,,0.65,,,,,,standard,
backtest,2026-05-21 08:58,2024-05-05,La Liga 2,Zaragoza,Burgos,OVER,2.46,,,6.84,VALUABLE,,1.17,,,,,,standard,
backtest,2026-05-21 08:58,2024-05-05,Bundesliga 2,Wehen,Holstein Kiel,UNDER,2.22,,,9.52,VALUABLE,,1.95,,,,,,standard,
backtest,2026-05-21 08:58,2024-05-07,Bundesliga 2,Osnabruck,Schalke 04,UNDER,2.36,,,12.21,SNIPER,,2.24,,,,,,standard,
backtest,2026-05-21 08:58,2024-05-10,Ligue 2,Amiens,Auxerre,UNDER,2.37,,,8.88,VALUABLE,,1.62,,,,,,standard,
backtest,2026-05-21 08:58,2024-05-10,Bundesliga 2,Paderborn,Hamburg,UNDER,3.79,,,8.5,VALUABLE,,0.76,,,,,,standard,
backtest,2026-05-21 08:58,2024-05-10,Ligue 2,Paris FC,Guingamp,OVER,2.02,,,4.57,VALUABLE,,1.12,,,,,,standard,
backtest,2026-05-21 08:58,2024-05-10,Ligue 2,St Etienne,Rodez,UNDER,2.6,,,11.39,SNIPER,,1.78,,,,,,standard,
backtest,2026-05-21 08:58,2024-05-10,La Liga 2,Burgos,Eldense,OVER,2.13,,,7.13,VALUABLE,,1.58,,,,,,standard,
backtest,2026-05-21 08:58,2024-05-11,Greek Super League,OFI Crete,Panetolikos,UNDER,2.0,,,4.36,VALUABLE,,1.09,,,,,,standard,
backtest,2026-05-21 08:58,2024-05-11,Greek Super League,Panserraikos,Kifisia,UNDER,2.19,,,5.03,VALUABLE,,1.06,,,,,,standard,
backtest,2026-05-21 08:58,2024-05-11,La Liga 2,Levante,Eibar,OVER,1.71,,,5.42,VALUABLE,,1.91,,,,,,standard,
backtest,2026-05-21 08:58,2024-05-11,La Liga 2,Santander,Mirandes,UNDER,2.0,,,4.58,VALUABLE,,1.15,,,,,,standard,
backtest,2026-05-21 08:58,2024-05-12,Bundesliga 2,Karlsruhe,Hannover,UNDER,2.81,,,4.32,VALUABLE,,0.6,,,,,,standard,
backtest,2026-05-21 08:58,2024-05-12,La Liga 2,Amorebieta,Villarreal B,OVER,1.95,,,8.81,VALUABLE,,2.32,,,,,,standard,
backtest,2026-05-21 08:58,2024-05-15,Greek Super League,Lamia,Aris,UNDER,2.34,,,7.73,VALUABLE,,1.44,,,,,,standard,
backtest,2026-05-21 08:58,2024-05-17,Ligue 2,Quevilly Rouen,St Etienne,UNDER,2.73,,,9.29,VALUABLE,,1.34,,,,,,standard,
backtest,2026-05-21 08:58,2024-05-18,La Liga 2,Leganes,Sp Gijon,OVER,2.41,,,5.68,VALUABLE,,1.01,,,,,,standard,
backtest,2026-05-21 08:58,2024-05-19,Bundesliga 2,Osnabruck,Hertha,UNDER,3.48,,,11.42,SNIPER,,1.15,,,,,,standard,
backtest,2026-05-21 08:58,2024-05-19,Bundesliga 2,Hamburg,Nurnberg,UNDER,4.52,,,20.61,SNIPER,,1.46,,,,,,standard,
backtest,2026-05-21 08:58,2024-05-19,Greek Super League,AEK,Lamia,UNDER,5.42,,,11.98,SNIPER,,0.68,,,,,,standard,
backtest,2026-05-21 08:58,2024-05-20,La Liga 2,Villarreal B,Albacete,UNDER,2.16,,,7.41,VALUABLE,,1.6,,,,,,standard,
backtest,2026-05-21 08:58,2024-05-26,La Liga 2,Sp Gijon,Eibar,OVER,1.93,,,4.14,VALUABLE,,1.11,,,,,,standard,
backtest,2026-05-21 08:58,2024-05-26,La Liga 2,Valladolid,Villarreal B,UNDER,2.23,,,4.98,VALUABLE,,1.01,,,,,,standard,
backtest,2026-05-21 08:58,2024-05-26,La Liga 2,Oviedo,Andorra,UNDER,2.28,,,8.9,VALUABLE,,1.74,,,,,,standard,
backtest,2026-05-21 08:58,2024-06-02,La Liga 2,Villarreal B,Santander,UNDER,2.66,,,5.14,VALUABLE,,0.77,,,,,,standard,
backtest,2026-05-21 08:58,2024-06-02,La Liga 2,Leganes,Elche,OVER,2.46,,,6.95,VALUABLE,,1.19,,,,,,standard,
backtest,2026-05-21 08:58,2024-08-03,Bundesliga 2,Hertha,Paderborn,UNDER,2.79,,,4.05,VALUABLE,,0.57,,,,,,standard,
backtest,2026-05-21 08:58,2024-08-10,League One,Birmingham,Reading,UNDER,2.25,,,7.25,VALUABLE,,1.45,,,,,,standard,
backtest,2026-05-21 08:58,2024-08-16,La Liga 2,Mirandes,Cordoba,OVER,2.63,,,7.91,VALUABLE,,1.21,,,,,,standard,
backtest,2026-05-21 08:58,2024-08-16,Ligue 2,Guingamp,Troyes,OVER,2.2,,,5.13,VALUABLE,,1.07,,,,,,standard,
backtest,2026-05-21 08:58,2024-08-16,Ligue 2,Grenoble,Laval,OVER,2.4,,,7.74,VALUABLE,,1.38,,,,,,standard,
backtest,2026-05-21 08:58,2024-08-16,Ligue 2,Clermont,Pau FC,OVER,2.15,,,5.16,VALUABLE,,1.12,,,,,,standard,
backtest,2026-05-21 08:58,2024-08-16,Ligue 2,Amiens,Red Star,OVER,2.46,,,5.32,VALUABLE,,0.91,,,,,,standard,
backtest,2026-05-21 08:58,2024-08-16,Ligue 2,Ajaccio,Rodez,OVER,2.41,,,5.37,VALUABLE,,0.95,,,,,,standard,
backtest,2026-05-21 08:58,2024-08-17,League Two,Bromley,AFC Wimbledon,UNDER,1.88,,,11.39,SNIPER,,3.24,,,,,,standard,
backtest,2026-05-21 08:58,2024-08-17,La Liga 2,Eibar,Castellon,OVER,2.05,,,9.66,VALUABLE,,2.3,,,,,,standard,
backtest,2026-05-21 08:58,2024-08-17,Greek Super League,Volos NFC,Olympiakos,UNDER,2.09,,,9.13,VALUABLE,,2.09,,,,,,standard,
backtest,2026-05-21 08:58,2024-08-17,La Liga 2,Ferrol,Malaga,OVER,2.63,,,8.81,VALUABLE,,1.35,,,,,,standard,
backtest,2026-05-21 08:58,2024-08-18,League Two,Notts County,Fleetwood Town,UNDER,2.01,,,4.55,VALUABLE,,1.13,,,,,,standard,
backtest,2026-05-21 08:58,2024-08-19,La Liga 2,Eldense,Tenerife,OVER,2.81,,,5.09,VALUABLE,,0.7,,,,,,standard,
backtest,2026-05-21 08:58,2024-08-22,League Two,Notts County,Grimsby,UNDER,2.19,,,6.77,VALUABLE,,1.42,,,,,,standard,
backtest,2026-05-21 08:58,2024-08-23,Bundesliga 2,Hannover,Hamburg,UNDER,2.29,,,5.78,VALUABLE,,1.12,,,,,,standard,
backtest,2026-05-21 08:58,2024-08-23,Ligue 2,Bastia,Amiens,OVER,2.61,,,8.52,VALUABLE,,1.32,,,,,,standard,
backtest,2026-05-21 08:58,2024-08-24,La Liga 2,Sp Gijon,Eldense,OVER,2.39,,,5.79,VALUABLE,,1.04,,,,,,standard,
backtest,2026-05-21 08:58,2024-08-24,Greek Super League,AEK,Lamia,UNDER,3.15,,,9.76,VALUABLE,,1.14,,,,,,standard,
backtest,2026-05-21 08:58,2024-08-24,Ligue 2,Lorient,Grenoble,UNDER,2.21,,,8.78,VALUABLE,,1.81,,,,,,standard,
backtest,2026-05-21 08:58,2024-08-24,League One,Burton,Stevenage,OVER,1.94,,,8.67,VALUABLE,,2.31,,,,,,standard,
backtest,2026-05-21 08:58,2024-08-24,Bundesliga 2,Preußen Münster,Kaiserslautern,UNDER,2.32,,,4.38,VALUABLE,,0.83,,,,,,standard,
backtest,2026-05-21 08:58,2024-08-24,League One,Huddersfield,Shrewsbury,UNDER,2.2,,,4.04,VALUABLE,,0.84,,,,,,standard,
backtest,2026-05-21 08:58,2024-08-26,Ligue 2,Red Star,Ajaccio,OVER,2.52,,,7.73,VALUABLE,,1.27,,,,,,standard,
backtest,2026-05-21 08:58,2024-08-26,Greek Super League,Olympiakos,Athens Kallithea,UNDER,2.39,,,14.33,SNIPER,,2.58,,,,,,standard,
backtest,2026-05-21 08:58,2024-08-30,Ligue 2,Grenoble,Pau FC,OVER,1.94,,,4.33,VALUABLE,,1.15,,,,,,standard,
backtest,2026-05-21 08:58,2024-08-30,Ligue 2,Guingamp,Red Star,OVER,2.36,,,5.04,VALUABLE,,0.93,,,,,,standard,
backtest,2026-05-21 08:58,2024-08-31,League One,Bolton,Exeter,UNDER,2.12,,,5.04,VALUABLE,,1.13,,,,,,standard,
backtest,2026-05-21 08:58,2024-08-31,La Liga 2,Cadiz,Tenerife,OVER,2.55,,,7.09,VALUABLE,,1.14,,,,,,standard,
backtest,2026-05-21 08:58,2024-08-31,Bundesliga 2,Elversberg,Darmstadt,UNDER,2.35,,,5.64,VALUABLE,,1.04,,,,,,standard,
backtest,2026-05-21 08:58,2024-08-31,Greek Super League,Lamia,Olympiakos,UNDER,2.31,,,5.26,VALUABLE,,1.0,,,,,,standard,
backtest,2026-05-21 08:58,2024-08-31,League Two,Grimsby,Bradford,UNDER,1.85,,,5.05,VALUABLE,,1.49,,,,,,standard,
backtest,2026-05-21 08:58,2024-09-01,La Liga 2,Eldense,Cartagena,OVER,2.44,,,5.07,VALUABLE,,0.88,,,,,,standard,
backtest,2026-05-21 08:58,2024-09-01,La Liga 2,La Coruna,Ferrol,OVER,2.33,,,4.98,VALUABLE,,0.94,,,,,,standard,
backtest,2026-05-21 08:58,2024-09-01,La Liga 2,Mirandes,Zaragoza,OVER,2.81,,,4.53,VALUABLE,,0.63,,,,,,standard,
backtest,2026-05-21 08:58,2024-09-02,League Two,Salford,Milton Keynes Dons,UNDER,2.21,,,5.83,VALUABLE,,1.21,,,,,,standard,
backtest,2026-05-21 08:58,2024-09-07,League One,Barnsley,Bristol Rvs,UNDER,2.29,,,9.26,VALUABLE,,1.79,,,,,,standard,
backtest,2026-05-21 08:58,2024-09-07,League One,Wrexham,Shrewsbury,UNDER,2.36,,,5.82,VALUABLE,,1.07,,,,,,standard,
backtest,2026-05-21 08:58,2024-09-07,La Liga 2,Cordoba,Malaga,OVER,2.47,,,8.57,VALUABLE,,1.46,,,,,,standard,
backtest,2026-05-21 08:58,2024-09-07,La Liga 2,Huesca,Burgos,OVER,2.48,,,5.46,VALUABLE,,0.92,,,,,,standard,
backtest,2026-05-21 08:58,2024-09-08,La Liga 2,Ferrol,Mirandes,OVER,2.98,,,5.64,VALUABLE,,0.71,,,,,,standard,
backtest,2026-05-21 08:58,2024-09-09,La Liga 2,Albacete,Eibar,OVER,2.0,,,9.53,VALUABLE,,2.38,,,,,,standard,
backtest,2026-05-21 08:58,2024-09-13,La Liga 2,Cordoba,La Coruna,OVER,2.38,,,4.46,VALUABLE,,0.81,,,,,,standard,
backtest,2026-05-21 08:58,2024-09-13,Ligue 2,Rodez,Guingamp,OVER,2.11,,,4.32,VALUABLE,,0.97,,,,,,standard,
backtest,2026-05-21 08:58,2024-09-13,Bundesliga 2,Preußen Münster,Paderborn,UNDER,2.41,,,6.76,VALUABLE,,1.2,,,,,,standard,
backtest,2026-05-21 08:58,2024-09-13,Ligue 2,Lorient,Red Star,UNDER,2.13,,,6.57,VALUABLE,,1.45,,,,,,standard,
backtest,2026-05-21 08:58,2024-09-13,Ligue 2,Laval,Ajaccio,OVER,2.96,,,12.7,SNIPER,,1.62,,,,,,standard,
backtest,2026-05-21 08:58,2024-09-14,League One,Crawley Town,Stockport,UNDER,2.16,,,4.6,VALUABLE,,0.99,,,,,,standard,
backtest,2026-05-21 08:58,2024-09-14,La Liga 2,Eibar,Tenerife,OVER,2.4,,,7.3,VALUABLE,,1.3,,,,,,standard,
backtest,2026-05-21 08:58,2024-09-15,La Liga 2,Burgos,Zaragoza,OVER,2.51,,,5.69,VALUABLE,,0.94,,,,,,standard,
backtest,2026-05-21 08:58,2024-09-16,La Liga 2,Almeria,Castellon,UNDER,2.29,,,4.14,VALUABLE,,0.8,,,,,,standard,
backtest,2026-05-21 08:58,2024-09-20,Ligue 2,Martigues,Grenoble,OVER,2.7,,,8.27,VALUABLE,,1.22,,,,,,standard,
backtest,2026-05-21 08:58,2024-09-21,League Two,Chesterfield,Cheltenham,UNDER,2.17,,,4.7,VALUABLE,,1.0,,,,,,standard,
backtest,2026-05-21 08:58,2024-09-21,La Liga 2,Eldense,Oviedo,OVER,2.66,,,7.87,VALUABLE,,1.19,,,,,,standard,
backtest,2026-05-21 08:58,2024-09-22,La Liga 2,Cartagena,Cadiz,OVER,2.75,,,10.32,SNIPER,,1.47,,,,,,standard,
backtest,2026-05-21 08:58,2024-09-22,La Liga 2,Elche,Mirandes,OVER,2.66,,,5.43,VALUABLE,,0.82,,,,,,standard,
backtest,2026-05-21 08:58,2024-09-22,La Liga 2,Almeria,Eibar,UNDER,1.91,,,4.99,VALUABLE,,1.37,,,,,,standard,
backtest,2026-05-21 08:58,2024-09-23,La Liga 2,Huesca,Cordoba,OVER,2.64,,,6.94,VALUABLE,,1.06,,,,,,standard,
backtest,2026-05-21 08:58,2024-09-27,Bundesliga 2,Greuther Furth,Fortuna Dusseldorf,UNDER,2.32,,,5.57,VALUABLE,,1.05,,,,,,standard,
backtest,2026-05-21 08:58,2024-09-27,Ligue 2,Martigues,Dunkerque,OVER,2.29,,,5.22,VALUABLE,,1.01,,,,,,standard,
backtest,2026-05-21 08:58,2024-09-28,La Liga 2,Cadiz,Eldense,OVER,2.35,,,4.39,VALUABLE,,0.81,,,,,,standard,
backtest,2026-05-21 08:58,2024-09-28,Greek Super League,Asteras Tripolis,Levadeiakos,OVER,2.45,,,6.94,VALUABLE,,1.2,,,,,,standard,
backtest,2026-05-21 08:58,2024-09-28,La Liga 2,Sp Gijon,Zaragoza,OVER,2.52,,,7.27,VALUABLE,,1.19,,,,,,standard,
backtest,2026-05-21 08:58,2024-09-28,League One,Leyton Orient,Wrexham,OVER,2.09,,,8.01,VALUABLE,,1.84,,,,,,standard,
backtest,2026-05-21 08:58,2024-09-28,La Liga 2,Malaga,Elche,OVER,3.14,,,9.31,VALUABLE,,1.09,,,,,,standard,
backtest,2026-05-21 08:58,2024-09-28,Bundesliga 2,Regensburg,Kaiserslautern,UNDER,2.23,,,4.45,VALUABLE,,0.9,,,,,,standard,
backtest,2026-05-21 08:58,2024-09-29,Bundesliga 2,Hertha,Elversberg,UNDER,2.82,,,6.82,VALUABLE,,0.94,,,,,,standard,
backtest,2026-05-21 08:58,2024-09-29,La Liga 2,Oviedo,Eibar,OVER,2.38,,,6.2,VALUABLE,,1.12,,,,,,standard,
backtest,2026-05-21 08:58,2024-09-29,Greek Super League,AEK,Panathinaikos,UNDER,1.93,,,5.84,VALUABLE,,1.57,,,,,,standard,
backtest,2026-05-21 08:58,2024-10-01,League One,Crawley Town,Mansfield,UNDER,2.24,,,5.84,VALUABLE,,1.18,,,,,,standard,
backtest,2026-05-21 08:58,2024-10-01,League Two,Port Vale,Colchester,OVER,2.03,,,6.61,VALUABLE,,1.61,,,,,,standard,
backtest,2026-05-21 08:58,2024-10-01,League One,Stevenage,Wrexham,OVER,2.43,,,4.3,VALUABLE,,0.75,,,,,,standard,
backtest,2026-05-21 08:58,2024-10-05,La Liga 2,Tenerife,Cartagena,OVER,2.51,,,6.99,VALUABLE,,1.16,,,,,,standard,
backtest,2026-05-21 08:58,2024-10-05,La Liga 2,Ferrol,Elche,OVER,2.75,,,5.89,VALUABLE,,0.84,,,,,,standard,
backtest,2026-05-21 08:58,2024-10-05,Bundesliga 2,Nurnberg,Preußen Münster,UNDER,2.29,,,5.3,VALUABLE,,1.03,,,,,,standard,
backtest,2026-05-21 08:58,2024-10-05,Ligue 2,Metz,Amiens,OVER,2.21,,,5.53,VALUABLE,,1.14,,,,,,standard,
backtest,2026-05-21 08:58,2024-10-05,Ligue 2,Clermont,Guingamp,OVER,2.25,,,4.44,VALUABLE,,0.89,,,,,,standard,
backtest,2026-05-21 08:58,2024-10-05,Ligue 2,Ajaccio,Martigues,OVER,2.71,,,10.27,SNIPER,,1.5,,,,,,standard,
backtest,2026-05-21 08:58,2024-10-11,La Liga 2,Tenerife,Zaragoza,OVER,2.75,,,4.41,VALUABLE,,0.63,,,,,,standard,
backtest,2026-05-21 08:58,2024-10-12,La Liga 2,Cartagena,Ferrol,OVER,2.51,,,4.28,VALUABLE,,0.71,,,,,,standard,
backtest,2026-05-21 08:58,2024-10-12,La Liga 2,Eibar,Eldense,OVER,2.34,,,4.99,VALUABLE,,0.93,,,,,,standard,
backtest,2026-05-21 08:58,2024-10-18,Ligue 2,Martigues,Rodez,OVER,1.95,,,18.43,SNIPER,,4.85,,,,,,standard,
backtest,2026-05-21 08:58,2024-10-18,Ligue 2,Bastia,Clermont,OVER,2.54,,,7.23,VALUABLE,,1.17,,,,,,standard,
backtest,2026-05-21 08:58,2024-10-19,La Liga 2,Malaga,Oviedo,OVER,2.93,,,10.08,SNIPER,,1.31,,,,,,standard,
backtest,2026-05-21 08:58,2024-10-19,Ligue 2,Amiens,Ajaccio,OVER,2.61,,,7.27,VALUABLE,,1.13,,,,,,standard,
backtest,2026-05-21 08:58,2024-10-19,Greek Super League,Volos NFC,Panserraikos,OVER,2.21,,,5.16,VALUABLE,,1.07,,,,,,standard,
backtest,2026-05-21 08:58,2024-10-19,Greek Super League,Atromitos,Panetolikos,OVER,2.22,,,10.54,SNIPER,,2.16,,,,,,standard,
backtest,2026-05-21 08:58,2024-10-19,League One,Northampton,Leyton Orient,OVER,2.1,,,7.97,VALUABLE,,1.81,,,,,,standard,
backtest,2026-05-21 08:58,2024-10-19,Bundesliga 2,Kaiserslautern,Paderborn,UNDER,2.37,,,6.4,VALUABLE,,1.17,,,,,,standard,
backtest,2026-05-21 08:58,2024-10-19,Bundesliga 2,Hannover,Schalke 04,UNDER,2.21,,,4.96,VALUABLE,,1.02,,,,,,standard,
backtest,2026-05-21 08:58,2024-10-20,La Liga 2,Ferrol,Huesca,OVER,3.38,,,13.68,SNIPER,,1.44,,,,,,standard,
backtest,2026-05-21 08:58,2024-10-21,Ligue 2,Troyes,Paris FC,OVER,1.91,,,5.77,VALUABLE,,1.58,,,,,,standard,
backtest,2026-05-21 08:58,2024-10-22,League One,Exeter,Reading,UNDER,2.21,,,4.69,VALUABLE,,0.97,,,,,,standard,
backtest,2026-05-21 08:58,2024-10-22,Ligue 2,Pau FC,Bastia,OVER,2.27,,,6.05,VALUABLE,,1.19,,,,,,standard,
backtest,2026-05-21 08:58,2024-10-23,La Liga 2,Cartagena,Elche,OVER,2.68,,,9.34,VALUABLE,,1.39,,,,,,standard,
backtest,2026-05-21 08:58,2024-10-24,La Liga 2,Burgos,Ferrol,OVER,2.62,,,8.49,VALUABLE,,1.31,,,,,,standard,
backtest,2026-05-21 08:58,2024-10-24,La Liga 2,Sp Gijon,Huesca,OVER,2.51,,,10.09,SNIPER,,1.67,,,,,,standard,
backtest,2026-05-21 08:58,2024-10-24,La Liga 2,Tenerife,Malaga,OVER,2.7,,,9.66,VALUABLE,,1.42,,,,,,standard,
backtest,2026-05-21 08:58,2024-10-25,Ligue 2,Annecy,Laval,OVER,2.38,,,4.64,VALUABLE,,0.84,,,,,,standard,
backtest,2026-05-21 08:58,2024-10-25,Ligue 2,Metz,Guingamp,OVER,2.06,,,4.5,VALUABLE,,1.06,,,,,,standard,
backtest,2026-05-21 08:58,2024-10-26,League One,Shrewsbury,Barnsley,UNDER,2.12,,,4.02,VALUABLE,,0.9,,,,,,standard,
backtest,2026-05-21 08:58,2024-10-26,League Two,Port Vale,AFC Wimbledon,OVER,2.35,,,4.18,VALUABLE,,0.77,,,,,,standard,
backtest,2026-05-21 08:58,2024-10-26,League Two,Carlisle,Cheltenham,UNDER,1.95,,,6.44,VALUABLE,,1.7,,,,,,standard,
backtest,2026-05-21 08:58,2024-10-26,League One,Mansfield,Birmingham,UNDER,2.14,,,4.46,VALUABLE,,0.98,,,,,,standard,
backtest,2026-05-21 08:58,2024-10-26,La Liga 2,Cadiz,Oviedo,OVER,2.37,,,5.01,VALUABLE,,0.91,,,,,,standard,
backtest,2026-05-21 08:58,2024-10-27,La Liga 2,Malaga,Eibar,OVER,2.43,,,6.05,VALUABLE,,1.06,,,,,,standard,
backtest,2026-05-21 08:58,2024-10-27,Greek Super League,PAOK,OFI Crete,UNDER,2.56,,,4.38,VALUABLE,,0.7,,,,,,standard,
backtest,2026-05-21 08:58,2024-10-27,La Liga 2,Albacete,Sp Gijon,OVER,2.19,,,6.58,VALUABLE,,1.38,,,,,,standard,
backtest,2026-05-21 08:58,2024-10-28,La Liga 2,Ferrol,Tenerife,OVER,3.05,,,7.74,VALUABLE,,0.94,,,,,,standard,
backtest,2026-05-21 08:58,2024-10-29,League One,Lincoln,Northampton,OVER,1.95,,,5.73,VALUABLE,,1.51,,,,,,standard,
backtest,2026-05-21 08:58,2024-10-29,Ligue 2,Amiens,Paris FC,OVER,2.28,,,6.69,VALUABLE,,1.31,,,,,,standard,
backtest,2026-05-21 08:58,2024-10-29,Ligue 2,Troyes,Pau FC,OVER,1.94,,,5.96,VALUABLE,,1.59,,,,,,standard,
backtest,2026-05-21 08:58,2024-10-29,Ligue 2,Laval,Clermont,OVER,2.32,,,6.16,VALUABLE,,1.17,,,,,,standard,
backtest,2026-05-21 08:58,2024-11-01,Ligue 2,Troyes,Laval,OVER,2.17,,,4.76,VALUABLE,,1.02,,,,,,standard,
backtest,2026-05-21 08:58,2024-11-01,Ligue 2,Clermont,Lorient,OVER,1.92,,,5.72,VALUABLE,,1.56,,,,,,standard,
backtest,2026-05-21 08:58,2024-11-02,La Liga 2,Eibar,Elche,OVER,2.53,,,6.53,VALUABLE,,1.07,,,,,,standard,
backtest,2026-05-21 08:58,2024-11-02,Ligue 2,Caen,Bastia,OVER,2.26,,,4.39,VALUABLE,,0.87,,,,,,standard,
backtest,2026-05-21 08:58,2024-11-02,Greek Super League,Athens Kallithea,Panetolikos,OVER,2.47,,,5.28,VALUABLE,,0.9,,,,,,standard,
backtest,2026-05-21 08:58,2024-11-02,La Liga 2,Sp Gijon,Cadiz,OVER,2.13,,,10.86,SNIPER,,2.4,,,,,,standard,
backtest,2026-05-21 08:58,2024-11-02,La Liga 2,Zaragoza,Granada,OVER,2.18,,,9.19,VALUABLE,,1.95,,,,,,standard,
backtest,2026-05-21 08:58,2024-11-03,La Liga 2,Tenerife,Mirandes,OVER,3.69,,,12.4,SNIPER,,1.15,,,,,,standard,
backtest,2026-05-21 08:58,2024-11-03,Bundesliga 2,Paderborn,Braunschweig,OVER,1.74,,,6.55,VALUABLE,,2.21,,,,,,standard,
backtest,2026-05-21 08:58,2024-11-04,Greek Super League,Asteras Tripolis,OFI Crete,OVER,2.12,,,6.49,VALUABLE,,1.45,,,,,,standard,
backtest,2026-05-21 08:58,2024-11-08,Ligue 2,Grenoble,Dunkerque,OVER,2.13,,,6.68,VALUABLE,,1.48,,,,,,standard,
backtest,2026-05-21 08:58,2024-11-08,Ligue 2,Ajaccio,Clermont,OVER,2.69,,,7.69,VALUABLE,,1.14,,,,,,standard,
backtest,2026-05-21 08:58,2024-11-09,League One,Bristol Rvs,Lincoln,OVER,1.93,,,6.95,VALUABLE,,1.87,,,,,,standard,
backtest,2026-05-21 08:58,2024-11-09,Greek Super League,AEK,Asteras Tripolis,UNDER,2.09,,,4.08,VALUABLE,,0.94,,,,,,standard,
backtest,2026-05-21 08:58,2024-11-09,Greek Super League,Panserraikos,Atromitos,OVER,2.24,,,4.5,VALUABLE,,0.91,,,,,,standard,
backtest,2026-05-21 08:58,2024-11-09,League Two,Tranmere,Newport County,UNDER,1.9,,,4.34,VALUABLE,,1.21,,,,,,standard,
backtest,2026-05-21 08:58,2024-11-09,La Liga 2,Mirandes,Cadiz,OVER,2.84,,,9.77,VALUABLE,,1.33,,,,,,standard,
backtest,2026-05-21 08:58,2024-11-09,La Liga 2,Malaga,Cartagena,OVER,2.29,,,6.23,VALUABLE,,1.21,,,,,,standard,
backtest,2026-05-21 08:58,2024-11-09,La Liga 2,Huesca,Zaragoza,OVER,2.91,,,13.98,SNIPER,,1.83,,,,,,standard,
backtest,2026-05-21 08:58,2024-11-10,Greek Super League,Panathinaikos,Lamia,UNDER,2.45,,,8.76,VALUABLE,,1.51,,,,,,standard,
backtest,2026-05-21 08:58,2024-11-10,Greek Super League,Levadeiakos,Volos NFC,OVER,2.47,,,4.6,VALUABLE,,0.78,,,,,,standard,
backtest,2026-05-21 08:58,2024-11-10,La Liga 2,Burgos,Sp Gijon,OVER,2.22,,,4.36,VALUABLE,,0.89,,,,,,standard,
backtest,2026-05-21 08:58,2024-11-10,La Liga 2,Albacete,Oviedo,OVER,2.24,,,6.22,VALUABLE,,1.25,,,,,,standard,
backtest,2026-05-21 08:58,2024-11-16,League One,Exeter,Lincoln,OVER,2.24,,,5.49,VALUABLE,,1.11,,,,,,standard,
backtest,2026-05-21 08:58,2024-11-16,La Liga 2,Sp Gijon,Granada,OVER,2.28,,,9.08,VALUABLE,,1.77,,,,,,standard,
backtest,2026-05-21 08:58,2024-11-16,La Liga 2,Santander,Burgos,UNDER,2.13,,,4.13,VALUABLE,,0.91,,,,,,standard,
backtest,2026-05-21 08:58,2024-11-17,La Liga 2,Oviedo,Tenerife,OVER,2.91,,,9.01,VALUABLE,,1.18,,,,,,standard,
backtest,2026-05-21 08:58,2024-11-17,La Liga 2,Zaragoza,Malaga,OVER,2.5,,,8.43,VALUABLE,,1.41,,,,,,standard,
backtest,2026-05-21 08:58,2024-11-17,La Liga 2,Cartagena,Huesca,OVER,2.74,,,13.15,SNIPER,,1.89,,,,,,standard,
backtest,2026-05-21 08:58,2024-11-17,La Liga 2,Almeria,La Coruna,OVER,1.63,,,8.9,VALUABLE,,3.53,,,,,,standard,
backtest,2026-05-21 08:58,2024-11-22,Bundesliga 2,Preußen Münster,FC Koln,UNDER,2.21,,,4.62,VALUABLE,,0.96,,,,,,standard,
backtest,2026-05-21 08:58,2024-11-22,Ligue 2,Martigues,Laval,OVER,2.2,,,4.19,VALUABLE,,0.87,,,,,,standard,
backtest,2026-05-21 08:58,2024-11-22,Ligue 2,Troyes,Grenoble,OVER,2.19,,,4.47,VALUABLE,,0.94,,,,,,standard,
backtest,2026-05-21 08:58,2024-11-23,La Liga 2,Granada,Cadiz,OVER,2.23,,,7.35,VALUABLE,,1.49,,,,,,standard,
backtest,2026-05-21 08:58,2024-11-23,League Two,Notts County,Newport County,UNDER,2.51,,,6.68,VALUABLE,,1.11,,,,,,standard,
backtest,2026-05-21 08:58,2024-11-23,League One,Stevenage,Leyton Orient,OVER,2.72,,,8.75,VALUABLE,,1.27,,,,,,standard,
backtest,2026-05-21 08:58,2024-11-23,League Two,AFC Wimbledon,Walsall,OVER,2.21,,,4.7,VALUABLE,,0.97,,,,,,standard,
backtest,2026-05-21 08:58,2024-11-23,League Two,Chesterfield,Barrow,OVER,2.04,,,8.0,VALUABLE,,1.92,,,,,,standard,
backtest,2026-05-21 08:58,2024-11-24,La Liga 2,Albacete,Tenerife,OVER,2.37,,,7.28,VALUABLE,,1.33,,,,,,standard,
backtest,2026-05-21 08:58,2024-11-24,Greek Super League,Olympiakos,AEK,OVER,2.06,,,5.46,VALUABLE,,1.29,,,,,,standard,
backtest,2026-05-21 08:58,2024-11-24,La Liga 2,Elche,Oviedo,OVER,2.52,,,8.8,VALUABLE,,1.45,,,,,,standard,
backtest,2026-05-21 08:58,2024-11-24,La Liga 2,Mirandes,Eldense,OVER,2.61,,,11.64,SNIPER,,1.81,,,,,,standard,
backtest,2026-05-21 08:58,2024-11-24,La Liga 2,La Coruna,Sp Gijon,OVER,2.12,,,9.85,VALUABLE,,2.2,,,,,,standard,
backtest,2026-05-21 08:58,2024-11-25,League Two,Port Vale,Crewe,OVER,2.23,,,4.22,VALUABLE,,0.86,,,,,,standard,
backtest,2026-05-21 08:58,2024-11-25,Ligue 2,Dunkerque,Ajaccio,OVER,2.44,,,9.76,VALUABLE,,1.69,,,,,,standard,
backtest,2026-05-21 08:58,2024-11-25,Greek Super League,Atromitos,Levadeiakos,OVER,2.46,,,9.3,VALUABLE,,1.59,,,,,,standard,
backtest,2026-05-21 08:58,2024-11-26,League Two,Tranmere,AFC Wimbledon,OVER,2.48,,,8.74,VALUABLE,,1.48,,,,,,standard,
backtest,2026-05-21 08:58,2024-11-26,League One,Leyton Orient,Huddersfield,OVER,2.16,,,4.55,VALUABLE,,0.98,,,,,,standard,
backtest,2026-05-21 08:58,2024-11-29,La Liga 2,Oviedo,Huesca,OVER,2.64,,,6.95,VALUABLE,,1.06,,,,,,standard,
backtest,2026-05-21 08:58,2024-11-29,Bundesliga 2,Schalke 04,Kaiserslautern,UNDER,2.25,,,6.67,VALUABLE,,1.33,,,,,,standard,
backtest,2026-05-21 08:58,2024-11-30,Bundesliga 2,Darmstadt,Preußen Münster,UNDER,2.25,,,5.59,VALUABLE,,1.12,,,,,,standard,
backtest,2026-05-21 08:58,2024-11-30,Greek Super League,Levadeiakos,Panetolikos,OVER,2.52,,,6.44,VALUABLE,,1.06,,,,,,standard,
backtest,2026-05-21 08:58,2024-12-01,La Liga 2,Eldense,Ferrol,OVER,2.87,,,6.38,VALUABLE,,0.85,,,,,,standard,
backtest,2026-05-21 08:58,2024-12-01,Greek Super League,Panserraikos,Asteras Tripolis,OVER,2.29,,,7.96,VALUABLE,,1.54,,,,,,standard,
backtest,2026-05-21 08:58,2024-12-03,League Two,Cheltenham,Port Vale,OVER,2.26,,,5.4,VALUABLE,,1.07,,,,,,standard,
backtest,2026-05-21 08:58,2024-12-03,League One,Huddersfield,Wigan,OVER,2.22,,,5.57,VALUABLE,,1.14,,,,,,standard,
backtest,2026-05-21 08:58,2024-12-06,La Liga 2,Mirandes,Levante,OVER,2.45,,,6.7,VALUABLE,,1.15,,,,,,standard,
backtest,2026-05-21 08:58,2024-12-07,League One,Wigan,Leyton Orient,OVER,2.53,,,7.99,VALUABLE,,1.3,,,,,,standard,
backtest,2026-05-21 08:58,2024-12-07,Bundesliga 2,Hannover,Ulm,OVER,1.84,,,8.9,VALUABLE,,2.65,,,,,,standard,
backtest,2026-05-21 08:58,2024-12-07,League Two,Harrogate,AFC Wimbledon,OVER,2.2,,,8.37,VALUABLE,,1.74,,,,,,standard,
backtest,2026-05-21 08:58,2024-12-07,Greek Super League,Aris,Atromitos,OVER,2.31,,,5.14,VALUABLE,,0.98,,,,,,standard,
backtest,2026-05-21 08:58,2024-12-08,La Liga 2,Burgos,Eldense,OVER,2.35,,,6.31,VALUABLE,,1.17,,,,,,standard,
backtest,2026-05-21 08:58,2024-12-08,Greek Super League,Lamia,Panetolikos,OVER,3.06,,,11.86,SNIPER,,1.44,,,,,,standard,
backtest,2026-05-21 08:58,2024-12-08,La Liga 2,Ferrol,Oviedo,OVER,3.12,,,15.01,SNIPER,,1.77,,,,,,standard,
backtest,2026-05-21 08:58,2024-12-09,La Liga 2,Cartagena,Sp Gijon,OVER,2.31,,,5.14,VALUABLE,,0.98,,,,,,standard,
backtest,2026-05-21 08:58,2024-12-13,Ligue 2,Amiens,Laval,OVER,2.26,,,4.62,VALUABLE,,0.92,,,,,,standard,
backtest,2026-05-21 08:58,2024-12-14,La Liga 2,Eldense,Elche,OVER,2.58,,,6.8,VALUABLE,,1.08,,,,,,standard,
backtest,2026-05-21 08:58,2024-12-14,La Liga 2,Oviedo,Granada,OVER,2.23,,,7.89,VALUABLE,,1.6,,,,,,standard,
backtest,2026-05-21 08:58,2024-12-14,League One,Huddersfield,Lincoln,OVER,2.21,,,4.92,VALUABLE,,1.02,,,,,,standard,
backtest,2026-05-21 08:58,2024-12-14,League Two,Walsall,Barrow,OVER,2.2,,,4.71,VALUABLE,,0.98,,,,,,standard,
backtest,2026-05-21 08:58,2024-12-14,La Liga 2,Cadiz,Albacete,OVER,2.36,,,7.8,VALUABLE,,1.43,,,,,,standard,
backtest,2026-05-21 08:58,2024-12-14,Bundesliga 2,Ulm,Hamburg,UNDER,2.2,,,4.88,VALUABLE,,1.02,,,,,,standard,
backtest,2026-05-21 08:58,2024-12-14,League One,Birmingham,Bristol Rvs,UNDER,2.41,,,4.81,VALUABLE,,0.85,,,,,,standard,
backtest,2026-05-21 08:58,2024-12-14,League Two,Milton Keynes Dons,Gillingham,OVER,1.98,,,12.35,SNIPER,,3.15,,,,,,standard,
backtest,2026-05-21 08:58,2024-12-14,Greek Super League,Volos NFC,Asteras Tripolis,OVER,2.38,,,8.15,VALUABLE,,1.48,,,,,,standard,
backtest,2026-05-21 08:58,2024-12-14,Greek Super League,Atromitos,OFI Crete,OVER,2.05,,,4.52,VALUABLE,,1.08,,,,,,standard,
backtest,2026-05-21 08:58,2024-12-15,La Liga 2,Burgos,Malaga,OVER,2.28,,,4.99,VALUABLE,,0.97,,,,,,standard,
backtest,2026-05-21 08:58,2024-12-15,Greek Super League,Aris,Panserraikos,OVER,1.89,,,10.12,SNIPER,,2.84,,,,,,standard,
backtest,2026-05-21 08:58,2024-12-17,La Liga 2,Cordoba,Eibar,OVER,2.2,,,6.18,VALUABLE,,1.29,,,,,,standard,
backtest,2026-05-21 08:58,2024-12-18,La Liga 2,Mirandes,Sp Gijon,OVER,3.04,,,8.71,VALUABLE,,1.07,,,,,,standard,
backtest,2026-05-21 08:58,2024-12-19,La Liga 2,Huesca,Tenerife,OVER,2.75,,,13.21,SNIPER,,1.89,,,,,,standard,
backtest,2026-05-21 08:58,2024-12-20,La Liga 2,Cartagena,Albacete,OVER,2.37,,,6.75,VALUABLE,,1.23,,,,,,standard,
backtest,2026-05-21 08:58,2024-12-21,La Liga 2,Eibar,Granada,OVER,2.56,,,9.78,VALUABLE,,1.57,,,,,,standard,
backtest,2026-05-21 08:58,2024-12-21,Bundesliga 2,Hamburg,Greuther Furth,UNDER,3.15,,,4.32,VALUABLE,,0.5,,,,,,standard,
backtest,2026-05-21 08:58,2024-12-22,La Liga 2,Burgos,Tenerife,OVER,2.58,,,6.3,VALUABLE,,1.0,,,,,,standard,
backtest,2026-05-21 08:58,2024-12-22,La Liga 2,La Coruna,Mirandes,OVER,2.26,,,7.22,VALUABLE,,1.43,,,,,,standard,
backtest,2026-05-21 08:58,2024-12-22,Greek Super League,Panserraikos,Panetolikos,OVER,2.3,,,5.9,VALUABLE,,1.14,,,,,,standard,
backtest,2026-05-21 08:58,2024-12-22,Greek Super League,Panathinaikos,Athens Kallithea,UNDER,2.3,,,7.14,VALUABLE,,1.37,,,,,,standard,
backtest,2026-05-21 08:58,2024-12-23,League One,Crawley Town,Birmingham,UNDER,2.35,,,4.13,VALUABLE,,0.76,,,,,,standard,
backtest,2026-05-21 08:58,2024-12-26,League Two,Colchester,Gillingham,OVER,2.39,,,7.54,VALUABLE,,1.36,,,,,,standard,
backtest,2026-05-21 08:58,2024-12-26,League Two,Grimsby,Harrogate,OVER,1.93,,,4.64,VALUABLE,,1.25,,,,,,standard,
backtest,2026-05-21 08:58,2024-12-29,League One,Wrexham,Wigan,OVER,2.44,,,6.49,VALUABLE,,1.13,,,,,,standard,
backtest,2026-05-21 08:58,2024-12-29,League One,Charlton,Wycombe,OVER,2.17,,,4.98,VALUABLE,,1.06,,,,,,standard,
backtest,2026-05-21 08:58,2024-12-29,League Two,Grimsby,Port Vale,OVER,2.06,,,4.98,VALUABLE,,1.17,,,,,,standard,
backtest,2026-05-21 08:58,2025-01-01,League One,Blackpool,Shrewsbury,OVER,1.96,,,4.13,VALUABLE,,1.08,,,,,,standard,
backtest,2026-05-21 08:58,2025-01-01,League One,Barnsley,Wrexham,OVER,2.01,,,6.13,VALUABLE,,1.52,,,,,,standard,
backtest,2026-05-21 08:58,2025-01-01,League Two,Barrow,Bradford,OVER,2.43,,,7.15,VALUABLE,,1.25,,,,,,standard,
backtest,2026-05-21 08:58,2025-01-01,League One,Northampton,Stevenage,OVER,2.51,,,9.86,VALUABLE,,1.63,,,,,,standard,
backtest,2026-05-21 08:58,2025-01-03,Ligue 2,Amiens,Troyes,OVER,2.25,,,5.25,VALUABLE,,1.05,,,,,,standard,
backtest,2026-05-21 08:58,2025-01-04,Greek Super League,Athens Kallithea,Lamia,OVER,2.45,,,4.61,VALUABLE,,0.79,,,,,,standard,
backtest,2026-05-21 08:58,2025-01-04,League One,Lincoln,Stevenage,OVER,2.76,,,8.11,VALUABLE,,1.15,,,,,,standard,
backtest,2026-05-21 08:58,2025-01-04,League One,Cambridge,Bristol Rvs,OVER,2.07,,,5.14,VALUABLE,,1.2,,,,,,standard,
backtest,2026-05-21 08:58,2025-01-05,Greek Super League,Atromitos,Asteras Tripolis,OVER,2.56,,,10.97,SNIPER,,1.76,,,,,,standard,
backtest,2026-05-21 08:58,2025-01-05,Greek Super League,Levadeiakos,Panserraikos,OVER,2.26,,,5.96,VALUABLE,,1.18,,,,,,standard,
backtest,2026-05-21 08:58,2025-01-07,La Liga 2,Tenerife,Levante,OVER,2.24,,,5.56,VALUABLE,,1.12,,,,,,standard,
backtest,2026-05-21 08:58,2025-01-10,La Liga 2,Granada,Burgos,OVER,2.4,,,6.8,VALUABLE,,1.21,,,,,,standard,
backtest,2026-05-21 08:58,2025-01-11,Ligue 2,Bastia,Ajaccio,OVER,2.42,,,4.84,VALUABLE,,0.85,,,,,,standard,
backtest,2026-05-21 08:58,2025-01-11,La Liga 2,Oviedo,Sp Gijon,OVER,2.71,,,12.62,SNIPER,,1.85,,,,,,standard,
backtest,2026-05-21 08:58,2025-01-11,La Liga 2,Malaga,La Coruna,OVER,2.4,,,7.86,VALUABLE,,1.4,,,,,,standard,
backtest,2026-05-21 08:58,2025-01-11,La Liga 2,Huesca,Mirandes,OVER,3.15,,,4.46,VALUABLE,,0.52,,,,,,standard,
backtest,2026-05-21 08:58,2025-01-11,La Liga 2,Ferrol,Cartagena,OVER,2.58,,,7.4,VALUABLE,,1.17,,,,,,standard,
backtest,2026-05-21 08:58,2025-01-13,La Liga 2,Eldense,Eibar,OVER,2.62,,,9.65,VALUABLE,,1.49,,,,,,standard,
backtest,2026-05-21 08:58,2025-01-13,Greek Super League,Asteras Tripolis,Panetolikos,OVER,2.39,,,5.98,VALUABLE,,1.08,,,,,,standard,
backtest,2026-05-21 08:58,2025-01-16,League One,Shrewsbury,Wrexham,OVER,2.36,,,5.93,VALUABLE,,1.09,,,,,,standard,
backtest,2026-05-21 08:58,2025-01-17,Ligue 2,Amiens,Bastia,OVER,2.34,,,6.96,VALUABLE,,1.3,,,,,,standard,
backtest,2026-05-21 08:58,2025-01-17,La Liga 2,Cartagena,Oviedo,OVER,2.4,,,6.64,VALUABLE,,1.19,,,,,,standard,
backtest,2026-05-21 08:58,2025-01-18,League One,Rotherham,Charlton,OVER,2.23,,,4.25,VALUABLE,,0.86,,,,,,standard,
backtest,2026-05-21 08:58,2025-01-18,Greek Super League,Athens Kallithea,Volos NFC,OVER,2.41,,,6.33,VALUABLE,,1.12,,,,,,standard,
backtest,2026-05-21 08:58,2025-01-18,La Liga 2,Eldense,Cadiz,OVER,2.84,,,10.03,SNIPER,,1.36,,,,,,standard,
backtest,2026-05-21 08:58,2025-01-18,La Liga 2,Eibar,Albacete,OVER,2.43,,,9.2,VALUABLE,,1.61,,,,,,standard,
backtest,2026-05-21 08:58,2025-01-18,League Two,Swindon,Barrow,OVER,2.35,,,7.8,VALUABLE,,1.45,,,,,,standard,
backtest,2026-05-21 08:58,2025-01-18,League One,Stevenage,Wigan,OVER,2.86,,,6.34,VALUABLE,,0.85,,,,,,standard,
backtest,2026-05-21 08:58,2025-01-19,La Liga 2,Burgos,La Coruna,OVER,2.58,,,7.33,VALUABLE,,1.16,,,,,,standard,
backtest,2026-05-21 08:58,2025-01-19,Greek Super League,Aris,PAOK,OVER,2.03,,,4.06,VALUABLE,,0.99,,,,,,standard,
backtest,2026-05-21 08:58,2025-01-19,Greek Super League,Atromitos,Olympiakos,OVER,2.33,,,7.44,VALUABLE,,1.4,,,,,,standard,
backtest,2026-05-21 08:58,2025-01-20,Ligue 2,Troyes,Annecy,OVER,2.17,,,4.41,VALUABLE,,0.94,,,,,,standard,
backtest,2026-05-21 08:58,2025-01-20,La Liga 2,Mirandes,Malaga,OVER,2.69,,,4.13,VALUABLE,,0.61,,,,,,standard,
backtest,2026-05-21 08:58,2025-01-21,League Two,Harrogate,Colchester,OVER,2.39,,,6.6,VALUABLE,,1.19,,,,,,standard,
backtest,2026-05-21 08:58,2025-01-21,League One,Wigan,Burton,OVER,2.3,,,4.29,VALUABLE,,0.83,,,,,,standard,
backtest,2026-05-21 08:58,2025-01-23,League One,Wrexham,Birmingham,OVER,2.33,,,7.44,VALUABLE,,1.4,,,,,,standard,
backtest,2026-05-21 08:58,2025-01-24,Ligue 2,Laval,Troyes,OVER,2.34,,,9.07,VALUABLE,,1.69,,,,,,standard,
backtest,2026-05-21 08:58,2025-01-24,Greek Super League,Volos NFC,Atromitos,OVER,2.99,,,7.66,VALUABLE,,0.96,,,,,,standard,
backtest,2026-05-21 08:58,2025-01-24,La Liga 2,Elche,Eibar,OVER,2.32,,,6.45,VALUABLE,,1.22,,,,,,standard,
backtest,2026-05-21 08:58,2025-01-25,La Liga 2,Cordoba,Santander,OVER,1.7,,,4.96,VALUABLE,,1.77,,,,,,standard,
backtest,2026-05-21 08:58,2025-01-25,La Liga 2,Tenerife,Eldense,OVER,2.56,,,4.48,VALUABLE,,0.72,,,,,,standard,
backtest,2026-05-21 08:58,2025-01-25,Greek Super League,Asteras Tripolis,Athens Kallithea,OVER,2.3,,,7.08,VALUABLE,,1.36,,,,,,standard,
backtest,2026-05-21 08:58,2025-01-25,League One,Cambridge,Mansfield,OVER,2.07,,,4.55,VALUABLE,,1.06,,,,,,standard,
backtest,2026-05-21 08:58,2025-01-25,League One,Barnsley,Stevenage,OVER,2.06,,,6.82,VALUABLE,,1.61,,,,,,standard,
backtest,2026-05-21 08:58,2025-01-25,Ligue 2,Lorient,Clermont,UNDER,1.86,,,5.13,VALUABLE,,1.49,,,,,,standard,
backtest,2026-05-21 08:58,2025-01-26,Bundesliga 2,Darmstadt,Paderborn,UNDER,2.46,,,4.76,VALUABLE,,0.82,,,,,,standard,
backtest,2026-05-21 08:58,2025-01-26,La Liga 2,Malaga,Zaragoza,OVER,2.71,,,8.85,VALUABLE,,1.29,,,,,,standard,
backtest,2026-05-21 08:58,2025-01-28,League Two,Fleetwood Town,Walsall,OVER,2.29,,,6.28,VALUABLE,,1.22,,,,,,standard,
backtest,2026-05-21 08:58,2025-01-28,League One,Wrexham,Stevenage,OVER,2.53,,,10.42,SNIPER,,1.7,,,,,,standard,
backtest,2026-05-21 08:58,2025-01-28,League One,Burton,Reading,OVER,1.93,,,5.06,VALUABLE,,1.36,,,,,,standard,
backtest,2026-05-21 08:58,2025-01-28,League Two,Accrington,Cheltenham,OVER,2.21,,,4.7,VALUABLE,,0.97,,,,,,standard,
backtest,2026-05-21 08:58,2025-01-28,League Two,Grimsby,Gillingham,OVER,2.23,,,5.1,VALUABLE,,1.04,,,,,,standard,
backtest,2026-05-21 08:58,2025-01-29,La Liga 2,Tenerife,La Coruna,OVER,2.67,,,4.76,VALUABLE,,0.71,,,,,,standard,
backtest,2026-05-21 08:58,2025-01-31,Ligue 2,Clermont,Ajaccio,OVER,2.41,,,6.57,VALUABLE,,1.16,,,,,,standard,
backtest,2026-05-21 08:58,2025-01-31,Ligue 2,Bastia,Metz,OVER,2.38,,,6.05,VALUABLE,,1.1,,,,,,standard,
backtest,2026-05-21 08:58,2025-01-31,La Liga 2,Eldense,Granada,OVER,2.39,,,8.1,VALUABLE,,1.46,,,,,,standard,
backtest,2026-05-21 08:58,2025-02-01,La Liga 2,Mirandes,Elche,OVER,2.72,,,9.54,VALUABLE,,1.39,,,,,,standard,
backtest,2026-05-21 08:58,2025-02-01,Ligue 2,Guingamp,Paris FC,OVER,2.13,,,5.43,VALUABLE,,1.2,,,,,,standard,
backtest,2026-05-21 08:58,2025-02-01,League Two,Bromley,Grimsby,OVER,1.96,,,4.06,VALUABLE,,1.06,,,,,,standard,
backtest,2026-05-21 08:58,2025-02-01,League Two,Newport County,Barrow,OVER,2.19,,,8.89,VALUABLE,,1.87,,,,,,standard,
backtest,2026-05-21 08:58,2025-02-01,League Two,Harrogate,Crewe,OVER,2.39,,,6.15,VALUABLE,,1.11,,,,,,standard,
backtest,2026-05-21 08:58,2025-02-01,League Two,AFC Wimbledon,Bradford,OVER,2.61,,,9.24,VALUABLE,,1.44,,,,,,standard,
backtest,2026-05-21 08:58,2025-02-01,League One,Wigan,Lincoln,OVER,2.92,,,13.6,SNIPER,,1.77,,,,,,standard,
backtest,2026-05-21 08:58,2025-02-02,Greek Super League,PAOK,AEK,OVER,2.17,,,6.29,VALUABLE,,1.34,,,,,,standard,
backtest,2026-05-21 08:58,2025-02-02,La Liga 2,Cartagena,Cordoba,OVER,2.35,,,6.87,VALUABLE,,1.27,,,,,,standard,
backtest,2026-05-21 08:58,2025-02-02,La Liga 2,Zaragoza,Cadiz,OVER,2.71,,,7.93,VALUABLE,,1.16,,,,,,standard,
backtest,2026-05-21 08:58,2025-02-03,La Liga 2,Levante,Ferrol,OVER,1.95,,,6.46,VALUABLE,,1.7,,,,,,standard,
backtest,2026-05-21 08:58,2025-02-08,League One,Charlton,Stevenage,OVER,2.43,,,9.76,VALUABLE,,1.71,,,,,,standard,
backtest,2026-05-21 08:58,2025-02-08,La Liga 2,Sp Gijon,Eibar,OVER,2.48,,,5.97,VALUABLE,,1.01,,,,,,standard,
backtest,2026-05-21 08:58,2025-02-08,La Liga 2,Malaga,Levante,OVER,2.12,,,4.53,VALUABLE,,1.01,,,,,,standard,
backtest,2026-05-21 08:58,2025-02-08,La Liga 2,Granada,Mirandes,OVER,2.22,,,4.06,VALUABLE,,0.83,,,,,,standard,
backtest,2026-05-21 08:58,2025-02-08,League One,Lincoln,Cambridge,OVER,2.22,,,5.86,VALUABLE,,1.2,,,,,,standard,
backtest,2026-05-21 08:58,2025-02-08,League One,Burton,Blackpool,OVER,1.91,,,7.35,VALUABLE,,2.02,,,,,,standard,
backtest,2026-05-21 08:58,2025-02-08,League One,Rotherham,Shrewsbury,OVER,2.28,,,7.84,VALUABLE,,1.53,,,,,,standard,
backtest,2026-05-21 08:58,2025-02-08,League Two,Fleetwood Town,Cheltenham,OVER,2.18,,,5.04,VALUABLE,,1.07,,,,,,standard,
backtest,2026-05-21 08:58,2025-02-09,La Liga 2,Cordoba,Huesca,OVER,2.41,,,8.4,VALUABLE,,1.49,,,,,,standard,
backtest,2026-05-21 08:58,2025-02-09,Greek Super League,Aris,Panathinaikos,OVER,2.25,,,4.56,VALUABLE,,0.91,,,,,,standard,
backtest,2026-05-21 08:58,2025-02-10,La Liga 2,Oviedo,Eldense,OVER,2.33,,,6.09,VALUABLE,,1.14,,,,,,standard,
backtest,2026-05-21 08:58,2025-02-11,League One,Blackpool,Rotherham,OVER,2.05,,,6.42,VALUABLE,,1.53,,,,,,standard,
backtest,2026-05-21 08:58,2025-02-11,League Two,AFC Wimbledon,Crewe,OVER,2.36,,,6.63,VALUABLE,,1.22,,,,,,standard,
backtest,2026-05-21 08:58,2025-02-11,League Two,Barrow,Milton Keynes Dons,OVER,2.12,,,9.87,VALUABLE,,2.2,,,,,,standard,
backtest,2026-05-21 08:58,2025-02-14,Ligue 2,Clermont,Bastia,OVER,2.49,,,4.52,VALUABLE,,0.76,,,,,,standard,
backtest,2026-05-21 08:58,2025-02-14,Ligue 2,Troyes,Lorient,OVER,2.29,,,6.67,VALUABLE,,1.29,,,,,,standard,
backtest,2026-05-21 08:58,2025-02-14,La Liga 2,Mirandes,Ferrol,OVER,2.64,,,7.58,VALUABLE,,1.16,,,,,,standard,
backtest,2026-05-21 08:58,2025-02-15,League Two,Gillingham,Crewe,OVER,2.61,,,7.02,VALUABLE,,1.09,,,,,,standard,
backtest,2026-05-21 08:58,2025-02-15,League Two,Cheltenham,Barrow,OVER,2.38,,,6.9,VALUABLE,,1.25,,,,,,standard,
backtest,2026-05-21 08:58,2025-02-15,League Two,Harrogate,Swindon,OVER,2.17,,,6.45,VALUABLE,,1.38,,,,,,standard,
backtest,2026-05-21 08:58,2025-02-15,League One,Stevenage,Peterboro,OVER,1.94,,,4.4,VALUABLE,,1.17,,,,,,standard,
backtest,2026-05-21 08:58,2025-02-15,La Liga 2,Cartagena,Malaga,OVER,2.49,,,6.82,VALUABLE,,1.14,,,,,,standard,
backtest,2026-05-21 08:58,2025-02-15,Ligue 2,Guingamp,Metz,OVER,2.25,,,6.09,VALUABLE,,1.22,,,,,,standard,
backtest,2026-05-21 08:58,2025-02-15,La Liga 2,Santander,Cadiz,OVER,2.4,,,13.77,SNIPER,,2.46,,,,,,standard,
backtest,2026-05-21 08:58,2025-02-16,Bundesliga 2,Regensburg,Hamburg,UNDER,2.26,,,4.81,VALUABLE,,0.96,,,,,,standard,
backtest,2026-05-21 08:58,2025-02-16,Greek Super League,Levadeiakos,Aris,OVER,2.46,,,4.64,VALUABLE,,0.79,,,,,,standard,
backtest,2026-05-21 08:58,2025-02-16,La Liga 2,Eldense,La Coruna,OVER,2.29,,,5.25,VALUABLE,,1.02,,,,,,standard,
backtest,2026-05-21 08:58,2025-02-16,La Liga 2,Huesca,Granada,OVER,2.39,,,4.79,VALUABLE,,0.86,,,,,,standard,
backtest,2026-05-21 08:58,2025-02-16,La Liga 2,Zaragoza,Burgos,OVER,2.69,,,8.23,VALUABLE,,1.22,,,,,,standard,
backtest,2026-05-21 08:58,2025-02-18,League Two,Notts County,Colchester,OVER,2.27,,,4.79,VALUABLE,,0.94,,,,,,standard,
backtest,2026-05-21 08:58,2025-02-18,League One,Mansfield,Lincoln,OVER,2.33,,,5.92,VALUABLE,,1.11,,,,,,standard,
backtest,2026-05-21 08:58,2025-02-18,League One,Stevenage,Burton,OVER,2.38,,,6.82,VALUABLE,,1.24,,,,,,standard,
backtest,2026-05-21 08:58,2025-02-21,La Liga 2,Malaga,Tenerife,OVER,2.67,,,7.95,VALUABLE,,1.19,,,,,,standard,
backtest,2026-05-21 08:58,2025-02-22,League Two,Carlisle,Gillingham,OVER,2.38,,,4.62,VALUABLE,,0.84,,,,,,standard,
backtest,2026-05-21 08:58,2025-02-22,League One,Shrewsbury,Stevenage,OVER,2.77,,,12.74,SNIPER,,1.8,,,,,,standard,
backtest,2026-05-21 08:58,2025-02-22,Greek Super League,Atromitos,Panserraikos,OVER,2.1,,,4.36,VALUABLE,,0.99,,,,,,standard,
backtest,2026-05-21 08:58,2025-02-22,Greek Super League,Volos NFC,Levadeiakos,OVER,2.48,,,5.08,VALUABLE,,0.86,,,,,,standard,
backtest,2026-05-21 08:58,2025-02-22,Bundesliga 2,Karlsruhe,Magdeburg,UNDER,2.72,,,6.95,VALUABLE,,1.01,,,,,,standard,
backtest,2026-05-21 08:58,2025-02-22,La Liga 2,Ferrol,Cordoba,OVER,2.27,,,4.78,VALUABLE,,0.94,,,,,,standard,
backtest,2026-05-21 08:58,2025-02-22,La Liga 2,Granada,Zaragoza,OVER,2.23,,,5.75,VALUABLE,,1.17,,,,,,standard,
backtest,2026-05-21 08:58,2025-02-23,La Liga 2,Albacete,Eldense,OVER,2.25,,,4.22,VALUABLE,,0.84,,,,,,standard,
backtest,2026-05-21 08:58,2025-02-23,League One,Mansfield,Wrexham,OVER,2.01,,,6.88,VALUABLE,,1.7,,,,,,standard,
backtest,2026-05-21 08:58,2025-02-25,League One,Northampton,Barnsley,OVER,1.9,,,4.17,VALUABLE,,1.16,,,,,,standard,
backtest,2026-05-21 08:58,2025-02-28,La Liga 2,Cartagena,Eibar,OVER,2.54,,,6.79,VALUABLE,,1.1,,,,,,standard,
backtest,2026-05-21 08:58,2025-02-28,Ligue 2,Troyes,Bastia,OVER,2.89,,,5.61,VALUABLE,,0.74,,,,,,standard,
backtest,2026-05-21 08:58,2025-03-01,League Two,Chesterfield,Crewe,OVER,2.02,,,7.42,VALUABLE,,1.82,,,,,,standard,
backtest,2026-05-21 08:58,2025-03-01,League One,Exeter,Northampton,OVER,2.24,,,6.62,VALUABLE,,1.34,,,,,,standard,
backtest,2026-05-21 08:58,2025-03-01,La Liga 2,Huesca,Ferrol,OVER,2.94,,,8.9,VALUABLE,,1.15,,,,,,standard,
backtest,2026-05-21 08:58,2025-03-01,La Liga 2,Zaragoza,Sp Gijon,OVER,2.52,,,7.8,VALUABLE,,1.28,,,,,,standard,
backtest,2026-05-21 08:58,2025-03-02,La Liga 2,Cordoba,Granada,OVER,2.25,,,6.82,VALUABLE,,1.36,,,,,,standard,
backtest,2026-05-21 08:58,2025-03-02,Greek Super League,AEK,Olympiakos,OVER,2.48,,,7.73,VALUABLE,,1.31,,,,,,standard,
backtest,2026-05-21 08:58,2025-03-02,La Liga 2,Oviedo,La Coruna,OVER,2.33,,,5.0,VALUABLE,,0.94,,,,,,standard,
backtest,2026-05-21 08:58,2025-03-02,La Liga 2,Albacete,Cadiz,OVER,2.27,,,8.39,VALUABLE,,1.65,,,,,,standard,
backtest,2026-05-21 08:58,2025-03-02,Greek Super League,OFI Crete,Lamia,OVER,1.97,,,4.01,VALUABLE,,1.03,,,,,,standard,
backtest,2026-05-21 08:58,2025-03-03,La Liga 2,Mirandes,Tenerife,OVER,2.8,,,9.83,VALUABLE,,1.37,,,,,,standard,
backtest,2026-05-21 08:58,2025-03-03,Ligue 2,Ajaccio,Dunkerque,OVER,2.59,,,8.93,VALUABLE,,1.4,,,,,,standard,
backtest,2026-05-21 08:58,2025-03-04,League Two,Colchester,Chesterfield,OVER,2.49,,,8.3,VALUABLE,,1.39,,,,,,standard,
backtest,2026-05-21 08:58,2025-03-04,League Two,Carlisle,Walsall,OVER,2.16,,,4.56,VALUABLE,,0.98,,,,,,standard,
backtest,2026-05-21 08:58,2025-03-04,League Two,Notts County,Barrow,OVER,1.95,,,5.47,VALUABLE,,1.44,,,,,,standard,
backtest,2026-05-21 08:58,2025-03-04,League Two,Port Vale,Harrogate,OVER,2.47,,,7.56,VALUABLE,,1.29,,,,,,standard,
backtest,2026-05-21 08:58,2025-03-04,League Two,Grimsby,Tranmere,OVER,1.98,,,6.03,VALUABLE,,1.54,,,,,,standard,
backtest,2026-05-21 08:58,2025-03-04,League Two,Crewe,Fleetwood Town,OVER,2.18,,,8.31,VALUABLE,,1.76,,,,,,standard,
backtest,2026-05-21 08:58,2025-03-04,League One,Huddersfield,Wrexham,OVER,2.16,,,4.56,VALUABLE,,0.98,,,,,,standard,
backtest,2026-05-21 08:58,2025-03-05,La Liga 2,Ferrol,Burgos,OVER,3.45,,,18.14,SNIPER,,1.85,,,,,,standard,
backtest,2026-05-21 08:58,2025-03-07,Ligue 2,Grenoble,Ajaccio,OVER,2.49,,,5.38,VALUABLE,,0.9,,,,,,standard,
backtest,2026-05-21 08:58,2025-03-07,Ligue 2,Pau FC,Troyes,OVER,2.18,,,4.98,VALUABLE,,1.06,,,,,,standard,
backtest,2026-05-21 08:58,2025-03-08,League Two,Fleetwood Town,Port Vale,OVER,2.31,,,7.01,VALUABLE,,1.34,,,,,,standard,
backtest,2026-05-21 08:58,2025-03-08,League Two,Salford,Crewe,OVER,2.19,,,4.64,VALUABLE,,0.98,,,,,,standard,
backtest,2026-05-21 08:58,2025-03-08,League One,Crawley Town,Reading,UNDER,2.2,,,4.97,VALUABLE,,1.04,,,,,,standard,
backtest,2026-05-21 08:58,2025-03-08,League One,Stockport,Charlton,OVER,2.28,,,4.29,VALUABLE,,0.84,,,,,,standard,
backtest,2026-05-21 08:58,2025-03-09,La Liga 2,Malaga,Cadiz,OVER,2.47,,,5.98,VALUABLE,,1.02,,,,,,standard,
backtest,2026-05-21 08:58,2025-03-09,Greek Super League,Atromitos,Panathinaikos,OVER,2.28,,,7.77,VALUABLE,,1.52,,,,,,standard,
backtest,2026-05-21 08:58,2025-03-09,La Liga 2,Granada,Ferrol,OVER,2.14,,,5.52,VALUABLE,,1.21,,,,,,standard,
backtest,2026-05-21 08:58,2025-03-09,Greek Super League,Panetolikos,Levadeiakos,OVER,2.82,,,9.02,VALUABLE,,1.24,,,,,,standard,
backtest,2026-05-21 08:58,2025-03-10,La Liga 2,Burgos,Albacete,OVER,2.65,,,14.51,SNIPER,,2.2,,,,,,standard,
backtest,2026-05-21 08:58,2025-03-11,League Two,Grimsby,Notts County,OVER,2.03,,,7.1,VALUABLE,,1.72,,,,,,standard,
backtest,2026-05-21 08:58,2025-03-11,League Two,Salford,Chesterfield,OVER,2.1,,,5.03,VALUABLE,,1.14,,,,,,standard,
backtest,2026-05-21 08:58,2025-03-14,Ligue 2,Clermont,Grenoble,OVER,2.07,,,5.41,VALUABLE,,1.26,,,,,,standard,
backtest,2026-05-21 08:58,2025-03-14,Ligue 2,Ajaccio,Red Star,OVER,2.75,,,7.95,VALUABLE,,1.14,,,,,,standard,
backtest,2026-05-21 08:58,2025-03-15,La Liga 2,Cartagena,Burgos,OVER,2.85,,,9.23,VALUABLE,,1.25,,,,,,standard,
backtest,2026-05-21 08:58,2025-03-15,League One,Lincoln,Bristol Rvs,OVER,1.96,,,4.86,VALUABLE,,1.27,,,,,,standard,
backtest,2026-05-21 08:58,2025-03-15,League Two,Newport County,Harrogate,OVER,2.3,,,9.17,VALUABLE,,1.76,,,,,,standard,
backtest,2026-05-21 08:58,2025-03-15,League One,Northampton,Birmingham,OVER,2.09,,,4.23,VALUABLE,,0.97,,,,,,standard,
backtest,2026-05-21 08:58,2025-03-15,La Liga 2,Ferrol,Eibar,OVER,2.68,,,11.71,SNIPER,,1.74,,,,,,standard,
backtest,2026-05-21 08:58,2025-03-15,League Two,Colchester,Fleetwood Town,OVER,2.69,,,10.2,SNIPER,,1.51,,,,,,standard,
backtest,2026-05-21 08:58,2025-03-15,League Two,Crewe,Doncaster,OVER,2.14,,,4.28,VALUABLE,,0.94,,,,,,standard,
backtest,2026-05-21 08:58,2025-03-15,Bundesliga 2,Paderborn,Kaiserslautern,UNDER,2.31,,,7.05,VALUABLE,,1.35,,,,,,standard,
backtest,2026-05-21 08:58,2025-03-16,La Liga 2,Cadiz,Granada,OVER,2.34,,,9.55,VALUABLE,,1.78,,,,,,standard,
backtest,2026-05-21 08:58,2025-03-16,La Liga 2,Eldense,Mirandes,OVER,2.49,,,9.5,VALUABLE,,1.59,,,,,,standard,
backtest,2026-05-21 08:58,2025-03-22,League Two,AFC Wimbledon,Barrow,OVER,2.56,,,5.75,VALUABLE,,0.92,,,,,,standard,
backtest,2026-05-21 08:58,2025-03-22,League Two,Fleetwood Town,Tranmere,OVER,2.38,,,5.64,VALUABLE,,1.02,,,,,,standard,
backtest,2026-05-21 08:58,2025-03-22,League Two,Gillingham,Walsall,OVER,2.35,,,7.78,VALUABLE,,1.44,,,,,,standard,
backtest,2026-05-21 08:58,2025-03-22,La Liga 2,Granada,Oviedo,OVER,2.61,,,5.84,VALUABLE,,0.91,,,,,,standard,
backtest,2026-05-21 08:58,2025-03-23,La Liga 2,Tenerife,Cadiz,OVER,2.78,,,4.97,VALUABLE,,0.7,,,,,,standard,
backtest,2026-05-21 08:58,2025-03-23,La Liga 2,Eibar,Huesca,OVER,2.82,,,6.37,VALUABLE,,0.87,,,,,,standard,
backtest,2026-05-21 08:58,2025-03-25,League Two,Port Vale,Barrow,OVER,2.43,,,7.14,VALUABLE,,1.25,,,,,,standard,
backtest,2026-05-21 08:58,2025-03-27,League One,Leyton Orient,Stevenage,OVER,2.31,,,6.29,VALUABLE,,1.2,,,,,,standard,
backtest,2026-05-21 08:58,2025-03-28,League Two,Colchester,Grimsby,OVER,2.58,,,10.15,SNIPER,,1.61,,,,,,standard,
backtest,2026-05-21 08:58,2025-03-28,La Liga 2,Tenerife,Granada,OVER,2.48,,,4.28,VALUABLE,,0.72,,,,,,standard,
backtest,2026-05-21 08:58,2025-03-29,League Two,Milton Keynes Dons,Fleetwood Town,OVER,2.01,,,8.97,VALUABLE,,2.22,,,,,,standard,
backtest,2026-05-21 08:58,2025-03-29,La Liga 2,Ferrol,La Coruna,OVER,2.5,,,4.61,VALUABLE,,0.77,,,,,,standard,
backtest,2026-05-21 08:58,2025-03-29,La Liga 2,Eldense,Burgos,OVER,2.8,,,8.89,VALUABLE,,1.23,,,,,,standard,
backtest,2026-05-21 08:58,2025-03-29,League Two,Barrow,Chesterfield,OVER,2.15,,,8.21,VALUABLE,,1.78,,,,,,standard,
backtest,2026-05-21 08:58,2025-03-29,Greek Super League,Asteras Tripolis,Aris,OVER,2.62,,,7.08,VALUABLE,,1.09,,,,,,standard,
backtest,2026-05-21 08:58,2025-03-29,League One,Rotherham,Crawley Town,UNDER,2.17,,,5.01,VALUABLE,,1.07,,,,,,standard,
backtest,2026-05-21 08:58,2025-03-29,Greek Super League,Panetolikos,Levadeiakos,OVER,2.67,,,6.94,VALUABLE,,1.04,,,,,,standard,
backtest,2026-05-21 08:58,2025-03-29,League One,Wycombe,Lincoln,OVER,2.49,,,5.36,VALUABLE,,0.9,,,,,,standard,
backtest,2026-05-21 08:58,2025-03-29,League Two,Accrington,Bradford,OVER,2.5,,,5.52,VALUABLE,,0.92,,,,,,standard,
backtest,2026-05-21 08:58,2025-03-30,Bundesliga 2,Greuther Furth,Schalke 04,OVER,1.85,,,5.29,VALUABLE,,1.55,,,,,,standard,
backtest,2026-05-21 08:58,2025-04-01,League Two,Harrogate,Tranmere,OVER,2.5,,,4.39,VALUABLE,,0.73,,,,,,standard,
backtest,2026-05-21 08:58,2025-04-01,League One,Crawley Town,Peterboro,UNDER,2.37,,,6.61,VALUABLE,,1.21,,,,,,standard,
backtest,2026-05-21 08:58,2025-04-01,League One,Lincoln,Huddersfield,OVER,2.28,,,4.12,VALUABLE,,0.8,,,,,,standard,
backtest,2026-05-21 08:58,2025-04-01,League Two,Barrow,Salford,OVER,2.27,,,4.13,VALUABLE,,0.81,,,,,,standard,
backtest,2026-05-21 08:58,2025-04-01,League Two,Swindon,AFC Wimbledon,OVER,2.16,,,4.17,VALUABLE,,0.9,,,,,,standard,
backtest,2026-05-21 08:58,2025-04-01,League Two,Gillingham,Colchester,OVER,2.72,,,5.78,VALUABLE,,0.84,,,,,,standard,
backtest,2026-05-21 08:58,2025-04-01,League Two,Chesterfield,Carlisle,OVER,2.01,,,6.15,VALUABLE,,1.52,,,,,,standard,
backtest,2026-05-21 08:58,2025-04-04,La Liga 2,Castellon,Albacete,OVER,1.63,,,8.51,VALUABLE,,3.38,,,,,,standard,
backtest,2026-05-21 08:58,2025-04-04,Ligue 2,Ajaccio,Amiens,OVER,2.56,,,6.46,VALUABLE,,1.03,,,,,,standard,
backtest,2026-05-21 08:58,2025-04-04,Ligue 2,Rodez,Martigues,UNDER,2.33,,,5.89,VALUABLE,,1.11,,,,,,standard,
backtest,2026-05-21 08:58,2025-04-05,League Two,Fleetwood Town,Swindon,OVER,1.98,,,7.46,VALUABLE,,1.9,,,,,,standard,
backtest,2026-05-21 08:58,2025-04-05,Bundesliga 2,Fortuna Dusseldorf,Preußen Münster,UNDER,2.23,,,6.56,VALUABLE,,1.33,,,,,,standard,
backtest,2026-05-21 08:58,2025-04-05,Greek Super League,Lamia,Athens Kallithea,OVER,2.39,,,8.46,VALUABLE,,1.52,,,,,,standard,
backtest,2026-05-21 08:58,2025-04-05,League One,Leyton Orient,Wigan,OVER,2.51,,,4.98,VALUABLE,,0.82,,,,,,standard,
backtest,2026-05-21 08:58,2025-04-05,La Liga 2,Cartagena,Eldense,OVER,2.29,,,9.36,VALUABLE,,1.81,,,,,,standard,
backtest,2026-05-21 08:58,2025-04-06,La Liga 2,La Coruna,Cadiz,OVER,2.39,,,9.1,VALUABLE,,1.64,,,,,,standard,
backtest,2026-05-21 08:58,2025-04-06,La Liga 2,Burgos,Huesca,OVER,3.31,,,4.67,VALUABLE,,0.51,,,,,,standard,
backtest,2026-05-21 08:58,2025-04-06,Greek Super League,PAOK,Olympiakos,OVER,2.22,,,4.9,VALUABLE,,1.0,,,,,,standard,
backtest,2026-05-21 08:58,2025-04-06,Bundesliga 2,Magdeburg,Kaiserslautern,UNDER,2.83,,,6.3,VALUABLE,,0.86,,,,,,standard,
backtest,2026-05-21 08:58,2025-04-07,Greek Super League,Atromitos,Asteras Tripolis,OVER,2.57,,,10.0,SNIPER,,1.59,,,,,,standard,
backtest,2026-05-21 08:58,2025-04-08,League Two,Chesterfield,Gillingham,OVER,2.09,,,5.34,VALUABLE,,1.22,,,,,,standard,
backtest,2026-05-21 08:58,2025-04-08,League One,Huddersfield,Wycombe,OVER,2.34,,,6.18,VALUABLE,,1.15,,,,,,standard,
backtest,2026-05-21 08:58,2025-04-08,League One,Exeter,Wigan,OVER,2.85,,,4.66,VALUABLE,,0.63,,,,,,standard,
backtest,2026-05-21 08:58,2025-04-12,Greek Super League,Panserraikos,Athens Kallithea,OVER,2.07,,,4.88,VALUABLE,,1.14,,,,,,standard,
backtest,2026-05-21 08:58,2025-04-12,League Two,Swindon,Bradford,OVER,2.08,,,6.7,VALUABLE,,1.55,,,,,,standard,
backtest,2026-05-21 08:58,2025-04-12,League One,Bristol Rvs,Exeter,OVER,2.28,,,6.72,VALUABLE,,1.31,,,,,,standard,
backtest,2026-05-21 08:58,2025-04-12,League One,Cambridge,Charlton,OVER,2.04,,,5.76,VALUABLE,,1.38,,,,,,standard,
backtest,2026-05-21 08:58,2025-04-12,La Liga 2,Tenerife,Burgos,OVER,2.82,,,6.66,VALUABLE,,0.92,,,,,,standard,
backtest,2026-05-21 08:58,2025-04-12,League One,Burton,Huddersfield,OVER,1.98,,,4.8,VALUABLE,,1.22,,,,,,standard,
backtest,2026-05-21 08:58,2025-04-12,League Two,Harrogate,Grimsby,OVER,2.22,,,4.37,VALUABLE,,0.9,,,,,,standard,
backtest,2026-05-21 08:58,2025-04-13,Greek Super League,Olympiakos,AEK,OVER,2.22,,,8.29,VALUABLE,,1.7,,,,,,standard,
backtest,2026-05-21 08:58,2025-04-14,La Liga 2,Huesca,Malaga,OVER,2.73,,,7.19,VALUABLE,,1.04,,,,,,standard,
backtest,2026-05-21 08:58,2025-04-18,League One,Charlton,Northampton,OVER,1.93,,,7.0,VALUABLE,,1.88,,,,,,standard,
backtest,2026-05-21 08:58,2025-04-18,Ligue 2,Ajaccio,Pau FC,OVER,2.19,,,6.58,VALUABLE,,1.38,,,,,,standard,
backtest,2026-05-21 08:58,2025-04-18,La Liga 2,Castellon,Almeria,UNDER,2.33,,,4.05,VALUABLE,,0.76,,,,,,standard,
backtest,2026-05-21 08:58,2025-04-18,La Liga 2,Sp Gijon,Mirandes,OVER,2.42,,,6.32,VALUABLE,,1.11,,,,,,standard,
backtest,2026-05-21 08:58,2025-04-18,League One,Peterboro,Stockport,OVER,1.85,,,9.01,VALUABLE,,2.65,,,,,,standard,
backtest,2026-05-21 08:58,2025-04-18,League One,Rotherham,Mansfield,OVER,1.91,,,6.45,VALUABLE,,1.77,,,,,,standard,
backtest,2026-05-21 08:58,2025-04-19,Bundesliga 2,Nurnberg,Paderborn,UNDER,2.36,,,4.6,VALUABLE,,0.84,,,,,,standard,
backtest,2026-05-21 08:58,2025-04-19,La Liga 2,Burgos,Cadiz,OVER,3.06,,,11.78,SNIPER,,1.43,,,,,,standard,
backtest,2026-05-21 08:58,2025-04-20,Bundesliga 2,Karlsruhe,Greuther Furth,UNDER,2.2,,,4.61,VALUABLE,,0.96,,,,,,standard,
backtest,2026-05-21 08:58,2025-04-20,Bundesliga 2,Magdeburg,Regensburg,UNDER,2.56,,,5.47,VALUABLE,,0.88,,,,,,standard,
backtest,2026-05-21 08:58,2025-04-20,Bundesliga 2,FC Koln,Preußen Münster,UNDER,2.61,,,9.44,VALUABLE,,1.47,,,,,,standard,
backtest,2026-05-21 08:58,2025-04-21,League One,Stockport,Huddersfield,OVER,2.0,,,4.88,VALUABLE,,1.22,,,,,,standard,
backtest,2026-05-21 08:58,2025-04-21,La Liga 2,Eibar,Malaga,OVER,2.51,,,4.11,VALUABLE,,0.68,,,,,,standard,
backtest,2026-05-21 08:58,2025-04-21,League One,Bristol Rvs,Stevenage,OVER,2.41,,,5.13,VALUABLE,,0.91,,,,,,standard,
backtest,2026-05-21 08:58,2025-04-21,League Two,Notts County,Cheltenham,UNDER,2.34,,,7.41,VALUABLE,,1.38,,,,,,standard,
backtest,2026-05-21 08:58,2025-04-21,League Two,Port Vale,Grimsby,OVER,2.27,,,8.58,VALUABLE,,1.69,,,,,,standard,
backtest,2026-05-21 08:58,2025-04-23,Greek Super League,Athens Kallithea,Levadeiakos,OVER,2.29,,,8.71,VALUABLE,,1.69,,,,,,standard,
backtest,2026-05-21 08:58,2025-04-23,Greek Super League,Panserraikos,Panetolikos,OVER,2.33,,,6.7,VALUABLE,,1.26,,,,,,standard,
backtest,2026-05-21 08:58,2025-04-26,La Liga 2,Mirandes,Burgos,OVER,2.74,,,12.18,SNIPER,,1.75,,,,,,standard,
backtest,2026-05-21 08:58,2025-04-26,La Liga 2,Granada,Elche,OVER,2.27,,,5.08,VALUABLE,,1.0,,,,,,standard,
backtest,2026-05-21 08:58,2025-04-26,League One,Leyton Orient,Wycombe,OVER,2.04,,,8.28,VALUABLE,,1.99,,,,,,standard,
backtest,2026-05-21 08:58,2025-04-26,League One,Burton,Cambridge,OVER,2.05,,,5.08,VALUABLE,,1.21,,,,,,standard,
backtest,2026-05-21 08:58,2025-04-26,League One,Wrexham,Charlton,OVER,2.51,,,8.52,VALUABLE,,1.41,,,,,,standard,
backtest,2026-05-21 08:58,2025-04-27,La Liga 2,Tenerife,Eibar,OVER,2.73,,,10.51,SNIPER,,1.52,,,,,,standard,
backtest,2026-05-21 08:58,2025-04-28,Greek Super League,Panetolikos,Athens Kallithea,OVER,2.32,,,5.75,VALUABLE,,1.09,,,,,,standard,
backtest,2026-05-21 08:58,2025-04-29,League One,Burton,Wigan,OVER,2.62,,,8.63,VALUABLE,,1.33,,,,,,standard,
backtest,2026-05-21 08:58,2025-05-02,Bundesliga 2,Magdeburg,Preußen Münster,UNDER,2.75,,,7.76,VALUABLE,,1.11,,,,,,standard,
backtest,2026-05-21 08:58,2025-05-03,League Two,Bromley,Cheltenham,UNDER,2.37,,,4.28,VALUABLE,,0.78,,,,,,standard,
backtest,2026-05-21 08:58,2025-05-03,League One,Lincoln,Wrexham,OVER,2.01,,,6.05,VALUABLE,,1.5,,,,,,standard,
backtest,2026-05-21 08:58,2025-05-03,Bundesliga 2,Darmstadt,Hamburg,UNDER,2.82,,,9.87,VALUABLE,,1.36,,,,,,standard,
backtest,2026-05-21 08:58,2025-05-03,League One,Reading,Barnsley,UNDER,2.43,,,5.32,VALUABLE,,0.93,,,,,,standard,
backtest,2026-05-21 08:58,2025-05-03,La Liga 2,Burgos,Elche,OVER,2.68,,,7.68,VALUABLE,,1.14,,,,,,standard,
backtest,2026-05-21 08:58,2025-05-03,Greek Super League,OFI Crete,Aris,UNDER,2.17,,,8.57,VALUABLE,,1.83,,,,,,standard,
backtest,2026-05-21 08:58,2025-05-03,La Liga 2,Eibar,Mirandes,OVER,2.78,,,5.39,VALUABLE,,0.76,,,,,,standard,
backtest,2026-05-21 08:58,2025-05-03,Bundesliga 2,FC Koln,Regensburg,UNDER,2.8,,,5.16,VALUABLE,,0.72,,,,,,standard,
backtest,2026-05-21 08:58,2025-05-03,League One,Rotherham,Peterboro,UNDER,2.8,,,10.89,SNIPER,,1.51,,,,,,standard,
backtest,2026-05-21 08:58,2025-05-03,La Liga 2,Huesca,Oviedo,OVER,2.88,,,6.23,VALUABLE,,0.83,,,,,,standard,
backtest,2026-05-21 08:58,2025-05-05,La Liga 2,Castellon,Sp Gijon,OVER,1.85,,,5.08,VALUABLE,,1.49,,,,,,standard,
backtest,2026-05-21 08:58,2025-05-09,Bundesliga 2,Preußen Münster,Hertha,UNDER,2.39,,,8.77,VALUABLE,,1.58,,,,,,standard,
backtest,2026-05-21 08:58,2025-05-10,Greek Super League,Atromitos,OFI Crete,UNDER,2.18,,,12.48,SNIPER,,2.64,,,,,,standard,
backtest,2026-05-21 08:58,2025-05-10,Greek Super League,Aris,Asteras Tripolis,UNDER,1.85,,,4.18,VALUABLE,,1.23,,,,,,standard,
backtest,2026-05-21 08:58,2025-05-11,Bundesliga 2,Kaiserslautern,Darmstadt,UNDER,2.86,,,6.42,VALUABLE,,0.86,,,,,,standard,
backtest,2026-05-21 08:58,2025-05-17,La Liga 2,Eibar,Burgos,OVER,2.52,,,4.14,VALUABLE,,0.68,,,,,,standard,
backtest,2026-05-21 08:58,2025-05-18,Bundesliga 2,Greuther Furth,Hamburg,UNDER,2.91,,,10.14,SNIPER,,1.33,,,,,,standard,
backtest,2026-05-21 08:58,2025-05-18,Bundesliga 2,Darmstadt,Regensburg,UNDER,2.69,,,4.21,VALUABLE,,0.62,,,,,,standard,
backtest,2026-05-21 08:58,2025-05-18,La Liga 2,Ferrol,Cadiz,OVER,2.47,,,9.08,VALUABLE,,1.54,,,,,,standard,
backtest,2026-05-21 08:58,2025-05-25,La Liga 2,Burgos,Levante,OVER,2.23,,,4.27,VALUABLE,,0.87,,,,,,standard,
backtest,2026-05-21 08:58,2025-05-25,La Liga 2,Eldense,Santander,UNDER,2.28,,,4.91,VALUABLE,,0.96,,,,,,standard,
backtest,2026-05-21 08:58,2025-05-25,La Liga 2,Cadiz,Huesca,OVER,2.17,,,7.8,VALUABLE,,1.67,,,,,,standard,
backtest,2026-05-21 08:58,2025-05-31,La Liga 2,Malaga,Burgos,OVER,2.19,,,8.15,VALUABLE,,1.71,,,,,,standard,
backtest,2026-05-21 08:58,2025-08-02,League Two,Chesterfield,Barrow,OVER,2.0,,,4.31,VALUABLE,,1.08,LOSS,-1.0,,,,standard,
backtest,2026-05-21 08:58,2025-08-02,League One,Burton,Mansfield,OVER,2.12,,,7.75,VALUABLE,,1.73,WIN,1.12,,,,standard,
backtest,2026-05-21 08:58,2025-08-02,League One,Huddersfield,Leyton Orient,OVER,1.98,,,5.72,VALUABLE,,1.46,WIN,0.98,,,,standard,
backtest,2026-05-21 08:58,2025-08-02,League Two,Bristol Rvs,Harrogate,OVER,2.03,,,6.1,VALUABLE,,1.48,LOSS,-1.0,,,,standard,
backtest,2026-05-21 08:58,2025-08-02,League One,Cardiff,Peterboro,UNDER,2.24,,,4.13,VALUABLE,,0.83,LOSS,-1.0,,,,standard,
backtest,2026-05-21 08:58,2025-08-03,Bundesliga 2,Greuther Furth,Dresden,OVER,1.72,,,9.68,VALUABLE,,3.36,WIN,0.72,,,,standard,
backtest,2026-05-21 08:58,2025-08-03,Bundesliga 2,Hannover,Kaiserslautern,UNDER,2.26,,,7.66,VALUABLE,,1.52,WIN,1.26,,,,standard,
backtest,2026-05-21 08:58,2025-08-03,Bundesliga 2,Magdeburg,Braunschweig,UNDER,2.43,,,5.49,VALUABLE,,0.96,WIN,1.43,,,,standard,
backtest,2026-05-21 08:58,2025-08-09,League One,Wycombe,Stockport,OVER,2.17,,,5.78,VALUABLE,,1.24,WIN,1.17,,,,standard,
backtest,2026-05-21 08:58,2025-08-09,League Two,Harrogate,Grimsby,OVER,2.03,,,4.32,VALUABLE,,1.05,WIN,1.03,,,,standard,
backtest,2026-05-21 08:58,2025-08-09,League One,Northampton,Bradford,OVER,2.1,,,5.96,VALUABLE,,1.35,LOSS,-1.0,,,,standard,
backtest,2026-05-21 08:58,2025-08-09,League One,Leyton Orient,Wigan,OVER,2.26,,,4.49,VALUABLE,,0.89,LOSS,-1.0,,,,standard,
backtest,2026-05-21 08:58,2025-08-09,Ligue 2,Laval,St Etienne,OVER,2.06,,,4.7,VALUABLE,,1.11,WIN,1.06,,,,standard,
backtest,2026-05-21 08:58,2025-08-09,Ligue 2,Rodez,Nancy,OVER,1.97,,,18.62,SNIPER,,4.8,LOSS,-1.0,,,,standard,
backtest,2026-05-21 08:58,2025-08-15,La Liga 2,Burgos,Cultural Leonesa,OVER,2.55,,,7.81,VALUABLE,,1.26,WIN,1.55,,,,standard,
backtest,2026-05-21 08:58,2025-08-16,League One,Reading,AFC Wimbledon,OVER,2.3,,,4.28,VALUABLE,,0.82,WIN,1.3,,,,standard,
backtest,2026-05-21 08:58,2025-08-16,League One,Exeter,Mansfield,OVER,2.01,,,6.67,VALUABLE,,1.65,WIN,1.01,,,,standard,
backtest,2026-05-21 08:58,2025-08-16,La Liga 2,Santander,Castellon,UNDER,2.27,,,8.59,VALUABLE,,1.69,LOSS,-1.0,,,,standard,
backtest,2026-05-21 08:58,2025-08-16,Ligue 2,Reims,Guingamp,OVER,1.99,,,20.69,SNIPER,,5.22,LOSS,-1.0,,,,standard,
backtest,2026-05-21 08:58,2025-08-17,La Liga 2,Cadiz,Mirandes,OVER,2.1,,,5.01,VALUABLE,,1.14,LOSS,-1.0,,,,standard,
backtest,2026-05-21 08:58,2025-08-17,La Liga 2,Huesca,Leganes,OVER,2.81,,,20.55,SNIPER,,2.84,LOSS,-1.0,,,,standard,
backtest,2026-05-21 08:58,2025-08-19,League One,Port Vale,Stevenage,OVER,2.5,,,4.42,VALUABLE,,0.74,WIN,1.5,,,,standard,
backtest,2026-05-21 08:58,2025-08-19,League Two,Harrogate,Barrow,OVER,2.34,,,5.89,VALUABLE,,1.1,LOSS,-1.0,,,,standard,
backtest,2026-05-21 08:58,2025-08-19,League One,Mansfield,Blackpool,OVER,1.99,,,6.17,VALUABLE,,1.56,LOSS,-1.0,,,,standard,
backtest,2026-05-21 08:58,2025-08-19,League One,Wycombe,Exeter,OVER,1.95,,,4.24,VALUABLE,,1.12,LOSS,-1.0,,,,standard,
backtest,2026-05-21 08:58,2025-08-20,League One,Bolton,Reading,UNDER,2.26,,,9.51,VALUABLE,,1.89,WIN,1.26,,,,standard,
backtest,2026-05-21 08:58,2025-08-22,Ligue 2,Le Mans,Bastia,OVER,2.31,,,8.56,VALUABLE,,1.63,LOSS,-1.0,,,,standard,
backtest,2026-05-21 08:58,2025-08-22,Ligue 2,Amiens,Annecy,OVER,2.21,,,5.97,VALUABLE,,1.23,LOSS,-1.0,,,,standard,
backtest,2026-05-21 08:58,2025-08-23,La Liga 2,Mirandes,Huesca,OVER,2.99,,,9.58,VALUABLE,,1.2,LOSS,-1.0,,,,standard,
backtest,2026-05-21 08:58,2025-08-23,La Liga 2,Ceuta,Sp Gijon,OVER,2.25,,,11.5,SNIPER,,2.3,LOSS,-1.0,,,,standard,
backtest,2026-05-21 08:58,2025-08-23,League One,Northampton,Exeter,OVER,2.27,,,5.36,VALUABLE,,1.06,LOSS,-1.0,,,,standard,
backtest,2026-05-21 08:58,2025-08-23,Bundesliga 2,Karlsruhe,Braunschweig,UNDER,2.33,,,6.1,VALUABLE,,1.15,WIN,1.33,,,,standard,
backtest,2026-05-21 08:58,2025-08-23,Greek Super League,Panetolikos,Atromitos,OVER,2.49,,,9.71,VALUABLE,,1.63,LOSS,-1.0,,,,standard,
backtest,2026-05-21 08:58,2025-08-23,League Two,Bristol Rvs,Cambridge,OVER,2.17,,,5.77,VALUABLE,,1.23,LOSS,-1.0,,,,standard,
backtest,2026-05-21 08:58,2025-08-25,Greek Super League,Levadeiakos,Kifisia,OVER,2.33,,,7.74,VALUABLE,,1.46,WIN,1.33,,,,standard,
backtest,2026-05-21 08:58,2025-08-30,League Two,Chesterfield,Crawley Town,UNDER,2.15,,,5.56,VALUABLE,,1.21,LOSS,-1.0,,,,standard,
backtest,2026-05-21 08:58,2025-08-30,Greek Super League,Larisa,Kifisia,OVER,2.72,,,8.92,VALUABLE,,1.3,LOSS,-1.0,,,,standard,
backtest,2026-05-21 08:58,2025-08-30,League One,Bradford,AFC Wimbledon,OVER,2.22,,,8.6,VALUABLE,,1.76,WIN,1.22,,,,standard,
backtest,2026-05-21 08:58,2025-08-30,League One,Stevenage,Wycombe,OVER,2.31,,,4.12,VALUABLE,,0.79,LOSS,-1.0,,,,standard,
backtest,2026-05-21 08:58,2025-08-31,La Liga 2,Granada,Mirandes,OVER,2.25,,,4.43,VALUABLE,,0.89,WIN,1.25,,,,standard,
backtest,2026-05-21 08:58,2025-08-31,La Liga 2,Andorra,Burgos,OVER,2.44,,,5.7,VALUABLE,,0.99,WIN,1.44,,,,standard,
backtest,2026-05-21 08:58,2025-09-01,La Liga 2,Huesca,Eibar,OVER,3.39,,,13.24,SNIPER,,1.38,WIN,2.39,,,,standard,
backtest,2026-05-21 08:58,2025-09-05,La Liga 2,Albacete,Mirandes,OVER,2.07,,,4.7,VALUABLE,,1.1,WIN,1.07,,,,standard,
backtest,2026-05-21 08:58,2025-09-06,La Liga 2,Malaga,Granada,OVER,2.24,,,10.44,SNIPER,,2.11,WIN,1.24,,,,standard,
backtest,2026-05-21 08:58,2025-09-06,League Two,Harrogate,Crawley Town,UNDER,1.86,,,4.83,VALUABLE,,1.4,WIN,0.86,,,,standard,
backtest,2026-05-21 08:58,2025-09-06,League Two,Bromley,Gillingham,OVER,2.32,,,6.13,VALUABLE,,1.16,WIN,1.32,,,,standard,
backtest,2026-05-21 08:58,2025-09-07,La Liga 2,Almeria,Santander,UNDER,2.31,,,4.6,VALUABLE,,0.88,LOSS,-1.0,,,,standard,
backtest,2026-05-21 08:58,2025-09-07,La Liga 2,Sociedad B,Cadiz,OVER,2.44,,,9.13,VALUABLE,,1.59,WIN,1.44,,,,standard,
backtest,2026-05-21 08:58,2025-09-07,La Liga 2,Ceuta,Huesca,OVER,2.71,,,11.31,SNIPER,,1.65,WIN,1.71,,,,standard,
backtest,2026-05-21 08:58,2025-09-08,La Liga 2,Eibar,Andorra,OVER,2.35,,,5.98,VALUABLE,,1.11,LOSS,-1.0,,,,standard,
backtest,2026-05-21 08:58,2025-09-12,Ligue 2,Troyes,Nancy,OVER,2.11,,,4.81,VALUABLE,,1.08,WIN,1.11,,,,standard,
backtest,2026-05-21 08:58,2025-09-13,La Liga 2,Huesca,Malaga,OVER,2.67,,,7.51,VALUABLE,,1.12,LOSS,-1.0,,,,standard,
backtest,2026-05-21 08:58,2025-09-13,La Liga 2,Cadiz,Eibar,OVER,2.51,,,5.12,VALUABLE,,0.85,LOSS,-1.0,,,,standard,
backtest,2026-05-21 08:58,2025-09-13,League One,Barnsley,Reading,UNDER,2.31,,,8.64,VALUABLE,,1.65,LOSS,-1.0,,,,standard,
backtest,2026-05-21 08:58,2025-09-13,Greek Super League,Olympiakos,Panserraikos,UNDER,2.93,,,4.76,VALUABLE,,0.62,LOSS,-1.0,,,,standard,
backtest,2026-05-21 08:58,2025-09-13,La Liga 2,Mirandes,La Coruna,OVER,2.23,,,9.06,VALUABLE,,1.84,WIN,1.23,,,,standard,
backtest,2026-05-21 08:58,2025-09-13,League Two,Gillingham,Notts County,OVER,2.09,,,4.26,VALUABLE,,0.98,LOSS,-1.0,,,,standard,
backtest,2026-05-21 08:58,2025-09-13,Bundesliga 2,Hannover,Hertha,UNDER,2.3,,,6.07,VALUABLE,,1.17,LOSS,-1.0,,,,standard,
backtest,2026-05-21 08:58,2025-09-14,La Liga 2,Granada,Leganes,OVER,2.28,,,8.06,VALUABLE,,1.57,LOSS,-1.0,,,,standard,
backtest,2026-05-21 08:58,2025-09-14,La Liga 2,Sp Gijon,Burgos,OVER,2.55,,,8.02,VALUABLE,,1.29,WIN,1.55,,,,standard,
backtest,2026-05-21 08:58,2025-09-19,Ligue 2,Nancy,Red Star,OVER,2.21,,,6.26,VALUABLE,,1.29,LOSS,-1.0,,,,standard,
backtest,2026-05-21 08:58,2025-09-19,Bundesliga 2,Bielefeld,Greuther Furth,UNDER,2.66,,,10.56,SNIPER,,1.59,LOSS,-1.0,,,,standard,
backtest,2026-05-21 08:58,2025-09-20,League One,Blackpool,Barnsley,UNDER,2.48,,,5.24,VALUABLE,,0.88,WIN,1.48,,,,standard,
backtest,2026-05-21 08:58,2025-09-20,League One,Doncaster,AFC Wimbledon,OVER,2.19,,,4.76,VALUABLE,,1.0,WIN,1.19,,,,standard,
backtest,2026-05-21 08:58,2025-09-22,La Liga 2,Burgos,Granada,OVER,2.47,,,10.44,SNIPER,,1.78,LOSS,-1.0,,,,standard,
backtest,2026-05-21 08:58,2025-09-26,La Liga 2,Mirandes,Zaragoza,OVER,2.44,,,5.11,VALUABLE,,0.89,LOSS,-1.0,,,,standard,
backtest,2026-05-21 08:58,2025-09-26,Ligue 2,Clermont,Le Mans,OVER,2.2,,,7.44,VALUABLE,,1.55,LOSS,-1.0,,,,standard,
backtest,2026-05-21 08:58,2025-09-27,La Liga 2,Eibar,La Coruna,OVER,2.09,,,4.46,VALUABLE,,1.02,LOSS,-1.0,,,,standard,
backtest,2026-05-21 08:58,2025-09-27,Bundesliga 2,Karlsruhe,Magdeburg,UNDER,2.48,,,6.67,VALUABLE,,1.13,WIN,1.48,,,,standard,
backtest,2026-05-21 08:58,2025-09-27,Greek Super League,Olympiakos,Levadeiakos,UNDER,2.1,,,6.36,VALUABLE,,1.45,LOSS,-1.0,,,,standard,
backtest,2026-05-21 08:58,2025-09-28,La Liga 2,Burgos,Malaga,OVER,2.74,,,8.11,VALUABLE,,1.17,WIN,1.74,,,,standard,
backtest,2026-05-21 08:58,2025-09-28,La Liga 2,Huesca,Granada,OVER,2.59,,,6.0,VALUABLE,,0.94,LOSS,-1.0,,,,standard,
backtest,2026-05-21 08:58,2025-09-28,Greek Super League,AEK,Volos NFC,UNDER,2.1,,,6.5,VALUABLE,,1.48,WIN,1.1,,,,standard,
backtest,2026-05-21 08:58,2025-09-29,Ligue 2,Boulogne,Red Star,OVER,2.29,,,4.58,VALUABLE,,0.89,WIN,1.29,,,,standard,
backtest,2026-05-21 08:58,2025-10-03,La Liga 2,Ceuta,Eibar,OVER,2.24,,,4.36,VALUABLE,,0.88,LOSS,-1.0,,,,standard,
backtest,2026-05-21 08:58,2025-10-04,League Two,Notts County,Oldham,OVER,1.94,,,6.27,VALUABLE,,1.67,WIN,0.94,,,,standard,
backtest,2026-05-21 08:58,2025-10-04,League One,Blackpool,AFC Wimbledon,OVER,2.29,,,5.96,VALUABLE,,1.16,LOSS,-1.0,,,,standard,
backtest,2026-05-21 08:58,2025-10-04,La Liga 2,Huesca,Burgos,OVER,3.06,,,12.93,SNIPER,,1.57,WIN,2.06,,,,standard,
backtest,2026-05-21 08:58,2025-10-05,Bundesliga 2,Magdeburg,Elversberg,UNDER,2.57,,,9.39,VALUABLE,,1.5,LOSS,-1.0,,,,standard,
backtest,2026-05-21 08:58,2025-10-11,League Two,Shrewsbury,Cambridge,OVER,2.34,,,4.87,VALUABLE,,0.91,LOSS,-1.0,,,,standard,
backtest,2026-05-21 08:58,2025-10-11,La Liga 2,Mirandes,Leganes,OVER,2.55,,,5.84,VALUABLE,,0.94,LOSS,-1.0,,,,standard,
backtest,2026-05-21 08:58,2025-10-11,League One,Wigan,Wycombe,OVER,2.12,,,8.74,VALUABLE,,1.95,LOSS,-1.0,,,,standard,
backtest,2026-05-21 08:58,2025-10-12,La Liga 2,Cadiz,Huesca,OVER,2.6,,,5.71,VALUABLE,,0.89,LOSS,-1.0,,,,standard,
backtest,2026-05-21 08:58,2025-10-12,La Liga 2,Burgos,Valladolid,OVER,2.54,,,7.81,VALUABLE,,1.27,LOSS,-1.0,,,,standard,
backtest,2026-05-21 08:58,2025-10-17,Ligue 2,Troyes,Bastia,OVER,2.13,,,10.3,SNIPER,,2.28,LOSS,-1.0,,,,standard,
backtest,2026-05-21 08:58,2025-10-17,Ligue 2,Clermont,Annecy,OVER,2.4,,,7.15,VALUABLE,,1.28,LOSS,-1.0,,,,standard,
backtest,2026-05-21 08:58,2025-10-17,Ligue 2,Boulogne,Guingamp,OVER,2.16,,,5.28,VALUABLE,,1.14,WIN,1.16,,,,standard,
backtest,2026-05-21 08:58,2025-10-18,League One,Cardiff,Reading,UNDER,2.13,,,4.53,VALUABLE,,1.0,LOSS,-1.0,,,,standard,
backtest,2026-05-21 08:58,2025-10-18,League One,Doncaster,Northampton,OVER,2.14,,,5.52,VALUABLE,,1.21,WIN,1.14,,,,standard,
backtest,2026-05-21 08:58,2025-10-19,Bundesliga 2,Darmstadt,Magdeburg,UNDER,2.45,,,4.8,VALUABLE,,0.83,WIN,1.45,,,,standard,
backtest,2026-05-21 08:58,2025-10-19,La Liga 2,Las Palmas,Eibar,OVER,2.68,,,6.42,VALUABLE,,0.96,WIN,1.68,,,,standard,
backtest,2026-05-21 08:58,2025-10-19,La Liga 2,Valladolid,Sp Gijon,OVER,2.09,,,4.12,VALUABLE,,0.95,WIN,1.09,,,,standard,
backtest,2026-05-21 08:58,2025-10-20,La Liga 2,Cadiz,Burgos,OVER,2.77,,,5.78,VALUABLE,,0.82,WIN,1.77,,,,standard,
backtest,2026-05-21 08:58,2025-10-24,La Liga 2,Huesca,Las Palmas,OVER,3.03,,,5.58,VALUABLE,,0.69,LOSS,-1.0,,,,standard,
backtest,2026-05-21 08:58,2025-10-24,Ligue 2,Le Mans,Boulogne,OVER,2.36,,,4.67,VALUABLE,,0.86,LOSS,-1.0,,,,standard,
backtest,2026-05-21 08:58,2025-10-25,Bundesliga 2,Dresden,Paderborn,UNDER,2.28,,,6.85,VALUABLE,,1.34,LOSS,-1.0,,,,standard,
backtest,2026-05-21 08:58,2025-10-25,League One,AFC Wimbledon,Burton,OVER,2.33,,,5.37,VALUABLE,,1.01,LOSS,-1.0,,,,standard,
backtest,2026-05-21 08:58,2025-10-26,Bundesliga 2,Braunschweig,Hannover,OVER,1.8,,,8.8,VALUABLE,,2.75,WIN,0.8,,,,standard,
backtest,2026-05-21 08:58,2025-10-28,Ligue 2,Boulogne,Reims,OVER,2.08,,,4.13,VALUABLE,,0.96,WIN,1.08,,,,standard,
backtest,2026-05-21 08:58,2025-10-31,Ligue 2,Annecy,Boulogne,OVER,2.48,,,5.83,VALUABLE,,0.98,LOSS,-1.0,,,,standard,
backtest,2026-05-21 08:58,2025-11-01,La Liga 2,Leganes,Burgos,OVER,2.71,,,7.05,VALUABLE,,1.03,WIN,1.71,,,,standard,
backtest,2026-05-21 08:58,2025-11-02,La Liga 2,Sp Gijon,Las Palmas,OVER,2.85,,,6.15,VALUABLE,,0.83,LOSS,-1.0,,,,standard,
backtest,2026-05-21 08:58,2025-11-03,Greek Super League,Asteras Tripolis,OFI Crete,OVER,1.93,,,4.65,VALUABLE,,1.25,WIN,0.93,,,,standard,
backtest,2026-05-21 08:58,2025-11-07,La Liga 2,Mirandes,Sp Gijon,OVER,2.39,,,4.36,VALUABLE,,0.78,WIN,1.39,,,,standard,
backtest,2026-05-21 08:58,2025-11-08,League Two,Swindon,Tranmere,UNDER,1.98,,,5.84,VALUABLE,,1.49,LOSS,-1.0,,,,standard,
backtest,2026-05-21 08:58,2025-11-08,League Two,Barrow,Grimsby,OVER,1.91,,,4.8,VALUABLE,,1.32,WIN,0.91,,,,standard,
backtest,2026-05-21 08:58,2025-11-09,Bundesliga 2,Holstein Kiel,Fortuna Dusseldorf,UNDER,2.24,,,5.54,VALUABLE,,1.12,WIN,1.24,,,,standard,
backtest,2026-05-21 08:58,2025-11-09,Bundesliga 2,Magdeburg,Paderborn,UNDER,2.38,,,6.51,VALUABLE,,1.18,WIN,1.38,,,,standard,
backtest,2026-05-21 08:58,2025-11-15,La Liga 2,Castellon,Sociedad B,UNDER,2.22,,,5.14,VALUABLE,,1.05,LOSS,-1.0,,,,standard,
backtest,2026-05-21 08:58,2025-11-16,La Liga 2,Zaragoza,Huesca,OVER,2.78,,,4.13,VALUABLE,,0.58,LOSS,-1.0,,,,standard,
backtest,2026-05-21 08:58,2025-11-16,La Liga 2,Mirandes,Burgos,OVER,2.75,,,7.48,VALUABLE,,1.07,LOSS,-1.0,,,,standard,
backtest,2026-05-21 08:58,2025-11-16,La Liga 2,Sp Gijon,Eibar,OVER,2.41,,,6.31,VALUABLE,,1.12,LOSS,-1.0,,,,standard,
backtest,2026-05-21 08:58,2025-11-22,League Two,Barrow,Cambridge,OVER,2.44,,,4.74,VALUABLE,,0.82,LOSS,-1.0,,,,standard,
backtest,2026-05-21 08:58,2025-11-22,Bundesliga 2,Fortuna Dusseldorf,Magdeburg,UNDER,2.48,,,5.17,VALUABLE,,0.87,LOSS,-1.0,,,,standard,
backtest,2026-05-21 08:58,2025-11-23,La Liga 2,Malaga,Mirandes,OVER,2.17,,,7.83,VALUABLE,,1.67,WIN,1.17,,,,standard,
backtest,2026-05-21 08:58,2025-11-23,La Liga 2,Huesca,Sp Gijon,OVER,2.97,,,7.36,VALUABLE,,0.93,LOSS,-1.0,,,,standard,
backtest,2026-05-21 08:58,2025-11-29,League One,Huddersfield,AFC Wimbledon,OVER,1.92,,,5.23,VALUABLE,,1.42,WIN,0.92,,,,standard,
backtest,2026-05-21 08:58,2025-11-29,La Liga 2,Ceuta,Burgos,OVER,2.63,,,7.11,VALUABLE,,1.09,LOSS,-1.0,,,,standard,
backtest,2026-05-21 08:58,2025-11-29,League Two,Salford,Crawley Town,UNDER,2.34,,,6.39,VALUABLE,,1.19,LOSS,-1.0,,,,standard,
backtest,2026-05-21 08:58,2025-11-29,League Two,Barnet,Harrogate,UNDER,2.15,,,4.82,VALUABLE,,1.05,WIN,1.15,,,,standard,
backtest,2026-05-21 08:58,2025-12-05,Ligue 2,Bastia,Red Star,OVER,2.38,,,8.48,VALUABLE,,1.54,,,,,,standard,
backtest,2026-05-21 08:58,2025-12-07,La Liga 2,Granada,Ceuta,OVER,2.17,,,6.15,VALUABLE,,1.31,LOSS,-1.0,,,,standard,
backtest,2026-05-21 08:58,2025-12-07,La Liga 2,Leganes,Cordoba,OVER,2.1,,,5.87,VALUABLE,,1.33,LOSS,-1.0,,,,standard,
backtest,2026-05-21 08:58,2025-12-07,Bundesliga 2,Hertha,Magdeburg,UNDER,2.48,,,6.98,VALUABLE,,1.18,WIN,1.48,,,,standard,
backtest,2026-05-21 08:58,2025-12-09,League Two,Cambridge,Chesterfield,OVER,2.3,,,7.02,VALUABLE,,1.35,LOSS,-1.0,,,,standard,
backtest,2026-05-21 08:58,2025-12-09,League Two,Fleetwood Town,Salford,UNDER,2.7,,,13.27,SNIPER,,1.95,WIN,1.7,,,,standard,
backtest,2026-05-21 08:58,2025-12-09,League Two,Bromley,Crawley Town,UNDER,2.9,,,6.31,VALUABLE,,0.83,LOSS,-1.0,,,,standard,
backtest,2026-05-21 08:58,2025-12-09,League One,Northampton,Huddersfield,OVER,2.7,,,15.28,SNIPER,,2.25,LOSS,-1.0,,,,standard,
backtest,2026-05-21 08:58,2025-12-12,La Liga 2,Cultural Leonesa,Huesca,OVER,2.58,,,4.86,VALUABLE,,0.77,LOSS,-1.0,,,,standard,
backtest,2026-05-21 08:58,2025-12-13,Bundesliga 2,Magdeburg,Holstein Kiel,UNDER,2.26,,,9.27,VALUABLE,,1.84,LOSS,-1.0,,,,standard,
backtest,2026-05-21 08:58,2025-12-13,League One,AFC Wimbledon,Mansfield,OVER,2.12,,,5.33,VALUABLE,,1.19,LOSS,-1.0,,,,standard,
backtest,2026-05-21 08:58,2025-12-13,League One,Peterboro,Northampton,OVER,2.08,,,5.71,VALUABLE,,1.32,WIN,1.08,,,,standard,
backtest,2026-05-21 08:58,2025-12-19,League One,Northampton,AFC Wimbledon,OVER,2.42,,,6.33,VALUABLE,,1.11,WIN,1.42,,,,standard,
backtest,2026-05-21 08:58,2025-12-19,La Liga 2,Eibar,Valladolid,OVER,2.56,,,6.4,VALUABLE,,1.03,WIN,1.56,,,,standard,
backtest,2026-05-21 08:58,2025-12-20,Bundesliga 2,Fortuna Dusseldorf,Greuther Furth,UNDER,2.33,,,4.68,VALUABLE,,0.88,LOSS,-1.0,,,,standard,
backtest,2026-05-21 08:58,2025-12-21,La Liga 2,Burgos,Zaragoza,OVER,2.71,,,6.86,VALUABLE,,1.0,LOSS,-1.0,,,,standard,
backtest,2026-05-21 08:58,2025-12-26,League One,AFC Wimbledon,Stevenage,OVER,2.78,,,5.58,VALUABLE,,0.78,LOSS,-1.0,,,,standard,
backtest,2026-05-21 08:58,2025-12-26,League Two,Milton Keynes Dons,Swindon,OVER,2.08,,,4.24,VALUABLE,,0.98,LOSS,-1.0,,,,standard,
backtest,2026-05-21 08:58,2025-12-29,League One,Burton,Wigan,OVER,2.13,,,7.61,VALUABLE,,1.68,LOSS,-1.0,,,,standard,
backtest,2026-05-21 08:58,2026-01-01,League One,Leyton Orient,AFC Wimbledon,OVER,2.04,,,5.54,VALUABLE,,1.33,WIN,1.04,,,,standard,
backtest,2026-05-21 08:58,2026-01-03,La Liga 2,Valladolid,Santander,UNDER,2.02,,,4.18,VALUABLE,,1.02,WIN,1.02,,,,standard,
backtest,2026-05-21 08:58,2026-01-10,La Liga 2,Burgos,Eibar,OVER,3.12,,,10.41,SNIPER,,1.23,LOSS,-1.0,,,,standard,
backtest,2026-05-21 08:58,2026-01-10,League One,Luton,Stevenage,OVER,2.4,,,4.65,VALUABLE,,0.83,WIN,1.4,,,,standard,
backtest,2026-05-21 08:58,2026-01-10,La Liga 2,Santander,Zaragoza,UNDER,2.02,,,4.18,VALUABLE,,1.02,LOSS,-1.0,,,,standard,
backtest,2026-05-21 08:58,2026-01-11,Greek Super League,Panathinaikos,Panserraikos,UNDER,2.32,,,5.17,VALUABLE,,0.98,LOSS,-1.0,,,,standard,
backtest,2026-05-21 08:58,2026-01-16,Bundesliga 2,Braunschweig,Magdeburg,UNDER,2.24,,,7.42,VALUABLE,,1.5,LOSS,-1.0,,,,standard,
backtest,2026-05-21 08:58,2026-01-16,Ligue 2,Laval,Bastia,OVER,2.77,,,10.47,SNIPER,,1.48,LOSS,-1.0,,,,standard,
backtest,2026-05-21 08:58,2026-01-17,La Liga 2,Ceuta,Valladolid,OVER,2.31,,,5.6,VALUABLE,,1.07,WIN,1.31,,,,standard,
backtest,2026-05-21 08:58,2026-01-17,League One,Exeter,Stevenage,OVER,2.46,,,4.44,VALUABLE,,0.76,WIN,1.46,,,,standard,
backtest,2026-05-21 08:58,2026-01-18,La Liga 2,Burgos,Huesca,OVER,2.94,,,8.12,VALUABLE,,1.05,LOSS,-1.0,,,,standard,
backtest,2026-05-21 08:58,2026-01-19,La Liga 2,Granada,Eibar,OVER,2.45,,,5.81,VALUABLE,,1.0,LOSS,-1.0,,,,standard,
backtest,2026-05-21 08:58,2026-01-23,La Liga 2,Malaga,Burgos,OVER,2.5,,,10.02,SNIPER,,1.67,WIN,1.5,,,,standard,
backtest,2026-05-21 08:58,2026-01-24,Ligue 2,Guingamp,Troyes,OVER,2.04,,,4.26,VALUABLE,,1.02,LOSS,-1.0,,,,standard,
backtest,2026-05-21 08:58,2026-01-24,La Liga 2,Sp Gijon,Mirandes,OVER,2.02,,,5.49,VALUABLE,,1.35,WIN,1.02,,,,standard,
backtest,2026-05-21 08:58,2026-01-27,League One,Lincoln,Bradford,OVER,2.1,,,5.24,VALUABLE,,1.19,WIN,1.1,,,,standard,
backtest,2026-05-21 08:58,2026-01-27,League Two,Barnet,Tranmere,UNDER,2.8,,,14.67,SNIPER,,2.04,WIN,1.8,,,,standard,
backtest,2026-05-21 08:58,2026-01-27,League One,Cardiff,Barnsley,UNDER,2.4,,,4.07,VALUABLE,,0.73,LOSS,-1.0,,,,standard,
backtest,2026-05-21 08:58,2026-01-27,League Two,Newport County,Accrington,OVER,2.6,,,9.44,VALUABLE,,1.48,WIN,1.6,,,,standard,
backtest,2026-05-21 08:58,2026-01-31,League Two,Tranmere,Salford,UNDER,1.99,,,5.24,VALUABLE,,1.32,WIN,0.99,,,,standard,
backtest,2026-05-21 08:58,2026-01-31,La Liga 2,Burgos,Leganes,OVER,2.87,,,7.22,VALUABLE,,0.97,WIN,1.87,,,,standard,
backtest,2026-05-21 08:58,2026-01-31,League Two,Oldham,Cambridge,OVER,2.49,,,5.18,VALUABLE,,0.87,WIN,1.49,,,,standard,
backtest,2026-05-21 08:58,2026-02-01,La Liga 2,Castellon,Andorra,UNDER,2.25,,,8.52,VALUABLE,,1.7,WIN,1.25,,,,standard,
backtest,2026-05-21 08:58,2026-02-02,La Liga 2,Mirandes,Malaga,OVER,2.25,,,6.05,VALUABLE,,1.21,WIN,1.25,,,,standard,
backtest,2026-05-21 08:58,2026-02-06,La Liga 2,Leganes,Granada,OVER,2.48,,,5.21,VALUABLE,,0.88,LOSS,-1.0,,,,standard,
backtest,2026-05-21 08:58,2026-02-07,Ligue 2,St Etienne,Montpellier,UNDER,2.02,,,6.59,VALUABLE,,1.62,WIN,1.02,,,,standard,
backtest,2026-05-21 08:58,2026-02-07,Ligue 2,Le Mans,Laval,OVER,2.64,,,4.82,VALUABLE,,0.74,LOSS,-1.0,,,,standard,
backtest,2026-05-21 08:58,2026-02-07,La Liga 2,Las Palmas,Burgos,OVER,2.84,,,7.49,VALUABLE,,1.02,LOSS,-1.0,,,,standard,
backtest,2026-05-21 08:58,2026-02-07,League One,Port Vale,Burton,OVER,2.13,,,6.5,VALUABLE,,1.44,WIN,1.13,,,,standard,
backtest,2026-05-21 08:58,2026-02-13,Ligue 2,Laval,Annecy,OVER,2.71,,,4.3,VALUABLE,,0.63,WIN,1.71,,,,standard,
backtest,2026-05-21 08:58,2026-02-14,La Liga 2,Burgos,Cadiz,OVER,2.57,,,7.48,VALUABLE,,1.19,LOSS,-1.0,,,,standard,
backtest,2026-05-21 08:58,2026-02-14,League One,Stevenage,Huddersfield,OVER,2.75,,,6.97,VALUABLE,,1.0,LOSS,-1.0,,,,standard,
backtest,2026-05-21 08:58,2026-02-17,League Two,Cambridge,Colchester,OVER,2.39,,,5.44,VALUABLE,,0.98,LOSS,-1.0,,,,standard,
backtest,2026-05-21 08:58,2026-02-17,League Two,Salford,Newport County,UNDER,2.22,,,8.57,VALUABLE,,1.76,LOSS,-1.0,,,,standard,
backtest,2026-05-21 08:58,2026-02-17,League One,Stevenage,Port Vale,OVER,2.67,,,4.76,VALUABLE,,0.71,WIN,1.67,,,,standard,
backtest,2026-05-21 08:58,2026-02-20,Ligue 2,Boulogne,Clermont,OVER,2.35,,,5.05,VALUABLE,,0.93,LOSS,-1.0,,,,standard,
backtest,2026-05-21 08:58,2026-02-21,Greek Super League,Olympiakos,Panetolikos,UNDER,2.18,,,4.2,VALUABLE,,0.89,WIN,1.18,,,,standard,
backtest,2026-05-21 08:58,2026-02-21,League One,Wycombe,Stevenage,OVER,2.34,,,4.64,VALUABLE,,0.87,WIN,1.34,,,,standard,
backtest,2026-05-21 08:58,2026-02-27,Ligue 2,Grenoble,Boulogne,OVER,2.44,,,4.66,VALUABLE,,0.81,LOSS,-1.0,,,,standard,
backtest,2026-05-21 08:58,2026-02-28,League Two,Cambridge,Milton Keynes Dons,OVER,2.3,,,4.34,VALUABLE,,0.83,LOSS,-1.0,,,,standard,
backtest,2026-05-21 08:58,2026-02-28,League Two,Shrewsbury,Walsall,OVER,2.39,,,8.5,VALUABLE,,1.53,WIN,1.39,,,,standard,
backtest,2026-05-21 08:58,2026-02-28,League One,Stevenage,Stockport,OVER,2.35,,,5.26,VALUABLE,,0.97,WIN,1.35,,,,standard,
backtest,2026-05-21 08:58,2026-02-28,League One,Wigan,Huddersfield,OVER,2.25,,,4.05,VALUABLE,,0.81,LOSS,-1.0,,,,standard,
backtest,2026-05-21 08:58,2026-03-01,Greek Super League,Volos NFC,AEK,UNDER,1.97,,,6.13,VALUABLE,,1.58,LOSS,-1.0,,,,standard,
backtest,2026-05-21 08:58,2026-03-07,Bundesliga 2,Bochum,Kaiserslautern,UNDER,2.32,,,8.76,VALUABLE,,1.66,LOSS,-1.0,,,,standard,
backtest,2026-05-21 08:58,2026-03-07,League One,Barnsley,Exeter,UNDER,2.14,,,6.03,VALUABLE,,1.32,LOSS,-1.0,,,,standard,
backtest,2026-05-21 08:58,2026-03-07,La Liga 2,Burgos,Mirandes,OVER,2.55,,,4.21,VALUABLE,,0.68,LOSS,-1.0,,,,standard,
backtest,2026-05-21 08:58,2026-03-07,League Two,Crawley Town,Swindon,UNDER,2.08,,,4.97,VALUABLE,,1.15,LOSS,-1.0,,,,standard,
backtest,2026-05-21 08:58,2026-03-07,Greek Super League,AEK,Larisa,UNDER,2.23,,,5.59,VALUABLE,,1.14,WIN,1.23,,,,standard,
backtest,2026-05-21 08:58,2026-03-08,Greek Super League,Asteras Tripolis,Panserraikos,OVER,2.16,,,7.37,VALUABLE,,1.59,LOSS,-1.0,,,,standard,
backtest,2026-05-21 08:58,2026-03-10,League One,Stevenage,Leyton Orient,OVER,2.43,,,4.88,VALUABLE,,0.85,WIN,1.43,,,,standard,
backtest,2026-05-21 08:58,2026-03-13,Ligue 2,Bastia,Boulogne,OVER,2.64,,,5.95,VALUABLE,,0.91,LOSS,-1.0,,,,standard,
backtest,2026-05-21 08:58,2026-03-14,Ligue 2,Reims,Rodez,UNDER,2.13,,,6.41,VALUABLE,,1.42,LOSS,-1.0,,,,standard,
backtest,2026-05-21 08:58,2026-03-14,League Two,Barnet,Newport County,UNDER,2.15,,,5.64,VALUABLE,,1.23,LOSS,-1.0,,,,standard,
backtest,2026-05-21 08:58,2026-03-17,League One,Luton,Exeter,UNDER,2.16,,,6.41,VALUABLE,,1.38,LOSS,-1.0,,,,standard,
backtest,2026-05-21 08:58,2026-03-17,League Two,Crawley Town,Barnet,UNDER,1.98,,,4.38,VALUABLE,,1.12,WIN,0.98,,,,standard,
backtest,2026-05-21 08:58,2026-03-18,League Two,Milton Keynes Dons,Colchester,OVER,1.99,,,7.88,VALUABLE,,1.99,LOSS,-1.0,,,,standard,
backtest,2026-05-21 08:58,2026-03-21,League One,Cardiff,Blackpool,UNDER,2.46,,,5.07,VALUABLE,,0.87,WIN,1.46,,,,standard,
backtest,2026-05-21 08:58,2026-03-21,League One,Stevenage,Reading,OVER,2.46,,,5.76,VALUABLE,,0.99,LOSS,-1.0,,,,standard,
backtest,2026-05-21 08:58,2026-03-22,Greek Super League,Olympiakos,Larisa,UNDER,2.66,,,11.05,SNIPER,,1.66,WIN,1.66,,,,standard,
backtest,2026-05-21 08:58,2026-03-22,Greek Super League,AEK,Kifisia,UNDER,2.45,,,4.79,VALUABLE,,0.83,LOSS,-1.0,,,,standard,
backtest,2026-05-21 08:58,2026-03-22,Bundesliga 2,Bochum,Holstein Kiel,UNDER,2.21,,,6.41,VALUABLE,,1.32,LOSS,-1.0,,,,standard,
backtest,2026-05-21 08:58,2026-03-22,Bundesliga 2,PreuÃen MÃ¼nster,Magdeburg,UNDER,2.2,,,6.9,VALUABLE,,1.44,LOSS,-1.0,,,,standard,
backtest,2026-05-21 08:58,2026-03-28,La Liga 2,Valladolid,Burgos,OVER,2.47,,,4.92,VALUABLE,,0.84,LOSS,-1.0,,,,standard,
backtest,2026-05-21 08:58,2026-03-29,La Liga 2,Eibar,Las Palmas,OVER,2.54,,,4.39,VALUABLE,,0.71,WIN,1.54,,,,standard,
backtest,2026-05-21 08:58,2026-03-29,La Liga 2,Almeria,Sociedad B,UNDER,2.27,,,5.06,VALUABLE,,1.0,LOSS,-1.0,,,,standard,
backtest,2026-05-21 08:58,2026-04-01,La Liga 2,Burgos,Ceuta,OVER,2.49,,,5.35,VALUABLE,,0.9,LOSS,-1.0,,,,standard,
backtest,2026-05-21 08:58,2026-04-03,League Two,Grimsby,Harrogate,UNDER,2.09,,,4.21,VALUABLE,,0.97,LOSS,-1.0,,,,standard,
backtest,2026-05-21 08:58,2026-04-03,Ligue 2,Dunkerque,Rodez,UNDER,2.12,,,5.84,VALUABLE,,1.3,WIN,1.12,,,,standard,
backtest,2026-05-21 08:58,2026-04-05,La Liga 2,Andorra,Santander,UNDER,2.29,,,6.26,VALUABLE,,1.21,LOSS,-1.0,,,,standard,
backtest,2026-05-21 08:58,2026-04-05,Bundesliga 2,Hannover,Elversberg,UNDER,2.24,,,7.83,VALUABLE,,1.58,WIN,1.24,,,,standard,
backtest,2026-05-21 08:58,2026-04-06,League One,Reading,Lincoln,OVER,2.01,,,4.97,VALUABLE,,1.23,WIN,1.01,,,,standard,
backtest,2026-05-21 08:58,2026-04-06,La Liga 2,Sp Gijon,Sociedad B,UNDER,2.11,,,5.08,VALUABLE,,1.14,WIN,1.11,,,,standard,
backtest,2026-05-21 08:58,2026-04-06,La Liga 2,Castellon,Granada,UNDER,2.02,,,5.55,VALUABLE,,1.36,LOSS,-1.0,,,,standard,
backtest,2026-05-21 08:58,2026-04-06,League One,Barnsley,Plymouth,UNDER,2.25,,,5.92,VALUABLE,,1.18,LOSS,-1.0,,,,standard,
backtest,2026-05-21 08:58,2026-04-10,La Liga 2,Ceuta,Sociedad B,UNDER,2.09,,,5.76,VALUABLE,,1.32,WIN,1.09,,,,standard,
backtest,2026-05-21 08:58,2026-04-10,Ligue 2,Amiens,Pau FC,UNDER,2.13,,,6.65,VALUABLE,,1.47,WIN,1.13,,,,standard,
backtest,2026-05-21 08:58,2026-04-11,Ligue 2,St Etienne,Dunkerque,UNDER,2.25,,,7.47,VALUABLE,,1.49,LOSS,-1.0,,,,standard,
backtest,2026-05-21 08:58,2026-04-11,League Two,Chesterfield,Tranmere,UNDER,1.99,,,4.84,VALUABLE,,1.22,WIN,0.99,,,,standard,
backtest,2026-05-21 08:58,2026-04-12,La Liga 2,Santander,Almeria,UNDER,2.38,,,4.29,VALUABLE,,0.78,LOSS,-1.0,,,,standard,
backtest,2026-05-21 08:58,2026-04-12,La Liga 2,Mirandes,Castellon,UNDER,2.2,,,6.46,VALUABLE,,1.35,LOSS,-1.0,,,,standard,
backtest,2026-05-21 08:58,2026-04-17,La Liga 2,Sociedad B,Santander,UNDER,2.54,,,12.55,SNIPER,,2.04,LOSS,-1.0,,,,standard,
backtest,2026-05-21 08:58,2026-04-17,Ligue 2,Rodez,Amiens,UNDER,2.34,,,9.18,VALUABLE,,1.71,LOSS,-1.0,,,,standard,
backtest,2026-05-21 08:58,2026-04-18,League Two,Barrow,Walsall,OVER,2.38,,,5.05,VALUABLE,,0.91,WIN,1.38,,,,standard,
backtest,2026-05-21 08:58,2026-04-18,League One,Reading,Cardiff,UNDER,2.18,,,7.82,VALUABLE,,1.66,LOSS,-1.0,,,,standard,
backtest,2026-05-21 08:58,2026-04-18,Bundesliga 2,Hannover,Paderborn,UNDER,2.25,,,7.06,VALUABLE,,1.41,WIN,1.25,,,,standard,
backtest,2026-05-21 08:58,2026-04-19,Bundesliga 2,Greuther Furth,Darmstadt,UNDER,2.32,,,7.58,VALUABLE,,1.44,LOSS,-1.0,,,,standard,
backtest,2026-05-21 08:58,2026-04-19,Greek Super League,Panathinaikos,Olympiakos,OVER,2.58,,,5.7,VALUABLE,,0.9,LOSS,-1.0,,,,standard,
backtest,2026-05-21 08:58,2026-04-21,League One,Rotherham,Luton,UNDER,2.2,,,4.02,VALUABLE,,0.84,WIN,1.2,,,,standard,
backtest,2026-05-21 08:58,2026-04-24,Ligue 2,Red Star,Guingamp,UNDER,1.93,,,5.13,VALUABLE,,1.38,LOSS,-1.0,,,,standard,
backtest,2026-05-21 08:58,2026-04-24,Ligue 2,Amiens,Montpellier,UNDER,2.02,,,8.33,VALUABLE,,2.04,WIN,1.02,,,,standard,
backtest,2026-05-21 08:58,2026-04-25,League One,Burton,Exeter,UNDER,2.18,,,4.82,VALUABLE,,1.02,WIN,1.18,,,,standard,
backtest,2026-05-21 08:58,2026-04-25,League One,Luton,Barnsley,UNDER,2.55,,,7.17,VALUABLE,,1.16,LOSS,-1.0,,,,standard,
backtest,2026-05-21 08:58,2026-04-25,League One,Cardiff,Northampton,UNDER,3.09,,,7.76,VALUABLE,,0.93,LOSS,-1.0,,,,standard,
backtest,2026-05-21 08:58,2026-04-25,La Liga 2,Valladolid,Sociedad B,UNDER,2.02,,,4.36,VALUABLE,,1.07,WIN,1.02,,,,standard,
backtest,2026-05-21 08:58,2026-04-25,Bundesliga 2,Darmstadt,Elversberg,UNDER,2.39,,,7.32,VALUABLE,,1.32,LOSS,-1.0,,,,standard,
backtest,2026-05-21 08:58,2026-04-26,Bundesliga 2,Nurnberg,Magdeburg,UNDER,2.31,,,5.87,VALUABLE,,1.12,WIN,1.31,,,,standard,
backtest,2026-05-21 08:58,2026-05-02,Greek Super League,Panserraikos,Larisa,OVER,2.47,,,5.23,VALUABLE,,0.89,LOSS,-1.0,,,,standard,
backtest,2026-05-21 08:58,2026-05-02,Ligue 2,Amiens,Red Star,UNDER,2.03,,,4.22,VALUABLE,,1.03,LOSS,-1.0,,,,standard,
backtest,2026-05-21 08:58,2026-05-02,La Liga 2,Eibar,Malaga,OVER,2.1,,,12.18,SNIPER,,2.77,WIN,1.1,,,,standard,
backtest,2026-05-21 08:58,2026-05-02,La Liga 2,Castellon,Cordoba,UNDER,2.78,,,4.27,VALUABLE,,0.6,LOSS,-1.0,,,,standard,
backtest,2026-05-21 08:58,2026-05-02,League One,Barnsley,Stockport,UNDER,2.82,,,12.64,SNIPER,,1.74,LOSS,-1.0,,,,standard,
backtest,2026-05-21 08:58,2026-05-02,League One,Mansfield,Cardiff,UNDER,2.86,,,13.14,SNIPER,,1.77,LOSS,-1.0,,,,standard,
backtest,2026-05-21 08:58,2026-05-02,League One,Bolton,Luton,UNDER,2.92,,,5.48,VALUABLE,,0.71,LOSS,-1.0,,,,standard,
backtest,2026-05-21 08:58,2026-05-02,League One,Wycombe,Rotherham,UNDER,2.26,,,7.16,VALUABLE,,1.42,LOSS,-1.0,,,,standard,
backtest,2026-05-21 08:58,2026-05-02,League Two,Crawley Town,Salford,UNDER,2.06,,,5.52,VALUABLE,,1.3,WIN,1.06,,,,standard,
backtest,2026-05-21 08:58,2026-05-02,Ligue 2,Montpellier,Clermont,UNDER,2.18,,,8.19,VALUABLE,,1.74,LOSS,-1.0,,,,standard,
backtest,2026-05-21 08:58,2026-05-02,Ligue 2,Rodez,St Etienne,UNDER,2.32,,,5.0,VALUABLE,,0.95,LOSS,-1.0,,,,standard,
backtest,2026-05-21 08:58,2026-05-02,Bundesliga 2,Dresden,Kaiserslautern,UNDER,2.36,,,5.73,VALUABLE,,1.05,WIN,1.36,,,,standard,
backtest,2026-05-21 08:58,2026-05-03,Greek Super League,Levadeiakos,Volos NFC,UNDER,2.08,,,5.05,VALUABLE,,1.17,LOSS,-1.0,,,,standard,
backtest,2026-05-21 08:58,2026-05-03,La Liga 2,Santander,Huesca,UNDER,2.33,,,4.51,VALUABLE,,0.85,LOSS,-1.0,,,,standard,
backtest,2026-05-21 08:58,2026-05-08,Bundesliga 2,Kaiserslautern,Bielefeld,UNDER,2.29,,,5.94,VALUABLE,,1.15,WIN,1.29,,,,standard,
backtest,2026-05-21 08:58,2026-05-09,Bundesliga 2,Nurnberg,Schalke 04,UNDER,2.37,,,7.41,VALUABLE,,1.35,LOSS,-1.0,,,,standard,
backtest,2026-05-21 08:58,2026-05-09,Ligue 2,St Etienne,Amiens,UNDER,3.21,,,5.99,VALUABLE,,0.68,LOSS,-1.0,,,,standard,
backtest,2026-05-21 08:58,2026-05-09,Bundesliga 2,Holstein Kiel,Magdeburg,UNDER,2.55,,,10.39,SNIPER,,1.68,LOSS,-1.0,,,,standard,
backtest,2026-05-21 08:58,2026-05-10,Bundesliga 2,Hertha,Greuther Furth,UNDER,2.6,,,10.79,SNIPER,,1.69,LOSS,-1.0,,2.58,0.78,standard,
backtest,2026-05-21 08:58,2026-05-10,Greek Super League,Volos NFC,Levadeiakos,UNDER,2.27,,,4.5,VALUABLE,,0.89,LOSS,-1.0,,,,standard,
backtest,2026-05-21 08:58,2026-05-10,La Liga 2,Leganes,Santander,UNDER,2.31,,,5.37,VALUABLE,,1.02,LOSS,-1.0,,2.35,-1.7,standard,
backtest,2026-05-21 08:58,2026-05-10,La Liga 2,Mirandes,Eibar,OVER,1.98,,,4.17,VALUABLE,,1.06,LOSS,-1.0,,2.08,-4.81,standard,
backtest,2026-05-21 08:58,2026-05-13,Greek Super League,Levadeiakos,OFI Crete,UNDER,2.23,,,7.69,VALUABLE,,1.56,LOSS,-1.0,,,,standard,
backtest,2026-05-21 08:58,2026-05-17,Bundesliga 2,Dresden,Holstein Kiel,UNDER,2.45,,,8.23,VALUABLE,,1.42,LOSS,-1.0,,2.5,-2.0,standard,
backtest,2026-05-21 08:58,2026-05-17,Greek Super League,OFI Crete,Volos NFC,UNDER,2.49,,,7.68,VALUABLE,,1.29,LOSS,-1.0,,,,standard,
live,2026-05-24 08:01,2026-05-25,Austrian Bundesliga,Rapid Wien,Ried,UNDER,1.83,1.83,0.0,10.55,SNIPER,New,3.18,,,,,,new_format,
live,2026-05-24 08:01,2026-05-29,Ireland Premier Division,Dundalk,Derry City,UNDER,1.8,1.8,0.0,9.27,VALUABLE,New,2.9,LOSS,-1.0,,1.8,0.0,new_format,
live,2026-05-24 08:01,2026-05-29,Ireland Premier Division,Sligo Rovers,Bohemians,AVOID,2.05,2.05,0.0,7.07,VALUABLE,New,1.68,,,,,,new_format,
live,2026-05-24 08:01,2026-05-31,Brazil Serie A,Santos,Vitoria,AVOID,2.02,2.02,0.0,7.06,VALUABLE,New,1.73,,,,,,new_format,
live,2026-05-24 08:01,2026-05-30,Brazil Serie A,Grêmio,Corinthians,AVOID,2.08,2.08,0.0,6.7,VALUABLE,New,1.55,,,,,,new_format,
live,2026-05-24 08:01,2026-05-25,Ireland Premier Division,Derry City,Shelbourne Dublin,AVOID,2.08,2.08,0.0,6.68,VALUABLE,New,1.55,,,,,,new_format,
live,2026-05-24 08:01,2026-05-25,Ireland Premier Division,Bohemians,Shamrock Rovers,AVOID,2.08,2.08,0.0,5.29,VALUABLE,New,1.22,,,,,,new_format,
live,2026-05-24 08:01,2026-05-30,Brazil Serie A,Bahia,Botafogo,UNDER,2.03,2.03,0.0,4.26,VALUABLE,New,1.03,LOSS,-1.0,,2.03,0.0,new_format,
live,2026-05-24 08:01,2026-05-30,Brazil Serie A,Flamengo,Coritiba,UNDER,2.25,2.25,0.0,4.17,VALUABLE,New,0.83,LOSS,-1.0,,2.25,0.0,new_format,
live,2026-05-24 11:21,2026-05-30,China Super League,Chongqing Tonglianglong FC,Beijing FC,UNDER,1.8,1.8,0.0,5.07,VALUABLE,New,1.58,LOSS,-1.0,,1.8,0.0,new_format,
live,2026-06-01 03:01,2026-06-06,Japan J-League,FC Tokyo,Cerezo Osaka,UNDER,2.0,2.0,0.0,8.72,VALUABLE,New,2.18,LOSS,-1.0,,,,new_format,
live,2026-06-01 03:01,2026-06-06,Japan J-League,Yokohama F Marinos,Shimizu S Pulse,AVOID,2.05,2.05,0.0,7.07,VALUABLE,New,1.68,,,,,,new_format,
live,2026-06-01 03:01,2026-06-06,Japan J-League,Kawasaki Frontale,Hiroshima Sanfrecce FC,UNDER,2.12,2.12,0.0,6.64,VALUABLE,New,1.48,WIN,1.12,,,,new_format,
live,2026-06-01 03:01,2026-06-06,Japan J-League,Urawa Red Diamonds,Fagiano Okayama,AVOID,2.12,2.12,0.0,5.29,VALUABLE,New,1.18,,,,,,new_format,
live,2026-06-01 03:01,2026-06-06,Japan J-League,Mito HollyHock,V-Varen Nagasaki,AVOID,2.12,2.12,0.0,5.29,VALUABLE,New,1.18,,,,,,new_format,
live,2026-06-01 03:01,2026-06-06,Japan J-League,Kashima Antlers,Vissel Kobe,AVOID,2.1,2.1,0.0,4.96,VALUABLE,New,1.13,,,,,,new_format,
live,2026-06-01 03:01,2026-06-06,Japan J-League,JEF United Chiba,Avispa Fukuoka,AVOID,2.42,2.42,0.0,4.58,VALUABLE,New,0.81,,,,,,new_format,
live,2026-06-01 03:01,2026-06-06,Japan J-League,FC Machida Zelvia,Nagoya Grampus,AVOID,2.15,2.15,0.0,4.16,VALUABLE,New,0.91,,,,,,new_format,
live,2026-06-01 11:02,2026-06-06,La Liga 2,CD Castellón,Almería,UNDER,2.4,2.4,0.0,10.51,SNIPER,New,1.88,WIN,1.4,,,,standard,
live,2026-06-04 07:36,2026-06-06,Japan J-League,Kashiwa Reysol,Kyoto Purple Sanga,OVER,1.98,1.98,0.0,11.46,SNIPER,Neutral,2.92,LOSS,-1.0,,,,new_format,
live,2026-06-04 07:36,2026-06-06,Japan J-League,Mito HollyHock,V-Varen Nagasaki,OVER,2.15,2.12,-0.03,5.92,VALUABLE,Neutral,1.29,LOSS,-1.0,,,,new_format,
live,2026-06-04 07:36,2026-06-06,Japan J-League,Urawa Red Diamonds,Fagiano Okayama,OVER,2.15,2.12,-0.03,5.92,VALUABLE,Neutral,1.29,LOSS,-1.0,,,,new_format,
live,2026-06-04 07:36,2026-06-06,Japan J-League,Tokyo Verdy,Gamba Osaka,OVER,2.38,2.38,0.0,5.36,VALUABLE,Neutral,0.97,WIN,1.38,,,,new_format,
live,2026-06-04 07:36,2026-06-06,Japan J-League,FC Machida Zelvia,Nagoya Grampus,OVER,2.15,2.15,0.0,4.71,VALUABLE,Neutral,1.02,WIN,1.15,,,,new_format,
live,2026-06-04 07:36,2026-06-06,Japan J-League,Yokohama F Marinos,Shimizu S Pulse,OVER,2.08,2.05,-0.03,4.36,VALUABLE,Neutral,1.01,WIN,1.08,,,,new_format,
live,2026-06-04 10:16,2026-06-06,Japan J-League,FC Tokyo,Cerezo Osaka,OVER,1.8,1.84,0.04,25.39,SNIPER,Confirmed,7.93,WIN,0.8,,,,new_format,
live,2026-06-04 10:16,2026-06-06,Japan J-League,Kawasaki Frontale,Hiroshima Sanfrecce FC,AVOID,1.65,1.65,0.0,24.98,SNIPER,Neutral,9.61,,,,,,new_format,
live,2026-06-04 10:16,2026-06-06,Japan J-League,JEF United Chiba,Avispa Fukuoka,OVER,2.42,2.42,0.0,23.74,SNIPER,Neutral,4.18,WIN,1.42,,,,new_format,
live,2026-06-04 10:16,2026-06-06,Japan J-League,Kashima Antlers,Vissel Kobe,OVER,2.15,2.1,-0.05,18.55,VALUABLE,Conflicted,4.03,,,,,,new_format,
live,2026-06-07 06:21,2026-06-12,Ireland Premier Division,St Patricks Athletic,Drogheda United,OVER,1.78,1.78,0.0,40.19,SNIPER,New,12.88,LOSS,-1.0,,2.25,-20.89,new_format,
live,2026-06-07 06:21,2026-06-12,Ireland Premier Division,Waterford FC,Sligo Rovers,OVER,1.8,1.8,0.0,35.52,SNIPER,New,11.1,WIN,0.8,,2.35,-23.4,new_format,
live,2026-06-07 06:21,2026-06-13,Finland Veikkausliiga,Jaro,HJK Helsinki,AVOID,1.72,1.72,0.0,31.03,SNIPER,New,10.77,,,,,,new_format,
live,2026-06-07 06:21,2026-06-13,Finland Veikkausliiga,Ilves Tampere,TPS Turku,AVOID,1.71,1.71,0.0,30.69,SNIPER,New,10.81,,,,,,new_format,
live,2026-06-07 06:21,2026-06-13,Finland Veikkausliiga,FC Inter Turku,AC Oulu,OVER,1.92,1.92,0.0,26.87,SNIPER,New,7.3,LOSS,-1.0,,1.83,4.92,new_format,
live,2026-06-07 06:21,2026-06-13,Finland Veikkausliiga,VPS Vaasa,KuPS Kuopio,OVER,2.03,2.03,0.0,24.2,SNIPER,New,5.87,LOSS,-1.0,,1.9,6.84,new_format,
live,2026-06-07 06:21,2026-06-13,Finland Veikkausliiga,IFK Mariehamn,IF Gnistan,OVER,2.0,2.0,0.0,23.46,SNIPER,New,5.87,WIN,1.0,,1.76,13.64,new_format,
live,2026-06-07 06:21,2026-06-13,Finland Veikkausliiga,FC Lahti,SJK Seinäjoki,OVER,1.92,1.92,0.0,21.38,SNIPER,New,5.81,WIN,0.92,,1.71,12.28,new_format,
live,2026-06-07 06:21,2026-06-12,Ireland Premier Division,Galway United,Dundalk,AVOID,1.65,1.65,0.0,18.42,SNIPER,New,7.09,,,,,,new_format,
live,2026-06-07 06:21,2026-06-12,Ireland Premier Division,Shelbourne Dublin,Shamrock Rovers,OVER,2.05,2.05,0.0,14.8,VALUABLE,New,3.52,WIN,1.05,,2.25,-8.89,new_format,
live,2026-06-07 06:21,2026-06-12,Ireland Premier Division,Derry City,Bohemians,OVER,2.12,2.12,0.0,9.76,VALUABLE,New,2.18,WIN,1.12,,2.2,-3.64,new_format,
live,2026-06-07 15:27,2026-06-09,La Liga 2,Almería,CD Castellón,AVOID,1.67,1.67,0.0,17.13,VALUABLE,New,6.39,,,,,,standard,
live,2026-06-08 13:55,2026-06-09,La Liga 2,Almería,CD Castellón,OVER,1.62,1.62,0.0,8.36,MARKSMAN,New,3.37,WIN,0.62,,1.62,0.0,standard,
live,2026-06-09 13:04,2026-06-12,Ireland Premier Division,Galway United,Dundalk,UNDER,2.19,2.19,0.0,4.02,VALUABLE,New,0.85,WIN,1.19,,1.55,41.29,new_format,
live,2026-06-10 11:05,2026-06-13,Finland Veikkausliiga,Jaro,HJK Helsinki,OVER,1.76,1.72,-0.04,9.77,MARKSMAN,Conflicted,3.21,WIN,0.76,,1.63,7.98,new_format,
live,2026-06-12 19:09,2026-06-12,Ireland Premier Division,Galway United,Dundalk,OVER,2.3,1.65,-0.65,9.01,MARKSMAN,Conflicted,1.73,LOSS,-1.0,,2.3,0.0,new_format,
live,2026-06-13 19:06,2026-06-18,Finland Veikkausliiga,AC Oulu,IFK Mariehamn,UNDER,2.25,2.25,0.0,4.69,VALUABLE,Neutral,0.94,,,,,,new_format,
live,2026-06-14 09:38,2026-06-19,Ireland Premier Division,St Patricks Athletic,Sligo Rovers,UNDER,2.0,2.0,0.0,4.07,VALUABLE,New,1.02,,,,,,new_format,
live,2026-06-15 18:30,2026-06-19,Ireland Premier Division,Galway United,Derry City,OVER,2.1,2.1,0.0,31.47,SNIPER,New,7.15,WIN,1.1,,2.12,-0.94,new_format,
live,2026-06-15 18:30,2026-06-19,Ireland Premier Division,Drogheda United,Shelbourne Dublin,OVER,1.9,1.9,0.0,24.41,SNIPER,New,6.78,WIN,0.9,,2.12,-10.38,new_format,
live,2026-06-15 18:30,2026-06-19,Ireland Premier Division,Bohemians,Dundalk,OVER,1.75,1.75,0.0,23.01,SNIPER,New,7.67,WIN,0.75,,1.71,2.34,new_format,
live,2026-06-15 18:30,2026-06-17,Finland Veikkausliiga,IF Gnistan,FC Lahti,OVER,1.82,1.82,0.0,21.7,SNIPER,New,6.62,,,,,,new_format,
live,2026-06-15 18:30,2026-06-19,Ireland Premier Division,Waterford FC,Shamrock Rovers,OVER,1.76,1.76,0.0,20.88,SNIPER,New,6.87,LOSS,-1.0,,1.81,-2.76,new_format,
live,2026-06-15 18:30,2026-06-17,Finland Veikkausliiga,SJK Seinäjoki,VPS Vaasa,OVER,1.75,1.75,0.0,18.45,SNIPER,New,6.15,,,,,,new_format,
live,2026-06-15 18:30,2026-06-17,Finland Veikkausliiga,TPS Turku,KuPS Kuopio,AVOID,1.68,1.68,0.0,18.44,SNIPER,New,6.78,,,,,,new_format,
live,2026-06-15 18:30,2026-06-17,Finland Veikkausliiga,HJK Helsinki,FC Inter Turku,AVOID,1.68,1.68,0.0,17.95,SNIPER,New,6.6,,,,,,new_format,
live,2026-06-15 18:30,2026-06-19,Ireland Premier Division,St Patricks Athletic,Sligo Rovers,AVOID,1.65,1.65,0.0,17.24,SNIPER,New,6.63,,,,,,new_format,
live,2026-06-15 18:30,2026-06-18,Finland Veikkausliiga,AC Oulu,IFK Mariehamn,AVOID,1.67,1.67,0.0,17.08,SNIPER,New,6.37,,,,,,new_format,
live,2026-06-15 18:30,2026-06-17,Finland Veikkausliiga,Ilves Tampere,Jaro,AVOID,1.61,1.61,0.0,14.48,SNIPER,New,5.93,,,,,,new_format,
live,2026-06-15 23:49,2026-06-22,Ireland Premier Division,Shelbourne Dublin,Bohemians,OVER,2.08,2.08,0.0,33.1,SNIPER,New,7.66,WIN,1.08,,2.18,-4.59,new_format,
live,2026-06-15 23:49,2026-06-22,Ireland Premier Division,Shamrock Rovers,Derry City,OVER,2.16,2.16,0.0,32.5,SNIPER,New,7.0,LOSS,-1.0,,2.2,-1.82,new_format,
live,2026-06-17 05:55,2026-06-23,Finland Veikkausliiga,VPS Vaasa,AC Oulu,OVER,1.77,1.77,0.0,22.63,SNIPER,New,7.35,WIN,0.77,,1.77,0.0,new_format,
live,2026-06-17 05:55,2026-06-23,Finland Veikkausliiga,Jaro,IF Gnistan,OVER,1.75,1.75,0.0,20.09,SNIPER,New,6.7,LOSS,-1.0,,1.75,0.0,new_format,
live,2026-06-17 05:55,2026-06-23,Finland Veikkausliiga,FC Lahti,TPS Turku,OVER,1.83,1.83,0.0,19.88,SNIPER,New,5.99,LOSS,-1.0,,1.83,0.0,new_format,
live,2026-06-17 05:55,2026-06-23,Finland Veikkausliiga,FC Inter Turku,SJK Seinäjoki,AVOID,1.61,1.61,0.0,15.56,SNIPER,New,6.38,,,,,,new_format,
live,2026-06-17 05:55,2026-06-23,Finland Veikkausliiga,KuPS Kuopio,Ilves Tampere,AVOID,1.6,1.6,0.0,13.77,SNIPER,New,5.74,,,,,,new_format,
live,2026-06-17 05:55,2026-06-23,Finland Veikkausliiga,IFK Mariehamn,HJK Helsinki,AVOID,1.49,1.49,0.0,10.41,MARKSMAN,New,5.31,,,,,,new_format,
live,2026-06-17 11:09,2026-06-20,La Liga 2,Almería,Málaga,UNDER,2.02,2.02,0.0,4.82,VALUABLE,Neutral,1.18,LOSS,-1.0,,,,standard,
live,2026-07-05 11:10,2026-07-10,Ireland Premier Division,Galway United,Sligo Rovers,UNDER,2.12,2.12,0.0,30.63,SNIPER,New,6.84,,,,,,new_format,
live,2026-07-05 11:10,2026-07-11,Norway Eliteserien,Fredrikstad FK,Lillestrom,UNDER,2.04,2.04,0.0,28.5,SNIPER,New,6.85,WIN,1.04,,2.04,0.0,new_format,
live,2026-07-05 11:10,2026-07-06,Sweden Allsvenskan,BK Hacken,Djurgardens IF,UNDER,2.48,2.48,0.0,22.14,SNIPER,New,3.74,LOSS,-1.0,,2.48,0.0,new_format,
live,2026-07-05 11:10,2026-07-11,China Super League,Shenzhen Peng City FC,Qingdao West Coast FC,UNDER,2.02,2.02,0.0,19.67,SNIPER,New,4.82,LOSS,-1.0,,2.02,0.0,new_format,
live,2026-07-05 11:10,2026-07-05,Sweden Allsvenskan,IF Elfsborg,Hammarby IF,UNDER,2.13,2.13,0.0,18.05,SNIPER,New,3.99,LOSS,-1.0,,2.13,0.0,new_format,
live,2026-07-05 11:10,2026-07-05,Sweden Allsvenskan,IFK Goteborg,AIK,UNDER,2.14,2.14,0.0,14.18,SNIPER,New,3.11,LOSS,-1.0,,2.14,0.0,new_format,
live,2026-07-05 11:10,2026-07-11,China Super League,Wuhan Three Towns,Henan FC,UNDER,2.06,2.06,0.0,11.17,MARKSMAN,New,2.63,,,,,,new_format,
live,2026-07-05 11:10,2026-07-06,Sweden Allsvenskan,IF Brommapojkarna,GAIS,UNDER,1.92,1.92,0.0,9.72,MARKSMAN,New,2.64,WIN,0.92,,1.92,0.0,new_format,
live,2026-07-05 11:10,2026-07-05,Sweden Allsvenskan,Kalmar FF,Örgryte IS,UNDER,2.42,2.42,0.0,6.63,VALUABLE,New,1.17,LOSS,-1.0,,2.42,0.0,new_format,
live,2026-07-05 11:10,2026-07-10,Finland Veikkausliiga,VPS Vaasa,SJK Seinäjoki,AVOID,1.62,1.62,0.0,5.84,VALUABLE,New,2.35,,,,,,new_format,
live,2026-07-05 11:10,2026-07-11,Norway Eliteserien,Tromso,Vålerenga,UNDER,2.02,2.02,0.0,5.14,VALUABLE,New,1.26,LOSS,-1.0,,2.02,0.0,new_format,
live,2026-07-05 11:10,2026-07-11,China Super League,Shanghai Shenhua FC,Beijing FC,UNDER,3.05,3.05,0.0,5.03,VALUABLE,New,0.61,,,,,,new_format,
live,2026-07-05 11:10,2026-07-10,China Super League,Shandong Luneng Taishan FC,Yunnan Yukun,UNDER,3.0,3.0,0.0,4.97,VALUABLE,New,0.62,LOSS,-1.0,,3.0,0.0,new_format,
live,2026-07-05 11:10,2026-07-10,Ireland Premier Division,Waterford FC,St Patricks Athletic,AVOID,1.67,1.67,0.0,4.71,VALUABLE,New,1.76,,,,,,new_format,
live,2026-07-05 11:10,2026-07-11,Finland Veikkausliiga,TPS Turku,AC Oulu,OVER,1.78,1.78,0.0,4.21,VALUABLE,New,1.35,WIN,0.78,,1.78,0.0,new_format,
live,2026-07-05 11:42,2026-07-12,China Super League,Tianjin Jinmen Tiger FC,Liaoning Tieren FC,UNDER,1.9,1.9,0.0,22.92,SNIPER,New,6.37,,,,,,new_format,
live,2026-07-05 11:42,2026-07-05,China Super League,Shanghai Shenhua FC,Zhejiang,UNDER,3.2,3.2,0.0,5.2,VALUABLE,New,0.59,LOSS,-1.0,,3.0,6.67,new_format,
live,2026-07-05 12:54,2026-07-05,China Super League,Qingdao Hainiu FC,Chengdu Rongcheng FC,OVER,6.0,6.0,0.0,42.88,SNIPER,New,2.14,LOSS,-1.0,,1.55,287.1,new_format,
live,2026-07-05 12:54,2026-07-12,Norway Eliteserien,KFUM,Bodø/Glimt,UNDER,2.62,2.62,0.0,14.37,SNIPER,New,2.22,WIN,1.62,,,,new_format,
live,2026-07-05 12:54,2026-07-11,Sweden Allsvenskan,Mjällby AIF,AIK,UNDER,2.08,2.08,0.0,10.94,MARKSMAN,New,2.53,LOSS,-1.0,,,,new_format,
live,2026-07-05 14:23,2026-07-11,Sweden Allsvenskan,Örgryte IS,BK Hacken,UNDER,2.68,2.68,0.0,29.8,SNIPER,New,4.43,LOSS,-1.0,,,,new_format,
live,2026-07-05 14:23,2026-07-12,Sweden Allsvenskan,Malmo FF,IFK Goteborg,UNDER,2.28,2.28,0.0,23.95,SNIPER,New,4.68,LOSS,-1.0,,,,new_format,
live,2026-07-05 14:23,2026-07-12,Sweden Allsvenskan,Hammarby IF,Kalmar FF,UNDER,2.48,2.48,0.0,16.75,SNIPER,New,2.83,WIN,1.48,,,,new_format,
live,2026-07-05 14:23,2026-07-05,Sweden Allsvenskan,Kalmar FF,Örgryte IS,AVOID,2.4,2.4,0.0,13.2,SNIPER,New,2.36,,,,,,new_format,
live,2026-07-05 15:41,2026-07-12,Norway Eliteserien,SK Brann,IK Start,UNDER,2.68,2.68,0.0,28.64,SNIPER,New,4.26,LOSS,-1.0,,,,new_format,
live,2026-07-05 15:41,2026-07-12,Sweden Allsvenskan,IF Brommapojkarna,IK Sirius,UNDER,2.48,2.48,0.0,18.8,SNIPER,New,3.18,LOSS,-1.0,,,,new_format,
live,2026-07-05 15:41,2026-07-05,Sweden Allsvenskan,IF Elfsborg,Hammarby IF,OVER,2.25,2.25,0.0,17.38,SNIPER,New,3.48,WIN,1.25,,1.69,33.14,new_format,
live,2026-07-05 15:41,2026-07-12,Norway Eliteserien,Rosenborg,Kristiansund BK,UNDER,2.12,2.12,0.0,16.16,SNIPER,New,3.61,LOSS,-1.0,,,,new_format,
live,2026-07-05 15:41,2026-07-12,Norway Eliteserien,Sandefjord,HamKam,UNDER,2.22,2.22,0.0,5.38,MARKSMAN,New,1.1,LOSS,-1.0,,,,new_format,
live,2026-07-05 15:41,2026-07-12,Sweden Allsvenskan,Västerås SK,Degerfors IF,AVOID,1.73,1.73,0.0,4.36,VALUABLE,New,1.49,,,,,,new_format,
live,2026-07-05 17:43,2026-07-12,Norway Eliteserien,Sarpsborg FK,Viking FK,UNDER,2.48,2.48,0.0,16.16,SNIPER,New,2.73,WIN,1.48,,,,new_format,
live,2026-07-06 11:56,2026-07-11,Ireland Premier Division,Galway United,Sligo Rovers,UNDER,2.07,2.07,0.0,12.93,SNIPER,New,3.02,LOSS,-1.0,,2.12,-2.36,new_format,
live,2026-07-06 11:56,2026-07-12,Sweden Allsvenskan,Västerås SK,Degerfors IF,OVER,1.95,1.95,0.0,11.11,VALUABLE,New,2.92,LOSS,-1.0,,,,new_format,
live,2026-07-06 17:31,2026-07-12,Sweden Allsvenskan,GAIS,IF Elfsborg,UNDER,1.82,1.82,0.0,15.59,SNIPER,New,4.75,WIN,0.82,,,,new_format,
live,2026-07-09 22:47,2026-07-16,Brazil Serie A,Botafogo,Santos,UNDER,1.96,1.96,0.0,30.0,SNIPER,New,7.81,LOSS,-1.0,,1.2,63.33,new_format,
live,2026-07-09 22:47,2026-07-16,Brazil Serie A,Vitoria,Vasco da Gama,UNDER,1.79,1.79,0.0,25.58,SNIPER,New,8.09,WIN,0.79,,1.17,52.99,new_format,
live,2026-07-09 23:53,2026-07-16,USA MLS,CF Montreal,Toronto FC,UNDER,2.3,2.3,0.0,40.52,SNIPER,New,7.79,WIN,1.3,,1.25,84.0,new_format,
live,2026-07-10 01:20,2026-07-17,Mexico Liga MX,Necaxa,Atlante FC,UNDER,2.08,2.08,0.0,10.96,VALUABLE,New,2.54,LOSS,-1.0,,1.22,70.49,new_format,
live,2026-07-10 01:20,2026-07-17,USA MLS,Chicago Fire,Vancouver Whitecaps FC,UNDER,2.5,2.5,0.0,9.03,VALUABLE,New,1.5,,,,,,new_format,
live,2026-07-10 10:45,2026-07-11,Finland Veikkausliiga,IF Gnistan,IFK Mariehamn,UNDER,2.62,2.62,0.0,14.92,SNIPER,New,2.3,LOSS,-1.0,,2.3,13.91,new_format,
live,2026-07-10 10:45,2026-07-17,Mexico Liga MX,Tijuana,Tigres,UNDER,1.96,1.96,0.0,6.36,VALUABLE,New,1.66,LOSS,-1.0,,1.22,60.66,new_format,
live,2026-07-10 10:45,2026-07-17,USA MLS,Seattle Sounders FC,Portland Timbers,UNDER,2.8,2.8,0.0,6.06,MARKSMAN,New,0.84,LOSS,-1.0,,1.4,100.0,new_format,
live,2026-07-10 20:08,2026-07-17,Sweden Allsvenskan,Mjällby AIF,Västerås SK,AVOID,1.72,1.72,0.0,5.63,VALUABLE,New,1.95,,,,,,new_format,
live,2026-07-10 20:08,2026-07-11,China Super League,Wuhan Three Towns,Henan FC,OVER,1.75,1.75,0.0,4.8,VALUABLE,New,1.6,,,,,,new_format,
live,2026-07-10 23:15,2026-07-17,Brazil Serie A,Mirassol,Grêmio,UNDER,1.75,1.75,0.0,23.28,SNIPER,New,7.76,LOSS,-1.0,,1.14,53.51,new_format,
live,2026-07-10 23:15,2026-07-17,Brazil Serie A,Fluminense,Bragantino-SP,UNDER,1.77,1.77,0.0,20.87,SNIPER,New,6.78,WIN,0.77,,,,new_format,
live,2026-07-11 00:10,2026-07-18,USA MLS,Nashville SC,Atlanta United FC,UNDER,2.19,2.19,0.0,36.37,SNIPER,New,7.64,WIN,1.19,,2.1,4.29,new_format,
live,2026-07-11 09:17,2026-07-18,USA MLS,LA Galaxy,Los Angeles FC,UNDER,2.41,2.41,0.0,40.53,SNIPER,New,7.19,LOSS,-1.0,,,,new_format,
live,2026-07-11 09:17,2026-07-17,Brazil Serie A,Mirassol,Grêmio,AVOID,2.14,2.14,0.0,23.75,SNIPER,New,5.21,,,,,,new_format,
live,2026-07-11 09:17,2026-07-12,China Super League,Tianjin Jinmen Tiger FC,Liaoning Tieren FC,OVER,1.85,1.85,0.0,7.11,VALUABLE,New,2.09,,,,,,new_format,
live,2026-07-11 12:33,2026-07-18,China Super League,Qingdao West Coast FC,Chengdu Rongcheng FC,UNDER,2.12,2.12,0.0,9.99,VALUABLE,New,2.23,,,,,,new_format,
live,2026-07-11 12:33,2026-07-18,Finland Veikkausliiga,HJK Helsinki,VPS Vaasa,UNDER,2.35,2.35,0.0,9.93,MARKSMAN,New,1.84,LOSS,-1.0,,1.28,83.59,new_format,
live,2026-07-11 15:00,2026-07-18,Finland Veikkausliiga,SJK Seinäjoki,KuPS Kuopio,UNDER,2.28,2.28,0.0,6.59,VALUABLE,New,1.29,WIN,1.28,,1.28,78.12,new_format,
live,2026-07-11 15:00,2026-07-14,China Super League,Zhejiang,Qingdao Hainiu FC,UNDER,2.7,2.7,0.0,4.52,VALUABLE,New,0.67,LOSS,-1.0,,,,new_format,
live,2026-07-11 15:00,2026-07-17,China Super League,Beijing FC,Liaoning Tieren FC,UNDER,2.75,2.75,0.0,4.49,VALUABLE,New,0.64,WIN,1.75,,,,new_format,
live,2026-07-12 09:43,2026-07-18,Mexico Liga MX,FC Juárez,Puebla,UNDER,2.11,2.11,0.0,6.4,VALUABLE,New,1.44,WIN,1.11,,1.22,72.95,new_format,
live,2026-07-12 11:01,2026-07-17,China Super League,Yunnan Yukun,Shanghai SIPG FC,UNDER,2.82,2.82,0.0,6.14,VALUABLE,New,0.84,LOSS,-1.0,,1.44,95.83,new_format,
live,2026-07-12 16:33,2026-07-19,Sweden Allsvenskan,Hammarby IF,Degerfors IF,UNDER,2.48,2.48,0.0,35.5,SNIPER,New,6.0,LOSS,-1.0,,2.1,18.1,new_format,
live,2026-07-12 16:33,2026-07-19,Finland Veikkausliiga,Jaro,FC Inter Turku,UNDER,2.13,2.13,0.0,13.1,SNIPER,New,2.9,WIN,1.13,,1.22,74.59,new_format,
live,2026-07-12 16:33,2026-07-17,Brazil Serie A,Bahia,Chapecoense,UNDER,2.32,2.32,0.0,5.1,MARKSMAN,New,0.97,WIN,1.32,,1.28,81.25,new_format,
live,2026-07-13 10:51,2026-07-18,Norway Eliteserien,Kristiansund BK,Sarpsborg FK,UNDER,2.26,2.26,0.0,25.05,SNIPER,New,4.97,WIN,1.26,,1.28,76.56,new_format,
live,2026-07-13 10:51,2026-07-17,Norway Eliteserien,Bodø/Glimt,Fredrikstad FK,UNDER,3.35,3.35,0.0,24.09,SNIPER,New,2.56,WIN,2.35,,,,new_format,
live,2026-07-13 10:51,2026-07-18,Norway Eliteserien,Viking FK,Sandefjord,UNDER,2.95,2.95,0.0,23.67,SNIPER,New,3.03,LOSS,-1.0,,2.2,34.09,new_format,
live,2026-07-13 10:51,2026-07-16,Norway Eliteserien,Vålerenga,Aalesund,UNDER,2.52,2.52,0.0,15.46,SNIPER,New,2.54,LOSS,-1.0,,1.33,89.47,new_format,
live,2026-07-13 10:51,2026-07-18,Norway Eliteserien,HamKam,Tromso,OVER,1.95,1.95,0.0,10.73,MARKSMAN,New,2.82,WIN,0.95,,,,new_format,
live,2026-07-13 10:51,2026-07-18,Norway Eliteserien,Lillestrom,KFUM,UNDER,2.12,2.12,0.0,9.67,VALUABLE,New,2.16,LOSS,-1.0,,1.22,73.77,new_format,
live,2026-07-13 10:51,2026-07-18,Norway Eliteserien,Molde,SK Brann,UNDER,2.38,2.38,0.0,7.01,MARKSMAN,New,1.27,LOSS,-1.0,,1.3,83.08,new_format,
live,2026-07-13 10:51,2026-07-13,Sweden Allsvenskan,Djurgardens IF,Halmstads BK,UNDER,2.75,2.75,0.0,6.05,MARKSMAN,New,0.86,LOSS,-1.0,,2.2,25.0,new_format,
live,2026-07-13 17:45,2026-07-20,Sweden Allsvenskan,Örgryte IS,Djurgardens IF,UNDER,2.38,2.38,0.0,9.32,MARKSMAN,New,1.69,WIN,1.38,,1.33,78.95,new_format,
live,2026-07-13 17:45,2026-07-20,Finland Veikkausliiga,IFK Mariehamn,FC Lahti,UNDER,2.14,2.14,0.0,7.72,MARKSMAN,New,1.69,WIN,1.14,,1.22,75.41,new_format,
live,2026-07-13 21:17,2026-07-17,China Super League,Qingdao West Coast FC,Chengdu Rongcheng FC,UNDER,2.16,2.16,0.0,27.27,SNIPER,New,5.88,WIN,1.16,,1.28,68.75,new_format,
live,2026-07-14 12:24,2026-07-18,China Super League,Chongqing Tonglianglong FC,Zhejiang,UNDER,2.25,2.25,0.0,27.47,SNIPER,New,5.49,WIN,1.25,,,,new_format,
live,2026-07-14 12:24,2026-07-18,Finland Veikkausliiga,AC Oulu,IF Gnistan,AVOID,1.68,1.68,0.0,4.18,VALUABLE,New,1.54,,,,,,new_format,
live,2026-07-14 23:06,2026-07-21,Brazil Serie A,Atletico Mineiro,Bahia,UNDER,1.92,1.92,0.0,28.36,SNIPER,New,7.71,WIN,0.92,,,,new_format,
live,2026-07-15 09:51,2026-07-22,Mexico Liga MX,Toluca,Pumas,UNDER,2.25,2.25,0.0,7.28,MARKSMAN,New,1.46,LOSS,-1.0,,2.2,2.27,new_format,
live,2026-07-15 09:51,2026-07-22,Mexico Liga MX,Cruz Azul,Puebla,UNDER,2.29,2.29,0.0,4.73,VALUABLE,New,0.92,LOSS,-1.0,,2.0,14.5,new_format,
live,2026-07-15 09:51,2026-07-18,Mexico Liga MX,León,Atlas,UNDER,1.88,1.88,0.0,4.25,VALUABLE,New,1.21,LOSS,-1.0,,1.22,54.1,new_format,
live,2026-07-15 18:19,2026-07-17,Brazil Serie A,Fluminense,Bragantino-SP,OVER,2.0,2.0,0.0,14.66,SNIPER,New,3.66,LOSS,-1.0,,,,new_format,
live,2026-07-15 18:19,2026-07-21,Brazil Serie A,Atletico Mineiro,Bahia,OVER,1.84,1.84,0.0,12.05,SNIPER,New,3.59,LOSS,-1.0,,,,new_format,
live,2026-07-15 18:19,2026-07-19,Mexico Liga MX,Querétaro,América,OVER,1.85,1.85,0.0,10.59,VALUABLE,New,3.11,LOSS,-1.0,,4.33,-57.27,new_format,
live,2026-07-15 18:19,2026-07-17,Brazil Serie A,Mirassol,Grêmio,OVER,2.05,2.05,0.0,10.16,VALUABLE,New,2.42,WIN,1.05,,5.5,-62.73,new_format,
live,2026-07-15 18:19,2026-07-16,Brazil Serie A,Vitoria,Vasco da Gama,OVER,1.95,1.95,0.0,10.15,VALUABLE,New,2.67,LOSS,-1.0,,5.0,-61.0,new_format,
live,2026-07-15 18:19,2026-07-17,Mexico Liga MX,Tijuana,Tigres,OVER,1.8,1.8,0.0,7.48,VALUABLE,New,2.34,WIN,0.8,,4.0,-55.0,new_format,
live,2026-07-15 18:19,2026-07-18,Mexico Liga MX,Pumas,Pachuca,OVER,1.75,1.75,0.0,7.37,VALUABLE,New,2.46,WIN,0.75,,4.0,-56.25,new_format,
live,2026-07-15 18:19,2026-07-18,Mexico Liga MX,León,Atlas,OVER,1.8,1.8,0.0,7.03,VALUABLE,New,2.2,WIN,0.8,,4.0,-55.0,new_format,
live,2026-07-15 18:19,2026-07-18,Mexico Liga MX,Atlético San Luis,Cruz Azul,AVOID,1.67,1.67,0.0,5.37,VALUABLE,New,2.0,,,,,,new_format,
live,2026-07-15 22:34,2026-07-22,Brazil Serie A,Coritiba,Palmeiras,AVOID,2.22,2.22,0.0,21.07,SNIPER,New,4.32,,,,,,new_format,
live,2026-07-15 23:33,2026-07-22,USA MLS,Inter Miami CF,Chicago Fire,UNDER,3.7,3.7,0.0,24.64,SNIPER,New,2.28,LOSS,-1.0,,,,new_format,
live,2026-07-15 23:33,2026-07-22,USA MLS,FC Cincinnati,Vancouver Whitecaps FC,UNDER,3.15,3.15,0.0,18.45,SNIPER,New,2.15,LOSS,-1.0,,1.4,125.0,new_format,
live,2026-07-15 23:33,2026-07-22,USA MLS,Philadelphia Union,New York Red Bulls,UNDER,2.62,2.62,0.0,15.19,SNIPER,New,2.34,LOSS,-1.0,,1.33,96.99,new_format,
live,2026-07-15 23:33,2026-07-22,USA MLS,New England Revolution,Toronto FC,UNDER,2.08,2.08,0.0,5.35,MARKSMAN,New,1.24,WIN,1.08,,1.22,70.49,new_format,
live,2026-07-15 23:33,2026-07-22,USA MLS,Columbus Crew SC,New York City FC,UNDER,2.18,2.18,0.0,4.17,MARKSMAN,New,0.88,LOSS,-1.0,,1.2,81.67,new_format,
live,2026-07-16 00:59,2026-07-23,Brazil Serie A,Chapecoense,Flamengo,UNDER,1.96,1.96,0.0,31.19,SNIPER,New,8.12,LOSS,-1.0,,1.18,66.1,new_format,
live,2026-07-16 00:59,2026-07-23,Brazil Serie A,Internacional,Cruzeiro,UNDER,1.79,1.79,0.0,25.76,SNIPER,New,8.15,LOSS,-1.0,,1.17,52.99,new_format,
live,2026-07-16 00:59,2026-07-23,Brazil Serie A,Sao Paulo,Atletico Paranaense,AVOID,2.2,2.2,0.0,21.64,SNIPER,New,4.51,,,,,,new_format,
live,2026-07-16 00:59,2026-07-23,USA MLS,Houston Dynamo,D.C. United,UNDER,2.08,2.08,0.0,13.46,SNIPER,New,3.12,WIN,1.08,,,,new_format,
live,2026-07-16 00:59,2026-07-23,USA MLS,Sporting Kansas City,Minnesota United FC,UNDER,2.48,2.48,0.0,12.77,SNIPER,New,2.16,LOSS,-1.0,,1.33,86.47,new_format,
live,2026-07-16 09:57,2026-07-23,USA MLS,Portland Timbers,FC Dallas,UNDER,2.68,2.68,0.0,14.47,SNIPER,New,2.15,LOSS,-1.0,,1.33,101.5,new_format,
live,2026-07-16 09:57,2026-07-23,USA MLS,San Jose Earthquakes,Orlando City SC,UNDER,3.35,3.35,0.0,12.91,SNIPER,New,1.37,LOSS,-1.0,,1.44,132.64,new_format,
live,2026-07-16 09:57,2026-07-23,USA MLS,LA Galaxy,St. Louis City SC,UNDER,2.38,2.38,0.0,6.16,MARKSMAN,New,1.12,LOSS,-1.0,,,,new_format,
live,2026-07-16 21:40,2026-07-23,USA MLS,Nashville SC,CF Montreal,UNDER,2.48,2.48,0.0,7.03,VALUABLE,New,1.19,WIN,1.48,,1.25,98.4,new_format,
live,2026-07-16 22:35,2026-07-23,USA MLS,Los Angeles FC,Real Salt Lake,UNDER,2.42,2.42,0.0,5.55,MARKSMAN,New,0.98,LOSS,-1.0,,1.3,86.15,new_format,
live,2026-07-16 22:35,2026-07-20,Sweden Allsvenskan,Kalmar FF,Malmo FF,UNDER,2.18,2.18,0.0,4.66,MARKSMAN,New,0.99,LOSS,-1.0,,1.25,74.4,new_format,
live,2026-07-17 09:47,2026-07-22,Norway Eliteserien,Bodø/Glimt,HamKam,UNDER,3.25,3.25,0.0,22.22,SNIPER,New,2.47,LOSS,-1.0,,,,new_format,
live,2026-07-17 11:11,2026-07-23,Brazil Serie A,Corinthians,Remo,UNDER,1.82,1.82,0.0,5.28,VALUABLE,New,1.61,LOSS,-1.0,,1.17,55.56,new_format,
live,2026-07-17 11:11,2026-07-17,China Super League,Henan FC,Qingdao Hainiu FC,UNDER,3.0,3.0,0.0,4.53,VALUABLE,New,0.57,LOSS,-1.0,,1.3,130.77,new_format,
live,2026-07-17 15:24,2026-07-24,Argentina Primera Division,Defensa y Justicia,Aldosivi Mar del Plata,AVOID,2.58,2.58,0.0,4.4,VALUABLE,New,0.7,,,,,,new_format,
live,2026-07-17 17:44,2026-07-24,Denmark Superliga,Viborg FF,OB Odense BK,UNDER,2.11,2.11,0.0,7.61,MARKSMAN,New,1.71,WIN,1.11,,1.25,68.8,new_format,
live,2026-07-17 19:45,2026-07-24,Ireland Premier Division,St Patricks Athletic,Dundalk,AVOID,1.62,1.62,0.0,4.1,VALUABLE,New,1.65,,,,,,new_format,
live,2026-07-17 22:11,2026-07-24,Argentina Primera Division,Racing Club,Gimnasia La Plata,AVOID,2.43,2.43,0.0,16.99,SNIPER,New,2.97,,,,,,new_format,
live,2026-07-17 22:11,2026-07-24,Argentina Primera Division,Velez Sarsfield BA,Instituto de Córdoba,AVOID,2.68,2.68,0.0,6.34,VALUABLE,New,0.94,,,,,,new_format,
live,2026-07-18 00:01,2026-07-24,Ireland Premier Division,Galway United,Waterford FC,UNDER,2.5,2.5,0.0,12.15,SNIPER,New,2.02,,,,,,new_format,
live,2026-07-18 09:16,2026-07-19,Sweden Allsvenskan,Halmstads BK,BK Hacken,UNDER,2.58,2.58,0.0,28.75,SNIPER,New,4.55,WIN,1.58,,1.3,98.46,new_format,
live,2026-07-18 09:16,2026-07-25,Mexico Liga MX,Atlante FC,América,UNDER,1.97,1.97,0.0,4.55,VALUABLE,New,1.17,WIN,0.97,,1.2,64.17,new_format,
live,2026-07-18 09:16,2026-07-24,Argentina Primera Division,Gimnasia Mendoza,Central Córdoba,AVOID,2.95,2.95,0.0,4.03,VALUABLE,New,0.52,,,,,,new_format,
live,2026-07-18 10:42,2026-07-18,China Super League,Dalian Yingbo,Shandong Luneng Taishan FC,UNDER,2.85,2.85,0.0,4.36,VALUABLE,New,0.59,LOSS,-1.0,,1.33,114.29,new_format,
live,2026-07-18 11:35,2026-07-19,Mexico Liga MX,Querétaro,América,UNDER,1.9,1.9,0.0,5.32,VALUABLE,New,1.48,WIN,0.9,,1.2,58.33,new_format,
live,2026-07-18 11:35,2026-07-19,Mexico Liga MX,Guadalajara,Toluca,UNDER,2.08,2.08,0.0,4.69,VALUABLE,New,1.09,WIN,1.08,,1.22,70.49,new_format,
live,2026-07-18 11:35,2026-07-18,Mexico Liga MX,Pumas,Pachuca,UNDER,1.96,1.96,0.0,4.68,MARKSMAN,New,1.22,LOSS,-1.0,,1.22,60.66,new_format,
live,2026-07-18 12:32,2026-07-25,China Super League,Shanghai SIPG FC,Shanghai Shenhua FC,UNDER,2.68,2.68,0.0,8.74,VALUABLE,New,1.3,WIN,1.68,,1.36,97.06,new_format,
live,2026-07-18 12:32,2026-07-25,China Super League,Wuhan Three Towns,Chongqing Tonglianglong FC,UNDER,1.85,1.85,0.0,4.2,VALUABLE,New,1.24,WIN,0.85,,1.2,54.17,new_format,
live,2026-07-18 19:42,2026-07-25,Ireland Premier Division,Sligo Rovers,Drogheda United,OVER,1.85,1.85,0.0,5.61,VALUABLE,New,1.65,WIN,0.85,,4.33,-57.27,new_format,
live,2026-07-18 19:42,2026-07-23,Argentina Primera Division,Sarmiento de Junin,Argentinos Juniors,AVOID,2.95,2.95,0.0,4.42,VALUABLE,New,0.57,,,,,,new_format,
live,2026-07-18 20:27,2026-07-25,Argentina Primera Division,Newells Old Boys,Talleres,AVOID,2.75,2.75,0.0,6.64,VALUABLE,New,0.95,,,,,,new_format,
live,2026-07-18 22:05,2026-07-25,Brazil Serie A,Santos,Chapecoense,UNDER,2.09,2.09,0.0,34.12,SNIPER,New,7.83,LOSS,-1.0,,1.25,67.2,new_format,
live,2026-07-18 22:05,2026-07-25,Brazil Serie A,Atletico Paranaense,Internacional,OVER,2.32,2.32,0.0,10.51,MARKSMAN,New,1.99,LOSS,-1.0,,6.0,-61.33,new_format,
live,2026-07-18 22:59,2026-07-25,Argentina Primera Division,River Plate,Barracas Central,AVOID,2.33,2.33,0.0,13.71,SNIPER,New,2.58,,,,,,new_format,
live,2026-07-18 23:48,2026-07-25,Mexico Liga MX,Guadalajara,FC Juárez,UNDER,2.33,2.33,0.0,14.42,SNIPER,New,2.71,WIN,1.33,,2.25,3.56,new_format,
live,2026-07-18 23:48,2026-07-25,Brazil Serie A,Vasco da Gama,Mirassol,OVER,2.1,2.1,0.0,7.36,VALUABLE,New,1.67,LOSS,-1.0,,5.0,-58.0,new_format,
live,2026-07-19 01:12,2026-07-26,Argentina Primera Division,Lanus,San Lorenzo,OVER,3.2,3.2,0.0,12.78,SNIPER,New,1.45,LOSS,-1.0,,,,new_format,
live,2026-07-19 01:12,2026-07-25,Finland Veikkausliiga,KuPS Kuopio,VPS Vaasa,OVER,1.77,1.77,0.0,4.57,VALUABLE,New,1.49,WIN,0.77,,4.0,-55.75,new_format,
live,2026-07-19 09:45,2026-07-22,Norway Eliteserien,Lillestrom,Viking FK,UNDER,2.48,2.48,0.0,38.56,SNIPER,New,6.51,LOSS,-1.0,,1.3,90.77,new_format,
live,2026-07-19 09:45,2026-07-26,Mexico Liga MX,Santos Laguna,Atlas,OVER,1.8,1.8,0.0,4.45,VALUABLE,New,1.39,LOSS,-1.0,,4.33,-58.43,new_format,
live,2026-07-19 11:58,2026-07-26,China Super League,Shandong Luneng Taishan FC,Henan FC,UNDER,2.58,2.58,0.0,4.74,VALUABLE,New,0.75,LOSS,-1.0,,1.36,89.71,new_format,
live,2026-07-19 12:58,2026-07-26,Sweden Allsvenskan,IF Brommapojkarna,Hammarby IF,UNDER,2.58,2.58,0.0,29.35,SNIPER,New,4.64,WIN,1.58,,1.3,98.46,new_format,
live,2026-07-19 12:58,2026-07-26,Sweden Allsvenskan,IK Sirius,IFK Goteborg,UNDER,2.75,2.75,0.0,25.49,SNIPER,New,3.64,LOSS,-1.0,,1.36,102.21,new_format,
live,2026-07-19 12:58,2026-07-26,China Super League,Zhejiang,Dalian Yingbo,UNDER,2.52,2.52,0.0,7.09,VALUABLE,New,1.17,LOSS,-1.0,,,,new_format,
live,2026-07-19 12:58,2026-07-26,China Super League,Yunnan Yukun,Shenzhen Peng City FC,UNDER,2.68,2.68,0.0,4.35,VALUABLE,New,0.65,LOSS,-1.0,,,,new_format,
live,2026-07-19 14:22,2026-07-25,USA MLS,CF Montreal,Inter Miami CF,UNDER,3.15,3.15,0.0,21.16,SNIPER,New,2.46,WIN,2.15,,1.4,125.0,new_format,
live,2026-07-19 14:22,2026-07-25,USA MLS,Columbus Crew SC,FC Cincinnati,UNDER,3.15,3.15,0.0,19.74,SNIPER,New,2.29,LOSS,-1.0,,1.4,125.0,new_format,
live,2026-07-19 14:22,2026-07-25,USA MLS,New York City FC,Chicago Fire,UNDER,2.28,2.28,0.0,16.96,SNIPER,New,3.31,LOSS,-1.0,,1.25,82.4,new_format,
live,2026-07-19 14:22,2026-07-25,USA MLS,New England Revolution,Atlanta United FC,UNDER,1.98,1.98,0.0,14.91,SNIPER,New,3.8,LOSS,-1.0,,,,new_format,
live,2026-07-19 14:22,2026-07-26,USA MLS,St. Louis City SC,Colorado Rapids,UNDER,2.32,2.32,0.0,12.61,SNIPER,New,2.39,WIN,1.32,,1.28,81.25,new_format,
live,2026-07-19 14:22,2026-07-25,USA MLS,Philadelphia Union,Seattle Sounders FC,UNDER,2.18,2.18,0.0,9.68,MARKSMAN,New,2.05,WIN,1.18,,1.25,74.4,new_format,
live,2026-07-19 14:22,2026-07-25,USA MLS,Orlando City SC,Nashville SC,UNDER,2.48,2.48,0.0,8.53,MARKSMAN,New,1.44,,,,,,new_format,
live,2026-07-19 14:22,2026-07-26,USA MLS,Los Angeles FC,Sporting Kansas City,UNDER,3.5,3.5,0.0,7.49,VALUABLE,New,0.75,LOSS,-1.0,,1.83,91.26,new_format,
live,2026-07-19 14:22,2026-07-25,Argentina Primera Division,Estudiantes de Río Cuarto,CA Tigre BA,OVER,3.25,3.25,0.0,7.22,VALUABLE,New,0.8,LOSS,-1.0,,,,new_format,
live,2026-07-19 14:22,2026-07-26,Finland Veikkausliiga,Ilves Tampere,FC Lahti,AVOID,1.71,1.71,0.0,4.91,VALUABLE,New,1.73,,,,,,new_format,
live,2026-07-19 15:28,2026-07-26,Norway Eliteserien,Sarpsborg FK,HamKam,UNDER,2.34,2.34,0.0,25.69,SNIPER,New,4.79,WIN,1.34,,,,new_format,
live,2026-07-19 15:28,2026-07-26,Norway Eliteserien,Sandefjord,Bodø/Glimt,UNDER,3.0,3.0,0.0,20.02,SNIPER,New,2.5,LOSS,-1.0,,,,new_format,
live,2026-07-19 15:28,2026-07-26,Sweden Allsvenskan,GAIS,Halmstads BK,UNDER,2.22,2.22,0.0,11.12,MARKSMAN,New,2.28,WIN,1.22,,2.0,11.0,new_format,
live,2026-07-19 15:28,2026-07-26,Finland Veikkausliiga,HJK Helsinki,TPS Turku,UNDER,2.48,2.48,0.0,7.03,MARKSMAN,New,1.19,WIN,1.48,,,,new_format,
live,2026-07-19 17:31,2026-07-26,Norway Eliteserien,Aalesund,Viking FK,UNDER,2.8,2.8,0.0,9.31,VALUABLE,New,1.29,WIN,1.8,,1.4,100.0,new_format,
live,2026-07-19 17:31,2026-07-26,Finland Veikkausliiga,FC Inter Turku,IF Gnistan,AVOID,1.73,1.73,0.0,5.25,VALUABLE,New,1.8,,,,,,new_format,
live,2026-07-19 18:27,2026-07-26,Argentina Primera Division,Atlético Tucuman,Independiente Rivadavia,AVOID,2.33,2.33,0.0,13.22,SNIPER,New,2.49,,,,,,new_format,
live,2026-07-19 19:39,2026-07-26,Brazil Serie A,Bahia,Corinthians,OVER,1.98,1.98,0.0,9.23,VALUABLE,New,2.35,LOSS,-1.0,,5.0,-60.4,new_format,
live,2026-07-19 19:39,2026-07-25,USA MLS,D.C. United,Toronto FC,UNDER,2.02,2.02,0.0,4.26,MARKSMAN,New,1.04,LOSS,-1.0,,,,new_format,
live,2026-07-19 22:08,2026-07-26,Brazil Serie A,Grêmio,Fluminense,OVER,1.95,1.95,0.0,7.86,VALUABLE,New,2.07,LOSS,-1.0,,4.33,-54.97,new_format,
live,2026-07-19 23:06,2026-07-26,Brazil Serie A,Remo,Vitoria,OVER,2.02,2.02,0.0,5.29,VALUABLE,New,1.3,LOSS,-1.0,,5.0,-59.6,new_format,
live,2026-07-19 23:06,2026-07-26,Brazil Serie A,Flamengo,Sao Paulo,UNDER,1.88,1.88,0.0,4.51,VALUABLE,New,1.28,WIN,0.88,,1.18,59.32,new_format,
live,2026-07-20 10:41,2026-07-27,Mexico Liga MX,Pachuca,Querétaro,UNDER,2.12,2.12,0.0,6.41,MARKSMAN,New,1.43,LOSS,-1.0,,1.25,69.6,new_format,
live,2026-07-20 18:23,2026-07-27,Sweden Allsvenskan,BK Hacken,AIK,UNDER,2.52,2.52,0.0,14.4,SNIPER,New,2.37,WIN,1.52,,1.3,93.85,new_format,
live,2026-07-20 21:13,2026-07-25,China Super League,Qingdao Hainiu FC,Tianjin Jinmen Tiger FC,UNDER,1.82,1.82,0.0,6.36,VALUABLE,New,1.94,WIN,0.82,,1.18,54.24,new_format,
live,2026-07-21 10:16,2026-07-26,Sweden Allsvenskan,Malmo FF,IF Elfsborg,UNDER,2.18,2.18,0.0,5.26,VALUABLE,New,1.11,LOSS,-1.0,,1.25,74.4,new_format,
live,2026-07-22 01:02,2026-07-29,Argentina Primera Division,Argentinos Juniors,Estudiantes de Río Cuarto,AVOID,2.42,2.42,0.0,13.93,SNIPER,New,2.45,,,,,,new_format,
live,2026-07-22 10:15,2026-07-29,Argentina Primera Division,Rosario Central,Racing Club,AVOID,2.82,2.82,0.0,13.53,SNIPER,New,1.86,,,,,,new_format,
live,2026-07-22 10:15,2026-07-28,Argentina Primera Division,Banfield,Sarmiento de Junin,AVOID,2.82,2.82,0.0,12.21,SNIPER,New,1.68,,,,,,new_format,
live,2026-07-22 17:05,2026-07-27,Denmark Superliga,Randers FC,Silkeborg IF,UNDER,2.17,2.17,0.0,6.05,VALUABLE,New,1.29,WIN,1.17,,1.25,73.6,new_format,
live,2026-07-22 23:38,2026-07-22,USA MLS,Columbus Crew SC,New York City FC,OVER,2.08,2.08,0.0,13.5,SNIPER,New,3.13,WIN,1.08,,4.33,-51.96,new_format,
live,2026-07-22 23:38,2026-07-29,Argentina Primera Division,Gimnasia La Plata,River Plate,AVOID,2.58,2.58,0.0,16.45,SNIPER,New,2.6,,,,,,new_format,
live,2026-07-22 23:38,2026-07-26,Brazil Serie A,Bragantino-SP,Coritiba,UNDER,1.88,1.88,0.0,5.23,VALUABLE,New,1.49,WIN,0.88,,,,new_format,
live,2026-07-23 01:08,2026-07-30,Brazil Serie A,Fluminense,Bahia,AVOID,1.66,1.66,0.0,8.85,VALUABLE,New,3.35,,,,,,new_format,
live,2026-07-23 16:00,2026-07-29,Brazil Serie A,Internacional,Flamengo,UNDER,1.82,1.82,0.0,13.21,SNIPER,New,4.03,WIN,0.82,,1.2,51.67,new_format,
live,2026-07-23 16:00,2026-07-29,Brazil Serie A,Chapecoense,Vasco da Gama,AVOID,1.74,1.74,0.0,6.45,VALUABLE,New,2.18,,,,,,new_format,
live,2026-07-23 19:59,2026-07-23,Argentina Primera Division,Belgrano de Cordoba,Rosario Central,AVOID,2.92,2.92,0.0,8.33,VALUABLE,New,1.09,,,,,,new_format,
live,2026-07-23 21:54,2026-07-30,Brazil Serie A,Vitoria,Palmeiras,OVER,2.01,2.01,0.0,13.92,SNIPER,New,3.45,WIN,1.01,,5.5,-63.45,new_format,
live,2026-07-23 21:54,2026-07-25,China Super League,Wuhan Three Towns,Chongqing Tonglianglong FC,OVER,1.9,1.9,0.0,11.22,VALUABLE,New,3.12,LOSS,-1.0,,4.33,-56.12,new_format,
live,2026-07-23 21:54,2026-07-29,Brazil Serie A,Internacional,Flamengo,OVER,1.88,1.88,0.0,7.02,VALUABLE,New,1.99,LOSS,-1.0,,4.33,-56.58,new_format,
live,2026-07-23 22:44,2026-07-30,Brazil Serie A,Corinthians,Atletico Paranaense,OVER,2.32,2.32,0.0,14.86,SNIPER,New,2.81,LOSS,-1.0,,7.0,-66.86,new_format,
live,2026-07-24 01:04,2026-07-31,Brazil Serie A,Coritiba,Cruzeiro,AVOID,2.06,2.06,0.0,17.79,SNIPER,New,4.19,,,,,,new_format,
live,2026-07-24 01:04,2026-07-29,Brazil Serie A,Chapecoense,Vasco da Gama,OVER,1.78,1.78,0.0,7.74,VALUABLE,New,2.48,,,,,,new_format,
live,2026-07-24 01:04,2026-07-31,Argentina Primera Division,Independiente,Newells Old Boys,AVOID,2.37,2.37,0.0,12.18,SNIPER,New,2.22,,,,,,new_format,
live,2026-07-24 10:08,2026-07-26,Argentina Primera Division,Estudiantes,Independiente,OVER,2.58,2.58,0.0,7.69,VALUABLE,New,1.22,LOSS,-1.0,,,,new_format,
live,2026-07-24 10:08,2026-07-29,Brazil Serie A,Botafogo,Grêmio,AVOID,1.68,1.68,0.0,4.52,VALUABLE,New,1.66,,,,,,new_format,
live,2026-07-24 15:06,2026-07-26,Argentina Primera Division,Deportivo Riestra,Boca Juniors,OVER,3.25,3.25,0.0,12.24,SNIPER,New,1.36,WIN,2.25,,,,new_format,
live,2026-07-24 15:06,2026-07-26,Norway Eliteserien,SK Brann,Vålerenga,UNDER,2.75,2.75,0.0,8.06,VALUABLE,New,1.15,LOSS,-1.0,,1.36,102.21,new_format,
live,2026-07-24 16:51,2026-07-26,USA MLS,Houston Dynamo,Austin FC,AVOID,1.72,1.72,0.0,4.23,VALUABLE,New,1.47,,,,,,new_format,
live,2026-07-24 16:51,2026-07-25,Norway Eliteserien,Kristiansund BK,IK Start,AVOID,1.63,1.63,0.0,4.17,VALUABLE,New,1.65,,,,,,new_format,
live,2026-07-24 18:07,2026-07-31,Austrian Bundesliga,LASK,Grazer AK,UNDER,2.03,2.03,0.0,12.25,SNIPER,New,2.97,LOSS,-1.0,,,,new_format,
live,2026-07-24 18:07,2026-07-25,Argentina Primera Division,Platense,Union Santa Fe,AVOID,2.82,2.82,0.0,6.34,VALUABLE,New,0.87,,,,,,new_format,
live,2026-07-24 18:07,2026-07-25,China Super League,Liaoning Tieren FC,Qingdao West Coast FC,AVOID,1.65,1.65,0.0,4.12,VALUABLE,New,1.58,,,,,,new_format,
live,2026-07-24 19:44,2026-07-31,Ireland Premier Division,Drogheda United,Shamrock Rovers,OVER,1.85,1.85,0.0,12.1,SNIPER,New,3.56,LOSS,-1.0,,5.0,-63.0,new_format,
live,2026-07-24 19:44,2026-07-31,Ireland Premier Division,St Patricks Athletic,Derry City,OVER,1.96,1.96,0.0,11.35,VALUABLE,New,2.96,,,,,,new_format,
live,2026-07-24 19:44,2026-07-31,Ireland Premier Division,Waterford FC,Shelbourne Dublin,AVOID,1.72,1.72,0.0,4.37,VALUABLE,New,1.52,,,,,,new_format,
live,2026-07-24 20:50,2026-07-31,Norway Eliteserien,Bodø/Glimt,Lillestrom,UNDER,3.05,3.05,0.0,34.07,SNIPER,New,4.16,LOSS,-1.0,,,,new_format,
live,2026-07-24 23:45,2026-07-31,Ireland Premier Division,St Patricks Athletic,Derry City,UNDER,1.87,1.87,0.0,25.62,SNIPER,New,7.36,,,,,,new_format,
live,2026-07-24 23:45,2026-07-25,Sweden Allsvenskan,Kalmar FF,Mjällby AIF,OVER,1.79,1.79,0.0,5.68,VALUABLE,New,1.8,WIN,0.79,,4.33,-58.66,new_format,
live,2026-07-25 01:10,2026-07-26,USA MLS,Minnesota United FC,Vancouver Whitecaps FC,UNDER,2.36,2.36,0.0,39.67,SNIPER,New,7.29,WIN,1.36,,1.28,84.37,new_format,
live,2026-07-25 09:28,2026-08-01,Mexico Liga MX,Atlético San Luis,Tijuana,OVER,1.75,1.75,0.0,5.29,VALUABLE,New,1.76,LOSS,-1.0,,4.0,-56.25,new_format,
live,2026-07-25 14:22,2026-08-01,Sweden Allsvenskan,BK Hacken,Kalmar FF,UNDER,2.58,2.58,0.0,23.52,SNIPER,New,3.72,WIN,1.58,,1.3,98.46,new_format,
live,2026-07-25 14:22,2026-07-30,Argentina Primera Division,Talleres,Velez Sarsfield BA,AVOID,2.82,2.82,0.0,8.06,VALUABLE,New,1.11,,,,,,new_format,
live,2026-07-25 15:33,2026-08-01,Finland Veikkausliiga,FC Lahti,Jaro,AVOID,1.72,1.72,0.0,5.05,VALUABLE,New,1.75,,,,,,new_format,
live,2026-07-25 16:28,2026-08-01,Finland Veikkausliiga,IF Gnistan,KuPS Kuopio,AVOID,1.74,1.74,0.0,6.3,VALUABLE,New,2.13,,,,,,new_format,
live,2026-07-25 17:29,2026-08-01,Norway Eliteserien,IK Start,Viking FK,UNDER,2.68,2.68,0.0,26.55,SNIPER,New,3.95,LOSS,-1.0,,1.3,106.15,new_format,
live,2026-07-25 18:15,2026-08-01,Austrian Bundesliga,RB Salzburg,Hartberg,UNDER,2.42,2.42,0.0,21.19,SNIPER,New,3.73,WIN,1.42,,,,new_format,
live,2026-07-25 20:29,2026-07-26,USA MLS,Portland Timbers,Real Salt Lake,UNDER,2.8,2.8,0.0,5.43,VALUABLE,New,0.75,LOSS,-1.0,,1.36,105.88,new_format,
live,2026-07-25 21:24,2026-07-26,Mexico Liga MX,Tigres,Atlético San Luis,AVOID,1.7,1.7,0.0,4.81,VALUABLE,New,1.72,,,,,,new_format,
live,2026-07-26 00:12,2026-08-01,USA MLS,Inter Miami CF,Columbus Crew SC,UNDER,3.05,3.05,0.0,21.3,SNIPER,New,2.6,,,,,,new_format,
live,2026-07-26 00:12,2026-08-01,USA MLS,New York Red Bulls,Orlando City SC,UNDER,3.35,3.35,0.0,20.03,SNIPER,New,2.13,LOSS,-1.0,,1.44,132.64,new_format,
live,2026-07-26 00:12,2026-08-01,USA MLS,D.C. United,Nashville SC,UNDER,1.88,1.88,0.0,16.78,SNIPER,New,4.77,LOSS,-1.0,,,,new_format,
live,2026-07-26 00:12,2026-08-01,USA MLS,CF Montreal,New England Revolution,UNDER,2.08,2.08,0.0,14.47,SNIPER,New,3.35,LOSS,-1.0,,,,new_format,
live,2026-07-26 09:51,2026-08-02,USA MLS,St. Louis City SC,Real Salt Lake,UNDER,2.48,2.48,0.0,31.05,SNIPER,New,5.24,WIN,1.48,,1.3,90.77,new_format,
live,2026-07-26 09:51,2026-08-01,USA MLS,Vancouver Whitecaps FC,Los Angeles FC,UNDER,2.48,2.48,0.0,28.04,SNIPER,New,4.74,WIN,1.48,,1.3,90.77,new_format,
live,2026-07-26 09:51,2026-08-02,USA MLS,Minnesota United FC,San Diego FC,UNDER,2.58,2.58,0.0,21.28,SNIPER,New,3.37,WIN,1.58,,1.3,98.46,new_format,
live,2026-07-26 09:51,2026-08-02,USA MLS,Chicago Fire,Charlotte FC,UNDER,2.75,2.75,0.0,12.12,SNIPER,New,1.73,LOSS,-1.0,,1.36,102.21,new_format,
live,2026-07-26 09:51,2026-08-01,USA MLS,FC Cincinnati,San Jose Earthquakes,UNDER,3.35,3.35,0.0,20.48,SNIPER,New,2.18,,,,,,new_format,
live,2026-07-26 09:51,2026-08-02,USA MLS,Portland Timbers,Seattle Sounders FC,UNDER,2.62,2.62,0.0,12.22,SNIPER,New,1.89,LOSS,-1.0,,1.33,96.99,new_format,
live,2026-07-26 09:51,2026-08-02,USA MLS,LA Galaxy,FC Dallas,UNDER,2.48,2.48,0.0,12.2,SNIPER,New,2.06,WIN,1.48,,,,new_format,
live,2026-07-26 09:51,2026-08-02,Mexico Liga MX,León,Pachuca,OVER,1.8,1.8,0.0,10.06,VALUABLE,New,3.14,LOSS,-1.0,,3.75,-52.0,new_format,
live,2026-07-26 09:51,2026-08-02,Mexico Liga MX,Atlas,Monterrey,OVER,1.95,1.95,0.0,8.52,VALUABLE,New,2.24,LOSS,-1.0,,4.33,-54.97,new_format,
live,2026-07-26 09:51,2026-08-02,USA MLS,Sporting Kansas City,Houston Dynamo,UNDER,2.38,2.38,0.0,13.05,SNIPER,New,2.36,WIN,1.38,,1.28,85.94,new_format,
live,2026-07-26 09:51,2026-08-02,USA MLS,Colorado Rapids,Austin FC,UNDER,2.28,2.28,0.0,4.51,VALUABLE,New,0.88,WIN,1.28,,1.25,82.4,new_format,
live,2026-07-26 09:51,2026-08-01,Austrian Bundesliga,WSG Tirol,Sturm Graz,UNDER,2.05,2.05,0.0,4.33,VALUABLE,New,1.03,WIN,1.05,,,,new_format,
live,2026-07-26 09:51,2026-07-31,USA MLS,New York City FC,Toronto FC,UNDER,2.02,2.02,0.0,21.4,SNIPER,New,5.25,WIN,1.02,,1.22,65.57,new_format,
live,2026-07-26 11:12,2026-08-01,Argentina Primera Division,Estudiantes,Defensa y Justicia,OVER,2.43,2.43,0.0,15.61,SNIPER,New,2.73,WIN,1.43,,,,new_format,
live,2026-07-26 11:12,2026-08-01,Denmark Superliga,Lyngby,AGF Aarhus,UNDER,1.99,1.99,0.0,30.93,SNIPER,New,7.81,LOSS,-1.0,,1.25,59.2,new_format,
live,2026-07-27 07:22,2026-08-02,Sweden Allsvenskan,AIK,Örgryte IS,UNDER,2.48,2.48,0.0,37.21,SNIPER,New,6.28,LOSS,-1.0,,1.28,93.75,new_format,
live,2026-07-27 07:22,2026-08-02,Denmark Superliga,FC Midtjylland,AC Horsens,UNDER,2.48,2.48,0.0,36.28,SNIPER,New,6.13,LOSS,-1.0,,1.3,90.77,new_format,
live,2026-07-27 07:22,2026-08-02,Norway Eliteserien,SK Brann,Rosenborg,UNDER,2.48,2.48,0.0,23.43,SNIPER,New,3.96,LOSS,-1.0,,1.33,86.47,new_format,
live,2026-07-27 07:22,2026-08-02,Norway Eliteserien,Molde,Sarpsborg FK,UNDER,2.75,2.75,0.0,14.14,SNIPER,New,2.02,LOSS,-1.0,,1.36,102.21,new_format,
live,2026-07-27 07:22,2026-08-02,Ireland Premier Division,St Patricks Athletic,Derry City,OVER,2.04,2.04,0.0,10.07,VALUABLE,New,2.42,LOSS,-1.0,,,,new_format,
live,2026-07-27 07:22,2026-08-01,China Super League,Beijing FC,Zhejiang,UNDER,3.05,3.05,0.0,9.33,VALUABLE,New,1.14,LOSS,-1.0,,,,new_format,
live,2026-07-27 07:22,2026-08-02,Mexico Liga MX,Cruz Azul,Atlante FC,UNDER,2.48,2.48,0.0,13.34,SNIPER,New,2.25,LOSS,-1.0,,1.3,90.77,new_format,
live,2026-07-27 07:22,2026-08-02,Austrian Bundesliga,Rapid Wien,Rheindorf Altach,UNDER,1.81,1.81,0.0,9.12,VALUABLE,New,2.81,WIN,0.81,,,,new_format,
live,2026-07-27 07:22,2026-08-02,Finland Veikkausliiga,VPS Vaasa,FC Inter Turku,OVER,1.83,1.83,0.0,9.01,VALUABLE,New,2.71,LOSS,-1.0,,4.5,-59.33,new_format,
live,2026-07-27 07:22,2026-08-01,China Super League,Shanghai SIPG FC,Shandong Luneng Taishan FC,UNDER,2.92,2.92,0.0,8.83,VALUABLE,New,1.15,WIN,1.92,,1.4,108.57,new_format,
live,2026-07-27 07:22,2026-08-01,China Super League,Chengdu Rongcheng FC,Wuhan Three Towns,UNDER,2.92,2.92,0.0,8.64,VALUABLE,New,1.13,WIN,1.92,,2.2,32.73,new_format,
live,2026-07-27 07:22,2026-08-02,China Super League,Shenzhen Peng City FC,Chongqing Tonglianglong FC,OVER,1.88,1.88,0.0,8.02,VALUABLE,New,2.28,LOSS,-1.0,,,,new_format,
live,2026-07-27 07:22,2026-08-02,Denmark Superliga,FC Nordsjaelland,Randers FC,UNDER,2.19,2.19,0.0,7.13,VALUABLE,New,1.5,WIN,1.19,,1.25,75.2,new_format,
live,2026-07-27 07:22,2026-08-02,Austrian Bundesliga,Austria Lustenau,Ried,UNDER,1.76,1.76,0.0,6.42,VALUABLE,New,2.11,WIN,0.76,,,,new_format,
live,2026-07-27 07:22,2026-08-02,Argentina Primera Division,Newells Old Boys,Boca Juniors,AVOID,2.58,2.58,0.0,5.99,VALUABLE,New,0.95,,,,,,new_format,
live,2026-07-27 07:22,2026-08-01,Finland Veikkausliiga,IF Gnistan,KuPS Kuopio,OVER,1.75,1.75,0.0,5.53,VALUABLE,New,1.84,LOSS,-1.0,,3.75,-53.33,new_format,
live,2026-07-27 07:22,2026-08-02,Denmark Superliga,Silkeborg IF,FC Copenhagen,AVOID,1.61,1.61,0.0,5.33,VALUABLE,New,2.19,,,,,,new_format,
live,2026-07-27 07:22,2026-07-29,Brazil Serie A,Atletico Mineiro,Bragantino-SP,AVOID,2.12,2.12,0.0,5.28,VALUABLE,New,1.18,,,,,,new_format,
live,2026-07-27 07:22,2026-08-02,Sweden Allsvenskan,IFK Goteborg,Degerfors IF,AVOID,1.7,1.7,0.0,5.28,VALUABLE,New,1.89,,,,,,new_format,
live,2026-07-27 07:22,2026-08-02,Norway Eliteserien,Aalesund,Tromso,AVOID,1.68,1.68,0.0,4.21,VALUABLE,New,1.55,,,,,,new_format,
live,2026-07-27 07:22,2026-08-02,Norway Eliteserien,KFUM,Kristiansund BK,AVOID,1.67,1.67,0.0,4.17,VALUABLE,New,1.56,,,,,,new_format,
live,2026-07-27 11:10,2026-07-31,Norway Eliteserien,Vålerenga,HamKam,UNDER,2.3,2.3,0.0,19.7,SNIPER,New,3.79,LOSS,-1.0,,,,new_format,
live,2026-07-27 11:10,2026-07-30,Brazil Serie A,Vitoria,Palmeiras,AVOID,2.06,2.06,0.0,17.26,SNIPER,New,4.07,,,,,,new_format,
live,2026-07-27 13:45,2026-08-02,Finland Veikkausliiga,AC Oulu,Ilves Tampere,AVOID,1.54,1.54,0.0,4.16,VALUABLE,New,1.93,,,,,,new_format,
live,2026-07-27 16:04,2026-08-02,Mexico Liga MX,León,Pachuca,AVOID,1.7,1.7,0.0,4.57,VALUABLE,New,1.63,,,,,,new_format,
live,2026-07-27 17:50,2026-08-03,Sweden Allsvenskan,Djurgardens IF,Västerås SK,UNDER,2.68,2.68,0.0,31.21,SNIPER,New,4.64,LOSS,-1.0,,1.33,101.5,new_format,
live,2026-07-27 17:50,2026-08-03,Sweden Allsvenskan,Halmstads BK,IK Sirius,UNDER,2.62,2.62,0.0,22.48,SNIPER,New,3.47,WIN,1.62,,1.33,96.99,new_format,
live,2026-07-27 17:50,2026-08-03,Denmark Superliga,OB Odense BK,SonderjyskE,UNDER,2.23,2.23,0.0,12.79,SNIPER,New,2.6,WIN,1.23,,1.28,74.22,new_format,
live,2026-07-27 17:50,2026-08-01,Mexico Liga MX,FC Juárez,Pumas,OVER,1.83,1.83,0.0,4.87,VALUABLE,New,1.47,WIN,0.83,,4.33,-57.74,new_format,
live,2026-07-27 17:50,2026-08-02,Denmark Superliga,Brondby IF,Viborg FF,AVOID,1.63,1.63,0.0,4.34,VALUABLE,New,1.72,,,,,,new_format,
live,2026-07-28 10:24,2026-08-01,Argentina Primera Division,Estudiantes,Defensa y Justicia,AVOID,2.5,2.5,0.0,8.81,VALUABLE,New,1.47,,,,,,new_format,
live,2026-07-28 10:24,2026-08-01,Argentina Primera Division,Racing Club,CA Tigre BA,AVOID,2.68,2.68,0.0,4.24,VALUABLE,New,0.63,,,,,,new_format,
live,2026-07-28 14:41,2026-08-02,Argentina Primera Division,Aldosivi Mar del Plata,Gimnasia La Plata,AVOID,2.82,2.82,0.0,7.78,VALUABLE,New,1.07,,,,,,new_format,
live,2026-07-28 14:41,2026-08-01,Mexico Liga MX,Querétaro,Tigres,OVER,1.75,1.75,0.0,4.18,VALUABLE,New,1.39,WIN,0.75,,4.33,-59.58,new_format,
live,2026-07-28 16:22,2026-07-28,Argentina Primera Division,San Lorenzo,Gimnasia Mendoza,AVOID,2.58,2.58,0.0,5.04,VALUABLE,New,0.8,,,,,,new_format,
live,2026-07-28 19:00,2026-07-30,Brazil Serie A,Vitoria,Palmeiras,UNDER,1.77,1.77,0.0,19.85,SNIPER,New,6.44,LOSS,-1.0,,1.14,55.26,new_format,
live,2026-07-28 20:13,2026-07-28,Argentina Primera Division,San Lorenzo,Gimnasia Mendoza,OVER,2.43,2.43,0.0,17.58,SNIPER,New,3.07,LOSS,-1.0,,,,new_format,
live,2026-07-29 12:30,2026-07-29,Argentina Primera Division,Barracas Central,Aldosivi Mar del Plata,OVER,3.25,3.25,0.0,4.32,VALUABLE,New,0.48,LOSS,-1.0,,,,new_format,
live,2026-07-29 17:25,2026-07-31,Brazil Serie A,Coritiba,Cruzeiro,UNDER,1.77,1.77,0.0,20.6,SNIPER,New,6.69,WIN,0.77,,1.14,55.26,new_format,
live,2026-07-29 20:41,2026-08-02,Argentina Primera Division,Newells Old Boys,Boca Juniors,OVER,2.43,2.43,0.0,13.3,SNIPER,New,2.33,WIN,1.43,,,,new_format,
live,2026-07-29 20:41,2026-08-01,Norway Eliteserien,Fredrikstad FK,Sandefjord,AVOID,1.64,1.64,0.0,4.19,VALUABLE,New,1.63,,,,,,new_format,
live,2026-07-29 23:32,2026-07-30,Argentina Primera Division,Instituto de Córdoba,Platense,AVOID,2.82,2.82,0.0,6.54,VALUABLE,New,0.9,,,,,,new_format,
live,2026-07-29 23:32,2026-08-02,Argentina Primera Division,River Plate,Rosario Central,AVOID,2.58,2.58,0.0,4.04,VALUABLE,New,0.64,,,,,,new_format,
live,2026-07-30 10:12,2026-08-03,Argentina Primera Division,Sarmiento de Junin,Independiente Rivadavia,AVOID,2.58,2.58,0.0,13.9,SNIPER,New,2.2,,,,,,new_format,
live,2026-07-30 10:12,2026-08-03,Argentina Primera Division,Lanus,Instituto de Córdoba,AVOID,2.75,2.75,0.0,5.0,VALUABLE,New,0.71,,,,,,new_format,
live,2026-07-30 14:18,2026-07-31,Argentina Primera Division,Central Córdoba,Atlético Tucuman,AVOID,2.45,2.45,0.0,10.59,VALUABLE,New,1.83,,,,,,new_format,
live,2026-07-30 17:30,2026-08-01,Mexico Liga MX,Puebla,Guadalajara,UNDER,2.12,2.12,0.0,10.55,VALUABLE,New,2.35,WIN,1.12,,1.22,73.77,new_format,
live,2026-07-30 17:30,2026-08-03,Argentina Primera Division,Velez Sarsfield BA,Independiente,AVOID,2.68,2.68,0.0,12.63,SNIPER,New,1.88,,,,,,new_format,
live,2026-07-30 18:56,2026-07-31,Brazil Serie A,Coritiba,Cruzeiro,OVER,2.15,2.15,0.0,15.86,SNIPER,New,3.45,LOSS,-1.0,,5.5,-60.91,new_format,
live,2026-07-30 22:31,2026-08-02,Austrian Bundesliga,Wolfsberger AC,Austria Wien,UNDER,1.94,1.94,0.0,4.27,VALUABLE,New,1.14,LOSS,-1.0,,,,new_format,
live,2026-07-31 01:09,2026-08-06,Argentina Primera Division,Union Santa Fe,Lanus,AVOID,2.68,2.68,0.0,4.03,VALUABLE,New,0.6,,,,,,new_format,
live,2026-07-31 14:45,2026-08-03,Mexico Liga MX,Toluca,Necaxa,UNDER,2.52,2.52,0.0,11.97,VALUABLE,New,1.97,LOSS,-1.0,,2.2,14.55,new_format,
live,2026-07-31 14:45,2026-08-01,Mexico Liga MX,Querétaro,Tigres,UNDER,1.94,1.94,0.0,5.68,VALUABLE,New,1.51,LOSS,-1.0,,1.2,61.67,new_format,
live,2026-07-31 14:45,2026-08-02,Mexico Liga MX,Atlas,Monterrey,UNDER,1.89,1.89,0.0,4.78,VALUABLE,New,1.34,WIN,0.89,,1.2,57.5,new_format,
live,2026-07-31 14:45,2026-08-01,Mexico Liga MX,FC Juárez,Pumas,UNDER,2.0,2.0,0.0,4.78,VALUABLE,New,1.19,LOSS,-1.0,,1.2,66.67,new_format,
live,2026-07-31 17:59,2026-08-07,Japan J-League,Gamba Osaka,Urawa Red Diamonds,UNDER,1.8,1.8,0.0,19.4,SNIPER,New,6.06,LOSS,-1.0,,,,new_format,
live,2026-07-31 19:14,2026-08-07,Bundesliga 2,VfL Bochum,Hertha Berlin,UNDER,2.3,2.3,0.0,12.17,VALUABLE,New,2.34,WIN,1.3,,2.1,9.52,standard,
live,2026-07-31 19:14,2026-08-07,Ireland Premier Division,Derry City,Sligo Rovers,AVOID,1.68,1.68,0.0,5.19,VALUABLE,New,1.91,,,,,,new_format,
live,2026-07-31 19:14,2026-08-07,Ireland Premier Division,Shamrock Rovers,Dundalk,AVOID,1.62,1.62,0.0,5.11,VALUABLE,New,2.06,,,,,,new_format,
live,2026-07-31 23:40,2026-08-01,USA MLS,Philadelphia Union,Atlanta United FC,UNDER,2.38,2.38,0.0,40.8,SNIPER,New,7.39,LOSS,-1.0,,1.28,85.94,new_format,
live,2026-08-01 09:50,2026-08-02,Denmark Superliga,Silkeborg IF,FC Copenhagen,UNDER,2.48,2.48,0.0,21.82,SNIPER,New,3.69,LOSS,-1.0,,1.33,86.47,new_format,
live,2026-08-01 09:50,2026-08-01,Argentina Primera Division,Estudiantes de Río Cuarto,Banfield,AVOID,2.48,2.48,0.0,13.06,SNIPER,New,2.21,,,,,,new_format,
live,2026-08-01 09:50,2026-08-02,Argentina Primera Division,Deportivo Riestra,Barracas Central,OVER,3.25,3.25,0.0,12.96,SNIPER,New,1.44,LOSS,-1.0,,,,new_format,
live,2026-08-01 11:08,2026-08-08,Japan J-League,Hiroshima Sanfrecce FC,JEF United Chiba,UNDER,2.05,2.05,0.0,25.95,SNIPER,New,6.18,LOSS,-1.0,,,,new_format,
live,2026-08-01 11:08,2026-08-08,Japan J-League,Kashiwa Reysol,Mito HollyHock,UNDER,1.8,1.8,0.0,23.39,SNIPER,New,7.31,LOSS,-1.0,,,,new_format,
live,2026-08-01 11:08,2026-08-08,Japan J-League,FC Tokyo,FC Machida Zelvia,AVOID,2.38,2.38,0.0,19.08,SNIPER,New,3.46,,,,,,new_format,
live,2026-08-01 11:08,2026-08-08,Japan J-League,Nagoya Grampus,Shimizu S Pulse,UNDER,1.92,1.92,0.0,16.16,SNIPER,New,4.39,WIN,0.92,,,,new_format,
live,2026-08-01 11:08,2026-08-08,Bundesliga 2,SV Darmstadt 98,Holstein Kiel,UNDER,2.4,2.4,0.0,10.95,VALUABLE,New,1.96,LOSS,-1.0,,2.2,9.09,standard,
live,2026-08-01 11:08,2026-08-08,Japan J-League,Cerezo Osaka,Fagiano Okayama,UNDER,2.0,2.0,0.0,25.2,SNIPER,New,6.3,LOSS,-1.0,,,,new_format,
live,2026-08-01 11:08,2026-08-08,Bundesliga 2,Karlsruher SC,Arminia Bielefeld,UNDER,2.52,2.52,0.0,4.22,VALUABLE,New,0.69,LOSS,-1.0,,2.35,7.23,standard,
live,2026-08-01 13:49,2026-08-08,Norway Eliteserien,Vålerenga,Bodø/Glimt,UNDER,3.45,3.45,0.0,25.19,SNIPER,New,2.57,LOSS,-1.0,,,,new_format,
live,2026-08-01 13:49,2026-08-05,Argentina Primera Division,Boca Juniors,Estudiantes,AVOID,2.68,2.68,0.0,4.55,VALUABLE,New,0.68,,,,,,new_format,
live,2026-08-01 13:49,2026-08-01,Argentina Primera Division,Belgrano de Cordoba,Argentinos Juniors,AVOID,2.82,2.82,0.0,4.25,VALUABLE,New,0.58,,,,,,new_format,
live,2026-08-01 14:49,2026-08-08,Norway Eliteserien,Viking FK,Sarpsborg FK,UNDER,3.15,3.15,0.0,24.97,SNIPER,New,2.9,LOSS,-1.0,,1.4,125.0,new_format,
live,2026-08-01 15:45,2026-08-08,Sweden Allsvenskan,Mjällby AIF,IF Elfsborg,OVER,1.81,1.81,0.0,7.02,VALUABLE,New,2.17,LOSS,-1.0,,4.5,-59.78,new_format,
live,2026-08-01 15:45,2026-08-01,Argentina Primera Division,Gimnasia Mendoza,Union Santa Fe,AVOID,2.28,2.28,0.0,4.14,VALUABLE,New,0.81,,,,,,new_format,
live,2026-08-01 16:38,2026-08-08,Norway Eliteserien,IK Start,Fredrikstad FK,AVOID,1.74,1.74,0.0,5.83,VALUABLE,New,1.97,,,,,,new_format,
live,2026-08-01 18:35,2026-08-08,Austrian Bundesliga,Hartberg,Sturm Graz,UNDER,2.01,2.01,0.0,23.08,SNIPER,New,5.71,WIN,1.01,,1.22,64.75,new_format,
live,2026-08-01 18:35,2026-08-02,Norway Eliteserien,KFUM,Kristiansund BK,OVER,1.75,1.75,0.0,8.16,VALUABLE,New,2.72,WIN,0.75,,3.75,-53.33,new_format,
live,2026-08-01 19:48,2026-08-08,Brazil Serie A,Grêmio,Sao Paulo,OVER,2.04,2.04,0.0,14.29,SNIPER,New,3.44,WIN,1.04,,5.5,-62.91,new_format,
live,2026-08-01 19:48,2026-08-08,China Super League,Zhejiang,Wuhan Three Towns,UNDER,2.62,2.62,0.0,5.23,VALUABLE,New,0.81,,,,,,new_format,
live,2026-08-01 20:35,2026-08-08,USA MLS,New England Revolution,Houston Dynamo,OVER,1.75,1.75,0.0,5.3,VALUABLE,New,1.77,LOSS,-1.0,,4.33,-59.58,new_format,
live,2026-08-01 21:29,2026-08-08,Japan J-League,Avispa Fukuoka,Vissel Kobe,OVER,2.45,2.45,0.0,17.94,SNIPER,New,3.09,LOSS,-1.0,,,,new_format,
live,2026-08-01 22:26,2026-08-08,Brazil Serie A,Remo,Atletico Mineiro,OVER,2.1,2.1,0.0,7.54,VALUABLE,New,1.71,WIN,1.1,,,,new_format,
live,2026-08-02 01:04,2026-08-09,Brazil Serie A,Botafogo,Fluminense,UNDER,1.86,1.86,0.0,27.22,SNIPER,New,7.91,WIN,0.86,,1.18,57.63,new_format,
live,2026-08-02 01:04,2026-08-08,Brazil Serie A,Coritiba,Chapecoense,OVER,1.88,1.88,0.0,9.23,VALUABLE,New,2.62,WIN,0.88,,4.5,-58.22,new_format,
live,2026-08-02 01:04,2026-08-06,Argentina Primera Division,CA Tigre BA,Belgrano de Cordoba,OVER,2.92,2.92,0.0,14.89,SNIPER,New,1.94,,,,,,new_format,
live,2026-08-02 09:49,2026-08-04,Argentina Primera Division,Atlético Huracán,Atlético Tucuman,OVER,2.75,2.75,0.0,10.33,VALUABLE,New,1.48,LOSS,-1.0,,,,new_format,
live,2026-08-02 09:49,2026-08-08,Sweden Allsvenskan,Örgryte IS,AIK,UNDER,2.2,2.2,0.0,9.85,VALUABLE,New,2.05,LOSS,-1.0,,1.28,71.88,new_format,
live,2026-08-02 09:49,2026-08-02,China Super League,Liaoning Tieren FC,Shanghai Shenhua FC,UNDER,3.0,3.0,0.0,8.95,VALUABLE,New,1.12,LOSS,-1.0,,,,new_format,
live,2026-08-02 09:49,2026-08-02,Argentina Primera Division,Aldosivi Mar del Plata,Gimnasia La Plata,OVER,3.05,3.05,0.0,8.27,VALUABLE,New,1.01,WIN,2.05,,,,new_format,
live,2026-08-02 09:49,2026-08-06,Argentina Primera Division,Union Santa Fe,Lanus,OVER,2.75,2.75,0.0,4.74,VALUABLE,New,0.68,WIN,1.75,,7.0,-60.71,new_format,
live,2026-08-02 09:49,2026-08-02,China Super League,Qingdao West Coast FC,Qingdao Hainiu FC,OVER,1.78,1.78,0.0,4.63,VALUABLE,New,1.48,LOSS,-1.0,,3.75,-52.53,new_format,
live,2026-08-02 09:49,2026-08-05,Argentina Primera Division,Boca Juniors,Estudiantes,OVER,2.85,2.85,0.0,4.48,VALUABLE,New,0.61,,,,,,new_format,
live,2026-08-02 09:49,2026-08-08,China Super League,Yunnan Yukun,Chengdu Rongcheng FC,UNDER,2.72,2.72,0.0,4.36,VALUABLE,New,0.63,WIN,1.72,,1.44,88.89,new_format,
live,2026-08-02 12:12,2026-08-09,Bundesliga 2,FC Energie Cottbus,Hannover 96,UNDER,2.35,2.35,0.0,8.13,VALUABLE,New,1.51,LOSS,-1.0,,2.35,0.0,standard,
live,2026-08-02 12:12,2026-08-09,Bundesliga 2,FC St. Pauli,Greuther Fürth,UNDER,2.3,2.3,0.0,6.76,VALUABLE,New,1.3,WIN,1.3,,2.25,2.22,standard,
live,2026-08-02 13:52,2026-08-09,Sweden Allsvenskan,Hammarby IF,BK Hacken,UNDER,3.05,3.05,0.0,20.03,SNIPER,New,2.44,LOSS,-1.0,,1.4,117.86,new_format,
live,2026-08-02 13:52,2026-08-09,China Super League,Shandong Luneng Taishan FC,Tianjin Jinmen Tiger FC,UNDER,2.37,2.37,0.0,22.91,SNIPER,New,4.18,LOSS,-1.0,,1.28,85.16,new_format,
live,2026-08-02 14:52,2026-08-07,China Super League,Beijing FC,Shenzhen Peng City FC,UNDER,2.85,2.85,0.0,4.09,VALUABLE,New,0.55,LOSS,-1.0,,,,new_format,
live,2026-08-02 14:52,2026-08-02,Austrian Bundesliga,Austria Lustenau,Ried,OVER,2.16,2.16,0.0,4.04,VALUABLE,New,0.87,LOSS,-1.0,,,,new_format,
live,2026-08-02 15:48,2026-08-08,Finland Veikkausliiga,Ilves Tampere,IFK Mariehamn,UNDER,2.8,2.8,0.0,12.95,SNIPER,New,1.8,,,,,,new_format,
live,2026-08-02 15:48,2026-08-09,Norway Eliteserien,HamKam,Aalesund,AVOID,1.65,1.65,0.0,4.71,VALUABLE,New,1.81,,,,,,new_format,
live,2026-08-02 15:48,2026-08-09,Austrian Bundesliga,Wolfsberger AC,RB Salzburg,UNDER,2.1,2.1,0.0,18.96,SNIPER,New,4.31,WIN,1.1,,,,new_format,
live,2026-08-02 16:39,2026-08-08,Finland Veikkausliiga,FC Inter Turku,FC Lahti,UNDER,1.98,1.98,0.0,4.25,VALUABLE,New,1.08,,,,,,new_format,
live,2026-08-02 16:39,2026-08-04,Argentina Primera Division,Central Córdoba,San Lorenzo,OVER,2.75,2.75,0.0,4.06,VALUABLE,New,0.58,LOSS,-1.0,,,,new_format,
live,2026-08-02 19:49,2026-08-02,Mexico Liga MX,América,Santos Laguna,UNDER,2.2,2.2,0.0,7.43,VALUABLE,New,1.55,LOSS,-1.0,,2.25,-2.22,new_format,
live,2026-08-02 19:49,2026-08-02,Argentina Primera Division,River Plate,Rosario Central,OVER,2.72,2.72,0.0,4.57,VALUABLE,New,0.66,LOSS,-1.0,,,,new_format,
live,2026-08-02 21:30,2026-08-08,China Super League,Qingdao Hainiu FC,Shanghai Shenhua FC,UNDER,2.52,2.52,0.0,6.41,VALUABLE,New,1.05,WIN,1.52,,1.33,89.47,new_format,
live,2026-08-02 22:28,2026-08-09,Argentina Primera Division,San Lorenzo,Atlético Huracán,OVER,3.7,3.7,0.0,12.12,SNIPER,New,1.12,LOSS,-1.0,,11.0,-66.36,new_format,
live,2026-08-02 22:28,2026-08-09,Argentina Primera Division,Talleres,Lanus,OVER,2.92,2.92,0.0,5.46,VALUABLE,New,0.71,,,,,,new_format,
live,2026-08-02 23:28,2026-08-08,China Super League,Dalian Yingbo,Liaoning Tieren FC,UNDER,2.58,2.58,0.0,7.62,VALUABLE,New,1.2,WIN,1.58,,,,new_format,
live,2026-08-03 01:04,2026-08-07,Finland Veikkausliiga,SJK Seinäjoki,IF Gnistan,UNDER,2.23,2.23,0.0,4.86,VALUABLE,New,0.99,LOSS,-1.0,,1.28,74.22,new_format,
live,2026-08-03 11:14,2026-08-09,Brazil Serie A,Flamengo,Vitoria,UNDER,2.25,2.25,0.0,15.1,SNIPER,New,3.02,WIN,1.25,,2.1,7.14,new_format,
live,2026-08-03 13:49,2026-08-03,Finland Veikkausliiga,SJK Seinäjoki,HJK Helsinki,UNDER,2.45,2.45,0.0,6.35,VALUABLE,New,1.1,LOSS,-1.0,,1.3,88.46,new_format,
live,2026-08-03 18:03,2026-08-10,Sweden Allsvenskan,IK Sirius,IF Brommapojkarna,UNDER,2.9,2.9,0.0,20.22,SNIPER,New,2.66,LOSS,-1.0,,3.1,-6.45,new_format,
live,2026-08-03 18:03,2026-08-10,Denmark Superliga,Silkeborg IF,OB Odense BK,UNDER,2.45,2.45,0.0,12.18,SNIPER,New,2.1,WIN,1.45,,2.5,-2.0,new_format,
live,2026-08-03 18:03,2026-08-10,Sweden Allsvenskan,Västerås SK,Djurgardens IF,UNDER,2.3,2.3,0.0,22.28,SNIPER,New,4.28,WIN,1.3,,2.35,-2.13,new_format,
live,2026-08-03 20:47,2026-08-09,Finland Veikkausliiga,Ilves Tampere,IFK Mariehamn,UNDER,2.8,2.8,0.0,16.15,SNIPER,New,2.24,WIN,1.8,,1.36,105.88,new_format,
live,2026-08-04 01:09,2026-08-11,Argentina Primera Division,Union Santa Fe,Central Córdoba,AVOID,2.13,2.13,0.0,4.2,VALUABLE,New,0.93,,,,,,new_format,
live,2026-08-04 10:28,2026-08-09,Austrian Bundesliga,Austria Wien,LASK,OVER,1.81,1.81,0.0,4.43,VALUABLE,New,1.37,LOSS,-1.0,,4.5,-59.78,new_format,
live,2026-08-04 10:28,2026-08-09,Argentina Primera Division,Argentinos Juniors,Racing Club,OVER,2.82,2.82,0.0,4.27,VALUABLE,New,0.59,WIN,1.82,,7.0,-59.71,new_format,
live,2026-08-04 19:57,2026-08-08,Argentina Primera Division,Deportivo Riestra,Estudiantes,OVER,3.7,3.7,0.0,14.32,SNIPER,New,1.33,LOSS,-1.0,,11.0,-66.36,new_format,
live,2026-08-05 00:16,2026-08-12,Argentina Primera Division,Talleres,Lanus,OVER,2.85,2.85,0.0,6.74,VALUABLE,New,0.91,WIN,1.85,,2.7,5.56,new_format,
live,2026-08-05 19:09,2026-08-08,Argentina Primera Division,Atlético Tucuman,Sarmiento de Junin,OVER,2.72,2.72,0.0,10.81,VALUABLE,New,1.57,WIN,1.72,,7.0,-61.14,new_format,
live,2026-08-09 10:55,2026-08-16,USA MLS,Los Angeles FC,San Diego FC,UNDER,2.8,2.8,0.0,28.24,SNIPER,New,3.92,,,,,,new_format,
live,2026-08-09 10:55,2026-08-15,USA MLS,Orlando City SC,FC Cincinnati,UNDER,3.25,3.25,0.0,27.56,SNIPER,New,3.06,,,,,,new_format,
live,2026-08-09 10:55,2026-08-15,China Super League,Zhejiang,Chengdu Rongcheng FC,UNDER,2.75,2.75,0.0,24.87,SNIPER,New,3.55,,,,,,new_format,
live,2026-08-09 10:55,2026-08-16,USA MLS,Nashville SC,Inter Miami CF,UNDER,2.62,2.62,0.0,24.31,SNIPER,New,3.75,,,,,,new_format,
live,2026-08-09 10:55,2026-08-09,Norway Eliteserien,Kristiansund BK,Molde,UNDER,2.5,2.5,0.0,22.47,SNIPER,New,3.74,LOSS,-1.0,,1.3,92.31,new_format,
live,2026-08-09 10:55,2026-08-15,Finland Veikkausliiga,IFK Mariehamn,SJK Seinäjoki,UNDER,2.28,2.28,0.0,21.86,SNIPER,New,4.27,,,,,,new_format,
live,2026-08-09 10:55,2026-08-15,Sweden Allsvenskan,Mjällby AIF,IK Sirius,UNDER,2.25,2.25,0.0,21.58,SNIPER,New,4.32,,,,,,new_format,
live,2026-08-09 10:55,2026-08-15,USA MLS,Atlanta United FC,New York Red Bulls,UNDER,2.62,2.62,0.0,20.47,SNIPER,New,3.16,,,,,,new_format,
live,2026-08-09 10:55,2026-08-16,USA MLS,San Jose Earthquakes,St. Louis City SC,UNDER,2.5,2.5,0.0,20.21,SNIPER,New,3.37,,,,,,new_format,
live,2026-08-09 10:55,2026-08-14,Finland Veikkausliiga,VPS Vaasa,TPS Turku,UNDER,2.07,2.07,0.0,19.77,SNIPER,New,4.62,LOSS,-1.0,,,,new_format,
live,2026-08-09 10:55,2026-08-15,China Super League,Yunnan Yukun,Dalian Yingbo,UNDER,2.72,2.72,0.0,19.27,SNIPER,New,2.8,,,,,,new_format,
live,2026-08-09 10:55,2026-08-16,USA MLS,Colorado Rapids,Sporting Kansas City,UNDER,2.7,2.7,0.0,19.19,SNIPER,New,2.82,,,,,,new_format,
live,2026-08-09 10:55,2026-08-14,Norway Eliteserien,Rosenborg,Viking FK,UNDER,2.2,2.2,0.0,19.16,SNIPER,New,3.99,LOSS,-1.0,,2.5,-12.0,new_format,
live,2026-08-09 10:55,2026-08-14,Austrian Bundesliga,LASK,Ried,UNDER,2.15,2.15,0.0,18.69,SNIPER,New,4.06,LOSS,-1.0,,2.2,-2.27,new_format,
live,2026-08-09 10:55,2026-08-16,USA MLS,Houston Dynamo,LA Galaxy,UNDER,2.2,2.2,0.0,18.44,SNIPER,New,3.84,,,,,,new_format,
live,2026-08-09 10:55,2026-08-09,Finland Veikkausliiga,KuPS Kuopio,TPS Turku,UNDER,2.1,2.1,0.0,17.66,SNIPER,New,4.01,WIN,1.1,,,,new_format,
live,2026-08-09 10:55,2026-08-09,Denmark Superliga,Randers FC,Lyngby,UNDER,2.05,2.05,0.0,17.38,SNIPER,New,4.14,WIN,1.05,,1.22,68.03,new_format,
live,2026-08-09 10:55,2026-08-14,Denmark Superliga,Viborg FF,AGF Aarhus,UNDER,2.14,2.14,0.0,16.7,SNIPER,New,3.66,LOSS,-1.0,,2.25,-4.89,new_format,
live,2026-08-09 10:55,2026-08-16,USA MLS,Real Salt Lake,Minnesota United FC,UNDER,2.25,2.25,0.0,16.61,SNIPER,New,3.32,,,,,,new_format,
live,2026-08-09 10:55,2026-08-16,Mexico Liga MX,Monterrey,FC Juárez,UNDER,2.38,2.38,0.0,16.36,SNIPER,New,2.96,,,,,,new_format,
live,2026-08-09 10:55,2026-08-15,USA MLS,CF Montreal,D.C. United,UNDER,2.1,2.1,0.0,15.75,SNIPER,New,3.58,,,,,,new_format,
live,2026-08-09 10:55,2026-08-09,Sweden Allsvenskan,Halmstads BK,GAIS,UNDER,2.0,2.0,0.0,15.74,SNIPER,New,3.93,WIN,1.0,,1.22,63.93,new_format,
live,2026-08-09 10:55,2026-08-15,China Super League,Liaoning Tieren FC,Shenzhen Peng City FC,UNDER,2.28,2.28,0.0,15.41,SNIPER,New,3.01,,,,,,new_format,
live,2026-08-09 10:55,2026-08-15,Japan J-League,Mito HollyHock,Gamba Osaka,UNDER,1.8,1.8,0.0,15.4,SNIPER,New,4.81,,,,,,new_format,
live,2026-08-09 10:55,2026-08-09,Ireland Premier Division,Waterford FC,Bohemians,UNDER,2.06,2.06,0.0,14.92,SNIPER,New,3.52,LOSS,-1.0,,1.25,64.8,new_format,
live,2026-08-09 10:55,2026-08-15,USA MLS,Toronto FC,New England Revolution,UNDER,2.15,2.15,0.0,14.72,SNIPER,New,3.2,,,,,,new_format,
live,2026-08-09 10:55,2026-08-15,USA MLS,Charlotte FC,Columbus Crew SC,UNDER,2.21,2.21,0.0,14.67,SNIPER,New,3.03,,,,,,new_format,
live,2026-08-09 10:55,2026-08-11,Argentina Primera Division,Union Santa Fe,Central Córdoba,UNDER,1.77,1.77,0.0,14.53,SNIPER,New,4.72,LOSS,-1.0,,1.7,4.12,new_format,
live,2026-08-09 10:55,2026-08-14,Sweden Allsvenskan,IF Elfsborg,Västerås SK,UNDER,1.93,1.93,0.0,13.95,SNIPER,New,3.75,LOSS,-1.0,,2.08,-7.21,new_format,
live,2026-08-09 10:55,2026-08-15,Mexico Liga MX,Atlante FC,Toluca,UNDER,2.2,2.2,0.0,13.66,SNIPER,New,2.85,,,,,,new_format,
live,2026-08-09 10:55,2026-08-09,Sweden Allsvenskan,IFK Goteborg,Kalmar FF,UNDER,1.97,1.97,0.0,13.58,SNIPER,New,3.5,LOSS,-1.0,,1.25,57.6,new_format,
live,2026-08-09 10:55,2026-08-15,Japan J-League,Shimizu S Pulse,Yokohama F Marinos,UNDER,1.85,1.85,0.0,12.96,SNIPER,New,3.81,,,,,,new_format,
live,2026-08-09 10:55,2026-08-15,Japan J-League,Kawasaki Frontale,Kyoto Purple Sanga,UNDER,2.05,2.05,0.0,12.72,SNIPER,New,3.03,,,,,,new_format,
live,2026-08-09 10:55,2026-08-09,Norway Eliteserien,HamKam,Aalesund,UNDER,2.58,2.58,0.0,12.67,SNIPER,New,2.0,WIN,1.58,,,,new_format,
live,2026-08-09 10:55,2026-08-15,Austrian Bundesliga,Sturm Graz,Rheindorf Altach,UNDER,1.9,1.9,0.0,12.35,SNIPER,New,3.43,,,,,,new_format,
live,2026-08-09 10:55,2026-08-15,Norway Eliteserien,KFUM,Lillestrom,UNDER,1.97,1.97,0.0,12.16,SNIPER,New,3.13,,,,,,new_format,
live,2026-08-09 10:55,2026-08-09,China Super League,Chongqing Tonglianglong FC,Shanghai SIPG FC,UNDER,2.03,2.03,0.0,11.78,VALUABLE,New,2.86,LOSS,-1.0,,1.22,66.39,new_format,
live,2026-08-09 10:55,2026-08-09,Norway Eliteserien,Lillestrom,Rosenborg,UNDER,2.08,2.08,0.0,11.36,VALUABLE,New,2.63,WIN,1.08,,1.28,62.5,new_format,
live,2026-08-09 10:55,2026-08-16,Brazil Serie A,Sao Paulo,Coritiba,UNDER,1.82,1.82,0.0,11.35,VALUABLE,New,3.46,,,,,,new_format,
live,2026-08-09 10:55,2026-08-09,Finland Veikkausliiga,AC Oulu,HJK Helsinki,UNDER,2.12,2.12,0.0,11.35,VALUABLE,New,2.53,WIN,1.12,,1.25,69.6,new_format,
live,2026-08-09 10:55,2026-08-15,Japan J-League,Urawa Red Diamonds,Hiroshima Sanfrecce FC,UNDER,1.89,1.89,0.0,11.16,VALUABLE,New,3.14,,,,,,new_format,
live,2026-08-09 10:55,2026-08-09,China Super League,Henan FC,Qingdao West Coast FC,UNDER,2.1,2.1,0.0,10.93,VALUABLE,New,2.48,WIN,1.1,,1.25,68.0,new_format,
live,2026-08-09 10:55,2026-08-09,Denmark Superliga,AC Horsens,Brondby IF,UNDER,1.86,1.86,0.0,10.68,VALUABLE,New,3.1,WIN,0.86,,1.18,57.63,new_format,
live,2026-08-09 10:55,2026-08-09,Austrian Bundesliga,Austria Wien,LASK,UNDER,1.99,1.99,0.0,10.45,VALUABLE,New,2.64,WIN,0.99,,1.18,68.64,new_format,
live,2026-08-09 10:55,2026-08-09,Brazil Serie A,Cruzeiro,Mirassol,UNDER,1.78,1.78,0.0,9.97,VALUABLE,New,3.2,LOSS,-1.0,,1.18,50.85,new_format,
live,2026-08-09 10:55,2026-08-09,Sweden Allsvenskan,Malmo FF,Degerfors IF,UNDER,2.12,2.12,0.0,9.93,VALUABLE,New,2.22,LOSS,-1.0,,1.25,69.6,new_format,
live,2026-08-09 10:55,2026-08-09,Finland Veikkausliiga,FC Inter Turku,FC Lahti,UNDER,1.8,1.8,0.0,9.49,VALUABLE,New,2.97,WIN,0.8,,1.18,52.54,new_format,
live,2026-08-09 10:55,2026-08-15,Japan J-League,JEF United Chiba,FC Machida Zelvia,AVOID,2.15,2.15,0.0,9.39,VALUABLE,New,2.04,,,,,,new_format,
live,2026-08-09 10:55,2026-08-09,Austrian Bundesliga,Ried,Rapid Wien,UNDER,1.8,1.8,0.0,8.14,VALUABLE,New,2.54,LOSS,-1.0,,1.17,53.85,new_format,
live,2026-08-09 10:55,2026-08-15,Championship,Middlesbrough,Lincoln City,UNDER,2.21,2.21,0.0,8.05,VALUABLE,New,1.66,,,,,,standard,
live,2026-08-09 10:55,2026-08-09,Brazil Serie A,Bahia,Vasco da Gama,UNDER,1.89,1.89,0.0,7.96,VALUABLE,New,2.24,WIN,0.89,,1.2,57.5,new_format,
live,2026-08-09 10:55,2026-08-15,Japan J-League,Vissel Kobe,FC Tokyo,AVOID,2.17,2.17,0.0,7.14,VALUABLE,New,1.52,,,,,,new_format,
live,2026-08-09 10:55,2026-08-09,Brazil Serie A,Bragantino-SP,Corinthians,AVOID,2.1,2.1,0.0,6.83,VALUABLE,New,1.55,,,,,,new_format,
live,2026-08-09 10:55,2026-08-09,Brazil Serie A,Santos,Atletico Paranaense,AVOID,2.05,2.05,0.0,6.11,VALUABLE,New,1.45,,,,,,new_format,
live,2026-08-09 10:55,2026-08-09,Ireland Premier Division,Shelbourne Dublin,St Patricks Athletic,AVOID,2.1,2.1,0.0,5.79,VALUABLE,New,1.31,,,,,,new_format,
live,2026-08-09 10:55,2026-08-15,Brazil Serie A,Atletico Paranaense,Bragantino-SP,AVOID,2.15,2.15,0.0,5.46,VALUABLE,New,1.19,,,,,,new_format,
live,2026-08-09 10:55,2026-08-15,Japan J-League,Kashima Antlers,Nagoya Grampus,UNDER,1.75,1.75,0.0,5.46,VALUABLE,New,1.82,,,,,,new_format,
live,2026-08-09 10:55,2026-08-15,La Liga 2,Andorra CF,AD Ceuta FC,UNDER,2.05,2.05,0.0,5.3,VALUABLE,New,1.26,,,,,,standard,
live,2026-08-09 10:55,2026-08-16,Mexico Liga MX,Atlas,Tigres,AVOID,2.08,2.08,0.0,5.06,VALUABLE,New,1.17,,,,,,new_format,
live,2026-08-09 10:55,2026-08-15,La Liga 2,Cádiz CF,Celta Vigo,OVER,2.0,2.0,0.0,4.77,VALUABLE,New,1.19,,,,,,standard,
live,2026-08-09 10:55,2026-08-15,Brazil Serie A,Fluminense,Palmeiras,AVOID,2.25,2.25,0.0,4.3,VALUABLE,New,0.86,,,,,,new_format,
live,2026-08-09 10:55,2026-08-15,League One,Burton Albion,Stevenage,OVER,2.4,2.4,0.0,4.1,VALUABLE,New,0.73,,,,,,standard,
live,2026-08-09 10:55,2026-08-09,Brazil Serie A,Palmeiras,Internacional,UNDER,1.8,1.8,0.0,4.07,VALUABLE,New,1.27,WIN,0.8,,1.18,52.54,new_format,
live,2026-08-09 10:55,2026-08-15,Japan J-League,Fagiano Okayama,V-Varen Nagasaki,AVOID,2.18,2.18,0.0,4.03,VALUABLE,New,0.85,,,,,,new_format,
live,2026-08-09 13:49,2026-08-15,Argentina Primera Division,Aldosivi Mar del Plata,CA Tigre BA,OVER,2.85,2.85,0.0,7.98,VALUABLE,New,1.08,,,,,,new_format,
live,2026-08-09 13:49,2026-08-14,China Super League,Shandong Luneng Taishan FC,Qingdao Hainiu FC,UNDER,3.0,3.0,0.0,6.99,VALUABLE,New,0.87,LOSS,-1.0,,3.1,-3.23,new_format,
live,2026-08-09 13:49,2026-08-15,Argentina Primera Division,Newells Old Boys,Deportivo Riestra,OVER,3.05,3.05,0.0,6.68,VALUABLE,New,0.81,,,,,,new_format,
live,2026-08-09 13:49,2026-08-16,Denmark Superliga,OB Odense BK,AC Horsens,UNDER,2.16,2.16,0.0,6.6,VALUABLE,New,1.42,,,,,,new_format,
live,2026-08-09 13:49,2026-08-16,Sweden Allsvenskan,IF Brommapojkarna,Örgryte IS,UNDER,2.15,2.15,0.0,6.56,VALUABLE,New,1.43,,,,,,new_format,
live,2026-08-09 13:49,2026-08-16,Norway Eliteserien,Aalesund,Vålerenga,UNDER,2.52,2.52,0.0,13.88,SNIPER,New,2.28,,,,,,new_format,
live,2026-08-09 13:49,2026-08-15,Argentina Primera Division,San Lorenzo,Union Santa Fe,OVER,2.85,2.85,0.0,5.87,VALUABLE,New,0.79,,,,,,new_format,
live,2026-08-09 13:49,2026-08-14,Japan J-League,Tokyo Verdy,Kashiwa Reysol,OVER,2.25,2.25,0.0,5.83,VALUABLE,New,1.17,WIN,1.25,,,,new_format,
live,2026-08-09 13:49,2026-08-15,Argentina Primera Division,Estudiantes,Gimnasia La Plata,OVER,2.82,2.82,0.0,7.78,MARKSMAN,Confirmed,1.07,,,,,,new_format,
live,2026-08-09 13:49,2026-08-15,Brazil Serie A,Fluminense,Palmeiras,OVER,2.25,2.25,0.0,7.33,MARKSMAN,Confirmed,1.47,,,,,,new_format,
live,2026-08-09 13:49,2026-08-15,Japan J-League,Avispa Fukuoka,Cerezo Osaka,OVER,2.02,2.02,0.0,4.75,VALUABLE,New,1.16,,,,,,new_format,
live,2026-08-09 13:49,2026-08-14,China Super League,Qingdao West Coast FC,Chongqing Tonglianglong FC,OVER,2.09,2.09,0.0,4.36,VALUABLE,New,1.0,LOSS,-1.0,,1.95,7.18,new_format,
live,2026-08-09 13:49,2026-08-15,Austrian Bundesliga,Austria Lustenau,Wolfsberger AC,OVER,1.89,1.89,0.0,4.32,VALUABLE,New,1.21,,,,,,new_format,
live,2026-08-09 13:49,2026-08-09,Brazil Serie A,Palmeiras,Internacional,OVER,1.91,1.91,0.0,4.17,VALUABLE,New,1.15,LOSS,-1.0,,4.5,-57.56,new_format,
live,2026-08-09 15:01,2026-08-16,Sweden Allsvenskan,Djurgardens IF,AIK,UNDER,2.85,2.85,0.0,17.55,SNIPER,New,2.37,,,,,,new_format,
live,2026-08-09 15:01,2026-08-16,Austrian Bundesliga,WSG Tirol,RB Salzburg,UNDER,2.19,2.19,0.0,12.02,SNIPER,New,2.53,,,,,,new_format,
live,2026-08-09 15:01,2026-08-16,La Liga 2,SD Eibar,Tenerife,OVER,2.2,2.2,0.0,6.6,VALUABLE,New,1.38,,,,,,standard,
live,2026-08-09 15:42,2026-08-16,Norway Eliteserien,SK Brann,HamKam,UNDER,2.68,2.68,0.0,12.03,SNIPER,New,1.79,,,,,,new_format,
live,2026-08-09 15:42,2026-08-16,Norway Eliteserien,Molde,Tromso,AVOID,1.71,1.71,0.0,8.49,VALUABLE,New,2.99,,,,,,new_format,
live,2026-08-09 15:42,2026-08-16,Austrian Bundesliga,Hartberg,Austria Wien,OVER,1.92,1.92,0.0,4.0,VALUABLE,New,1.09,,,,,,new_format,
live,2026-08-09 17:00,2026-08-16,La Liga 2,Girona FC,Leganés,OVER,2.03,2.03,0.0,6.18,VALUABLE,New,1.5,,,,,,standard,
live,2026-08-09 18:17,2026-08-16,Argentina Primera Division,Sarmiento de Junin,Atlético Huracán,OVER,3.15,3.15,0.0,8.46,VALUABLE,New,0.98,,,,,,new_format,
live,2026-08-09 18:17,2026-08-16,Mexico Liga MX,Pumas,Querétaro,UNDER,2.06,2.06,0.0,4.83,VALUABLE,New,1.14,,,,,,new_format,
live,2026-08-09 19:09,2026-08-16,Brazil Serie A,Vasco da Gama,Santos,OVER,2.01,2.01,0.0,4.09,VALUABLE,New,1.01,,,,,,new_format,
live,2026-08-09 21:01,2026-08-16,Norway Eliteserien,Sarpsborg FK,Sandefjord,UNDER,2.58,2.58,0.0,4.08,VALUABLE,New,0.65,,,,,,new_format,
live,2026-08-09 22:15,2026-08-16,USA MLS,Chicago Fire,Portland Timbers,UNDER,3.0,3.0,0.0,6.09,VALUABLE,New,0.76,,,,,,new_format,
live,2026-08-09 22:15,2026-08-16,USA MLS,New York City FC,Philadelphia Union,AVOID,1.62,1.62,0.0,4.66,VALUABLE,New,1.88,,,,,,new_format,
live,2026-08-09 22:56,2026-08-16,Argentina Primera Division,River Plate,Argentinos Juniors,OVER,2.75,2.75,0.0,4.57,VALUABLE,New,0.65,,,,,,new_format,
live,2026-08-09 23:36,2026-08-16,Mexico Liga MX,América,Atlético San Luis,UNDER,2.2,2.2,0.0,8.45,VALUABLE,New,1.76,,,,,,new_format,
live,2026-08-10 09:43,2026-08-17,Mexico Liga MX,Santos Laguna,Guadalajara,UNDER,2.38,2.38,0.0,5.21,VALUABLE,New,0.94,,,,,,new_format,
live,2026-08-10 09:43,2026-08-15,Bundesliga 2,Hertha Berlin,1. FC Heidenheim,UNDER,2.28,2.28,0.0,4.89,VALUABLE,New,0.96,,,,,,standard,
live,2026-08-08T12:59:30Z,2026-08-08,Bundesliga 2,VfL Wolfsburg,1. FC Kaiserslautern,UNDER,2.58,2.58,,5.2,VALUABLE,New,,WIN,1.58,back-filled 2026-08-10: orphaned by Aug6-9 git-add bug; sent via Telegram; final 0-0,2.5,3.2,standard,
live,2026-08-10 17:15,2026-08-17,Sweden Allsvenskan,BK Hacken,Halmstads BK,UNDER,2.85,2.85,0.0,18.44,SNIPER,New,2.49,,,,,,new_format,
live,2026-08-10 17:15,2026-08-17,La Liga 2,Sporting Gijón,Sabadell FC,OVER,2.15,2.15,0.0,9.32,VALUABLE,New,2.03,,,,,,standard,
live,2026-08-10 18:10,2026-08-17,Argentina Primera Division,Estudiantes de Río Cuarto,Atlético Tucuman,OVER,2.92,2.92,0.0,10.62,VALUABLE,New,1.38,,,,,,new_format,
live,2026-08-10 20:07,2026-08-15,China Super League,Shanghai Shenhua FC,Henan FC,UNDER,2.68,2.68,0.0,4.7,VALUABLE,New,0.7,,,,,,new_format,
live,2026-08-10 22:43,2026-08-17,Argentina Primera Division,Velez Sarsfield BA,Defensa y Justicia,OVER,2.45,2.45,0.0,4.32,VALUABLE,New,0.74,,,,,,new_format,
live,2026-08-11 09:11,2026-08-18,Argentina Primera Division,Gimnasia Mendoza,Talleres,OVER,2.92,2.92,0.0,5.31,VALUABLE,New,0.69,,,,,,new_format,
live,2026-08-11 11:59,2026-08-16,Argentina Primera Division,Platense,Boca Juniors,OVER,2.92,2.92,0.0,5.19,VALUABLE,New,0.68,,,,,,new_format,
live,2026-08-11 11:59,2026-08-16,Mexico Liga MX,Atlas,Tigres,OVER,2.08,2.08,0.0,4.01,VALUABLE,New,0.93,,,,,,new_format,
live,2026-08-11 13:26,2026-08-16,Argentina Primera Division,Barracas Central,Rosario Central,OVER,2.95,2.95,0.0,4.6,VALUABLE,New,0.59,,,,,,new_format,
live,2026-08-12 09:21,2026-08-16,La Liga 2,Las Palmas,Albacete,UNDER,1.98,1.98,0.0,4.18,VALUABLE,New,1.07,,,,,,standard,
live,2026-08-12 15:12,2026-08-15,League One,Plymouth Argyle,Stockport County FC,UNDER,2.1,2.1,0.0,4.65,VALUABLE,New,1.06,,,,,,standard,
live,2026-08-12 23:55,2026-08-19,USA MLS,Philadelphia Union,Inter Miami CF,UNDER,2.88,2.88,0.0,8.49,VALUABLE,New,1.13,,,,,,new_format,
live,2026-08-12 23:55,2026-08-19,USA MLS,New York Red Bulls,Nashville SC,UNDER,2.45,2.45,0.0,4.82,VALUABLE,New,0.83,,,,,,new_format,
live,2026-08-13 02:08,2026-08-20,USA MLS,Minnesota United FC,Atlanta United FC,AVOID,1.73,1.73,0.0,4.78,VALUABLE,New,1.64,,,,,,new_format,
live,2026-08-13 09:22,2026-08-20,USA MLS,Portland Timbers,San Diego FC,UNDER,3.0,3.0,0.0,4.08,VALUABLE,New,0.51,,,,,,new_format,
live,2026-08-14 17:37,2026-08-20,USA MLS,LA Galaxy,San Jose Earthquakes,UNDER,2.6,2.6,0.0,4.63,VALUABLE,New,0.72,,,,,,new_format,
live,2026-08-14 17:37,2026-08-19,USA MLS,D.C. United,New England Revolution,UNDER,2.15,2.15,0.0,4.45,VALUABLE,New,0.97,,,,,,new_format,
live,2026-08-14 17:37,2026-08-15,USA MLS,Charlotte FC,Columbus Crew SC,AVOID,1.73,1.73,0.0,4.11,VALUABLE,New,1.41,,,,,,new_format,
live,2026-08-14 17:37,2026-08-16,Bundesliga 2,Hannover 96,VfL Wolfsburg,UNDER,2.3,2.3,0.0,4.03,VALUABLE,New,0.77,,,,,,standard,
live,2026-08-15 08:40,2026-08-21,Argentina Primera Division,Estudiantes de Río Cuarto,San Lorenzo,OVER,2.95,2.95,0.0,4.69,VALUABLE,New,0.6,,,,,,new_format,
live,2026-08-15 08:40,2026-08-17,Argentina Primera Division,Lanus,Independiente,OVER,2.85,2.85,0.0,4.52,VALUABLE,New,0.61,,,,,,new_format,
live,2026-08-15 08:40,2026-08-16,Argentina Primera Division,Central Córdoba,Instituto de Córdoba,OVER,2.72,2.72,0.0,4.02,VALUABLE,New,0.58,,,,,,new_format,
live,2026-08-15 09:05,2026-08-15,Japan J-League,Shimizu S Pulse,Yokohama F Marinos,OVER,2.05,2.05,0.0,4.92,VALUABLE,New,1.17,,,,,,new_format,
live,2026-08-15 10:01,2026-08-15,Argentina Primera Division,Belgrano de Cordoba,Independiente Rivadavia,OVER,2.62,2.62,0.0,4.37,VALUABLE,New,0.67,,,,,,new_format,
live,2026-08-15 10:57,2026-08-22,Japan J-League,Hiroshima Sanfrecce FC,Kawasaki Frontale,UNDER,2.15,2.15,0.0,7.56,VALUABLE,New,1.64,,,,,,new_format,
live,2026-08-15 10:57,2026-08-22,Japan J-League,Fagiano Okayama,Tokyo Verdy,OVER,2.52,2.52,0.0,6.72,VALUABLE,New,1.11,,,,,,new_format,
live,2026-08-15 11:29,2026-08-22,Japan J-League,Yokohama F Marinos,Vissel Kobe,OVER,2.17,2.17,0.0,5.33,VALUABLE,New,1.14,,,,,,new_format,
live,2026-08-15 13:46,2026-08-21,Ireland Premier Division,Sligo Rovers,Waterford FC,UNDER,2.15,2.15,0.0,5.17,VALUABLE,New,1.12,,,,,,new_format,
live,2026-08-15 13:46,2026-08-18,China Super League,Shanghai Shenhua FC,Beijing FC,UNDER,2.75,2.75,0.0,4.52,VALUABLE,New,0.65,,,,,,new_format,
live,2026-08-15 15:31,2026-08-22,Serie B,Südtirol,Virtus Entella,OVER,2.48,2.48,0.0,12.54,MARKSMAN,New,2.12,,,,,,standard,
live,2026-08-15 15:31,2026-08-22,Serie B,Vicenza,US Catanzaro 1929,OVER,2.07,2.07,0.0,7.8,VALUABLE,New,1.82,,,,,,standard,
live,2026-08-15 15:31,2026-08-22,Serie B,Avellino,Arezzo,OVER,2.18,2.18,0.0,5.58,VALUABLE,New,1.18,,,,,,standard,
live,2026-08-15 15:31,2026-08-22,Championship,West Ham United,Charlton Athletic,UNDER,2.23,2.23,0.0,4.7,VALUABLE,New,0.95,,,,,,standard,
live,2026-08-15 15:31,2026-08-22,Japan J-League,Kashima Antlers,Avispa Fukuoka,OVER,2.32,2.32,0.0,4.22,VALUABLE,New,0.8,,,,,,new_format,
live,2026-08-15 15:31,2026-08-19,USA MLS,Orlando City SC,Chicago Fire,UNDER,3.0,3.0,0.0,4.19,VALUABLE,New,0.52,,,,,,new_format,
live,2026-08-15 15:31,2026-08-16,La Liga 2,Burgos CF,Córdoba,OVER,2.21,2.21,0.0,4.16,VALUABLE,New,0.86,,,,,,standard,
live,2026-08-15 15:31,2026-08-22,Japan J-League,Kyoto Purple Sanga,Mito HollyHock,OVER,2.18,2.18,0.0,4.1,VALUABLE,New,0.87,,,,,,new_format,
live,2026-08-15 16:23,2026-08-16,Denmark Superliga,OB Odense BK,AC Horsens,OVER,1.98,1.99,0.01,13.16,SNIPER,Neutral,3.36,,,,,,new_format,
live,2026-08-15 16:23,2026-08-16,Sweden Allsvenskan,Degerfors IF,IFK Goteborg,OVER,1.85,1.85,0.0,12.51,SNIPER,Neutral,3.68,,,,,,new_format,
live,2026-08-15 16:23,2026-08-17,La Liga 2,Almería,CD Eldense,UNDER,2.35,2.33,-0.02,11.98,VALUABLE,Neutral,2.22,,,,,,standard,
live,2026-08-15 16:23,2026-08-20,USA MLS,Real Salt Lake,FC Dallas,UNDER,2.45,2.45,0.0,5.86,VALUABLE,Neutral,1.01,,,,,,new_format,
live,2026-08-15 16:23,2026-08-15,Bundesliga 2,1. FC Kaiserslautern,Karlsruher SC,UNDER,2.35,2.4,0.05,4.97,MARKSMAN,Confirmed,0.92,,,,,,standard,
live,2026-08-15 16:51,2026-08-15,La Liga 2,Oviedo,Granada CF,OVER,2.4,2.22,-0.18,5.37,VALUABLE,Conflicted,0.96,,,,,,standard,
live,2026-08-15 16:51,2026-08-15,USA MLS,Charlotte FC,Columbus Crew SC,OVER,1.76,1.73,-0.03,4.91,VALUABLE,Neutral,1.62,,,,,,new_format,
