snapshot_ts,league,match_date,kickoff_utc,match,bookmaker,market,side,odds
2026-08-19T09:23:27Z,USA MLS,2026-08-19,2026-08-19T23:30:00Z,Columbus Crew SC vs CF Montreal,betsson,OU25,OVER,1.55
2026-08-19T09:23:27Z,USA MLS,2026-08-19,2026-08-19T23:30:00Z,Columbus Crew SC vs CF Montreal,gtbets,OU25,OVER,1.58
2026-08-19T09:23:27Z,USA MLS,2026-08-19,2026-08-19T23:30:00Z,Columbus Crew SC vs CF Montreal,leovegas_se,OU25,OVER,1.6
2026-08-19T09:23:27Z,USA MLS,2026-08-19,2026-08-19T23:30:00Z,Columbus Crew SC vs CF Montreal,matchbook,OU25,OVER,1.64
2026-08-19T09:23:27Z,USA MLS,2026-08-19,2026-08-19T23:30:00Z,Columbus Crew SC vs CF Montreal,nordicbet,OU25,OVER,1.55
2026-08-19T09:23:27Z,USA MLS,2026-08-19,2026-08-19T23:30:00Z,Columbus Crew SC vs CF Montreal,onexbet,OU25,OVER,1.63
2026-08-19T09:23:27Z,USA MLS,2026-08-19,2026-08-19T23:30:00Z,Columbus Crew SC vs CF Montreal,pmu_fr,OU25,OVER,1.49
2026-08-19T09:23:27Z,USA MLS,2026-08-19,2026-08-19T23:30:00Z,Columbus Crew SC vs CF Montreal,unibet_nl,OU25,OVER,1.6
2026-08-19T09:23:27Z,USA MLS,2026-08-19,2026-08-19T23:30:00Z,Columbus Crew SC vs CF Montreal,unibet_se,OU25,OVER,1.6
2026-08-19T09:23:27Z,USA MLS,2026-08-19,2026-08-19T23:30:00Z,Columbus Crew SC vs CF Montreal,williamhill,OU25,OVER,1.55
2026-08-19T09:23:27Z,USA MLS,2026-08-19,2026-08-19T23:30:00Z,Columbus Crew SC vs CF Montreal,betsson,OU25,UNDER,2.38
2026-08-19T09:23:27Z,USA MLS,2026-08-19,2026-08-19T23:30:00Z,Columbus Crew SC vs CF Montreal,gtbets,OU25,UNDER,2.34
2026-08-19T09:23:27Z,USA MLS,2026-08-19,2026-08-19T23:30:00Z,Columbus Crew SC vs CF Montreal,leovegas_se,OU25,UNDER,2.3
2026-08-19T09:23:27Z,USA MLS,2026-08-19,2026-08-19T23:30:00Z,Columbus Crew SC vs CF Montreal,matchbook,OU25,UNDER,2.52
2026-08-19T09:23:27Z,USA MLS,2026-08-19,2026-08-19T23:30:00Z,Columbus Crew SC vs CF Montreal,nordicbet,OU25,UNDER,2.38
2026-08-19T09:23:27Z,USA MLS,2026-08-19,2026-08-19T23:30:00Z,Columbus Crew SC vs CF Montreal,onexbet,OU25,UNDER,2.39
2026-08-19T09:23:27Z,USA MLS,2026-08-19,2026-08-19T23:30:00Z,Columbus Crew SC vs CF Montreal,pmu_fr,OU25,UNDER,2.15
2026-08-19T09:23:27Z,USA MLS,2026-08-19,2026-08-19T23:30:00Z,Columbus Crew SC vs CF Montreal,unibet_nl,OU25,UNDER,2.3
2026-08-19T09:23:27Z,USA MLS,2026-08-19,2026-08-19T23:30:00Z,Columbus Crew SC vs CF Montreal,unibet_se,OU25,UNDER,2.3
2026-08-19T09:23:27Z,USA MLS,2026-08-19,2026-08-19T23:30:00Z,Columbus Crew SC vs CF Montreal,williamhill,OU25,UNDER,2.3
2026-08-19T09:23:27Z,USA MLS,2026-08-19,2026-08-19T23:30:00Z,Columbus Crew SC vs CF Montreal,tipico_de,OU35,OVER,2.25
2026-08-19T09:23:27Z,USA MLS,2026-08-19,2026-08-19T23:30:00Z,Columbus Crew SC vs CF Montreal,tipico_de,OU35,UNDER,1.55
2026-08-19T09:23:27Z,USA MLS,2026-08-19,2026-08-19T23:30:00Z,D.C. United vs New England Revolution,betanysports,OU25,OVER,1.78
2026-08-19T09:23:27Z,USA MLS,2026-08-19,2026-08-19T23:30:00Z,D.C. United vs New England Revolution,betonlineag,OU25,OVER,1.78
2026-08-19T09:23:27Z,USA MLS,2026-08-19,2026-08-19T23:30:00Z,D.C. United vs New England Revolution,betsson,OU25,OVER,1.7
2026-08-19T09:23:27Z,USA MLS,2026-08-19,2026-08-19T23:30:00Z,D.C. United vs New England Revolution,coolbet,OU25,OVER,1.76
2026-08-19T09:23:27Z,USA MLS,2026-08-19,2026-08-19T23:30:00Z,D.C. United vs New England Revolution,gtbets,OU25,OVER,1.78
2026-08-19T09:23:27Z,USA MLS,2026-08-19,2026-08-19T23:30:00Z,D.C. United vs New England Revolution,leovegas_se,OU25,OVER,1.74
2026-08-19T09:23:27Z,USA MLS,2026-08-19,2026-08-19T23:30:00Z,D.C. United vs New England Revolution,matchbook,OU25,OVER,1.77
2026-08-19T09:23:27Z,USA MLS,2026-08-19,2026-08-19T23:30:00Z,D.C. United vs New England Revolution,mybookieag,OU25,OVER,1.75
2026-08-19T09:23:27Z,USA MLS,2026-08-19,2026-08-19T23:30:00Z,D.C. United vs New England Revolution,nordicbet,OU25,OVER,1.7
2026-08-19T09:23:27Z,USA MLS,2026-08-19,2026-08-19T23:30:00Z,D.C. United vs New England Revolution,onexbet,OU25,OVER,1.79
2026-08-19T09:23:27Z,USA MLS,2026-08-19,2026-08-19T23:30:00Z,D.C. United vs New England Revolution,pmu_fr,OU25,OVER,1.63
2026-08-19T09:23:27Z,USA MLS,2026-08-19,2026-08-19T23:30:00Z,D.C. United vs New England Revolution,tipico_de,OU25,OVER,1.65
2026-08-19T09:23:27Z,USA MLS,2026-08-19,2026-08-19T23:30:00Z,D.C. United vs New England Revolution,unibet_nl,OU25,OVER,1.74
2026-08-19T09:23:27Z,USA MLS,2026-08-19,2026-08-19T23:30:00Z,D.C. United vs New England Revolution,unibet_se,OU25,OVER,1.74
2026-08-19T09:23:27Z,USA MLS,2026-08-19,2026-08-19T23:30:00Z,D.C. United vs New England Revolution,williamhill,OU25,OVER,1.75
2026-08-19T09:23:27Z,USA MLS,2026-08-19,2026-08-19T23:30:00Z,D.C. United vs New England Revolution,betanysports,OU25,UNDER,2.08
2026-08-19T09:23:27Z,USA MLS,2026-08-19,2026-08-19T23:30:00Z,D.C. United vs New England Revolution,betonlineag,OU25,UNDER,2.08
2026-08-19T09:23:27Z,USA MLS,2026-08-19,2026-08-19T23:30:00Z,D.C. United vs New England Revolution,betsson,OU25,UNDER,2.12
2026-08-19T09:23:27Z,USA MLS,2026-08-19,2026-08-19T23:30:00Z,D.C. United vs New England Revolution,coolbet,OU25,UNDER,2.03
2026-08-19T09:23:27Z,USA MLS,2026-08-19,2026-08-19T23:30:00Z,D.C. United vs New England Revolution,gtbets,OU25,UNDER,2.04
2026-08-19T09:23:27Z,USA MLS,2026-08-19,2026-08-19T23:30:00Z,D.C. United vs New England Revolution,leovegas_se,OU25,UNDER,2.04
2026-08-19T09:23:27Z,USA MLS,2026-08-19,2026-08-19T23:30:00Z,D.C. United vs New England Revolution,matchbook,OU25,UNDER,2.22
2026-08-19T09:23:27Z,USA MLS,2026-08-19,2026-08-19T23:30:00Z,D.C. United vs New England Revolution,mybookieag,OU25,UNDER,2.01
2026-08-19T09:23:27Z,USA MLS,2026-08-19,2026-08-19T23:30:00Z,D.C. United vs New England Revolution,nordicbet,OU25,UNDER,2.12
2026-08-19T09:23:27Z,USA MLS,2026-08-19,2026-08-19T23:30:00Z,D.C. United vs New England Revolution,onexbet,OU25,UNDER,2.11
2026-08-19T09:23:27Z,USA MLS,2026-08-19,2026-08-19T23:30:00Z,D.C. United vs New England Revolution,pmu_fr,OU25,UNDER,1.91
2026-08-19T09:23:27Z,USA MLS,2026-08-19,2026-08-19T23:30:00Z,D.C. United vs New England Revolution,tipico_de,OU25,UNDER,2.1
2026-08-19T09:23:27Z,USA MLS,2026-08-19,2026-08-19T23:30:00Z,D.C. United vs New England Revolution,unibet_nl,OU25,UNDER,2.04
2026-08-19T09:23:27Z,USA MLS,2026-08-19,2026-08-19T23:30:00Z,D.C. United vs New England Revolution,unibet_se,OU25,UNDER,2.04
2026-08-19T09:23:27Z,USA MLS,2026-08-19,2026-08-19T23:30:00Z,D.C. United vs New England Revolution,williamhill,OU25,UNDER,1.95
2026-08-19T09:23:27Z,USA MLS,2026-08-19,2026-08-19T23:30:00Z,FC Cincinnati vs New York City FC,betsson,OU25,OVER,1.44
2026-08-19T09:23:27Z,USA MLS,2026-08-19,2026-08-19T23:30:00Z,FC Cincinnati vs New York City FC,nordicbet,OU25,OVER,1.44
2026-08-19T09:23:27Z,USA MLS,2026-08-19,2026-08-19T23:30:00Z,FC Cincinnati vs New York City FC,williamhill,OU25,OVER,1.44
2026-08-19T09:23:27Z,USA MLS,2026-08-19,2026-08-19T23:30:00Z,FC Cincinnati vs New York City FC,betsson,OU25,UNDER,2.72
2026-08-19T09:23:27Z,USA MLS,2026-08-19,2026-08-19T23:30:00Z,FC Cincinnati vs New York City FC,nordicbet,OU25,UNDER,2.72
2026-08-19T09:23:27Z,USA MLS,2026-08-19,2026-08-19T23:30:00Z,FC Cincinnati vs New York City FC,williamhill,OU25,UNDER,2.62
2026-08-19T09:23:27Z,USA MLS,2026-08-19,2026-08-19T23:30:00Z,FC Cincinnati vs New York City FC,betanysports,OU35,OVER,2.15
2026-08-19T09:23:27Z,USA MLS,2026-08-19,2026-08-19T23:30:00Z,FC Cincinnati vs New York City FC,betonlineag,OU35,OVER,2.15
2026-08-19T09:23:27Z,USA MLS,2026-08-19,2026-08-19T23:30:00Z,FC Cincinnati vs New York City FC,coolbet,OU35,OVER,2.12
2026-08-19T09:23:27Z,USA MLS,2026-08-19,2026-08-19T23:30:00Z,FC Cincinnati vs New York City FC,gtbets,OU35,OVER,2.09
2026-08-19T09:23:27Z,USA MLS,2026-08-19,2026-08-19T23:30:00Z,FC Cincinnati vs New York City FC,leovegas_se,OU35,OVER,2.04
2026-08-19T09:23:27Z,USA MLS,2026-08-19,2026-08-19T23:30:00Z,FC Cincinnati vs New York City FC,matchbook,OU35,OVER,2.2
2026-08-19T09:23:27Z,USA MLS,2026-08-19,2026-08-19T23:30:00Z,FC Cincinnati vs New York City FC,mybookieag,OU35,OVER,2.07
2026-08-19T09:23:27Z,USA MLS,2026-08-19,2026-08-19T23:30:00Z,FC Cincinnati vs New York City FC,onexbet,OU35,OVER,2.15
2026-08-19T09:23:27Z,USA MLS,2026-08-19,2026-08-19T23:30:00Z,FC Cincinnati vs New York City FC,pmu_fr,OU35,OVER,1.91
2026-08-19T09:23:27Z,USA MLS,2026-08-19,2026-08-19T23:30:00Z,FC Cincinnati vs New York City FC,tipico_de,OU35,OVER,1.97
2026-08-19T09:23:27Z,USA MLS,2026-08-19,2026-08-19T23:30:00Z,FC Cincinnati vs New York City FC,unibet_nl,OU35,OVER,2.04
2026-08-19T09:23:27Z,USA MLS,2026-08-19,2026-08-19T23:30:00Z,FC Cincinnati vs New York City FC,unibet_se,OU35,OVER,2.04
2026-08-19T09:23:27Z,USA MLS,2026-08-19,2026-08-19T23:30:00Z,FC Cincinnati vs New York City FC,betanysports,OU35,UNDER,1.74
2026-08-19T09:23:27Z,USA MLS,2026-08-19,2026-08-19T23:30:00Z,FC Cincinnati vs New York City FC,betonlineag,OU35,UNDER,1.74
2026-08-19T09:23:27Z,USA MLS,2026-08-19,2026-08-19T23:30:00Z,FC Cincinnati vs New York City FC,coolbet,OU35,UNDER,1.7
2026-08-19T09:23:27Z,USA MLS,2026-08-19,2026-08-19T23:30:00Z,FC Cincinnati vs New York City FC,gtbets,OU35,UNDER,1.72
2026-08-19T09:23:27Z,USA MLS,2026-08-19,2026-08-19T23:30:00Z,FC Cincinnati vs New York City FC,leovegas_se,OU35,UNDER,1.74
2026-08-19T09:23:27Z,USA MLS,2026-08-19,2026-08-19T23:30:00Z,FC Cincinnati vs New York City FC,matchbook,OU35,UNDER,1.8
2026-08-19T09:23:27Z,USA MLS,2026-08-19,2026-08-19T23:30:00Z,FC Cincinnati vs New York City FC,mybookieag,OU35,UNDER,1.7
2026-08-19T09:23:27Z,USA MLS,2026-08-19,2026-08-19T23:30:00Z,FC Cincinnati vs New York City FC,onexbet,OU35,UNDER,1.77
2026-08-19T09:23:27Z,USA MLS,2026-08-19,2026-08-19T23:30:00Z,FC Cincinnati vs New York City FC,pmu_fr,OU35,UNDER,1.63
2026-08-19T09:23:27Z,USA MLS,2026-08-19,2026-08-19T23:30:00Z,FC Cincinnati vs New York City FC,tipico_de,OU35,UNDER,1.72
2026-08-19T09:23:27Z,USA MLS,2026-08-19,2026-08-19T23:30:00Z,FC Cincinnati vs New York City FC,unibet_nl,OU35,UNDER,1.74
2026-08-19T09:23:27Z,USA MLS,2026-08-19,2026-08-19T23:30:00Z,FC Cincinnati vs New York City FC,unibet_se,OU35,UNDER,1.74
2026-08-19T09:23:27Z,USA MLS,2026-08-19,2026-08-19T23:30:00Z,New York Red Bulls vs Nashville SC,betsson,OU25,OVER,1.52
2026-08-19T09:23:27Z,USA MLS,2026-08-19,2026-08-19T23:30:00Z,New York Red Bulls vs Nashville SC,nordicbet,OU25,OVER,1.52
2026-08-19T09:23:27Z,USA MLS,2026-08-19,2026-08-19T23:30:00Z,New York Red Bulls vs Nashville SC,williamhill,OU25,OVER,1.53
2026-08-19T09:23:27Z,USA MLS,2026-08-19,2026-08-19T23:30:00Z,New York Red Bulls vs Nashville SC,betsson,OU25,UNDER,2.42
2026-08-19T09:23:27Z,USA MLS,2026-08-19,2026-08-19T23:30:00Z,New York Red Bulls vs Nashville SC,nordicbet,OU25,UNDER,2.42
2026-08-19T09:23:27Z,USA MLS,2026-08-19,2026-08-19T23:30:00Z,New York Red Bulls vs Nashville SC,williamhill,OU25,UNDER,2.38
2026-08-19T09:23:27Z,USA MLS,2026-08-19,2026-08-19T23:30:00Z,New York Red Bulls vs Nashville SC,gtbets,OU35,OVER,2.31
2026-08-19T09:23:27Z,USA MLS,2026-08-19,2026-08-19T23:30:00Z,New York Red Bulls vs Nashville SC,leovegas_se,OU35,OVER,2.3
2026-08-19T09:23:27Z,USA MLS,2026-08-19,2026-08-19T23:30:00Z,New York Red Bulls vs Nashville SC,matchbook,OU35,OVER,2.56
2026-08-19T09:23:27Z,USA MLS,2026-08-19,2026-08-19T23:30:00Z,New York Red Bulls vs Nashville SC,onexbet,OU35,OVER,2.37
2026-08-19T09:23:27Z,USA MLS,2026-08-19,2026-08-19T23:30:00Z,New York Red Bulls vs Nashville SC,pmu_fr,OU35,OVER,2.15
2026-08-19T09:23:27Z,USA MLS,2026-08-19,2026-08-19T23:30:00Z,New York Red Bulls vs Nashville SC,tipico_de,OU35,OVER,2.25
2026-08-19T09:23:27Z,USA MLS,2026-08-19,2026-08-19T23:30:00Z,New York Red Bulls vs Nashville SC,unibet_nl,OU35,OVER,2.3
2026-08-19T09:23:27Z,USA MLS,2026-08-19,2026-08-19T23:30:00Z,New York Red Bulls vs Nashville SC,unibet_se,OU35,OVER,2.3
2026-08-19T09:23:27Z,USA MLS,2026-08-19,2026-08-19T23:30:00Z,New York Red Bulls vs Nashville SC,gtbets,OU35,UNDER,1.64
2026-08-19T09:23:27Z,USA MLS,2026-08-19,2026-08-19T23:30:00Z,New York Red Bulls vs Nashville SC,leovegas_se,OU35,UNDER,1.57
2026-08-19T09:23:27Z,USA MLS,2026-08-19,2026-08-19T23:30:00Z,New York Red Bulls vs Nashville SC,matchbook,OU35,UNDER,1.63
2026-08-19T09:23:27Z,USA MLS,2026-08-19,2026-08-19T23:30:00Z,New York Red Bulls vs Nashville SC,onexbet,OU35,UNDER,1.64
2026-08-19T09:23:27Z,USA MLS,2026-08-19,2026-08-19T23:30:00Z,New York Red Bulls vs Nashville SC,pmu_fr,OU35,UNDER,1.49
2026-08-19T09:23:27Z,USA MLS,2026-08-19,2026-08-19T23:30:00Z,New York Red Bulls vs Nashville SC,tipico_de,OU35,UNDER,1.55
2026-08-19T09:23:27Z,USA MLS,2026-08-19,2026-08-19T23:30:00Z,New York Red Bulls vs Nashville SC,unibet_nl,OU35,UNDER,1.57
2026-08-19T09:23:27Z,USA MLS,2026-08-19,2026-08-19T23:30:00Z,New York Red Bulls vs Nashville SC,unibet_se,OU35,UNDER,1.57
2026-08-19T09:23:27Z,USA MLS,2026-08-19,2026-08-19T23:30:00Z,Orlando City SC vs Chicago Fire,betsson,OU25,OVER,1.37
2026-08-19T09:23:27Z,USA MLS,2026-08-19,2026-08-19T23:30:00Z,Orlando City SC vs Chicago Fire,nordicbet,OU25,OVER,1.37
2026-08-19T09:23:27Z,USA MLS,2026-08-19,2026-08-19T23:30:00Z,Orlando City SC vs Chicago Fire,williamhill,OU25,OVER,1.36
2026-08-19T09:23:27Z,USA MLS,2026-08-19,2026-08-19T23:30:00Z,Orlando City SC vs Chicago Fire,betsson,OU25,UNDER,3.05
2026-08-19T09:23:27Z,USA MLS,2026-08-19,2026-08-19T23:30:00Z,Orlando City SC vs Chicago Fire,nordicbet,OU25,UNDER,3.05
2026-08-19T09:23:27Z,USA MLS,2026-08-19,2026-08-19T23:30:00Z,Orlando City SC vs Chicago Fire,williamhill,OU25,UNDER,2.9
2026-08-19T09:23:27Z,USA MLS,2026-08-19,2026-08-19T23:30:00Z,Orlando City SC vs Chicago Fire,betanysports,OU35,OVER,1.95
2026-08-19T09:23:27Z,USA MLS,2026-08-19,2026-08-19T23:30:00Z,Orlando City SC vs Chicago Fire,betonlineag,OU35,OVER,1.95
2026-08-19T09:23:27Z,USA MLS,2026-08-19,2026-08-19T23:30:00Z,Orlando City SC vs Chicago Fire,coolbet,OU35,OVER,1.93
2026-08-19T09:23:27Z,USA MLS,2026-08-19,2026-08-19T23:30:00Z,Orlando City SC vs Chicago Fire,gtbets,OU35,OVER,1.89
2026-08-19T09:23:27Z,USA MLS,2026-08-19,2026-08-19T23:30:00Z,Orlando City SC vs Chicago Fire,leovegas_se,OU35,OVER,1.94
2026-08-19T09:23:27Z,USA MLS,2026-08-19,2026-08-19T23:30:00Z,Orlando City SC vs Chicago Fire,matchbook,OU35,OVER,2.02
2026-08-19T09:23:27Z,USA MLS,2026-08-19,2026-08-19T23:30:00Z,Orlando City SC vs Chicago Fire,mybookieag,OU35,OVER,1.89
2026-08-19T09:23:27Z,USA MLS,2026-08-19,2026-08-19T23:30:00Z,Orlando City SC vs Chicago Fire,onexbet,OU35,OVER,1.99
2026-08-19T09:23:27Z,USA MLS,2026-08-19,2026-08-19T23:30:00Z,Orlando City SC vs Chicago Fire,pinnacle,OU35,OVER,1.97
2026-08-19T09:23:27Z,USA MLS,2026-08-19,2026-08-19T23:30:00Z,Orlando City SC vs Chicago Fire,pmu_fr,OU35,OVER,1.82
2026-08-19T09:23:27Z,USA MLS,2026-08-19,2026-08-19T23:30:00Z,Orlando City SC vs Chicago Fire,tipico_de,OU35,OVER,1.85
2026-08-19T09:23:27Z,USA MLS,2026-08-19,2026-08-19T23:30:00Z,Orlando City SC vs Chicago Fire,unibet_nl,OU35,OVER,1.94
2026-08-19T09:23:27Z,USA MLS,2026-08-19,2026-08-19T23:30:00Z,Orlando City SC vs Chicago Fire,unibet_se,OU35,OVER,1.94
2026-08-19T09:23:27Z,USA MLS,2026-08-19,2026-08-19T23:30:00Z,Orlando City SC vs Chicago Fire,betanysports,OU35,UNDER,1.87
2026-08-19T09:23:27Z,USA MLS,2026-08-19,2026-08-19T23:30:00Z,Orlando City SC vs Chicago Fire,betonlineag,OU35,UNDER,1.87
2026-08-19T09:23:27Z,USA MLS,2026-08-19,2026-08-19T23:30:00Z,Orlando City SC vs Chicago Fire,coolbet,OU35,UNDER,1.85
2026-08-19T09:23:27Z,USA MLS,2026-08-19,2026-08-19T23:30:00Z,Orlando City SC vs Chicago Fire,gtbets,OU35,UNDER,1.88
2026-08-19T09:23:27Z,USA MLS,2026-08-19,2026-08-19T23:30:00Z,Orlando City SC vs Chicago Fire,leovegas_se,OU35,UNDER,1.82
2026-08-19T09:23:27Z,USA MLS,2026-08-19,2026-08-19T23:30:00Z,Orlando City SC vs Chicago Fire,matchbook,OU35,UNDER,1.93
2026-08-19T09:23:27Z,USA MLS,2026-08-19,2026-08-19T23:30:00Z,Orlando City SC vs Chicago Fire,mybookieag,OU35,UNDER,1.85
2026-08-19T09:23:27Z,USA MLS,2026-08-19,2026-08-19T23:30:00Z,Orlando City SC vs Chicago Fire,onexbet,OU35,UNDER,1.9
2026-08-19T09:23:27Z,USA MLS,2026-08-19,2026-08-19T23:30:00Z,Orlando City SC vs Chicago Fire,pinnacle,OU35,UNDER,1.9
2026-08-19T09:23:27Z,USA MLS,2026-08-19,2026-08-19T23:30:00Z,Orlando City SC vs Chicago Fire,pmu_fr,OU35,UNDER,1.7
2026-08-19T09:23:27Z,USA MLS,2026-08-19,2026-08-19T23:30:00Z,Orlando City SC vs Chicago Fire,tipico_de,OU35,UNDER,1.83
2026-08-19T09:23:27Z,USA MLS,2026-08-19,2026-08-19T23:30:00Z,Orlando City SC vs Chicago Fire,unibet_nl,OU35,UNDER,1.82
2026-08-19T09:23:27Z,USA MLS,2026-08-19,2026-08-19T23:30:00Z,Orlando City SC vs Chicago Fire,unibet_se,OU35,UNDER,1.82
2026-08-19T09:23:27Z,USA MLS,2026-08-19,2026-08-19T23:30:00Z,Philadelphia Union vs Inter Miami CF,betsson,OU25,OVER,1.35
2026-08-19T09:23:27Z,USA MLS,2026-08-19,2026-08-19T23:30:00Z,Philadelphia Union vs Inter Miami CF,nordicbet,OU25,OVER,1.35
2026-08-19T09:23:27Z,USA MLS,2026-08-19,2026-08-19T23:30:00Z,Philadelphia Union vs Inter Miami CF,williamhill,OU25,OVER,1.36
2026-08-19T09:23:27Z,USA MLS,2026-08-19,2026-08-19T23:30:00Z,Philadelphia Union vs Inter Miami CF,betsson,OU25,UNDER,3.15
2026-08-19T09:23:27Z,USA MLS,2026-08-19,2026-08-19T23:30:00Z,Philadelphia Union vs Inter Miami CF,nordicbet,OU25,UNDER,3.15
2026-08-19T09:23:27Z,USA MLS,2026-08-19,2026-08-19T23:30:00Z,Philadelphia Union vs Inter Miami CF,williamhill,OU25,UNDER,2.9
2026-08-19T09:23:27Z,USA MLS,2026-08-19,2026-08-19T23:30:00Z,Philadelphia Union vs Inter Miami CF,betanysports,OU35,OVER,1.95
2026-08-19T09:23:27Z,USA MLS,2026-08-19,2026-08-19T23:30:00Z,Philadelphia Union vs Inter Miami CF,betonlineag,OU35,OVER,1.95
2026-08-19T09:23:27Z,USA MLS,2026-08-19,2026-08-19T23:30:00Z,Philadelphia Union vs Inter Miami CF,coolbet,OU35,OVER,1.9
2026-08-19T09:23:27Z,USA MLS,2026-08-19,2026-08-19T23:30:00Z,Philadelphia Union vs Inter Miami CF,gtbets,OU35,OVER,1.96
2026-08-19T09:23:27Z,USA MLS,2026-08-19,2026-08-19T23:30:00Z,Philadelphia Union vs Inter Miami CF,leovegas_se,OU35,OVER,1.93
2026-08-19T09:23:27Z,USA MLS,2026-08-19,2026-08-19T23:30:00Z,Philadelphia Union vs Inter Miami CF,matchbook,OU35,OVER,1.97
2026-08-19T09:23:27Z,USA MLS,2026-08-19,2026-08-19T23:30:00Z,Philadelphia Union vs Inter Miami CF,mybookieag,OU35,OVER,1.9
2026-08-19T09:23:27Z,USA MLS,2026-08-19,2026-08-19T23:30:00Z,Philadelphia Union vs Inter Miami CF,onexbet,OU35,OVER,1.95
2026-08-19T09:23:27Z,USA MLS,2026-08-19,2026-08-19T23:30:00Z,Philadelphia Union vs Inter Miami CF,pinnacle,OU35,OVER,1.92
2026-08-19T09:23:27Z,USA MLS,2026-08-19,2026-08-19T23:30:00Z,Philadelphia Union vs Inter Miami CF,pmu_fr,OU35,OVER,1.81
2026-08-19T09:23:27Z,USA MLS,2026-08-19,2026-08-19T23:30:00Z,Philadelphia Union vs Inter Miami CF,tipico_de,OU35,OVER,1.8
2026-08-19T09:23:27Z,USA MLS,2026-08-19,2026-08-19T23:30:00Z,Philadelphia Union vs Inter Miami CF,unibet_nl,OU35,OVER,1.93
2026-08-19T09:23:27Z,USA MLS,2026-08-19,2026-08-19T23:30:00Z,Philadelphia Union vs Inter Miami CF,unibet_se,OU35,OVER,1.93
2026-08-19T09:23:27Z,USA MLS,2026-08-19,2026-08-19T23:30:00Z,Philadelphia Union vs Inter Miami CF,betanysports,OU35,UNDER,1.87
2026-08-19T09:23:27Z,USA MLS,2026-08-19,2026-08-19T23:30:00Z,Philadelphia Union vs Inter Miami CF,betonlineag,OU35,UNDER,1.87
2026-08-19T09:23:27Z,USA MLS,2026-08-19,2026-08-19T23:30:00Z,Philadelphia Union vs Inter Miami CF,coolbet,OU35,UNDER,1.87
2026-08-19T09:23:27Z,USA MLS,2026-08-19,2026-08-19T23:30:00Z,Philadelphia Union vs Inter Miami CF,gtbets,OU35,UNDER,1.82
2026-08-19T09:23:27Z,USA MLS,2026-08-19,2026-08-19T23:30:00Z,Philadelphia Union vs Inter Miami CF,leovegas_se,OU35,UNDER,1.83
2026-08-19T09:23:27Z,USA MLS,2026-08-19,2026-08-19T23:30:00Z,Philadelphia Union vs Inter Miami CF,matchbook,OU35,UNDER,1.98
2026-08-19T09:23:27Z,USA MLS,2026-08-19,2026-08-19T23:30:00Z,Philadelphia Union vs Inter Miami CF,mybookieag,OU35,UNDER,1.84
2026-08-19T09:23:27Z,USA MLS,2026-08-19,2026-08-19T23:30:00Z,Philadelphia Union vs Inter Miami CF,onexbet,OU35,UNDER,1.93
2026-08-19T09:23:27Z,USA MLS,2026-08-19,2026-08-19T23:30:00Z,Philadelphia Union vs Inter Miami CF,pinnacle,OU35,UNDER,1.94
2026-08-19T09:23:27Z,USA MLS,2026-08-19,2026-08-19T23:30:00Z,Philadelphia Union vs Inter Miami CF,pmu_fr,OU35,UNDER,1.71
2026-08-19T09:23:27Z,USA MLS,2026-08-19,2026-08-19T23:30:00Z,Philadelphia Union vs Inter Miami CF,tipico_de,OU35,UNDER,1.9
2026-08-19T09:23:27Z,USA MLS,2026-08-19,2026-08-19T23:30:00Z,Philadelphia Union vs Inter Miami CF,unibet_nl,OU35,UNDER,1.83
2026-08-19T09:23:27Z,USA MLS,2026-08-19,2026-08-19T23:30:00Z,Philadelphia Union vs Inter Miami CF,unibet_se,OU35,UNDER,1.83
2026-08-19T09:23:27Z,China Super League,2026-08-19,2026-08-19T11:35:00Z,Shanghai SIPG FC vs Dalian Yingbo,betsson,OU25,OVER,1.44
2026-08-19T09:23:27Z,China Super League,2026-08-19,2026-08-19T11:35:00Z,Shanghai SIPG FC vs Dalian Yingbo,nordicbet,OU25,OVER,1.44
2026-08-19T09:23:27Z,China Super League,2026-08-19,2026-08-19T11:35:00Z,Shanghai SIPG FC vs Dalian Yingbo,williamhill,OU25,OVER,1.4
2026-08-19T09:23:27Z,China Super League,2026-08-19,2026-08-19T11:35:00Z,Shanghai SIPG FC vs Dalian Yingbo,betsson,OU25,UNDER,2.62
2026-08-19T09:23:27Z,China Super League,2026-08-19,2026-08-19T11:35:00Z,Shanghai SIPG FC vs Dalian Yingbo,nordicbet,OU25,UNDER,2.62
2026-08-19T09:23:27Z,China Super League,2026-08-19,2026-08-19T11:35:00Z,Shanghai SIPG FC vs Dalian Yingbo,williamhill,OU25,UNDER,2.7
2026-08-19T09:23:27Z,China Super League,2026-08-19,2026-08-19T11:35:00Z,Shanghai SIPG FC vs Dalian Yingbo,betonlineag,OU35,OVER,2.14
2026-08-19T09:23:27Z,China Super League,2026-08-19,2026-08-19T11:35:00Z,Shanghai SIPG FC vs Dalian Yingbo,codere_it,OU35,OVER,2.05
2026-08-19T09:23:27Z,China Super League,2026-08-19,2026-08-19T11:35:00Z,Shanghai SIPG FC vs Dalian Yingbo,gtbets,OU35,OVER,2.11
2026-08-19T09:23:27Z,China Super League,2026-08-19,2026-08-19T11:35:00Z,Shanghai SIPG FC vs Dalian Yingbo,leovegas_se,OU35,OVER,2.14
2026-08-19T09:23:27Z,China Super League,2026-08-19,2026-08-19T11:35:00Z,Shanghai SIPG FC vs Dalian Yingbo,matchbook,OU35,OVER,2.24
2026-08-19T09:23:27Z,China Super League,2026-08-19,2026-08-19T11:35:00Z,Shanghai SIPG FC vs Dalian Yingbo,onexbet,OU35,OVER,2.13
2026-08-19T09:23:27Z,China Super League,2026-08-19,2026-08-19T11:35:00Z,Shanghai SIPG FC vs Dalian Yingbo,tipico_de,OU35,OVER,1.97
2026-08-19T09:23:27Z,China Super League,2026-08-19,2026-08-19T11:35:00Z,Shanghai SIPG FC vs Dalian Yingbo,unibet_nl,OU35,OVER,2.14
2026-08-19T09:23:27Z,China Super League,2026-08-19,2026-08-19T11:35:00Z,Shanghai SIPG FC vs Dalian Yingbo,unibet_se,OU35,OVER,2.14
2026-08-19T09:23:27Z,China Super League,2026-08-19,2026-08-19T11:35:00Z,Shanghai SIPG FC vs Dalian Yingbo,betonlineag,OU35,UNDER,1.75
2026-08-19T09:23:27Z,China Super League,2026-08-19,2026-08-19T11:35:00Z,Shanghai SIPG FC vs Dalian Yingbo,codere_it,OU35,UNDER,1.66
2026-08-19T09:23:27Z,China Super League,2026-08-19,2026-08-19T11:35:00Z,Shanghai SIPG FC vs Dalian Yingbo,gtbets,OU35,UNDER,1.72
2026-08-19T09:23:27Z,China Super League,2026-08-19,2026-08-19T11:35:00Z,Shanghai SIPG FC vs Dalian Yingbo,leovegas_se,OU35,UNDER,1.57
2026-08-19T09:23:27Z,China Super League,2026-08-19,2026-08-19T11:35:00Z,Shanghai SIPG FC vs Dalian Yingbo,matchbook,OU35,UNDER,1.77
2026-08-19T09:23:27Z,China Super League,2026-08-19,2026-08-19T11:35:00Z,Shanghai SIPG FC vs Dalian Yingbo,onexbet,OU35,UNDER,1.73
2026-08-19T09:23:27Z,China Super League,2026-08-19,2026-08-19T11:35:00Z,Shanghai SIPG FC vs Dalian Yingbo,tipico_de,OU35,UNDER,1.72
2026-08-19T09:23:27Z,China Super League,2026-08-19,2026-08-19T11:35:00Z,Shanghai SIPG FC vs Dalian Yingbo,unibet_nl,OU35,UNDER,1.6
2026-08-19T09:23:27Z,China Super League,2026-08-19,2026-08-19T11:35:00Z,Shanghai SIPG FC vs Dalian Yingbo,unibet_se,OU35,UNDER,1.6
2026-08-19T09:23:27Z,USA MLS,2026-08-19,2026-08-19T23:30:00Z,Toronto FC vs Charlotte FC,betanysports,OU25,OVER,1.74
2026-08-19T09:23:27Z,USA MLS,2026-08-19,2026-08-19T23:30:00Z,Toronto FC vs Charlotte FC,betonlineag,OU25,OVER,1.74
2026-08-19T09:23:27Z,USA MLS,2026-08-19,2026-08-19T23:30:00Z,Toronto FC vs Charlotte FC,betsson,OU25,OVER,1.62
2026-08-19T09:23:27Z,USA MLS,2026-08-19,2026-08-19T23:30:00Z,Toronto FC vs Charlotte FC,gtbets,OU25,OVER,1.72
2026-08-19T09:23:27Z,USA MLS,2026-08-19,2026-08-19T23:30:00Z,Toronto FC vs Charlotte FC,leovegas_se,OU25,OVER,1.65
2026-08-19T09:23:27Z,USA MLS,2026-08-19,2026-08-19T23:30:00Z,Toronto FC vs Charlotte FC,matchbook,OU25,OVER,1.71
2026-08-19T09:23:27Z,USA MLS,2026-08-19,2026-08-19T23:30:00Z,Toronto FC vs Charlotte FC,nordicbet,OU25,OVER,1.62
2026-08-19T09:23:27Z,USA MLS,2026-08-19,2026-08-19T23:30:00Z,Toronto FC vs Charlotte FC,onexbet,OU25,OVER,1.73
2026-08-19T09:23:27Z,USA MLS,2026-08-19,2026-08-19T23:30:00Z,Toronto FC vs Charlotte FC,pmu_fr,OU25,OVER,1.55
2026-08-19T09:23:27Z,USA MLS,2026-08-19,2026-08-19T23:30:00Z,Toronto FC vs Charlotte FC,tipico_de,OU25,OVER,1.6
2026-08-19T09:23:27Z,USA MLS,2026-08-19,2026-08-19T23:30:00Z,Toronto FC vs Charlotte FC,unibet_nl,OU25,OVER,1.65
2026-08-19T09:23:27Z,USA MLS,2026-08-19,2026-08-19T23:30:00Z,Toronto FC vs Charlotte FC,unibet_se,OU25,OVER,1.65
2026-08-19T09:23:27Z,USA MLS,2026-08-19,2026-08-19T23:30:00Z,Toronto FC vs Charlotte FC,williamhill,OU25,OVER,1.65
2026-08-19T09:23:27Z,USA MLS,2026-08-19,2026-08-19T23:30:00Z,Toronto FC vs Charlotte FC,betanysports,OU25,UNDER,2.15
2026-08-19T09:23:27Z,USA MLS,2026-08-19,2026-08-19T23:30:00Z,Toronto FC vs Charlotte FC,betonlineag,OU25,UNDER,2.15
2026-08-19T09:23:27Z,USA MLS,2026-08-19,2026-08-19T23:30:00Z,Toronto FC vs Charlotte FC,betsson,OU25,UNDER,2.22
2026-08-19T09:23:27Z,USA MLS,2026-08-19,2026-08-19T23:30:00Z,Toronto FC vs Charlotte FC,gtbets,OU25,UNDER,2.12
2026-08-19T09:23:27Z,USA MLS,2026-08-19,2026-08-19T23:30:00Z,Toronto FC vs Charlotte FC,leovegas_se,OU25,UNDER,2.18
2026-08-19T09:23:27Z,USA MLS,2026-08-19,2026-08-19T23:30:00Z,Toronto FC vs Charlotte FC,matchbook,OU25,UNDER,2.36
2026-08-19T09:23:27Z,USA MLS,2026-08-19,2026-08-19T23:30:00Z,Toronto FC vs Charlotte FC,nordicbet,OU25,UNDER,2.22
2026-08-19T09:23:27Z,USA MLS,2026-08-19,2026-08-19T23:30:00Z,Toronto FC vs Charlotte FC,onexbet,OU25,UNDER,2.21
2026-08-19T09:23:27Z,USA MLS,2026-08-19,2026-08-19T23:30:00Z,Toronto FC vs Charlotte FC,pmu_fr,OU25,UNDER,2.04
2026-08-19T09:23:27Z,USA MLS,2026-08-19,2026-08-19T23:30:00Z,Toronto FC vs Charlotte FC,tipico_de,OU25,UNDER,2.2
2026-08-19T09:23:27Z,USA MLS,2026-08-19,2026-08-19T23:30:00Z,Toronto FC vs Charlotte FC,unibet_nl,OU25,UNDER,2.18
2026-08-19T09:23:27Z,USA MLS,2026-08-19,2026-08-19T23:30:00Z,Toronto FC vs Charlotte FC,unibet_se,OU25,UNDER,2.18
2026-08-19T09:23:27Z,USA MLS,2026-08-19,2026-08-19T23:30:00Z,Toronto FC vs Charlotte FC,williamhill,OU25,UNDER,2.15
2026-08-19T09:23:27Z,USA MLS,2026-08-20,2026-08-20T01:30:00Z,Colorado Rapids vs Los Angeles FC,betsson,OU25,OVER,1.7
2026-08-19T09:23:27Z,USA MLS,2026-08-20,2026-08-20T01:30:00Z,Colorado Rapids vs Los Angeles FC,coolbet,OU25,OVER,1.7
2026-08-19T09:23:27Z,USA MLS,2026-08-20,2026-08-20T01:30:00Z,Colorado Rapids vs Los Angeles FC,gtbets,OU25,OVER,1.68
2026-08-19T09:23:27Z,USA MLS,2026-08-20,2026-08-20T01:30:00Z,Colorado Rapids vs Los Angeles FC,leovegas_se,OU25,OVER,1.61
2026-08-19T09:23:27Z,USA MLS,2026-08-20,2026-08-20T01:30:00Z,Colorado Rapids vs Los Angeles FC,matchbook,OU25,OVER,1.76
2026-08-19T09:23:27Z,USA MLS,2026-08-20,2026-08-20T01:30:00Z,Colorado Rapids vs Los Angeles FC,nordicbet,OU25,OVER,1.7
2026-08-19T09:23:27Z,USA MLS,2026-08-20,2026-08-20T01:30:00Z,Colorado Rapids vs Los Angeles FC,onexbet,OU25,OVER,1.77
2026-08-19T09:23:27Z,USA MLS,2026-08-20,2026-08-20T01:30:00Z,Colorado Rapids vs Los Angeles FC,pmu_fr,OU25,OVER,1.5
2026-08-19T09:23:27Z,USA MLS,2026-08-20,2026-08-20T01:30:00Z,Colorado Rapids vs Los Angeles FC,tipico_de,OU25,OVER,1.62
2026-08-19T09:23:27Z,USA MLS,2026-08-20,2026-08-20T01:30:00Z,Colorado Rapids vs Los Angeles FC,unibet_nl,OU25,OVER,1.61
2026-08-19T09:23:27Z,USA MLS,2026-08-20,2026-08-20T01:30:00Z,Colorado Rapids vs Los Angeles FC,unibet_se,OU25,OVER,1.61
2026-08-19T09:23:27Z,USA MLS,2026-08-20,2026-08-20T01:30:00Z,Colorado Rapids vs Los Angeles FC,williamhill,OU25,OVER,1.67
2026-08-19T09:23:27Z,USA MLS,2026-08-20,2026-08-20T01:30:00Z,Colorado Rapids vs Los Angeles FC,betsson,OU25,UNDER,2.12
2026-08-19T09:23:27Z,USA MLS,2026-08-20,2026-08-20T01:30:00Z,Colorado Rapids vs Los Angeles FC,coolbet,OU25,UNDER,2.12
2026-08-19T09:23:27Z,USA MLS,2026-08-20,2026-08-20T01:30:00Z,Colorado Rapids vs Los Angeles FC,gtbets,OU25,UNDER,2.18
2026-08-19T09:23:27Z,USA MLS,2026-08-20,2026-08-20T01:30:00Z,Colorado Rapids vs Los Angeles FC,leovegas_se,OU25,UNDER,2.25
2026-08-19T09:23:27Z,USA MLS,2026-08-20,2026-08-20T01:30:00Z,Colorado Rapids vs Los Angeles FC,matchbook,OU25,UNDER,2.26
2026-08-19T09:23:27Z,USA MLS,2026-08-20,2026-08-20T01:30:00Z,Colorado Rapids vs Los Angeles FC,nordicbet,OU25,UNDER,2.12
2026-08-19T09:23:27Z,USA MLS,2026-08-20,2026-08-20T01:30:00Z,Colorado Rapids vs Los Angeles FC,onexbet,OU25,UNDER,2.15
2026-08-19T09:23:27Z,USA MLS,2026-08-20,2026-08-20T01:30:00Z,Colorado Rapids vs Los Angeles FC,pmu_fr,OU25,UNDER,2.12
2026-08-19T09:23:27Z,USA MLS,2026-08-20,2026-08-20T01:30:00Z,Colorado Rapids vs Los Angeles FC,tipico_de,OU25,UNDER,2.15
2026-08-19T09:23:27Z,USA MLS,2026-08-20,2026-08-20T01:30:00Z,Colorado Rapids vs Los Angeles FC,unibet_nl,OU25,UNDER,2.25
2026-08-19T09:23:27Z,USA MLS,2026-08-20,2026-08-20T01:30:00Z,Colorado Rapids vs Los Angeles FC,unibet_se,OU25,UNDER,2.25
2026-08-19T09:23:27Z,USA MLS,2026-08-20,2026-08-20T01:30:00Z,Colorado Rapids vs Los Angeles FC,williamhill,OU25,UNDER,2.1
2026-08-19T09:23:27Z,USA MLS,2026-08-20,2026-08-20T02:30:00Z,LA Galaxy vs San Jose Earthquakes,betsson,OU25,OVER,1.43
2026-08-19T09:23:27Z,USA MLS,2026-08-20,2026-08-20T02:30:00Z,LA Galaxy vs San Jose Earthquakes,nordicbet,OU25,OVER,1.43
2026-08-19T09:23:27Z,USA MLS,2026-08-20,2026-08-20T02:30:00Z,LA Galaxy vs San Jose Earthquakes,williamhill,OU25,OVER,1.4
2026-08-19T09:23:27Z,USA MLS,2026-08-20,2026-08-20T02:30:00Z,LA Galaxy vs San Jose Earthquakes,betsson,OU25,UNDER,2.82
2026-08-19T09:23:27Z,USA MLS,2026-08-20,2026-08-20T02:30:00Z,LA Galaxy vs San Jose Earthquakes,nordicbet,OU25,UNDER,2.82
2026-08-19T09:23:27Z,USA MLS,2026-08-20,2026-08-20T02:30:00Z,LA Galaxy vs San Jose Earthquakes,williamhill,OU25,UNDER,2.7
2026-08-19T09:23:27Z,USA MLS,2026-08-20,2026-08-20T02:30:00Z,LA Galaxy vs San Jose Earthquakes,betanysports,OU35,OVER,2.03
2026-08-19T09:23:27Z,USA MLS,2026-08-20,2026-08-20T02:30:00Z,LA Galaxy vs San Jose Earthquakes,betonlineag,OU35,OVER,2.03
2026-08-19T09:23:27Z,USA MLS,2026-08-20,2026-08-20T02:30:00Z,LA Galaxy vs San Jose Earthquakes,gtbets,OU35,OVER,2.04
2026-08-19T09:23:27Z,USA MLS,2026-08-20,2026-08-20T02:30:00Z,LA Galaxy vs San Jose Earthquakes,leovegas_se,OU35,OVER,2.02
2026-08-19T09:23:27Z,USA MLS,2026-08-20,2026-08-20T02:30:00Z,LA Galaxy vs San Jose Earthquakes,matchbook,OU35,OVER,2.18
2026-08-19T09:23:27Z,USA MLS,2026-08-20,2026-08-20T02:30:00Z,LA Galaxy vs San Jose Earthquakes,mybookieag,OU35,OVER,2.06
2026-08-19T09:23:27Z,USA MLS,2026-08-20,2026-08-20T02:30:00Z,LA Galaxy vs San Jose Earthquakes,onexbet,OU35,OVER,2.08
2026-08-19T09:23:27Z,USA MLS,2026-08-20,2026-08-20T02:30:00Z,LA Galaxy vs San Jose Earthquakes,pmu_fr,OU35,OVER,1.88
2026-08-19T09:23:27Z,USA MLS,2026-08-20,2026-08-20T02:30:00Z,LA Galaxy vs San Jose Earthquakes,tipico_de,OU35,OVER,1.95
2026-08-19T09:23:27Z,USA MLS,2026-08-20,2026-08-20T02:30:00Z,LA Galaxy vs San Jose Earthquakes,unibet_nl,OU35,OVER,2.02
2026-08-19T09:23:27Z,USA MLS,2026-08-20,2026-08-20T02:30:00Z,LA Galaxy vs San Jose Earthquakes,unibet_se,OU35,OVER,2.02
2026-08-19T09:23:27Z,USA MLS,2026-08-20,2026-08-20T02:30:00Z,LA Galaxy vs San Jose Earthquakes,betanysports,OU35,UNDER,1.81
2026-08-19T09:23:27Z,USA MLS,2026-08-20,2026-08-20T02:30:00Z,LA Galaxy vs San Jose Earthquakes,betonlineag,OU35,UNDER,1.81
2026-08-19T09:23:27Z,USA MLS,2026-08-20,2026-08-20T02:30:00Z,LA Galaxy vs San Jose Earthquakes,gtbets,OU35,UNDER,1.71
2026-08-19T09:23:27Z,USA MLS,2026-08-20,2026-08-20T02:30:00Z,LA Galaxy vs San Jose Earthquakes,leovegas_se,OU35,UNDER,1.75
2026-08-19T09:23:27Z,USA MLS,2026-08-20,2026-08-20T02:30:00Z,LA Galaxy vs San Jose Earthquakes,matchbook,OU35,UNDER,1.8
2026-08-19T09:23:27Z,USA MLS,2026-08-20,2026-08-20T02:30:00Z,LA Galaxy vs San Jose Earthquakes,mybookieag,OU35,UNDER,1.71
2026-08-19T09:23:27Z,USA MLS,2026-08-20,2026-08-20T02:30:00Z,LA Galaxy vs San Jose Earthquakes,onexbet,OU35,UNDER,1.82
2026-08-19T09:23:27Z,USA MLS,2026-08-20,2026-08-20T02:30:00Z,LA Galaxy vs San Jose Earthquakes,pmu_fr,OU35,UNDER,1.64
2026-08-19T09:23:27Z,USA MLS,2026-08-20,2026-08-20T02:30:00Z,LA Galaxy vs San Jose Earthquakes,tipico_de,OU35,UNDER,1.75
2026-08-19T09:23:27Z,USA MLS,2026-08-20,2026-08-20T02:30:00Z,LA Galaxy vs San Jose Earthquakes,unibet_nl,OU35,UNDER,1.75
2026-08-19T09:23:27Z,USA MLS,2026-08-20,2026-08-20T02:30:00Z,LA Galaxy vs San Jose Earthquakes,unibet_se,OU35,UNDER,1.75
2026-08-19T09:23:27Z,USA MLS,2026-08-20,2026-08-20T00:30:00Z,Minnesota United FC vs Atlanta United FC,betsson,OU25,OVER,1.62
2026-08-19T09:23:27Z,USA MLS,2026-08-20,2026-08-20T00:30:00Z,Minnesota United FC vs Atlanta United FC,gtbets,OU25,OVER,1.66
2026-08-19T09:23:27Z,USA MLS,2026-08-20,2026-08-20T00:30:00Z,Minnesota United FC vs Atlanta United FC,leovegas_se,OU25,OVER,1.61
2026-08-19T09:23:27Z,USA MLS,2026-08-20,2026-08-20T00:30:00Z,Minnesota United FC vs Atlanta United FC,matchbook,OU25,OVER,1.7
2026-08-19T09:23:27Z,USA MLS,2026-08-20,2026-08-20T00:30:00Z,Minnesota United FC vs Atlanta United FC,nordicbet,OU25,OVER,1.62
2026-08-19T09:23:27Z,USA MLS,2026-08-20,2026-08-20T00:30:00Z,Minnesota United FC vs Atlanta United FC,onexbet,OU25,OVER,1.69
2026-08-19T09:23:27Z,USA MLS,2026-08-20,2026-08-20T00:30:00Z,Minnesota United FC vs Atlanta United FC,pmu_fr,OU25,OVER,1.5
2026-08-19T09:23:27Z,USA MLS,2026-08-20,2026-08-20T00:30:00Z,Minnesota United FC vs Atlanta United FC,tipico_de,OU25,OVER,1.57
2026-08-19T09:23:27Z,USA MLS,2026-08-20,2026-08-20T00:30:00Z,Minnesota United FC vs Atlanta United FC,unibet_nl,OU25,OVER,1.61
2026-08-19T09:23:27Z,USA MLS,2026-08-20,2026-08-20T00:30:00Z,Minnesota United FC vs Atlanta United FC,unibet_se,OU25,OVER,1.61
2026-08-19T09:23:27Z,USA MLS,2026-08-20,2026-08-20T00:30:00Z,Minnesota United FC vs Atlanta United FC,williamhill,OU25,OVER,1.65
2026-08-19T09:23:27Z,USA MLS,2026-08-20,2026-08-20T00:30:00Z,Minnesota United FC vs Atlanta United FC,betsson,OU25,UNDER,2.28
2026-08-19T09:23:27Z,USA MLS,2026-08-20,2026-08-20T00:30:00Z,Minnesota United FC vs Atlanta United FC,gtbets,OU25,UNDER,2.18
2026-08-19T09:23:27Z,USA MLS,2026-08-20,2026-08-20T00:30:00Z,Minnesota United FC vs Atlanta United FC,leovegas_se,OU25,UNDER,2.28
2026-08-19T09:23:27Z,USA MLS,2026-08-20,2026-08-20T00:30:00Z,Minnesota United FC vs Atlanta United FC,matchbook,OU25,UNDER,2.38
2026-08-19T09:23:27Z,USA MLS,2026-08-20,2026-08-20T00:30:00Z,Minnesota United FC vs Atlanta United FC,nordicbet,OU25,UNDER,2.28
2026-08-19T09:23:27Z,USA MLS,2026-08-20,2026-08-20T00:30:00Z,Minnesota United FC vs Atlanta United FC,onexbet,OU25,UNDER,2.27
2026-08-19T09:23:27Z,USA MLS,2026-08-20,2026-08-20T00:30:00Z,Minnesota United FC vs Atlanta United FC,pmu_fr,OU25,UNDER,2.12
2026-08-19T09:23:27Z,USA MLS,2026-08-20,2026-08-20T00:30:00Z,Minnesota United FC vs Atlanta United FC,tipico_de,OU25,UNDER,2.25
2026-08-19T09:23:27Z,USA MLS,2026-08-20,2026-08-20T00:30:00Z,Minnesota United FC vs Atlanta United FC,unibet_nl,OU25,UNDER,2.28
2026-08-19T09:23:27Z,USA MLS,2026-08-20,2026-08-20T00:30:00Z,Minnesota United FC vs Atlanta United FC,unibet_se,OU25,UNDER,2.28
2026-08-19T09:23:27Z,USA MLS,2026-08-20,2026-08-20T00:30:00Z,Minnesota United FC vs Atlanta United FC,williamhill,OU25,UNDER,2.15
2026-08-19T09:23:27Z,USA MLS,2026-08-20,2026-08-20T02:30:00Z,Portland Timbers vs San Diego FC,betsson,OU25,OVER,1.35
2026-08-19T09:23:27Z,USA MLS,2026-08-20,2026-08-20T02:30:00Z,Portland Timbers vs San Diego FC,nordicbet,OU25,OVER,1.35
2026-08-19T09:23:27Z,USA MLS,2026-08-20,2026-08-20T02:30:00Z,Portland Timbers vs San Diego FC,williamhill,OU25,OVER,1.35
2026-08-19T09:23:27Z,USA MLS,2026-08-20,2026-08-20T02:30:00Z,Portland Timbers vs San Diego FC,betsson,OU25,UNDER,3.15
2026-08-19T09:23:27Z,USA MLS,2026-08-20,2026-08-20T02:30:00Z,Portland Timbers vs San Diego FC,nordicbet,OU25,UNDER,3.15
2026-08-19T09:23:27Z,USA MLS,2026-08-20,2026-08-20T02:30:00Z,Portland Timbers vs San Diego FC,williamhill,OU25,UNDER,3.0
2026-08-19T09:23:27Z,USA MLS,2026-08-20,2026-08-20T02:30:00Z,Portland Timbers vs San Diego FC,betanysports,OU35,OVER,1.93
2026-08-19T09:23:27Z,USA MLS,2026-08-20,2026-08-20T02:30:00Z,Portland Timbers vs San Diego FC,betonlineag,OU35,OVER,1.93
2026-08-19T09:23:27Z,USA MLS,2026-08-20,2026-08-20T02:30:00Z,Portland Timbers vs San Diego FC,coolbet,OU35,OVER,1.93
2026-08-19T09:23:27Z,USA MLS,2026-08-20,2026-08-20T02:30:00Z,Portland Timbers vs San Diego FC,gtbets,OU35,OVER,1.94
2026-08-19T09:23:27Z,USA MLS,2026-08-20,2026-08-20T02:30:00Z,Portland Timbers vs San Diego FC,leovegas_se,OU35,OVER,1.93
2026-08-19T09:23:27Z,USA MLS,2026-08-20,2026-08-20T02:30:00Z,Portland Timbers vs San Diego FC,matchbook,OU35,OVER,1.97
2026-08-19T09:23:27Z,USA MLS,2026-08-20,2026-08-20T02:30:00Z,Portland Timbers vs San Diego FC,mybookieag,OU35,OVER,1.9
2026-08-19T09:23:27Z,USA MLS,2026-08-20,2026-08-20T02:30:00Z,Portland Timbers vs San Diego FC,onexbet,OU35,OVER,1.93
2026-08-19T09:23:27Z,USA MLS,2026-08-20,2026-08-20T02:30:00Z,Portland Timbers vs San Diego FC,pinnacle,OU35,OVER,1.92
2026-08-19T09:23:27Z,USA MLS,2026-08-20,2026-08-20T02:30:00Z,Portland Timbers vs San Diego FC,pmu_fr,OU35,OVER,1.81
2026-08-19T09:23:27Z,USA MLS,2026-08-20,2026-08-20T02:30:00Z,Portland Timbers vs San Diego FC,tipico_de,OU35,OVER,1.8
2026-08-19T09:23:27Z,USA MLS,2026-08-20,2026-08-20T02:30:00Z,Portland Timbers vs San Diego FC,unibet_nl,OU35,OVER,1.93
2026-08-19T09:23:27Z,USA MLS,2026-08-20,2026-08-20T02:30:00Z,Portland Timbers vs San Diego FC,unibet_se,OU35,OVER,1.93
2026-08-19T09:23:27Z,USA MLS,2026-08-20,2026-08-20T02:30:00Z,Portland Timbers vs San Diego FC,betanysports,OU35,UNDER,1.88
2026-08-19T09:23:27Z,USA MLS,2026-08-20,2026-08-20T02:30:00Z,Portland Timbers vs San Diego FC,betonlineag,OU35,UNDER,1.88
2026-08-19T09:23:27Z,USA MLS,2026-08-20,2026-08-20T02:30:00Z,Portland Timbers vs San Diego FC,coolbet,OU35,UNDER,1.85
2026-08-19T09:23:27Z,USA MLS,2026-08-20,2026-08-20T02:30:00Z,Portland Timbers vs San Diego FC,gtbets,OU35,UNDER,1.83
2026-08-19T09:23:27Z,USA MLS,2026-08-20,2026-08-20T02:30:00Z,Portland Timbers vs San Diego FC,leovegas_se,OU35,UNDER,1.83
2026-08-19T09:23:27Z,USA MLS,2026-08-20,2026-08-20T02:30:00Z,Portland Timbers vs San Diego FC,matchbook,OU35,UNDER,1.99
2026-08-19T09:23:27Z,USA MLS,2026-08-20,2026-08-20T02:30:00Z,Portland Timbers vs San Diego FC,mybookieag,OU35,UNDER,1.84
2026-08-19T09:23:27Z,USA MLS,2026-08-20,2026-08-20T02:30:00Z,Portland Timbers vs San Diego FC,onexbet,OU35,UNDER,1.95
2026-08-19T09:23:27Z,USA MLS,2026-08-20,2026-08-20T02:30:00Z,Portland Timbers vs San Diego FC,pinnacle,OU35,UNDER,1.95
2026-08-19T09:23:27Z,USA MLS,2026-08-20,2026-08-20T02:30:00Z,Portland Timbers vs San Diego FC,pmu_fr,OU35,UNDER,1.71
2026-08-19T09:23:27Z,USA MLS,2026-08-20,2026-08-20T02:30:00Z,Portland Timbers vs San Diego FC,tipico_de,OU35,UNDER,1.9
2026-08-19T09:23:27Z,USA MLS,2026-08-20,2026-08-20T02:30:00Z,Portland Timbers vs San Diego FC,unibet_nl,OU35,UNDER,1.83
2026-08-19T09:23:27Z,USA MLS,2026-08-20,2026-08-20T02:30:00Z,Portland Timbers vs San Diego FC,unibet_se,OU35,UNDER,1.83
2026-08-19T09:23:27Z,USA MLS,2026-08-20,2026-08-20T01:30:00Z,Real Salt Lake vs FC Dallas,betsson,OU25,OVER,1.49
2026-08-19T09:23:27Z,USA MLS,2026-08-20,2026-08-20T01:30:00Z,Real Salt Lake vs FC Dallas,nordicbet,OU25,OVER,1.49
2026-08-19T09:23:27Z,USA MLS,2026-08-20,2026-08-20T01:30:00Z,Real Salt Lake vs FC Dallas,williamhill,OU25,OVER,1.5
2026-08-19T09:23:27Z,USA MLS,2026-08-20,2026-08-20T01:30:00Z,Real Salt Lake vs FC Dallas,betsson,OU25,UNDER,2.58
2026-08-19T09:23:27Z,USA MLS,2026-08-20,2026-08-20T01:30:00Z,Real Salt Lake vs FC Dallas,nordicbet,OU25,UNDER,2.58
2026-08-19T09:23:27Z,USA MLS,2026-08-20,2026-08-20T01:30:00Z,Real Salt Lake vs FC Dallas,williamhill,OU25,UNDER,2.45
2026-08-19T09:23:27Z,USA MLS,2026-08-20,2026-08-20T01:30:00Z,Real Salt Lake vs FC Dallas,gtbets,OU35,OVER,2.21
2026-08-19T09:23:27Z,USA MLS,2026-08-20,2026-08-20T01:30:00Z,Real Salt Lake vs FC Dallas,leovegas_se,OU35,OVER,2.16
2026-08-19T09:23:27Z,USA MLS,2026-08-20,2026-08-20T01:30:00Z,Real Salt Lake vs FC Dallas,matchbook,OU35,OVER,2.38
2026-08-19T09:23:27Z,USA MLS,2026-08-20,2026-08-20T01:30:00Z,Real Salt Lake vs FC Dallas,onexbet,OU35,OVER,2.31
2026-08-19T09:23:27Z,USA MLS,2026-08-20,2026-08-20T01:30:00Z,Real Salt Lake vs FC Dallas,pmu_fr,OU35,OVER,2.02
2026-08-19T09:23:27Z,USA MLS,2026-08-20,2026-08-20T01:30:00Z,Real Salt Lake vs FC Dallas,tipico_de,OU35,OVER,2.25
2026-08-19T09:23:27Z,USA MLS,2026-08-20,2026-08-20T01:30:00Z,Real Salt Lake vs FC Dallas,unibet_nl,OU35,OVER,2.16
2026-08-19T09:23:27Z,USA MLS,2026-08-20,2026-08-20T01:30:00Z,Real Salt Lake vs FC Dallas,unibet_se,OU35,OVER,2.16
2026-08-19T09:23:27Z,USA MLS,2026-08-20,2026-08-20T01:30:00Z,Real Salt Lake vs FC Dallas,gtbets,OU35,UNDER,1.65
2026-08-19T09:23:27Z,USA MLS,2026-08-20,2026-08-20T01:30:00Z,Real Salt Lake vs FC Dallas,leovegas_se,OU35,UNDER,1.66
2026-08-19T09:23:27Z,USA MLS,2026-08-20,2026-08-20T01:30:00Z,Real Salt Lake vs FC Dallas,matchbook,OU35,UNDER,1.69
2026-08-19T09:23:27Z,USA MLS,2026-08-20,2026-08-20T01:30:00Z,Real Salt Lake vs FC Dallas,onexbet,OU35,UNDER,1.67
2026-08-19T09:23:27Z,USA MLS,2026-08-20,2026-08-20T01:30:00Z,Real Salt Lake vs FC Dallas,pmu_fr,OU35,UNDER,1.56
2026-08-19T09:23:27Z,USA MLS,2026-08-20,2026-08-20T01:30:00Z,Real Salt Lake vs FC Dallas,tipico_de,OU35,UNDER,1.55
2026-08-19T09:23:27Z,USA MLS,2026-08-20,2026-08-20T01:30:00Z,Real Salt Lake vs FC Dallas,unibet_nl,OU35,UNDER,1.66
2026-08-19T09:23:27Z,USA MLS,2026-08-20,2026-08-20T01:30:00Z,Real Salt Lake vs FC Dallas,unibet_se,OU35,UNDER,1.66
2026-08-19T09:23:27Z,USA MLS,2026-08-20,2026-08-20T01:30:00Z,Seattle Sounders FC vs Austin FC,betsson,OU25,OVER,1.58
2026-08-19T09:23:27Z,USA MLS,2026-08-20,2026-08-20T01:30:00Z,Seattle Sounders FC vs Austin FC,gtbets,OU25,OVER,1.57
2026-08-19T09:23:27Z,USA MLS,2026-08-20,2026-08-20T01:30:00Z,Seattle Sounders FC vs Austin FC,leovegas_se,OU25,OVER,1.56
2026-08-19T09:23:27Z,USA MLS,2026-08-20,2026-08-20T01:30:00Z,Seattle Sounders FC vs Austin FC,matchbook,OU25,OVER,1.65
2026-08-19T09:23:27Z,USA MLS,2026-08-20,2026-08-20T01:30:00Z,Seattle Sounders FC vs Austin FC,nordicbet,OU25,OVER,1.58
2026-08-19T09:23:27Z,USA MLS,2026-08-20,2026-08-20T01:30:00Z,Seattle Sounders FC vs Austin FC,onexbet,OU25,OVER,1.65
2026-08-19T09:23:27Z,USA MLS,2026-08-20,2026-08-20T01:30:00Z,Seattle Sounders FC vs Austin FC,pmu_fr,OU25,OVER,1.47
2026-08-19T09:23:27Z,USA MLS,2026-08-20,2026-08-20T01:30:00Z,Seattle Sounders FC vs Austin FC,tipico_de,OU25,OVER,1.52
2026-08-19T09:23:27Z,USA MLS,2026-08-20,2026-08-20T01:30:00Z,Seattle Sounders FC vs Austin FC,unibet_nl,OU25,OVER,1.56
2026-08-19T09:23:27Z,USA MLS,2026-08-20,2026-08-20T01:30:00Z,Seattle Sounders FC vs Austin FC,unibet_se,OU25,OVER,1.56
2026-08-19T09:23:27Z,USA MLS,2026-08-20,2026-08-20T01:30:00Z,Seattle Sounders FC vs Austin FC,williamhill,OU25,OVER,1.57
2026-08-19T09:23:27Z,USA MLS,2026-08-20,2026-08-20T01:30:00Z,Seattle Sounders FC vs Austin FC,betsson,OU25,UNDER,2.32
2026-08-19T09:23:27Z,USA MLS,2026-08-20,2026-08-20T01:30:00Z,Seattle Sounders FC vs Austin FC,gtbets,OU25,UNDER,2.36
2026-08-19T09:23:27Z,USA MLS,2026-08-20,2026-08-20T01:30:00Z,Seattle Sounders FC vs Austin FC,leovegas_se,OU25,UNDER,2.35
2026-08-19T09:23:27Z,USA MLS,2026-08-20,2026-08-20T01:30:00Z,Seattle Sounders FC vs Austin FC,matchbook,OU25,UNDER,2.5
2026-08-19T09:23:27Z,USA MLS,2026-08-20,2026-08-20T01:30:00Z,Seattle Sounders FC vs Austin FC,nordicbet,OU25,UNDER,2.32
2026-08-19T09:23:27Z,USA MLS,2026-08-20,2026-08-20T01:30:00Z,Seattle Sounders FC vs Austin FC,onexbet,OU25,UNDER,2.36
2026-08-19T09:23:27Z,USA MLS,2026-08-20,2026-08-20T01:30:00Z,Seattle Sounders FC vs Austin FC,pmu_fr,OU25,UNDER,2.2
2026-08-19T09:23:27Z,USA MLS,2026-08-20,2026-08-20T01:30:00Z,Seattle Sounders FC vs Austin FC,tipico_de,OU25,UNDER,2.35
2026-08-19T09:23:27Z,USA MLS,2026-08-20,2026-08-20T01:30:00Z,Seattle Sounders FC vs Austin FC,unibet_nl,OU25,UNDER,2.35
2026-08-19T09:23:27Z,USA MLS,2026-08-20,2026-08-20T01:30:00Z,Seattle Sounders FC vs Austin FC,unibet_se,OU25,UNDER,2.35
2026-08-19T09:23:27Z,USA MLS,2026-08-20,2026-08-20T01:30:00Z,Seattle Sounders FC vs Austin FC,williamhill,OU25,UNDER,2.3
2026-08-19T09:23:27Z,League One,2026-08-20,2026-08-20T19:00:00Z,Sheffield Wednesday vs Bradford City,codere_it,OU25,OVER,1.88
2026-08-19T09:23:27Z,League One,2026-08-20,2026-08-20T19:00:00Z,Sheffield Wednesday vs Bradford City,coolbet,OU25,OVER,1.94
2026-08-19T09:23:27Z,League One,2026-08-20,2026-08-20T19:00:00Z,Sheffield Wednesday vs Bradford City,leovegas_se,OU25,OVER,1.85
2026-08-19T09:23:27Z,League One,2026-08-20,2026-08-20T19:00:00Z,Sheffield Wednesday vs Bradford City,matchbook,OU25,OVER,1.96
2026-08-19T09:23:27Z,League One,2026-08-20,2026-08-20T19:00:00Z,Sheffield Wednesday vs Bradford City,onexbet,OU25,OVER,1.92
2026-08-19T09:23:27Z,League One,2026-08-20,2026-08-20T19:00:00Z,Sheffield Wednesday vs Bradford City,pinnacle,OU25,OVER,1.97
2026-08-19T09:23:27Z,League One,2026-08-20,2026-08-20T19:00:00Z,Sheffield Wednesday vs Bradford City,tipico_de,OU25,OVER,1.83
2026-08-19T09:23:27Z,League One,2026-08-20,2026-08-20T19:00:00Z,Sheffield Wednesday vs Bradford City,unibet_nl,OU25,OVER,1.85
2026-08-19T09:23:27Z,League One,2026-08-20,2026-08-20T19:00:00Z,Sheffield Wednesday vs Bradford City,unibet_se,OU25,OVER,1.85
2026-08-19T09:23:27Z,League One,2026-08-20,2026-08-20T19:00:00Z,Sheffield Wednesday vs Bradford City,williamhill,OU25,OVER,1.95
2026-08-19T09:23:27Z,League One,2026-08-20,2026-08-20T19:00:00Z,Sheffield Wednesday vs Bradford City,codere_it,OU25,UNDER,1.79
2026-08-19T09:23:27Z,League One,2026-08-20,2026-08-20T19:00:00Z,Sheffield Wednesday vs Bradford City,coolbet,OU25,UNDER,1.8
2026-08-19T09:23:27Z,League One,2026-08-20,2026-08-20T19:00:00Z,Sheffield Wednesday vs Bradford City,leovegas_se,OU25,UNDER,1.81
2026-08-19T09:23:27Z,League One,2026-08-20,2026-08-20T19:00:00Z,Sheffield Wednesday vs Bradford City,matchbook,OU25,UNDER,1.87
2026-08-19T09:23:27Z,League One,2026-08-20,2026-08-20T19:00:00Z,Sheffield Wednesday vs Bradford City,onexbet,OU25,UNDER,1.85
2026-08-19T09:23:27Z,League One,2026-08-20,2026-08-20T19:00:00Z,Sheffield Wednesday vs Bradford City,pinnacle,OU25,UNDER,1.87
2026-08-19T09:23:27Z,League One,2026-08-20,2026-08-20T19:00:00Z,Sheffield Wednesday vs Bradford City,tipico_de,OU25,UNDER,1.85
2026-08-19T09:23:27Z,League One,2026-08-20,2026-08-20T19:00:00Z,Sheffield Wednesday vs Bradford City,unibet_nl,OU25,UNDER,1.81
2026-08-19T09:23:27Z,League One,2026-08-20,2026-08-20T19:00:00Z,Sheffield Wednesday vs Bradford City,unibet_se,OU25,UNDER,1.81
2026-08-19T09:23:27Z,League One,2026-08-20,2026-08-20T19:00:00Z,Sheffield Wednesday vs Bradford City,williamhill,OU25,UNDER,1.8
2026-08-19T09:23:27Z,USA MLS,2026-08-20,2026-08-20T00:00:00Z,Sporting Kansas City vs St. Louis City SC,betsson,OU25,OVER,1.5
2026-08-19T09:23:27Z,USA MLS,2026-08-20,2026-08-20T00:00:00Z,Sporting Kansas City vs St. Louis City SC,nordicbet,OU25,OVER,1.5
2026-08-19T09:23:27Z,USA MLS,2026-08-20,2026-08-20T00:00:00Z,Sporting Kansas City vs St. Louis City SC,williamhill,OU25,OVER,1.44
2026-08-19T09:23:27Z,USA MLS,2026-08-20,2026-08-20T00:00:00Z,Sporting Kansas City vs St. Louis City SC,betsson,OU25,UNDER,2.52
2026-08-19T09:23:27Z,USA MLS,2026-08-20,2026-08-20T00:00:00Z,Sporting Kansas City vs St. Louis City SC,nordicbet,OU25,UNDER,2.52
2026-08-19T09:23:27Z,USA MLS,2026-08-20,2026-08-20T00:00:00Z,Sporting Kansas City vs St. Louis City SC,williamhill,OU25,UNDER,2.5
2026-08-19T09:23:27Z,USA MLS,2026-08-20,2026-08-20T00:00:00Z,Sporting Kansas City vs St. Louis City SC,gtbets,OU35,OVER,2.19
2026-08-19T09:23:27Z,USA MLS,2026-08-20,2026-08-20T00:00:00Z,Sporting Kansas City vs St. Louis City SC,leovegas_se,OU35,OVER,2.23
2026-08-19T09:23:27Z,USA MLS,2026-08-20,2026-08-20T00:00:00Z,Sporting Kansas City vs St. Louis City SC,matchbook,OU35,OVER,2.44
2026-08-19T09:23:27Z,USA MLS,2026-08-20,2026-08-20T00:00:00Z,Sporting Kansas City vs St. Louis City SC,onexbet,OU35,OVER,2.27
2026-08-19T09:23:27Z,USA MLS,2026-08-20,2026-08-20T00:00:00Z,Sporting Kansas City vs St. Louis City SC,pmu_fr,OU35,OVER,2.07
2026-08-19T09:23:27Z,USA MLS,2026-08-20,2026-08-20T00:00:00Z,Sporting Kansas City vs St. Louis City SC,tipico_de,OU35,OVER,2.15
2026-08-19T09:23:27Z,USA MLS,2026-08-20,2026-08-20T00:00:00Z,Sporting Kansas City vs St. Louis City SC,unibet_nl,OU35,OVER,2.23
2026-08-19T09:23:27Z,USA MLS,2026-08-20,2026-08-20T00:00:00Z,Sporting Kansas City vs St. Louis City SC,unibet_se,OU35,OVER,2.23
2026-08-19T09:23:27Z,USA MLS,2026-08-20,2026-08-20T00:00:00Z,Sporting Kansas City vs St. Louis City SC,gtbets,OU35,UNDER,1.65
2026-08-19T09:23:27Z,USA MLS,2026-08-20,2026-08-20T00:00:00Z,Sporting Kansas City vs St. Louis City SC,leovegas_se,OU35,UNDER,1.63
2026-08-19T09:23:27Z,USA MLS,2026-08-20,2026-08-20T00:00:00Z,Sporting Kansas City vs St. Louis City SC,matchbook,OU35,UNDER,1.67
2026-08-19T09:23:27Z,USA MLS,2026-08-20,2026-08-20T00:00:00Z,Sporting Kansas City vs St. Louis City SC,onexbet,OU35,UNDER,1.69
2026-08-19T09:23:27Z,USA MLS,2026-08-20,2026-08-20T00:00:00Z,Sporting Kansas City vs St. Louis City SC,pmu_fr,OU35,UNDER,1.53
2026-08-19T09:23:27Z,USA MLS,2026-08-20,2026-08-20T00:00:00Z,Sporting Kansas City vs St. Louis City SC,tipico_de,OU35,UNDER,1.62
2026-08-19T09:23:27Z,USA MLS,2026-08-20,2026-08-20T00:00:00Z,Sporting Kansas City vs St. Louis City SC,unibet_nl,OU35,UNDER,1.63
2026-08-19T09:23:27Z,USA MLS,2026-08-20,2026-08-20T00:00:00Z,Sporting Kansas City vs St. Louis City SC,unibet_se,OU35,UNDER,1.63
2026-08-19T09:23:27Z,USA MLS,2026-08-20,2026-08-20T02:30:00Z,Vancouver Whitecaps FC vs Houston Dynamo,betsson,OU25,OVER,1.62
2026-08-19T09:23:27Z,USA MLS,2026-08-20,2026-08-20T02:30:00Z,Vancouver Whitecaps FC vs Houston Dynamo,gtbets,OU25,OVER,1.57
2026-08-19T09:23:27Z,USA MLS,2026-08-20,2026-08-20T02:30:00Z,Vancouver Whitecaps FC vs Houston Dynamo,matchbook,OU25,OVER,1.69
2026-08-19T09:23:27Z,USA MLS,2026-08-20,2026-08-20T02:30:00Z,Vancouver Whitecaps FC vs Houston Dynamo,nordicbet,OU25,OVER,1.62
2026-08-19T09:23:27Z,USA MLS,2026-08-20,2026-08-20T02:30:00Z,Vancouver Whitecaps FC vs Houston Dynamo,onexbet,OU25,OVER,1.66
2026-08-19T09:23:27Z,USA MLS,2026-08-20,2026-08-20T02:30:00Z,Vancouver Whitecaps FC vs Houston Dynamo,williamhill,OU25,OVER,1.6
2026-08-19T09:23:27Z,USA MLS,2026-08-20,2026-08-20T02:30:00Z,Vancouver Whitecaps FC vs Houston Dynamo,betsson,OU25,UNDER,2.22
2026-08-19T09:23:27Z,USA MLS,2026-08-20,2026-08-20T02:30:00Z,Vancouver Whitecaps FC vs Houston Dynamo,gtbets,OU25,UNDER,2.28
2026-08-19T09:23:27Z,USA MLS,2026-08-20,2026-08-20T02:30:00Z,Vancouver Whitecaps FC vs Houston Dynamo,matchbook,OU25,UNDER,2.4
2026-08-19T09:23:27Z,USA MLS,2026-08-20,2026-08-20T02:30:00Z,Vancouver Whitecaps FC vs Houston Dynamo,nordicbet,OU25,UNDER,2.22
2026-08-19T09:23:27Z,USA MLS,2026-08-20,2026-08-20T02:30:00Z,Vancouver Whitecaps FC vs Houston Dynamo,onexbet,OU25,UNDER,2.34
2026-08-19T09:23:27Z,USA MLS,2026-08-20,2026-08-20T02:30:00Z,Vancouver Whitecaps FC vs Houston Dynamo,williamhill,OU25,UNDER,2.25
2026-08-19T09:23:27Z,USA MLS,2026-08-20,2026-08-20T02:30:00Z,Vancouver Whitecaps FC vs Houston Dynamo,leovegas_se,OU35,OVER,2.35
2026-08-19T09:23:27Z,USA MLS,2026-08-20,2026-08-20T02:30:00Z,Vancouver Whitecaps FC vs Houston Dynamo,pmu_fr,OU35,OVER,2.2
2026-08-19T09:23:27Z,USA MLS,2026-08-20,2026-08-20T02:30:00Z,Vancouver Whitecaps FC vs Houston Dynamo,tipico_de,OU35,OVER,2.25
2026-08-19T09:23:27Z,USA MLS,2026-08-20,2026-08-20T02:30:00Z,Vancouver Whitecaps FC vs Houston Dynamo,unibet_nl,OU35,OVER,2.35
2026-08-19T09:23:27Z,USA MLS,2026-08-20,2026-08-20T02:30:00Z,Vancouver Whitecaps FC vs Houston Dynamo,unibet_se,OU35,OVER,2.35
2026-08-19T09:23:27Z,USA MLS,2026-08-20,2026-08-20T02:30:00Z,Vancouver Whitecaps FC vs Houston Dynamo,leovegas_se,OU35,UNDER,1.56
2026-08-19T09:23:27Z,USA MLS,2026-08-20,2026-08-20T02:30:00Z,Vancouver Whitecaps FC vs Houston Dynamo,pmu_fr,OU35,UNDER,1.47
2026-08-19T09:23:27Z,USA MLS,2026-08-20,2026-08-20T02:30:00Z,Vancouver Whitecaps FC vs Houston Dynamo,tipico_de,OU35,UNDER,1.55
2026-08-19T09:23:27Z,USA MLS,2026-08-20,2026-08-20T02:30:00Z,Vancouver Whitecaps FC vs Houston Dynamo,unibet_nl,OU35,UNDER,1.56
2026-08-19T09:23:27Z,USA MLS,2026-08-20,2026-08-20T02:30:00Z,Vancouver Whitecaps FC vs Houston Dynamo,unibet_se,OU35,UNDER,1.56
2026-08-19T09:23:27Z,Argentina Primera Division,2026-08-21,2026-08-21T17:30:00Z,Aldosivi Mar del Plata vs Union Santa Fe,codere_it,OU15,OVER,1.51
2026-08-19T09:23:27Z,Argentina Primera Division,2026-08-21,2026-08-21T17:30:00Z,Aldosivi Mar del Plata vs Union Santa Fe,onexbet,OU15,OVER,1.54
2026-08-19T09:23:27Z,Argentina Primera Division,2026-08-21,2026-08-21T17:30:00Z,Aldosivi Mar del Plata vs Union Santa Fe,codere_it,OU15,UNDER,2.33
2026-08-19T09:23:27Z,Argentina Primera Division,2026-08-21,2026-08-21T17:30:00Z,Aldosivi Mar del Plata vs Union Santa Fe,onexbet,OU15,UNDER,2.47
2026-08-19T09:23:27Z,Argentina Primera Division,2026-08-21,2026-08-21T17:30:00Z,Aldosivi Mar del Plata vs Union Santa Fe,betsson,OU25,OVER,2.68
2026-08-19T09:23:27Z,Argentina Primera Division,2026-08-21,2026-08-21T17:30:00Z,Aldosivi Mar del Plata vs Union Santa Fe,leovegas_se,OU25,OVER,2.43
2026-08-19T09:23:27Z,Argentina Primera Division,2026-08-21,2026-08-21T17:30:00Z,Aldosivi Mar del Plata vs Union Santa Fe,nordicbet,OU25,OVER,2.68
2026-08-19T09:23:27Z,Argentina Primera Division,2026-08-21,2026-08-21T17:30:00Z,Aldosivi Mar del Plata vs Union Santa Fe,unibet_se,OU25,OVER,2.48
2026-08-19T09:23:27Z,Argentina Primera Division,2026-08-21,2026-08-21T17:30:00Z,Aldosivi Mar del Plata vs Union Santa Fe,betsson,OU25,UNDER,1.44
2026-08-19T09:23:27Z,Argentina Primera Division,2026-08-21,2026-08-21T17:30:00Z,Aldosivi Mar del Plata vs Union Santa Fe,leovegas_se,OU25,UNDER,1.48
2026-08-19T09:23:27Z,Argentina Primera Division,2026-08-21,2026-08-21T17:30:00Z,Aldosivi Mar del Plata vs Union Santa Fe,nordicbet,OU25,UNDER,1.44
2026-08-19T09:23:27Z,Argentina Primera Division,2026-08-21,2026-08-21T17:30:00Z,Aldosivi Mar del Plata vs Union Santa Fe,unibet_se,OU25,UNDER,1.51
2026-08-19T09:23:27Z,Ireland Premier Division,2026-08-21,2026-08-21T18:45:00Z,Bohemians vs Derry City,betanysports,OU25,OVER,1.94
2026-08-19T09:23:27Z,Ireland Premier Division,2026-08-21,2026-08-21T18:45:00Z,Bohemians vs Derry City,betonlineag,OU25,OVER,2.04
2026-08-19T09:23:27Z,Ireland Premier Division,2026-08-21,2026-08-21T18:45:00Z,Bohemians vs Derry City,betsson,OU25,OVER,1.95
2026-08-19T09:23:27Z,Ireland Premier Division,2026-08-21,2026-08-21T18:45:00Z,Bohemians vs Derry City,coolbet,OU25,OVER,2.02
2026-08-19T09:23:27Z,Ireland Premier Division,2026-08-21,2026-08-21T18:45:00Z,Bohemians vs Derry City,leovegas_se,OU25,OVER,2.06
2026-08-19T09:23:27Z,Ireland Premier Division,2026-08-21,2026-08-21T18:45:00Z,Bohemians vs Derry City,nordicbet,OU25,OVER,1.95
2026-08-19T09:23:27Z,Ireland Premier Division,2026-08-21,2026-08-21T18:45:00Z,Bohemians vs Derry City,onexbet,OU25,OVER,2.0
2026-08-19T09:23:27Z,Ireland Premier Division,2026-08-21,2026-08-21T18:45:00Z,Bohemians vs Derry City,pinnacle,OU25,OVER,2.03
2026-08-19T09:23:27Z,Ireland Premier Division,2026-08-21,2026-08-21T18:45:00Z,Bohemians vs Derry City,pmu_fr,OU25,OVER,1.97
2026-08-19T09:23:27Z,Ireland Premier Division,2026-08-21,2026-08-21T18:45:00Z,Bohemians vs Derry City,tipico_de,OU25,OVER,1.93
2026-08-19T09:23:27Z,Ireland Premier Division,2026-08-21,2026-08-21T18:45:00Z,Bohemians vs Derry City,unibet_nl,OU25,OVER,2.06
2026-08-19T09:23:27Z,Ireland Premier Division,2026-08-21,2026-08-21T18:45:00Z,Bohemians vs Derry City,unibet_se,OU25,OVER,2.06
2026-08-19T09:23:27Z,Ireland Premier Division,2026-08-21,2026-08-21T18:45:00Z,Bohemians vs Derry City,williamhill,OU25,OVER,2.0
2026-08-19T09:23:27Z,Ireland Premier Division,2026-08-21,2026-08-21T18:45:00Z,Bohemians vs Derry City,betanysports,OU25,UNDER,1.81
2026-08-19T09:23:27Z,Ireland Premier Division,2026-08-21,2026-08-21T18:45:00Z,Bohemians vs Derry City,betonlineag,OU25,UNDER,1.81
2026-08-19T09:23:27Z,Ireland Premier Division,2026-08-21,2026-08-21T18:45:00Z,Bohemians vs Derry City,betsson,OU25,UNDER,1.75
2026-08-19T09:23:27Z,Ireland Premier Division,2026-08-21,2026-08-21T18:45:00Z,Bohemians vs Derry City,coolbet,OU25,UNDER,1.8
2026-08-19T09:23:27Z,Ireland Premier Division,2026-08-21,2026-08-21T18:45:00Z,Bohemians vs Derry City,leovegas_se,OU25,UNDER,1.66
2026-08-19T09:23:27Z,Ireland Premier Division,2026-08-21,2026-08-21T18:45:00Z,Bohemians vs Derry City,nordicbet,OU25,UNDER,1.75
2026-08-19T09:23:27Z,Ireland Premier Division,2026-08-21,2026-08-21T18:45:00Z,Bohemians vs Derry City,onexbet,OU25,UNDER,1.78
2026-08-19T09:23:27Z,Ireland Premier Division,2026-08-21,2026-08-21T18:45:00Z,Bohemians vs Derry City,pinnacle,OU25,UNDER,1.8
2026-08-19T09:23:27Z,Ireland Premier Division,2026-08-21,2026-08-21T18:45:00Z,Bohemians vs Derry City,pmu_fr,OU25,UNDER,1.57
2026-08-19T09:23:27Z,Ireland Premier Division,2026-08-21,2026-08-21T18:45:00Z,Bohemians vs Derry City,tipico_de,OU25,UNDER,1.75
2026-08-19T09:23:27Z,Ireland Premier Division,2026-08-21,2026-08-21T18:45:00Z,Bohemians vs Derry City,unibet_nl,OU25,UNDER,1.66
2026-08-19T09:23:27Z,Ireland Premier Division,2026-08-21,2026-08-21T18:45:00Z,Bohemians vs Derry City,unibet_se,OU25,UNDER,1.66
2026-08-19T09:23:27Z,Ireland Premier Division,2026-08-21,2026-08-21T18:45:00Z,Bohemians vs Derry City,williamhill,OU25,UNDER,1.75
2026-08-19T09:23:27Z,La Liga 2,2026-08-21,2026-08-21T19:00:00Z,Córdoba vs Girona FC,betanysports,OU25,OVER,1.87
2026-08-19T09:23:27Z,La Liga 2,2026-08-21,2026-08-21T19:00:00Z,Córdoba vs Girona FC,betonlineag,OU25,OVER,1.91
2026-08-19T09:23:27Z,La Liga 2,2026-08-21,2026-08-21T19:00:00Z,Córdoba vs Girona FC,betsson,OU25,OVER,1.85
2026-08-19T09:23:27Z,La Liga 2,2026-08-21,2026-08-21T19:00:00Z,Córdoba vs Girona FC,codere_it,OU25,OVER,1.83
2026-08-19T09:23:27Z,La Liga 2,2026-08-21,2026-08-21T19:00:00Z,Córdoba vs Girona FC,coolbet,OU25,OVER,1.96
2026-08-19T09:23:27Z,La Liga 2,2026-08-21,2026-08-21T19:00:00Z,Córdoba vs Girona FC,leovegas_se,OU25,OVER,2.04
2026-08-19T09:23:27Z,La Liga 2,2026-08-21,2026-08-21T19:00:00Z,Córdoba vs Girona FC,matchbook,OU25,OVER,1.92
2026-08-19T09:23:27Z,La Liga 2,2026-08-21,2026-08-21T19:00:00Z,Córdoba vs Girona FC,nordicbet,OU25,OVER,1.85
2026-08-19T09:23:27Z,La Liga 2,2026-08-21,2026-08-21T19:00:00Z,Córdoba vs Girona FC,onexbet,OU25,OVER,1.89
2026-08-19T09:23:27Z,La Liga 2,2026-08-21,2026-08-21T19:00:00Z,Córdoba vs Girona FC,pinnacle,OU25,OVER,1.93
2026-08-19T09:23:27Z,La Liga 2,2026-08-21,2026-08-21T19:00:00Z,Córdoba vs Girona FC,tipico_de,OU25,OVER,1.83
2026-08-19T09:23:27Z,La Liga 2,2026-08-21,2026-08-21T19:00:00Z,Córdoba vs Girona FC,unibet_nl,OU25,OVER,2.04
2026-08-19T09:23:27Z,La Liga 2,2026-08-21,2026-08-21T19:00:00Z,Córdoba vs Girona FC,unibet_se,OU25,OVER,2.04
2026-08-19T09:23:27Z,La Liga 2,2026-08-21,2026-08-21T19:00:00Z,Córdoba vs Girona FC,williamhill,OU25,OVER,1.91
2026-08-19T09:23:27Z,La Liga 2,2026-08-21,2026-08-21T19:00:00Z,Córdoba vs Girona FC,betanysports,OU25,UNDER,1.87
2026-08-19T09:23:27Z,La Liga 2,2026-08-21,2026-08-21T19:00:00Z,Córdoba vs Girona FC,betonlineag,OU25,UNDER,1.91
2026-08-19T09:23:27Z,La Liga 2,2026-08-21,2026-08-21T19:00:00Z,Córdoba vs Girona FC,betsson,OU25,UNDER,1.82
2026-08-19T09:23:27Z,La Liga 2,2026-08-21,2026-08-21T19:00:00Z,Córdoba vs Girona FC,codere_it,OU25,UNDER,1.8
2026-08-19T09:23:27Z,La Liga 2,2026-08-21,2026-08-21T19:00:00Z,Córdoba vs Girona FC,coolbet,OU25,UNDER,1.82
2026-08-19T09:23:27Z,La Liga 2,2026-08-21,2026-08-21T19:00:00Z,Córdoba vs Girona FC,leovegas_se,OU25,UNDER,1.64
2026-08-19T09:23:27Z,La Liga 2,2026-08-21,2026-08-21T19:00:00Z,Córdoba vs Girona FC,matchbook,OU25,UNDER,1.96
2026-08-19T09:23:27Z,La Liga 2,2026-08-21,2026-08-21T19:00:00Z,Córdoba vs Girona FC,nordicbet,OU25,UNDER,1.82
2026-08-19T09:23:27Z,La Liga 2,2026-08-21,2026-08-21T19:00:00Z,Córdoba vs Girona FC,onexbet,OU25,UNDER,1.96
2026-08-19T09:23:27Z,La Liga 2,2026-08-21,2026-08-21T19:00:00Z,Córdoba vs Girona FC,pinnacle,OU25,UNDER,1.91
2026-08-19T09:23:27Z,La Liga 2,2026-08-21,2026-08-21T19:00:00Z,Córdoba vs Girona FC,tipico_de,OU25,UNDER,1.85
2026-08-19T09:23:27Z,La Liga 2,2026-08-21,2026-08-21T19:00:00Z,Córdoba vs Girona FC,unibet_nl,OU25,UNDER,1.66
2026-08-19T09:23:27Z,La Liga 2,2026-08-21,2026-08-21T19:00:00Z,Córdoba vs Girona FC,unibet_se,OU25,UNDER,1.66
2026-08-19T09:23:27Z,La Liga 2,2026-08-21,2026-08-21T19:00:00Z,Córdoba vs Girona FC,williamhill,OU25,UNDER,1.83
2026-08-19T09:23:27Z,Ireland Premier Division,2026-08-21,2026-08-21T18:45:00Z,Drogheda United vs St Patricks Athletic,betanysports,OU25,OVER,1.88
2026-08-19T09:23:27Z,Ireland Premier Division,2026-08-21,2026-08-21T18:45:00Z,Drogheda United vs St Patricks Athletic,betonlineag,OU25,OVER,1.96
2026-08-19T09:23:27Z,Ireland Premier Division,2026-08-21,2026-08-21T18:45:00Z,Drogheda United vs St Patricks Athletic,betsson,OU25,OVER,1.88
2026-08-19T09:23:27Z,Ireland Premier Division,2026-08-21,2026-08-21T18:45:00Z,Drogheda United vs St Patricks Athletic,coolbet,OU25,OVER,1.92
2026-08-19T09:23:27Z,Ireland Premier Division,2026-08-21,2026-08-21T18:45:00Z,Drogheda United vs St Patricks Athletic,leovegas_se,OU25,OVER,1.89
2026-08-19T09:23:27Z,Ireland Premier Division,2026-08-21,2026-08-21T18:45:00Z,Drogheda United vs St Patricks Athletic,nordicbet,OU25,OVER,1.88
2026-08-19T09:23:27Z,Ireland Premier Division,2026-08-21,2026-08-21T18:45:00Z,Drogheda United vs St Patricks Athletic,onexbet,OU25,OVER,1.93
2026-08-19T09:23:27Z,Ireland Premier Division,2026-08-21,2026-08-21T18:45:00Z,Drogheda United vs St Patricks Athletic,pinnacle,OU25,OVER,1.97
2026-08-19T09:23:27Z,Ireland Premier Division,2026-08-21,2026-08-21T18:45:00Z,Drogheda United vs St Patricks Athletic,pmu_fr,OU25,OVER,1.82
2026-08-19T09:23:27Z,Ireland Premier Division,2026-08-21,2026-08-21T18:45:00Z,Drogheda United vs St Patricks Athletic,tipico_de,OU25,OVER,1.85
2026-08-19T09:23:27Z,Ireland Premier Division,2026-08-21,2026-08-21T18:45:00Z,Drogheda United vs St Patricks Athletic,unibet_nl,OU25,OVER,1.89
2026-08-19T09:23:27Z,Ireland Premier Division,2026-08-21,2026-08-21T18:45:00Z,Drogheda United vs St Patricks Athletic,unibet_se,OU25,OVER,1.89
2026-08-19T09:23:27Z,Ireland Premier Division,2026-08-21,2026-08-21T18:45:00Z,Drogheda United vs St Patricks Athletic,williamhill,OU25,OVER,1.85
2026-08-19T09:23:27Z,Ireland Premier Division,2026-08-21,2026-08-21T18:45:00Z,Drogheda United vs St Patricks Athletic,betanysports,OU25,UNDER,1.86
2026-08-19T09:23:27Z,Ireland Premier Division,2026-08-21,2026-08-21T18:45:00Z,Drogheda United vs St Patricks Athletic,betonlineag,OU25,UNDER,1.86
2026-08-19T09:23:27Z,Ireland Premier Division,2026-08-21,2026-08-21T18:45:00Z,Drogheda United vs St Patricks Athletic,betsson,OU25,UNDER,1.82
2026-08-19T09:23:27Z,Ireland Premier Division,2026-08-21,2026-08-21T18:45:00Z,Drogheda United vs St Patricks Athletic,coolbet,OU25,UNDER,1.89
2026-08-19T09:23:27Z,Ireland Premier Division,2026-08-21,2026-08-21T18:45:00Z,Drogheda United vs St Patricks Athletic,leovegas_se,OU25,UNDER,1.78
2026-08-19T09:23:27Z,Ireland Premier Division,2026-08-21,2026-08-21T18:45:00Z,Drogheda United vs St Patricks Athletic,nordicbet,OU25,UNDER,1.82
2026-08-19T09:23:27Z,Ireland Premier Division,2026-08-21,2026-08-21T18:45:00Z,Drogheda United vs St Patricks Athletic,onexbet,OU25,UNDER,1.84
2026-08-19T09:23:27Z,Ireland Premier Division,2026-08-21,2026-08-21T18:45:00Z,Drogheda United vs St Patricks Athletic,pinnacle,OU25,UNDER,1.85
2026-08-19T09:23:27Z,Ireland Premier Division,2026-08-21,2026-08-21T18:45:00Z,Drogheda United vs St Patricks Athletic,pmu_fr,OU25,UNDER,1.7
2026-08-19T09:23:27Z,Ireland Premier Division,2026-08-21,2026-08-21T18:45:00Z,Drogheda United vs St Patricks Athletic,tipico_de,OU25,UNDER,1.83
2026-08-19T09:23:27Z,Ireland Premier Division,2026-08-21,2026-08-21T18:45:00Z,Drogheda United vs St Patricks Athletic,unibet_nl,OU25,UNDER,1.78
2026-08-19T09:23:27Z,Ireland Premier Division,2026-08-21,2026-08-21T18:45:00Z,Drogheda United vs St Patricks Athletic,unibet_se,OU25,UNDER,1.78
2026-08-19T09:23:27Z,Ireland Premier Division,2026-08-21,2026-08-21T18:45:00Z,Drogheda United vs St Patricks Athletic,williamhill,OU25,UNDER,1.83
2026-08-19T09:23:27Z,Ireland Premier Division,2026-08-21,2026-08-21T18:45:00Z,Dundalk vs Galway United,betsson,OU25,OVER,1.58
2026-08-19T09:23:27Z,Ireland Premier Division,2026-08-21,2026-08-21T18:45:00Z,Dundalk vs Galway United,leovegas_se,OU25,OVER,1.55
2026-08-19T09:23:27Z,Ireland Premier Division,2026-08-21,2026-08-21T18:45:00Z,Dundalk vs Galway United,nordicbet,OU25,OVER,1.58
2026-08-19T09:23:27Z,Ireland Premier Division,2026-08-21,2026-08-21T18:45:00Z,Dundalk vs Galway United,onexbet,OU25,OVER,1.55
2026-08-19T09:23:27Z,Ireland Premier Division,2026-08-21,2026-08-21T18:45:00Z,Dundalk vs Galway United,pmu_fr,OU25,OVER,1.48
2026-08-19T09:23:27Z,Ireland Premier Division,2026-08-21,2026-08-21T18:45:00Z,Dundalk vs Galway United,unibet_nl,OU25,OVER,1.55
2026-08-19T09:23:27Z,Ireland Premier Division,2026-08-21,2026-08-21T18:45:00Z,Dundalk vs Galway United,unibet_se,OU25,OVER,1.55
2026-08-19T09:23:27Z,Ireland Premier Division,2026-08-21,2026-08-21T18:45:00Z,Dundalk vs Galway United,williamhill,OU25,OVER,1.57
2026-08-19T09:23:27Z,Ireland Premier Division,2026-08-21,2026-08-21T18:45:00Z,Dundalk vs Galway United,betsson,OU25,UNDER,2.22
2026-08-19T09:23:27Z,Ireland Premier Division,2026-08-21,2026-08-21T18:45:00Z,Dundalk vs Galway United,leovegas_se,OU25,UNDER,2.23
2026-08-19T09:23:27Z,Ireland Premier Division,2026-08-21,2026-08-21T18:45:00Z,Dundalk vs Galway United,nordicbet,OU25,UNDER,2.22
2026-08-19T09:23:27Z,Ireland Premier Division,2026-08-21,2026-08-21T18:45:00Z,Dundalk vs Galway United,onexbet,OU25,UNDER,2.19
2026-08-19T09:23:27Z,Ireland Premier Division,2026-08-21,2026-08-21T18:45:00Z,Dundalk vs Galway United,pmu_fr,OU25,UNDER,2.17
2026-08-19T09:23:27Z,Ireland Premier Division,2026-08-21,2026-08-21T18:45:00Z,Dundalk vs Galway United,unibet_nl,OU25,UNDER,2.23
2026-08-19T09:23:27Z,Ireland Premier Division,2026-08-21,2026-08-21T18:45:00Z,Dundalk vs Galway United,unibet_se,OU25,UNDER,2.23
2026-08-19T09:23:27Z,Ireland Premier Division,2026-08-21,2026-08-21T18:45:00Z,Dundalk vs Galway United,williamhill,OU25,UNDER,2.25
2026-08-19T09:23:27Z,Ireland Premier Division,2026-08-21,2026-08-21T18:45:00Z,Dundalk vs Galway United,tipico_de,OU35,OVER,2.25
2026-08-19T09:23:27Z,Ireland Premier Division,2026-08-21,2026-08-21T18:45:00Z,Dundalk vs Galway United,tipico_de,OU35,UNDER,1.55
2026-08-19T09:23:27Z,Argentina Primera Division,2026-08-21,2026-08-21T23:00:00Z,Estudiantes de Río Cuarto vs San Lorenzo,betanysports,OU15,OVER,1.67
2026-08-19T09:23:27Z,Argentina Primera Division,2026-08-21,2026-08-21T23:00:00Z,Estudiantes de Río Cuarto vs San Lorenzo,betonlineag,OU15,OVER,1.67
2026-08-19T09:23:27Z,Argentina Primera Division,2026-08-21,2026-08-21T23:00:00Z,Estudiantes de Río Cuarto vs San Lorenzo,codere_it,OU15,OVER,1.62
2026-08-19T09:23:27Z,Argentina Primera Division,2026-08-21,2026-08-21T23:00:00Z,Estudiantes de Río Cuarto vs San Lorenzo,leovegas_se,OU15,OVER,1.65
2026-08-19T09:23:27Z,Argentina Primera Division,2026-08-21,2026-08-21T23:00:00Z,Estudiantes de Río Cuarto vs San Lorenzo,onexbet,OU15,OVER,1.67
2026-08-19T09:23:27Z,Argentina Primera Division,2026-08-21,2026-08-21T23:00:00Z,Estudiantes de Río Cuarto vs San Lorenzo,unibet_se,OU15,OVER,1.68
2026-08-19T09:23:27Z,Argentina Primera Division,2026-08-21,2026-08-21T23:00:00Z,Estudiantes de Río Cuarto vs San Lorenzo,betanysports,OU15,UNDER,2.2
2026-08-19T09:23:27Z,Argentina Primera Division,2026-08-21,2026-08-21T23:00:00Z,Estudiantes de Río Cuarto vs San Lorenzo,betonlineag,OU15,UNDER,2.3
2026-08-19T09:23:27Z,Argentina Primera Division,2026-08-21,2026-08-21T23:00:00Z,Estudiantes de Río Cuarto vs San Lorenzo,codere_it,OU15,UNDER,2.12
2026-08-19T09:23:27Z,Argentina Primera Division,2026-08-21,2026-08-21T23:00:00Z,Estudiantes de Río Cuarto vs San Lorenzo,leovegas_se,OU15,UNDER,2.08
2026-08-19T09:23:27Z,Argentina Primera Division,2026-08-21,2026-08-21T23:00:00Z,Estudiantes de Río Cuarto vs San Lorenzo,onexbet,OU15,UNDER,2.21
2026-08-19T09:23:27Z,Argentina Primera Division,2026-08-21,2026-08-21T23:00:00Z,Estudiantes de Río Cuarto vs San Lorenzo,unibet_se,OU15,UNDER,2.12
2026-08-19T09:23:27Z,Argentina Primera Division,2026-08-21,2026-08-21T23:00:00Z,Estudiantes de Río Cuarto vs San Lorenzo,betsson,OU25,OVER,3.05
2026-08-19T09:23:27Z,Argentina Primera Division,2026-08-21,2026-08-21T23:00:00Z,Estudiantes de Río Cuarto vs San Lorenzo,nordicbet,OU25,OVER,3.05
2026-08-19T09:23:27Z,Argentina Primera Division,2026-08-21,2026-08-21T23:00:00Z,Estudiantes de Río Cuarto vs San Lorenzo,betsson,OU25,UNDER,1.37
2026-08-19T09:23:27Z,Argentina Primera Division,2026-08-21,2026-08-21T23:00:00Z,Estudiantes de Río Cuarto vs San Lorenzo,nordicbet,OU25,UNDER,1.37
2026-08-19T09:23:27Z,Japan J-League,2026-08-21,2026-08-21T10:30:00Z,FC Tokyo vs JEF United Chiba,betsson,OU25,OVER,1.85
2026-08-19T09:23:27Z,Japan J-League,2026-08-21,2026-08-21T10:30:00Z,FC Tokyo vs JEF United Chiba,coolbet,OU25,OVER,1.89
2026-08-19T09:23:27Z,Japan J-League,2026-08-21,2026-08-21T10:30:00Z,FC Tokyo vs JEF United Chiba,leovegas_se,OU25,OVER,1.75
2026-08-19T09:23:27Z,Japan J-League,2026-08-21,2026-08-21T10:30:00Z,FC Tokyo vs JEF United Chiba,nordicbet,OU25,OVER,1.85
2026-08-19T09:23:27Z,Japan J-League,2026-08-21,2026-08-21T10:30:00Z,FC Tokyo vs JEF United Chiba,onexbet,OU25,OVER,1.92
2026-08-19T09:23:27Z,Japan J-League,2026-08-21,2026-08-21T10:30:00Z,FC Tokyo vs JEF United Chiba,pinnacle,OU25,OVER,1.93
2026-08-19T09:23:27Z,Japan J-League,2026-08-21,2026-08-21T10:30:00Z,FC Tokyo vs JEF United Chiba,pmu_fr,OU25,OVER,1.68
2026-08-19T09:23:27Z,Japan J-League,2026-08-21,2026-08-21T10:30:00Z,FC Tokyo vs JEF United Chiba,tipico_de,OU25,OVER,1.8
2026-08-19T09:23:27Z,Japan J-League,2026-08-21,2026-08-21T10:30:00Z,FC Tokyo vs JEF United Chiba,unibet_nl,OU25,OVER,1.75
2026-08-19T09:23:27Z,Japan J-League,2026-08-21,2026-08-21T10:30:00Z,FC Tokyo vs JEF United Chiba,unibet_se,OU25,OVER,1.75
2026-08-19T09:23:27Z,Japan J-League,2026-08-21,2026-08-21T10:30:00Z,FC Tokyo vs JEF United Chiba,williamhill,OU25,OVER,1.85
2026-08-19T09:23:27Z,Japan J-League,2026-08-21,2026-08-21T10:30:00Z,FC Tokyo vs JEF United Chiba,betsson,OU25,UNDER,1.85
2026-08-19T09:23:27Z,Japan J-League,2026-08-21,2026-08-21T10:30:00Z,FC Tokyo vs JEF United Chiba,coolbet,OU25,UNDER,1.92
2026-08-19T09:23:27Z,Japan J-League,2026-08-21,2026-08-21T10:30:00Z,FC Tokyo vs JEF United Chiba,leovegas_se,OU25,UNDER,1.92
2026-08-19T09:23:27Z,Japan J-League,2026-08-21,2026-08-21T10:30:00Z,FC Tokyo vs JEF United Chiba,nordicbet,OU25,UNDER,1.85
2026-08-19T09:23:27Z,Japan J-League,2026-08-21,2026-08-21T10:30:00Z,FC Tokyo vs JEF United Chiba,onexbet,OU25,UNDER,1.91
2026-08-19T09:23:27Z,Japan J-League,2026-08-21,2026-08-21T10:30:00Z,FC Tokyo vs JEF United Chiba,pinnacle,OU25,UNDER,1.9
2026-08-19T09:23:27Z,Japan J-League,2026-08-21,2026-08-21T10:30:00Z,FC Tokyo vs JEF United Chiba,pmu_fr,OU25,UNDER,1.85
2026-08-19T09:23:27Z,Japan J-League,2026-08-21,2026-08-21T10:30:00Z,FC Tokyo vs JEF United Chiba,tipico_de,OU25,UNDER,1.9
2026-08-19T09:23:27Z,Japan J-League,2026-08-21,2026-08-21T10:30:00Z,FC Tokyo vs JEF United Chiba,unibet_nl,OU25,UNDER,1.92
2026-08-19T09:23:27Z,Japan J-League,2026-08-21,2026-08-21T10:30:00Z,FC Tokyo vs JEF United Chiba,unibet_se,OU25,UNDER,1.92
2026-08-19T09:23:27Z,Japan J-League,2026-08-21,2026-08-21T10:30:00Z,FC Tokyo vs JEF United Chiba,williamhill,OU25,UNDER,1.85
2026-08-19T09:23:27Z,Sweden Allsvenskan,2026-08-21,2026-08-21T17:00:00Z,IK Sirius vs BK Hacken,betsson,OU25,OVER,1.39
2026-08-19T09:23:27Z,Sweden Allsvenskan,2026-08-21,2026-08-21T17:00:00Z,IK Sirius vs BK Hacken,nordicbet,OU25,OVER,1.39
2026-08-19T09:23:27Z,Sweden Allsvenskan,2026-08-21,2026-08-21T17:00:00Z,IK Sirius vs BK Hacken,williamhill,OU25,OVER,1.36
2026-08-19T09:23:27Z,Sweden Allsvenskan,2026-08-21,2026-08-21T17:00:00Z,IK Sirius vs BK Hacken,betsson,OU25,UNDER,2.92
2026-08-19T09:23:27Z,Sweden Allsvenskan,2026-08-21,2026-08-21T17:00:00Z,IK Sirius vs BK Hacken,nordicbet,OU25,UNDER,2.92
2026-08-19T09:23:27Z,Sweden Allsvenskan,2026-08-21,2026-08-21T17:00:00Z,IK Sirius vs BK Hacken,williamhill,OU25,UNDER,2.9
2026-08-19T09:23:27Z,Sweden Allsvenskan,2026-08-21,2026-08-21T17:00:00Z,IK Sirius vs BK Hacken,coolbet,OU35,OVER,1.99
2026-08-19T09:23:27Z,Sweden Allsvenskan,2026-08-21,2026-08-21T17:00:00Z,IK Sirius vs BK Hacken,gtbets,OU35,OVER,1.92
2026-08-19T09:23:27Z,Sweden Allsvenskan,2026-08-21,2026-08-21T17:00:00Z,IK Sirius vs BK Hacken,leovegas_se,OU35,OVER,1.92
2026-08-19T09:23:27Z,Sweden Allsvenskan,2026-08-21,2026-08-21T17:00:00Z,IK Sirius vs BK Hacken,matchbook,OU35,OVER,1.88
2026-08-19T09:23:27Z,Sweden Allsvenskan,2026-08-21,2026-08-21T17:00:00Z,IK Sirius vs BK Hacken,onexbet,OU35,OVER,1.95
2026-08-19T09:23:27Z,Sweden Allsvenskan,2026-08-21,2026-08-21T17:00:00Z,IK Sirius vs BK Hacken,pinnacle,OU35,OVER,1.98
2026-08-19T09:23:27Z,Sweden Allsvenskan,2026-08-21,2026-08-21T17:00:00Z,IK Sirius vs BK Hacken,pmu_fr,OU35,OVER,1.85
2026-08-19T09:23:27Z,Sweden Allsvenskan,2026-08-21,2026-08-21T17:00:00Z,IK Sirius vs BK Hacken,tipico_de,OU35,OVER,1.9
2026-08-19T09:23:27Z,Sweden Allsvenskan,2026-08-21,2026-08-21T17:00:00Z,IK Sirius vs BK Hacken,unibet_nl,OU35,OVER,1.92
2026-08-19T09:23:27Z,Sweden Allsvenskan,2026-08-21,2026-08-21T17:00:00Z,IK Sirius vs BK Hacken,unibet_se,OU35,OVER,1.92
2026-08-19T09:23:27Z,Sweden Allsvenskan,2026-08-21,2026-08-21T17:00:00Z,IK Sirius vs BK Hacken,coolbet,OU35,UNDER,1.82
2026-08-19T09:23:27Z,Sweden Allsvenskan,2026-08-21,2026-08-21T17:00:00Z,IK Sirius vs BK Hacken,gtbets,OU35,UNDER,1.85
2026-08-19T09:23:27Z,Sweden Allsvenskan,2026-08-21,2026-08-21T17:00:00Z,IK Sirius vs BK Hacken,leovegas_se,OU35,UNDER,1.76
2026-08-19T09:23:27Z,Sweden Allsvenskan,2026-08-21,2026-08-21T17:00:00Z,IK Sirius vs BK Hacken,matchbook,OU35,UNDER,1.71
2026-08-19T09:23:27Z,Sweden Allsvenskan,2026-08-21,2026-08-21T17:00:00Z,IK Sirius vs BK Hacken,onexbet,OU35,UNDER,1.82
2026-08-19T09:23:27Z,Sweden Allsvenskan,2026-08-21,2026-08-21T17:00:00Z,IK Sirius vs BK Hacken,pinnacle,OU35,UNDER,1.83
2026-08-19T09:23:27Z,Sweden Allsvenskan,2026-08-21,2026-08-21T17:00:00Z,IK Sirius vs BK Hacken,pmu_fr,OU35,UNDER,1.68
2026-08-19T09:23:27Z,Sweden Allsvenskan,2026-08-21,2026-08-21T17:00:00Z,IK Sirius vs BK Hacken,tipico_de,OU35,UNDER,1.8
2026-08-19T09:23:27Z,Sweden Allsvenskan,2026-08-21,2026-08-21T17:00:00Z,IK Sirius vs BK Hacken,unibet_nl,OU35,UNDER,1.76
2026-08-19T09:23:27Z,Sweden Allsvenskan,2026-08-21,2026-08-21T17:00:00Z,IK Sirius vs BK Hacken,unibet_se,OU35,UNDER,1.76
2026-08-19T09:23:27Z,Japan J-League,2026-08-21,2026-08-21T10:00:00Z,Kashiwa Reysol vs V-Varen Nagasaki,betsson,OU25,OVER,1.75
2026-08-19T09:23:27Z,Japan J-League,2026-08-21,2026-08-21T10:00:00Z,Kashiwa Reysol vs V-Varen Nagasaki,coolbet,OU25,OVER,1.85
2026-08-19T09:23:27Z,Japan J-League,2026-08-21,2026-08-21T10:00:00Z,Kashiwa Reysol vs V-Varen Nagasaki,leovegas_se,OU25,OVER,1.77
2026-08-19T09:23:27Z,Japan J-League,2026-08-21,2026-08-21T10:00:00Z,Kashiwa Reysol vs V-Varen Nagasaki,nordicbet,OU25,OVER,1.75
2026-08-19T09:23:27Z,Japan J-League,2026-08-21,2026-08-21T10:00:00Z,Kashiwa Reysol vs V-Varen Nagasaki,onexbet,OU25,OVER,1.82
2026-08-19T09:23:27Z,Japan J-League,2026-08-21,2026-08-21T10:00:00Z,Kashiwa Reysol vs V-Varen Nagasaki,pinnacle,OU25,OVER,1.83
2026-08-19T09:23:27Z,Japan J-League,2026-08-21,2026-08-21T10:00:00Z,Kashiwa Reysol vs V-Varen Nagasaki,pmu_fr,OU25,OVER,1.7
2026-08-19T09:23:27Z,Japan J-League,2026-08-21,2026-08-21T10:00:00Z,Kashiwa Reysol vs V-Varen Nagasaki,tipico_de,OU25,OVER,1.75
2026-08-19T09:23:27Z,Japan J-League,2026-08-21,2026-08-21T10:00:00Z,Kashiwa Reysol vs V-Varen Nagasaki,unibet_nl,OU25,OVER,1.77
2026-08-19T09:23:27Z,Japan J-League,2026-08-21,2026-08-21T10:00:00Z,Kashiwa Reysol vs V-Varen Nagasaki,unibet_se,OU25,OVER,1.77
2026-08-19T09:23:27Z,Japan J-League,2026-08-21,2026-08-21T10:00:00Z,Kashiwa Reysol vs V-Varen Nagasaki,williamhill,OU25,OVER,1.75
2026-08-19T09:23:27Z,Japan J-League,2026-08-21,2026-08-21T10:00:00Z,Kashiwa Reysol vs V-Varen Nagasaki,betsson,OU25,UNDER,1.95
2026-08-19T09:23:27Z,Japan J-League,2026-08-21,2026-08-21T10:00:00Z,Kashiwa Reysol vs V-Varen Nagasaki,coolbet,OU25,UNDER,1.96
2026-08-19T09:23:27Z,Japan J-League,2026-08-21,2026-08-21T10:00:00Z,Kashiwa Reysol vs V-Varen Nagasaki,leovegas_se,OU25,UNDER,1.89
2026-08-19T09:23:27Z,Japan J-League,2026-08-21,2026-08-21T10:00:00Z,Kashiwa Reysol vs V-Varen Nagasaki,nordicbet,OU25,UNDER,1.95
2026-08-19T09:23:27Z,Japan J-League,2026-08-21,2026-08-21T10:00:00Z,Kashiwa Reysol vs V-Varen Nagasaki,onexbet,OU25,UNDER,2.0
2026-08-19T09:23:27Z,Japan J-League,2026-08-21,2026-08-21T10:00:00Z,Kashiwa Reysol vs V-Varen Nagasaki,pinnacle,OU25,UNDER,2.02
2026-08-19T09:23:27Z,Japan J-League,2026-08-21,2026-08-21T10:00:00Z,Kashiwa Reysol vs V-Varen Nagasaki,pmu_fr,OU25,UNDER,1.83
2026-08-19T09:23:27Z,Japan J-League,2026-08-21,2026-08-21T10:00:00Z,Kashiwa Reysol vs V-Varen Nagasaki,tipico_de,OU25,UNDER,1.93
2026-08-19T09:23:27Z,Japan J-League,2026-08-21,2026-08-21T10:00:00Z,Kashiwa Reysol vs V-Varen Nagasaki,unibet_nl,OU25,UNDER,1.89
2026-08-19T09:23:27Z,Japan J-League,2026-08-21,2026-08-21T10:00:00Z,Kashiwa Reysol vs V-Varen Nagasaki,unibet_se,OU25,UNDER,1.89
2026-08-19T09:23:27Z,Japan J-League,2026-08-21,2026-08-21T10:00:00Z,Kashiwa Reysol vs V-Varen Nagasaki,williamhill,OU25,UNDER,1.95
2026-08-19T09:23:27Z,Austrian Bundesliga,2026-08-21,2026-08-21T17:30:00Z,Ried vs Grazer AK,betsson,OU25,OVER,1.92
2026-08-19T09:23:27Z,Austrian Bundesliga,2026-08-21,2026-08-21T17:30:00Z,Ried vs Grazer AK,codere_it,OU25,OVER,1.89
2026-08-19T09:23:27Z,Austrian Bundesliga,2026-08-21,2026-08-21T17:30:00Z,Ried vs Grazer AK,coolbet,OU25,OVER,1.92
2026-08-19T09:23:27Z,Austrian Bundesliga,2026-08-21,2026-08-21T17:30:00Z,Ried vs Grazer AK,leovegas_se,OU25,OVER,1.97
2026-08-19T09:23:27Z,Austrian Bundesliga,2026-08-21,2026-08-21T17:30:00Z,Ried vs Grazer AK,nordicbet,OU25,OVER,1.92
2026-08-19T09:23:27Z,Austrian Bundesliga,2026-08-21,2026-08-21T17:30:00Z,Ried vs Grazer AK,onexbet,OU25,OVER,1.93
2026-08-19T09:23:27Z,Austrian Bundesliga,2026-08-21,2026-08-21T17:30:00Z,Ried vs Grazer AK,pinnacle,OU25,OVER,1.96
2026-08-19T09:23:27Z,Austrian Bundesliga,2026-08-21,2026-08-21T17:30:00Z,Ried vs Grazer AK,pmu_fr,OU25,OVER,1.92
2026-08-19T09:23:27Z,Austrian Bundesliga,2026-08-21,2026-08-21T17:30:00Z,Ried vs Grazer AK,tipico_de,OU25,OVER,1.93
2026-08-19T09:23:27Z,Austrian Bundesliga,2026-08-21,2026-08-21T17:30:00Z,Ried vs Grazer AK,unibet_nl,OU25,OVER,1.97
2026-08-19T09:23:27Z,Austrian Bundesliga,2026-08-21,2026-08-21T17:30:00Z,Ried vs Grazer AK,unibet_se,OU25,OVER,1.97
2026-08-19T09:23:27Z,Austrian Bundesliga,2026-08-21,2026-08-21T17:30:00Z,Ried vs Grazer AK,williamhill,OU25,OVER,1.91
2026-08-19T09:23:27Z,Austrian Bundesliga,2026-08-21,2026-08-21T17:30:00Z,Ried vs Grazer AK,betsson,OU25,UNDER,1.82
2026-08-19T09:23:27Z,Austrian Bundesliga,2026-08-21,2026-08-21T17:30:00Z,Ried vs Grazer AK,codere_it,OU25,UNDER,1.75
2026-08-19T09:23:27Z,Austrian Bundesliga,2026-08-21,2026-08-21T17:30:00Z,Ried vs Grazer AK,coolbet,OU25,UNDER,1.82
2026-08-19T09:23:27Z,Austrian Bundesliga,2026-08-21,2026-08-21T17:30:00Z,Ried vs Grazer AK,leovegas_se,OU25,UNDER,1.7
2026-08-19T09:23:27Z,Austrian Bundesliga,2026-08-21,2026-08-21T17:30:00Z,Ried vs Grazer AK,nordicbet,OU25,UNDER,1.82
2026-08-19T09:23:27Z,Austrian Bundesliga,2026-08-21,2026-08-21T17:30:00Z,Ried vs Grazer AK,onexbet,OU25,UNDER,1.84
2026-08-19T09:23:27Z,Austrian Bundesliga,2026-08-21,2026-08-21T17:30:00Z,Ried vs Grazer AK,pinnacle,OU25,UNDER,1.88
2026-08-19T09:23:27Z,Austrian Bundesliga,2026-08-21,2026-08-21T17:30:00Z,Ried vs Grazer AK,pmu_fr,OU25,UNDER,1.63
2026-08-19T09:23:27Z,Austrian Bundesliga,2026-08-21,2026-08-21T17:30:00Z,Ried vs Grazer AK,tipico_de,OU25,UNDER,1.83
2026-08-19T09:23:27Z,Austrian Bundesliga,2026-08-21,2026-08-21T17:30:00Z,Ried vs Grazer AK,unibet_nl,OU25,UNDER,1.7
2026-08-19T09:23:27Z,Austrian Bundesliga,2026-08-21,2026-08-21T17:30:00Z,Ried vs Grazer AK,unibet_se,OU25,UNDER,1.7
2026-08-19T09:23:27Z,Austrian Bundesliga,2026-08-21,2026-08-21T17:30:00Z,Ried vs Grazer AK,williamhill,OU25,UNDER,1.83
2026-08-19T09:23:27Z,Finland Veikkausliiga,2026-08-21,2026-08-21T16:00:00Z,SJK Seinäjoki vs FC Lahti,betsson,OU25,OVER,1.65
2026-08-19T09:23:27Z,Finland Veikkausliiga,2026-08-21,2026-08-21T16:00:00Z,SJK Seinäjoki vs FC Lahti,gtbets,OU25,OVER,1.68
2026-08-19T09:23:27Z,Finland Veikkausliiga,2026-08-21,2026-08-21T16:00:00Z,SJK Seinäjoki vs FC Lahti,leovegas_se,OU25,OVER,1.65
2026-08-19T09:23:27Z,Finland Veikkausliiga,2026-08-21,2026-08-21T16:00:00Z,SJK Seinäjoki vs FC Lahti,nordicbet,OU25,OVER,1.65
2026-08-19T09:23:27Z,Finland Veikkausliiga,2026-08-21,2026-08-21T16:00:00Z,SJK Seinäjoki vs FC Lahti,onexbet,OU25,OVER,1.66
2026-08-19T09:23:27Z,Finland Veikkausliiga,2026-08-21,2026-08-21T16:00:00Z,SJK Seinäjoki vs FC Lahti,pmu_fr,OU25,OVER,1.57
2026-08-19T09:23:27Z,Finland Veikkausliiga,2026-08-21,2026-08-21T16:00:00Z,SJK Seinäjoki vs FC Lahti,tipico_de,OU25,OVER,1.62
2026-08-19T09:23:27Z,Finland Veikkausliiga,2026-08-21,2026-08-21T16:00:00Z,SJK Seinäjoki vs FC Lahti,unibet_nl,OU25,OVER,1.65
2026-08-19T09:23:27Z,Finland Veikkausliiga,2026-08-21,2026-08-21T16:00:00Z,SJK Seinäjoki vs FC Lahti,unibet_se,OU25,OVER,1.65
2026-08-19T09:23:27Z,Finland Veikkausliiga,2026-08-21,2026-08-21T16:00:00Z,SJK Seinäjoki vs FC Lahti,williamhill,OU25,OVER,1.65
2026-08-19T09:23:27Z,Finland Veikkausliiga,2026-08-21,2026-08-21T16:00:00Z,SJK Seinäjoki vs FC Lahti,betsson,OU25,UNDER,2.18
2026-08-19T09:23:27Z,Finland Veikkausliiga,2026-08-21,2026-08-21T16:00:00Z,SJK Seinäjoki vs FC Lahti,gtbets,OU25,UNDER,2.15
2026-08-19T09:23:27Z,Finland Veikkausliiga,2026-08-21,2026-08-21T16:00:00Z,SJK Seinäjoki vs FC Lahti,leovegas_se,OU25,UNDER,2.06
2026-08-19T09:23:27Z,Finland Veikkausliiga,2026-08-21,2026-08-21T16:00:00Z,SJK Seinäjoki vs FC Lahti,nordicbet,OU25,UNDER,2.18
2026-08-19T09:23:27Z,Finland Veikkausliiga,2026-08-21,2026-08-21T16:00:00Z,SJK Seinäjoki vs FC Lahti,onexbet,OU25,UNDER,2.18
2026-08-19T09:23:27Z,Finland Veikkausliiga,2026-08-21,2026-08-21T16:00:00Z,SJK Seinäjoki vs FC Lahti,pmu_fr,OU25,UNDER,1.97
2026-08-19T09:23:27Z,Finland Veikkausliiga,2026-08-21,2026-08-21T16:00:00Z,SJK Seinäjoki vs FC Lahti,tipico_de,OU25,UNDER,2.15
2026-08-19T09:23:27Z,Finland Veikkausliiga,2026-08-21,2026-08-21T16:00:00Z,SJK Seinäjoki vs FC Lahti,unibet_nl,OU25,UNDER,2.06
2026-08-19T09:23:27Z,Finland Veikkausliiga,2026-08-21,2026-08-21T16:00:00Z,SJK Seinäjoki vs FC Lahti,unibet_se,OU25,UNDER,2.06
2026-08-19T09:23:27Z,Finland Veikkausliiga,2026-08-21,2026-08-21T16:00:00Z,SJK Seinäjoki vs FC Lahti,williamhill,OU25,UNDER,2.15
2026-08-19T09:23:27Z,Ireland Premier Division,2026-08-21,2026-08-21T19:00:00Z,Sligo Rovers vs Waterford FC,betanysports,OU25,OVER,1.69
2026-08-19T09:23:27Z,Ireland Premier Division,2026-08-21,2026-08-21T19:00:00Z,Sligo Rovers vs Waterford FC,betsson,OU25,OVER,1.65
2026-08-19T09:23:27Z,Ireland Premier Division,2026-08-21,2026-08-21T19:00:00Z,Sligo Rovers vs Waterford FC,leovegas_se,OU25,OVER,1.66
2026-08-19T09:23:27Z,Ireland Premier Division,2026-08-21,2026-08-21T19:00:00Z,Sligo Rovers vs Waterford FC,nordicbet,OU25,OVER,1.65
2026-08-19T09:23:27Z,Ireland Premier Division,2026-08-21,2026-08-21T19:00:00Z,Sligo Rovers vs Waterford FC,onexbet,OU25,OVER,1.71
2026-08-19T09:23:27Z,Ireland Premier Division,2026-08-21,2026-08-21T19:00:00Z,Sligo Rovers vs Waterford FC,pmu_fr,OU25,OVER,1.57
2026-08-19T09:23:27Z,Ireland Premier Division,2026-08-21,2026-08-21T19:00:00Z,Sligo Rovers vs Waterford FC,tipico_de,OU25,OVER,1.65
2026-08-19T09:23:27Z,Ireland Premier Division,2026-08-21,2026-08-21T19:00:00Z,Sligo Rovers vs Waterford FC,unibet_nl,OU25,OVER,1.66
2026-08-19T09:23:27Z,Ireland Premier Division,2026-08-21,2026-08-21T19:00:00Z,Sligo Rovers vs Waterford FC,unibet_se,OU25,OVER,1.66
2026-08-19T09:23:27Z,Ireland Premier Division,2026-08-21,2026-08-21T19:00:00Z,Sligo Rovers vs Waterford FC,betanysports,OU25,UNDER,2.15
2026-08-19T09:23:27Z,Ireland Premier Division,2026-08-21,2026-08-21T19:00:00Z,Sligo Rovers vs Waterford FC,betsson,OU25,UNDER,2.12
2026-08-19T09:23:27Z,Ireland Premier Division,2026-08-21,2026-08-21T19:00:00Z,Sligo Rovers vs Waterford FC,leovegas_se,OU25,UNDER,2.05
2026-08-19T09:23:27Z,Ireland Premier Division,2026-08-21,2026-08-21T19:00:00Z,Sligo Rovers vs Waterford FC,nordicbet,OU25,UNDER,2.12
2026-08-19T09:23:27Z,Ireland Premier Division,2026-08-21,2026-08-21T19:00:00Z,Sligo Rovers vs Waterford FC,onexbet,OU25,UNDER,2.1
2026-08-19T09:23:27Z,Ireland Premier Division,2026-08-21,2026-08-21T19:00:00Z,Sligo Rovers vs Waterford FC,pmu_fr,OU25,UNDER,1.96
2026-08-19T09:23:27Z,Ireland Premier Division,2026-08-21,2026-08-21T19:00:00Z,Sligo Rovers vs Waterford FC,tipico_de,OU25,UNDER,2.1
2026-08-19T09:23:27Z,Ireland Premier Division,2026-08-21,2026-08-21T19:00:00Z,Sligo Rovers vs Waterford FC,unibet_nl,OU25,UNDER,2.05
2026-08-19T09:23:27Z,Ireland Premier Division,2026-08-21,2026-08-21T19:00:00Z,Sligo Rovers vs Waterford FC,unibet_se,OU25,UNDER,2.05
2026-08-19T09:23:27Z,La Liga 2,2026-08-22,2026-08-22T17:00:00Z,AD Ceuta FC vs Las Palmas,betsson,OU25,OVER,1.98
2026-08-19T09:23:27Z,La Liga 2,2026-08-22,2026-08-22T17:00:00Z,AD Ceuta FC vs Las Palmas,codere_it,OU25,OVER,1.95
2026-08-19T09:23:27Z,La Liga 2,2026-08-22,2026-08-22T17:00:00Z,AD Ceuta FC vs Las Palmas,coolbet,OU25,OVER,2.07
2026-08-19T09:23:27Z,La Liga 2,2026-08-22,2026-08-22T17:00:00Z,AD Ceuta FC vs Las Palmas,leovegas_se,OU25,OVER,2.05
2026-08-19T09:23:27Z,La Liga 2,2026-08-22,2026-08-22T17:00:00Z,AD Ceuta FC vs Las Palmas,nordicbet,OU25,OVER,1.98
2026-08-19T09:23:27Z,La Liga 2,2026-08-22,2026-08-22T17:00:00Z,AD Ceuta FC vs Las Palmas,onexbet,OU25,OVER,2.03
2026-08-19T09:23:27Z,La Liga 2,2026-08-22,2026-08-22T17:00:00Z,AD Ceuta FC vs Las Palmas,pmu_fr,OU25,OVER,1.97
2026-08-19T09:23:27Z,La Liga 2,2026-08-22,2026-08-22T17:00:00Z,AD Ceuta FC vs Las Palmas,tipico_de,OU25,OVER,1.95
2026-08-19T09:23:27Z,La Liga 2,2026-08-22,2026-08-22T17:00:00Z,AD Ceuta FC vs Las Palmas,unibet_nl,OU25,OVER,2.06
2026-08-19T09:23:27Z,La Liga 2,2026-08-22,2026-08-22T17:00:00Z,AD Ceuta FC vs Las Palmas,unibet_se,OU25,OVER,2.06
2026-08-19T09:23:27Z,La Liga 2,2026-08-22,2026-08-22T17:00:00Z,AD Ceuta FC vs Las Palmas,williamhill,OU25,OVER,2.0
2026-08-19T09:23:27Z,La Liga 2,2026-08-22,2026-08-22T17:00:00Z,AD Ceuta FC vs Las Palmas,betsson,OU25,UNDER,1.72
2026-08-19T09:23:27Z,La Liga 2,2026-08-22,2026-08-22T17:00:00Z,AD Ceuta FC vs Las Palmas,codere_it,OU25,UNDER,1.71
2026-08-19T09:23:27Z,La Liga 2,2026-08-22,2026-08-22T17:00:00Z,AD Ceuta FC vs Las Palmas,coolbet,OU25,UNDER,1.73
2026-08-19T09:23:27Z,La Liga 2,2026-08-22,2026-08-22T17:00:00Z,AD Ceuta FC vs Las Palmas,leovegas_se,OU25,UNDER,1.64
2026-08-19T09:23:27Z,La Liga 2,2026-08-22,2026-08-22T17:00:00Z,AD Ceuta FC vs Las Palmas,nordicbet,OU25,UNDER,1.72
2026-08-19T09:23:27Z,La Liga 2,2026-08-22,2026-08-22T17:00:00Z,AD Ceuta FC vs Las Palmas,onexbet,OU25,UNDER,1.82
2026-08-19T09:23:27Z,La Liga 2,2026-08-22,2026-08-22T17:00:00Z,AD Ceuta FC vs Las Palmas,pmu_fr,OU25,UNDER,1.57
2026-08-19T09:23:27Z,La Liga 2,2026-08-22,2026-08-22T17:00:00Z,AD Ceuta FC vs Las Palmas,tipico_de,OU25,UNDER,1.75
2026-08-19T09:23:27Z,La Liga 2,2026-08-22,2026-08-22T17:00:00Z,AD Ceuta FC vs Las Palmas,unibet_nl,OU25,UNDER,1.66
2026-08-19T09:23:27Z,La Liga 2,2026-08-22,2026-08-22T17:00:00Z,AD Ceuta FC vs Las Palmas,unibet_se,OU25,UNDER,1.66
2026-08-19T09:23:27Z,La Liga 2,2026-08-22,2026-08-22T17:00:00Z,AD Ceuta FC vs Las Palmas,williamhill,OU25,UNDER,1.73
2026-08-19T09:23:27Z,La Liga 2,2026-08-22,2026-08-22T17:00:00Z,Albacete vs Real Sociedad B,betsson,OU25,OVER,1.82
2026-08-19T09:23:27Z,La Liga 2,2026-08-22,2026-08-22T17:00:00Z,Albacete vs Real Sociedad B,codere_it,OU25,OVER,1.79
2026-08-19T09:23:27Z,La Liga 2,2026-08-22,2026-08-22T17:00:00Z,Albacete vs Real Sociedad B,coolbet,OU25,OVER,1.85
2026-08-19T09:23:27Z,La Liga 2,2026-08-22,2026-08-22T17:00:00Z,Albacete vs Real Sociedad B,leovegas_se,OU25,OVER,1.8
2026-08-19T09:23:27Z,La Liga 2,2026-08-22,2026-08-22T17:00:00Z,Albacete vs Real Sociedad B,nordicbet,OU25,OVER,1.82
2026-08-19T09:23:27Z,La Liga 2,2026-08-22,2026-08-22T17:00:00Z,Albacete vs Real Sociedad B,onexbet,OU25,OVER,1.81
2026-08-19T09:23:27Z,La Liga 2,2026-08-22,2026-08-22T17:00:00Z,Albacete vs Real Sociedad B,pinnacle,OU25,OVER,1.88
2026-08-19T09:23:27Z,La Liga 2,2026-08-22,2026-08-22T17:00:00Z,Albacete vs Real Sociedad B,pmu_fr,OU25,OVER,1.74
2026-08-19T09:23:27Z,La Liga 2,2026-08-22,2026-08-22T17:00:00Z,Albacete vs Real Sociedad B,tipico_de,OU25,OVER,1.77
2026-08-19T09:23:27Z,La Liga 2,2026-08-22,2026-08-22T17:00:00Z,Albacete vs Real Sociedad B,unibet_se,OU25,OVER,1.82
2026-08-19T09:23:27Z,La Liga 2,2026-08-22,2026-08-22T17:00:00Z,Albacete vs Real Sociedad B,williamhill,OU25,OVER,1.83
2026-08-19T09:23:27Z,La Liga 2,2026-08-22,2026-08-22T17:00:00Z,Albacete vs Real Sociedad B,betsson,OU25,UNDER,1.88
2026-08-19T09:23:27Z,La Liga 2,2026-08-22,2026-08-22T17:00:00Z,Albacete vs Real Sociedad B,codere_it,OU25,UNDER,1.85
2026-08-19T09:23:27Z,La Liga 2,2026-08-22,2026-08-22T17:00:00Z,Albacete vs Real Sociedad B,coolbet,OU25,UNDER,1.93
2026-08-19T09:23:27Z,La Liga 2,2026-08-22,2026-08-22T17:00:00Z,Albacete vs Real Sociedad B,leovegas_se,OU25,UNDER,1.83
2026-08-19T09:23:27Z,La Liga 2,2026-08-22,2026-08-22T17:00:00Z,Albacete vs Real Sociedad B,nordicbet,OU25,UNDER,1.88
2026-08-19T09:23:27Z,La Liga 2,2026-08-22,2026-08-22T17:00:00Z,Albacete vs Real Sociedad B,onexbet,OU25,UNDER,2.04
2026-08-19T09:23:27Z,La Liga 2,2026-08-22,2026-08-22T17:00:00Z,Albacete vs Real Sociedad B,pinnacle,OU25,UNDER,1.96
2026-08-19T09:23:27Z,La Liga 2,2026-08-22,2026-08-22T17:00:00Z,Albacete vs Real Sociedad B,pmu_fr,OU25,UNDER,1.78
2026-08-19T09:23:27Z,La Liga 2,2026-08-22,2026-08-22T17:00:00Z,Albacete vs Real Sociedad B,tipico_de,OU25,UNDER,1.93
2026-08-19T09:23:27Z,La Liga 2,2026-08-22,2026-08-22T17:00:00Z,Albacete vs Real Sociedad B,unibet_se,OU25,UNDER,1.85
2026-08-19T09:23:27Z,La Liga 2,2026-08-22,2026-08-22T17:00:00Z,Albacete vs Real Sociedad B,williamhill,OU25,UNDER,1.91
2026-08-19T09:23:27Z,Argentina Primera Division,2026-08-22,2026-08-22T19:00:00Z,Atlético Tucuman vs Instituto de Córdoba,codere_it,OU15,OVER,1.51
2026-08-19T09:23:27Z,Argentina Primera Division,2026-08-22,2026-08-22T19:00:00Z,Atlético Tucuman vs Instituto de Córdoba,onexbet,OU15,OVER,1.53
2026-08-19T09:23:27Z,Argentina Primera Division,2026-08-22,2026-08-22T19:00:00Z,Atlético Tucuman vs Instituto de Córdoba,codere_it,OU15,UNDER,2.33
2026-08-19T09:23:27Z,Argentina Primera Division,2026-08-22,2026-08-22T19:00:00Z,Atlético Tucuman vs Instituto de Córdoba,onexbet,OU15,UNDER,2.5
2026-08-19T09:23:27Z,Argentina Primera Division,2026-08-22,2026-08-22T19:00:00Z,Atlético Tucuman vs Instituto de Córdoba,betsson,OU25,OVER,2.62
2026-08-19T09:23:27Z,Argentina Primera Division,2026-08-22,2026-08-22T19:00:00Z,Atlético Tucuman vs Instituto de Córdoba,leovegas_se,OU25,OVER,2.4
2026-08-19T09:23:27Z,Argentina Primera Division,2026-08-22,2026-08-22T19:00:00Z,Atlético Tucuman vs Instituto de Córdoba,nordicbet,OU25,OVER,2.62
2026-08-19T09:23:27Z,Argentina Primera Division,2026-08-22,2026-08-22T19:00:00Z,Atlético Tucuman vs Instituto de Córdoba,unibet_se,OU25,OVER,2.45
2026-08-19T09:23:27Z,Argentina Primera Division,2026-08-22,2026-08-22T19:00:00Z,Atlético Tucuman vs Instituto de Córdoba,betsson,OU25,UNDER,1.47
2026-08-19T09:23:27Z,Argentina Primera Division,2026-08-22,2026-08-22T19:00:00Z,Atlético Tucuman vs Instituto de Córdoba,leovegas_se,OU25,UNDER,1.49
2026-08-19T09:23:27Z,Argentina Primera Division,2026-08-22,2026-08-22T19:00:00Z,Atlético Tucuman vs Instituto de Córdoba,nordicbet,OU25,UNDER,1.47
2026-08-19T09:23:27Z,Argentina Primera Division,2026-08-22,2026-08-22T19:00:00Z,Atlético Tucuman vs Instituto de Córdoba,unibet_se,OU25,UNDER,1.51
2026-08-19T09:23:27Z,Serie B,2026-08-22,2026-08-22T15:00:00Z,Avellino vs Arezzo,betsson,OU25,OVER,2.18
2026-08-19T09:23:27Z,Serie B,2026-08-22,2026-08-22T15:00:00Z,Avellino vs Arezzo,codere_it,OU25,OVER,2.14
2026-08-19T09:23:27Z,Serie B,2026-08-22,2026-08-22T15:00:00Z,Avellino vs Arezzo,leovegas_se,OU25,OVER,2.06
2026-08-19T09:23:27Z,Serie B,2026-08-22,2026-08-22T15:00:00Z,Avellino vs Arezzo,nordicbet,OU25,OVER,2.18
2026-08-19T09:23:27Z,Serie B,2026-08-22,2026-08-22T15:00:00Z,Avellino vs Arezzo,pmu_fr,OU25,OVER,1.97
2026-08-19T09:23:27Z,Serie B,2026-08-22,2026-08-22T15:00:00Z,Avellino vs Arezzo,tipico_de,OU25,OVER,2.1
2026-08-19T09:23:27Z,Serie B,2026-08-22,2026-08-22T15:00:00Z,Avellino vs Arezzo,unibet_nl,OU25,OVER,2.06
2026-08-19T09:23:27Z,Serie B,2026-08-22,2026-08-22T15:00:00Z,Avellino vs Arezzo,unibet_se,OU25,OVER,2.06
2026-08-19T09:23:27Z,Serie B,2026-08-22,2026-08-22T15:00:00Z,Avellino vs Arezzo,williamhill,OU25,OVER,2.15
2026-08-19T09:23:27Z,Serie B,2026-08-22,2026-08-22T15:00:00Z,Avellino vs Arezzo,betsson,OU25,UNDER,1.62
2026-08-19T09:23:27Z,Serie B,2026-08-22,2026-08-22T15:00:00Z,Avellino vs Arezzo,codere_it,OU25,UNDER,1.61
2026-08-19T09:23:27Z,Serie B,2026-08-22,2026-08-22T15:00:00Z,Avellino vs Arezzo,leovegas_se,OU25,UNDER,1.66
2026-08-19T09:23:27Z,Serie B,2026-08-22,2026-08-22T15:00:00Z,Avellino vs Arezzo,nordicbet,OU25,UNDER,1.62
2026-08-19T09:23:27Z,Serie B,2026-08-22,2026-08-22T15:00:00Z,Avellino vs Arezzo,pmu_fr,OU25,UNDER,1.57
2026-08-19T09:23:27Z,Serie B,2026-08-22,2026-08-22T15:00:00Z,Avellino vs Arezzo,tipico_de,OU25,UNDER,1.65
2026-08-19T09:23:27Z,Serie B,2026-08-22,2026-08-22T15:00:00Z,Avellino vs Arezzo,unibet_nl,OU25,UNDER,1.66
2026-08-19T09:23:27Z,Serie B,2026-08-22,2026-08-22T15:00:00Z,Avellino vs Arezzo,unibet_se,OU25,UNDER,1.66
2026-08-19T09:23:27Z,Serie B,2026-08-22,2026-08-22T15:00:00Z,Avellino vs Arezzo,williamhill,OU25,UNDER,1.65
2026-08-19T09:23:27Z,China Super League,2026-08-22,2026-08-22T12:00:00Z,Beijing FC vs Yunnan Yukun,betsson,OU25,OVER,1.26
2026-08-19T09:23:27Z,China Super League,2026-08-22,2026-08-22T12:00:00Z,Beijing FC vs Yunnan Yukun,nordicbet,OU25,OVER,1.26
2026-08-19T09:23:27Z,China Super League,2026-08-22,2026-08-22T12:00:00Z,Beijing FC vs Yunnan Yukun,williamhill,OU25,OVER,1.25
2026-08-19T09:23:27Z,China Super League,2026-08-22,2026-08-22T12:00:00Z,Beijing FC vs Yunnan Yukun,betsson,OU25,UNDER,3.45
2026-08-19T09:23:27Z,China Super League,2026-08-22,2026-08-22T12:00:00Z,Beijing FC vs Yunnan Yukun,nordicbet,OU25,UNDER,3.45
2026-08-19T09:23:27Z,China Super League,2026-08-22,2026-08-22T12:00:00Z,Beijing FC vs Yunnan Yukun,williamhill,OU25,UNDER,3.5
2026-08-19T09:23:27Z,China Super League,2026-08-22,2026-08-22T12:00:00Z,Beijing FC vs Yunnan Yukun,codere_it,OU35,OVER,1.64
2026-08-19T09:23:27Z,China Super League,2026-08-22,2026-08-22T12:00:00Z,Beijing FC vs Yunnan Yukun,gtbets,OU35,OVER,1.67
2026-08-19T09:23:27Z,China Super League,2026-08-22,2026-08-22T12:00:00Z,Beijing FC vs Yunnan Yukun,leovegas_se,OU35,OVER,1.63
2026-08-19T09:23:27Z,China Super League,2026-08-22,2026-08-22T12:00:00Z,Beijing FC vs Yunnan Yukun,onexbet,OU35,OVER,1.76
2026-08-19T09:23:27Z,China Super League,2026-08-22,2026-08-22T12:00:00Z,Beijing FC vs Yunnan Yukun,tipico_de,OU35,OVER,1.67
2026-08-19T09:23:27Z,China Super League,2026-08-22,2026-08-22T12:00:00Z,Beijing FC vs Yunnan Yukun,unibet_nl,OU35,OVER,1.65
2026-08-19T09:23:27Z,China Super League,2026-08-22,2026-08-22T12:00:00Z,Beijing FC vs Yunnan Yukun,unibet_se,OU35,OVER,1.65
2026-08-19T09:23:27Z,China Super League,2026-08-22,2026-08-22T12:00:00Z,Beijing FC vs Yunnan Yukun,codere_it,OU35,UNDER,2.04
2026-08-19T09:23:27Z,China Super League,2026-08-22,2026-08-22T12:00:00Z,Beijing FC vs Yunnan Yukun,gtbets,OU35,UNDER,2.11
2026-08-19T09:23:27Z,China Super League,2026-08-22,2026-08-22T12:00:00Z,Beijing FC vs Yunnan Yukun,leovegas_se,OU35,UNDER,2.06
2026-08-19T09:23:27Z,China Super League,2026-08-22,2026-08-22T12:00:00Z,Beijing FC vs Yunnan Yukun,onexbet,OU35,UNDER,2.09
2026-08-19T09:23:27Z,China Super League,2026-08-22,2026-08-22T12:00:00Z,Beijing FC vs Yunnan Yukun,tipico_de,OU35,UNDER,2.05
2026-08-19T09:23:27Z,China Super League,2026-08-22,2026-08-22T12:00:00Z,Beijing FC vs Yunnan Yukun,unibet_nl,OU35,UNDER,2.06
2026-08-19T09:23:27Z,China Super League,2026-08-22,2026-08-22T12:00:00Z,Beijing FC vs Yunnan Yukun,unibet_se,OU35,UNDER,2.06
2026-08-19T09:23:27Z,Serie B,2026-08-22,2026-08-22T15:00:00Z,Benevento vs Modena,betsson,OU25,OVER,1.95
2026-08-19T09:23:27Z,Serie B,2026-08-22,2026-08-22T15:00:00Z,Benevento vs Modena,codere_it,OU25,OVER,1.94
2026-08-19T09:23:27Z,Serie B,2026-08-22,2026-08-22T15:00:00Z,Benevento vs Modena,coolbet,OU25,OVER,1.96
2026-08-19T09:23:27Z,Serie B,2026-08-22,2026-08-22T15:00:00Z,Benevento vs Modena,leovegas_se,OU25,OVER,1.97
2026-08-19T09:23:27Z,Serie B,2026-08-22,2026-08-22T15:00:00Z,Benevento vs Modena,nordicbet,OU25,OVER,1.95
2026-08-19T09:23:27Z,Serie B,2026-08-22,2026-08-22T15:00:00Z,Benevento vs Modena,onexbet,OU25,OVER,1.89
2026-08-19T09:23:27Z,Serie B,2026-08-22,2026-08-22T15:00:00Z,Benevento vs Modena,pinnacle,OU25,OVER,1.99
2026-08-19T09:23:27Z,Serie B,2026-08-22,2026-08-22T15:00:00Z,Benevento vs Modena,pmu_fr,OU25,OVER,1.88
2026-08-19T09:23:27Z,Serie B,2026-08-22,2026-08-22T15:00:00Z,Benevento vs Modena,tipico_de,OU25,OVER,1.9
2026-08-19T09:23:27Z,Serie B,2026-08-22,2026-08-22T15:00:00Z,Benevento vs Modena,unibet_nl,OU25,OVER,1.97
2026-08-19T09:23:27Z,Serie B,2026-08-22,2026-08-22T15:00:00Z,Benevento vs Modena,unibet_se,OU25,OVER,1.97
2026-08-19T09:23:27Z,Serie B,2026-08-22,2026-08-22T15:00:00Z,Benevento vs Modena,williamhill,OU25,OVER,2.0
2026-08-19T09:23:27Z,Serie B,2026-08-22,2026-08-22T15:00:00Z,Benevento vs Modena,betsson,OU25,UNDER,1.75
2026-08-19T09:23:27Z,Serie B,2026-08-22,2026-08-22T15:00:00Z,Benevento vs Modena,codere_it,OU25,UNDER,1.74
2026-08-19T09:23:27Z,Serie B,2026-08-22,2026-08-22T15:00:00Z,Benevento vs Modena,coolbet,OU25,UNDER,1.82
2026-08-19T09:23:27Z,Serie B,2026-08-22,2026-08-22T15:00:00Z,Benevento vs Modena,leovegas_se,OU25,UNDER,1.74
2026-08-19T09:23:27Z,Serie B,2026-08-22,2026-08-22T15:00:00Z,Benevento vs Modena,nordicbet,OU25,UNDER,1.75
2026-08-19T09:23:27Z,Serie B,2026-08-22,2026-08-22T15:00:00Z,Benevento vs Modena,onexbet,OU25,UNDER,1.88
2026-08-19T09:23:27Z,Serie B,2026-08-22,2026-08-22T15:00:00Z,Benevento vs Modena,pinnacle,OU25,UNDER,1.83
2026-08-19T09:23:27Z,Serie B,2026-08-22,2026-08-22T15:00:00Z,Benevento vs Modena,pmu_fr,OU25,UNDER,1.66
2026-08-19T09:23:27Z,Serie B,2026-08-22,2026-08-22T15:00:00Z,Benevento vs Modena,tipico_de,OU25,UNDER,1.8
2026-08-19T09:23:27Z,Serie B,2026-08-22,2026-08-22T15:00:00Z,Benevento vs Modena,unibet_nl,OU25,UNDER,1.74
2026-08-19T09:23:27Z,Serie B,2026-08-22,2026-08-22T15:00:00Z,Benevento vs Modena,unibet_se,OU25,UNDER,1.74
2026-08-19T09:23:27Z,Serie B,2026-08-22,2026-08-22T15:00:00Z,Benevento vs Modena,williamhill,OU25,UNDER,1.73
2026-08-19T09:23:27Z,Championship,2026-08-22,2026-08-22T11:30:00Z,Birmingham City vs Bristol City,betonlineag,OU25,OVER,1.83
2026-08-19T09:23:27Z,Championship,2026-08-22,2026-08-22T11:30:00Z,Birmingham City vs Bristol City,betsson,OU25,OVER,1.82
2026-08-19T09:23:27Z,Championship,2026-08-22,2026-08-22T11:30:00Z,Birmingham City vs Bristol City,codere_it,OU25,OVER,1.75
2026-08-19T09:23:27Z,Championship,2026-08-22,2026-08-22T11:30:00Z,Birmingham City vs Bristol City,coolbet,OU25,OVER,1.82
2026-08-19T09:23:27Z,Championship,2026-08-22,2026-08-22T11:30:00Z,Birmingham City vs Bristol City,gtbets,OU25,OVER,1.79
2026-08-19T09:23:27Z,Championship,2026-08-22,2026-08-22T11:30:00Z,Birmingham City vs Bristol City,leovegas_se,OU25,OVER,1.8
2026-08-19T09:23:27Z,Championship,2026-08-22,2026-08-22T11:30:00Z,Birmingham City vs Bristol City,matchbook,OU25,OVER,1.73
2026-08-19T09:23:27Z,Championship,2026-08-22,2026-08-22T11:30:00Z,Birmingham City vs Bristol City,nordicbet,OU25,OVER,1.82
2026-08-19T09:23:27Z,Championship,2026-08-22,2026-08-22T11:30:00Z,Birmingham City vs Bristol City,onexbet,OU25,OVER,1.81
2026-08-19T09:23:27Z,Championship,2026-08-22,2026-08-22T11:30:00Z,Birmingham City vs Bristol City,pinnacle,OU25,OVER,1.83
2026-08-19T09:23:27Z,Championship,2026-08-22,2026-08-22T11:30:00Z,Birmingham City vs Bristol City,pmu_fr,OU25,OVER,1.7
2026-08-19T09:23:27Z,Championship,2026-08-22,2026-08-22T11:30:00Z,Birmingham City vs Bristol City,tipico_de,OU25,OVER,1.75
2026-08-19T09:23:27Z,Championship,2026-08-22,2026-08-22T11:30:00Z,Birmingham City vs Bristol City,unibet_nl,OU25,OVER,1.8
2026-08-19T09:23:27Z,Championship,2026-08-22,2026-08-22T11:30:00Z,Birmingham City vs Bristol City,unibet_se,OU25,OVER,1.8
2026-08-19T09:23:27Z,Championship,2026-08-22,2026-08-22T11:30:00Z,Birmingham City vs Bristol City,williamhill,OU25,OVER,1.75
2026-08-19T09:23:27Z,Championship,2026-08-22,2026-08-22T11:30:00Z,Birmingham City vs Bristol City,betonlineag,OU25,UNDER,2.0
2026-08-19T09:23:27Z,Championship,2026-08-22,2026-08-22T11:30:00Z,Birmingham City vs Bristol City,betsson,OU25,UNDER,1.95
2026-08-19T09:23:27Z,Championship,2026-08-22,2026-08-22T11:30:00Z,Birmingham City vs Bristol City,codere_it,OU25,UNDER,1.93
2026-08-19T09:23:27Z,Championship,2026-08-22,2026-08-22T11:30:00Z,Birmingham City vs Bristol City,coolbet,OU25,UNDER,2.0
2026-08-19T09:23:27Z,Championship,2026-08-22,2026-08-22T11:30:00Z,Birmingham City vs Bristol City,gtbets,OU25,UNDER,1.99
2026-08-19T09:23:27Z,Championship,2026-08-22,2026-08-22T11:30:00Z,Birmingham City vs Bristol City,leovegas_se,OU25,UNDER,1.93
2026-08-19T09:23:27Z,Championship,2026-08-22,2026-08-22T11:30:00Z,Birmingham City vs Bristol City,matchbook,OU25,UNDER,1.89
2026-08-19T09:23:27Z,Championship,2026-08-22,2026-08-22T11:30:00Z,Birmingham City vs Bristol City,nordicbet,OU25,UNDER,1.95
2026-08-19T09:23:27Z,Championship,2026-08-22,2026-08-22T11:30:00Z,Birmingham City vs Bristol City,onexbet,OU25,UNDER,1.97
2026-08-19T09:23:27Z,Championship,2026-08-22,2026-08-22T11:30:00Z,Birmingham City vs Bristol City,pinnacle,OU25,UNDER,2.01
2026-08-19T09:23:27Z,Championship,2026-08-22,2026-08-22T11:30:00Z,Birmingham City vs Bristol City,pmu_fr,OU25,UNDER,1.83
2026-08-19T09:23:27Z,Championship,2026-08-22,2026-08-22T11:30:00Z,Birmingham City vs Bristol City,tipico_de,OU25,UNDER,1.93
2026-08-19T09:23:27Z,Championship,2026-08-22,2026-08-22T11:30:00Z,Birmingham City vs Bristol City,unibet_nl,OU25,UNDER,1.93
2026-08-19T09:23:27Z,Championship,2026-08-22,2026-08-22T11:30:00Z,Birmingham City vs Bristol City,unibet_se,OU25,UNDER,1.93
2026-08-19T09:23:27Z,Championship,2026-08-22,2026-08-22T11:30:00Z,Birmingham City vs Bristol City,williamhill,OU25,UNDER,2.0
2026-08-19T09:23:27Z,Championship,2026-08-22,2026-08-22T14:00:00Z,Blackburn Rovers vs Middlesbrough,betonlineag,OU25,OVER,2.05
2026-08-19T09:23:27Z,Championship,2026-08-22,2026-08-22T14:00:00Z,Blackburn Rovers vs Middlesbrough,betsson,OU25,OVER,1.98
2026-08-19T09:23:27Z,Championship,2026-08-22,2026-08-22T14:00:00Z,Blackburn Rovers vs Middlesbrough,codere_it,OU25,OVER,1.93
2026-08-19T09:23:27Z,Championship,2026-08-22,2026-08-22T14:00:00Z,Blackburn Rovers vs Middlesbrough,coolbet,OU25,OVER,2.01
2026-08-19T09:23:27Z,Championship,2026-08-22,2026-08-22T14:00:00Z,Blackburn Rovers vs Middlesbrough,gtbets,OU25,OVER,2.0
2026-08-19T09:23:27Z,Championship,2026-08-22,2026-08-22T14:00:00Z,Blackburn Rovers vs Middlesbrough,leovegas_se,OU25,OVER,1.89
2026-08-19T09:23:27Z,Championship,2026-08-22,2026-08-22T14:00:00Z,Blackburn Rovers vs Middlesbrough,matchbook,OU25,OVER,1.92
2026-08-19T09:23:27Z,Championship,2026-08-22,2026-08-22T14:00:00Z,Blackburn Rovers vs Middlesbrough,nordicbet,OU25,OVER,1.98
2026-08-19T09:23:27Z,Championship,2026-08-22,2026-08-22T14:00:00Z,Blackburn Rovers vs Middlesbrough,onexbet,OU25,OVER,2.0
2026-08-19T09:23:27Z,Championship,2026-08-22,2026-08-22T14:00:00Z,Blackburn Rovers vs Middlesbrough,pinnacle,OU25,OVER,2.05
2026-08-19T09:23:27Z,Championship,2026-08-22,2026-08-22T14:00:00Z,Blackburn Rovers vs Middlesbrough,pmu_fr,OU25,OVER,1.8
2026-08-19T09:23:27Z,Championship,2026-08-22,2026-08-22T14:00:00Z,Blackburn Rovers vs Middlesbrough,tipico_de,OU25,OVER,1.93
2026-08-19T09:23:27Z,Championship,2026-08-22,2026-08-22T14:00:00Z,Blackburn Rovers vs Middlesbrough,unibet_nl,OU25,OVER,1.89
2026-08-19T09:23:27Z,Championship,2026-08-22,2026-08-22T14:00:00Z,Blackburn Rovers vs Middlesbrough,unibet_se,OU25,OVER,1.89
2026-08-19T09:23:27Z,Championship,2026-08-22,2026-08-22T14:00:00Z,Blackburn Rovers vs Middlesbrough,williamhill,OU25,OVER,2.0
2026-08-19T09:23:27Z,Championship,2026-08-22,2026-08-22T14:00:00Z,Blackburn Rovers vs Middlesbrough,betonlineag,OU25,UNDER,1.8
2026-08-19T09:23:27Z,Championship,2026-08-22,2026-08-22T14:00:00Z,Blackburn Rovers vs Middlesbrough,betsson,OU25,UNDER,1.78
2026-08-19T09:23:27Z,Championship,2026-08-22,2026-08-22T14:00:00Z,Blackburn Rovers vs Middlesbrough,codere_it,OU25,UNDER,1.75
2026-08-19T09:23:27Z,Championship,2026-08-22,2026-08-22T14:00:00Z,Blackburn Rovers vs Middlesbrough,coolbet,OU25,UNDER,1.78
2026-08-19T09:23:27Z,Championship,2026-08-22,2026-08-22T14:00:00Z,Blackburn Rovers vs Middlesbrough,gtbets,OU25,UNDER,1.79
2026-08-19T09:23:27Z,Championship,2026-08-22,2026-08-22T14:00:00Z,Blackburn Rovers vs Middlesbrough,leovegas_se,OU25,UNDER,1.82
2026-08-19T09:23:27Z,Championship,2026-08-22,2026-08-22T14:00:00Z,Blackburn Rovers vs Middlesbrough,matchbook,OU25,UNDER,1.71
2026-08-19T09:23:27Z,Championship,2026-08-22,2026-08-22T14:00:00Z,Blackburn Rovers vs Middlesbrough,nordicbet,OU25,UNDER,1.78
2026-08-19T09:23:27Z,Championship,2026-08-22,2026-08-22T14:00:00Z,Blackburn Rovers vs Middlesbrough,onexbet,OU25,UNDER,1.78
2026-08-19T09:23:27Z,Championship,2026-08-22,2026-08-22T14:00:00Z,Blackburn Rovers vs Middlesbrough,pinnacle,OU25,UNDER,1.8
2026-08-19T09:23:27Z,Championship,2026-08-22,2026-08-22T14:00:00Z,Blackburn Rovers vs Middlesbrough,pmu_fr,OU25,UNDER,1.72
2026-08-19T09:23:27Z,Championship,2026-08-22,2026-08-22T14:00:00Z,Blackburn Rovers vs Middlesbrough,tipico_de,OU25,UNDER,1.75
2026-08-19T09:23:27Z,Championship,2026-08-22,2026-08-22T14:00:00Z,Blackburn Rovers vs Middlesbrough,unibet_nl,OU25,UNDER,1.82
2026-08-19T09:23:27Z,Championship,2026-08-22,2026-08-22T14:00:00Z,Blackburn Rovers vs Middlesbrough,unibet_se,OU25,UNDER,1.82
2026-08-19T09:23:27Z,Championship,2026-08-22,2026-08-22T14:00:00Z,Blackburn Rovers vs Middlesbrough,williamhill,OU25,UNDER,1.75
2026-08-19T09:23:27Z,League Two,2026-08-22,2026-08-22T11:30:00Z,Bristol Rovers vs Newport County,betsson,OU25,OVER,1.78
2026-08-19T09:23:27Z,League Two,2026-08-22,2026-08-22T11:30:00Z,Bristol Rovers vs Newport County,codere_it,OU25,OVER,1.76
2026-08-19T09:23:27Z,League Two,2026-08-22,2026-08-22T11:30:00Z,Bristol Rovers vs Newport County,coolbet,OU25,OVER,1.8
2026-08-19T09:23:27Z,League Two,2026-08-22,2026-08-22T11:30:00Z,Bristol Rovers vs Newport County,leovegas_se,OU25,OVER,1.7
2026-08-19T09:23:27Z,League Two,2026-08-22,2026-08-22T11:30:00Z,Bristol Rovers vs Newport County,nordicbet,OU25,OVER,1.78
2026-08-19T09:23:27Z,League Two,2026-08-22,2026-08-22T11:30:00Z,Bristol Rovers vs Newport County,onexbet,OU25,OVER,1.84
2026-08-19T09:23:27Z,League Two,2026-08-22,2026-08-22T11:30:00Z,Bristol Rovers vs Newport County,pinnacle,OU25,OVER,1.87
2026-08-19T09:23:27Z,League Two,2026-08-22,2026-08-22T11:30:00Z,Bristol Rovers vs Newport County,tipico_de,OU25,OVER,1.8
2026-08-19T09:23:27Z,League Two,2026-08-22,2026-08-22T11:30:00Z,Bristol Rovers vs Newport County,unibet_nl,OU25,OVER,1.72
2026-08-19T09:23:27Z,League Two,2026-08-22,2026-08-22T11:30:00Z,Bristol Rovers vs Newport County,unibet_se,OU25,OVER,1.72
2026-08-19T09:23:27Z,League Two,2026-08-22,2026-08-22T11:30:00Z,Bristol Rovers vs Newport County,williamhill,OU25,OVER,1.75
2026-08-19T09:23:27Z,League Two,2026-08-22,2026-08-22T11:30:00Z,Bristol Rovers vs Newport County,betsson,OU25,UNDER,1.98
2026-08-19T09:23:27Z,League Two,2026-08-22,2026-08-22T11:30:00Z,Bristol Rovers vs Newport County,codere_it,OU25,UNDER,1.88
2026-08-19T09:23:27Z,League Two,2026-08-22,2026-08-22T11:30:00Z,Bristol Rovers vs Newport County,coolbet,OU25,UNDER,1.94
2026-08-19T09:23:27Z,League Two,2026-08-22,2026-08-22T11:30:00Z,Bristol Rovers vs Newport County,leovegas_se,OU25,UNDER,1.95
2026-08-19T09:23:27Z,League Two,2026-08-22,2026-08-22T11:30:00Z,Bristol Rovers vs Newport County,nordicbet,OU25,UNDER,1.98
2026-08-19T09:23:27Z,League Two,2026-08-22,2026-08-22T11:30:00Z,Bristol Rovers vs Newport County,onexbet,OU25,UNDER,1.92
2026-08-19T09:23:27Z,League Two,2026-08-22,2026-08-22T11:30:00Z,Bristol Rovers vs Newport County,pinnacle,OU25,UNDER,1.92
2026-08-19T09:23:27Z,League Two,2026-08-22,2026-08-22T11:30:00Z,Bristol Rovers vs Newport County,tipico_de,OU25,UNDER,1.9
2026-08-19T09:23:27Z,League Two,2026-08-22,2026-08-22T11:30:00Z,Bristol Rovers vs Newport County,unibet_nl,OU25,UNDER,1.96
2026-08-19T09:23:27Z,League Two,2026-08-22,2026-08-22T11:30:00Z,Bristol Rovers vs Newport County,unibet_se,OU25,UNDER,1.96
2026-08-19T09:23:27Z,League Two,2026-08-22,2026-08-22T11:30:00Z,Bristol Rovers vs Newport County,williamhill,OU25,UNDER,1.95
2026-08-19T09:23:27Z,League One,2026-08-22,2026-08-22T14:00:00Z,Bromley FC vs Cambridge United,betonlineag,OU25,OVER,2.09
2026-08-19T09:23:27Z,League One,2026-08-22,2026-08-22T14:00:00Z,Bromley FC vs Cambridge United,betsson,OU25,OVER,2.02
2026-08-19T09:23:27Z,League One,2026-08-22,2026-08-22T14:00:00Z,Bromley FC vs Cambridge United,codere_it,OU25,OVER,1.97
2026-08-19T09:23:27Z,League One,2026-08-22,2026-08-22T14:00:00Z,Bromley FC vs Cambridge United,coolbet,OU25,OVER,1.99
2026-08-19T09:23:27Z,League One,2026-08-22,2026-08-22T14:00:00Z,Bromley FC vs Cambridge United,leovegas_se,OU25,OVER,2.0
2026-08-19T09:23:27Z,League One,2026-08-22,2026-08-22T14:00:00Z,Bromley FC vs Cambridge United,nordicbet,OU25,OVER,2.02
2026-08-19T09:23:27Z,League One,2026-08-22,2026-08-22T14:00:00Z,Bromley FC vs Cambridge United,onexbet,OU25,OVER,2.04
2026-08-19T09:23:27Z,League One,2026-08-22,2026-08-22T14:00:00Z,Bromley FC vs Cambridge United,tipico_de,OU25,OVER,1.97
2026-08-19T09:23:27Z,League One,2026-08-22,2026-08-22T14:00:00Z,Bromley FC vs Cambridge United,unibet_nl,OU25,OVER,2.0
2026-08-19T09:23:27Z,League One,2026-08-22,2026-08-22T14:00:00Z,Bromley FC vs Cambridge United,unibet_se,OU25,OVER,2.0
2026-08-19T09:23:27Z,League One,2026-08-22,2026-08-22T14:00:00Z,Bromley FC vs Cambridge United,williamhill,OU25,OVER,2.05
2026-08-19T09:23:27Z,League One,2026-08-22,2026-08-22T14:00:00Z,Bromley FC vs Cambridge United,betonlineag,OU25,UNDER,1.78
2026-08-19T09:23:27Z,League One,2026-08-22,2026-08-22T14:00:00Z,Bromley FC vs Cambridge United,betsson,OU25,UNDER,1.72
2026-08-19T09:23:27Z,League One,2026-08-22,2026-08-22T14:00:00Z,Bromley FC vs Cambridge United,codere_it,OU25,UNDER,1.69
2026-08-19T09:23:27Z,League One,2026-08-22,2026-08-22T14:00:00Z,Bromley FC vs Cambridge United,coolbet,OU25,UNDER,1.76
2026-08-19T09:23:27Z,League One,2026-08-22,2026-08-22T14:00:00Z,Bromley FC vs Cambridge United,leovegas_se,OU25,UNDER,1.68
2026-08-19T09:23:27Z,League One,2026-08-22,2026-08-22T14:00:00Z,Bromley FC vs Cambridge United,nordicbet,OU25,UNDER,1.72
2026-08-19T09:23:27Z,League One,2026-08-22,2026-08-22T14:00:00Z,Bromley FC vs Cambridge United,onexbet,OU25,UNDER,1.75
2026-08-19T09:23:27Z,League One,2026-08-22,2026-08-22T14:00:00Z,Bromley FC vs Cambridge United,tipico_de,OU25,UNDER,1.72
2026-08-19T09:23:27Z,League One,2026-08-22,2026-08-22T14:00:00Z,Bromley FC vs Cambridge United,unibet_nl,OU25,UNDER,1.68
2026-08-19T09:23:27Z,League One,2026-08-22,2026-08-22T14:00:00Z,Bromley FC vs Cambridge United,unibet_se,OU25,UNDER,1.68
2026-08-19T09:23:27Z,League One,2026-08-22,2026-08-22T14:00:00Z,Bromley FC vs Cambridge United,williamhill,OU25,UNDER,1.7
2026-08-19T09:23:27Z,La Liga 2,2026-08-22,2026-08-22T19:30:00Z,CD Eldense vs Cádiz CF,betsson,OU25,OVER,2.1
2026-08-19T09:23:27Z,La Liga 2,2026-08-22,2026-08-22T19:30:00Z,CD Eldense vs Cádiz CF,coolbet,OU25,OVER,2.15
2026-08-19T09:23:27Z,La Liga 2,2026-08-22,2026-08-22T19:30:00Z,CD Eldense vs Cádiz CF,leovegas_se,OU25,OVER,2.08
2026-08-19T09:23:27Z,La Liga 2,2026-08-22,2026-08-22T19:30:00Z,CD Eldense vs Cádiz CF,nordicbet,OU25,OVER,2.1
2026-08-19T09:23:27Z,La Liga 2,2026-08-22,2026-08-22T19:30:00Z,CD Eldense vs Cádiz CF,onexbet,OU25,OVER,2.09
2026-08-19T09:23:27Z,La Liga 2,2026-08-22,2026-08-22T19:30:00Z,CD Eldense vs Cádiz CF,pmu_fr,OU25,OVER,2.0
2026-08-19T09:23:27Z,La Liga 2,2026-08-22,2026-08-22T19:30:00Z,CD Eldense vs Cádiz CF,tipico_de,OU25,OVER,2.0
2026-08-19T09:23:27Z,La Liga 2,2026-08-22,2026-08-22T19:30:00Z,CD Eldense vs Cádiz CF,unibet_nl,OU25,OVER,2.08
2026-08-19T09:23:27Z,La Liga 2,2026-08-22,2026-08-22T19:30:00Z,CD Eldense vs Cádiz CF,unibet_se,OU25,OVER,2.08
2026-08-19T09:23:27Z,La Liga 2,2026-08-22,2026-08-22T19:30:00Z,CD Eldense vs Cádiz CF,williamhill,OU25,OVER,2.1
2026-08-19T09:23:27Z,La Liga 2,2026-08-22,2026-08-22T19:30:00Z,CD Eldense vs Cádiz CF,betsson,OU25,UNDER,1.65
2026-08-19T09:23:27Z,La Liga 2,2026-08-22,2026-08-22T19:30:00Z,CD Eldense vs Cádiz CF,coolbet,OU25,UNDER,1.68
2026-08-19T09:23:27Z,La Liga 2,2026-08-22,2026-08-22T19:30:00Z,CD Eldense vs Cádiz CF,leovegas_se,OU25,UNDER,1.62
2026-08-19T09:23:27Z,La Liga 2,2026-08-22,2026-08-22T19:30:00Z,CD Eldense vs Cádiz CF,nordicbet,OU25,UNDER,1.65
2026-08-19T09:23:27Z,La Liga 2,2026-08-22,2026-08-22T19:30:00Z,CD Eldense vs Cádiz CF,onexbet,OU25,UNDER,1.77
2026-08-19T09:23:27Z,La Liga 2,2026-08-22,2026-08-22T19:30:00Z,CD Eldense vs Cádiz CF,pmu_fr,OU25,UNDER,1.56
2026-08-19T09:23:27Z,La Liga 2,2026-08-22,2026-08-22T19:30:00Z,CD Eldense vs Cádiz CF,tipico_de,OU25,UNDER,1.7
2026-08-19T09:23:27Z,La Liga 2,2026-08-22,2026-08-22T19:30:00Z,CD Eldense vs Cádiz CF,unibet_nl,OU25,UNDER,1.64
2026-08-19T09:23:27Z,La Liga 2,2026-08-22,2026-08-22T19:30:00Z,CD Eldense vs Cádiz CF,unibet_se,OU25,UNDER,1.64
2026-08-19T09:23:27Z,La Liga 2,2026-08-22,2026-08-22T19:30:00Z,CD Eldense vs Cádiz CF,williamhill,OU25,UNDER,1.67
2026-08-19T09:23:27Z,USA MLS,2026-08-22,2026-08-22T23:30:00Z,CF Montreal vs LA Galaxy,betsson,OU25,OVER,1.62
2026-08-19T09:23:27Z,USA MLS,2026-08-22,2026-08-22T23:30:00Z,CF Montreal vs LA Galaxy,gtbets,OU25,OVER,1.61
2026-08-19T09:23:27Z,USA MLS,2026-08-22,2026-08-22T23:30:00Z,CF Montreal vs LA Galaxy,leovegas_se,OU25,OVER,1.54
2026-08-19T09:23:27Z,USA MLS,2026-08-22,2026-08-22T23:30:00Z,CF Montreal vs LA Galaxy,mybookieag,OU25,OVER,1.58
2026-08-19T09:23:27Z,USA MLS,2026-08-22,2026-08-22T23:30:00Z,CF Montreal vs LA Galaxy,nordicbet,OU25,OVER,1.62
2026-08-19T09:23:27Z,USA MLS,2026-08-22,2026-08-22T23:30:00Z,CF Montreal vs LA Galaxy,onexbet,OU25,OVER,1.67
2026-08-19T09:23:27Z,USA MLS,2026-08-22,2026-08-22T23:30:00Z,CF Montreal vs LA Galaxy,pmu_fr,OU25,OVER,1.43
2026-08-19T09:23:27Z,USA MLS,2026-08-22,2026-08-22T23:30:00Z,CF Montreal vs LA Galaxy,unibet_nl,OU25,OVER,1.54
2026-08-19T09:23:27Z,USA MLS,2026-08-22,2026-08-22T23:30:00Z,CF Montreal vs LA Galaxy,unibet_se,OU25,OVER,1.54
2026-08-19T09:23:27Z,USA MLS,2026-08-22,2026-08-22T23:30:00Z,CF Montreal vs LA Galaxy,williamhill,OU25,OVER,1.62
2026-08-19T09:23:27Z,USA MLS,2026-08-22,2026-08-22T23:30:00Z,CF Montreal vs LA Galaxy,betsson,OU25,UNDER,2.28
2026-08-19T09:23:27Z,USA MLS,2026-08-22,2026-08-22T23:30:00Z,CF Montreal vs LA Galaxy,gtbets,OU25,UNDER,2.27
2026-08-19T09:23:27Z,USA MLS,2026-08-22,2026-08-22T23:30:00Z,CF Montreal vs LA Galaxy,leovegas_se,OU25,UNDER,2.4
2026-08-19T09:23:27Z,USA MLS,2026-08-22,2026-08-22T23:30:00Z,CF Montreal vs LA Galaxy,mybookieag,OU25,UNDER,2.23
2026-08-19T09:23:27Z,USA MLS,2026-08-22,2026-08-22T23:30:00Z,CF Montreal vs LA Galaxy,nordicbet,OU25,UNDER,2.28
2026-08-19T09:23:27Z,USA MLS,2026-08-22,2026-08-22T23:30:00Z,CF Montreal vs LA Galaxy,onexbet,OU25,UNDER,2.31
2026-08-19T09:23:27Z,USA MLS,2026-08-22,2026-08-22T23:30:00Z,CF Montreal vs LA Galaxy,pmu_fr,OU25,UNDER,2.25
2026-08-19T09:23:27Z,USA MLS,2026-08-22,2026-08-22T23:30:00Z,CF Montreal vs LA Galaxy,unibet_nl,OU25,UNDER,2.4
2026-08-19T09:23:27Z,USA MLS,2026-08-22,2026-08-22T23:30:00Z,CF Montreal vs LA Galaxy,unibet_se,OU25,UNDER,2.4
2026-08-19T09:23:27Z,USA MLS,2026-08-22,2026-08-22T23:30:00Z,CF Montreal vs LA Galaxy,williamhill,OU25,UNDER,2.2
2026-08-19T09:23:27Z,Serie B,2026-08-22,2026-08-22T15:00:00Z,Carrarese vs Mantova,betsson,OU25,OVER,1.92
2026-08-19T09:23:27Z,Serie B,2026-08-22,2026-08-22T15:00:00Z,Carrarese vs Mantova,codere_it,OU25,OVER,1.92
2026-08-19T09:23:27Z,Serie B,2026-08-22,2026-08-22T15:00:00Z,Carrarese vs Mantova,coolbet,OU25,OVER,2.01
2026-08-19T09:23:27Z,Serie B,2026-08-22,2026-08-22T15:00:00Z,Carrarese vs Mantova,leovegas_se,OU25,OVER,1.92
2026-08-19T09:23:27Z,Serie B,2026-08-22,2026-08-22T15:00:00Z,Carrarese vs Mantova,nordicbet,OU25,OVER,1.92
2026-08-19T09:23:27Z,Serie B,2026-08-22,2026-08-22T15:00:00Z,Carrarese vs Mantova,onexbet,OU25,OVER,1.91
2026-08-19T09:23:27Z,Serie B,2026-08-22,2026-08-22T15:00:00Z,Carrarese vs Mantova,pinnacle,OU25,OVER,2.03
2026-08-19T09:23:27Z,Serie B,2026-08-22,2026-08-22T15:00:00Z,Carrarese vs Mantova,pmu_fr,OU25,OVER,1.83
2026-08-19T09:23:27Z,Serie B,2026-08-22,2026-08-22T15:00:00Z,Carrarese vs Mantova,tipico_de,OU25,OVER,1.93
2026-08-19T09:23:27Z,Serie B,2026-08-22,2026-08-22T15:00:00Z,Carrarese vs Mantova,unibet_nl,OU25,OVER,1.92
2026-08-19T09:23:27Z,Serie B,2026-08-22,2026-08-22T15:00:00Z,Carrarese vs Mantova,unibet_se,OU25,OVER,1.92
2026-08-19T09:23:27Z,Serie B,2026-08-22,2026-08-22T15:00:00Z,Carrarese vs Mantova,williamhill,OU25,OVER,1.91
2026-08-19T09:23:27Z,Serie B,2026-08-22,2026-08-22T15:00:00Z,Carrarese vs Mantova,betsson,OU25,UNDER,1.78
2026-08-19T09:23:27Z,Serie B,2026-08-22,2026-08-22T15:00:00Z,Carrarese vs Mantova,codere_it,OU25,UNDER,1.76
2026-08-19T09:23:27Z,Serie B,2026-08-22,2026-08-22T15:00:00Z,Carrarese vs Mantova,coolbet,OU25,UNDER,1.78
2026-08-19T09:23:27Z,Serie B,2026-08-22,2026-08-22T15:00:00Z,Carrarese vs Mantova,leovegas_se,OU25,UNDER,1.76
2026-08-19T09:23:27Z,Serie B,2026-08-22,2026-08-22T15:00:00Z,Carrarese vs Mantova,nordicbet,OU25,UNDER,1.78
2026-08-19T09:23:27Z,Serie B,2026-08-22,2026-08-22T15:00:00Z,Carrarese vs Mantova,onexbet,OU25,UNDER,1.86
2026-08-19T09:23:27Z,Serie B,2026-08-22,2026-08-22T15:00:00Z,Carrarese vs Mantova,pinnacle,OU25,UNDER,1.8
2026-08-19T09:23:27Z,Serie B,2026-08-22,2026-08-22T15:00:00Z,Carrarese vs Mantova,pmu_fr,OU25,UNDER,1.68
2026-08-19T09:23:27Z,Serie B,2026-08-22,2026-08-22T15:00:00Z,Carrarese vs Mantova,tipico_de,OU25,UNDER,1.75
2026-08-19T09:23:27Z,Serie B,2026-08-22,2026-08-22T15:00:00Z,Carrarese vs Mantova,unibet_nl,OU25,UNDER,1.76
2026-08-19T09:23:27Z,Serie B,2026-08-22,2026-08-22T15:00:00Z,Carrarese vs Mantova,unibet_se,OU25,UNDER,1.76
2026-08-19T09:23:27Z,Serie B,2026-08-22,2026-08-22T15:00:00Z,Carrarese vs Mantova,williamhill,OU25,UNDER,1.8
2026-08-19T09:23:27Z,Japan J-League,2026-08-22,2026-08-22T10:00:00Z,Cerezo Osaka vs Shimizu S Pulse,betsson,OU25,OVER,1.8
2026-08-19T09:23:27Z,Japan J-League,2026-08-22,2026-08-22T10:00:00Z,Cerezo Osaka vs Shimizu S Pulse,coolbet,OU25,OVER,1.82
2026-08-19T09:23:27Z,Japan J-League,2026-08-22,2026-08-22T10:00:00Z,Cerezo Osaka vs Shimizu S Pulse,nordicbet,OU25,OVER,1.8
2026-08-19T09:23:27Z,Japan J-League,2026-08-22,2026-08-22T10:00:00Z,Cerezo Osaka vs Shimizu S Pulse,onexbet,OU25,OVER,1.86
2026-08-19T09:23:27Z,Japan J-League,2026-08-22,2026-08-22T10:00:00Z,Cerezo Osaka vs Shimizu S Pulse,pinnacle,OU25,OVER,1.85
2026-08-19T09:23:27Z,Japan J-League,2026-08-22,2026-08-22T10:00:00Z,Cerezo Osaka vs Shimizu S Pulse,tipico_de,OU25,OVER,1.77
2026-08-19T09:23:27Z,Japan J-League,2026-08-22,2026-08-22T10:00:00Z,Cerezo Osaka vs Shimizu S Pulse,williamhill,OU25,OVER,1.8
2026-08-19T09:23:27Z,Japan J-League,2026-08-22,2026-08-22T10:00:00Z,Cerezo Osaka vs Shimizu S Pulse,betsson,OU25,UNDER,1.92
2026-08-19T09:23:27Z,Japan J-League,2026-08-22,2026-08-22T10:00:00Z,Cerezo Osaka vs Shimizu S Pulse,coolbet,OU25,UNDER,2.0
2026-08-19T09:23:27Z,Japan J-League,2026-08-22,2026-08-22T10:00:00Z,Cerezo Osaka vs Shimizu S Pulse,nordicbet,OU25,UNDER,1.92
2026-08-19T09:23:27Z,Japan J-League,2026-08-22,2026-08-22T10:00:00Z,Cerezo Osaka vs Shimizu S Pulse,onexbet,OU25,UNDER,1.97
2026-08-19T09:23:27Z,Japan J-League,2026-08-22,2026-08-22T10:00:00Z,Cerezo Osaka vs Shimizu S Pulse,pinnacle,OU25,UNDER,1.99
2026-08-19T09:23:27Z,Japan J-League,2026-08-22,2026-08-22T10:00:00Z,Cerezo Osaka vs Shimizu S Pulse,tipico_de,OU25,UNDER,1.93
2026-08-19T09:23:27Z,Japan J-League,2026-08-22,2026-08-22T10:00:00Z,Cerezo Osaka vs Shimizu S Pulse,williamhill,OU25,UNDER,1.91
2026-08-19T09:23:27Z,USA MLS,2026-08-22,2026-08-22T23:30:00Z,Charlotte FC vs D.C. United,betsson,OU25,OVER,1.62
2026-08-19T09:23:27Z,USA MLS,2026-08-22,2026-08-22T23:30:00Z,Charlotte FC vs D.C. United,gtbets,OU25,OVER,1.65
2026-08-19T09:23:27Z,USA MLS,2026-08-22,2026-08-22T23:30:00Z,Charlotte FC vs D.C. United,leovegas_se,OU25,OVER,1.65
2026-08-19T09:23:27Z,USA MLS,2026-08-22,2026-08-22T23:30:00Z,Charlotte FC vs D.C. United,mybookieag,OU25,OVER,1.62
2026-08-19T09:23:27Z,USA MLS,2026-08-22,2026-08-22T23:30:00Z,Charlotte FC vs D.C. United,nordicbet,OU25,OVER,1.62
2026-08-19T09:23:27Z,USA MLS,2026-08-22,2026-08-22T23:30:00Z,Charlotte FC vs D.C. United,onexbet,OU25,OVER,1.71
2026-08-19T09:23:27Z,USA MLS,2026-08-22,2026-08-22T23:30:00Z,Charlotte FC vs D.C. United,pmu_fr,OU25,OVER,1.55
2026-08-19T09:23:27Z,USA MLS,2026-08-22,2026-08-22T23:30:00Z,Charlotte FC vs D.C. United,unibet_nl,OU25,OVER,1.65
2026-08-19T09:23:27Z,USA MLS,2026-08-22,2026-08-22T23:30:00Z,Charlotte FC vs D.C. United,unibet_se,OU25,OVER,1.65
2026-08-19T09:23:27Z,USA MLS,2026-08-22,2026-08-22T23:30:00Z,Charlotte FC vs D.C. United,williamhill,OU25,OVER,1.62
2026-08-19T09:23:27Z,USA MLS,2026-08-22,2026-08-22T23:30:00Z,Charlotte FC vs D.C. United,betsson,OU25,UNDER,2.22
2026-08-19T09:23:27Z,USA MLS,2026-08-22,2026-08-22T23:30:00Z,Charlotte FC vs D.C. United,gtbets,OU25,UNDER,2.21
2026-08-19T09:23:27Z,USA MLS,2026-08-22,2026-08-22T23:30:00Z,Charlotte FC vs D.C. United,leovegas_se,OU25,UNDER,2.18
2026-08-19T09:23:27Z,USA MLS,2026-08-22,2026-08-22T23:30:00Z,Charlotte FC vs D.C. United,mybookieag,OU25,UNDER,2.15
2026-08-19T09:23:27Z,USA MLS,2026-08-22,2026-08-22T23:30:00Z,Charlotte FC vs D.C. United,nordicbet,OU25,UNDER,2.22
2026-08-19T09:23:27Z,USA MLS,2026-08-22,2026-08-22T23:30:00Z,Charlotte FC vs D.C. United,onexbet,OU25,UNDER,2.25
2026-08-19T09:23:27Z,USA MLS,2026-08-22,2026-08-22T23:30:00Z,Charlotte FC vs D.C. United,pmu_fr,OU25,UNDER,2.04
2026-08-19T09:23:27Z,USA MLS,2026-08-22,2026-08-22T23:30:00Z,Charlotte FC vs D.C. United,unibet_nl,OU25,UNDER,2.18
2026-08-19T09:23:27Z,USA MLS,2026-08-22,2026-08-22T23:30:00Z,Charlotte FC vs D.C. United,unibet_se,OU25,UNDER,2.18
2026-08-19T09:23:27Z,USA MLS,2026-08-22,2026-08-22T23:30:00Z,Charlotte FC vs D.C. United,williamhill,OU25,UNDER,2.15
2026-08-19T09:23:27Z,China Super League,2026-08-22,2026-08-22T11:35:00Z,Chengdu Rongcheng FC vs Shanghai Shenhua FC,betsson,OU25,OVER,1.38
2026-08-19T09:23:27Z,China Super League,2026-08-22,2026-08-22T11:35:00Z,Chengdu Rongcheng FC vs Shanghai Shenhua FC,nordicbet,OU25,OVER,1.38
2026-08-19T09:23:27Z,China Super League,2026-08-22,2026-08-22T11:35:00Z,Chengdu Rongcheng FC vs Shanghai Shenhua FC,williamhill,OU25,OVER,1.4
2026-08-19T09:23:27Z,China Super League,2026-08-22,2026-08-22T11:35:00Z,Chengdu Rongcheng FC vs Shanghai Shenhua FC,betsson,OU25,UNDER,2.82
2026-08-19T09:23:27Z,China Super League,2026-08-22,2026-08-22T11:35:00Z,Chengdu Rongcheng FC vs Shanghai Shenhua FC,nordicbet,OU25,UNDER,2.82
2026-08-19T09:23:27Z,China Super League,2026-08-22,2026-08-22T11:35:00Z,Chengdu Rongcheng FC vs Shanghai Shenhua FC,williamhill,OU25,UNDER,2.8
2026-08-19T09:23:27Z,China Super League,2026-08-22,2026-08-22T11:35:00Z,Chengdu Rongcheng FC vs Shanghai Shenhua FC,betonlineag,OU35,OVER,2.06
2026-08-19T09:23:27Z,China Super League,2026-08-22,2026-08-22T11:35:00Z,Chengdu Rongcheng FC vs Shanghai Shenhua FC,codere_it,OU35,OVER,1.9
2026-08-19T09:23:27Z,China Super League,2026-08-22,2026-08-22T11:35:00Z,Chengdu Rongcheng FC vs Shanghai Shenhua FC,coolbet,OU35,OVER,1.98
2026-08-19T09:23:27Z,China Super League,2026-08-22,2026-08-22T11:35:00Z,Chengdu Rongcheng FC vs Shanghai Shenhua FC,gtbets,OU35,OVER,1.95
2026-08-19T09:23:27Z,China Super League,2026-08-22,2026-08-22T11:35:00Z,Chengdu Rongcheng FC vs Shanghai Shenhua FC,leovegas_se,OU35,OVER,1.88
2026-08-19T09:23:27Z,China Super League,2026-08-22,2026-08-22T11:35:00Z,Chengdu Rongcheng FC vs Shanghai Shenhua FC,onexbet,OU35,OVER,2.03
2026-08-19T09:23:27Z,China Super League,2026-08-22,2026-08-22T11:35:00Z,Chengdu Rongcheng FC vs Shanghai Shenhua FC,tipico_de,OU35,OVER,1.93
2026-08-19T09:23:27Z,China Super League,2026-08-22,2026-08-22T11:35:00Z,Chengdu Rongcheng FC vs Shanghai Shenhua FC,unibet_nl,OU35,OVER,1.89
2026-08-19T09:23:27Z,China Super League,2026-08-22,2026-08-22T11:35:00Z,Chengdu Rongcheng FC vs Shanghai Shenhua FC,unibet_se,OU35,OVER,1.89
2026-08-19T09:23:27Z,China Super League,2026-08-22,2026-08-22T11:35:00Z,Chengdu Rongcheng FC vs Shanghai Shenhua FC,betonlineag,OU35,UNDER,1.79
2026-08-19T09:23:27Z,China Super League,2026-08-22,2026-08-22T11:35:00Z,Chengdu Rongcheng FC vs Shanghai Shenhua FC,codere_it,OU35,UNDER,1.74
2026-08-19T09:23:27Z,China Super League,2026-08-22,2026-08-22T11:35:00Z,Chengdu Rongcheng FC vs Shanghai Shenhua FC,coolbet,OU35,UNDER,1.8
2026-08-19T09:23:27Z,China Super League,2026-08-22,2026-08-22T11:35:00Z,Chengdu Rongcheng FC vs Shanghai Shenhua FC,gtbets,OU35,UNDER,1.83
2026-08-19T09:23:27Z,China Super League,2026-08-22,2026-08-22T11:35:00Z,Chengdu Rongcheng FC vs Shanghai Shenhua FC,leovegas_se,OU35,UNDER,1.76
2026-08-19T09:23:27Z,China Super League,2026-08-22,2026-08-22T11:35:00Z,Chengdu Rongcheng FC vs Shanghai Shenhua FC,onexbet,OU35,UNDER,1.8
2026-08-19T09:23:27Z,China Super League,2026-08-22,2026-08-22T11:35:00Z,Chengdu Rongcheng FC vs Shanghai Shenhua FC,tipico_de,OU35,UNDER,1.75
2026-08-19T09:23:27Z,China Super League,2026-08-22,2026-08-22T11:35:00Z,Chengdu Rongcheng FC vs Shanghai Shenhua FC,unibet_nl,OU35,UNDER,1.77
2026-08-19T09:23:27Z,China Super League,2026-08-22,2026-08-22T11:35:00Z,Chengdu Rongcheng FC vs Shanghai Shenhua FC,unibet_se,OU35,UNDER,1.77
2026-08-19T09:23:27Z,League Two,2026-08-22,2026-08-22T14:00:00Z,Colchester United vs Oldham Athletic,betsson,OU25,OVER,1.88
2026-08-19T09:23:27Z,League Two,2026-08-22,2026-08-22T14:00:00Z,Colchester United vs Oldham Athletic,codere_it,OU25,OVER,1.84
2026-08-19T09:23:27Z,League Two,2026-08-22,2026-08-22T14:00:00Z,Colchester United vs Oldham Athletic,coolbet,OU25,OVER,1.89
2026-08-19T09:23:27Z,League Two,2026-08-22,2026-08-22T14:00:00Z,Colchester United vs Oldham Athletic,leovegas_se,OU25,OVER,1.83
2026-08-19T09:23:27Z,League Two,2026-08-22,2026-08-22T14:00:00Z,Colchester United vs Oldham Athletic,nordicbet,OU25,OVER,1.88
2026-08-19T09:23:27Z,League Two,2026-08-22,2026-08-22T14:00:00Z,Colchester United vs Oldham Athletic,onexbet,OU25,OVER,1.88
2026-08-19T09:23:27Z,League Two,2026-08-22,2026-08-22T14:00:00Z,Colchester United vs Oldham Athletic,pinnacle,OU25,OVER,1.88
2026-08-19T09:23:27Z,League Two,2026-08-22,2026-08-22T14:00:00Z,Colchester United vs Oldham Athletic,tipico_de,OU25,OVER,1.83
2026-08-19T09:23:27Z,League Two,2026-08-22,2026-08-22T14:00:00Z,Colchester United vs Oldham Athletic,unibet_nl,OU25,OVER,1.85
2026-08-19T09:23:27Z,League Two,2026-08-22,2026-08-22T14:00:00Z,Colchester United vs Oldham Athletic,unibet_se,OU25,OVER,1.85
2026-08-19T09:23:27Z,League Two,2026-08-22,2026-08-22T14:00:00Z,Colchester United vs Oldham Athletic,williamhill,OU25,OVER,1.91
2026-08-19T09:23:27Z,League Two,2026-08-22,2026-08-22T14:00:00Z,Colchester United vs Oldham Athletic,betsson,OU25,UNDER,1.85
2026-08-19T09:23:27Z,League Two,2026-08-22,2026-08-22T14:00:00Z,Colchester United vs Oldham Athletic,codere_it,OU25,UNDER,1.79
2026-08-19T09:23:27Z,League Two,2026-08-22,2026-08-22T14:00:00Z,Colchester United vs Oldham Athletic,coolbet,OU25,UNDER,1.85
2026-08-19T09:23:27Z,League Two,2026-08-22,2026-08-22T14:00:00Z,Colchester United vs Oldham Athletic,leovegas_se,OU25,UNDER,1.8
2026-08-19T09:23:27Z,League Two,2026-08-22,2026-08-22T14:00:00Z,Colchester United vs Oldham Athletic,nordicbet,OU25,UNDER,1.85
2026-08-19T09:23:27Z,League Two,2026-08-22,2026-08-22T14:00:00Z,Colchester United vs Oldham Athletic,onexbet,OU25,UNDER,1.87
2026-08-19T09:23:27Z,League Two,2026-08-22,2026-08-22T14:00:00Z,Colchester United vs Oldham Athletic,pinnacle,OU25,UNDER,1.91
2026-08-19T09:23:27Z,League Two,2026-08-22,2026-08-22T14:00:00Z,Colchester United vs Oldham Athletic,tipico_de,OU25,UNDER,1.85
2026-08-19T09:23:27Z,League Two,2026-08-22,2026-08-22T14:00:00Z,Colchester United vs Oldham Athletic,unibet_nl,OU25,UNDER,1.82
2026-08-19T09:23:27Z,League Two,2026-08-22,2026-08-22T14:00:00Z,Colchester United vs Oldham Athletic,unibet_se,OU25,UNDER,1.82
2026-08-19T09:23:27Z,League Two,2026-08-22,2026-08-22T14:00:00Z,Colchester United vs Oldham Athletic,williamhill,OU25,UNDER,1.8
2026-08-19T09:23:27Z,League Two,2026-08-22,2026-08-22T14:00:00Z,Crewe Alexandra vs Northampton Town,betsson,OU25,OVER,1.92
2026-08-19T09:23:27Z,League Two,2026-08-22,2026-08-22T14:00:00Z,Crewe Alexandra vs Northampton Town,codere_it,OU25,OVER,1.92
2026-08-19T09:23:27Z,League Two,2026-08-22,2026-08-22T14:00:00Z,Crewe Alexandra vs Northampton Town,coolbet,OU25,OVER,1.97
2026-08-19T09:23:27Z,League Two,2026-08-22,2026-08-22T14:00:00Z,Crewe Alexandra vs Northampton Town,leovegas_se,OU25,OVER,1.88
2026-08-19T09:23:27Z,League Two,2026-08-22,2026-08-22T14:00:00Z,Crewe Alexandra vs Northampton Town,nordicbet,OU25,OVER,1.92
2026-08-19T09:23:27Z,League Two,2026-08-22,2026-08-22T14:00:00Z,Crewe Alexandra vs Northampton Town,onexbet,OU25,OVER,1.96
2026-08-19T09:23:27Z,League Two,2026-08-22,2026-08-22T14:00:00Z,Crewe Alexandra vs Northampton Town,pinnacle,OU25,OVER,1.98
2026-08-19T09:23:27Z,League Two,2026-08-22,2026-08-22T14:00:00Z,Crewe Alexandra vs Northampton Town,tipico_de,OU25,OVER,1.93
2026-08-19T09:23:27Z,League Two,2026-08-22,2026-08-22T14:00:00Z,Crewe Alexandra vs Northampton Town,unibet_nl,OU25,OVER,1.89
2026-08-19T09:23:27Z,League Two,2026-08-22,2026-08-22T14:00:00Z,Crewe Alexandra vs Northampton Town,unibet_se,OU25,OVER,1.89
2026-08-19T09:23:27Z,League Two,2026-08-22,2026-08-22T14:00:00Z,Crewe Alexandra vs Northampton Town,williamhill,OU25,OVER,1.95
2026-08-19T09:23:27Z,League Two,2026-08-22,2026-08-22T14:00:00Z,Crewe Alexandra vs Northampton Town,betsson,OU25,UNDER,1.82
2026-08-19T09:23:27Z,League Two,2026-08-22,2026-08-22T14:00:00Z,Crewe Alexandra vs Northampton Town,codere_it,OU25,UNDER,1.72
2026-08-19T09:23:27Z,League Two,2026-08-22,2026-08-22T14:00:00Z,Crewe Alexandra vs Northampton Town,coolbet,OU25,UNDER,1.78
2026-08-19T09:23:27Z,League Two,2026-08-22,2026-08-22T14:00:00Z,Crewe Alexandra vs Northampton Town,leovegas_se,OU25,UNDER,1.75
2026-08-19T09:23:27Z,League Two,2026-08-22,2026-08-22T14:00:00Z,Crewe Alexandra vs Northampton Town,nordicbet,OU25,UNDER,1.82
2026-08-19T09:23:27Z,League Two,2026-08-22,2026-08-22T14:00:00Z,Crewe Alexandra vs Northampton Town,onexbet,OU25,UNDER,1.8
2026-08-19T09:23:27Z,League Two,2026-08-22,2026-08-22T14:00:00Z,Crewe Alexandra vs Northampton Town,pinnacle,OU25,UNDER,1.81
2026-08-19T09:23:27Z,League Two,2026-08-22,2026-08-22T14:00:00Z,Crewe Alexandra vs Northampton Town,tipico_de,OU25,UNDER,1.75
2026-08-19T09:23:27Z,League Two,2026-08-22,2026-08-22T14:00:00Z,Crewe Alexandra vs Northampton Town,unibet_nl,OU25,UNDER,1.77
2026-08-19T09:23:27Z,League Two,2026-08-22,2026-08-22T14:00:00Z,Crewe Alexandra vs Northampton Town,unibet_se,OU25,UNDER,1.77
2026-08-19T09:23:27Z,League Two,2026-08-22,2026-08-22T14:00:00Z,Crewe Alexandra vs Northampton Town,williamhill,OU25,UNDER,1.8
2026-08-19T09:23:27Z,Brazil Serie A,2026-08-22,2026-08-22T23:30:00Z,Cruzeiro vs Flamengo,betanysports,OU25,OVER,1.91
2026-08-19T09:23:27Z,Brazil Serie A,2026-08-22,2026-08-22T23:30:00Z,Cruzeiro vs Flamengo,betonlineag,OU25,OVER,2.0
2026-08-19T09:23:27Z,Brazil Serie A,2026-08-22,2026-08-22T23:30:00Z,Cruzeiro vs Flamengo,betsson,OU25,OVER,1.92
2026-08-19T09:23:27Z,Brazil Serie A,2026-08-22,2026-08-22T23:30:00Z,Cruzeiro vs Flamengo,codere_it,OU25,OVER,1.96
2026-08-19T09:23:27Z,Brazil Serie A,2026-08-22,2026-08-22T23:30:00Z,Cruzeiro vs Flamengo,coolbet,OU25,OVER,2.01
2026-08-19T09:23:27Z,Brazil Serie A,2026-08-22,2026-08-22T23:30:00Z,Cruzeiro vs Flamengo,gtbets,OU25,OVER,2.04
2026-08-19T09:23:27Z,Brazil Serie A,2026-08-22,2026-08-22T23:30:00Z,Cruzeiro vs Flamengo,leovegas_se,OU25,OVER,1.97
2026-08-19T09:23:27Z,Brazil Serie A,2026-08-22,2026-08-22T23:30:00Z,Cruzeiro vs Flamengo,matchbook,OU25,OVER,1.84
2026-08-19T09:23:27Z,Brazil Serie A,2026-08-22,2026-08-22T23:30:00Z,Cruzeiro vs Flamengo,mybookieag,OU25,OVER,1.98
2026-08-19T09:23:27Z,Brazil Serie A,2026-08-22,2026-08-22T23:30:00Z,Cruzeiro vs Flamengo,nordicbet,OU25,OVER,1.92
2026-08-19T09:23:27Z,Brazil Serie A,2026-08-22,2026-08-22T23:30:00Z,Cruzeiro vs Flamengo,onexbet,OU25,OVER,2.02
2026-08-19T09:23:27Z,Brazil Serie A,2026-08-22,2026-08-22T23:30:00Z,Cruzeiro vs Flamengo,pinnacle,OU25,OVER,2.01
2026-08-19T09:23:27Z,Brazil Serie A,2026-08-22,2026-08-22T23:30:00Z,Cruzeiro vs Flamengo,pmu_fr,OU25,OVER,1.88
2026-08-19T09:23:27Z,Brazil Serie A,2026-08-22,2026-08-22T23:30:00Z,Cruzeiro vs Flamengo,tipico_de,OU25,OVER,1.93
2026-08-19T09:23:27Z,Brazil Serie A,2026-08-22,2026-08-22T23:30:00Z,Cruzeiro vs Flamengo,unibet_nl,OU25,OVER,2.02
2026-08-19T09:23:27Z,Brazil Serie A,2026-08-22,2026-08-22T23:30:00Z,Cruzeiro vs Flamengo,unibet_se,OU25,OVER,2.02
2026-08-19T09:23:27Z,Brazil Serie A,2026-08-22,2026-08-22T23:30:00Z,Cruzeiro vs Flamengo,williamhill,OU25,OVER,2.05
2026-08-19T09:23:27Z,Brazil Serie A,2026-08-22,2026-08-22T23:30:00Z,Cruzeiro vs Flamengo,betanysports,OU25,UNDER,1.83
2026-08-19T09:23:27Z,Brazil Serie A,2026-08-22,2026-08-22T23:30:00Z,Cruzeiro vs Flamengo,betonlineag,OU25,UNDER,1.83
2026-08-19T09:23:27Z,Brazil Serie A,2026-08-22,2026-08-22T23:30:00Z,Cruzeiro vs Flamengo,betsson,OU25,UNDER,1.82
2026-08-19T09:23:27Z,Brazil Serie A,2026-08-22,2026-08-22T23:30:00Z,Cruzeiro vs Flamengo,codere_it,OU25,UNDER,1.73
2026-08-19T09:23:27Z,Brazil Serie A,2026-08-22,2026-08-22T23:30:00Z,Cruzeiro vs Flamengo,coolbet,OU25,UNDER,1.78
2026-08-19T09:23:27Z,Brazil Serie A,2026-08-22,2026-08-22T23:30:00Z,Cruzeiro vs Flamengo,gtbets,OU25,UNDER,1.75
2026-08-19T09:23:27Z,Brazil Serie A,2026-08-22,2026-08-22T23:30:00Z,Cruzeiro vs Flamengo,leovegas_se,OU25,UNDER,1.72
2026-08-19T09:23:27Z,Brazil Serie A,2026-08-22,2026-08-22T23:30:00Z,Cruzeiro vs Flamengo,matchbook,OU25,UNDER,1.79
2026-08-19T09:23:27Z,Brazil Serie A,2026-08-22,2026-08-22T23:30:00Z,Cruzeiro vs Flamengo,mybookieag,OU25,UNDER,1.74
2026-08-19T09:23:27Z,Brazil Serie A,2026-08-22,2026-08-22T23:30:00Z,Cruzeiro vs Flamengo,nordicbet,OU25,UNDER,1.82
2026-08-19T09:23:27Z,Brazil Serie A,2026-08-22,2026-08-22T23:30:00Z,Cruzeiro vs Flamengo,onexbet,OU25,UNDER,1.83
2026-08-19T09:23:27Z,Brazil Serie A,2026-08-22,2026-08-22T23:30:00Z,Cruzeiro vs Flamengo,pinnacle,OU25,UNDER,1.83
2026-08-19T09:23:27Z,Brazil Serie A,2026-08-22,2026-08-22T23:30:00Z,Cruzeiro vs Flamengo,pmu_fr,OU25,UNDER,1.64
2026-08-19T09:23:27Z,Brazil Serie A,2026-08-22,2026-08-22T23:30:00Z,Cruzeiro vs Flamengo,tipico_de,OU25,UNDER,1.75
2026-08-19T09:23:27Z,Brazil Serie A,2026-08-22,2026-08-22T23:30:00Z,Cruzeiro vs Flamengo,unibet_nl,OU25,UNDER,1.75
2026-08-19T09:23:27Z,Brazil Serie A,2026-08-22,2026-08-22T23:30:00Z,Cruzeiro vs Flamengo,unibet_se,OU25,UNDER,1.75
2026-08-19T09:23:27Z,Brazil Serie A,2026-08-22,2026-08-22T23:30:00Z,Cruzeiro vs Flamengo,williamhill,OU25,UNDER,1.73
2026-08-19T09:23:27Z,Championship,2026-08-22,2026-08-22T14:00:00Z,Derby County vs Cardiff City,betonlineag,OU25,OVER,2.0
2026-08-19T09:23:27Z,Championship,2026-08-22,2026-08-22T14:00:00Z,Derby County vs Cardiff City,betsson,OU25,OVER,1.95
2026-08-19T09:23:27Z,Championship,2026-08-22,2026-08-22T14:00:00Z,Derby County vs Cardiff City,codere_it,OU25,OVER,1.93
2026-08-19T09:23:27Z,Championship,2026-08-22,2026-08-22T14:00:00Z,Derby County vs Cardiff City,coolbet,OU25,OVER,1.96
2026-08-19T09:23:27Z,Championship,2026-08-22,2026-08-22T14:00:00Z,Derby County vs Cardiff City,gtbets,OU25,OVER,1.99
2026-08-19T09:23:27Z,Championship,2026-08-22,2026-08-22T14:00:00Z,Derby County vs Cardiff City,leovegas_se,OU25,OVER,1.97
2026-08-19T09:23:27Z,Championship,2026-08-22,2026-08-22T14:00:00Z,Derby County vs Cardiff City,matchbook,OU25,OVER,1.87
2026-08-19T09:23:27Z,Championship,2026-08-22,2026-08-22T14:00:00Z,Derby County vs Cardiff City,nordicbet,OU25,OVER,1.95
2026-08-19T09:23:27Z,Championship,2026-08-22,2026-08-22T14:00:00Z,Derby County vs Cardiff City,onexbet,OU25,OVER,1.97
2026-08-19T09:23:27Z,Championship,2026-08-22,2026-08-22T14:00:00Z,Derby County vs Cardiff City,pinnacle,OU25,OVER,2.0
2026-08-19T09:23:27Z,Championship,2026-08-22,2026-08-22T14:00:00Z,Derby County vs Cardiff City,pmu_fr,OU25,OVER,1.88
2026-08-19T09:23:27Z,Championship,2026-08-22,2026-08-22T14:00:00Z,Derby County vs Cardiff City,tipico_de,OU25,OVER,1.9
2026-08-19T09:23:27Z,Championship,2026-08-22,2026-08-22T14:00:00Z,Derby County vs Cardiff City,unibet_nl,OU25,OVER,1.97
2026-08-19T09:23:27Z,Championship,2026-08-22,2026-08-22T14:00:00Z,Derby County vs Cardiff City,unibet_se,OU25,OVER,1.97
2026-08-19T09:23:27Z,Championship,2026-08-22,2026-08-22T14:00:00Z,Derby County vs Cardiff City,williamhill,OU25,OVER,1.91
2026-08-19T09:23:27Z,Championship,2026-08-22,2026-08-22T14:00:00Z,Derby County vs Cardiff City,betonlineag,OU25,UNDER,1.83
2026-08-19T09:23:27Z,Championship,2026-08-22,2026-08-22T14:00:00Z,Derby County vs Cardiff City,betsson,OU25,UNDER,1.82
2026-08-19T09:23:27Z,Championship,2026-08-22,2026-08-22T14:00:00Z,Derby County vs Cardiff City,codere_it,OU25,UNDER,1.75
2026-08-19T09:23:27Z,Championship,2026-08-22,2026-08-22T14:00:00Z,Derby County vs Cardiff City,coolbet,OU25,UNDER,1.82
2026-08-19T09:23:27Z,Championship,2026-08-22,2026-08-22T14:00:00Z,Derby County vs Cardiff City,gtbets,OU25,UNDER,1.79
2026-08-19T09:23:27Z,Championship,2026-08-22,2026-08-22T14:00:00Z,Derby County vs Cardiff City,leovegas_se,OU25,UNDER,1.75
2026-08-19T09:23:27Z,Championship,2026-08-22,2026-08-22T14:00:00Z,Derby County vs Cardiff City,matchbook,OU25,UNDER,1.74
2026-08-19T09:23:27Z,Championship,2026-08-22,2026-08-22T14:00:00Z,Derby County vs Cardiff City,nordicbet,OU25,UNDER,1.82
2026-08-19T09:23:27Z,Championship,2026-08-22,2026-08-22T14:00:00Z,Derby County vs Cardiff City,onexbet,OU25,UNDER,1.81
2026-08-19T09:23:27Z,Championship,2026-08-22,2026-08-22T14:00:00Z,Derby County vs Cardiff City,pinnacle,OU25,UNDER,1.84
2026-08-19T09:23:27Z,Championship,2026-08-22,2026-08-22T14:00:00Z,Derby County vs Cardiff City,pmu_fr,OU25,UNDER,1.65
2026-08-19T09:23:27Z,Championship,2026-08-22,2026-08-22T14:00:00Z,Derby County vs Cardiff City,tipico_de,OU25,UNDER,1.8
2026-08-19T09:23:27Z,Championship,2026-08-22,2026-08-22T14:00:00Z,Derby County vs Cardiff City,unibet_nl,OU25,UNDER,1.75
2026-08-19T09:23:27Z,Championship,2026-08-22,2026-08-22T14:00:00Z,Derby County vs Cardiff City,unibet_se,OU25,UNDER,1.75
2026-08-19T09:23:27Z,Championship,2026-08-22,2026-08-22T14:00:00Z,Derby County vs Cardiff City,williamhill,OU25,UNDER,1.8
2026-08-19T09:23:27Z,League One,2026-08-22,2026-08-22T11:30:00Z,Doncaster Rovers vs Barnsley,betsson,OU25,OVER,1.72
2026-08-19T09:23:27Z,League One,2026-08-22,2026-08-22T11:30:00Z,Doncaster Rovers vs Barnsley,codere_it,OU25,OVER,1.67
2026-08-19T09:23:27Z,League One,2026-08-22,2026-08-22T11:30:00Z,Doncaster Rovers vs Barnsley,coolbet,OU25,OVER,1.7
2026-08-19T09:23:27Z,League One,2026-08-22,2026-08-22T11:30:00Z,Doncaster Rovers vs Barnsley,leovegas_se,OU25,OVER,1.68
2026-08-19T09:23:27Z,League One,2026-08-22,2026-08-22T11:30:00Z,Doncaster Rovers vs Barnsley,nordicbet,OU25,OVER,1.72
2026-08-19T09:23:27Z,League One,2026-08-22,2026-08-22T11:30:00Z,Doncaster Rovers vs Barnsley,onexbet,OU25,OVER,1.72
2026-08-19T09:23:27Z,League One,2026-08-22,2026-08-22T11:30:00Z,Doncaster Rovers vs Barnsley,tipico_de,OU25,OVER,1.67
2026-08-19T09:23:27Z,League One,2026-08-22,2026-08-22T11:30:00Z,Doncaster Rovers vs Barnsley,unibet_nl,OU25,OVER,1.68
2026-08-19T09:23:27Z,League One,2026-08-22,2026-08-22T11:30:00Z,Doncaster Rovers vs Barnsley,unibet_se,OU25,OVER,1.68
2026-08-19T09:23:27Z,League One,2026-08-22,2026-08-22T11:30:00Z,Doncaster Rovers vs Barnsley,williamhill,OU25,OVER,1.7
2026-08-19T09:23:27Z,League One,2026-08-22,2026-08-22T11:30:00Z,Doncaster Rovers vs Barnsley,betsson,OU25,UNDER,2.02
2026-08-19T09:23:27Z,League One,2026-08-22,2026-08-22T11:30:00Z,Doncaster Rovers vs Barnsley,codere_it,OU25,UNDER,2.0
2026-08-19T09:23:27Z,League One,2026-08-22,2026-08-22T11:30:00Z,Doncaster Rovers vs Barnsley,coolbet,OU25,UNDER,2.08
2026-08-19T09:23:27Z,League One,2026-08-22,2026-08-22T11:30:00Z,Doncaster Rovers vs Barnsley,leovegas_se,OU25,UNDER,2.02
2026-08-19T09:23:27Z,League One,2026-08-22,2026-08-22T11:30:00Z,Doncaster Rovers vs Barnsley,nordicbet,OU25,UNDER,2.02
2026-08-19T09:23:27Z,League One,2026-08-22,2026-08-22T11:30:00Z,Doncaster Rovers vs Barnsley,onexbet,OU25,UNDER,2.08
2026-08-19T09:23:27Z,League One,2026-08-22,2026-08-22T11:30:00Z,Doncaster Rovers vs Barnsley,tipico_de,OU25,UNDER,2.05
2026-08-19T09:23:27Z,League One,2026-08-22,2026-08-22T11:30:00Z,Doncaster Rovers vs Barnsley,unibet_nl,OU25,UNDER,2.02
2026-08-19T09:23:27Z,League One,2026-08-22,2026-08-22T11:30:00Z,Doncaster Rovers vs Barnsley,unibet_se,OU25,UNDER,2.02
2026-08-19T09:23:27Z,League One,2026-08-22,2026-08-22T11:30:00Z,Doncaster Rovers vs Barnsley,williamhill,OU25,UNDER,2.05
2026-08-19T09:23:27Z,Serie B,2026-08-22,2026-08-22T15:00:00Z,Empoli vs Cremonese,betsson,OU25,OVER,2.0
2026-08-19T09:23:27Z,Serie B,2026-08-22,2026-08-22T15:00:00Z,Empoli vs Cremonese,codere_it,OU25,OVER,1.99
2026-08-19T09:23:27Z,Serie B,2026-08-22,2026-08-22T15:00:00Z,Empoli vs Cremonese,coolbet,OU25,OVER,2.06
2026-08-19T09:23:27Z,Serie B,2026-08-22,2026-08-22T15:00:00Z,Empoli vs Cremonese,leovegas_se,OU25,OVER,2.0
2026-08-19T09:23:27Z,Serie B,2026-08-22,2026-08-22T15:00:00Z,Empoli vs Cremonese,nordicbet,OU25,OVER,2.0
2026-08-19T09:23:27Z,Serie B,2026-08-22,2026-08-22T15:00:00Z,Empoli vs Cremonese,onexbet,OU25,OVER,1.97
2026-08-19T09:23:27Z,Serie B,2026-08-22,2026-08-22T15:00:00Z,Empoli vs Cremonese,pmu_fr,OU25,OVER,1.91
2026-08-19T09:23:27Z,Serie B,2026-08-22,2026-08-22T15:00:00Z,Empoli vs Cremonese,tipico_de,OU25,OVER,1.97
2026-08-19T09:23:27Z,Serie B,2026-08-22,2026-08-22T15:00:00Z,Empoli vs Cremonese,unibet_nl,OU25,OVER,2.0
2026-08-19T09:23:27Z,Serie B,2026-08-22,2026-08-22T15:00:00Z,Empoli vs Cremonese,unibet_se,OU25,OVER,2.0
2026-08-19T09:23:27Z,Serie B,2026-08-22,2026-08-22T15:00:00Z,Empoli vs Cremonese,williamhill,OU25,OVER,2.05
2026-08-19T09:23:27Z,Serie B,2026-08-22,2026-08-22T15:00:00Z,Empoli vs Cremonese,betsson,OU25,UNDER,1.72
2026-08-19T09:23:27Z,Serie B,2026-08-22,2026-08-22T15:00:00Z,Empoli vs Cremonese,codere_it,OU25,UNDER,1.7
2026-08-19T09:23:27Z,Serie B,2026-08-22,2026-08-22T15:00:00Z,Empoli vs Cremonese,coolbet,OU25,UNDER,1.74
2026-08-19T09:23:27Z,Serie B,2026-08-22,2026-08-22T15:00:00Z,Empoli vs Cremonese,leovegas_se,OU25,UNDER,1.72
2026-08-19T09:23:27Z,Serie B,2026-08-22,2026-08-22T15:00:00Z,Empoli vs Cremonese,nordicbet,OU25,UNDER,1.72
2026-08-19T09:23:27Z,Serie B,2026-08-22,2026-08-22T15:00:00Z,Empoli vs Cremonese,onexbet,OU25,UNDER,1.81
2026-08-19T09:23:27Z,Serie B,2026-08-22,2026-08-22T15:00:00Z,Empoli vs Cremonese,pmu_fr,OU25,UNDER,1.63
2026-08-19T09:23:27Z,Serie B,2026-08-22,2026-08-22T15:00:00Z,Empoli vs Cremonese,tipico_de,OU25,UNDER,1.72
2026-08-19T09:23:27Z,Serie B,2026-08-22,2026-08-22T15:00:00Z,Empoli vs Cremonese,unibet_nl,OU25,UNDER,1.72
2026-08-19T09:23:27Z,Serie B,2026-08-22,2026-08-22T15:00:00Z,Empoli vs Cremonese,unibet_se,OU25,UNDER,1.72
2026-08-19T09:23:27Z,Serie B,2026-08-22,2026-08-22T15:00:00Z,Empoli vs Cremonese,williamhill,OU25,UNDER,1.7
2026-08-19T09:23:27Z,League Two,2026-08-22,2026-08-22T14:00:00Z,Exeter City vs Accrington Stanley,betsson,OU25,OVER,1.92
2026-08-19T09:23:27Z,League Two,2026-08-22,2026-08-22T14:00:00Z,Exeter City vs Accrington Stanley,codere_it,OU25,OVER,1.87
2026-08-19T09:23:27Z,League Two,2026-08-22,2026-08-22T14:00:00Z,Exeter City vs Accrington Stanley,coolbet,OU25,OVER,1.87
2026-08-19T09:23:27Z,League Two,2026-08-22,2026-08-22T14:00:00Z,Exeter City vs Accrington Stanley,leovegas_se,OU25,OVER,1.85
2026-08-19T09:23:27Z,League Two,2026-08-22,2026-08-22T14:00:00Z,Exeter City vs Accrington Stanley,nordicbet,OU25,OVER,1.92
2026-08-19T09:23:27Z,League Two,2026-08-22,2026-08-22T14:00:00Z,Exeter City vs Accrington Stanley,onexbet,OU25,OVER,1.92
2026-08-19T09:23:27Z,League Two,2026-08-22,2026-08-22T14:00:00Z,Exeter City vs Accrington Stanley,pinnacle,OU25,OVER,1.93
2026-08-19T09:23:27Z,League Two,2026-08-22,2026-08-22T14:00:00Z,Exeter City vs Accrington Stanley,tipico_de,OU25,OVER,1.85
2026-08-19T09:23:27Z,League Two,2026-08-22,2026-08-22T14:00:00Z,Exeter City vs Accrington Stanley,unibet_nl,OU25,OVER,1.87
2026-08-19T09:23:27Z,League Two,2026-08-22,2026-08-22T14:00:00Z,Exeter City vs Accrington Stanley,unibet_se,OU25,OVER,1.87
2026-08-19T09:23:27Z,League Two,2026-08-22,2026-08-22T14:00:00Z,Exeter City vs Accrington Stanley,williamhill,OU25,OVER,1.91
2026-08-19T09:23:27Z,League Two,2026-08-22,2026-08-22T14:00:00Z,Exeter City vs Accrington Stanley,betsson,OU25,UNDER,1.82
2026-08-19T09:23:27Z,League Two,2026-08-22,2026-08-22T14:00:00Z,Exeter City vs Accrington Stanley,codere_it,OU25,UNDER,1.77
2026-08-19T09:23:27Z,League Two,2026-08-22,2026-08-22T14:00:00Z,Exeter City vs Accrington Stanley,coolbet,OU25,UNDER,1.87
2026-08-19T09:23:27Z,League Two,2026-08-22,2026-08-22T14:00:00Z,Exeter City vs Accrington Stanley,leovegas_se,OU25,UNDER,1.78
2026-08-19T09:23:27Z,League Two,2026-08-22,2026-08-22T14:00:00Z,Exeter City vs Accrington Stanley,nordicbet,OU25,UNDER,1.82
2026-08-19T09:23:27Z,League Two,2026-08-22,2026-08-22T14:00:00Z,Exeter City vs Accrington Stanley,onexbet,OU25,UNDER,1.84
2026-08-19T09:23:27Z,League Two,2026-08-22,2026-08-22T14:00:00Z,Exeter City vs Accrington Stanley,pinnacle,OU25,UNDER,1.85
2026-08-19T09:23:27Z,League Two,2026-08-22,2026-08-22T14:00:00Z,Exeter City vs Accrington Stanley,tipico_de,OU25,UNDER,1.83
2026-08-19T09:23:27Z,League Two,2026-08-22,2026-08-22T14:00:00Z,Exeter City vs Accrington Stanley,unibet_nl,OU25,UNDER,1.8
2026-08-19T09:23:27Z,League Two,2026-08-22,2026-08-22T14:00:00Z,Exeter City vs Accrington Stanley,unibet_se,OU25,UNDER,1.8
2026-08-19T09:23:27Z,League Two,2026-08-22,2026-08-22T14:00:00Z,Exeter City vs Accrington Stanley,williamhill,OU25,UNDER,1.83
2026-08-19T09:23:27Z,USA MLS,2026-08-22,2026-08-22T23:30:00Z,FC Cincinnati vs Seattle Sounders FC,betsson,OU25,OVER,1.39
2026-08-19T09:23:27Z,USA MLS,2026-08-22,2026-08-22T23:30:00Z,FC Cincinnati vs Seattle Sounders FC,nordicbet,OU25,OVER,1.39
2026-08-19T09:23:27Z,USA MLS,2026-08-22,2026-08-22T23:30:00Z,FC Cincinnati vs Seattle Sounders FC,williamhill,OU25,OVER,1.4
2026-08-19T09:23:27Z,USA MLS,2026-08-22,2026-08-22T23:30:00Z,FC Cincinnati vs Seattle Sounders FC,betsson,OU25,UNDER,2.95
2026-08-19T09:23:27Z,USA MLS,2026-08-22,2026-08-22T23:30:00Z,FC Cincinnati vs Seattle Sounders FC,nordicbet,OU25,UNDER,2.95
2026-08-19T09:23:27Z,USA MLS,2026-08-22,2026-08-22T23:30:00Z,FC Cincinnati vs Seattle Sounders FC,williamhill,OU25,UNDER,2.8
2026-08-19T09:23:27Z,USA MLS,2026-08-22,2026-08-22T23:30:00Z,FC Cincinnati vs Seattle Sounders FC,betonlineag,OU35,OVER,1.96
2026-08-19T09:23:27Z,USA MLS,2026-08-22,2026-08-22T23:30:00Z,FC Cincinnati vs Seattle Sounders FC,coolbet,OU35,OVER,1.93
2026-08-19T09:23:27Z,USA MLS,2026-08-22,2026-08-22T23:30:00Z,FC Cincinnati vs Seattle Sounders FC,gtbets,OU35,OVER,1.95
2026-08-19T09:23:27Z,USA MLS,2026-08-22,2026-08-22T23:30:00Z,FC Cincinnati vs Seattle Sounders FC,leovegas_se,OU35,OVER,1.95
2026-08-19T09:23:27Z,USA MLS,2026-08-22,2026-08-22T23:30:00Z,FC Cincinnati vs Seattle Sounders FC,mybookieag,OU35,OVER,1.91
2026-08-19T09:23:27Z,USA MLS,2026-08-22,2026-08-22T23:30:00Z,FC Cincinnati vs Seattle Sounders FC,onexbet,OU35,OVER,2.01
2026-08-19T09:23:27Z,USA MLS,2026-08-22,2026-08-22T23:30:00Z,FC Cincinnati vs Seattle Sounders FC,pmu_fr,OU35,OVER,1.83
2026-08-19T09:23:27Z,USA MLS,2026-08-22,2026-08-22T23:30:00Z,FC Cincinnati vs Seattle Sounders FC,unibet_nl,OU35,OVER,1.95
2026-08-19T09:23:27Z,USA MLS,2026-08-22,2026-08-22T23:30:00Z,FC Cincinnati vs Seattle Sounders FC,unibet_se,OU35,OVER,1.95
2026-08-19T09:23:27Z,USA MLS,2026-08-22,2026-08-22T23:30:00Z,FC Cincinnati vs Seattle Sounders FC,betonlineag,OU35,UNDER,1.86
2026-08-19T09:23:27Z,USA MLS,2026-08-22,2026-08-22T23:30:00Z,FC Cincinnati vs Seattle Sounders FC,coolbet,OU35,UNDER,1.85
2026-08-19T09:23:27Z,USA MLS,2026-08-22,2026-08-22T23:30:00Z,FC Cincinnati vs Seattle Sounders FC,gtbets,OU35,UNDER,1.83
2026-08-19T09:23:27Z,USA MLS,2026-08-22,2026-08-22T23:30:00Z,FC Cincinnati vs Seattle Sounders FC,leovegas_se,OU35,UNDER,1.8
2026-08-19T09:23:27Z,USA MLS,2026-08-22,2026-08-22T23:30:00Z,FC Cincinnati vs Seattle Sounders FC,mybookieag,OU35,UNDER,1.8
2026-08-19T09:23:27Z,USA MLS,2026-08-22,2026-08-22T23:30:00Z,FC Cincinnati vs Seattle Sounders FC,onexbet,OU35,UNDER,1.87
2026-08-19T09:23:27Z,USA MLS,2026-08-22,2026-08-22T23:30:00Z,FC Cincinnati vs Seattle Sounders FC,pmu_fr,OU35,UNDER,1.68
2026-08-19T09:23:27Z,USA MLS,2026-08-22,2026-08-22T23:30:00Z,FC Cincinnati vs Seattle Sounders FC,unibet_nl,OU35,UNDER,1.8
2026-08-19T09:23:27Z,USA MLS,2026-08-22,2026-08-22T23:30:00Z,FC Cincinnati vs Seattle Sounders FC,unibet_se,OU35,UNDER,1.8
2026-08-19T09:23:27Z,Mexico Liga MX,2026-08-22,2026-08-22T03:00:00Z,FC Juárez vs América,betsson,OU25,OVER,1.62
2026-08-19T09:23:27Z,Mexico Liga MX,2026-08-22,2026-08-22T03:00:00Z,FC Juárez vs América,gtbets,OU25,OVER,1.72
2026-08-19T09:23:27Z,Mexico Liga MX,2026-08-22,2026-08-22T03:00:00Z,FC Juárez vs América,leovegas_se,OU25,OVER,1.65
2026-08-19T09:23:27Z,Mexico Liga MX,2026-08-22,2026-08-22T03:00:00Z,FC Juárez vs América,matchbook,OU25,OVER,1.72
2026-08-19T09:23:27Z,Mexico Liga MX,2026-08-22,2026-08-22T03:00:00Z,FC Juárez vs América,nordicbet,OU25,OVER,1.62
2026-08-19T09:23:27Z,Mexico Liga MX,2026-08-22,2026-08-22T03:00:00Z,FC Juárez vs América,onexbet,OU25,OVER,1.65
2026-08-19T09:23:27Z,Mexico Liga MX,2026-08-22,2026-08-22T03:00:00Z,FC Juárez vs América,pmu_fr,OU25,OVER,1.6
2026-08-19T09:23:27Z,Mexico Liga MX,2026-08-22,2026-08-22T03:00:00Z,FC Juárez vs América,tipico_de,OU25,OVER,1.6
2026-08-19T09:23:27Z,Mexico Liga MX,2026-08-22,2026-08-22T03:00:00Z,FC Juárez vs América,unibet_nl,OU25,OVER,1.68
2026-08-19T09:23:27Z,Mexico Liga MX,2026-08-22,2026-08-22T03:00:00Z,FC Juárez vs América,unibet_se,OU25,OVER,1.68
2026-08-19T09:23:27Z,Mexico Liga MX,2026-08-22,2026-08-22T03:00:00Z,FC Juárez vs América,williamhill,OU25,OVER,1.62
2026-08-19T09:23:27Z,Mexico Liga MX,2026-08-22,2026-08-22T03:00:00Z,FC Juárez vs América,betsson,OU25,UNDER,2.18
2026-08-19T09:23:27Z,Mexico Liga MX,2026-08-22,2026-08-22T03:00:00Z,FC Juárez vs América,gtbets,OU25,UNDER,2.15
2026-08-19T09:23:27Z,Mexico Liga MX,2026-08-22,2026-08-22T03:00:00Z,FC Juárez vs América,leovegas_se,OU25,UNDER,2.02
2026-08-19T09:23:27Z,Mexico Liga MX,2026-08-22,2026-08-22T03:00:00Z,FC Juárez vs América,matchbook,OU25,UNDER,2.26
2026-08-19T09:23:27Z,Mexico Liga MX,2026-08-22,2026-08-22T03:00:00Z,FC Juárez vs América,nordicbet,OU25,UNDER,2.18
2026-08-19T09:23:27Z,Mexico Liga MX,2026-08-22,2026-08-22T03:00:00Z,FC Juárez vs América,onexbet,OU25,UNDER,2.17
2026-08-19T09:23:27Z,Mexico Liga MX,2026-08-22,2026-08-22T03:00:00Z,FC Juárez vs América,pmu_fr,OU25,UNDER,1.95
2026-08-19T09:23:27Z,Mexico Liga MX,2026-08-22,2026-08-22T03:00:00Z,FC Juárez vs América,tipico_de,OU25,UNDER,2.2
2026-08-19T09:23:27Z,Mexico Liga MX,2026-08-22,2026-08-22T03:00:00Z,FC Juárez vs América,unibet_nl,OU25,UNDER,2.06
2026-08-19T09:23:27Z,Mexico Liga MX,2026-08-22,2026-08-22T03:00:00Z,FC Juárez vs América,unibet_se,OU25,UNDER,2.06
2026-08-19T09:23:27Z,Mexico Liga MX,2026-08-22,2026-08-22T03:00:00Z,FC Juárez vs América,williamhill,OU25,UNDER,2.15
2026-08-19T09:23:27Z,Japan J-League,2026-08-22,2026-08-22T09:30:00Z,Fagiano Okayama vs Tokyo Verdy,betsson,OU25,OVER,2.48
2026-08-19T09:23:27Z,Japan J-League,2026-08-22,2026-08-22T09:30:00Z,Fagiano Okayama vs Tokyo Verdy,nordicbet,OU25,OVER,2.48
2026-08-19T09:23:27Z,Japan J-League,2026-08-22,2026-08-22T09:30:00Z,Fagiano Okayama vs Tokyo Verdy,onexbet,OU25,OVER,2.52
2026-08-19T09:23:27Z,Japan J-League,2026-08-22,2026-08-22T09:30:00Z,Fagiano Okayama vs Tokyo Verdy,tipico_de,OU25,OVER,2.45
2026-08-19T09:23:27Z,Japan J-League,2026-08-22,2026-08-22T09:30:00Z,Fagiano Okayama vs Tokyo Verdy,betsson,OU25,UNDER,1.48
2026-08-19T09:23:27Z,Japan J-League,2026-08-22,2026-08-22T09:30:00Z,Fagiano Okayama vs Tokyo Verdy,nordicbet,OU25,UNDER,1.48
2026-08-19T09:23:27Z,Japan J-League,2026-08-22,2026-08-22T09:30:00Z,Fagiano Okayama vs Tokyo Verdy,onexbet,OU25,UNDER,1.54
2026-08-19T09:23:27Z,Japan J-League,2026-08-22,2026-08-22T09:30:00Z,Fagiano Okayama vs Tokyo Verdy,tipico_de,OU25,UNDER,1.47
2026-08-19T09:23:27Z,League Two,2026-08-22,2026-08-22T14:00:00Z,Fleetwood Town vs Gillingham,betonlineag,OU25,OVER,1.96
2026-08-19T09:23:27Z,League Two,2026-08-22,2026-08-22T14:00:00Z,Fleetwood Town vs Gillingham,betsson,OU25,OVER,1.92
2026-08-19T09:23:27Z,League Two,2026-08-22,2026-08-22T14:00:00Z,Fleetwood Town vs Gillingham,codere_it,OU25,OVER,1.88
2026-08-19T09:23:27Z,League Two,2026-08-22,2026-08-22T14:00:00Z,Fleetwood Town vs Gillingham,coolbet,OU25,OVER,1.94
2026-08-19T09:23:27Z,League Two,2026-08-22,2026-08-22T14:00:00Z,Fleetwood Town vs Gillingham,leovegas_se,OU25,OVER,1.92
2026-08-19T09:23:27Z,League Two,2026-08-22,2026-08-22T14:00:00Z,Fleetwood Town vs Gillingham,nordicbet,OU25,OVER,1.92
2026-08-19T09:23:27Z,League Two,2026-08-22,2026-08-22T14:00:00Z,Fleetwood Town vs Gillingham,onexbet,OU25,OVER,1.92
2026-08-19T09:23:27Z,League Two,2026-08-22,2026-08-22T14:00:00Z,Fleetwood Town vs Gillingham,pinnacle,OU25,OVER,1.93
2026-08-19T09:23:27Z,League Two,2026-08-22,2026-08-22T14:00:00Z,Fleetwood Town vs Gillingham,tipico_de,OU25,OVER,1.9
2026-08-19T09:23:27Z,League Two,2026-08-22,2026-08-22T14:00:00Z,Fleetwood Town vs Gillingham,unibet_nl,OU25,OVER,1.93
2026-08-19T09:23:27Z,League Two,2026-08-22,2026-08-22T14:00:00Z,Fleetwood Town vs Gillingham,unibet_se,OU25,OVER,1.93
2026-08-19T09:23:27Z,League Two,2026-08-22,2026-08-22T14:00:00Z,Fleetwood Town vs Gillingham,williamhill,OU25,OVER,1.91
2026-08-19T09:23:27Z,League Two,2026-08-22,2026-08-22T14:00:00Z,Fleetwood Town vs Gillingham,betonlineag,OU25,UNDER,1.86
2026-08-19T09:23:27Z,League Two,2026-08-22,2026-08-22T14:00:00Z,Fleetwood Town vs Gillingham,betsson,OU25,UNDER,1.82
2026-08-19T09:23:27Z,League Two,2026-08-22,2026-08-22T14:00:00Z,Fleetwood Town vs Gillingham,codere_it,OU25,UNDER,1.76
2026-08-19T09:23:27Z,League Two,2026-08-22,2026-08-22T14:00:00Z,Fleetwood Town vs Gillingham,coolbet,OU25,UNDER,1.8
2026-08-19T09:23:27Z,League Two,2026-08-22,2026-08-22T14:00:00Z,Fleetwood Town vs Gillingham,leovegas_se,OU25,UNDER,1.73
2026-08-19T09:23:27Z,League Two,2026-08-22,2026-08-22T14:00:00Z,Fleetwood Town vs Gillingham,nordicbet,OU25,UNDER,1.82
2026-08-19T09:23:27Z,League Two,2026-08-22,2026-08-22T14:00:00Z,Fleetwood Town vs Gillingham,onexbet,OU25,UNDER,1.84
2026-08-19T09:23:27Z,League Two,2026-08-22,2026-08-22T14:00:00Z,Fleetwood Town vs Gillingham,pinnacle,OU25,UNDER,1.85
2026-08-19T09:23:27Z,League Two,2026-08-22,2026-08-22T14:00:00Z,Fleetwood Town vs Gillingham,tipico_de,OU25,UNDER,1.8
2026-08-19T09:23:27Z,League Two,2026-08-22,2026-08-22T14:00:00Z,Fleetwood Town vs Gillingham,unibet_nl,OU25,UNDER,1.75
2026-08-19T09:23:27Z,League Two,2026-08-22,2026-08-22T14:00:00Z,Fleetwood Town vs Gillingham,unibet_se,OU25,UNDER,1.75
2026-08-19T09:23:27Z,League Two,2026-08-22,2026-08-22T14:00:00Z,Fleetwood Town vs Gillingham,williamhill,OU25,UNDER,1.8
2026-08-19T09:23:27Z,Brazil Serie A,2026-08-22,2026-08-22T19:00:00Z,Fluminense vs Remo,betanysports,OU25,OVER,1.82
2026-08-19T09:23:27Z,Brazil Serie A,2026-08-22,2026-08-22T19:00:00Z,Fluminense vs Remo,betonlineag,OU25,OVER,1.82
2026-08-19T09:23:27Z,Brazil Serie A,2026-08-22,2026-08-22T19:00:00Z,Fluminense vs Remo,betsson,OU25,OVER,1.78
2026-08-19T09:23:27Z,Brazil Serie A,2026-08-22,2026-08-22T19:00:00Z,Fluminense vs Remo,codere_it,OU25,OVER,1.75
2026-08-19T09:23:27Z,Brazil Serie A,2026-08-22,2026-08-22T19:00:00Z,Fluminense vs Remo,coolbet,OU25,OVER,1.76
2026-08-19T09:23:27Z,Brazil Serie A,2026-08-22,2026-08-22T19:00:00Z,Fluminense vs Remo,gtbets,OU25,OVER,1.79
2026-08-19T09:23:27Z,Brazil Serie A,2026-08-22,2026-08-22T19:00:00Z,Fluminense vs Remo,leovegas_se,OU25,OVER,1.68
2026-08-19T09:23:27Z,Brazil Serie A,2026-08-22,2026-08-22T19:00:00Z,Fluminense vs Remo,matchbook,OU25,OVER,1.72
2026-08-19T09:23:27Z,Brazil Serie A,2026-08-22,2026-08-22T19:00:00Z,Fluminense vs Remo,mybookieag,OU25,OVER,1.76
2026-08-19T09:23:27Z,Brazil Serie A,2026-08-22,2026-08-22T19:00:00Z,Fluminense vs Remo,nordicbet,OU25,OVER,1.78
2026-08-19T09:23:27Z,Brazil Serie A,2026-08-22,2026-08-22T19:00:00Z,Fluminense vs Remo,onexbet,OU25,OVER,1.82
2026-08-19T09:23:27Z,Brazil Serie A,2026-08-22,2026-08-22T19:00:00Z,Fluminense vs Remo,pinnacle,OU25,OVER,1.82
2026-08-19T09:23:27Z,Brazil Serie A,2026-08-22,2026-08-22T19:00:00Z,Fluminense vs Remo,pmu_fr,OU25,OVER,1.62
2026-08-19T09:23:27Z,Brazil Serie A,2026-08-22,2026-08-22T19:00:00Z,Fluminense vs Remo,tipico_de,OU25,OVER,1.75
2026-08-19T09:23:27Z,Brazil Serie A,2026-08-22,2026-08-22T19:00:00Z,Fluminense vs Remo,unibet_nl,OU25,OVER,1.72
2026-08-19T09:23:27Z,Brazil Serie A,2026-08-22,2026-08-22T19:00:00Z,Fluminense vs Remo,unibet_se,OU25,OVER,1.72
2026-08-19T09:23:27Z,Brazil Serie A,2026-08-22,2026-08-22T19:00:00Z,Fluminense vs Remo,williamhill,OU25,OVER,1.75
2026-08-19T09:23:27Z,Brazil Serie A,2026-08-22,2026-08-22T19:00:00Z,Fluminense vs Remo,betanysports,OU25,UNDER,1.93
2026-08-19T09:23:27Z,Brazil Serie A,2026-08-22,2026-08-22T19:00:00Z,Fluminense vs Remo,betonlineag,OU25,UNDER,2.02
2026-08-19T09:23:27Z,Brazil Serie A,2026-08-22,2026-08-22T19:00:00Z,Fluminense vs Remo,betsson,OU25,UNDER,1.98
2026-08-19T09:23:27Z,Brazil Serie A,2026-08-22,2026-08-22T19:00:00Z,Fluminense vs Remo,codere_it,OU25,UNDER,1.93
2026-08-19T09:23:27Z,Brazil Serie A,2026-08-22,2026-08-22T19:00:00Z,Fluminense vs Remo,coolbet,OU25,UNDER,2.03
2026-08-19T09:23:27Z,Brazil Serie A,2026-08-22,2026-08-22T19:00:00Z,Fluminense vs Remo,gtbets,OU25,UNDER,1.99
2026-08-19T09:23:27Z,Brazil Serie A,2026-08-22,2026-08-22T19:00:00Z,Fluminense vs Remo,leovegas_se,OU25,UNDER,2.02
2026-08-19T09:23:27Z,Brazil Serie A,2026-08-22,2026-08-22T19:00:00Z,Fluminense vs Remo,matchbook,OU25,UNDER,1.9
2026-08-19T09:23:27Z,Brazil Serie A,2026-08-22,2026-08-22T19:00:00Z,Fluminense vs Remo,mybookieag,OU25,UNDER,1.95
2026-08-19T09:23:27Z,Brazil Serie A,2026-08-22,2026-08-22T19:00:00Z,Fluminense vs Remo,nordicbet,OU25,UNDER,1.98
2026-08-19T09:23:27Z,Brazil Serie A,2026-08-22,2026-08-22T19:00:00Z,Fluminense vs Remo,onexbet,OU25,UNDER,2.03
2026-08-19T09:23:27Z,Brazil Serie A,2026-08-22,2026-08-22T19:00:00Z,Fluminense vs Remo,pinnacle,OU25,UNDER,2.03
2026-08-19T09:23:27Z,Brazil Serie A,2026-08-22,2026-08-22T19:00:00Z,Fluminense vs Remo,pmu_fr,OU25,UNDER,1.93
2026-08-19T09:23:27Z,Brazil Serie A,2026-08-22,2026-08-22T19:00:00Z,Fluminense vs Remo,tipico_de,OU25,UNDER,1.95
2026-08-19T09:23:27Z,Brazil Serie A,2026-08-22,2026-08-22T19:00:00Z,Fluminense vs Remo,unibet_nl,OU25,UNDER,2.07
2026-08-19T09:23:27Z,Brazil Serie A,2026-08-22,2026-08-22T19:00:00Z,Fluminense vs Remo,unibet_se,OU25,UNDER,2.07
2026-08-19T09:23:27Z,Brazil Serie A,2026-08-22,2026-08-22T19:00:00Z,Fluminense vs Remo,williamhill,OU25,UNDER,1.95
2026-08-19T09:23:27Z,Argentina Primera Division,2026-08-22,2026-08-22T19:00:00Z,Gimnasia La Plata vs Gimnasia Mendoza,betsson,OU25,OVER,2.42
2026-08-19T09:23:27Z,Argentina Primera Division,2026-08-22,2026-08-22T19:00:00Z,Gimnasia La Plata vs Gimnasia Mendoza,codere_it,OU25,OVER,2.32
2026-08-19T09:23:27Z,Argentina Primera Division,2026-08-22,2026-08-22T19:00:00Z,Gimnasia La Plata vs Gimnasia Mendoza,leovegas_se,OU25,OVER,2.48
2026-08-19T09:23:27Z,Argentina Primera Division,2026-08-22,2026-08-22T19:00:00Z,Gimnasia La Plata vs Gimnasia Mendoza,nordicbet,OU25,OVER,2.42
2026-08-19T09:23:27Z,Argentina Primera Division,2026-08-22,2026-08-22T19:00:00Z,Gimnasia La Plata vs Gimnasia Mendoza,unibet_se,OU25,OVER,2.55
2026-08-19T09:23:27Z,Argentina Primera Division,2026-08-22,2026-08-22T19:00:00Z,Gimnasia La Plata vs Gimnasia Mendoza,betsson,OU25,UNDER,1.52
2026-08-19T09:23:27Z,Argentina Primera Division,2026-08-22,2026-08-22T19:00:00Z,Gimnasia La Plata vs Gimnasia Mendoza,codere_it,OU25,UNDER,1.52
2026-08-19T09:23:27Z,Argentina Primera Division,2026-08-22,2026-08-22T19:00:00Z,Gimnasia La Plata vs Gimnasia Mendoza,leovegas_se,OU25,UNDER,1.45
2026-08-19T09:23:27Z,Argentina Primera Division,2026-08-22,2026-08-22T19:00:00Z,Gimnasia La Plata vs Gimnasia Mendoza,nordicbet,OU25,UNDER,1.52
2026-08-19T09:23:27Z,Argentina Primera Division,2026-08-22,2026-08-22T19:00:00Z,Gimnasia La Plata vs Gimnasia Mendoza,unibet_se,OU25,UNDER,1.49
2026-08-19T09:23:27Z,Mexico Liga MX,2026-08-22,2026-08-22T23:07:00Z,Guadalajara vs Tijuana,betsson,OU25,OVER,1.62
2026-08-19T09:23:27Z,Mexico Liga MX,2026-08-22,2026-08-22T23:07:00Z,Guadalajara vs Tijuana,gtbets,OU25,OVER,1.61
2026-08-19T09:23:27Z,Mexico Liga MX,2026-08-22,2026-08-22T23:07:00Z,Guadalajara vs Tijuana,nordicbet,OU25,OVER,1.62
2026-08-19T09:23:27Z,Mexico Liga MX,2026-08-22,2026-08-22T23:07:00Z,Guadalajara vs Tijuana,onexbet,OU25,OVER,1.61
2026-08-19T09:23:27Z,Mexico Liga MX,2026-08-22,2026-08-22T23:07:00Z,Guadalajara vs Tijuana,tipico_de,OU25,OVER,1.55
2026-08-19T09:23:27Z,Mexico Liga MX,2026-08-22,2026-08-22T23:07:00Z,Guadalajara vs Tijuana,williamhill,OU25,OVER,1.6
2026-08-19T09:23:27Z,Mexico Liga MX,2026-08-22,2026-08-22T23:07:00Z,Guadalajara vs Tijuana,betsson,OU25,UNDER,2.22
2026-08-19T09:23:27Z,Mexico Liga MX,2026-08-22,2026-08-22T23:07:00Z,Guadalajara vs Tijuana,gtbets,OU25,UNDER,2.35
2026-08-19T09:23:27Z,Mexico Liga MX,2026-08-22,2026-08-22T23:07:00Z,Guadalajara vs Tijuana,nordicbet,OU25,UNDER,2.22
2026-08-19T09:23:27Z,Mexico Liga MX,2026-08-22,2026-08-22T23:07:00Z,Guadalajara vs Tijuana,onexbet,OU25,UNDER,2.25
2026-08-19T09:23:27Z,Mexico Liga MX,2026-08-22,2026-08-22T23:07:00Z,Guadalajara vs Tijuana,tipico_de,OU25,UNDER,2.25
2026-08-19T09:23:27Z,Mexico Liga MX,2026-08-22,2026-08-22T23:07:00Z,Guadalajara vs Tijuana,williamhill,OU25,UNDER,2.15
2026-08-19T09:23:27Z,Mexico Liga MX,2026-08-22,2026-08-22T23:07:00Z,Guadalajara vs Tijuana,leovegas_se,OU35,OVER,2.28
2026-08-19T09:23:27Z,Mexico Liga MX,2026-08-22,2026-08-22T23:07:00Z,Guadalajara vs Tijuana,pmu_fr,OU35,OVER,2.2
2026-08-19T09:23:27Z,Mexico Liga MX,2026-08-22,2026-08-22T23:07:00Z,Guadalajara vs Tijuana,unibet_nl,OU35,OVER,2.32
2026-08-19T09:23:27Z,Mexico Liga MX,2026-08-22,2026-08-22T23:07:00Z,Guadalajara vs Tijuana,unibet_se,OU35,OVER,2.32
2026-08-19T09:23:27Z,Mexico Liga MX,2026-08-22,2026-08-22T23:07:00Z,Guadalajara vs Tijuana,leovegas_se,OU35,UNDER,1.51
2026-08-19T09:23:27Z,Mexico Liga MX,2026-08-22,2026-08-22T23:07:00Z,Guadalajara vs Tijuana,pmu_fr,OU35,UNDER,1.47
2026-08-19T09:23:27Z,Mexico Liga MX,2026-08-22,2026-08-22T23:07:00Z,Guadalajara vs Tijuana,unibet_nl,OU35,UNDER,1.54
2026-08-19T09:23:27Z,Mexico Liga MX,2026-08-22,2026-08-22T23:07:00Z,Guadalajara vs Tijuana,unibet_se,OU35,UNDER,1.54
2026-08-19T09:23:27Z,Japan J-League,2026-08-22,2026-08-22T10:15:00Z,Hiroshima Sanfrecce FC vs Kawasaki Frontale,betsson,OU25,OVER,1.6
2026-08-19T09:23:27Z,Japan J-League,2026-08-22,2026-08-22T10:15:00Z,Hiroshima Sanfrecce FC vs Kawasaki Frontale,nordicbet,OU25,OVER,1.6
2026-08-19T09:23:27Z,Japan J-League,2026-08-22,2026-08-22T10:15:00Z,Hiroshima Sanfrecce FC vs Kawasaki Frontale,onexbet,OU25,OVER,1.62
2026-08-19T09:23:27Z,Japan J-League,2026-08-22,2026-08-22T10:15:00Z,Hiroshima Sanfrecce FC vs Kawasaki Frontale,tipico_de,OU25,OVER,1.55
2026-08-19T09:23:27Z,Japan J-League,2026-08-22,2026-08-22T10:15:00Z,Hiroshima Sanfrecce FC vs Kawasaki Frontale,williamhill,OU25,OVER,1.62
2026-08-19T09:23:27Z,Japan J-League,2026-08-22,2026-08-22T10:15:00Z,Hiroshima Sanfrecce FC vs Kawasaki Frontale,betsson,OU25,UNDER,2.2
2026-08-19T09:23:27Z,Japan J-League,2026-08-22,2026-08-22T10:15:00Z,Hiroshima Sanfrecce FC vs Kawasaki Frontale,nordicbet,OU25,UNDER,2.2
2026-08-19T09:23:27Z,Japan J-League,2026-08-22,2026-08-22T10:15:00Z,Hiroshima Sanfrecce FC vs Kawasaki Frontale,onexbet,OU25,UNDER,2.32
2026-08-19T09:23:27Z,Japan J-League,2026-08-22,2026-08-22T10:15:00Z,Hiroshima Sanfrecce FC vs Kawasaki Frontale,tipico_de,OU25,UNDER,2.25
2026-08-19T09:23:27Z,Japan J-League,2026-08-22,2026-08-22T10:15:00Z,Hiroshima Sanfrecce FC vs Kawasaki Frontale,williamhill,OU25,UNDER,2.15
2026-08-19T09:23:27Z,Finland Veikkausliiga,2026-08-22,2026-08-22T14:00:00Z,Ilves Tampere vs VPS Vaasa,betsson,OU25,OVER,1.58
2026-08-19T09:23:27Z,Finland Veikkausliiga,2026-08-22,2026-08-22T14:00:00Z,Ilves Tampere vs VPS Vaasa,gtbets,OU25,OVER,1.65
2026-08-19T09:23:27Z,Finland Veikkausliiga,2026-08-22,2026-08-22T14:00:00Z,Ilves Tampere vs VPS Vaasa,leovegas_se,OU25,OVER,1.65
2026-08-19T09:23:27Z,Finland Veikkausliiga,2026-08-22,2026-08-22T14:00:00Z,Ilves Tampere vs VPS Vaasa,nordicbet,OU25,OVER,1.58
2026-08-19T09:23:27Z,Finland Veikkausliiga,2026-08-22,2026-08-22T14:00:00Z,Ilves Tampere vs VPS Vaasa,onexbet,OU25,OVER,1.6
2026-08-19T09:23:27Z,Finland Veikkausliiga,2026-08-22,2026-08-22T14:00:00Z,Ilves Tampere vs VPS Vaasa,pmu_fr,OU25,OVER,1.57
2026-08-19T09:23:27Z,Finland Veikkausliiga,2026-08-22,2026-08-22T14:00:00Z,Ilves Tampere vs VPS Vaasa,tipico_de,OU25,OVER,1.55
2026-08-19T09:23:27Z,Finland Veikkausliiga,2026-08-22,2026-08-22T14:00:00Z,Ilves Tampere vs VPS Vaasa,unibet_nl,OU25,OVER,1.65
2026-08-19T09:23:27Z,Finland Veikkausliiga,2026-08-22,2026-08-22T14:00:00Z,Ilves Tampere vs VPS Vaasa,unibet_se,OU25,OVER,1.65
2026-08-19T09:23:27Z,Finland Veikkausliiga,2026-08-22,2026-08-22T14:00:00Z,Ilves Tampere vs VPS Vaasa,williamhill,OU25,OVER,1.57
2026-08-19T09:23:27Z,Finland Veikkausliiga,2026-08-22,2026-08-22T14:00:00Z,Ilves Tampere vs VPS Vaasa,betsson,OU25,UNDER,2.28
2026-08-19T09:23:27Z,Finland Veikkausliiga,2026-08-22,2026-08-22T14:00:00Z,Ilves Tampere vs VPS Vaasa,gtbets,OU25,UNDER,2.25
2026-08-19T09:23:27Z,Finland Veikkausliiga,2026-08-22,2026-08-22T14:00:00Z,Ilves Tampere vs VPS Vaasa,leovegas_se,OU25,UNDER,2.06
2026-08-19T09:23:27Z,Finland Veikkausliiga,2026-08-22,2026-08-22T14:00:00Z,Ilves Tampere vs VPS Vaasa,nordicbet,OU25,UNDER,2.28
2026-08-19T09:23:27Z,Finland Veikkausliiga,2026-08-22,2026-08-22T14:00:00Z,Ilves Tampere vs VPS Vaasa,onexbet,OU25,UNDER,2.29
2026-08-19T09:23:27Z,Finland Veikkausliiga,2026-08-22,2026-08-22T14:00:00Z,Ilves Tampere vs VPS Vaasa,pmu_fr,OU25,UNDER,1.97
2026-08-19T09:23:27Z,Finland Veikkausliiga,2026-08-22,2026-08-22T14:00:00Z,Ilves Tampere vs VPS Vaasa,tipico_de,OU25,UNDER,2.25
2026-08-19T09:23:27Z,Finland Veikkausliiga,2026-08-22,2026-08-22T14:00:00Z,Ilves Tampere vs VPS Vaasa,unibet_nl,OU25,UNDER,2.06
2026-08-19T09:23:27Z,Finland Veikkausliiga,2026-08-22,2026-08-22T14:00:00Z,Ilves Tampere vs VPS Vaasa,unibet_se,OU25,UNDER,2.06
2026-08-19T09:23:27Z,Finland Veikkausliiga,2026-08-22,2026-08-22T14:00:00Z,Ilves Tampere vs VPS Vaasa,williamhill,OU25,UNDER,2.25
2026-08-19T09:23:27Z,Argentina Primera Division,2026-08-22,2026-08-22T21:30:00Z,Independiente vs Independiente Rivadavia,betsson,OU25,OVER,2.38
2026-08-19T09:23:27Z,Argentina Primera Division,2026-08-22,2026-08-22T21:30:00Z,Independiente vs Independiente Rivadavia,codere_it,OU25,OVER,2.28
2026-08-19T09:23:27Z,Argentina Primera Division,2026-08-22,2026-08-22T21:30:00Z,Independiente vs Independiente Rivadavia,leovegas_se,OU25,OVER,2.14
2026-08-19T09:23:27Z,Argentina Primera Division,2026-08-22,2026-08-22T21:30:00Z,Independiente vs Independiente Rivadavia,nordicbet,OU25,OVER,2.38
2026-08-19T09:23:27Z,Argentina Primera Division,2026-08-22,2026-08-22T21:30:00Z,Independiente vs Independiente Rivadavia,onexbet,OU25,OVER,2.37
2026-08-19T09:23:27Z,Argentina Primera Division,2026-08-22,2026-08-22T21:30:00Z,Independiente vs Independiente Rivadavia,unibet_se,OU25,OVER,2.18
2026-08-19T09:23:27Z,Argentina Primera Division,2026-08-22,2026-08-22T21:30:00Z,Independiente vs Independiente Rivadavia,betsson,OU25,UNDER,1.55
2026-08-19T09:23:27Z,Argentina Primera Division,2026-08-22,2026-08-22T21:30:00Z,Independiente vs Independiente Rivadavia,codere_it,OU25,UNDER,1.54
2026-08-19T09:23:27Z,Argentina Primera Division,2026-08-22,2026-08-22T21:30:00Z,Independiente vs Independiente Rivadavia,leovegas_se,OU25,UNDER,1.62
2026-08-19T09:23:27Z,Argentina Primera Division,2026-08-22,2026-08-22T21:30:00Z,Independiente vs Independiente Rivadavia,nordicbet,OU25,UNDER,1.55
2026-08-19T09:23:27Z,Argentina Primera Division,2026-08-22,2026-08-22T21:30:00Z,Independiente vs Independiente Rivadavia,onexbet,OU25,UNDER,1.58
2026-08-19T09:23:27Z,Argentina Primera Division,2026-08-22,2026-08-22T21:30:00Z,Independiente vs Independiente Rivadavia,unibet_se,OU25,UNDER,1.65
2026-08-19T09:23:27Z,USA MLS,2026-08-22,2026-08-22T23:30:00Z,Inter Miami CF vs Toronto FC,betsson,OU25,OVER,1.35
2026-08-19T09:23:27Z,USA MLS,2026-08-22,2026-08-22T23:30:00Z,Inter Miami CF vs Toronto FC,nordicbet,OU25,OVER,1.35
2026-08-19T09:23:27Z,USA MLS,2026-08-22,2026-08-22T23:30:00Z,Inter Miami CF vs Toronto FC,williamhill,OU25,OVER,1.33
2026-08-19T09:23:27Z,USA MLS,2026-08-22,2026-08-22T23:30:00Z,Inter Miami CF vs Toronto FC,betsson,OU25,UNDER,3.15
2026-08-19T09:23:27Z,USA MLS,2026-08-22,2026-08-22T23:30:00Z,Inter Miami CF vs Toronto FC,nordicbet,OU25,UNDER,3.15
2026-08-19T09:23:27Z,USA MLS,2026-08-22,2026-08-22T23:30:00Z,Inter Miami CF vs Toronto FC,williamhill,OU25,UNDER,3.1
2026-08-19T09:23:27Z,USA MLS,2026-08-22,2026-08-22T23:30:00Z,Inter Miami CF vs Toronto FC,betonlineag,OU35,OVER,1.88
2026-08-19T09:23:27Z,USA MLS,2026-08-22,2026-08-22T23:30:00Z,Inter Miami CF vs Toronto FC,coolbet,OU35,OVER,1.85
2026-08-19T09:23:27Z,USA MLS,2026-08-22,2026-08-22T23:30:00Z,Inter Miami CF vs Toronto FC,gtbets,OU35,OVER,1.85
2026-08-19T09:23:27Z,USA MLS,2026-08-22,2026-08-22T23:30:00Z,Inter Miami CF vs Toronto FC,leovegas_se,OU35,OVER,1.71
2026-08-19T09:23:27Z,USA MLS,2026-08-22,2026-08-22T23:30:00Z,Inter Miami CF vs Toronto FC,mybookieag,OU35,OVER,1.82
2026-08-19T09:23:27Z,USA MLS,2026-08-22,2026-08-22T23:30:00Z,Inter Miami CF vs Toronto FC,onexbet,OU35,OVER,1.92
2026-08-19T09:23:27Z,USA MLS,2026-08-22,2026-08-22T23:30:00Z,Inter Miami CF vs Toronto FC,pmu_fr,OU35,OVER,1.6
2026-08-19T09:23:27Z,USA MLS,2026-08-22,2026-08-22T23:30:00Z,Inter Miami CF vs Toronto FC,unibet_nl,OU35,OVER,1.71
2026-08-19T09:23:27Z,USA MLS,2026-08-22,2026-08-22T23:30:00Z,Inter Miami CF vs Toronto FC,unibet_se,OU35,OVER,1.71
2026-08-19T09:23:27Z,USA MLS,2026-08-22,2026-08-22T23:30:00Z,Inter Miami CF vs Toronto FC,betonlineag,OU35,UNDER,1.93
2026-08-19T09:23:27Z,USA MLS,2026-08-22,2026-08-22T23:30:00Z,Inter Miami CF vs Toronto FC,coolbet,OU35,UNDER,1.93
2026-08-19T09:23:27Z,USA MLS,2026-08-22,2026-08-22T23:30:00Z,Inter Miami CF vs Toronto FC,gtbets,OU35,UNDER,1.92
2026-08-19T09:23:27Z,USA MLS,2026-08-22,2026-08-22T23:30:00Z,Inter Miami CF vs Toronto FC,leovegas_se,OU35,UNDER,2.1
2026-08-19T09:23:27Z,USA MLS,2026-08-22,2026-08-22T23:30:00Z,Inter Miami CF vs Toronto FC,mybookieag,OU35,UNDER,1.88
2026-08-19T09:23:27Z,USA MLS,2026-08-22,2026-08-22T23:30:00Z,Inter Miami CF vs Toronto FC,onexbet,OU35,UNDER,1.96
2026-08-19T09:23:27Z,USA MLS,2026-08-22,2026-08-22T23:30:00Z,Inter Miami CF vs Toronto FC,pmu_fr,OU35,UNDER,1.95
2026-08-19T09:23:27Z,USA MLS,2026-08-22,2026-08-22T23:30:00Z,Inter Miami CF vs Toronto FC,unibet_nl,OU35,UNDER,2.1
2026-08-19T09:23:27Z,USA MLS,2026-08-22,2026-08-22T23:30:00Z,Inter Miami CF vs Toronto FC,unibet_se,OU35,UNDER,2.1
2026-08-19T09:23:27Z,Brazil Serie A,2026-08-22,2026-08-22T21:30:00Z,Internacional vs Atletico Mineiro,betanysports,OU25,OVER,1.9
2026-08-19T09:23:27Z,Brazil Serie A,2026-08-22,2026-08-22T21:30:00Z,Internacional vs Atletico Mineiro,betonlineag,OU25,OVER,1.99
2026-08-19T09:23:27Z,Brazil Serie A,2026-08-22,2026-08-22T21:30:00Z,Internacional vs Atletico Mineiro,betsson,OU25,OVER,1.92
2026-08-19T09:23:27Z,Brazil Serie A,2026-08-22,2026-08-22T21:30:00Z,Internacional vs Atletico Mineiro,codere_it,OU25,OVER,1.92
2026-08-19T09:23:27Z,Brazil Serie A,2026-08-22,2026-08-22T21:30:00Z,Internacional vs Atletico Mineiro,coolbet,OU25,OVER,2.01
2026-08-19T09:23:27Z,Brazil Serie A,2026-08-22,2026-08-22T21:30:00Z,Internacional vs Atletico Mineiro,gtbets,OU25,OVER,1.96
2026-08-19T09:23:27Z,Brazil Serie A,2026-08-22,2026-08-22T21:30:00Z,Internacional vs Atletico Mineiro,leovegas_se,OU25,OVER,2.04
2026-08-19T09:23:27Z,Brazil Serie A,2026-08-22,2026-08-22T21:30:00Z,Internacional vs Atletico Mineiro,matchbook,OU25,OVER,1.88
2026-08-19T09:23:27Z,Brazil Serie A,2026-08-22,2026-08-22T21:30:00Z,Internacional vs Atletico Mineiro,mybookieag,OU25,OVER,1.94
2026-08-19T09:23:27Z,Brazil Serie A,2026-08-22,2026-08-22T21:30:00Z,Internacional vs Atletico Mineiro,nordicbet,OU25,OVER,1.92
2026-08-19T09:23:27Z,Brazil Serie A,2026-08-22,2026-08-22T21:30:00Z,Internacional vs Atletico Mineiro,onexbet,OU25,OVER,2.0
2026-08-19T09:23:27Z,Brazil Serie A,2026-08-22,2026-08-22T21:30:00Z,Internacional vs Atletico Mineiro,pinnacle,OU25,OVER,2.0
2026-08-19T09:23:27Z,Brazil Serie A,2026-08-22,2026-08-22T21:30:00Z,Internacional vs Atletico Mineiro,pmu_fr,OU25,OVER,1.94
2026-08-19T09:23:27Z,Brazil Serie A,2026-08-22,2026-08-22T21:30:00Z,Internacional vs Atletico Mineiro,tipico_de,OU25,OVER,1.93
2026-08-19T09:23:27Z,Brazil Serie A,2026-08-22,2026-08-22T21:30:00Z,Internacional vs Atletico Mineiro,unibet_nl,OU25,OVER,2.08
2026-08-19T09:23:27Z,Brazil Serie A,2026-08-22,2026-08-22T21:30:00Z,Internacional vs Atletico Mineiro,unibet_se,OU25,OVER,2.08
2026-08-19T09:23:27Z,Brazil Serie A,2026-08-22,2026-08-22T21:30:00Z,Internacional vs Atletico Mineiro,williamhill,OU25,OVER,2.05
2026-08-19T09:23:27Z,Brazil Serie A,2026-08-22,2026-08-22T21:30:00Z,Internacional vs Atletico Mineiro,betanysports,OU25,UNDER,1.84
2026-08-19T09:23:27Z,Brazil Serie A,2026-08-22,2026-08-22T21:30:00Z,Internacional vs Atletico Mineiro,betonlineag,OU25,UNDER,1.84
2026-08-19T09:23:27Z,Brazil Serie A,2026-08-22,2026-08-22T21:30:00Z,Internacional vs Atletico Mineiro,betsson,OU25,UNDER,1.82
2026-08-19T09:23:27Z,Brazil Serie A,2026-08-22,2026-08-22T21:30:00Z,Internacional vs Atletico Mineiro,codere_it,OU25,UNDER,1.76
2026-08-19T09:23:27Z,Brazil Serie A,2026-08-22,2026-08-22T21:30:00Z,Internacional vs Atletico Mineiro,coolbet,OU25,UNDER,1.78
2026-08-19T09:23:27Z,Brazil Serie A,2026-08-22,2026-08-22T21:30:00Z,Internacional vs Atletico Mineiro,gtbets,OU25,UNDER,1.81
2026-08-19T09:23:27Z,Brazil Serie A,2026-08-22,2026-08-22T21:30:00Z,Internacional vs Atletico Mineiro,leovegas_se,OU25,UNDER,1.68
2026-08-19T09:23:27Z,Brazil Serie A,2026-08-22,2026-08-22T21:30:00Z,Internacional vs Atletico Mineiro,matchbook,OU25,UNDER,1.74
2026-08-19T09:23:27Z,Brazil Serie A,2026-08-22,2026-08-22T21:30:00Z,Internacional vs Atletico Mineiro,mybookieag,OU25,UNDER,1.77
2026-08-19T09:23:27Z,Brazil Serie A,2026-08-22,2026-08-22T21:30:00Z,Internacional vs Atletico Mineiro,nordicbet,OU25,UNDER,1.82
2026-08-19T09:23:27Z,Brazil Serie A,2026-08-22,2026-08-22T21:30:00Z,Internacional vs Atletico Mineiro,onexbet,OU25,UNDER,1.84
2026-08-19T09:23:27Z,Brazil Serie A,2026-08-22,2026-08-22T21:30:00Z,Internacional vs Atletico Mineiro,pinnacle,OU25,UNDER,1.84
2026-08-19T09:23:27Z,Brazil Serie A,2026-08-22,2026-08-22T21:30:00Z,Internacional vs Atletico Mineiro,pmu_fr,OU25,UNDER,1.6
2026-08-19T09:23:27Z,Brazil Serie A,2026-08-22,2026-08-22T21:30:00Z,Internacional vs Atletico Mineiro,tipico_de,OU25,UNDER,1.77
2026-08-19T09:23:27Z,Brazil Serie A,2026-08-22,2026-08-22T21:30:00Z,Internacional vs Atletico Mineiro,unibet_nl,OU25,UNDER,1.71
2026-08-19T09:23:27Z,Brazil Serie A,2026-08-22,2026-08-22T21:30:00Z,Internacional vs Atletico Mineiro,unibet_se,OU25,UNDER,1.71
2026-08-19T09:23:27Z,Brazil Serie A,2026-08-22,2026-08-22T21:30:00Z,Internacional vs Atletico Mineiro,williamhill,OU25,UNDER,1.73
2026-08-19T09:23:27Z,Finland Veikkausliiga,2026-08-22,2026-08-22T14:00:00Z,Jaro vs AC Oulu,betonlineag,OU25,OVER,1.78
2026-08-19T09:23:27Z,Finland Veikkausliiga,2026-08-22,2026-08-22T14:00:00Z,Jaro vs AC Oulu,betsson,OU25,OVER,1.78
2026-08-19T09:23:27Z,Finland Veikkausliiga,2026-08-22,2026-08-22T14:00:00Z,Jaro vs AC Oulu,coolbet,OU25,OVER,1.76
2026-08-19T09:23:27Z,Finland Veikkausliiga,2026-08-22,2026-08-22T14:00:00Z,Jaro vs AC Oulu,gtbets,OU25,OVER,1.72
2026-08-19T09:23:27Z,Finland Veikkausliiga,2026-08-22,2026-08-22T14:00:00Z,Jaro vs AC Oulu,leovegas_se,OU25,OVER,1.62
2026-08-19T09:23:27Z,Finland Veikkausliiga,2026-08-22,2026-08-22T14:00:00Z,Jaro vs AC Oulu,nordicbet,OU25,OVER,1.78
2026-08-19T09:23:27Z,Finland Veikkausliiga,2026-08-22,2026-08-22T14:00:00Z,Jaro vs AC Oulu,onexbet,OU25,OVER,1.73
2026-08-19T09:23:27Z,Finland Veikkausliiga,2026-08-22,2026-08-22T14:00:00Z,Jaro vs AC Oulu,pmu_fr,OU25,OVER,1.55
2026-08-19T09:23:27Z,Finland Veikkausliiga,2026-08-22,2026-08-22T14:00:00Z,Jaro vs AC Oulu,tipico_de,OU25,OVER,1.7
2026-08-19T09:23:27Z,Finland Veikkausliiga,2026-08-22,2026-08-22T14:00:00Z,Jaro vs AC Oulu,unibet_nl,OU25,OVER,1.62
2026-08-19T09:23:27Z,Finland Veikkausliiga,2026-08-22,2026-08-22T14:00:00Z,Jaro vs AC Oulu,unibet_se,OU25,OVER,1.62
2026-08-19T09:23:27Z,Finland Veikkausliiga,2026-08-22,2026-08-22T14:00:00Z,Jaro vs AC Oulu,betonlineag,OU25,UNDER,2.09
2026-08-19T09:23:27Z,Finland Veikkausliiga,2026-08-22,2026-08-22T14:00:00Z,Jaro vs AC Oulu,betsson,OU25,UNDER,1.98
2026-08-19T09:23:27Z,Finland Veikkausliiga,2026-08-22,2026-08-22T14:00:00Z,Jaro vs AC Oulu,coolbet,OU25,UNDER,2.12
2026-08-19T09:23:27Z,Finland Veikkausliiga,2026-08-22,2026-08-22T14:00:00Z,Jaro vs AC Oulu,gtbets,OU25,UNDER,2.09
2026-08-19T09:23:27Z,Finland Veikkausliiga,2026-08-22,2026-08-22T14:00:00Z,Jaro vs AC Oulu,leovegas_se,OU25,UNDER,2.1
2026-08-19T09:23:27Z,Finland Veikkausliiga,2026-08-22,2026-08-22T14:00:00Z,Jaro vs AC Oulu,nordicbet,OU25,UNDER,1.98
2026-08-19T09:23:27Z,Finland Veikkausliiga,2026-08-22,2026-08-22T14:00:00Z,Jaro vs AC Oulu,onexbet,OU25,UNDER,2.07
2026-08-19T09:23:27Z,Finland Veikkausliiga,2026-08-22,2026-08-22T14:00:00Z,Jaro vs AC Oulu,pmu_fr,OU25,UNDER,2.04
2026-08-19T09:23:27Z,Finland Veikkausliiga,2026-08-22,2026-08-22T14:00:00Z,Jaro vs AC Oulu,tipico_de,OU25,UNDER,2.0
2026-08-19T09:23:27Z,Finland Veikkausliiga,2026-08-22,2026-08-22T14:00:00Z,Jaro vs AC Oulu,unibet_nl,OU25,UNDER,2.1
2026-08-19T09:23:27Z,Finland Veikkausliiga,2026-08-22,2026-08-22T14:00:00Z,Jaro vs AC Oulu,unibet_se,OU25,UNDER,2.1
2026-08-19T09:23:27Z,Japan J-League,2026-08-22,2026-08-22T09:00:00Z,Kashima Antlers vs Avispa Fukuoka,betsson,OU25,OVER,2.32
2026-08-19T09:23:27Z,Japan J-League,2026-08-22,2026-08-22T09:00:00Z,Kashima Antlers vs Avispa Fukuoka,leovegas_se,OU25,OVER,2.3
2026-08-19T09:23:27Z,Japan J-League,2026-08-22,2026-08-22T09:00:00Z,Kashima Antlers vs Avispa Fukuoka,nordicbet,OU25,OVER,2.32
2026-08-19T09:23:27Z,Japan J-League,2026-08-22,2026-08-22T09:00:00Z,Kashima Antlers vs Avispa Fukuoka,onexbet,OU25,OVER,2.38
2026-08-19T09:23:27Z,Japan J-League,2026-08-22,2026-08-22T09:00:00Z,Kashima Antlers vs Avispa Fukuoka,pmu_fr,OU25,OVER,2.23
2026-08-19T09:23:27Z,Japan J-League,2026-08-22,2026-08-22T09:00:00Z,Kashima Antlers vs Avispa Fukuoka,tipico_de,OU25,OVER,2.25
2026-08-19T09:23:27Z,Japan J-League,2026-08-22,2026-08-22T09:00:00Z,Kashima Antlers vs Avispa Fukuoka,unibet_nl,OU25,OVER,2.3
2026-08-19T09:23:27Z,Japan J-League,2026-08-22,2026-08-22T09:00:00Z,Kashima Antlers vs Avispa Fukuoka,unibet_se,OU25,OVER,2.3
2026-08-19T09:23:27Z,Japan J-League,2026-08-22,2026-08-22T09:00:00Z,Kashima Antlers vs Avispa Fukuoka,betsson,OU25,UNDER,1.52
2026-08-19T09:23:27Z,Japan J-League,2026-08-22,2026-08-22T09:00:00Z,Kashima Antlers vs Avispa Fukuoka,leovegas_se,OU25,UNDER,1.51
2026-08-19T09:23:27Z,Japan J-League,2026-08-22,2026-08-22T09:00:00Z,Kashima Antlers vs Avispa Fukuoka,nordicbet,OU25,UNDER,1.52
2026-08-19T09:23:27Z,Japan J-League,2026-08-22,2026-08-22T09:00:00Z,Kashima Antlers vs Avispa Fukuoka,onexbet,OU25,UNDER,1.59
2026-08-19T09:23:27Z,Japan J-League,2026-08-22,2026-08-22T09:00:00Z,Kashima Antlers vs Avispa Fukuoka,pmu_fr,OU25,UNDER,1.45
2026-08-19T09:23:27Z,Japan J-League,2026-08-22,2026-08-22T09:00:00Z,Kashima Antlers vs Avispa Fukuoka,tipico_de,OU25,UNDER,1.55
2026-08-19T09:23:27Z,Japan J-League,2026-08-22,2026-08-22T09:00:00Z,Kashima Antlers vs Avispa Fukuoka,unibet_nl,OU25,UNDER,1.51
2026-08-19T09:23:27Z,Japan J-League,2026-08-22,2026-08-22T09:00:00Z,Kashima Antlers vs Avispa Fukuoka,unibet_se,OU25,UNDER,1.51
2026-08-19T09:23:27Z,Japan J-League,2026-08-22,2026-08-22T10:00:00Z,Kyoto Purple Sanga vs Mito HollyHock,betsson,OU25,OVER,2.12
2026-08-19T09:23:27Z,Japan J-League,2026-08-22,2026-08-22T10:00:00Z,Kyoto Purple Sanga vs Mito HollyHock,nordicbet,OU25,OVER,2.12
2026-08-19T09:23:27Z,Japan J-League,2026-08-22,2026-08-22T10:00:00Z,Kyoto Purple Sanga vs Mito HollyHock,onexbet,OU25,OVER,2.2
2026-08-19T09:23:27Z,Japan J-League,2026-08-22,2026-08-22T10:00:00Z,Kyoto Purple Sanga vs Mito HollyHock,tipico_de,OU25,OVER,2.1
2026-08-19T09:23:27Z,Japan J-League,2026-08-22,2026-08-22T10:00:00Z,Kyoto Purple Sanga vs Mito HollyHock,williamhill,OU25,OVER,2.1
2026-08-19T09:23:27Z,Japan J-League,2026-08-22,2026-08-22T10:00:00Z,Kyoto Purple Sanga vs Mito HollyHock,betsson,OU25,UNDER,1.65
2026-08-19T09:23:27Z,Japan J-League,2026-08-22,2026-08-22T10:00:00Z,Kyoto Purple Sanga vs Mito HollyHock,nordicbet,OU25,UNDER,1.65
2026-08-19T09:23:27Z,Japan J-League,2026-08-22,2026-08-22T10:00:00Z,Kyoto Purple Sanga vs Mito HollyHock,onexbet,OU25,UNDER,1.69
2026-08-19T09:23:27Z,Japan J-League,2026-08-22,2026-08-22T10:00:00Z,Kyoto Purple Sanga vs Mito HollyHock,tipico_de,OU25,UNDER,1.65
2026-08-19T09:23:27Z,Japan J-League,2026-08-22,2026-08-22T10:00:00Z,Kyoto Purple Sanga vs Mito HollyHock,williamhill,OU25,UNDER,1.67
2026-08-19T09:23:27Z,League One,2026-08-22,2026-08-22T14:00:00Z,Leicester City vs Burton Albion,betsson,OU25,OVER,1.65
2026-08-19T09:23:27Z,League One,2026-08-22,2026-08-22T14:00:00Z,Leicester City vs Burton Albion,codere_it,OU25,OVER,1.59
2026-08-19T09:23:27Z,League One,2026-08-22,2026-08-22T14:00:00Z,Leicester City vs Burton Albion,leovegas_se,OU25,OVER,1.6
2026-08-19T09:23:27Z,League One,2026-08-22,2026-08-22T14:00:00Z,Leicester City vs Burton Albion,nordicbet,OU25,OVER,1.65
2026-08-19T09:23:27Z,League One,2026-08-22,2026-08-22T14:00:00Z,Leicester City vs Burton Albion,onexbet,OU25,OVER,1.66
2026-08-19T09:23:27Z,League One,2026-08-22,2026-08-22T14:00:00Z,Leicester City vs Burton Albion,tipico_de,OU25,OVER,1.6
2026-08-19T09:23:27Z,League One,2026-08-22,2026-08-22T14:00:00Z,Leicester City vs Burton Albion,unibet_nl,OU25,OVER,1.6
2026-08-19T09:23:27Z,League One,2026-08-22,2026-08-22T14:00:00Z,Leicester City vs Burton Albion,unibet_se,OU25,OVER,1.6
2026-08-19T09:23:27Z,League One,2026-08-22,2026-08-22T14:00:00Z,Leicester City vs Burton Albion,williamhill,OU25,OVER,1.6
2026-08-19T09:23:27Z,League One,2026-08-22,2026-08-22T14:00:00Z,Leicester City vs Burton Albion,betsson,OU25,UNDER,2.12
2026-08-19T09:23:27Z,League One,2026-08-22,2026-08-22T14:00:00Z,Leicester City vs Burton Albion,codere_it,OU25,UNDER,2.12
2026-08-19T09:23:27Z,League One,2026-08-22,2026-08-22T14:00:00Z,Leicester City vs Burton Albion,leovegas_se,OU25,UNDER,2.15
2026-08-19T09:23:27Z,League One,2026-08-22,2026-08-22T14:00:00Z,Leicester City vs Burton Albion,nordicbet,OU25,UNDER,2.12
2026-08-19T09:23:27Z,League One,2026-08-22,2026-08-22T14:00:00Z,Leicester City vs Burton Albion,onexbet,OU25,UNDER,2.18
2026-08-19T09:23:27Z,League One,2026-08-22,2026-08-22T14:00:00Z,Leicester City vs Burton Albion,tipico_de,OU25,UNDER,2.2
2026-08-19T09:23:27Z,League One,2026-08-22,2026-08-22T14:00:00Z,Leicester City vs Burton Albion,unibet_nl,OU25,UNDER,2.15
2026-08-19T09:23:27Z,League One,2026-08-22,2026-08-22T14:00:00Z,Leicester City vs Burton Albion,unibet_se,OU25,UNDER,2.15
2026-08-19T09:23:27Z,League One,2026-08-22,2026-08-22T14:00:00Z,Leicester City vs Burton Albion,williamhill,OU25,UNDER,2.25
2026-08-19T09:23:27Z,Mexico Liga MX,2026-08-22,2026-08-22T01:00:00Z,León vs Monterrey,betsson,OU25,OVER,1.6
2026-08-19T09:23:27Z,Mexico Liga MX,2026-08-22,2026-08-22T01:00:00Z,León vs Monterrey,gtbets,OU25,OVER,1.63
2026-08-19T09:23:27Z,Mexico Liga MX,2026-08-22,2026-08-22T01:00:00Z,León vs Monterrey,leovegas_se,OU25,OVER,1.51
2026-08-19T09:23:27Z,Mexico Liga MX,2026-08-22,2026-08-22T01:00:00Z,León vs Monterrey,matchbook,OU25,OVER,1.68
2026-08-19T09:23:27Z,Mexico Liga MX,2026-08-22,2026-08-22T01:00:00Z,León vs Monterrey,nordicbet,OU25,OVER,1.6
2026-08-19T09:23:27Z,Mexico Liga MX,2026-08-22,2026-08-22T01:00:00Z,León vs Monterrey,onexbet,OU25,OVER,1.61
2026-08-19T09:23:27Z,Mexico Liga MX,2026-08-22,2026-08-22T01:00:00Z,León vs Monterrey,pmu_fr,OU25,OVER,1.47
2026-08-19T09:23:27Z,Mexico Liga MX,2026-08-22,2026-08-22T01:00:00Z,León vs Monterrey,tipico_de,OU25,OVER,1.55
2026-08-19T09:23:27Z,Mexico Liga MX,2026-08-22,2026-08-22T01:00:00Z,León vs Monterrey,unibet_nl,OU25,OVER,1.54
2026-08-19T09:23:27Z,Mexico Liga MX,2026-08-22,2026-08-22T01:00:00Z,León vs Monterrey,unibet_se,OU25,OVER,1.54
2026-08-19T09:23:27Z,Mexico Liga MX,2026-08-22,2026-08-22T01:00:00Z,León vs Monterrey,williamhill,OU25,OVER,1.62
2026-08-19T09:23:27Z,Mexico Liga MX,2026-08-22,2026-08-22T01:00:00Z,León vs Monterrey,betsson,OU25,UNDER,2.22
2026-08-19T09:23:27Z,Mexico Liga MX,2026-08-22,2026-08-22T01:00:00Z,León vs Monterrey,gtbets,OU25,UNDER,2.2
2026-08-19T09:23:27Z,Mexico Liga MX,2026-08-22,2026-08-22T01:00:00Z,León vs Monterrey,leovegas_se,OU25,UNDER,2.28
2026-08-19T09:23:27Z,Mexico Liga MX,2026-08-22,2026-08-22T01:00:00Z,León vs Monterrey,matchbook,OU25,UNDER,2.1
2026-08-19T09:23:27Z,Mexico Liga MX,2026-08-22,2026-08-22T01:00:00Z,León vs Monterrey,nordicbet,OU25,UNDER,2.22
2026-08-19T09:23:27Z,Mexico Liga MX,2026-08-22,2026-08-22T01:00:00Z,León vs Monterrey,onexbet,OU25,UNDER,2.25
2026-08-19T09:23:27Z,Mexico Liga MX,2026-08-22,2026-08-22T01:00:00Z,León vs Monterrey,pmu_fr,OU25,UNDER,2.2
2026-08-19T09:23:27Z,Mexico Liga MX,2026-08-22,2026-08-22T01:00:00Z,León vs Monterrey,tipico_de,OU25,UNDER,2.25
2026-08-19T09:23:27Z,Mexico Liga MX,2026-08-22,2026-08-22T01:00:00Z,León vs Monterrey,unibet_nl,OU25,UNDER,2.3
2026-08-19T09:23:27Z,Mexico Liga MX,2026-08-22,2026-08-22T01:00:00Z,León vs Monterrey,unibet_se,OU25,UNDER,2.3
2026-08-19T09:23:27Z,Mexico Liga MX,2026-08-22,2026-08-22T01:00:00Z,León vs Monterrey,williamhill,OU25,UNDER,2.1
2026-08-19T09:23:27Z,Championship,2026-08-22,2026-08-22T11:30:00Z,Lincoln City vs Portsmouth,betonlineag,OU25,OVER,1.95
2026-08-19T09:23:27Z,Championship,2026-08-22,2026-08-22T11:30:00Z,Lincoln City vs Portsmouth,betsson,OU25,OVER,1.92
2026-08-19T09:23:27Z,Championship,2026-08-22,2026-08-22T11:30:00Z,Lincoln City vs Portsmouth,codere_it,OU25,OVER,1.85
2026-08-19T09:23:27Z,Championship,2026-08-22,2026-08-22T11:30:00Z,Lincoln City vs Portsmouth,coolbet,OU25,OVER,1.96
2026-08-19T09:23:27Z,Championship,2026-08-22,2026-08-22T11:30:00Z,Lincoln City vs Portsmouth,gtbets,OU25,OVER,1.93
2026-08-19T09:23:27Z,Championship,2026-08-22,2026-08-22T11:30:00Z,Lincoln City vs Portsmouth,leovegas_se,OU25,OVER,1.97
2026-08-19T09:23:27Z,Championship,2026-08-22,2026-08-22T11:30:00Z,Lincoln City vs Portsmouth,matchbook,OU25,OVER,1.82
2026-08-19T09:23:27Z,Championship,2026-08-22,2026-08-22T11:30:00Z,Lincoln City vs Portsmouth,nordicbet,OU25,OVER,1.92
2026-08-19T09:23:27Z,Championship,2026-08-22,2026-08-22T11:30:00Z,Lincoln City vs Portsmouth,onexbet,OU25,OVER,1.91
2026-08-19T09:23:27Z,Championship,2026-08-22,2026-08-22T11:30:00Z,Lincoln City vs Portsmouth,pinnacle,OU25,OVER,1.94
2026-08-19T09:23:27Z,Championship,2026-08-22,2026-08-22T11:30:00Z,Lincoln City vs Portsmouth,pmu_fr,OU25,OVER,1.88
2026-08-19T09:23:27Z,Championship,2026-08-22,2026-08-22T11:30:00Z,Lincoln City vs Portsmouth,tipico_de,OU25,OVER,1.85
2026-08-19T09:23:27Z,Championship,2026-08-22,2026-08-22T11:30:00Z,Lincoln City vs Portsmouth,unibet_nl,OU25,OVER,1.97
2026-08-19T09:23:27Z,Championship,2026-08-22,2026-08-22T11:30:00Z,Lincoln City vs Portsmouth,unibet_se,OU25,OVER,1.97
2026-08-19T09:23:27Z,Championship,2026-08-22,2026-08-22T11:30:00Z,Lincoln City vs Portsmouth,williamhill,OU25,OVER,1.85
2026-08-19T09:23:27Z,Championship,2026-08-22,2026-08-22T11:30:00Z,Lincoln City vs Portsmouth,betonlineag,OU25,UNDER,1.87
2026-08-19T09:23:27Z,Championship,2026-08-22,2026-08-22T11:30:00Z,Lincoln City vs Portsmouth,betsson,OU25,UNDER,1.85
2026-08-19T09:23:27Z,Championship,2026-08-22,2026-08-22T11:30:00Z,Lincoln City vs Portsmouth,codere_it,OU25,UNDER,1.82
2026-08-19T09:23:27Z,Championship,2026-08-22,2026-08-22T11:30:00Z,Lincoln City vs Portsmouth,coolbet,OU25,UNDER,1.82
2026-08-19T09:23:27Z,Championship,2026-08-22,2026-08-22T11:30:00Z,Lincoln City vs Portsmouth,gtbets,OU25,UNDER,1.85
2026-08-19T09:23:27Z,Championship,2026-08-22,2026-08-22T11:30:00Z,Lincoln City vs Portsmouth,leovegas_se,OU25,UNDER,1.75
2026-08-19T09:23:27Z,Championship,2026-08-22,2026-08-22T11:30:00Z,Lincoln City vs Portsmouth,matchbook,OU25,UNDER,1.79
2026-08-19T09:23:27Z,Championship,2026-08-22,2026-08-22T11:30:00Z,Lincoln City vs Portsmouth,nordicbet,OU25,UNDER,1.85
2026-08-19T09:23:27Z,Championship,2026-08-22,2026-08-22T11:30:00Z,Lincoln City vs Portsmouth,onexbet,OU25,UNDER,1.86
2026-08-19T09:23:27Z,Championship,2026-08-22,2026-08-22T11:30:00Z,Lincoln City vs Portsmouth,pinnacle,OU25,UNDER,1.89
2026-08-19T09:23:27Z,Championship,2026-08-22,2026-08-22T11:30:00Z,Lincoln City vs Portsmouth,pmu_fr,OU25,UNDER,1.65
2026-08-19T09:23:27Z,Championship,2026-08-22,2026-08-22T11:30:00Z,Lincoln City vs Portsmouth,tipico_de,OU25,UNDER,1.83
2026-08-19T09:23:27Z,Championship,2026-08-22,2026-08-22T11:30:00Z,Lincoln City vs Portsmouth,unibet_nl,OU25,UNDER,1.75
2026-08-19T09:23:27Z,Championship,2026-08-22,2026-08-22T11:30:00Z,Lincoln City vs Portsmouth,unibet_se,OU25,UNDER,1.75
2026-08-19T09:23:27Z,Championship,2026-08-22,2026-08-22T11:30:00Z,Lincoln City vs Portsmouth,williamhill,OU25,UNDER,1.85
2026-08-19T09:23:27Z,League One,2026-08-22,2026-08-22T11:30:00Z,Luton vs Notts County,betsson,OU25,OVER,1.72
2026-08-19T09:23:27Z,League One,2026-08-22,2026-08-22T11:30:00Z,Luton vs Notts County,codere_it,OU25,OVER,1.68
2026-08-19T09:23:27Z,League One,2026-08-22,2026-08-22T11:30:00Z,Luton vs Notts County,coolbet,OU25,OVER,1.71
2026-08-19T09:23:27Z,League One,2026-08-22,2026-08-22T11:30:00Z,Luton vs Notts County,leovegas_se,OU25,OVER,1.71
2026-08-19T09:23:27Z,League One,2026-08-22,2026-08-22T11:30:00Z,Luton vs Notts County,nordicbet,OU25,OVER,1.72
2026-08-19T09:23:27Z,League One,2026-08-22,2026-08-22T11:30:00Z,Luton vs Notts County,onexbet,OU25,OVER,1.73
2026-08-19T09:23:27Z,League One,2026-08-22,2026-08-22T11:30:00Z,Luton vs Notts County,tipico_de,OU25,OVER,1.67
2026-08-19T09:23:27Z,League One,2026-08-22,2026-08-22T11:30:00Z,Luton vs Notts County,unibet_nl,OU25,OVER,1.71
2026-08-19T09:23:27Z,League One,2026-08-22,2026-08-22T11:30:00Z,Luton vs Notts County,unibet_se,OU25,OVER,1.71
2026-08-19T09:23:27Z,League One,2026-08-22,2026-08-22T11:30:00Z,Luton vs Notts County,williamhill,OU25,OVER,1.7
2026-08-19T09:23:27Z,League One,2026-08-22,2026-08-22T11:30:00Z,Luton vs Notts County,betsson,OU25,UNDER,2.02
2026-08-19T09:23:27Z,League One,2026-08-22,2026-08-22T11:30:00Z,Luton vs Notts County,codere_it,OU25,UNDER,1.99
2026-08-19T09:23:27Z,League One,2026-08-22,2026-08-22T11:30:00Z,Luton vs Notts County,coolbet,OU25,UNDER,2.06
2026-08-19T09:23:27Z,League One,2026-08-22,2026-08-22T11:30:00Z,Luton vs Notts County,leovegas_se,OU25,UNDER,1.96
2026-08-19T09:23:27Z,League One,2026-08-22,2026-08-22T11:30:00Z,Luton vs Notts County,nordicbet,OU25,UNDER,2.02
2026-08-19T09:23:27Z,League One,2026-08-22,2026-08-22T11:30:00Z,Luton vs Notts County,onexbet,OU25,UNDER,2.07
2026-08-19T09:23:27Z,League One,2026-08-22,2026-08-22T11:30:00Z,Luton vs Notts County,tipico_de,OU25,UNDER,2.05
2026-08-19T09:23:27Z,League One,2026-08-22,2026-08-22T11:30:00Z,Luton vs Notts County,unibet_nl,OU25,UNDER,1.96
2026-08-19T09:23:27Z,League One,2026-08-22,2026-08-22T11:30:00Z,Luton vs Notts County,unibet_se,OU25,UNDER,1.96
2026-08-19T09:23:27Z,League One,2026-08-22,2026-08-22T11:30:00Z,Luton vs Notts County,williamhill,OU25,UNDER,2.05
2026-08-19T09:23:27Z,Championship,2026-08-22,2026-08-22T11:30:00Z,Millwall vs Norwich City,betonlineag,OU25,OVER,1.94
2026-08-19T09:23:27Z,Championship,2026-08-22,2026-08-22T11:30:00Z,Millwall vs Norwich City,betsson,OU25,OVER,1.92
2026-08-19T09:23:27Z,Championship,2026-08-22,2026-08-22T11:30:00Z,Millwall vs Norwich City,codere_it,OU25,OVER,1.87
2026-08-19T09:23:27Z,Championship,2026-08-22,2026-08-22T11:30:00Z,Millwall vs Norwich City,coolbet,OU25,OVER,1.9
2026-08-19T09:23:27Z,Championship,2026-08-22,2026-08-22T11:30:00Z,Millwall vs Norwich City,gtbets,OU25,OVER,1.92
2026-08-19T09:23:27Z,Championship,2026-08-22,2026-08-22T11:30:00Z,Millwall vs Norwich City,leovegas_se,OU25,OVER,1.93
2026-08-19T09:23:27Z,Championship,2026-08-22,2026-08-22T11:30:00Z,Millwall vs Norwich City,matchbook,OU25,OVER,1.8
2026-08-19T09:23:27Z,Championship,2026-08-22,2026-08-22T11:30:00Z,Millwall vs Norwich City,nordicbet,OU25,OVER,1.92
2026-08-19T09:23:27Z,Championship,2026-08-22,2026-08-22T11:30:00Z,Millwall vs Norwich City,onexbet,OU25,OVER,1.92
2026-08-19T09:23:27Z,Championship,2026-08-22,2026-08-22T11:30:00Z,Millwall vs Norwich City,pinnacle,OU25,OVER,1.96
2026-08-19T09:23:27Z,Championship,2026-08-22,2026-08-22T11:30:00Z,Millwall vs Norwich City,pmu_fr,OU25,OVER,1.83
2026-08-19T09:23:27Z,Championship,2026-08-22,2026-08-22T11:30:00Z,Millwall vs Norwich City,tipico_de,OU25,OVER,1.85
2026-08-19T09:23:27Z,Championship,2026-08-22,2026-08-22T11:30:00Z,Millwall vs Norwich City,unibet_nl,OU25,OVER,1.93
2026-08-19T09:23:27Z,Championship,2026-08-22,2026-08-22T11:30:00Z,Millwall vs Norwich City,unibet_se,OU25,OVER,1.93
2026-08-19T09:23:27Z,Championship,2026-08-22,2026-08-22T11:30:00Z,Millwall vs Norwich City,williamhill,OU25,OVER,1.85
2026-08-19T09:23:27Z,Championship,2026-08-22,2026-08-22T11:30:00Z,Millwall vs Norwich City,betonlineag,OU25,UNDER,1.88
2026-08-19T09:23:27Z,Championship,2026-08-22,2026-08-22T11:30:00Z,Millwall vs Norwich City,betsson,OU25,UNDER,1.85
2026-08-19T09:23:27Z,Championship,2026-08-22,2026-08-22T11:30:00Z,Millwall vs Norwich City,codere_it,OU25,UNDER,1.8
2026-08-19T09:23:27Z,Championship,2026-08-22,2026-08-22T11:30:00Z,Millwall vs Norwich City,coolbet,OU25,UNDER,1.87
2026-08-19T09:23:27Z,Championship,2026-08-22,2026-08-22T11:30:00Z,Millwall vs Norwich City,gtbets,OU25,UNDER,1.85
2026-08-19T09:23:27Z,Championship,2026-08-22,2026-08-22T11:30:00Z,Millwall vs Norwich City,leovegas_se,OU25,UNDER,1.78
2026-08-19T09:23:27Z,Championship,2026-08-22,2026-08-22T11:30:00Z,Millwall vs Norwich City,matchbook,OU25,UNDER,1.74
2026-08-19T09:23:27Z,Championship,2026-08-22,2026-08-22T11:30:00Z,Millwall vs Norwich City,nordicbet,OU25,UNDER,1.85
2026-08-19T09:23:27Z,Championship,2026-08-22,2026-08-22T11:30:00Z,Millwall vs Norwich City,onexbet,OU25,UNDER,1.85
2026-08-19T09:23:27Z,Championship,2026-08-22,2026-08-22T11:30:00Z,Millwall vs Norwich City,pinnacle,OU25,UNDER,1.88
2026-08-19T09:23:27Z,Championship,2026-08-22,2026-08-22T11:30:00Z,Millwall vs Norwich City,pmu_fr,OU25,UNDER,1.68
2026-08-19T09:23:27Z,Championship,2026-08-22,2026-08-22T11:30:00Z,Millwall vs Norwich City,tipico_de,OU25,UNDER,1.83
2026-08-19T09:23:27Z,Championship,2026-08-22,2026-08-22T11:30:00Z,Millwall vs Norwich City,unibet_nl,OU25,UNDER,1.78
2026-08-19T09:23:27Z,Championship,2026-08-22,2026-08-22T11:30:00Z,Millwall vs Norwich City,unibet_se,OU25,UNDER,1.78
2026-08-19T09:23:27Z,Championship,2026-08-22,2026-08-22T11:30:00Z,Millwall vs Norwich City,williamhill,OU25,UNDER,1.85
2026-08-19T09:23:27Z,League One,2026-08-22,2026-08-22T14:00:00Z,Milton Keynes Dons vs Huddersfield Town,betsson,OU25,OVER,1.85
2026-08-19T09:23:27Z,League One,2026-08-22,2026-08-22T14:00:00Z,Milton Keynes Dons vs Huddersfield Town,codere_it,OU25,OVER,1.84
2026-08-19T09:23:27Z,League One,2026-08-22,2026-08-22T14:00:00Z,Milton Keynes Dons vs Huddersfield Town,coolbet,OU25,OVER,1.82
2026-08-19T09:23:27Z,League One,2026-08-22,2026-08-22T14:00:00Z,Milton Keynes Dons vs Huddersfield Town,leovegas_se,OU25,OVER,1.83
2026-08-19T09:23:27Z,League One,2026-08-22,2026-08-22T14:00:00Z,Milton Keynes Dons vs Huddersfield Town,nordicbet,OU25,OVER,1.85
2026-08-19T09:23:27Z,League One,2026-08-22,2026-08-22T14:00:00Z,Milton Keynes Dons vs Huddersfield Town,onexbet,OU25,OVER,1.85
2026-08-19T09:23:27Z,League One,2026-08-22,2026-08-22T14:00:00Z,Milton Keynes Dons vs Huddersfield Town,pinnacle,OU25,OVER,1.85
2026-08-19T09:23:27Z,League One,2026-08-22,2026-08-22T14:00:00Z,Milton Keynes Dons vs Huddersfield Town,tipico_de,OU25,OVER,1.8
2026-08-19T09:23:27Z,League One,2026-08-22,2026-08-22T14:00:00Z,Milton Keynes Dons vs Huddersfield Town,unibet_nl,OU25,OVER,1.83
2026-08-19T09:23:27Z,League One,2026-08-22,2026-08-22T14:00:00Z,Milton Keynes Dons vs Huddersfield Town,unibet_se,OU25,OVER,1.83
2026-08-19T09:23:27Z,League One,2026-08-22,2026-08-22T14:00:00Z,Milton Keynes Dons vs Huddersfield Town,williamhill,OU25,OVER,1.85
2026-08-19T09:23:27Z,League One,2026-08-22,2026-08-22T14:00:00Z,Milton Keynes Dons vs Huddersfield Town,betsson,OU25,UNDER,1.88
2026-08-19T09:23:27Z,League One,2026-08-22,2026-08-22T14:00:00Z,Milton Keynes Dons vs Huddersfield Town,codere_it,OU25,UNDER,1.8
2026-08-19T09:23:27Z,League One,2026-08-22,2026-08-22T14:00:00Z,Milton Keynes Dons vs Huddersfield Town,coolbet,OU25,UNDER,1.92
2026-08-19T09:23:27Z,League One,2026-08-22,2026-08-22T14:00:00Z,Milton Keynes Dons vs Huddersfield Town,leovegas_se,OU25,UNDER,1.83
2026-08-19T09:23:27Z,League One,2026-08-22,2026-08-22T14:00:00Z,Milton Keynes Dons vs Huddersfield Town,nordicbet,OU25,UNDER,1.88
2026-08-19T09:23:27Z,League One,2026-08-22,2026-08-22T14:00:00Z,Milton Keynes Dons vs Huddersfield Town,onexbet,OU25,UNDER,1.92
2026-08-19T09:23:27Z,League One,2026-08-22,2026-08-22T14:00:00Z,Milton Keynes Dons vs Huddersfield Town,pinnacle,OU25,UNDER,1.97
2026-08-19T09:23:27Z,League One,2026-08-22,2026-08-22T14:00:00Z,Milton Keynes Dons vs Huddersfield Town,tipico_de,OU25,UNDER,1.9
2026-08-19T09:23:27Z,League One,2026-08-22,2026-08-22T14:00:00Z,Milton Keynes Dons vs Huddersfield Town,unibet_nl,OU25,UNDER,1.83
2026-08-19T09:23:27Z,League One,2026-08-22,2026-08-22T14:00:00Z,Milton Keynes Dons vs Huddersfield Town,unibet_se,OU25,UNDER,1.83
2026-08-19T09:23:27Z,League One,2026-08-22,2026-08-22T14:00:00Z,Milton Keynes Dons vs Huddersfield Town,williamhill,OU25,UNDER,1.85
2026-08-19T09:23:27Z,Japan J-League,2026-08-22,2026-08-22T10:00:00Z,Nagoya Grampus vs Gamba Osaka,betsson,OU25,OVER,1.82
2026-08-19T09:23:27Z,Japan J-League,2026-08-22,2026-08-22T10:00:00Z,Nagoya Grampus vs Gamba Osaka,coolbet,OU25,OVER,1.87
2026-08-19T09:23:27Z,Japan J-League,2026-08-22,2026-08-22T10:00:00Z,Nagoya Grampus vs Gamba Osaka,nordicbet,OU25,OVER,1.82
2026-08-19T09:23:27Z,Japan J-League,2026-08-22,2026-08-22T10:00:00Z,Nagoya Grampus vs Gamba Osaka,onexbet,OU25,OVER,1.88
2026-08-19T09:23:27Z,Japan J-League,2026-08-22,2026-08-22T10:00:00Z,Nagoya Grampus vs Gamba Osaka,pinnacle,OU25,OVER,1.87
2026-08-19T09:23:27Z,Japan J-League,2026-08-22,2026-08-22T10:00:00Z,Nagoya Grampus vs Gamba Osaka,tipico_de,OU25,OVER,1.77
2026-08-19T09:23:27Z,Japan J-League,2026-08-22,2026-08-22T10:00:00Z,Nagoya Grampus vs Gamba Osaka,betsson,OU25,UNDER,1.88
2026-08-19T09:23:27Z,Japan J-League,2026-08-22,2026-08-22T10:00:00Z,Nagoya Grampus vs Gamba Osaka,coolbet,OU25,UNDER,1.95
2026-08-19T09:23:27Z,Japan J-League,2026-08-22,2026-08-22T10:00:00Z,Nagoya Grampus vs Gamba Osaka,nordicbet,OU25,UNDER,1.88
2026-08-19T09:23:27Z,Japan J-League,2026-08-22,2026-08-22T10:00:00Z,Nagoya Grampus vs Gamba Osaka,onexbet,OU25,UNDER,1.95
2026-08-19T09:23:27Z,Japan J-League,2026-08-22,2026-08-22T10:00:00Z,Nagoya Grampus vs Gamba Osaka,pinnacle,OU25,UNDER,1.96
2026-08-19T09:23:27Z,Japan J-League,2026-08-22,2026-08-22T10:00:00Z,Nagoya Grampus vs Gamba Osaka,tipico_de,OU25,UNDER,1.93
2026-08-19T09:23:27Z,USA MLS,2026-08-22,2026-08-22T23:30:00Z,New York Red Bulls vs Chicago Fire,betsson,OU25,OVER,1.39
2026-08-19T09:23:27Z,USA MLS,2026-08-22,2026-08-22T23:30:00Z,New York Red Bulls vs Chicago Fire,nordicbet,OU25,OVER,1.39
2026-08-19T09:23:27Z,USA MLS,2026-08-22,2026-08-22T23:30:00Z,New York Red Bulls vs Chicago Fire,betsson,OU25,UNDER,2.95
2026-08-19T09:23:27Z,USA MLS,2026-08-22,2026-08-22T23:30:00Z,New York Red Bulls vs Chicago Fire,nordicbet,OU25,UNDER,2.95
2026-08-19T09:23:27Z,USA MLS,2026-08-22,2026-08-22T23:30:00Z,New York Red Bulls vs Chicago Fire,coolbet,OU35,OVER,1.98
2026-08-19T09:23:27Z,USA MLS,2026-08-22,2026-08-22T23:30:00Z,New York Red Bulls vs Chicago Fire,gtbets,OU35,OVER,1.96
2026-08-19T09:23:27Z,USA MLS,2026-08-22,2026-08-22T23:30:00Z,New York Red Bulls vs Chicago Fire,leovegas_se,OU35,OVER,1.97
2026-08-19T09:23:27Z,USA MLS,2026-08-22,2026-08-22T23:30:00Z,New York Red Bulls vs Chicago Fire,mybookieag,OU35,OVER,1.93
2026-08-19T09:23:27Z,USA MLS,2026-08-22,2026-08-22T23:30:00Z,New York Red Bulls vs Chicago Fire,onexbet,OU35,OVER,2.02
2026-08-19T09:23:27Z,USA MLS,2026-08-22,2026-08-22T23:30:00Z,New York Red Bulls vs Chicago Fire,pmu_fr,OU35,OVER,1.85
2026-08-19T09:23:27Z,USA MLS,2026-08-22,2026-08-22T23:30:00Z,New York Red Bulls vs Chicago Fire,unibet_nl,OU35,OVER,1.97
2026-08-19T09:23:27Z,USA MLS,2026-08-22,2026-08-22T23:30:00Z,New York Red Bulls vs Chicago Fire,unibet_se,OU35,OVER,1.97
2026-08-19T09:23:27Z,USA MLS,2026-08-22,2026-08-22T23:30:00Z,New York Red Bulls vs Chicago Fire,coolbet,OU35,UNDER,1.8
2026-08-19T09:23:27Z,USA MLS,2026-08-22,2026-08-22T23:30:00Z,New York Red Bulls vs Chicago Fire,gtbets,OU35,UNDER,1.82
2026-08-19T09:23:27Z,USA MLS,2026-08-22,2026-08-22T23:30:00Z,New York Red Bulls vs Chicago Fire,leovegas_se,OU35,UNDER,1.78
2026-08-19T09:23:27Z,USA MLS,2026-08-22,2026-08-22T23:30:00Z,New York Red Bulls vs Chicago Fire,mybookieag,OU35,UNDER,1.79
2026-08-19T09:23:27Z,USA MLS,2026-08-22,2026-08-22T23:30:00Z,New York Red Bulls vs Chicago Fire,onexbet,OU35,UNDER,1.87
2026-08-19T09:23:27Z,USA MLS,2026-08-22,2026-08-22T23:30:00Z,New York Red Bulls vs Chicago Fire,pmu_fr,OU35,UNDER,1.67
2026-08-19T09:23:27Z,USA MLS,2026-08-22,2026-08-22T23:30:00Z,New York Red Bulls vs Chicago Fire,unibet_nl,OU35,UNDER,1.78
2026-08-19T09:23:27Z,USA MLS,2026-08-22,2026-08-22T23:30:00Z,New York Red Bulls vs Chicago Fire,unibet_se,OU35,UNDER,1.78
2026-08-19T09:23:27Z,USA MLS,2026-08-22,2026-08-22T23:30:00Z,Orlando City SC vs Real Salt Lake,betonlineag,OU35,OVER,2.04
2026-08-19T09:23:27Z,USA MLS,2026-08-22,2026-08-22T23:30:00Z,Orlando City SC vs Real Salt Lake,coolbet,OU35,OVER,1.93
2026-08-19T09:23:27Z,USA MLS,2026-08-22,2026-08-22T23:30:00Z,Orlando City SC vs Real Salt Lake,gtbets,OU35,OVER,2.0
2026-08-19T09:23:27Z,USA MLS,2026-08-22,2026-08-22T23:30:00Z,Orlando City SC vs Real Salt Lake,leovegas_se,OU35,OVER,1.82
2026-08-19T09:23:27Z,USA MLS,2026-08-22,2026-08-22T23:30:00Z,Orlando City SC vs Real Salt Lake,mybookieag,OU35,OVER,1.97
2026-08-19T09:23:27Z,USA MLS,2026-08-22,2026-08-22T23:30:00Z,Orlando City SC vs Real Salt Lake,onexbet,OU35,OVER,1.99
2026-08-19T09:23:27Z,USA MLS,2026-08-22,2026-08-22T23:30:00Z,Orlando City SC vs Real Salt Lake,pmu_fr,OU35,OVER,1.7
2026-08-19T09:23:27Z,USA MLS,2026-08-22,2026-08-22T23:30:00Z,Orlando City SC vs Real Salt Lake,unibet_nl,OU35,OVER,1.82
2026-08-19T09:23:27Z,USA MLS,2026-08-22,2026-08-22T23:30:00Z,Orlando City SC vs Real Salt Lake,unibet_se,OU35,OVER,1.82
2026-08-19T09:23:27Z,USA MLS,2026-08-22,2026-08-22T23:30:00Z,Orlando City SC vs Real Salt Lake,betonlineag,OU35,UNDER,1.81
2026-08-19T09:23:27Z,USA MLS,2026-08-22,2026-08-22T23:30:00Z,Orlando City SC vs Real Salt Lake,coolbet,OU35,UNDER,1.85
2026-08-19T09:23:27Z,USA MLS,2026-08-22,2026-08-22T23:30:00Z,Orlando City SC vs Real Salt Lake,gtbets,OU35,UNDER,1.78
2026-08-19T09:23:27Z,USA MLS,2026-08-22,2026-08-22T23:30:00Z,Orlando City SC vs Real Salt Lake,leovegas_se,OU35,UNDER,1.94
2026-08-19T09:23:27Z,USA MLS,2026-08-22,2026-08-22T23:30:00Z,Orlando City SC vs Real Salt Lake,mybookieag,OU35,UNDER,1.75
2026-08-19T09:23:27Z,USA MLS,2026-08-22,2026-08-22T23:30:00Z,Orlando City SC vs Real Salt Lake,onexbet,OU35,UNDER,1.9
2026-08-19T09:23:27Z,USA MLS,2026-08-22,2026-08-22T23:30:00Z,Orlando City SC vs Real Salt Lake,pmu_fr,OU35,UNDER,1.82
2026-08-19T09:23:27Z,USA MLS,2026-08-22,2026-08-22T23:30:00Z,Orlando City SC vs Real Salt Lake,unibet_nl,OU35,UNDER,1.94
2026-08-19T09:23:27Z,USA MLS,2026-08-22,2026-08-22T23:30:00Z,Orlando City SC vs Real Salt Lake,unibet_se,OU35,UNDER,1.94
2026-08-19T09:23:27Z,La Liga 2,2026-08-22,2026-08-22T15:00:00Z,Oviedo vs Leganés,leovegas_se,OU15,OVER,1.43
2026-08-19T09:23:27Z,La Liga 2,2026-08-22,2026-08-22T15:00:00Z,Oviedo vs Leganés,pmu_fr,OU15,OVER,1.4
2026-08-19T09:23:27Z,La Liga 2,2026-08-22,2026-08-22T15:00:00Z,Oviedo vs Leganés,unibet_nl,OU15,OVER,1.45
2026-08-19T09:23:27Z,La Liga 2,2026-08-22,2026-08-22T15:00:00Z,Oviedo vs Leganés,unibet_se,OU15,OVER,1.45
2026-08-19T09:23:27Z,La Liga 2,2026-08-22,2026-08-22T15:00:00Z,Oviedo vs Leganés,leovegas_se,OU15,UNDER,2.45
2026-08-19T09:23:27Z,La Liga 2,2026-08-22,2026-08-22T15:00:00Z,Oviedo vs Leganés,pmu_fr,OU15,UNDER,2.38
2026-08-19T09:23:27Z,La Liga 2,2026-08-22,2026-08-22T15:00:00Z,Oviedo vs Leganés,unibet_nl,OU15,UNDER,2.45
2026-08-19T09:23:27Z,La Liga 2,2026-08-22,2026-08-22T15:00:00Z,Oviedo vs Leganés,unibet_se,OU15,UNDER,2.45
2026-08-19T09:23:27Z,La Liga 2,2026-08-22,2026-08-22T15:00:00Z,Oviedo vs Leganés,betsson,OU25,OVER,2.28
2026-08-19T09:23:27Z,La Liga 2,2026-08-22,2026-08-22T15:00:00Z,Oviedo vs Leganés,codere_it,OU25,OVER,2.22
2026-08-19T09:23:27Z,La Liga 2,2026-08-22,2026-08-22T15:00:00Z,Oviedo vs Leganés,nordicbet,OU25,OVER,2.28
2026-08-19T09:23:27Z,La Liga 2,2026-08-22,2026-08-22T15:00:00Z,Oviedo vs Leganés,onexbet,OU25,OVER,2.25
2026-08-19T09:23:27Z,La Liga 2,2026-08-22,2026-08-22T15:00:00Z,Oviedo vs Leganés,tipico_de,OU25,OVER,2.25
2026-08-19T09:23:27Z,La Liga 2,2026-08-22,2026-08-22T15:00:00Z,Oviedo vs Leganés,williamhill,OU25,OVER,2.25
2026-08-19T09:23:27Z,La Liga 2,2026-08-22,2026-08-22T15:00:00Z,Oviedo vs Leganés,betsson,OU25,UNDER,1.55
2026-08-19T09:23:27Z,La Liga 2,2026-08-22,2026-08-22T15:00:00Z,Oviedo vs Leganés,codere_it,OU25,UNDER,1.54
2026-08-19T09:23:27Z,La Liga 2,2026-08-22,2026-08-22T15:00:00Z,Oviedo vs Leganés,nordicbet,OU25,UNDER,1.55
2026-08-19T09:23:27Z,La Liga 2,2026-08-22,2026-08-22T15:00:00Z,Oviedo vs Leganés,onexbet,OU25,UNDER,1.67
2026-08-19T09:23:27Z,La Liga 2,2026-08-22,2026-08-22T15:00:00Z,Oviedo vs Leganés,tipico_de,OU25,UNDER,1.55
2026-08-19T09:23:27Z,La Liga 2,2026-08-22,2026-08-22T15:00:00Z,Oviedo vs Leganés,williamhill,OU25,UNDER,1.57
2026-08-19T09:23:27Z,League One,2026-08-22,2026-08-22T14:00:00Z,Peterborough United vs Mansfield Town,betsson,OU25,OVER,1.62
2026-08-19T09:23:27Z,League One,2026-08-22,2026-08-22T14:00:00Z,Peterborough United vs Mansfield Town,codere_it,OU25,OVER,1.58
2026-08-19T09:23:27Z,League One,2026-08-22,2026-08-22T14:00:00Z,Peterborough United vs Mansfield Town,leovegas_se,OU25,OVER,1.62
2026-08-19T09:23:27Z,League One,2026-08-22,2026-08-22T14:00:00Z,Peterborough United vs Mansfield Town,nordicbet,OU25,OVER,1.62
2026-08-19T09:23:27Z,League One,2026-08-22,2026-08-22T14:00:00Z,Peterborough United vs Mansfield Town,onexbet,OU25,OVER,1.64
2026-08-19T09:23:27Z,League One,2026-08-22,2026-08-22T14:00:00Z,Peterborough United vs Mansfield Town,tipico_de,OU25,OVER,1.57
2026-08-19T09:23:27Z,League One,2026-08-22,2026-08-22T14:00:00Z,Peterborough United vs Mansfield Town,unibet_nl,OU25,OVER,1.62
2026-08-19T09:23:27Z,League One,2026-08-22,2026-08-22T14:00:00Z,Peterborough United vs Mansfield Town,unibet_se,OU25,OVER,1.62
2026-08-19T09:23:27Z,League One,2026-08-22,2026-08-22T14:00:00Z,Peterborough United vs Mansfield Town,williamhill,OU25,OVER,1.62
2026-08-19T09:23:27Z,League One,2026-08-22,2026-08-22T14:00:00Z,Peterborough United vs Mansfield Town,betsson,OU25,UNDER,2.22
2026-08-19T09:23:27Z,League One,2026-08-22,2026-08-22T14:00:00Z,Peterborough United vs Mansfield Town,codere_it,OU25,UNDER,2.13
2026-08-19T09:23:27Z,League One,2026-08-22,2026-08-22T14:00:00Z,Peterborough United vs Mansfield Town,leovegas_se,OU25,UNDER,2.12
2026-08-19T09:23:27Z,League One,2026-08-22,2026-08-22T14:00:00Z,Peterborough United vs Mansfield Town,nordicbet,OU25,UNDER,2.22
2026-08-19T09:23:27Z,League One,2026-08-22,2026-08-22T14:00:00Z,Peterborough United vs Mansfield Town,onexbet,OU25,UNDER,2.21
2026-08-19T09:23:27Z,League One,2026-08-22,2026-08-22T14:00:00Z,Peterborough United vs Mansfield Town,tipico_de,OU25,UNDER,2.25
2026-08-19T09:23:27Z,League One,2026-08-22,2026-08-22T14:00:00Z,Peterborough United vs Mansfield Town,unibet_nl,OU25,UNDER,2.12
2026-08-19T09:23:27Z,League One,2026-08-22,2026-08-22T14:00:00Z,Peterborough United vs Mansfield Town,unibet_se,OU25,UNDER,2.12
2026-08-19T09:23:27Z,League One,2026-08-22,2026-08-22T14:00:00Z,Peterborough United vs Mansfield Town,williamhill,OU25,UNDER,2.15
2026-08-19T09:23:27Z,League Two,2026-08-22,2026-08-22T14:00:00Z,Port Vale vs Tranmere Rovers,betsson,OU25,OVER,2.08
2026-08-19T09:23:27Z,League Two,2026-08-22,2026-08-22T14:00:00Z,Port Vale vs Tranmere Rovers,codere_it,OU25,OVER,2.0
2026-08-19T09:23:27Z,League Two,2026-08-22,2026-08-22T14:00:00Z,Port Vale vs Tranmere Rovers,coolbet,OU25,OVER,2.03
2026-08-19T09:23:27Z,League Two,2026-08-22,2026-08-22T14:00:00Z,Port Vale vs Tranmere Rovers,leovegas_se,OU25,OVER,2.02
2026-08-19T09:23:27Z,League Two,2026-08-22,2026-08-22T14:00:00Z,Port Vale vs Tranmere Rovers,nordicbet,OU25,OVER,2.08
2026-08-19T09:23:27Z,League Two,2026-08-22,2026-08-22T14:00:00Z,Port Vale vs Tranmere Rovers,onexbet,OU25,OVER,2.08
2026-08-19T09:23:27Z,League Two,2026-08-22,2026-08-22T14:00:00Z,Port Vale vs Tranmere Rovers,tipico_de,OU25,OVER,2.05
2026-08-19T09:23:27Z,League Two,2026-08-22,2026-08-22T14:00:00Z,Port Vale vs Tranmere Rovers,unibet_nl,OU25,OVER,2.02
2026-08-19T09:23:27Z,League Two,2026-08-22,2026-08-22T14:00:00Z,Port Vale vs Tranmere Rovers,unibet_se,OU25,OVER,2.02
2026-08-19T09:23:27Z,League Two,2026-08-22,2026-08-22T14:00:00Z,Port Vale vs Tranmere Rovers,williamhill,OU25,OVER,2.0
2026-08-19T09:23:27Z,League Two,2026-08-22,2026-08-22T14:00:00Z,Port Vale vs Tranmere Rovers,betsson,OU25,UNDER,1.7
2026-08-19T09:23:27Z,League Two,2026-08-22,2026-08-22T14:00:00Z,Port Vale vs Tranmere Rovers,codere_it,OU25,UNDER,1.67
2026-08-19T09:23:27Z,League Two,2026-08-22,2026-08-22T14:00:00Z,Port Vale vs Tranmere Rovers,coolbet,OU25,UNDER,1.73
2026-08-19T09:23:27Z,League Two,2026-08-22,2026-08-22T14:00:00Z,Port Vale vs Tranmere Rovers,leovegas_se,OU25,UNDER,1.66
2026-08-19T09:23:27Z,League Two,2026-08-22,2026-08-22T14:00:00Z,Port Vale vs Tranmere Rovers,nordicbet,OU25,UNDER,1.7
2026-08-19T09:23:27Z,League Two,2026-08-22,2026-08-22T14:00:00Z,Port Vale vs Tranmere Rovers,onexbet,OU25,UNDER,1.71
2026-08-19T09:23:27Z,League Two,2026-08-22,2026-08-22T14:00:00Z,Port Vale vs Tranmere Rovers,tipico_de,OU25,UNDER,1.67
2026-08-19T09:23:27Z,League Two,2026-08-22,2026-08-22T14:00:00Z,Port Vale vs Tranmere Rovers,unibet_nl,OU25,UNDER,1.68
2026-08-19T09:23:27Z,League Two,2026-08-22,2026-08-22T14:00:00Z,Port Vale vs Tranmere Rovers,unibet_se,OU25,UNDER,1.68
2026-08-19T09:23:27Z,League Two,2026-08-22,2026-08-22T14:00:00Z,Port Vale vs Tranmere Rovers,williamhill,OU25,UNDER,1.73
2026-08-19T09:23:27Z,Championship,2026-08-22,2026-08-22T14:00:00Z,Preston North End vs Wolverhampton Wanderers,betonlineag,OU25,OVER,1.79
2026-08-19T09:23:27Z,Championship,2026-08-22,2026-08-22T14:00:00Z,Preston North End vs Wolverhampton Wanderers,betsson,OU25,OVER,1.78
2026-08-19T09:23:27Z,Championship,2026-08-22,2026-08-22T14:00:00Z,Preston North End vs Wolverhampton Wanderers,codere_it,OU25,OVER,1.73
2026-08-19T09:23:27Z,Championship,2026-08-22,2026-08-22T14:00:00Z,Preston North End vs Wolverhampton Wanderers,coolbet,OU25,OVER,1.76
2026-08-19T09:23:27Z,Championship,2026-08-22,2026-08-22T14:00:00Z,Preston North End vs Wolverhampton Wanderers,gtbets,OU25,OVER,1.74
2026-08-19T09:23:27Z,Championship,2026-08-22,2026-08-22T14:00:00Z,Preston North End vs Wolverhampton Wanderers,leovegas_se,OU25,OVER,1.74
2026-08-19T09:23:27Z,Championship,2026-08-22,2026-08-22T14:00:00Z,Preston North End vs Wolverhampton Wanderers,nordicbet,OU25,OVER,1.78
2026-08-19T09:23:27Z,Championship,2026-08-22,2026-08-22T14:00:00Z,Preston North End vs Wolverhampton Wanderers,onexbet,OU25,OVER,1.78
2026-08-19T09:23:27Z,Championship,2026-08-22,2026-08-22T14:00:00Z,Preston North End vs Wolverhampton Wanderers,pmu_fr,OU25,OVER,1.65
2026-08-19T09:23:27Z,Championship,2026-08-22,2026-08-22T14:00:00Z,Preston North End vs Wolverhampton Wanderers,tipico_de,OU25,OVER,1.72
2026-08-19T09:23:27Z,Championship,2026-08-22,2026-08-22T14:00:00Z,Preston North End vs Wolverhampton Wanderers,unibet_nl,OU25,OVER,1.74
2026-08-19T09:23:27Z,Championship,2026-08-22,2026-08-22T14:00:00Z,Preston North End vs Wolverhampton Wanderers,unibet_se,OU25,OVER,1.74
2026-08-19T09:23:27Z,Championship,2026-08-22,2026-08-22T14:00:00Z,Preston North End vs Wolverhampton Wanderers,williamhill,OU25,OVER,1.75
2026-08-19T09:23:27Z,Championship,2026-08-22,2026-08-22T14:00:00Z,Preston North End vs Wolverhampton Wanderers,betonlineag,OU25,UNDER,2.06
2026-08-19T09:23:27Z,Championship,2026-08-22,2026-08-22T14:00:00Z,Preston North End vs Wolverhampton Wanderers,betsson,OU25,UNDER,2.02
2026-08-19T09:23:27Z,Championship,2026-08-22,2026-08-22T14:00:00Z,Preston North End vs Wolverhampton Wanderers,codere_it,OU25,UNDER,1.96
2026-08-19T09:23:27Z,Championship,2026-08-22,2026-08-22T14:00:00Z,Preston North End vs Wolverhampton Wanderers,coolbet,OU25,UNDER,2.03
2026-08-19T09:23:27Z,Championship,2026-08-22,2026-08-22T14:00:00Z,Preston North End vs Wolverhampton Wanderers,gtbets,OU25,UNDER,2.06
2026-08-19T09:23:27Z,Championship,2026-08-22,2026-08-22T14:00:00Z,Preston North End vs Wolverhampton Wanderers,leovegas_se,OU25,UNDER,2.0
2026-08-19T09:23:27Z,Championship,2026-08-22,2026-08-22T14:00:00Z,Preston North End vs Wolverhampton Wanderers,nordicbet,OU25,UNDER,2.02
2026-08-19T09:23:27Z,Championship,2026-08-22,2026-08-22T14:00:00Z,Preston North End vs Wolverhampton Wanderers,onexbet,OU25,UNDER,2.0
2026-08-19T09:23:27Z,Championship,2026-08-22,2026-08-22T14:00:00Z,Preston North End vs Wolverhampton Wanderers,pmu_fr,OU25,UNDER,1.88
2026-08-19T09:23:27Z,Championship,2026-08-22,2026-08-22T14:00:00Z,Preston North End vs Wolverhampton Wanderers,tipico_de,OU25,UNDER,1.97
2026-08-19T09:23:27Z,Championship,2026-08-22,2026-08-22T14:00:00Z,Preston North End vs Wolverhampton Wanderers,unibet_nl,OU25,UNDER,2.0
2026-08-19T09:23:27Z,Championship,2026-08-22,2026-08-22T14:00:00Z,Preston North End vs Wolverhampton Wanderers,unibet_se,OU25,UNDER,2.0
2026-08-19T09:23:27Z,Championship,2026-08-22,2026-08-22T14:00:00Z,Preston North End vs Wolverhampton Wanderers,williamhill,OU25,UNDER,2.0
2026-08-19T09:23:27Z,China Super League,2026-08-22,2026-08-22T12:00:00Z,Qingdao West Coast FC vs Shandong Luneng Taishan FC,betsson,OU25,OVER,1.55
2026-08-19T09:23:27Z,China Super League,2026-08-22,2026-08-22T12:00:00Z,Qingdao West Coast FC vs Shandong Luneng Taishan FC,codere_it,OU25,OVER,1.54
2026-08-19T09:23:27Z,China Super League,2026-08-22,2026-08-22T12:00:00Z,Qingdao West Coast FC vs Shandong Luneng Taishan FC,gtbets,OU25,OVER,1.57
2026-08-19T09:23:27Z,China Super League,2026-08-22,2026-08-22T12:00:00Z,Qingdao West Coast FC vs Shandong Luneng Taishan FC,leovegas_se,OU25,OVER,1.5
2026-08-19T09:23:27Z,China Super League,2026-08-22,2026-08-22T12:00:00Z,Qingdao West Coast FC vs Shandong Luneng Taishan FC,nordicbet,OU25,OVER,1.55
2026-08-19T09:23:27Z,China Super League,2026-08-22,2026-08-22T12:00:00Z,Qingdao West Coast FC vs Shandong Luneng Taishan FC,onexbet,OU25,OVER,1.65
2026-08-19T09:23:27Z,China Super League,2026-08-22,2026-08-22T12:00:00Z,Qingdao West Coast FC vs Shandong Luneng Taishan FC,tipico_de,OU25,OVER,1.57
2026-08-19T09:23:27Z,China Super League,2026-08-22,2026-08-22T12:00:00Z,Qingdao West Coast FC vs Shandong Luneng Taishan FC,unibet_nl,OU25,OVER,1.53
2026-08-19T09:23:27Z,China Super League,2026-08-22,2026-08-22T12:00:00Z,Qingdao West Coast FC vs Shandong Luneng Taishan FC,unibet_se,OU25,OVER,1.53
2026-08-19T09:23:27Z,China Super League,2026-08-22,2026-08-22T12:00:00Z,Qingdao West Coast FC vs Shandong Luneng Taishan FC,williamhill,OU25,OVER,1.62
2026-08-19T09:23:27Z,China Super League,2026-08-22,2026-08-22T12:00:00Z,Qingdao West Coast FC vs Shandong Luneng Taishan FC,betsson,OU25,UNDER,2.28
2026-08-19T09:23:27Z,China Super League,2026-08-22,2026-08-22T12:00:00Z,Qingdao West Coast FC vs Shandong Luneng Taishan FC,codere_it,OU25,UNDER,2.22
2026-08-19T09:23:27Z,China Super League,2026-08-22,2026-08-22T12:00:00Z,Qingdao West Coast FC vs Shandong Luneng Taishan FC,gtbets,OU25,UNDER,2.29
2026-08-19T09:23:27Z,China Super League,2026-08-22,2026-08-22T12:00:00Z,Qingdao West Coast FC vs Shandong Luneng Taishan FC,leovegas_se,OU25,UNDER,2.3
2026-08-19T09:23:27Z,China Super League,2026-08-22,2026-08-22T12:00:00Z,Qingdao West Coast FC vs Shandong Luneng Taishan FC,nordicbet,OU25,UNDER,2.28
2026-08-19T09:23:27Z,China Super League,2026-08-22,2026-08-22T12:00:00Z,Qingdao West Coast FC vs Shandong Luneng Taishan FC,onexbet,OU25,UNDER,2.27
2026-08-19T09:23:27Z,China Super League,2026-08-22,2026-08-22T12:00:00Z,Qingdao West Coast FC vs Shandong Luneng Taishan FC,tipico_de,OU25,UNDER,2.25
2026-08-19T09:23:27Z,China Super League,2026-08-22,2026-08-22T12:00:00Z,Qingdao West Coast FC vs Shandong Luneng Taishan FC,unibet_nl,OU25,UNDER,2.3
2026-08-19T09:23:27Z,China Super League,2026-08-22,2026-08-22T12:00:00Z,Qingdao West Coast FC vs Shandong Luneng Taishan FC,unibet_se,OU25,UNDER,2.3
2026-08-19T09:23:27Z,China Super League,2026-08-22,2026-08-22T12:00:00Z,Qingdao West Coast FC vs Shandong Luneng Taishan FC,williamhill,OU25,UNDER,2.2
2026-08-19T09:23:27Z,Championship,2026-08-22,2026-08-22T14:00:00Z,Queens Park Rangers vs Bolton Wanderers,betonlineag,OU25,OVER,1.93
2026-08-19T09:23:27Z,Championship,2026-08-22,2026-08-22T14:00:00Z,Queens Park Rangers vs Bolton Wanderers,betsson,OU25,OVER,1.9
2026-08-19T09:23:27Z,Championship,2026-08-22,2026-08-22T14:00:00Z,Queens Park Rangers vs Bolton Wanderers,codere_it,OU25,OVER,1.83
2026-08-19T09:23:27Z,Championship,2026-08-22,2026-08-22T14:00:00Z,Queens Park Rangers vs Bolton Wanderers,coolbet,OU25,OVER,1.9
2026-08-19T09:23:27Z,Championship,2026-08-22,2026-08-22T14:00:00Z,Queens Park Rangers vs Bolton Wanderers,gtbets,OU25,OVER,1.89
2026-08-19T09:23:27Z,Championship,2026-08-22,2026-08-22T14:00:00Z,Queens Park Rangers vs Bolton Wanderers,leovegas_se,OU25,OVER,1.81
2026-08-19T09:23:27Z,Championship,2026-08-22,2026-08-22T14:00:00Z,Queens Park Rangers vs Bolton Wanderers,matchbook,OU25,OVER,1.78
2026-08-19T09:23:27Z,Championship,2026-08-22,2026-08-22T14:00:00Z,Queens Park Rangers vs Bolton Wanderers,nordicbet,OU25,OVER,1.9
2026-08-19T09:23:27Z,Championship,2026-08-22,2026-08-22T14:00:00Z,Queens Park Rangers vs Bolton Wanderers,onexbet,OU25,OVER,1.9
2026-08-19T09:23:27Z,Championship,2026-08-22,2026-08-22T14:00:00Z,Queens Park Rangers vs Bolton Wanderers,pinnacle,OU25,OVER,1.94
2026-08-19T09:23:27Z,Championship,2026-08-22,2026-08-22T14:00:00Z,Queens Park Rangers vs Bolton Wanderers,pmu_fr,OU25,OVER,1.71
2026-08-19T09:23:27Z,Championship,2026-08-22,2026-08-22T14:00:00Z,Queens Park Rangers vs Bolton Wanderers,tipico_de,OU25,OVER,1.85
2026-08-19T09:23:27Z,Championship,2026-08-22,2026-08-22T14:00:00Z,Queens Park Rangers vs Bolton Wanderers,unibet_nl,OU25,OVER,1.81
2026-08-19T09:23:27Z,Championship,2026-08-22,2026-08-22T14:00:00Z,Queens Park Rangers vs Bolton Wanderers,unibet_se,OU25,OVER,1.81
2026-08-19T09:23:27Z,Championship,2026-08-22,2026-08-22T14:00:00Z,Queens Park Rangers vs Bolton Wanderers,williamhill,OU25,OVER,1.85
2026-08-19T09:23:27Z,Championship,2026-08-22,2026-08-22T14:00:00Z,Queens Park Rangers vs Bolton Wanderers,betonlineag,OU25,UNDER,1.88
2026-08-19T09:23:27Z,Championship,2026-08-22,2026-08-22T14:00:00Z,Queens Park Rangers vs Bolton Wanderers,betsson,OU25,UNDER,1.85
2026-08-19T09:23:27Z,Championship,2026-08-22,2026-08-22T14:00:00Z,Queens Park Rangers vs Bolton Wanderers,codere_it,OU25,UNDER,1.83
2026-08-19T09:23:27Z,Championship,2026-08-22,2026-08-22T14:00:00Z,Queens Park Rangers vs Bolton Wanderers,coolbet,OU25,UNDER,1.91
2026-08-19T09:23:27Z,Championship,2026-08-22,2026-08-22T14:00:00Z,Queens Park Rangers vs Bolton Wanderers,gtbets,OU25,UNDER,1.88
2026-08-19T09:23:27Z,Championship,2026-08-22,2026-08-22T14:00:00Z,Queens Park Rangers vs Bolton Wanderers,leovegas_se,OU25,UNDER,1.91
2026-08-19T09:23:27Z,Championship,2026-08-22,2026-08-22T14:00:00Z,Queens Park Rangers vs Bolton Wanderers,matchbook,OU25,UNDER,1.75
2026-08-19T09:23:27Z,Championship,2026-08-22,2026-08-22T14:00:00Z,Queens Park Rangers vs Bolton Wanderers,nordicbet,OU25,UNDER,1.85
2026-08-19T09:23:27Z,Championship,2026-08-22,2026-08-22T14:00:00Z,Queens Park Rangers vs Bolton Wanderers,onexbet,OU25,UNDER,1.87
2026-08-19T09:23:27Z,Championship,2026-08-22,2026-08-22T14:00:00Z,Queens Park Rangers vs Bolton Wanderers,pinnacle,OU25,UNDER,1.88
2026-08-19T09:23:27Z,Championship,2026-08-22,2026-08-22T14:00:00Z,Queens Park Rangers vs Bolton Wanderers,pmu_fr,OU25,UNDER,1.81
2026-08-19T09:23:27Z,Championship,2026-08-22,2026-08-22T14:00:00Z,Queens Park Rangers vs Bolton Wanderers,tipico_de,OU25,UNDER,1.83
2026-08-19T09:23:27Z,Championship,2026-08-22,2026-08-22T14:00:00Z,Queens Park Rangers vs Bolton Wanderers,unibet_nl,OU25,UNDER,1.91
2026-08-19T09:23:27Z,Championship,2026-08-22,2026-08-22T14:00:00Z,Queens Park Rangers vs Bolton Wanderers,unibet_se,OU25,UNDER,1.91
2026-08-19T09:23:27Z,Championship,2026-08-22,2026-08-22T14:00:00Z,Queens Park Rangers vs Bolton Wanderers,williamhill,OU25,UNDER,1.85
2026-08-19T09:23:27Z,Mexico Liga MX,2026-08-22,2026-08-22T03:10:00Z,Querétaro vs Toluca,betsson,OU25,OVER,1.52
2026-08-19T09:23:27Z,Mexico Liga MX,2026-08-22,2026-08-22T03:10:00Z,Querétaro vs Toluca,leovegas_se,OU25,OVER,1.51
2026-08-19T09:23:27Z,Mexico Liga MX,2026-08-22,2026-08-22T03:10:00Z,Querétaro vs Toluca,nordicbet,OU25,OVER,1.52
2026-08-19T09:23:27Z,Mexico Liga MX,2026-08-22,2026-08-22T03:10:00Z,Querétaro vs Toluca,onexbet,OU25,OVER,1.57
2026-08-19T09:23:27Z,Mexico Liga MX,2026-08-22,2026-08-22T03:10:00Z,Querétaro vs Toluca,pmu_fr,OU25,OVER,1.47
2026-08-19T09:23:27Z,Mexico Liga MX,2026-08-22,2026-08-22T03:10:00Z,Querétaro vs Toluca,unibet_nl,OU25,OVER,1.55
2026-08-19T09:23:27Z,Mexico Liga MX,2026-08-22,2026-08-22T03:10:00Z,Querétaro vs Toluca,unibet_se,OU25,OVER,1.55
2026-08-19T09:23:27Z,Mexico Liga MX,2026-08-22,2026-08-22T03:10:00Z,Querétaro vs Toluca,williamhill,OU25,OVER,1.57
2026-08-19T09:23:27Z,Mexico Liga MX,2026-08-22,2026-08-22T03:10:00Z,Querétaro vs Toluca,betsson,OU25,UNDER,2.38
2026-08-19T09:23:27Z,Mexico Liga MX,2026-08-22,2026-08-22T03:10:00Z,Querétaro vs Toluca,leovegas_se,OU25,UNDER,2.25
2026-08-19T09:23:27Z,Mexico Liga MX,2026-08-22,2026-08-22T03:10:00Z,Querétaro vs Toluca,nordicbet,OU25,UNDER,2.38
2026-08-19T09:23:27Z,Mexico Liga MX,2026-08-22,2026-08-22T03:10:00Z,Querétaro vs Toluca,onexbet,OU25,UNDER,2.33
2026-08-19T09:23:27Z,Mexico Liga MX,2026-08-22,2026-08-22T03:10:00Z,Querétaro vs Toluca,pmu_fr,OU25,UNDER,2.18
2026-08-19T09:23:27Z,Mexico Liga MX,2026-08-22,2026-08-22T03:10:00Z,Querétaro vs Toluca,unibet_nl,OU25,UNDER,2.3
2026-08-19T09:23:27Z,Mexico Liga MX,2026-08-22,2026-08-22T03:10:00Z,Querétaro vs Toluca,unibet_se,OU25,UNDER,2.3
2026-08-19T09:23:27Z,Mexico Liga MX,2026-08-22,2026-08-22T03:10:00Z,Querétaro vs Toluca,williamhill,OU25,UNDER,2.25
2026-08-19T09:23:27Z,Mexico Liga MX,2026-08-22,2026-08-22T03:10:00Z,Querétaro vs Toluca,gtbets,OU35,OVER,2.36
2026-08-19T09:23:27Z,Mexico Liga MX,2026-08-22,2026-08-22T03:10:00Z,Querétaro vs Toluca,tipico_de,OU35,OVER,2.3
2026-08-19T09:23:27Z,Mexico Liga MX,2026-08-22,2026-08-22T03:10:00Z,Querétaro vs Toluca,gtbets,OU35,UNDER,1.57
2026-08-19T09:23:27Z,Mexico Liga MX,2026-08-22,2026-08-22T03:10:00Z,Querétaro vs Toluca,tipico_de,OU35,UNDER,1.55
2026-08-19T09:23:27Z,Austrian Bundesliga,2026-08-22,2026-08-22T15:00:00Z,Rheindorf Altach vs Hartberg,betsson,OU25,OVER,1.92
2026-08-19T09:23:27Z,Austrian Bundesliga,2026-08-22,2026-08-22T15:00:00Z,Rheindorf Altach vs Hartberg,codere_it,OU25,OVER,1.85
2026-08-19T09:23:27Z,Austrian Bundesliga,2026-08-22,2026-08-22T15:00:00Z,Rheindorf Altach vs Hartberg,coolbet,OU25,OVER,1.92
2026-08-19T09:23:27Z,Austrian Bundesliga,2026-08-22,2026-08-22T15:00:00Z,Rheindorf Altach vs Hartberg,leovegas_se,OU25,OVER,1.88
2026-08-19T09:23:27Z,Austrian Bundesliga,2026-08-22,2026-08-22T15:00:00Z,Rheindorf Altach vs Hartberg,nordicbet,OU25,OVER,1.92
2026-08-19T09:23:27Z,Austrian Bundesliga,2026-08-22,2026-08-22T15:00:00Z,Rheindorf Altach vs Hartberg,onexbet,OU25,OVER,1.92
2026-08-19T09:23:27Z,Austrian Bundesliga,2026-08-22,2026-08-22T15:00:00Z,Rheindorf Altach vs Hartberg,pinnacle,OU25,OVER,1.96
2026-08-19T09:23:27Z,Austrian Bundesliga,2026-08-22,2026-08-22T15:00:00Z,Rheindorf Altach vs Hartberg,pmu_fr,OU25,OVER,1.81
2026-08-19T09:23:27Z,Austrian Bundesliga,2026-08-22,2026-08-22T15:00:00Z,Rheindorf Altach vs Hartberg,tipico_de,OU25,OVER,1.93
2026-08-19T09:23:27Z,Austrian Bundesliga,2026-08-22,2026-08-22T15:00:00Z,Rheindorf Altach vs Hartberg,unibet_nl,OU25,OVER,1.88
2026-08-19T09:23:27Z,Austrian Bundesliga,2026-08-22,2026-08-22T15:00:00Z,Rheindorf Altach vs Hartberg,unibet_se,OU25,OVER,1.88
2026-08-19T09:23:27Z,Austrian Bundesliga,2026-08-22,2026-08-22T15:00:00Z,Rheindorf Altach vs Hartberg,williamhill,OU25,OVER,1.85
2026-08-19T09:23:27Z,Austrian Bundesliga,2026-08-22,2026-08-22T15:00:00Z,Rheindorf Altach vs Hartberg,betsson,OU25,UNDER,1.82
2026-08-19T09:23:27Z,Austrian Bundesliga,2026-08-22,2026-08-22T15:00:00Z,Rheindorf Altach vs Hartberg,codere_it,OU25,UNDER,1.79
2026-08-19T09:23:27Z,Austrian Bundesliga,2026-08-22,2026-08-22T15:00:00Z,Rheindorf Altach vs Hartberg,coolbet,OU25,UNDER,1.82
2026-08-19T09:23:27Z,Austrian Bundesliga,2026-08-22,2026-08-22T15:00:00Z,Rheindorf Altach vs Hartberg,leovegas_se,OU25,UNDER,1.79
2026-08-19T09:23:27Z,Austrian Bundesliga,2026-08-22,2026-08-22T15:00:00Z,Rheindorf Altach vs Hartberg,nordicbet,OU25,UNDER,1.82
2026-08-19T09:23:27Z,Austrian Bundesliga,2026-08-22,2026-08-22T15:00:00Z,Rheindorf Altach vs Hartberg,onexbet,OU25,UNDER,1.85
2026-08-19T09:23:27Z,Austrian Bundesliga,2026-08-22,2026-08-22T15:00:00Z,Rheindorf Altach vs Hartberg,pinnacle,OU25,UNDER,1.87
2026-08-19T09:23:27Z,Austrian Bundesliga,2026-08-22,2026-08-22T15:00:00Z,Rheindorf Altach vs Hartberg,pmu_fr,OU25,UNDER,1.72
2026-08-19T09:23:27Z,Austrian Bundesliga,2026-08-22,2026-08-22T15:00:00Z,Rheindorf Altach vs Hartberg,tipico_de,OU25,UNDER,1.83
2026-08-19T09:23:27Z,Austrian Bundesliga,2026-08-22,2026-08-22T15:00:00Z,Rheindorf Altach vs Hartberg,unibet_nl,OU25,UNDER,1.79
2026-08-19T09:23:27Z,Austrian Bundesliga,2026-08-22,2026-08-22T15:00:00Z,Rheindorf Altach vs Hartberg,unibet_se,OU25,UNDER,1.79
2026-08-19T09:23:27Z,Austrian Bundesliga,2026-08-22,2026-08-22T15:00:00Z,Rheindorf Altach vs Hartberg,williamhill,OU25,UNDER,1.85
2026-08-19T09:23:27Z,League Two,2026-08-22,2026-08-22T14:00:00Z,Rochdale vs Crawley Town,betsson,OU25,OVER,1.85
2026-08-19T09:23:27Z,League Two,2026-08-22,2026-08-22T14:00:00Z,Rochdale vs Crawley Town,codere_it,OU25,OVER,1.78
2026-08-19T09:23:27Z,League Two,2026-08-22,2026-08-22T14:00:00Z,Rochdale vs Crawley Town,coolbet,OU25,OVER,1.85
2026-08-19T09:23:27Z,League Two,2026-08-22,2026-08-22T14:00:00Z,Rochdale vs Crawley Town,leovegas_se,OU25,OVER,1.76
2026-08-19T09:23:27Z,League Two,2026-08-22,2026-08-22T14:00:00Z,Rochdale vs Crawley Town,nordicbet,OU25,OVER,1.85
2026-08-19T09:23:27Z,League Two,2026-08-22,2026-08-22T14:00:00Z,Rochdale vs Crawley Town,onexbet,OU25,OVER,1.85
2026-08-19T09:23:27Z,League Two,2026-08-22,2026-08-22T14:00:00Z,Rochdale vs Crawley Town,pinnacle,OU25,OVER,1.86
2026-08-19T09:23:27Z,League Two,2026-08-22,2026-08-22T14:00:00Z,Rochdale vs Crawley Town,tipico_de,OU25,OVER,1.8
2026-08-19T09:23:27Z,League Two,2026-08-22,2026-08-22T14:00:00Z,Rochdale vs Crawley Town,unibet_nl,OU25,OVER,1.78
2026-08-19T09:23:27Z,League Two,2026-08-22,2026-08-22T14:00:00Z,Rochdale vs Crawley Town,unibet_se,OU25,OVER,1.78
2026-08-19T09:23:27Z,League Two,2026-08-22,2026-08-22T14:00:00Z,Rochdale vs Crawley Town,williamhill,OU25,OVER,1.85
2026-08-19T09:23:27Z,League Two,2026-08-22,2026-08-22T14:00:00Z,Rochdale vs Crawley Town,betsson,OU25,UNDER,1.88
2026-08-19T09:23:27Z,League Two,2026-08-22,2026-08-22T14:00:00Z,Rochdale vs Crawley Town,codere_it,OU25,UNDER,1.85
2026-08-19T09:23:27Z,League Two,2026-08-22,2026-08-22T14:00:00Z,Rochdale vs Crawley Town,coolbet,OU25,UNDER,1.89
2026-08-19T09:23:27Z,League Two,2026-08-22,2026-08-22T14:00:00Z,Rochdale vs Crawley Town,leovegas_se,OU25,UNDER,1.88
2026-08-19T09:23:27Z,League Two,2026-08-22,2026-08-22T14:00:00Z,Rochdale vs Crawley Town,nordicbet,OU25,UNDER,1.88
2026-08-19T09:23:27Z,League Two,2026-08-22,2026-08-22T14:00:00Z,Rochdale vs Crawley Town,onexbet,OU25,UNDER,1.9
2026-08-19T09:23:27Z,League Two,2026-08-22,2026-08-22T14:00:00Z,Rochdale vs Crawley Town,pinnacle,OU25,UNDER,1.93
2026-08-19T09:23:27Z,League Two,2026-08-22,2026-08-22T14:00:00Z,Rochdale vs Crawley Town,tipico_de,OU25,UNDER,1.9
2026-08-19T09:23:27Z,League Two,2026-08-22,2026-08-22T14:00:00Z,Rochdale vs Crawley Town,unibet_nl,OU25,UNDER,1.88
2026-08-19T09:23:27Z,League Two,2026-08-22,2026-08-22T14:00:00Z,Rochdale vs Crawley Town,unibet_se,OU25,UNDER,1.88
2026-08-19T09:23:27Z,League Two,2026-08-22,2026-08-22T14:00:00Z,Rochdale vs Crawley Town,williamhill,OU25,UNDER,1.85
2026-08-19T09:23:27Z,League Two,2026-08-22,2026-08-22T14:00:00Z,Rotherham United vs York City,betonlineag,OU25,OVER,1.93
2026-08-19T09:23:27Z,League Two,2026-08-22,2026-08-22T14:00:00Z,Rotherham United vs York City,codere_it,OU25,OVER,1.87
2026-08-19T09:23:27Z,League Two,2026-08-22,2026-08-22T14:00:00Z,Rotherham United vs York City,coolbet,OU25,OVER,1.87
2026-08-19T09:23:27Z,League Two,2026-08-22,2026-08-22T14:00:00Z,Rotherham United vs York City,leovegas_se,OU25,OVER,1.83
2026-08-19T09:23:27Z,League Two,2026-08-22,2026-08-22T14:00:00Z,Rotherham United vs York City,onexbet,OU25,OVER,1.9
2026-08-19T09:23:27Z,League Two,2026-08-22,2026-08-22T14:00:00Z,Rotherham United vs York City,pinnacle,OU25,OVER,1.93
2026-08-19T09:23:27Z,League Two,2026-08-22,2026-08-22T14:00:00Z,Rotherham United vs York City,tipico_de,OU25,OVER,1.87
2026-08-19T09:23:27Z,League Two,2026-08-22,2026-08-22T14:00:00Z,Rotherham United vs York City,unibet_nl,OU25,OVER,1.83
2026-08-19T09:23:27Z,League Two,2026-08-22,2026-08-22T14:00:00Z,Rotherham United vs York City,unibet_se,OU25,OVER,1.83
2026-08-19T09:23:27Z,League Two,2026-08-22,2026-08-22T14:00:00Z,Rotherham United vs York City,betonlineag,OU25,UNDER,1.88
2026-08-19T09:23:27Z,League Two,2026-08-22,2026-08-22T14:00:00Z,Rotherham United vs York City,codere_it,OU25,UNDER,1.77
2026-08-19T09:23:27Z,League Two,2026-08-22,2026-08-22T14:00:00Z,Rotherham United vs York City,coolbet,OU25,UNDER,1.87
2026-08-19T09:23:27Z,League Two,2026-08-22,2026-08-22T14:00:00Z,Rotherham United vs York City,leovegas_se,OU25,UNDER,1.81
2026-08-19T09:23:27Z,League Two,2026-08-22,2026-08-22T14:00:00Z,Rotherham United vs York City,onexbet,OU25,UNDER,1.85
2026-08-19T09:23:27Z,League Two,2026-08-22,2026-08-22T14:00:00Z,Rotherham United vs York City,pinnacle,OU25,UNDER,1.85
2026-08-19T09:23:27Z,League Two,2026-08-22,2026-08-22T14:00:00Z,Rotherham United vs York City,tipico_de,OU25,UNDER,1.83
2026-08-19T09:23:27Z,League Two,2026-08-22,2026-08-22T14:00:00Z,Rotherham United vs York City,unibet_nl,OU25,UNDER,1.83
2026-08-19T09:23:27Z,League Two,2026-08-22,2026-08-22T14:00:00Z,Rotherham United vs York City,unibet_se,OU25,UNDER,1.83
2026-08-19T09:23:27Z,League Two,2026-08-22,2026-08-22T11:30:00Z,Salford City vs Chesterfield FC,betsson,OU25,OVER,2.02
2026-08-19T09:23:27Z,League Two,2026-08-22,2026-08-22T11:30:00Z,Salford City vs Chesterfield FC,codere_it,OU25,OVER,1.99
2026-08-19T09:23:27Z,League Two,2026-08-22,2026-08-22T11:30:00Z,Salford City vs Chesterfield FC,coolbet,OU25,OVER,2.06
2026-08-19T09:23:27Z,League Two,2026-08-22,2026-08-22T11:30:00Z,Salford City vs Chesterfield FC,leovegas_se,OU25,OVER,2.0
2026-08-19T09:23:27Z,League Two,2026-08-22,2026-08-22T11:30:00Z,Salford City vs Chesterfield FC,nordicbet,OU25,OVER,2.02
2026-08-19T09:23:27Z,League Two,2026-08-22,2026-08-22T11:30:00Z,Salford City vs Chesterfield FC,onexbet,OU25,OVER,1.97
2026-08-19T09:23:27Z,League Two,2026-08-22,2026-08-22T11:30:00Z,Salford City vs Chesterfield FC,pinnacle,OU25,OVER,1.97
2026-08-19T09:23:27Z,League Two,2026-08-22,2026-08-22T11:30:00Z,Salford City vs Chesterfield FC,tipico_de,OU25,OVER,1.9
2026-08-19T09:23:27Z,League Two,2026-08-22,2026-08-22T11:30:00Z,Salford City vs Chesterfield FC,unibet_nl,OU25,OVER,2.0
2026-08-19T09:23:27Z,League Two,2026-08-22,2026-08-22T11:30:00Z,Salford City vs Chesterfield FC,unibet_se,OU25,OVER,2.0
2026-08-19T09:23:27Z,League Two,2026-08-22,2026-08-22T11:30:00Z,Salford City vs Chesterfield FC,williamhill,OU25,OVER,2.05
2026-08-19T09:23:27Z,League Two,2026-08-22,2026-08-22T11:30:00Z,Salford City vs Chesterfield FC,betsson,OU25,UNDER,1.72
2026-08-19T09:23:27Z,League Two,2026-08-22,2026-08-22T11:30:00Z,Salford City vs Chesterfield FC,codere_it,OU25,UNDER,1.68
2026-08-19T09:23:27Z,League Two,2026-08-22,2026-08-22T11:30:00Z,Salford City vs Chesterfield FC,coolbet,OU25,UNDER,1.71
2026-08-19T09:23:27Z,League Two,2026-08-22,2026-08-22T11:30:00Z,Salford City vs Chesterfield FC,leovegas_se,OU25,UNDER,1.68
2026-08-19T09:23:27Z,League Two,2026-08-22,2026-08-22T11:30:00Z,Salford City vs Chesterfield FC,nordicbet,OU25,UNDER,1.72
2026-08-19T09:23:27Z,League Two,2026-08-22,2026-08-22T11:30:00Z,Salford City vs Chesterfield FC,onexbet,OU25,UNDER,1.79
2026-08-19T09:23:27Z,League Two,2026-08-22,2026-08-22T11:30:00Z,Salford City vs Chesterfield FC,pinnacle,OU25,UNDER,1.82
2026-08-19T09:23:27Z,League Two,2026-08-22,2026-08-22T11:30:00Z,Salford City vs Chesterfield FC,tipico_de,OU25,UNDER,1.8
2026-08-19T09:23:27Z,League Two,2026-08-22,2026-08-22T11:30:00Z,Salford City vs Chesterfield FC,unibet_nl,OU25,UNDER,1.68
2026-08-19T09:23:27Z,League Two,2026-08-22,2026-08-22T11:30:00Z,Salford City vs Chesterfield FC,unibet_se,OU25,UNDER,1.68
2026-08-19T09:23:27Z,League Two,2026-08-22,2026-08-22T11:30:00Z,Salford City vs Chesterfield FC,williamhill,OU25,UNDER,1.7
2026-08-19T09:23:27Z,China Super League,2026-08-22,2026-08-22T11:35:00Z,Shenzhen Peng City FC vs Zhejiang,betsson,OU25,OVER,1.48
2026-08-19T09:23:27Z,China Super League,2026-08-22,2026-08-22T11:35:00Z,Shenzhen Peng City FC vs Zhejiang,nordicbet,OU25,OVER,1.48
2026-08-19T09:23:27Z,China Super League,2026-08-22,2026-08-22T11:35:00Z,Shenzhen Peng City FC vs Zhejiang,williamhill,OU25,OVER,1.44
2026-08-19T09:23:27Z,China Super League,2026-08-22,2026-08-22T11:35:00Z,Shenzhen Peng City FC vs Zhejiang,betsson,OU25,UNDER,2.48
2026-08-19T09:23:27Z,China Super League,2026-08-22,2026-08-22T11:35:00Z,Shenzhen Peng City FC vs Zhejiang,nordicbet,OU25,UNDER,2.48
2026-08-19T09:23:27Z,China Super League,2026-08-22,2026-08-22T11:35:00Z,Shenzhen Peng City FC vs Zhejiang,williamhill,OU25,UNDER,2.5
2026-08-19T09:23:27Z,China Super League,2026-08-22,2026-08-22T11:35:00Z,Shenzhen Peng City FC vs Zhejiang,codere_it,OU35,OVER,2.1
2026-08-19T09:23:27Z,China Super League,2026-08-22,2026-08-22T11:35:00Z,Shenzhen Peng City FC vs Zhejiang,leovegas_se,OU35,OVER,1.97
2026-08-19T09:23:27Z,China Super League,2026-08-22,2026-08-22T11:35:00Z,Shenzhen Peng City FC vs Zhejiang,onexbet,OU35,OVER,2.25
2026-08-19T09:23:27Z,China Super League,2026-08-22,2026-08-22T11:35:00Z,Shenzhen Peng City FC vs Zhejiang,tipico_de,OU35,OVER,2.15
2026-08-19T09:23:27Z,China Super League,2026-08-22,2026-08-22T11:35:00Z,Shenzhen Peng City FC vs Zhejiang,unibet_nl,OU35,OVER,2.0
2026-08-19T09:23:27Z,China Super League,2026-08-22,2026-08-22T11:35:00Z,Shenzhen Peng City FC vs Zhejiang,unibet_se,OU35,OVER,2.0
2026-08-19T09:23:27Z,China Super League,2026-08-22,2026-08-22T11:35:00Z,Shenzhen Peng City FC vs Zhejiang,codere_it,OU35,UNDER,1.6
2026-08-19T09:23:27Z,China Super League,2026-08-22,2026-08-22T11:35:00Z,Shenzhen Peng City FC vs Zhejiang,leovegas_se,OU35,UNDER,1.68
2026-08-19T09:23:27Z,China Super League,2026-08-22,2026-08-22T11:35:00Z,Shenzhen Peng City FC vs Zhejiang,onexbet,OU35,UNDER,1.66
2026-08-19T09:23:27Z,China Super League,2026-08-22,2026-08-22T11:35:00Z,Shenzhen Peng City FC vs Zhejiang,tipico_de,OU35,UNDER,1.62
2026-08-19T09:23:27Z,China Super League,2026-08-22,2026-08-22T11:35:00Z,Shenzhen Peng City FC vs Zhejiang,unibet_nl,OU35,UNDER,1.7
2026-08-19T09:23:27Z,China Super League,2026-08-22,2026-08-22T11:35:00Z,Shenzhen Peng City FC vs Zhejiang,unibet_se,OU35,UNDER,1.7
2026-08-19T09:23:27Z,League Two,2026-08-22,2026-08-22T14:00:00Z,Shrewsbury Town vs Barnet,betsson,OU25,OVER,1.92
2026-08-19T09:23:27Z,League Two,2026-08-22,2026-08-22T14:00:00Z,Shrewsbury Town vs Barnet,codere_it,OU25,OVER,1.86
2026-08-19T09:23:27Z,League Two,2026-08-22,2026-08-22T14:00:00Z,Shrewsbury Town vs Barnet,coolbet,OU25,OVER,1.92
2026-08-19T09:23:27Z,League Two,2026-08-22,2026-08-22T14:00:00Z,Shrewsbury Town vs Barnet,leovegas_se,OU25,OVER,1.88
2026-08-19T09:23:27Z,League Two,2026-08-22,2026-08-22T14:00:00Z,Shrewsbury Town vs Barnet,nordicbet,OU25,OVER,1.92
2026-08-19T09:23:27Z,League Two,2026-08-22,2026-08-22T14:00:00Z,Shrewsbury Town vs Barnet,onexbet,OU25,OVER,1.92
2026-08-19T09:23:27Z,League Two,2026-08-22,2026-08-22T14:00:00Z,Shrewsbury Town vs Barnet,pinnacle,OU25,OVER,1.93
2026-08-19T09:23:27Z,League Two,2026-08-22,2026-08-22T14:00:00Z,Shrewsbury Town vs Barnet,tipico_de,OU25,OVER,1.87
2026-08-19T09:23:27Z,League Two,2026-08-22,2026-08-22T14:00:00Z,Shrewsbury Town vs Barnet,unibet_nl,OU25,OVER,1.88
2026-08-19T09:23:27Z,League Two,2026-08-22,2026-08-22T14:00:00Z,Shrewsbury Town vs Barnet,unibet_se,OU25,OVER,1.88
2026-08-19T09:23:27Z,League Two,2026-08-22,2026-08-22T14:00:00Z,Shrewsbury Town vs Barnet,williamhill,OU25,OVER,1.91
2026-08-19T09:23:27Z,League Two,2026-08-22,2026-08-22T14:00:00Z,Shrewsbury Town vs Barnet,betsson,OU25,UNDER,1.82
2026-08-19T09:23:27Z,League Two,2026-08-22,2026-08-22T14:00:00Z,Shrewsbury Town vs Barnet,codere_it,OU25,UNDER,1.77
2026-08-19T09:23:27Z,League Two,2026-08-22,2026-08-22T14:00:00Z,Shrewsbury Town vs Barnet,coolbet,OU25,UNDER,1.82
2026-08-19T09:23:27Z,League Two,2026-08-22,2026-08-22T14:00:00Z,Shrewsbury Town vs Barnet,leovegas_se,OU25,UNDER,1.76
2026-08-19T09:23:27Z,League Two,2026-08-22,2026-08-22T14:00:00Z,Shrewsbury Town vs Barnet,nordicbet,OU25,UNDER,1.82
2026-08-19T09:23:27Z,League Two,2026-08-22,2026-08-22T14:00:00Z,Shrewsbury Town vs Barnet,onexbet,OU25,UNDER,1.83
2026-08-19T09:23:27Z,League Two,2026-08-22,2026-08-22T14:00:00Z,Shrewsbury Town vs Barnet,pinnacle,OU25,UNDER,1.85
2026-08-19T09:23:27Z,League Two,2026-08-22,2026-08-22T14:00:00Z,Shrewsbury Town vs Barnet,tipico_de,OU25,UNDER,1.83
2026-08-19T09:23:27Z,League Two,2026-08-22,2026-08-22T14:00:00Z,Shrewsbury Town vs Barnet,unibet_nl,OU25,UNDER,1.78
2026-08-19T09:23:27Z,League Two,2026-08-22,2026-08-22T14:00:00Z,Shrewsbury Town vs Barnet,unibet_se,OU25,UNDER,1.78
2026-08-19T09:23:27Z,League Two,2026-08-22,2026-08-22T14:00:00Z,Shrewsbury Town vs Barnet,williamhill,OU25,UNDER,1.8
2026-08-19T09:23:27Z,Ireland Premier Division,2026-08-22,2026-08-22T18:45:00Z,Sligo Rovers vs Waterford FC,coolbet,OU25,OVER,1.7
2026-08-19T09:23:27Z,Ireland Premier Division,2026-08-22,2026-08-22T18:45:00Z,Sligo Rovers vs Waterford FC,williamhill,OU25,OVER,1.65
2026-08-19T09:23:27Z,Ireland Premier Division,2026-08-22,2026-08-22T18:45:00Z,Sligo Rovers vs Waterford FC,coolbet,OU25,UNDER,2.17
2026-08-19T09:23:27Z,Ireland Premier Division,2026-08-22,2026-08-22T18:45:00Z,Sligo Rovers vs Waterford FC,williamhill,OU25,UNDER,2.15
2026-08-19T09:23:27Z,Championship,2026-08-22,2026-08-22T14:00:00Z,Southampton vs Stoke City,betsson,OU25,OVER,1.68
2026-08-19T09:23:27Z,Championship,2026-08-22,2026-08-22T14:00:00Z,Southampton vs Stoke City,codere_it,OU25,OVER,1.6
2026-08-19T09:23:27Z,Championship,2026-08-22,2026-08-22T14:00:00Z,Southampton vs Stoke City,gtbets,OU25,OVER,1.61
2026-08-19T09:23:27Z,Championship,2026-08-22,2026-08-22T14:00:00Z,Southampton vs Stoke City,leovegas_se,OU25,OVER,1.62
2026-08-19T09:23:27Z,Championship,2026-08-22,2026-08-22T14:00:00Z,Southampton vs Stoke City,nordicbet,OU25,OVER,1.68
2026-08-19T09:23:27Z,Championship,2026-08-22,2026-08-22T14:00:00Z,Southampton vs Stoke City,onexbet,OU25,OVER,1.68
2026-08-19T09:23:27Z,Championship,2026-08-22,2026-08-22T14:00:00Z,Southampton vs Stoke City,pmu_fr,OU25,OVER,1.54
2026-08-19T09:23:27Z,Championship,2026-08-22,2026-08-22T14:00:00Z,Southampton vs Stoke City,tipico_de,OU25,OVER,1.62
2026-08-19T09:23:27Z,Championship,2026-08-22,2026-08-22T14:00:00Z,Southampton vs Stoke City,unibet_nl,OU25,OVER,1.62
2026-08-19T09:23:27Z,Championship,2026-08-22,2026-08-22T14:00:00Z,Southampton vs Stoke City,unibet_se,OU25,OVER,1.62
2026-08-19T09:23:27Z,Championship,2026-08-22,2026-08-22T14:00:00Z,Southampton vs Stoke City,williamhill,OU25,OVER,1.62
2026-08-19T09:23:27Z,Championship,2026-08-22,2026-08-22T14:00:00Z,Southampton vs Stoke City,betsson,OU25,UNDER,2.12
2026-08-19T09:23:27Z,Championship,2026-08-22,2026-08-22T14:00:00Z,Southampton vs Stoke City,codere_it,OU25,UNDER,2.16
2026-08-19T09:23:27Z,Championship,2026-08-22,2026-08-22T14:00:00Z,Southampton vs Stoke City,gtbets,OU25,UNDER,2.21
2026-08-19T09:23:27Z,Championship,2026-08-22,2026-08-22T14:00:00Z,Southampton vs Stoke City,leovegas_se,OU25,UNDER,2.18
2026-08-19T09:23:27Z,Championship,2026-08-22,2026-08-22T14:00:00Z,Southampton vs Stoke City,nordicbet,OU25,UNDER,2.12
2026-08-19T09:23:27Z,Championship,2026-08-22,2026-08-22T14:00:00Z,Southampton vs Stoke City,onexbet,OU25,UNDER,2.14
2026-08-19T09:23:27Z,Championship,2026-08-22,2026-08-22T14:00:00Z,Southampton vs Stoke City,pmu_fr,OU25,UNDER,2.06
2026-08-19T09:23:27Z,Championship,2026-08-22,2026-08-22T14:00:00Z,Southampton vs Stoke City,tipico_de,OU25,UNDER,2.15
2026-08-19T09:23:27Z,Championship,2026-08-22,2026-08-22T14:00:00Z,Southampton vs Stoke City,unibet_nl,OU25,UNDER,2.18
2026-08-19T09:23:27Z,Championship,2026-08-22,2026-08-22T14:00:00Z,Southampton vs Stoke City,unibet_se,OU25,UNDER,2.18
2026-08-19T09:23:27Z,Championship,2026-08-22,2026-08-22T14:00:00Z,Southampton vs Stoke City,williamhill,OU25,UNDER,2.15
2026-08-19T09:23:27Z,League One,2026-08-22,2026-08-22T14:00:00Z,Stevenage vs Oxford United,betonlineag,OU25,OVER,2.12
2026-08-19T09:23:27Z,League One,2026-08-22,2026-08-22T14:00:00Z,Stevenage vs Oxford United,betsson,OU25,OVER,2.08
2026-08-19T09:23:27Z,League One,2026-08-22,2026-08-22T14:00:00Z,Stevenage vs Oxford United,codere_it,OU25,OVER,1.99
2026-08-19T09:23:27Z,League One,2026-08-22,2026-08-22T14:00:00Z,Stevenage vs Oxford United,coolbet,OU25,OVER,2.06
2026-08-19T09:23:27Z,League One,2026-08-22,2026-08-22T14:00:00Z,Stevenage vs Oxford United,leovegas_se,OU25,OVER,2.06
2026-08-19T09:23:27Z,League One,2026-08-22,2026-08-22T14:00:00Z,Stevenage vs Oxford United,nordicbet,OU25,OVER,2.08
2026-08-19T09:23:27Z,League One,2026-08-22,2026-08-22T14:00:00Z,Stevenage vs Oxford United,onexbet,OU25,OVER,2.08
2026-08-19T09:23:27Z,League One,2026-08-22,2026-08-22T14:00:00Z,Stevenage vs Oxford United,tipico_de,OU25,OVER,2.0
2026-08-19T09:23:27Z,League One,2026-08-22,2026-08-22T14:00:00Z,Stevenage vs Oxford United,unibet_nl,OU25,OVER,2.06
2026-08-19T09:23:27Z,League One,2026-08-22,2026-08-22T14:00:00Z,Stevenage vs Oxford United,unibet_se,OU25,OVER,2.06
2026-08-19T09:23:27Z,League One,2026-08-22,2026-08-22T14:00:00Z,Stevenage vs Oxford United,williamhill,OU25,OVER,2.05
2026-08-19T09:23:27Z,League One,2026-08-22,2026-08-22T14:00:00Z,Stevenage vs Oxford United,betonlineag,OU25,UNDER,1.76
2026-08-19T09:23:27Z,League One,2026-08-22,2026-08-22T14:00:00Z,Stevenage vs Oxford United,betsson,OU25,UNDER,1.7
2026-08-19T09:23:27Z,League One,2026-08-22,2026-08-22T14:00:00Z,Stevenage vs Oxford United,codere_it,OU25,UNDER,1.68
2026-08-19T09:23:27Z,League One,2026-08-22,2026-08-22T14:00:00Z,Stevenage vs Oxford United,coolbet,OU25,UNDER,1.71
2026-08-19T09:23:27Z,League One,2026-08-22,2026-08-22T14:00:00Z,Stevenage vs Oxford United,leovegas_se,OU25,UNDER,1.65
2026-08-19T09:23:27Z,League One,2026-08-22,2026-08-22T14:00:00Z,Stevenage vs Oxford United,nordicbet,OU25,UNDER,1.7
2026-08-19T09:23:27Z,League One,2026-08-22,2026-08-22T14:00:00Z,Stevenage vs Oxford United,onexbet,OU25,UNDER,1.72
2026-08-19T09:23:27Z,League One,2026-08-22,2026-08-22T14:00:00Z,Stevenage vs Oxford United,tipico_de,OU25,UNDER,1.7
2026-08-19T09:23:27Z,League One,2026-08-22,2026-08-22T14:00:00Z,Stevenage vs Oxford United,unibet_nl,OU25,UNDER,1.65
2026-08-19T09:23:27Z,League One,2026-08-22,2026-08-22T14:00:00Z,Stevenage vs Oxford United,unibet_se,OU25,UNDER,1.65
2026-08-19T09:23:27Z,League One,2026-08-22,2026-08-22T14:00:00Z,Stevenage vs Oxford United,williamhill,OU25,UNDER,1.7
2026-08-19T09:23:27Z,League One,2026-08-22,2026-08-22T14:00:00Z,Stockport County FC vs Blackpool,betsson,OU25,OVER,1.78
2026-08-19T09:23:27Z,League One,2026-08-22,2026-08-22T14:00:00Z,Stockport County FC vs Blackpool,codere_it,OU25,OVER,1.75
2026-08-19T09:23:27Z,League One,2026-08-22,2026-08-22T14:00:00Z,Stockport County FC vs Blackpool,coolbet,OU25,OVER,1.76
2026-08-19T09:23:27Z,League One,2026-08-22,2026-08-22T14:00:00Z,Stockport County FC vs Blackpool,leovegas_se,OU25,OVER,1.78
2026-08-19T09:23:27Z,League One,2026-08-22,2026-08-22T14:00:00Z,Stockport County FC vs Blackpool,nordicbet,OU25,OVER,1.78
2026-08-19T09:23:27Z,League One,2026-08-22,2026-08-22T14:00:00Z,Stockport County FC vs Blackpool,onexbet,OU25,OVER,1.79
2026-08-19T09:23:27Z,League One,2026-08-22,2026-08-22T14:00:00Z,Stockport County FC vs Blackpool,tipico_de,OU25,OVER,1.72
2026-08-19T09:23:27Z,League One,2026-08-22,2026-08-22T14:00:00Z,Stockport County FC vs Blackpool,unibet_nl,OU25,OVER,1.78
2026-08-19T09:23:27Z,League One,2026-08-22,2026-08-22T14:00:00Z,Stockport County FC vs Blackpool,unibet_se,OU25,OVER,1.78
2026-08-19T09:23:27Z,League One,2026-08-22,2026-08-22T14:00:00Z,Stockport County FC vs Blackpool,williamhill,OU25,OVER,1.8
2026-08-19T09:23:27Z,League One,2026-08-22,2026-08-22T14:00:00Z,Stockport County FC vs Blackpool,betsson,OU25,UNDER,1.98
2026-08-19T09:23:27Z,League One,2026-08-22,2026-08-22T14:00:00Z,Stockport County FC vs Blackpool,codere_it,OU25,UNDER,1.89
2026-08-19T09:23:27Z,League One,2026-08-22,2026-08-22T14:00:00Z,Stockport County FC vs Blackpool,coolbet,OU25,UNDER,1.99
2026-08-19T09:23:27Z,League One,2026-08-22,2026-08-22T14:00:00Z,Stockport County FC vs Blackpool,leovegas_se,OU25,UNDER,1.89
2026-08-19T09:23:27Z,League One,2026-08-22,2026-08-22T14:00:00Z,Stockport County FC vs Blackpool,nordicbet,OU25,UNDER,1.98
2026-08-19T09:23:27Z,League One,2026-08-22,2026-08-22T14:00:00Z,Stockport County FC vs Blackpool,onexbet,OU25,UNDER,1.99
2026-08-19T09:23:27Z,League One,2026-08-22,2026-08-22T14:00:00Z,Stockport County FC vs Blackpool,tipico_de,OU25,UNDER,1.97
2026-08-19T09:23:27Z,League One,2026-08-22,2026-08-22T14:00:00Z,Stockport County FC vs Blackpool,unibet_nl,OU25,UNDER,1.89
2026-08-19T09:23:27Z,League One,2026-08-22,2026-08-22T14:00:00Z,Stockport County FC vs Blackpool,unibet_se,OU25,UNDER,1.89
2026-08-19T09:23:27Z,League One,2026-08-22,2026-08-22T14:00:00Z,Stockport County FC vs Blackpool,williamhill,OU25,UNDER,1.95
2026-08-19T09:23:27Z,Austrian Bundesliga,2026-08-22,2026-08-22T17:30:00Z,Sturm Graz vs Austria Lustenau,betsson,OU25,OVER,1.5
2026-08-19T09:23:27Z,Austrian Bundesliga,2026-08-22,2026-08-22T17:30:00Z,Sturm Graz vs Austria Lustenau,leovegas_se,OU25,OVER,1.5
2026-08-19T09:23:27Z,Austrian Bundesliga,2026-08-22,2026-08-22T17:30:00Z,Sturm Graz vs Austria Lustenau,nordicbet,OU25,OVER,1.5
2026-08-19T09:23:27Z,Austrian Bundesliga,2026-08-22,2026-08-22T17:30:00Z,Sturm Graz vs Austria Lustenau,pmu_fr,OU25,OVER,1.43
2026-08-19T09:23:27Z,Austrian Bundesliga,2026-08-22,2026-08-22T17:30:00Z,Sturm Graz vs Austria Lustenau,unibet_nl,OU25,OVER,1.5
2026-08-19T09:23:27Z,Austrian Bundesliga,2026-08-22,2026-08-22T17:30:00Z,Sturm Graz vs Austria Lustenau,unibet_se,OU25,OVER,1.5
2026-08-19T09:23:27Z,Austrian Bundesliga,2026-08-22,2026-08-22T17:30:00Z,Sturm Graz vs Austria Lustenau,williamhill,OU25,OVER,1.5
2026-08-19T09:23:27Z,Austrian Bundesliga,2026-08-22,2026-08-22T17:30:00Z,Sturm Graz vs Austria Lustenau,betsson,OU25,UNDER,2.48
2026-08-19T09:23:27Z,Austrian Bundesliga,2026-08-22,2026-08-22T17:30:00Z,Sturm Graz vs Austria Lustenau,leovegas_se,OU25,UNDER,2.35
2026-08-19T09:23:27Z,Austrian Bundesliga,2026-08-22,2026-08-22T17:30:00Z,Sturm Graz vs Austria Lustenau,nordicbet,OU25,UNDER,2.48
2026-08-19T09:23:27Z,Austrian Bundesliga,2026-08-22,2026-08-22T17:30:00Z,Sturm Graz vs Austria Lustenau,pmu_fr,OU25,UNDER,2.3
2026-08-19T09:23:27Z,Austrian Bundesliga,2026-08-22,2026-08-22T17:30:00Z,Sturm Graz vs Austria Lustenau,unibet_nl,OU25,UNDER,2.35
2026-08-19T09:23:27Z,Austrian Bundesliga,2026-08-22,2026-08-22T17:30:00Z,Sturm Graz vs Austria Lustenau,unibet_se,OU25,UNDER,2.35
2026-08-19T09:23:27Z,Austrian Bundesliga,2026-08-22,2026-08-22T17:30:00Z,Sturm Graz vs Austria Lustenau,williamhill,OU25,UNDER,2.45
2026-08-19T09:23:27Z,Austrian Bundesliga,2026-08-22,2026-08-22T17:30:00Z,Sturm Graz vs Austria Lustenau,codere_it,OU35,OVER,2.2
2026-08-19T09:23:27Z,Austrian Bundesliga,2026-08-22,2026-08-22T17:30:00Z,Sturm Graz vs Austria Lustenau,onexbet,OU35,OVER,2.27
2026-08-19T09:23:27Z,Austrian Bundesliga,2026-08-22,2026-08-22T17:30:00Z,Sturm Graz vs Austria Lustenau,tipico_de,OU35,OVER,2.2
2026-08-19T09:23:27Z,Austrian Bundesliga,2026-08-22,2026-08-22T17:30:00Z,Sturm Graz vs Austria Lustenau,codere_it,OU35,UNDER,1.55
2026-08-19T09:23:27Z,Austrian Bundesliga,2026-08-22,2026-08-22T17:30:00Z,Sturm Graz vs Austria Lustenau,onexbet,OU35,UNDER,1.61
2026-08-19T09:23:27Z,Austrian Bundesliga,2026-08-22,2026-08-22T17:30:00Z,Sturm Graz vs Austria Lustenau,tipico_de,OU35,UNDER,1.6
2026-08-19T09:23:27Z,Championship,2026-08-22,2026-08-22T14:00:00Z,Swansea City vs Sheffield United,betonlineag,OU25,OVER,1.88
2026-08-19T09:23:27Z,Championship,2026-08-22,2026-08-22T14:00:00Z,Swansea City vs Sheffield United,betsson,OU25,OVER,1.85
2026-08-19T09:23:27Z,Championship,2026-08-22,2026-08-22T14:00:00Z,Swansea City vs Sheffield United,codere_it,OU25,OVER,1.82
2026-08-19T09:23:27Z,Championship,2026-08-22,2026-08-22T14:00:00Z,Swansea City vs Sheffield United,coolbet,OU25,OVER,1.85
2026-08-19T09:23:27Z,Championship,2026-08-22,2026-08-22T14:00:00Z,Swansea City vs Sheffield United,gtbets,OU25,OVER,1.86
2026-08-19T09:23:27Z,Championship,2026-08-22,2026-08-22T14:00:00Z,Swansea City vs Sheffield United,leovegas_se,OU25,OVER,1.91
2026-08-19T09:23:27Z,Championship,2026-08-22,2026-08-22T14:00:00Z,Swansea City vs Sheffield United,matchbook,OU25,OVER,1.74
2026-08-19T09:23:27Z,Championship,2026-08-22,2026-08-22T14:00:00Z,Swansea City vs Sheffield United,nordicbet,OU25,OVER,1.85
2026-08-19T09:23:27Z,Championship,2026-08-22,2026-08-22T14:00:00Z,Swansea City vs Sheffield United,onexbet,OU25,OVER,1.87
2026-08-19T09:23:27Z,Championship,2026-08-22,2026-08-22T14:00:00Z,Swansea City vs Sheffield United,pinnacle,OU25,OVER,1.89
2026-08-19T09:23:27Z,Championship,2026-08-22,2026-08-22T14:00:00Z,Swansea City vs Sheffield United,pmu_fr,OU25,OVER,1.81
2026-08-19T09:23:27Z,Championship,2026-08-22,2026-08-22T14:00:00Z,Swansea City vs Sheffield United,tipico_de,OU25,OVER,1.75
2026-08-19T09:23:27Z,Championship,2026-08-22,2026-08-22T14:00:00Z,Swansea City vs Sheffield United,unibet_nl,OU25,OVER,1.91
2026-08-19T09:23:27Z,Championship,2026-08-22,2026-08-22T14:00:00Z,Swansea City vs Sheffield United,unibet_se,OU25,OVER,1.91
2026-08-19T09:23:27Z,Championship,2026-08-22,2026-08-22T14:00:00Z,Swansea City vs Sheffield United,williamhill,OU25,OVER,1.85
2026-08-19T09:23:27Z,Championship,2026-08-22,2026-08-22T14:00:00Z,Swansea City vs Sheffield United,betonlineag,OU25,UNDER,1.94
2026-08-19T09:23:27Z,Championship,2026-08-22,2026-08-22T14:00:00Z,Swansea City vs Sheffield United,betsson,OU25,UNDER,1.9
2026-08-19T09:23:27Z,Championship,2026-08-22,2026-08-22T14:00:00Z,Swansea City vs Sheffield United,codere_it,OU25,UNDER,1.85
2026-08-19T09:23:27Z,Championship,2026-08-22,2026-08-22T14:00:00Z,Swansea City vs Sheffield United,coolbet,OU25,UNDER,1.93
2026-08-19T09:23:27Z,Championship,2026-08-22,2026-08-22T14:00:00Z,Swansea City vs Sheffield United,gtbets,OU25,UNDER,1.96
2026-08-19T09:23:27Z,Championship,2026-08-22,2026-08-22T14:00:00Z,Swansea City vs Sheffield United,leovegas_se,OU25,UNDER,1.81
2026-08-19T09:23:27Z,Championship,2026-08-22,2026-08-22T14:00:00Z,Swansea City vs Sheffield United,matchbook,OU25,UNDER,1.8
2026-08-19T09:23:27Z,Championship,2026-08-22,2026-08-22T14:00:00Z,Swansea City vs Sheffield United,nordicbet,OU25,UNDER,1.9
2026-08-19T09:23:27Z,Championship,2026-08-22,2026-08-22T14:00:00Z,Swansea City vs Sheffield United,onexbet,OU25,UNDER,1.9
2026-08-19T09:23:27Z,Championship,2026-08-22,2026-08-22T14:00:00Z,Swansea City vs Sheffield United,pinnacle,OU25,UNDER,1.94
2026-08-19T09:23:27Z,Championship,2026-08-22,2026-08-22T14:00:00Z,Swansea City vs Sheffield United,pmu_fr,OU25,UNDER,1.72
2026-08-19T09:23:27Z,Championship,2026-08-22,2026-08-22T14:00:00Z,Swansea City vs Sheffield United,tipico_de,OU25,UNDER,1.93
2026-08-19T09:23:27Z,Championship,2026-08-22,2026-08-22T14:00:00Z,Swansea City vs Sheffield United,unibet_nl,OU25,UNDER,1.81
2026-08-19T09:23:27Z,Championship,2026-08-22,2026-08-22T14:00:00Z,Swansea City vs Sheffield United,unibet_se,OU25,UNDER,1.81
2026-08-19T09:23:27Z,Championship,2026-08-22,2026-08-22T14:00:00Z,Swansea City vs Sheffield United,williamhill,OU25,UNDER,1.85
2026-08-19T09:23:27Z,League Two,2026-08-22,2026-08-22T14:00:00Z,Swindon Town vs Cheltenham Town,betsson,OU25,OVER,1.82
2026-08-19T09:23:27Z,League Two,2026-08-22,2026-08-22T14:00:00Z,Swindon Town vs Cheltenham Town,codere_it,OU25,OVER,1.74
2026-08-19T09:23:27Z,League Two,2026-08-22,2026-08-22T14:00:00Z,Swindon Town vs Cheltenham Town,coolbet,OU25,OVER,1.8
2026-08-19T09:23:27Z,League Two,2026-08-22,2026-08-22T14:00:00Z,Swindon Town vs Cheltenham Town,leovegas_se,OU25,OVER,1.76
2026-08-19T09:23:27Z,League Two,2026-08-22,2026-08-22T14:00:00Z,Swindon Town vs Cheltenham Town,nordicbet,OU25,OVER,1.82
2026-08-19T09:23:27Z,League Two,2026-08-22,2026-08-22T14:00:00Z,Swindon Town vs Cheltenham Town,onexbet,OU25,OVER,1.83
2026-08-19T09:23:27Z,League Two,2026-08-22,2026-08-22T14:00:00Z,Swindon Town vs Cheltenham Town,pinnacle,OU25,OVER,1.85
2026-08-19T09:23:27Z,League Two,2026-08-22,2026-08-22T14:00:00Z,Swindon Town vs Cheltenham Town,tipico_de,OU25,OVER,1.77
2026-08-19T09:23:27Z,League Two,2026-08-22,2026-08-22T14:00:00Z,Swindon Town vs Cheltenham Town,unibet_nl,OU25,OVER,1.78
2026-08-19T09:23:27Z,League Two,2026-08-22,2026-08-22T14:00:00Z,Swindon Town vs Cheltenham Town,unibet_se,OU25,OVER,1.78
2026-08-19T09:23:27Z,League Two,2026-08-22,2026-08-22T14:00:00Z,Swindon Town vs Cheltenham Town,williamhill,OU25,OVER,1.75
2026-08-19T09:23:27Z,League Two,2026-08-22,2026-08-22T14:00:00Z,Swindon Town vs Cheltenham Town,betsson,OU25,UNDER,1.92
2026-08-19T09:23:27Z,League Two,2026-08-22,2026-08-22T14:00:00Z,Swindon Town vs Cheltenham Town,codere_it,OU25,UNDER,1.91
2026-08-19T09:23:27Z,League Two,2026-08-22,2026-08-22T14:00:00Z,Swindon Town vs Cheltenham Town,coolbet,OU25,UNDER,1.94
2026-08-19T09:23:27Z,League Two,2026-08-22,2026-08-22T14:00:00Z,Swindon Town vs Cheltenham Town,leovegas_se,OU25,UNDER,1.88
2026-08-19T09:23:27Z,League Two,2026-08-22,2026-08-22T14:00:00Z,Swindon Town vs Cheltenham Town,nordicbet,OU25,UNDER,1.92
2026-08-19T09:23:27Z,League Two,2026-08-22,2026-08-22T14:00:00Z,Swindon Town vs Cheltenham Town,onexbet,OU25,UNDER,1.93
2026-08-19T09:23:27Z,League Two,2026-08-22,2026-08-22T14:00:00Z,Swindon Town vs Cheltenham Town,pinnacle,OU25,UNDER,1.93
2026-08-19T09:23:27Z,League Two,2026-08-22,2026-08-22T14:00:00Z,Swindon Town vs Cheltenham Town,tipico_de,OU25,UNDER,1.93
2026-08-19T09:23:27Z,League Two,2026-08-22,2026-08-22T14:00:00Z,Swindon Town vs Cheltenham Town,unibet_nl,OU25,UNDER,1.88
2026-08-19T09:23:27Z,League Two,2026-08-22,2026-08-22T14:00:00Z,Swindon Town vs Cheltenham Town,unibet_se,OU25,UNDER,1.88
2026-08-19T09:23:27Z,League Two,2026-08-22,2026-08-22T14:00:00Z,Swindon Town vs Cheltenham Town,williamhill,OU25,UNDER,2.0
2026-08-19T09:23:27Z,Serie B,2026-08-22,2026-08-22T15:00:00Z,Südtirol vs Virtus Entella,leovegas_se,OU15,OVER,1.45
2026-08-19T09:23:27Z,Serie B,2026-08-22,2026-08-22T15:00:00Z,Südtirol vs Virtus Entella,pmu_fr,OU15,OVER,1.38
2026-08-19T09:23:27Z,Serie B,2026-08-22,2026-08-22T15:00:00Z,Südtirol vs Virtus Entella,unibet_nl,OU15,OVER,1.45
2026-08-19T09:23:27Z,Serie B,2026-08-22,2026-08-22T15:00:00Z,Südtirol vs Virtus Entella,unibet_se,OU15,OVER,1.45
2026-08-19T09:23:27Z,Serie B,2026-08-22,2026-08-22T15:00:00Z,Südtirol vs Virtus Entella,leovegas_se,OU15,UNDER,2.48
2026-08-19T09:23:27Z,Serie B,2026-08-22,2026-08-22T15:00:00Z,Südtirol vs Virtus Entella,pmu_fr,OU15,UNDER,2.4
2026-08-19T09:23:27Z,Serie B,2026-08-22,2026-08-22T15:00:00Z,Südtirol vs Virtus Entella,unibet_nl,OU15,UNDER,2.48
2026-08-19T09:23:27Z,Serie B,2026-08-22,2026-08-22T15:00:00Z,Südtirol vs Virtus Entella,unibet_se,OU15,UNDER,2.48
2026-08-19T09:23:27Z,Serie B,2026-08-22,2026-08-22T15:00:00Z,Südtirol vs Virtus Entella,betsson,OU25,OVER,2.48
2026-08-19T09:23:27Z,Serie B,2026-08-22,2026-08-22T15:00:00Z,Südtirol vs Virtus Entella,codere_it,OU25,OVER,2.44
2026-08-19T09:23:27Z,Serie B,2026-08-22,2026-08-22T15:00:00Z,Südtirol vs Virtus Entella,nordicbet,OU25,OVER,2.48
2026-08-19T09:23:27Z,Serie B,2026-08-22,2026-08-22T15:00:00Z,Südtirol vs Virtus Entella,onexbet,OU25,OVER,2.42
2026-08-19T09:23:27Z,Serie B,2026-08-22,2026-08-22T15:00:00Z,Südtirol vs Virtus Entella,tipico_de,OU25,OVER,2.45
2026-08-19T09:23:27Z,Serie B,2026-08-22,2026-08-22T15:00:00Z,Südtirol vs Virtus Entella,williamhill,OU25,OVER,2.5
2026-08-19T09:23:27Z,Serie B,2026-08-22,2026-08-22T15:00:00Z,Südtirol vs Virtus Entella,betsson,OU25,UNDER,1.48
2026-08-19T09:23:27Z,Serie B,2026-08-22,2026-08-22T15:00:00Z,Südtirol vs Virtus Entella,codere_it,OU25,UNDER,1.47
2026-08-19T09:23:27Z,Serie B,2026-08-22,2026-08-22T15:00:00Z,Südtirol vs Virtus Entella,nordicbet,OU25,UNDER,1.48
2026-08-19T09:23:27Z,Serie B,2026-08-22,2026-08-22T15:00:00Z,Südtirol vs Virtus Entella,onexbet,OU25,UNDER,1.54
2026-08-19T09:23:27Z,Serie B,2026-08-22,2026-08-22T15:00:00Z,Südtirol vs Virtus Entella,tipico_de,OU25,UNDER,1.47
2026-08-19T09:23:27Z,Serie B,2026-08-22,2026-08-22T15:00:00Z,Südtirol vs Virtus Entella,williamhill,OU25,UNDER,1.44
2026-08-19T09:23:27Z,Mexico Liga MX,2026-08-22,2026-08-22T01:00:00Z,Tigres vs Atlante FC,betsson,OU25,OVER,1.68
2026-08-19T09:23:27Z,Mexico Liga MX,2026-08-22,2026-08-22T01:00:00Z,Tigres vs Atlante FC,gtbets,OU25,OVER,1.67
2026-08-19T09:23:27Z,Mexico Liga MX,2026-08-22,2026-08-22T01:00:00Z,Tigres vs Atlante FC,leovegas_se,OU25,OVER,1.6
2026-08-19T09:23:27Z,Mexico Liga MX,2026-08-22,2026-08-22T01:00:00Z,Tigres vs Atlante FC,matchbook,OU25,OVER,1.7
2026-08-19T09:23:27Z,Mexico Liga MX,2026-08-22,2026-08-22T01:00:00Z,Tigres vs Atlante FC,nordicbet,OU25,OVER,1.68
2026-08-19T09:23:27Z,Mexico Liga MX,2026-08-22,2026-08-22T01:00:00Z,Tigres vs Atlante FC,onexbet,OU25,OVER,1.68
2026-08-19T09:23:27Z,Mexico Liga MX,2026-08-22,2026-08-22T01:00:00Z,Tigres vs Atlante FC,pmu_fr,OU25,OVER,1.54
2026-08-19T09:23:27Z,Mexico Liga MX,2026-08-22,2026-08-22T01:00:00Z,Tigres vs Atlante FC,tipico_de,OU25,OVER,1.62
2026-08-19T09:23:27Z,Mexico Liga MX,2026-08-22,2026-08-22T01:00:00Z,Tigres vs Atlante FC,unibet_nl,OU25,OVER,1.62
2026-08-19T09:23:27Z,Mexico Liga MX,2026-08-22,2026-08-22T01:00:00Z,Tigres vs Atlante FC,unibet_se,OU25,OVER,1.62
2026-08-19T09:23:27Z,Mexico Liga MX,2026-08-22,2026-08-22T01:00:00Z,Tigres vs Atlante FC,williamhill,OU25,OVER,1.65
2026-08-19T09:23:27Z,Mexico Liga MX,2026-08-22,2026-08-22T01:00:00Z,Tigres vs Atlante FC,betsson,OU25,UNDER,2.08
2026-08-19T09:23:27Z,Mexico Liga MX,2026-08-22,2026-08-22T01:00:00Z,Tigres vs Atlante FC,gtbets,OU25,UNDER,2.13
2026-08-19T09:23:27Z,Mexico Liga MX,2026-08-22,2026-08-22T01:00:00Z,Tigres vs Atlante FC,leovegas_se,OU25,UNDER,2.12
2026-08-19T09:23:27Z,Mexico Liga MX,2026-08-22,2026-08-22T01:00:00Z,Tigres vs Atlante FC,matchbook,OU25,UNDER,2.2
2026-08-19T09:23:27Z,Mexico Liga MX,2026-08-22,2026-08-22T01:00:00Z,Tigres vs Atlante FC,nordicbet,OU25,UNDER,2.08
2026-08-19T09:23:27Z,Mexico Liga MX,2026-08-22,2026-08-22T01:00:00Z,Tigres vs Atlante FC,onexbet,OU25,UNDER,2.12
2026-08-19T09:23:27Z,Mexico Liga MX,2026-08-22,2026-08-22T01:00:00Z,Tigres vs Atlante FC,pmu_fr,OU25,UNDER,2.06
2026-08-19T09:23:27Z,Mexico Liga MX,2026-08-22,2026-08-22T01:00:00Z,Tigres vs Atlante FC,tipico_de,OU25,UNDER,2.15
2026-08-19T09:23:27Z,Mexico Liga MX,2026-08-22,2026-08-22T01:00:00Z,Tigres vs Atlante FC,unibet_nl,OU25,UNDER,2.16
2026-08-19T09:23:27Z,Mexico Liga MX,2026-08-22,2026-08-22T01:00:00Z,Tigres vs Atlante FC,unibet_se,OU25,UNDER,2.16
2026-08-19T09:23:27Z,Mexico Liga MX,2026-08-22,2026-08-22T01:00:00Z,Tigres vs Atlante FC,williamhill,OU25,UNDER,2.05
2026-08-19T09:23:27Z,Serie B,2026-08-22,2026-08-22T15:00:00Z,Vicenza vs US Catanzaro 1929,betsson,OU25,OVER,2.08
2026-08-19T09:23:27Z,Serie B,2026-08-22,2026-08-22T15:00:00Z,Vicenza vs US Catanzaro 1929,coolbet,OU25,OVER,2.07
2026-08-19T09:23:27Z,Serie B,2026-08-22,2026-08-22T15:00:00Z,Vicenza vs US Catanzaro 1929,leovegas_se,OU25,OVER,2.08
2026-08-19T09:23:27Z,Serie B,2026-08-22,2026-08-22T15:00:00Z,Vicenza vs US Catanzaro 1929,matchbook,OU25,OVER,1.98
2026-08-19T09:23:27Z,Serie B,2026-08-22,2026-08-22T15:00:00Z,Vicenza vs US Catanzaro 1929,nordicbet,OU25,OVER,2.08
2026-08-19T09:23:27Z,Serie B,2026-08-22,2026-08-22T15:00:00Z,Vicenza vs US Catanzaro 1929,pmu_fr,OU25,OVER,2.02
2026-08-19T09:23:27Z,Serie B,2026-08-22,2026-08-22T15:00:00Z,Vicenza vs US Catanzaro 1929,unibet_nl,OU25,OVER,2.08
2026-08-19T09:23:27Z,Serie B,2026-08-22,2026-08-22T15:00:00Z,Vicenza vs US Catanzaro 1929,unibet_se,OU25,OVER,2.08
2026-08-19T09:23:27Z,Serie B,2026-08-22,2026-08-22T15:00:00Z,Vicenza vs US Catanzaro 1929,williamhill,OU25,OVER,2.1
2026-08-19T09:23:27Z,Serie B,2026-08-22,2026-08-22T15:00:00Z,Vicenza vs US Catanzaro 1929,betsson,OU25,UNDER,1.68
2026-08-19T09:23:27Z,Serie B,2026-08-22,2026-08-22T15:00:00Z,Vicenza vs US Catanzaro 1929,coolbet,OU25,UNDER,1.73
2026-08-19T09:23:27Z,Serie B,2026-08-22,2026-08-22T15:00:00Z,Vicenza vs US Catanzaro 1929,leovegas_se,OU25,UNDER,1.63
2026-08-19T09:23:27Z,Serie B,2026-08-22,2026-08-22T15:00:00Z,Vicenza vs US Catanzaro 1929,matchbook,OU25,UNDER,1.68
2026-08-19T09:23:27Z,Serie B,2026-08-22,2026-08-22T15:00:00Z,Vicenza vs US Catanzaro 1929,nordicbet,OU25,UNDER,1.68
2026-08-19T09:23:27Z,Serie B,2026-08-22,2026-08-22T15:00:00Z,Vicenza vs US Catanzaro 1929,pmu_fr,OU25,UNDER,1.56
2026-08-19T09:23:27Z,Serie B,2026-08-22,2026-08-22T15:00:00Z,Vicenza vs US Catanzaro 1929,unibet_nl,OU25,UNDER,1.63
2026-08-19T09:23:27Z,Serie B,2026-08-22,2026-08-22T15:00:00Z,Vicenza vs US Catanzaro 1929,unibet_se,OU25,UNDER,1.63
2026-08-19T09:23:27Z,Serie B,2026-08-22,2026-08-22T15:00:00Z,Vicenza vs US Catanzaro 1929,williamhill,OU25,UNDER,1.67
2026-08-19T09:23:27Z,League Two,2026-08-22,2026-08-22T11:30:00Z,Walsall vs Grimsby Town,betsson,OU25,OVER,2.12
2026-08-19T09:23:27Z,League Two,2026-08-22,2026-08-22T11:30:00Z,Walsall vs Grimsby Town,codere_it,OU25,OVER,2.01
2026-08-19T09:23:27Z,League Two,2026-08-22,2026-08-22T11:30:00Z,Walsall vs Grimsby Town,coolbet,OU25,OVER,2.03
2026-08-19T09:23:27Z,League Two,2026-08-22,2026-08-22T11:30:00Z,Walsall vs Grimsby Town,leovegas_se,OU25,OVER,2.0
2026-08-19T09:23:27Z,League Two,2026-08-22,2026-08-22T11:30:00Z,Walsall vs Grimsby Town,nordicbet,OU25,OVER,2.12
2026-08-19T09:23:27Z,League Two,2026-08-22,2026-08-22T11:30:00Z,Walsall vs Grimsby Town,onexbet,OU25,OVER,2.05
2026-08-19T09:23:27Z,League Two,2026-08-22,2026-08-22T11:30:00Z,Walsall vs Grimsby Town,tipico_de,OU25,OVER,1.97
2026-08-19T09:23:27Z,League Two,2026-08-22,2026-08-22T11:30:00Z,Walsall vs Grimsby Town,unibet_nl,OU25,OVER,2.02
2026-08-19T09:23:27Z,League Two,2026-08-22,2026-08-22T11:30:00Z,Walsall vs Grimsby Town,unibet_se,OU25,OVER,2.02
2026-08-19T09:23:27Z,League Two,2026-08-22,2026-08-22T11:30:00Z,Walsall vs Grimsby Town,williamhill,OU25,OVER,2.1
2026-08-19T09:23:27Z,League Two,2026-08-22,2026-08-22T11:30:00Z,Walsall vs Grimsby Town,betsson,OU25,UNDER,1.65
2026-08-19T09:23:27Z,League Two,2026-08-22,2026-08-22T11:30:00Z,Walsall vs Grimsby Town,codere_it,OU25,UNDER,1.66
2026-08-19T09:23:27Z,League Two,2026-08-22,2026-08-22T11:30:00Z,Walsall vs Grimsby Town,coolbet,OU25,UNDER,1.73
2026-08-19T09:23:27Z,League Two,2026-08-22,2026-08-22T11:30:00Z,Walsall vs Grimsby Town,leovegas_se,OU25,UNDER,1.66
2026-08-19T09:23:27Z,League Two,2026-08-22,2026-08-22T11:30:00Z,Walsall vs Grimsby Town,nordicbet,OU25,UNDER,1.65
2026-08-19T09:23:27Z,League Two,2026-08-22,2026-08-22T11:30:00Z,Walsall vs Grimsby Town,onexbet,OU25,UNDER,1.73
2026-08-19T09:23:27Z,League Two,2026-08-22,2026-08-22T11:30:00Z,Walsall vs Grimsby Town,tipico_de,OU25,UNDER,1.72
2026-08-19T09:23:27Z,League Two,2026-08-22,2026-08-22T11:30:00Z,Walsall vs Grimsby Town,unibet_nl,OU25,UNDER,1.68
2026-08-19T09:23:27Z,League Two,2026-08-22,2026-08-22T11:30:00Z,Walsall vs Grimsby Town,unibet_se,OU25,UNDER,1.68
2026-08-19T09:23:27Z,League Two,2026-08-22,2026-08-22T11:30:00Z,Walsall vs Grimsby Town,williamhill,OU25,UNDER,1.67
2026-08-19T09:23:27Z,Championship,2026-08-22,2026-08-22T14:00:00Z,West Ham United vs Charlton Athletic,betsson,OU25,OVER,1.68
2026-08-19T09:23:27Z,Championship,2026-08-22,2026-08-22T14:00:00Z,West Ham United vs Charlton Athletic,codere_it,OU25,OVER,1.62
2026-08-19T09:23:27Z,Championship,2026-08-22,2026-08-22T14:00:00Z,West Ham United vs Charlton Athletic,gtbets,OU25,OVER,1.66
2026-08-19T09:23:27Z,Championship,2026-08-22,2026-08-22T14:00:00Z,West Ham United vs Charlton Athletic,leovegas_se,OU25,OVER,1.6
2026-08-19T09:23:27Z,Championship,2026-08-22,2026-08-22T14:00:00Z,West Ham United vs Charlton Athletic,nordicbet,OU25,OVER,1.68
2026-08-19T09:23:27Z,Championship,2026-08-22,2026-08-22T14:00:00Z,West Ham United vs Charlton Athletic,onexbet,OU25,OVER,1.67
2026-08-19T09:23:27Z,Championship,2026-08-22,2026-08-22T14:00:00Z,West Ham United vs Charlton Athletic,pmu_fr,OU25,OVER,1.5
2026-08-19T09:23:27Z,Championship,2026-08-22,2026-08-22T14:00:00Z,West Ham United vs Charlton Athletic,tipico_de,OU25,OVER,1.62
2026-08-19T09:23:27Z,Championship,2026-08-22,2026-08-22T14:00:00Z,West Ham United vs Charlton Athletic,unibet_nl,OU25,OVER,1.6
2026-08-19T09:23:27Z,Championship,2026-08-22,2026-08-22T14:00:00Z,West Ham United vs Charlton Athletic,unibet_se,OU25,OVER,1.6
2026-08-19T09:23:27Z,Championship,2026-08-22,2026-08-22T14:00:00Z,West Ham United vs Charlton Athletic,williamhill,OU25,OVER,1.65
2026-08-19T09:23:27Z,Championship,2026-08-22,2026-08-22T14:00:00Z,West Ham United vs Charlton Athletic,betsson,OU25,UNDER,2.12
2026-08-19T09:23:27Z,Championship,2026-08-22,2026-08-22T14:00:00Z,West Ham United vs Charlton Athletic,codere_it,OU25,UNDER,2.11
2026-08-19T09:23:27Z,Championship,2026-08-22,2026-08-22T14:00:00Z,West Ham United vs Charlton Athletic,gtbets,OU25,UNDER,2.2
2026-08-19T09:23:27Z,Championship,2026-08-22,2026-08-22T14:00:00Z,West Ham United vs Charlton Athletic,leovegas_se,OU25,UNDER,2.23
2026-08-19T09:23:27Z,Championship,2026-08-22,2026-08-22T14:00:00Z,West Ham United vs Charlton Athletic,nordicbet,OU25,UNDER,2.12
2026-08-19T09:23:27Z,Championship,2026-08-22,2026-08-22T14:00:00Z,West Ham United vs Charlton Athletic,onexbet,OU25,UNDER,2.17
2026-08-19T09:23:27Z,Championship,2026-08-22,2026-08-22T14:00:00Z,West Ham United vs Charlton Athletic,pmu_fr,OU25,UNDER,2.12
2026-08-19T09:23:27Z,Championship,2026-08-22,2026-08-22T14:00:00Z,West Ham United vs Charlton Athletic,tipico_de,OU25,UNDER,2.15
2026-08-19T09:23:27Z,Championship,2026-08-22,2026-08-22T14:00:00Z,West Ham United vs Charlton Athletic,unibet_nl,OU25,UNDER,2.23
2026-08-19T09:23:27Z,Championship,2026-08-22,2026-08-22T14:00:00Z,West Ham United vs Charlton Athletic,unibet_se,OU25,UNDER,2.23
2026-08-19T09:23:27Z,Championship,2026-08-22,2026-08-22T14:00:00Z,West Ham United vs Charlton Athletic,williamhill,OU25,UNDER,2.15
2026-08-19T09:23:27Z,League One,2026-08-22,2026-08-22T14:00:00Z,Wigan Athletic vs Leyton Orient,betsson,OU25,OVER,2.12
2026-08-19T09:23:27Z,League One,2026-08-22,2026-08-22T14:00:00Z,Wigan Athletic vs Leyton Orient,codere_it,OU25,OVER,2.03
2026-08-19T09:23:27Z,League One,2026-08-22,2026-08-22T14:00:00Z,Wigan Athletic vs Leyton Orient,coolbet,OU25,OVER,2.11
2026-08-19T09:23:27Z,League One,2026-08-22,2026-08-22T14:00:00Z,Wigan Athletic vs Leyton Orient,leovegas_se,OU25,OVER,2.06
2026-08-19T09:23:27Z,League One,2026-08-22,2026-08-22T14:00:00Z,Wigan Athletic vs Leyton Orient,nordicbet,OU25,OVER,2.12
2026-08-19T09:23:27Z,League One,2026-08-22,2026-08-22T14:00:00Z,Wigan Athletic vs Leyton Orient,onexbet,OU25,OVER,2.14
2026-08-19T09:23:27Z,League One,2026-08-22,2026-08-22T14:00:00Z,Wigan Athletic vs Leyton Orient,tipico_de,OU25,OVER,2.1
2026-08-19T09:23:27Z,League One,2026-08-22,2026-08-22T14:00:00Z,Wigan Athletic vs Leyton Orient,unibet_nl,OU25,OVER,2.06
2026-08-19T09:23:27Z,League One,2026-08-22,2026-08-22T14:00:00Z,Wigan Athletic vs Leyton Orient,unibet_se,OU25,OVER,2.06
2026-08-19T09:23:27Z,League One,2026-08-22,2026-08-22T14:00:00Z,Wigan Athletic vs Leyton Orient,williamhill,OU25,OVER,2.1
2026-08-19T09:23:27Z,League One,2026-08-22,2026-08-22T14:00:00Z,Wigan Athletic vs Leyton Orient,betsson,OU25,UNDER,1.65
2026-08-19T09:23:27Z,League One,2026-08-22,2026-08-22T14:00:00Z,Wigan Athletic vs Leyton Orient,codere_it,OU25,UNDER,1.65
2026-08-19T09:23:27Z,League One,2026-08-22,2026-08-22T14:00:00Z,Wigan Athletic vs Leyton Orient,coolbet,OU25,UNDER,1.68
2026-08-19T09:23:27Z,League One,2026-08-22,2026-08-22T14:00:00Z,Wigan Athletic vs Leyton Orient,leovegas_se,OU25,UNDER,1.65
2026-08-19T09:23:27Z,League One,2026-08-22,2026-08-22T14:00:00Z,Wigan Athletic vs Leyton Orient,nordicbet,OU25,UNDER,1.65
2026-08-19T09:23:27Z,League One,2026-08-22,2026-08-22T14:00:00Z,Wigan Athletic vs Leyton Orient,onexbet,OU25,UNDER,1.68
2026-08-19T09:23:27Z,League One,2026-08-22,2026-08-22T14:00:00Z,Wigan Athletic vs Leyton Orient,tipico_de,OU25,UNDER,1.65
2026-08-19T09:23:27Z,League One,2026-08-22,2026-08-22T14:00:00Z,Wigan Athletic vs Leyton Orient,unibet_nl,OU25,UNDER,1.65
2026-08-19T09:23:27Z,League One,2026-08-22,2026-08-22T14:00:00Z,Wigan Athletic vs Leyton Orient,unibet_se,OU25,UNDER,1.65
2026-08-19T09:23:27Z,League One,2026-08-22,2026-08-22T14:00:00Z,Wigan Athletic vs Leyton Orient,williamhill,OU25,UNDER,1.67
2026-08-19T09:23:27Z,League One,2026-08-22,2026-08-22T14:00:00Z,Wimbledon vs Reading,betonlineag,OU25,OVER,2.05
2026-08-19T09:23:27Z,League One,2026-08-22,2026-08-22T14:00:00Z,Wimbledon vs Reading,betsson,OU25,OVER,1.98
2026-08-19T09:23:27Z,League One,2026-08-22,2026-08-22T14:00:00Z,Wimbledon vs Reading,codere_it,OU25,OVER,1.94
2026-08-19T09:23:27Z,League One,2026-08-22,2026-08-22T14:00:00Z,Wimbledon vs Reading,coolbet,OU25,OVER,1.97
2026-08-19T09:23:27Z,League One,2026-08-22,2026-08-22T14:00:00Z,Wimbledon vs Reading,leovegas_se,OU25,OVER,1.94
2026-08-19T09:23:27Z,League One,2026-08-22,2026-08-22T14:00:00Z,Wimbledon vs Reading,nordicbet,OU25,OVER,1.98
2026-08-19T09:23:27Z,League One,2026-08-22,2026-08-22T14:00:00Z,Wimbledon vs Reading,onexbet,OU25,OVER,2.0
2026-08-19T09:23:27Z,League One,2026-08-22,2026-08-22T14:00:00Z,Wimbledon vs Reading,pinnacle,OU25,OVER,2.03
2026-08-19T09:23:27Z,League One,2026-08-22,2026-08-22T14:00:00Z,Wimbledon vs Reading,tipico_de,OU25,OVER,1.95
2026-08-19T09:23:27Z,League One,2026-08-22,2026-08-22T14:00:00Z,Wimbledon vs Reading,unibet_nl,OU25,OVER,1.94
2026-08-19T09:23:27Z,League One,2026-08-22,2026-08-22T14:00:00Z,Wimbledon vs Reading,unibet_se,OU25,OVER,1.94
2026-08-19T09:23:27Z,League One,2026-08-22,2026-08-22T14:00:00Z,Wimbledon vs Reading,williamhill,OU25,OVER,1.95
2026-08-19T09:23:27Z,League One,2026-08-22,2026-08-22T14:00:00Z,Wimbledon vs Reading,betonlineag,OU25,UNDER,1.8
2026-08-19T09:23:27Z,League One,2026-08-22,2026-08-22T14:00:00Z,Wimbledon vs Reading,betsson,OU25,UNDER,1.75
2026-08-19T09:23:27Z,League One,2026-08-22,2026-08-22T14:00:00Z,Wimbledon vs Reading,codere_it,OU25,UNDER,1.71
2026-08-19T09:23:27Z,League One,2026-08-22,2026-08-22T14:00:00Z,Wimbledon vs Reading,coolbet,OU25,UNDER,1.78
2026-08-19T09:23:27Z,League One,2026-08-22,2026-08-22T14:00:00Z,Wimbledon vs Reading,leovegas_se,OU25,UNDER,1.73
2026-08-19T09:23:27Z,League One,2026-08-22,2026-08-22T14:00:00Z,Wimbledon vs Reading,nordicbet,OU25,UNDER,1.75
2026-08-19T09:23:27Z,League One,2026-08-22,2026-08-22T14:00:00Z,Wimbledon vs Reading,onexbet,OU25,UNDER,1.78
2026-08-19T09:23:27Z,League One,2026-08-22,2026-08-22T14:00:00Z,Wimbledon vs Reading,pinnacle,OU25,UNDER,1.8
2026-08-19T09:23:27Z,League One,2026-08-22,2026-08-22T14:00:00Z,Wimbledon vs Reading,tipico_de,OU25,UNDER,1.75
2026-08-19T09:23:27Z,League One,2026-08-22,2026-08-22T14:00:00Z,Wimbledon vs Reading,unibet_nl,OU25,UNDER,1.73
2026-08-19T09:23:27Z,League One,2026-08-22,2026-08-22T14:00:00Z,Wimbledon vs Reading,unibet_se,OU25,UNDER,1.73
2026-08-19T09:23:27Z,League One,2026-08-22,2026-08-22T14:00:00Z,Wimbledon vs Reading,williamhill,OU25,UNDER,1.75
2026-08-19T09:23:27Z,Championship,2026-08-22,2026-08-22T14:00:00Z,Wrexham AFC vs Watford,betonlineag,OU25,OVER,1.88
2026-08-19T09:23:27Z,Championship,2026-08-22,2026-08-22T14:00:00Z,Wrexham AFC vs Watford,betsson,OU25,OVER,1.85
2026-08-19T09:23:27Z,Championship,2026-08-22,2026-08-22T14:00:00Z,Wrexham AFC vs Watford,codere_it,OU25,OVER,1.82
2026-08-19T09:23:27Z,Championship,2026-08-22,2026-08-22T14:00:00Z,Wrexham AFC vs Watford,coolbet,OU25,OVER,1.85
2026-08-19T09:23:27Z,Championship,2026-08-22,2026-08-22T14:00:00Z,Wrexham AFC vs Watford,gtbets,OU25,OVER,1.86
2026-08-19T09:23:27Z,Championship,2026-08-22,2026-08-22T14:00:00Z,Wrexham AFC vs Watford,leovegas_se,OU25,OVER,1.82
2026-08-19T09:23:27Z,Championship,2026-08-22,2026-08-22T14:00:00Z,Wrexham AFC vs Watford,matchbook,OU25,OVER,1.78
2026-08-19T09:23:27Z,Championship,2026-08-22,2026-08-22T14:00:00Z,Wrexham AFC vs Watford,nordicbet,OU25,OVER,1.85
2026-08-19T09:23:27Z,Championship,2026-08-22,2026-08-22T14:00:00Z,Wrexham AFC vs Watford,onexbet,OU25,OVER,1.86
2026-08-19T09:23:27Z,Championship,2026-08-22,2026-08-22T14:00:00Z,Wrexham AFC vs Watford,pinnacle,OU25,OVER,1.89
2026-08-19T09:23:27Z,Championship,2026-08-22,2026-08-22T14:00:00Z,Wrexham AFC vs Watford,pmu_fr,OU25,OVER,1.72
2026-08-19T09:23:27Z,Championship,2026-08-22,2026-08-22T14:00:00Z,Wrexham AFC vs Watford,tipico_de,OU25,OVER,1.8
2026-08-19T09:23:27Z,Championship,2026-08-22,2026-08-22T14:00:00Z,Wrexham AFC vs Watford,unibet_nl,OU25,OVER,1.82
2026-08-19T09:23:27Z,Championship,2026-08-22,2026-08-22T14:00:00Z,Wrexham AFC vs Watford,unibet_se,OU25,OVER,1.82
2026-08-19T09:23:27Z,Championship,2026-08-22,2026-08-22T14:00:00Z,Wrexham AFC vs Watford,williamhill,OU25,OVER,1.83
2026-08-19T09:23:27Z,Championship,2026-08-22,2026-08-22T14:00:00Z,Wrexham AFC vs Watford,betonlineag,OU25,UNDER,1.93
2026-08-19T09:23:27Z,Championship,2026-08-22,2026-08-22T14:00:00Z,Wrexham AFC vs Watford,betsson,OU25,UNDER,1.9
2026-08-19T09:23:27Z,Championship,2026-08-22,2026-08-22T14:00:00Z,Wrexham AFC vs Watford,codere_it,OU25,UNDER,1.85
2026-08-19T09:23:27Z,Championship,2026-08-22,2026-08-22T14:00:00Z,Wrexham AFC vs Watford,coolbet,OU25,UNDER,1.93
2026-08-19T09:23:27Z,Championship,2026-08-22,2026-08-22T14:00:00Z,Wrexham AFC vs Watford,gtbets,OU25,UNDER,1.91
2026-08-19T09:23:27Z,Championship,2026-08-22,2026-08-22T14:00:00Z,Wrexham AFC vs Watford,leovegas_se,OU25,UNDER,1.89
2026-08-19T09:23:27Z,Championship,2026-08-22,2026-08-22T14:00:00Z,Wrexham AFC vs Watford,matchbook,OU25,UNDER,1.83
2026-08-19T09:23:27Z,Championship,2026-08-22,2026-08-22T14:00:00Z,Wrexham AFC vs Watford,nordicbet,OU25,UNDER,1.9
2026-08-19T09:23:27Z,Championship,2026-08-22,2026-08-22T14:00:00Z,Wrexham AFC vs Watford,onexbet,OU25,UNDER,1.91
2026-08-19T09:23:27Z,Championship,2026-08-22,2026-08-22T14:00:00Z,Wrexham AFC vs Watford,pinnacle,OU25,UNDER,1.94
2026-08-19T09:23:27Z,Championship,2026-08-22,2026-08-22T14:00:00Z,Wrexham AFC vs Watford,pmu_fr,OU25,UNDER,1.8
2026-08-19T09:23:27Z,Championship,2026-08-22,2026-08-22T14:00:00Z,Wrexham AFC vs Watford,tipico_de,OU25,UNDER,1.9
2026-08-19T09:23:27Z,Championship,2026-08-22,2026-08-22T14:00:00Z,Wrexham AFC vs Watford,unibet_nl,OU25,UNDER,1.89
2026-08-19T09:23:27Z,Championship,2026-08-22,2026-08-22T14:00:00Z,Wrexham AFC vs Watford,unibet_se,OU25,UNDER,1.89
2026-08-19T09:23:27Z,Championship,2026-08-22,2026-08-22T14:00:00Z,Wrexham AFC vs Watford,williamhill,OU25,UNDER,1.85
2026-08-19T09:23:27Z,China Super League,2026-08-22,2026-08-22T11:00:00Z,Wuhan Three Towns vs Tianjin Jinmen Tiger FC,betsson,OU25,OVER,1.72
2026-08-19T09:23:27Z,China Super League,2026-08-22,2026-08-22T11:00:00Z,Wuhan Three Towns vs Tianjin Jinmen Tiger FC,codere_it,OU25,OVER,1.7
2026-08-19T09:23:27Z,China Super League,2026-08-22,2026-08-22T11:00:00Z,Wuhan Three Towns vs Tianjin Jinmen Tiger FC,coolbet,OU25,OVER,1.71
2026-08-19T09:23:27Z,China Super League,2026-08-22,2026-08-22T11:00:00Z,Wuhan Three Towns vs Tianjin Jinmen Tiger FC,gtbets,OU25,OVER,1.76
2026-08-19T09:23:27Z,China Super League,2026-08-22,2026-08-22T11:00:00Z,Wuhan Three Towns vs Tianjin Jinmen Tiger FC,leovegas_se,OU25,OVER,1.8
2026-08-19T09:23:27Z,China Super League,2026-08-22,2026-08-22T11:00:00Z,Wuhan Three Towns vs Tianjin Jinmen Tiger FC,nordicbet,OU25,OVER,1.72
2026-08-19T09:23:27Z,China Super League,2026-08-22,2026-08-22T11:00:00Z,Wuhan Three Towns vs Tianjin Jinmen Tiger FC,onexbet,OU25,OVER,1.77
2026-08-19T09:23:27Z,China Super League,2026-08-22,2026-08-22T11:00:00Z,Wuhan Three Towns vs Tianjin Jinmen Tiger FC,tipico_de,OU25,OVER,1.7
2026-08-19T09:23:27Z,China Super League,2026-08-22,2026-08-22T11:00:00Z,Wuhan Three Towns vs Tianjin Jinmen Tiger FC,unibet_nl,OU25,OVER,1.82
2026-08-19T09:23:27Z,China Super League,2026-08-22,2026-08-22T11:00:00Z,Wuhan Three Towns vs Tianjin Jinmen Tiger FC,unibet_se,OU25,OVER,1.82
2026-08-19T09:23:27Z,China Super League,2026-08-22,2026-08-22T11:00:00Z,Wuhan Three Towns vs Tianjin Jinmen Tiger FC,williamhill,OU25,OVER,1.75
2026-08-19T09:23:27Z,China Super League,2026-08-22,2026-08-22T11:00:00Z,Wuhan Three Towns vs Tianjin Jinmen Tiger FC,betsson,OU25,UNDER,2.0
2026-08-19T09:23:27Z,China Super League,2026-08-22,2026-08-22T11:00:00Z,Wuhan Three Towns vs Tianjin Jinmen Tiger FC,codere_it,OU25,UNDER,1.96
2026-08-19T09:23:27Z,China Super League,2026-08-22,2026-08-22T11:00:00Z,Wuhan Three Towns vs Tianjin Jinmen Tiger FC,coolbet,OU25,UNDER,2.1
2026-08-19T09:23:27Z,China Super League,2026-08-22,2026-08-22T11:00:00Z,Wuhan Three Towns vs Tianjin Jinmen Tiger FC,gtbets,OU25,UNDER,2.03
2026-08-19T09:23:27Z,China Super League,2026-08-22,2026-08-22T11:00:00Z,Wuhan Three Towns vs Tianjin Jinmen Tiger FC,leovegas_se,OU25,UNDER,1.83
2026-08-19T09:23:27Z,China Super League,2026-08-22,2026-08-22T11:00:00Z,Wuhan Three Towns vs Tianjin Jinmen Tiger FC,nordicbet,OU25,UNDER,2.0
2026-08-19T09:23:27Z,China Super League,2026-08-22,2026-08-22T11:00:00Z,Wuhan Three Towns vs Tianjin Jinmen Tiger FC,onexbet,OU25,UNDER,2.08
2026-08-19T09:23:27Z,China Super League,2026-08-22,2026-08-22T11:00:00Z,Wuhan Three Towns vs Tianjin Jinmen Tiger FC,tipico_de,OU25,UNDER,2.0
2026-08-19T09:23:27Z,China Super League,2026-08-22,2026-08-22T11:00:00Z,Wuhan Three Towns vs Tianjin Jinmen Tiger FC,unibet_nl,OU25,UNDER,1.85
2026-08-19T09:23:27Z,China Super League,2026-08-22,2026-08-22T11:00:00Z,Wuhan Three Towns vs Tianjin Jinmen Tiger FC,unibet_se,OU25,UNDER,1.85
2026-08-19T09:23:27Z,China Super League,2026-08-22,2026-08-22T11:00:00Z,Wuhan Three Towns vs Tianjin Jinmen Tiger FC,williamhill,OU25,UNDER,1.95
2026-08-19T09:23:27Z,League One,2026-08-22,2026-08-22T14:00:00Z,Wycombe Wanderers vs Plymouth Argyle,betsson,OU25,OVER,1.78
2026-08-19T09:23:27Z,League One,2026-08-22,2026-08-22T14:00:00Z,Wycombe Wanderers vs Plymouth Argyle,codere_it,OU25,OVER,1.73
2026-08-19T09:23:27Z,League One,2026-08-22,2026-08-22T14:00:00Z,Wycombe Wanderers vs Plymouth Argyle,coolbet,OU25,OVER,1.8
2026-08-19T09:23:27Z,League One,2026-08-22,2026-08-22T14:00:00Z,Wycombe Wanderers vs Plymouth Argyle,leovegas_se,OU25,OVER,1.79
2026-08-19T09:23:27Z,League One,2026-08-22,2026-08-22T14:00:00Z,Wycombe Wanderers vs Plymouth Argyle,nordicbet,OU25,OVER,1.78
2026-08-19T09:23:27Z,League One,2026-08-22,2026-08-22T14:00:00Z,Wycombe Wanderers vs Plymouth Argyle,onexbet,OU25,OVER,1.79
2026-08-19T09:23:27Z,League One,2026-08-22,2026-08-22T14:00:00Z,Wycombe Wanderers vs Plymouth Argyle,tipico_de,OU25,OVER,1.72
2026-08-19T09:23:27Z,League One,2026-08-22,2026-08-22T14:00:00Z,Wycombe Wanderers vs Plymouth Argyle,unibet_nl,OU25,OVER,1.79
2026-08-19T09:23:27Z,League One,2026-08-22,2026-08-22T14:00:00Z,Wycombe Wanderers vs Plymouth Argyle,unibet_se,OU25,OVER,1.79
2026-08-19T09:23:27Z,League One,2026-08-22,2026-08-22T14:00:00Z,Wycombe Wanderers vs Plymouth Argyle,williamhill,OU25,OVER,1.75
2026-08-19T09:23:27Z,League One,2026-08-22,2026-08-22T14:00:00Z,Wycombe Wanderers vs Plymouth Argyle,betsson,OU25,UNDER,1.98
2026-08-19T09:23:27Z,League One,2026-08-22,2026-08-22T14:00:00Z,Wycombe Wanderers vs Plymouth Argyle,codere_it,OU25,UNDER,1.91
2026-08-19T09:23:27Z,League One,2026-08-22,2026-08-22T14:00:00Z,Wycombe Wanderers vs Plymouth Argyle,coolbet,OU25,UNDER,1.94
2026-08-19T09:23:27Z,League One,2026-08-22,2026-08-22T14:00:00Z,Wycombe Wanderers vs Plymouth Argyle,leovegas_se,OU25,UNDER,1.88
2026-08-19T09:23:27Z,League One,2026-08-22,2026-08-22T14:00:00Z,Wycombe Wanderers vs Plymouth Argyle,nordicbet,OU25,UNDER,1.98
2026-08-19T09:23:27Z,League One,2026-08-22,2026-08-22T14:00:00Z,Wycombe Wanderers vs Plymouth Argyle,onexbet,OU25,UNDER,1.99
2026-08-19T09:23:27Z,League One,2026-08-22,2026-08-22T14:00:00Z,Wycombe Wanderers vs Plymouth Argyle,tipico_de,OU25,UNDER,1.97
2026-08-19T09:23:27Z,League One,2026-08-22,2026-08-22T14:00:00Z,Wycombe Wanderers vs Plymouth Argyle,unibet_nl,OU25,UNDER,1.88
2026-08-19T09:23:27Z,League One,2026-08-22,2026-08-22T14:00:00Z,Wycombe Wanderers vs Plymouth Argyle,unibet_se,OU25,UNDER,1.88
2026-08-19T09:23:27Z,League One,2026-08-22,2026-08-22T14:00:00Z,Wycombe Wanderers vs Plymouth Argyle,williamhill,OU25,UNDER,1.95
2026-08-19T09:23:27Z,Japan J-League,2026-08-22,2026-08-22T10:30:00Z,Yokohama F Marinos vs Vissel Kobe,betsson,OU25,OVER,1.98
2026-08-19T09:23:27Z,Japan J-League,2026-08-22,2026-08-22T10:30:00Z,Yokohama F Marinos vs Vissel Kobe,coolbet,OU25,OVER,2.1
2026-08-19T09:23:27Z,Japan J-League,2026-08-22,2026-08-22T10:30:00Z,Yokohama F Marinos vs Vissel Kobe,nordicbet,OU25,OVER,1.98
2026-08-19T09:23:27Z,Japan J-League,2026-08-22,2026-08-22T10:30:00Z,Yokohama F Marinos vs Vissel Kobe,onexbet,OU25,OVER,2.07
2026-08-19T09:23:27Z,Japan J-League,2026-08-22,2026-08-22T10:30:00Z,Yokohama F Marinos vs Vissel Kobe,tipico_de,OU25,OVER,1.97
2026-08-19T09:23:27Z,Japan J-League,2026-08-22,2026-08-22T10:30:00Z,Yokohama F Marinos vs Vissel Kobe,betsson,OU25,UNDER,1.72
2026-08-19T09:23:27Z,Japan J-League,2026-08-22,2026-08-22T10:30:00Z,Yokohama F Marinos vs Vissel Kobe,coolbet,OU25,UNDER,1.75
2026-08-19T09:23:27Z,Japan J-League,2026-08-22,2026-08-22T10:30:00Z,Yokohama F Marinos vs Vissel Kobe,nordicbet,OU25,UNDER,1.72
2026-08-19T09:23:27Z,Japan J-League,2026-08-22,2026-08-22T10:30:00Z,Yokohama F Marinos vs Vissel Kobe,onexbet,OU25,UNDER,1.77
2026-08-19T09:23:27Z,Japan J-League,2026-08-22,2026-08-22T10:30:00Z,Yokohama F Marinos vs Vissel Kobe,tipico_de,OU25,UNDER,1.72
2026-08-19T09:23:27Z,Sweden Allsvenskan,2026-08-22,2026-08-22T13:00:00Z,Örgryte IS vs Halmstads BK,betsson,OU25,OVER,1.65
2026-08-19T09:23:27Z,Sweden Allsvenskan,2026-08-22,2026-08-22T13:00:00Z,Örgryte IS vs Halmstads BK,gtbets,OU25,OVER,1.7
2026-08-19T09:23:27Z,Sweden Allsvenskan,2026-08-22,2026-08-22T13:00:00Z,Örgryte IS vs Halmstads BK,leovegas_se,OU25,OVER,1.74
2026-08-19T09:23:27Z,Sweden Allsvenskan,2026-08-22,2026-08-22T13:00:00Z,Örgryte IS vs Halmstads BK,nordicbet,OU25,OVER,1.65
2026-08-19T09:23:27Z,Sweden Allsvenskan,2026-08-22,2026-08-22T13:00:00Z,Örgryte IS vs Halmstads BK,onexbet,OU25,OVER,1.65
2026-08-19T09:23:27Z,Sweden Allsvenskan,2026-08-22,2026-08-22T13:00:00Z,Örgryte IS vs Halmstads BK,pmu_fr,OU25,OVER,1.67
2026-08-19T09:23:27Z,Sweden Allsvenskan,2026-08-22,2026-08-22T13:00:00Z,Örgryte IS vs Halmstads BK,tipico_de,OU25,OVER,1.6
2026-08-19T09:23:27Z,Sweden Allsvenskan,2026-08-22,2026-08-22T13:00:00Z,Örgryte IS vs Halmstads BK,unibet_nl,OU25,OVER,1.74
2026-08-19T09:23:27Z,Sweden Allsvenskan,2026-08-22,2026-08-22T13:00:00Z,Örgryte IS vs Halmstads BK,unibet_se,OU25,OVER,1.74
2026-08-19T09:23:27Z,Sweden Allsvenskan,2026-08-22,2026-08-22T13:00:00Z,Örgryte IS vs Halmstads BK,williamhill,OU25,OVER,1.65
2026-08-19T09:23:27Z,Sweden Allsvenskan,2026-08-22,2026-08-22T13:00:00Z,Örgryte IS vs Halmstads BK,betsson,OU25,UNDER,2.18
2026-08-19T09:23:27Z,Sweden Allsvenskan,2026-08-22,2026-08-22T13:00:00Z,Örgryte IS vs Halmstads BK,gtbets,OU25,UNDER,2.15
2026-08-19T09:23:27Z,Sweden Allsvenskan,2026-08-22,2026-08-22T13:00:00Z,Örgryte IS vs Halmstads BK,leovegas_se,OU25,UNDER,1.93
2026-08-19T09:23:27Z,Sweden Allsvenskan,2026-08-22,2026-08-22T13:00:00Z,Örgryte IS vs Halmstads BK,nordicbet,OU25,UNDER,2.18
2026-08-19T09:23:27Z,Sweden Allsvenskan,2026-08-22,2026-08-22T13:00:00Z,Örgryte IS vs Halmstads BK,onexbet,OU25,UNDER,2.19
2026-08-19T09:23:27Z,Sweden Allsvenskan,2026-08-22,2026-08-22T13:00:00Z,Örgryte IS vs Halmstads BK,pmu_fr,OU25,UNDER,1.85
2026-08-19T09:23:27Z,Sweden Allsvenskan,2026-08-22,2026-08-22T13:00:00Z,Örgryte IS vs Halmstads BK,tipico_de,OU25,UNDER,2.2
2026-08-19T09:23:27Z,Sweden Allsvenskan,2026-08-22,2026-08-22T13:00:00Z,Örgryte IS vs Halmstads BK,unibet_nl,OU25,UNDER,1.93
2026-08-19T09:23:27Z,Sweden Allsvenskan,2026-08-22,2026-08-22T13:00:00Z,Örgryte IS vs Halmstads BK,unibet_se,OU25,UNDER,1.93
2026-08-19T09:23:27Z,Sweden Allsvenskan,2026-08-22,2026-08-22T13:00:00Z,Örgryte IS vs Halmstads BK,williamhill,OU25,UNDER,2.15
2026-08-19T09:23:27Z,Denmark Superliga,2026-08-23,2026-08-23T14:00:00Z,AC Horsens vs Lyngby,betsson,OU25,OVER,1.85
2026-08-19T09:23:27Z,Denmark Superliga,2026-08-23,2026-08-23T14:00:00Z,AC Horsens vs Lyngby,codere_it,OU25,OVER,1.82
2026-08-19T09:23:27Z,Denmark Superliga,2026-08-23,2026-08-23T14:00:00Z,AC Horsens vs Lyngby,gtbets,OU25,OVER,1.82
2026-08-19T09:23:27Z,Denmark Superliga,2026-08-23,2026-08-23T14:00:00Z,AC Horsens vs Lyngby,leovegas_se,OU25,OVER,1.72
2026-08-19T09:23:27Z,Denmark Superliga,2026-08-23,2026-08-23T14:00:00Z,AC Horsens vs Lyngby,nordicbet,OU25,OVER,1.85
2026-08-19T09:23:27Z,Denmark Superliga,2026-08-23,2026-08-23T14:00:00Z,AC Horsens vs Lyngby,onexbet,OU25,OVER,1.83
2026-08-19T09:23:27Z,Denmark Superliga,2026-08-23,2026-08-23T14:00:00Z,AC Horsens vs Lyngby,pinnacle,OU25,OVER,1.85
2026-08-19T09:23:27Z,Denmark Superliga,2026-08-23,2026-08-23T14:00:00Z,AC Horsens vs Lyngby,pmu_fr,OU25,OVER,1.67
2026-08-19T09:23:27Z,Denmark Superliga,2026-08-23,2026-08-23T14:00:00Z,AC Horsens vs Lyngby,tipico_de,OU25,OVER,1.8
2026-08-19T09:23:27Z,Denmark Superliga,2026-08-23,2026-08-23T14:00:00Z,AC Horsens vs Lyngby,unibet_nl,OU25,OVER,1.78
2026-08-19T09:23:27Z,Denmark Superliga,2026-08-23,2026-08-23T14:00:00Z,AC Horsens vs Lyngby,unibet_se,OU25,OVER,1.78
2026-08-19T09:23:27Z,Denmark Superliga,2026-08-23,2026-08-23T14:00:00Z,AC Horsens vs Lyngby,williamhill,OU25,OVER,1.85
2026-08-19T09:23:27Z,Denmark Superliga,2026-08-23,2026-08-23T14:00:00Z,AC Horsens vs Lyngby,betsson,OU25,UNDER,1.9
2026-08-19T09:23:27Z,Denmark Superliga,2026-08-23,2026-08-23T14:00:00Z,AC Horsens vs Lyngby,codere_it,OU25,UNDER,1.85
2026-08-19T09:23:27Z,Denmark Superliga,2026-08-23,2026-08-23T14:00:00Z,AC Horsens vs Lyngby,gtbets,OU25,UNDER,1.96
2026-08-19T09:23:27Z,Denmark Superliga,2026-08-23,2026-08-23T14:00:00Z,AC Horsens vs Lyngby,leovegas_se,OU25,UNDER,1.93
2026-08-19T09:23:27Z,Denmark Superliga,2026-08-23,2026-08-23T14:00:00Z,AC Horsens vs Lyngby,nordicbet,OU25,UNDER,1.9
2026-08-19T09:23:27Z,Denmark Superliga,2026-08-23,2026-08-23T14:00:00Z,AC Horsens vs Lyngby,onexbet,OU25,UNDER,1.94
2026-08-19T09:23:27Z,Denmark Superliga,2026-08-23,2026-08-23T14:00:00Z,AC Horsens vs Lyngby,pinnacle,OU25,UNDER,1.99
2026-08-19T09:23:27Z,Denmark Superliga,2026-08-23,2026-08-23T14:00:00Z,AC Horsens vs Lyngby,pmu_fr,OU25,UNDER,1.85
2026-08-19T09:23:27Z,Denmark Superliga,2026-08-23,2026-08-23T14:00:00Z,AC Horsens vs Lyngby,tipico_de,OU25,UNDER,1.9
2026-08-19T09:23:27Z,Denmark Superliga,2026-08-23,2026-08-23T14:00:00Z,AC Horsens vs Lyngby,unibet_nl,OU25,UNDER,2.0
2026-08-19T09:23:27Z,Denmark Superliga,2026-08-23,2026-08-23T14:00:00Z,AC Horsens vs Lyngby,unibet_se,OU25,UNDER,2.0
2026-08-19T09:23:27Z,Denmark Superliga,2026-08-23,2026-08-23T14:00:00Z,AC Horsens vs Lyngby,williamhill,OU25,UNDER,1.85
2026-08-19T09:23:27Z,Denmark Superliga,2026-08-23,2026-08-23T12:00:00Z,AGF Aarhus vs OB Odense BK,betsson,OU25,OVER,1.62
2026-08-19T09:23:27Z,Denmark Superliga,2026-08-23,2026-08-23T12:00:00Z,AGF Aarhus vs OB Odense BK,gtbets,OU25,OVER,1.64
2026-08-19T09:23:27Z,Denmark Superliga,2026-08-23,2026-08-23T12:00:00Z,AGF Aarhus vs OB Odense BK,nordicbet,OU25,OVER,1.62
2026-08-19T09:23:27Z,Denmark Superliga,2026-08-23,2026-08-23T12:00:00Z,AGF Aarhus vs OB Odense BK,onexbet,OU25,OVER,1.55
2026-08-19T09:23:27Z,Denmark Superliga,2026-08-23,2026-08-23T12:00:00Z,AGF Aarhus vs OB Odense BK,tipico_de,OU25,OVER,1.55
2026-08-19T09:23:27Z,Denmark Superliga,2026-08-23,2026-08-23T12:00:00Z,AGF Aarhus vs OB Odense BK,williamhill,OU25,OVER,1.65
2026-08-19T09:23:27Z,Denmark Superliga,2026-08-23,2026-08-23T12:00:00Z,AGF Aarhus vs OB Odense BK,betsson,OU25,UNDER,2.22
2026-08-19T09:23:27Z,Denmark Superliga,2026-08-23,2026-08-23T12:00:00Z,AGF Aarhus vs OB Odense BK,gtbets,OU25,UNDER,2.25
2026-08-19T09:23:27Z,Denmark Superliga,2026-08-23,2026-08-23T12:00:00Z,AGF Aarhus vs OB Odense BK,nordicbet,OU25,UNDER,2.22
2026-08-19T09:23:27Z,Denmark Superliga,2026-08-23,2026-08-23T12:00:00Z,AGF Aarhus vs OB Odense BK,onexbet,OU25,UNDER,2.19
2026-08-19T09:23:27Z,Denmark Superliga,2026-08-23,2026-08-23T12:00:00Z,AGF Aarhus vs OB Odense BK,tipico_de,OU25,UNDER,2.25
2026-08-19T09:23:27Z,Denmark Superliga,2026-08-23,2026-08-23T12:00:00Z,AGF Aarhus vs OB Odense BK,williamhill,OU25,UNDER,2.15
2026-08-19T09:23:27Z,Denmark Superliga,2026-08-23,2026-08-23T12:00:00Z,AGF Aarhus vs OB Odense BK,leovegas_se,OU35,OVER,2.4
2026-08-19T09:23:27Z,Denmark Superliga,2026-08-23,2026-08-23T12:00:00Z,AGF Aarhus vs OB Odense BK,pmu_fr,OU35,OVER,2.33
2026-08-19T09:23:27Z,Denmark Superliga,2026-08-23,2026-08-23T12:00:00Z,AGF Aarhus vs OB Odense BK,unibet_nl,OU35,OVER,2.5
2026-08-19T09:23:27Z,Denmark Superliga,2026-08-23,2026-08-23T12:00:00Z,AGF Aarhus vs OB Odense BK,unibet_se,OU35,OVER,2.5
2026-08-19T09:23:27Z,Denmark Superliga,2026-08-23,2026-08-23T12:00:00Z,AGF Aarhus vs OB Odense BK,leovegas_se,OU35,UNDER,1.45
2026-08-19T09:23:27Z,Denmark Superliga,2026-08-23,2026-08-23T12:00:00Z,AGF Aarhus vs OB Odense BK,pmu_fr,OU35,UNDER,1.42
2026-08-19T09:23:27Z,Denmark Superliga,2026-08-23,2026-08-23T12:00:00Z,AGF Aarhus vs OB Odense BK,unibet_nl,OU35,UNDER,1.5
2026-08-19T09:23:27Z,Denmark Superliga,2026-08-23,2026-08-23T12:00:00Z,AGF Aarhus vs OB Odense BK,unibet_se,OU35,UNDER,1.5
2026-08-19T09:23:27Z,USA MLS,2026-08-23,2026-08-23T23:00:00Z,Atlanta United FC vs Sporting Kansas City,williamhill,OU25,OVER,1.44
2026-08-19T09:23:27Z,USA MLS,2026-08-23,2026-08-23T23:00:00Z,Atlanta United FC vs Sporting Kansas City,williamhill,OU25,UNDER,2.5
2026-08-19T09:23:27Z,USA MLS,2026-08-23,2026-08-23T23:00:00Z,Atlanta United FC vs Sporting Kansas City,gtbets,OU35,OVER,2.16
2026-08-19T09:23:27Z,USA MLS,2026-08-23,2026-08-23T23:00:00Z,Atlanta United FC vs Sporting Kansas City,leovegas_se,OU35,OVER,2.3
2026-08-19T09:23:27Z,USA MLS,2026-08-23,2026-08-23T23:00:00Z,Atlanta United FC vs Sporting Kansas City,mybookieag,OU35,OVER,2.12
2026-08-19T09:23:27Z,USA MLS,2026-08-23,2026-08-23T23:00:00Z,Atlanta United FC vs Sporting Kansas City,onexbet,OU35,OVER,2.24
2026-08-19T09:23:27Z,USA MLS,2026-08-23,2026-08-23T23:00:00Z,Atlanta United FC vs Sporting Kansas City,pmu_fr,OU35,OVER,2.14
2026-08-19T09:23:27Z,USA MLS,2026-08-23,2026-08-23T23:00:00Z,Atlanta United FC vs Sporting Kansas City,unibet_nl,OU35,OVER,2.3
2026-08-19T09:23:27Z,USA MLS,2026-08-23,2026-08-23T23:00:00Z,Atlanta United FC vs Sporting Kansas City,unibet_se,OU35,OVER,2.3
2026-08-19T09:23:27Z,USA MLS,2026-08-23,2026-08-23T23:00:00Z,Atlanta United FC vs Sporting Kansas City,gtbets,OU35,UNDER,1.68
2026-08-19T09:23:27Z,USA MLS,2026-08-23,2026-08-23T23:00:00Z,Atlanta United FC vs Sporting Kansas City,leovegas_se,OU35,UNDER,1.6
2026-08-19T09:23:27Z,USA MLS,2026-08-23,2026-08-23T23:00:00Z,Atlanta United FC vs Sporting Kansas City,mybookieag,OU35,UNDER,1.65
2026-08-19T09:23:27Z,USA MLS,2026-08-23,2026-08-23T23:00:00Z,Atlanta United FC vs Sporting Kansas City,onexbet,OU35,UNDER,1.71
2026-08-19T09:23:27Z,USA MLS,2026-08-23,2026-08-23T23:00:00Z,Atlanta United FC vs Sporting Kansas City,pmu_fr,OU35,UNDER,1.49
2026-08-19T09:23:27Z,USA MLS,2026-08-23,2026-08-23T23:00:00Z,Atlanta United FC vs Sporting Kansas City,unibet_nl,OU35,UNDER,1.6
2026-08-19T09:23:27Z,USA MLS,2026-08-23,2026-08-23T23:00:00Z,Atlanta United FC vs Sporting Kansas City,unibet_se,OU35,UNDER,1.6
2026-08-19T09:23:27Z,Argentina Primera Division,2026-08-23,2026-08-23T00:00:00Z,Atlético Huracán vs Deportivo Riestra,betanysports,OU15,OVER,1.71
2026-08-19T09:23:27Z,Argentina Primera Division,2026-08-23,2026-08-23T00:00:00Z,Atlético Huracán vs Deportivo Riestra,betonlineag,OU15,OVER,1.71
2026-08-19T09:23:27Z,Argentina Primera Division,2026-08-23,2026-08-23T00:00:00Z,Atlético Huracán vs Deportivo Riestra,codere_it,OU15,OVER,1.58
2026-08-19T09:23:27Z,Argentina Primera Division,2026-08-23,2026-08-23T00:00:00Z,Atlético Huracán vs Deportivo Riestra,leovegas_se,OU15,OVER,1.6
2026-08-19T09:23:27Z,Argentina Primera Division,2026-08-23,2026-08-23T00:00:00Z,Atlético Huracán vs Deportivo Riestra,onexbet,OU15,OVER,1.64
2026-08-19T09:23:27Z,Argentina Primera Division,2026-08-23,2026-08-23T00:00:00Z,Atlético Huracán vs Deportivo Riestra,unibet_se,OU15,OVER,1.63
2026-08-19T09:23:27Z,Argentina Primera Division,2026-08-23,2026-08-23T00:00:00Z,Atlético Huracán vs Deportivo Riestra,betanysports,OU15,UNDER,2.1
2026-08-19T09:23:27Z,Argentina Primera Division,2026-08-23,2026-08-23T00:00:00Z,Atlético Huracán vs Deportivo Riestra,betonlineag,OU15,UNDER,2.2
2026-08-19T09:23:27Z,Argentina Primera Division,2026-08-23,2026-08-23T00:00:00Z,Atlético Huracán vs Deportivo Riestra,codere_it,OU15,UNDER,2.19
2026-08-19T09:23:27Z,Argentina Primera Division,2026-08-23,2026-08-23T00:00:00Z,Atlético Huracán vs Deportivo Riestra,leovegas_se,OU15,UNDER,2.18
2026-08-19T09:23:27Z,Argentina Primera Division,2026-08-23,2026-08-23T00:00:00Z,Atlético Huracán vs Deportivo Riestra,onexbet,OU15,UNDER,2.25
2026-08-19T09:23:27Z,Argentina Primera Division,2026-08-23,2026-08-23T00:00:00Z,Atlético Huracán vs Deportivo Riestra,unibet_se,OU15,UNDER,2.23
2026-08-19T09:23:27Z,Argentina Primera Division,2026-08-23,2026-08-23T00:00:00Z,Atlético Huracán vs Deportivo Riestra,betsson,OU25,OVER,2.95
2026-08-19T09:23:27Z,Argentina Primera Division,2026-08-23,2026-08-23T00:00:00Z,Atlético Huracán vs Deportivo Riestra,nordicbet,OU25,OVER,2.95
2026-08-19T09:23:27Z,Argentina Primera Division,2026-08-23,2026-08-23T00:00:00Z,Atlético Huracán vs Deportivo Riestra,betsson,OU25,UNDER,1.39
2026-08-19T09:23:27Z,Argentina Primera Division,2026-08-23,2026-08-23T00:00:00Z,Atlético Huracán vs Deportivo Riestra,nordicbet,OU25,UNDER,1.39
2026-08-19T09:23:27Z,Mexico Liga MX,2026-08-23,2026-08-23T23:00:00Z,Atlético San Luis vs Pachuca,betonlineag,OU25,OVER,1.83
2026-08-19T09:23:27Z,Mexico Liga MX,2026-08-23,2026-08-23T23:00:00Z,Atlético San Luis vs Pachuca,betsson,OU25,OVER,1.82
2026-08-19T09:23:27Z,Mexico Liga MX,2026-08-23,2026-08-23T23:00:00Z,Atlético San Luis vs Pachuca,coolbet,OU25,OVER,1.8
2026-08-19T09:23:27Z,Mexico Liga MX,2026-08-23,2026-08-23T23:00:00Z,Atlético San Luis vs Pachuca,gtbets,OU25,OVER,1.8
2026-08-19T09:23:27Z,Mexico Liga MX,2026-08-23,2026-08-23T23:00:00Z,Atlético San Luis vs Pachuca,leovegas_se,OU25,OVER,1.66
2026-08-19T09:23:27Z,Mexico Liga MX,2026-08-23,2026-08-23T23:00:00Z,Atlético San Luis vs Pachuca,nordicbet,OU25,OVER,1.82
2026-08-19T09:23:27Z,Mexico Liga MX,2026-08-23,2026-08-23T23:00:00Z,Atlético San Luis vs Pachuca,onexbet,OU25,OVER,1.81
2026-08-19T09:23:27Z,Mexico Liga MX,2026-08-23,2026-08-23T23:00:00Z,Atlético San Luis vs Pachuca,pinnacle,OU25,OVER,1.85
2026-08-19T09:23:27Z,Mexico Liga MX,2026-08-23,2026-08-23T23:00:00Z,Atlético San Luis vs Pachuca,pmu_fr,OU25,OVER,1.61
2026-08-19T09:23:27Z,Mexico Liga MX,2026-08-23,2026-08-23T23:00:00Z,Atlético San Luis vs Pachuca,tipico_de,OU25,OVER,1.75
2026-08-19T09:23:27Z,Mexico Liga MX,2026-08-23,2026-08-23T23:00:00Z,Atlético San Luis vs Pachuca,unibet_nl,OU25,OVER,1.7
2026-08-19T09:23:27Z,Mexico Liga MX,2026-08-23,2026-08-23T23:00:00Z,Atlético San Luis vs Pachuca,unibet_se,OU25,OVER,1.7
2026-08-19T09:23:27Z,Mexico Liga MX,2026-08-23,2026-08-23T23:00:00Z,Atlético San Luis vs Pachuca,betonlineag,OU25,UNDER,2.0
2026-08-19T09:23:27Z,Mexico Liga MX,2026-08-23,2026-08-23T23:00:00Z,Atlético San Luis vs Pachuca,betsson,OU25,UNDER,1.92
2026-08-19T09:23:27Z,Mexico Liga MX,2026-08-23,2026-08-23T23:00:00Z,Atlético San Luis vs Pachuca,coolbet,OU25,UNDER,1.98
2026-08-19T09:23:27Z,Mexico Liga MX,2026-08-23,2026-08-23T23:00:00Z,Atlético San Luis vs Pachuca,gtbets,OU25,UNDER,1.98
2026-08-19T09:23:27Z,Mexico Liga MX,2026-08-23,2026-08-23T23:00:00Z,Atlético San Luis vs Pachuca,leovegas_se,OU25,UNDER,2.0
2026-08-19T09:23:27Z,Mexico Liga MX,2026-08-23,2026-08-23T23:00:00Z,Atlético San Luis vs Pachuca,nordicbet,OU25,UNDER,1.92
2026-08-19T09:23:27Z,Mexico Liga MX,2026-08-23,2026-08-23T23:00:00Z,Atlético San Luis vs Pachuca,onexbet,OU25,UNDER,1.95
2026-08-19T09:23:27Z,Mexico Liga MX,2026-08-23,2026-08-23T23:00:00Z,Atlético San Luis vs Pachuca,pinnacle,OU25,UNDER,2.0
2026-08-19T09:23:27Z,Mexico Liga MX,2026-08-23,2026-08-23T23:00:00Z,Atlético San Luis vs Pachuca,pmu_fr,OU25,UNDER,1.93
2026-08-19T09:23:27Z,Mexico Liga MX,2026-08-23,2026-08-23T23:00:00Z,Atlético San Luis vs Pachuca,tipico_de,OU25,UNDER,1.93
2026-08-19T09:23:27Z,Mexico Liga MX,2026-08-23,2026-08-23T23:00:00Z,Atlético San Luis vs Pachuca,unibet_nl,OU25,UNDER,2.04
2026-08-19T09:23:27Z,Mexico Liga MX,2026-08-23,2026-08-23T23:00:00Z,Atlético San Luis vs Pachuca,unibet_se,OU25,UNDER,2.04
2026-08-19T09:23:27Z,USA MLS,2026-08-23,2026-08-23T00:30:00Z,Austin FC vs Philadelphia Union,betonlineag,OU25,OVER,1.74
2026-08-19T09:23:27Z,USA MLS,2026-08-23,2026-08-23T00:30:00Z,Austin FC vs Philadelphia Union,gtbets,OU25,OVER,1.68
2026-08-19T09:23:27Z,USA MLS,2026-08-23,2026-08-23T00:30:00Z,Austin FC vs Philadelphia Union,leovegas_se,OU25,OVER,1.6
2026-08-19T09:23:27Z,USA MLS,2026-08-23,2026-08-23T00:30:00Z,Austin FC vs Philadelphia Union,mybookieag,OU25,OVER,1.66
2026-08-19T09:23:27Z,USA MLS,2026-08-23,2026-08-23T00:30:00Z,Austin FC vs Philadelphia Union,onexbet,OU25,OVER,1.73
2026-08-19T09:23:27Z,USA MLS,2026-08-23,2026-08-23T00:30:00Z,Austin FC vs Philadelphia Union,pmu_fr,OU25,OVER,1.5
2026-08-19T09:23:27Z,USA MLS,2026-08-23,2026-08-23T00:30:00Z,Austin FC vs Philadelphia Union,unibet_nl,OU25,OVER,1.6
2026-08-19T09:23:27Z,USA MLS,2026-08-23,2026-08-23T00:30:00Z,Austin FC vs Philadelphia Union,unibet_se,OU25,OVER,1.6
2026-08-19T09:23:27Z,USA MLS,2026-08-23,2026-08-23T00:30:00Z,Austin FC vs Philadelphia Union,betonlineag,OU25,UNDER,2.15
2026-08-19T09:23:27Z,USA MLS,2026-08-23,2026-08-23T00:30:00Z,Austin FC vs Philadelphia Union,gtbets,OU25,UNDER,2.14
2026-08-19T09:23:27Z,USA MLS,2026-08-23,2026-08-23T00:30:00Z,Austin FC vs Philadelphia Union,leovegas_se,OU25,UNDER,2.28
2026-08-19T09:23:27Z,USA MLS,2026-08-23,2026-08-23T00:30:00Z,Austin FC vs Philadelphia Union,mybookieag,OU25,UNDER,2.09
2026-08-19T09:23:27Z,USA MLS,2026-08-23,2026-08-23T00:30:00Z,Austin FC vs Philadelphia Union,onexbet,OU25,UNDER,2.21
2026-08-19T09:23:27Z,USA MLS,2026-08-23,2026-08-23T00:30:00Z,Austin FC vs Philadelphia Union,pmu_fr,OU25,UNDER,2.12
2026-08-19T09:23:27Z,USA MLS,2026-08-23,2026-08-23T00:30:00Z,Austin FC vs Philadelphia Union,unibet_nl,OU25,UNDER,2.28
2026-08-19T09:23:27Z,USA MLS,2026-08-23,2026-08-23T00:30:00Z,Austin FC vs Philadelphia Union,unibet_se,OU25,UNDER,2.28
2026-08-19T09:23:27Z,Argentina Primera Division,2026-08-23,2026-08-23T17:45:00Z,Barracas Central vs Platense,betanysports,OU15,OVER,1.67
2026-08-19T09:23:27Z,Argentina Primera Division,2026-08-23,2026-08-23T17:45:00Z,Barracas Central vs Platense,betonlineag,OU15,OVER,1.67
2026-08-19T09:23:27Z,Argentina Primera Division,2026-08-23,2026-08-23T17:45:00Z,Barracas Central vs Platense,codere_it,OU15,OVER,1.59
2026-08-19T09:23:27Z,Argentina Primera Division,2026-08-23,2026-08-23T17:45:00Z,Barracas Central vs Platense,leovegas_se,OU15,OVER,1.68
2026-08-19T09:23:27Z,Argentina Primera Division,2026-08-23,2026-08-23T17:45:00Z,Barracas Central vs Platense,onexbet,OU15,OVER,1.67
2026-08-19T09:23:27Z,Argentina Primera Division,2026-08-23,2026-08-23T17:45:00Z,Barracas Central vs Platense,unibet_se,OU15,OVER,1.71
2026-08-19T09:23:27Z,Argentina Primera Division,2026-08-23,2026-08-23T17:45:00Z,Barracas Central vs Platense,betanysports,OU15,UNDER,2.2
2026-08-19T09:23:27Z,Argentina Primera Division,2026-08-23,2026-08-23T17:45:00Z,Barracas Central vs Platense,betonlineag,OU15,UNDER,2.3
2026-08-19T09:23:27Z,Argentina Primera Division,2026-08-23,2026-08-23T17:45:00Z,Barracas Central vs Platense,codere_it,OU15,UNDER,2.16
2026-08-19T09:23:27Z,Argentina Primera Division,2026-08-23,2026-08-23T17:45:00Z,Barracas Central vs Platense,leovegas_se,OU15,UNDER,2.04
2026-08-19T09:23:27Z,Argentina Primera Division,2026-08-23,2026-08-23T17:45:00Z,Barracas Central vs Platense,onexbet,OU15,UNDER,2.21
2026-08-19T09:23:27Z,Argentina Primera Division,2026-08-23,2026-08-23T17:45:00Z,Barracas Central vs Platense,unibet_se,OU15,UNDER,2.08
2026-08-19T09:23:27Z,Argentina Primera Division,2026-08-23,2026-08-23T17:45:00Z,Barracas Central vs Platense,betsson,OU25,OVER,2.95
2026-08-19T09:23:27Z,Argentina Primera Division,2026-08-23,2026-08-23T17:45:00Z,Barracas Central vs Platense,nordicbet,OU25,OVER,2.95
2026-08-19T09:23:27Z,Argentina Primera Division,2026-08-23,2026-08-23T17:45:00Z,Barracas Central vs Platense,betsson,OU25,UNDER,1.39
2026-08-19T09:23:27Z,Argentina Primera Division,2026-08-23,2026-08-23T17:45:00Z,Barracas Central vs Platense,nordicbet,OU25,UNDER,1.39
2026-08-19T09:23:27Z,Argentina Primera Division,2026-08-23,2026-08-23T20:00:00Z,Belgrano de Cordoba vs Defensa y Justicia,betsson,OU25,OVER,2.48
2026-08-19T09:23:27Z,Argentina Primera Division,2026-08-23,2026-08-23T20:00:00Z,Belgrano de Cordoba vs Defensa y Justicia,codere_it,OU25,OVER,2.38
2026-08-19T09:23:27Z,Argentina Primera Division,2026-08-23,2026-08-23T20:00:00Z,Belgrano de Cordoba vs Defensa y Justicia,leovegas_se,OU25,OVER,2.3
2026-08-19T09:23:27Z,Argentina Primera Division,2026-08-23,2026-08-23T20:00:00Z,Belgrano de Cordoba vs Defensa y Justicia,nordicbet,OU25,OVER,2.48
2026-08-19T09:23:27Z,Argentina Primera Division,2026-08-23,2026-08-23T20:00:00Z,Belgrano de Cordoba vs Defensa y Justicia,onexbet,OU25,OVER,2.5
2026-08-19T09:23:27Z,Argentina Primera Division,2026-08-23,2026-08-23T20:00:00Z,Belgrano de Cordoba vs Defensa y Justicia,unibet_se,OU25,OVER,2.35
2026-08-19T09:23:27Z,Argentina Primera Division,2026-08-23,2026-08-23T20:00:00Z,Belgrano de Cordoba vs Defensa y Justicia,betsson,OU25,UNDER,1.52
2026-08-19T09:23:27Z,Argentina Primera Division,2026-08-23,2026-08-23T20:00:00Z,Belgrano de Cordoba vs Defensa y Justicia,codere_it,OU25,UNDER,1.49
2026-08-19T09:23:27Z,Argentina Primera Division,2026-08-23,2026-08-23T20:00:00Z,Belgrano de Cordoba vs Defensa y Justicia,leovegas_se,OU25,UNDER,1.53
2026-08-19T09:23:27Z,Argentina Primera Division,2026-08-23,2026-08-23T20:00:00Z,Belgrano de Cordoba vs Defensa y Justicia,nordicbet,OU25,UNDER,1.52
2026-08-19T09:23:27Z,Argentina Primera Division,2026-08-23,2026-08-23T20:00:00Z,Belgrano de Cordoba vs Defensa y Justicia,onexbet,OU25,UNDER,1.53
2026-08-19T09:23:27Z,Argentina Primera Division,2026-08-23,2026-08-23T20:00:00Z,Belgrano de Cordoba vs Defensa y Justicia,unibet_se,OU25,UNDER,1.56
2026-08-19T09:23:27Z,Brazil Serie A,2026-08-23,2026-08-23T19:00:00Z,Bragantino-SP vs Grêmio,betanysports,OU25,OVER,1.87
2026-08-19T09:23:27Z,Brazil Serie A,2026-08-23,2026-08-23T19:00:00Z,Bragantino-SP vs Grêmio,betonlineag,OU25,OVER,1.87
2026-08-19T09:23:27Z,Brazil Serie A,2026-08-23,2026-08-23T19:00:00Z,Bragantino-SP vs Grêmio,betsson,OU25,OVER,1.85
2026-08-19T09:23:27Z,Brazil Serie A,2026-08-23,2026-08-23T19:00:00Z,Bragantino-SP vs Grêmio,codere_it,OU25,OVER,1.82
2026-08-19T09:23:27Z,Brazil Serie A,2026-08-23,2026-08-23T19:00:00Z,Bragantino-SP vs Grêmio,coolbet,OU25,OVER,1.85
2026-08-19T09:23:27Z,Brazil Serie A,2026-08-23,2026-08-23T19:00:00Z,Bragantino-SP vs Grêmio,gtbets,OU25,OVER,1.88
2026-08-19T09:23:27Z,Brazil Serie A,2026-08-23,2026-08-23T19:00:00Z,Bragantino-SP vs Grêmio,leovegas_se,OU25,OVER,1.85
2026-08-19T09:23:27Z,Brazil Serie A,2026-08-23,2026-08-23T19:00:00Z,Bragantino-SP vs Grêmio,nordicbet,OU25,OVER,1.85
2026-08-19T09:23:27Z,Brazil Serie A,2026-08-23,2026-08-23T19:00:00Z,Bragantino-SP vs Grêmio,onexbet,OU25,OVER,1.9
2026-08-19T09:23:27Z,Brazil Serie A,2026-08-23,2026-08-23T19:00:00Z,Bragantino-SP vs Grêmio,pinnacle,OU25,OVER,1.88
2026-08-19T09:23:27Z,Brazil Serie A,2026-08-23,2026-08-23T19:00:00Z,Bragantino-SP vs Grêmio,pmu_fr,OU25,OVER,1.77
2026-08-19T09:23:27Z,Brazil Serie A,2026-08-23,2026-08-23T19:00:00Z,Bragantino-SP vs Grêmio,tipico_de,OU25,OVER,1.83
2026-08-19T09:23:27Z,Brazil Serie A,2026-08-23,2026-08-23T19:00:00Z,Bragantino-SP vs Grêmio,unibet_nl,OU25,OVER,1.88
2026-08-19T09:23:27Z,Brazil Serie A,2026-08-23,2026-08-23T19:00:00Z,Bragantino-SP vs Grêmio,unibet_se,OU25,OVER,1.88
2026-08-19T09:23:27Z,Brazil Serie A,2026-08-23,2026-08-23T19:00:00Z,Bragantino-SP vs Grêmio,williamhill,OU25,OVER,1.85
2026-08-19T09:23:27Z,Brazil Serie A,2026-08-23,2026-08-23T19:00:00Z,Bragantino-SP vs Grêmio,betanysports,OU25,UNDER,1.87
2026-08-19T09:23:27Z,Brazil Serie A,2026-08-23,2026-08-23T19:00:00Z,Bragantino-SP vs Grêmio,betonlineag,OU25,UNDER,1.95
2026-08-19T09:23:27Z,Brazil Serie A,2026-08-23,2026-08-23T19:00:00Z,Bragantino-SP vs Grêmio,betsson,OU25,UNDER,1.88
2026-08-19T09:23:27Z,Brazil Serie A,2026-08-23,2026-08-23T19:00:00Z,Bragantino-SP vs Grêmio,codere_it,OU25,UNDER,1.85
2026-08-19T09:23:27Z,Brazil Serie A,2026-08-23,2026-08-23T19:00:00Z,Bragantino-SP vs Grêmio,coolbet,OU25,UNDER,1.93
2026-08-19T09:23:27Z,Brazil Serie A,2026-08-23,2026-08-23T19:00:00Z,Bragantino-SP vs Grêmio,gtbets,OU25,UNDER,1.88
2026-08-19T09:23:27Z,Brazil Serie A,2026-08-23,2026-08-23T19:00:00Z,Bragantino-SP vs Grêmio,leovegas_se,OU25,UNDER,1.83
2026-08-19T09:23:27Z,Brazil Serie A,2026-08-23,2026-08-23T19:00:00Z,Bragantino-SP vs Grêmio,nordicbet,OU25,UNDER,1.88
2026-08-19T09:23:27Z,Brazil Serie A,2026-08-23,2026-08-23T19:00:00Z,Bragantino-SP vs Grêmio,onexbet,OU25,UNDER,1.95
2026-08-19T09:23:27Z,Brazil Serie A,2026-08-23,2026-08-23T19:00:00Z,Bragantino-SP vs Grêmio,pinnacle,OU25,UNDER,1.95
2026-08-19T09:23:27Z,Brazil Serie A,2026-08-23,2026-08-23T19:00:00Z,Bragantino-SP vs Grêmio,pmu_fr,OU25,UNDER,1.75
2026-08-19T09:23:27Z,Brazil Serie A,2026-08-23,2026-08-23T19:00:00Z,Bragantino-SP vs Grêmio,tipico_de,OU25,UNDER,1.87
2026-08-19T09:23:27Z,Brazil Serie A,2026-08-23,2026-08-23T19:00:00Z,Bragantino-SP vs Grêmio,unibet_nl,OU25,UNDER,1.87
2026-08-19T09:23:27Z,Brazil Serie A,2026-08-23,2026-08-23T19:00:00Z,Bragantino-SP vs Grêmio,unibet_se,OU25,UNDER,1.87
2026-08-19T09:23:27Z,Brazil Serie A,2026-08-23,2026-08-23T19:00:00Z,Bragantino-SP vs Grêmio,williamhill,OU25,UNDER,1.85
2026-08-19T09:23:27Z,La Liga 2,2026-08-23,2026-08-23T17:00:00Z,CD Castellón vs Sabadell FC,betsson,OU25,OVER,1.65
2026-08-19T09:23:27Z,La Liga 2,2026-08-23,2026-08-23T17:00:00Z,CD Castellón vs Sabadell FC,leovegas_se,OU25,OVER,1.66
2026-08-19T09:23:27Z,La Liga 2,2026-08-23,2026-08-23T17:00:00Z,CD Castellón vs Sabadell FC,nordicbet,OU25,OVER,1.65
2026-08-19T09:23:27Z,La Liga 2,2026-08-23,2026-08-23T17:00:00Z,CD Castellón vs Sabadell FC,onexbet,OU25,OVER,1.66
2026-08-19T09:23:27Z,La Liga 2,2026-08-23,2026-08-23T17:00:00Z,CD Castellón vs Sabadell FC,pmu_fr,OU25,OVER,1.61
2026-08-19T09:23:27Z,La Liga 2,2026-08-23,2026-08-23T17:00:00Z,CD Castellón vs Sabadell FC,tipico_de,OU25,OVER,1.62
2026-08-19T09:23:27Z,La Liga 2,2026-08-23,2026-08-23T17:00:00Z,CD Castellón vs Sabadell FC,unibet_nl,OU25,OVER,1.68
2026-08-19T09:23:27Z,La Liga 2,2026-08-23,2026-08-23T17:00:00Z,CD Castellón vs Sabadell FC,unibet_se,OU25,OVER,1.68
2026-08-19T09:23:27Z,La Liga 2,2026-08-23,2026-08-23T17:00:00Z,CD Castellón vs Sabadell FC,williamhill,OU25,OVER,1.67
2026-08-19T09:23:27Z,La Liga 2,2026-08-23,2026-08-23T17:00:00Z,CD Castellón vs Sabadell FC,betsson,OU25,UNDER,2.1
2026-08-19T09:23:27Z,La Liga 2,2026-08-23,2026-08-23T17:00:00Z,CD Castellón vs Sabadell FC,leovegas_se,OU25,UNDER,2.0
2026-08-19T09:23:27Z,La Liga 2,2026-08-23,2026-08-23T17:00:00Z,CD Castellón vs Sabadell FC,nordicbet,OU25,UNDER,2.1
2026-08-19T09:23:27Z,La Liga 2,2026-08-23,2026-08-23T17:00:00Z,CD Castellón vs Sabadell FC,onexbet,OU25,UNDER,2.27
2026-08-19T09:23:27Z,La Liga 2,2026-08-23,2026-08-23T17:00:00Z,CD Castellón vs Sabadell FC,pmu_fr,OU25,UNDER,1.93
2026-08-19T09:23:27Z,La Liga 2,2026-08-23,2026-08-23T17:00:00Z,CD Castellón vs Sabadell FC,tipico_de,OU25,UNDER,2.15
2026-08-19T09:23:27Z,La Liga 2,2026-08-23,2026-08-23T17:00:00Z,CD Castellón vs Sabadell FC,unibet_nl,OU25,UNDER,2.02
2026-08-19T09:23:27Z,La Liga 2,2026-08-23,2026-08-23T17:00:00Z,CD Castellón vs Sabadell FC,unibet_se,OU25,UNDER,2.02
2026-08-19T09:23:27Z,La Liga 2,2026-08-23,2026-08-23T17:00:00Z,CD Castellón vs Sabadell FC,williamhill,OU25,UNDER,2.1
2026-08-19T09:23:27Z,Serie B,2026-08-23,2026-08-23T19:00:00Z,Cesena FC vs Sampdoria,betonlineag,OU25,OVER,2.05
2026-08-19T09:23:27Z,Serie B,2026-08-23,2026-08-23T19:00:00Z,Cesena FC vs Sampdoria,betsson,OU25,OVER,1.98
2026-08-19T09:23:27Z,Serie B,2026-08-23,2026-08-23T19:00:00Z,Cesena FC vs Sampdoria,codere_it,OU25,OVER,1.97
2026-08-19T09:23:27Z,Serie B,2026-08-23,2026-08-23T19:00:00Z,Cesena FC vs Sampdoria,coolbet,OU25,OVER,2.01
2026-08-19T09:23:27Z,Serie B,2026-08-23,2026-08-23T19:00:00Z,Cesena FC vs Sampdoria,leovegas_se,OU25,OVER,2.0
2026-08-19T09:23:27Z,Serie B,2026-08-23,2026-08-23T19:00:00Z,Cesena FC vs Sampdoria,nordicbet,OU25,OVER,1.98
2026-08-19T09:23:27Z,Serie B,2026-08-23,2026-08-23T19:00:00Z,Cesena FC vs Sampdoria,onexbet,OU25,OVER,1.94
2026-08-19T09:23:27Z,Serie B,2026-08-23,2026-08-23T19:00:00Z,Cesena FC vs Sampdoria,pinnacle,OU25,OVER,2.05
2026-08-19T09:23:27Z,Serie B,2026-08-23,2026-08-23T19:00:00Z,Cesena FC vs Sampdoria,pmu_fr,OU25,OVER,1.91
2026-08-19T09:23:27Z,Serie B,2026-08-23,2026-08-23T19:00:00Z,Cesena FC vs Sampdoria,tipico_de,OU25,OVER,1.95
2026-08-19T09:23:27Z,Serie B,2026-08-23,2026-08-23T19:00:00Z,Cesena FC vs Sampdoria,unibet_nl,OU25,OVER,2.0
2026-08-19T09:23:27Z,Serie B,2026-08-23,2026-08-23T19:00:00Z,Cesena FC vs Sampdoria,unibet_se,OU25,OVER,2.0
2026-08-19T09:23:27Z,Serie B,2026-08-23,2026-08-23T19:00:00Z,Cesena FC vs Sampdoria,williamhill,OU25,OVER,2.05
2026-08-19T09:23:27Z,Serie B,2026-08-23,2026-08-23T19:00:00Z,Cesena FC vs Sampdoria,betonlineag,OU25,UNDER,1.8
2026-08-19T09:23:27Z,Serie B,2026-08-23,2026-08-23T19:00:00Z,Cesena FC vs Sampdoria,betsson,OU25,UNDER,1.72
2026-08-19T09:23:27Z,Serie B,2026-08-23,2026-08-23T19:00:00Z,Cesena FC vs Sampdoria,codere_it,OU25,UNDER,1.72
2026-08-19T09:23:27Z,Serie B,2026-08-23,2026-08-23T19:00:00Z,Cesena FC vs Sampdoria,coolbet,OU25,UNDER,1.78
2026-08-19T09:23:27Z,Serie B,2026-08-23,2026-08-23T19:00:00Z,Cesena FC vs Sampdoria,leovegas_se,OU25,UNDER,1.71
2026-08-19T09:23:27Z,Serie B,2026-08-23,2026-08-23T19:00:00Z,Cesena FC vs Sampdoria,nordicbet,OU25,UNDER,1.72
2026-08-19T09:23:27Z,Serie B,2026-08-23,2026-08-23T19:00:00Z,Cesena FC vs Sampdoria,onexbet,OU25,UNDER,1.83
2026-08-19T09:23:27Z,Serie B,2026-08-23,2026-08-23T19:00:00Z,Cesena FC vs Sampdoria,pinnacle,OU25,UNDER,1.79
2026-08-19T09:23:27Z,Serie B,2026-08-23,2026-08-23T19:00:00Z,Cesena FC vs Sampdoria,pmu_fr,OU25,UNDER,1.63
2026-08-19T09:23:27Z,Serie B,2026-08-23,2026-08-23T19:00:00Z,Cesena FC vs Sampdoria,tipico_de,OU25,UNDER,1.75
2026-08-19T09:23:27Z,Serie B,2026-08-23,2026-08-23T19:00:00Z,Cesena FC vs Sampdoria,unibet_nl,OU25,UNDER,1.71
2026-08-19T09:23:27Z,Serie B,2026-08-23,2026-08-23T19:00:00Z,Cesena FC vs Sampdoria,unibet_se,OU25,UNDER,1.71
2026-08-19T09:23:27Z,Serie B,2026-08-23,2026-08-23T19:00:00Z,Cesena FC vs Sampdoria,williamhill,OU25,UNDER,1.73
2026-08-19T09:23:27Z,Brazil Serie A,2026-08-23,2026-08-23T21:30:00Z,Chapecoense vs Sao Paulo,betanysports,OU25,OVER,2.05
2026-08-19T09:23:27Z,Brazil Serie A,2026-08-23,2026-08-23T21:30:00Z,Chapecoense vs Sao Paulo,betonlineag,OU25,OVER,2.15
2026-08-19T09:23:27Z,Brazil Serie A,2026-08-23,2026-08-23T21:30:00Z,Chapecoense vs Sao Paulo,betsson,OU25,OVER,2.08
2026-08-19T09:23:27Z,Brazil Serie A,2026-08-23,2026-08-23T21:30:00Z,Chapecoense vs Sao Paulo,codere_it,OU25,OVER,1.99
2026-08-19T09:23:27Z,Brazil Serie A,2026-08-23,2026-08-23T21:30:00Z,Chapecoense vs Sao Paulo,coolbet,OU25,OVER,2.06
2026-08-19T09:23:27Z,Brazil Serie A,2026-08-23,2026-08-23T21:30:00Z,Chapecoense vs Sao Paulo,gtbets,OU25,OVER,2.06
2026-08-19T09:23:27Z,Brazil Serie A,2026-08-23,2026-08-23T21:30:00Z,Chapecoense vs Sao Paulo,leovegas_se,OU25,OVER,1.91
2026-08-19T09:23:27Z,Brazil Serie A,2026-08-23,2026-08-23T21:30:00Z,Chapecoense vs Sao Paulo,matchbook,OU25,OVER,2.0
2026-08-19T09:23:27Z,Brazil Serie A,2026-08-23,2026-08-23T21:30:00Z,Chapecoense vs Sao Paulo,mybookieag,OU25,OVER,2.01
2026-08-19T09:23:27Z,Brazil Serie A,2026-08-23,2026-08-23T21:30:00Z,Chapecoense vs Sao Paulo,nordicbet,OU25,OVER,2.08
2026-08-19T09:23:27Z,Brazil Serie A,2026-08-23,2026-08-23T21:30:00Z,Chapecoense vs Sao Paulo,onexbet,OU25,OVER,2.12
2026-08-19T09:23:27Z,Brazil Serie A,2026-08-23,2026-08-23T21:30:00Z,Chapecoense vs Sao Paulo,pmu_fr,OU25,OVER,1.83
2026-08-19T09:23:27Z,Brazil Serie A,2026-08-23,2026-08-23T21:30:00Z,Chapecoense vs Sao Paulo,tipico_de,OU25,OVER,2.05
2026-08-19T09:23:27Z,Brazil Serie A,2026-08-23,2026-08-23T21:30:00Z,Chapecoense vs Sao Paulo,unibet_nl,OU25,OVER,1.94
2026-08-19T09:23:27Z,Brazil Serie A,2026-08-23,2026-08-23T21:30:00Z,Chapecoense vs Sao Paulo,unibet_se,OU25,OVER,1.94
2026-08-19T09:23:27Z,Brazil Serie A,2026-08-23,2026-08-23T21:30:00Z,Chapecoense vs Sao Paulo,williamhill,OU25,OVER,2.05
2026-08-19T09:23:27Z,Brazil Serie A,2026-08-23,2026-08-23T21:30:00Z,Chapecoense vs Sao Paulo,betanysports,OU25,UNDER,1.74
2026-08-19T09:23:27Z,Brazil Serie A,2026-08-23,2026-08-23T21:30:00Z,Chapecoense vs Sao Paulo,betonlineag,OU25,UNDER,1.74
2026-08-19T09:23:27Z,Brazil Serie A,2026-08-23,2026-08-23T21:30:00Z,Chapecoense vs Sao Paulo,betsson,OU25,UNDER,1.7
2026-08-19T09:23:27Z,Brazil Serie A,2026-08-23,2026-08-23T21:30:00Z,Chapecoense vs Sao Paulo,codere_it,OU25,UNDER,1.7
2026-08-19T09:23:27Z,Brazil Serie A,2026-08-23,2026-08-23T21:30:00Z,Chapecoense vs Sao Paulo,coolbet,OU25,UNDER,1.74
2026-08-19T09:23:27Z,Brazil Serie A,2026-08-23,2026-08-23T21:30:00Z,Chapecoense vs Sao Paulo,gtbets,OU25,UNDER,1.74
2026-08-19T09:23:27Z,Brazil Serie A,2026-08-23,2026-08-23T21:30:00Z,Chapecoense vs Sao Paulo,leovegas_se,OU25,UNDER,1.77
2026-08-19T09:23:27Z,Brazil Serie A,2026-08-23,2026-08-23T21:30:00Z,Chapecoense vs Sao Paulo,matchbook,OU25,UNDER,1.65
2026-08-19T09:23:27Z,Brazil Serie A,2026-08-23,2026-08-23T21:30:00Z,Chapecoense vs Sao Paulo,mybookieag,OU25,UNDER,1.72
2026-08-19T09:23:27Z,Brazil Serie A,2026-08-23,2026-08-23T21:30:00Z,Chapecoense vs Sao Paulo,nordicbet,OU25,UNDER,1.7
2026-08-19T09:23:27Z,Brazil Serie A,2026-08-23,2026-08-23T21:30:00Z,Chapecoense vs Sao Paulo,onexbet,OU25,UNDER,1.75
2026-08-19T09:23:27Z,Brazil Serie A,2026-08-23,2026-08-23T21:30:00Z,Chapecoense vs Sao Paulo,pmu_fr,OU25,UNDER,1.7
2026-08-19T09:23:27Z,Brazil Serie A,2026-08-23,2026-08-23T21:30:00Z,Chapecoense vs Sao Paulo,tipico_de,OU25,UNDER,1.67
2026-08-19T09:23:27Z,Brazil Serie A,2026-08-23,2026-08-23T21:30:00Z,Chapecoense vs Sao Paulo,unibet_nl,OU25,UNDER,1.81
2026-08-19T09:23:27Z,Brazil Serie A,2026-08-23,2026-08-23T21:30:00Z,Chapecoense vs Sao Paulo,unibet_se,OU25,UNDER,1.81
2026-08-19T09:23:27Z,Brazil Serie A,2026-08-23,2026-08-23T21:30:00Z,Chapecoense vs Sao Paulo,williamhill,OU25,UNDER,1.73
2026-08-19T09:23:27Z,China Super League,2026-08-23,2026-08-23T12:00:00Z,Chongqing Tonglianglong FC vs Dalian Yingbo,betsson,OU25,OVER,1.82
2026-08-19T09:23:27Z,China Super League,2026-08-23,2026-08-23T12:00:00Z,Chongqing Tonglianglong FC vs Dalian Yingbo,codere_it,OU25,OVER,1.8
2026-08-19T09:23:27Z,China Super League,2026-08-23,2026-08-23T12:00:00Z,Chongqing Tonglianglong FC vs Dalian Yingbo,coolbet,OU25,OVER,1.9
2026-08-19T09:23:27Z,China Super League,2026-08-23,2026-08-23T12:00:00Z,Chongqing Tonglianglong FC vs Dalian Yingbo,gtbets,OU25,OVER,1.88
2026-08-19T09:23:27Z,China Super League,2026-08-23,2026-08-23T12:00:00Z,Chongqing Tonglianglong FC vs Dalian Yingbo,leovegas_se,OU25,OVER,1.83
2026-08-19T09:23:27Z,China Super League,2026-08-23,2026-08-23T12:00:00Z,Chongqing Tonglianglong FC vs Dalian Yingbo,nordicbet,OU25,OVER,1.82
2026-08-19T09:23:27Z,China Super League,2026-08-23,2026-08-23T12:00:00Z,Chongqing Tonglianglong FC vs Dalian Yingbo,onexbet,OU25,OVER,1.94
2026-08-19T09:23:27Z,China Super League,2026-08-23,2026-08-23T12:00:00Z,Chongqing Tonglianglong FC vs Dalian Yingbo,pinnacle,OU25,OVER,1.95
2026-08-19T09:23:27Z,China Super League,2026-08-23,2026-08-23T12:00:00Z,Chongqing Tonglianglong FC vs Dalian Yingbo,tipico_de,OU25,OVER,1.85
2026-08-19T09:23:27Z,China Super League,2026-08-23,2026-08-23T12:00:00Z,Chongqing Tonglianglong FC vs Dalian Yingbo,unibet_nl,OU25,OVER,1.85
2026-08-19T09:23:27Z,China Super League,2026-08-23,2026-08-23T12:00:00Z,Chongqing Tonglianglong FC vs Dalian Yingbo,unibet_se,OU25,OVER,1.85
2026-08-19T09:23:27Z,China Super League,2026-08-23,2026-08-23T12:00:00Z,Chongqing Tonglianglong FC vs Dalian Yingbo,williamhill,OU25,OVER,1.85
2026-08-19T09:23:27Z,China Super League,2026-08-23,2026-08-23T12:00:00Z,Chongqing Tonglianglong FC vs Dalian Yingbo,betsson,OU25,UNDER,1.88
2026-08-19T09:23:27Z,China Super League,2026-08-23,2026-08-23T12:00:00Z,Chongqing Tonglianglong FC vs Dalian Yingbo,codere_it,OU25,UNDER,1.83
2026-08-19T09:23:27Z,China Super League,2026-08-23,2026-08-23T12:00:00Z,Chongqing Tonglianglong FC vs Dalian Yingbo,coolbet,OU25,UNDER,1.87
2026-08-19T09:23:27Z,China Super League,2026-08-23,2026-08-23T12:00:00Z,Chongqing Tonglianglong FC vs Dalian Yingbo,gtbets,OU25,UNDER,1.89
2026-08-19T09:23:27Z,China Super League,2026-08-23,2026-08-23T12:00:00Z,Chongqing Tonglianglong FC vs Dalian Yingbo,leovegas_se,OU25,UNDER,1.81
2026-08-19T09:23:27Z,China Super League,2026-08-23,2026-08-23T12:00:00Z,Chongqing Tonglianglong FC vs Dalian Yingbo,nordicbet,OU25,UNDER,1.88
2026-08-19T09:23:27Z,China Super League,2026-08-23,2026-08-23T12:00:00Z,Chongqing Tonglianglong FC vs Dalian Yingbo,onexbet,OU25,UNDER,1.89
2026-08-19T09:23:27Z,China Super League,2026-08-23,2026-08-23T12:00:00Z,Chongqing Tonglianglong FC vs Dalian Yingbo,pinnacle,OU25,UNDER,1.87
2026-08-19T09:23:27Z,China Super League,2026-08-23,2026-08-23T12:00:00Z,Chongqing Tonglianglong FC vs Dalian Yingbo,tipico_de,OU25,UNDER,1.83
2026-08-19T09:23:27Z,China Super League,2026-08-23,2026-08-23T12:00:00Z,Chongqing Tonglianglong FC vs Dalian Yingbo,unibet_nl,OU25,UNDER,1.82
2026-08-19T09:23:27Z,China Super League,2026-08-23,2026-08-23T12:00:00Z,Chongqing Tonglianglong FC vs Dalian Yingbo,unibet_se,OU25,UNDER,1.82
2026-08-19T09:23:27Z,China Super League,2026-08-23,2026-08-23T12:00:00Z,Chongqing Tonglianglong FC vs Dalian Yingbo,williamhill,OU25,UNDER,1.85
2026-08-19T09:23:27Z,Brazil Serie A,2026-08-23,2026-08-23T22:30:00Z,Coritiba vs Corinthians,gtbets,OU25,OVER,2.42
2026-08-19T09:23:27Z,Brazil Serie A,2026-08-23,2026-08-23T22:30:00Z,Coritiba vs Corinthians,leovegas_se,OU25,OVER,2.28
2026-08-19T09:23:27Z,Brazil Serie A,2026-08-23,2026-08-23T22:30:00Z,Coritiba vs Corinthians,mybookieag,OU25,OVER,2.4
2026-08-19T09:23:27Z,Brazil Serie A,2026-08-23,2026-08-23T22:30:00Z,Coritiba vs Corinthians,onexbet,OU25,OVER,2.5
2026-08-19T09:23:27Z,Brazil Serie A,2026-08-23,2026-08-23T22:30:00Z,Coritiba vs Corinthians,pmu_fr,OU25,OVER,2.18
2026-08-19T09:23:27Z,Brazil Serie A,2026-08-23,2026-08-23T22:30:00Z,Coritiba vs Corinthians,tipico_de,OU25,OVER,2.4
2026-08-19T09:23:27Z,Brazil Serie A,2026-08-23,2026-08-23T22:30:00Z,Coritiba vs Corinthians,unibet_nl,OU25,OVER,2.33
2026-08-19T09:23:27Z,Brazil Serie A,2026-08-23,2026-08-23T22:30:00Z,Coritiba vs Corinthians,unibet_se,OU25,OVER,2.33
2026-08-19T09:23:27Z,Brazil Serie A,2026-08-23,2026-08-23T22:30:00Z,Coritiba vs Corinthians,williamhill,OU25,OVER,2.45
2026-08-19T09:23:27Z,Brazil Serie A,2026-08-23,2026-08-23T22:30:00Z,Coritiba vs Corinthians,gtbets,OU25,UNDER,1.55
2026-08-19T09:23:27Z,Brazil Serie A,2026-08-23,2026-08-23T22:30:00Z,Coritiba vs Corinthians,leovegas_se,OU25,UNDER,1.54
2026-08-19T09:23:27Z,Brazil Serie A,2026-08-23,2026-08-23T22:30:00Z,Coritiba vs Corinthians,mybookieag,OU25,UNDER,1.51
2026-08-19T09:23:27Z,Brazil Serie A,2026-08-23,2026-08-23T22:30:00Z,Coritiba vs Corinthians,onexbet,OU25,UNDER,1.56
2026-08-19T09:23:27Z,Brazil Serie A,2026-08-23,2026-08-23T22:30:00Z,Coritiba vs Corinthians,pmu_fr,OU25,UNDER,1.48
2026-08-19T09:23:27Z,Brazil Serie A,2026-08-23,2026-08-23T22:30:00Z,Coritiba vs Corinthians,tipico_de,OU25,UNDER,1.5
2026-08-19T09:23:27Z,Brazil Serie A,2026-08-23,2026-08-23T22:30:00Z,Coritiba vs Corinthians,unibet_nl,OU25,UNDER,1.57
2026-08-19T09:23:27Z,Brazil Serie A,2026-08-23,2026-08-23T22:30:00Z,Coritiba vs Corinthians,unibet_se,OU25,UNDER,1.57
2026-08-19T09:23:27Z,Brazil Serie A,2026-08-23,2026-08-23T22:30:00Z,Coritiba vs Corinthians,williamhill,OU25,UNDER,1.5
2026-08-19T09:23:27Z,Mexico Liga MX,2026-08-23,2026-08-23T03:00:00Z,Cruz Azul vs Atlas,betonlineag,OU25,OVER,1.78
2026-08-19T09:23:27Z,Mexico Liga MX,2026-08-23,2026-08-23T03:00:00Z,Cruz Azul vs Atlas,betsson,OU25,OVER,1.72
2026-08-19T09:23:27Z,Mexico Liga MX,2026-08-23,2026-08-23T03:00:00Z,Cruz Azul vs Atlas,coolbet,OU25,OVER,1.71
2026-08-19T09:23:27Z,Mexico Liga MX,2026-08-23,2026-08-23T03:00:00Z,Cruz Azul vs Atlas,gtbets,OU25,OVER,1.72
2026-08-19T09:23:27Z,Mexico Liga MX,2026-08-23,2026-08-23T03:00:00Z,Cruz Azul vs Atlas,leovegas_se,OU25,OVER,1.67
2026-08-19T09:23:27Z,Mexico Liga MX,2026-08-23,2026-08-23T03:00:00Z,Cruz Azul vs Atlas,matchbook,OU25,OVER,1.72
2026-08-19T09:23:27Z,Mexico Liga MX,2026-08-23,2026-08-23T03:00:00Z,Cruz Azul vs Atlas,nordicbet,OU25,OVER,1.72
2026-08-19T09:23:27Z,Mexico Liga MX,2026-08-23,2026-08-23T03:00:00Z,Cruz Azul vs Atlas,onexbet,OU25,OVER,1.74
2026-08-19T09:23:27Z,Mexico Liga MX,2026-08-23,2026-08-23T03:00:00Z,Cruz Azul vs Atlas,pmu_fr,OU25,OVER,1.61
2026-08-19T09:23:27Z,Mexico Liga MX,2026-08-23,2026-08-23T03:00:00Z,Cruz Azul vs Atlas,tipico_de,OU25,OVER,1.67
2026-08-19T09:23:27Z,Mexico Liga MX,2026-08-23,2026-08-23T03:00:00Z,Cruz Azul vs Atlas,unibet_nl,OU25,OVER,1.7
2026-08-19T09:23:27Z,Mexico Liga MX,2026-08-23,2026-08-23T03:00:00Z,Cruz Azul vs Atlas,unibet_se,OU25,OVER,1.7
2026-08-19T09:23:27Z,Mexico Liga MX,2026-08-23,2026-08-23T03:00:00Z,Cruz Azul vs Atlas,williamhill,OU25,OVER,1.67
2026-08-19T09:23:27Z,Mexico Liga MX,2026-08-23,2026-08-23T03:00:00Z,Cruz Azul vs Atlas,betonlineag,OU25,UNDER,2.08
2026-08-19T09:23:27Z,Mexico Liga MX,2026-08-23,2026-08-23T03:00:00Z,Cruz Azul vs Atlas,betsson,OU25,UNDER,2.02
2026-08-19T09:23:27Z,Mexico Liga MX,2026-08-23,2026-08-23T03:00:00Z,Cruz Azul vs Atlas,coolbet,OU25,UNDER,2.1
2026-08-19T09:23:27Z,Mexico Liga MX,2026-08-23,2026-08-23T03:00:00Z,Cruz Azul vs Atlas,gtbets,OU25,UNDER,2.09
2026-08-19T09:23:27Z,Mexico Liga MX,2026-08-23,2026-08-23T03:00:00Z,Cruz Azul vs Atlas,leovegas_se,OU25,UNDER,2.0
2026-08-19T09:23:27Z,Mexico Liga MX,2026-08-23,2026-08-23T03:00:00Z,Cruz Azul vs Atlas,matchbook,OU25,UNDER,2.04
2026-08-19T09:23:27Z,Mexico Liga MX,2026-08-23,2026-08-23T03:00:00Z,Cruz Azul vs Atlas,nordicbet,OU25,UNDER,2.02
2026-08-19T09:23:27Z,Mexico Liga MX,2026-08-23,2026-08-23T03:00:00Z,Cruz Azul vs Atlas,onexbet,OU25,UNDER,2.04
2026-08-19T09:23:27Z,Mexico Liga MX,2026-08-23,2026-08-23T03:00:00Z,Cruz Azul vs Atlas,pmu_fr,OU25,UNDER,1.93
2026-08-19T09:23:27Z,Mexico Liga MX,2026-08-23,2026-08-23T03:00:00Z,Cruz Azul vs Atlas,tipico_de,OU25,UNDER,2.05
2026-08-19T09:23:27Z,Mexico Liga MX,2026-08-23,2026-08-23T03:00:00Z,Cruz Azul vs Atlas,unibet_nl,OU25,UNDER,2.04
2026-08-19T09:23:27Z,Mexico Liga MX,2026-08-23,2026-08-23T03:00:00Z,Cruz Azul vs Atlas,unibet_se,OU25,UNDER,2.04
2026-08-19T09:23:27Z,Mexico Liga MX,2026-08-23,2026-08-23T03:00:00Z,Cruz Azul vs Atlas,williamhill,OU25,UNDER,2.05
2026-08-19T09:23:27Z,Japan J-League,2026-08-23,2026-08-23T10:30:00Z,FC Machida Zelvia vs Urawa Red Diamonds,betonlineag,OU25,OVER,2.16
2026-08-19T09:23:27Z,Japan J-League,2026-08-23,2026-08-23T10:30:00Z,FC Machida Zelvia vs Urawa Red Diamonds,betsson,OU25,OVER,2.08
2026-08-19T09:23:27Z,Japan J-League,2026-08-23,2026-08-23T10:30:00Z,FC Machida Zelvia vs Urawa Red Diamonds,coolbet,OU25,OVER,2.17
2026-08-19T09:23:27Z,Japan J-League,2026-08-23,2026-08-23T10:30:00Z,FC Machida Zelvia vs Urawa Red Diamonds,nordicbet,OU25,OVER,2.08
2026-08-19T09:23:27Z,Japan J-League,2026-08-23,2026-08-23T10:30:00Z,FC Machida Zelvia vs Urawa Red Diamonds,onexbet,OU25,OVER,2.16
2026-08-19T09:23:27Z,Japan J-League,2026-08-23,2026-08-23T10:30:00Z,FC Machida Zelvia vs Urawa Red Diamonds,tipico_de,OU25,OVER,2.05
2026-08-19T09:23:27Z,Japan J-League,2026-08-23,2026-08-23T10:30:00Z,FC Machida Zelvia vs Urawa Red Diamonds,williamhill,OU25,OVER,2.05
2026-08-19T09:23:27Z,Japan J-League,2026-08-23,2026-08-23T10:30:00Z,FC Machida Zelvia vs Urawa Red Diamonds,betonlineag,OU25,UNDER,1.74
2026-08-19T09:23:27Z,Japan J-League,2026-08-23,2026-08-23T10:30:00Z,FC Machida Zelvia vs Urawa Red Diamonds,betsson,OU25,UNDER,1.65
2026-08-19T09:23:27Z,Japan J-League,2026-08-23,2026-08-23T10:30:00Z,FC Machida Zelvia vs Urawa Red Diamonds,coolbet,OU25,UNDER,1.7
2026-08-19T09:23:27Z,Japan J-League,2026-08-23,2026-08-23T10:30:00Z,FC Machida Zelvia vs Urawa Red Diamonds,nordicbet,OU25,UNDER,1.65
2026-08-19T09:23:27Z,Japan J-League,2026-08-23,2026-08-23T10:30:00Z,FC Machida Zelvia vs Urawa Red Diamonds,onexbet,OU25,UNDER,1.71
2026-08-19T09:23:27Z,Japan J-League,2026-08-23,2026-08-23T10:30:00Z,FC Machida Zelvia vs Urawa Red Diamonds,tipico_de,OU25,UNDER,1.67
2026-08-19T09:23:27Z,Japan J-League,2026-08-23,2026-08-23T10:30:00Z,FC Machida Zelvia vs Urawa Red Diamonds,williamhill,OU25,UNDER,1.7
2026-08-19T09:23:27Z,Denmark Superliga,2026-08-23,2026-08-23T12:00:00Z,FC Midtjylland vs Randers FC,betsson,OU25,OVER,1.6
2026-08-19T09:23:27Z,Denmark Superliga,2026-08-23,2026-08-23T12:00:00Z,FC Midtjylland vs Randers FC,codere_it,OU25,OVER,1.57
2026-08-19T09:23:27Z,Denmark Superliga,2026-08-23,2026-08-23T12:00:00Z,FC Midtjylland vs Randers FC,gtbets,OU25,OVER,1.62
2026-08-19T09:23:27Z,Denmark Superliga,2026-08-23,2026-08-23T12:00:00Z,FC Midtjylland vs Randers FC,nordicbet,OU25,OVER,1.6
2026-08-19T09:23:27Z,Denmark Superliga,2026-08-23,2026-08-23T12:00:00Z,FC Midtjylland vs Randers FC,onexbet,OU25,OVER,1.55
2026-08-19T09:23:27Z,Denmark Superliga,2026-08-23,2026-08-23T12:00:00Z,FC Midtjylland vs Randers FC,tipico_de,OU25,OVER,1.57
2026-08-19T09:23:27Z,Denmark Superliga,2026-08-23,2026-08-23T12:00:00Z,FC Midtjylland vs Randers FC,williamhill,OU25,OVER,1.6
2026-08-19T09:23:27Z,Denmark Superliga,2026-08-23,2026-08-23T12:00:00Z,FC Midtjylland vs Randers FC,betsson,OU25,UNDER,2.28
2026-08-19T09:23:27Z,Denmark Superliga,2026-08-23,2026-08-23T12:00:00Z,FC Midtjylland vs Randers FC,codere_it,OU25,UNDER,2.21
2026-08-19T09:23:27Z,Denmark Superliga,2026-08-23,2026-08-23T12:00:00Z,FC Midtjylland vs Randers FC,gtbets,OU25,UNDER,2.26
2026-08-19T09:23:27Z,Denmark Superliga,2026-08-23,2026-08-23T12:00:00Z,FC Midtjylland vs Randers FC,nordicbet,OU25,UNDER,2.28
2026-08-19T09:23:27Z,Denmark Superliga,2026-08-23,2026-08-23T12:00:00Z,FC Midtjylland vs Randers FC,onexbet,OU25,UNDER,2.19
2026-08-19T09:23:27Z,Denmark Superliga,2026-08-23,2026-08-23T12:00:00Z,FC Midtjylland vs Randers FC,tipico_de,OU25,UNDER,2.25
2026-08-19T09:23:27Z,Denmark Superliga,2026-08-23,2026-08-23T12:00:00Z,FC Midtjylland vs Randers FC,williamhill,OU25,UNDER,2.25
2026-08-19T09:23:27Z,Denmark Superliga,2026-08-23,2026-08-23T12:00:00Z,FC Midtjylland vs Randers FC,leovegas_se,OU35,OVER,2.28
2026-08-19T09:23:27Z,Denmark Superliga,2026-08-23,2026-08-23T12:00:00Z,FC Midtjylland vs Randers FC,pmu_fr,OU35,OVER,2.2
2026-08-19T09:23:27Z,Denmark Superliga,2026-08-23,2026-08-23T12:00:00Z,FC Midtjylland vs Randers FC,unibet_nl,OU35,OVER,2.35
2026-08-19T09:23:27Z,Denmark Superliga,2026-08-23,2026-08-23T12:00:00Z,FC Midtjylland vs Randers FC,unibet_se,OU35,OVER,2.35
2026-08-19T09:23:27Z,Denmark Superliga,2026-08-23,2026-08-23T12:00:00Z,FC Midtjylland vs Randers FC,leovegas_se,OU35,UNDER,1.51
2026-08-19T09:23:27Z,Denmark Superliga,2026-08-23,2026-08-23T12:00:00Z,FC Midtjylland vs Randers FC,pmu_fr,OU35,UNDER,1.47
2026-08-19T09:23:27Z,Denmark Superliga,2026-08-23,2026-08-23T12:00:00Z,FC Midtjylland vs Randers FC,unibet_nl,OU35,UNDER,1.56
2026-08-19T09:23:27Z,Denmark Superliga,2026-08-23,2026-08-23T12:00:00Z,FC Midtjylland vs Randers FC,unibet_se,OU35,UNDER,1.56
2026-08-19T09:23:27Z,Finland Veikkausliiga,2026-08-23,2026-08-23T12:00:00Z,HJK Helsinki vs IF Gnistan,betsson,OU25,OVER,1.49
2026-08-19T09:23:27Z,Finland Veikkausliiga,2026-08-23,2026-08-23T12:00:00Z,HJK Helsinki vs IF Gnistan,nordicbet,OU25,OVER,1.49
2026-08-19T09:23:27Z,Finland Veikkausliiga,2026-08-23,2026-08-23T12:00:00Z,HJK Helsinki vs IF Gnistan,williamhill,OU25,OVER,1.44
2026-08-19T09:23:27Z,Finland Veikkausliiga,2026-08-23,2026-08-23T12:00:00Z,HJK Helsinki vs IF Gnistan,betsson,OU25,UNDER,2.52
2026-08-19T09:23:27Z,Finland Veikkausliiga,2026-08-23,2026-08-23T12:00:00Z,HJK Helsinki vs IF Gnistan,nordicbet,OU25,UNDER,2.52
2026-08-19T09:23:27Z,Finland Veikkausliiga,2026-08-23,2026-08-23T12:00:00Z,HJK Helsinki vs IF Gnistan,williamhill,OU25,UNDER,2.5
2026-08-19T09:23:27Z,Finland Veikkausliiga,2026-08-23,2026-08-23T12:00:00Z,HJK Helsinki vs IF Gnistan,gtbets,OU35,OVER,2.15
2026-08-19T09:23:27Z,Finland Veikkausliiga,2026-08-23,2026-08-23T12:00:00Z,HJK Helsinki vs IF Gnistan,leovegas_se,OU35,OVER,2.3
2026-08-19T09:23:27Z,Finland Veikkausliiga,2026-08-23,2026-08-23T12:00:00Z,HJK Helsinki vs IF Gnistan,onexbet,OU35,OVER,2.21
2026-08-19T09:23:27Z,Finland Veikkausliiga,2026-08-23,2026-08-23T12:00:00Z,HJK Helsinki vs IF Gnistan,pmu_fr,OU35,OVER,2.23
2026-08-19T09:23:27Z,Finland Veikkausliiga,2026-08-23,2026-08-23T12:00:00Z,HJK Helsinki vs IF Gnistan,tipico_de,OU35,OVER,2.1
2026-08-19T09:23:27Z,Finland Veikkausliiga,2026-08-23,2026-08-23T12:00:00Z,HJK Helsinki vs IF Gnistan,unibet_nl,OU35,OVER,2.3
2026-08-19T09:23:27Z,Finland Veikkausliiga,2026-08-23,2026-08-23T12:00:00Z,HJK Helsinki vs IF Gnistan,unibet_se,OU35,OVER,2.3
2026-08-19T09:23:27Z,Finland Veikkausliiga,2026-08-23,2026-08-23T12:00:00Z,HJK Helsinki vs IF Gnistan,gtbets,OU35,UNDER,1.66
2026-08-19T09:23:27Z,Finland Veikkausliiga,2026-08-23,2026-08-23T12:00:00Z,HJK Helsinki vs IF Gnistan,leovegas_se,OU35,UNDER,1.51
2026-08-19T09:23:27Z,Finland Veikkausliiga,2026-08-23,2026-08-23T12:00:00Z,HJK Helsinki vs IF Gnistan,onexbet,OU35,UNDER,1.64
2026-08-19T09:23:27Z,Finland Veikkausliiga,2026-08-23,2026-08-23T12:00:00Z,HJK Helsinki vs IF Gnistan,pmu_fr,OU35,UNDER,1.44
2026-08-19T09:23:27Z,Finland Veikkausliiga,2026-08-23,2026-08-23T12:00:00Z,HJK Helsinki vs IF Gnistan,tipico_de,OU35,UNDER,1.65
2026-08-19T09:23:27Z,Finland Veikkausliiga,2026-08-23,2026-08-23T12:00:00Z,HJK Helsinki vs IF Gnistan,unibet_nl,OU35,UNDER,1.51
2026-08-19T09:23:27Z,Finland Veikkausliiga,2026-08-23,2026-08-23T12:00:00Z,HJK Helsinki vs IF Gnistan,unibet_se,OU35,UNDER,1.51
2026-08-19T09:23:27Z,Sweden Allsvenskan,2026-08-23,2026-08-23T14:30:00Z,Hammarby IF vs GAIS,betsson,OU25,OVER,1.55
2026-08-19T09:23:27Z,Sweden Allsvenskan,2026-08-23,2026-08-23T14:30:00Z,Hammarby IF vs GAIS,gtbets,OU25,OVER,1.6
2026-08-19T09:23:27Z,Sweden Allsvenskan,2026-08-23,2026-08-23T14:30:00Z,Hammarby IF vs GAIS,nordicbet,OU25,OVER,1.55
2026-08-19T09:23:27Z,Sweden Allsvenskan,2026-08-23,2026-08-23T14:30:00Z,Hammarby IF vs GAIS,onexbet,OU25,OVER,1.56
2026-08-19T09:23:27Z,Sweden Allsvenskan,2026-08-23,2026-08-23T14:30:00Z,Hammarby IF vs GAIS,williamhill,OU25,OVER,1.57
2026-08-19T09:23:27Z,Sweden Allsvenskan,2026-08-23,2026-08-23T14:30:00Z,Hammarby IF vs GAIS,betsson,OU25,UNDER,2.38
2026-08-19T09:23:27Z,Sweden Allsvenskan,2026-08-23,2026-08-23T14:30:00Z,Hammarby IF vs GAIS,gtbets,OU25,UNDER,2.31
2026-08-19T09:23:27Z,Sweden Allsvenskan,2026-08-23,2026-08-23T14:30:00Z,Hammarby IF vs GAIS,nordicbet,OU25,UNDER,2.38
2026-08-19T09:23:27Z,Sweden Allsvenskan,2026-08-23,2026-08-23T14:30:00Z,Hammarby IF vs GAIS,onexbet,OU25,UNDER,2.38
2026-08-19T09:23:27Z,Sweden Allsvenskan,2026-08-23,2026-08-23T14:30:00Z,Hammarby IF vs GAIS,williamhill,OU25,UNDER,2.25
2026-08-19T09:23:27Z,Sweden Allsvenskan,2026-08-23,2026-08-23T14:30:00Z,Hammarby IF vs GAIS,leovegas_se,OU35,OVER,2.17
2026-08-19T09:23:27Z,Sweden Allsvenskan,2026-08-23,2026-08-23T14:30:00Z,Hammarby IF vs GAIS,pmu_fr,OU35,OVER,2.1
2026-08-19T09:23:27Z,Sweden Allsvenskan,2026-08-23,2026-08-23T14:30:00Z,Hammarby IF vs GAIS,unibet_nl,OU35,OVER,2.17
2026-08-19T09:23:27Z,Sweden Allsvenskan,2026-08-23,2026-08-23T14:30:00Z,Hammarby IF vs GAIS,unibet_se,OU35,OVER,2.17
2026-08-19T09:23:27Z,Sweden Allsvenskan,2026-08-23,2026-08-23T14:30:00Z,Hammarby IF vs GAIS,leovegas_se,OU35,UNDER,1.57
2026-08-19T09:23:27Z,Sweden Allsvenskan,2026-08-23,2026-08-23T14:30:00Z,Hammarby IF vs GAIS,pmu_fr,OU35,UNDER,1.51
2026-08-19T09:23:27Z,Sweden Allsvenskan,2026-08-23,2026-08-23T14:30:00Z,Hammarby IF vs GAIS,unibet_nl,OU35,UNDER,1.57
2026-08-19T09:23:27Z,Sweden Allsvenskan,2026-08-23,2026-08-23T14:30:00Z,Hammarby IF vs GAIS,unibet_se,OU35,UNDER,1.57
2026-08-19T09:23:27Z,Serie B,2026-08-23,2026-08-23T17:00:00Z,Hellas Verona vs Ascoli,betonlineag,OU25,OVER,1.95
2026-08-19T09:23:27Z,Serie B,2026-08-23,2026-08-23T17:00:00Z,Hellas Verona vs Ascoli,betsson,OU25,OVER,1.88
2026-08-19T09:23:27Z,Serie B,2026-08-23,2026-08-23T17:00:00Z,Hellas Verona vs Ascoli,codere_it,OU25,OVER,1.85
2026-08-19T09:23:27Z,Serie B,2026-08-23,2026-08-23T17:00:00Z,Hellas Verona vs Ascoli,coolbet,OU25,OVER,1.9
2026-08-19T09:23:27Z,Serie B,2026-08-23,2026-08-23T17:00:00Z,Hellas Verona vs Ascoli,leovegas_se,OU25,OVER,1.78
2026-08-19T09:23:27Z,Serie B,2026-08-23,2026-08-23T17:00:00Z,Hellas Verona vs Ascoli,nordicbet,OU25,OVER,1.88
2026-08-19T09:23:27Z,Serie B,2026-08-23,2026-08-23T17:00:00Z,Hellas Verona vs Ascoli,onexbet,OU25,OVER,1.85
2026-08-19T09:23:27Z,Serie B,2026-08-23,2026-08-23T17:00:00Z,Hellas Verona vs Ascoli,pinnacle,OU25,OVER,1.95
2026-08-19T09:23:27Z,Serie B,2026-08-23,2026-08-23T17:00:00Z,Hellas Verona vs Ascoli,pmu_fr,OU25,OVER,1.7
2026-08-19T09:23:27Z,Serie B,2026-08-23,2026-08-23T17:00:00Z,Hellas Verona vs Ascoli,tipico_de,OU25,OVER,1.83
2026-08-19T09:23:27Z,Serie B,2026-08-23,2026-08-23T17:00:00Z,Hellas Verona vs Ascoli,unibet_nl,OU25,OVER,1.78
2026-08-19T09:23:27Z,Serie B,2026-08-23,2026-08-23T17:00:00Z,Hellas Verona vs Ascoli,unibet_se,OU25,OVER,1.78
2026-08-19T09:23:27Z,Serie B,2026-08-23,2026-08-23T17:00:00Z,Hellas Verona vs Ascoli,williamhill,OU25,OVER,1.91
2026-08-19T09:23:27Z,Serie B,2026-08-23,2026-08-23T17:00:00Z,Hellas Verona vs Ascoli,betonlineag,OU25,UNDER,1.87
2026-08-19T09:23:27Z,Serie B,2026-08-23,2026-08-23T17:00:00Z,Hellas Verona vs Ascoli,betsson,OU25,UNDER,1.82
2026-08-19T09:23:27Z,Serie B,2026-08-23,2026-08-23T17:00:00Z,Hellas Verona vs Ascoli,codere_it,OU25,UNDER,1.82
2026-08-19T09:23:27Z,Serie B,2026-08-23,2026-08-23T17:00:00Z,Hellas Verona vs Ascoli,coolbet,OU25,UNDER,1.87
2026-08-19T09:23:27Z,Serie B,2026-08-23,2026-08-23T17:00:00Z,Hellas Verona vs Ascoli,leovegas_se,OU25,UNDER,1.92
2026-08-19T09:23:27Z,Serie B,2026-08-23,2026-08-23T17:00:00Z,Hellas Verona vs Ascoli,nordicbet,OU25,UNDER,1.82
2026-08-19T09:23:27Z,Serie B,2026-08-23,2026-08-23T17:00:00Z,Hellas Verona vs Ascoli,onexbet,OU25,UNDER,1.92
2026-08-19T09:23:27Z,Serie B,2026-08-23,2026-08-23T17:00:00Z,Hellas Verona vs Ascoli,pinnacle,OU25,UNDER,1.87
2026-08-19T09:23:27Z,Serie B,2026-08-23,2026-08-23T17:00:00Z,Hellas Verona vs Ascoli,pmu_fr,OU25,UNDER,1.83
2026-08-19T09:23:27Z,Serie B,2026-08-23,2026-08-23T17:00:00Z,Hellas Verona vs Ascoli,tipico_de,OU25,UNDER,1.85
2026-08-19T09:23:27Z,Serie B,2026-08-23,2026-08-23T17:00:00Z,Hellas Verona vs Ascoli,unibet_nl,OU25,UNDER,1.92
2026-08-19T09:23:27Z,Serie B,2026-08-23,2026-08-23T17:00:00Z,Hellas Verona vs Ascoli,unibet_se,OU25,UNDER,1.92
2026-08-19T09:23:27Z,Serie B,2026-08-23,2026-08-23T17:00:00Z,Hellas Verona vs Ascoli,williamhill,OU25,UNDER,1.8
2026-08-19T09:23:27Z,Sweden Allsvenskan,2026-08-23,2026-08-23T14:30:00Z,IF Brommapojkarna vs Degerfors IF,betsson,OU25,OVER,1.82
2026-08-19T09:23:27Z,Sweden Allsvenskan,2026-08-23,2026-08-23T14:30:00Z,IF Brommapojkarna vs Degerfors IF,coolbet,OU25,OVER,1.84
2026-08-19T09:23:27Z,Sweden Allsvenskan,2026-08-23,2026-08-23T14:30:00Z,IF Brommapojkarna vs Degerfors IF,gtbets,OU25,OVER,1.83
2026-08-19T09:23:27Z,Sweden Allsvenskan,2026-08-23,2026-08-23T14:30:00Z,IF Brommapojkarna vs Degerfors IF,leovegas_se,OU25,OVER,1.85
2026-08-19T09:23:27Z,Sweden Allsvenskan,2026-08-23,2026-08-23T14:30:00Z,IF Brommapojkarna vs Degerfors IF,nordicbet,OU25,OVER,1.82
2026-08-19T09:23:27Z,Sweden Allsvenskan,2026-08-23,2026-08-23T14:30:00Z,IF Brommapojkarna vs Degerfors IF,onexbet,OU25,OVER,1.86
2026-08-19T09:23:27Z,Sweden Allsvenskan,2026-08-23,2026-08-23T14:30:00Z,IF Brommapojkarna vs Degerfors IF,pinnacle,OU25,OVER,1.89
2026-08-19T09:23:27Z,Sweden Allsvenskan,2026-08-23,2026-08-23T14:30:00Z,IF Brommapojkarna vs Degerfors IF,pmu_fr,OU25,OVER,1.77
2026-08-19T09:23:27Z,Sweden Allsvenskan,2026-08-23,2026-08-23T14:30:00Z,IF Brommapojkarna vs Degerfors IF,tipico_de,OU25,OVER,1.75
2026-08-19T09:23:27Z,Sweden Allsvenskan,2026-08-23,2026-08-23T14:30:00Z,IF Brommapojkarna vs Degerfors IF,unibet_nl,OU25,OVER,1.85
2026-08-19T09:23:27Z,Sweden Allsvenskan,2026-08-23,2026-08-23T14:30:00Z,IF Brommapojkarna vs Degerfors IF,unibet_se,OU25,OVER,1.85
2026-08-19T09:23:27Z,Sweden Allsvenskan,2026-08-23,2026-08-23T14:30:00Z,IF Brommapojkarna vs Degerfors IF,williamhill,OU25,OVER,1.85
2026-08-19T09:23:27Z,Sweden Allsvenskan,2026-08-23,2026-08-23T14:30:00Z,IF Brommapojkarna vs Degerfors IF,betsson,OU25,UNDER,1.95
2026-08-19T09:23:27Z,Sweden Allsvenskan,2026-08-23,2026-08-23T14:30:00Z,IF Brommapojkarna vs Degerfors IF,coolbet,OU25,UNDER,1.98
2026-08-19T09:23:27Z,Sweden Allsvenskan,2026-08-23,2026-08-23T14:30:00Z,IF Brommapojkarna vs Degerfors IF,gtbets,OU25,UNDER,1.94
2026-08-19T09:23:27Z,Sweden Allsvenskan,2026-08-23,2026-08-23T14:30:00Z,IF Brommapojkarna vs Degerfors IF,leovegas_se,OU25,UNDER,1.82
2026-08-19T09:23:27Z,Sweden Allsvenskan,2026-08-23,2026-08-23T14:30:00Z,IF Brommapojkarna vs Degerfors IF,nordicbet,OU25,UNDER,1.95
2026-08-19T09:23:27Z,Sweden Allsvenskan,2026-08-23,2026-08-23T14:30:00Z,IF Brommapojkarna vs Degerfors IF,onexbet,OU25,UNDER,1.91
2026-08-19T09:23:27Z,Sweden Allsvenskan,2026-08-23,2026-08-23T14:30:00Z,IF Brommapojkarna vs Degerfors IF,pinnacle,OU25,UNDER,1.91
2026-08-19T09:23:27Z,Sweden Allsvenskan,2026-08-23,2026-08-23T14:30:00Z,IF Brommapojkarna vs Degerfors IF,pmu_fr,OU25,UNDER,1.75
2026-08-19T09:23:27Z,Sweden Allsvenskan,2026-08-23,2026-08-23T14:30:00Z,IF Brommapojkarna vs Degerfors IF,tipico_de,OU25,UNDER,1.93
2026-08-19T09:23:27Z,Sweden Allsvenskan,2026-08-23,2026-08-23T14:30:00Z,IF Brommapojkarna vs Degerfors IF,unibet_nl,OU25,UNDER,1.82
2026-08-19T09:23:27Z,Sweden Allsvenskan,2026-08-23,2026-08-23T14:30:00Z,IF Brommapojkarna vs Degerfors IF,unibet_se,OU25,UNDER,1.82
2026-08-19T09:23:27Z,Sweden Allsvenskan,2026-08-23,2026-08-23T14:30:00Z,IF Brommapojkarna vs Degerfors IF,williamhill,OU25,UNDER,1.85
2026-08-19T09:23:27Z,Sweden Allsvenskan,2026-08-23,2026-08-23T12:00:00Z,IFK Goteborg vs IF Elfsborg,betsson,OU25,OVER,1.75
2026-08-19T09:23:27Z,Sweden Allsvenskan,2026-08-23,2026-08-23T12:00:00Z,IFK Goteborg vs IF Elfsborg,coolbet,OU25,OVER,1.76
2026-08-19T09:23:27Z,Sweden Allsvenskan,2026-08-23,2026-08-23T12:00:00Z,IFK Goteborg vs IF Elfsborg,gtbets,OU25,OVER,1.72
2026-08-19T09:23:27Z,Sweden Allsvenskan,2026-08-23,2026-08-23T12:00:00Z,IFK Goteborg vs IF Elfsborg,leovegas_se,OU25,OVER,1.71
2026-08-19T09:23:27Z,Sweden Allsvenskan,2026-08-23,2026-08-23T12:00:00Z,IFK Goteborg vs IF Elfsborg,nordicbet,OU25,OVER,1.75
2026-08-19T09:23:27Z,Sweden Allsvenskan,2026-08-23,2026-08-23T12:00:00Z,IFK Goteborg vs IF Elfsborg,onexbet,OU25,OVER,1.75
2026-08-19T09:23:27Z,Sweden Allsvenskan,2026-08-23,2026-08-23T12:00:00Z,IFK Goteborg vs IF Elfsborg,pmu_fr,OU25,OVER,1.64
2026-08-19T09:23:27Z,Sweden Allsvenskan,2026-08-23,2026-08-23T12:00:00Z,IFK Goteborg vs IF Elfsborg,tipico_de,OU25,OVER,1.67
2026-08-19T09:23:27Z,Sweden Allsvenskan,2026-08-23,2026-08-23T12:00:00Z,IFK Goteborg vs IF Elfsborg,unibet_nl,OU25,OVER,1.71
2026-08-19T09:23:27Z,Sweden Allsvenskan,2026-08-23,2026-08-23T12:00:00Z,IFK Goteborg vs IF Elfsborg,unibet_se,OU25,OVER,1.71
2026-08-19T09:23:27Z,Sweden Allsvenskan,2026-08-23,2026-08-23T12:00:00Z,IFK Goteborg vs IF Elfsborg,williamhill,OU25,OVER,1.73
2026-08-19T09:23:27Z,Sweden Allsvenskan,2026-08-23,2026-08-23T12:00:00Z,IFK Goteborg vs IF Elfsborg,betsson,OU25,UNDER,2.02
2026-08-19T09:23:27Z,Sweden Allsvenskan,2026-08-23,2026-08-23T12:00:00Z,IFK Goteborg vs IF Elfsborg,coolbet,OU25,UNDER,2.07
2026-08-19T09:23:27Z,Sweden Allsvenskan,2026-08-23,2026-08-23T12:00:00Z,IFK Goteborg vs IF Elfsborg,gtbets,OU25,UNDER,2.08
2026-08-19T09:23:27Z,Sweden Allsvenskan,2026-08-23,2026-08-23T12:00:00Z,IFK Goteborg vs IF Elfsborg,leovegas_se,OU25,UNDER,1.96
2026-08-19T09:23:27Z,Sweden Allsvenskan,2026-08-23,2026-08-23T12:00:00Z,IFK Goteborg vs IF Elfsborg,nordicbet,OU25,UNDER,2.02
2026-08-19T09:23:27Z,Sweden Allsvenskan,2026-08-23,2026-08-23T12:00:00Z,IFK Goteborg vs IF Elfsborg,onexbet,OU25,UNDER,2.04
2026-08-19T09:23:27Z,Sweden Allsvenskan,2026-08-23,2026-08-23T12:00:00Z,IFK Goteborg vs IF Elfsborg,pmu_fr,OU25,UNDER,1.89
2026-08-19T09:23:27Z,Sweden Allsvenskan,2026-08-23,2026-08-23T12:00:00Z,IFK Goteborg vs IF Elfsborg,tipico_de,OU25,UNDER,2.05
2026-08-19T09:23:27Z,Sweden Allsvenskan,2026-08-23,2026-08-23T12:00:00Z,IFK Goteborg vs IF Elfsborg,unibet_nl,OU25,UNDER,1.96
2026-08-19T09:23:27Z,Sweden Allsvenskan,2026-08-23,2026-08-23T12:00:00Z,IFK Goteborg vs IF Elfsborg,unibet_se,OU25,UNDER,1.96
2026-08-19T09:23:27Z,Sweden Allsvenskan,2026-08-23,2026-08-23T12:00:00Z,IFK Goteborg vs IF Elfsborg,williamhill,OU25,UNDER,2.0
2026-08-19T09:23:27Z,Finland Veikkausliiga,2026-08-23,2026-08-23T12:00:00Z,KuPS Kuopio vs IFK Mariehamn,betsson,OU25,OVER,1.39
2026-08-19T09:23:27Z,Finland Veikkausliiga,2026-08-23,2026-08-23T12:00:00Z,KuPS Kuopio vs IFK Mariehamn,nordicbet,OU25,OVER,1.39
2026-08-19T09:23:27Z,Finland Veikkausliiga,2026-08-23,2026-08-23T12:00:00Z,KuPS Kuopio vs IFK Mariehamn,williamhill,OU25,OVER,1.36
2026-08-19T09:23:27Z,Finland Veikkausliiga,2026-08-23,2026-08-23T12:00:00Z,KuPS Kuopio vs IFK Mariehamn,betsson,OU25,UNDER,2.85
2026-08-19T09:23:27Z,Finland Veikkausliiga,2026-08-23,2026-08-23T12:00:00Z,KuPS Kuopio vs IFK Mariehamn,nordicbet,OU25,UNDER,2.85
2026-08-19T09:23:27Z,Finland Veikkausliiga,2026-08-23,2026-08-23T12:00:00Z,KuPS Kuopio vs IFK Mariehamn,williamhill,OU25,UNDER,2.9
2026-08-19T09:23:27Z,Finland Veikkausliiga,2026-08-23,2026-08-23T12:00:00Z,KuPS Kuopio vs IFK Mariehamn,betonlineag,OU35,OVER,2.09
2026-08-19T09:23:27Z,Finland Veikkausliiga,2026-08-23,2026-08-23T12:00:00Z,KuPS Kuopio vs IFK Mariehamn,coolbet,OU35,OVER,2.03
2026-08-19T09:23:27Z,Finland Veikkausliiga,2026-08-23,2026-08-23T12:00:00Z,KuPS Kuopio vs IFK Mariehamn,gtbets,OU35,OVER,2.03
2026-08-19T09:23:27Z,Finland Veikkausliiga,2026-08-23,2026-08-23T12:00:00Z,KuPS Kuopio vs IFK Mariehamn,leovegas_se,OU35,OVER,2.12
2026-08-19T09:23:27Z,Finland Veikkausliiga,2026-08-23,2026-08-23T12:00:00Z,KuPS Kuopio vs IFK Mariehamn,onexbet,OU35,OVER,2.04
2026-08-19T09:23:27Z,Finland Veikkausliiga,2026-08-23,2026-08-23T12:00:00Z,KuPS Kuopio vs IFK Mariehamn,pmu_fr,OU35,OVER,2.06
2026-08-19T09:23:27Z,Finland Veikkausliiga,2026-08-23,2026-08-23T12:00:00Z,KuPS Kuopio vs IFK Mariehamn,tipico_de,OU35,OVER,1.93
2026-08-19T09:23:27Z,Finland Veikkausliiga,2026-08-23,2026-08-23T12:00:00Z,KuPS Kuopio vs IFK Mariehamn,unibet_nl,OU35,OVER,2.12
2026-08-19T09:23:27Z,Finland Veikkausliiga,2026-08-23,2026-08-23T12:00:00Z,KuPS Kuopio vs IFK Mariehamn,unibet_se,OU35,OVER,2.12
2026-08-19T09:23:27Z,Finland Veikkausliiga,2026-08-23,2026-08-23T12:00:00Z,KuPS Kuopio vs IFK Mariehamn,betonlineag,OU35,UNDER,1.78
2026-08-19T09:23:27Z,Finland Veikkausliiga,2026-08-23,2026-08-23T12:00:00Z,KuPS Kuopio vs IFK Mariehamn,coolbet,OU35,UNDER,1.83
2026-08-19T09:23:27Z,Finland Veikkausliiga,2026-08-23,2026-08-23T12:00:00Z,KuPS Kuopio vs IFK Mariehamn,gtbets,OU35,UNDER,1.76
2026-08-19T09:23:27Z,Finland Veikkausliiga,2026-08-23,2026-08-23T12:00:00Z,KuPS Kuopio vs IFK Mariehamn,leovegas_se,OU35,UNDER,1.61
2026-08-19T09:23:27Z,Finland Veikkausliiga,2026-08-23,2026-08-23T12:00:00Z,KuPS Kuopio vs IFK Mariehamn,onexbet,OU35,UNDER,1.75
2026-08-19T09:23:27Z,Finland Veikkausliiga,2026-08-23,2026-08-23T12:00:00Z,KuPS Kuopio vs IFK Mariehamn,pmu_fr,OU35,UNDER,1.54
2026-08-19T09:23:27Z,Finland Veikkausliiga,2026-08-23,2026-08-23T12:00:00Z,KuPS Kuopio vs IFK Mariehamn,tipico_de,OU35,UNDER,1.75
2026-08-19T09:23:27Z,Finland Veikkausliiga,2026-08-23,2026-08-23T12:00:00Z,KuPS Kuopio vs IFK Mariehamn,unibet_nl,OU35,UNDER,1.61
2026-08-19T09:23:27Z,Finland Veikkausliiga,2026-08-23,2026-08-23T12:00:00Z,KuPS Kuopio vs IFK Mariehamn,unibet_se,OU35,UNDER,1.61
2026-08-19T09:23:27Z,China Super League,2026-08-23,2026-08-23T11:00:00Z,Liaoning Tieren FC vs Henan FC,betsson,OU25,OVER,1.62
2026-08-19T09:23:27Z,China Super League,2026-08-23,2026-08-23T11:00:00Z,Liaoning Tieren FC vs Henan FC,codere_it,OU25,OVER,1.59
2026-08-19T09:23:27Z,China Super League,2026-08-23,2026-08-23T11:00:00Z,Liaoning Tieren FC vs Henan FC,gtbets,OU25,OVER,1.65
2026-08-19T09:23:27Z,China Super League,2026-08-23,2026-08-23T11:00:00Z,Liaoning Tieren FC vs Henan FC,leovegas_se,OU25,OVER,1.51
2026-08-19T09:23:27Z,China Super League,2026-08-23,2026-08-23T11:00:00Z,Liaoning Tieren FC vs Henan FC,nordicbet,OU25,OVER,1.62
2026-08-19T09:23:27Z,China Super League,2026-08-23,2026-08-23T11:00:00Z,Liaoning Tieren FC vs Henan FC,onexbet,OU25,OVER,1.7
2026-08-19T09:23:27Z,China Super League,2026-08-23,2026-08-23T11:00:00Z,Liaoning Tieren FC vs Henan FC,tipico_de,OU25,OVER,1.62
2026-08-19T09:23:27Z,China Super League,2026-08-23,2026-08-23T11:00:00Z,Liaoning Tieren FC vs Henan FC,unibet_nl,OU25,OVER,1.55
2026-08-19T09:23:27Z,China Super League,2026-08-23,2026-08-23T11:00:00Z,Liaoning Tieren FC vs Henan FC,unibet_se,OU25,OVER,1.55
2026-08-19T09:23:27Z,China Super League,2026-08-23,2026-08-23T11:00:00Z,Liaoning Tieren FC vs Henan FC,williamhill,OU25,OVER,1.65
2026-08-19T09:23:27Z,China Super League,2026-08-23,2026-08-23T11:00:00Z,Liaoning Tieren FC vs Henan FC,betsson,OU25,UNDER,2.18
2026-08-19T09:23:27Z,China Super League,2026-08-23,2026-08-23T11:00:00Z,Liaoning Tieren FC vs Henan FC,codere_it,OU25,UNDER,2.12
2026-08-19T09:23:27Z,China Super League,2026-08-23,2026-08-23T11:00:00Z,Liaoning Tieren FC vs Henan FC,gtbets,OU25,UNDER,2.21
2026-08-19T09:23:27Z,China Super League,2026-08-23,2026-08-23T11:00:00Z,Liaoning Tieren FC vs Henan FC,leovegas_se,OU25,UNDER,2.25
2026-08-19T09:23:27Z,China Super League,2026-08-23,2026-08-23T11:00:00Z,Liaoning Tieren FC vs Henan FC,nordicbet,OU25,UNDER,2.18
2026-08-19T09:23:27Z,China Super League,2026-08-23,2026-08-23T11:00:00Z,Liaoning Tieren FC vs Henan FC,onexbet,OU25,UNDER,2.18
2026-08-19T09:23:27Z,China Super League,2026-08-23,2026-08-23T11:00:00Z,Liaoning Tieren FC vs Henan FC,tipico_de,OU25,UNDER,2.15
2026-08-19T09:23:27Z,China Super League,2026-08-23,2026-08-23T11:00:00Z,Liaoning Tieren FC vs Henan FC,unibet_nl,OU25,UNDER,2.25
2026-08-19T09:23:27Z,China Super League,2026-08-23,2026-08-23T11:00:00Z,Liaoning Tieren FC vs Henan FC,unibet_se,OU25,UNDER,2.25
2026-08-19T09:23:27Z,China Super League,2026-08-23,2026-08-23T11:00:00Z,Liaoning Tieren FC vs Henan FC,williamhill,OU25,UNDER,2.15
2026-08-19T09:23:27Z,USA MLS,2026-08-23,2026-08-23T02:30:00Z,Los Angeles FC vs Portland Timbers,williamhill,OU25,OVER,1.4
2026-08-19T09:23:27Z,USA MLS,2026-08-23,2026-08-23T02:30:00Z,Los Angeles FC vs Portland Timbers,williamhill,OU25,UNDER,2.8
2026-08-19T09:23:27Z,USA MLS,2026-08-23,2026-08-23T02:30:00Z,Los Angeles FC vs Portland Timbers,betonlineag,OU35,OVER,2.03
2026-08-19T09:23:27Z,USA MLS,2026-08-23,2026-08-23T02:30:00Z,Los Angeles FC vs Portland Timbers,coolbet,OU35,OVER,1.98
2026-08-19T09:23:27Z,USA MLS,2026-08-23,2026-08-23T02:30:00Z,Los Angeles FC vs Portland Timbers,gtbets,OU35,OVER,2.0
2026-08-19T09:23:27Z,USA MLS,2026-08-23,2026-08-23T02:30:00Z,Los Angeles FC vs Portland Timbers,leovegas_se,OU35,OVER,1.89
2026-08-19T09:23:27Z,USA MLS,2026-08-23,2026-08-23T02:30:00Z,Los Angeles FC vs Portland Timbers,mybookieag,OU35,OVER,1.97
2026-08-19T09:23:27Z,USA MLS,2026-08-23,2026-08-23T02:30:00Z,Los Angeles FC vs Portland Timbers,onexbet,OU35,OVER,2.04
2026-08-19T09:23:27Z,USA MLS,2026-08-23,2026-08-23T02:30:00Z,Los Angeles FC vs Portland Timbers,pmu_fr,OU35,OVER,1.78
2026-08-19T09:23:27Z,USA MLS,2026-08-23,2026-08-23T02:30:00Z,Los Angeles FC vs Portland Timbers,unibet_nl,OU35,OVER,1.89
2026-08-19T09:23:27Z,USA MLS,2026-08-23,2026-08-23T02:30:00Z,Los Angeles FC vs Portland Timbers,unibet_se,OU35,OVER,1.89
2026-08-19T09:23:27Z,USA MLS,2026-08-23,2026-08-23T02:30:00Z,Los Angeles FC vs Portland Timbers,betonlineag,OU35,UNDER,1.81
2026-08-19T09:23:27Z,USA MLS,2026-08-23,2026-08-23T02:30:00Z,Los Angeles FC vs Portland Timbers,coolbet,OU35,UNDER,1.8
2026-08-19T09:23:27Z,USA MLS,2026-08-23,2026-08-23T02:30:00Z,Los Angeles FC vs Portland Timbers,gtbets,OU35,UNDER,1.79
2026-08-19T09:23:27Z,USA MLS,2026-08-23,2026-08-23T02:30:00Z,Los Angeles FC vs Portland Timbers,leovegas_se,OU35,UNDER,1.85
2026-08-19T09:23:27Z,USA MLS,2026-08-23,2026-08-23T02:30:00Z,Los Angeles FC vs Portland Timbers,mybookieag,OU35,UNDER,1.75
2026-08-19T09:23:27Z,USA MLS,2026-08-23,2026-08-23T02:30:00Z,Los Angeles FC vs Portland Timbers,onexbet,OU35,UNDER,1.85
2026-08-19T09:23:27Z,USA MLS,2026-08-23,2026-08-23T02:30:00Z,Los Angeles FC vs Portland Timbers,pmu_fr,OU35,UNDER,1.74
2026-08-19T09:23:27Z,USA MLS,2026-08-23,2026-08-23T02:30:00Z,Los Angeles FC vs Portland Timbers,unibet_nl,OU35,UNDER,1.85
2026-08-19T09:23:27Z,USA MLS,2026-08-23,2026-08-23T02:30:00Z,Los Angeles FC vs Portland Timbers,unibet_se,OU35,UNDER,1.85
2026-08-19T09:23:27Z,USA MLS,2026-08-23,2026-08-23T00:30:00Z,Nashville SC vs Columbus Crew SC,gtbets,OU25,OVER,1.64
2026-08-19T09:23:27Z,USA MLS,2026-08-23,2026-08-23T00:30:00Z,Nashville SC vs Columbus Crew SC,leovegas_se,OU25,OVER,1.67
2026-08-19T09:23:27Z,USA MLS,2026-08-23,2026-08-23T00:30:00Z,Nashville SC vs Columbus Crew SC,mybookieag,OU25,OVER,1.62
2026-08-19T09:23:27Z,USA MLS,2026-08-23,2026-08-23T00:30:00Z,Nashville SC vs Columbus Crew SC,onexbet,OU25,OVER,1.7
2026-08-19T09:23:27Z,USA MLS,2026-08-23,2026-08-23T00:30:00Z,Nashville SC vs Columbus Crew SC,pmu_fr,OU25,OVER,1.56
2026-08-19T09:23:27Z,USA MLS,2026-08-23,2026-08-23T00:30:00Z,Nashville SC vs Columbus Crew SC,unibet_nl,OU25,OVER,1.67
2026-08-19T09:23:27Z,USA MLS,2026-08-23,2026-08-23T00:30:00Z,Nashville SC vs Columbus Crew SC,unibet_se,OU25,OVER,1.67
2026-08-19T09:23:27Z,USA MLS,2026-08-23,2026-08-23T00:30:00Z,Nashville SC vs Columbus Crew SC,williamhill,OU25,OVER,1.62
2026-08-19T09:23:27Z,USA MLS,2026-08-23,2026-08-23T00:30:00Z,Nashville SC vs Columbus Crew SC,gtbets,OU25,UNDER,2.22
2026-08-19T09:23:27Z,USA MLS,2026-08-23,2026-08-23T00:30:00Z,Nashville SC vs Columbus Crew SC,leovegas_se,OU25,UNDER,2.14
2026-08-19T09:23:27Z,USA MLS,2026-08-23,2026-08-23T00:30:00Z,Nashville SC vs Columbus Crew SC,mybookieag,OU25,UNDER,2.16
2026-08-19T09:23:27Z,USA MLS,2026-08-23,2026-08-23T00:30:00Z,Nashville SC vs Columbus Crew SC,onexbet,OU25,UNDER,2.25
2026-08-19T09:23:27Z,USA MLS,2026-08-23,2026-08-23T00:30:00Z,Nashville SC vs Columbus Crew SC,pmu_fr,OU25,UNDER,2.0
2026-08-19T09:23:27Z,USA MLS,2026-08-23,2026-08-23T00:30:00Z,Nashville SC vs Columbus Crew SC,unibet_nl,OU25,UNDER,2.14
2026-08-19T09:23:27Z,USA MLS,2026-08-23,2026-08-23T00:30:00Z,Nashville SC vs Columbus Crew SC,unibet_se,OU25,UNDER,2.14
2026-08-19T09:23:27Z,USA MLS,2026-08-23,2026-08-23T00:30:00Z,Nashville SC vs Columbus Crew SC,williamhill,OU25,UNDER,2.2
2026-08-19T09:23:27Z,USA MLS,2026-08-23,2026-08-23T20:30:00Z,New England Revolution vs New York City FC,betonlineag,OU25,OVER,1.79
2026-08-19T09:23:27Z,USA MLS,2026-08-23,2026-08-23T20:30:00Z,New England Revolution vs New York City FC,coolbet,OU25,OVER,1.73
2026-08-19T09:23:27Z,USA MLS,2026-08-23,2026-08-23T20:30:00Z,New England Revolution vs New York City FC,gtbets,OU25,OVER,1.74
2026-08-19T09:23:27Z,USA MLS,2026-08-23,2026-08-23T20:30:00Z,New England Revolution vs New York City FC,leovegas_se,OU25,OVER,1.71
2026-08-19T09:23:27Z,USA MLS,2026-08-23,2026-08-23T20:30:00Z,New England Revolution vs New York City FC,mybookieag,OU25,OVER,1.72
2026-08-19T09:23:27Z,USA MLS,2026-08-23,2026-08-23T20:30:00Z,New England Revolution vs New York City FC,onexbet,OU25,OVER,1.79
2026-08-19T09:23:27Z,USA MLS,2026-08-23,2026-08-23T20:30:00Z,New England Revolution vs New York City FC,pmu_fr,OU25,OVER,1.6
2026-08-19T09:23:27Z,USA MLS,2026-08-23,2026-08-23T20:30:00Z,New England Revolution vs New York City FC,unibet_nl,OU25,OVER,1.71
2026-08-19T09:23:27Z,USA MLS,2026-08-23,2026-08-23T20:30:00Z,New England Revolution vs New York City FC,unibet_se,OU25,OVER,1.71
2026-08-19T09:23:27Z,USA MLS,2026-08-23,2026-08-23T20:30:00Z,New England Revolution vs New York City FC,williamhill,OU25,OVER,1.75
2026-08-19T09:23:27Z,USA MLS,2026-08-23,2026-08-23T20:30:00Z,New England Revolution vs New York City FC,betonlineag,OU25,UNDER,2.06
2026-08-19T09:23:27Z,USA MLS,2026-08-23,2026-08-23T20:30:00Z,New England Revolution vs New York City FC,coolbet,OU25,UNDER,2.07
2026-08-19T09:23:27Z,USA MLS,2026-08-23,2026-08-23T20:30:00Z,New England Revolution vs New York City FC,gtbets,OU25,UNDER,2.06
2026-08-19T09:23:27Z,USA MLS,2026-08-23,2026-08-23T20:30:00Z,New England Revolution vs New York City FC,leovegas_se,OU25,UNDER,2.1
2026-08-19T09:23:27Z,USA MLS,2026-08-23,2026-08-23T20:30:00Z,New England Revolution vs New York City FC,mybookieag,OU25,UNDER,2.0
2026-08-19T09:23:27Z,USA MLS,2026-08-23,2026-08-23T20:30:00Z,New England Revolution vs New York City FC,onexbet,OU25,UNDER,2.11
2026-08-19T09:23:27Z,USA MLS,2026-08-23,2026-08-23T20:30:00Z,New England Revolution vs New York City FC,pmu_fr,OU25,UNDER,1.95
2026-08-19T09:23:27Z,USA MLS,2026-08-23,2026-08-23T20:30:00Z,New England Revolution vs New York City FC,unibet_nl,OU25,UNDER,2.1
2026-08-19T09:23:27Z,USA MLS,2026-08-23,2026-08-23T20:30:00Z,New England Revolution vs New York City FC,unibet_se,OU25,UNDER,2.1
2026-08-19T09:23:27Z,USA MLS,2026-08-23,2026-08-23T20:30:00Z,New England Revolution vs New York City FC,williamhill,OU25,UNDER,2.0
2026-08-19T09:23:27Z,Argentina Primera Division,2026-08-23,2026-08-23T00:00:00Z,Newells Old Boys vs Banfield,betsson,OU25,OVER,2.38
2026-08-19T09:23:27Z,Argentina Primera Division,2026-08-23,2026-08-23T00:00:00Z,Newells Old Boys vs Banfield,codere_it,OU25,OVER,2.29
2026-08-19T09:23:27Z,Argentina Primera Division,2026-08-23,2026-08-23T00:00:00Z,Newells Old Boys vs Banfield,leovegas_se,OU25,OVER,2.3
2026-08-19T09:23:27Z,Argentina Primera Division,2026-08-23,2026-08-23T00:00:00Z,Newells Old Boys vs Banfield,nordicbet,OU25,OVER,2.38
2026-08-19T09:23:27Z,Argentina Primera Division,2026-08-23,2026-08-23T00:00:00Z,Newells Old Boys vs Banfield,onexbet,OU25,OVER,2.36
2026-08-19T09:23:27Z,Argentina Primera Division,2026-08-23,2026-08-23T00:00:00Z,Newells Old Boys vs Banfield,unibet_se,OU25,OVER,2.35
2026-08-19T09:23:27Z,Argentina Primera Division,2026-08-23,2026-08-23T00:00:00Z,Newells Old Boys vs Banfield,betsson,OU25,UNDER,1.55
2026-08-19T09:23:27Z,Argentina Primera Division,2026-08-23,2026-08-23T00:00:00Z,Newells Old Boys vs Banfield,codere_it,OU25,UNDER,1.53
2026-08-19T09:23:27Z,Argentina Primera Division,2026-08-23,2026-08-23T00:00:00Z,Newells Old Boys vs Banfield,leovegas_se,OU25,UNDER,1.53
2026-08-19T09:23:27Z,Argentina Primera Division,2026-08-23,2026-08-23T00:00:00Z,Newells Old Boys vs Banfield,nordicbet,OU25,UNDER,1.55
2026-08-19T09:23:27Z,Argentina Primera Division,2026-08-23,2026-08-23T00:00:00Z,Newells Old Boys vs Banfield,onexbet,OU25,UNDER,1.59
2026-08-19T09:23:27Z,Argentina Primera Division,2026-08-23,2026-08-23T00:00:00Z,Newells Old Boys vs Banfield,unibet_se,OU25,UNDER,1.56
2026-08-19T09:23:27Z,Serie B,2026-08-23,2026-08-23T19:00:00Z,Palermo vs Juve Stabia,betonlineag,OU25,OVER,2.05
2026-08-19T09:23:27Z,Serie B,2026-08-23,2026-08-23T19:00:00Z,Palermo vs Juve Stabia,betsson,OU25,OVER,1.98
2026-08-19T09:23:27Z,Serie B,2026-08-23,2026-08-23T19:00:00Z,Palermo vs Juve Stabia,codere_it,OU25,OVER,1.97
2026-08-19T09:23:27Z,Serie B,2026-08-23,2026-08-23T19:00:00Z,Palermo vs Juve Stabia,coolbet,OU25,OVER,2.03
2026-08-19T09:23:27Z,Serie B,2026-08-23,2026-08-23T19:00:00Z,Palermo vs Juve Stabia,leovegas_se,OU25,OVER,2.04
2026-08-19T09:23:27Z,Serie B,2026-08-23,2026-08-23T19:00:00Z,Palermo vs Juve Stabia,nordicbet,OU25,OVER,1.98
2026-08-19T09:23:27Z,Serie B,2026-08-23,2026-08-23T19:00:00Z,Palermo vs Juve Stabia,onexbet,OU25,OVER,1.93
2026-08-19T09:23:27Z,Serie B,2026-08-23,2026-08-23T19:00:00Z,Palermo vs Juve Stabia,pinnacle,OU25,OVER,2.03
2026-08-19T09:23:27Z,Serie B,2026-08-23,2026-08-23T19:00:00Z,Palermo vs Juve Stabia,pmu_fr,OU25,OVER,1.93
2026-08-19T09:23:27Z,Serie B,2026-08-23,2026-08-23T19:00:00Z,Palermo vs Juve Stabia,tipico_de,OU25,OVER,1.93
2026-08-19T09:23:27Z,Serie B,2026-08-23,2026-08-23T19:00:00Z,Palermo vs Juve Stabia,unibet_nl,OU25,OVER,2.04
2026-08-19T09:23:27Z,Serie B,2026-08-23,2026-08-23T19:00:00Z,Palermo vs Juve Stabia,unibet_se,OU25,OVER,2.04
2026-08-19T09:23:27Z,Serie B,2026-08-23,2026-08-23T19:00:00Z,Palermo vs Juve Stabia,williamhill,OU25,OVER,2.05
2026-08-19T09:23:27Z,Serie B,2026-08-23,2026-08-23T19:00:00Z,Palermo vs Juve Stabia,betonlineag,OU25,UNDER,1.8
2026-08-19T09:23:27Z,Serie B,2026-08-23,2026-08-23T19:00:00Z,Palermo vs Juve Stabia,betsson,OU25,UNDER,1.72
2026-08-19T09:23:27Z,Serie B,2026-08-23,2026-08-23T19:00:00Z,Palermo vs Juve Stabia,codere_it,OU25,UNDER,1.72
2026-08-19T09:23:27Z,Serie B,2026-08-23,2026-08-23T19:00:00Z,Palermo vs Juve Stabia,coolbet,OU25,UNDER,1.76
2026-08-19T09:23:27Z,Serie B,2026-08-23,2026-08-23T19:00:00Z,Palermo vs Juve Stabia,leovegas_se,OU25,UNDER,1.7
2026-08-19T09:23:27Z,Serie B,2026-08-23,2026-08-23T19:00:00Z,Palermo vs Juve Stabia,nordicbet,OU25,UNDER,1.72
2026-08-19T09:23:27Z,Serie B,2026-08-23,2026-08-23T19:00:00Z,Palermo vs Juve Stabia,onexbet,OU25,UNDER,1.84
2026-08-19T09:23:27Z,Serie B,2026-08-23,2026-08-23T19:00:00Z,Palermo vs Juve Stabia,pinnacle,OU25,UNDER,1.8
2026-08-19T09:23:27Z,Serie B,2026-08-23,2026-08-23T19:00:00Z,Palermo vs Juve Stabia,pmu_fr,OU25,UNDER,1.61
2026-08-19T09:23:27Z,Serie B,2026-08-23,2026-08-23T19:00:00Z,Palermo vs Juve Stabia,tipico_de,OU25,UNDER,1.75
2026-08-19T09:23:27Z,Serie B,2026-08-23,2026-08-23T19:00:00Z,Palermo vs Juve Stabia,unibet_nl,OU25,UNDER,1.7
2026-08-19T09:23:27Z,Serie B,2026-08-23,2026-08-23T19:00:00Z,Palermo vs Juve Stabia,unibet_se,OU25,UNDER,1.7
2026-08-19T09:23:27Z,Serie B,2026-08-23,2026-08-23T19:00:00Z,Palermo vs Juve Stabia,williamhill,OU25,UNDER,1.7
2026-08-19T09:23:27Z,Brazil Serie A,2026-08-23,2026-08-23T19:00:00Z,Palmeiras vs Vasco da Gama,betanysports,OU25,OVER,1.88
2026-08-19T09:23:27Z,Brazil Serie A,2026-08-23,2026-08-23T19:00:00Z,Palmeiras vs Vasco da Gama,betonlineag,OU25,OVER,1.88
2026-08-19T09:23:27Z,Brazil Serie A,2026-08-23,2026-08-23T19:00:00Z,Palmeiras vs Vasco da Gama,betsson,OU25,OVER,1.85
2026-08-19T09:23:27Z,Brazil Serie A,2026-08-23,2026-08-23T19:00:00Z,Palmeiras vs Vasco da Gama,codere_it,OU25,OVER,1.8
2026-08-19T09:23:27Z,Brazil Serie A,2026-08-23,2026-08-23T19:00:00Z,Palmeiras vs Vasco da Gama,coolbet,OU25,OVER,1.87
2026-08-19T09:23:27Z,Brazil Serie A,2026-08-23,2026-08-23T19:00:00Z,Palmeiras vs Vasco da Gama,gtbets,OU25,OVER,1.91
2026-08-19T09:23:27Z,Brazil Serie A,2026-08-23,2026-08-23T19:00:00Z,Palmeiras vs Vasco da Gama,leovegas_se,OU25,OVER,1.85
2026-08-19T09:23:27Z,Brazil Serie A,2026-08-23,2026-08-23T19:00:00Z,Palmeiras vs Vasco da Gama,mybookieag,OU25,OVER,1.81
2026-08-19T09:23:27Z,Brazil Serie A,2026-08-23,2026-08-23T19:00:00Z,Palmeiras vs Vasco da Gama,nordicbet,OU25,OVER,1.85
2026-08-19T09:23:27Z,Brazil Serie A,2026-08-23,2026-08-23T19:00:00Z,Palmeiras vs Vasco da Gama,onexbet,OU25,OVER,1.91
2026-08-19T09:23:27Z,Brazil Serie A,2026-08-23,2026-08-23T19:00:00Z,Palmeiras vs Vasco da Gama,pinnacle,OU25,OVER,1.9
2026-08-19T09:23:27Z,Brazil Serie A,2026-08-23,2026-08-23T19:00:00Z,Palmeiras vs Vasco da Gama,pmu_fr,OU25,OVER,1.78
2026-08-19T09:23:27Z,Brazil Serie A,2026-08-23,2026-08-23T19:00:00Z,Palmeiras vs Vasco da Gama,tipico_de,OU25,OVER,1.8
2026-08-19T09:23:27Z,Brazil Serie A,2026-08-23,2026-08-23T19:00:00Z,Palmeiras vs Vasco da Gama,unibet_nl,OU25,OVER,1.89
2026-08-19T09:23:27Z,Brazil Serie A,2026-08-23,2026-08-23T19:00:00Z,Palmeiras vs Vasco da Gama,unibet_se,OU25,OVER,1.89
2026-08-19T09:23:27Z,Brazil Serie A,2026-08-23,2026-08-23T19:00:00Z,Palmeiras vs Vasco da Gama,williamhill,OU25,OVER,1.85
2026-08-19T09:23:27Z,Brazil Serie A,2026-08-23,2026-08-23T19:00:00Z,Palmeiras vs Vasco da Gama,betanysports,OU25,UNDER,1.85
2026-08-19T09:23:27Z,Brazil Serie A,2026-08-23,2026-08-23T19:00:00Z,Palmeiras vs Vasco da Gama,betonlineag,OU25,UNDER,1.93
2026-08-19T09:23:27Z,Brazil Serie A,2026-08-23,2026-08-23T19:00:00Z,Palmeiras vs Vasco da Gama,betsson,OU25,UNDER,1.88
2026-08-19T09:23:27Z,Brazil Serie A,2026-08-23,2026-08-23T19:00:00Z,Palmeiras vs Vasco da Gama,codere_it,OU25,UNDER,1.87
2026-08-19T09:23:27Z,Brazil Serie A,2026-08-23,2026-08-23T19:00:00Z,Palmeiras vs Vasco da Gama,coolbet,OU25,UNDER,1.9
2026-08-19T09:23:27Z,Brazil Serie A,2026-08-23,2026-08-23T19:00:00Z,Palmeiras vs Vasco da Gama,gtbets,OU25,UNDER,1.86
2026-08-19T09:23:27Z,Brazil Serie A,2026-08-23,2026-08-23T19:00:00Z,Palmeiras vs Vasco da Gama,leovegas_se,OU25,UNDER,1.82
2026-08-19T09:23:27Z,Brazil Serie A,2026-08-23,2026-08-23T19:00:00Z,Palmeiras vs Vasco da Gama,mybookieag,OU25,UNDER,1.89
2026-08-19T09:23:27Z,Brazil Serie A,2026-08-23,2026-08-23T19:00:00Z,Palmeiras vs Vasco da Gama,nordicbet,OU25,UNDER,1.88
2026-08-19T09:23:27Z,Brazil Serie A,2026-08-23,2026-08-23T19:00:00Z,Palmeiras vs Vasco da Gama,onexbet,OU25,UNDER,1.94
2026-08-19T09:23:27Z,Brazil Serie A,2026-08-23,2026-08-23T19:00:00Z,Palmeiras vs Vasco da Gama,pinnacle,OU25,UNDER,1.93
2026-08-19T09:23:27Z,Brazil Serie A,2026-08-23,2026-08-23T19:00:00Z,Palmeiras vs Vasco da Gama,pmu_fr,OU25,UNDER,1.74
2026-08-19T09:23:27Z,Brazil Serie A,2026-08-23,2026-08-23T19:00:00Z,Palmeiras vs Vasco da Gama,tipico_de,OU25,UNDER,1.9
2026-08-19T09:23:27Z,Brazil Serie A,2026-08-23,2026-08-23T19:00:00Z,Palmeiras vs Vasco da Gama,unibet_nl,OU25,UNDER,1.85
2026-08-19T09:23:27Z,Brazil Serie A,2026-08-23,2026-08-23T19:00:00Z,Palmeiras vs Vasco da Gama,unibet_se,OU25,UNDER,1.85
2026-08-19T09:23:27Z,Brazil Serie A,2026-08-23,2026-08-23T19:00:00Z,Palmeiras vs Vasco da Gama,williamhill,OU25,UNDER,1.85
2026-08-19T09:23:27Z,Serie B,2026-08-23,2026-08-23T17:00:00Z,Pisa vs Padova,betsson,OU25,OVER,2.1
2026-08-19T09:23:27Z,Serie B,2026-08-23,2026-08-23T17:00:00Z,Pisa vs Padova,codere_it,OU25,OVER,2.07
2026-08-19T09:23:27Z,Serie B,2026-08-23,2026-08-23T17:00:00Z,Pisa vs Padova,coolbet,OU25,OVER,2.12
2026-08-19T09:23:27Z,Serie B,2026-08-23,2026-08-23T17:00:00Z,Pisa vs Padova,leovegas_se,OU25,OVER,2.06
2026-08-19T09:23:27Z,Serie B,2026-08-23,2026-08-23T17:00:00Z,Pisa vs Padova,nordicbet,OU25,OVER,2.1
2026-08-19T09:23:27Z,Serie B,2026-08-23,2026-08-23T17:00:00Z,Pisa vs Padova,onexbet,OU25,OVER,2.08
2026-08-19T09:23:27Z,Serie B,2026-08-23,2026-08-23T17:00:00Z,Pisa vs Padova,pmu_fr,OU25,OVER,1.95
2026-08-19T09:23:27Z,Serie B,2026-08-23,2026-08-23T17:00:00Z,Pisa vs Padova,tipico_de,OU25,OVER,2.05
2026-08-19T09:23:27Z,Serie B,2026-08-23,2026-08-23T17:00:00Z,Pisa vs Padova,unibet_nl,OU25,OVER,2.06
2026-08-19T09:23:27Z,Serie B,2026-08-23,2026-08-23T17:00:00Z,Pisa vs Padova,unibet_se,OU25,OVER,2.06
2026-08-19T09:23:27Z,Serie B,2026-08-23,2026-08-23T17:00:00Z,Pisa vs Padova,williamhill,OU25,OVER,2.1
2026-08-19T09:23:27Z,Serie B,2026-08-23,2026-08-23T17:00:00Z,Pisa vs Padova,betsson,OU25,UNDER,1.65
2026-08-19T09:23:27Z,Serie B,2026-08-23,2026-08-23T17:00:00Z,Pisa vs Padova,codere_it,OU25,UNDER,1.65
2026-08-19T09:23:27Z,Serie B,2026-08-23,2026-08-23T17:00:00Z,Pisa vs Padova,coolbet,OU25,UNDER,1.7
2026-08-19T09:23:27Z,Serie B,2026-08-23,2026-08-23T17:00:00Z,Pisa vs Padova,leovegas_se,OU25,UNDER,1.68
2026-08-19T09:23:27Z,Serie B,2026-08-23,2026-08-23T17:00:00Z,Pisa vs Padova,nordicbet,OU25,UNDER,1.65
2026-08-19T09:23:27Z,Serie B,2026-08-23,2026-08-23T17:00:00Z,Pisa vs Padova,onexbet,OU25,UNDER,1.72
2026-08-19T09:23:27Z,Serie B,2026-08-23,2026-08-23T17:00:00Z,Pisa vs Padova,pmu_fr,OU25,UNDER,1.6
2026-08-19T09:23:27Z,Serie B,2026-08-23,2026-08-23T17:00:00Z,Pisa vs Padova,tipico_de,OU25,UNDER,1.67
2026-08-19T09:23:27Z,Serie B,2026-08-23,2026-08-23T17:00:00Z,Pisa vs Padova,unibet_nl,OU25,UNDER,1.68
2026-08-19T09:23:27Z,Serie B,2026-08-23,2026-08-23T17:00:00Z,Pisa vs Padova,unibet_se,OU25,UNDER,1.68
2026-08-19T09:23:27Z,Serie B,2026-08-23,2026-08-23T17:00:00Z,Pisa vs Padova,williamhill,OU25,UNDER,1.67
2026-08-19T09:23:27Z,Mexico Liga MX,2026-08-23,2026-08-23T01:00:00Z,Puebla vs Santos Laguna,betsson,OU25,OVER,1.65
2026-08-19T09:23:27Z,Mexico Liga MX,2026-08-23,2026-08-23T01:00:00Z,Puebla vs Santos Laguna,gtbets,OU25,OVER,1.68
2026-08-19T09:23:27Z,Mexico Liga MX,2026-08-23,2026-08-23T01:00:00Z,Puebla vs Santos Laguna,leovegas_se,OU25,OVER,1.55
2026-08-19T09:23:27Z,Mexico Liga MX,2026-08-23,2026-08-23T01:00:00Z,Puebla vs Santos Laguna,nordicbet,OU25,OVER,1.65
2026-08-19T09:23:27Z,Mexico Liga MX,2026-08-23,2026-08-23T01:00:00Z,Puebla vs Santos Laguna,onexbet,OU25,OVER,1.65
2026-08-19T09:23:27Z,Mexico Liga MX,2026-08-23,2026-08-23T01:00:00Z,Puebla vs Santos Laguna,pmu_fr,OU25,OVER,1.5
2026-08-19T09:23:27Z,Mexico Liga MX,2026-08-23,2026-08-23T01:00:00Z,Puebla vs Santos Laguna,tipico_de,OU25,OVER,1.62
2026-08-19T09:23:27Z,Mexico Liga MX,2026-08-23,2026-08-23T01:00:00Z,Puebla vs Santos Laguna,unibet_nl,OU25,OVER,1.56
2026-08-19T09:23:27Z,Mexico Liga MX,2026-08-23,2026-08-23T01:00:00Z,Puebla vs Santos Laguna,unibet_se,OU25,OVER,1.56
2026-08-19T09:23:27Z,Mexico Liga MX,2026-08-23,2026-08-23T01:00:00Z,Puebla vs Santos Laguna,williamhill,OU25,OVER,1.62
2026-08-19T09:23:27Z,Mexico Liga MX,2026-08-23,2026-08-23T01:00:00Z,Puebla vs Santos Laguna,betsson,OU25,UNDER,2.18
2026-08-19T09:23:27Z,Mexico Liga MX,2026-08-23,2026-08-23T01:00:00Z,Puebla vs Santos Laguna,gtbets,OU25,UNDER,2.15
2026-08-19T09:23:27Z,Mexico Liga MX,2026-08-23,2026-08-23T01:00:00Z,Puebla vs Santos Laguna,leovegas_se,OU25,UNDER,2.2
2026-08-19T09:23:27Z,Mexico Liga MX,2026-08-23,2026-08-23T01:00:00Z,Puebla vs Santos Laguna,nordicbet,OU25,UNDER,2.18
2026-08-19T09:23:27Z,Mexico Liga MX,2026-08-23,2026-08-23T01:00:00Z,Puebla vs Santos Laguna,onexbet,OU25,UNDER,2.17
2026-08-19T09:23:27Z,Mexico Liga MX,2026-08-23,2026-08-23T01:00:00Z,Puebla vs Santos Laguna,pmu_fr,OU25,UNDER,2.14
2026-08-19T09:23:27Z,Mexico Liga MX,2026-08-23,2026-08-23T01:00:00Z,Puebla vs Santos Laguna,tipico_de,OU25,UNDER,2.15
2026-08-19T09:23:27Z,Mexico Liga MX,2026-08-23,2026-08-23T01:00:00Z,Puebla vs Santos Laguna,unibet_nl,OU25,UNDER,2.25
2026-08-19T09:23:27Z,Mexico Liga MX,2026-08-23,2026-08-23T01:00:00Z,Puebla vs Santos Laguna,unibet_se,OU25,UNDER,2.25
2026-08-19T09:23:27Z,Mexico Liga MX,2026-08-23,2026-08-23T01:00:00Z,Puebla vs Santos Laguna,williamhill,OU25,UNDER,2.15
2026-08-19T09:23:27Z,Argentina Primera Division,2026-08-23,2026-08-23T22:15:00Z,River Plate vs Velez Sarsfield BA,codere_it,OU25,OVER,2.31
2026-08-19T09:23:27Z,Argentina Primera Division,2026-08-23,2026-08-23T22:15:00Z,River Plate vs Velez Sarsfield BA,leovegas_se,OU25,OVER,2.48
2026-08-19T09:23:27Z,Argentina Primera Division,2026-08-23,2026-08-23T22:15:00Z,River Plate vs Velez Sarsfield BA,onexbet,OU25,OVER,2.42
2026-08-19T09:23:27Z,Argentina Primera Division,2026-08-23,2026-08-23T22:15:00Z,River Plate vs Velez Sarsfield BA,unibet_se,OU25,OVER,2.55
2026-08-19T09:23:27Z,Argentina Primera Division,2026-08-23,2026-08-23T22:15:00Z,River Plate vs Velez Sarsfield BA,codere_it,OU25,UNDER,1.52
2026-08-19T09:23:27Z,Argentina Primera Division,2026-08-23,2026-08-23T22:15:00Z,River Plate vs Velez Sarsfield BA,leovegas_se,OU25,UNDER,1.47
2026-08-19T09:23:27Z,Argentina Primera Division,2026-08-23,2026-08-23T22:15:00Z,River Plate vs Velez Sarsfield BA,onexbet,OU25,UNDER,1.56
2026-08-19T09:23:27Z,Argentina Primera Division,2026-08-23,2026-08-23T22:15:00Z,River Plate vs Velez Sarsfield BA,unibet_se,OU25,UNDER,1.49
2026-08-19T09:23:27Z,La Liga 2,2026-08-23,2026-08-23T15:00:00Z,SD Eibar vs Real Valladolid CF,betsson,OU25,OVER,2.22
2026-08-19T09:23:27Z,La Liga 2,2026-08-23,2026-08-23T15:00:00Z,SD Eibar vs Real Valladolid CF,codere_it,OU25,OVER,2.18
2026-08-19T09:23:27Z,La Liga 2,2026-08-23,2026-08-23T15:00:00Z,SD Eibar vs Real Valladolid CF,leovegas_se,OU25,OVER,2.2
2026-08-19T09:23:27Z,La Liga 2,2026-08-23,2026-08-23T15:00:00Z,SD Eibar vs Real Valladolid CF,nordicbet,OU25,OVER,2.22
2026-08-19T09:23:27Z,La Liga 2,2026-08-23,2026-08-23T15:00:00Z,SD Eibar vs Real Valladolid CF,onexbet,OU25,OVER,2.22
2026-08-19T09:23:27Z,La Liga 2,2026-08-23,2026-08-23T15:00:00Z,SD Eibar vs Real Valladolid CF,pmu_fr,OU25,OVER,2.12
2026-08-19T09:23:27Z,La Liga 2,2026-08-23,2026-08-23T15:00:00Z,SD Eibar vs Real Valladolid CF,tipico_de,OU25,OVER,2.2
2026-08-19T09:23:27Z,La Liga 2,2026-08-23,2026-08-23T15:00:00Z,SD Eibar vs Real Valladolid CF,unibet_nl,OU25,OVER,2.2
2026-08-19T09:23:27Z,La Liga 2,2026-08-23,2026-08-23T15:00:00Z,SD Eibar vs Real Valladolid CF,unibet_se,OU25,OVER,2.2
2026-08-19T09:23:27Z,La Liga 2,2026-08-23,2026-08-23T15:00:00Z,SD Eibar vs Real Valladolid CF,williamhill,OU25,OVER,2.3
2026-08-19T09:23:27Z,La Liga 2,2026-08-23,2026-08-23T15:00:00Z,SD Eibar vs Real Valladolid CF,betsson,OU25,UNDER,1.58
2026-08-19T09:23:27Z,La Liga 2,2026-08-23,2026-08-23T15:00:00Z,SD Eibar vs Real Valladolid CF,codere_it,OU25,UNDER,1.56
2026-08-19T09:23:27Z,La Liga 2,2026-08-23,2026-08-23T15:00:00Z,SD Eibar vs Real Valladolid CF,leovegas_se,OU25,UNDER,1.55
2026-08-19T09:23:27Z,La Liga 2,2026-08-23,2026-08-23T15:00:00Z,SD Eibar vs Real Valladolid CF,nordicbet,OU25,UNDER,1.58
2026-08-19T09:23:27Z,La Liga 2,2026-08-23,2026-08-23T15:00:00Z,SD Eibar vs Real Valladolid CF,onexbet,OU25,UNDER,1.69
2026-08-19T09:23:27Z,La Liga 2,2026-08-23,2026-08-23T15:00:00Z,SD Eibar vs Real Valladolid CF,pmu_fr,OU25,UNDER,1.5
2026-08-19T09:23:27Z,La Liga 2,2026-08-23,2026-08-23T15:00:00Z,SD Eibar vs Real Valladolid CF,tipico_de,OU25,UNDER,1.6
2026-08-19T09:23:27Z,La Liga 2,2026-08-23,2026-08-23T15:00:00Z,SD Eibar vs Real Valladolid CF,unibet_nl,OU25,UNDER,1.57
2026-08-19T09:23:27Z,La Liga 2,2026-08-23,2026-08-23T15:00:00Z,SD Eibar vs Real Valladolid CF,unibet_se,OU25,UNDER,1.57
2026-08-19T09:23:27Z,La Liga 2,2026-08-23,2026-08-23T15:00:00Z,SD Eibar vs Real Valladolid CF,williamhill,OU25,UNDER,1.57
2026-08-19T09:23:27Z,USA MLS,2026-08-23,2026-08-23T02:30:00Z,San Diego FC vs Colorado Rapids,williamhill,OU25,OVER,1.55
2026-08-19T09:23:27Z,USA MLS,2026-08-23,2026-08-23T02:30:00Z,San Diego FC vs Colorado Rapids,williamhill,OU25,UNDER,2.3
2026-08-19T09:23:27Z,USA MLS,2026-08-23,2026-08-23T02:30:00Z,San Diego FC vs Colorado Rapids,gtbets,OU35,OVER,2.34
2026-08-19T09:23:27Z,USA MLS,2026-08-23,2026-08-23T02:30:00Z,San Diego FC vs Colorado Rapids,leovegas_se,OU35,OVER,2.16
2026-08-19T09:23:27Z,USA MLS,2026-08-23,2026-08-23T02:30:00Z,San Diego FC vs Colorado Rapids,mybookieag,OU35,OVER,2.27
2026-08-19T09:23:27Z,USA MLS,2026-08-23,2026-08-23T02:30:00Z,San Diego FC vs Colorado Rapids,onexbet,OU35,OVER,2.33
2026-08-19T09:23:27Z,USA MLS,2026-08-23,2026-08-23T02:30:00Z,San Diego FC vs Colorado Rapids,pmu_fr,OU35,OVER,2.02
2026-08-19T09:23:27Z,USA MLS,2026-08-23,2026-08-23T02:30:00Z,San Diego FC vs Colorado Rapids,unibet_nl,OU35,OVER,2.16
2026-08-19T09:23:27Z,USA MLS,2026-08-23,2026-08-23T02:30:00Z,San Diego FC vs Colorado Rapids,unibet_se,OU35,OVER,2.16
2026-08-19T09:23:27Z,USA MLS,2026-08-23,2026-08-23T02:30:00Z,San Diego FC vs Colorado Rapids,gtbets,OU35,UNDER,1.58
2026-08-19T09:23:27Z,USA MLS,2026-08-23,2026-08-23T02:30:00Z,San Diego FC vs Colorado Rapids,leovegas_se,OU35,UNDER,1.67
2026-08-19T09:23:27Z,USA MLS,2026-08-23,2026-08-23T02:30:00Z,San Diego FC vs Colorado Rapids,mybookieag,OU35,UNDER,1.56
2026-08-19T09:23:27Z,USA MLS,2026-08-23,2026-08-23T02:30:00Z,San Diego FC vs Colorado Rapids,onexbet,OU35,UNDER,1.66
2026-08-19T09:23:27Z,USA MLS,2026-08-23,2026-08-23T02:30:00Z,San Diego FC vs Colorado Rapids,pmu_fr,OU35,UNDER,1.56
2026-08-19T09:23:27Z,USA MLS,2026-08-23,2026-08-23T02:30:00Z,San Diego FC vs Colorado Rapids,unibet_nl,OU35,UNDER,1.67
2026-08-19T09:23:27Z,USA MLS,2026-08-23,2026-08-23T02:30:00Z,San Diego FC vs Colorado Rapids,unibet_se,OU35,UNDER,1.67
2026-08-19T09:23:27Z,USA MLS,2026-08-23,2026-08-23T02:30:00Z,San Jose Earthquakes vs Minnesota United FC,williamhill,OU25,OVER,1.5
2026-08-19T09:23:27Z,USA MLS,2026-08-23,2026-08-23T02:30:00Z,San Jose Earthquakes vs Minnesota United FC,williamhill,OU25,UNDER,2.45
2026-08-19T09:23:27Z,USA MLS,2026-08-23,2026-08-23T02:30:00Z,San Jose Earthquakes vs Minnesota United FC,gtbets,OU35,OVER,2.24
2026-08-19T09:23:27Z,USA MLS,2026-08-23,2026-08-23T02:30:00Z,San Jose Earthquakes vs Minnesota United FC,leovegas_se,OU35,OVER,2.14
2026-08-19T09:23:27Z,USA MLS,2026-08-23,2026-08-23T02:30:00Z,San Jose Earthquakes vs Minnesota United FC,mybookieag,OU35,OVER,2.2
2026-08-19T09:23:27Z,USA MLS,2026-08-23,2026-08-23T02:30:00Z,San Jose Earthquakes vs Minnesota United FC,onexbet,OU35,OVER,2.25
2026-08-19T09:23:27Z,USA MLS,2026-08-23,2026-08-23T02:30:00Z,San Jose Earthquakes vs Minnesota United FC,pmu_fr,OU35,OVER,2.0
2026-08-19T09:23:27Z,USA MLS,2026-08-23,2026-08-23T02:30:00Z,San Jose Earthquakes vs Minnesota United FC,unibet_nl,OU35,OVER,2.14
2026-08-19T09:23:27Z,USA MLS,2026-08-23,2026-08-23T02:30:00Z,San Jose Earthquakes vs Minnesota United FC,unibet_se,OU35,OVER,2.14
2026-08-19T09:23:27Z,USA MLS,2026-08-23,2026-08-23T02:30:00Z,San Jose Earthquakes vs Minnesota United FC,gtbets,OU35,UNDER,1.63
2026-08-19T09:23:27Z,USA MLS,2026-08-23,2026-08-23T02:30:00Z,San Jose Earthquakes vs Minnesota United FC,leovegas_se,OU35,UNDER,1.67
2026-08-19T09:23:27Z,USA MLS,2026-08-23,2026-08-23T02:30:00Z,San Jose Earthquakes vs Minnesota United FC,mybookieag,OU35,UNDER,1.6
2026-08-19T09:23:27Z,USA MLS,2026-08-23,2026-08-23T02:30:00Z,San Jose Earthquakes vs Minnesota United FC,onexbet,OU35,UNDER,1.71
2026-08-19T09:23:27Z,USA MLS,2026-08-23,2026-08-23T02:30:00Z,San Jose Earthquakes vs Minnesota United FC,pmu_fr,OU35,UNDER,1.56
2026-08-19T09:23:27Z,USA MLS,2026-08-23,2026-08-23T02:30:00Z,San Jose Earthquakes vs Minnesota United FC,unibet_nl,OU35,UNDER,1.67
2026-08-19T09:23:27Z,USA MLS,2026-08-23,2026-08-23T02:30:00Z,San Jose Earthquakes vs Minnesota United FC,unibet_se,OU35,UNDER,1.67
2026-08-19T09:23:27Z,Brazil Serie A,2026-08-23,2026-08-23T21:30:00Z,Santos vs Mirassol,betanysports,OU25,OVER,1.87
2026-08-19T09:23:27Z,Brazil Serie A,2026-08-23,2026-08-23T21:30:00Z,Santos vs Mirassol,betonlineag,OU25,OVER,1.87
2026-08-19T09:23:27Z,Brazil Serie A,2026-08-23,2026-08-23T21:30:00Z,Santos vs Mirassol,betsson,OU25,OVER,1.85
2026-08-19T09:23:27Z,Brazil Serie A,2026-08-23,2026-08-23T21:30:00Z,Santos vs Mirassol,codere_it,OU25,OVER,1.82
2026-08-19T09:23:27Z,Brazil Serie A,2026-08-23,2026-08-23T21:30:00Z,Santos vs Mirassol,coolbet,OU25,OVER,1.89
2026-08-19T09:23:27Z,Brazil Serie A,2026-08-23,2026-08-23T21:30:00Z,Santos vs Mirassol,gtbets,OU25,OVER,1.91
2026-08-19T09:23:27Z,Brazil Serie A,2026-08-23,2026-08-23T21:30:00Z,Santos vs Mirassol,leovegas_se,OU25,OVER,1.88
2026-08-19T09:23:27Z,Brazil Serie A,2026-08-23,2026-08-23T21:30:00Z,Santos vs Mirassol,mybookieag,OU25,OVER,1.84
2026-08-19T09:23:27Z,Brazil Serie A,2026-08-23,2026-08-23T21:30:00Z,Santos vs Mirassol,nordicbet,OU25,OVER,1.85
2026-08-19T09:23:27Z,Brazil Serie A,2026-08-23,2026-08-23T21:30:00Z,Santos vs Mirassol,onexbet,OU25,OVER,1.9
2026-08-19T09:23:27Z,Brazil Serie A,2026-08-23,2026-08-23T21:30:00Z,Santos vs Mirassol,pinnacle,OU25,OVER,1.88
2026-08-19T09:23:27Z,Brazil Serie A,2026-08-23,2026-08-23T21:30:00Z,Santos vs Mirassol,pmu_fr,OU25,OVER,1.81
2026-08-19T09:23:27Z,Brazil Serie A,2026-08-23,2026-08-23T21:30:00Z,Santos vs Mirassol,tipico_de,OU25,OVER,1.83
2026-08-19T09:23:27Z,Brazil Serie A,2026-08-23,2026-08-23T21:30:00Z,Santos vs Mirassol,unibet_nl,OU25,OVER,1.93
2026-08-19T09:23:27Z,Brazil Serie A,2026-08-23,2026-08-23T21:30:00Z,Santos vs Mirassol,unibet_se,OU25,OVER,1.93
2026-08-19T09:23:27Z,Brazil Serie A,2026-08-23,2026-08-23T21:30:00Z,Santos vs Mirassol,williamhill,OU25,OVER,1.85
2026-08-19T09:23:27Z,Brazil Serie A,2026-08-23,2026-08-23T21:30:00Z,Santos vs Mirassol,betanysports,OU25,UNDER,1.87
2026-08-19T09:23:27Z,Brazil Serie A,2026-08-23,2026-08-23T21:30:00Z,Santos vs Mirassol,betonlineag,OU25,UNDER,1.95
2026-08-19T09:23:27Z,Brazil Serie A,2026-08-23,2026-08-23T21:30:00Z,Santos vs Mirassol,betsson,OU25,UNDER,1.88
2026-08-19T09:23:27Z,Brazil Serie A,2026-08-23,2026-08-23T21:30:00Z,Santos vs Mirassol,codere_it,OU25,UNDER,1.85
2026-08-19T09:23:27Z,Brazil Serie A,2026-08-23,2026-08-23T21:30:00Z,Santos vs Mirassol,coolbet,OU25,UNDER,1.89
2026-08-19T09:23:27Z,Brazil Serie A,2026-08-23,2026-08-23T21:30:00Z,Santos vs Mirassol,gtbets,OU25,UNDER,1.87
2026-08-19T09:23:27Z,Brazil Serie A,2026-08-23,2026-08-23T21:30:00Z,Santos vs Mirassol,leovegas_se,OU25,UNDER,1.79
2026-08-19T09:23:27Z,Brazil Serie A,2026-08-23,2026-08-23T21:30:00Z,Santos vs Mirassol,mybookieag,OU25,UNDER,1.86
2026-08-19T09:23:27Z,Brazil Serie A,2026-08-23,2026-08-23T21:30:00Z,Santos vs Mirassol,nordicbet,OU25,UNDER,1.88
2026-08-19T09:23:27Z,Brazil Serie A,2026-08-23,2026-08-23T21:30:00Z,Santos vs Mirassol,onexbet,OU25,UNDER,1.95
2026-08-19T09:23:27Z,Brazil Serie A,2026-08-23,2026-08-23T21:30:00Z,Santos vs Mirassol,pinnacle,OU25,UNDER,1.96
2026-08-19T09:23:27Z,Brazil Serie A,2026-08-23,2026-08-23T21:30:00Z,Santos vs Mirassol,pmu_fr,OU25,UNDER,1.71
2026-08-19T09:23:27Z,Brazil Serie A,2026-08-23,2026-08-23T21:30:00Z,Santos vs Mirassol,tipico_de,OU25,UNDER,1.87
2026-08-19T09:23:27Z,Brazil Serie A,2026-08-23,2026-08-23T21:30:00Z,Santos vs Mirassol,unibet_nl,OU25,UNDER,1.83
2026-08-19T09:23:27Z,Brazil Serie A,2026-08-23,2026-08-23T21:30:00Z,Santos vs Mirassol,unibet_se,OU25,UNDER,1.83
2026-08-19T09:23:27Z,Brazil Serie A,2026-08-23,2026-08-23T21:30:00Z,Santos vs Mirassol,williamhill,OU25,UNDER,1.85
2026-08-19T09:23:27Z,Argentina Primera Division,2026-08-23,2026-08-23T17:45:00Z,Sarmiento de Junin vs Estudiantes,codere_it,OU15,OVER,1.47
2026-08-19T09:23:27Z,Argentina Primera Division,2026-08-23,2026-08-23T17:45:00Z,Sarmiento de Junin vs Estudiantes,leovegas_se,OU15,OVER,1.5
2026-08-19T09:23:27Z,Argentina Primera Division,2026-08-23,2026-08-23T17:45:00Z,Sarmiento de Junin vs Estudiantes,onexbet,OU15,OVER,1.51
2026-08-19T09:23:27Z,Argentina Primera Division,2026-08-23,2026-08-23T17:45:00Z,Sarmiento de Junin vs Estudiantes,unibet_se,OU15,OVER,1.53
2026-08-19T09:23:27Z,Argentina Primera Division,2026-08-23,2026-08-23T17:45:00Z,Sarmiento de Junin vs Estudiantes,codere_it,OU15,UNDER,2.44
2026-08-19T09:23:27Z,Argentina Primera Division,2026-08-23,2026-08-23T17:45:00Z,Sarmiento de Junin vs Estudiantes,leovegas_se,OU15,UNDER,2.38
2026-08-19T09:23:27Z,Argentina Primera Division,2026-08-23,2026-08-23T17:45:00Z,Sarmiento de Junin vs Estudiantes,onexbet,OU15,UNDER,2.55
2026-08-19T09:23:27Z,Argentina Primera Division,2026-08-23,2026-08-23T17:45:00Z,Sarmiento de Junin vs Estudiantes,unibet_se,OU15,UNDER,2.45
2026-08-19T09:23:27Z,Argentina Primera Division,2026-08-23,2026-08-23T17:45:00Z,Sarmiento de Junin vs Estudiantes,betsson,OU25,OVER,2.52
2026-08-19T09:23:27Z,Argentina Primera Division,2026-08-23,2026-08-23T17:45:00Z,Sarmiento de Junin vs Estudiantes,nordicbet,OU25,OVER,2.52
2026-08-19T09:23:27Z,Argentina Primera Division,2026-08-23,2026-08-23T17:45:00Z,Sarmiento de Junin vs Estudiantes,betsson,OU25,UNDER,1.5
2026-08-19T09:23:27Z,Argentina Primera Division,2026-08-23,2026-08-23T17:45:00Z,Sarmiento de Junin vs Estudiantes,nordicbet,OU25,UNDER,1.5
2026-08-19T09:23:27Z,China Super League,2026-08-23,2026-08-23T11:35:00Z,Shanghai SIPG FC vs Qingdao Hainiu FC,betsson,OU25,OVER,1.38
2026-08-19T09:23:27Z,China Super League,2026-08-23,2026-08-23T11:35:00Z,Shanghai SIPG FC vs Qingdao Hainiu FC,nordicbet,OU25,OVER,1.38
2026-08-19T09:23:27Z,China Super League,2026-08-23,2026-08-23T11:35:00Z,Shanghai SIPG FC vs Qingdao Hainiu FC,williamhill,OU25,OVER,1.4
2026-08-19T09:23:27Z,China Super League,2026-08-23,2026-08-23T11:35:00Z,Shanghai SIPG FC vs Qingdao Hainiu FC,betsson,OU25,UNDER,2.82
2026-08-19T09:23:27Z,China Super League,2026-08-23,2026-08-23T11:35:00Z,Shanghai SIPG FC vs Qingdao Hainiu FC,nordicbet,OU25,UNDER,2.82
2026-08-19T09:23:27Z,China Super League,2026-08-23,2026-08-23T11:35:00Z,Shanghai SIPG FC vs Qingdao Hainiu FC,williamhill,OU25,UNDER,2.75
2026-08-19T09:23:27Z,China Super League,2026-08-23,2026-08-23T11:35:00Z,Shanghai SIPG FC vs Qingdao Hainiu FC,codere_it,OU35,OVER,1.91
2026-08-19T09:23:27Z,China Super League,2026-08-23,2026-08-23T11:35:00Z,Shanghai SIPG FC vs Qingdao Hainiu FC,coolbet,OU35,OVER,2.03
2026-08-19T09:23:27Z,China Super League,2026-08-23,2026-08-23T11:35:00Z,Shanghai SIPG FC vs Qingdao Hainiu FC,gtbets,OU35,OVER,2.04
2026-08-19T09:23:27Z,China Super League,2026-08-23,2026-08-23T11:35:00Z,Shanghai SIPG FC vs Qingdao Hainiu FC,leovegas_se,OU35,OVER,1.97
2026-08-19T09:23:27Z,China Super League,2026-08-23,2026-08-23T11:35:00Z,Shanghai SIPG FC vs Qingdao Hainiu FC,onexbet,OU35,OVER,2.05
2026-08-19T09:23:27Z,China Super League,2026-08-23,2026-08-23T11:35:00Z,Shanghai SIPG FC vs Qingdao Hainiu FC,tipico_de,OU35,OVER,1.93
2026-08-19T09:23:27Z,China Super League,2026-08-23,2026-08-23T11:35:00Z,Shanghai SIPG FC vs Qingdao Hainiu FC,unibet_nl,OU35,OVER,1.97
2026-08-19T09:23:27Z,China Super League,2026-08-23,2026-08-23T11:35:00Z,Shanghai SIPG FC vs Qingdao Hainiu FC,unibet_se,OU35,OVER,1.97
2026-08-19T09:23:27Z,China Super League,2026-08-23,2026-08-23T11:35:00Z,Shanghai SIPG FC vs Qingdao Hainiu FC,codere_it,OU35,UNDER,1.74
2026-08-19T09:23:27Z,China Super League,2026-08-23,2026-08-23T11:35:00Z,Shanghai SIPG FC vs Qingdao Hainiu FC,coolbet,OU35,UNDER,1.76
2026-08-19T09:23:27Z,China Super League,2026-08-23,2026-08-23T11:35:00Z,Shanghai SIPG FC vs Qingdao Hainiu FC,gtbets,OU35,UNDER,1.75
2026-08-19T09:23:27Z,China Super League,2026-08-23,2026-08-23T11:35:00Z,Shanghai SIPG FC vs Qingdao Hainiu FC,leovegas_se,OU35,UNDER,1.68
2026-08-19T09:23:27Z,China Super League,2026-08-23,2026-08-23T11:35:00Z,Shanghai SIPG FC vs Qingdao Hainiu FC,onexbet,OU35,UNDER,1.79
2026-08-19T09:23:27Z,China Super League,2026-08-23,2026-08-23T11:35:00Z,Shanghai SIPG FC vs Qingdao Hainiu FC,tipico_de,OU35,UNDER,1.75
2026-08-19T09:23:27Z,China Super League,2026-08-23,2026-08-23T11:35:00Z,Shanghai SIPG FC vs Qingdao Hainiu FC,unibet_nl,OU35,UNDER,1.7
2026-08-19T09:23:27Z,China Super League,2026-08-23,2026-08-23T11:35:00Z,Shanghai SIPG FC vs Qingdao Hainiu FC,unibet_se,OU35,UNDER,1.7
2026-08-19T09:23:27Z,Denmark Superliga,2026-08-23,2026-08-23T10:00:00Z,SonderjyskE vs FC Nordsjaelland,betsson,OU25,OVER,1.46
2026-08-19T09:23:27Z,Denmark Superliga,2026-08-23,2026-08-23T10:00:00Z,SonderjyskE vs FC Nordsjaelland,nordicbet,OU25,OVER,1.46
2026-08-19T09:23:27Z,Denmark Superliga,2026-08-23,2026-08-23T10:00:00Z,SonderjyskE vs FC Nordsjaelland,williamhill,OU25,OVER,1.44
2026-08-19T09:23:27Z,Denmark Superliga,2026-08-23,2026-08-23T10:00:00Z,SonderjyskE vs FC Nordsjaelland,betsson,OU25,UNDER,2.68
2026-08-19T09:23:27Z,Denmark Superliga,2026-08-23,2026-08-23T10:00:00Z,SonderjyskE vs FC Nordsjaelland,nordicbet,OU25,UNDER,2.68
2026-08-19T09:23:27Z,Denmark Superliga,2026-08-23,2026-08-23T10:00:00Z,SonderjyskE vs FC Nordsjaelland,williamhill,OU25,UNDER,2.62
2026-08-19T09:23:27Z,Denmark Superliga,2026-08-23,2026-08-23T10:00:00Z,SonderjyskE vs FC Nordsjaelland,codere_it,OU35,OVER,2.11
2026-08-19T09:23:27Z,Denmark Superliga,2026-08-23,2026-08-23T10:00:00Z,SonderjyskE vs FC Nordsjaelland,gtbets,OU35,OVER,2.17
2026-08-19T09:23:27Z,Denmark Superliga,2026-08-23,2026-08-23T10:00:00Z,SonderjyskE vs FC Nordsjaelland,leovegas_se,OU35,OVER,2.17
2026-08-19T09:23:27Z,Denmark Superliga,2026-08-23,2026-08-23T10:00:00Z,SonderjyskE vs FC Nordsjaelland,onexbet,OU35,OVER,2.13
2026-08-19T09:23:27Z,Denmark Superliga,2026-08-23,2026-08-23T10:00:00Z,SonderjyskE vs FC Nordsjaelland,pmu_fr,OU35,OVER,2.1
2026-08-19T09:23:27Z,Denmark Superliga,2026-08-23,2026-08-23T10:00:00Z,SonderjyskE vs FC Nordsjaelland,tipico_de,OU35,OVER,2.05
2026-08-19T09:23:27Z,Denmark Superliga,2026-08-23,2026-08-23T10:00:00Z,SonderjyskE vs FC Nordsjaelland,unibet_nl,OU35,OVER,2.25
2026-08-19T09:23:27Z,Denmark Superliga,2026-08-23,2026-08-23T10:00:00Z,SonderjyskE vs FC Nordsjaelland,unibet_se,OU35,OVER,2.25
2026-08-19T09:23:27Z,Denmark Superliga,2026-08-23,2026-08-23T10:00:00Z,SonderjyskE vs FC Nordsjaelland,codere_it,OU35,UNDER,1.62
2026-08-19T09:23:27Z,Denmark Superliga,2026-08-23,2026-08-23T10:00:00Z,SonderjyskE vs FC Nordsjaelland,gtbets,OU35,UNDER,1.65
2026-08-19T09:23:27Z,Denmark Superliga,2026-08-23,2026-08-23T10:00:00Z,SonderjyskE vs FC Nordsjaelland,leovegas_se,OU35,UNDER,1.56
2026-08-19T09:23:27Z,Denmark Superliga,2026-08-23,2026-08-23T10:00:00Z,SonderjyskE vs FC Nordsjaelland,onexbet,OU35,UNDER,1.69
2026-08-19T09:23:27Z,Denmark Superliga,2026-08-23,2026-08-23T10:00:00Z,SonderjyskE vs FC Nordsjaelland,pmu_fr,OU35,UNDER,1.51
2026-08-19T09:23:27Z,Denmark Superliga,2026-08-23,2026-08-23T10:00:00Z,SonderjyskE vs FC Nordsjaelland,tipico_de,OU35,UNDER,1.67
2026-08-19T09:23:27Z,Denmark Superliga,2026-08-23,2026-08-23T10:00:00Z,SonderjyskE vs FC Nordsjaelland,unibet_nl,OU35,UNDER,1.62
2026-08-19T09:23:27Z,Denmark Superliga,2026-08-23,2026-08-23T10:00:00Z,SonderjyskE vs FC Nordsjaelland,unibet_se,OU35,UNDER,1.62
2026-08-19T09:23:27Z,La Liga 2,2026-08-23,2026-08-23T17:00:00Z,Sporting Gijón vs Burgos CF,betsson,OU25,OVER,2.4
2026-08-19T09:23:27Z,La Liga 2,2026-08-23,2026-08-23T17:00:00Z,Sporting Gijón vs Burgos CF,codere_it,OU25,OVER,2.34
2026-08-19T09:23:27Z,La Liga 2,2026-08-23,2026-08-23T17:00:00Z,Sporting Gijón vs Burgos CF,leovegas_se,OU25,OVER,2.48
2026-08-19T09:23:27Z,La Liga 2,2026-08-23,2026-08-23T17:00:00Z,Sporting Gijón vs Burgos CF,nordicbet,OU25,OVER,2.4
2026-08-19T09:23:27Z,La Liga 2,2026-08-23,2026-08-23T17:00:00Z,Sporting Gijón vs Burgos CF,onexbet,OU25,OVER,2.42
2026-08-19T09:23:27Z,La Liga 2,2026-08-23,2026-08-23T17:00:00Z,Sporting Gijón vs Burgos CF,pmu_fr,OU25,OVER,2.4
2026-08-19T09:23:27Z,La Liga 2,2026-08-23,2026-08-23T17:00:00Z,Sporting Gijón vs Burgos CF,tipico_de,OU25,OVER,2.35
2026-08-19T09:23:27Z,La Liga 2,2026-08-23,2026-08-23T17:00:00Z,Sporting Gijón vs Burgos CF,unibet_nl,OU25,OVER,2.48
2026-08-19T09:23:27Z,La Liga 2,2026-08-23,2026-08-23T17:00:00Z,Sporting Gijón vs Burgos CF,unibet_se,OU25,OVER,2.48
2026-08-19T09:23:27Z,La Liga 2,2026-08-23,2026-08-23T17:00:00Z,Sporting Gijón vs Burgos CF,williamhill,OU25,OVER,2.3
2026-08-19T09:23:27Z,La Liga 2,2026-08-23,2026-08-23T17:00:00Z,Sporting Gijón vs Burgos CF,betsson,OU25,UNDER,1.5
2026-08-19T09:23:27Z,La Liga 2,2026-08-23,2026-08-23T17:00:00Z,Sporting Gijón vs Burgos CF,codere_it,OU25,UNDER,1.49
2026-08-19T09:23:27Z,La Liga 2,2026-08-23,2026-08-23T17:00:00Z,Sporting Gijón vs Burgos CF,leovegas_se,OU25,UNDER,1.43
2026-08-19T09:23:27Z,La Liga 2,2026-08-23,2026-08-23T17:00:00Z,Sporting Gijón vs Burgos CF,nordicbet,OU25,UNDER,1.5
2026-08-19T09:23:27Z,La Liga 2,2026-08-23,2026-08-23T17:00:00Z,Sporting Gijón vs Burgos CF,onexbet,OU25,UNDER,1.59
2026-08-19T09:23:27Z,La Liga 2,2026-08-23,2026-08-23T17:00:00Z,Sporting Gijón vs Burgos CF,pmu_fr,OU25,UNDER,1.38
2026-08-19T09:23:27Z,La Liga 2,2026-08-23,2026-08-23T17:00:00Z,Sporting Gijón vs Burgos CF,tipico_de,OU25,UNDER,1.52
2026-08-19T09:23:27Z,La Liga 2,2026-08-23,2026-08-23T17:00:00Z,Sporting Gijón vs Burgos CF,unibet_nl,OU25,UNDER,1.45
2026-08-19T09:23:27Z,La Liga 2,2026-08-23,2026-08-23T17:00:00Z,Sporting Gijón vs Burgos CF,unibet_se,OU25,UNDER,1.45
2026-08-19T09:23:27Z,La Liga 2,2026-08-23,2026-08-23T17:00:00Z,Sporting Gijón vs Burgos CF,williamhill,OU25,UNDER,1.55
2026-08-19T09:23:27Z,USA MLS,2026-08-23,2026-08-23T00:30:00Z,St. Louis City SC vs Houston Dynamo,gtbets,OU25,OVER,1.66
2026-08-19T09:23:27Z,USA MLS,2026-08-23,2026-08-23T00:30:00Z,St. Louis City SC vs Houston Dynamo,leovegas_se,OU25,OVER,1.6
2026-08-19T09:23:27Z,USA MLS,2026-08-23,2026-08-23T00:30:00Z,St. Louis City SC vs Houston Dynamo,mybookieag,OU25,OVER,1.63
2026-08-19T09:23:27Z,USA MLS,2026-08-23,2026-08-23T00:30:00Z,St. Louis City SC vs Houston Dynamo,onexbet,OU25,OVER,1.71
2026-08-19T09:23:27Z,USA MLS,2026-08-23,2026-08-23T00:30:00Z,St. Louis City SC vs Houston Dynamo,pmu_fr,OU25,OVER,1.49
2026-08-19T09:23:27Z,USA MLS,2026-08-23,2026-08-23T00:30:00Z,St. Louis City SC vs Houston Dynamo,unibet_nl,OU25,OVER,1.6
2026-08-19T09:23:27Z,USA MLS,2026-08-23,2026-08-23T00:30:00Z,St. Louis City SC vs Houston Dynamo,unibet_se,OU25,OVER,1.6
2026-08-19T09:23:27Z,USA MLS,2026-08-23,2026-08-23T00:30:00Z,St. Louis City SC vs Houston Dynamo,williamhill,OU25,OVER,1.67
2026-08-19T09:23:27Z,USA MLS,2026-08-23,2026-08-23T00:30:00Z,St. Louis City SC vs Houston Dynamo,gtbets,OU25,UNDER,2.19
2026-08-19T09:23:27Z,USA MLS,2026-08-23,2026-08-23T00:30:00Z,St. Louis City SC vs Houston Dynamo,leovegas_se,OU25,UNDER,2.3
2026-08-19T09:23:27Z,USA MLS,2026-08-23,2026-08-23T00:30:00Z,St. Louis City SC vs Houston Dynamo,mybookieag,OU25,UNDER,2.14
2026-08-19T09:23:27Z,USA MLS,2026-08-23,2026-08-23T00:30:00Z,St. Louis City SC vs Houston Dynamo,onexbet,OU25,UNDER,2.24
2026-08-19T09:23:27Z,USA MLS,2026-08-23,2026-08-23T00:30:00Z,St. Louis City SC vs Houston Dynamo,pmu_fr,OU25,UNDER,2.14
2026-08-19T09:23:27Z,USA MLS,2026-08-23,2026-08-23T00:30:00Z,St. Louis City SC vs Houston Dynamo,unibet_nl,OU25,UNDER,2.3
2026-08-19T09:23:27Z,USA MLS,2026-08-23,2026-08-23T00:30:00Z,St. Louis City SC vs Houston Dynamo,unibet_se,OU25,UNDER,2.3
2026-08-19T09:23:27Z,USA MLS,2026-08-23,2026-08-23T00:30:00Z,St. Louis City SC vs Houston Dynamo,williamhill,OU25,UNDER,2.1
2026-08-19T09:23:27Z,Finland Veikkausliiga,2026-08-23,2026-08-23T15:00:00Z,TPS Turku vs FC Inter Turku,betsson,OU25,OVER,1.85
2026-08-19T09:23:27Z,Finland Veikkausliiga,2026-08-23,2026-08-23T15:00:00Z,TPS Turku vs FC Inter Turku,coolbet,OU25,OVER,1.91
2026-08-19T09:23:27Z,Finland Veikkausliiga,2026-08-23,2026-08-23T15:00:00Z,TPS Turku vs FC Inter Turku,gtbets,OU25,OVER,1.84
2026-08-19T09:23:27Z,Finland Veikkausliiga,2026-08-23,2026-08-23T15:00:00Z,TPS Turku vs FC Inter Turku,leovegas_se,OU25,OVER,1.79
2026-08-19T09:23:27Z,Finland Veikkausliiga,2026-08-23,2026-08-23T15:00:00Z,TPS Turku vs FC Inter Turku,nordicbet,OU25,OVER,1.85
2026-08-19T09:23:27Z,Finland Veikkausliiga,2026-08-23,2026-08-23T15:00:00Z,TPS Turku vs FC Inter Turku,onexbet,OU25,OVER,1.85
2026-08-19T09:23:27Z,Finland Veikkausliiga,2026-08-23,2026-08-23T15:00:00Z,TPS Turku vs FC Inter Turku,pinnacle,OU25,OVER,1.88
2026-08-19T09:23:27Z,Finland Veikkausliiga,2026-08-23,2026-08-23T15:00:00Z,TPS Turku vs FC Inter Turku,pmu_fr,OU25,OVER,1.72
2026-08-19T09:23:27Z,Finland Veikkausliiga,2026-08-23,2026-08-23T15:00:00Z,TPS Turku vs FC Inter Turku,tipico_de,OU25,OVER,1.77
2026-08-19T09:23:27Z,Finland Veikkausliiga,2026-08-23,2026-08-23T15:00:00Z,TPS Turku vs FC Inter Turku,unibet_nl,OU25,OVER,1.79
2026-08-19T09:23:27Z,Finland Veikkausliiga,2026-08-23,2026-08-23T15:00:00Z,TPS Turku vs FC Inter Turku,unibet_se,OU25,OVER,1.79
2026-08-19T09:23:27Z,Finland Veikkausliiga,2026-08-23,2026-08-23T15:00:00Z,TPS Turku vs FC Inter Turku,williamhill,OU25,OVER,1.8
2026-08-19T09:23:27Z,Finland Veikkausliiga,2026-08-23,2026-08-23T15:00:00Z,TPS Turku vs FC Inter Turku,betsson,OU25,UNDER,1.88
2026-08-19T09:23:27Z,Finland Veikkausliiga,2026-08-23,2026-08-23T15:00:00Z,TPS Turku vs FC Inter Turku,coolbet,OU25,UNDER,1.94
2026-08-19T09:23:27Z,Finland Veikkausliiga,2026-08-23,2026-08-23T15:00:00Z,TPS Turku vs FC Inter Turku,gtbets,OU25,UNDER,1.93
2026-08-19T09:23:27Z,Finland Veikkausliiga,2026-08-23,2026-08-23T15:00:00Z,TPS Turku vs FC Inter Turku,leovegas_se,OU25,UNDER,1.88
2026-08-19T09:23:27Z,Finland Veikkausliiga,2026-08-23,2026-08-23T15:00:00Z,TPS Turku vs FC Inter Turku,nordicbet,OU25,UNDER,1.88
2026-08-19T09:23:27Z,Finland Veikkausliiga,2026-08-23,2026-08-23T15:00:00Z,TPS Turku vs FC Inter Turku,onexbet,OU25,UNDER,1.92
2026-08-19T09:23:27Z,Finland Veikkausliiga,2026-08-23,2026-08-23T15:00:00Z,TPS Turku vs FC Inter Turku,pinnacle,OU25,UNDER,1.96
2026-08-19T09:23:27Z,Finland Veikkausliiga,2026-08-23,2026-08-23T15:00:00Z,TPS Turku vs FC Inter Turku,pmu_fr,OU25,UNDER,1.81
2026-08-19T09:23:27Z,Finland Veikkausliiga,2026-08-23,2026-08-23T15:00:00Z,TPS Turku vs FC Inter Turku,tipico_de,OU25,UNDER,1.93
2026-08-19T09:23:27Z,Finland Veikkausliiga,2026-08-23,2026-08-23T15:00:00Z,TPS Turku vs FC Inter Turku,unibet_nl,OU25,UNDER,1.88
2026-08-19T09:23:27Z,Finland Veikkausliiga,2026-08-23,2026-08-23T15:00:00Z,TPS Turku vs FC Inter Turku,unibet_se,OU25,UNDER,1.88
2026-08-19T09:23:27Z,Finland Veikkausliiga,2026-08-23,2026-08-23T15:00:00Z,TPS Turku vs FC Inter Turku,williamhill,OU25,UNDER,1.91
2026-08-19T09:23:27Z,La Liga 2,2026-08-23,2026-08-23T19:30:00Z,Tenerife vs Almería,betsson,OU25,OVER,2.0
2026-08-19T09:23:27Z,La Liga 2,2026-08-23,2026-08-23T19:30:00Z,Tenerife vs Almería,codere_it,OU25,OVER,1.96
2026-08-19T09:23:27Z,La Liga 2,2026-08-23,2026-08-23T19:30:00Z,Tenerife vs Almería,leovegas_se,OU25,OVER,2.04
2026-08-19T09:23:27Z,La Liga 2,2026-08-23,2026-08-23T19:30:00Z,Tenerife vs Almería,nordicbet,OU25,OVER,2.0
2026-08-19T09:23:27Z,La Liga 2,2026-08-23,2026-08-23T19:30:00Z,Tenerife vs Almería,onexbet,OU25,OVER,2.02
2026-08-19T09:23:27Z,La Liga 2,2026-08-23,2026-08-23T19:30:00Z,Tenerife vs Almería,pmu_fr,OU25,OVER,1.96
2026-08-19T09:23:27Z,La Liga 2,2026-08-23,2026-08-23T19:30:00Z,Tenerife vs Almería,tipico_de,OU25,OVER,1.95
2026-08-19T09:23:27Z,La Liga 2,2026-08-23,2026-08-23T19:30:00Z,Tenerife vs Almería,unibet_nl,OU25,OVER,2.05
2026-08-19T09:23:27Z,La Liga 2,2026-08-23,2026-08-23T19:30:00Z,Tenerife vs Almería,unibet_se,OU25,OVER,2.05
2026-08-19T09:23:27Z,La Liga 2,2026-08-23,2026-08-23T19:30:00Z,Tenerife vs Almería,williamhill,OU25,OVER,2.1
2026-08-19T09:23:27Z,La Liga 2,2026-08-23,2026-08-23T19:30:00Z,Tenerife vs Almería,betsson,OU25,UNDER,1.72
2026-08-19T09:23:27Z,La Liga 2,2026-08-23,2026-08-23T19:30:00Z,Tenerife vs Almería,codere_it,OU25,UNDER,1.7
2026-08-19T09:23:27Z,La Liga 2,2026-08-23,2026-08-23T19:30:00Z,Tenerife vs Almería,leovegas_se,OU25,UNDER,1.64
2026-08-19T09:23:27Z,La Liga 2,2026-08-23,2026-08-23T19:30:00Z,Tenerife vs Almería,nordicbet,OU25,UNDER,1.72
2026-08-19T09:23:27Z,La Liga 2,2026-08-23,2026-08-23T19:30:00Z,Tenerife vs Almería,onexbet,OU25,UNDER,1.83
2026-08-19T09:23:27Z,La Liga 2,2026-08-23,2026-08-23T19:30:00Z,Tenerife vs Almería,pmu_fr,OU25,UNDER,1.57
2026-08-19T09:23:27Z,La Liga 2,2026-08-23,2026-08-23T19:30:00Z,Tenerife vs Almería,tipico_de,OU25,UNDER,1.75
2026-08-19T09:23:27Z,La Liga 2,2026-08-23,2026-08-23T19:30:00Z,Tenerife vs Almería,unibet_nl,OU25,UNDER,1.66
2026-08-19T09:23:27Z,La Liga 2,2026-08-23,2026-08-23T19:30:00Z,Tenerife vs Almería,unibet_se,OU25,UNDER,1.66
2026-08-19T09:23:27Z,La Liga 2,2026-08-23,2026-08-23T19:30:00Z,Tenerife vs Almería,williamhill,OU25,UNDER,1.67
2026-08-19T09:23:27Z,USA MLS,2026-08-23,2026-08-23T01:30:00Z,Vancouver Whitecaps FC vs FC Dallas,williamhill,OU25,OVER,1.44
2026-08-19T09:23:27Z,USA MLS,2026-08-23,2026-08-23T01:30:00Z,Vancouver Whitecaps FC vs FC Dallas,williamhill,OU25,UNDER,2.5
2026-08-19T09:23:27Z,USA MLS,2026-08-23,2026-08-23T01:30:00Z,Vancouver Whitecaps FC vs FC Dallas,gtbets,OU35,OVER,2.17
2026-08-19T09:23:27Z,USA MLS,2026-08-23,2026-08-23T01:30:00Z,Vancouver Whitecaps FC vs FC Dallas,leovegas_se,OU35,OVER,2.04
2026-08-19T09:23:27Z,USA MLS,2026-08-23,2026-08-23T01:30:00Z,Vancouver Whitecaps FC vs FC Dallas,mybookieag,OU35,OVER,2.12
2026-08-19T09:23:27Z,USA MLS,2026-08-23,2026-08-23T01:30:00Z,Vancouver Whitecaps FC vs FC Dallas,onexbet,OU35,OVER,2.18
2026-08-19T09:23:27Z,USA MLS,2026-08-23,2026-08-23T01:30:00Z,Vancouver Whitecaps FC vs FC Dallas,pmu_fr,OU35,OVER,1.89
2026-08-19T09:23:27Z,USA MLS,2026-08-23,2026-08-23T01:30:00Z,Vancouver Whitecaps FC vs FC Dallas,unibet_nl,OU35,OVER,2.04
2026-08-19T09:23:27Z,USA MLS,2026-08-23,2026-08-23T01:30:00Z,Vancouver Whitecaps FC vs FC Dallas,unibet_se,OU35,OVER,2.04
2026-08-19T09:23:27Z,USA MLS,2026-08-23,2026-08-23T01:30:00Z,Vancouver Whitecaps FC vs FC Dallas,gtbets,OU35,UNDER,1.67
2026-08-19T09:23:27Z,USA MLS,2026-08-23,2026-08-23T01:30:00Z,Vancouver Whitecaps FC vs FC Dallas,leovegas_se,OU35,UNDER,1.75
2026-08-19T09:23:27Z,USA MLS,2026-08-23,2026-08-23T01:30:00Z,Vancouver Whitecaps FC vs FC Dallas,mybookieag,OU35,UNDER,1.64
2026-08-19T09:23:27Z,USA MLS,2026-08-23,2026-08-23T01:30:00Z,Vancouver Whitecaps FC vs FC Dallas,onexbet,OU35,UNDER,1.75
2026-08-19T09:23:27Z,USA MLS,2026-08-23,2026-08-23T01:30:00Z,Vancouver Whitecaps FC vs FC Dallas,pmu_fr,OU35,UNDER,1.64
2026-08-19T09:23:27Z,USA MLS,2026-08-23,2026-08-23T01:30:00Z,Vancouver Whitecaps FC vs FC Dallas,unibet_nl,OU35,UNDER,1.75
2026-08-19T09:23:27Z,USA MLS,2026-08-23,2026-08-23T01:30:00Z,Vancouver Whitecaps FC vs FC Dallas,unibet_se,OU35,UNDER,1.75
2026-08-19T09:23:27Z,Denmark Superliga,2026-08-23,2026-08-23T16:00:00Z,Viborg FF vs FC Copenhagen,betsson,OU25,OVER,1.52
2026-08-19T09:23:27Z,Denmark Superliga,2026-08-23,2026-08-23T16:00:00Z,Viborg FF vs FC Copenhagen,nordicbet,OU25,OVER,1.52
2026-08-19T09:23:27Z,Denmark Superliga,2026-08-23,2026-08-23T16:00:00Z,Viborg FF vs FC Copenhagen,williamhill,OU25,OVER,1.5
2026-08-19T09:23:27Z,Denmark Superliga,2026-08-23,2026-08-23T16:00:00Z,Viborg FF vs FC Copenhagen,betsson,OU25,UNDER,2.48
2026-08-19T09:23:27Z,Denmark Superliga,2026-08-23,2026-08-23T16:00:00Z,Viborg FF vs FC Copenhagen,nordicbet,OU25,UNDER,2.48
2026-08-19T09:23:27Z,Denmark Superliga,2026-08-23,2026-08-23T16:00:00Z,Viborg FF vs FC Copenhagen,williamhill,OU25,UNDER,2.45
2026-08-19T09:23:27Z,Denmark Superliga,2026-08-23,2026-08-23T16:00:00Z,Viborg FF vs FC Copenhagen,codere_it,OU35,OVER,2.25
2026-08-19T09:23:27Z,Denmark Superliga,2026-08-23,2026-08-23T16:00:00Z,Viborg FF vs FC Copenhagen,gtbets,OU35,OVER,2.32
2026-08-19T09:23:27Z,Denmark Superliga,2026-08-23,2026-08-23T16:00:00Z,Viborg FF vs FC Copenhagen,leovegas_se,OU35,OVER,2.25
2026-08-19T09:23:27Z,Denmark Superliga,2026-08-23,2026-08-23T16:00:00Z,Viborg FF vs FC Copenhagen,onexbet,OU35,OVER,2.31
2026-08-19T09:23:27Z,Denmark Superliga,2026-08-23,2026-08-23T16:00:00Z,Viborg FF vs FC Copenhagen,pmu_fr,OU35,OVER,2.18
2026-08-19T09:23:27Z,Denmark Superliga,2026-08-23,2026-08-23T16:00:00Z,Viborg FF vs FC Copenhagen,tipico_de,OU35,OVER,2.25
2026-08-19T09:23:27Z,Denmark Superliga,2026-08-23,2026-08-23T16:00:00Z,Viborg FF vs FC Copenhagen,unibet_nl,OU35,OVER,2.33
2026-08-19T09:23:27Z,Denmark Superliga,2026-08-23,2026-08-23T16:00:00Z,Viborg FF vs FC Copenhagen,unibet_se,OU35,OVER,2.33
2026-08-19T09:23:27Z,Denmark Superliga,2026-08-23,2026-08-23T16:00:00Z,Viborg FF vs FC Copenhagen,codere_it,OU35,UNDER,1.55
2026-08-19T09:23:27Z,Denmark Superliga,2026-08-23,2026-08-23T16:00:00Z,Viborg FF vs FC Copenhagen,gtbets,OU35,UNDER,1.59
2026-08-19T09:23:27Z,Denmark Superliga,2026-08-23,2026-08-23T16:00:00Z,Viborg FF vs FC Copenhagen,leovegas_se,OU35,UNDER,1.53
2026-08-19T09:23:27Z,Denmark Superliga,2026-08-23,2026-08-23T16:00:00Z,Viborg FF vs FC Copenhagen,onexbet,OU35,UNDER,1.59
2026-08-19T09:23:27Z,Denmark Superliga,2026-08-23,2026-08-23T16:00:00Z,Viborg FF vs FC Copenhagen,pmu_fr,OU35,UNDER,1.47
2026-08-19T09:23:27Z,Denmark Superliga,2026-08-23,2026-08-23T16:00:00Z,Viborg FF vs FC Copenhagen,tipico_de,OU35,UNDER,1.55
2026-08-19T09:23:27Z,Denmark Superliga,2026-08-23,2026-08-23T16:00:00Z,Viborg FF vs FC Copenhagen,unibet_nl,OU35,UNDER,1.56
2026-08-19T09:23:27Z,Denmark Superliga,2026-08-23,2026-08-23T16:00:00Z,Viborg FF vs FC Copenhagen,unibet_se,OU35,UNDER,1.56
2026-08-19T09:23:27Z,Brazil Serie A,2026-08-23,2026-08-23T19:00:00Z,Vitoria vs Bahia,betanysports,OU25,OVER,1.91
2026-08-19T09:23:27Z,Brazil Serie A,2026-08-23,2026-08-23T19:00:00Z,Vitoria vs Bahia,betonlineag,OU25,OVER,2.0
2026-08-19T09:23:27Z,Brazil Serie A,2026-08-23,2026-08-23T19:00:00Z,Vitoria vs Bahia,betsson,OU25,OVER,1.92
2026-08-19T09:23:27Z,Brazil Serie A,2026-08-23,2026-08-23T19:00:00Z,Vitoria vs Bahia,codere_it,OU25,OVER,1.9
2026-08-19T09:23:27Z,Brazil Serie A,2026-08-23,2026-08-23T19:00:00Z,Vitoria vs Bahia,coolbet,OU25,OVER,1.96
2026-08-19T09:23:27Z,Brazil Serie A,2026-08-23,2026-08-23T19:00:00Z,Vitoria vs Bahia,gtbets,OU25,OVER,1.98
2026-08-19T09:23:27Z,Brazil Serie A,2026-08-23,2026-08-23T19:00:00Z,Vitoria vs Bahia,leovegas_se,OU25,OVER,1.94
2026-08-19T09:23:27Z,Brazil Serie A,2026-08-23,2026-08-23T19:00:00Z,Vitoria vs Bahia,mybookieag,OU25,OVER,1.92
2026-08-19T09:23:27Z,Brazil Serie A,2026-08-23,2026-08-23T19:00:00Z,Vitoria vs Bahia,nordicbet,OU25,OVER,1.92
2026-08-19T09:23:27Z,Brazil Serie A,2026-08-23,2026-08-23T19:00:00Z,Vitoria vs Bahia,onexbet,OU25,OVER,2.0
2026-08-19T09:23:27Z,Brazil Serie A,2026-08-23,2026-08-23T19:00:00Z,Vitoria vs Bahia,pinnacle,OU25,OVER,2.0
2026-08-19T09:23:27Z,Brazil Serie A,2026-08-23,2026-08-23T19:00:00Z,Vitoria vs Bahia,pmu_fr,OU25,OVER,1.87
2026-08-19T09:23:27Z,Brazil Serie A,2026-08-23,2026-08-23T19:00:00Z,Vitoria vs Bahia,tipico_de,OU25,OVER,1.9
2026-08-19T09:23:27Z,Brazil Serie A,2026-08-23,2026-08-23T19:00:00Z,Vitoria vs Bahia,unibet_nl,OU25,OVER,2.0
2026-08-19T09:23:27Z,Brazil Serie A,2026-08-23,2026-08-23T19:00:00Z,Vitoria vs Bahia,unibet_se,OU25,OVER,2.0
2026-08-19T09:23:27Z,Brazil Serie A,2026-08-23,2026-08-23T19:00:00Z,Vitoria vs Bahia,williamhill,OU25,OVER,2.0
2026-08-19T09:23:27Z,Brazil Serie A,2026-08-23,2026-08-23T19:00:00Z,Vitoria vs Bahia,betanysports,OU25,UNDER,1.83
2026-08-19T09:23:27Z,Brazil Serie A,2026-08-23,2026-08-23T19:00:00Z,Vitoria vs Bahia,betonlineag,OU25,UNDER,1.83
2026-08-19T09:23:27Z,Brazil Serie A,2026-08-23,2026-08-23T19:00:00Z,Vitoria vs Bahia,betsson,OU25,UNDER,1.82
2026-08-19T09:23:27Z,Brazil Serie A,2026-08-23,2026-08-23T19:00:00Z,Vitoria vs Bahia,codere_it,OU25,UNDER,1.77
2026-08-19T09:23:27Z,Brazil Serie A,2026-08-23,2026-08-23T19:00:00Z,Vitoria vs Bahia,coolbet,OU25,UNDER,1.82
2026-08-19T09:23:27Z,Brazil Serie A,2026-08-23,2026-08-23T19:00:00Z,Vitoria vs Bahia,gtbets,OU25,UNDER,1.8
2026-08-19T09:23:27Z,Brazil Serie A,2026-08-23,2026-08-23T19:00:00Z,Vitoria vs Bahia,leovegas_se,OU25,UNDER,1.74
2026-08-19T09:23:27Z,Brazil Serie A,2026-08-23,2026-08-23T19:00:00Z,Vitoria vs Bahia,mybookieag,OU25,UNDER,1.79
2026-08-19T09:23:27Z,Brazil Serie A,2026-08-23,2026-08-23T19:00:00Z,Vitoria vs Bahia,nordicbet,OU25,UNDER,1.82
2026-08-19T09:23:27Z,Brazil Serie A,2026-08-23,2026-08-23T19:00:00Z,Vitoria vs Bahia,onexbet,OU25,UNDER,1.84
2026-08-19T09:23:27Z,Brazil Serie A,2026-08-23,2026-08-23T19:00:00Z,Vitoria vs Bahia,pinnacle,OU25,UNDER,1.85
2026-08-19T09:23:27Z,Brazil Serie A,2026-08-23,2026-08-23T19:00:00Z,Vitoria vs Bahia,pmu_fr,OU25,UNDER,1.66
2026-08-19T09:23:27Z,Brazil Serie A,2026-08-23,2026-08-23T19:00:00Z,Vitoria vs Bahia,tipico_de,OU25,UNDER,1.8
2026-08-19T09:23:27Z,Brazil Serie A,2026-08-23,2026-08-23T19:00:00Z,Vitoria vs Bahia,unibet_nl,OU25,UNDER,1.78
2026-08-19T09:23:27Z,Brazil Serie A,2026-08-23,2026-08-23T19:00:00Z,Vitoria vs Bahia,unibet_se,OU25,UNDER,1.78
2026-08-19T09:23:27Z,Brazil Serie A,2026-08-23,2026-08-23T19:00:00Z,Vitoria vs Bahia,williamhill,OU25,UNDER,1.75
2026-08-19T09:23:27Z,Sweden Allsvenskan,2026-08-23,2026-08-23T12:00:00Z,Västerås SK vs Kalmar FF,betsson,OU25,OVER,1.75
2026-08-19T09:23:27Z,Sweden Allsvenskan,2026-08-23,2026-08-23T12:00:00Z,Västerås SK vs Kalmar FF,coolbet,OU25,OVER,1.76
2026-08-19T09:23:27Z,Sweden Allsvenskan,2026-08-23,2026-08-23T12:00:00Z,Västerås SK vs Kalmar FF,gtbets,OU25,OVER,1.76
2026-08-19T09:23:27Z,Sweden Allsvenskan,2026-08-23,2026-08-23T12:00:00Z,Västerås SK vs Kalmar FF,leovegas_se,OU25,OVER,1.72
2026-08-19T09:23:27Z,Sweden Allsvenskan,2026-08-23,2026-08-23T12:00:00Z,Västerås SK vs Kalmar FF,nordicbet,OU25,OVER,1.75
2026-08-19T09:23:27Z,Sweden Allsvenskan,2026-08-23,2026-08-23T12:00:00Z,Västerås SK vs Kalmar FF,onexbet,OU25,OVER,1.77
2026-08-19T09:23:27Z,Sweden Allsvenskan,2026-08-23,2026-08-23T12:00:00Z,Västerås SK vs Kalmar FF,pmu_fr,OU25,OVER,1.64
2026-08-19T09:23:27Z,Sweden Allsvenskan,2026-08-23,2026-08-23T12:00:00Z,Västerås SK vs Kalmar FF,tipico_de,OU25,OVER,1.7
2026-08-19T09:23:27Z,Sweden Allsvenskan,2026-08-23,2026-08-23T12:00:00Z,Västerås SK vs Kalmar FF,unibet_nl,OU25,OVER,1.72
2026-08-19T09:23:27Z,Sweden Allsvenskan,2026-08-23,2026-08-23T12:00:00Z,Västerås SK vs Kalmar FF,unibet_se,OU25,OVER,1.72
2026-08-19T09:23:27Z,Sweden Allsvenskan,2026-08-23,2026-08-23T12:00:00Z,Västerås SK vs Kalmar FF,williamhill,OU25,OVER,1.75
2026-08-19T09:23:27Z,Sweden Allsvenskan,2026-08-23,2026-08-23T12:00:00Z,Västerås SK vs Kalmar FF,betsson,OU25,UNDER,2.02
2026-08-19T09:23:27Z,Sweden Allsvenskan,2026-08-23,2026-08-23T12:00:00Z,Västerås SK vs Kalmar FF,coolbet,OU25,UNDER,2.07
2026-08-19T09:23:27Z,Sweden Allsvenskan,2026-08-23,2026-08-23T12:00:00Z,Västerås SK vs Kalmar FF,gtbets,OU25,UNDER,2.04
2026-08-19T09:23:27Z,Sweden Allsvenskan,2026-08-23,2026-08-23T12:00:00Z,Västerås SK vs Kalmar FF,leovegas_se,OU25,UNDER,1.96
2026-08-19T09:23:27Z,Sweden Allsvenskan,2026-08-23,2026-08-23T12:00:00Z,Västerås SK vs Kalmar FF,nordicbet,OU25,UNDER,2.02
2026-08-19T09:23:27Z,Sweden Allsvenskan,2026-08-23,2026-08-23T12:00:00Z,Västerås SK vs Kalmar FF,onexbet,OU25,UNDER,2.01
2026-08-19T09:23:27Z,Sweden Allsvenskan,2026-08-23,2026-08-23T12:00:00Z,Västerås SK vs Kalmar FF,pmu_fr,OU25,UNDER,1.89
2026-08-19T09:23:27Z,Sweden Allsvenskan,2026-08-23,2026-08-23T12:00:00Z,Västerås SK vs Kalmar FF,tipico_de,OU25,UNDER,2.0
2026-08-19T09:23:27Z,Sweden Allsvenskan,2026-08-23,2026-08-23T12:00:00Z,Västerås SK vs Kalmar FF,unibet_nl,OU25,UNDER,1.96
2026-08-19T09:23:27Z,Sweden Allsvenskan,2026-08-23,2026-08-23T12:00:00Z,Västerås SK vs Kalmar FF,unibet_se,OU25,UNDER,1.96
2026-08-19T09:23:27Z,Sweden Allsvenskan,2026-08-23,2026-08-23T12:00:00Z,Västerås SK vs Kalmar FF,williamhill,OU25,UNDER,1.95
2026-08-19T09:23:27Z,Championship,2026-08-23,2026-08-23T11:00:00Z,West Bromwich Albion vs Burnley,betonlineag,OU25,OVER,2.16
2026-08-19T09:23:27Z,Championship,2026-08-23,2026-08-23T11:00:00Z,West Bromwich Albion vs Burnley,betsson,OU25,OVER,2.08
2026-08-19T09:23:27Z,Championship,2026-08-23,2026-08-23T11:00:00Z,West Bromwich Albion vs Burnley,codere_it,OU25,OVER,2.02
2026-08-19T09:23:27Z,Championship,2026-08-23,2026-08-23T11:00:00Z,West Bromwich Albion vs Burnley,coolbet,OU25,OVER,2.07
2026-08-19T09:23:27Z,Championship,2026-08-23,2026-08-23T11:00:00Z,West Bromwich Albion vs Burnley,gtbets,OU25,OVER,2.08
2026-08-19T09:23:27Z,Championship,2026-08-23,2026-08-23T11:00:00Z,West Bromwich Albion vs Burnley,leovegas_se,OU25,OVER,2.05
2026-08-19T09:23:27Z,Championship,2026-08-23,2026-08-23T11:00:00Z,West Bromwich Albion vs Burnley,nordicbet,OU25,OVER,2.08
2026-08-19T09:23:27Z,Championship,2026-08-23,2026-08-23T11:00:00Z,West Bromwich Albion vs Burnley,onexbet,OU25,OVER,2.08
2026-08-19T09:23:27Z,Championship,2026-08-23,2026-08-23T11:00:00Z,West Bromwich Albion vs Burnley,pmu_fr,OU25,OVER,1.93
2026-08-19T09:23:27Z,Championship,2026-08-23,2026-08-23T11:00:00Z,West Bromwich Albion vs Burnley,tipico_de,OU25,OVER,2.0
2026-08-19T09:23:27Z,Championship,2026-08-23,2026-08-23T11:00:00Z,West Bromwich Albion vs Burnley,unibet_nl,OU25,OVER,2.05
2026-08-19T09:23:27Z,Championship,2026-08-23,2026-08-23T11:00:00Z,West Bromwich Albion vs Burnley,unibet_se,OU25,OVER,2.05
2026-08-19T09:23:27Z,Championship,2026-08-23,2026-08-23T11:00:00Z,West Bromwich Albion vs Burnley,williamhill,OU25,OVER,2.05
2026-08-19T09:23:27Z,Championship,2026-08-23,2026-08-23T11:00:00Z,West Bromwich Albion vs Burnley,betonlineag,OU25,UNDER,1.74
2026-08-19T09:23:27Z,Championship,2026-08-23,2026-08-23T11:00:00Z,West Bromwich Albion vs Burnley,betsson,OU25,UNDER,1.72
2026-08-19T09:23:27Z,Championship,2026-08-23,2026-08-23T11:00:00Z,West Bromwich Albion vs Burnley,codere_it,OU25,UNDER,1.68
2026-08-19T09:23:27Z,Championship,2026-08-23,2026-08-23T11:00:00Z,West Bromwich Albion vs Burnley,coolbet,OU25,UNDER,1.73
2026-08-19T09:23:27Z,Championship,2026-08-23,2026-08-23T11:00:00Z,West Bromwich Albion vs Burnley,gtbets,OU25,UNDER,1.72
2026-08-19T09:23:27Z,Championship,2026-08-23,2026-08-23T11:00:00Z,West Bromwich Albion vs Burnley,leovegas_se,OU25,UNDER,1.7
2026-08-19T09:23:27Z,Championship,2026-08-23,2026-08-23T11:00:00Z,West Bromwich Albion vs Burnley,nordicbet,OU25,UNDER,1.72
2026-08-19T09:23:27Z,Championship,2026-08-23,2026-08-23T11:00:00Z,West Bromwich Albion vs Burnley,onexbet,OU25,UNDER,1.72
2026-08-19T09:23:27Z,Championship,2026-08-23,2026-08-23T11:00:00Z,West Bromwich Albion vs Burnley,pmu_fr,OU25,UNDER,1.61
2026-08-19T09:23:27Z,Championship,2026-08-23,2026-08-23T11:00:00Z,West Bromwich Albion vs Burnley,tipico_de,OU25,UNDER,1.7
2026-08-19T09:23:27Z,Championship,2026-08-23,2026-08-23T11:00:00Z,West Bromwich Albion vs Burnley,unibet_nl,OU25,UNDER,1.7
2026-08-19T09:23:27Z,Championship,2026-08-23,2026-08-23T11:00:00Z,West Bromwich Albion vs Burnley,unibet_se,OU25,UNDER,1.7
2026-08-19T09:23:27Z,Championship,2026-08-23,2026-08-23T11:00:00Z,West Bromwich Albion vs Burnley,williamhill,OU25,UNDER,1.73
2026-08-19T09:23:27Z,Brazil Serie A,2026-08-24,2026-08-24T23:00:00Z,Botafogo vs Atletico Paranaense,betonlineag,OU25,OVER,2.1
2026-08-19T09:23:27Z,Brazil Serie A,2026-08-24,2026-08-24T23:00:00Z,Botafogo vs Atletico Paranaense,coolbet,OU25,OVER,2.03
2026-08-19T09:23:27Z,Brazil Serie A,2026-08-24,2026-08-24T23:00:00Z,Botafogo vs Atletico Paranaense,gtbets,OU25,OVER,2.04
2026-08-19T09:23:27Z,Brazil Serie A,2026-08-24,2026-08-24T23:00:00Z,Botafogo vs Atletico Paranaense,leovegas_se,OU25,OVER,1.93
2026-08-19T09:23:27Z,Brazil Serie A,2026-08-24,2026-08-24T23:00:00Z,Botafogo vs Atletico Paranaense,onexbet,OU25,OVER,2.08
2026-08-19T09:23:27Z,Brazil Serie A,2026-08-24,2026-08-24T23:00:00Z,Botafogo vs Atletico Paranaense,pmu_fr,OU25,OVER,1.85
2026-08-19T09:23:27Z,Brazil Serie A,2026-08-24,2026-08-24T23:00:00Z,Botafogo vs Atletico Paranaense,tipico_de,OU25,OVER,2.0
2026-08-19T09:23:27Z,Brazil Serie A,2026-08-24,2026-08-24T23:00:00Z,Botafogo vs Atletico Paranaense,unibet_nl,OU25,OVER,1.97
2026-08-19T09:23:27Z,Brazil Serie A,2026-08-24,2026-08-24T23:00:00Z,Botafogo vs Atletico Paranaense,unibet_se,OU25,OVER,1.97
2026-08-19T09:23:27Z,Brazil Serie A,2026-08-24,2026-08-24T23:00:00Z,Botafogo vs Atletico Paranaense,williamhill,OU25,OVER,2.05
2026-08-19T09:23:27Z,Brazil Serie A,2026-08-24,2026-08-24T23:00:00Z,Botafogo vs Atletico Paranaense,betonlineag,OU25,UNDER,1.77
2026-08-19T09:23:27Z,Brazil Serie A,2026-08-24,2026-08-24T23:00:00Z,Botafogo vs Atletico Paranaense,coolbet,OU25,UNDER,1.76
2026-08-19T09:23:27Z,Brazil Serie A,2026-08-24,2026-08-24T23:00:00Z,Botafogo vs Atletico Paranaense,gtbets,OU25,UNDER,1.76
2026-08-19T09:23:27Z,Brazil Serie A,2026-08-24,2026-08-24T23:00:00Z,Botafogo vs Atletico Paranaense,leovegas_se,OU25,UNDER,1.75
2026-08-19T09:23:27Z,Brazil Serie A,2026-08-24,2026-08-24T23:00:00Z,Botafogo vs Atletico Paranaense,onexbet,OU25,UNDER,1.78
2026-08-19T09:23:27Z,Brazil Serie A,2026-08-24,2026-08-24T23:00:00Z,Botafogo vs Atletico Paranaense,pmu_fr,OU25,UNDER,1.67
2026-08-19T09:23:27Z,Brazil Serie A,2026-08-24,2026-08-24T23:00:00Z,Botafogo vs Atletico Paranaense,tipico_de,OU25,UNDER,1.7
2026-08-19T09:23:27Z,Brazil Serie A,2026-08-24,2026-08-24T23:00:00Z,Botafogo vs Atletico Paranaense,unibet_nl,OU25,UNDER,1.79
2026-08-19T09:23:27Z,Brazil Serie A,2026-08-24,2026-08-24T23:00:00Z,Botafogo vs Atletico Paranaense,unibet_se,OU25,UNDER,1.79
2026-08-19T09:23:27Z,Brazil Serie A,2026-08-24,2026-08-24T23:00:00Z,Botafogo vs Atletico Paranaense,williamhill,OU25,UNDER,1.73
2026-08-19T09:23:27Z,Denmark Superliga,2026-08-24,2026-08-24T17:00:00Z,Brondby IF vs Silkeborg IF,betsson,OU25,OVER,1.5
2026-08-19T09:23:27Z,Denmark Superliga,2026-08-24,2026-08-24T17:00:00Z,Brondby IF vs Silkeborg IF,nordicbet,OU25,OVER,1.5
2026-08-19T09:23:27Z,Denmark Superliga,2026-08-24,2026-08-24T17:00:00Z,Brondby IF vs Silkeborg IF,williamhill,OU25,OVER,1.5
2026-08-19T09:23:27Z,Denmark Superliga,2026-08-24,2026-08-24T17:00:00Z,Brondby IF vs Silkeborg IF,betsson,OU25,UNDER,2.52
2026-08-19T09:23:27Z,Denmark Superliga,2026-08-24,2026-08-24T17:00:00Z,Brondby IF vs Silkeborg IF,nordicbet,OU25,UNDER,2.52
2026-08-19T09:23:27Z,Denmark Superliga,2026-08-24,2026-08-24T17:00:00Z,Brondby IF vs Silkeborg IF,williamhill,OU25,UNDER,2.45
2026-08-19T09:23:27Z,Denmark Superliga,2026-08-24,2026-08-24T17:00:00Z,Brondby IF vs Silkeborg IF,codere_it,OU35,OVER,2.16
2026-08-19T09:23:27Z,Denmark Superliga,2026-08-24,2026-08-24T17:00:00Z,Brondby IF vs Silkeborg IF,gtbets,OU35,OVER,2.26
2026-08-19T09:23:27Z,Denmark Superliga,2026-08-24,2026-08-24T17:00:00Z,Brondby IF vs Silkeborg IF,leovegas_se,OU35,OVER,2.07
2026-08-19T09:23:27Z,Denmark Superliga,2026-08-24,2026-08-24T17:00:00Z,Brondby IF vs Silkeborg IF,onexbet,OU35,OVER,2.21
2026-08-19T09:23:27Z,Denmark Superliga,2026-08-24,2026-08-24T17:00:00Z,Brondby IF vs Silkeborg IF,pmu_fr,OU35,OVER,2.0
2026-08-19T09:23:27Z,Denmark Superliga,2026-08-24,2026-08-24T17:00:00Z,Brondby IF vs Silkeborg IF,tipico_de,OU35,OVER,2.2
2026-08-19T09:23:27Z,Denmark Superliga,2026-08-24,2026-08-24T17:00:00Z,Brondby IF vs Silkeborg IF,unibet_nl,OU35,OVER,2.14
2026-08-19T09:23:27Z,Denmark Superliga,2026-08-24,2026-08-24T17:00:00Z,Brondby IF vs Silkeborg IF,unibet_se,OU35,OVER,2.14
2026-08-19T09:23:27Z,Denmark Superliga,2026-08-24,2026-08-24T17:00:00Z,Brondby IF vs Silkeborg IF,codere_it,OU35,UNDER,1.59
2026-08-19T09:23:27Z,Denmark Superliga,2026-08-24,2026-08-24T17:00:00Z,Brondby IF vs Silkeborg IF,gtbets,OU35,UNDER,1.62
2026-08-19T09:23:27Z,Denmark Superliga,2026-08-24,2026-08-24T17:00:00Z,Brondby IF vs Silkeborg IF,leovegas_se,OU35,UNDER,1.63
2026-08-19T09:23:27Z,Denmark Superliga,2026-08-24,2026-08-24T17:00:00Z,Brondby IF vs Silkeborg IF,onexbet,OU35,UNDER,1.64
2026-08-19T09:23:27Z,Denmark Superliga,2026-08-24,2026-08-24T17:00:00Z,Brondby IF vs Silkeborg IF,pmu_fr,OU35,UNDER,1.56
2026-08-19T09:23:27Z,Denmark Superliga,2026-08-24,2026-08-24T17:00:00Z,Brondby IF vs Silkeborg IF,tipico_de,OU35,UNDER,1.6
2026-08-19T09:23:27Z,Denmark Superliga,2026-08-24,2026-08-24T17:00:00Z,Brondby IF vs Silkeborg IF,unibet_nl,OU35,UNDER,1.68
2026-08-19T09:23:27Z,Denmark Superliga,2026-08-24,2026-08-24T17:00:00Z,Brondby IF vs Silkeborg IF,unibet_se,OU35,UNDER,1.68
2026-08-19T09:23:27Z,Argentina Primera Division,2026-08-24,2026-08-24T22:00:00Z,CA Tigre BA vs Central Córdoba,betsson,OU25,OVER,2.52
2026-08-19T09:23:27Z,Argentina Primera Division,2026-08-24,2026-08-24T22:00:00Z,CA Tigre BA vs Central Córdoba,codere_it,OU25,OVER,2.41
2026-08-19T09:23:27Z,Argentina Primera Division,2026-08-24,2026-08-24T22:00:00Z,CA Tigre BA vs Central Córdoba,leovegas_se,OU25,OVER,2.25
2026-08-19T09:23:27Z,Argentina Primera Division,2026-08-24,2026-08-24T22:00:00Z,CA Tigre BA vs Central Córdoba,nordicbet,OU25,OVER,2.52
2026-08-19T09:23:27Z,Argentina Primera Division,2026-08-24,2026-08-24T22:00:00Z,CA Tigre BA vs Central Córdoba,onexbet,OU25,OVER,2.52
2026-08-19T09:23:27Z,Argentina Primera Division,2026-08-24,2026-08-24T22:00:00Z,CA Tigre BA vs Central Córdoba,unibet_se,OU25,OVER,2.32
2026-08-19T09:23:27Z,Argentina Primera Division,2026-08-24,2026-08-24T22:00:00Z,CA Tigre BA vs Central Córdoba,betsson,OU25,UNDER,1.5
2026-08-19T09:23:27Z,Argentina Primera Division,2026-08-24,2026-08-24T22:00:00Z,CA Tigre BA vs Central Córdoba,codere_it,OU25,UNDER,1.48
2026-08-19T09:23:27Z,Argentina Primera Division,2026-08-24,2026-08-24T22:00:00Z,CA Tigre BA vs Central Córdoba,leovegas_se,OU25,UNDER,1.55
2026-08-19T09:23:27Z,Argentina Primera Division,2026-08-24,2026-08-24T22:00:00Z,CA Tigre BA vs Central Córdoba,nordicbet,OU25,UNDER,1.5
2026-08-19T09:23:27Z,Argentina Primera Division,2026-08-24,2026-08-24T22:00:00Z,CA Tigre BA vs Central Córdoba,onexbet,OU25,UNDER,1.52
2026-08-19T09:23:27Z,Argentina Primera Division,2026-08-24,2026-08-24T22:00:00Z,CA Tigre BA vs Central Córdoba,unibet_se,OU25,UNDER,1.57
2026-08-19T09:23:27Z,La Liga 2,2026-08-24,2026-08-24T17:00:00Z,Celta Fortuna vs Andorra CF,betonlineag,OU25,OVER,2.0
2026-08-19T09:23:27Z,La Liga 2,2026-08-24,2026-08-24T17:00:00Z,Celta Fortuna vs Andorra CF,betsson,OU25,OVER,1.92
2026-08-19T09:23:27Z,La Liga 2,2026-08-24,2026-08-24T17:00:00Z,Celta Fortuna vs Andorra CF,codere_it,OU25,OVER,1.89
2026-08-19T09:23:27Z,La Liga 2,2026-08-24,2026-08-24T17:00:00Z,Celta Fortuna vs Andorra CF,leovegas_se,OU25,OVER,1.87
2026-08-19T09:23:27Z,La Liga 2,2026-08-24,2026-08-24T17:00:00Z,Celta Fortuna vs Andorra CF,nordicbet,OU25,OVER,1.92
2026-08-19T09:23:27Z,La Liga 2,2026-08-24,2026-08-24T17:00:00Z,Celta Fortuna vs Andorra CF,pinnacle,OU25,OVER,2.01
2026-08-19T09:23:27Z,La Liga 2,2026-08-24,2026-08-24T17:00:00Z,Celta Fortuna vs Andorra CF,pmu_fr,OU25,OVER,1.81
2026-08-19T09:23:27Z,La Liga 2,2026-08-24,2026-08-24T17:00:00Z,Celta Fortuna vs Andorra CF,tipico_de,OU25,OVER,1.9
2026-08-19T09:23:27Z,La Liga 2,2026-08-24,2026-08-24T17:00:00Z,Celta Fortuna vs Andorra CF,williamhill,OU25,OVER,1.95
2026-08-19T09:23:27Z,La Liga 2,2026-08-24,2026-08-24T17:00:00Z,Celta Fortuna vs Andorra CF,betonlineag,OU25,UNDER,1.83
2026-08-19T09:23:27Z,La Liga 2,2026-08-24,2026-08-24T17:00:00Z,Celta Fortuna vs Andorra CF,betsson,OU25,UNDER,1.78
2026-08-19T09:23:27Z,La Liga 2,2026-08-24,2026-08-24T17:00:00Z,Celta Fortuna vs Andorra CF,codere_it,OU25,UNDER,1.75
2026-08-19T09:23:27Z,La Liga 2,2026-08-24,2026-08-24T17:00:00Z,Celta Fortuna vs Andorra CF,leovegas_se,OU25,UNDER,1.77
2026-08-19T09:23:27Z,La Liga 2,2026-08-24,2026-08-24T17:00:00Z,Celta Fortuna vs Andorra CF,nordicbet,OU25,UNDER,1.78
2026-08-19T09:23:27Z,La Liga 2,2026-08-24,2026-08-24T17:00:00Z,Celta Fortuna vs Andorra CF,pinnacle,OU25,UNDER,1.83
2026-08-19T09:23:27Z,La Liga 2,2026-08-24,2026-08-24T17:00:00Z,Celta Fortuna vs Andorra CF,pmu_fr,OU25,UNDER,1.71
2026-08-19T09:23:27Z,La Liga 2,2026-08-24,2026-08-24T17:00:00Z,Celta Fortuna vs Andorra CF,tipico_de,OU25,UNDER,1.8
2026-08-19T09:23:27Z,La Liga 2,2026-08-24,2026-08-24T17:00:00Z,Celta Fortuna vs Andorra CF,williamhill,OU25,UNDER,1.8
2026-08-19T09:23:27Z,La Liga 2,2026-08-24,2026-08-24T19:30:00Z,Granada CF vs Mallorca,betsson,OU25,OVER,2.32
2026-08-19T09:23:27Z,La Liga 2,2026-08-24,2026-08-24T19:30:00Z,Granada CF vs Mallorca,leovegas_se,OU25,OVER,2.38
2026-08-19T09:23:27Z,La Liga 2,2026-08-24,2026-08-24T19:30:00Z,Granada CF vs Mallorca,nordicbet,OU25,OVER,2.32
2026-08-19T09:23:27Z,La Liga 2,2026-08-24,2026-08-24T19:30:00Z,Granada CF vs Mallorca,onexbet,OU25,OVER,2.33
2026-08-19T09:23:27Z,La Liga 2,2026-08-24,2026-08-24T19:30:00Z,Granada CF vs Mallorca,tipico_de,OU25,OVER,2.25
2026-08-19T09:23:27Z,La Liga 2,2026-08-24,2026-08-24T19:30:00Z,Granada CF vs Mallorca,unibet_nl,OU25,OVER,2.38
2026-08-19T09:23:27Z,La Liga 2,2026-08-24,2026-08-24T19:30:00Z,Granada CF vs Mallorca,unibet_se,OU25,OVER,2.38
2026-08-19T09:23:27Z,La Liga 2,2026-08-24,2026-08-24T19:30:00Z,Granada CF vs Mallorca,williamhill,OU25,OVER,2.3
2026-08-19T09:23:27Z,La Liga 2,2026-08-24,2026-08-24T19:30:00Z,Granada CF vs Mallorca,betsson,OU25,UNDER,1.52
2026-08-19T09:23:27Z,La Liga 2,2026-08-24,2026-08-24T19:30:00Z,Granada CF vs Mallorca,leovegas_se,OU25,UNDER,1.47
2026-08-19T09:23:27Z,La Liga 2,2026-08-24,2026-08-24T19:30:00Z,Granada CF vs Mallorca,nordicbet,OU25,UNDER,1.52
2026-08-19T09:23:27Z,La Liga 2,2026-08-24,2026-08-24T19:30:00Z,Granada CF vs Mallorca,onexbet,OU25,UNDER,1.63
2026-08-19T09:23:27Z,La Liga 2,2026-08-24,2026-08-24T19:30:00Z,Granada CF vs Mallorca,tipico_de,OU25,UNDER,1.55
2026-08-19T09:23:27Z,La Liga 2,2026-08-24,2026-08-24T19:30:00Z,Granada CF vs Mallorca,unibet_nl,OU25,UNDER,1.49
2026-08-19T09:23:27Z,La Liga 2,2026-08-24,2026-08-24T19:30:00Z,Granada CF vs Mallorca,unibet_se,OU25,UNDER,1.49
2026-08-19T09:23:27Z,La Liga 2,2026-08-24,2026-08-24T19:30:00Z,Granada CF vs Mallorca,williamhill,OU25,UNDER,1.55
2026-08-19T09:23:27Z,Sweden Allsvenskan,2026-08-24,2026-08-24T17:00:00Z,Malmo FF vs Djurgardens IF,betsson,OU25,OVER,1.55
2026-08-19T09:23:27Z,Sweden Allsvenskan,2026-08-24,2026-08-24T17:00:00Z,Malmo FF vs Djurgardens IF,gtbets,OU25,OVER,1.58
2026-08-19T09:23:27Z,Sweden Allsvenskan,2026-08-24,2026-08-24T17:00:00Z,Malmo FF vs Djurgardens IF,nordicbet,OU25,OVER,1.55
2026-08-19T09:23:27Z,Sweden Allsvenskan,2026-08-24,2026-08-24T17:00:00Z,Malmo FF vs Djurgardens IF,tipico_de,OU25,OVER,1.52
2026-08-19T09:23:27Z,Sweden Allsvenskan,2026-08-24,2026-08-24T17:00:00Z,Malmo FF vs Djurgardens IF,williamhill,OU25,OVER,1.6
2026-08-19T09:23:27Z,Sweden Allsvenskan,2026-08-24,2026-08-24T17:00:00Z,Malmo FF vs Djurgardens IF,betsson,OU25,UNDER,2.38
2026-08-19T09:23:27Z,Sweden Allsvenskan,2026-08-24,2026-08-24T17:00:00Z,Malmo FF vs Djurgardens IF,gtbets,OU25,UNDER,2.33
2026-08-19T09:23:27Z,Sweden Allsvenskan,2026-08-24,2026-08-24T17:00:00Z,Malmo FF vs Djurgardens IF,nordicbet,OU25,UNDER,2.38
2026-08-19T09:23:27Z,Sweden Allsvenskan,2026-08-24,2026-08-24T17:00:00Z,Malmo FF vs Djurgardens IF,tipico_de,OU25,UNDER,2.35
2026-08-19T09:23:27Z,Sweden Allsvenskan,2026-08-24,2026-08-24T17:00:00Z,Malmo FF vs Djurgardens IF,williamhill,OU25,UNDER,2.25
2026-08-19T09:23:27Z,Sweden Allsvenskan,2026-08-24,2026-08-24T17:00:00Z,Malmo FF vs Djurgardens IF,leovegas_se,OU35,OVER,2.28
2026-08-19T09:23:27Z,Sweden Allsvenskan,2026-08-24,2026-08-24T17:00:00Z,Malmo FF vs Djurgardens IF,onexbet,OU35,OVER,2.38
2026-08-19T09:23:27Z,Sweden Allsvenskan,2026-08-24,2026-08-24T17:00:00Z,Malmo FF vs Djurgardens IF,pmu_fr,OU35,OVER,2.23
2026-08-19T09:23:27Z,Sweden Allsvenskan,2026-08-24,2026-08-24T17:00:00Z,Malmo FF vs Djurgardens IF,unibet_nl,OU35,OVER,2.28
2026-08-19T09:23:27Z,Sweden Allsvenskan,2026-08-24,2026-08-24T17:00:00Z,Malmo FF vs Djurgardens IF,unibet_se,OU35,OVER,2.28
2026-08-19T09:23:27Z,Sweden Allsvenskan,2026-08-24,2026-08-24T17:00:00Z,Malmo FF vs Djurgardens IF,leovegas_se,OU35,UNDER,1.53
2026-08-19T09:23:27Z,Sweden Allsvenskan,2026-08-24,2026-08-24T17:00:00Z,Malmo FF vs Djurgardens IF,onexbet,OU35,UNDER,1.56
2026-08-19T09:23:27Z,Sweden Allsvenskan,2026-08-24,2026-08-24T17:00:00Z,Malmo FF vs Djurgardens IF,pmu_fr,OU35,UNDER,1.45
2026-08-19T09:23:27Z,Sweden Allsvenskan,2026-08-24,2026-08-24T17:00:00Z,Malmo FF vs Djurgardens IF,unibet_nl,OU35,UNDER,1.53
2026-08-19T09:23:27Z,Sweden Allsvenskan,2026-08-24,2026-08-24T17:00:00Z,Malmo FF vs Djurgardens IF,unibet_se,OU35,UNDER,1.53
2026-08-19T09:23:27Z,Mexico Liga MX,2026-08-24,2026-08-24T01:00:00Z,Pumas vs Necaxa,betonlineag,OU25,OVER,1.8
2026-08-19T09:23:27Z,Mexico Liga MX,2026-08-24,2026-08-24T01:00:00Z,Pumas vs Necaxa,betsson,OU25,OVER,1.75
2026-08-19T09:23:27Z,Mexico Liga MX,2026-08-24,2026-08-24T01:00:00Z,Pumas vs Necaxa,coolbet,OU25,OVER,1.71
2026-08-19T09:23:27Z,Mexico Liga MX,2026-08-24,2026-08-24T01:00:00Z,Pumas vs Necaxa,gtbets,OU25,OVER,1.71
2026-08-19T09:23:27Z,Mexico Liga MX,2026-08-24,2026-08-24T01:00:00Z,Pumas vs Necaxa,leovegas_se,OU25,OVER,1.63
2026-08-19T09:23:27Z,Mexico Liga MX,2026-08-24,2026-08-24T01:00:00Z,Pumas vs Necaxa,nordicbet,OU25,OVER,1.75
2026-08-19T09:23:27Z,Mexico Liga MX,2026-08-24,2026-08-24T01:00:00Z,Pumas vs Necaxa,onexbet,OU25,OVER,1.76
2026-08-19T09:23:27Z,Mexico Liga MX,2026-08-24,2026-08-24T01:00:00Z,Pumas vs Necaxa,pmu_fr,OU25,OVER,1.56
2026-08-19T09:23:27Z,Mexico Liga MX,2026-08-24,2026-08-24T01:00:00Z,Pumas vs Necaxa,tipico_de,OU25,OVER,1.7
2026-08-19T09:23:27Z,Mexico Liga MX,2026-08-24,2026-08-24T01:00:00Z,Pumas vs Necaxa,unibet_nl,OU25,OVER,1.65
2026-08-19T09:23:27Z,Mexico Liga MX,2026-08-24,2026-08-24T01:00:00Z,Pumas vs Necaxa,unibet_se,OU25,OVER,1.65
2026-08-19T09:23:27Z,Mexico Liga MX,2026-08-24,2026-08-24T01:00:00Z,Pumas vs Necaxa,williamhill,OU25,OVER,1.67
2026-08-19T09:23:27Z,Mexico Liga MX,2026-08-24,2026-08-24T01:00:00Z,Pumas vs Necaxa,betonlineag,OU25,UNDER,2.05
2026-08-19T09:23:27Z,Mexico Liga MX,2026-08-24,2026-08-24T01:00:00Z,Pumas vs Necaxa,betsson,OU25,UNDER,1.98
2026-08-19T09:23:27Z,Mexico Liga MX,2026-08-24,2026-08-24T01:00:00Z,Pumas vs Necaxa,coolbet,OU25,UNDER,2.1
2026-08-19T09:23:27Z,Mexico Liga MX,2026-08-24,2026-08-24T01:00:00Z,Pumas vs Necaxa,gtbets,OU25,UNDER,2.05
2026-08-19T09:23:27Z,Mexico Liga MX,2026-08-24,2026-08-24T01:00:00Z,Pumas vs Necaxa,leovegas_se,OU25,UNDER,2.06
2026-08-19T09:23:27Z,Mexico Liga MX,2026-08-24,2026-08-24T01:00:00Z,Pumas vs Necaxa,nordicbet,OU25,UNDER,1.98
2026-08-19T09:23:27Z,Mexico Liga MX,2026-08-24,2026-08-24T01:00:00Z,Pumas vs Necaxa,onexbet,OU25,UNDER,2.01
2026-08-19T09:23:27Z,Mexico Liga MX,2026-08-24,2026-08-24T01:00:00Z,Pumas vs Necaxa,pmu_fr,OU25,UNDER,2.0
2026-08-19T09:23:27Z,Mexico Liga MX,2026-08-24,2026-08-24T01:00:00Z,Pumas vs Necaxa,tipico_de,OU25,UNDER,2.0
2026-08-19T09:23:27Z,Mexico Liga MX,2026-08-24,2026-08-24T01:00:00Z,Pumas vs Necaxa,unibet_nl,OU25,UNDER,2.1
2026-08-19T09:23:27Z,Mexico Liga MX,2026-08-24,2026-08-24T01:00:00Z,Pumas vs Necaxa,unibet_se,OU25,UNDER,2.1
2026-08-19T09:23:27Z,Mexico Liga MX,2026-08-24,2026-08-24T01:00:00Z,Pumas vs Necaxa,williamhill,OU25,UNDER,2.0
2026-08-19T09:23:27Z,Argentina Primera Division,2026-08-24,2026-08-24T00:30:00Z,Racing Club vs Boca Juniors,onexbet,OU15,OVER,1.57
2026-08-19T09:23:27Z,Argentina Primera Division,2026-08-24,2026-08-24T00:30:00Z,Racing Club vs Boca Juniors,onexbet,OU15,UNDER,2.4
2026-08-19T09:23:27Z,Argentina Primera Division,2026-08-24,2026-08-24T00:30:00Z,Racing Club vs Boca Juniors,betsson,OU25,OVER,2.62
2026-08-19T09:23:27Z,Argentina Primera Division,2026-08-24,2026-08-24T00:30:00Z,Racing Club vs Boca Juniors,leovegas_se,OU25,OVER,2.45
2026-08-19T09:23:27Z,Argentina Primera Division,2026-08-24,2026-08-24T00:30:00Z,Racing Club vs Boca Juniors,nordicbet,OU25,OVER,2.62
2026-08-19T09:23:27Z,Argentina Primera Division,2026-08-24,2026-08-24T00:30:00Z,Racing Club vs Boca Juniors,unibet_se,OU25,OVER,2.5
2026-08-19T09:23:27Z,Argentina Primera Division,2026-08-24,2026-08-24T00:30:00Z,Racing Club vs Boca Juniors,betsson,OU25,UNDER,1.47
2026-08-19T09:23:27Z,Argentina Primera Division,2026-08-24,2026-08-24T00:30:00Z,Racing Club vs Boca Juniors,leovegas_se,OU25,UNDER,1.47
2026-08-19T09:23:27Z,Argentina Primera Division,2026-08-24,2026-08-24T00:30:00Z,Racing Club vs Boca Juniors,nordicbet,OU25,UNDER,1.47
2026-08-19T09:23:27Z,Argentina Primera Division,2026-08-24,2026-08-24T00:30:00Z,Racing Club vs Boca Juniors,unibet_se,OU25,UNDER,1.5
2026-08-19T09:23:27Z,Argentina Primera Division,2026-08-25,2026-08-25T00:15:00Z,Lanus vs Argentinos Juniors,codere_it,OU15,OVER,1.54
2026-08-19T09:23:27Z,Argentina Primera Division,2026-08-25,2026-08-25T00:15:00Z,Lanus vs Argentinos Juniors,leovegas_se,OU15,OVER,1.57
2026-08-19T09:23:27Z,Argentina Primera Division,2026-08-25,2026-08-25T00:15:00Z,Lanus vs Argentinos Juniors,onexbet,OU15,OVER,1.59
2026-08-19T09:23:27Z,Argentina Primera Division,2026-08-25,2026-08-25T00:15:00Z,Lanus vs Argentinos Juniors,unibet_se,OU15,OVER,1.61
2026-08-19T09:23:27Z,Argentina Primera Division,2026-08-25,2026-08-25T00:15:00Z,Lanus vs Argentinos Juniors,codere_it,OU15,UNDER,2.26
2026-08-19T09:23:27Z,Argentina Primera Division,2026-08-25,2026-08-25T00:15:00Z,Lanus vs Argentinos Juniors,leovegas_se,OU15,UNDER,2.2
2026-08-19T09:23:27Z,Argentina Primera Division,2026-08-25,2026-08-25T00:15:00Z,Lanus vs Argentinos Juniors,onexbet,OU15,UNDER,2.35
2026-08-19T09:23:27Z,Argentina Primera Division,2026-08-25,2026-08-25T00:15:00Z,Lanus vs Argentinos Juniors,unibet_se,OU15,UNDER,2.25
2026-08-19T09:23:27Z,Argentina Primera Division,2026-08-25,2026-08-25T00:15:00Z,Lanus vs Argentinos Juniors,betsson,OU25,OVER,2.68
2026-08-19T09:23:27Z,Argentina Primera Division,2026-08-25,2026-08-25T00:15:00Z,Lanus vs Argentinos Juniors,nordicbet,OU25,OVER,2.68
2026-08-19T09:23:27Z,Argentina Primera Division,2026-08-25,2026-08-25T00:15:00Z,Lanus vs Argentinos Juniors,betsson,OU25,UNDER,1.46
2026-08-19T09:23:27Z,Argentina Primera Division,2026-08-25,2026-08-25T00:15:00Z,Lanus vs Argentinos Juniors,nordicbet,OU25,UNDER,1.46
2026-08-19T09:23:27Z,Argentina Primera Division,2026-08-25,2026-08-25T00:15:00Z,Talleres vs Rosario Central,onexbet,OU15,OVER,1.51
2026-08-19T09:23:27Z,Argentina Primera Division,2026-08-25,2026-08-25T00:15:00Z,Talleres vs Rosario Central,onexbet,OU15,UNDER,2.55
2026-08-19T09:23:27Z,Argentina Primera Division,2026-08-25,2026-08-25T00:15:00Z,Talleres vs Rosario Central,betsson,OU25,OVER,2.48
2026-08-19T09:23:27Z,Argentina Primera Division,2026-08-25,2026-08-25T00:15:00Z,Talleres vs Rosario Central,codere_it,OU25,OVER,2.39
2026-08-19T09:23:27Z,Argentina Primera Division,2026-08-25,2026-08-25T00:15:00Z,Talleres vs Rosario Central,leovegas_se,OU25,OVER,2.55
2026-08-19T09:23:27Z,Argentina Primera Division,2026-08-25,2026-08-25T00:15:00Z,Talleres vs Rosario Central,nordicbet,OU25,OVER,2.48
2026-08-19T09:23:27Z,Argentina Primera Division,2026-08-25,2026-08-25T00:15:00Z,Talleres vs Rosario Central,unibet_se,OU25,OVER,2.6
2026-08-19T09:23:27Z,Argentina Primera Division,2026-08-25,2026-08-25T00:15:00Z,Talleres vs Rosario Central,betsson,OU25,UNDER,1.52
2026-08-19T09:23:27Z,Argentina Primera Division,2026-08-25,2026-08-25T00:15:00Z,Talleres vs Rosario Central,codere_it,OU25,UNDER,1.49
2026-08-19T09:23:27Z,Argentina Primera Division,2026-08-25,2026-08-25T00:15:00Z,Talleres vs Rosario Central,leovegas_se,OU25,UNDER,1.43
2026-08-19T09:23:27Z,Argentina Primera Division,2026-08-25,2026-08-25T00:15:00Z,Talleres vs Rosario Central,nordicbet,OU25,UNDER,1.52
2026-08-19T09:23:27Z,Argentina Primera Division,2026-08-25,2026-08-25T00:15:00Z,Talleres vs Rosario Central,unibet_se,OU25,UNDER,1.47
2026-08-19T10:00:09Z,USA MLS,2026-08-19,2026-08-19T23:30:00Z,Columbus Crew SC vs CF Montreal,matchbook,OU25,OVER,1.63
2026-08-19T10:00:09Z,USA MLS,2026-08-19,2026-08-19T23:30:00Z,D.C. United vs New England Revolution,matchbook,OU25,OVER,1.79
2026-08-19T10:00:09Z,USA MLS,2026-08-19,2026-08-19T23:30:00Z,D.C. United vs New England Revolution,mybookieag,OU25,OVER,1.72
2026-08-19T10:00:09Z,USA MLS,2026-08-19,2026-08-19T23:30:00Z,D.C. United vs New England Revolution,onexbet,OU25,OVER,1.77
2026-08-19T10:00:09Z,USA MLS,2026-08-19,2026-08-19T23:30:00Z,D.C. United vs New England Revolution,mybookieag,OU25,UNDER,2.04
2026-08-19T10:00:09Z,USA MLS,2026-08-19,2026-08-19T23:30:00Z,D.C. United vs New England Revolution,onexbet,OU25,UNDER,2.14
2026-08-19T10:00:09Z,USA MLS,2026-08-19,2026-08-19T23:30:00Z,FC Cincinnati vs New York City FC,betsson,OU25,UNDER,2.75
2026-08-19T10:00:09Z,USA MLS,2026-08-19,2026-08-19T23:30:00Z,FC Cincinnati vs New York City FC,nordicbet,OU25,UNDER,2.75
2026-08-19T10:00:09Z,USA MLS,2026-08-19,2026-08-19T23:30:00Z,FC Cincinnati vs New York City FC,matchbook,OU35,UNDER,1.81
2026-08-19T10:00:09Z,USA MLS,2026-08-19,2026-08-19T23:30:00Z,New York Red Bulls vs Nashville SC,betsson,OU25,UNDER,2.48
2026-08-19T10:00:09Z,USA MLS,2026-08-19,2026-08-19T23:30:00Z,New York Red Bulls vs Nashville SC,nordicbet,OU25,UNDER,2.48
2026-08-19T10:00:09Z,USA MLS,2026-08-19,2026-08-19T23:30:00Z,New York Red Bulls vs Nashville SC,matchbook,OU35,OVER,2.48
2026-08-19T10:00:09Z,USA MLS,2026-08-19,2026-08-19T23:30:00Z,New York Red Bulls vs Nashville SC,matchbook,OU35,UNDER,1.65
2026-08-19T10:00:09Z,USA MLS,2026-08-19,2026-08-19T23:30:00Z,Orlando City SC vs Chicago Fire,pinnacle,OU35,OVER,1.98
2026-08-19T10:00:09Z,USA MLS,2026-08-19,2026-08-19T23:30:00Z,Orlando City SC vs Chicago Fire,tipico_de,OU35,OVER,1.83
2026-08-19T10:00:09Z,USA MLS,2026-08-19,2026-08-19T23:30:00Z,Orlando City SC vs Chicago Fire,pinnacle,OU35,UNDER,1.89
2026-08-19T10:00:09Z,USA MLS,2026-08-19,2026-08-19T23:30:00Z,Orlando City SC vs Chicago Fire,tipico_de,OU35,UNDER,1.85
2026-08-19T10:00:09Z,USA MLS,2026-08-19,2026-08-19T23:30:00Z,Philadelphia Union vs Inter Miami CF,betsson,OU25,OVER,1.34
2026-08-19T10:00:09Z,USA MLS,2026-08-19,2026-08-19T23:30:00Z,Philadelphia Union vs Inter Miami CF,nordicbet,OU25,OVER,1.34
2026-08-19T10:00:09Z,USA MLS,2026-08-19,2026-08-19T23:30:00Z,Philadelphia Union vs Inter Miami CF,williamhill,OU25,OVER,1.33
2026-08-19T10:00:09Z,USA MLS,2026-08-19,2026-08-19T23:30:00Z,Philadelphia Union vs Inter Miami CF,betsson,OU25,UNDER,3.2
2026-08-19T10:00:09Z,USA MLS,2026-08-19,2026-08-19T23:30:00Z,Philadelphia Union vs Inter Miami CF,nordicbet,OU25,UNDER,3.2
2026-08-19T10:00:09Z,USA MLS,2026-08-19,2026-08-19T23:30:00Z,Philadelphia Union vs Inter Miami CF,williamhill,OU25,UNDER,3.1
2026-08-19T10:00:09Z,USA MLS,2026-08-19,2026-08-19T23:30:00Z,Philadelphia Union vs Inter Miami CF,matchbook,OU35,OVER,2.0
2026-08-19T10:00:09Z,USA MLS,2026-08-19,2026-08-19T23:30:00Z,Philadelphia Union vs Inter Miami CF,mybookieag,OU35,OVER,1.87
2026-08-19T10:00:09Z,USA MLS,2026-08-19,2026-08-19T23:30:00Z,Philadelphia Union vs Inter Miami CF,matchbook,OU35,UNDER,1.99
2026-08-19T10:00:09Z,USA MLS,2026-08-19,2026-08-19T23:30:00Z,Philadelphia Union vs Inter Miami CF,mybookieag,OU35,UNDER,1.87
2026-08-19T10:00:09Z,USA MLS,2026-08-19,2026-08-19T23:30:00Z,Philadelphia Union vs Inter Miami CF,pinnacle,OU35,UNDER,1.95
2026-08-19T10:00:09Z,China Super League,2026-08-19,2026-08-19T11:35:00Z,Shanghai SIPG FC vs Dalian Yingbo,betsson,OU25,OVER,1.42
2026-08-19T10:00:09Z,China Super League,2026-08-19,2026-08-19T11:35:00Z,Shanghai SIPG FC vs Dalian Yingbo,nordicbet,OU25,OVER,1.42
2026-08-19T10:00:09Z,China Super League,2026-08-19,2026-08-19T11:35:00Z,Shanghai SIPG FC vs Dalian Yingbo,betsson,OU25,UNDER,2.68
2026-08-19T10:00:09Z,China Super League,2026-08-19,2026-08-19T11:35:00Z,Shanghai SIPG FC vs Dalian Yingbo,nordicbet,OU25,UNDER,2.68
2026-08-19T10:00:09Z,China Super League,2026-08-19,2026-08-19T11:35:00Z,Shanghai SIPG FC vs Dalian Yingbo,codere_it,OU35,OVER,2.02
2026-08-19T10:00:09Z,China Super League,2026-08-19,2026-08-19T11:35:00Z,Shanghai SIPG FC vs Dalian Yingbo,coolbet,OU35,OVER,2.15
2026-08-19T10:00:09Z,China Super League,2026-08-19,2026-08-19T11:35:00Z,Shanghai SIPG FC vs Dalian Yingbo,matchbook,OU35,OVER,2.2
2026-08-19T10:00:09Z,China Super League,2026-08-19,2026-08-19T11:35:00Z,Shanghai SIPG FC vs Dalian Yingbo,onexbet,OU35,OVER,2.1
2026-08-19T10:00:09Z,China Super League,2026-08-19,2026-08-19T11:35:00Z,Shanghai SIPG FC vs Dalian Yingbo,codere_it,OU35,UNDER,1.68
2026-08-19T10:00:09Z,China Super League,2026-08-19,2026-08-19T11:35:00Z,Shanghai SIPG FC vs Dalian Yingbo,coolbet,OU35,UNDER,1.68
2026-08-19T10:00:09Z,China Super League,2026-08-19,2026-08-19T11:35:00Z,Shanghai SIPG FC vs Dalian Yingbo,matchbook,OU35,UNDER,1.78
2026-08-19T10:00:09Z,China Super League,2026-08-19,2026-08-19T11:35:00Z,Shanghai SIPG FC vs Dalian Yingbo,onexbet,OU35,UNDER,1.75
2026-08-19T10:00:09Z,USA MLS,2026-08-20,2026-08-20T01:30:00Z,Colorado Rapids vs Los Angeles FC,matchbook,OU25,OVER,1.77
2026-08-19T10:00:09Z,USA MLS,2026-08-20,2026-08-20T02:30:00Z,Portland Timbers vs San Diego FC,matchbook,OU35,OVER,1.98
2026-08-19T10:00:09Z,USA MLS,2026-08-20,2026-08-20T01:30:00Z,Real Salt Lake vs FC Dallas,matchbook,OU35,OVER,2.4
2026-08-19T10:00:09Z,USA MLS,2026-08-20,2026-08-20T01:30:00Z,Seattle Sounders FC vs Austin FC,matchbook,OU25,UNDER,2.48
2026-08-19T10:00:09Z,USA MLS,2026-08-20,2026-08-20T02:30:00Z,Vancouver Whitecaps FC vs Houston Dynamo,tipico_de,OU25,OVER,1.55
2026-08-19T10:00:09Z,USA MLS,2026-08-20,2026-08-20T02:30:00Z,Vancouver Whitecaps FC vs Houston Dynamo,betsson,OU25,UNDER,2.28
2026-08-19T10:00:09Z,USA MLS,2026-08-20,2026-08-20T02:30:00Z,Vancouver Whitecaps FC vs Houston Dynamo,matchbook,OU25,UNDER,2.42
2026-08-19T10:00:09Z,USA MLS,2026-08-20,2026-08-20T02:30:00Z,Vancouver Whitecaps FC vs Houston Dynamo,nordicbet,OU25,UNDER,2.28
2026-08-19T10:00:09Z,USA MLS,2026-08-20,2026-08-20T02:30:00Z,Vancouver Whitecaps FC vs Houston Dynamo,tipico_de,OU25,UNDER,2.3
2026-08-19T10:00:09Z,USA MLS,2026-08-20,2026-08-20T02:30:00Z,Vancouver Whitecaps FC vs Houston Dynamo,leovegas_se,OU35,OVER,2.33
2026-08-19T10:00:09Z,USA MLS,2026-08-20,2026-08-20T02:30:00Z,Vancouver Whitecaps FC vs Houston Dynamo,pmu_fr,OU35,OVER,2.18
2026-08-19T10:00:09Z,USA MLS,2026-08-20,2026-08-20T02:30:00Z,Vancouver Whitecaps FC vs Houston Dynamo,unibet_nl,OU35,OVER,2.33
2026-08-19T10:00:09Z,USA MLS,2026-08-20,2026-08-20T02:30:00Z,Vancouver Whitecaps FC vs Houston Dynamo,unibet_se,OU35,OVER,2.33
2026-08-19T10:00:09Z,USA MLS,2026-08-20,2026-08-20T02:30:00Z,Vancouver Whitecaps FC vs Houston Dynamo,pmu_fr,OU35,UNDER,1.48
2026-08-19T10:00:09Z,Ireland Premier Division,2026-08-21,2026-08-21T18:45:00Z,Drogheda United vs St Patricks Athletic,coolbet,OU25,OVER,1.91
2026-08-19T10:00:09Z,Ireland Premier Division,2026-08-21,2026-08-21T18:45:00Z,Drogheda United vs St Patricks Athletic,coolbet,OU25,UNDER,1.91
2026-08-19T10:00:09Z,Ireland Premier Division,2026-08-21,2026-08-21T18:45:00Z,Dundalk vs Galway United,onexbet,OU25,OVER,1.54
2026-08-19T10:00:09Z,Ireland Premier Division,2026-08-21,2026-08-21T18:45:00Z,Dundalk vs Galway United,onexbet,OU25,UNDER,2.21
2026-08-19T10:00:09Z,Japan J-League,2026-08-21,2026-08-21T10:30:00Z,FC Tokyo vs JEF United Chiba,betonlineag,OU25,OVER,1.93
2026-08-19T10:00:09Z,Japan J-League,2026-08-21,2026-08-21T10:30:00Z,FC Tokyo vs JEF United Chiba,betonlineag,OU25,UNDER,1.89
2026-08-19T10:00:09Z,Sweden Allsvenskan,2026-08-21,2026-08-21T17:00:00Z,IK Sirius vs BK Hacken,gtbets,OU35,OVER,1.98
2026-08-19T10:00:09Z,Sweden Allsvenskan,2026-08-21,2026-08-21T17:00:00Z,IK Sirius vs BK Hacken,gtbets,OU35,UNDER,1.8
2026-08-19T10:00:09Z,Finland Veikkausliiga,2026-08-21,2026-08-21T16:00:00Z,SJK Seinäjoki vs FC Lahti,onexbet,OU25,OVER,1.67
2026-08-19T10:00:09Z,Finland Veikkausliiga,2026-08-21,2026-08-21T16:00:00Z,SJK Seinäjoki vs FC Lahti,onexbet,OU25,UNDER,2.17
2026-08-19T10:00:09Z,La Liga 2,2026-08-22,2026-08-22T17:00:00Z,AD Ceuta FC vs Las Palmas,leovegas_se,OU25,OVER,2.04
2026-08-19T10:00:09Z,La Liga 2,2026-08-22,2026-08-22T17:00:00Z,AD Ceuta FC vs Las Palmas,pmu_fr,OU25,OVER,1.95
2026-08-19T10:00:09Z,La Liga 2,2026-08-22,2026-08-22T17:00:00Z,AD Ceuta FC vs Las Palmas,unibet_nl,OU25,OVER,2.04
2026-08-19T10:00:09Z,La Liga 2,2026-08-22,2026-08-22T17:00:00Z,AD Ceuta FC vs Las Palmas,unibet_se,OU25,OVER,2.04
2026-08-19T10:00:09Z,La Liga 2,2026-08-22,2026-08-22T17:00:00Z,AD Ceuta FC vs Las Palmas,leovegas_se,OU25,UNDER,1.65
2026-08-19T10:00:09Z,La Liga 2,2026-08-22,2026-08-22T17:00:00Z,AD Ceuta FC vs Las Palmas,pmu_fr,OU25,UNDER,1.6
2026-08-19T10:00:09Z,La Liga 2,2026-08-22,2026-08-22T17:00:00Z,AD Ceuta FC vs Las Palmas,unibet_nl,OU25,UNDER,1.67
2026-08-19T10:00:09Z,La Liga 2,2026-08-22,2026-08-22T17:00:00Z,AD Ceuta FC vs Las Palmas,unibet_se,OU25,UNDER,1.67
2026-08-19T10:00:09Z,La Liga 2,2026-08-22,2026-08-22T17:00:00Z,Albacete vs Real Sociedad B,leovegas_se,OU25,OVER,1.81
2026-08-19T10:00:09Z,La Liga 2,2026-08-22,2026-08-22T17:00:00Z,Albacete vs Real Sociedad B,pmu_fr,OU25,OVER,1.75
2026-08-19T10:00:09Z,La Liga 2,2026-08-22,2026-08-22T17:00:00Z,Albacete vs Real Sociedad B,pmu_fr,OU25,UNDER,1.77
2026-08-19T10:00:09Z,Serie B,2026-08-22,2026-08-22T15:00:00Z,Avellino vs Arezzo,leovegas_se,OU25,OVER,2.05
2026-08-19T10:00:09Z,Serie B,2026-08-22,2026-08-22T15:00:00Z,Avellino vs Arezzo,unibet_nl,OU25,OVER,2.05
2026-08-19T10:00:09Z,Serie B,2026-08-22,2026-08-22T15:00:00Z,Avellino vs Arezzo,unibet_se,OU25,OVER,2.05
2026-08-19T10:00:09Z,China Super League,2026-08-22,2026-08-22T12:00:00Z,Beijing FC vs Yunnan Yukun,onexbet,OU35,OVER,1.75
2026-08-19T10:00:09Z,China Super League,2026-08-22,2026-08-22T12:00:00Z,Beijing FC vs Yunnan Yukun,onexbet,OU35,UNDER,2.1
2026-08-19T10:00:09Z,Serie B,2026-08-22,2026-08-22T15:00:00Z,Benevento vs Modena,leovegas_se,OU25,OVER,1.85
2026-08-19T10:00:09Z,Serie B,2026-08-22,2026-08-22T15:00:00Z,Benevento vs Modena,pmu_fr,OU25,OVER,1.78
2026-08-19T10:00:09Z,Serie B,2026-08-22,2026-08-22T15:00:00Z,Benevento vs Modena,unibet_nl,OU25,OVER,1.85
2026-08-19T10:00:09Z,Serie B,2026-08-22,2026-08-22T15:00:00Z,Benevento vs Modena,unibet_se,OU25,OVER,1.85
2026-08-19T10:00:09Z,Serie B,2026-08-22,2026-08-22T15:00:00Z,Benevento vs Modena,leovegas_se,OU25,UNDER,1.81
2026-08-19T10:00:09Z,Serie B,2026-08-22,2026-08-22T15:00:00Z,Benevento vs Modena,pmu_fr,OU25,UNDER,1.74
2026-08-19T10:00:09Z,Serie B,2026-08-22,2026-08-22T15:00:00Z,Benevento vs Modena,unibet_nl,OU25,UNDER,1.81
2026-08-19T10:00:09Z,Serie B,2026-08-22,2026-08-22T15:00:00Z,Benevento vs Modena,unibet_se,OU25,UNDER,1.81
2026-08-19T10:00:09Z,League One,2026-08-22,2026-08-22T14:00:00Z,Bromley FC vs Cambridge United,betonlineag,OU25,OVER,2.08
2026-08-19T10:00:09Z,USA MLS,2026-08-22,2026-08-22T23:30:00Z,CF Montreal vs LA Galaxy,onexbet,OU25,UNDER,2.32
2026-08-19T10:00:09Z,Serie B,2026-08-22,2026-08-22T15:00:00Z,Carrarese vs Mantova,leovegas_se,OU25,OVER,1.89
2026-08-19T10:00:09Z,Serie B,2026-08-22,2026-08-22T15:00:00Z,Carrarese vs Mantova,unibet_nl,OU25,OVER,1.89
2026-08-19T10:00:09Z,Serie B,2026-08-22,2026-08-22T15:00:00Z,Carrarese vs Mantova,unibet_se,OU25,OVER,1.89
2026-08-19T10:00:09Z,Serie B,2026-08-22,2026-08-22T15:00:00Z,Carrarese vs Mantova,leovegas_se,OU25,UNDER,1.77
2026-08-19T10:00:09Z,Serie B,2026-08-22,2026-08-22T15:00:00Z,Carrarese vs Mantova,pmu_fr,OU25,UNDER,1.7
2026-08-19T10:00:09Z,Serie B,2026-08-22,2026-08-22T15:00:00Z,Carrarese vs Mantova,unibet_nl,OU25,UNDER,1.77
2026-08-19T10:00:09Z,Serie B,2026-08-22,2026-08-22T15:00:00Z,Carrarese vs Mantova,unibet_se,OU25,UNDER,1.77
2026-08-19T10:00:09Z,Serie B,2026-08-22,2026-08-22T15:00:00Z,Empoli vs Cremonese,leovegas_se,OU25,OVER,2.07
2026-08-19T10:00:09Z,Serie B,2026-08-22,2026-08-22T15:00:00Z,Empoli vs Cremonese,pmu_fr,OU25,OVER,2.0
2026-08-19T10:00:09Z,Serie B,2026-08-22,2026-08-22T15:00:00Z,Empoli vs Cremonese,unibet_nl,OU25,OVER,2.07
2026-08-19T10:00:09Z,Serie B,2026-08-22,2026-08-22T15:00:00Z,Empoli vs Cremonese,unibet_se,OU25,OVER,2.07
2026-08-19T10:00:09Z,Serie B,2026-08-22,2026-08-22T15:00:00Z,Empoli vs Cremonese,leovegas_se,OU25,UNDER,1.65
2026-08-19T10:00:09Z,Serie B,2026-08-22,2026-08-22T15:00:00Z,Empoli vs Cremonese,pmu_fr,OU25,UNDER,1.56
2026-08-19T10:00:09Z,Serie B,2026-08-22,2026-08-22T15:00:00Z,Empoli vs Cremonese,unibet_nl,OU25,UNDER,1.65
2026-08-19T10:00:09Z,Serie B,2026-08-22,2026-08-22T15:00:00Z,Empoli vs Cremonese,unibet_se,OU25,UNDER,1.65
2026-08-19T10:00:09Z,League Two,2026-08-22,2026-08-22T14:00:00Z,Fleetwood Town vs Gillingham,betonlineag,OU25,OVER,1.93
2026-08-19T10:00:09Z,League Two,2026-08-22,2026-08-22T14:00:00Z,Fleetwood Town vs Gillingham,betonlineag,OU25,UNDER,1.88
2026-08-19T10:00:09Z,Japan J-League,2026-08-22,2026-08-22T10:15:00Z,Hiroshima Sanfrecce FC vs Kawasaki Frontale,onexbet,OU25,OVER,1.61
2026-08-19T10:00:09Z,Japan J-League,2026-08-22,2026-08-22T10:15:00Z,Hiroshima Sanfrecce FC vs Kawasaki Frontale,onexbet,OU25,UNDER,2.34
2026-08-19T10:00:09Z,Brazil Serie A,2026-08-22,2026-08-22T21:30:00Z,Internacional vs Atletico Mineiro,onexbet,OU25,OVER,2.02
2026-08-19T10:00:09Z,Brazil Serie A,2026-08-22,2026-08-22T21:30:00Z,Internacional vs Atletico Mineiro,onexbet,OU25,UNDER,1.83
2026-08-19T10:00:09Z,League One,2026-08-22,2026-08-22T14:00:00Z,Peterborough United vs Mansfield Town,onexbet,OU25,OVER,1.63
2026-08-19T10:00:09Z,League One,2026-08-22,2026-08-22T14:00:00Z,Peterborough United vs Mansfield Town,onexbet,OU25,UNDER,2.23
2026-08-19T10:00:09Z,Mexico Liga MX,2026-08-22,2026-08-22T03:10:00Z,Querétaro vs Toluca,gtbets,OU25,OVER,1.58
2026-08-19T10:00:09Z,Mexico Liga MX,2026-08-22,2026-08-22T03:10:00Z,Querétaro vs Toluca,gtbets,OU25,UNDER,2.35
2026-08-19T10:00:09Z,League Two,2026-08-22,2026-08-22T14:00:00Z,Rotherham United vs York City,coolbet,OU25,OVER,1.89
2026-08-19T10:00:09Z,League Two,2026-08-22,2026-08-22T14:00:00Z,Rotherham United vs York City,coolbet,OU25,UNDER,1.85
2026-08-19T10:00:09Z,League Two,2026-08-22,2026-08-22T11:30:00Z,Walsall vs Grimsby Town,onexbet,OU25,OVER,2.06
2026-08-19T10:00:09Z,League Two,2026-08-22,2026-08-22T11:30:00Z,Walsall vs Grimsby Town,onexbet,OU25,UNDER,1.72
2026-08-19T10:00:09Z,Championship,2026-08-22,2026-08-22T14:00:00Z,West Ham United vs Charlton Athletic,onexbet,OU25,OVER,1.66
2026-08-19T10:00:09Z,Championship,2026-08-22,2026-08-22T14:00:00Z,West Ham United vs Charlton Athletic,onexbet,OU25,UNDER,2.18
2026-08-19T10:00:09Z,Championship,2026-08-22,2026-08-22T14:00:00Z,Wrexham AFC vs Watford,onexbet,OU25,OVER,1.87
2026-08-19T10:00:09Z,Championship,2026-08-22,2026-08-22T14:00:00Z,Wrexham AFC vs Watford,onexbet,OU25,UNDER,1.9
2026-08-19T10:00:09Z,China Super League,2026-08-22,2026-08-22T11:00:00Z,Wuhan Three Towns vs Tianjin Jinmen Tiger FC,coolbet,OU25,OVER,1.74
2026-08-19T10:00:09Z,China Super League,2026-08-22,2026-08-22T11:00:00Z,Wuhan Three Towns vs Tianjin Jinmen Tiger FC,coolbet,OU25,UNDER,2.06
2026-08-19T10:00:09Z,La Liga 2,2026-08-23,2026-08-23T17:00:00Z,CD Castellón vs Sabadell FC,leovegas_se,OU25,OVER,1.65
2026-08-19T10:00:09Z,La Liga 2,2026-08-23,2026-08-23T17:00:00Z,CD Castellón vs Sabadell FC,pmu_fr,OU25,OVER,1.6
2026-08-19T10:00:09Z,La Liga 2,2026-08-23,2026-08-23T17:00:00Z,CD Castellón vs Sabadell FC,unibet_nl,OU25,OVER,1.67
2026-08-19T10:00:09Z,La Liga 2,2026-08-23,2026-08-23T17:00:00Z,CD Castellón vs Sabadell FC,unibet_se,OU25,OVER,1.67
2026-08-19T10:00:09Z,La Liga 2,2026-08-23,2026-08-23T17:00:00Z,CD Castellón vs Sabadell FC,leovegas_se,OU25,UNDER,2.04
2026-08-19T10:00:09Z,La Liga 2,2026-08-23,2026-08-23T17:00:00Z,CD Castellón vs Sabadell FC,pmu_fr,OU25,UNDER,1.95
2026-08-19T10:00:09Z,La Liga 2,2026-08-23,2026-08-23T17:00:00Z,CD Castellón vs Sabadell FC,unibet_nl,OU25,UNDER,2.04
2026-08-19T10:00:09Z,La Liga 2,2026-08-23,2026-08-23T17:00:00Z,CD Castellón vs Sabadell FC,unibet_se,OU25,UNDER,2.04
2026-08-19T10:00:09Z,Brazil Serie A,2026-08-23,2026-08-23T21:30:00Z,Chapecoense vs Sao Paulo,matchbook,OU25,OVER,1.99
2026-08-19T10:00:09Z,Brazil Serie A,2026-08-23,2026-08-23T19:00:00Z,Palmeiras vs Vasco da Gama,leovegas_se,OU25,OVER,1.87
2026-08-19T10:00:09Z,Brazil Serie A,2026-08-23,2026-08-23T19:00:00Z,Palmeiras vs Vasco da Gama,pinnacle,OU25,OVER,1.89
2026-08-19T10:00:09Z,Brazil Serie A,2026-08-23,2026-08-23T19:00:00Z,Palmeiras vs Vasco da Gama,pmu_fr,OU25,OVER,1.79
2026-08-19T10:00:09Z,Brazil Serie A,2026-08-23,2026-08-23T19:00:00Z,Palmeiras vs Vasco da Gama,unibet_nl,OU25,OVER,1.91
2026-08-19T10:00:09Z,Brazil Serie A,2026-08-23,2026-08-23T19:00:00Z,Palmeiras vs Vasco da Gama,unibet_se,OU25,OVER,1.91
2026-08-19T10:00:09Z,Brazil Serie A,2026-08-23,2026-08-23T19:00:00Z,Palmeiras vs Vasco da Gama,leovegas_se,OU25,UNDER,1.81
2026-08-19T10:00:09Z,Brazil Serie A,2026-08-23,2026-08-23T19:00:00Z,Palmeiras vs Vasco da Gama,pinnacle,OU25,UNDER,1.94
2026-08-19T10:00:09Z,Brazil Serie A,2026-08-23,2026-08-23T19:00:00Z,Palmeiras vs Vasco da Gama,pmu_fr,OU25,UNDER,1.73
2026-08-19T10:00:09Z,Mexico Liga MX,2026-08-23,2026-08-23T01:00:00Z,Puebla vs Santos Laguna,onexbet,OU25,OVER,1.66
2026-08-19T10:00:09Z,Mexico Liga MX,2026-08-23,2026-08-23T01:00:00Z,Puebla vs Santos Laguna,onexbet,OU25,UNDER,2.16
2026-08-19T10:00:09Z,La Liga 2,2026-08-23,2026-08-23T15:00:00Z,SD Eibar vs Real Valladolid CF,leovegas_se,OU25,OVER,2.17
2026-08-19T10:00:09Z,La Liga 2,2026-08-23,2026-08-23T15:00:00Z,SD Eibar vs Real Valladolid CF,pmu_fr,OU25,OVER,2.1
2026-08-19T10:00:09Z,La Liga 2,2026-08-23,2026-08-23T15:00:00Z,SD Eibar vs Real Valladolid CF,unibet_nl,OU25,OVER,2.17
2026-08-19T10:00:09Z,La Liga 2,2026-08-23,2026-08-23T15:00:00Z,SD Eibar vs Real Valladolid CF,unibet_se,OU25,OVER,2.17
2026-08-19T10:00:09Z,La Liga 2,2026-08-23,2026-08-23T15:00:00Z,SD Eibar vs Real Valladolid CF,leovegas_se,OU25,UNDER,1.56
2026-08-19T10:00:09Z,La Liga 2,2026-08-23,2026-08-23T15:00:00Z,SD Eibar vs Real Valladolid CF,pmu_fr,OU25,UNDER,1.51
2026-08-19T10:00:09Z,La Liga 2,2026-08-23,2026-08-23T17:00:00Z,Sporting Gijón vs Burgos CF,leovegas_se,OU15,OVER,1.44
2026-08-19T10:00:09Z,La Liga 2,2026-08-23,2026-08-23T17:00:00Z,Sporting Gijón vs Burgos CF,pmu_fr,OU15,OVER,1.4
2026-08-19T10:00:09Z,La Liga 2,2026-08-23,2026-08-23T17:00:00Z,Sporting Gijón vs Burgos CF,unibet_nl,OU15,OVER,1.47
2026-08-19T10:00:09Z,La Liga 2,2026-08-23,2026-08-23T17:00:00Z,Sporting Gijón vs Burgos CF,unibet_se,OU15,OVER,1.47
2026-08-19T10:00:09Z,La Liga 2,2026-08-23,2026-08-23T17:00:00Z,Sporting Gijón vs Burgos CF,leovegas_se,OU15,UNDER,2.43
2026-08-19T10:00:09Z,La Liga 2,2026-08-23,2026-08-23T17:00:00Z,Sporting Gijón vs Burgos CF,pmu_fr,OU15,UNDER,2.38
2026-08-19T10:00:09Z,La Liga 2,2026-08-23,2026-08-23T17:00:00Z,Sporting Gijón vs Burgos CF,unibet_nl,OU15,UNDER,2.43
2026-08-19T10:00:09Z,La Liga 2,2026-08-23,2026-08-23T17:00:00Z,Sporting Gijón vs Burgos CF,unibet_se,OU15,UNDER,2.43
2026-08-19T10:00:09Z,La Liga 2,2026-08-23,2026-08-23T19:30:00Z,Tenerife vs Almería,unibet_nl,OU25,OVER,2.04
2026-08-19T10:00:09Z,La Liga 2,2026-08-23,2026-08-23T19:30:00Z,Tenerife vs Almería,unibet_se,OU25,OVER,2.04
2026-08-19T10:00:09Z,La Liga 2,2026-08-23,2026-08-23T19:30:00Z,Tenerife vs Almería,leovegas_se,OU25,UNDER,1.65
2026-08-19T10:00:09Z,La Liga 2,2026-08-23,2026-08-23T19:30:00Z,Tenerife vs Almería,pmu_fr,OU25,UNDER,1.6
2026-08-19T10:00:09Z,La Liga 2,2026-08-23,2026-08-23T19:30:00Z,Tenerife vs Almería,unibet_nl,OU25,UNDER,1.67
2026-08-19T10:00:09Z,La Liga 2,2026-08-23,2026-08-23T19:30:00Z,Tenerife vs Almería,unibet_se,OU25,UNDER,1.67
2026-08-19T10:00:09Z,USA MLS,2026-08-23,2026-08-23T01:30:00Z,Vancouver Whitecaps FC vs FC Dallas,onexbet,OU35,OVER,2.2
2026-08-19T10:00:09Z,USA MLS,2026-08-23,2026-08-23T01:30:00Z,Vancouver Whitecaps FC vs FC Dallas,onexbet,OU35,UNDER,1.74
2026-08-19T10:00:09Z,La Liga 2,2026-08-24,2026-08-24T17:00:00Z,Celta Fortuna vs Andorra CF,unibet_se,OU25,OVER,1.88
2026-08-19T10:00:09Z,La Liga 2,2026-08-24,2026-08-24T17:00:00Z,Celta Fortuna vs Andorra CF,unibet_se,OU25,UNDER,1.79
2026-08-19T10:00:09Z,Argentina Primera Division,2026-08-24,2026-08-24T00:30:00Z,Racing Club vs Boca Juniors,onexbet,OU15,OVER,1.56
2026-08-19T10:00:09Z,Argentina Primera Division,2026-08-24,2026-08-24T00:30:00Z,Racing Club vs Boca Juniors,onexbet,OU15,UNDER,2.43
2026-08-19T10:40:10Z,USA MLS,2026-08-19,2026-08-19T23:30:00Z,Columbus Crew SC vs CF Montreal,onexbet,OU25,OVER,1.64
2026-08-19T10:40:10Z,USA MLS,2026-08-19,2026-08-19T23:30:00Z,Columbus Crew SC vs CF Montreal,matchbook,OU25,UNDER,2.5
2026-08-19T10:40:10Z,USA MLS,2026-08-19,2026-08-19T23:30:00Z,Columbus Crew SC vs CF Montreal,onexbet,OU25,UNDER,2.37
2026-08-19T10:40:10Z,USA MLS,2026-08-19,2026-08-19T23:30:00Z,D.C. United vs New England Revolution,coolbet,OU25,OVER,1.73
2026-08-19T10:40:10Z,USA MLS,2026-08-19,2026-08-19T23:30:00Z,D.C. United vs New England Revolution,coolbet,OU25,UNDER,2.07
2026-08-19T10:40:10Z,USA MLS,2026-08-19,2026-08-19T23:30:00Z,D.C. United vs New England Revolution,onexbet,OU25,UNDER,2.15
2026-08-19T10:40:10Z,USA MLS,2026-08-19,2026-08-19T23:30:00Z,FC Cincinnati vs New York City FC,matchbook,OU35,OVER,2.18
2026-08-19T10:40:10Z,USA MLS,2026-08-19,2026-08-19T23:30:00Z,FC Cincinnati vs New York City FC,tipico_de,OU35,OVER,1.95
2026-08-19T10:40:10Z,USA MLS,2026-08-19,2026-08-19T23:30:00Z,FC Cincinnati vs New York City FC,matchbook,OU35,UNDER,1.82
2026-08-19T10:40:10Z,USA MLS,2026-08-19,2026-08-19T23:30:00Z,FC Cincinnati vs New York City FC,tipico_de,OU35,UNDER,1.75
2026-08-19T10:40:10Z,USA MLS,2026-08-19,2026-08-19T23:30:00Z,New York Red Bulls vs Nashville SC,betsson,OU25,OVER,1.5
2026-08-19T10:40:10Z,USA MLS,2026-08-19,2026-08-19T23:30:00Z,New York Red Bulls vs Nashville SC,nordicbet,OU25,OVER,1.5
2026-08-19T10:40:10Z,USA MLS,2026-08-19,2026-08-19T23:30:00Z,New York Red Bulls vs Nashville SC,betsson,OU25,UNDER,2.52
2026-08-19T10:40:10Z,USA MLS,2026-08-19,2026-08-19T23:30:00Z,New York Red Bulls vs Nashville SC,nordicbet,OU25,UNDER,2.52
2026-08-19T10:40:10Z,USA MLS,2026-08-19,2026-08-19T23:30:00Z,New York Red Bulls vs Nashville SC,matchbook,OU35,OVER,2.44
2026-08-19T10:40:10Z,USA MLS,2026-08-19,2026-08-19T23:30:00Z,New York Red Bulls vs Nashville SC,onexbet,OU35,OVER,2.32
2026-08-19T10:40:10Z,USA MLS,2026-08-19,2026-08-19T23:30:00Z,New York Red Bulls vs Nashville SC,tipico_de,OU35,OVER,2.15
2026-08-19T10:40:10Z,USA MLS,2026-08-19,2026-08-19T23:30:00Z,New York Red Bulls vs Nashville SC,matchbook,OU35,UNDER,1.67
2026-08-19T10:40:10Z,USA MLS,2026-08-19,2026-08-19T23:30:00Z,New York Red Bulls vs Nashville SC,onexbet,OU35,UNDER,1.67
2026-08-19T10:40:10Z,USA MLS,2026-08-19,2026-08-19T23:30:00Z,New York Red Bulls vs Nashville SC,tipico_de,OU35,UNDER,1.62
2026-08-19T10:40:10Z,USA MLS,2026-08-19,2026-08-19T23:30:00Z,Orlando City SC vs Chicago Fire,pinnacle,OU35,UNDER,1.88
2026-08-19T10:40:10Z,USA MLS,2026-08-19,2026-08-19T23:30:00Z,Philadelphia Union vs Inter Miami CF,gtbets,OU35,OVER,1.9
2026-08-19T10:40:10Z,USA MLS,2026-08-19,2026-08-19T23:30:00Z,Philadelphia Union vs Inter Miami CF,matchbook,OU35,OVER,1.94
2026-08-19T10:40:10Z,USA MLS,2026-08-19,2026-08-19T23:30:00Z,Philadelphia Union vs Inter Miami CF,mybookieag,OU35,OVER,1.84
2026-08-19T10:40:10Z,USA MLS,2026-08-19,2026-08-19T23:30:00Z,Philadelphia Union vs Inter Miami CF,onexbet,OU35,OVER,1.92
2026-08-19T10:40:10Z,USA MLS,2026-08-19,2026-08-19T23:30:00Z,Philadelphia Union vs Inter Miami CF,tipico_de,OU35,OVER,1.77
2026-08-19T10:40:10Z,USA MLS,2026-08-19,2026-08-19T23:30:00Z,Philadelphia Union vs Inter Miami CF,gtbets,OU35,UNDER,1.88
2026-08-19T10:40:10Z,USA MLS,2026-08-19,2026-08-19T23:30:00Z,Philadelphia Union vs Inter Miami CF,matchbook,OU35,UNDER,2.02
2026-08-19T10:40:10Z,USA MLS,2026-08-19,2026-08-19T23:30:00Z,Philadelphia Union vs Inter Miami CF,mybookieag,OU35,UNDER,1.89
2026-08-19T10:40:10Z,USA MLS,2026-08-19,2026-08-19T23:30:00Z,Philadelphia Union vs Inter Miami CF,onexbet,OU35,UNDER,1.96
2026-08-19T10:40:10Z,USA MLS,2026-08-19,2026-08-19T23:30:00Z,Philadelphia Union vs Inter Miami CF,tipico_de,OU35,UNDER,1.93
2026-08-19T10:40:10Z,China Super League,2026-08-19,2026-08-19T11:35:00Z,Shanghai SIPG FC vs Dalian Yingbo,betsson,OU25,OVER,1.4
2026-08-19T10:40:10Z,China Super League,2026-08-19,2026-08-19T11:35:00Z,Shanghai SIPG FC vs Dalian Yingbo,nordicbet,OU25,OVER,1.4
2026-08-19T10:40:10Z,China Super League,2026-08-19,2026-08-19T11:35:00Z,Shanghai SIPG FC vs Dalian Yingbo,betsson,OU25,UNDER,2.72
2026-08-19T10:40:10Z,China Super League,2026-08-19,2026-08-19T11:35:00Z,Shanghai SIPG FC vs Dalian Yingbo,nordicbet,OU25,UNDER,2.72
2026-08-19T10:40:10Z,China Super League,2026-08-19,2026-08-19T11:35:00Z,Shanghai SIPG FC vs Dalian Yingbo,codere_it,OU35,OVER,1.99
2026-08-19T10:40:10Z,China Super League,2026-08-19,2026-08-19T11:35:00Z,Shanghai SIPG FC vs Dalian Yingbo,coolbet,OU35,OVER,2.07
2026-08-19T10:40:10Z,China Super League,2026-08-19,2026-08-19T11:35:00Z,Shanghai SIPG FC vs Dalian Yingbo,gtbets,OU35,OVER,2.03
2026-08-19T10:40:10Z,China Super League,2026-08-19,2026-08-19T11:35:00Z,Shanghai SIPG FC vs Dalian Yingbo,leovegas_se,OU35,OVER,1.97
2026-08-19T10:40:10Z,China Super League,2026-08-19,2026-08-19T11:35:00Z,Shanghai SIPG FC vs Dalian Yingbo,matchbook,OU35,OVER,2.14
2026-08-19T10:40:10Z,China Super League,2026-08-19,2026-08-19T11:35:00Z,Shanghai SIPG FC vs Dalian Yingbo,onexbet,OU35,OVER,2.05
2026-08-19T10:40:10Z,China Super League,2026-08-19,2026-08-19T11:35:00Z,Shanghai SIPG FC vs Dalian Yingbo,pinnacle,OU35,OVER,2.04
2026-08-19T10:40:10Z,China Super League,2026-08-19,2026-08-19T11:35:00Z,Shanghai SIPG FC vs Dalian Yingbo,tipico_de,OU35,OVER,1.9
2026-08-19T10:40:10Z,China Super League,2026-08-19,2026-08-19T11:35:00Z,Shanghai SIPG FC vs Dalian Yingbo,unibet_nl,OU35,OVER,1.97
2026-08-19T10:40:10Z,China Super League,2026-08-19,2026-08-19T11:35:00Z,Shanghai SIPG FC vs Dalian Yingbo,unibet_se,OU35,OVER,1.97
2026-08-19T10:40:10Z,China Super League,2026-08-19,2026-08-19T11:35:00Z,Shanghai SIPG FC vs Dalian Yingbo,codere_it,OU35,UNDER,1.7
2026-08-19T10:40:10Z,China Super League,2026-08-19,2026-08-19T11:35:00Z,Shanghai SIPG FC vs Dalian Yingbo,coolbet,OU35,UNDER,1.73
2026-08-19T10:40:10Z,China Super League,2026-08-19,2026-08-19T11:35:00Z,Shanghai SIPG FC vs Dalian Yingbo,leovegas_se,OU35,UNDER,1.68
2026-08-19T10:40:10Z,China Super League,2026-08-19,2026-08-19T11:35:00Z,Shanghai SIPG FC vs Dalian Yingbo,matchbook,OU35,UNDER,1.85
2026-08-19T10:40:10Z,China Super League,2026-08-19,2026-08-19T11:35:00Z,Shanghai SIPG FC vs Dalian Yingbo,onexbet,OU35,UNDER,1.79
2026-08-19T10:40:10Z,China Super League,2026-08-19,2026-08-19T11:35:00Z,Shanghai SIPG FC vs Dalian Yingbo,pinnacle,OU35,UNDER,1.84
2026-08-19T10:40:10Z,China Super League,2026-08-19,2026-08-19T11:35:00Z,Shanghai SIPG FC vs Dalian Yingbo,tipico_de,OU35,UNDER,1.8
2026-08-19T10:40:10Z,China Super League,2026-08-19,2026-08-19T11:35:00Z,Shanghai SIPG FC vs Dalian Yingbo,unibet_nl,OU35,UNDER,1.7
2026-08-19T10:40:10Z,China Super League,2026-08-19,2026-08-19T11:35:00Z,Shanghai SIPG FC vs Dalian Yingbo,unibet_se,OU35,UNDER,1.7
2026-08-19T10:40:10Z,USA MLS,2026-08-19,2026-08-19T23:30:00Z,Toronto FC vs Charlotte FC,matchbook,OU25,OVER,1.7
2026-08-19T10:40:10Z,USA MLS,2026-08-19,2026-08-19T23:30:00Z,Toronto FC vs Charlotte FC,onexbet,OU25,OVER,1.71
2026-08-19T10:40:10Z,USA MLS,2026-08-19,2026-08-19T23:30:00Z,Toronto FC vs Charlotte FC,tipico_de,OU25,OVER,1.57
2026-08-19T10:40:10Z,USA MLS,2026-08-19,2026-08-19T23:30:00Z,Toronto FC vs Charlotte FC,matchbook,OU25,UNDER,2.4
2026-08-19T10:40:10Z,USA MLS,2026-08-19,2026-08-19T23:30:00Z,Toronto FC vs Charlotte FC,onexbet,OU25,UNDER,2.24
2026-08-19T10:40:10Z,USA MLS,2026-08-19,2026-08-19T23:30:00Z,Toronto FC vs Charlotte FC,tipico_de,OU25,UNDER,2.25
2026-08-19T10:40:10Z,USA MLS,2026-08-20,2026-08-20T01:30:00Z,Colorado Rapids vs Los Angeles FC,matchbook,OU25,OVER,1.76
2026-08-19T10:40:10Z,USA MLS,2026-08-20,2026-08-20T01:30:00Z,Colorado Rapids vs Los Angeles FC,gtbets,OU25,UNDER,2.11
2026-08-19T10:40:10Z,USA MLS,2026-08-20,2026-08-20T02:30:00Z,LA Galaxy vs San Jose Earthquakes,tipico_de,OU35,OVER,1.97
2026-08-19T10:40:10Z,USA MLS,2026-08-20,2026-08-20T02:30:00Z,LA Galaxy vs San Jose Earthquakes,tipico_de,OU35,UNDER,1.72
2026-08-19T10:40:10Z,USA MLS,2026-08-20,2026-08-20T02:30:00Z,Portland Timbers vs San Diego FC,matchbook,OU35,UNDER,1.98
2026-08-19T10:40:10Z,USA MLS,2026-08-20,2026-08-20T01:30:00Z,Real Salt Lake vs FC Dallas,tipico_de,OU35,OVER,2.15
2026-08-19T10:40:10Z,USA MLS,2026-08-20,2026-08-20T01:30:00Z,Real Salt Lake vs FC Dallas,tipico_de,OU35,UNDER,1.62
2026-08-19T10:40:10Z,USA MLS,2026-08-20,2026-08-20T02:30:00Z,Vancouver Whitecaps FC vs Houston Dynamo,betsson,OU25,UNDER,2.22
2026-08-19T10:40:10Z,USA MLS,2026-08-20,2026-08-20T02:30:00Z,Vancouver Whitecaps FC vs Houston Dynamo,nordicbet,OU25,UNDER,2.22
2026-08-19T10:40:10Z,USA MLS,2026-08-20,2026-08-20T02:30:00Z,Vancouver Whitecaps FC vs Houston Dynamo,onexbet,OU25,UNDER,2.33
2026-08-19T10:40:10Z,USA MLS,2026-08-20,2026-08-20T02:30:00Z,Vancouver Whitecaps FC vs Houston Dynamo,tipico_de,OU25,UNDER,2.25
2026-08-19T10:40:10Z,La Liga 2,2026-08-21,2026-08-21T19:00:00Z,Córdoba vs Girona FC,betsson,OU25,OVER,1.82
2026-08-19T10:40:10Z,La Liga 2,2026-08-21,2026-08-21T19:00:00Z,Córdoba vs Girona FC,codere_it,OU25,OVER,1.8
2026-08-19T10:40:10Z,La Liga 2,2026-08-21,2026-08-21T19:00:00Z,Córdoba vs Girona FC,coolbet,OU25,OVER,1.9
2026-08-19T10:40:10Z,La Liga 2,2026-08-21,2026-08-21T19:00:00Z,Córdoba vs Girona FC,leovegas_se,OU25,OVER,1.87
2026-08-19T10:40:10Z,La Liga 2,2026-08-21,2026-08-21T19:00:00Z,Córdoba vs Girona FC,matchbook,OU25,OVER,1.87
2026-08-19T10:40:10Z,La Liga 2,2026-08-21,2026-08-21T19:00:00Z,Córdoba vs Girona FC,nordicbet,OU25,OVER,1.82
2026-08-19T10:40:10Z,La Liga 2,2026-08-21,2026-08-21T19:00:00Z,Córdoba vs Girona FC,onexbet,OU25,OVER,1.8
2026-08-19T10:40:10Z,La Liga 2,2026-08-21,2026-08-21T19:00:00Z,Córdoba vs Girona FC,pinnacle,OU25,OVER,1.83
2026-08-19T10:40:10Z,La Liga 2,2026-08-21,2026-08-21T19:00:00Z,Córdoba vs Girona FC,tipico_de,OU25,OVER,1.77
2026-08-19T10:40:10Z,La Liga 2,2026-08-21,2026-08-21T19:00:00Z,Córdoba vs Girona FC,unibet_nl,OU25,OVER,1.88
2026-08-19T10:40:10Z,La Liga 2,2026-08-21,2026-08-21T19:00:00Z,Córdoba vs Girona FC,unibet_se,OU25,OVER,1.88
2026-08-19T10:40:10Z,La Liga 2,2026-08-21,2026-08-21T19:00:00Z,Córdoba vs Girona FC,betsson,OU25,UNDER,1.88
2026-08-19T10:40:10Z,La Liga 2,2026-08-21,2026-08-21T19:00:00Z,Córdoba vs Girona FC,codere_it,OU25,UNDER,1.83
2026-08-19T10:40:10Z,La Liga 2,2026-08-21,2026-08-21T19:00:00Z,Córdoba vs Girona FC,coolbet,OU25,UNDER,1.87
2026-08-19T10:40:10Z,La Liga 2,2026-08-21,2026-08-21T19:00:00Z,Córdoba vs Girona FC,leovegas_se,OU25,UNDER,1.78
2026-08-19T10:40:10Z,La Liga 2,2026-08-21,2026-08-21T19:00:00Z,Córdoba vs Girona FC,matchbook,OU25,UNDER,2.0
2026-08-19T10:40:10Z,La Liga 2,2026-08-21,2026-08-21T19:00:00Z,Córdoba vs Girona FC,nordicbet,OU25,UNDER,1.85
2026-08-19T10:40:10Z,La Liga 2,2026-08-21,2026-08-21T19:00:00Z,Córdoba vs Girona FC,onexbet,OU25,UNDER,2.05
2026-08-19T10:40:10Z,La Liga 2,2026-08-21,2026-08-21T19:00:00Z,Córdoba vs Girona FC,pinnacle,OU25,UNDER,2.01
2026-08-19T10:40:10Z,La Liga 2,2026-08-21,2026-08-21T19:00:00Z,Córdoba vs Girona FC,tipico_de,OU25,UNDER,1.93
2026-08-19T10:40:10Z,La Liga 2,2026-08-21,2026-08-21T19:00:00Z,Córdoba vs Girona FC,unibet_nl,OU25,UNDER,1.79
2026-08-19T10:40:10Z,La Liga 2,2026-08-21,2026-08-21T19:00:00Z,Córdoba vs Girona FC,unibet_se,OU25,UNDER,1.79
2026-08-19T10:40:10Z,Ireland Premier Division,2026-08-21,2026-08-21T18:45:00Z,Drogheda United vs St Patricks Athletic,coolbet,OU25,OVER,1.92
2026-08-19T10:40:10Z,Ireland Premier Division,2026-08-21,2026-08-21T18:45:00Z,Drogheda United vs St Patricks Athletic,coolbet,OU25,UNDER,1.89
2026-08-19T10:40:10Z,Ireland Premier Division,2026-08-21,2026-08-21T18:45:00Z,Dundalk vs Galway United,onexbet,OU25,OVER,1.55
2026-08-19T10:40:10Z,Ireland Premier Division,2026-08-21,2026-08-21T18:45:00Z,Dundalk vs Galway United,onexbet,OU25,UNDER,2.19
2026-08-19T10:40:10Z,Sweden Allsvenskan,2026-08-21,2026-08-21T17:00:00Z,IK Sirius vs BK Hacken,matchbook,OU35,OVER,2.0
2026-08-19T10:40:10Z,Sweden Allsvenskan,2026-08-21,2026-08-21T17:00:00Z,IK Sirius vs BK Hacken,matchbook,OU35,UNDER,1.79
2026-08-19T10:40:10Z,Japan J-League,2026-08-21,2026-08-21T10:00:00Z,Kashiwa Reysol vs V-Varen Nagasaki,coolbet,OU25,OVER,1.82
2026-08-19T10:40:10Z,Japan J-League,2026-08-21,2026-08-21T10:00:00Z,Kashiwa Reysol vs V-Varen Nagasaki,tipico_de,OU25,OVER,1.72
2026-08-19T10:40:10Z,Japan J-League,2026-08-21,2026-08-21T10:00:00Z,Kashiwa Reysol vs V-Varen Nagasaki,coolbet,OU25,UNDER,2.0
2026-08-19T10:40:10Z,Japan J-League,2026-08-21,2026-08-21T10:00:00Z,Kashiwa Reysol vs V-Varen Nagasaki,tipico_de,OU25,UNDER,1.97
2026-08-19T10:40:10Z,Serie B,2026-08-21,2026-08-21T18:30:00Z,Vicenza vs US Catanzaro 1929,betsson,OU25,OVER,2.08
2026-08-19T10:40:10Z,Serie B,2026-08-21,2026-08-21T18:30:00Z,Vicenza vs US Catanzaro 1929,coolbet,OU25,OVER,2.07
2026-08-19T10:40:10Z,Serie B,2026-08-21,2026-08-21T18:30:00Z,Vicenza vs US Catanzaro 1929,leovegas_se,OU25,OVER,2.08
2026-08-19T10:40:10Z,Serie B,2026-08-21,2026-08-21T18:30:00Z,Vicenza vs US Catanzaro 1929,matchbook,OU25,OVER,1.98
2026-08-19T10:40:10Z,Serie B,2026-08-21,2026-08-21T18:30:00Z,Vicenza vs US Catanzaro 1929,nordicbet,OU25,OVER,2.08
2026-08-19T10:40:10Z,Serie B,2026-08-21,2026-08-21T18:30:00Z,Vicenza vs US Catanzaro 1929,pmu_fr,OU25,OVER,2.02
2026-08-19T10:40:10Z,Serie B,2026-08-21,2026-08-21T18:30:00Z,Vicenza vs US Catanzaro 1929,unibet_nl,OU25,OVER,2.08
2026-08-19T10:40:10Z,Serie B,2026-08-21,2026-08-21T18:30:00Z,Vicenza vs US Catanzaro 1929,unibet_se,OU25,OVER,2.08
2026-08-19T10:40:10Z,Serie B,2026-08-21,2026-08-21T18:30:00Z,Vicenza vs US Catanzaro 1929,williamhill,OU25,OVER,2.1
2026-08-19T10:40:10Z,Serie B,2026-08-21,2026-08-21T18:30:00Z,Vicenza vs US Catanzaro 1929,betsson,OU25,UNDER,1.68
2026-08-19T10:40:10Z,Serie B,2026-08-21,2026-08-21T18:30:00Z,Vicenza vs US Catanzaro 1929,coolbet,OU25,UNDER,1.73
2026-08-19T10:40:10Z,Serie B,2026-08-21,2026-08-21T18:30:00Z,Vicenza vs US Catanzaro 1929,leovegas_se,OU25,UNDER,1.63
2026-08-19T10:40:10Z,Serie B,2026-08-21,2026-08-21T18:30:00Z,Vicenza vs US Catanzaro 1929,matchbook,OU25,UNDER,1.68
2026-08-19T10:40:10Z,Serie B,2026-08-21,2026-08-21T18:30:00Z,Vicenza vs US Catanzaro 1929,nordicbet,OU25,UNDER,1.68
2026-08-19T10:40:10Z,Serie B,2026-08-21,2026-08-21T18:30:00Z,Vicenza vs US Catanzaro 1929,pmu_fr,OU25,UNDER,1.56
2026-08-19T10:40:10Z,Serie B,2026-08-21,2026-08-21T18:30:00Z,Vicenza vs US Catanzaro 1929,unibet_nl,OU25,UNDER,1.63
2026-08-19T10:40:10Z,Serie B,2026-08-21,2026-08-21T18:30:00Z,Vicenza vs US Catanzaro 1929,unibet_se,OU25,UNDER,1.63
2026-08-19T10:40:10Z,Serie B,2026-08-21,2026-08-21T18:30:00Z,Vicenza vs US Catanzaro 1929,williamhill,OU25,UNDER,1.67
2026-08-19T10:40:10Z,China Super League,2026-08-22,2026-08-22T12:00:00Z,Beijing FC vs Yunnan Yukun,betsson,OU25,UNDER,3.5
2026-08-19T10:40:10Z,China Super League,2026-08-22,2026-08-22T12:00:00Z,Beijing FC vs Yunnan Yukun,nordicbet,OU25,UNDER,3.5
2026-08-19T10:40:10Z,League Two,2026-08-22,2026-08-22T14:00:00Z,Exeter City vs Accrington Stanley,betonlineag,OU25,OVER,1.96
2026-08-19T10:40:10Z,League Two,2026-08-22,2026-08-22T14:00:00Z,Exeter City vs Accrington Stanley,betonlineag,OU25,UNDER,1.86
2026-08-19T10:40:10Z,Japan J-League,2026-08-22,2026-08-22T09:30:00Z,Fagiano Okayama vs Tokyo Verdy,onexbet,OU25,OVER,2.5
2026-08-19T10:40:10Z,Japan J-League,2026-08-22,2026-08-22T09:30:00Z,Fagiano Okayama vs Tokyo Verdy,onexbet,OU25,UNDER,1.55
2026-08-19T10:40:10Z,League Two,2026-08-22,2026-08-22T14:00:00Z,Fleetwood Town vs Gillingham,tipico_de,OU25,OVER,1.87
2026-08-19T10:40:10Z,League Two,2026-08-22,2026-08-22T14:00:00Z,Fleetwood Town vs Gillingham,tipico_de,OU25,UNDER,1.83
2026-08-19T10:40:10Z,Brazil Serie A,2026-08-22,2026-08-22T21:30:00Z,Internacional vs Atletico Mineiro,onexbet,OU25,OVER,2.0
2026-08-19T10:40:10Z,Brazil Serie A,2026-08-22,2026-08-22T21:30:00Z,Internacional vs Atletico Mineiro,onexbet,OU25,UNDER,1.84
2026-08-19T10:40:10Z,Japan J-League,2026-08-22,2026-08-22T10:00:00Z,Nagoya Grampus vs Gamba Osaka,onexbet,OU25,OVER,1.86
2026-08-19T10:40:10Z,Japan J-League,2026-08-22,2026-08-22T10:00:00Z,Nagoya Grampus vs Gamba Osaka,onexbet,OU25,UNDER,1.96
2026-08-19T10:40:10Z,League One,2026-08-22,2026-08-22T14:00:00Z,Peterborough United vs Mansfield Town,onexbet,OU25,OVER,1.64
2026-08-19T10:40:10Z,League One,2026-08-22,2026-08-22T14:00:00Z,Peterborough United vs Mansfield Town,onexbet,OU25,UNDER,2.21
2026-08-19T10:40:10Z,Mexico Liga MX,2026-08-22,2026-08-22T03:10:00Z,Querétaro vs Toluca,onexbet,OU25,OVER,1.58
2026-08-19T10:40:10Z,Mexico Liga MX,2026-08-22,2026-08-22T03:10:00Z,Querétaro vs Toluca,onexbet,OU25,UNDER,2.31
2026-08-19T10:40:10Z,Serie B,2026-08-22,2026-08-22T17:00:00Z,Südtirol vs Virtus Entella,onexbet,OU25,OVER,2.4
2026-08-19T10:40:10Z,Serie B,2026-08-22,2026-08-22T17:00:00Z,Südtirol vs Virtus Entella,onexbet,OU25,UNDER,1.55
2026-08-19T10:40:10Z,League Two,2026-08-22,2026-08-22T11:30:00Z,Walsall vs Grimsby Town,coolbet,OU25,OVER,2.06
2026-08-19T10:40:10Z,League Two,2026-08-22,2026-08-22T11:30:00Z,Walsall vs Grimsby Town,coolbet,OU25,UNDER,1.71
2026-08-19T10:40:10Z,League One,2026-08-22,2026-08-22T14:00:00Z,Wimbledon vs Reading,tipico_de,OU25,OVER,1.93
2026-08-19T10:40:10Z,Japan J-League,2026-08-22,2026-08-22T10:30:00Z,Yokohama F Marinos vs Vissel Kobe,onexbet,OU25,OVER,2.08
2026-08-19T10:40:10Z,Japan J-League,2026-08-22,2026-08-22T10:30:00Z,Yokohama F Marinos vs Vissel Kobe,onexbet,OU25,UNDER,1.76
2026-08-19T10:40:10Z,Denmark Superliga,2026-08-23,2026-08-23T12:00:00Z,AGF Aarhus vs OB Odense BK,onexbet,OU25,OVER,1.56
2026-08-19T10:40:10Z,Denmark Superliga,2026-08-23,2026-08-23T12:00:00Z,AGF Aarhus vs OB Odense BK,onexbet,OU25,UNDER,2.17
2026-08-19T10:40:10Z,Serie B,2026-08-23,2026-08-23T19:00:00Z,Cesena FC vs Sampdoria,pmu_fr,OU25,OVER,1.93
2026-08-19T10:40:10Z,Serie B,2026-08-23,2026-08-23T19:00:00Z,Cesena FC vs Sampdoria,leovegas_se,OU25,UNDER,1.68
2026-08-19T10:40:10Z,Serie B,2026-08-23,2026-08-23T19:00:00Z,Cesena FC vs Sampdoria,pmu_fr,OU25,UNDER,1.62
2026-08-19T10:40:10Z,Serie B,2026-08-23,2026-08-23T19:00:00Z,Cesena FC vs Sampdoria,unibet_nl,OU25,UNDER,1.68
2026-08-19T10:40:10Z,Serie B,2026-08-23,2026-08-23T19:00:00Z,Cesena FC vs Sampdoria,unibet_se,OU25,UNDER,1.68
2026-08-19T10:40:10Z,Brazil Serie A,2026-08-23,2026-08-23T21:30:00Z,Chapecoense vs Sao Paulo,leovegas_se,OU25,OVER,1.92
2026-08-19T10:40:10Z,Brazil Serie A,2026-08-23,2026-08-23T21:30:00Z,Chapecoense vs Sao Paulo,unibet_nl,OU25,OVER,1.96
2026-08-19T10:40:10Z,Brazil Serie A,2026-08-23,2026-08-23T21:30:00Z,Chapecoense vs Sao Paulo,unibet_se,OU25,OVER,1.96
2026-08-19T10:40:10Z,Brazil Serie A,2026-08-23,2026-08-23T21:30:00Z,Chapecoense vs Sao Paulo,leovegas_se,OU25,UNDER,1.76
2026-08-19T10:40:10Z,Brazil Serie A,2026-08-23,2026-08-23T21:30:00Z,Chapecoense vs Sao Paulo,pmu_fr,OU25,UNDER,1.68
2026-08-19T10:40:10Z,Brazil Serie A,2026-08-23,2026-08-23T21:30:00Z,Chapecoense vs Sao Paulo,unibet_nl,OU25,UNDER,1.8
2026-08-19T10:40:10Z,Brazil Serie A,2026-08-23,2026-08-23T21:30:00Z,Chapecoense vs Sao Paulo,unibet_se,OU25,UNDER,1.8
2026-08-19T10:40:10Z,Serie B,2026-08-23,2026-08-23T17:00:00Z,Hellas Verona vs Ascoli,leovegas_se,OU25,OVER,1.85
2026-08-19T10:40:10Z,Serie B,2026-08-23,2026-08-23T17:00:00Z,Hellas Verona vs Ascoli,onexbet,OU25,OVER,1.86
2026-08-19T10:40:10Z,Serie B,2026-08-23,2026-08-23T17:00:00Z,Hellas Verona vs Ascoli,pmu_fr,OU25,OVER,1.78
2026-08-19T10:40:10Z,Serie B,2026-08-23,2026-08-23T17:00:00Z,Hellas Verona vs Ascoli,unibet_nl,OU25,OVER,1.85
2026-08-19T10:40:10Z,Serie B,2026-08-23,2026-08-23T17:00:00Z,Hellas Verona vs Ascoli,unibet_se,OU25,OVER,1.85
2026-08-19T10:40:10Z,Serie B,2026-08-23,2026-08-23T17:00:00Z,Hellas Verona vs Ascoli,leovegas_se,OU25,UNDER,1.81
2026-08-19T10:40:10Z,Serie B,2026-08-23,2026-08-23T17:00:00Z,Hellas Verona vs Ascoli,onexbet,OU25,UNDER,1.91
2026-08-19T10:40:10Z,Serie B,2026-08-23,2026-08-23T17:00:00Z,Hellas Verona vs Ascoli,pmu_fr,OU25,UNDER,1.74
2026-08-19T10:40:10Z,Serie B,2026-08-23,2026-08-23T17:00:00Z,Hellas Verona vs Ascoli,unibet_nl,OU25,UNDER,1.81
2026-08-19T10:40:10Z,Serie B,2026-08-23,2026-08-23T17:00:00Z,Hellas Verona vs Ascoli,unibet_se,OU25,UNDER,1.81
2026-08-19T10:40:10Z,Serie B,2026-08-23,2026-08-23T19:00:00Z,Palermo vs Juve Stabia,leovegas_se,OU25,OVER,1.95
2026-08-19T10:40:10Z,Serie B,2026-08-23,2026-08-23T19:00:00Z,Palermo vs Juve Stabia,pmu_fr,OU25,OVER,1.88
2026-08-19T10:40:10Z,Serie B,2026-08-23,2026-08-23T19:00:00Z,Palermo vs Juve Stabia,unibet_nl,OU25,OVER,1.95
2026-08-19T10:40:10Z,Serie B,2026-08-23,2026-08-23T19:00:00Z,Palermo vs Juve Stabia,unibet_se,OU25,OVER,1.95
2026-08-19T10:40:10Z,Serie B,2026-08-23,2026-08-23T19:00:00Z,Palermo vs Juve Stabia,leovegas_se,OU25,UNDER,1.73
2026-08-19T10:40:10Z,Serie B,2026-08-23,2026-08-23T19:00:00Z,Palermo vs Juve Stabia,pmu_fr,OU25,UNDER,1.65
2026-08-19T10:40:10Z,Serie B,2026-08-23,2026-08-23T19:00:00Z,Palermo vs Juve Stabia,unibet_nl,OU25,UNDER,1.73
2026-08-19T10:40:10Z,Serie B,2026-08-23,2026-08-23T19:00:00Z,Palermo vs Juve Stabia,unibet_se,OU25,UNDER,1.73
2026-08-19T10:40:10Z,Serie B,2026-08-23,2026-08-23T17:00:00Z,Pisa vs Padova,pmu_fr,OU25,OVER,1.97
2026-08-19T10:40:10Z,Serie B,2026-08-23,2026-08-23T17:00:00Z,Pisa vs Padova,leovegas_se,OU25,UNDER,1.65
2026-08-19T10:40:10Z,Serie B,2026-08-23,2026-08-23T17:00:00Z,Pisa vs Padova,pmu_fr,OU25,UNDER,1.57
2026-08-19T10:40:10Z,Serie B,2026-08-23,2026-08-23T17:00:00Z,Pisa vs Padova,unibet_nl,OU25,UNDER,1.65
2026-08-19T10:40:10Z,Serie B,2026-08-23,2026-08-23T17:00:00Z,Pisa vs Padova,unibet_se,OU25,UNDER,1.65
2026-08-19T10:40:10Z,USA MLS,2026-08-23,2026-08-23T01:30:00Z,Vancouver Whitecaps FC vs FC Dallas,onexbet,OU35,OVER,2.19
2026-08-19T11:04:46Z,USA MLS,2026-08-19,2026-08-19T23:30:00Z,Columbus Crew SC vs CF Montreal,matchbook,OU25,UNDER,2.52
2026-08-19T11:04:46Z,USA MLS,2026-08-19,2026-08-19T23:30:00Z,D.C. United vs New England Revolution,onexbet,OU25,OVER,1.76
2026-08-19T11:04:46Z,USA MLS,2026-08-19,2026-08-19T23:30:00Z,D.C. United vs New England Revolution,williamhill,OU25,OVER,1.7
2026-08-19T11:04:46Z,USA MLS,2026-08-19,2026-08-19T23:30:00Z,D.C. United vs New England Revolution,williamhill,OU25,UNDER,2.05
2026-08-19T11:04:46Z,USA MLS,2026-08-19,2026-08-19T23:30:00Z,FC Cincinnati vs New York City FC,betsson,OU25,OVER,1.43
2026-08-19T11:04:46Z,USA MLS,2026-08-19,2026-08-19T23:30:00Z,FC Cincinnati vs New York City FC,nordicbet,OU25,OVER,1.43
2026-08-19T11:04:46Z,USA MLS,2026-08-19,2026-08-19T23:30:00Z,FC Cincinnati vs New York City FC,onexbet,OU35,OVER,2.12
2026-08-19T11:04:46Z,USA MLS,2026-08-19,2026-08-19T23:30:00Z,FC Cincinnati vs New York City FC,tipico_de,OU35,OVER,1.97
2026-08-19T11:04:46Z,USA MLS,2026-08-19,2026-08-19T23:30:00Z,FC Cincinnati vs New York City FC,matchbook,OU35,UNDER,1.81
2026-08-19T11:04:46Z,USA MLS,2026-08-19,2026-08-19T23:30:00Z,FC Cincinnati vs New York City FC,onexbet,OU35,UNDER,1.79
2026-08-19T11:04:46Z,USA MLS,2026-08-19,2026-08-19T23:30:00Z,FC Cincinnati vs New York City FC,tipico_de,OU35,UNDER,1.72
2026-08-19T11:04:46Z,USA MLS,2026-08-19,2026-08-19T23:30:00Z,New York Red Bulls vs Nashville SC,betsson,OU25,OVER,1.52
2026-08-19T11:04:46Z,USA MLS,2026-08-19,2026-08-19T23:30:00Z,New York Red Bulls vs Nashville SC,nordicbet,OU25,OVER,1.52
2026-08-19T11:04:46Z,USA MLS,2026-08-19,2026-08-19T23:30:00Z,New York Red Bulls vs Nashville SC,betsson,OU25,UNDER,2.48
2026-08-19T11:04:46Z,USA MLS,2026-08-19,2026-08-19T23:30:00Z,New York Red Bulls vs Nashville SC,nordicbet,OU25,UNDER,2.48
2026-08-19T11:04:46Z,USA MLS,2026-08-19,2026-08-19T23:30:00Z,New York Red Bulls vs Nashville SC,matchbook,OU35,OVER,2.46
2026-08-19T11:04:46Z,USA MLS,2026-08-19,2026-08-19T23:30:00Z,New York Red Bulls vs Nashville SC,tipico_de,OU35,OVER,2.25
2026-08-19T11:04:46Z,USA MLS,2026-08-19,2026-08-19T23:30:00Z,New York Red Bulls vs Nashville SC,matchbook,OU35,UNDER,1.66
2026-08-19T11:04:46Z,USA MLS,2026-08-19,2026-08-19T23:30:00Z,New York Red Bulls vs Nashville SC,tipico_de,OU35,UNDER,1.55
2026-08-19T11:04:46Z,USA MLS,2026-08-19,2026-08-19T23:30:00Z,Orlando City SC vs Chicago Fire,mybookieag,OU35,UNDER,1.84
2026-08-19T11:04:46Z,USA MLS,2026-08-19,2026-08-19T23:30:00Z,Philadelphia Union vs Inter Miami CF,matchbook,OU35,OVER,1.95
2026-08-19T11:04:46Z,USA MLS,2026-08-19,2026-08-19T23:30:00Z,Philadelphia Union vs Inter Miami CF,pinnacle,OU35,OVER,1.93
2026-08-19T11:04:46Z,USA MLS,2026-08-19,2026-08-19T23:30:00Z,Philadelphia Union vs Inter Miami CF,matchbook,OU35,UNDER,2.0
2026-08-19T11:04:46Z,USA MLS,2026-08-19,2026-08-19T23:30:00Z,Philadelphia Union vs Inter Miami CF,pinnacle,OU35,UNDER,1.94
2026-08-19T11:04:46Z,China Super League,2026-08-19,2026-08-19T11:35:00Z,Shanghai SIPG FC vs Dalian Yingbo,williamhill,OU25,UNDER,2.8
2026-08-19T11:04:46Z,China Super League,2026-08-19,2026-08-19T11:35:00Z,Shanghai SIPG FC vs Dalian Yingbo,matchbook,OU35,OVER,2.2
2026-08-19T11:04:46Z,China Super League,2026-08-19,2026-08-19T11:35:00Z,Shanghai SIPG FC vs Dalian Yingbo,matchbook,OU35,UNDER,1.83
2026-08-19T11:04:46Z,USA MLS,2026-08-19,2026-08-19T23:30:00Z,Toronto FC vs Charlotte FC,matchbook,OU25,UNDER,2.38
2026-08-19T11:04:46Z,USA MLS,2026-08-20,2026-08-20T01:30:00Z,Colorado Rapids vs Los Angeles FC,matchbook,OU25,UNDER,2.24
2026-08-19T11:04:46Z,USA MLS,2026-08-20,2026-08-20T00:30:00Z,Minnesota United FC vs Atlanta United FC,matchbook,OU25,OVER,1.71
2026-08-19T11:04:46Z,USA MLS,2026-08-20,2026-08-20T02:30:00Z,Portland Timbers vs San Diego FC,matchbook,OU35,OVER,1.97
2026-08-19T11:04:46Z,USA MLS,2026-08-20,2026-08-20T02:30:00Z,Portland Timbers vs San Diego FC,matchbook,OU35,UNDER,1.99
2026-08-19T11:04:46Z,USA MLS,2026-08-20,2026-08-20T01:30:00Z,Real Salt Lake vs FC Dallas,tipico_de,OU35,OVER,2.25
2026-08-19T11:04:46Z,USA MLS,2026-08-20,2026-08-20T01:30:00Z,Real Salt Lake vs FC Dallas,tipico_de,OU35,UNDER,1.55
2026-08-19T11:04:46Z,La Liga 2,2026-08-21,2026-08-21T19:00:00Z,Córdoba vs Girona FC,codere_it,OU25,OVER,1.78
2026-08-19T11:04:46Z,La Liga 2,2026-08-21,2026-08-21T19:00:00Z,Córdoba vs Girona FC,coolbet,OU25,OVER,1.85
2026-08-19T11:04:46Z,La Liga 2,2026-08-21,2026-08-21T19:00:00Z,Córdoba vs Girona FC,tipico_de,OU25,OVER,1.75
2026-08-19T11:04:46Z,La Liga 2,2026-08-21,2026-08-21T19:00:00Z,Córdoba vs Girona FC,codere_it,OU25,UNDER,1.86
2026-08-19T11:04:46Z,La Liga 2,2026-08-21,2026-08-21T19:00:00Z,Córdoba vs Girona FC,coolbet,OU25,UNDER,1.93
2026-08-19T11:04:46Z,La Liga 2,2026-08-21,2026-08-21T19:00:00Z,Córdoba vs Girona FC,nordicbet,OU25,UNDER,1.88
2026-08-19T11:04:46Z,Ireland Premier Division,2026-08-21,2026-08-21T18:45:00Z,Drogheda United vs St Patricks Athletic,coolbet,OU25,OVER,1.91
2026-08-19T11:04:46Z,Ireland Premier Division,2026-08-21,2026-08-21T18:45:00Z,Drogheda United vs St Patricks Athletic,coolbet,OU25,UNDER,1.91
2026-08-19T11:04:46Z,La Liga 2,2026-08-22,2026-08-22T17:00:00Z,AD Ceuta FC vs Las Palmas,betanysports,OU25,OVER,2.05
2026-08-19T11:04:46Z,La Liga 2,2026-08-22,2026-08-22T17:00:00Z,AD Ceuta FC vs Las Palmas,betonlineag,OU25,OVER,2.15
2026-08-19T11:04:46Z,La Liga 2,2026-08-22,2026-08-22T17:00:00Z,AD Ceuta FC vs Las Palmas,betanysports,OU25,UNDER,1.74
2026-08-19T11:04:46Z,La Liga 2,2026-08-22,2026-08-22T17:00:00Z,AD Ceuta FC vs Las Palmas,betonlineag,OU25,UNDER,1.74
2026-08-19T11:04:46Z,Japan J-League,2026-08-22,2026-08-22T10:00:00Z,Cerezo Osaka vs Shimizu S Pulse,leovegas_se,OU25,OVER,1.73
2026-08-19T11:04:46Z,Japan J-League,2026-08-22,2026-08-22T10:00:00Z,Cerezo Osaka vs Shimizu S Pulse,pmu_fr,OU25,OVER,1.66
2026-08-19T11:04:46Z,Japan J-League,2026-08-22,2026-08-22T10:00:00Z,Cerezo Osaka vs Shimizu S Pulse,unibet_nl,OU25,OVER,1.73
2026-08-19T11:04:46Z,Japan J-League,2026-08-22,2026-08-22T10:00:00Z,Cerezo Osaka vs Shimizu S Pulse,unibet_se,OU25,OVER,1.73
2026-08-19T11:04:46Z,Japan J-League,2026-08-22,2026-08-22T10:00:00Z,Cerezo Osaka vs Shimizu S Pulse,leovegas_se,OU25,UNDER,1.94
2026-08-19T11:04:46Z,Japan J-League,2026-08-22,2026-08-22T10:00:00Z,Cerezo Osaka vs Shimizu S Pulse,pmu_fr,OU25,UNDER,1.87
2026-08-19T11:04:46Z,Japan J-League,2026-08-22,2026-08-22T10:00:00Z,Cerezo Osaka vs Shimizu S Pulse,unibet_nl,OU25,UNDER,1.94
2026-08-19T11:04:46Z,Japan J-League,2026-08-22,2026-08-22T10:00:00Z,Cerezo Osaka vs Shimizu S Pulse,unibet_se,OU25,UNDER,1.94
2026-08-19T11:04:46Z,Serie B,2026-08-22,2026-08-22T19:00:00Z,Empoli vs Cremonese,coolbet,OU25,OVER,2.07
2026-08-19T11:04:46Z,Serie B,2026-08-22,2026-08-22T19:00:00Z,Empoli vs Cremonese,coolbet,OU25,UNDER,1.73
2026-08-19T11:04:46Z,Japan J-League,2026-08-22,2026-08-22T09:30:00Z,Fagiano Okayama vs Tokyo Verdy,leovegas_se,OU15,OVER,1.54
2026-08-19T11:04:46Z,Japan J-League,2026-08-22,2026-08-22T09:30:00Z,Fagiano Okayama vs Tokyo Verdy,pmu_fr,OU15,OVER,1.47
2026-08-19T11:04:46Z,Japan J-League,2026-08-22,2026-08-22T09:30:00Z,Fagiano Okayama vs Tokyo Verdy,unibet_nl,OU15,OVER,1.54
2026-08-19T11:04:46Z,Japan J-League,2026-08-22,2026-08-22T09:30:00Z,Fagiano Okayama vs Tokyo Verdy,unibet_se,OU15,OVER,1.54
2026-08-19T11:04:46Z,Japan J-League,2026-08-22,2026-08-22T09:30:00Z,Fagiano Okayama vs Tokyo Verdy,leovegas_se,OU15,UNDER,2.28
2026-08-19T11:04:46Z,Japan J-League,2026-08-22,2026-08-22T09:30:00Z,Fagiano Okayama vs Tokyo Verdy,pmu_fr,OU15,UNDER,2.18
2026-08-19T11:04:46Z,Japan J-League,2026-08-22,2026-08-22T09:30:00Z,Fagiano Okayama vs Tokyo Verdy,unibet_nl,OU15,UNDER,2.28
2026-08-19T11:04:46Z,Japan J-League,2026-08-22,2026-08-22T09:30:00Z,Fagiano Okayama vs Tokyo Verdy,unibet_se,OU15,UNDER,2.28
2026-08-19T11:04:46Z,Japan J-League,2026-08-22,2026-08-22T10:15:00Z,Hiroshima Sanfrecce FC vs Kawasaki Frontale,leovegas_se,OU25,OVER,1.61
2026-08-19T11:04:46Z,Japan J-League,2026-08-22,2026-08-22T10:15:00Z,Hiroshima Sanfrecce FC vs Kawasaki Frontale,pmu_fr,OU25,OVER,1.54
2026-08-19T11:04:46Z,Japan J-League,2026-08-22,2026-08-22T10:15:00Z,Hiroshima Sanfrecce FC vs Kawasaki Frontale,unibet_nl,OU25,OVER,1.61
2026-08-19T11:04:46Z,Japan J-League,2026-08-22,2026-08-22T10:15:00Z,Hiroshima Sanfrecce FC vs Kawasaki Frontale,unibet_se,OU25,OVER,1.61
2026-08-19T11:04:46Z,Japan J-League,2026-08-22,2026-08-22T10:15:00Z,Hiroshima Sanfrecce FC vs Kawasaki Frontale,leovegas_se,OU25,UNDER,2.14
2026-08-19T11:04:46Z,Japan J-League,2026-08-22,2026-08-22T10:15:00Z,Hiroshima Sanfrecce FC vs Kawasaki Frontale,pmu_fr,OU25,UNDER,2.06
2026-08-19T11:04:46Z,Japan J-League,2026-08-22,2026-08-22T10:15:00Z,Hiroshima Sanfrecce FC vs Kawasaki Frontale,unibet_nl,OU25,UNDER,2.14
2026-08-19T11:04:46Z,Japan J-League,2026-08-22,2026-08-22T10:15:00Z,Hiroshima Sanfrecce FC vs Kawasaki Frontale,unibet_se,OU25,UNDER,2.14
2026-08-19T11:04:46Z,Finland Veikkausliiga,2026-08-22,2026-08-22T14:00:00Z,Jaro vs AC Oulu,betonlineag,OU25,OVER,1.77
2026-08-19T11:04:46Z,Finland Veikkausliiga,2026-08-22,2026-08-22T14:00:00Z,Jaro vs AC Oulu,betonlineag,OU25,UNDER,2.1
2026-08-19T11:04:46Z,Japan J-League,2026-08-22,2026-08-22T10:00:00Z,Kyoto Purple Sanga vs Mito HollyHock,leovegas_se,OU25,OVER,2.08
2026-08-19T11:04:46Z,Japan J-League,2026-08-22,2026-08-22T10:00:00Z,Kyoto Purple Sanga vs Mito HollyHock,pmu_fr,OU25,OVER,2.0
2026-08-19T11:04:46Z,Japan J-League,2026-08-22,2026-08-22T10:00:00Z,Kyoto Purple Sanga vs Mito HollyHock,unibet_nl,OU25,OVER,2.08
2026-08-19T11:04:46Z,Japan J-League,2026-08-22,2026-08-22T10:00:00Z,Kyoto Purple Sanga vs Mito HollyHock,unibet_se,OU25,OVER,2.08
2026-08-19T11:04:46Z,Japan J-League,2026-08-22,2026-08-22T10:00:00Z,Kyoto Purple Sanga vs Mito HollyHock,leovegas_se,OU25,UNDER,1.64
2026-08-19T11:04:46Z,Japan J-League,2026-08-22,2026-08-22T10:00:00Z,Kyoto Purple Sanga vs Mito HollyHock,pmu_fr,OU25,UNDER,1.56
2026-08-19T11:04:46Z,Japan J-League,2026-08-22,2026-08-22T10:00:00Z,Kyoto Purple Sanga vs Mito HollyHock,unibet_nl,OU25,UNDER,1.64
2026-08-19T11:04:46Z,Japan J-League,2026-08-22,2026-08-22T10:00:00Z,Kyoto Purple Sanga vs Mito HollyHock,unibet_se,OU25,UNDER,1.64
2026-08-19T11:04:46Z,Championship,2026-08-22,2026-08-22T11:30:00Z,Millwall vs Norwich City,matchbook,OU25,OVER,1.79
2026-08-19T11:04:46Z,Japan J-League,2026-08-22,2026-08-22T10:00:00Z,Nagoya Grampus vs Gamba Osaka,leovegas_se,OU25,OVER,1.83
2026-08-19T11:04:46Z,Japan J-League,2026-08-22,2026-08-22T10:00:00Z,Nagoya Grampus vs Gamba Osaka,pmu_fr,OU25,OVER,1.76
2026-08-19T11:04:46Z,Japan J-League,2026-08-22,2026-08-22T10:00:00Z,Nagoya Grampus vs Gamba Osaka,unibet_nl,OU25,OVER,1.83
2026-08-19T11:04:46Z,Japan J-League,2026-08-22,2026-08-22T10:00:00Z,Nagoya Grampus vs Gamba Osaka,unibet_se,OU25,OVER,1.83
2026-08-19T11:04:46Z,Japan J-League,2026-08-22,2026-08-22T10:00:00Z,Nagoya Grampus vs Gamba Osaka,leovegas_se,OU25,UNDER,1.83
2026-08-19T11:04:46Z,Japan J-League,2026-08-22,2026-08-22T10:00:00Z,Nagoya Grampus vs Gamba Osaka,pinnacle,OU25,UNDER,1.97
2026-08-19T11:04:46Z,Japan J-League,2026-08-22,2026-08-22T10:00:00Z,Nagoya Grampus vs Gamba Osaka,pmu_fr,OU25,UNDER,1.77
2026-08-19T11:04:46Z,Japan J-League,2026-08-22,2026-08-22T10:00:00Z,Nagoya Grampus vs Gamba Osaka,unibet_nl,OU25,UNDER,1.83
2026-08-19T11:04:46Z,Japan J-League,2026-08-22,2026-08-22T10:00:00Z,Nagoya Grampus vs Gamba Osaka,unibet_se,OU25,UNDER,1.83
2026-08-19T11:04:46Z,Championship,2026-08-22,2026-08-22T14:00:00Z,Wrexham AFC vs Watford,onexbet,OU25,OVER,1.86
2026-08-19T11:04:46Z,Championship,2026-08-22,2026-08-22T14:00:00Z,Wrexham AFC vs Watford,onexbet,OU25,UNDER,1.91
2026-08-19T11:04:46Z,Japan J-League,2026-08-22,2026-08-22T10:30:00Z,Yokohama F Marinos vs Vissel Kobe,leovegas_se,OU25,OVER,2.02
2026-08-19T11:04:46Z,Japan J-League,2026-08-22,2026-08-22T10:30:00Z,Yokohama F Marinos vs Vissel Kobe,onexbet,OU25,OVER,2.1
2026-08-19T11:04:46Z,Japan J-League,2026-08-22,2026-08-22T10:30:00Z,Yokohama F Marinos vs Vissel Kobe,pmu_fr,OU25,OVER,1.95
2026-08-19T11:04:46Z,Japan J-League,2026-08-22,2026-08-22T10:30:00Z,Yokohama F Marinos vs Vissel Kobe,unibet_nl,OU25,OVER,2.02
2026-08-19T11:04:46Z,Japan J-League,2026-08-22,2026-08-22T10:30:00Z,Yokohama F Marinos vs Vissel Kobe,unibet_se,OU25,OVER,2.02
2026-08-19T11:04:46Z,Japan J-League,2026-08-22,2026-08-22T10:30:00Z,Yokohama F Marinos vs Vissel Kobe,leovegas_se,OU25,UNDER,1.67
2026-08-19T11:04:46Z,Japan J-League,2026-08-22,2026-08-22T10:30:00Z,Yokohama F Marinos vs Vissel Kobe,onexbet,OU25,UNDER,1.75
2026-08-19T11:04:46Z,Japan J-League,2026-08-22,2026-08-22T10:30:00Z,Yokohama F Marinos vs Vissel Kobe,pmu_fr,OU25,UNDER,1.6
2026-08-19T11:04:46Z,Japan J-League,2026-08-22,2026-08-22T10:30:00Z,Yokohama F Marinos vs Vissel Kobe,unibet_nl,OU25,UNDER,1.67
2026-08-19T11:04:46Z,Japan J-League,2026-08-22,2026-08-22T10:30:00Z,Yokohama F Marinos vs Vissel Kobe,unibet_se,OU25,UNDER,1.67
2026-08-19T11:04:46Z,China Super League,2026-08-23,2026-08-23T12:00:00Z,Chongqing Tonglianglong FC vs Dalian Yingbo,onexbet,OU25,OVER,1.96
2026-08-19T11:04:46Z,China Super League,2026-08-23,2026-08-23T12:00:00Z,Chongqing Tonglianglong FC vs Dalian Yingbo,pinnacle,OU25,OVER,1.97
2026-08-19T11:04:46Z,China Super League,2026-08-23,2026-08-23T12:00:00Z,Chongqing Tonglianglong FC vs Dalian Yingbo,onexbet,OU25,UNDER,1.87
2026-08-19T11:04:46Z,China Super League,2026-08-23,2026-08-23T12:00:00Z,Chongqing Tonglianglong FC vs Dalian Yingbo,pinnacle,OU25,UNDER,1.85
2026-08-19T11:04:46Z,Japan J-League,2026-08-23,2026-08-23T10:30:00Z,FC Machida Zelvia vs Urawa Red Diamonds,leovegas_se,OU25,OVER,2.07
2026-08-19T11:04:46Z,Japan J-League,2026-08-23,2026-08-23T10:30:00Z,FC Machida Zelvia vs Urawa Red Diamonds,pmu_fr,OU25,OVER,2.0
2026-08-19T11:04:46Z,Japan J-League,2026-08-23,2026-08-23T10:30:00Z,FC Machida Zelvia vs Urawa Red Diamonds,unibet_nl,OU25,OVER,2.07
2026-08-19T11:04:46Z,Japan J-League,2026-08-23,2026-08-23T10:30:00Z,FC Machida Zelvia vs Urawa Red Diamonds,unibet_se,OU25,OVER,2.07
2026-08-19T11:04:46Z,Japan J-League,2026-08-23,2026-08-23T10:30:00Z,FC Machida Zelvia vs Urawa Red Diamonds,leovegas_se,OU25,UNDER,1.64
2026-08-19T11:04:46Z,Japan J-League,2026-08-23,2026-08-23T10:30:00Z,FC Machida Zelvia vs Urawa Red Diamonds,pmu_fr,OU25,UNDER,1.57
2026-08-19T11:04:46Z,Japan J-League,2026-08-23,2026-08-23T10:30:00Z,FC Machida Zelvia vs Urawa Red Diamonds,unibet_nl,OU25,UNDER,1.64
2026-08-19T11:04:46Z,Japan J-League,2026-08-23,2026-08-23T10:30:00Z,FC Machida Zelvia vs Urawa Red Diamonds,unibet_se,OU25,UNDER,1.64
2026-08-19T11:04:46Z,China Super League,2026-08-23,2026-08-23T11:00:00Z,Liaoning Tieren FC vs Henan FC,onexbet,OU25,OVER,1.71
2026-08-19T11:04:46Z,China Super League,2026-08-23,2026-08-23T11:00:00Z,Liaoning Tieren FC vs Henan FC,onexbet,OU25,UNDER,2.16
2026-08-19T11:04:46Z,USA MLS,2026-08-23,2026-08-23T02:30:00Z,Los Angeles FC vs Portland Timbers,onexbet,OU35,OVER,2.03
2026-08-19T11:04:46Z,USA MLS,2026-08-23,2026-08-23T02:30:00Z,Los Angeles FC vs Portland Timbers,onexbet,OU35,UNDER,1.86
2026-08-19T11:04:46Z,Mexico Liga MX,2026-08-23,2026-08-23T01:00:00Z,Puebla vs Santos Laguna,onexbet,OU25,OVER,1.65
2026-08-19T11:04:46Z,Mexico Liga MX,2026-08-23,2026-08-23T01:00:00Z,Puebla vs Santos Laguna,onexbet,OU25,UNDER,2.17
2026-08-19T11:04:46Z,USA MLS,2026-08-23,2026-08-23T01:30:00Z,Vancouver Whitecaps FC vs FC Dallas,onexbet,OU35,OVER,2.2
2026-08-19T11:04:46Z,Argentina Primera Division,2026-08-24,2026-08-24T00:30:00Z,Racing Club vs Boca Juniors,onexbet,OU15,OVER,1.57
2026-08-19T11:04:46Z,Argentina Primera Division,2026-08-24,2026-08-24T00:30:00Z,Racing Club vs Boca Juniors,onexbet,OU15,UNDER,2.4
2026-08-19T11:37:30Z,USA MLS,2026-08-19,2026-08-19T23:30:00Z,Columbus Crew SC vs CF Montreal,matchbook,OU25,OVER,1.64
2026-08-19T11:37:30Z,USA MLS,2026-08-19,2026-08-19T23:30:00Z,D.C. United vs New England Revolution,matchbook,OU25,OVER,1.8
2026-08-19T11:37:30Z,USA MLS,2026-08-19,2026-08-19T23:30:00Z,D.C. United vs New England Revolution,onexbet,OU25,OVER,1.78
2026-08-19T11:37:30Z,USA MLS,2026-08-19,2026-08-19T23:30:00Z,D.C. United vs New England Revolution,onexbet,OU25,UNDER,2.13
2026-08-19T11:37:30Z,USA MLS,2026-08-19,2026-08-19T23:30:00Z,FC Cincinnati vs New York City FC,tipico_de,OU35,OVER,1.95
2026-08-19T11:37:30Z,USA MLS,2026-08-19,2026-08-19T23:30:00Z,FC Cincinnati vs New York City FC,matchbook,OU35,UNDER,1.82
2026-08-19T11:37:30Z,USA MLS,2026-08-19,2026-08-19T23:30:00Z,FC Cincinnati vs New York City FC,tipico_de,OU35,UNDER,1.75
2026-08-19T11:37:30Z,USA MLS,2026-08-19,2026-08-19T23:30:00Z,New York Red Bulls vs Nashville SC,matchbook,OU35,OVER,2.48
2026-08-19T11:37:30Z,USA MLS,2026-08-19,2026-08-19T23:30:00Z,New York Red Bulls vs Nashville SC,matchbook,OU35,UNDER,1.64
2026-08-19T11:37:30Z,USA MLS,2026-08-19,2026-08-19T23:30:00Z,Orlando City SC vs Chicago Fire,onexbet,OU35,OVER,1.98
2026-08-19T11:37:30Z,USA MLS,2026-08-19,2026-08-19T23:30:00Z,Philadelphia Union vs Inter Miami CF,matchbook,OU35,OVER,1.94
2026-08-19T11:37:30Z,USA MLS,2026-08-19,2026-08-19T23:30:00Z,Philadelphia Union vs Inter Miami CF,pmu_fr,OU35,OVER,1.82
2026-08-19T11:37:30Z,USA MLS,2026-08-19,2026-08-19T23:30:00Z,Philadelphia Union vs Inter Miami CF,leovegas_se,OU35,UNDER,1.82
2026-08-19T11:37:30Z,USA MLS,2026-08-19,2026-08-19T23:30:00Z,Philadelphia Union vs Inter Miami CF,unibet_nl,OU35,UNDER,1.82
2026-08-19T11:37:30Z,USA MLS,2026-08-19,2026-08-19T23:30:00Z,Philadelphia Union vs Inter Miami CF,unibet_se,OU35,UNDER,1.82
2026-08-19T11:37:30Z,USA MLS,2026-08-20,2026-08-20T01:30:00Z,Colorado Rapids vs Los Angeles FC,matchbook,OU25,OVER,1.77
2026-08-19T11:37:30Z,USA MLS,2026-08-20,2026-08-20T00:30:00Z,Minnesota United FC vs Atlanta United FC,matchbook,OU25,UNDER,2.36
2026-08-19T11:37:30Z,USA MLS,2026-08-20,2026-08-20T02:30:00Z,Portland Timbers vs San Diego FC,coolbet,OU35,OVER,1.94
2026-08-19T11:37:30Z,USA MLS,2026-08-20,2026-08-20T02:30:00Z,Portland Timbers vs San Diego FC,onexbet,OU35,OVER,1.92
2026-08-19T11:37:30Z,USA MLS,2026-08-20,2026-08-20T02:30:00Z,Portland Timbers vs San Diego FC,coolbet,OU35,UNDER,1.87
2026-08-19T11:37:30Z,USA MLS,2026-08-20,2026-08-20T02:30:00Z,Portland Timbers vs San Diego FC,onexbet,OU35,UNDER,1.96
2026-08-19T11:37:30Z,USA MLS,2026-08-20,2026-08-20T01:30:00Z,Real Salt Lake vs FC Dallas,betsson,OU25,OVER,1.52
2026-08-19T11:37:30Z,USA MLS,2026-08-20,2026-08-20T01:30:00Z,Real Salt Lake vs FC Dallas,nordicbet,OU25,OVER,1.52
2026-08-19T11:37:30Z,USA MLS,2026-08-20,2026-08-20T01:30:00Z,Real Salt Lake vs FC Dallas,betsson,OU25,UNDER,2.48
2026-08-19T11:37:30Z,USA MLS,2026-08-20,2026-08-20T01:30:00Z,Real Salt Lake vs FC Dallas,nordicbet,OU25,UNDER,2.48
2026-08-19T11:37:30Z,USA MLS,2026-08-20,2026-08-20T01:30:00Z,Real Salt Lake vs FC Dallas,tipico_de,OU35,OVER,2.15
2026-08-19T11:37:30Z,USA MLS,2026-08-20,2026-08-20T01:30:00Z,Real Salt Lake vs FC Dallas,tipico_de,OU35,UNDER,1.62
2026-08-19T11:37:30Z,USA MLS,2026-08-20,2026-08-20T02:30:00Z,Vancouver Whitecaps FC vs Houston Dynamo,matchbook,OU25,OVER,1.68
2026-08-19T11:37:30Z,Ireland Premier Division,2026-08-21,2026-08-21T18:45:00Z,Bohemians vs Derry City,onexbet,OU25,OVER,2.04
2026-08-19T11:37:30Z,Ireland Premier Division,2026-08-21,2026-08-21T18:45:00Z,Bohemians vs Derry City,onexbet,OU25,UNDER,1.75
2026-08-19T11:37:30Z,Finland Veikkausliiga,2026-08-21,2026-08-21T16:00:00Z,SJK Seinäjoki vs FC Lahti,onexbet,OU25,OVER,1.66
2026-08-19T11:37:30Z,Finland Veikkausliiga,2026-08-21,2026-08-21T16:00:00Z,SJK Seinäjoki vs FC Lahti,onexbet,OU25,UNDER,2.18
2026-08-19T11:37:30Z,La Liga 2,2026-08-22,2026-08-22T17:00:00Z,AD Ceuta FC vs Las Palmas,coolbet,OU25,OVER,2.06
2026-08-19T11:37:30Z,La Liga 2,2026-08-22,2026-08-22T17:00:00Z,AD Ceuta FC vs Las Palmas,coolbet,OU25,UNDER,1.74
2026-08-19T11:37:30Z,Championship,2026-08-22,2026-08-22T11:30:00Z,Birmingham City vs Bristol City,matchbook,OU25,OVER,1.86
2026-08-19T11:37:30Z,Championship,2026-08-22,2026-08-22T14:00:00Z,Blackburn Rovers vs Middlesbrough,matchbook,OU25,OVER,1.93
2026-08-19T11:37:30Z,USA MLS,2026-08-22,2026-08-22T23:30:00Z,CF Montreal vs LA Galaxy,onexbet,OU25,UNDER,2.31
2026-08-19T11:37:30Z,Japan J-League,2026-08-22,2026-08-22T10:00:00Z,Cerezo Osaka vs Shimizu S Pulse,onexbet,OU25,OVER,1.85
2026-08-19T11:37:30Z,Japan J-League,2026-08-22,2026-08-22T10:00:00Z,Cerezo Osaka vs Shimizu S Pulse,onexbet,OU25,UNDER,1.98
2026-08-19T11:37:30Z,USA MLS,2026-08-22,2026-08-22T23:30:00Z,Charlotte FC vs D.C. United,onexbet,OU25,UNDER,2.24
2026-08-19T11:37:30Z,China Super League,2026-08-22,2026-08-22T11:35:00Z,Chengdu Rongcheng FC vs Shanghai Shenhua FC,betonlineag,OU35,OVER,2.02
2026-08-19T11:37:30Z,China Super League,2026-08-22,2026-08-22T11:35:00Z,Chengdu Rongcheng FC vs Shanghai Shenhua FC,betonlineag,OU35,UNDER,1.82
2026-08-19T11:37:30Z,Championship,2026-08-22,2026-08-22T14:00:00Z,Derby County vs Cardiff City,matchbook,OU25,UNDER,1.75
2026-08-19T11:37:30Z,Serie B,2026-08-22,2026-08-22T19:00:00Z,Empoli vs Cremonese,betonlineag,OU25,OVER,2.15
2026-08-19T11:37:30Z,Serie B,2026-08-22,2026-08-22T19:00:00Z,Empoli vs Cremonese,betonlineag,OU25,UNDER,1.74
2026-08-19T11:37:30Z,Japan J-League,2026-08-22,2026-08-22T09:30:00Z,Fagiano Okayama vs Tokyo Verdy,onexbet,OU25,OVER,2.52
2026-08-19T11:37:30Z,Japan J-League,2026-08-22,2026-08-22T09:30:00Z,Fagiano Okayama vs Tokyo Verdy,onexbet,OU25,UNDER,1.54
2026-08-19T11:37:30Z,Mexico Liga MX,2026-08-22,2026-08-22T23:07:00Z,Guadalajara vs Tijuana,matchbook,OU25,OVER,1.59
2026-08-19T11:37:30Z,Mexico Liga MX,2026-08-22,2026-08-22T23:07:00Z,Guadalajara vs Tijuana,matchbook,OU25,UNDER,2.14
2026-08-19T11:37:30Z,Argentina Primera Division,2026-08-22,2026-08-22T21:30:00Z,Independiente vs Independiente Rivadavia,leovegas_se,OU25,OVER,2.08
2026-08-19T11:37:30Z,Argentina Primera Division,2026-08-22,2026-08-22T21:30:00Z,Independiente vs Independiente Rivadavia,unibet_se,OU25,OVER,2.14
2026-08-19T11:37:30Z,Argentina Primera Division,2026-08-22,2026-08-22T21:30:00Z,Independiente vs Independiente Rivadavia,leovegas_se,OU25,UNDER,1.64
2026-08-19T11:37:30Z,Argentina Primera Division,2026-08-22,2026-08-22T21:30:00Z,Independiente vs Independiente Rivadavia,unibet_se,OU25,UNDER,1.68
2026-08-19T11:37:30Z,Brazil Serie A,2026-08-22,2026-08-22T21:30:00Z,Internacional vs Atletico Mineiro,betsson,OU25,OVER,1.98
2026-08-19T11:37:30Z,Brazil Serie A,2026-08-22,2026-08-22T21:30:00Z,Internacional vs Atletico Mineiro,nordicbet,OU25,OVER,1.98
2026-08-19T11:37:30Z,Brazil Serie A,2026-08-22,2026-08-22T21:30:00Z,Internacional vs Atletico Mineiro,betsson,OU25,UNDER,1.78
2026-08-19T11:37:30Z,Brazil Serie A,2026-08-22,2026-08-22T21:30:00Z,Internacional vs Atletico Mineiro,nordicbet,OU25,UNDER,1.78
2026-08-19T11:37:30Z,Championship,2026-08-22,2026-08-22T11:30:00Z,Lincoln City vs Portsmouth,matchbook,OU25,OVER,1.92
2026-08-19T11:37:30Z,Championship,2026-08-22,2026-08-22T11:30:00Z,Lincoln City vs Portsmouth,matchbook,OU25,UNDER,1.92
2026-08-19T11:37:30Z,Championship,2026-08-22,2026-08-22T11:30:00Z,Millwall vs Norwich City,matchbook,OU25,OVER,1.92
2026-08-19T11:37:30Z,Championship,2026-08-22,2026-08-22T11:30:00Z,Millwall vs Norwich City,matchbook,OU25,UNDER,1.9
2026-08-19T11:37:30Z,Japan J-League,2026-08-22,2026-08-22T10:00:00Z,Nagoya Grampus vs Gamba Osaka,onexbet,OU25,OVER,1.88
2026-08-19T11:37:30Z,Japan J-League,2026-08-22,2026-08-22T10:00:00Z,Nagoya Grampus vs Gamba Osaka,onexbet,OU25,UNDER,1.95
2026-08-19T11:37:30Z,USA MLS,2026-08-22,2026-08-22T23:30:00Z,New York Red Bulls vs Chicago Fire,onexbet,OU35,OVER,2.01
2026-08-19T11:37:30Z,USA MLS,2026-08-22,2026-08-22T23:30:00Z,Orlando City SC vs Real Salt Lake,onexbet,OU35,OVER,2.01
2026-08-19T11:37:30Z,USA MLS,2026-08-22,2026-08-22T23:30:00Z,Orlando City SC vs Real Salt Lake,onexbet,OU35,UNDER,1.87
2026-08-19T11:37:30Z,Mexico Liga MX,2026-08-22,2026-08-22T03:10:00Z,Querétaro vs Toluca,onexbet,OU25,OVER,1.57
2026-08-19T11:37:30Z,Mexico Liga MX,2026-08-22,2026-08-22T03:10:00Z,Querétaro vs Toluca,onexbet,OU25,UNDER,2.33
2026-08-19T11:37:30Z,League Two,2026-08-22,2026-08-22T11:30:00Z,Salford City vs Chesterfield FC,codere_it,OU25,OVER,1.95
2026-08-19T11:37:30Z,League Two,2026-08-22,2026-08-22T11:30:00Z,Salford City vs Chesterfield FC,onexbet,OU25,OVER,2.04
2026-08-19T11:37:30Z,League Two,2026-08-22,2026-08-22T11:30:00Z,Salford City vs Chesterfield FC,tipico_de,OU25,OVER,1.97
2026-08-19T11:37:30Z,League Two,2026-08-22,2026-08-22T11:30:00Z,Salford City vs Chesterfield FC,codere_it,OU25,UNDER,1.7
2026-08-19T11:37:30Z,League Two,2026-08-22,2026-08-22T11:30:00Z,Salford City vs Chesterfield FC,onexbet,OU25,UNDER,1.74
2026-08-19T11:37:30Z,League Two,2026-08-22,2026-08-22T11:30:00Z,Salford City vs Chesterfield FC,tipico_de,OU25,UNDER,1.72
2026-08-19T11:37:30Z,Championship,2026-08-22,2026-08-22T14:00:00Z,Wrexham AFC vs Watford,onexbet,OU25,OVER,1.87
2026-08-19T11:37:30Z,Championship,2026-08-22,2026-08-22T14:00:00Z,Wrexham AFC vs Watford,onexbet,OU25,UNDER,1.9
2026-08-19T11:37:30Z,Brazil Serie A,2026-08-23,2026-08-23T21:30:00Z,Chapecoense vs Sao Paulo,matchbook,OU25,OVER,2.1
2026-08-19T11:37:30Z,Japan J-League,2026-08-23,2026-08-23T10:30:00Z,FC Machida Zelvia vs Urawa Red Diamonds,onexbet,OU25,OVER,2.17
2026-08-19T11:37:30Z,China Super League,2026-08-23,2026-08-23T11:00:00Z,Liaoning Tieren FC vs Henan FC,onexbet,OU25,OVER,1.7
2026-08-19T11:37:30Z,China Super League,2026-08-23,2026-08-23T11:00:00Z,Liaoning Tieren FC vs Henan FC,onexbet,OU25,UNDER,2.18
2026-08-19T11:37:30Z,Mexico Liga MX,2026-08-23,2026-08-23T01:00:00Z,Puebla vs Santos Laguna,onexbet,OU25,OVER,1.66
2026-08-19T11:37:30Z,Mexico Liga MX,2026-08-23,2026-08-23T01:00:00Z,Puebla vs Santos Laguna,onexbet,OU25,UNDER,2.16
2026-08-19T11:37:30Z,USA MLS,2026-08-23,2026-08-23T01:30:00Z,Vancouver Whitecaps FC vs FC Dallas,onexbet,OU35,OVER,2.19
2026-08-19T11:37:30Z,Argentina Primera Division,2026-08-24,2026-08-24T00:30:00Z,Racing Club vs Boca Juniors,onexbet,OU15,OVER,1.56
2026-08-19T11:37:30Z,Argentina Primera Division,2026-08-24,2026-08-24T00:30:00Z,Racing Club vs Boca Juniors,onexbet,OU15,UNDER,2.43
2026-08-19T12:01:58Z,USA MLS,2026-08-19,2026-08-19T23:30:00Z,Columbus Crew SC vs CF Montreal,matchbook,OU25,OVER,1.63
2026-08-19T12:01:58Z,USA MLS,2026-08-19,2026-08-19T23:30:00Z,D.C. United vs New England Revolution,matchbook,OU25,OVER,1.79
2026-08-19T12:01:58Z,USA MLS,2026-08-19,2026-08-19T23:30:00Z,New York Red Bulls vs Nashville SC,onexbet,OU35,OVER,2.3
2026-08-19T12:01:58Z,USA MLS,2026-08-19,2026-08-19T23:30:00Z,New York Red Bulls vs Nashville SC,matchbook,OU35,UNDER,1.66
2026-08-19T12:01:58Z,USA MLS,2026-08-19,2026-08-19T23:30:00Z,New York Red Bulls vs Nashville SC,onexbet,OU35,UNDER,1.68
2026-08-19T12:01:58Z,USA MLS,2026-08-19,2026-08-19T23:30:00Z,Orlando City SC vs Chicago Fire,pinnacle,OU35,OVER,1.99
2026-08-19T12:01:58Z,USA MLS,2026-08-19,2026-08-19T23:30:00Z,Orlando City SC vs Chicago Fire,pinnacle,OU35,UNDER,1.89
2026-08-19T12:01:58Z,USA MLS,2026-08-19,2026-08-19T23:30:00Z,Philadelphia Union vs Inter Miami CF,pinnacle,OU35,UNDER,1.95
2026-08-19T12:01:58Z,USA MLS,2026-08-19,2026-08-19T23:30:00Z,Toronto FC vs Charlotte FC,onexbet,OU25,OVER,1.7
2026-08-19T12:01:58Z,USA MLS,2026-08-19,2026-08-19T23:30:00Z,Toronto FC vs Charlotte FC,onexbet,OU25,UNDER,2.26
2026-08-19T12:01:58Z,USA MLS,2026-08-20,2026-08-20T01:30:00Z,Colorado Rapids vs Los Angeles FC,matchbook,OU25,OVER,1.78
2026-08-19T12:01:58Z,USA MLS,2026-08-20,2026-08-20T01:30:00Z,Colorado Rapids vs Los Angeles FC,onexbet,OU25,OVER,1.78
2026-08-19T12:01:58Z,USA MLS,2026-08-20,2026-08-20T01:30:00Z,Colorado Rapids vs Los Angeles FC,matchbook,OU25,UNDER,2.22
2026-08-19T12:01:58Z,USA MLS,2026-08-20,2026-08-20T01:30:00Z,Colorado Rapids vs Los Angeles FC,onexbet,OU25,UNDER,2.13
2026-08-19T12:01:58Z,USA MLS,2026-08-20,2026-08-20T02:30:00Z,Portland Timbers vs San Diego FC,pinnacle,OU35,OVER,1.91
2026-08-19T12:01:58Z,USA MLS,2026-08-20,2026-08-20T02:30:00Z,Portland Timbers vs San Diego FC,pinnacle,OU35,UNDER,1.96
2026-08-19T12:01:58Z,USA MLS,2026-08-20,2026-08-20T01:30:00Z,Real Salt Lake vs FC Dallas,matchbook,OU35,OVER,2.46
2026-08-19T12:01:58Z,USA MLS,2026-08-20,2026-08-20T01:30:00Z,Real Salt Lake vs FC Dallas,matchbook,OU35,UNDER,1.67
2026-08-19T12:01:58Z,USA MLS,2026-08-20,2026-08-20T02:30:00Z,Vancouver Whitecaps FC vs Houston Dynamo,matchbook,OU25,OVER,1.71
2026-08-19T12:01:58Z,USA MLS,2026-08-20,2026-08-20T02:30:00Z,Vancouver Whitecaps FC vs Houston Dynamo,matchbook,OU25,UNDER,2.38
2026-08-19T12:01:58Z,Argentina Primera Division,2026-08-21,2026-08-21T23:00:00Z,Estudiantes de Río Cuarto vs San Lorenzo,leovegas_se,OU15,OVER,1.64
2026-08-19T12:01:58Z,Argentina Primera Division,2026-08-21,2026-08-21T23:00:00Z,Estudiantes de Río Cuarto vs San Lorenzo,unibet_se,OU15,OVER,1.67
2026-08-19T12:01:58Z,Argentina Primera Division,2026-08-21,2026-08-21T23:00:00Z,Estudiantes de Río Cuarto vs San Lorenzo,leovegas_se,OU15,UNDER,2.1
2026-08-19T12:01:58Z,Argentina Primera Division,2026-08-21,2026-08-21T23:00:00Z,Estudiantes de Río Cuarto vs San Lorenzo,unibet_se,OU15,UNDER,2.15
2026-08-19T12:01:58Z,Championship,2026-08-22,2026-08-22T11:30:00Z,Birmingham City vs Bristol City,matchbook,OU25,OVER,1.87
2026-08-19T12:01:58Z,USA MLS,2026-08-22,2026-08-22T23:30:00Z,CF Montreal vs LA Galaxy,onexbet,OU25,UNDER,2.32
2026-08-19T12:01:58Z,USA MLS,2026-08-22,2026-08-22T23:30:00Z,Charlotte FC vs D.C. United,onexbet,OU25,UNDER,2.25
2026-08-19T12:01:58Z,China Super League,2026-08-22,2026-08-22T11:35:00Z,Chengdu Rongcheng FC vs Shanghai Shenhua FC,onexbet,OU35,OVER,1.98
2026-08-19T12:01:58Z,China Super League,2026-08-22,2026-08-22T11:35:00Z,Chengdu Rongcheng FC vs Shanghai Shenhua FC,pinnacle,OU35,OVER,1.99
2026-08-19T12:01:58Z,China Super League,2026-08-22,2026-08-22T11:35:00Z,Chengdu Rongcheng FC vs Shanghai Shenhua FC,tipico_de,OU35,OVER,1.9
2026-08-19T12:01:58Z,China Super League,2026-08-22,2026-08-22T11:35:00Z,Chengdu Rongcheng FC vs Shanghai Shenhua FC,onexbet,OU35,UNDER,1.84
2026-08-19T12:01:58Z,China Super League,2026-08-22,2026-08-22T11:35:00Z,Chengdu Rongcheng FC vs Shanghai Shenhua FC,pinnacle,OU35,UNDER,1.83
2026-08-19T12:01:58Z,China Super League,2026-08-22,2026-08-22T11:35:00Z,Chengdu Rongcheng FC vs Shanghai Shenhua FC,tipico_de,OU35,UNDER,1.8
2026-08-19T12:01:58Z,Brazil Serie A,2026-08-22,2026-08-22T21:30:00Z,Internacional vs Atletico Mineiro,onexbet,OU25,OVER,2.02
2026-08-19T12:01:58Z,Brazil Serie A,2026-08-22,2026-08-22T21:30:00Z,Internacional vs Atletico Mineiro,onexbet,OU25,UNDER,1.83
2026-08-19T12:01:58Z,Japan J-League,2026-08-22,2026-08-22T09:00:00Z,Kashima Antlers vs Avispa Fukuoka,pmu_fr,OU25,UNDER,1.44
2026-08-19T12:01:58Z,Championship,2026-08-22,2026-08-22T11:30:00Z,Lincoln City vs Portsmouth,matchbook,OU25,OVER,1.94
2026-08-19T12:01:58Z,Championship,2026-08-22,2026-08-22T11:30:00Z,Lincoln City vs Portsmouth,unibet_se,OU25,OVER,2.0
2026-08-19T12:01:58Z,Championship,2026-08-22,2026-08-22T11:30:00Z,Lincoln City vs Portsmouth,unibet_se,OU25,UNDER,1.74
2026-08-19T12:01:58Z,Championship,2026-08-22,2026-08-22T11:30:00Z,Millwall vs Norwich City,matchbook,OU25,OVER,1.97
2026-08-19T12:01:58Z,USA MLS,2026-08-22,2026-08-22T23:30:00Z,Orlando City SC vs Real Salt Lake,onexbet,OU35,UNDER,1.88
2026-08-19T12:01:58Z,Championship,2026-08-22,2026-08-22T14:00:00Z,Preston North End vs Wolverhampton Wanderers,matchbook,OU25,OVER,1.7
2026-08-19T12:01:58Z,Championship,2026-08-22,2026-08-22T14:00:00Z,Preston North End vs Wolverhampton Wanderers,matchbook,OU25,UNDER,2.0
2026-08-19T12:01:58Z,Championship,2026-08-22,2026-08-22T14:00:00Z,Queens Park Rangers vs Bolton Wanderers,leovegas_se,OU25,OVER,1.82
2026-08-19T12:01:58Z,Championship,2026-08-22,2026-08-22T14:00:00Z,Queens Park Rangers vs Bolton Wanderers,pmu_fr,OU25,OVER,1.72
2026-08-19T12:01:58Z,Championship,2026-08-22,2026-08-22T14:00:00Z,Queens Park Rangers vs Bolton Wanderers,unibet_nl,OU25,OVER,1.82
2026-08-19T12:01:58Z,Championship,2026-08-22,2026-08-22T14:00:00Z,Queens Park Rangers vs Bolton Wanderers,unibet_se,OU25,OVER,1.82
2026-08-19T12:01:58Z,Championship,2026-08-22,2026-08-22T14:00:00Z,Queens Park Rangers vs Bolton Wanderers,leovegas_se,OU25,UNDER,1.89
2026-08-19T12:01:58Z,Championship,2026-08-22,2026-08-22T14:00:00Z,Queens Park Rangers vs Bolton Wanderers,pmu_fr,OU25,UNDER,1.8
2026-08-19T12:01:58Z,Championship,2026-08-22,2026-08-22T14:00:00Z,Queens Park Rangers vs Bolton Wanderers,unibet_nl,OU25,UNDER,1.89
2026-08-19T12:01:58Z,Championship,2026-08-22,2026-08-22T14:00:00Z,Queens Park Rangers vs Bolton Wanderers,unibet_se,OU25,UNDER,1.89
2026-08-19T12:01:58Z,League Two,2026-08-22,2026-08-22T11:30:00Z,Salford City vs Chesterfield FC,codere_it,OU25,OVER,1.99
2026-08-19T12:01:58Z,League Two,2026-08-22,2026-08-22T11:30:00Z,Salford City vs Chesterfield FC,codere_it,OU25,UNDER,1.68
2026-08-19T12:01:58Z,Championship,2026-08-22,2026-08-22T14:00:00Z,West Ham United vs Charlton Athletic,leovegas_se,OU25,OVER,1.57
2026-08-19T12:01:58Z,Championship,2026-08-22,2026-08-22T14:00:00Z,West Ham United vs Charlton Athletic,unibet_nl,OU25,OVER,1.57
2026-08-19T12:01:58Z,Championship,2026-08-22,2026-08-22T14:00:00Z,West Ham United vs Charlton Athletic,unibet_se,OU25,OVER,1.57
2026-08-19T12:01:58Z,Championship,2026-08-22,2026-08-22T14:00:00Z,West Ham United vs Charlton Athletic,leovegas_se,OU25,UNDER,2.25
2026-08-19T12:01:58Z,Championship,2026-08-22,2026-08-22T14:00:00Z,West Ham United vs Charlton Athletic,unibet_nl,OU25,UNDER,2.25
2026-08-19T12:01:58Z,Championship,2026-08-22,2026-08-22T14:00:00Z,West Ham United vs Charlton Athletic,unibet_se,OU25,UNDER,2.25
2026-08-19T12:01:58Z,Championship,2026-08-22,2026-08-22T14:00:00Z,Wrexham AFC vs Watford,matchbook,OU25,OVER,1.79
2026-08-19T12:01:58Z,China Super League,2026-08-22,2026-08-22T11:00:00Z,Wuhan Three Towns vs Tianjin Jinmen Tiger FC,coolbet,OU25,OVER,1.71
2026-08-19T12:01:58Z,China Super League,2026-08-22,2026-08-22T11:00:00Z,Wuhan Three Towns vs Tianjin Jinmen Tiger FC,coolbet,OU25,UNDER,2.1
2026-08-19T12:01:58Z,Mexico Liga MX,2026-08-23,2026-08-23T23:00:00Z,Atlético San Luis vs Pachuca,onexbet,OU25,OVER,1.8
2026-08-19T12:01:58Z,Mexico Liga MX,2026-08-23,2026-08-23T23:00:00Z,Atlético San Luis vs Pachuca,onexbet,OU25,UNDER,1.96
2026-08-19T12:01:58Z,USA MLS,2026-08-23,2026-08-23T00:30:00Z,Austin FC vs Philadelphia Union,onexbet,OU25,OVER,1.71
2026-08-19T12:01:58Z,USA MLS,2026-08-23,2026-08-23T00:30:00Z,Austin FC vs Philadelphia Union,onexbet,OU25,UNDER,2.24
2026-08-19T12:01:58Z,Japan J-League,2026-08-23,2026-08-23T10:30:00Z,FC Machida Zelvia vs Urawa Red Diamonds,leovegas_se,OU25,OVER,2.08
2026-08-19T12:01:58Z,Japan J-League,2026-08-23,2026-08-23T10:30:00Z,FC Machida Zelvia vs Urawa Red Diamonds,onexbet,OU25,OVER,2.16
2026-08-19T12:01:58Z,Japan J-League,2026-08-23,2026-08-23T10:30:00Z,FC Machida Zelvia vs Urawa Red Diamonds,unibet_nl,OU25,OVER,2.08
2026-08-19T12:01:58Z,Japan J-League,2026-08-23,2026-08-23T10:30:00Z,FC Machida Zelvia vs Urawa Red Diamonds,unibet_se,OU25,OVER,2.08
2026-08-19T12:01:58Z,Japan J-League,2026-08-23,2026-08-23T10:30:00Z,FC Machida Zelvia vs Urawa Red Diamonds,pmu_fr,OU25,UNDER,1.56
2026-08-19T12:01:58Z,USA MLS,2026-08-23,2026-08-23T02:30:00Z,Los Angeles FC vs Portland Timbers,onexbet,OU35,OVER,2.04
2026-08-19T12:01:58Z,USA MLS,2026-08-23,2026-08-23T02:30:00Z,Los Angeles FC vs Portland Timbers,onexbet,OU35,UNDER,1.85
2026-08-19T12:01:58Z,China Super League,2026-08-23,2026-08-23T11:35:00Z,Shanghai SIPG FC vs Qingdao Hainiu FC,unibet_nl,OU35,UNDER,1.71
2026-08-19T12:01:58Z,China Super League,2026-08-23,2026-08-23T11:35:00Z,Shanghai SIPG FC vs Qingdao Hainiu FC,unibet_se,OU35,UNDER,1.71
2026-08-19T12:01:58Z,La Liga 2,2026-08-23,2026-08-23T17:00:00Z,Sporting Gijón vs Burgos CF,williamhill,OU25,OVER,2.45
2026-08-19T12:01:58Z,La Liga 2,2026-08-23,2026-08-23T17:00:00Z,Sporting Gijón vs Burgos CF,williamhill,OU25,UNDER,1.5
2026-08-19T13:06:33Z,USA MLS,2026-08-19,2026-08-19T23:30:00Z,Columbus Crew SC vs CF Montreal,betsson,OU25,OVER,1.62
2026-08-19T13:06:33Z,USA MLS,2026-08-19,2026-08-19T23:30:00Z,Columbus Crew SC vs CF Montreal,matchbook,OU25,OVER,1.67
2026-08-19T13:06:33Z,USA MLS,2026-08-19,2026-08-19T23:30:00Z,Columbus Crew SC vs CF Montreal,nordicbet,OU25,OVER,1.62
2026-08-19T13:06:33Z,USA MLS,2026-08-19,2026-08-19T23:30:00Z,Columbus Crew SC vs CF Montreal,betsson,OU25,UNDER,2.28
2026-08-19T13:06:33Z,USA MLS,2026-08-19,2026-08-19T23:30:00Z,Columbus Crew SC vs CF Montreal,matchbook,OU25,UNDER,2.44
2026-08-19T13:06:33Z,USA MLS,2026-08-19,2026-08-19T23:30:00Z,Columbus Crew SC vs CF Montreal,nordicbet,OU25,UNDER,2.28
2026-08-19T13:06:33Z,USA MLS,2026-08-19,2026-08-19T23:30:00Z,D.C. United vs New England Revolution,betanysports,OU25,OVER,1.75
2026-08-19T13:06:33Z,USA MLS,2026-08-19,2026-08-19T23:30:00Z,D.C. United vs New England Revolution,betonlineag,OU25,OVER,1.75
2026-08-19T13:06:33Z,USA MLS,2026-08-19,2026-08-19T23:30:00Z,D.C. United vs New England Revolution,matchbook,OU25,OVER,1.77
2026-08-19T13:06:33Z,USA MLS,2026-08-19,2026-08-19T23:30:00Z,D.C. United vs New England Revolution,betanysports,OU25,UNDER,2.13
2026-08-19T13:06:33Z,USA MLS,2026-08-19,2026-08-19T23:30:00Z,D.C. United vs New England Revolution,betonlineag,OU25,UNDER,2.13
2026-08-19T13:06:33Z,USA MLS,2026-08-19,2026-08-19T23:30:00Z,D.C. United vs New England Revolution,matchbook,OU25,UNDER,2.26
2026-08-19T13:06:33Z,USA MLS,2026-08-19,2026-08-19T23:30:00Z,FC Cincinnati vs New York City FC,coolbet,OU35,OVER,2.1
2026-08-19T13:06:33Z,USA MLS,2026-08-19,2026-08-19T23:30:00Z,FC Cincinnati vs New York City FC,matchbook,OU35,OVER,2.16
2026-08-19T13:06:33Z,USA MLS,2026-08-19,2026-08-19T23:30:00Z,FC Cincinnati vs New York City FC,onexbet,OU35,OVER,2.1
2026-08-19T13:06:33Z,USA MLS,2026-08-19,2026-08-19T23:30:00Z,FC Cincinnati vs New York City FC,coolbet,OU35,UNDER,1.71
2026-08-19T13:06:33Z,USA MLS,2026-08-19,2026-08-19T23:30:00Z,FC Cincinnati vs New York City FC,onexbet,OU35,UNDER,1.8
2026-08-19T13:06:33Z,USA MLS,2026-08-19,2026-08-19T23:30:00Z,New York Red Bulls vs Nashville SC,matchbook,OU35,OVER,2.46
2026-08-19T13:06:33Z,USA MLS,2026-08-19,2026-08-19T23:30:00Z,New York Red Bulls vs Nashville SC,tipico_de,OU35,OVER,2.2
2026-08-19T13:06:33Z,USA MLS,2026-08-19,2026-08-19T23:30:00Z,New York Red Bulls vs Nashville SC,matchbook,OU35,UNDER,1.65
2026-08-19T13:06:33Z,USA MLS,2026-08-19,2026-08-19T23:30:00Z,New York Red Bulls vs Nashville SC,tipico_de,OU35,UNDER,1.6
2026-08-19T13:06:33Z,USA MLS,2026-08-19,2026-08-19T23:30:00Z,Orlando City SC vs Chicago Fire,mybookieag,OU35,UNDER,1.85
2026-08-19T13:06:33Z,USA MLS,2026-08-19,2026-08-19T23:30:00Z,Philadelphia Union vs Inter Miami CF,pinnacle,OU35,UNDER,1.96
2026-08-19T13:06:33Z,USA MLS,2026-08-19,2026-08-19T23:30:00Z,Toronto FC vs Charlotte FC,betanysports,OU25,OVER,1.67
2026-08-19T13:06:33Z,USA MLS,2026-08-19,2026-08-19T23:30:00Z,Toronto FC vs Charlotte FC,betonlineag,OU25,OVER,1.67
2026-08-19T13:06:33Z,USA MLS,2026-08-19,2026-08-19T23:30:00Z,Toronto FC vs Charlotte FC,gtbets,OU25,OVER,1.65
2026-08-19T13:06:33Z,USA MLS,2026-08-19,2026-08-19T23:30:00Z,Toronto FC vs Charlotte FC,matchbook,OU25,OVER,1.69
2026-08-19T13:06:33Z,USA MLS,2026-08-19,2026-08-19T23:30:00Z,Toronto FC vs Charlotte FC,onexbet,OU25,OVER,1.68
2026-08-19T13:06:33Z,USA MLS,2026-08-19,2026-08-19T23:30:00Z,Toronto FC vs Charlotte FC,tipico_de,OU25,OVER,1.55
2026-08-19T13:06:33Z,USA MLS,2026-08-19,2026-08-19T23:30:00Z,Toronto FC vs Charlotte FC,betanysports,OU25,UNDER,2.29
2026-08-19T13:06:33Z,USA MLS,2026-08-19,2026-08-19T23:30:00Z,Toronto FC vs Charlotte FC,betonlineag,OU25,UNDER,2.29
2026-08-19T13:06:33Z,USA MLS,2026-08-19,2026-08-19T23:30:00Z,Toronto FC vs Charlotte FC,gtbets,OU25,UNDER,2.2
2026-08-19T13:06:33Z,USA MLS,2026-08-19,2026-08-19T23:30:00Z,Toronto FC vs Charlotte FC,matchbook,OU25,UNDER,2.4
2026-08-19T13:06:33Z,USA MLS,2026-08-19,2026-08-19T23:30:00Z,Toronto FC vs Charlotte FC,onexbet,OU25,UNDER,2.29
2026-08-19T13:06:33Z,USA MLS,2026-08-20,2026-08-20T01:30:00Z,Colorado Rapids vs Los Angeles FC,matchbook,OU25,OVER,1.77
2026-08-19T13:06:33Z,USA MLS,2026-08-20,2026-08-20T01:30:00Z,Colorado Rapids vs Los Angeles FC,onexbet,OU25,OVER,1.77
2026-08-19T13:06:33Z,USA MLS,2026-08-20,2026-08-20T01:30:00Z,Colorado Rapids vs Los Angeles FC,matchbook,OU25,UNDER,2.24
2026-08-19T13:06:33Z,USA MLS,2026-08-20,2026-08-20T01:30:00Z,Colorado Rapids vs Los Angeles FC,onexbet,OU25,UNDER,2.14
2026-08-19T13:06:33Z,USA MLS,2026-08-20,2026-08-20T00:30:00Z,Minnesota United FC vs Atlanta United FC,matchbook,OU25,OVER,1.7
2026-08-19T13:06:33Z,USA MLS,2026-08-20,2026-08-20T00:30:00Z,Minnesota United FC vs Atlanta United FC,onexbet,OU25,OVER,1.67
2026-08-19T13:06:33Z,USA MLS,2026-08-20,2026-08-20T00:30:00Z,Minnesota United FC vs Atlanta United FC,tipico_de,OU25,OVER,1.55
2026-08-19T13:06:33Z,USA MLS,2026-08-20,2026-08-20T00:30:00Z,Minnesota United FC vs Atlanta United FC,williamhill,OU25,OVER,1.57
2026-08-19T13:06:33Z,USA MLS,2026-08-20,2026-08-20T00:30:00Z,Minnesota United FC vs Atlanta United FC,gtbets,OU25,UNDER,2.25
2026-08-19T13:06:33Z,USA MLS,2026-08-20,2026-08-20T00:30:00Z,Minnesota United FC vs Atlanta United FC,matchbook,OU25,UNDER,2.38
2026-08-19T13:06:33Z,USA MLS,2026-08-20,2026-08-20T00:30:00Z,Minnesota United FC vs Atlanta United FC,onexbet,OU25,UNDER,2.31
2026-08-19T13:06:33Z,USA MLS,2026-08-20,2026-08-20T00:30:00Z,Minnesota United FC vs Atlanta United FC,williamhill,OU25,UNDER,2.25
2026-08-19T13:06:33Z,USA MLS,2026-08-20,2026-08-20T02:30:00Z,Portland Timbers vs San Diego FC,betsson,OU25,OVER,1.37
2026-08-19T13:06:33Z,USA MLS,2026-08-20,2026-08-20T02:30:00Z,Portland Timbers vs San Diego FC,nordicbet,OU25,OVER,1.37
2026-08-19T13:06:33Z,USA MLS,2026-08-20,2026-08-20T02:30:00Z,Portland Timbers vs San Diego FC,betsson,OU25,UNDER,3.05
2026-08-19T13:06:33Z,USA MLS,2026-08-20,2026-08-20T02:30:00Z,Portland Timbers vs San Diego FC,nordicbet,OU25,UNDER,3.05
2026-08-19T13:06:33Z,USA MLS,2026-08-20,2026-08-20T02:30:00Z,Portland Timbers vs San Diego FC,matchbook,OU35,OVER,2.06
2026-08-19T13:06:33Z,USA MLS,2026-08-20,2026-08-20T02:30:00Z,Portland Timbers vs San Diego FC,mybookieag,OU35,OVER,1.87
2026-08-19T13:06:33Z,USA MLS,2026-08-20,2026-08-20T02:30:00Z,Portland Timbers vs San Diego FC,onexbet,OU35,OVER,1.94
2026-08-19T13:06:33Z,USA MLS,2026-08-20,2026-08-20T02:30:00Z,Portland Timbers vs San Diego FC,pinnacle,OU35,OVER,1.94
2026-08-19T13:06:33Z,USA MLS,2026-08-20,2026-08-20T02:30:00Z,Portland Timbers vs San Diego FC,tipico_de,OU35,OVER,1.83
2026-08-19T13:06:33Z,USA MLS,2026-08-20,2026-08-20T02:30:00Z,Portland Timbers vs San Diego FC,matchbook,OU35,UNDER,1.93
2026-08-19T13:06:33Z,USA MLS,2026-08-20,2026-08-20T02:30:00Z,Portland Timbers vs San Diego FC,mybookieag,OU35,UNDER,1.87
2026-08-19T13:06:33Z,USA MLS,2026-08-20,2026-08-20T02:30:00Z,Portland Timbers vs San Diego FC,onexbet,OU35,UNDER,1.94
2026-08-19T13:06:33Z,USA MLS,2026-08-20,2026-08-20T02:30:00Z,Portland Timbers vs San Diego FC,pinnacle,OU35,UNDER,1.93
2026-08-19T13:06:33Z,USA MLS,2026-08-20,2026-08-20T02:30:00Z,Portland Timbers vs San Diego FC,tipico_de,OU35,UNDER,1.85
2026-08-19T13:06:33Z,USA MLS,2026-08-20,2026-08-20T01:30:00Z,Real Salt Lake vs FC Dallas,leovegas_se,OU35,OVER,2.17
2026-08-19T13:06:33Z,USA MLS,2026-08-20,2026-08-20T01:30:00Z,Real Salt Lake vs FC Dallas,matchbook,OU35,OVER,2.48
2026-08-19T13:06:33Z,USA MLS,2026-08-20,2026-08-20T01:30:00Z,Real Salt Lake vs FC Dallas,onexbet,OU35,OVER,2.32
2026-08-19T13:06:33Z,USA MLS,2026-08-20,2026-08-20T01:30:00Z,Real Salt Lake vs FC Dallas,pmu_fr,OU35,OVER,2.04
2026-08-19T13:06:33Z,USA MLS,2026-08-20,2026-08-20T01:30:00Z,Real Salt Lake vs FC Dallas,unibet_nl,OU35,OVER,2.17
2026-08-19T13:06:33Z,USA MLS,2026-08-20,2026-08-20T01:30:00Z,Real Salt Lake vs FC Dallas,unibet_se,OU35,OVER,2.17
2026-08-19T13:06:33Z,USA MLS,2026-08-20,2026-08-20T01:30:00Z,Real Salt Lake vs FC Dallas,matchbook,OU35,UNDER,1.65
2026-08-19T13:06:33Z,USA MLS,2026-08-20,2026-08-20T01:30:00Z,Real Salt Lake vs FC Dallas,pmu_fr,OU35,UNDER,1.55
2026-08-19T13:06:33Z,USA MLS,2026-08-20,2026-08-20T01:30:00Z,Seattle Sounders FC vs Austin FC,matchbook,OU25,OVER,1.66
2026-08-19T13:06:33Z,USA MLS,2026-08-20,2026-08-20T01:30:00Z,Seattle Sounders FC vs Austin FC,pmu_fr,OU25,OVER,1.48
2026-08-19T13:06:33Z,USA MLS,2026-08-20,2026-08-20T01:30:00Z,Seattle Sounders FC vs Austin FC,leovegas_se,OU25,UNDER,2.33
2026-08-19T13:06:33Z,USA MLS,2026-08-20,2026-08-20T01:30:00Z,Seattle Sounders FC vs Austin FC,matchbook,OU25,UNDER,2.44
2026-08-19T13:06:33Z,USA MLS,2026-08-20,2026-08-20T01:30:00Z,Seattle Sounders FC vs Austin FC,onexbet,OU25,UNDER,2.35
2026-08-19T13:06:33Z,USA MLS,2026-08-20,2026-08-20T01:30:00Z,Seattle Sounders FC vs Austin FC,pmu_fr,OU25,UNDER,2.18
2026-08-19T13:06:33Z,USA MLS,2026-08-20,2026-08-20T01:30:00Z,Seattle Sounders FC vs Austin FC,unibet_nl,OU25,UNDER,2.33
2026-08-19T13:06:33Z,USA MLS,2026-08-20,2026-08-20T01:30:00Z,Seattle Sounders FC vs Austin FC,unibet_se,OU25,UNDER,2.33
2026-08-19T13:06:33Z,League One,2026-08-20,2026-08-20T19:00:00Z,Sheffield Wednesday vs Bradford City,onexbet,OU25,OVER,1.93
2026-08-19T13:06:33Z,League One,2026-08-20,2026-08-20T19:00:00Z,Sheffield Wednesday vs Bradford City,matchbook,OU25,UNDER,1.89
2026-08-19T13:06:33Z,League One,2026-08-20,2026-08-20T19:00:00Z,Sheffield Wednesday vs Bradford City,onexbet,OU25,UNDER,1.84
2026-08-19T13:06:33Z,USA MLS,2026-08-20,2026-08-20T00:00:00Z,Sporting Kansas City vs St. Louis City SC,betsson,OU25,OVER,1.52
2026-08-19T13:06:33Z,USA MLS,2026-08-20,2026-08-20T00:00:00Z,Sporting Kansas City vs St. Louis City SC,nordicbet,OU25,OVER,1.52
2026-08-19T13:06:33Z,USA MLS,2026-08-20,2026-08-20T00:00:00Z,Sporting Kansas City vs St. Louis City SC,williamhill,OU25,OVER,1.53
2026-08-19T13:06:33Z,USA MLS,2026-08-20,2026-08-20T00:00:00Z,Sporting Kansas City vs St. Louis City SC,betsson,OU25,UNDER,2.42
2026-08-19T13:06:33Z,USA MLS,2026-08-20,2026-08-20T00:00:00Z,Sporting Kansas City vs St. Louis City SC,nordicbet,OU25,UNDER,2.42
2026-08-19T13:06:33Z,USA MLS,2026-08-20,2026-08-20T00:00:00Z,Sporting Kansas City vs St. Louis City SC,williamhill,OU25,UNDER,2.4
2026-08-19T13:06:33Z,USA MLS,2026-08-20,2026-08-20T00:00:00Z,Sporting Kansas City vs St. Louis City SC,gtbets,OU35,OVER,2.27
2026-08-19T13:06:33Z,USA MLS,2026-08-20,2026-08-20T00:00:00Z,Sporting Kansas City vs St. Louis City SC,matchbook,OU35,OVER,2.52
2026-08-19T13:06:33Z,USA MLS,2026-08-20,2026-08-20T00:00:00Z,Sporting Kansas City vs St. Louis City SC,onexbet,OU35,OVER,2.35
2026-08-19T13:06:33Z,USA MLS,2026-08-20,2026-08-20T00:00:00Z,Sporting Kansas City vs St. Louis City SC,tipico_de,OU35,OVER,2.25
2026-08-19T13:06:33Z,USA MLS,2026-08-20,2026-08-20T00:00:00Z,Sporting Kansas City vs St. Louis City SC,matchbook,OU35,UNDER,1.63
2026-08-19T13:06:33Z,USA MLS,2026-08-20,2026-08-20T00:00:00Z,Sporting Kansas City vs St. Louis City SC,onexbet,OU35,UNDER,1.65
2026-08-19T13:06:33Z,USA MLS,2026-08-20,2026-08-20T00:00:00Z,Sporting Kansas City vs St. Louis City SC,tipico_de,OU35,UNDER,1.55
2026-08-19T13:06:33Z,USA MLS,2026-08-20,2026-08-20T02:30:00Z,Vancouver Whitecaps FC vs Houston Dynamo,betsson,OU25,OVER,1.65
2026-08-19T13:06:33Z,USA MLS,2026-08-20,2026-08-20T02:30:00Z,Vancouver Whitecaps FC vs Houston Dynamo,gtbets,OU25,OVER,1.63
2026-08-19T13:06:33Z,USA MLS,2026-08-20,2026-08-20T02:30:00Z,Vancouver Whitecaps FC vs Houston Dynamo,matchbook,OU25,OVER,1.74
2026-08-19T13:06:33Z,USA MLS,2026-08-20,2026-08-20T02:30:00Z,Vancouver Whitecaps FC vs Houston Dynamo,nordicbet,OU25,OVER,1.65
2026-08-19T13:06:33Z,USA MLS,2026-08-20,2026-08-20T02:30:00Z,Vancouver Whitecaps FC vs Houston Dynamo,onexbet,OU25,OVER,1.72
2026-08-19T13:06:33Z,USA MLS,2026-08-20,2026-08-20T02:30:00Z,Vancouver Whitecaps FC vs Houston Dynamo,tipico_de,OU25,OVER,1.6
2026-08-19T13:06:33Z,USA MLS,2026-08-20,2026-08-20T02:30:00Z,Vancouver Whitecaps FC vs Houston Dynamo,betsson,OU25,UNDER,2.18
2026-08-19T13:06:33Z,USA MLS,2026-08-20,2026-08-20T02:30:00Z,Vancouver Whitecaps FC vs Houston Dynamo,gtbets,OU25,UNDER,2.21
2026-08-19T13:06:33Z,USA MLS,2026-08-20,2026-08-20T02:30:00Z,Vancouver Whitecaps FC vs Houston Dynamo,matchbook,OU25,UNDER,2.32
2026-08-19T13:06:33Z,USA MLS,2026-08-20,2026-08-20T02:30:00Z,Vancouver Whitecaps FC vs Houston Dynamo,nordicbet,OU25,UNDER,2.18
2026-08-19T13:06:33Z,USA MLS,2026-08-20,2026-08-20T02:30:00Z,Vancouver Whitecaps FC vs Houston Dynamo,onexbet,OU25,UNDER,2.23
2026-08-19T13:06:33Z,USA MLS,2026-08-20,2026-08-20T02:30:00Z,Vancouver Whitecaps FC vs Houston Dynamo,tipico_de,OU25,UNDER,2.2
2026-08-19T13:06:33Z,USA MLS,2026-08-20,2026-08-20T02:30:00Z,Vancouver Whitecaps FC vs Houston Dynamo,leovegas_se,OU35,OVER,2.48
2026-08-19T13:06:33Z,USA MLS,2026-08-20,2026-08-20T02:30:00Z,Vancouver Whitecaps FC vs Houston Dynamo,pmu_fr,OU35,OVER,2.32
2026-08-19T13:06:33Z,USA MLS,2026-08-20,2026-08-20T02:30:00Z,Vancouver Whitecaps FC vs Houston Dynamo,unibet_nl,OU35,OVER,2.48
2026-08-19T13:06:33Z,USA MLS,2026-08-20,2026-08-20T02:30:00Z,Vancouver Whitecaps FC vs Houston Dynamo,unibet_se,OU35,OVER,2.48
2026-08-19T13:06:33Z,USA MLS,2026-08-20,2026-08-20T02:30:00Z,Vancouver Whitecaps FC vs Houston Dynamo,leovegas_se,OU35,UNDER,1.51
2026-08-19T13:06:33Z,USA MLS,2026-08-20,2026-08-20T02:30:00Z,Vancouver Whitecaps FC vs Houston Dynamo,pmu_fr,OU35,UNDER,1.42
2026-08-19T13:06:33Z,USA MLS,2026-08-20,2026-08-20T02:30:00Z,Vancouver Whitecaps FC vs Houston Dynamo,unibet_nl,OU35,UNDER,1.51
2026-08-19T13:06:33Z,USA MLS,2026-08-20,2026-08-20T02:30:00Z,Vancouver Whitecaps FC vs Houston Dynamo,unibet_se,OU35,UNDER,1.51
2026-08-19T13:06:33Z,Ireland Premier Division,2026-08-21,2026-08-21T18:45:00Z,Bohemians vs Derry City,betanysports,OU25,OVER,1.99
2026-08-19T13:06:33Z,Ireland Premier Division,2026-08-21,2026-08-21T18:45:00Z,Bohemians vs Derry City,betonlineag,OU25,OVER,2.09
2026-08-19T13:06:33Z,Ireland Premier Division,2026-08-21,2026-08-21T18:45:00Z,Bohemians vs Derry City,betsson,OU25,OVER,2.0
2026-08-19T13:06:33Z,Ireland Premier Division,2026-08-21,2026-08-21T18:45:00Z,Bohemians vs Derry City,nordicbet,OU25,OVER,2.0
2026-08-19T13:06:33Z,Ireland Premier Division,2026-08-21,2026-08-21T18:45:00Z,Bohemians vs Derry City,onexbet,OU25,OVER,2.08
2026-08-19T13:06:33Z,Ireland Premier Division,2026-08-21,2026-08-21T18:45:00Z,Bohemians vs Derry City,betanysports,OU25,UNDER,1.78
2026-08-19T13:06:33Z,Ireland Premier Division,2026-08-21,2026-08-21T18:45:00Z,Bohemians vs Derry City,betonlineag,OU25,UNDER,1.78
2026-08-19T13:06:33Z,Ireland Premier Division,2026-08-21,2026-08-21T18:45:00Z,Bohemians vs Derry City,betsson,OU25,UNDER,1.72
2026-08-19T13:06:33Z,Ireland Premier Division,2026-08-21,2026-08-21T18:45:00Z,Bohemians vs Derry City,nordicbet,OU25,UNDER,1.72
2026-08-19T13:06:33Z,Ireland Premier Division,2026-08-21,2026-08-21T18:45:00Z,Bohemians vs Derry City,onexbet,OU25,UNDER,1.72
2026-08-19T13:06:33Z,La Liga 2,2026-08-21,2026-08-21T19:00:00Z,Córdoba vs Girona FC,matchbook,OU25,OVER,1.88
2026-08-19T13:06:33Z,Ireland Premier Division,2026-08-21,2026-08-21T18:45:00Z,Dundalk vs Galway United,tipico_de,OU25,OVER,1.55
2026-08-19T13:06:33Z,Ireland Premier Division,2026-08-21,2026-08-21T18:45:00Z,Dundalk vs Galway United,tipico_de,OU25,UNDER,2.25
2026-08-19T13:06:33Z,Sweden Allsvenskan,2026-08-21,2026-08-21T17:00:00Z,IK Sirius vs BK Hacken,matchbook,OU35,UNDER,1.83
2026-08-19T13:06:33Z,Finland Veikkausliiga,2026-08-21,2026-08-21T16:00:00Z,SJK Seinäjoki vs FC Lahti,onexbet,OU25,OVER,1.67
2026-08-19T13:06:33Z,Finland Veikkausliiga,2026-08-21,2026-08-21T16:00:00Z,SJK Seinäjoki vs FC Lahti,onexbet,OU25,UNDER,2.17
2026-08-19T13:06:33Z,Serie B,2026-08-21,2026-08-21T18:30:00Z,Vicenza vs US Catanzaro 1929,matchbook,OU25,OVER,2.12
2026-08-19T13:06:33Z,Serie B,2026-08-21,2026-08-21T18:30:00Z,Vicenza vs US Catanzaro 1929,matchbook,OU25,UNDER,1.71
2026-08-19T13:06:33Z,La Liga 2,2026-08-22,2026-08-22T17:00:00Z,AD Ceuta FC vs Las Palmas,coolbet,OU25,OVER,2.07
2026-08-19T13:06:33Z,La Liga 2,2026-08-22,2026-08-22T17:00:00Z,AD Ceuta FC vs Las Palmas,coolbet,OU25,UNDER,1.73
2026-08-19T13:06:33Z,China Super League,2026-08-22,2026-08-22T12:00:00Z,Beijing FC vs Yunnan Yukun,onexbet,OU35,OVER,1.74
2026-08-19T13:06:33Z,China Super League,2026-08-22,2026-08-22T12:00:00Z,Beijing FC vs Yunnan Yukun,onexbet,OU35,UNDER,2.12
2026-08-19T13:06:33Z,Championship,2026-08-22,2026-08-22T14:00:00Z,Blackburn Rovers vs Middlesbrough,matchbook,OU25,OVER,2.04
2026-08-19T13:06:33Z,Championship,2026-08-22,2026-08-22T14:00:00Z,Blackburn Rovers vs Middlesbrough,matchbook,OU25,UNDER,1.8
2026-08-19T13:06:33Z,USA MLS,2026-08-22,2026-08-22T23:30:00Z,CF Montreal vs LA Galaxy,onexbet,OU25,UNDER,2.31
2026-08-19T13:06:33Z,Brazil Serie A,2026-08-22,2026-08-22T23:30:00Z,Cruzeiro vs Flamengo,matchbook,OU25,OVER,2.02
2026-08-19T13:06:33Z,Brazil Serie A,2026-08-22,2026-08-22T23:30:00Z,Cruzeiro vs Flamengo,matchbook,OU25,UNDER,1.85
2026-08-19T13:06:33Z,Championship,2026-08-22,2026-08-22T14:00:00Z,Derby County vs Cardiff City,matchbook,OU25,OVER,2.0
2026-08-19T13:06:33Z,Championship,2026-08-22,2026-08-22T14:00:00Z,Derby County vs Cardiff City,matchbook,OU25,UNDER,1.87
2026-08-19T13:06:33Z,League One,2026-08-22,2026-08-22T11:30:00Z,Doncaster Rovers vs Barnsley,matchbook,OU25,OVER,1.72
2026-08-19T13:06:33Z,League One,2026-08-22,2026-08-22T11:30:00Z,Doncaster Rovers vs Barnsley,matchbook,OU25,UNDER,2.1
2026-08-19T13:06:33Z,Brazil Serie A,2026-08-22,2026-08-22T19:00:00Z,Fluminense vs Remo,matchbook,OU25,OVER,1.83
2026-08-19T13:06:33Z,Brazil Serie A,2026-08-22,2026-08-22T19:00:00Z,Fluminense vs Remo,matchbook,OU25,UNDER,2.04
2026-08-19T13:06:33Z,USA MLS,2026-08-22,2026-08-22T23:30:00Z,Inter Miami CF vs Toronto FC,onexbet,OU35,OVER,1.91
2026-08-19T13:06:33Z,USA MLS,2026-08-22,2026-08-22T23:30:00Z,Inter Miami CF vs Toronto FC,onexbet,OU35,UNDER,1.97
2026-08-19T13:06:33Z,Brazil Serie A,2026-08-22,2026-08-22T21:30:00Z,Internacional vs Atletico Mineiro,betsson,OU25,OVER,1.92
2026-08-19T13:06:33Z,Brazil Serie A,2026-08-22,2026-08-22T21:30:00Z,Internacional vs Atletico Mineiro,matchbook,OU25,OVER,2.02
2026-08-19T13:06:33Z,Brazil Serie A,2026-08-22,2026-08-22T21:30:00Z,Internacional vs Atletico Mineiro,nordicbet,OU25,OVER,1.92
2026-08-19T13:06:33Z,Brazil Serie A,2026-08-22,2026-08-22T21:30:00Z,Internacional vs Atletico Mineiro,onexbet,OU25,OVER,2.0
2026-08-19T13:06:33Z,Brazil Serie A,2026-08-22,2026-08-22T21:30:00Z,Internacional vs Atletico Mineiro,betsson,OU25,UNDER,1.82
2026-08-19T13:06:33Z,Brazil Serie A,2026-08-22,2026-08-22T21:30:00Z,Internacional vs Atletico Mineiro,matchbook,OU25,UNDER,1.85
2026-08-19T13:06:33Z,Brazil Serie A,2026-08-22,2026-08-22T21:30:00Z,Internacional vs Atletico Mineiro,nordicbet,OU25,UNDER,1.82
2026-08-19T13:06:33Z,Brazil Serie A,2026-08-22,2026-08-22T21:30:00Z,Internacional vs Atletico Mineiro,onexbet,OU25,UNDER,1.84
2026-08-19T13:06:33Z,Championship,2026-08-22,2026-08-22T11:30:00Z,Lincoln City vs Portsmouth,leovegas_se,OU25,OVER,2.0
2026-08-19T13:06:33Z,Championship,2026-08-22,2026-08-22T11:30:00Z,Lincoln City vs Portsmouth,matchbook,OU25,OVER,1.98
2026-08-19T13:06:33Z,Championship,2026-08-22,2026-08-22T11:30:00Z,Lincoln City vs Portsmouth,tipico_de,OU25,OVER,1.83
2026-08-19T13:06:33Z,Championship,2026-08-22,2026-08-22T11:30:00Z,Lincoln City vs Portsmouth,unibet_nl,OU25,OVER,2.0
2026-08-19T13:06:33Z,Championship,2026-08-22,2026-08-22T11:30:00Z,Lincoln City vs Portsmouth,leovegas_se,OU25,UNDER,1.74
2026-08-19T13:06:33Z,Championship,2026-08-22,2026-08-22T11:30:00Z,Lincoln City vs Portsmouth,matchbook,OU25,UNDER,1.94
2026-08-19T13:06:33Z,Championship,2026-08-22,2026-08-22T11:30:00Z,Lincoln City vs Portsmouth,tipico_de,OU25,UNDER,1.85
2026-08-19T13:06:33Z,Championship,2026-08-22,2026-08-22T11:30:00Z,Lincoln City vs Portsmouth,unibet_nl,OU25,UNDER,1.74
2026-08-19T13:06:33Z,League One,2026-08-22,2026-08-22T11:30:00Z,Luton vs Notts County,matchbook,OU25,OVER,1.73
2026-08-19T13:06:33Z,League One,2026-08-22,2026-08-22T11:30:00Z,Luton vs Notts County,matchbook,OU25,UNDER,2.08
2026-08-19T13:06:33Z,Championship,2026-08-22,2026-08-22T11:30:00Z,Millwall vs Norwich City,matchbook,OU25,OVER,1.98
2026-08-19T13:06:33Z,Championship,2026-08-22,2026-08-22T11:30:00Z,Millwall vs Norwich City,onexbet,OU25,OVER,1.93
2026-08-19T13:06:33Z,Championship,2026-08-22,2026-08-22T11:30:00Z,Millwall vs Norwich City,matchbook,OU25,UNDER,1.94
2026-08-19T13:06:33Z,Championship,2026-08-22,2026-08-22T11:30:00Z,Millwall vs Norwich City,onexbet,OU25,UNDER,1.84
2026-08-19T13:06:33Z,League One,2026-08-22,2026-08-22T14:00:00Z,Peterborough United vs Mansfield Town,onexbet,OU25,OVER,1.63
2026-08-19T13:06:33Z,League One,2026-08-22,2026-08-22T14:00:00Z,Peterborough United vs Mansfield Town,onexbet,OU25,UNDER,2.23
2026-08-19T13:06:33Z,Championship,2026-08-22,2026-08-22T14:00:00Z,Preston North End vs Wolverhampton Wanderers,matchbook,OU25,OVER,1.82
2026-08-19T13:06:33Z,Championship,2026-08-22,2026-08-22T14:00:00Z,Preston North End vs Wolverhampton Wanderers,matchbook,OU25,UNDER,2.06
2026-08-19T13:06:33Z,Championship,2026-08-22,2026-08-22T14:00:00Z,Queens Park Rangers vs Bolton Wanderers,matchbook,OU25,OVER,1.94
2026-08-19T13:06:33Z,Championship,2026-08-22,2026-08-22T14:00:00Z,Queens Park Rangers vs Bolton Wanderers,matchbook,OU25,UNDER,1.88
2026-08-19T13:06:33Z,League Two,2026-08-22,2026-08-22T11:30:00Z,Salford City vs Chesterfield FC,betsson,OU25,OVER,2.08
2026-08-19T13:06:33Z,League Two,2026-08-22,2026-08-22T11:30:00Z,Salford City vs Chesterfield FC,nordicbet,OU25,OVER,2.08
2026-08-19T13:06:33Z,League Two,2026-08-22,2026-08-22T11:30:00Z,Salford City vs Chesterfield FC,betsson,OU25,UNDER,1.7
2026-08-19T13:06:33Z,League Two,2026-08-22,2026-08-22T11:30:00Z,Salford City vs Chesterfield FC,nordicbet,OU25,UNDER,1.7
2026-08-19T13:06:33Z,Ireland Premier Division,2026-08-22,2026-08-22T18:45:00Z,Sligo Rovers vs Waterford FC,williamhill,OU25,OVER,1.73
2026-08-19T13:06:33Z,Ireland Premier Division,2026-08-22,2026-08-22T18:45:00Z,Sligo Rovers vs Waterford FC,williamhill,OU25,UNDER,2.05
2026-08-19T13:06:33Z,Championship,2026-08-22,2026-08-22T14:00:00Z,Southampton vs Stoke City,matchbook,OU25,OVER,1.7
2026-08-19T13:06:33Z,Championship,2026-08-22,2026-08-22T14:00:00Z,Southampton vs Stoke City,matchbook,OU25,UNDER,2.14
2026-08-19T13:06:33Z,Championship,2026-08-22,2026-08-22T14:00:00Z,Swansea City vs Sheffield United,matchbook,OU25,OVER,1.9
2026-08-19T13:06:33Z,Championship,2026-08-22,2026-08-22T14:00:00Z,Swansea City vs Sheffield United,matchbook,OU25,UNDER,1.97
2026-08-19T13:06:33Z,Serie B,2026-08-22,2026-08-22T17:00:00Z,Südtirol vs Virtus Entella,pmu_fr,OU15,OVER,1.4
2026-08-19T13:06:33Z,Serie B,2026-08-22,2026-08-22T17:00:00Z,Südtirol vs Virtus Entella,leovegas_se,OU15,UNDER,2.45
2026-08-19T13:06:33Z,Serie B,2026-08-22,2026-08-22T17:00:00Z,Südtirol vs Virtus Entella,unibet_nl,OU15,UNDER,2.45
2026-08-19T13:06:33Z,Serie B,2026-08-22,2026-08-22T17:00:00Z,Südtirol vs Virtus Entella,unibet_se,OU15,UNDER,2.45
2026-08-19T13:06:33Z,League Two,2026-08-22,2026-08-22T11:30:00Z,Walsall vs Grimsby Town,onexbet,OU25,OVER,2.05
2026-08-19T13:06:33Z,League Two,2026-08-22,2026-08-22T11:30:00Z,Walsall vs Grimsby Town,onexbet,OU25,UNDER,1.73
2026-08-19T13:06:33Z,Championship,2026-08-22,2026-08-22T14:00:00Z,Wrexham AFC vs Watford,matchbook,OU25,OVER,1.89
2026-08-19T13:06:33Z,Championship,2026-08-22,2026-08-22T14:00:00Z,Wrexham AFC vs Watford,onexbet,OU25,OVER,1.86
2026-08-19T13:06:33Z,Championship,2026-08-22,2026-08-22T14:00:00Z,Wrexham AFC vs Watford,matchbook,OU25,UNDER,1.94
2026-08-19T13:06:33Z,Championship,2026-08-22,2026-08-22T14:00:00Z,Wrexham AFC vs Watford,onexbet,OU25,UNDER,1.91
2026-08-19T13:06:33Z,USA MLS,2026-08-23,2026-08-23T00:30:00Z,Austin FC vs Philadelphia Union,coolbet,OU15,OVER,1.22
2026-08-19T13:06:33Z,USA MLS,2026-08-23,2026-08-23T00:30:00Z,Austin FC vs Philadelphia Union,coolbet,OU15,UNDER,4.2
2026-08-19T13:06:33Z,USA MLS,2026-08-23,2026-08-23T00:30:00Z,Austin FC vs Philadelphia Union,onexbet,OU25,OVER,1.73
2026-08-19T13:06:33Z,USA MLS,2026-08-23,2026-08-23T00:30:00Z,Austin FC vs Philadelphia Union,onexbet,OU25,UNDER,2.21
2026-08-19T13:06:33Z,China Super League,2026-08-23,2026-08-23T12:00:00Z,Chongqing Tonglianglong FC vs Dalian Yingbo,betsson,OU25,OVER,1.85
2026-08-19T13:06:33Z,China Super League,2026-08-23,2026-08-23T12:00:00Z,Chongqing Tonglianglong FC vs Dalian Yingbo,codere_it,OU25,OVER,1.83
2026-08-19T13:06:33Z,China Super League,2026-08-23,2026-08-23T12:00:00Z,Chongqing Tonglianglong FC vs Dalian Yingbo,nordicbet,OU25,OVER,1.85
2026-08-19T13:06:33Z,China Super League,2026-08-23,2026-08-23T12:00:00Z,Chongqing Tonglianglong FC vs Dalian Yingbo,betsson,OU25,UNDER,1.85
2026-08-19T13:06:33Z,China Super League,2026-08-23,2026-08-23T12:00:00Z,Chongqing Tonglianglong FC vs Dalian Yingbo,codere_it,OU25,UNDER,1.81
2026-08-19T13:06:33Z,China Super League,2026-08-23,2026-08-23T12:00:00Z,Chongqing Tonglianglong FC vs Dalian Yingbo,nordicbet,OU25,UNDER,1.85
2026-08-19T13:06:33Z,China Super League,2026-08-23,2026-08-23T12:00:00Z,Chongqing Tonglianglong FC vs Dalian Yingbo,onexbet,OU25,UNDER,1.86
2026-08-19T13:06:33Z,Brazil Serie A,2026-08-23,2026-08-23T22:30:00Z,Coritiba vs Corinthians,gtbets,OU25,OVER,2.5
2026-08-19T13:06:33Z,Brazil Serie A,2026-08-23,2026-08-23T22:30:00Z,Coritiba vs Corinthians,onexbet,OU25,OVER,2.55
2026-08-19T13:06:33Z,Brazil Serie A,2026-08-23,2026-08-23T22:30:00Z,Coritiba vs Corinthians,onexbet,OU25,UNDER,1.54
2026-08-19T13:06:33Z,Denmark Superliga,2026-08-23,2026-08-23T12:00:00Z,FC Midtjylland vs Randers FC,betsson,OU25,OVER,1.62
2026-08-19T13:06:33Z,Denmark Superliga,2026-08-23,2026-08-23T12:00:00Z,FC Midtjylland vs Randers FC,nordicbet,OU25,OVER,1.62
2026-08-19T13:06:33Z,USA MLS,2026-08-23,2026-08-23T02:30:00Z,Los Angeles FC vs Portland Timbers,onexbet,OU35,OVER,2.03
2026-08-19T13:06:33Z,USA MLS,2026-08-23,2026-08-23T02:30:00Z,Los Angeles FC vs Portland Timbers,onexbet,OU35,UNDER,1.86
2026-08-19T13:06:33Z,La Liga 2,2026-08-23,2026-08-23T17:00:00Z,Sporting Gijón vs Burgos CF,onexbet,OU25,OVER,2.35
2026-08-19T13:06:33Z,La Liga 2,2026-08-23,2026-08-23T17:00:00Z,Sporting Gijón vs Burgos CF,tipico_de,OU25,OVER,2.3
2026-08-19T13:06:33Z,La Liga 2,2026-08-23,2026-08-23T17:00:00Z,Sporting Gijón vs Burgos CF,onexbet,OU25,UNDER,1.62
2026-08-19T13:06:33Z,La Liga 2,2026-08-23,2026-08-23T17:00:00Z,Sporting Gijón vs Burgos CF,tipico_de,OU25,UNDER,1.55
2026-08-19T13:06:33Z,Denmark Superliga,2026-08-23,2026-08-23T16:00:00Z,Viborg FF vs FC Copenhagen,unibet_nl,OU35,OVER,2.35
2026-08-19T13:06:33Z,Denmark Superliga,2026-08-23,2026-08-23T16:00:00Z,Viborg FF vs FC Copenhagen,unibet_se,OU35,OVER,2.35
2026-08-19T13:06:33Z,Denmark Superliga,2026-08-23,2026-08-23T16:00:00Z,Viborg FF vs FC Copenhagen,leovegas_se,OU35,UNDER,1.51
2026-08-19T13:06:33Z,Championship,2026-08-23,2026-08-23T11:00:00Z,West Bromwich Albion vs Burnley,matchbook,OU25,OVER,2.12
2026-08-19T13:06:33Z,Championship,2026-08-23,2026-08-23T11:00:00Z,West Bromwich Albion vs Burnley,matchbook,OU25,UNDER,1.71
2026-08-19T13:06:33Z,La Liga 2,2026-08-24,2026-08-24T17:00:00Z,Celta Fortuna vs Andorra CF,leovegas_se,OU25,OVER,1.88
2026-08-19T13:06:33Z,La Liga 2,2026-08-24,2026-08-24T17:00:00Z,Celta Fortuna vs Andorra CF,pmu_fr,OU25,OVER,1.82
2026-08-19T13:06:33Z,La Liga 2,2026-08-24,2026-08-24T17:00:00Z,Celta Fortuna vs Andorra CF,unibet_se,OU25,OVER,1.89
2026-08-19T13:06:33Z,La Liga 2,2026-08-24,2026-08-24T17:00:00Z,Celta Fortuna vs Andorra CF,leovegas_se,OU25,UNDER,1.76
2026-08-19T13:06:33Z,La Liga 2,2026-08-24,2026-08-24T17:00:00Z,Celta Fortuna vs Andorra CF,pmu_fr,OU25,UNDER,1.7
2026-08-19T13:06:33Z,La Liga 2,2026-08-24,2026-08-24T17:00:00Z,Celta Fortuna vs Andorra CF,unibet_se,OU25,UNDER,1.78
2026-08-19T13:06:33Z,Argentina Primera Division,2026-08-24,2026-08-24T00:30:00Z,Racing Club vs Boca Juniors,onexbet,OU15,OVER,1.57
2026-08-19T13:06:33Z,Argentina Primera Division,2026-08-24,2026-08-24T00:30:00Z,Racing Club vs Boca Juniors,onexbet,OU15,UNDER,2.4
2026-08-19T13:57:17Z,USA MLS,2026-08-19,2026-08-19T23:30:00Z,Columbus Crew SC vs CF Montreal,betsson,OU25,OVER,1.55
2026-08-19T13:57:17Z,USA MLS,2026-08-19,2026-08-19T23:30:00Z,Columbus Crew SC vs CF Montreal,matchbook,OU25,OVER,1.64
2026-08-19T13:57:17Z,USA MLS,2026-08-19,2026-08-19T23:30:00Z,Columbus Crew SC vs CF Montreal,nordicbet,OU25,OVER,1.55
2026-08-19T13:57:17Z,USA MLS,2026-08-19,2026-08-19T23:30:00Z,Columbus Crew SC vs CF Montreal,onexbet,OU25,OVER,1.65
2026-08-19T13:57:17Z,USA MLS,2026-08-19,2026-08-19T23:30:00Z,Columbus Crew SC vs CF Montreal,betsson,OU25,UNDER,2.38
2026-08-19T13:57:17Z,USA MLS,2026-08-19,2026-08-19T23:30:00Z,Columbus Crew SC vs CF Montreal,matchbook,OU25,UNDER,2.52
2026-08-19T13:57:17Z,USA MLS,2026-08-19,2026-08-19T23:30:00Z,Columbus Crew SC vs CF Montreal,nordicbet,OU25,UNDER,2.38
2026-08-19T13:57:17Z,USA MLS,2026-08-19,2026-08-19T23:30:00Z,Columbus Crew SC vs CF Montreal,onexbet,OU25,UNDER,2.35
2026-08-19T13:57:17Z,USA MLS,2026-08-19,2026-08-19T23:30:00Z,D.C. United vs New England Revolution,betanysports,OU25,OVER,1.76
2026-08-19T13:57:17Z,USA MLS,2026-08-19,2026-08-19T23:30:00Z,D.C. United vs New England Revolution,betonlineag,OU25,OVER,1.76
2026-08-19T13:57:17Z,USA MLS,2026-08-19,2026-08-19T23:30:00Z,D.C. United vs New England Revolution,betsson,OU25,OVER,1.72
2026-08-19T13:57:17Z,USA MLS,2026-08-19,2026-08-19T23:30:00Z,D.C. United vs New England Revolution,coolbet,OU25,OVER,1.71
2026-08-19T13:57:17Z,USA MLS,2026-08-19,2026-08-19T23:30:00Z,D.C. United vs New England Revolution,matchbook,OU25,OVER,1.8
2026-08-19T13:57:17Z,USA MLS,2026-08-19,2026-08-19T23:30:00Z,D.C. United vs New England Revolution,nordicbet,OU25,OVER,1.72
2026-08-19T13:57:17Z,USA MLS,2026-08-19,2026-08-19T23:30:00Z,D.C. United vs New England Revolution,onexbet,OU25,OVER,1.8
2026-08-19T13:57:17Z,USA MLS,2026-08-19,2026-08-19T23:30:00Z,D.C. United vs New England Revolution,betanysports,OU25,UNDER,2.11
2026-08-19T13:57:17Z,USA MLS,2026-08-19,2026-08-19T23:30:00Z,D.C. United vs New England Revolution,betonlineag,OU25,UNDER,2.11
2026-08-19T13:57:17Z,USA MLS,2026-08-19,2026-08-19T23:30:00Z,D.C. United vs New England Revolution,betsson,OU25,UNDER,2.08
2026-08-19T13:57:17Z,USA MLS,2026-08-19,2026-08-19T23:30:00Z,D.C. United vs New England Revolution,coolbet,OU25,UNDER,2.1
2026-08-19T13:57:17Z,USA MLS,2026-08-19,2026-08-19T23:30:00Z,D.C. United vs New England Revolution,matchbook,OU25,UNDER,2.22
2026-08-19T13:57:17Z,USA MLS,2026-08-19,2026-08-19T23:30:00Z,D.C. United vs New England Revolution,nordicbet,OU25,UNDER,2.08
2026-08-19T13:57:17Z,USA MLS,2026-08-19,2026-08-19T23:30:00Z,D.C. United vs New England Revolution,onexbet,OU25,UNDER,2.1
2026-08-19T13:57:17Z,USA MLS,2026-08-19,2026-08-19T23:30:00Z,FC Cincinnati vs New York City FC,betanysports,OU35,OVER,2.1
2026-08-19T13:57:17Z,USA MLS,2026-08-19,2026-08-19T23:30:00Z,FC Cincinnati vs New York City FC,betonlineag,OU35,OVER,2.1
2026-08-19T13:57:17Z,USA MLS,2026-08-19,2026-08-19T23:30:00Z,FC Cincinnati vs New York City FC,coolbet,OU35,OVER,2.06
2026-08-19T13:57:17Z,USA MLS,2026-08-19,2026-08-19T23:30:00Z,FC Cincinnati vs New York City FC,onexbet,OU35,OVER,2.11
2026-08-19T13:57:17Z,USA MLS,2026-08-19,2026-08-19T23:30:00Z,FC Cincinnati vs New York City FC,betanysports,OU35,UNDER,1.77
2026-08-19T13:57:17Z,USA MLS,2026-08-19,2026-08-19T23:30:00Z,FC Cincinnati vs New York City FC,betonlineag,OU35,UNDER,1.77
2026-08-19T13:57:17Z,USA MLS,2026-08-19,2026-08-19T23:30:00Z,FC Cincinnati vs New York City FC,coolbet,OU35,UNDER,1.74
2026-08-19T13:57:17Z,USA MLS,2026-08-19,2026-08-19T23:30:00Z,Orlando City SC vs Chicago Fire,betsson,OU25,OVER,1.39
2026-08-19T13:57:17Z,USA MLS,2026-08-19,2026-08-19T23:30:00Z,Orlando City SC vs Chicago Fire,nordicbet,OU25,OVER,1.39
2026-08-19T13:57:17Z,USA MLS,2026-08-19,2026-08-19T23:30:00Z,Orlando City SC vs Chicago Fire,betsson,OU25,UNDER,2.95
2026-08-19T13:57:17Z,USA MLS,2026-08-19,2026-08-19T23:30:00Z,Orlando City SC vs Chicago Fire,nordicbet,OU25,UNDER,2.95
2026-08-19T13:57:17Z,USA MLS,2026-08-19,2026-08-19T23:30:00Z,Orlando City SC vs Chicago Fire,coolbet,OU35,OVER,1.96
2026-08-19T13:57:17Z,USA MLS,2026-08-19,2026-08-19T23:30:00Z,Orlando City SC vs Chicago Fire,matchbook,OU35,OVER,2.04
2026-08-19T13:57:17Z,USA MLS,2026-08-19,2026-08-19T23:30:00Z,Orlando City SC vs Chicago Fire,coolbet,OU35,UNDER,1.82
2026-08-19T13:57:17Z,USA MLS,2026-08-19,2026-08-19T23:30:00Z,Orlando City SC vs Chicago Fire,matchbook,OU35,UNDER,1.92
2026-08-19T13:57:17Z,USA MLS,2026-08-19,2026-08-19T23:30:00Z,Philadelphia Union vs Inter Miami CF,betanysports,OU35,OVER,1.89
2026-08-19T13:57:17Z,USA MLS,2026-08-19,2026-08-19T23:30:00Z,Philadelphia Union vs Inter Miami CF,betonlineag,OU35,OVER,1.89
2026-08-19T13:57:17Z,USA MLS,2026-08-19,2026-08-19T23:30:00Z,Philadelphia Union vs Inter Miami CF,onexbet,OU35,OVER,1.91
2026-08-19T13:57:17Z,USA MLS,2026-08-19,2026-08-19T23:30:00Z,Philadelphia Union vs Inter Miami CF,betanysports,OU35,UNDER,1.93
2026-08-19T13:57:17Z,USA MLS,2026-08-19,2026-08-19T23:30:00Z,Philadelphia Union vs Inter Miami CF,betonlineag,OU35,UNDER,1.93
2026-08-19T13:57:17Z,USA MLS,2026-08-19,2026-08-19T23:30:00Z,Philadelphia Union vs Inter Miami CF,matchbook,OU35,UNDER,2.02
2026-08-19T13:57:17Z,USA MLS,2026-08-19,2026-08-19T23:30:00Z,Philadelphia Union vs Inter Miami CF,onexbet,OU35,UNDER,1.97
2026-08-19T13:57:17Z,USA MLS,2026-08-20,2026-08-20T00:30:00Z,Minnesota United FC vs Atlanta United FC,onexbet,OU25,OVER,1.68
2026-08-19T13:57:17Z,USA MLS,2026-08-20,2026-08-20T00:30:00Z,Minnesota United FC vs Atlanta United FC,betsson,OU25,UNDER,2.22
2026-08-19T13:57:17Z,USA MLS,2026-08-20,2026-08-20T00:30:00Z,Minnesota United FC vs Atlanta United FC,nordicbet,OU25,UNDER,2.22
2026-08-19T13:57:17Z,USA MLS,2026-08-20,2026-08-20T00:30:00Z,Minnesota United FC vs Atlanta United FC,onexbet,OU25,UNDER,2.29
2026-08-19T13:57:17Z,USA MLS,2026-08-20,2026-08-20T02:30:00Z,Portland Timbers vs San Diego FC,betsson,OU25,OVER,1.39
2026-08-19T13:57:17Z,USA MLS,2026-08-20,2026-08-20T02:30:00Z,Portland Timbers vs San Diego FC,nordicbet,OU25,OVER,1.39
2026-08-19T13:57:17Z,USA MLS,2026-08-20,2026-08-20T02:30:00Z,Portland Timbers vs San Diego FC,betsson,OU25,UNDER,2.95
2026-08-19T13:57:17Z,USA MLS,2026-08-20,2026-08-20T02:30:00Z,Portland Timbers vs San Diego FC,nordicbet,OU25,UNDER,2.95
2026-08-19T13:57:17Z,USA MLS,2026-08-20,2026-08-20T02:30:00Z,Portland Timbers vs San Diego FC,coolbet,OU35,OVER,1.9
2026-08-19T13:57:17Z,USA MLS,2026-08-20,2026-08-20T02:30:00Z,Portland Timbers vs San Diego FC,matchbook,OU35,OVER,2.08
2026-08-19T13:57:17Z,USA MLS,2026-08-20,2026-08-20T02:30:00Z,Portland Timbers vs San Diego FC,mybookieag,OU35,OVER,1.9
2026-08-19T13:57:17Z,USA MLS,2026-08-20,2026-08-20T02:30:00Z,Portland Timbers vs San Diego FC,onexbet,OU35,OVER,1.99
2026-08-19T13:57:17Z,USA MLS,2026-08-20,2026-08-20T02:30:00Z,Portland Timbers vs San Diego FC,pinnacle,OU35,OVER,2.0
2026-08-19T13:57:17Z,USA MLS,2026-08-20,2026-08-20T02:30:00Z,Portland Timbers vs San Diego FC,matchbook,OU35,UNDER,1.9
2026-08-19T13:57:17Z,USA MLS,2026-08-20,2026-08-20T02:30:00Z,Portland Timbers vs San Diego FC,mybookieag,OU35,UNDER,1.83
2026-08-19T13:57:17Z,USA MLS,2026-08-20,2026-08-20T02:30:00Z,Portland Timbers vs San Diego FC,onexbet,OU35,UNDER,1.9
2026-08-19T13:57:17Z,USA MLS,2026-08-20,2026-08-20T02:30:00Z,Portland Timbers vs San Diego FC,pinnacle,OU35,UNDER,1.87
2026-08-19T13:57:17Z,USA MLS,2026-08-20,2026-08-20T01:30:00Z,Real Salt Lake vs FC Dallas,tipico_de,OU35,OVER,2.2
2026-08-19T13:57:17Z,USA MLS,2026-08-20,2026-08-20T01:30:00Z,Real Salt Lake vs FC Dallas,tipico_de,OU35,UNDER,1.6
2026-08-19T13:57:17Z,USA MLS,2026-08-20,2026-08-20T01:30:00Z,Seattle Sounders FC vs Austin FC,matchbook,OU25,UNDER,2.46
2026-08-19T13:57:17Z,USA MLS,2026-08-20,2026-08-20T00:00:00Z,Sporting Kansas City vs St. Louis City SC,gtbets,OU35,UNDER,1.59
2026-08-19T13:57:17Z,USA MLS,2026-08-20,2026-08-20T02:30:00Z,Vancouver Whitecaps FC vs Houston Dynamo,matchbook,OU25,OVER,1.73
2026-08-19T13:57:17Z,USA MLS,2026-08-20,2026-08-20T02:30:00Z,Vancouver Whitecaps FC vs Houston Dynamo,onexbet,OU25,OVER,1.71
2026-08-19T13:57:17Z,USA MLS,2026-08-20,2026-08-20T02:30:00Z,Vancouver Whitecaps FC vs Houston Dynamo,williamhill,OU25,OVER,1.65
2026-08-19T13:57:17Z,USA MLS,2026-08-20,2026-08-20T02:30:00Z,Vancouver Whitecaps FC vs Houston Dynamo,onexbet,OU25,UNDER,2.25
2026-08-19T13:57:17Z,USA MLS,2026-08-20,2026-08-20T02:30:00Z,Vancouver Whitecaps FC vs Houston Dynamo,williamhill,OU25,UNDER,2.15
2026-08-19T13:57:17Z,Ireland Premier Division,2026-08-21,2026-08-21T18:45:00Z,Drogheda United vs St Patricks Athletic,onexbet,OU25,OVER,1.94
2026-08-19T13:57:17Z,Ireland Premier Division,2026-08-21,2026-08-21T18:45:00Z,Drogheda United vs St Patricks Athletic,onexbet,OU25,UNDER,1.83
2026-08-19T13:57:17Z,Japan J-League,2026-08-21,2026-08-21T10:30:00Z,FC Tokyo vs JEF United Chiba,onexbet,OU25,OVER,1.91
2026-08-19T13:57:17Z,Japan J-League,2026-08-21,2026-08-21T10:30:00Z,FC Tokyo vs JEF United Chiba,pinnacle,OU25,UNDER,1.91
2026-08-19T13:57:17Z,Ireland Premier Division,2026-08-21,2026-08-21T19:00:00Z,Sligo Rovers vs Waterford FC,onexbet,OU25,OVER,1.72
2026-08-19T13:57:17Z,Ireland Premier Division,2026-08-21,2026-08-21T19:00:00Z,Sligo Rovers vs Waterford FC,betsson,OU25,UNDER,2.08
2026-08-19T13:57:17Z,Ireland Premier Division,2026-08-21,2026-08-21T19:00:00Z,Sligo Rovers vs Waterford FC,nordicbet,OU25,UNDER,2.08
2026-08-19T13:57:17Z,Ireland Premier Division,2026-08-21,2026-08-21T19:00:00Z,Sligo Rovers vs Waterford FC,onexbet,OU25,UNDER,2.08
2026-08-19T13:57:17Z,Championship,2026-08-22,2026-08-22T11:30:00Z,Birmingham City vs Bristol City,matchbook,OU25,UNDER,2.06
2026-08-19T13:57:17Z,Championship,2026-08-22,2026-08-22T14:00:00Z,Derby County vs Cardiff City,matchbook,OU25,UNDER,1.88
2026-08-19T13:57:17Z,Brazil Serie A,2026-08-22,2026-08-22T21:30:00Z,Internacional vs Atletico Mineiro,pmu_fr,OU25,OVER,1.93
2026-08-19T13:57:17Z,Brazil Serie A,2026-08-22,2026-08-22T21:30:00Z,Internacional vs Atletico Mineiro,pmu_fr,OU25,UNDER,1.61
2026-08-19T13:57:17Z,Brazil Serie A,2026-08-22,2026-08-22T21:30:00Z,Internacional vs Atletico Mineiro,unibet_nl,OU25,UNDER,1.72
2026-08-19T13:57:17Z,Brazil Serie A,2026-08-22,2026-08-22T21:30:00Z,Internacional vs Atletico Mineiro,unibet_se,OU25,UNDER,1.72
2026-08-19T13:57:17Z,Championship,2026-08-22,2026-08-22T11:30:00Z,Lincoln City vs Portsmouth,matchbook,OU25,UNDER,1.95
2026-08-19T13:57:17Z,Championship,2026-08-22,2026-08-22T11:30:00Z,Millwall vs Norwich City,onexbet,OU25,OVER,1.92
2026-08-19T13:57:17Z,Championship,2026-08-22,2026-08-22T11:30:00Z,Millwall vs Norwich City,matchbook,OU25,UNDER,1.95
2026-08-19T13:57:17Z,Championship,2026-08-22,2026-08-22T11:30:00Z,Millwall vs Norwich City,onexbet,OU25,UNDER,1.85
2026-08-19T13:57:17Z,USA MLS,2026-08-22,2026-08-22T23:30:00Z,New York Red Bulls vs Chicago Fire,betonlineag,OU35,OVER,1.99
2026-08-19T13:57:17Z,USA MLS,2026-08-22,2026-08-22T23:30:00Z,New York Red Bulls vs Chicago Fire,betonlineag,OU35,UNDER,1.84
2026-08-19T13:57:17Z,League One,2026-08-22,2026-08-22T14:00:00Z,Peterborough United vs Mansfield Town,onexbet,OU25,OVER,1.64
2026-08-19T13:57:17Z,League One,2026-08-22,2026-08-22T14:00:00Z,Peterborough United vs Mansfield Town,onexbet,OU25,UNDER,2.21
2026-08-19T13:57:17Z,Championship,2026-08-22,2026-08-22T14:00:00Z,Wrexham AFC vs Watford,matchbook,OU25,OVER,1.9
2026-08-19T13:57:17Z,Championship,2026-08-22,2026-08-22T14:00:00Z,Wrexham AFC vs Watford,onexbet,OU25,OVER,1.87
2026-08-19T13:57:17Z,Championship,2026-08-22,2026-08-22T14:00:00Z,Wrexham AFC vs Watford,matchbook,OU25,UNDER,1.95
2026-08-19T13:57:17Z,Championship,2026-08-22,2026-08-22T14:00:00Z,Wrexham AFC vs Watford,onexbet,OU25,UNDER,1.9
2026-08-19T13:57:17Z,China Super League,2026-08-22,2026-08-22T11:00:00Z,Wuhan Three Towns vs Tianjin Jinmen Tiger FC,betsson,OU25,OVER,1.7
2026-08-19T13:57:17Z,China Super League,2026-08-22,2026-08-22T11:00:00Z,Wuhan Three Towns vs Tianjin Jinmen Tiger FC,codere_it,OU25,OVER,1.67
2026-08-19T13:57:17Z,China Super League,2026-08-22,2026-08-22T11:00:00Z,Wuhan Three Towns vs Tianjin Jinmen Tiger FC,nordicbet,OU25,OVER,1.7
2026-08-19T13:57:17Z,China Super League,2026-08-22,2026-08-22T11:00:00Z,Wuhan Three Towns vs Tianjin Jinmen Tiger FC,betsson,OU25,UNDER,2.02
2026-08-19T13:57:17Z,China Super League,2026-08-22,2026-08-22T11:00:00Z,Wuhan Three Towns vs Tianjin Jinmen Tiger FC,codere_it,OU25,UNDER,1.99
2026-08-19T13:57:17Z,China Super League,2026-08-22,2026-08-22T11:00:00Z,Wuhan Three Towns vs Tianjin Jinmen Tiger FC,nordicbet,OU25,UNDER,2.02
2026-08-19T13:57:17Z,League One,2026-08-22,2026-08-22T14:00:00Z,Wycombe Wanderers vs Plymouth Argyle,codere_it,OU25,OVER,1.75
2026-08-19T13:57:17Z,League One,2026-08-22,2026-08-22T14:00:00Z,Wycombe Wanderers vs Plymouth Argyle,codere_it,OU25,UNDER,1.89
2026-08-19T13:57:17Z,Sweden Allsvenskan,2026-08-22,2026-08-22T13:00:00Z,Örgryte IS vs Halmstads BK,matchbook,OU35,OVER,2.42
2026-08-19T13:57:17Z,Sweden Allsvenskan,2026-08-22,2026-08-22T13:00:00Z,Örgryte IS vs Halmstads BK,matchbook,OU35,UNDER,1.41
2026-08-19T13:57:17Z,Denmark Superliga,2026-08-23,2026-08-23T14:00:00Z,AC Horsens vs Lyngby,onexbet,OU25,OVER,1.84
2026-08-19T13:57:17Z,Denmark Superliga,2026-08-23,2026-08-23T14:00:00Z,AC Horsens vs Lyngby,pinnacle,OU25,OVER,1.86
2026-08-19T13:57:17Z,Denmark Superliga,2026-08-23,2026-08-23T14:00:00Z,AC Horsens vs Lyngby,onexbet,OU25,UNDER,1.93
2026-08-19T13:57:17Z,Denmark Superliga,2026-08-23,2026-08-23T14:00:00Z,AC Horsens vs Lyngby,pinnacle,OU25,UNDER,1.98
2026-08-19T13:57:17Z,Argentina Primera Division,2026-08-23,2026-08-23T00:00:00Z,Atlético Huracán vs Deportivo Riestra,onexbet,OU15,OVER,1.66
2026-08-19T13:57:17Z,Argentina Primera Division,2026-08-23,2026-08-23T00:00:00Z,Atlético Huracán vs Deportivo Riestra,onexbet,OU15,UNDER,2.23
2026-08-19T13:57:17Z,Mexico Liga MX,2026-08-23,2026-08-23T23:00:00Z,Atlético San Luis vs Pachuca,onexbet,OU25,OVER,1.81
2026-08-19T13:57:17Z,Mexico Liga MX,2026-08-23,2026-08-23T23:00:00Z,Atlético San Luis vs Pachuca,onexbet,OU25,UNDER,1.95
2026-08-19T13:57:17Z,USA MLS,2026-08-23,2026-08-23T00:30:00Z,Austin FC vs Philadelphia Union,betsson,OU25,OVER,1.68
2026-08-19T13:57:17Z,USA MLS,2026-08-23,2026-08-23T00:30:00Z,Austin FC vs Philadelphia Union,nordicbet,OU25,OVER,1.68
2026-08-19T13:57:17Z,USA MLS,2026-08-23,2026-08-23T00:30:00Z,Austin FC vs Philadelphia Union,betsson,OU25,UNDER,2.12
2026-08-19T13:57:17Z,USA MLS,2026-08-23,2026-08-23T00:30:00Z,Austin FC vs Philadelphia Union,nordicbet,OU25,UNDER,2.12
2026-08-19T13:57:17Z,Serie B,2026-08-23,2026-08-23T19:00:00Z,Cesena FC vs Sampdoria,betsson,OU25,OVER,1.95
2026-08-19T13:57:17Z,Serie B,2026-08-23,2026-08-23T19:00:00Z,Cesena FC vs Sampdoria,codere_it,OU25,OVER,1.94
2026-08-19T13:57:17Z,Serie B,2026-08-23,2026-08-23T19:00:00Z,Cesena FC vs Sampdoria,nordicbet,OU25,OVER,1.95
2026-08-19T13:57:17Z,Serie B,2026-08-23,2026-08-23T19:00:00Z,Cesena FC vs Sampdoria,tipico_de,OU25,OVER,1.93
2026-08-19T13:57:17Z,Serie B,2026-08-23,2026-08-23T19:00:00Z,Cesena FC vs Sampdoria,betsson,OU25,UNDER,1.75
2026-08-19T13:57:17Z,Serie B,2026-08-23,2026-08-23T19:00:00Z,Cesena FC vs Sampdoria,codere_it,OU25,UNDER,1.74
2026-08-19T13:57:17Z,Serie B,2026-08-23,2026-08-23T19:00:00Z,Cesena FC vs Sampdoria,nordicbet,OU25,UNDER,1.75
2026-08-19T13:57:17Z,Brazil Serie A,2026-08-23,2026-08-23T21:30:00Z,Chapecoense vs Sao Paulo,matchbook,OU25,OVER,2.12
2026-08-19T13:57:17Z,Brazil Serie A,2026-08-23,2026-08-23T21:30:00Z,Chapecoense vs Sao Paulo,matchbook,OU25,UNDER,1.64
2026-08-19T13:57:17Z,China Super League,2026-08-23,2026-08-23T12:00:00Z,Chongqing Tonglianglong FC vs Dalian Yingbo,pinnacle,OU25,OVER,1.98
2026-08-19T13:57:17Z,Mexico Liga MX,2026-08-23,2026-08-23T03:00:00Z,Cruz Azul vs Atlas,coolbet,OU25,OVER,1.76
2026-08-19T13:57:17Z,Mexico Liga MX,2026-08-23,2026-08-23T03:00:00Z,Cruz Azul vs Atlas,coolbet,OU25,UNDER,2.03
2026-08-19T13:57:17Z,Sweden Allsvenskan,2026-08-23,2026-08-23T12:00:00Z,IFK Goteborg vs IF Elfsborg,leovegas_se,OU25,OVER,1.82
2026-08-19T13:57:17Z,Sweden Allsvenskan,2026-08-23,2026-08-23T12:00:00Z,IFK Goteborg vs IF Elfsborg,onexbet,OU25,OVER,1.76
2026-08-19T13:57:17Z,Sweden Allsvenskan,2026-08-23,2026-08-23T12:00:00Z,IFK Goteborg vs IF Elfsborg,pmu_fr,OU25,OVER,1.75
2026-08-19T13:57:17Z,Sweden Allsvenskan,2026-08-23,2026-08-23T12:00:00Z,IFK Goteborg vs IF Elfsborg,unibet_nl,OU25,OVER,1.82
2026-08-19T13:57:17Z,Sweden Allsvenskan,2026-08-23,2026-08-23T12:00:00Z,IFK Goteborg vs IF Elfsborg,unibet_se,OU25,OVER,1.82
2026-08-19T13:57:17Z,Sweden Allsvenskan,2026-08-23,2026-08-23T12:00:00Z,IFK Goteborg vs IF Elfsborg,leovegas_se,OU25,UNDER,1.85
2026-08-19T13:57:17Z,Sweden Allsvenskan,2026-08-23,2026-08-23T12:00:00Z,IFK Goteborg vs IF Elfsborg,onexbet,OU25,UNDER,2.03
2026-08-19T13:57:17Z,Sweden Allsvenskan,2026-08-23,2026-08-23T12:00:00Z,IFK Goteborg vs IF Elfsborg,pmu_fr,OU25,UNDER,1.77
2026-08-19T13:57:17Z,Sweden Allsvenskan,2026-08-23,2026-08-23T12:00:00Z,IFK Goteborg vs IF Elfsborg,unibet_nl,OU25,UNDER,1.85
2026-08-19T13:57:17Z,Sweden Allsvenskan,2026-08-23,2026-08-23T12:00:00Z,IFK Goteborg vs IF Elfsborg,unibet_se,OU25,UNDER,1.85
2026-08-19T13:57:17Z,USA MLS,2026-08-23,2026-08-23T02:30:00Z,Los Angeles FC vs Portland Timbers,onexbet,OU35,OVER,2.04
2026-08-19T13:57:17Z,USA MLS,2026-08-23,2026-08-23T02:30:00Z,Los Angeles FC vs Portland Timbers,onexbet,OU35,UNDER,1.85
2026-08-19T13:57:17Z,Argentina Primera Division,2026-08-24,2026-08-24T00:30:00Z,Racing Club vs Boca Juniors,onexbet,OU15,OVER,1.56
2026-08-19T13:57:17Z,Argentina Primera Division,2026-08-24,2026-08-24T00:30:00Z,Racing Club vs Boca Juniors,onexbet,OU15,UNDER,2.43
2026-08-19T14:43:54Z,USA MLS,2026-08-19,2026-08-19T23:30:00Z,D.C. United vs New England Revolution,betanysports,OU25,OVER,1.74
2026-08-19T14:43:54Z,USA MLS,2026-08-19,2026-08-19T23:30:00Z,D.C. United vs New England Revolution,betonlineag,OU25,OVER,1.74
2026-08-19T14:43:54Z,USA MLS,2026-08-19,2026-08-19T23:30:00Z,D.C. United vs New England Revolution,betsson,OU25,OVER,1.7
2026-08-19T14:43:54Z,USA MLS,2026-08-19,2026-08-19T23:30:00Z,D.C. United vs New England Revolution,matchbook,OU25,OVER,1.78
2026-08-19T14:43:54Z,USA MLS,2026-08-19,2026-08-19T23:30:00Z,D.C. United vs New England Revolution,nordicbet,OU25,OVER,1.7
2026-08-19T14:43:54Z,USA MLS,2026-08-19,2026-08-19T23:30:00Z,D.C. United vs New England Revolution,onexbet,OU25,OVER,1.78
2026-08-19T14:43:54Z,USA MLS,2026-08-19,2026-08-19T23:30:00Z,D.C. United vs New England Revolution,betanysports,OU25,UNDER,2.15
2026-08-19T14:43:54Z,USA MLS,2026-08-19,2026-08-19T23:30:00Z,D.C. United vs New England Revolution,betonlineag,OU25,UNDER,2.15
2026-08-19T14:43:54Z,USA MLS,2026-08-19,2026-08-19T23:30:00Z,D.C. United vs New England Revolution,betsson,OU25,UNDER,2.12
2026-08-19T14:43:54Z,USA MLS,2026-08-19,2026-08-19T23:30:00Z,D.C. United vs New England Revolution,matchbook,OU25,UNDER,2.24
2026-08-19T14:43:54Z,USA MLS,2026-08-19,2026-08-19T23:30:00Z,D.C. United vs New England Revolution,nordicbet,OU25,UNDER,2.12
2026-08-19T14:43:54Z,USA MLS,2026-08-19,2026-08-19T23:30:00Z,D.C. United vs New England Revolution,onexbet,OU25,UNDER,2.13
2026-08-19T14:43:54Z,USA MLS,2026-08-19,2026-08-19T23:30:00Z,FC Cincinnati vs New York City FC,betsson,OU25,OVER,1.41
2026-08-19T14:43:54Z,USA MLS,2026-08-19,2026-08-19T23:30:00Z,FC Cincinnati vs New York City FC,nordicbet,OU25,OVER,1.41
2026-08-19T14:43:54Z,USA MLS,2026-08-19,2026-08-19T23:30:00Z,FC Cincinnati vs New York City FC,williamhill,OU25,OVER,1.4
2026-08-19T14:43:54Z,USA MLS,2026-08-19,2026-08-19T23:30:00Z,FC Cincinnati vs New York City FC,betsson,OU25,UNDER,2.85
2026-08-19T14:43:54Z,USA MLS,2026-08-19,2026-08-19T23:30:00Z,FC Cincinnati vs New York City FC,nordicbet,OU25,UNDER,2.85
2026-08-19T14:43:54Z,USA MLS,2026-08-19,2026-08-19T23:30:00Z,FC Cincinnati vs New York City FC,williamhill,OU25,UNDER,2.8
2026-08-19T14:43:54Z,USA MLS,2026-08-19,2026-08-19T23:30:00Z,FC Cincinnati vs New York City FC,matchbook,OU35,OVER,2.12
2026-08-19T14:43:54Z,USA MLS,2026-08-19,2026-08-19T23:30:00Z,FC Cincinnati vs New York City FC,mybookieag,OU35,OVER,2.04
2026-08-19T14:43:54Z,USA MLS,2026-08-19,2026-08-19T23:30:00Z,FC Cincinnati vs New York City FC,tipico_de,OU35,OVER,1.93
2026-08-19T14:43:54Z,USA MLS,2026-08-19,2026-08-19T23:30:00Z,FC Cincinnati vs New York City FC,matchbook,OU35,UNDER,1.84
2026-08-19T14:43:54Z,USA MLS,2026-08-19,2026-08-19T23:30:00Z,FC Cincinnati vs New York City FC,mybookieag,OU35,UNDER,1.72
2026-08-19T14:43:54Z,USA MLS,2026-08-19,2026-08-19T23:30:00Z,New York Red Bulls vs Nashville SC,betsson,OU25,OVER,1.55
2026-08-19T14:43:54Z,USA MLS,2026-08-19,2026-08-19T23:30:00Z,New York Red Bulls vs Nashville SC,nordicbet,OU25,OVER,1.55
2026-08-19T14:43:54Z,USA MLS,2026-08-19,2026-08-19T23:30:00Z,New York Red Bulls vs Nashville SC,matchbook,OU35,OVER,2.48
2026-08-19T14:43:54Z,USA MLS,2026-08-19,2026-08-19T23:30:00Z,New York Red Bulls vs Nashville SC,onexbet,OU35,OVER,2.33
2026-08-19T14:43:54Z,USA MLS,2026-08-19,2026-08-19T23:30:00Z,New York Red Bulls vs Nashville SC,tipico_de,OU35,OVER,2.25
2026-08-19T14:43:54Z,USA MLS,2026-08-19,2026-08-19T23:30:00Z,New York Red Bulls vs Nashville SC,matchbook,OU35,UNDER,1.66
2026-08-19T14:43:54Z,USA MLS,2026-08-19,2026-08-19T23:30:00Z,New York Red Bulls vs Nashville SC,onexbet,OU35,UNDER,1.66
2026-08-19T14:43:54Z,USA MLS,2026-08-19,2026-08-19T23:30:00Z,New York Red Bulls vs Nashville SC,tipico_de,OU35,UNDER,1.55
2026-08-19T14:43:54Z,USA MLS,2026-08-19,2026-08-19T23:30:00Z,Orlando City SC vs Chicago Fire,betsson,OU25,OVER,1.37
2026-08-19T14:43:54Z,USA MLS,2026-08-19,2026-08-19T23:30:00Z,Orlando City SC vs Chicago Fire,nordicbet,OU25,OVER,1.37
2026-08-19T14:43:54Z,USA MLS,2026-08-19,2026-08-19T23:30:00Z,Orlando City SC vs Chicago Fire,williamhill,OU25,OVER,1.35
2026-08-19T14:43:54Z,USA MLS,2026-08-19,2026-08-19T23:30:00Z,Orlando City SC vs Chicago Fire,betsson,OU25,UNDER,3.05
2026-08-19T14:43:54Z,USA MLS,2026-08-19,2026-08-19T23:30:00Z,Orlando City SC vs Chicago Fire,nordicbet,OU25,UNDER,3.05
2026-08-19T14:43:54Z,USA MLS,2026-08-19,2026-08-19T23:30:00Z,Orlando City SC vs Chicago Fire,williamhill,OU25,UNDER,3.0
2026-08-19T14:43:54Z,USA MLS,2026-08-19,2026-08-19T23:30:00Z,Orlando City SC vs Chicago Fire,betanysports,OU35,OVER,1.89
2026-08-19T14:43:54Z,USA MLS,2026-08-19,2026-08-19T23:30:00Z,Orlando City SC vs Chicago Fire,betonlineag,OU35,OVER,1.89
2026-08-19T14:43:54Z,USA MLS,2026-08-19,2026-08-19T23:30:00Z,Orlando City SC vs Chicago Fire,coolbet,OU35,OVER,1.93
2026-08-19T14:43:54Z,USA MLS,2026-08-19,2026-08-19T23:30:00Z,Orlando City SC vs Chicago Fire,matchbook,OU35,OVER,1.99
2026-08-19T14:43:54Z,USA MLS,2026-08-19,2026-08-19T23:30:00Z,Orlando City SC vs Chicago Fire,onexbet,OU35,OVER,1.94
2026-08-19T14:43:54Z,USA MLS,2026-08-19,2026-08-19T23:30:00Z,Orlando City SC vs Chicago Fire,pinnacle,OU35,OVER,1.92
2026-08-19T14:43:54Z,USA MLS,2026-08-19,2026-08-19T23:30:00Z,Orlando City SC vs Chicago Fire,tipico_de,OU35,OVER,1.8
2026-08-19T14:43:54Z,USA MLS,2026-08-19,2026-08-19T23:30:00Z,Orlando City SC vs Chicago Fire,betanysports,OU35,UNDER,1.93
2026-08-19T14:43:54Z,USA MLS,2026-08-19,2026-08-19T23:30:00Z,Orlando City SC vs Chicago Fire,betonlineag,OU35,UNDER,1.93
2026-08-19T14:43:54Z,USA MLS,2026-08-19,2026-08-19T23:30:00Z,Orlando City SC vs Chicago Fire,coolbet,OU35,UNDER,1.85
2026-08-19T14:43:54Z,USA MLS,2026-08-19,2026-08-19T23:30:00Z,Orlando City SC vs Chicago Fire,matchbook,OU35,UNDER,1.97
2026-08-19T14:43:54Z,USA MLS,2026-08-19,2026-08-19T23:30:00Z,Orlando City SC vs Chicago Fire,onexbet,OU35,UNDER,1.94
2026-08-19T14:43:54Z,USA MLS,2026-08-19,2026-08-19T23:30:00Z,Orlando City SC vs Chicago Fire,pinnacle,OU35,UNDER,1.97
2026-08-19T14:43:54Z,USA MLS,2026-08-19,2026-08-19T23:30:00Z,Orlando City SC vs Chicago Fire,tipico_de,OU35,UNDER,1.9
2026-08-19T14:43:54Z,USA MLS,2026-08-19,2026-08-19T23:30:00Z,Philadelphia Union vs Inter Miami CF,matchbook,OU35,OVER,1.93
2026-08-19T14:43:54Z,USA MLS,2026-08-19,2026-08-19T23:30:00Z,Philadelphia Union vs Inter Miami CF,pinnacle,OU35,OVER,1.9
2026-08-19T14:43:54Z,USA MLS,2026-08-19,2026-08-19T23:30:00Z,Philadelphia Union vs Inter Miami CF,pinnacle,OU35,UNDER,1.98
2026-08-19T14:43:54Z,USA MLS,2026-08-19,2026-08-19T23:30:00Z,Toronto FC vs Charlotte FC,matchbook,OU25,OVER,1.67
2026-08-19T14:43:54Z,USA MLS,2026-08-19,2026-08-19T23:30:00Z,Toronto FC vs Charlotte FC,betsson,OU25,UNDER,2.28
2026-08-19T14:43:54Z,USA MLS,2026-08-19,2026-08-19T23:30:00Z,Toronto FC vs Charlotte FC,matchbook,OU25,UNDER,2.44
2026-08-19T14:43:54Z,USA MLS,2026-08-19,2026-08-19T23:30:00Z,Toronto FC vs Charlotte FC,nordicbet,OU25,UNDER,2.28
2026-08-19T14:43:54Z,USA MLS,2026-08-20,2026-08-20T01:30:00Z,Colorado Rapids vs Los Angeles FC,leovegas_se,OU25,OVER,1.68
2026-08-19T14:43:54Z,USA MLS,2026-08-20,2026-08-20T01:30:00Z,Colorado Rapids vs Los Angeles FC,onexbet,OU25,OVER,1.78
2026-08-19T14:43:54Z,USA MLS,2026-08-20,2026-08-20T01:30:00Z,Colorado Rapids vs Los Angeles FC,pmu_fr,OU25,OVER,1.57
2026-08-19T14:43:54Z,USA MLS,2026-08-20,2026-08-20T01:30:00Z,Colorado Rapids vs Los Angeles FC,unibet_nl,OU25,OVER,1.68
2026-08-19T14:43:54Z,USA MLS,2026-08-20,2026-08-20T01:30:00Z,Colorado Rapids vs Los Angeles FC,unibet_se,OU25,OVER,1.68
2026-08-19T14:43:54Z,USA MLS,2026-08-20,2026-08-20T01:30:00Z,Colorado Rapids vs Los Angeles FC,leovegas_se,OU25,UNDER,2.12
2026-08-19T14:43:54Z,USA MLS,2026-08-20,2026-08-20T01:30:00Z,Colorado Rapids vs Los Angeles FC,onexbet,OU25,UNDER,2.13
2026-08-19T14:43:54Z,USA MLS,2026-08-20,2026-08-20T01:30:00Z,Colorado Rapids vs Los Angeles FC,pmu_fr,OU25,UNDER,1.97
2026-08-19T14:43:54Z,USA MLS,2026-08-20,2026-08-20T01:30:00Z,Colorado Rapids vs Los Angeles FC,unibet_nl,OU25,UNDER,2.12
2026-08-19T14:43:54Z,USA MLS,2026-08-20,2026-08-20T01:30:00Z,Colorado Rapids vs Los Angeles FC,unibet_se,OU25,UNDER,2.12
2026-08-19T14:43:54Z,USA MLS,2026-08-20,2026-08-20T02:30:00Z,LA Galaxy vs San Jose Earthquakes,betsson,OU25,OVER,1.39
2026-08-19T14:43:54Z,USA MLS,2026-08-20,2026-08-20T02:30:00Z,LA Galaxy vs San Jose Earthquakes,nordicbet,OU25,OVER,1.41
2026-08-19T14:43:54Z,USA MLS,2026-08-20,2026-08-20T02:30:00Z,LA Galaxy vs San Jose Earthquakes,betsson,OU25,UNDER,2.95
2026-08-19T14:43:54Z,USA MLS,2026-08-20,2026-08-20T02:30:00Z,LA Galaxy vs San Jose Earthquakes,nordicbet,OU25,UNDER,2.85
2026-08-19T14:43:54Z,USA MLS,2026-08-20,2026-08-20T02:30:00Z,LA Galaxy vs San Jose Earthquakes,matchbook,OU35,OVER,2.14
2026-08-19T14:43:54Z,USA MLS,2026-08-20,2026-08-20T02:30:00Z,LA Galaxy vs San Jose Earthquakes,matchbook,OU35,UNDER,1.86
2026-08-19T14:43:54Z,USA MLS,2026-08-20,2026-08-20T00:30:00Z,Minnesota United FC vs Atlanta United FC,betsson,OU25,OVER,1.65
2026-08-19T14:43:54Z,USA MLS,2026-08-20,2026-08-20T00:30:00Z,Minnesota United FC vs Atlanta United FC,nordicbet,OU25,OVER,1.65
2026-08-19T14:43:54Z,USA MLS,2026-08-20,2026-08-20T00:30:00Z,Minnesota United FC vs Atlanta United FC,onexbet,OU25,OVER,1.7
2026-08-19T14:43:54Z,USA MLS,2026-08-20,2026-08-20T00:30:00Z,Minnesota United FC vs Atlanta United FC,onexbet,OU25,UNDER,2.27
2026-08-19T14:43:54Z,USA MLS,2026-08-20,2026-08-20T02:30:00Z,Portland Timbers vs San Diego FC,betanysports,OU35,OVER,1.97
2026-08-19T14:43:54Z,USA MLS,2026-08-20,2026-08-20T02:30:00Z,Portland Timbers vs San Diego FC,betonlineag,OU35,OVER,1.97
2026-08-19T14:43:54Z,USA MLS,2026-08-20,2026-08-20T02:30:00Z,Portland Timbers vs San Diego FC,pinnacle,OU35,OVER,2.01
2026-08-19T14:43:54Z,USA MLS,2026-08-20,2026-08-20T02:30:00Z,Portland Timbers vs San Diego FC,betanysports,OU35,UNDER,1.85
2026-08-19T14:43:54Z,USA MLS,2026-08-20,2026-08-20T02:30:00Z,Portland Timbers vs San Diego FC,betonlineag,OU35,UNDER,1.85
2026-08-19T14:43:54Z,USA MLS,2026-08-20,2026-08-20T02:30:00Z,Portland Timbers vs San Diego FC,pinnacle,OU35,UNDER,1.88
2026-08-19T14:43:54Z,USA MLS,2026-08-20,2026-08-20T01:30:00Z,Real Salt Lake vs FC Dallas,betsson,OU25,OVER,1.5
2026-08-19T14:43:54Z,USA MLS,2026-08-20,2026-08-20T01:30:00Z,Real Salt Lake vs FC Dallas,nordicbet,OU25,OVER,1.5
2026-08-19T14:43:54Z,USA MLS,2026-08-20,2026-08-20T01:30:00Z,Real Salt Lake vs FC Dallas,betsson,OU25,UNDER,2.52
2026-08-19T14:43:54Z,USA MLS,2026-08-20,2026-08-20T01:30:00Z,Real Salt Lake vs FC Dallas,nordicbet,OU25,UNDER,2.52
2026-08-19T14:43:54Z,USA MLS,2026-08-20,2026-08-20T01:30:00Z,Real Salt Lake vs FC Dallas,matchbook,OU35,OVER,2.44
2026-08-19T14:43:54Z,USA MLS,2026-08-20,2026-08-20T01:30:00Z,Real Salt Lake vs FC Dallas,tipico_de,OU35,OVER,2.15
2026-08-19T14:43:54Z,USA MLS,2026-08-20,2026-08-20T01:30:00Z,Real Salt Lake vs FC Dallas,matchbook,OU35,UNDER,1.68
2026-08-19T14:43:54Z,USA MLS,2026-08-20,2026-08-20T01:30:00Z,Real Salt Lake vs FC Dallas,tipico_de,OU35,UNDER,1.62
2026-08-19T14:43:54Z,USA MLS,2026-08-20,2026-08-20T01:30:00Z,Seattle Sounders FC vs Austin FC,betsson,OU25,OVER,1.62
2026-08-19T14:43:54Z,USA MLS,2026-08-20,2026-08-20T01:30:00Z,Seattle Sounders FC vs Austin FC,matchbook,OU25,OVER,1.7
2026-08-19T14:43:54Z,USA MLS,2026-08-20,2026-08-20T01:30:00Z,Seattle Sounders FC vs Austin FC,nordicbet,OU25,OVER,1.62
2026-08-19T14:43:54Z,USA MLS,2026-08-20,2026-08-20T01:30:00Z,Seattle Sounders FC vs Austin FC,tipico_de,OU25,OVER,1.55
2026-08-19T14:43:54Z,USA MLS,2026-08-20,2026-08-20T01:30:00Z,Seattle Sounders FC vs Austin FC,williamhill,OU25,OVER,1.62
2026-08-19T14:43:54Z,USA MLS,2026-08-20,2026-08-20T01:30:00Z,Seattle Sounders FC vs Austin FC,betsson,OU25,UNDER,2.28
2026-08-19T14:43:54Z,USA MLS,2026-08-20,2026-08-20T01:30:00Z,Seattle Sounders FC vs Austin FC,matchbook,OU25,UNDER,2.36
2026-08-19T14:43:54Z,USA MLS,2026-08-20,2026-08-20T01:30:00Z,Seattle Sounders FC vs Austin FC,nordicbet,OU25,UNDER,2.28
2026-08-19T14:43:54Z,USA MLS,2026-08-20,2026-08-20T01:30:00Z,Seattle Sounders FC vs Austin FC,tipico_de,OU25,UNDER,2.25
2026-08-19T14:43:54Z,USA MLS,2026-08-20,2026-08-20T01:30:00Z,Seattle Sounders FC vs Austin FC,williamhill,OU25,UNDER,2.2
2026-08-19T14:43:54Z,USA MLS,2026-08-20,2026-08-20T02:30:00Z,Vancouver Whitecaps FC vs Houston Dynamo,matchbook,OU25,OVER,1.74
2026-08-19T14:43:54Z,La Liga 2,2026-08-21,2026-08-21T19:00:00Z,Córdoba vs Girona FC,matchbook,OU25,OVER,1.84
2026-08-19T14:43:54Z,La Liga 2,2026-08-21,2026-08-21T19:00:00Z,Córdoba vs Girona FC,matchbook,OU25,UNDER,1.98
2026-08-19T14:43:54Z,Finland Veikkausliiga,2026-08-21,2026-08-21T16:00:00Z,SJK Seinäjoki vs FC Lahti,onexbet,OU25,OVER,1.66
2026-08-19T14:43:54Z,Finland Veikkausliiga,2026-08-21,2026-08-21T16:00:00Z,SJK Seinäjoki vs FC Lahti,onexbet,OU25,UNDER,2.18
2026-08-19T14:43:54Z,Serie B,2026-08-21,2026-08-21T18:30:00Z,Vicenza vs US Catanzaro 1929,matchbook,OU25,UNDER,1.7
2026-08-19T14:43:54Z,Championship,2026-08-22,2026-08-22T11:30:00Z,Birmingham City vs Bristol City,matchbook,OU25,OVER,1.83
2026-08-19T14:43:54Z,Championship,2026-08-22,2026-08-22T11:30:00Z,Birmingham City vs Bristol City,matchbook,OU25,UNDER,2.08
2026-08-19T14:43:54Z,League Two,2026-08-22,2026-08-22T11:30:00Z,Bristol Rovers vs Newport County,matchbook,OU25,OVER,1.86
2026-08-19T14:43:54Z,League Two,2026-08-22,2026-08-22T11:30:00Z,Bristol Rovers vs Newport County,matchbook,OU25,UNDER,1.92
2026-08-19T14:43:54Z,League One,2026-08-22,2026-08-22T14:00:00Z,Bromley FC vs Cambridge United,matchbook,OU25,OVER,1.9
2026-08-19T14:43:54Z,League One,2026-08-22,2026-08-22T14:00:00Z,Bromley FC vs Cambridge United,matchbook,OU25,UNDER,1.68
2026-08-19T14:43:54Z,USA MLS,2026-08-22,2026-08-22T23:30:00Z,Charlotte FC vs D.C. United,onexbet,OU25,UNDER,2.24
2026-08-19T14:43:54Z,League Two,2026-08-22,2026-08-22T14:00:00Z,Crewe Alexandra vs Northampton Town,matchbook,OU25,OVER,1.85
2026-08-19T14:43:54Z,League Two,2026-08-22,2026-08-22T14:00:00Z,Crewe Alexandra vs Northampton Town,matchbook,OU25,UNDER,1.7
2026-08-19T14:43:54Z,USA MLS,2026-08-22,2026-08-22T23:30:00Z,FC Cincinnati vs Seattle Sounders FC,onexbet,OU35,OVER,2.02
2026-08-19T14:43:54Z,League Two,2026-08-22,2026-08-22T14:00:00Z,Fleetwood Town vs Gillingham,onexbet,OU25,OVER,1.89
2026-08-19T14:43:54Z,League Two,2026-08-22,2026-08-22T14:00:00Z,Fleetwood Town vs Gillingham,pinnacle,OU25,OVER,1.91
2026-08-19T14:43:54Z,League Two,2026-08-22,2026-08-22T14:00:00Z,Fleetwood Town vs Gillingham,tipico_de,OU25,OVER,1.85
2026-08-19T14:43:54Z,League Two,2026-08-22,2026-08-22T14:00:00Z,Fleetwood Town vs Gillingham,onexbet,OU25,UNDER,1.86
2026-08-19T14:43:54Z,League Two,2026-08-22,2026-08-22T14:00:00Z,Fleetwood Town vs Gillingham,pinnacle,OU25,UNDER,1.88
2026-08-19T14:43:54Z,Brazil Serie A,2026-08-22,2026-08-22T19:00:00Z,Fluminense vs Remo,matchbook,OU25,OVER,1.84
2026-08-19T14:43:54Z,Brazil Serie A,2026-08-22,2026-08-22T21:30:00Z,Internacional vs Atletico Mineiro,matchbook,OU25,OVER,2.0
2026-08-19T14:43:54Z,Brazil Serie A,2026-08-22,2026-08-22T21:30:00Z,Internacional vs Atletico Mineiro,matchbook,OU25,UNDER,1.84
2026-08-19T14:43:54Z,Championship,2026-08-22,2026-08-22T11:30:00Z,Lincoln City vs Portsmouth,matchbook,OU25,UNDER,1.97
2026-08-19T14:43:54Z,Championship,2026-08-22,2026-08-22T11:30:00Z,Millwall vs Norwich City,matchbook,OU25,OVER,1.97
2026-08-19T14:43:54Z,Championship,2026-08-22,2026-08-22T11:30:00Z,Millwall vs Norwich City,matchbook,OU25,UNDER,1.9
2026-08-19T14:43:54Z,League One,2026-08-22,2026-08-22T14:00:00Z,Milton Keynes Dons vs Huddersfield Town,matchbook,OU35,OVER,2.74
2026-08-19T14:43:54Z,League One,2026-08-22,2026-08-22T14:00:00Z,Milton Keynes Dons vs Huddersfield Town,matchbook,OU35,UNDER,1.32
2026-08-19T14:43:54Z,Championship,2026-08-22,2026-08-22T14:00:00Z,Queens Park Rangers vs Bolton Wanderers,matchbook,OU25,UNDER,1.9
2026-08-19T14:43:54Z,League Two,2026-08-22,2026-08-22T14:00:00Z,Rochdale vs Crawley Town,matchbook,OU25,OVER,1.75
2026-08-19T14:43:54Z,League Two,2026-08-22,2026-08-22T14:00:00Z,Rochdale vs Crawley Town,matchbook,OU25,UNDER,1.8
2026-08-19T14:43:54Z,League Two,2026-08-22,2026-08-22T14:00:00Z,Rotherham United vs York City,matchbook,OU35,OVER,2.96
2026-08-19T14:43:54Z,League Two,2026-08-22,2026-08-22T14:00:00Z,Rotherham United vs York City,matchbook,OU35,UNDER,1.27
2026-08-19T14:43:54Z,League Two,2026-08-22,2026-08-22T11:30:00Z,Salford City vs Chesterfield FC,matchbook,OU25,OVER,2.04
2026-08-19T14:43:54Z,League Two,2026-08-22,2026-08-22T11:30:00Z,Salford City vs Chesterfield FC,matchbook,OU25,UNDER,1.68
2026-08-19T14:43:54Z,Championship,2026-08-22,2026-08-22T14:00:00Z,Southampton vs Stoke City,matchbook,OU25,UNDER,2.2
2026-08-19T14:43:54Z,League One,2026-08-22,2026-08-22T14:00:00Z,Stevenage vs Oxford United,matchbook,OU35,OVER,3.45
2026-08-19T14:43:54Z,League One,2026-08-22,2026-08-22T14:00:00Z,Stevenage vs Oxford United,matchbook,OU35,UNDER,1.22
2026-08-19T14:43:54Z,Championship,2026-08-22,2026-08-22T14:00:00Z,Swansea City vs Sheffield United,matchbook,OU25,UNDER,1.98
2026-08-19T14:43:54Z,League Two,2026-08-22,2026-08-22T11:30:00Z,Walsall vs Grimsby Town,matchbook,OU25,OVER,1.91
2026-08-19T14:43:54Z,League Two,2026-08-22,2026-08-22T11:30:00Z,Walsall vs Grimsby Town,matchbook,OU25,UNDER,1.65
2026-08-19T14:43:54Z,League One,2026-08-22,2026-08-22T14:00:00Z,Wigan Athletic vs Leyton Orient,matchbook,OU25,OVER,2.06
2026-08-19T14:43:54Z,League One,2026-08-22,2026-08-22T14:00:00Z,Wigan Athletic vs Leyton Orient,matchbook,OU25,UNDER,1.64
2026-08-19T14:43:54Z,Championship,2026-08-22,2026-08-22T14:00:00Z,Wrexham AFC vs Watford,onexbet,OU25,OVER,1.86
2026-08-19T14:43:54Z,Championship,2026-08-22,2026-08-22T14:00:00Z,Wrexham AFC vs Watford,pinnacle,OU25,OVER,1.88
2026-08-19T14:43:54Z,Championship,2026-08-22,2026-08-22T14:00:00Z,Wrexham AFC vs Watford,matchbook,OU25,UNDER,1.98
2026-08-19T14:43:54Z,Championship,2026-08-22,2026-08-22T14:00:00Z,Wrexham AFC vs Watford,onexbet,OU25,UNDER,1.91
2026-08-19T14:43:54Z,Championship,2026-08-22,2026-08-22T14:00:00Z,Wrexham AFC vs Watford,pinnacle,OU25,UNDER,1.95
2026-08-19T14:43:54Z,League One,2026-08-22,2026-08-22T14:00:00Z,Wycombe Wanderers vs Plymouth Argyle,matchbook,OU25,OVER,1.7
2026-08-19T14:43:54Z,League One,2026-08-22,2026-08-22T14:00:00Z,Wycombe Wanderers vs Plymouth Argyle,onexbet,OU25,OVER,1.8
2026-08-19T14:43:54Z,League One,2026-08-22,2026-08-22T14:00:00Z,Wycombe Wanderers vs Plymouth Argyle,matchbook,OU25,UNDER,1.92
2026-08-19T14:43:54Z,League One,2026-08-22,2026-08-22T14:00:00Z,Wycombe Wanderers vs Plymouth Argyle,onexbet,OU25,UNDER,1.98
2026-08-19T14:43:54Z,Denmark Superliga,2026-08-23,2026-08-23T14:00:00Z,AC Horsens vs Lyngby,coolbet,OU25,OVER,1.85
2026-08-19T14:43:54Z,Denmark Superliga,2026-08-23,2026-08-23T14:00:00Z,AC Horsens vs Lyngby,coolbet,OU25,UNDER,1.93
2026-08-19T14:43:54Z,Argentina Primera Division,2026-08-23,2026-08-23T00:00:00Z,Atlético Huracán vs Deportivo Riestra,onexbet,OU15,OVER,1.64
2026-08-19T14:43:54Z,Argentina Primera Division,2026-08-23,2026-08-23T00:00:00Z,Atlético Huracán vs Deportivo Riestra,onexbet,OU15,UNDER,2.25
2026-08-19T14:43:54Z,Brazil Serie A,2026-08-23,2026-08-23T21:30:00Z,Chapecoense vs Sao Paulo,matchbook,OU25,OVER,2.1
2026-08-19T14:43:54Z,Brazil Serie A,2026-08-23,2026-08-23T21:30:00Z,Chapecoense vs Sao Paulo,onexbet,OU25,OVER,2.11
2026-08-19T14:43:54Z,Brazil Serie A,2026-08-23,2026-08-23T21:30:00Z,Chapecoense vs Sao Paulo,tipico_de,OU25,OVER,2.0
2026-08-19T14:43:54Z,Brazil Serie A,2026-08-23,2026-08-23T21:30:00Z,Chapecoense vs Sao Paulo,matchbook,OU25,UNDER,1.65
2026-08-19T14:43:54Z,Brazil Serie A,2026-08-23,2026-08-23T21:30:00Z,Chapecoense vs Sao Paulo,onexbet,OU25,UNDER,1.76
2026-08-19T14:43:54Z,Brazil Serie A,2026-08-23,2026-08-23T21:30:00Z,Chapecoense vs Sao Paulo,tipico_de,OU25,UNDER,1.7
2026-08-19T14:43:54Z,Argentina Primera Division,2026-08-23,2026-08-23T00:00:00Z,Newells Old Boys vs Banfield,leovegas_se,OU25,OVER,2.32
2026-08-19T14:43:54Z,Argentina Primera Division,2026-08-23,2026-08-23T00:00:00Z,Newells Old Boys vs Banfield,unibet_se,OU25,OVER,2.38
2026-08-19T14:43:54Z,Argentina Primera Division,2026-08-23,2026-08-23T00:00:00Z,Newells Old Boys vs Banfield,leovegas_se,OU25,UNDER,1.51
2026-08-19T14:43:54Z,Argentina Primera Division,2026-08-23,2026-08-23T00:00:00Z,Newells Old Boys vs Banfield,unibet_se,OU25,UNDER,1.55
2026-08-19T14:43:54Z,Argentina Primera Division,2026-08-23,2026-08-23T22:15:00Z,River Plate vs Velez Sarsfield BA,betsson,OU25,OVER,2.38
2026-08-19T14:43:54Z,Argentina Primera Division,2026-08-23,2026-08-23T22:15:00Z,River Plate vs Velez Sarsfield BA,nordicbet,OU25,OVER,2.38
2026-08-19T14:43:54Z,Argentina Primera Division,2026-08-23,2026-08-23T22:15:00Z,River Plate vs Velez Sarsfield BA,betsson,OU25,UNDER,1.55
2026-08-19T14:43:54Z,Argentina Primera Division,2026-08-23,2026-08-23T22:15:00Z,River Plate vs Velez Sarsfield BA,leovegas_se,OU25,UNDER,1.45
2026-08-19T14:43:54Z,Argentina Primera Division,2026-08-23,2026-08-23T22:15:00Z,River Plate vs Velez Sarsfield BA,nordicbet,OU25,UNDER,1.55
2026-08-19T14:43:54Z,USA MLS,2026-08-23,2026-08-23T01:30:00Z,Vancouver Whitecaps FC vs FC Dallas,onexbet,OU35,OVER,2.18
2026-08-19T14:43:54Z,USA MLS,2026-08-23,2026-08-23T01:30:00Z,Vancouver Whitecaps FC vs FC Dallas,onexbet,OU35,UNDER,1.75
2026-08-19T15:16:25Z,USA MLS,2026-08-19,2026-08-19T23:30:00Z,Columbus Crew SC vs CF Montreal,matchbook,OU25,UNDER,2.54
2026-08-19T15:16:25Z,USA MLS,2026-08-19,2026-08-19T23:30:00Z,D.C. United vs New England Revolution,matchbook,OU25,OVER,1.76
2026-08-19T15:16:25Z,USA MLS,2026-08-19,2026-08-19T23:30:00Z,D.C. United vs New England Revolution,mybookieag,OU25,OVER,1.7
2026-08-19T15:16:25Z,USA MLS,2026-08-19,2026-08-19T23:30:00Z,D.C. United vs New England Revolution,onexbet,OU25,OVER,1.77
2026-08-19T15:16:25Z,USA MLS,2026-08-19,2026-08-19T23:30:00Z,D.C. United vs New England Revolution,tipico_de,OU25,OVER,1.62
2026-08-19T15:16:25Z,USA MLS,2026-08-19,2026-08-19T23:30:00Z,D.C. United vs New England Revolution,matchbook,OU25,UNDER,2.28
2026-08-19T15:16:25Z,USA MLS,2026-08-19,2026-08-19T23:30:00Z,D.C. United vs New England Revolution,mybookieag,OU25,UNDER,2.07
2026-08-19T15:16:25Z,USA MLS,2026-08-19,2026-08-19T23:30:00Z,D.C. United vs New England Revolution,onexbet,OU25,UNDER,2.15
2026-08-19T15:16:25Z,USA MLS,2026-08-19,2026-08-19T23:30:00Z,D.C. United vs New England Revolution,tipico_de,OU25,UNDER,2.15
2026-08-19T15:16:25Z,USA MLS,2026-08-19,2026-08-19T23:30:00Z,FC Cincinnati vs New York City FC,betsson,OU25,OVER,1.39
2026-08-19T15:16:25Z,USA MLS,2026-08-19,2026-08-19T23:30:00Z,FC Cincinnati vs New York City FC,nordicbet,OU25,OVER,1.39
2026-08-19T15:16:25Z,USA MLS,2026-08-19,2026-08-19T23:30:00Z,FC Cincinnati vs New York City FC,betsson,OU25,UNDER,2.95
2026-08-19T15:16:25Z,USA MLS,2026-08-19,2026-08-19T23:30:00Z,FC Cincinnati vs New York City FC,nordicbet,OU25,UNDER,2.95
2026-08-19T15:16:25Z,USA MLS,2026-08-19,2026-08-19T23:30:00Z,FC Cincinnati vs New York City FC,betanysports,OU35,OVER,2.0
2026-08-19T15:16:25Z,USA MLS,2026-08-19,2026-08-19T23:30:00Z,FC Cincinnati vs New York City FC,betonlineag,OU35,OVER,2.0
2026-08-19T15:16:25Z,USA MLS,2026-08-19,2026-08-19T23:30:00Z,FC Cincinnati vs New York City FC,gtbets,OU35,OVER,2.02
2026-08-19T15:16:25Z,USA MLS,2026-08-19,2026-08-19T23:30:00Z,FC Cincinnati vs New York City FC,matchbook,OU35,OVER,2.08
2026-08-19T15:16:25Z,USA MLS,2026-08-19,2026-08-19T23:30:00Z,FC Cincinnati vs New York City FC,mybookieag,OU35,OVER,1.98
2026-08-19T15:16:25Z,USA MLS,2026-08-19,2026-08-19T23:30:00Z,FC Cincinnati vs New York City FC,onexbet,OU35,OVER,2.04
2026-08-19T15:16:25Z,USA MLS,2026-08-19,2026-08-19T23:30:00Z,FC Cincinnati vs New York City FC,pinnacle,OU35,OVER,2.02
2026-08-19T15:16:25Z,USA MLS,2026-08-19,2026-08-19T23:30:00Z,FC Cincinnati vs New York City FC,tipico_de,OU35,OVER,1.9
2026-08-19T15:16:25Z,USA MLS,2026-08-19,2026-08-19T23:30:00Z,FC Cincinnati vs New York City FC,betanysports,OU35,UNDER,1.83
2026-08-19T15:16:25Z,USA MLS,2026-08-19,2026-08-19T23:30:00Z,FC Cincinnati vs New York City FC,betonlineag,OU35,UNDER,1.83
2026-08-19T15:16:25Z,USA MLS,2026-08-19,2026-08-19T23:30:00Z,FC Cincinnati vs New York City FC,matchbook,OU35,UNDER,1.89
2026-08-19T15:16:25Z,USA MLS,2026-08-19,2026-08-19T23:30:00Z,FC Cincinnati vs New York City FC,mybookieag,OU35,UNDER,1.77
2026-08-19T15:16:25Z,USA MLS,2026-08-19,2026-08-19T23:30:00Z,FC Cincinnati vs New York City FC,onexbet,OU35,UNDER,1.85
2026-08-19T15:16:25Z,USA MLS,2026-08-19,2026-08-19T23:30:00Z,FC Cincinnati vs New York City FC,pinnacle,OU35,UNDER,1.87
2026-08-19T15:16:25Z,USA MLS,2026-08-19,2026-08-19T23:30:00Z,FC Cincinnati vs New York City FC,tipico_de,OU35,UNDER,1.8
2026-08-19T15:16:25Z,USA MLS,2026-08-19,2026-08-19T23:30:00Z,New York Red Bulls vs Nashville SC,betsson,OU25,OVER,1.52
2026-08-19T15:16:25Z,USA MLS,2026-08-19,2026-08-19T23:30:00Z,New York Red Bulls vs Nashville SC,nordicbet,OU25,OVER,1.52
2026-08-19T15:16:25Z,USA MLS,2026-08-19,2026-08-19T23:30:00Z,New York Red Bulls vs Nashville SC,betsson,OU25,UNDER,2.42
2026-08-19T15:16:25Z,USA MLS,2026-08-19,2026-08-19T23:30:00Z,New York Red Bulls vs Nashville SC,nordicbet,OU25,UNDER,2.42
2026-08-19T15:16:25Z,USA MLS,2026-08-19,2026-08-19T23:30:00Z,New York Red Bulls vs Nashville SC,matchbook,OU35,UNDER,1.65
2026-08-19T15:16:25Z,USA MLS,2026-08-19,2026-08-19T23:30:00Z,Orlando City SC vs Chicago Fire,pinnacle,OU35,OVER,1.93
2026-08-19T15:16:25Z,USA MLS,2026-08-19,2026-08-19T23:30:00Z,Orlando City SC vs Chicago Fire,pinnacle,OU35,UNDER,1.96
2026-08-19T15:16:25Z,USA MLS,2026-08-19,2026-08-19T23:30:00Z,Philadelphia Union vs Inter Miami CF,betsson,OU25,OVER,1.32
2026-08-19T15:16:25Z,USA MLS,2026-08-19,2026-08-19T23:30:00Z,Philadelphia Union vs Inter Miami CF,nordicbet,OU25,OVER,1.32
2026-08-19T15:16:25Z,USA MLS,2026-08-19,2026-08-19T23:30:00Z,Philadelphia Union vs Inter Miami CF,betsson,OU25,UNDER,3.25
2026-08-19T15:16:25Z,USA MLS,2026-08-19,2026-08-19T23:30:00Z,Philadelphia Union vs Inter Miami CF,nordicbet,OU25,UNDER,3.25
2026-08-19T15:16:25Z,USA MLS,2026-08-19,2026-08-19T23:30:00Z,Philadelphia Union vs Inter Miami CF,coolbet,OU35,OVER,1.85
2026-08-19T15:16:25Z,USA MLS,2026-08-19,2026-08-19T23:30:00Z,Philadelphia Union vs Inter Miami CF,matchbook,OU35,OVER,1.94
2026-08-19T15:16:25Z,USA MLS,2026-08-19,2026-08-19T23:30:00Z,Philadelphia Union vs Inter Miami CF,onexbet,OU35,OVER,1.9
2026-08-19T15:16:25Z,USA MLS,2026-08-19,2026-08-19T23:30:00Z,Philadelphia Union vs Inter Miami CF,coolbet,OU35,UNDER,1.93
2026-08-19T15:16:25Z,USA MLS,2026-08-19,2026-08-19T23:30:00Z,Philadelphia Union vs Inter Miami CF,onexbet,OU35,UNDER,1.99
2026-08-19T15:16:25Z,USA MLS,2026-08-19,2026-08-19T23:30:00Z,Philadelphia Union vs Inter Miami CF,pinnacle,OU35,UNDER,1.99
2026-08-19T15:16:25Z,USA MLS,2026-08-19,2026-08-19T23:30:00Z,Toronto FC vs Charlotte FC,matchbook,OU25,OVER,1.68
2026-08-19T15:16:25Z,USA MLS,2026-08-20,2026-08-20T01:30:00Z,Colorado Rapids vs Los Angeles FC,onexbet,OU25,OVER,1.77
2026-08-19T15:16:25Z,USA MLS,2026-08-20,2026-08-20T01:30:00Z,Colorado Rapids vs Los Angeles FC,matchbook,OU25,UNDER,2.26
2026-08-19T15:16:25Z,USA MLS,2026-08-20,2026-08-20T01:30:00Z,Colorado Rapids vs Los Angeles FC,onexbet,OU25,UNDER,2.15
2026-08-19T15:16:25Z,USA MLS,2026-08-20,2026-08-20T02:30:00Z,LA Galaxy vs San Jose Earthquakes,betsson,OU25,OVER,1.41
2026-08-19T15:16:25Z,USA MLS,2026-08-20,2026-08-20T02:30:00Z,LA Galaxy vs San Jose Earthquakes,betsson,OU25,UNDER,2.85
2026-08-19T15:16:25Z,USA MLS,2026-08-20,2026-08-20T02:30:00Z,LA Galaxy vs San Jose Earthquakes,matchbook,OU35,OVER,2.12
2026-08-19T15:16:25Z,USA MLS,2026-08-20,2026-08-20T02:30:00Z,LA Galaxy vs San Jose Earthquakes,mybookieag,OU35,OVER,2.0
2026-08-19T15:16:25Z,USA MLS,2026-08-20,2026-08-20T02:30:00Z,LA Galaxy vs San Jose Earthquakes,onexbet,OU35,OVER,2.03
2026-08-19T15:16:25Z,USA MLS,2026-08-20,2026-08-20T02:30:00Z,LA Galaxy vs San Jose Earthquakes,pinnacle,OU35,OVER,2.04
2026-08-19T15:16:25Z,USA MLS,2026-08-20,2026-08-20T02:30:00Z,LA Galaxy vs San Jose Earthquakes,tipico_de,OU35,OVER,1.93
2026-08-19T15:16:25Z,USA MLS,2026-08-20,2026-08-20T02:30:00Z,LA Galaxy vs San Jose Earthquakes,gtbets,OU35,UNDER,1.77
2026-08-19T15:16:25Z,USA MLS,2026-08-20,2026-08-20T02:30:00Z,LA Galaxy vs San Jose Earthquakes,mybookieag,OU35,UNDER,1.75
2026-08-19T15:16:25Z,USA MLS,2026-08-20,2026-08-20T02:30:00Z,LA Galaxy vs San Jose Earthquakes,onexbet,OU35,UNDER,1.86
2026-08-19T15:16:25Z,USA MLS,2026-08-20,2026-08-20T02:30:00Z,LA Galaxy vs San Jose Earthquakes,pinnacle,OU35,UNDER,1.85
2026-08-19T15:16:25Z,USA MLS,2026-08-20,2026-08-20T02:30:00Z,LA Galaxy vs San Jose Earthquakes,tipico_de,OU35,UNDER,1.75
2026-08-19T15:16:25Z,USA MLS,2026-08-20,2026-08-20T00:30:00Z,Minnesota United FC vs Atlanta United FC,betsson,OU25,OVER,1.58
2026-08-19T15:16:25Z,USA MLS,2026-08-20,2026-08-20T00:30:00Z,Minnesota United FC vs Atlanta United FC,gtbets,OU25,OVER,1.61
2026-08-19T15:16:25Z,USA MLS,2026-08-20,2026-08-20T00:30:00Z,Minnesota United FC vs Atlanta United FC,leovegas_se,OU25,OVER,1.6
2026-08-19T15:16:25Z,USA MLS,2026-08-20,2026-08-20T00:30:00Z,Minnesota United FC vs Atlanta United FC,matchbook,OU25,OVER,1.66
2026-08-19T15:16:25Z,USA MLS,2026-08-20,2026-08-20T00:30:00Z,Minnesota United FC vs Atlanta United FC,nordicbet,OU25,OVER,1.58
2026-08-19T15:16:25Z,USA MLS,2026-08-20,2026-08-20T00:30:00Z,Minnesota United FC vs Atlanta United FC,onexbet,OU25,OVER,1.66
2026-08-19T15:16:25Z,USA MLS,2026-08-20,2026-08-20T00:30:00Z,Minnesota United FC vs Atlanta United FC,unibet_nl,OU25,OVER,1.6
2026-08-19T15:16:25Z,USA MLS,2026-08-20,2026-08-20T00:30:00Z,Minnesota United FC vs Atlanta United FC,unibet_se,OU25,OVER,1.6
2026-08-19T15:16:25Z,USA MLS,2026-08-20,2026-08-20T00:30:00Z,Minnesota United FC vs Atlanta United FC,betsson,OU25,UNDER,2.32
2026-08-19T15:16:25Z,USA MLS,2026-08-20,2026-08-20T00:30:00Z,Minnesota United FC vs Atlanta United FC,matchbook,OU25,UNDER,2.48
2026-08-19T15:16:25Z,USA MLS,2026-08-20,2026-08-20T00:30:00Z,Minnesota United FC vs Atlanta United FC,nordicbet,OU25,UNDER,2.32
2026-08-19T15:16:25Z,USA MLS,2026-08-20,2026-08-20T00:30:00Z,Minnesota United FC vs Atlanta United FC,onexbet,OU25,UNDER,2.34
2026-08-19T15:16:25Z,USA MLS,2026-08-20,2026-08-20T02:30:00Z,Portland Timbers vs San Diego FC,betsson,OU25,OVER,1.37
2026-08-19T15:16:25Z,USA MLS,2026-08-20,2026-08-20T02:30:00Z,Portland Timbers vs San Diego FC,nordicbet,OU25,OVER,1.37
2026-08-19T15:16:25Z,USA MLS,2026-08-20,2026-08-20T02:30:00Z,Portland Timbers vs San Diego FC,betsson,OU25,UNDER,3.05
2026-08-19T15:16:25Z,USA MLS,2026-08-20,2026-08-20T02:30:00Z,Portland Timbers vs San Diego FC,nordicbet,OU25,UNDER,3.05
2026-08-19T15:16:25Z,USA MLS,2026-08-20,2026-08-20T02:30:00Z,Portland Timbers vs San Diego FC,coolbet,OU35,OVER,1.96
2026-08-19T15:16:25Z,USA MLS,2026-08-20,2026-08-20T02:30:00Z,Portland Timbers vs San Diego FC,matchbook,OU35,OVER,2.02
2026-08-19T15:16:25Z,USA MLS,2026-08-20,2026-08-20T02:30:00Z,Portland Timbers vs San Diego FC,pinnacle,OU35,OVER,1.96
2026-08-19T15:16:25Z,USA MLS,2026-08-20,2026-08-20T02:30:00Z,Portland Timbers vs San Diego FC,coolbet,OU35,UNDER,1.82
2026-08-19T15:16:25Z,USA MLS,2026-08-20,2026-08-20T02:30:00Z,Portland Timbers vs San Diego FC,matchbook,OU35,UNDER,1.95
2026-08-19T15:16:25Z,USA MLS,2026-08-20,2026-08-20T02:30:00Z,Portland Timbers vs San Diego FC,pinnacle,OU35,UNDER,1.93
2026-08-19T15:16:25Z,USA MLS,2026-08-20,2026-08-20T01:30:00Z,Real Salt Lake vs FC Dallas,betsson,OU25,OVER,1.52
2026-08-19T15:16:25Z,USA MLS,2026-08-20,2026-08-20T01:30:00Z,Real Salt Lake vs FC Dallas,nordicbet,OU25,OVER,1.52
2026-08-19T15:16:25Z,USA MLS,2026-08-20,2026-08-20T01:30:00Z,Real Salt Lake vs FC Dallas,betsson,OU25,UNDER,2.48
2026-08-19T15:16:25Z,USA MLS,2026-08-20,2026-08-20T01:30:00Z,Real Salt Lake vs FC Dallas,nordicbet,OU25,UNDER,2.48
2026-08-19T15:16:25Z,USA MLS,2026-08-20,2026-08-20T01:30:00Z,Real Salt Lake vs FC Dallas,matchbook,OU35,OVER,2.42
2026-08-19T15:16:25Z,USA MLS,2026-08-20,2026-08-20T01:30:00Z,Seattle Sounders FC vs Austin FC,betsson,OU25,OVER,1.65
2026-08-19T15:16:25Z,USA MLS,2026-08-20,2026-08-20T01:30:00Z,Seattle Sounders FC vs Austin FC,gtbets,OU25,OVER,1.63
2026-08-19T15:16:25Z,USA MLS,2026-08-20,2026-08-20T01:30:00Z,Seattle Sounders FC vs Austin FC,matchbook,OU25,OVER,1.73
2026-08-19T15:16:25Z,USA MLS,2026-08-20,2026-08-20T01:30:00Z,Seattle Sounders FC vs Austin FC,nordicbet,OU25,OVER,1.65
2026-08-19T15:16:25Z,USA MLS,2026-08-20,2026-08-20T01:30:00Z,Seattle Sounders FC vs Austin FC,onexbet,OU25,OVER,1.7
2026-08-19T15:16:25Z,USA MLS,2026-08-20,2026-08-20T01:30:00Z,Seattle Sounders FC vs Austin FC,betsson,OU25,UNDER,2.18
2026-08-19T15:16:25Z,USA MLS,2026-08-20,2026-08-20T01:30:00Z,Seattle Sounders FC vs Austin FC,gtbets,OU25,UNDER,2.29
2026-08-19T15:16:25Z,USA MLS,2026-08-20,2026-08-20T01:30:00Z,Seattle Sounders FC vs Austin FC,matchbook,OU25,UNDER,2.32
2026-08-19T15:16:25Z,USA MLS,2026-08-20,2026-08-20T01:30:00Z,Seattle Sounders FC vs Austin FC,nordicbet,OU25,UNDER,2.18
2026-08-19T15:16:25Z,USA MLS,2026-08-20,2026-08-20T01:30:00Z,Seattle Sounders FC vs Austin FC,onexbet,OU25,UNDER,2.26
2026-08-19T15:16:25Z,USA MLS,2026-08-20,2026-08-20T00:00:00Z,Sporting Kansas City vs St. Louis City SC,gtbets,OU35,OVER,2.35
2026-08-19T15:16:25Z,USA MLS,2026-08-20,2026-08-20T00:00:00Z,Sporting Kansas City vs St. Louis City SC,leovegas_se,OU35,OVER,2.2
2026-08-19T15:16:25Z,USA MLS,2026-08-20,2026-08-20T00:00:00Z,Sporting Kansas City vs St. Louis City SC,matchbook,OU35,OVER,2.5
2026-08-19T15:16:25Z,USA MLS,2026-08-20,2026-08-20T00:00:00Z,Sporting Kansas City vs St. Louis City SC,pmu_fr,OU35,OVER,2.06
2026-08-19T15:16:25Z,USA MLS,2026-08-20,2026-08-20T00:00:00Z,Sporting Kansas City vs St. Louis City SC,unibet_nl,OU35,OVER,2.2
2026-08-19T15:16:25Z,USA MLS,2026-08-20,2026-08-20T00:00:00Z,Sporting Kansas City vs St. Louis City SC,unibet_se,OU35,OVER,2.2
2026-08-19T15:16:25Z,USA MLS,2026-08-20,2026-08-20T00:00:00Z,Sporting Kansas City vs St. Louis City SC,leovegas_se,OU35,UNDER,1.64
2026-08-19T15:16:25Z,USA MLS,2026-08-20,2026-08-20T00:00:00Z,Sporting Kansas City vs St. Louis City SC,pmu_fr,OU35,UNDER,1.54
2026-08-19T15:16:25Z,USA MLS,2026-08-20,2026-08-20T00:00:00Z,Sporting Kansas City vs St. Louis City SC,unibet_nl,OU35,UNDER,1.64
2026-08-19T15:16:25Z,USA MLS,2026-08-20,2026-08-20T00:00:00Z,Sporting Kansas City vs St. Louis City SC,unibet_se,OU35,UNDER,1.64
2026-08-19T15:16:25Z,USA MLS,2026-08-20,2026-08-20T02:30:00Z,Vancouver Whitecaps FC vs Houston Dynamo,matchbook,OU25,OVER,1.73
2026-08-19T15:16:25Z,USA MLS,2026-08-20,2026-08-20T02:30:00Z,Vancouver Whitecaps FC vs Houston Dynamo,onexbet,OU25,UNDER,2.23
2026-08-19T15:16:25Z,Ireland Premier Division,2026-08-21,2026-08-21T18:45:00Z,Bohemians vs Derry City,coolbet,OU25,OVER,2.08
2026-08-19T15:16:25Z,Ireland Premier Division,2026-08-21,2026-08-21T18:45:00Z,Bohemians vs Derry City,onexbet,OU25,OVER,2.11
2026-08-19T15:16:25Z,Ireland Premier Division,2026-08-21,2026-08-21T18:45:00Z,Bohemians vs Derry City,tipico_de,OU25,OVER,2.05
2026-08-19T15:16:25Z,Ireland Premier Division,2026-08-21,2026-08-21T18:45:00Z,Bohemians vs Derry City,coolbet,OU25,UNDER,1.76
2026-08-19T15:16:25Z,Ireland Premier Division,2026-08-21,2026-08-21T18:45:00Z,Bohemians vs Derry City,onexbet,OU25,UNDER,1.7
2026-08-19T15:16:25Z,Ireland Premier Division,2026-08-21,2026-08-21T18:45:00Z,Bohemians vs Derry City,tipico_de,OU25,UNDER,1.67
2026-08-19T15:16:25Z,La Liga 2,2026-08-21,2026-08-21T19:00:00Z,Córdoba vs Girona FC,matchbook,OU25,OVER,1.83
2026-08-19T15:16:25Z,La Liga 2,2026-08-21,2026-08-21T19:00:00Z,Córdoba vs Girona FC,matchbook,OU25,UNDER,1.99
2026-08-19T15:16:25Z,Sweden Allsvenskan,2026-08-21,2026-08-21T17:00:00Z,IK Sirius vs BK Hacken,matchbook,OU35,UNDER,1.82
2026-08-19T15:16:25Z,La Liga 2,2026-08-22,2026-08-22T17:00:00Z,AD Ceuta FC vs Las Palmas,betsson,OU25,OVER,2.02
2026-08-19T15:16:25Z,La Liga 2,2026-08-22,2026-08-22T17:00:00Z,AD Ceuta FC vs Las Palmas,codere_it,OU25,OVER,1.98
2026-08-19T15:16:25Z,La Liga 2,2026-08-22,2026-08-22T17:00:00Z,AD Ceuta FC vs Las Palmas,nordicbet,OU25,OVER,2.02
2026-08-19T15:16:25Z,La Liga 2,2026-08-22,2026-08-22T17:00:00Z,AD Ceuta FC vs Las Palmas,codere_it,OU25,UNDER,1.68
2026-08-19T15:16:25Z,Championship,2026-08-22,2026-08-22T11:30:00Z,Birmingham City vs Bristol City,matchbook,OU25,UNDER,2.1
2026-08-19T15:16:25Z,Championship,2026-08-22,2026-08-22T14:00:00Z,Blackburn Rovers vs Middlesbrough,matchbook,OU25,UNDER,1.84
2026-08-19T15:16:25Z,League Two,2026-08-22,2026-08-22T11:30:00Z,Bristol Rovers vs Newport County,betonlineag,OU25,OVER,1.85
2026-08-19T15:16:25Z,League Two,2026-08-22,2026-08-22T11:30:00Z,Bristol Rovers vs Newport County,betonlineag,OU25,UNDER,1.97
2026-08-19T15:16:25Z,League Two,2026-08-22,2026-08-22T14:00:00Z,Colchester United vs Oldham Athletic,matchbook,OU25,OVER,1.75
2026-08-19T15:16:25Z,League Two,2026-08-22,2026-08-22T14:00:00Z,Colchester United vs Oldham Athletic,matchbook,OU25,UNDER,1.79
2026-08-19T15:16:25Z,Championship,2026-08-22,2026-08-22T14:00:00Z,Derby County vs Cardiff City,matchbook,OU25,OVER,2.02
2026-08-19T15:16:25Z,League Two,2026-08-22,2026-08-22T14:00:00Z,Exeter City vs Accrington Stanley,matchbook,OU35,OVER,3.1
2026-08-19T15:16:25Z,League Two,2026-08-22,2026-08-22T14:00:00Z,Exeter City vs Accrington Stanley,matchbook,OU35,UNDER,1.27
2026-08-19T15:16:25Z,Brazil Serie A,2026-08-22,2026-08-22T19:00:00Z,Fluminense vs Remo,matchbook,OU25,OVER,1.83
2026-08-19T15:16:25Z,Brazil Serie A,2026-08-22,2026-08-22T21:30:00Z,Internacional vs Atletico Mineiro,onexbet,OU25,OVER,2.02
2026-08-19T15:16:25Z,Brazil Serie A,2026-08-22,2026-08-22T21:30:00Z,Internacional vs Atletico Mineiro,onexbet,OU25,UNDER,1.83
2026-08-19T15:16:25Z,League One,2026-08-22,2026-08-22T14:00:00Z,Leicester City vs Burton Albion,matchbook,OU25,OVER,1.6
2026-08-19T15:16:25Z,League One,2026-08-22,2026-08-22T14:00:00Z,Leicester City vs Burton Albion,matchbook,OU25,UNDER,2.06
2026-08-19T15:16:25Z,Championship,2026-08-22,2026-08-22T11:30:00Z,Lincoln City vs Portsmouth,matchbook,OU25,OVER,2.0
2026-08-19T15:16:25Z,Championship,2026-08-22,2026-08-22T11:30:00Z,Lincoln City vs Portsmouth,matchbook,OU25,UNDER,1.96
2026-08-19T15:16:25Z,Championship,2026-08-22,2026-08-22T11:30:00Z,Millwall vs Norwich City,matchbook,OU25,OVER,1.98
2026-08-19T15:16:25Z,Championship,2026-08-22,2026-08-22T11:30:00Z,Millwall vs Norwich City,matchbook,OU25,UNDER,1.94
2026-08-19T15:16:25Z,League One,2026-08-22,2026-08-22T14:00:00Z,Milton Keynes Dons vs Huddersfield Town,matchbook,OU25,OVER,1.74
2026-08-19T15:16:25Z,League One,2026-08-22,2026-08-22T14:00:00Z,Milton Keynes Dons vs Huddersfield Town,matchbook,OU25,UNDER,1.83
2026-08-19T15:16:25Z,League Two,2026-08-22,2026-08-22T14:00:00Z,Port Vale vs Tranmere Rovers,matchbook,OU25,OVER,1.99
2026-08-19T15:16:25Z,League Two,2026-08-22,2026-08-22T14:00:00Z,Port Vale vs Tranmere Rovers,matchbook,OU25,UNDER,1.65
2026-08-19T15:16:25Z,League Two,2026-08-22,2026-08-22T11:30:00Z,Salford City vs Chesterfield FC,codere_it,OU25,OVER,1.95
2026-08-19T15:16:25Z,League Two,2026-08-22,2026-08-22T11:30:00Z,Salford City vs Chesterfield FC,codere_it,OU25,UNDER,1.7
2026-08-19T15:16:25Z,League One,2026-08-22,2026-08-22T14:00:00Z,Stevenage vs Oxford United,matchbook,OU25,OVER,2.08
2026-08-19T15:16:25Z,League One,2026-08-22,2026-08-22T14:00:00Z,Stevenage vs Oxford United,matchbook,OU25,UNDER,1.75
2026-08-19T15:16:25Z,League One,2026-08-22,2026-08-22T14:00:00Z,Stockport County FC vs Blackpool,matchbook,OU25,OVER,1.71
2026-08-19T15:16:25Z,League One,2026-08-22,2026-08-22T14:00:00Z,Stockport County FC vs Blackpool,matchbook,OU25,UNDER,1.9
2026-08-19T15:16:25Z,Championship,2026-08-22,2026-08-22T14:00:00Z,Swansea City vs Sheffield United,matchbook,OU25,OVER,1.91
2026-08-19T15:16:25Z,League Two,2026-08-22,2026-08-22T14:00:00Z,Swindon Town vs Cheltenham Town,matchbook,OU25,OVER,1.86
2026-08-19T15:16:25Z,League Two,2026-08-22,2026-08-22T14:00:00Z,Swindon Town vs Cheltenham Town,matchbook,OU25,UNDER,1.93
2026-08-19T15:16:25Z,League Two,2026-08-22,2026-08-22T11:30:00Z,Walsall vs Grimsby Town,matchbook,OU25,OVER,2.04
2026-08-19T15:16:25Z,League Two,2026-08-22,2026-08-22T11:30:00Z,Walsall vs Grimsby Town,matchbook,OU25,UNDER,1.76
2026-08-19T15:16:25Z,League One,2026-08-22,2026-08-22T14:00:00Z,Wigan Athletic vs Leyton Orient,matchbook,OU15,OVER,1.31
2026-08-19T15:16:25Z,League One,2026-08-22,2026-08-22T14:00:00Z,Wigan Athletic vs Leyton Orient,matchbook,OU15,UNDER,2.76
2026-08-19T15:16:25Z,League One,2026-08-22,2026-08-22T14:00:00Z,Wimbledon vs Reading,matchbook,OU25,OVER,1.9
2026-08-19T15:16:25Z,League One,2026-08-22,2026-08-22T14:00:00Z,Wimbledon vs Reading,matchbook,OU25,UNDER,1.7
2026-08-19T15:16:25Z,Championship,2026-08-22,2026-08-22T14:00:00Z,Wrexham AFC vs Watford,matchbook,OU25,UNDER,2.0
2026-08-19T15:16:25Z,League One,2026-08-22,2026-08-22T14:00:00Z,Wycombe Wanderers vs Plymouth Argyle,onexbet,OU25,OVER,1.79
2026-08-19T15:16:25Z,League One,2026-08-22,2026-08-22T14:00:00Z,Wycombe Wanderers vs Plymouth Argyle,onexbet,OU25,UNDER,1.99
2026-08-19T15:16:25Z,Japan J-League,2026-08-22,2026-08-22T10:30:00Z,Yokohama F Marinos vs Vissel Kobe,betonlineag,OU25,OVER,2.13
2026-08-19T15:16:25Z,Japan J-League,2026-08-22,2026-08-22T10:30:00Z,Yokohama F Marinos vs Vissel Kobe,betonlineag,OU25,UNDER,1.75
2026-08-19T15:16:25Z,Sweden Allsvenskan,2026-08-22,2026-08-22T13:00:00Z,Örgryte IS vs Halmstads BK,matchbook,OU25,OVER,1.63
2026-08-19T15:16:25Z,Sweden Allsvenskan,2026-08-22,2026-08-22T13:00:00Z,Örgryte IS vs Halmstads BK,matchbook,OU25,UNDER,2.22
2026-08-19T15:16:25Z,Argentina Primera Division,2026-08-23,2026-08-23T00:00:00Z,Atlético Huracán vs Deportivo Riestra,onexbet,OU15,OVER,1.66
2026-08-19T15:16:25Z,Argentina Primera Division,2026-08-23,2026-08-23T00:00:00Z,Atlético Huracán vs Deportivo Riestra,unibet_se,OU15,OVER,1.64
2026-08-19T15:16:25Z,Argentina Primera Division,2026-08-23,2026-08-23T00:00:00Z,Atlético Huracán vs Deportivo Riestra,leovegas_se,OU15,UNDER,2.16
2026-08-19T15:16:25Z,Argentina Primera Division,2026-08-23,2026-08-23T00:00:00Z,Atlético Huracán vs Deportivo Riestra,onexbet,OU15,UNDER,2.23
2026-08-19T15:16:25Z,Argentina Primera Division,2026-08-23,2026-08-23T00:00:00Z,Atlético Huracán vs Deportivo Riestra,unibet_se,OU15,UNDER,2.2
2026-08-19T15:16:25Z,USA MLS,2026-08-23,2026-08-23T00:30:00Z,Austin FC vs Philadelphia Union,onexbet,OU25,OVER,1.72
2026-08-19T15:16:25Z,USA MLS,2026-08-23,2026-08-23T00:30:00Z,Austin FC vs Philadelphia Union,onexbet,OU25,UNDER,2.23
2026-08-19T15:16:25Z,Brazil Serie A,2026-08-23,2026-08-23T21:30:00Z,Chapecoense vs Sao Paulo,matchbook,OU25,UNDER,1.66
2026-08-19T15:16:25Z,Sweden Allsvenskan,2026-08-23,2026-08-23T14:30:00Z,Hammarby IF vs GAIS,betsson,OU25,OVER,1.58
2026-08-19T15:16:25Z,Sweden Allsvenskan,2026-08-23,2026-08-23T14:30:00Z,Hammarby IF vs GAIS,nordicbet,OU25,OVER,1.58
2026-08-19T15:16:25Z,Sweden Allsvenskan,2026-08-23,2026-08-23T14:30:00Z,Hammarby IF vs GAIS,betsson,OU25,UNDER,2.32
2026-08-19T15:16:25Z,Sweden Allsvenskan,2026-08-23,2026-08-23T14:30:00Z,Hammarby IF vs GAIS,nordicbet,OU25,UNDER,2.32
2026-08-19T15:16:25Z,Sweden Allsvenskan,2026-08-23,2026-08-23T14:30:00Z,IF Brommapojkarna vs Degerfors IF,pinnacle,OU25,OVER,1.88
2026-08-19T15:16:25Z,Sweden Allsvenskan,2026-08-23,2026-08-23T14:30:00Z,IF Brommapojkarna vs Degerfors IF,pinnacle,OU25,UNDER,1.93
2026-08-19T15:16:25Z,USA MLS,2026-08-23,2026-08-23T02:30:00Z,Los Angeles FC vs Portland Timbers,onexbet,OU35,OVER,2.03
2026-08-19T15:16:25Z,USA MLS,2026-08-23,2026-08-23T02:30:00Z,Los Angeles FC vs Portland Timbers,onexbet,OU35,UNDER,1.86
2026-08-19T15:16:25Z,USA MLS,2026-08-23,2026-08-23T01:30:00Z,Vancouver Whitecaps FC vs FC Dallas,onexbet,OU35,OVER,2.19
2026-08-19T15:16:25Z,USA MLS,2026-08-23,2026-08-23T01:30:00Z,Vancouver Whitecaps FC vs FC Dallas,onexbet,OU35,UNDER,1.74
2026-08-19T15:16:25Z,La Liga 2,2026-08-24,2026-08-24T17:00:00Z,Celta Fortuna vs Andorra CF,betsson,OU25,OVER,1.88
2026-08-19T15:16:25Z,La Liga 2,2026-08-24,2026-08-24T17:00:00Z,Celta Fortuna vs Andorra CF,codere_it,OU25,OVER,1.84
2026-08-19T15:16:25Z,La Liga 2,2026-08-24,2026-08-24T17:00:00Z,Celta Fortuna vs Andorra CF,nordicbet,OU25,OVER,1.88
2026-08-19T15:16:25Z,La Liga 2,2026-08-24,2026-08-24T17:00:00Z,Celta Fortuna vs Andorra CF,tipico_de,OU25,OVER,1.8
2026-08-19T15:16:25Z,La Liga 2,2026-08-24,2026-08-24T17:00:00Z,Celta Fortuna vs Andorra CF,williamhill,OU25,OVER,1.85
2026-08-19T15:16:25Z,La Liga 2,2026-08-24,2026-08-24T17:00:00Z,Celta Fortuna vs Andorra CF,betsson,OU25,UNDER,1.82
2026-08-19T15:16:25Z,La Liga 2,2026-08-24,2026-08-24T17:00:00Z,Celta Fortuna vs Andorra CF,codere_it,OU25,UNDER,1.8
2026-08-19T15:16:25Z,La Liga 2,2026-08-24,2026-08-24T17:00:00Z,Celta Fortuna vs Andorra CF,nordicbet,OU25,UNDER,1.82
2026-08-19T15:16:25Z,La Liga 2,2026-08-24,2026-08-24T17:00:00Z,Celta Fortuna vs Andorra CF,tipico_de,OU25,UNDER,1.9
2026-08-19T15:16:25Z,La Liga 2,2026-08-24,2026-08-24T17:00:00Z,Celta Fortuna vs Andorra CF,williamhill,OU25,UNDER,1.85
2026-08-19T15:16:25Z,Sweden Allsvenskan,2026-08-24,2026-08-24T17:00:00Z,Malmo FF vs Djurgardens IF,tipico_de,OU35,OVER,2.3
2026-08-19T15:16:25Z,Sweden Allsvenskan,2026-08-24,2026-08-24T17:00:00Z,Malmo FF vs Djurgardens IF,tipico_de,OU35,UNDER,1.55
2026-08-19T15:52:51Z,USA MLS,2026-08-19,2026-08-19T23:30:00Z,Columbus Crew SC vs CF Montreal,onexbet,OU35,OVER,2.4
2026-08-19T15:52:51Z,USA MLS,2026-08-19,2026-08-19T23:30:00Z,Columbus Crew SC vs CF Montreal,onexbet,OU35,UNDER,1.63
2026-08-19T15:52:51Z,USA MLS,2026-08-19,2026-08-19T23:30:00Z,FC Cincinnati vs New York City FC,coolbet,OU35,OVER,2.01
2026-08-19T15:52:51Z,USA MLS,2026-08-19,2026-08-19T23:30:00Z,FC Cincinnati vs New York City FC,matchbook,OU35,OVER,2.1
2026-08-19T15:52:51Z,USA MLS,2026-08-19,2026-08-19T23:30:00Z,FC Cincinnati vs New York City FC,pinnacle,OU35,OVER,2.03
2026-08-19T15:52:51Z,USA MLS,2026-08-19,2026-08-19T23:30:00Z,FC Cincinnati vs New York City FC,coolbet,OU35,UNDER,1.78
2026-08-19T15:52:51Z,USA MLS,2026-08-19,2026-08-19T23:30:00Z,Orlando City SC vs Chicago Fire,betsson,OU25,OVER,1.35
2026-08-19T15:52:51Z,USA MLS,2026-08-19,2026-08-19T23:30:00Z,Orlando City SC vs Chicago Fire,nordicbet,OU25,OVER,1.35
2026-08-19T15:52:51Z,USA MLS,2026-08-19,2026-08-19T23:30:00Z,Orlando City SC vs Chicago Fire,betsson,OU25,UNDER,3.15
2026-08-19T15:52:51Z,USA MLS,2026-08-19,2026-08-19T23:30:00Z,Orlando City SC vs Chicago Fire,nordicbet,OU25,UNDER,3.15
2026-08-19T15:52:51Z,USA MLS,2026-08-19,2026-08-19T23:30:00Z,Philadelphia Union vs Inter Miami CF,matchbook,OU35,OVER,1.93
2026-08-19T15:52:51Z,USA MLS,2026-08-19,2026-08-19T23:30:00Z,Philadelphia Union vs Inter Miami CF,pinnacle,OU35,OVER,1.89
2026-08-19T15:52:51Z,USA MLS,2026-08-20,2026-08-20T01:30:00Z,Colorado Rapids vs Los Angeles FC,matchbook,OU25,OVER,1.76
2026-08-19T15:52:51Z,USA MLS,2026-08-20,2026-08-20T01:30:00Z,Colorado Rapids vs Los Angeles FC,onexbet,OU25,OVER,1.76
2026-08-19T15:52:51Z,USA MLS,2026-08-20,2026-08-20T01:30:00Z,Colorado Rapids vs Los Angeles FC,onexbet,OU25,UNDER,2.16
2026-08-19T15:52:51Z,USA MLS,2026-08-20,2026-08-20T00:30:00Z,Minnesota United FC vs Atlanta United FC,betsson,OU25,OVER,1.6
2026-08-19T15:52:51Z,USA MLS,2026-08-20,2026-08-20T00:30:00Z,Minnesota United FC vs Atlanta United FC,nordicbet,OU25,OVER,1.6
2026-08-19T15:52:51Z,USA MLS,2026-08-20,2026-08-20T00:30:00Z,Minnesota United FC vs Atlanta United FC,betsson,OU25,UNDER,2.28
2026-08-19T15:52:51Z,USA MLS,2026-08-20,2026-08-20T00:30:00Z,Minnesota United FC vs Atlanta United FC,nordicbet,OU25,UNDER,2.28
2026-08-19T15:52:51Z,USA MLS,2026-08-20,2026-08-20T02:30:00Z,Portland Timbers vs San Diego FC,matchbook,OU35,UNDER,1.96
2026-08-19T15:52:51Z,USA MLS,2026-08-20,2026-08-20T01:30:00Z,Real Salt Lake vs FC Dallas,betsson,OU25,OVER,1.49
2026-08-19T15:52:51Z,USA MLS,2026-08-20,2026-08-20T01:30:00Z,Real Salt Lake vs FC Dallas,nordicbet,OU25,OVER,1.49
2026-08-19T15:52:51Z,USA MLS,2026-08-20,2026-08-20T01:30:00Z,Real Salt Lake vs FC Dallas,betsson,OU25,UNDER,2.58
2026-08-19T15:52:51Z,USA MLS,2026-08-20,2026-08-20T01:30:00Z,Real Salt Lake vs FC Dallas,nordicbet,OU25,UNDER,2.58
2026-08-19T15:52:51Z,USA MLS,2026-08-20,2026-08-20T01:30:00Z,Real Salt Lake vs FC Dallas,matchbook,OU35,OVER,2.44
2026-08-19T15:52:51Z,USA MLS,2026-08-20,2026-08-20T01:30:00Z,Seattle Sounders FC vs Austin FC,leovegas_se,OU25,OVER,1.65
2026-08-19T15:52:51Z,USA MLS,2026-08-20,2026-08-20T01:30:00Z,Seattle Sounders FC vs Austin FC,onexbet,OU25,OVER,1.71
2026-08-19T15:52:51Z,USA MLS,2026-08-20,2026-08-20T01:30:00Z,Seattle Sounders FC vs Austin FC,pmu_fr,OU25,OVER,1.54
2026-08-19T15:52:51Z,USA MLS,2026-08-20,2026-08-20T01:30:00Z,Seattle Sounders FC vs Austin FC,unibet_nl,OU25,OVER,1.65
2026-08-19T15:52:51Z,USA MLS,2026-08-20,2026-08-20T01:30:00Z,Seattle Sounders FC vs Austin FC,unibet_se,OU25,OVER,1.65
2026-08-19T15:52:51Z,USA MLS,2026-08-20,2026-08-20T01:30:00Z,Seattle Sounders FC vs Austin FC,leovegas_se,OU25,UNDER,2.2
2026-08-19T15:52:51Z,USA MLS,2026-08-20,2026-08-20T01:30:00Z,Seattle Sounders FC vs Austin FC,onexbet,OU25,UNDER,2.25
2026-08-19T15:52:51Z,USA MLS,2026-08-20,2026-08-20T01:30:00Z,Seattle Sounders FC vs Austin FC,pmu_fr,OU25,UNDER,2.06
2026-08-19T15:52:51Z,USA MLS,2026-08-20,2026-08-20T01:30:00Z,Seattle Sounders FC vs Austin FC,unibet_nl,OU25,UNDER,2.2
2026-08-19T15:52:51Z,USA MLS,2026-08-20,2026-08-20T01:30:00Z,Seattle Sounders FC vs Austin FC,unibet_se,OU25,UNDER,2.2
2026-08-19T15:52:51Z,League One,2026-08-20,2026-08-20T19:00:00Z,Sheffield Wednesday vs Bradford City,matchbook,OU25,OVER,1.98
2026-08-19T15:52:51Z,USA MLS,2026-08-20,2026-08-20T00:00:00Z,Sporting Kansas City vs St. Louis City SC,matchbook,OU35,OVER,2.54
2026-08-19T15:52:51Z,USA MLS,2026-08-20,2026-08-20T02:30:00Z,Vancouver Whitecaps FC vs Houston Dynamo,onexbet,OU25,OVER,1.72
2026-08-19T15:52:51Z,USA MLS,2026-08-20,2026-08-20T02:30:00Z,Vancouver Whitecaps FC vs Houston Dynamo,onexbet,OU25,UNDER,2.22
2026-08-19T15:52:51Z,Ireland Premier Division,2026-08-21,2026-08-21T18:45:00Z,Drogheda United vs St Patricks Athletic,coolbet,OU25,OVER,1.92
2026-08-19T15:52:51Z,Ireland Premier Division,2026-08-21,2026-08-21T18:45:00Z,Drogheda United vs St Patricks Athletic,coolbet,OU25,UNDER,1.89
2026-08-19T15:52:51Z,Finland Veikkausliiga,2026-08-21,2026-08-21T16:00:00Z,SJK Seinäjoki vs FC Lahti,onexbet,OU25,OVER,1.67
2026-08-19T15:52:51Z,Finland Veikkausliiga,2026-08-21,2026-08-21T16:00:00Z,SJK Seinäjoki vs FC Lahti,onexbet,OU25,UNDER,2.17
2026-08-19T15:52:51Z,Championship,2026-08-22,2026-08-22T14:00:00Z,Blackburn Rovers vs Middlesbrough,matchbook,OU25,OVER,2.06
2026-08-19T15:52:51Z,Championship,2026-08-22,2026-08-22T14:00:00Z,Derby County vs Cardiff City,matchbook,OU25,UNDER,1.9
2026-08-19T15:52:51Z,League Two,2026-08-22,2026-08-22T14:00:00Z,Exeter City vs Accrington Stanley,matchbook,OU25,OVER,1.83
2026-08-19T15:52:51Z,League Two,2026-08-22,2026-08-22T14:00:00Z,Exeter City vs Accrington Stanley,matchbook,OU25,UNDER,1.75
2026-08-19T15:52:51Z,USA MLS,2026-08-22,2026-08-22T23:30:00Z,FC Cincinnati vs Seattle Sounders FC,onexbet,OU35,OVER,2.01
2026-08-19T15:52:51Z,League Two,2026-08-22,2026-08-22T14:00:00Z,Fleetwood Town vs Gillingham,onexbet,OU25,OVER,1.9
2026-08-19T15:52:51Z,League Two,2026-08-22,2026-08-22T14:00:00Z,Fleetwood Town vs Gillingham,onexbet,OU25,UNDER,1.85
2026-08-19T15:52:51Z,USA MLS,2026-08-22,2026-08-22T23:30:00Z,Inter Miami CF vs Toronto FC,onexbet,OU35,OVER,1.92
2026-08-19T15:52:51Z,USA MLS,2026-08-22,2026-08-22T23:30:00Z,Inter Miami CF vs Toronto FC,onexbet,OU35,UNDER,1.96
2026-08-19T15:52:51Z,Brazil Serie A,2026-08-22,2026-08-22T21:30:00Z,Internacional vs Atletico Mineiro,onexbet,OU25,OVER,2.0
2026-08-19T15:52:51Z,Brazil Serie A,2026-08-22,2026-08-22T21:30:00Z,Internacional vs Atletico Mineiro,onexbet,OU25,UNDER,1.84
2026-08-19T15:52:51Z,League One,2026-08-22,2026-08-22T14:00:00Z,Leicester City vs Burton Albion,matchbook,OU25,OVER,1.65
2026-08-19T15:52:51Z,Championship,2026-08-22,2026-08-22T11:30:00Z,Millwall vs Norwich City,matchbook,OU25,OVER,1.97
2026-08-19T15:52:51Z,Championship,2026-08-22,2026-08-22T11:30:00Z,Millwall vs Norwich City,matchbook,OU25,UNDER,1.95
2026-08-19T15:52:51Z,USA MLS,2026-08-22,2026-08-22T23:30:00Z,New York Red Bulls vs Chicago Fire,onexbet,OU35,OVER,2.0
2026-08-19T15:52:51Z,USA MLS,2026-08-22,2026-08-22T23:30:00Z,New York Red Bulls vs Chicago Fire,onexbet,OU35,UNDER,1.88
2026-08-19T15:52:51Z,League One,2026-08-22,2026-08-22T14:00:00Z,Peterborough United vs Mansfield Town,matchbook,OU25,OVER,1.63
2026-08-19T15:52:51Z,League One,2026-08-22,2026-08-22T14:00:00Z,Peterborough United vs Mansfield Town,onexbet,OU25,OVER,1.63
2026-08-19T15:52:51Z,League One,2026-08-22,2026-08-22T14:00:00Z,Peterborough United vs Mansfield Town,matchbook,OU25,UNDER,2.22
2026-08-19T15:52:51Z,League One,2026-08-22,2026-08-22T14:00:00Z,Peterborough United vs Mansfield Town,onexbet,OU25,UNDER,2.23
2026-08-19T15:52:51Z,League Two,2026-08-22,2026-08-22T14:00:00Z,Port Vale vs Tranmere Rovers,matchbook,OU25,OVER,2.0
2026-08-19T15:52:51Z,Championship,2026-08-22,2026-08-22T14:00:00Z,Queens Park Rangers vs Bolton Wanderers,matchbook,OU25,OVER,1.96
2026-08-19T15:52:51Z,Championship,2026-08-22,2026-08-22T14:00:00Z,Queens Park Rangers vs Bolton Wanderers,matchbook,OU25,UNDER,1.91
2026-08-19T15:52:51Z,League Two,2026-08-22,2026-08-22T11:30:00Z,Salford City vs Chesterfield FC,matchbook,OU25,UNDER,1.73
2026-08-19T15:52:51Z,Championship,2026-08-22,2026-08-22T14:00:00Z,Southampton vs Stoke City,matchbook,OU25,OVER,1.72
2026-08-19T15:52:51Z,League One,2026-08-22,2026-08-22T14:00:00Z,Wimbledon vs Reading,matchbook,OU25,UNDER,1.72
2026-08-19T15:52:51Z,Championship,2026-08-22,2026-08-22T14:00:00Z,Wrexham AFC vs Watford,matchbook,OU25,OVER,1.92
2026-08-19T15:52:51Z,Championship,2026-08-22,2026-08-22T14:00:00Z,Wrexham AFC vs Watford,matchbook,OU25,UNDER,1.96
2026-08-19T15:52:51Z,League One,2026-08-22,2026-08-22T14:00:00Z,Wycombe Wanderers vs Plymouth Argyle,matchbook,OU25,OVER,1.78
2026-08-19T15:52:51Z,League One,2026-08-22,2026-08-22T14:00:00Z,Wycombe Wanderers vs Plymouth Argyle,onexbet,OU25,OVER,1.8
2026-08-19T15:52:51Z,League One,2026-08-22,2026-08-22T14:00:00Z,Wycombe Wanderers vs Plymouth Argyle,matchbook,OU25,UNDER,2.02
2026-08-19T15:52:51Z,League One,2026-08-22,2026-08-22T14:00:00Z,Wycombe Wanderers vs Plymouth Argyle,onexbet,OU25,UNDER,1.98
2026-08-19T15:52:51Z,USA MLS,2026-08-23,2026-08-23T23:00:00Z,Atlanta United FC vs Sporting Kansas City,onexbet,OU35,OVER,2.22
2026-08-19T15:52:51Z,USA MLS,2026-08-23,2026-08-23T23:00:00Z,Atlanta United FC vs Sporting Kansas City,onexbet,OU35,UNDER,1.72
2026-08-19T15:52:51Z,USA MLS,2026-08-23,2026-08-23T00:30:00Z,Austin FC vs Philadelphia Union,coolbet,OU15,OVER,1.21
2026-08-19T15:52:51Z,USA MLS,2026-08-23,2026-08-23T00:30:00Z,Austin FC vs Philadelphia Union,coolbet,OU15,UNDER,4.3
2026-08-19T15:52:51Z,USA MLS,2026-08-23,2026-08-23T00:30:00Z,Austin FC vs Philadelphia Union,onexbet,OU25,OVER,1.73
2026-08-19T15:52:51Z,USA MLS,2026-08-23,2026-08-23T00:30:00Z,Austin FC vs Philadelphia Union,onexbet,OU25,UNDER,2.22
2026-08-19T15:52:51Z,Argentina Primera Division,2026-08-23,2026-08-23T20:00:00Z,Belgrano de Cordoba vs Defensa y Justicia,codere_it,OU25,OVER,2.34
2026-08-19T15:52:51Z,Argentina Primera Division,2026-08-23,2026-08-23T20:00:00Z,Belgrano de Cordoba vs Defensa y Justicia,codere_it,OU25,UNDER,1.51
2026-08-19T15:52:51Z,La Liga 2,2026-08-23,2026-08-23T17:00:00Z,CD Castellón vs Sabadell FC,unibet_nl,OU25,OVER,1.66
2026-08-19T15:52:51Z,La Liga 2,2026-08-23,2026-08-23T17:00:00Z,CD Castellón vs Sabadell FC,unibet_se,OU25,OVER,1.66
2026-08-19T15:52:51Z,La Liga 2,2026-08-23,2026-08-23T17:00:00Z,CD Castellón vs Sabadell FC,pmu_fr,OU25,UNDER,1.96
2026-08-19T15:52:51Z,USA MLS,2026-08-23,2026-08-23T02:30:00Z,Los Angeles FC vs Portland Timbers,onexbet,OU35,OVER,2.04
2026-08-19T15:52:51Z,USA MLS,2026-08-23,2026-08-23T02:30:00Z,Los Angeles FC vs Portland Timbers,onexbet,OU35,UNDER,1.85
2026-08-19T15:52:51Z,La Liga 2,2026-08-24,2026-08-24T17:00:00Z,Celta Fortuna vs Andorra CF,betsson,OU25,OVER,1.85
2026-08-19T15:52:51Z,La Liga 2,2026-08-24,2026-08-24T17:00:00Z,Celta Fortuna vs Andorra CF,codere_it,OU25,OVER,1.81
2026-08-19T15:52:51Z,La Liga 2,2026-08-24,2026-08-24T17:00:00Z,Celta Fortuna vs Andorra CF,nordicbet,OU25,OVER,1.85
2026-08-19T15:52:51Z,La Liga 2,2026-08-24,2026-08-24T17:00:00Z,Celta Fortuna vs Andorra CF,pinnacle,OU25,OVER,1.87
2026-08-19T15:52:51Z,La Liga 2,2026-08-24,2026-08-24T17:00:00Z,Celta Fortuna vs Andorra CF,betsson,OU25,UNDER,1.85
2026-08-19T15:52:51Z,La Liga 2,2026-08-24,2026-08-24T17:00:00Z,Celta Fortuna vs Andorra CF,codere_it,OU25,UNDER,1.83
2026-08-19T15:52:51Z,La Liga 2,2026-08-24,2026-08-24T17:00:00Z,Celta Fortuna vs Andorra CF,nordicbet,OU25,UNDER,1.85
2026-08-19T15:52:51Z,La Liga 2,2026-08-24,2026-08-24T17:00:00Z,Celta Fortuna vs Andorra CF,pinnacle,OU25,UNDER,1.96
2026-08-19T15:52:51Z,Argentina Primera Division,2026-08-25,2026-08-25T00:15:00Z,Talleres vs Rosario Central,codere_it,OU25,OVER,2.35
2026-08-19T15:52:51Z,Argentina Primera Division,2026-08-25,2026-08-25T00:15:00Z,Talleres vs Rosario Central,onexbet,OU25,OVER,2.5
2026-08-19T15:52:51Z,Argentina Primera Division,2026-08-25,2026-08-25T00:15:00Z,Talleres vs Rosario Central,codere_it,OU25,UNDER,1.5
2026-08-19T15:52:51Z,Argentina Primera Division,2026-08-25,2026-08-25T00:15:00Z,Talleres vs Rosario Central,onexbet,OU25,UNDER,1.53
2026-08-19T16:26:33Z,USA MLS,2026-08-19,2026-08-19T23:30:00Z,D.C. United vs New England Revolution,betsson,OU25,OVER,1.68
2026-08-19T16:26:33Z,USA MLS,2026-08-19,2026-08-19T23:30:00Z,D.C. United vs New England Revolution,matchbook,OU25,OVER,1.75
2026-08-19T16:26:33Z,USA MLS,2026-08-19,2026-08-19T23:30:00Z,D.C. United vs New England Revolution,nordicbet,OU25,OVER,1.68
2026-08-19T16:26:33Z,USA MLS,2026-08-19,2026-08-19T23:30:00Z,D.C. United vs New England Revolution,matchbook,OU25,UNDER,2.3
2026-08-19T16:26:33Z,USA MLS,2026-08-19,2026-08-19T23:30:00Z,FC Cincinnati vs New York City FC,betsson,OU25,UNDER,2.92
2026-08-19T16:26:33Z,USA MLS,2026-08-19,2026-08-19T23:30:00Z,FC Cincinnati vs New York City FC,nordicbet,OU25,UNDER,2.92
2026-08-19T16:26:33Z,USA MLS,2026-08-19,2026-08-19T23:30:00Z,FC Cincinnati vs New York City FC,pinnacle,OU35,UNDER,1.86
2026-08-19T16:26:33Z,USA MLS,2026-08-19,2026-08-19T23:30:00Z,New York Red Bulls vs Nashville SC,betsson,OU25,UNDER,2.48
2026-08-19T16:26:33Z,USA MLS,2026-08-19,2026-08-19T23:30:00Z,New York Red Bulls vs Nashville SC,nordicbet,OU25,UNDER,2.48
2026-08-19T16:26:33Z,USA MLS,2026-08-19,2026-08-19T23:30:00Z,New York Red Bulls vs Nashville SC,onexbet,OU35,OVER,2.36
2026-08-19T16:26:33Z,USA MLS,2026-08-19,2026-08-19T23:30:00Z,New York Red Bulls vs Nashville SC,onexbet,OU35,UNDER,1.65
2026-08-19T16:26:33Z,USA MLS,2026-08-19,2026-08-19T23:30:00Z,Orlando City SC vs Chicago Fire,matchbook,OU35,OVER,2.0
2026-08-19T16:26:33Z,USA MLS,2026-08-19,2026-08-19T23:30:00Z,Orlando City SC vs Chicago Fire,onexbet,OU35,OVER,1.95
2026-08-19T16:26:33Z,USA MLS,2026-08-19,2026-08-19T23:30:00Z,Orlando City SC vs Chicago Fire,pinnacle,OU35,OVER,1.96
2026-08-19T16:26:33Z,USA MLS,2026-08-19,2026-08-19T23:30:00Z,Orlando City SC vs Chicago Fire,matchbook,OU35,UNDER,1.96
2026-08-19T16:26:33Z,USA MLS,2026-08-19,2026-08-19T23:30:00Z,Orlando City SC vs Chicago Fire,onexbet,OU35,UNDER,1.93
2026-08-19T16:26:33Z,USA MLS,2026-08-19,2026-08-19T23:30:00Z,Orlando City SC vs Chicago Fire,pinnacle,OU35,UNDER,1.93
2026-08-19T16:26:33Z,USA MLS,2026-08-19,2026-08-19T23:30:00Z,Philadelphia Union vs Inter Miami CF,betsson,OU25,OVER,1.34
2026-08-19T16:26:33Z,USA MLS,2026-08-19,2026-08-19T23:30:00Z,Philadelphia Union vs Inter Miami CF,nordicbet,OU25,OVER,1.34
2026-08-19T16:26:33Z,USA MLS,2026-08-19,2026-08-19T23:30:00Z,Philadelphia Union vs Inter Miami CF,betsson,OU25,UNDER,3.2
2026-08-19T16:26:33Z,USA MLS,2026-08-19,2026-08-19T23:30:00Z,Philadelphia Union vs Inter Miami CF,nordicbet,OU25,UNDER,3.2
2026-08-19T16:26:33Z,USA MLS,2026-08-19,2026-08-19T23:30:00Z,Philadelphia Union vs Inter Miami CF,onexbet,OU35,OVER,1.91
2026-08-19T16:26:33Z,USA MLS,2026-08-19,2026-08-19T23:30:00Z,Philadelphia Union vs Inter Miami CF,onexbet,OU35,UNDER,1.97
2026-08-19T16:26:33Z,USA MLS,2026-08-19,2026-08-19T23:30:00Z,Philadelphia Union vs Inter Miami CF,pinnacle,OU35,UNDER,2.0
2026-08-19T16:26:33Z,USA MLS,2026-08-20,2026-08-20T02:30:00Z,LA Galaxy vs San Jose Earthquakes,leovegas_se,OU35,UNDER,1.76
2026-08-19T16:26:33Z,USA MLS,2026-08-20,2026-08-20T02:30:00Z,LA Galaxy vs San Jose Earthquakes,pmu_fr,OU35,UNDER,1.65
2026-08-19T16:26:33Z,USA MLS,2026-08-20,2026-08-20T02:30:00Z,LA Galaxy vs San Jose Earthquakes,unibet_nl,OU35,UNDER,1.76
2026-08-19T16:26:33Z,USA MLS,2026-08-20,2026-08-20T02:30:00Z,LA Galaxy vs San Jose Earthquakes,unibet_se,OU35,UNDER,1.76
2026-08-19T16:26:33Z,USA MLS,2026-08-20,2026-08-20T00:30:00Z,Minnesota United FC vs Atlanta United FC,betsson,OU25,OVER,1.58
2026-08-19T16:26:33Z,USA MLS,2026-08-20,2026-08-20T00:30:00Z,Minnesota United FC vs Atlanta United FC,leovegas_se,OU25,OVER,1.57
2026-08-19T16:26:33Z,USA MLS,2026-08-20,2026-08-20T00:30:00Z,Minnesota United FC vs Atlanta United FC,nordicbet,OU25,OVER,1.58
2026-08-19T16:26:33Z,USA MLS,2026-08-20,2026-08-20T00:30:00Z,Minnesota United FC vs Atlanta United FC,pmu_fr,OU25,OVER,1.49
2026-08-19T16:26:33Z,USA MLS,2026-08-20,2026-08-20T00:30:00Z,Minnesota United FC vs Atlanta United FC,unibet_nl,OU25,OVER,1.57
2026-08-19T16:26:33Z,USA MLS,2026-08-20,2026-08-20T00:30:00Z,Minnesota United FC vs Atlanta United FC,unibet_se,OU25,OVER,1.57
2026-08-19T16:26:33Z,USA MLS,2026-08-20,2026-08-20T00:30:00Z,Minnesota United FC vs Atlanta United FC,betsson,OU25,UNDER,2.32
2026-08-19T16:26:33Z,USA MLS,2026-08-20,2026-08-20T00:30:00Z,Minnesota United FC vs Atlanta United FC,leovegas_se,OU25,UNDER,2.3
2026-08-19T16:26:33Z,USA MLS,2026-08-20,2026-08-20T00:30:00Z,Minnesota United FC vs Atlanta United FC,nordicbet,OU25,UNDER,2.32
2026-08-19T16:26:33Z,USA MLS,2026-08-20,2026-08-20T00:30:00Z,Minnesota United FC vs Atlanta United FC,pmu_fr,OU25,UNDER,2.16
2026-08-19T16:26:33Z,USA MLS,2026-08-20,2026-08-20T00:30:00Z,Minnesota United FC vs Atlanta United FC,unibet_nl,OU25,UNDER,2.3
2026-08-19T16:26:33Z,USA MLS,2026-08-20,2026-08-20T00:30:00Z,Minnesota United FC vs Atlanta United FC,unibet_se,OU25,UNDER,2.3
2026-08-19T16:26:33Z,USA MLS,2026-08-20,2026-08-20T01:30:00Z,Seattle Sounders FC vs Austin FC,leovegas_se,OU25,OVER,1.67
2026-08-19T16:26:33Z,USA MLS,2026-08-20,2026-08-20T01:30:00Z,Seattle Sounders FC vs Austin FC,pmu_fr,OU25,OVER,1.56
2026-08-19T16:26:33Z,USA MLS,2026-08-20,2026-08-20T01:30:00Z,Seattle Sounders FC vs Austin FC,unibet_nl,OU25,OVER,1.67
2026-08-19T16:26:33Z,USA MLS,2026-08-20,2026-08-20T01:30:00Z,Seattle Sounders FC vs Austin FC,unibet_se,OU25,OVER,1.67
2026-08-19T16:26:33Z,USA MLS,2026-08-20,2026-08-20T01:30:00Z,Seattle Sounders FC vs Austin FC,leovegas_se,OU25,UNDER,2.16
2026-08-19T16:26:33Z,USA MLS,2026-08-20,2026-08-20T01:30:00Z,Seattle Sounders FC vs Austin FC,matchbook,OU25,UNDER,2.3
2026-08-19T16:26:33Z,USA MLS,2026-08-20,2026-08-20T01:30:00Z,Seattle Sounders FC vs Austin FC,pmu_fr,OU25,UNDER,2.02
2026-08-19T16:26:33Z,USA MLS,2026-08-20,2026-08-20T01:30:00Z,Seattle Sounders FC vs Austin FC,unibet_nl,OU25,UNDER,2.16
2026-08-19T16:26:33Z,USA MLS,2026-08-20,2026-08-20T01:30:00Z,Seattle Sounders FC vs Austin FC,unibet_se,OU25,UNDER,2.16
2026-08-19T16:26:33Z,USA MLS,2026-08-20,2026-08-20T00:00:00Z,Sporting Kansas City vs St. Louis City SC,betsson,OU25,OVER,1.55
2026-08-19T16:26:33Z,USA MLS,2026-08-20,2026-08-20T00:00:00Z,Sporting Kansas City vs St. Louis City SC,nordicbet,OU25,OVER,1.55
2026-08-19T16:26:33Z,USA MLS,2026-08-20,2026-08-20T00:00:00Z,Sporting Kansas City vs St. Louis City SC,betsson,OU25,UNDER,2.38
2026-08-19T16:26:33Z,USA MLS,2026-08-20,2026-08-20T00:00:00Z,Sporting Kansas City vs St. Louis City SC,nordicbet,OU25,UNDER,2.38
2026-08-19T16:26:33Z,USA MLS,2026-08-20,2026-08-20T00:00:00Z,Sporting Kansas City vs St. Louis City SC,tipico_de,OU35,OVER,2.2
2026-08-19T16:26:33Z,USA MLS,2026-08-20,2026-08-20T00:00:00Z,Sporting Kansas City vs St. Louis City SC,tipico_de,OU35,UNDER,1.6
2026-08-19T16:26:33Z,USA MLS,2026-08-20,2026-08-20T02:30:00Z,Vancouver Whitecaps FC vs Houston Dynamo,onexbet,OU25,OVER,1.71
2026-08-19T16:26:33Z,USA MLS,2026-08-20,2026-08-20T02:30:00Z,Vancouver Whitecaps FC vs Houston Dynamo,onexbet,OU25,UNDER,2.23
2026-08-19T16:26:33Z,Finland Veikkausliiga,2026-08-21,2026-08-21T16:00:00Z,SJK Seinäjoki vs FC Lahti,tipico_de,OU25,OVER,1.55
2026-08-19T16:26:33Z,Finland Veikkausliiga,2026-08-21,2026-08-21T16:00:00Z,SJK Seinäjoki vs FC Lahti,tipico_de,OU25,UNDER,2.25
2026-08-19T16:26:33Z,Serie B,2026-08-21,2026-08-21T18:30:00Z,Vicenza vs US Catanzaro 1929,betonlineag,OU25,OVER,2.15
2026-08-19T16:26:33Z,Serie B,2026-08-21,2026-08-21T18:30:00Z,Vicenza vs US Catanzaro 1929,betonlineag,OU25,UNDER,1.74
2026-08-19T16:26:33Z,Championship,2026-08-22,2026-08-22T11:30:00Z,Birmingham City vs Bristol City,onexbet,OU25,OVER,1.8
2026-08-19T16:26:33Z,Championship,2026-08-22,2026-08-22T11:30:00Z,Birmingham City vs Bristol City,matchbook,OU25,UNDER,2.08
2026-08-19T16:26:33Z,Championship,2026-08-22,2026-08-22T11:30:00Z,Birmingham City vs Bristol City,onexbet,OU25,UNDER,1.98
2026-08-19T16:26:33Z,League One,2026-08-22,2026-08-22T14:00:00Z,Bromley FC vs Cambridge United,betonlineag,OU25,OVER,2.12
2026-08-19T16:26:33Z,League One,2026-08-22,2026-08-22T14:00:00Z,Bromley FC vs Cambridge United,betonlineag,OU25,UNDER,1.76
2026-08-19T16:26:33Z,League Two,2026-08-22,2026-08-22T14:00:00Z,Crewe Alexandra vs Northampton Town,betonlineag,OU25,OVER,2.04
2026-08-19T16:26:33Z,League Two,2026-08-22,2026-08-22T14:00:00Z,Crewe Alexandra vs Northampton Town,betonlineag,OU25,UNDER,1.81
2026-08-19T16:26:33Z,Brazil Serie A,2026-08-22,2026-08-22T23:30:00Z,Cruzeiro vs Flamengo,matchbook,OU25,UNDER,1.86
2026-08-19T16:26:33Z,League One,2026-08-22,2026-08-22T11:30:00Z,Doncaster Rovers vs Barnsley,matchbook,OU25,OVER,1.71
2026-08-19T16:26:33Z,USA MLS,2026-08-22,2026-08-22T23:30:00Z,FC Cincinnati vs Seattle Sounders FC,onexbet,OU35,OVER,2.02
2026-08-19T16:26:33Z,USA MLS,2026-08-22,2026-08-22T23:30:00Z,FC Cincinnati vs Seattle Sounders FC,leovegas_se,OU35,UNDER,1.81
2026-08-19T16:26:33Z,USA MLS,2026-08-22,2026-08-22T23:30:00Z,FC Cincinnati vs Seattle Sounders FC,pmu_fr,OU35,UNDER,1.7
2026-08-19T16:26:33Z,USA MLS,2026-08-22,2026-08-22T23:30:00Z,FC Cincinnati vs Seattle Sounders FC,unibet_nl,OU35,UNDER,1.81
2026-08-19T16:26:33Z,USA MLS,2026-08-22,2026-08-22T23:30:00Z,FC Cincinnati vs Seattle Sounders FC,unibet_se,OU35,UNDER,1.81
2026-08-19T16:26:33Z,Mexico Liga MX,2026-08-22,2026-08-22T03:00:00Z,FC Juárez vs América,betsson,OU25,OVER,1.65
2026-08-19T16:26:33Z,Mexico Liga MX,2026-08-22,2026-08-22T03:00:00Z,FC Juárez vs América,nordicbet,OU25,OVER,1.65
2026-08-19T16:26:33Z,USA MLS,2026-08-22,2026-08-22T23:30:00Z,Inter Miami CF vs Toronto FC,onexbet,OU35,OVER,1.91
2026-08-19T16:26:33Z,USA MLS,2026-08-22,2026-08-22T23:30:00Z,Inter Miami CF vs Toronto FC,onexbet,OU35,UNDER,1.97
2026-08-19T16:26:33Z,Brazil Serie A,2026-08-22,2026-08-22T21:30:00Z,Internacional vs Atletico Mineiro,matchbook,OU25,OVER,2.02
2026-08-19T16:26:33Z,Brazil Serie A,2026-08-22,2026-08-22T21:30:00Z,Internacional vs Atletico Mineiro,onexbet,OU25,OVER,2.02
2026-08-19T16:26:33Z,Brazil Serie A,2026-08-22,2026-08-22T21:30:00Z,Internacional vs Atletico Mineiro,matchbook,OU25,UNDER,1.85
2026-08-19T16:26:33Z,Brazil Serie A,2026-08-22,2026-08-22T21:30:00Z,Internacional vs Atletico Mineiro,onexbet,OU25,UNDER,1.83
2026-08-19T16:26:33Z,Championship,2026-08-22,2026-08-22T11:30:00Z,Lincoln City vs Portsmouth,matchbook,OU25,UNDER,1.95
2026-08-19T16:26:33Z,Championship,2026-08-22,2026-08-22T11:30:00Z,Millwall vs Norwich City,matchbook,OU25,UNDER,1.93
2026-08-19T16:26:33Z,USA MLS,2026-08-22,2026-08-22T23:30:00Z,New York Red Bulls vs Chicago Fire,betsson,OU25,OVER,1.37
2026-08-19T16:26:33Z,USA MLS,2026-08-22,2026-08-22T23:30:00Z,New York Red Bulls vs Chicago Fire,nordicbet,OU25,OVER,1.37
2026-08-19T16:26:33Z,USA MLS,2026-08-22,2026-08-22T23:30:00Z,New York Red Bulls vs Chicago Fire,betsson,OU25,UNDER,3.05
2026-08-19T16:26:33Z,USA MLS,2026-08-22,2026-08-22T23:30:00Z,New York Red Bulls vs Chicago Fire,nordicbet,OU25,UNDER,3.05
2026-08-19T16:26:33Z,League One,2026-08-22,2026-08-22T14:00:00Z,Peterborough United vs Mansfield Town,onexbet,OU25,OVER,1.64
2026-08-19T16:26:33Z,League One,2026-08-22,2026-08-22T14:00:00Z,Peterborough United vs Mansfield Town,onexbet,OU25,UNDER,2.21
2026-08-19T16:26:33Z,League Two,2026-08-22,2026-08-22T14:00:00Z,Port Vale vs Tranmere Rovers,matchbook,OU25,UNDER,1.73
2026-08-19T16:26:33Z,Championship,2026-08-22,2026-08-22T14:00:00Z,Queens Park Rangers vs Bolton Wanderers,matchbook,OU25,OVER,1.95
2026-08-19T16:26:33Z,Championship,2026-08-22,2026-08-22T14:00:00Z,Queens Park Rangers vs Bolton Wanderers,matchbook,OU25,UNDER,1.94
2026-08-19T16:26:33Z,Mexico Liga MX,2026-08-22,2026-08-22T03:10:00Z,Querétaro vs Toluca,onexbet,OU25,OVER,1.58
2026-08-19T16:26:33Z,Mexico Liga MX,2026-08-22,2026-08-22T03:10:00Z,Querétaro vs Toluca,onexbet,OU25,UNDER,2.31
2026-08-19T16:26:33Z,League Two,2026-08-22,2026-08-22T14:00:00Z,Rotherham United vs York City,tipico_de,OU25,OVER,1.85
2026-08-19T16:26:33Z,League Two,2026-08-22,2026-08-22T14:00:00Z,Shrewsbury Town vs Barnet,matchbook,OU25,OVER,1.82
2026-08-19T16:26:33Z,League Two,2026-08-22,2026-08-22T14:00:00Z,Shrewsbury Town vs Barnet,matchbook,OU25,UNDER,1.84
2026-08-19T16:26:33Z,Mexico Liga MX,2026-08-22,2026-08-22T01:00:00Z,Tigres vs Atlante FC,betsson,OU25,OVER,1.7
2026-08-19T16:26:33Z,Championship,2026-08-22,2026-08-22T14:00:00Z,West Ham United vs Charlton Athletic,leovegas_se,OU25,OVER,1.61
2026-08-19T16:26:33Z,Championship,2026-08-22,2026-08-22T14:00:00Z,West Ham United vs Charlton Athletic,pmu_fr,OU25,OVER,1.51
2026-08-19T16:26:33Z,Championship,2026-08-22,2026-08-22T14:00:00Z,West Ham United vs Charlton Athletic,unibet_nl,OU25,OVER,1.61
2026-08-19T16:26:33Z,Championship,2026-08-22,2026-08-22T14:00:00Z,West Ham United vs Charlton Athletic,unibet_se,OU25,OVER,1.61
2026-08-19T16:26:33Z,Championship,2026-08-22,2026-08-22T14:00:00Z,West Ham United vs Charlton Athletic,leovegas_se,OU25,UNDER,2.2
2026-08-19T16:26:33Z,Championship,2026-08-22,2026-08-22T14:00:00Z,West Ham United vs Charlton Athletic,pmu_fr,OU25,UNDER,2.1
2026-08-19T16:26:33Z,Championship,2026-08-22,2026-08-22T14:00:00Z,West Ham United vs Charlton Athletic,unibet_nl,OU25,UNDER,2.2
2026-08-19T16:26:33Z,Championship,2026-08-22,2026-08-22T14:00:00Z,West Ham United vs Charlton Athletic,unibet_se,OU25,UNDER,2.2
2026-08-19T16:26:33Z,League One,2026-08-22,2026-08-22T14:00:00Z,Wigan Athletic vs Leyton Orient,matchbook,OU25,UNDER,1.65
2026-08-19T16:26:33Z,Championship,2026-08-22,2026-08-22T14:00:00Z,Wrexham AFC vs Watford,matchbook,OU25,OVER,1.93
2026-08-19T16:26:33Z,Championship,2026-08-22,2026-08-22T14:00:00Z,Wrexham AFC vs Watford,matchbook,OU25,UNDER,1.97
2026-08-19T16:26:33Z,League One,2026-08-22,2026-08-22T14:00:00Z,Wycombe Wanderers vs Plymouth Argyle,onexbet,OU25,OVER,1.79
2026-08-19T16:26:33Z,League One,2026-08-22,2026-08-22T14:00:00Z,Wycombe Wanderers vs Plymouth Argyle,onexbet,OU25,UNDER,1.99
2026-08-19T16:26:33Z,Argentina Primera Division,2026-08-23,2026-08-23T17:45:00Z,Barracas Central vs Platense,betsson,OU25,OVER,3.05
2026-08-19T16:26:33Z,Argentina Primera Division,2026-08-23,2026-08-23T17:45:00Z,Barracas Central vs Platense,nordicbet,OU25,OVER,3.05
2026-08-19T16:26:33Z,Argentina Primera Division,2026-08-23,2026-08-23T17:45:00Z,Barracas Central vs Platense,betsson,OU25,UNDER,1.37
2026-08-19T16:26:33Z,Argentina Primera Division,2026-08-23,2026-08-23T17:45:00Z,Barracas Central vs Platense,nordicbet,OU25,UNDER,1.37
2026-08-19T16:26:33Z,Serie B,2026-08-23,2026-08-23T19:00:00Z,Palermo vs Juve Stabia,onexbet,OU25,OVER,1.92
2026-08-19T16:26:33Z,Serie B,2026-08-23,2026-08-23T19:00:00Z,Palermo vs Juve Stabia,onexbet,OU25,UNDER,1.85
2026-08-19T16:26:33Z,La Liga 2,2026-08-23,2026-08-23T17:00:00Z,Sporting Gijón vs Burgos CF,onexbet,OU25,OVER,2.31
2026-08-19T16:26:33Z,La Liga 2,2026-08-23,2026-08-23T17:00:00Z,Sporting Gijón vs Burgos CF,onexbet,OU25,UNDER,1.64
2026-08-19T16:26:33Z,Argentina Primera Division,2026-08-25,2026-08-25T00:15:00Z,Lanus vs Argentinos Juniors,nordicbet,OU25,OVER,2.62
2026-08-19T16:26:33Z,Argentina Primera Division,2026-08-25,2026-08-25T00:15:00Z,Lanus vs Argentinos Juniors,nordicbet,OU25,UNDER,1.47
2026-08-19T16:59:04Z,USA MLS,2026-08-19,2026-08-19T23:30:00Z,D.C. United vs New England Revolution,matchbook,OU25,UNDER,2.28
2026-08-19T16:59:04Z,USA MLS,2026-08-19,2026-08-19T23:30:00Z,FC Cincinnati vs New York City FC,betsson,OU25,OVER,1.46
2026-08-19T16:59:04Z,USA MLS,2026-08-19,2026-08-19T23:30:00Z,FC Cincinnati vs New York City FC,nordicbet,OU25,OVER,1.46
2026-08-19T16:59:04Z,USA MLS,2026-08-19,2026-08-19T23:30:00Z,FC Cincinnati vs New York City FC,williamhill,OU25,OVER,1.44
2026-08-19T16:59:04Z,USA MLS,2026-08-19,2026-08-19T23:30:00Z,FC Cincinnati vs New York City FC,betsson,OU25,UNDER,2.68
2026-08-19T16:59:04Z,USA MLS,2026-08-19,2026-08-19T23:30:00Z,FC Cincinnati vs New York City FC,nordicbet,OU25,UNDER,2.68
2026-08-19T16:59:04Z,USA MLS,2026-08-19,2026-08-19T23:30:00Z,FC Cincinnati vs New York City FC,williamhill,OU25,UNDER,2.62
2026-08-19T16:59:04Z,USA MLS,2026-08-19,2026-08-19T23:30:00Z,FC Cincinnati vs New York City FC,betanysports,OU35,OVER,2.15
2026-08-19T16:59:04Z,USA MLS,2026-08-19,2026-08-19T23:30:00Z,FC Cincinnati vs New York City FC,betonlineag,OU35,OVER,2.15
2026-08-19T16:59:04Z,USA MLS,2026-08-19,2026-08-19T23:30:00Z,FC Cincinnati vs New York City FC,coolbet,OU35,OVER,2.12
2026-08-19T16:59:04Z,USA MLS,2026-08-19,2026-08-19T23:30:00Z,FC Cincinnati vs New York City FC,matchbook,OU35,OVER,2.24
2026-08-19T16:59:04Z,USA MLS,2026-08-19,2026-08-19T23:30:00Z,FC Cincinnati vs New York City FC,mybookieag,OU35,OVER,2.08
2026-08-19T16:59:04Z,USA MLS,2026-08-19,2026-08-19T23:30:00Z,FC Cincinnati vs New York City FC,onexbet,OU35,OVER,2.14
2026-08-19T16:59:04Z,USA MLS,2026-08-19,2026-08-19T23:30:00Z,FC Cincinnati vs New York City FC,tipico_de,OU35,OVER,1.93
2026-08-19T16:59:04Z,USA MLS,2026-08-19,2026-08-19T23:30:00Z,FC Cincinnati vs New York City FC,betanysports,OU35,UNDER,1.74
2026-08-19T16:59:04Z,USA MLS,2026-08-19,2026-08-19T23:30:00Z,FC Cincinnati vs New York City FC,betonlineag,OU35,UNDER,1.74
2026-08-19T16:59:04Z,USA MLS,2026-08-19,2026-08-19T23:30:00Z,FC Cincinnati vs New York City FC,coolbet,OU35,UNDER,1.7
2026-08-19T16:59:04Z,USA MLS,2026-08-19,2026-08-19T23:30:00Z,FC Cincinnati vs New York City FC,matchbook,OU35,UNDER,1.79
2026-08-19T16:59:04Z,USA MLS,2026-08-19,2026-08-19T23:30:00Z,FC Cincinnati vs New York City FC,mybookieag,OU35,UNDER,1.7
2026-08-19T16:59:04Z,USA MLS,2026-08-19,2026-08-19T23:30:00Z,FC Cincinnati vs New York City FC,onexbet,OU35,UNDER,1.77
2026-08-19T16:59:04Z,USA MLS,2026-08-19,2026-08-19T23:30:00Z,FC Cincinnati vs New York City FC,tipico_de,OU35,UNDER,1.75
2026-08-19T16:59:04Z,USA MLS,2026-08-19,2026-08-19T23:30:00Z,New York Red Bulls vs Nashville SC,matchbook,OU35,OVER,2.5
2026-08-19T16:59:04Z,USA MLS,2026-08-19,2026-08-19T23:30:00Z,New York Red Bulls vs Nashville SC,onexbet,OU35,OVER,2.34
2026-08-19T16:59:04Z,USA MLS,2026-08-19,2026-08-19T23:30:00Z,New York Red Bulls vs Nashville SC,onexbet,OU35,UNDER,1.66
2026-08-19T16:59:04Z,USA MLS,2026-08-19,2026-08-19T23:30:00Z,Orlando City SC vs Chicago Fire,pinnacle,OU35,OVER,1.94
2026-08-19T16:59:04Z,USA MLS,2026-08-19,2026-08-19T23:30:00Z,Orlando City SC vs Chicago Fire,mybookieag,OU35,UNDER,1.84
2026-08-19T16:59:04Z,USA MLS,2026-08-19,2026-08-19T23:30:00Z,Orlando City SC vs Chicago Fire,pinnacle,OU35,UNDER,1.94
2026-08-19T16:59:04Z,USA MLS,2026-08-19,2026-08-19T23:30:00Z,Philadelphia Union vs Inter Miami CF,betsson,OU25,OVER,1.32
2026-08-19T16:59:04Z,USA MLS,2026-08-19,2026-08-19T23:30:00Z,Philadelphia Union vs Inter Miami CF,nordicbet,OU25,OVER,1.32
2026-08-19T16:59:04Z,USA MLS,2026-08-19,2026-08-19T23:30:00Z,Philadelphia Union vs Inter Miami CF,betsson,OU25,UNDER,3.25
2026-08-19T16:59:04Z,USA MLS,2026-08-19,2026-08-19T23:30:00Z,Philadelphia Union vs Inter Miami CF,nordicbet,OU25,UNDER,3.25
2026-08-19T16:59:04Z,USA MLS,2026-08-19,2026-08-19T23:30:00Z,Philadelphia Union vs Inter Miami CF,matchbook,OU35,OVER,1.94
2026-08-19T16:59:04Z,USA MLS,2026-08-19,2026-08-19T23:30:00Z,Philadelphia Union vs Inter Miami CF,onexbet,OU35,OVER,1.89
2026-08-19T16:59:04Z,USA MLS,2026-08-19,2026-08-19T23:30:00Z,Philadelphia Union vs Inter Miami CF,pinnacle,OU35,OVER,1.88
2026-08-19T16:59:04Z,USA MLS,2026-08-19,2026-08-19T23:30:00Z,Philadelphia Union vs Inter Miami CF,matchbook,OU35,UNDER,2.04
2026-08-19T16:59:04Z,USA MLS,2026-08-19,2026-08-19T23:30:00Z,Philadelphia Union vs Inter Miami CF,onexbet,OU35,UNDER,1.99
2026-08-19T16:59:04Z,USA MLS,2026-08-20,2026-08-20T00:30:00Z,Minnesota United FC vs Atlanta United FC,betsson,OU25,OVER,1.55
2026-08-19T16:59:04Z,USA MLS,2026-08-20,2026-08-20T00:30:00Z,Minnesota United FC vs Atlanta United FC,nordicbet,OU25,OVER,1.55
2026-08-19T16:59:04Z,USA MLS,2026-08-20,2026-08-20T00:30:00Z,Minnesota United FC vs Atlanta United FC,betsson,OU25,UNDER,2.38
2026-08-19T16:59:04Z,USA MLS,2026-08-20,2026-08-20T00:30:00Z,Minnesota United FC vs Atlanta United FC,nordicbet,OU25,UNDER,2.38
2026-08-19T16:59:04Z,USA MLS,2026-08-20,2026-08-20T02:30:00Z,Portland Timbers vs San Diego FC,pinnacle,OU35,OVER,1.95
2026-08-19T16:59:04Z,USA MLS,2026-08-20,2026-08-20T01:30:00Z,Real Salt Lake vs FC Dallas,betsson,OU25,OVER,1.52
2026-08-19T16:59:04Z,USA MLS,2026-08-20,2026-08-20T01:30:00Z,Real Salt Lake vs FC Dallas,nordicbet,OU25,OVER,1.52
2026-08-19T16:59:04Z,USA MLS,2026-08-20,2026-08-20T01:30:00Z,Real Salt Lake vs FC Dallas,betsson,OU25,UNDER,2.48
2026-08-19T16:59:04Z,USA MLS,2026-08-20,2026-08-20T01:30:00Z,Real Salt Lake vs FC Dallas,nordicbet,OU25,UNDER,2.48
2026-08-19T16:59:04Z,USA MLS,2026-08-20,2026-08-20T01:30:00Z,Seattle Sounders FC vs Austin FC,matchbook,OU25,OVER,1.74
2026-08-19T16:59:04Z,League One,2026-08-20,2026-08-20T19:00:00Z,Sheffield Wednesday vs Bradford City,matchbook,OU25,UNDER,1.87
2026-08-19T16:59:04Z,USA MLS,2026-08-20,2026-08-20T00:00:00Z,Sporting Kansas City vs St. Louis City SC,tipico_de,OU35,OVER,2.25
2026-08-19T16:59:04Z,USA MLS,2026-08-20,2026-08-20T00:00:00Z,Sporting Kansas City vs St. Louis City SC,tipico_de,OU35,UNDER,1.55
2026-08-19T16:59:04Z,Austrian Bundesliga,2026-08-21,2026-08-21T17:30:00Z,Ried vs Grazer AK,pmu_fr,OU25,OVER,1.91
2026-08-19T16:59:04Z,Austrian Bundesliga,2026-08-21,2026-08-21T17:30:00Z,Ried vs Grazer AK,leovegas_se,OU25,UNDER,1.71
2026-08-19T16:59:04Z,Austrian Bundesliga,2026-08-21,2026-08-21T17:30:00Z,Ried vs Grazer AK,unibet_nl,OU25,UNDER,1.71
2026-08-19T16:59:04Z,Austrian Bundesliga,2026-08-21,2026-08-21T17:30:00Z,Ried vs Grazer AK,unibet_se,OU25,UNDER,1.71
2026-08-19T16:59:04Z,Serie B,2026-08-21,2026-08-21T18:30:00Z,Vicenza vs US Catanzaro 1929,betonlineag,OU25,OVER,2.17
2026-08-19T16:59:04Z,Serie B,2026-08-21,2026-08-21T18:30:00Z,Vicenza vs US Catanzaro 1929,coolbet,OU25,OVER,2.15
2026-08-19T16:59:04Z,Serie B,2026-08-21,2026-08-21T18:30:00Z,Vicenza vs US Catanzaro 1929,betonlineag,OU25,UNDER,1.73
2026-08-19T16:59:04Z,Serie B,2026-08-21,2026-08-21T18:30:00Z,Vicenza vs US Catanzaro 1929,coolbet,OU25,UNDER,1.68
2026-08-19T16:59:04Z,Serie B,2026-08-21,2026-08-21T18:30:00Z,Vicenza vs US Catanzaro 1929,matchbook,OU25,UNDER,1.74
2026-08-19T16:59:04Z,Championship,2026-08-22,2026-08-22T11:30:00Z,Birmingham City vs Bristol City,matchbook,OU25,OVER,1.87
2026-08-19T16:59:04Z,League Two,2026-08-22,2026-08-22T11:30:00Z,Bristol Rovers vs Newport County,matchbook,OU25,OVER,1.87
2026-08-19T16:59:04Z,League Two,2026-08-22,2026-08-22T11:30:00Z,Bristol Rovers vs Newport County,matchbook,OU25,UNDER,1.93
2026-08-19T16:59:04Z,Brazil Serie A,2026-08-22,2026-08-22T23:30:00Z,Cruzeiro vs Flamengo,matchbook,OU25,UNDER,1.85
2026-08-19T16:59:04Z,Championship,2026-08-22,2026-08-22T14:00:00Z,Derby County vs Cardiff City,matchbook,OU25,UNDER,1.88
2026-08-19T16:59:04Z,USA MLS,2026-08-22,2026-08-22T23:30:00Z,FC Cincinnati vs Seattle Sounders FC,onexbet,OU35,OVER,2.01
2026-08-19T16:59:04Z,League Two,2026-08-22,2026-08-22T14:00:00Z,Fleetwood Town vs Gillingham,matchbook,OU25,OVER,1.94
2026-08-19T16:59:04Z,League Two,2026-08-22,2026-08-22T14:00:00Z,Fleetwood Town vs Gillingham,matchbook,OU25,UNDER,1.86
2026-08-19T16:59:04Z,Brazil Serie A,2026-08-22,2026-08-22T19:00:00Z,Fluminense vs Remo,matchbook,OU25,OVER,1.85
2026-08-19T16:59:04Z,Brazil Serie A,2026-08-22,2026-08-22T21:30:00Z,Internacional vs Atletico Mineiro,onexbet,OU25,OVER,2.0
2026-08-19T16:59:04Z,Brazil Serie A,2026-08-22,2026-08-22T21:30:00Z,Internacional vs Atletico Mineiro,onexbet,OU25,UNDER,1.84
2026-08-19T16:59:04Z,Championship,2026-08-22,2026-08-22T11:30:00Z,Lincoln City vs Portsmouth,codere_it,OU25,OVER,1.88
2026-08-19T16:59:04Z,Championship,2026-08-22,2026-08-22T11:30:00Z,Lincoln City vs Portsmouth,codere_it,OU25,UNDER,1.79
2026-08-19T16:59:04Z,Championship,2026-08-22,2026-08-22T11:30:00Z,Millwall vs Norwich City,leovegas_se,OU25,OVER,1.94
2026-08-19T16:59:04Z,Championship,2026-08-22,2026-08-22T11:30:00Z,Millwall vs Norwich City,matchbook,OU25,OVER,1.98
2026-08-19T16:59:04Z,Championship,2026-08-22,2026-08-22T11:30:00Z,Millwall vs Norwich City,unibet_nl,OU25,OVER,1.94
2026-08-19T16:59:04Z,Championship,2026-08-22,2026-08-22T11:30:00Z,Millwall vs Norwich City,unibet_se,OU25,OVER,1.94
2026-08-19T16:59:04Z,Championship,2026-08-22,2026-08-22T11:30:00Z,Millwall vs Norwich City,matchbook,OU25,UNDER,1.94
2026-08-19T16:59:04Z,USA MLS,2026-08-22,2026-08-22T23:30:00Z,New York Red Bulls vs Chicago Fire,betsson,OU25,OVER,1.39
2026-08-19T16:59:04Z,USA MLS,2026-08-22,2026-08-22T23:30:00Z,New York Red Bulls vs Chicago Fire,nordicbet,OU25,OVER,1.39
2026-08-19T16:59:04Z,USA MLS,2026-08-22,2026-08-22T23:30:00Z,New York Red Bulls vs Chicago Fire,betsson,OU25,UNDER,2.95
2026-08-19T16:59:04Z,USA MLS,2026-08-22,2026-08-22T23:30:00Z,New York Red Bulls vs Chicago Fire,nordicbet,OU25,UNDER,2.95
2026-08-19T16:59:04Z,USA MLS,2026-08-22,2026-08-22T23:30:00Z,New York Red Bulls vs Chicago Fire,onexbet,OU35,OVER,2.02
2026-08-19T16:59:04Z,USA MLS,2026-08-22,2026-08-22T23:30:00Z,New York Red Bulls vs Chicago Fire,onexbet,OU35,UNDER,1.87
2026-08-19T16:59:04Z,Championship,2026-08-22,2026-08-22T14:00:00Z,Queens Park Rangers vs Bolton Wanderers,matchbook,OU25,OVER,1.96
2026-08-19T16:59:04Z,Mexico Liga MX,2026-08-22,2026-08-22T03:10:00Z,Querétaro vs Toluca,onexbet,OU25,OVER,1.57
2026-08-19T16:59:04Z,Mexico Liga MX,2026-08-22,2026-08-22T03:10:00Z,Querétaro vs Toluca,onexbet,OU25,UNDER,2.33
2026-08-19T16:59:04Z,Mexico Liga MX,2026-08-22,2026-08-22T01:00:00Z,Tigres vs Atlante FC,coolbet,OU25,OVER,1.7
2026-08-19T16:59:04Z,Mexico Liga MX,2026-08-22,2026-08-22T01:00:00Z,Tigres vs Atlante FC,nordicbet,OU25,OVER,1.7
2026-08-19T16:59:04Z,Mexico Liga MX,2026-08-22,2026-08-22T01:00:00Z,Tigres vs Atlante FC,tipico_de,OU25,OVER,1.67
2026-08-19T16:59:04Z,Mexico Liga MX,2026-08-22,2026-08-22T01:00:00Z,Tigres vs Atlante FC,coolbet,OU25,UNDER,2.12
2026-08-19T16:59:04Z,Mexico Liga MX,2026-08-22,2026-08-22T01:00:00Z,Tigres vs Atlante FC,tipico_de,OU25,UNDER,2.05
2026-08-19T16:59:04Z,Championship,2026-08-22,2026-08-22T14:00:00Z,Wrexham AFC vs Watford,matchbook,OU25,UNDER,1.96
2026-08-19T16:59:04Z,Sweden Allsvenskan,2026-08-22,2026-08-22T13:00:00Z,Örgryte IS vs Halmstads BK,matchbook,OU25,OVER,1.64
2026-08-19T16:59:04Z,USA MLS,2026-08-23,2026-08-23T23:00:00Z,Atlanta United FC vs Sporting Kansas City,onexbet,OU35,OVER,2.23
2026-08-19T16:59:04Z,USA MLS,2026-08-23,2026-08-23T00:30:00Z,Austin FC vs Philadelphia Union,onexbet,OU25,OVER,1.72
2026-08-19T16:59:04Z,USA MLS,2026-08-23,2026-08-23T00:30:00Z,Austin FC vs Philadelphia Union,onexbet,OU25,UNDER,2.23
2026-08-19T16:59:04Z,Brazil Serie A,2026-08-23,2026-08-23T21:30:00Z,Chapecoense vs Sao Paulo,matchbook,OU25,UNDER,1.65
2026-08-19T16:59:04Z,Brazil Serie A,2026-08-23,2026-08-23T22:30:00Z,Coritiba vs Corinthians,onexbet,OU25,OVER,2.53
2026-08-19T16:59:04Z,Brazil Serie A,2026-08-23,2026-08-23T22:30:00Z,Coritiba vs Corinthians,onexbet,OU25,UNDER,1.55
2026-08-19T16:59:04Z,Serie B,2026-08-23,2026-08-23T19:00:00Z,Palermo vs Juve Stabia,onexbet,OU25,OVER,1.93
2026-08-19T16:59:04Z,Serie B,2026-08-23,2026-08-23T19:00:00Z,Palermo vs Juve Stabia,onexbet,OU25,UNDER,1.84
2026-08-19T16:59:04Z,Brazil Serie A,2026-08-23,2026-08-23T21:30:00Z,Santos vs Mirassol,matchbook,OU25,OVER,1.77
2026-08-19T16:59:04Z,Brazil Serie A,2026-08-23,2026-08-23T21:30:00Z,Santos vs Mirassol,matchbook,OU25,UNDER,1.84
2026-08-19T16:59:04Z,Argentina Primera Division,2026-08-24,2026-08-24T00:30:00Z,Racing Club vs Boca Juniors,onexbet,OU15,OVER,1.57
2026-08-19T16:59:04Z,Argentina Primera Division,2026-08-24,2026-08-24T00:30:00Z,Racing Club vs Boca Juniors,onexbet,OU15,UNDER,2.4
2026-08-19T16:59:04Z,Argentina Primera Division,2026-08-25,2026-08-25T00:15:00Z,Lanus vs Argentinos Juniors,betsson,OU25,OVER,2.62
2026-08-19T16:59:04Z,Argentina Primera Division,2026-08-25,2026-08-25T00:15:00Z,Lanus vs Argentinos Juniors,betsson,OU25,UNDER,1.47
2026-08-19T17:36:26Z,USA MLS,2026-08-19,2026-08-19T23:30:00Z,Columbus Crew SC vs CF Montreal,onexbet,OU35,OVER,2.38
2026-08-19T17:36:26Z,USA MLS,2026-08-19,2026-08-19T23:30:00Z,Columbus Crew SC vs CF Montreal,onexbet,OU35,UNDER,1.64
2026-08-19T17:36:26Z,USA MLS,2026-08-19,2026-08-19T23:30:00Z,D.C. United vs New England Revolution,matchbook,OU25,OVER,1.78
2026-08-19T17:36:26Z,USA MLS,2026-08-19,2026-08-19T23:30:00Z,D.C. United vs New England Revolution,matchbook,OU25,UNDER,2.26
2026-08-19T17:36:26Z,USA MLS,2026-08-19,2026-08-19T23:30:00Z,FC Cincinnati vs New York City FC,onexbet,OU35,OVER,2.17
2026-08-19T17:36:26Z,USA MLS,2026-08-19,2026-08-19T23:30:00Z,FC Cincinnati vs New York City FC,tipico_de,OU35,OVER,2.0
2026-08-19T17:36:26Z,USA MLS,2026-08-19,2026-08-19T23:30:00Z,FC Cincinnati vs New York City FC,onexbet,OU35,UNDER,1.75
2026-08-19T17:36:26Z,USA MLS,2026-08-19,2026-08-19T23:30:00Z,FC Cincinnati vs New York City FC,tipico_de,OU35,UNDER,1.7
2026-08-19T17:36:26Z,USA MLS,2026-08-19,2026-08-19T23:30:00Z,Orlando City SC vs Chicago Fire,pinnacle,OU35,OVER,1.93
2026-08-19T17:36:26Z,USA MLS,2026-08-19,2026-08-19T23:30:00Z,Orlando City SC vs Chicago Fire,pinnacle,OU35,UNDER,1.95
2026-08-19T17:36:26Z,USA MLS,2026-08-19,2026-08-19T23:30:00Z,Philadelphia Union vs Inter Miami CF,onexbet,OU35,OVER,1.9
2026-08-19T17:36:26Z,USA MLS,2026-08-19,2026-08-19T23:30:00Z,Philadelphia Union vs Inter Miami CF,pinnacle,OU35,OVER,1.9
2026-08-19T17:36:26Z,USA MLS,2026-08-19,2026-08-19T23:30:00Z,Philadelphia Union vs Inter Miami CF,pinnacle,OU35,UNDER,1.99
2026-08-19T17:36:26Z,USA MLS,2026-08-19,2026-08-19T23:30:00Z,Toronto FC vs Charlotte FC,matchbook,OU25,OVER,1.69
2026-08-19T17:36:26Z,USA MLS,2026-08-19,2026-08-19T23:30:00Z,Toronto FC vs Charlotte FC,matchbook,OU25,UNDER,2.4
2026-08-19T17:36:26Z,USA MLS,2026-08-20,2026-08-20T01:30:00Z,Colorado Rapids vs Los Angeles FC,betsson,OU25,OVER,1.68
2026-08-19T17:36:26Z,USA MLS,2026-08-20,2026-08-20T01:30:00Z,Colorado Rapids vs Los Angeles FC,onexbet,OU25,OVER,1.75
2026-08-19T17:36:26Z,USA MLS,2026-08-20,2026-08-20T01:30:00Z,Colorado Rapids vs Los Angeles FC,onexbet,OU25,UNDER,2.17
2026-08-19T17:36:26Z,USA MLS,2026-08-20,2026-08-20T02:30:00Z,LA Galaxy vs San Jose Earthquakes,matchbook,OU35,OVER,2.18
2026-08-19T17:36:26Z,USA MLS,2026-08-20,2026-08-20T02:30:00Z,LA Galaxy vs San Jose Earthquakes,onexbet,OU35,OVER,2.06
2026-08-19T17:36:26Z,USA MLS,2026-08-20,2026-08-20T02:30:00Z,LA Galaxy vs San Jose Earthquakes,matchbook,OU35,UNDER,1.81
2026-08-19T17:36:26Z,USA MLS,2026-08-20,2026-08-20T02:30:00Z,LA Galaxy vs San Jose Earthquakes,onexbet,OU35,UNDER,1.84
2026-08-19T17:36:26Z,USA MLS,2026-08-20,2026-08-20T00:30:00Z,Minnesota United FC vs Atlanta United FC,matchbook,OU25,OVER,1.65
2026-08-19T17:36:26Z,USA MLS,2026-08-20,2026-08-20T00:30:00Z,Minnesota United FC vs Atlanta United FC,onexbet,OU25,OVER,1.64
2026-08-19T17:36:26Z,USA MLS,2026-08-20,2026-08-20T00:30:00Z,Minnesota United FC vs Atlanta United FC,tipico_de,OU25,OVER,1.52
2026-08-19T17:36:26Z,USA MLS,2026-08-20,2026-08-20T00:30:00Z,Minnesota United FC vs Atlanta United FC,gtbets,OU25,UNDER,2.32
2026-08-19T17:36:26Z,USA MLS,2026-08-20,2026-08-20T00:30:00Z,Minnesota United FC vs Atlanta United FC,matchbook,OU25,UNDER,2.5
2026-08-19T17:36:26Z,USA MLS,2026-08-20,2026-08-20T00:30:00Z,Minnesota United FC vs Atlanta United FC,onexbet,OU25,UNDER,2.37
2026-08-19T17:36:26Z,USA MLS,2026-08-20,2026-08-20T00:30:00Z,Minnesota United FC vs Atlanta United FC,tipico_de,OU25,UNDER,2.35
2026-08-19T17:36:26Z,USA MLS,2026-08-20,2026-08-20T02:30:00Z,Portland Timbers vs San Diego FC,betsson,OU25,OVER,1.35
2026-08-19T17:36:26Z,USA MLS,2026-08-20,2026-08-20T02:30:00Z,Portland Timbers vs San Diego FC,nordicbet,OU25,OVER,1.35
2026-08-19T17:36:26Z,USA MLS,2026-08-20,2026-08-20T02:30:00Z,Portland Timbers vs San Diego FC,betsson,OU25,UNDER,3.15
2026-08-19T17:36:26Z,USA MLS,2026-08-20,2026-08-20T02:30:00Z,Portland Timbers vs San Diego FC,nordicbet,OU25,UNDER,3.15
2026-08-19T17:36:26Z,USA MLS,2026-08-20,2026-08-20T02:30:00Z,Portland Timbers vs San Diego FC,coolbet,OU35,OVER,1.9
2026-08-19T17:36:26Z,USA MLS,2026-08-20,2026-08-20T02:30:00Z,Portland Timbers vs San Diego FC,coolbet,OU35,UNDER,1.87
2026-08-19T17:36:26Z,USA MLS,2026-08-20,2026-08-20T01:30:00Z,Real Salt Lake vs FC Dallas,matchbook,OU35,OVER,2.46
2026-08-19T17:36:26Z,USA MLS,2026-08-20,2026-08-20T01:30:00Z,Real Salt Lake vs FC Dallas,onexbet,OU35,OVER,2.28
2026-08-19T17:36:26Z,USA MLS,2026-08-20,2026-08-20T01:30:00Z,Real Salt Lake vs FC Dallas,matchbook,OU35,UNDER,1.67
2026-08-19T17:36:26Z,USA MLS,2026-08-20,2026-08-20T01:30:00Z,Real Salt Lake vs FC Dallas,onexbet,OU35,UNDER,1.69
2026-08-19T17:36:26Z,USA MLS,2026-08-20,2026-08-20T01:30:00Z,Seattle Sounders FC vs Austin FC,gtbets,OU25,UNDER,2.22
2026-08-19T17:36:26Z,USA MLS,2026-08-20,2026-08-20T01:30:00Z,Seattle Sounders FC vs Austin FC,matchbook,OU25,UNDER,2.32
2026-08-19T17:36:26Z,USA MLS,2026-08-20,2026-08-20T00:00:00Z,Sporting Kansas City vs St. Louis City SC,matchbook,OU35,UNDER,1.62
2026-08-19T17:36:26Z,USA MLS,2026-08-20,2026-08-20T02:30:00Z,Vancouver Whitecaps FC vs Houston Dynamo,matchbook,OU25,OVER,1.75
2026-08-19T17:36:26Z,La Liga 2,2026-08-21,2026-08-21T19:00:00Z,Córdoba vs Girona FC,matchbook,OU25,OVER,1.88
2026-08-19T17:36:26Z,Austrian Bundesliga,2026-08-21,2026-08-21T17:30:00Z,Ried vs Grazer AK,codere_it,OU25,OVER,1.91
2026-08-19T17:36:26Z,Austrian Bundesliga,2026-08-21,2026-08-21T17:30:00Z,Ried vs Grazer AK,codere_it,OU25,UNDER,1.76
2026-08-19T17:36:26Z,Serie B,2026-08-21,2026-08-21T18:30:00Z,Vicenza vs US Catanzaro 1929,matchbook,OU25,OVER,2.18
2026-08-19T17:36:26Z,La Liga 2,2026-08-22,2026-08-22T17:00:00Z,AD Ceuta FC vs Las Palmas,betanysports,OU25,OVER,2.02
2026-08-19T17:36:26Z,La Liga 2,2026-08-22,2026-08-22T17:00:00Z,AD Ceuta FC vs Las Palmas,betonlineag,OU25,OVER,2.12
2026-08-19T17:36:26Z,La Liga 2,2026-08-22,2026-08-22T17:00:00Z,AD Ceuta FC vs Las Palmas,betanysports,OU25,UNDER,1.76
2026-08-19T17:36:26Z,La Liga 2,2026-08-22,2026-08-22T17:00:00Z,AD Ceuta FC vs Las Palmas,betonlineag,OU25,UNDER,1.76
2026-08-19T17:36:26Z,Championship,2026-08-22,2026-08-22T11:30:00Z,Birmingham City vs Bristol City,matchbook,OU25,OVER,1.86
2026-08-19T17:36:26Z,Championship,2026-08-22,2026-08-22T11:30:00Z,Birmingham City vs Bristol City,onexbet,OU25,OVER,1.81
2026-08-19T17:36:26Z,Championship,2026-08-22,2026-08-22T11:30:00Z,Birmingham City vs Bristol City,matchbook,OU25,UNDER,2.06
2026-08-19T17:36:26Z,Championship,2026-08-22,2026-08-22T11:30:00Z,Birmingham City vs Bristol City,onexbet,OU25,UNDER,1.97
2026-08-19T17:36:26Z,USA MLS,2026-08-22,2026-08-22T23:30:00Z,CF Montreal vs LA Galaxy,onexbet,OU25,UNDER,2.32
2026-08-19T17:36:26Z,Serie B,2026-08-22,2026-08-22T17:00:00Z,Carrarese vs Mantova,betonlineag,OU25,OVER,2.08
2026-08-19T17:36:26Z,Serie B,2026-08-22,2026-08-22T17:00:00Z,Carrarese vs Mantova,betonlineag,OU25,UNDER,1.78
2026-08-19T17:36:26Z,Brazil Serie A,2026-08-22,2026-08-22T23:30:00Z,Cruzeiro vs Flamengo,tipico_de,OU25,OVER,1.9
2026-08-19T17:36:26Z,Brazil Serie A,2026-08-22,2026-08-22T23:30:00Z,Cruzeiro vs Flamengo,williamhill,OU25,OVER,1.95
2026-08-19T17:36:26Z,Brazil Serie A,2026-08-22,2026-08-22T23:30:00Z,Cruzeiro vs Flamengo,tipico_de,OU25,UNDER,1.8
2026-08-19T17:36:26Z,Brazil Serie A,2026-08-22,2026-08-22T23:30:00Z,Cruzeiro vs Flamengo,williamhill,OU25,UNDER,1.8
2026-08-19T17:36:26Z,Championship,2026-08-22,2026-08-22T14:00:00Z,Derby County vs Cardiff City,matchbook,OU25,UNDER,1.9
2026-08-19T17:36:26Z,USA MLS,2026-08-22,2026-08-22T23:30:00Z,FC Cincinnati vs Seattle Sounders FC,onexbet,OU35,OVER,2.02
2026-08-19T17:36:26Z,Brazil Serie A,2026-08-22,2026-08-22T19:00:00Z,Fluminense vs Remo,tipico_de,OU25,UNDER,1.93
2026-08-19T17:36:26Z,Brazil Serie A,2026-08-22,2026-08-22T21:30:00Z,Internacional vs Atletico Mineiro,betsson,OU25,OVER,1.98
2026-08-19T17:36:26Z,Brazil Serie A,2026-08-22,2026-08-22T21:30:00Z,Internacional vs Atletico Mineiro,onexbet,OU25,OVER,2.02
2026-08-19T17:36:26Z,Brazil Serie A,2026-08-22,2026-08-22T21:30:00Z,Internacional vs Atletico Mineiro,tipico_de,OU25,OVER,1.9
2026-08-19T17:36:26Z,Brazil Serie A,2026-08-22,2026-08-22T21:30:00Z,Internacional vs Atletico Mineiro,betsson,OU25,UNDER,1.78
2026-08-19T17:36:26Z,Brazil Serie A,2026-08-22,2026-08-22T21:30:00Z,Internacional vs Atletico Mineiro,onexbet,OU25,UNDER,1.83
2026-08-19T17:36:26Z,Brazil Serie A,2026-08-22,2026-08-22T21:30:00Z,Internacional vs Atletico Mineiro,tipico_de,OU25,UNDER,1.8
2026-08-19T17:36:26Z,Japan J-League,2026-08-22,2026-08-22T09:00:00Z,Kashima Antlers vs Avispa Fukuoka,onexbet,OU25,OVER,2.41
2026-08-19T17:36:26Z,Japan J-League,2026-08-22,2026-08-22T09:00:00Z,Kashima Antlers vs Avispa Fukuoka,onexbet,OU25,UNDER,1.58
2026-08-19T17:36:26Z,Championship,2026-08-22,2026-08-22T11:30:00Z,Lincoln City vs Portsmouth,onexbet,OU25,OVER,1.92
2026-08-19T17:36:26Z,Championship,2026-08-22,2026-08-22T11:30:00Z,Lincoln City vs Portsmouth,matchbook,OU25,UNDER,1.93
2026-08-19T17:36:26Z,Championship,2026-08-22,2026-08-22T11:30:00Z,Lincoln City vs Portsmouth,onexbet,OU25,UNDER,1.85
2026-08-19T17:36:26Z,Championship,2026-08-22,2026-08-22T11:30:00Z,Millwall vs Norwich City,matchbook,OU25,UNDER,1.95
2026-08-19T17:36:26Z,League One,2026-08-22,2026-08-22T14:00:00Z,Peterborough United vs Mansfield Town,onexbet,OU25,OVER,1.63
2026-08-19T17:36:26Z,League One,2026-08-22,2026-08-22T14:00:00Z,Peterborough United vs Mansfield Town,onexbet,OU25,UNDER,2.23
2026-08-19T17:36:26Z,League Two,2026-08-22,2026-08-22T14:00:00Z,Rotherham United vs York City,matchbook,OU25,OVER,1.81
2026-08-19T17:36:26Z,League Two,2026-08-22,2026-08-22T14:00:00Z,Rotherham United vs York City,matchbook,OU25,UNDER,1.74
2026-08-19T17:36:26Z,Championship,2026-08-22,2026-08-22T14:00:00Z,Southampton vs Stoke City,matchbook,OU25,OVER,1.73
2026-08-19T17:36:26Z,Mexico Liga MX,2026-08-22,2026-08-22T01:00:00Z,Tigres vs Atlante FC,onexbet,OU25,OVER,1.69
2026-08-19T17:36:26Z,Mexico Liga MX,2026-08-22,2026-08-22T01:00:00Z,Tigres vs Atlante FC,onexbet,OU25,UNDER,2.11
2026-08-19T17:36:26Z,Championship,2026-08-22,2026-08-22T14:00:00Z,Wrexham AFC vs Watford,matchbook,OU25,UNDER,1.98
2026-08-19T17:36:26Z,Argentina Primera Division,2026-08-23,2026-08-23T00:00:00Z,Atlético Huracán vs Deportivo Riestra,onexbet,OU15,OVER,1.64
2026-08-19T17:36:26Z,Argentina Primera Division,2026-08-23,2026-08-23T00:00:00Z,Atlético Huracán vs Deportivo Riestra,onexbet,OU15,UNDER,2.25
2026-08-19T17:36:26Z,Brazil Serie A,2026-08-23,2026-08-23T19:00:00Z,Bragantino-SP vs Grêmio,tipico_de,OU25,OVER,1.8
2026-08-19T17:36:26Z,Brazil Serie A,2026-08-23,2026-08-23T19:00:00Z,Bragantino-SP vs Grêmio,tipico_de,OU25,UNDER,1.9
2026-08-19T17:36:26Z,Brazil Serie A,2026-08-23,2026-08-23T21:30:00Z,Chapecoense vs Sao Paulo,matchbook,OU25,OVER,2.08
2026-08-19T17:36:26Z,Brazil Serie A,2026-08-23,2026-08-23T21:30:00Z,Chapecoense vs Sao Paulo,matchbook,OU25,UNDER,1.66
2026-08-19T17:36:26Z,China Super League,2026-08-23,2026-08-23T11:00:00Z,Liaoning Tieren FC vs Henan FC,onexbet,OU25,OVER,1.71
2026-08-19T17:36:26Z,China Super League,2026-08-23,2026-08-23T11:00:00Z,Liaoning Tieren FC vs Henan FC,onexbet,OU25,UNDER,2.16
2026-08-19T17:36:26Z,Brazil Serie A,2026-08-23,2026-08-23T21:30:00Z,Santos vs Mirassol,tipico_de,OU25,OVER,1.8
2026-08-19T17:36:26Z,Brazil Serie A,2026-08-23,2026-08-23T21:30:00Z,Santos vs Mirassol,tipico_de,OU25,UNDER,1.9
2026-08-19T17:36:26Z,USA MLS,2026-08-23,2026-08-23T01:30:00Z,Vancouver Whitecaps FC vs FC Dallas,onexbet,OU35,OVER,2.18
2026-08-19T17:36:26Z,USA MLS,2026-08-23,2026-08-23T01:30:00Z,Vancouver Whitecaps FC vs FC Dallas,onexbet,OU35,UNDER,1.75
2026-08-19T17:36:26Z,Argentina Primera Division,2026-08-24,2026-08-24T00:30:00Z,Racing Club vs Boca Juniors,onexbet,OU15,OVER,1.56
2026-08-19T17:36:26Z,Argentina Primera Division,2026-08-24,2026-08-24T00:30:00Z,Racing Club vs Boca Juniors,onexbet,OU15,UNDER,2.43
2026-08-19T17:59:10Z,USA MLS,2026-08-19,2026-08-19T23:30:00Z,D.C. United vs New England Revolution,matchbook,OU25,UNDER,2.24
2026-08-19T17:59:10Z,USA MLS,2026-08-19,2026-08-19T23:30:00Z,FC Cincinnati vs New York City FC,gtbets,OU35,OVER,2.09
2026-08-19T17:59:10Z,USA MLS,2026-08-19,2026-08-19T23:30:00Z,FC Cincinnati vs New York City FC,matchbook,OU35,OVER,2.26
2026-08-19T17:59:10Z,USA MLS,2026-08-19,2026-08-19T23:30:00Z,FC Cincinnati vs New York City FC,matchbook,OU35,UNDER,1.77
2026-08-19T17:59:10Z,USA MLS,2026-08-19,2026-08-19T23:30:00Z,Philadelphia Union vs Inter Miami CF,williamhill,OU25,OVER,1.3
2026-08-19T17:59:10Z,USA MLS,2026-08-19,2026-08-19T23:30:00Z,Philadelphia Union vs Inter Miami CF,williamhill,OU25,UNDER,3.25
2026-08-19T17:59:10Z,USA MLS,2026-08-19,2026-08-19T23:30:00Z,Philadelphia Union vs Inter Miami CF,matchbook,OU35,OVER,1.93
2026-08-19T17:59:10Z,USA MLS,2026-08-19,2026-08-19T23:30:00Z,Philadelphia Union vs Inter Miami CF,pinnacle,OU35,OVER,1.89
2026-08-19T17:59:10Z,USA MLS,2026-08-19,2026-08-19T23:30:00Z,Toronto FC vs Charlotte FC,matchbook,OU25,OVER,1.7
2026-08-19T17:59:10Z,USA MLS,2026-08-20,2026-08-20T01:30:00Z,Colorado Rapids vs Los Angeles FC,nordicbet,OU25,OVER,1.68
2026-08-19T17:59:10Z,USA MLS,2026-08-20,2026-08-20T01:30:00Z,Colorado Rapids vs Los Angeles FC,onexbet,OU25,OVER,1.74
2026-08-19T17:59:10Z,USA MLS,2026-08-20,2026-08-20T01:30:00Z,Colorado Rapids vs Los Angeles FC,onexbet,OU25,UNDER,2.19
2026-08-19T17:59:10Z,USA MLS,2026-08-20,2026-08-20T00:30:00Z,Minnesota United FC vs Atlanta United FC,betsson,OU25,OVER,1.58
2026-08-19T17:59:10Z,USA MLS,2026-08-20,2026-08-20T00:30:00Z,Minnesota United FC vs Atlanta United FC,nordicbet,OU25,OVER,1.58
2026-08-19T17:59:10Z,USA MLS,2026-08-20,2026-08-20T00:30:00Z,Minnesota United FC vs Atlanta United FC,betsson,OU25,UNDER,2.32
2026-08-19T17:59:10Z,USA MLS,2026-08-20,2026-08-20T00:30:00Z,Minnesota United FC vs Atlanta United FC,nordicbet,OU25,UNDER,2.32
2026-08-19T17:59:10Z,USA MLS,2026-08-20,2026-08-20T01:30:00Z,Real Salt Lake vs FC Dallas,matchbook,OU35,OVER,2.48
2026-08-19T17:59:10Z,USA MLS,2026-08-20,2026-08-20T01:30:00Z,Seattle Sounders FC vs Austin FC,leovegas_se,OU25,OVER,1.68
2026-08-19T17:59:10Z,USA MLS,2026-08-20,2026-08-20T01:30:00Z,Seattle Sounders FC vs Austin FC,matchbook,OU25,OVER,1.75
2026-08-19T17:59:10Z,USA MLS,2026-08-20,2026-08-20T01:30:00Z,Seattle Sounders FC vs Austin FC,unibet_nl,OU25,OVER,1.68
2026-08-19T17:59:10Z,USA MLS,2026-08-20,2026-08-20T01:30:00Z,Seattle Sounders FC vs Austin FC,unibet_se,OU25,OVER,1.68
2026-08-19T17:59:10Z,USA MLS,2026-08-20,2026-08-20T01:30:00Z,Seattle Sounders FC vs Austin FC,leovegas_se,OU25,UNDER,2.14
2026-08-19T17:59:10Z,USA MLS,2026-08-20,2026-08-20T01:30:00Z,Seattle Sounders FC vs Austin FC,matchbook,OU25,UNDER,2.3
2026-08-19T17:59:10Z,USA MLS,2026-08-20,2026-08-20T01:30:00Z,Seattle Sounders FC vs Austin FC,pmu_fr,OU25,UNDER,2.0
2026-08-19T17:59:10Z,USA MLS,2026-08-20,2026-08-20T01:30:00Z,Seattle Sounders FC vs Austin FC,unibet_nl,OU25,UNDER,2.14
2026-08-19T17:59:10Z,USA MLS,2026-08-20,2026-08-20T01:30:00Z,Seattle Sounders FC vs Austin FC,unibet_se,OU25,UNDER,2.14
2026-08-19T17:59:10Z,USA MLS,2026-08-20,2026-08-20T02:30:00Z,Vancouver Whitecaps FC vs Houston Dynamo,matchbook,OU25,OVER,1.74
2026-08-19T17:59:10Z,Austrian Bundesliga,2026-08-21,2026-08-21T17:30:00Z,Ried vs Grazer AK,codere_it,OU25,OVER,1.88
2026-08-19T17:59:10Z,Austrian Bundesliga,2026-08-21,2026-08-21T17:30:00Z,Ried vs Grazer AK,matchbook,OU25,OVER,1.76
2026-08-19T17:59:10Z,Austrian Bundesliga,2026-08-21,2026-08-21T17:30:00Z,Ried vs Grazer AK,tipico_de,OU25,OVER,1.87
2026-08-19T17:59:10Z,Austrian Bundesliga,2026-08-21,2026-08-21T17:30:00Z,Ried vs Grazer AK,codere_it,OU25,UNDER,1.79
2026-08-19T17:59:10Z,Austrian Bundesliga,2026-08-21,2026-08-21T17:30:00Z,Ried vs Grazer AK,matchbook,OU25,UNDER,1.85
2026-08-19T17:59:10Z,Austrian Bundesliga,2026-08-21,2026-08-21T17:30:00Z,Ried vs Grazer AK,tipico_de,OU25,UNDER,1.87
2026-08-19T17:59:10Z,La Liga 2,2026-08-22,2026-08-22T17:00:00Z,AD Ceuta FC vs Las Palmas,matchbook,OU25,OVER,1.96
2026-08-19T17:59:10Z,La Liga 2,2026-08-22,2026-08-22T17:00:00Z,AD Ceuta FC vs Las Palmas,matchbook,OU25,UNDER,1.65
2026-08-19T17:59:10Z,Championship,2026-08-22,2026-08-22T11:30:00Z,Birmingham City vs Bristol City,onexbet,OU25,OVER,1.8
2026-08-19T17:59:10Z,Championship,2026-08-22,2026-08-22T11:30:00Z,Birmingham City vs Bristol City,onexbet,OU25,UNDER,1.98
2026-08-19T17:59:10Z,League Two,2026-08-22,2026-08-22T11:30:00Z,Bristol Rovers vs Newport County,matchbook,OU25,UNDER,1.92
2026-08-19T17:59:10Z,USA MLS,2026-08-22,2026-08-22T23:30:00Z,CF Montreal vs LA Galaxy,onexbet,OU25,UNDER,2.31
2026-08-19T17:59:10Z,Brazil Serie A,2026-08-22,2026-08-22T23:30:00Z,Cruzeiro vs Flamengo,matchbook,OU25,OVER,2.0
2026-08-19T17:59:10Z,Brazil Serie A,2026-08-22,2026-08-22T23:30:00Z,Cruzeiro vs Flamengo,matchbook,OU25,UNDER,1.82
2026-08-19T17:59:10Z,USA MLS,2026-08-22,2026-08-22T23:30:00Z,FC Cincinnati vs Seattle Sounders FC,onexbet,OU35,OVER,2.01
2026-08-19T17:59:10Z,Brazil Serie A,2026-08-22,2026-08-22T19:00:00Z,Fluminense vs Remo,matchbook,OU25,OVER,1.81
2026-08-19T17:59:10Z,Brazil Serie A,2026-08-22,2026-08-22T19:00:00Z,Fluminense vs Remo,matchbook,OU25,UNDER,2.02
2026-08-19T17:59:10Z,USA MLS,2026-08-22,2026-08-22T23:30:00Z,Inter Miami CF vs Toronto FC,onexbet,OU35,OVER,1.92
2026-08-19T17:59:10Z,USA MLS,2026-08-22,2026-08-22T23:30:00Z,Inter Miami CF vs Toronto FC,onexbet,OU35,UNDER,1.96
2026-08-19T17:59:10Z,Brazil Serie A,2026-08-22,2026-08-22T21:30:00Z,Internacional vs Atletico Mineiro,betsson,OU25,OVER,1.92
2026-08-19T17:59:10Z,Brazil Serie A,2026-08-22,2026-08-22T21:30:00Z,Internacional vs Atletico Mineiro,onexbet,OU25,OVER,2.0
2026-08-19T17:59:10Z,Brazil Serie A,2026-08-22,2026-08-22T21:30:00Z,Internacional vs Atletico Mineiro,betsson,OU25,UNDER,1.82
2026-08-19T17:59:10Z,Brazil Serie A,2026-08-22,2026-08-22T21:30:00Z,Internacional vs Atletico Mineiro,matchbook,OU25,UNDER,1.84
2026-08-19T17:59:10Z,Brazil Serie A,2026-08-22,2026-08-22T21:30:00Z,Internacional vs Atletico Mineiro,onexbet,OU25,UNDER,1.84
2026-08-19T17:59:10Z,Japan J-League,2026-08-22,2026-08-22T09:00:00Z,Kashima Antlers vs Avispa Fukuoka,onexbet,OU25,OVER,2.38
2026-08-19T17:59:10Z,Japan J-League,2026-08-22,2026-08-22T09:00:00Z,Kashima Antlers vs Avispa Fukuoka,onexbet,OU25,UNDER,1.59
2026-08-19T17:59:10Z,Championship,2026-08-22,2026-08-22T11:30:00Z,Lincoln City vs Portsmouth,onexbet,OU25,OVER,1.91
2026-08-19T17:59:10Z,Championship,2026-08-22,2026-08-22T11:30:00Z,Lincoln City vs Portsmouth,onexbet,OU25,UNDER,1.86
2026-08-19T17:59:10Z,Championship,2026-08-22,2026-08-22T11:30:00Z,Millwall vs Norwich City,onexbet,OU25,OVER,1.93
2026-08-19T17:59:10Z,Championship,2026-08-22,2026-08-22T11:30:00Z,Millwall vs Norwich City,onexbet,OU25,UNDER,1.84
2026-08-19T17:59:10Z,USA MLS,2026-08-22,2026-08-22T23:30:00Z,New York Red Bulls vs Chicago Fire,onexbet,OU35,OVER,2.0
2026-08-19T17:59:10Z,USA MLS,2026-08-22,2026-08-22T23:30:00Z,New York Red Bulls vs Chicago Fire,onexbet,OU35,UNDER,1.88
2026-08-19T17:59:10Z,League One,2026-08-22,2026-08-22T14:00:00Z,Peterborough United vs Mansfield Town,onexbet,OU25,OVER,1.64
2026-08-19T17:59:10Z,League One,2026-08-22,2026-08-22T14:00:00Z,Peterborough United vs Mansfield Town,onexbet,OU25,UNDER,2.21
2026-08-19T17:59:10Z,Championship,2026-08-22,2026-08-22T14:00:00Z,Queens Park Rangers vs Bolton Wanderers,matchbook,OU25,OVER,1.95
2026-08-19T17:59:10Z,Mexico Liga MX,2026-08-22,2026-08-22T03:10:00Z,Querétaro vs Toluca,betsson,OU25,UNDER,2.42
2026-08-19T17:59:10Z,Mexico Liga MX,2026-08-22,2026-08-22T03:10:00Z,Querétaro vs Toluca,nordicbet,OU25,UNDER,2.42
2026-08-19T17:59:10Z,Championship,2026-08-22,2026-08-22T14:00:00Z,Swansea City vs Sheffield United,matchbook,OU25,OVER,1.92
2026-08-19T17:59:10Z,Serie B,2026-08-22,2026-08-22T17:00:00Z,Südtirol vs Virtus Entella,onexbet,OU25,OVER,2.42
2026-08-19T17:59:10Z,Serie B,2026-08-22,2026-08-22T17:00:00Z,Südtirol vs Virtus Entella,onexbet,OU25,UNDER,1.54
2026-08-19T17:59:10Z,Serie B,2026-08-22,2026-08-22T17:00:00Z,Südtirol vs Virtus Entella,matchbook,OU35,OVER,4.5
2026-08-19T17:59:10Z,Serie B,2026-08-22,2026-08-22T17:00:00Z,Südtirol vs Virtus Entella,matchbook,OU35,UNDER,1.13
2026-08-19T17:59:10Z,Mexico Liga MX,2026-08-22,2026-08-22T01:00:00Z,Tigres vs Atlante FC,matchbook,OU25,UNDER,2.22
2026-08-19T17:59:10Z,Championship,2026-08-22,2026-08-22T14:00:00Z,Wrexham AFC vs Watford,matchbook,OU25,UNDER,2.0
2026-08-19T17:59:10Z,Brazil Serie A,2026-08-23,2026-08-23T21:30:00Z,Chapecoense vs Sao Paulo,matchbook,OU25,OVER,2.1
2026-08-19T17:59:10Z,Brazil Serie A,2026-08-23,2026-08-23T21:30:00Z,Chapecoense vs Sao Paulo,matchbook,OU25,UNDER,1.65
2026-08-19T17:59:10Z,China Super League,2026-08-23,2026-08-23T11:00:00Z,Liaoning Tieren FC vs Henan FC,onexbet,OU25,OVER,1.7
2026-08-19T17:59:10Z,China Super League,2026-08-23,2026-08-23T11:00:00Z,Liaoning Tieren FC vs Henan FC,onexbet,OU25,UNDER,2.18
2026-08-19T17:59:10Z,USA MLS,2026-08-23,2026-08-23T02:30:00Z,Los Angeles FC vs Portland Timbers,onexbet,OU35,OVER,2.03
2026-08-19T17:59:10Z,USA MLS,2026-08-23,2026-08-23T02:30:00Z,Los Angeles FC vs Portland Timbers,onexbet,OU35,UNDER,1.86
2026-08-19T17:59:10Z,Brazil Serie A,2026-08-23,2026-08-23T19:00:00Z,Palmeiras vs Vasco da Gama,gtbets,OU25,OVER,1.85
2026-08-19T17:59:10Z,Brazil Serie A,2026-08-23,2026-08-23T19:00:00Z,Palmeiras vs Vasco da Gama,gtbets,OU25,UNDER,1.92
2026-08-19T17:59:10Z,Brazil Serie A,2026-08-23,2026-08-23T21:30:00Z,Santos vs Mirassol,coolbet,OU25,OVER,1.85
2026-08-19T17:59:10Z,Brazil Serie A,2026-08-23,2026-08-23T21:30:00Z,Santos vs Mirassol,coolbet,OU25,UNDER,1.93
2026-08-19T17:59:10Z,USA MLS,2026-08-23,2026-08-23T01:30:00Z,Vancouver Whitecaps FC vs FC Dallas,onexbet,OU35,OVER,2.19
2026-08-19T17:59:10Z,USA MLS,2026-08-23,2026-08-23T01:30:00Z,Vancouver Whitecaps FC vs FC Dallas,onexbet,OU35,UNDER,1.74
2026-08-19T17:59:10Z,La Liga 2,2026-08-24,2026-08-24T17:00:00Z,Celta Fortuna vs Andorra CF,pinnacle,OU25,OVER,1.89
2026-08-19T17:59:10Z,La Liga 2,2026-08-24,2026-08-24T17:00:00Z,Celta Fortuna vs Andorra CF,pinnacle,OU25,UNDER,1.94
2026-08-19T18:49:29Z,USA MLS,2026-08-19,2026-08-19T23:30:00Z,Columbus Crew SC vs CF Montreal,matchbook,OU25,OVER,1.63
2026-08-19T18:49:29Z,USA MLS,2026-08-19,2026-08-19T23:30:00Z,D.C. United vs New England Revolution,matchbook,OU25,OVER,1.77
2026-08-19T18:49:29Z,USA MLS,2026-08-19,2026-08-19T23:30:00Z,D.C. United vs New England Revolution,matchbook,OU25,UNDER,2.26
2026-08-19T18:49:29Z,USA MLS,2026-08-19,2026-08-19T23:30:00Z,FC Cincinnati vs New York City FC,onexbet,OU35,OVER,2.16
2026-08-19T18:49:29Z,USA MLS,2026-08-19,2026-08-19T23:30:00Z,FC Cincinnati vs New York City FC,onexbet,OU35,UNDER,1.76
2026-08-19T18:49:29Z,USA MLS,2026-08-19,2026-08-19T23:30:00Z,New York Red Bulls vs Nashville SC,onexbet,OU35,OVER,2.33
2026-08-19T18:49:29Z,USA MLS,2026-08-19,2026-08-19T23:30:00Z,New York Red Bulls vs Nashville SC,tipico_de,OU35,OVER,2.2
2026-08-19T18:49:29Z,USA MLS,2026-08-19,2026-08-19T23:30:00Z,New York Red Bulls vs Nashville SC,tipico_de,OU35,UNDER,1.6
2026-08-19T18:49:29Z,USA MLS,2026-08-19,2026-08-19T23:30:00Z,Orlando City SC vs Chicago Fire,matchbook,OU35,OVER,1.99
2026-08-19T18:49:29Z,USA MLS,2026-08-19,2026-08-19T23:30:00Z,Philadelphia Union vs Inter Miami CF,matchbook,OU35,OVER,1.94
2026-08-19T18:49:29Z,USA MLS,2026-08-19,2026-08-19T23:30:00Z,Philadelphia Union vs Inter Miami CF,onexbet,OU35,OVER,1.89
2026-08-19T18:49:29Z,USA MLS,2026-08-19,2026-08-19T23:30:00Z,Toronto FC vs Charlotte FC,matchbook,OU25,OVER,1.69
2026-08-19T18:49:29Z,USA MLS,2026-08-19,2026-08-19T23:30:00Z,Toronto FC vs Charlotte FC,matchbook,OU25,UNDER,2.42
2026-08-19T18:49:29Z,USA MLS,2026-08-20,2026-08-20T01:30:00Z,Colorado Rapids vs Los Angeles FC,matchbook,OU25,UNDER,2.28
2026-08-19T18:49:29Z,USA MLS,2026-08-20,2026-08-20T00:30:00Z,Minnesota United FC vs Atlanta United FC,betsson,OU25,OVER,1.55
2026-08-19T18:49:29Z,USA MLS,2026-08-20,2026-08-20T00:30:00Z,Minnesota United FC vs Atlanta United FC,nordicbet,OU25,OVER,1.55
2026-08-19T18:49:29Z,USA MLS,2026-08-20,2026-08-20T00:30:00Z,Minnesota United FC vs Atlanta United FC,betsson,OU25,UNDER,2.38
2026-08-19T18:49:29Z,USA MLS,2026-08-20,2026-08-20T00:30:00Z,Minnesota United FC vs Atlanta United FC,nordicbet,OU25,UNDER,2.38
2026-08-19T18:49:29Z,USA MLS,2026-08-20,2026-08-20T02:30:00Z,Portland Timbers vs San Diego FC,matchbook,OU35,OVER,2.0
2026-08-19T18:49:29Z,USA MLS,2026-08-20,2026-08-20T02:30:00Z,Portland Timbers vs San Diego FC,tipico_de,OU35,OVER,1.8
2026-08-19T18:49:29Z,USA MLS,2026-08-20,2026-08-20T02:30:00Z,Portland Timbers vs San Diego FC,matchbook,OU35,UNDER,1.97
2026-08-19T18:49:29Z,USA MLS,2026-08-20,2026-08-20T02:30:00Z,Portland Timbers vs San Diego FC,tipico_de,OU35,UNDER,1.9
2026-08-19T18:49:29Z,USA MLS,2026-08-20,2026-08-20T01:30:00Z,Real Salt Lake vs FC Dallas,matchbook,OU35,OVER,2.44
2026-08-19T18:49:29Z,USA MLS,2026-08-20,2026-08-20T01:30:00Z,Seattle Sounders FC vs Austin FC,onexbet,OU25,OVER,1.72
2026-08-19T18:49:29Z,USA MLS,2026-08-20,2026-08-20T01:30:00Z,Seattle Sounders FC vs Austin FC,onexbet,OU25,UNDER,2.23
2026-08-19T18:49:29Z,USA MLS,2026-08-20,2026-08-20T00:00:00Z,Sporting Kansas City vs St. Louis City SC,pmu_fr,OU35,OVER,2.05
2026-08-19T18:49:29Z,USA MLS,2026-08-20,2026-08-20T00:00:00Z,Sporting Kansas City vs St. Louis City SC,tipico_de,OU35,OVER,2.2
2026-08-19T18:49:29Z,USA MLS,2026-08-20,2026-08-20T00:00:00Z,Sporting Kansas City vs St. Louis City SC,leovegas_se,OU35,UNDER,1.65
2026-08-19T18:49:29Z,USA MLS,2026-08-20,2026-08-20T00:00:00Z,Sporting Kansas City vs St. Louis City SC,matchbook,OU35,UNDER,1.63
2026-08-19T18:49:29Z,USA MLS,2026-08-20,2026-08-20T00:00:00Z,Sporting Kansas City vs St. Louis City SC,tipico_de,OU35,UNDER,1.6
2026-08-19T18:49:29Z,USA MLS,2026-08-20,2026-08-20T00:00:00Z,Sporting Kansas City vs St. Louis City SC,unibet_nl,OU35,UNDER,1.65
2026-08-19T18:49:29Z,USA MLS,2026-08-20,2026-08-20T00:00:00Z,Sporting Kansas City vs St. Louis City SC,unibet_se,OU35,UNDER,1.65
2026-08-19T18:49:29Z,USA MLS,2026-08-20,2026-08-20T02:30:00Z,Vancouver Whitecaps FC vs Houston Dynamo,matchbook,OU25,OVER,1.75
2026-08-19T18:49:29Z,USA MLS,2026-08-20,2026-08-20T02:30:00Z,Vancouver Whitecaps FC vs Houston Dynamo,matchbook,OU25,UNDER,2.3
2026-08-19T18:49:29Z,Ireland Premier Division,2026-08-21,2026-08-21T18:45:00Z,Drogheda United vs St Patricks Athletic,coolbet,OU25,OVER,1.91
2026-08-19T18:49:29Z,Ireland Premier Division,2026-08-21,2026-08-21T18:45:00Z,Drogheda United vs St Patricks Athletic,coolbet,OU25,UNDER,1.91
2026-08-19T18:49:29Z,Finland Veikkausliiga,2026-08-21,2026-08-21T16:00:00Z,SJK Seinäjoki vs FC Lahti,onexbet,OU25,OVER,1.66
2026-08-19T18:49:29Z,Finland Veikkausliiga,2026-08-21,2026-08-21T16:00:00Z,SJK Seinäjoki vs FC Lahti,onexbet,OU25,UNDER,2.18
2026-08-19T18:49:29Z,La Liga 2,2026-08-22,2026-08-22T17:00:00Z,AD Ceuta FC vs Las Palmas,onexbet,OU25,OVER,2.02
2026-08-19T18:49:29Z,La Liga 2,2026-08-22,2026-08-22T17:00:00Z,AD Ceuta FC vs Las Palmas,onexbet,OU25,UNDER,1.83
2026-08-19T18:49:29Z,Championship,2026-08-22,2026-08-22T14:00:00Z,Blackburn Rovers vs Middlesbrough,matchbook,OU25,UNDER,1.85
2026-08-19T18:49:29Z,League Two,2026-08-22,2026-08-22T11:30:00Z,Bristol Rovers vs Newport County,matchbook,OU25,UNDER,1.93
2026-08-19T18:49:29Z,USA MLS,2026-08-22,2026-08-22T23:30:00Z,CF Montreal vs LA Galaxy,onexbet,OU25,UNDER,2.32
2026-08-19T18:49:29Z,Serie B,2026-08-22,2026-08-22T17:00:00Z,Carrarese vs Mantova,matchbook,OU25,OVER,1.92
2026-08-19T18:49:29Z,Serie B,2026-08-22,2026-08-22T17:00:00Z,Carrarese vs Mantova,matchbook,OU25,UNDER,1.71
2026-08-19T18:49:29Z,Championship,2026-08-22,2026-08-22T14:00:00Z,Derby County vs Cardiff City,matchbook,OU25,OVER,2.0
2026-08-19T18:49:29Z,USA MLS,2026-08-22,2026-08-22T23:30:00Z,FC Cincinnati vs Seattle Sounders FC,onexbet,OU35,OVER,2.02
2026-08-19T18:49:29Z,League Two,2026-08-22,2026-08-22T14:00:00Z,Fleetwood Town vs Gillingham,onexbet,OU25,OVER,1.89
2026-08-19T18:49:29Z,League Two,2026-08-22,2026-08-22T14:00:00Z,Fleetwood Town vs Gillingham,matchbook,OU25,UNDER,1.91
2026-08-19T18:49:29Z,League Two,2026-08-22,2026-08-22T14:00:00Z,Fleetwood Town vs Gillingham,onexbet,OU25,UNDER,1.86
2026-08-19T18:49:29Z,Championship,2026-08-22,2026-08-22T11:30:00Z,Lincoln City vs Portsmouth,onexbet,OU25,OVER,1.92
2026-08-19T18:49:29Z,Championship,2026-08-22,2026-08-22T11:30:00Z,Lincoln City vs Portsmouth,matchbook,OU25,UNDER,1.95
2026-08-19T18:49:29Z,Championship,2026-08-22,2026-08-22T11:30:00Z,Lincoln City vs Portsmouth,onexbet,OU25,UNDER,1.85
2026-08-19T18:49:29Z,USA MLS,2026-08-22,2026-08-22T23:30:00Z,New York Red Bulls vs Chicago Fire,onexbet,OU35,OVER,2.02
2026-08-19T18:49:29Z,USA MLS,2026-08-22,2026-08-22T23:30:00Z,New York Red Bulls vs Chicago Fire,onexbet,OU35,UNDER,1.87
2026-08-19T18:49:29Z,Championship,2026-08-22,2026-08-22T14:00:00Z,Queens Park Rangers vs Bolton Wanderers,matchbook,OU25,OVER,1.96
2026-08-19T18:49:29Z,Mexico Liga MX,2026-08-22,2026-08-22T03:10:00Z,Querétaro vs Toluca,betsson,OU25,UNDER,2.38
2026-08-19T18:49:29Z,Mexico Liga MX,2026-08-22,2026-08-22T03:10:00Z,Querétaro vs Toluca,nordicbet,OU25,UNDER,2.38
2026-08-19T18:49:29Z,Mexico Liga MX,2026-08-22,2026-08-22T03:10:00Z,Querétaro vs Toluca,matchbook,OU35,OVER,2.24
2026-08-19T18:49:29Z,Mexico Liga MX,2026-08-22,2026-08-22T03:10:00Z,Querétaro vs Toluca,matchbook,OU35,UNDER,1.52
2026-08-19T18:49:29Z,Serie B,2026-08-22,2026-08-22T17:00:00Z,Südtirol vs Virtus Entella,onexbet,OU25,OVER,2.4
2026-08-19T18:49:29Z,Serie B,2026-08-22,2026-08-22T17:00:00Z,Südtirol vs Virtus Entella,onexbet,OU25,UNDER,1.55
2026-08-19T18:49:29Z,Argentina Primera Division,2026-08-23,2026-08-23T00:00:00Z,Atlético Huracán vs Deportivo Riestra,onexbet,OU15,OVER,1.66
2026-08-19T18:49:29Z,Argentina Primera Division,2026-08-23,2026-08-23T00:00:00Z,Atlético Huracán vs Deportivo Riestra,onexbet,OU15,UNDER,2.23
2026-08-19T18:49:29Z,Brazil Serie A,2026-08-23,2026-08-23T21:30:00Z,Chapecoense vs Sao Paulo,matchbook,OU25,UNDER,1.67
2026-08-19T18:49:29Z,Brazil Serie A,2026-08-23,2026-08-23T22:30:00Z,Coritiba vs Corinthians,onexbet,OU25,OVER,2.55
2026-08-19T18:49:29Z,Brazil Serie A,2026-08-23,2026-08-23T22:30:00Z,Coritiba vs Corinthians,onexbet,OU25,UNDER,1.54
2026-08-19T18:49:29Z,USA MLS,2026-08-23,2026-08-23T02:30:00Z,Los Angeles FC vs Portland Timbers,onexbet,OU35,OVER,2.04
2026-08-19T18:49:29Z,USA MLS,2026-08-23,2026-08-23T02:30:00Z,Los Angeles FC vs Portland Timbers,onexbet,OU35,UNDER,1.85
2026-08-19T18:49:29Z,Finland Veikkausliiga,2026-08-23,2026-08-23T15:00:00Z,TPS Turku vs FC Inter Turku,pinnacle,OU25,UNDER,1.95
