snapshot_date,snapshot_ts,gw,player_name,team,position,price,proj_pts_per_game,proj_fixture_adj,proj_total_next,n_fixtures_next,avg_fdr,p_start,minutes_pg,fpl_ep_next,fpl_ppg,fpl_total_points,fpl_form,owned_pct,availability,injured
2026-08-27,2026-08-27T17:52:33Z,,Bukayo Saka,Arsenal,MID,9.5,9.357,9.237,46.18,5,3.2,0.93,79.0,3.2,5.1,157.0,0.0,10.8,available,False
2026-08-27,2026-08-27T17:52:33Z,,Jérémy Doku,Man City,MID,7.5,7.593,7.69,38.45,5,2.8,0.74,75.4,2.6,4.0,120.0,0.0,6.6,available,False
2026-08-27,2026-08-27T17:52:33Z,,Hugo Ekitiké,Liverpool,FWD,7.5,7.286,7.376,36.88,5,2.6,0.0,86.8,0.0,4.5,125.0,0.0,0.2,injured,True
2026-08-27,2026-08-27T17:52:33Z,,Erling Haaland,Man City,FWD,15.5,6.594,6.684,33.42,5,2.8,0.99,90.0,4.0,6.8,239.0,0.0,74.9,available,False
2026-08-27,2026-08-27T17:52:33Z,,Cody Gakpo,Liverpool,MID,7.0,6.351,6.414,32.07,5,2.6,0.95,83.0,2.4,3.6,131.0,0.0,3.4,available,False
2026-08-27,2026-08-27T17:52:33Z,,Dominic Calvert-Lewin,Leeds,FWD,6.0,6.326,6.383,31.91,5,2.8,0.94,89.6,2.0,4.1,142.0,0.0,17.7,available,False
2026-08-27,2026-08-27T17:52:33Z,,João Pedro,Chelsea,FWD,7.5,6.163,6.154,30.77,5,3.0,0.95,85.8,2.3,5.1,177.0,0.0,48.8,available,False
2026-08-27,2026-08-27T17:52:33Z,,Pedro Porro,Spurs,DEF,5.5,6.076,6.1,30.5,5,2.8,0.98,90.0,2.5,3.4,117.0,0.0,23.9,available,False
2026-08-27,2026-08-27T17:52:33Z,,Richarlison,Spurs,FWD,6.0,6.017,6.065,30.32,5,2.8,0.73,76.0,2.0,3.7,119.0,0.0,1.6,available,False
2026-08-27,2026-08-27T17:52:33Z,,Rayan Aït-Nouri,Man City,DEF,5.5,5.918,5.939,29.7,5,2.8,0.82,63.6,2.5,3.5,60.0,0.0,1.0,available,False
2026-08-27,2026-08-27T17:52:33Z,,Cristian Romero,Spurs,DEF,5.0,5.913,5.927,29.63,5,2.8,0.98,68.6,2.2,4.0,91.0,0.0,1.0,available,False
2026-08-27,2026-08-27T17:52:33Z,,Cole Palmer,Chelsea,MID,9.5,5.877,5.865,29.32,5,3.0,0.97,89.8,3.2,4.4,114.0,0.0,13.2,available,False
2026-08-27,2026-08-27T17:52:33Z,,Sepp van den Berg,Brentford,DEF,5.0,5.814,5.818,29.09,5,3.0,0.99,90.0,2.2,3.5,113.0,0.0,0.7,available,False
2026-08-27,2026-08-27T17:52:33Z,,Dominik Szoboszlai,Liverpool,MID,7.0,5.81,5.853,29.27,5,2.6,1.0,90.0,2.4,4.4,160.0,0.0,45.6,available,False
2026-08-27,2026-08-27T17:52:33Z,,James Justin,Leeds,DEF,4.5,5.789,5.803,29.02,5,2.8,0.91,90.0,1.7,3.2,94.0,0.0,0.5,available,False
2026-08-27,2026-08-27T17:52:33Z,,Jan Paul van Hecke,Spurs,DEF,5.0,5.763,5.777,28.88,5,2.8,1.0,90.0,2.2,4.1,148.0,0.0,8.3,available,False
2026-08-27,2026-08-27T17:52:33Z,,Kevin Danso,Spurs,DEF,5.0,5.737,5.751,28.76,5,2.8,0.92,90.0,2.2,2.6,63.0,0.0,0.2,available,False
2026-08-27,2026-08-27T17:52:33Z,,Sven Botman,Newcastle,DEF,5.0,5.703,5.707,28.54,5,3.0,0.96,90.0,2.2,3.6,89.0,0.0,0.4,available,False
2026-08-27,2026-08-27T17:52:33Z,,Enzo Le Fée,Sunderland,MID,6.0,5.686,5.657,28.28,5,3.2,0.97,90.0,2.1,4.1,147.0,0.0,7.1,available,False
2026-08-27,2026-08-27T17:52:33Z,,Marc Guéhi,Man City,DEF,6.0,5.682,5.696,28.48,5,2.8,1.0,90.0,2.8,5.1,179.0,0.0,24.9,available,False
2026-08-27,2026-08-27T17:52:33Z,,Antoine Semenyo,Man City,MID,8.5,5.64,5.709,28.55,5,2.8,1.0,75.0,2.9,5.5,202.0,0.0,20.3,available,False
2026-08-27,2026-08-27T17:52:33Z,,Maxence Lacroix,Crystal Palace,DEF,6.0,5.634,5.629,28.15,5,3.0,1.0,90.0,2.8,4.4,154.0,0.0,12.2,available,False
2026-08-27,2026-08-27T17:52:33Z,,Luke Shaw,Man Utd,DEF,4.5,5.632,5.635,28.18,5,2.8,1.0,86.6,1.7,3.0,113.0,0.0,21.0,available,False
2026-08-27,2026-08-27T17:52:33Z,,Michael Kayode,Brentford,DEF,4.5,5.612,5.616,28.08,5,3.0,1.0,90.0,1.7,3.1,113.0,0.0,5.1,available,False
2026-08-27,2026-08-27T17:52:33Z,,Gabriel Gudmundsson,Leeds,DEF,4.5,5.576,5.59,27.95,5,2.8,0.99,80.6,1.7,2.1,68.0,0.0,0.6,available,False
2026-08-27,2026-08-27T17:52:33Z,,Matthijs de Ligt,Man Utd,DEF,5.0,5.562,5.566,27.83,5,2.8,0.0,90.0,0.0,3.3,43.0,0.0,0.0,injured,True
2026-08-27,2026-08-27T17:52:33Z,,James Hill,Bournemouth,DEF,5.5,5.547,5.526,27.63,5,3.6,0.92,90.0,2.5,3.8,110.0,0.0,1.5,available,False
2026-08-27,2026-08-27T17:52:33Z,,Jacob Greaves,Ipswich Town,DEF,4.0,5.53,5.518,27.59,5,3.2,1.0,90.0,1.0,0.0,0.0,0.0,0.5,available,False
2026-08-27,2026-08-27T17:52:33Z,,Anton Stach,Leeds,MID,6.0,5.512,5.535,27.68,5,2.8,0.99,86.4,2.1,4.7,137.0,0.0,1.5,available,False
2026-08-27,2026-08-27T17:52:33Z,,Neco Williams,Nott'm Forest,DEF,5.0,5.503,5.509,27.55,5,3.0,0.87,81.2,2.2,3.5,128.0,0.0,12.7,available,False
2026-08-27,2026-08-27T17:52:33Z,,Piero Hincapié,Arsenal,DEF,5.5,5.496,5.483,27.42,5,3.2,0.69,60.8,2.5,3.5,87.0,0.0,5.3,available,False
2026-08-27,2026-08-27T17:52:33Z,,Adrien Truffert,Bournemouth,DEF,5.5,5.473,5.449,27.24,5,3.6,1.0,90.0,2.5,4.3,165.0,0.0,4.7,available,False
2026-08-27,2026-08-27T17:52:33Z,,Antonee Robinson,Fulham,DEF,4.5,5.463,5.44,27.2,5,3.6,0.94,80.0,1.7,3.0,65.0,0.0,3.5,available,False
2026-08-27,2026-08-27T17:52:33Z,,Ola Aina,Nott'm Forest,DEF,4.5,5.457,5.463,27.31,5,3.0,1.0,89.8,1.7,3.7,67.0,0.0,5.0,available,False
2026-08-27,2026-08-27T17:52:33Z,,Declan Rice,Arsenal,MID,7.5,5.455,5.428,27.14,5,3.2,0.99,84.8,2.6,5.1,184.0,0.0,22.0,available,False
2026-08-27,2026-08-27T17:52:33Z,,Jaydee Canvot,Crystal Palace,DEF,5.0,5.441,5.437,27.18,5,3.0,0.92,90.0,2.2,3.6,72.0,0.0,0.4,available,False
2026-08-27,2026-08-27T17:52:33Z,,Tyrick Mitchell,Crystal Palace,DEF,4.5,5.436,5.432,27.16,5,3.0,0.87,72.0,1.7,3.6,135.0,0.0,7.4,available,False
2026-08-27,2026-08-27T17:52:33Z,,Ethan Pinnock,Brentford,DEF,4.5,5.423,5.427,27.13,5,3.0,1.0,80.8,1.7,3.5,14.0,0.0,0.1,available,False
2026-08-27,2026-08-27T17:52:33Z,,Harry Maguire,Man Utd,DEF,5.0,5.419,5.423,27.11,5,2.8,0.94,87.6,2.2,3.9,90.0,0.0,6.9,available,False
2026-08-27,2026-08-27T17:52:33Z,,Jayden Bogle,Leeds,DEF,4.5,5.419,5.436,27.18,5,2.8,0.98,80.8,1.7,2.8,96.0,0.0,0.4,available,False
2026-08-27,2026-08-27T17:52:33Z,,Nordi Mukiele,Sunderland,DEF,5.5,5.409,5.394,26.97,5,3.2,1.0,90.0,2.5,4.7,151.0,0.0,8.2,available,False
2026-08-27,2026-08-27T17:52:33Z,,Virgil van Dijk,Liverpool,DEF,6.5,5.408,5.427,27.13,5,2.6,1.0,90.0,3.1,4.6,175.0,0.0,15.5,available,False
2026-08-27,2026-08-27T17:52:33Z,,Calvin Bassey,Fulham,DEF,4.5,5.389,5.367,26.84,5,3.6,0.99,90.0,1.7,3.4,103.0,0.0,0.5,available,False
2026-08-27,2026-08-27T17:52:33Z,,Max Alleyne,Man City,DEF,5.0,5.387,5.4,27.0,5,2.8,0.95,90.0,2.2,2.5,5.0,0.0,0.1,available,False
2026-08-27,2026-08-27T17:52:33Z,,Conor Bradley,Liverpool,DEF,5.0,5.381,5.393,26.96,5,2.6,0.0,62.2,0.0,2.8,42.0,0.0,0.0,injured,True
2026-08-27,2026-08-27T17:52:33Z,,Michael Keane,Everton,DEF,5.0,5.376,5.38,26.9,5,3.0,0.85,75.2,2.2,4.0,131.0,0.0,1.5,available,False
2026-08-27,2026-08-27T17:52:33Z,,Yankuba Minteh,Brighton,MID,6.0,5.362,5.371,26.85,5,3.0,0.94,87.2,2.1,3.4,117.0,0.0,0.7,available,False
2026-08-27,2026-08-27T17:52:33Z,,Pascal Struijk,Brighton,DEF,5.0,5.342,5.346,26.73,5,3.0,1.0,83.2,2.2,3.2,108.0,0.0,0.5,available,False
2026-08-27,2026-08-27T17:52:33Z,,Elliot Anderson,Man City,MID,6.5,5.34,5.36,26.8,5,2.8,0.87,81.0,2.3,4.7,180.0,0.0,12.2,available,False
2026-08-27,2026-08-27T17:52:33Z,,Jorrel Hato,Chelsea,DEF,4.5,5.34,5.338,26.69,5,3.0,0.83,90.0,1.7,0.9,19.0,0.0,1.6,available,False
2026-08-27,2026-08-27T17:52:33Z,,Enzo Fernández,Chelsea,MID,7.0,5.338,5.329,26.64,5,3.0,0.99,89.6,2.4,4.4,157.0,0.0,5.1,available,False
2026-08-27,2026-08-27T17:52:33Z,,Florian Wirtz,Liverpool,MID,7.5,5.33,5.388,26.94,5,2.6,0.82,71.2,2.6,3.8,125.0,0.0,11.1,available,False
2026-08-27,2026-08-27T17:52:33Z,,Marcus Tavernier,Bournemouth,MID,6.0,5.32,5.265,26.33,5,3.6,0.96,86.4,2.1,4.0,137.0,0.0,1.4,available,False
2026-08-27,2026-08-27T17:52:33Z,,Ayden Heaven,Man Utd,DEF,4.5,5.293,5.297,26.48,5,2.8,0.81,69.0,1.7,2.5,42.0,0.0,0.4,available,False
2026-08-27,2026-08-27T17:52:33Z,,Mats Wieffer,Brighton,DEF,5.0,5.289,5.293,26.47,5,3.0,0.95,66.6,2.2,3.6,94.0,0.0,0.4,available,False
2026-08-27,2026-08-27T17:52:33Z,,Omar Alderete,Sunderland,DEF,5.0,5.284,5.271,26.36,5,3.2,0.99,84.6,2.2,3.8,125.0,0.0,1.3,available,False
2026-08-27,2026-08-27T17:52:33Z,,James Garner,Everton,MID,6.0,5.284,5.289,26.45,5,3.0,0.0,90.0,0.0,4.2,159.0,0.0,2.0,injured,True
2026-08-27,2026-08-27T17:52:33Z,,James Tarkowski,Everton,DEF,6.0,5.276,5.281,26.4,5,3.0,1.0,90.0,2.8,4.6,170.0,0.0,10.2,available,False
2026-08-27,2026-08-27T17:52:33Z,,Olivier Boscagli,Brighton,DEF,4.5,5.275,5.279,26.39,5,3.0,0.77,77.8,1.7,3.2,39.0,0.0,0.1,available,False
2026-08-27,2026-08-27T17:52:33Z,,Malick Thiaw,Newcastle,DEF,5.0,5.272,5.276,26.38,5,3.0,0.99,90.0,2.2,3.6,126.0,0.0,2.5,available,False
2026-08-27,2026-08-27T17:52:33Z,,Fabian Schär,Newcastle,DEF,5.0,5.264,5.269,26.35,5,3.0,0.79,81.6,2.2,3.2,51.0,0.0,0.1,available,False
2026-08-27,2026-08-27T17:52:33Z,,Trai Hume,Sunderland,DEF,4.5,5.263,5.246,26.23,5,3.2,0.85,71.2,1.7,2.9,110.0,0.0,1.4,available,False
2026-08-27,2026-08-27T17:52:33Z,,Kenny Tete,Fulham,DEF,4.5,5.256,5.234,26.17,5,3.6,0.86,73.0,1.7,3.7,81.0,0.0,0.2,available,False
2026-08-27,2026-08-27T17:52:33Z,,Mathys Tel,Spurs,MID,6.0,5.249,5.283,26.42,5,2.8,0.54,68.4,2.1,2.5,78.0,0.0,0.2,available,False
2026-08-27,2026-08-27T17:52:33Z,,William Saliba,Arsenal,DEF,6.0,5.248,5.233,26.17,5,3.2,0.0,90.0,0.0,4.4,137.0,0.0,0.5,injured,True
2026-08-27,2026-08-27T17:52:33Z,,Rodrigo Bentancur,Spurs,MID,5.5,5.247,5.263,26.31,5,2.8,0.95,79.0,2.0,3.3,86.0,0.0,0.1,available,False
2026-08-27,2026-08-27T17:52:33Z,,João Gomes,Aston Villa,MID,5.5,5.236,5.23,26.15,5,3.0,0.96,88.8,2.0,3.0,85.0,0.0,0.3,available,False
2026-08-27,2026-08-27T17:52:33Z,,Jake O'Brien,Everton,DEF,5.0,5.227,5.231,26.16,5,3.0,0.99,84.6,2.2,3.1,116.0,0.0,0.6,available,False
2026-08-27,2026-08-27T17:52:33Z,,Dara O'Shea,Ipswich Town,DEF,4.0,5.222,5.209,26.05,5,3.2,1.0,90.0,1.0,0.0,0.0,0.0,1.2,available,False
2026-08-27,2026-08-27T17:52:33Z,,Jarrad Branthwaite,Everton,DEF,5.5,5.219,5.223,26.12,5,3.0,0.75,73.0,2.5,3.2,32.0,0.0,2.0,available,False
2026-08-27,2026-08-27T17:52:33Z,,Jurriën Timber,Arsenal,DEF,6.5,5.215,5.201,26.01,5,3.2,0.0,83.4,0.0,5.0,149.0,0.0,0.7,injured,True
2026-08-27,2026-08-27T17:52:33Z,,Matheus Nunes,Man City,DEF,6.0,5.212,5.226,26.13,5,2.8,0.98,83.6,2.8,4.5,154.0,0.0,5.5,available,False
2026-08-27,2026-08-27T17:52:33Z,,Mateus Fernandes,Spurs,MID,6.0,5.2,5.218,26.09,5,2.8,0.98,90.0,2.1,3.8,135.0,0.0,4.6,available,False
2026-08-27,2026-08-27T17:52:33Z,,Dango Ouattara,Brentford,MID,6.5,5.175,5.187,25.93,5,3.0,0.79,76.2,2.3,4.2,136.0,0.0,1.5,available,False
2026-08-27,2026-08-27T17:52:33Z,,Iliman Ndiaye,Everton,MID,6.0,5.161,5.169,25.84,5,3.0,1.0,90.0,2.1,4.0,128.0,0.0,21.3,available,False
2026-08-27,2026-08-27T17:52:33Z,,Mikkel Damsgaard,Brentford,MID,5.5,5.15,5.157,25.79,5,3.0,0.9,85.4,2.0,3.4,113.0,0.0,0.7,available,False
2026-08-27,2026-08-27T17:52:33Z,,Lewis Hall,Newcastle,DEF,5.0,5.15,5.155,25.78,5,3.0,0.81,67.4,2.2,2.6,79.0,0.0,4.6,available,False
2026-08-27,2026-08-27T17:52:33Z,,Joachim Andersen,Fulham,DEF,5.0,5.145,5.124,25.62,5,3.6,0.0,90.0,0.0,3.7,123.0,0.0,0.1,suspended,True
2026-08-27,2026-08-27T17:52:33Z,,Reinildo Mandava,Sunderland,DEF,4.5,5.133,5.121,25.6,5,3.2,0.86,72.0,1.7,3.0,74.0,0.0,0.6,available,False
2026-08-27,2026-08-27T17:52:33Z,,Boubacar Kamara,Aston Villa,MID,5.0,5.118,5.112,25.56,5,3.0,0.73,88.2,1.1,3.4,61.0,0.0,0.1,doubtful,False
2026-08-27,2026-08-27T17:52:33Z,,Alex Scott,Bournemouth,MID,6.0,5.112,5.085,25.42,5,3.6,0.98,89.8,2.1,3.7,136.0,0.0,1.6,available,False
2026-08-27,2026-08-27T17:52:33Z,,Lewis Dunk,Brighton,DEF,4.5,5.112,5.117,25.58,5,3.0,0.99,90.0,1.7,3.0,100.0,0.0,0.7,available,False
2026-08-27,2026-08-27T17:52:33Z,,Morgan Rogers,Chelsea,MID,7.5,5.109,5.102,25.51,5,3.0,1.0,87.6,2.6,4.6,169.0,0.0,33.9,available,False
2026-08-27,2026-08-27T17:52:33Z,,Destiny Udogie,Spurs,DEF,4.5,5.109,5.123,25.62,5,2.8,0.87,82.0,1.7,1.4,29.0,0.0,0.4,available,False
2026-08-27,2026-08-27T17:52:33Z,,Daniel Ballard,Sunderland,DEF,5.0,5.093,5.08,25.4,5,3.2,0.81,72.2,2.2,4.0,116.0,0.0,2.6,available,False
2026-08-27,2026-08-27T17:52:33Z,,Nico O'Reilly,Man City,DEF,6.5,5.082,5.098,25.49,5,2.8,0.94,84.8,3.1,4.7,160.0,0.0,24.2,available,False
2026-08-27,2026-08-27T17:52:33Z,,Matty Cash,Aston Villa,DEF,4.5,5.078,5.073,25.36,5,3.0,1.0,88.0,1.7,3.3,117.0,0.0,8.2,available,False
2026-08-27,2026-08-27T17:52:33Z,,Nathan Collins,Brentford,DEF,5.5,5.075,5.079,25.4,5,3.0,0.96,90.0,2.5,3.7,129.0,0.0,2.0,available,False
2026-08-27,2026-08-27T17:52:33Z,,Ethan Ampadu,Leeds,MID,5.5,5.071,5.085,25.42,5,2.8,1.0,90.0,2.0,3.8,134.0,0.0,1.3,available,False
2026-08-27,2026-08-27T17:52:33Z,,Beto,Everton,FWD,5.5,5.069,5.079,25.39,5,3.0,0.81,70.8,1.8,2.8,104.0,0.0,3.4,available,False
2026-08-27,2026-08-27T17:52:33Z,,Noussair Mazraoui,Man Utd,DEF,4.5,5.056,5.06,25.3,5,2.8,0.7,76.0,1.7,2.6,53.0,0.0,0.8,available,False
2026-08-27,2026-08-27T17:52:33Z,,Jaka Bijol,Leeds,DEF,5.0,5.043,5.056,25.28,5,2.8,0.93,84.8,2.2,4.0,99.0,0.0,0.4,available,False
2026-08-27,2026-08-27T17:52:33Z,,Joelinton,Newcastle,MID,5.5,5.037,5.041,25.21,5,3.0,0.61,75.4,1.5,2.7,73.0,0.0,0.0,doubtful,False
2026-08-27,2026-08-27T17:52:33Z,,Ben Davies,Spurs,DEF,4.0,5.02,5.034,25.17,5,2.8,0.56,64.6,1.0,3.3,10.0,0.0,0.7,available,False
2026-08-27,2026-08-27T17:52:33Z,,Harry Amass,Man Utd,DEF,4.0,5.014,5.019,25.09,5,2.8,0.75,66.25,1.0,0.0,0.0,0.0,0.2,available,False
2026-08-27,2026-08-27T17:52:33Z,,John Egan,Hull City,DEF,4.0,5.006,4.994,24.97,5,3.2,1.0,85.6,1.0,0.0,0.0,0.0,0.8,available,False
2026-08-27,2026-08-27T17:52:33Z,,Chris Richards,Crystal Palace,DEF,5.0,5.005,5.001,25.0,5,3.0,0.87,74.8,2.2,3.9,128.0,0.0,0.8,available,False
2026-08-27,2026-08-27T17:52:33Z,,Ryan Sessegnon,Fulham,DEF,4.5,4.993,4.969,24.84,5,3.6,0.68,62.2,1.7,3.5,95.0,0.0,0.4,available,False
2026-08-27,2026-08-27T17:52:33Z,,Kiernan Dewsbury-Hall,Everton,MID,6.5,4.985,4.992,24.96,5,3.0,0.99,89.6,2.3,4.9,151.0,0.0,4.3,available,False
2026-08-27,2026-08-27T17:52:33Z,,Dan Burn,Newcastle,DEF,5.0,4.98,4.984,24.92,5,3.0,0.7,60.2,2.2,3.2,93.0,0.0,2.7,available,False
2026-08-27,2026-08-27T17:52:33Z,,Timothy Castagne,Fulham,DEF,4.5,4.978,4.953,24.77,5,3.6,0.93,88.6,1.7,2.0,61.0,0.0,0.2,available,False
2026-08-27,2026-08-27T17:52:33Z,,Youri Tielemans,Man Utd,MID,6.0,4.975,4.979,24.9,5,2.8,0.71,86.6,1.6,2.7,68.0,0.0,1.0,doubtful,False
2026-08-27,2026-08-27T17:52:33Z,,Lisandro Martínez,Man Utd,DEF,5.0,4.971,4.975,24.87,5,2.8,0.69,83.2,1.6,2.8,51.0,0.0,1.3,doubtful,False
2026-08-27,2026-08-27T17:52:33Z,,Pape Matar Sarr,Spurs,MID,5.0,4.961,4.981,24.9,5,2.8,0.58,64.0,1.5,2.7,71.0,0.0,0.4,available,False
2026-08-27,2026-08-27T17:52:33Z,,Mohammed Kudus,Spurs,MID,6.5,4.961,4.989,24.94,5,2.8,0.75,78.6,1.7,3.9,75.0,0.0,0.3,doubtful,False
2026-08-27,2026-08-27T17:52:33Z,,Wesley Fofana,Chelsea,DEF,5.0,4.952,4.95,24.75,5,3.0,0.0,77.4,0.0,2.6,65.0,0.0,0.0,suspended,True
2026-08-27,2026-08-27T17:52:33Z,,Lewis Miley,Newcastle,MID,5.5,4.916,4.92,24.6,5,3.0,0.0,76.6,0.0,3.1,72.0,0.0,0.0,injured,True
2026-08-27,2026-08-27T17:52:33Z,,Alexis Mac Allister,Liverpool,MID,5.5,4.884,4.914,24.57,5,2.6,0.81,75.8,2.0,2.9,108.0,0.0,1.9,available,False
2026-08-27,2026-08-27T17:52:33Z,,Malo Gusto,Chelsea,DEF,5.0,4.877,4.873,24.37,5,3.0,0.9,87.6,2.2,2.8,96.0,0.0,1.2,available,False
2026-08-27,2026-08-27T17:52:33Z,,Ryan Gravenberch,Liverpool,MID,6.0,4.871,4.893,24.46,5,2.6,0.86,69.4,2.1,4.0,144.0,0.0,1.7,available,False
2026-08-27,2026-08-27T17:52:33Z,,Sebastiaan Bornauw,Leeds,DEF,4.5,4.864,4.876,24.38,5,2.8,0.8,67.4,1.7,2.1,25.0,0.0,0.0,available,False
2026-08-27,2026-08-27T17:52:33Z,,Nathan Patterson,Everton,DEF,4.5,4.826,4.83,24.15,5,3.0,0.78,65.6,1.7,3.1,22.0,0.0,0.1,available,False
2026-08-27,2026-08-27T17:52:33Z,,Yehor Yarmoliuk,Brentford,MID,5.0,4.823,4.828,24.14,5,3.0,0.92,87.8,1.5,2.8,104.0,0.0,1.4,available,False
2026-08-27,2026-08-27T17:52:33Z,,Jack Grealish,Man City,MID,6.5,4.805,4.831,24.16,5,2.8,0.84,74.4,2.3,4.0,79.0,0.0,0.3,available,False
2026-08-27,2026-08-27T17:52:33Z,,Abdukodir Khusanov,Man City,DEF,5.5,4.805,4.818,24.09,5,2.8,0.89,90.0,2.5,3.2,67.0,0.0,2.0,available,False
2026-08-27,2026-08-27T17:52:33Z,,Mathias Jensen,Brentford,MID,5.5,4.802,4.808,24.04,5,3.0,0.9,84.6,2.0,2.7,98.0,0.0,0.1,available,False
2026-08-27,2026-08-27T17:52:33Z,,Jaidon Anthony,Brentford,MID,6.0,4.795,4.805,24.03,5,3.0,0.94,87.4,2.1,0.0,0.0,0.0,0.3,available,False
2026-08-27,2026-08-27T17:52:33Z,,Ryan Christie,Bournemouth,MID,5.0,4.787,4.76,23.8,5,3.6,0.0,60.4,0.0,1.8,47.0,0.0,0.1,suspended,True
2026-08-27,2026-08-27T17:52:33Z,,Kobbie Mainoo,Man Utd,MID,5.5,4.783,4.787,23.93,5,2.8,0.83,90.0,2.0,2.6,73.0,0.0,1.3,available,False
2026-08-27,2026-08-27T17:52:33Z,,Pascal Groß,Brighton,MID,5.5,4.782,4.791,23.96,5,3.0,0.96,90.0,2.0,4.1,78.0,0.0,2.0,available,False
2026-08-27,2026-08-27T17:52:33Z,,Conor Gallagher,Spurs,MID,5.5,4.782,4.805,24.03,5,2.8,0.8,87.0,2.0,2.8,44.0,0.0,0.2,available,False
2026-08-27,2026-08-27T17:52:33Z,,Zach Abbott,Nott'm Forest,DEF,4.0,4.776,4.781,23.91,5,3.0,0.5,60.5,1.0,1.0,3.0,0.0,0.2,available,False
2026-08-27,2026-08-27T17:52:33Z,,Leny Yoro,Man Utd,DEF,5.0,4.774,4.777,23.89,5,2.8,0.73,75.4,2.2,1.8,56.0,0.0,0.6,available,False
2026-08-27,2026-08-27T17:52:33Z,,Granit Xhaka,Sunderland,MID,5.5,4.756,4.733,23.67,5,3.2,0.98,90.0,2.0,3.6,124.0,0.0,6.5,available,False
2026-08-27,2026-08-27T17:52:33Z,,Amadou Onana,Aston Villa,MID,5.0,4.75,4.745,23.72,5,3.0,0.0,90.0,0.0,3.0,76.0,0.0,0.0,injured,True
2026-08-27,2026-08-27T17:52:33Z,,Ferdi Kadıoğlu,Brighton,DEF,4.5,4.747,4.752,23.76,5,3.0,0.97,90.0,1.7,3.2,118.0,0.0,3.1,available,False
2026-08-27,2026-08-27T17:52:33Z,,Joško Gvardiol,Man City,DEF,5.5,4.746,4.763,23.82,5,2.8,0.86,64.4,2.5,4.4,79.0,0.0,6.5,available,False
2026-08-27,2026-08-27T17:52:33Z,,Rico Henry,Brentford,DEF,4.5,4.722,4.726,23.63,5,3.0,0.83,88.6,1.7,2.1,52.0,0.0,0.2,available,False
2026-08-27,2026-08-27T17:52:33Z,,Joe Rodon,Leeds,DEF,4.5,4.721,4.734,23.67,5,2.8,0.87,81.0,1.7,3.1,109.0,0.0,2.3,available,False
2026-08-27,2026-08-27T17:52:33Z,,Chadi Riad,Crystal Palace,DEF,4.5,4.717,4.713,23.57,5,3.0,0.73,68.8,1.7,2.2,20.0,0.0,0.1,available,False
2026-08-27,2026-08-27T17:52:33Z,,Nicolas Jackson,Chelsea,FWD,6.5,4.714,4.707,23.53,5,3.0,0.85,74.2,2.1,0.0,0.0,0.0,0.4,available,False
2026-08-27,2026-08-27T17:52:33Z,,Riccardo Calafiori,Arsenal,DEF,5.5,4.71,4.694,23.47,5,3.2,0.85,61.4,2.5,4.2,109.0,0.0,13.1,available,False
2026-08-27,2026-08-27T17:52:33Z,,Reece James,Chelsea,DEF,5.5,4.71,4.707,23.54,5,3.0,0.79,77.2,2.5,4.0,115.0,0.0,8.1,available,False
2026-08-27,2026-08-27T17:52:33Z,,Evanilson,Bournemouth,FWD,6.0,4.696,4.654,23.27,5,3.6,0.95,78.2,2.0,3.2,115.0,0.0,1.9,available,False
2026-08-27,2026-08-27T17:52:33Z,,Micky van de Ven,Spurs,DEF,5.0,4.695,4.71,23.55,5,2.8,1.0,90.0,2.2,3.3,116.0,0.0,6.0,available,False
2026-08-27,2026-08-27T17:52:33Z,,Brian Brobbey,Sunderland,FWD,6.0,4.683,4.652,23.26,5,3.2,0.88,82.6,2.0,3.0,92.0,0.0,22.6,available,False
2026-08-27,2026-08-27T17:52:33Z,,Morato,Nott'm Forest,DEF,5.0,4.668,4.673,23.37,5,3.0,0.68,64.2,2.2,2.5,53.0,0.0,0.1,available,False
2026-08-27,2026-08-27T17:52:33Z,,Ibrahim Sangaré,Nott'm Forest,MID,5.0,4.653,4.659,23.29,5,3.0,0.85,67.0,1.5,3.2,89.0,0.0,0.4,available,False
2026-08-27,2026-08-27T17:52:33Z,,Trevoh Chalobah,Chelsea,DEF,5.5,4.639,4.636,23.18,5,3.0,0.87,75.2,2.5,4.0,136.0,0.0,2.1,available,False
2026-08-27,2026-08-27T17:52:33Z,,Axel Disasi,Chelsea,DEF,4.5,4.637,4.634,23.17,5,3.0,1.0,89.0,1.7,0.0,0.0,0.0,0.1,available,False
2026-08-27,2026-08-27T17:52:33Z,,Curtis Jones,Liverpool,MID,5.5,4.607,4.62,23.1,5,2.6,0.81,89.4,2.0,2.4,81.0,0.0,0.1,available,False
2026-08-27,2026-08-27T17:52:33Z,,Diego Coppola,Brighton,DEF,4.5,4.605,4.609,23.04,5,3.0,0.68,75.0,1.7,2.0,10.0,0.0,0.0,available,False
2026-08-27,2026-08-27T17:52:33Z,,Nikola Milenković,Nott'm Forest,DEF,5.5,4.587,4.593,22.96,5,3.0,0.87,81.0,2.5,3.1,119.0,0.0,2.3,available,False
2026-08-27,2026-08-27T17:52:33Z,,Leif Davis,Ipswich Town,DEF,4.0,4.569,4.555,22.77,5,3.2,1.0,72.8,1.0,0.0,0.0,0.0,4.3,available,False
2026-08-27,2026-08-27T17:52:33Z,,Ollie Watkins,Aston Villa,FWD,8.0,4.568,4.552,22.76,5,3.0,0.84,74.0,2.5,4.5,167.0,0.0,12.4,available,False
2026-08-27,2026-08-27T17:52:33Z,,Eberechi Eze,Arsenal,MID,6.5,4.552,4.518,22.59,5,3.2,0.88,69.0,2.3,3.4,113.0,0.0,3.3,available,False
2026-08-27,2026-08-27T17:52:33Z,,Kevin Schade,Brentford,MID,6.0,4.538,4.545,22.73,5,3.0,0.84,72.0,2.1,3.6,125.0,0.0,2.1,available,False
2026-08-27,2026-08-27T17:52:33Z,,Lewis Cook,Bournemouth,MID,5.0,4.531,4.512,22.56,5,3.6,0.69,74.0,1.5,2.2,40.0,0.0,0.1,available,False
2026-08-27,2026-08-27T17:52:33Z,,Luca Netz,Nott'm Forest,DEF,4.5,4.512,4.518,22.59,5,3.0,0.62,62.8,1.7,1.6,11.0,0.0,0.0,available,False
2026-08-27,2026-08-27T17:52:33Z,,Veljko Milosavljević,Bournemouth,DEF,5.0,4.504,4.486,22.43,5,3.6,0.75,70.75,2.2,2.7,19.0,0.0,0.1,available,False
2026-08-27,2026-08-27T17:52:33Z,,Morgan Gibbs-White,Nott'm Forest,MID,8.0,4.475,4.489,22.44,5,3.0,0.86,74.8,2.8,5.1,188.0,0.0,12.8,available,False
2026-08-27,2026-08-27T17:52:33Z,,Sander Berge,Fulham,MID,5.0,4.424,4.4,22.0,5,3.6,0.99,78.6,1.5,2.6,91.0,0.0,0.4,available,False
2026-08-27,2026-08-27T17:52:33Z,,Harry Wilson,Leeds,MID,6.5,4.401,4.437,22.18,5,2.8,0.85,63.4,2.3,4.7,168.0,0.0,9.2,available,False
2026-08-27,2026-08-27T17:52:33Z,,Noah Sadiki,Sunderland,MID,5.0,4.399,4.384,21.92,5,3.2,1.0,83.8,1.5,2.4,80.0,0.0,0.5,available,False
2026-08-27,2026-08-27T17:52:33Z,,Ismaïla Sarr,Crystal Palace,MID,6.5,4.398,4.383,21.92,5,3.0,0.7,68.8,2.3,4.2,117.0,0.0,11.4,available,False
2026-08-27,2026-08-27T17:52:33Z,,James Maddison,Spurs,MID,6.5,4.376,4.405,22.02,5,2.8,0.48,61.8,2.3,1.0,3.0,0.0,2.6,available,False
2026-08-27,2026-08-27T17:52:33Z,,Kasey McAteer,Ipswich Town,MID,4.5,4.363,4.347,21.74,5,3.2,0.68,75.0,1.0,0.0,0.0,0.0,2.1,available,False
2026-08-27,2026-08-27T17:52:33Z,,Merlin Röhl,Everton,MID,5.0,4.358,4.363,21.81,5,3.0,0.61,72.0,1.5,2.2,36.0,0.0,0.1,available,False
2026-08-27,2026-08-27T17:52:33Z,,Rayan,Bournemouth,MID,6.5,4.351,4.313,21.57,5,3.6,0.82,70.0,2.3,4.5,67.0,0.0,3.5,available,False
2026-08-27,2026-08-27T17:52:33Z,,Kalvin Phillips,Man City,MID,5.0,4.332,4.344,21.72,5,2.8,0.93,87.2,1.5,0.0,0.0,0.0,0.0,available,False
2026-08-27,2026-08-27T17:52:33Z,,Saša Lukić,Fulham,MID,5.0,4.292,4.266,21.33,5,3.6,0.78,81.0,1.5,2.6,67.0,0.0,0.1,available,False
2026-08-27,2026-08-27T17:52:33Z,,Dwight McNeil,Everton,MID,5.5,4.288,4.293,21.47,5,3.0,0.87,81.0,2.0,2.4,53.0,0.0,0.1,available,False
2026-08-27,2026-08-27T17:52:33Z,,Pau Torres,Aston Villa,DEF,4.5,4.272,4.267,21.34,5,3.0,0.96,90.0,1.7,3.0,64.0,0.0,0.2,available,False
2026-08-27,2026-08-27T17:52:33Z,,Brenden Aaronson,Leeds,MID,5.5,4.247,4.266,21.33,5,2.8,0.81,60.6,2.0,3.4,126.0,0.0,0.6,available,False
2026-08-27,2026-08-27T17:52:33Z,,Rayan Cherki,Man City,MID,7.5,4.236,4.304,21.52,5,2.8,0.61,57.0,2.6,4.1,135.0,0.0,9.9,available,False
2026-08-27,2026-08-27T17:52:33Z,,Carlos Baleba,Brighton,MID,5.0,4.231,4.236,21.18,5,3.0,0.8,68.6,1.5,1.8,56.0,0.0,0.6,available,False
2026-08-27,2026-08-27T17:52:33Z,,Bafodé Diakité,Bournemouth,DEF,5.0,4.227,4.208,21.04,5,3.6,0.86,65.8,2.2,2.6,46.0,0.0,0.2,available,False
2026-08-27,2026-08-27T17:52:33Z,,Rodrigo,Man City,MID,6.5,4.226,4.269,21.35,5,2.8,0.0,59.4,0.0,3.3,69.0,0.0,0.1,injured,True
2026-08-27,2026-08-27T17:52:33Z,,Emile Smith Rowe,Fulham,MID,5.5,4.22,4.193,20.96,5,3.6,0.84,69.0,2.0,2.2,80.0,0.0,0.4,available,False
2026-08-27,2026-08-27T17:52:33Z,,Daichi Kamada,Crystal Palace,MID,5.0,4.196,4.191,20.96,5,3.0,0.79,66.0,1.5,2.4,67.0,0.0,0.3,available,False
2026-08-27,2026-08-27T17:52:33Z,,Bryan Mbeumo,Man Utd,MID,8.0,4.183,4.194,20.97,5,2.8,0.86,66.2,2.8,4.5,148.0,0.0,13.3,available,False
2026-08-27,2026-08-27T17:52:33Z,,Justin Devenny,Crystal Palace,MID,5.0,4.177,4.173,20.86,5,3.0,0.5,63.8,1.5,1.7,36.0,0.0,0.0,available,False
2026-08-27,2026-08-27T17:52:33Z,,Brennan Johnson,Crystal Palace,MID,6.0,4.175,4.166,20.83,5,3.0,0.85,76.4,2.1,1.9,65.0,0.0,0.2,available,False
2026-08-27,2026-08-27T17:52:33Z,,Keane Lewis-Potter,Brentford,MID,5.5,4.172,4.177,20.88,5,3.0,0.87,89.8,2.0,3.2,115.0,0.0,0.6,available,False
2026-08-27,2026-08-27T17:52:33Z,,Vitaly Janelt,Brentford,MID,5.0,4.155,4.16,20.8,5,3.0,0.72,63.4,1.5,3.0,74.0,0.0,0.1,available,False
2026-08-27,2026-08-27T17:52:33Z,,Adam Wharton,Crystal Palace,MID,5.5,4.147,4.141,20.7,5,3.0,0.53,69.0,1.5,3.3,112.0,0.0,0.2,doubtful,False
2026-08-27,2026-08-27T17:52:33Z,,Murillo,Nott'm Forest,DEF,5.5,4.143,4.149,20.75,5,3.0,0.75,90.0,1.9,3.3,83.0,0.0,0.2,doubtful,False
2026-08-27,2026-08-27T17:52:33Z,,Adam Smith,Bournemouth,DEF,4.5,4.139,4.12,20.6,5,3.6,0.8,69.2,1.7,2.6,58.0,0.0,0.1,available,False
2026-08-27,2026-08-27T17:52:33Z,,Ben Johnson,Ipswich Town,DEF,4.0,4.121,4.109,20.54,5,3.2,0.87,79.2,1.0,0.0,0.0,0.0,0.2,available,False
2026-08-27,2026-08-27T17:52:33Z,,Igor Jesus,Nott'm Forest,FWD,6.0,4.113,4.123,20.61,5,3.0,0.79,64.8,2.0,3.1,114.0,0.0,3.9,available,False
2026-08-27,2026-08-27T17:52:33Z,,Nicolò Savona,Nott'm Forest,DEF,4.5,4.09,4.096,20.48,5,3.0,0.0,79.2,0.0,2.8,39.0,0.0,0.0,injured,True
2026-08-27,2026-08-27T17:52:33Z,,William Osula,Newcastle,FWD,6.0,4.034,4.042,20.21,5,3.0,0.74,76.0,2.0,3.2,76.0,0.0,2.4,available,False
2026-08-27,2026-08-27T17:52:33Z,,Kristoffer Ajer,Brentford,DEF,4.5,4.012,4.016,20.08,5,3.0,0.54,55.4,1.7,2.8,76.0,0.0,0.5,available,False
2026-08-27,2026-08-27T17:52:33Z,,Cristhian Mosquera,Arsenal,DEF,5.5,3.993,3.981,19.91,5,3.2,0.43,47.0,2.5,2.0,40.0,0.0,16.8,available,False
2026-08-27,2026-08-27T17:52:33Z,,Tetê,Fulham,DEF,4.5,3.991,3.94,19.7,5,3.6,0.69,51.0,1.7,3.7,81.0,0.0,0.2,available,False
2026-08-27,2026-08-27T17:52:33Z,,Ian Maatsen,Aston Villa,DEF,4.5,3.983,3.978,19.89,5,3.0,0.61,52.0,1.7,1.8,54.0,0.0,0.6,available,False
2026-08-27,2026-08-27T17:52:33Z,,Alex Iwobi,Fulham,MID,5.5,3.974,3.932,19.66,5,3.6,1.0,76.0,2.0,3.6,103.0,0.0,0.9,available,False
2026-08-27,2026-08-27T17:52:33Z,,Luke O'Nien,Sunderland,DEF,4.0,3.962,3.95,19.75,5,3.2,0.56,72.6,1.0,2.2,26.0,0.0,2.3,available,False
2026-08-27,2026-08-27T17:52:33Z,,Tyrone Mings,Aston Villa,DEF,4.5,3.959,3.954,19.77,5,3.0,0.95,90.0,1.7,2.9,50.0,0.0,0.2,available,False
2026-08-27,2026-08-27T17:52:33Z,,Luke Woolfenden,Coventry City,DEF,4.0,3.958,3.941,19.71,5,3.4,0.67,72.0,1.0,0.0,0.0,0.0,0.3,available,False
2026-08-27,2026-08-27T17:52:33Z,,Sandro Tonali,Spurs,MID,5.5,3.865,3.883,19.41,5,2.8,0.98,89.0,2.0,2.3,81.0,0.0,3.0,available,False
2026-08-27,2026-08-27T17:52:33Z,,Tim Iroegbunam,Everton,MID,5.0,3.83,3.834,19.17,5,3.0,0.62,58.6,1.5,2.3,68.0,0.0,0.1,available,False
2026-08-27,2026-08-27T17:52:33Z,,Lucas Digne,Aston Villa,DEF,4.5,3.822,3.816,19.08,5,3.0,0.63,58.8,1.7,3.1,97.0,0.0,1.4,available,False
2026-08-27,2026-08-27T17:52:33Z,,Wes Burns,Ipswich Town,MID,5.0,3.813,3.802,19.01,5,3.2,0.77,65.8,1.5,0.0,0.0,0.0,0.1,available,False
2026-08-27,2026-08-27T17:52:33Z,,Issa Diop,Ipswich Town,DEF,4.0,3.805,3.793,18.97,5,3.2,0.76,81.0,1.0,2.4,31.0,0.0,21.4,available,False
2026-08-27,2026-08-27T17:52:33Z,,Lamare Bogarde,Aston Villa,MID,5.0,3.786,3.782,18.91,5,3.0,0.55,61.8,1.5,1.4,40.0,0.0,0.1,available,False
2026-08-27,2026-08-27T17:52:33Z,,Dejan Kulusevski,Spurs,MID,6.5,3.736,3.764,18.82,5,2.8,0.0,48.2,0.0,0.0,0.0,0.0,0.0,injured,True
2026-08-27,2026-08-27T17:52:33Z,,Danny Welbeck,Brighton,FWD,6.0,3.73,3.74,18.7,5,3.0,0.77,61.6,2.0,3.4,126.0,0.0,3.0,available,False
2026-08-27,2026-08-27T17:52:33Z,,Mamadou Sarr,Chelsea,DEF,4.5,3.722,3.72,18.6,5,3.0,1.0,81.0,1.7,1.0,3.0,0.0,0.1,available,False
2026-08-27,2026-08-27T17:52:33Z,,Noah Okafor,Leeds,MID,6.0,3.722,3.775,18.88,5,2.8,0.64,52.2,2.1,3.9,109.0,0.0,0.9,available,False
2026-08-27,2026-08-27T17:52:33Z,,Myles Lewis-Skelly,Arsenal,MID,5.5,3.612,3.6,18.0,5,3.2,0.46,64.0,2.0,1.4,29.0,0.0,0.3,available,False
2026-08-27,2026-08-27T17:52:33Z,,John McGinn,Aston Villa,MID,5.5,3.59,3.581,17.91,5,3.0,0.99,83.6,2.0,3.4,103.0,0.0,2.7,available,False
2026-08-27,2026-08-27T17:52:33Z,,Omar Marmoush,Man City,FWD,7.0,3.583,3.617,18.08,5,2.8,0.55,49.6,2.2,2.7,56.0,0.0,0.6,available,False
2026-08-27,2026-08-27T17:52:33Z,,Chris Rigg,Sunderland,MID,5.0,3.578,3.563,17.82,5,3.2,0.97,74.0,1.5,2.0,36.0,0.0,0.1,available,False
2026-08-27,2026-08-27T17:52:33Z,,Simon Adingra,Sunderland,MID,5.0,3.576,3.56,17.8,5,3.2,0.75,60.8,1.5,2.4,34.0,0.0,0.4,available,False
2026-08-27,2026-08-27T17:52:33Z,,Tyler Adams,Bournemouth,MID,5.0,3.516,3.496,17.48,5,3.6,0.57,49.6,1.5,3.1,77.0,0.0,0.7,available,False
2026-08-27,2026-08-27T17:52:33Z,,Tyler Fredricson,Man Utd,DEF,4.0,3.506,3.509,17.55,5,2.8,0.6,83.0,1.0,1.0,1.0,0.0,0.1,available,False
2026-08-27,2026-08-27T17:52:33Z,,Benjamin Šeško,Man Utd,FWD,7.0,3.504,3.518,17.59,5,2.8,0.44,58.4,1.7,3.7,111.0,0.0,3.2,doubtful,False
2026-08-27,2026-08-27T17:52:33Z,,Kai Havertz,Arsenal,FWD,7.5,3.498,3.465,17.33,5,3.2,0.73,54.8,2.3,3.0,36.0,0.0,4.3,available,False
2026-08-27,2026-08-27T17:52:33Z,,Caoimhin Kelleher,Brentford,GKP,5.0,3.488,3.491,17.46,5,3.0,1.0,90.0,2.6,3.9,143.0,0.0,5.6,available,False
2026-08-27,2026-08-27T17:52:33Z,,Victor Lindelöf,Aston Villa,DEF,4.5,3.478,3.474,17.37,5,3.0,0.75,62.4,1.7,1.7,29.0,0.0,0.2,available,False
2026-08-27,2026-08-27T17:52:33Z,,Hákon Rafn Valdimarsson,Brentford,GKP,4.5,3.471,3.474,17.37,5,3.0,0.3,72.0,2.0,1.0,1.0,0.0,0.1,available,False
2026-08-27,2026-08-27T17:52:33Z,,Jack Hinshelwood,Brighton,MID,6.0,3.459,3.466,17.33,5,3.0,0.9,84.4,2.1,3.4,91.0,0.0,0.3,available,False
2026-08-27,2026-08-27T17:52:33Z,,Jørgen Strand Larsen,Crystal Palace,FWD,6.0,3.397,3.388,16.94,5,3.0,0.65,48.2,2.0,2.1,75.0,0.0,0.6,available,False
2026-08-27,2026-08-27T17:52:33Z,,Jeremie Frimpong,Liverpool,DEF,5.5,3.392,3.41,17.05,5,2.6,0.6,56.8,2.5,3.0,63.0,0.0,3.0,available,False
2026-08-27,2026-08-27T17:52:33Z,,Nilson Angulo,Sunderland,MID,5.0,3.378,3.364,16.82,5,3.2,0.59,52.0,1.5,1.6,13.0,0.0,0.1,available,False
2026-08-27,2026-08-27T17:52:33Z,,Giorgi Mamardashvili,Liverpool,GKP,5.0,3.361,3.371,16.85,5,2.6,1.0,83.6,2.6,3.4,34.0,0.0,0.2,available,False
2026-08-27,2026-08-27T17:52:33Z,,Alex Murphy,Newcastle,DEF,4.0,3.349,3.353,16.77,5,3.0,0.48,81.6,1.0,1.0,2.0,0.0,0.8,available,False
2026-08-27,2026-08-27T17:52:33Z,,Freddie Woodman,Liverpool,GKP,4.0,3.342,3.352,16.76,5,2.6,0.68,78.4,1.0,2.0,6.0,0.0,1.3,available,False
2026-08-27,2026-08-27T17:52:33Z,,Liam Delap,Chelsea,FWD,5.5,3.33,3.326,16.63,5,3.0,0.54,61.8,1.8,1.6,45.0,0.0,0.5,available,False
2026-08-27,2026-08-27T17:52:33Z,,Jacob Ramsey,Newcastle,MID,5.0,3.302,3.307,16.54,5,3.0,0.58,57.4,1.5,2.2,62.0,0.0,0.5,available,False
2026-08-27,2026-08-27T17:52:33Z,,James Trafford,Man City,GKP,5.0,3.296,3.307,16.53,5,2.8,1.0,90.0,2.6,3.2,13.0,0.0,0.9,available,False
2026-08-27,2026-08-27T17:52:33Z,,Altay Bayındır,Man Utd,GKP,4.5,3.283,3.286,16.43,5,2.8,1.0,90.0,2.0,1.8,11.0,0.0,0.2,available,False
2026-08-27,2026-08-27T17:52:33Z,,Karl Darlow,Man Utd,GKP,4.5,3.278,3.281,16.4,5,2.8,0.75,90.0,1.5,3.2,71.0,0.0,0.1,doubtful,False
2026-08-27,2026-08-27T17:52:33Z,,Antonín Kinský,Spurs,GKP,4.5,3.276,3.286,16.43,5,2.8,1.0,90.0,2.0,2.9,20.0,0.0,16.6,available,False
2026-08-27,2026-08-27T17:52:33Z,,Senne Lammens,Man Utd,GKP,5.0,3.269,3.272,16.36,5,2.8,1.0,90.0,2.6,3.4,109.0,0.0,20.1,available,False
2026-08-27,2026-08-27T17:52:33Z,,Martin Dúbravka,Spurs,GKP,4.0,3.269,3.279,16.39,5,2.8,1.0,90.0,1.0,2.7,96.0,0.0,24.8,available,False
2026-08-27,2026-08-27T17:52:33Z,,Guglielmo Vicario,Spurs,GKP,4.5,3.267,3.277,16.39,5,2.8,1.0,90.0,2.0,2.9,90.0,0.0,1.7,available,False
2026-08-27,2026-08-27T17:52:33Z,,Gianluigi Donnarumma,Man City,GKP,5.5,3.265,3.276,16.38,5,2.8,1.0,90.0,3.3,4.0,135.0,0.0,11.2,available,False
2026-08-27,2026-08-27T17:52:33Z,,Chemsdine Talbi,Sunderland,MID,5.5,3.238,3.215,16.08,5,3.2,0.74,74.0,2.0,3.0,83.0,0.0,0.2,available,False
2026-08-27,2026-08-27T17:52:33Z,,Archie Gray,Spurs,MID,5.0,3.228,3.241,16.21,5,2.8,0.94,83.0,1.5,2.5,61.0,0.0,0.2,available,False
2026-08-27,2026-08-27T17:52:33Z,,Martin Ødegaard,Arsenal,MID,6.5,3.215,3.169,15.85,5,3.2,0.51,52.2,2.3,3.1,74.0,0.0,2.9,available,False
2026-08-27,2026-08-27T17:52:33Z,,Dean Henderson,Crystal Palace,GKP,5.0,3.209,3.206,16.03,5,3.0,1.0,90.0,2.6,3.5,131.0,0.0,3.1,available,False
2026-08-27,2026-08-27T17:52:33Z,,Mark Travers,Everton,GKP,5.0,3.208,3.211,16.06,5,3.0,1.0,90.0,2.6,0.0,0.0,0.0,0.1,available,False
2026-08-27,2026-08-27T17:52:33Z,,Bart Verbruggen,Brighton,GKP,4.5,3.206,3.209,16.05,5,3.0,1.0,90.0,2.0,3.4,130.0,0.0,16.9,available,False
2026-08-27,2026-08-27T17:52:33Z,,Nick Pope,Newcastle,GKP,5.0,3.204,3.207,16.04,5,3.0,1.0,90.0,2.6,3.6,96.0,0.0,1.0,available,False
2026-08-27,2026-08-27T17:52:33Z,,Loum Tchaouna,Coventry City,MID,5.5,3.197,3.165,15.83,5,3.4,0.68,70.0,2.0,0.0,0.0,0.0,0.1,available,False
2026-08-27,2026-08-27T17:52:33Z,,Jason Steele,Brighton,GKP,4.0,3.193,3.196,15.98,5,3.0,1.0,90.0,1.0,0.0,0.0,0.0,5.4,available,False
2026-08-27,2026-08-27T17:52:33Z,,Marco Bizot,Aston Villa,GKP,4.5,3.193,3.189,15.95,5,3.0,0.81,81.0,2.0,2.3,16.0,0.0,0.1,available,False
2026-08-27,2026-08-27T17:52:33Z,,Jordan Pickford,Everton,GKP,5.5,3.19,3.193,15.97,5,3.0,1.0,90.0,3.3,3.6,135.0,0.0,9.0,available,False
2026-08-27,2026-08-27T17:52:33Z,,Noni Madueke,Arsenal,MID,6.5,3.187,3.168,15.84,5,3.2,0.61,47.0,2.3,2.8,72.0,0.0,0.4,available,False
2026-08-27,2026-08-27T17:52:33Z,,Matz Sels,Nott'm Forest,GKP,5.0,3.187,3.192,15.96,5,3.0,0.99,90.0,2.6,3.4,105.0,0.0,1.4,available,False
2026-08-27,2026-08-27T17:52:33Z,,Robin Roefs,Sunderland,GKP,5.0,3.17,3.161,15.8,5,3.2,1.0,90.0,2.6,3.9,136.0,0.0,5.8,available,False
2026-08-27,2026-08-27T17:52:33Z,,Melker Ellborg,Sunderland,GKP,4.5,3.164,3.155,15.77,5,3.2,1.0,90.0,2.0,5.3,16.0,0.0,0.1,available,False
2026-08-27,2026-08-27T17:52:33Z,,Evann Guessand,Aston Villa,MID,5.5,3.156,3.149,15.74,5,3.0,0.56,53.0,2.0,2.1,44.0,0.0,0.0,available,False
2026-08-27,2026-08-27T17:52:33Z,,Alex Palmer,Ipswich Town,GKP,4.0,3.151,3.142,15.71,5,3.2,1.0,90.0,1.0,0.0,0.0,0.0,6.5,available,False
2026-08-27,2026-08-27T17:52:33Z,,Illan Meslier,Arsenal,GKP,5.0,3.148,3.139,15.69,5,3.2,1.0,90.0,2.6,0.0,0.0,0.0,0.1,available,False
2026-08-27,2026-08-27T17:52:33Z,,Christian Walton,Ipswich Town,GKP,4.5,3.141,3.132,15.66,5,3.2,1.0,90.0,2.0,0.0,0.0,0.0,0.7,available,False
2026-08-27,2026-08-27T17:52:33Z,,Habib Diarra,Sunderland,MID,5.5,3.138,3.114,15.57,5,3.2,0.68,55.2,2.0,3.2,65.0,0.0,0.1,available,False
2026-08-27,2026-08-27T17:52:33Z,,Chiedozie Ogbene,Ipswich Town,MID,5.0,3.11,3.097,15.48,5,3.2,0.65,54.4,1.5,0.0,0.0,0.0,0.0,available,False
2026-08-27,2026-08-27T17:52:33Z,,Wilson Odobert,Spurs,MID,5.5,3.072,3.106,15.53,5,2.8,0.0,53.2,0.0,1.9,46.0,0.0,0.0,injured,True
2026-08-27,2026-08-27T17:52:33Z,,Rio Ngumoha,Liverpool,MID,6.0,3.06,3.082,15.41,5,2.6,0.45,51.8,2.1,2.3,43.0,0.0,1.6,available,False
2026-08-27,2026-08-27T17:52:33Z,,Bernd Leno,Fulham,GKP,4.5,3.033,3.016,15.08,5,3.6,1.0,90.0,2.0,3.2,122.0,0.0,3.2,available,False
2026-08-27,2026-08-27T17:52:33Z,,Fraser Forster,Bournemouth,GKP,4.0,3.028,3.012,15.06,5,3.6,1.0,90.0,1.0,0.0,0.0,0.0,3.2,available,False
2026-08-27,2026-08-27T17:52:33Z,,Đorđe Petrović,Bournemouth,GKP,4.5,3.025,3.009,15.05,5,3.6,1.0,90.0,2.0,3.3,124.0,0.0,3.5,available,False
2026-08-27,2026-08-27T17:52:33Z,,Harrison Armstrong,Everton,MID,5.0,2.935,2.939,14.69,5,3.0,0.65,52.6,1.5,1.6,21.0,0.0,0.1,available,False
2026-08-27,2026-08-27T17:52:33Z,,Omari Hutchinson,Nott'm Forest,MID,5.5,2.923,2.931,14.65,5,3.0,0.59,52.2,2.0,2.6,82.0,0.0,0.2,available,False
2026-08-27,2026-08-27T17:52:33Z,,Miloš Kerkez,Liverpool,DEF,5.5,2.912,2.926,14.63,5,2.6,0.57,47.8,2.5,2.5,85.0,0.0,6.3,available,False
2026-08-27,2026-08-27T17:52:33Z,,Mason Mount,Man Utd,MID,5.5,2.895,2.899,14.49,5,2.8,0.62,54.0,2.0,2.5,58.0,0.0,0.1,available,False
2026-08-27,2026-08-27T17:52:33Z,,Borna Sosa,Crystal Palace,DEF,4.5,2.886,2.882,14.41,5,3.0,0.36,58.4,1.7,0.9,6.0,0.0,0.1,available,False
2026-08-27,2026-08-27T17:52:33Z,,Will Hughes,Crystal Palace,MID,4.5,2.754,2.75,13.75,5,3.0,0.74,53.0,1.0,1.5,45.0,0.0,10.1,available,False
2026-08-27,2026-08-27T17:52:33Z,,Justin Kluivert,Bournemouth,MID,6.0,2.746,2.7,13.5,5,3.6,0.58,57.2,2.1,2.0,41.0,0.0,0.8,available,False
2026-08-27,2026-08-27T17:52:33Z,,Chris Wood,Nott'm Forest,FWD,6.0,2.735,2.748,13.74,5,3.0,0.65,55.0,2.0,2.7,41.0,0.0,1.8,available,False
2026-08-27,2026-08-27T17:52:33Z,,Estêvão,Chelsea,MID,6.5,2.707,2.703,13.51,5,3.0,0.69,54.0,2.3,2.6,58.0,0.0,1.4,available,False
2026-08-27,2026-08-27T17:52:33Z,,Joe Willock,Newcastle,MID,5.0,2.702,2.708,13.54,5,3.0,0.54,58.6,1.5,1.6,38.0,0.0,0.1,available,False
2026-08-27,2026-08-27T17:52:33Z,,Ross Barkley,Aston Villa,MID,5.0,2.685,2.678,13.39,5,3.0,0.49,59.2,1.5,2.7,56.0,0.0,0.2,available,False
2026-08-27,2026-08-27T17:52:33Z,,Amad Diallo,Man Utd,MID,6.0,2.626,2.632,13.16,5,2.8,0.7,53.0,2.1,2.8,91.0,0.0,1.5,available,False
2026-08-27,2026-08-27T17:52:33Z,,Tyler Dibling,Everton,MID,5.5,2.582,2.586,12.93,5,3.0,0.54,51.4,2.0,1.3,18.0,0.0,0.1,available,False
2026-08-27,2026-08-27T17:52:33Z,,Neto,Chelsea,MID,6.5,2.574,2.572,12.86,5,3.0,1.0,90.0,2.3,3.7,125.0,0.0,1.2,available,False
2026-08-27,2026-08-27T17:52:33Z,,Viktor Gyökeres,Arsenal,FWD,7.5,2.555,2.528,12.64,5,3.2,0.54,48.2,2.3,3.6,128.0,0.0,13.9,available,False
2026-08-27,2026-08-27T17:52:33Z,,Jacob Murphy,Newcastle,MID,6.0,2.449,2.455,12.28,5,3.0,0.59,47.6,2.1,2.5,82.0,0.0,0.2,available,False
2026-08-27,2026-08-27T17:52:33Z,,Matt Targett,Hull City,DEF,4.0,2.386,2.374,11.87,5,3.2,0.36,49.8,1.0,0.0,0.0,0.0,1.7,available,False
2026-08-27,2026-08-27T17:52:33Z,,Harvey Barnes,Newcastle,MID,6.0,2.365,2.374,11.87,5,3.0,0.46,48.0,2.1,2.9,106.0,0.0,1.0,available,False
2026-08-27,2026-08-27T17:52:33Z,,Callum Hudson-Odoi,Nott'm Forest,MID,6.0,2.355,2.364,11.82,5,3.0,0.57,56.4,1.6,2.9,88.0,0.0,0.0,doubtful,False
2026-08-27,2026-08-27T17:52:33Z,,Dilane Bakwa,Nott'm Forest,MID,5.5,2.331,2.34,11.7,5,3.0,0.52,45.8,2.0,1.9,26.0,0.0,0.0,available,False
2026-08-27,2026-08-27T17:52:33Z,,Ilia Gruev,Leeds,MID,5.0,2.236,2.25,11.25,5,2.8,0.65,57.6,1.5,2.4,56.0,0.0,0.0,available,False
2026-08-27,2026-08-27T17:52:33Z,,Jordan Henderson,Brentford,MID,5.0,2.16,2.164,10.82,5,3.0,0.49,56.0,1.1,2.4,76.0,0.0,0.0,doubtful,False
2026-08-27,2026-08-27T17:52:33Z,,Jack Taylor,Ipswich Town,MID,4.5,2.159,2.147,10.73,5,3.2,0.42,58.6,1.0,0.0,0.0,0.0,0.5,available,False
2026-08-27,2026-08-27T17:52:33Z,,Ethan Nwaneri,Arsenal,MID,5.5,2.004,1.988,9.94,5,3.2,0.12,46.0,2.0,1.3,8.0,0.0,0.0,available,False
2026-08-27,2026-08-27T17:52:33Z,,Tom Cairney,Fulham,MID,5.0,1.884,1.86,9.3,5,3.6,0.47,51.2,1.5,1.7,41.0,0.0,0.0,available,False
2026-08-28,2026-08-28T18:57:55Z,,Bukayo Saka,Arsenal,MID,9.5,9.357,9.237,46.18,5,3.2,0.93,79.0,3.2,5.1,157.0,0.0,10.8,available,False
2026-08-28,2026-08-28T18:57:55Z,,Jérémy Doku,Man City,MID,7.5,7.593,7.69,38.45,5,2.8,0.74,75.4,2.6,4.0,120.0,0.0,6.6,available,False
2026-08-28,2026-08-28T18:57:55Z,,Hugo Ekitiké,Liverpool,FWD,7.5,7.286,7.376,36.88,5,2.6,0.0,86.8,0.0,4.5,125.0,0.0,0.2,injured,True
2026-08-28,2026-08-28T18:57:55Z,,Erling Haaland,Man City,FWD,15.5,6.594,6.684,33.42,5,2.8,0.99,90.0,4.0,6.8,239.0,0.0,74.9,available,False
2026-08-28,2026-08-28T18:57:55Z,,Cody Gakpo,Liverpool,MID,7.0,6.351,6.414,32.07,5,2.6,0.95,83.0,2.4,3.6,131.0,0.0,3.4,available,False
2026-08-28,2026-08-28T18:57:55Z,,Dominic Calvert-Lewin,Leeds,FWD,6.0,6.326,6.383,31.91,5,2.8,0.94,89.6,2.0,4.1,142.0,0.0,17.7,available,False
2026-08-28,2026-08-28T18:57:55Z,,João Pedro,Chelsea,FWD,7.5,6.163,6.154,30.77,5,3.0,0.95,85.8,2.3,5.1,177.0,0.0,48.8,available,False
2026-08-28,2026-08-28T18:57:55Z,,Pedro Porro,Spurs,DEF,5.5,6.076,6.1,30.5,5,2.8,0.98,90.0,2.5,3.4,117.0,0.0,23.9,available,False
2026-08-28,2026-08-28T18:57:55Z,,Richarlison,Spurs,FWD,6.0,6.017,6.065,30.32,5,2.8,0.73,76.0,2.0,3.7,119.0,0.0,1.6,available,False
2026-08-28,2026-08-28T18:57:55Z,,Rayan Aït-Nouri,Man City,DEF,5.5,5.918,5.939,29.7,5,2.8,0.82,63.6,2.5,3.5,60.0,0.0,1.0,available,False
2026-08-28,2026-08-28T18:57:55Z,,Cristian Romero,Spurs,DEF,5.0,5.913,5.927,29.63,5,2.8,0.98,68.6,2.2,4.0,91.0,0.0,1.0,available,False
2026-08-28,2026-08-28T18:57:55Z,,Cole Palmer,Chelsea,MID,9.5,5.877,5.865,29.32,5,3.0,0.97,89.8,3.2,4.4,114.0,0.0,13.2,available,False
2026-08-28,2026-08-28T18:57:55Z,,Sepp van den Berg,Brentford,DEF,5.0,5.814,5.818,29.09,5,3.0,0.99,90.0,2.2,3.5,113.0,0.0,0.7,available,False
2026-08-28,2026-08-28T18:57:55Z,,Dominik Szoboszlai,Liverpool,MID,7.0,5.81,5.853,29.27,5,2.6,1.0,90.0,2.4,4.4,160.0,0.0,45.6,available,False
2026-08-28,2026-08-28T18:57:55Z,,James Justin,Leeds,DEF,4.5,5.789,5.803,29.02,5,2.8,0.91,90.0,1.7,3.2,94.0,0.0,0.5,available,False
2026-08-28,2026-08-28T18:57:55Z,,Jan Paul van Hecke,Spurs,DEF,5.0,5.763,5.777,28.88,5,2.8,1.0,90.0,2.2,4.1,148.0,0.0,8.3,available,False
2026-08-28,2026-08-28T18:57:55Z,,Kevin Danso,Spurs,DEF,5.0,5.737,5.751,28.76,5,2.8,0.92,90.0,2.2,2.6,63.0,0.0,0.2,available,False
2026-08-28,2026-08-28T18:57:55Z,,Sven Botman,Newcastle,DEF,5.0,5.703,5.707,28.54,5,3.0,0.96,90.0,2.2,3.6,89.0,0.0,0.4,available,False
2026-08-28,2026-08-28T18:57:55Z,,Enzo Le Fée,Sunderland,MID,6.0,5.686,5.657,28.28,5,3.2,0.97,90.0,2.1,4.1,147.0,0.0,7.1,available,False
2026-08-28,2026-08-28T18:57:55Z,,Marc Guéhi,Man City,DEF,6.0,5.682,5.696,28.48,5,2.8,1.0,90.0,2.8,5.1,179.0,0.0,24.9,available,False
2026-08-28,2026-08-28T18:57:55Z,,Antoine Semenyo,Man City,MID,8.5,5.64,5.709,28.55,5,2.8,1.0,75.0,2.9,5.5,202.0,0.0,20.3,available,False
2026-08-28,2026-08-28T18:57:55Z,,Maxence Lacroix,Crystal Palace,DEF,6.0,5.634,5.629,28.15,5,3.0,1.0,90.0,2.8,4.4,154.0,0.0,12.2,available,False
2026-08-28,2026-08-28T18:57:55Z,,Luke Shaw,Man Utd,DEF,4.5,5.632,5.635,28.18,5,2.8,1.0,86.6,1.7,3.0,113.0,0.0,21.0,available,False
2026-08-28,2026-08-28T18:57:55Z,,Michael Kayode,Brentford,DEF,4.5,5.612,5.616,28.08,5,3.0,1.0,90.0,1.7,3.1,113.0,0.0,5.1,available,False
2026-08-28,2026-08-28T18:57:55Z,,Gabriel Gudmundsson,Leeds,DEF,4.5,5.576,5.59,27.95,5,2.8,0.99,80.6,1.7,2.1,68.0,0.0,0.6,available,False
2026-08-28,2026-08-28T18:57:55Z,,Matthijs de Ligt,Man Utd,DEF,5.0,5.562,5.566,27.83,5,2.8,0.0,90.0,0.0,3.3,43.0,0.0,0.0,injured,True
2026-08-28,2026-08-28T18:57:55Z,,James Hill,Bournemouth,DEF,5.5,5.547,5.526,27.63,5,3.6,0.92,90.0,2.5,3.8,110.0,0.0,1.5,available,False
2026-08-28,2026-08-28T18:57:55Z,,Jacob Greaves,Ipswich Town,DEF,4.0,5.53,5.518,27.59,5,3.2,1.0,90.0,1.0,0.0,0.0,0.0,0.5,available,False
2026-08-28,2026-08-28T18:57:55Z,,Anton Stach,Leeds,MID,6.0,5.512,5.535,27.68,5,2.8,0.99,86.4,2.1,4.7,137.0,0.0,1.5,available,False
2026-08-28,2026-08-28T18:57:55Z,,Neco Williams,Nott'm Forest,DEF,5.0,5.503,5.509,27.55,5,3.0,0.87,81.2,2.2,3.5,128.0,0.0,12.7,available,False
2026-08-28,2026-08-28T18:57:55Z,,Piero Hincapié,Arsenal,DEF,5.5,5.496,5.483,27.42,5,3.2,0.69,60.8,2.5,3.5,87.0,0.0,5.3,available,False
2026-08-28,2026-08-28T18:57:55Z,,Adrien Truffert,Bournemouth,DEF,5.5,5.473,5.449,27.24,5,3.6,1.0,90.0,2.5,4.3,165.0,0.0,4.7,available,False
2026-08-28,2026-08-28T18:57:55Z,,Antonee Robinson,Fulham,DEF,4.5,5.463,5.44,27.2,5,3.6,0.94,80.0,1.7,3.0,65.0,0.0,3.5,available,False
2026-08-28,2026-08-28T18:57:55Z,,Ola Aina,Nott'm Forest,DEF,4.5,5.457,5.463,27.31,5,3.0,1.0,89.8,1.7,3.7,67.0,0.0,5.0,available,False
2026-08-28,2026-08-28T18:57:55Z,,Declan Rice,Arsenal,MID,7.5,5.455,5.428,27.14,5,3.2,0.99,84.8,2.6,5.1,184.0,0.0,22.0,available,False
2026-08-28,2026-08-28T18:57:55Z,,Jaydee Canvot,Crystal Palace,DEF,5.0,5.441,5.437,27.18,5,3.0,0.92,90.0,2.2,3.6,72.0,0.0,0.4,available,False
2026-08-28,2026-08-28T18:57:55Z,,Tyrick Mitchell,Crystal Palace,DEF,4.5,5.436,5.432,27.16,5,3.0,0.87,72.0,1.7,3.6,135.0,0.0,7.4,available,False
2026-08-28,2026-08-28T18:57:55Z,,Ethan Pinnock,Brentford,DEF,4.5,5.423,5.427,27.13,5,3.0,1.0,80.8,1.7,3.5,14.0,0.0,0.1,available,False
2026-08-28,2026-08-28T18:57:55Z,,Harry Maguire,Man Utd,DEF,5.0,5.419,5.423,27.11,5,2.8,0.94,87.6,2.2,3.9,90.0,0.0,6.9,available,False
2026-08-28,2026-08-28T18:57:55Z,,Jayden Bogle,Leeds,DEF,4.5,5.419,5.436,27.18,5,2.8,0.98,80.8,1.7,2.8,96.0,0.0,0.4,available,False
2026-08-28,2026-08-28T18:57:55Z,,Nordi Mukiele,Sunderland,DEF,5.5,5.409,5.394,26.97,5,3.2,1.0,90.0,2.5,4.7,151.0,0.0,8.2,available,False
2026-08-28,2026-08-28T18:57:55Z,,Virgil van Dijk,Liverpool,DEF,6.5,5.408,5.427,27.13,5,2.6,1.0,90.0,3.1,4.6,175.0,0.0,15.5,available,False
2026-08-28,2026-08-28T18:57:55Z,,Calvin Bassey,Fulham,DEF,4.5,5.389,5.367,26.84,5,3.6,0.99,90.0,1.7,3.4,103.0,0.0,0.5,available,False
2026-08-28,2026-08-28T18:57:55Z,,Max Alleyne,Man City,DEF,5.0,5.387,5.4,27.0,5,2.8,0.95,90.0,2.2,2.5,5.0,0.0,0.1,available,False
2026-08-28,2026-08-28T18:57:55Z,,Conor Bradley,Liverpool,DEF,5.0,5.381,5.393,26.96,5,2.6,0.0,62.2,0.0,2.8,42.0,0.0,0.0,injured,True
2026-08-28,2026-08-28T18:57:55Z,,Michael Keane,Everton,DEF,5.0,5.376,5.38,26.9,5,3.0,0.85,75.2,2.2,4.0,131.0,0.0,1.5,available,False
2026-08-28,2026-08-28T18:57:55Z,,Yankuba Minteh,Brighton,MID,6.0,5.362,5.371,26.85,5,3.0,0.94,87.2,2.1,3.4,117.0,0.0,0.7,available,False
2026-08-28,2026-08-28T18:57:55Z,,Pascal Struijk,Brighton,DEF,5.0,5.342,5.346,26.73,5,3.0,1.0,83.2,2.2,3.2,108.0,0.0,0.5,available,False
2026-08-28,2026-08-28T18:57:55Z,,Elliot Anderson,Man City,MID,6.5,5.34,5.36,26.8,5,2.8,0.87,81.0,2.3,4.7,180.0,0.0,12.2,available,False
2026-08-28,2026-08-28T18:57:55Z,,Jorrel Hato,Chelsea,DEF,4.5,5.34,5.338,26.69,5,3.0,0.83,90.0,1.7,0.9,19.0,0.0,1.6,available,False
2026-08-28,2026-08-28T18:57:55Z,,Enzo Fernández,Chelsea,MID,7.0,5.338,5.329,26.64,5,3.0,0.99,89.6,2.4,4.4,157.0,0.0,5.1,available,False
2026-08-28,2026-08-28T18:57:55Z,,Florian Wirtz,Liverpool,MID,7.5,5.33,5.388,26.94,5,2.6,0.82,71.2,2.6,3.8,125.0,0.0,11.1,available,False
2026-08-28,2026-08-28T18:57:55Z,,Marcus Tavernier,Bournemouth,MID,6.0,5.32,5.265,26.33,5,3.6,0.96,86.4,2.1,4.0,137.0,0.0,1.4,available,False
2026-08-28,2026-08-28T18:57:55Z,,Ayden Heaven,Man Utd,DEF,4.5,5.293,5.297,26.48,5,2.8,0.81,69.0,1.7,2.5,42.0,0.0,0.4,available,False
2026-08-28,2026-08-28T18:57:55Z,,Mats Wieffer,Brighton,DEF,5.0,5.289,5.293,26.47,5,3.0,0.95,66.6,2.2,3.6,94.0,0.0,0.4,available,False
2026-08-28,2026-08-28T18:57:55Z,,Omar Alderete,Sunderland,DEF,5.0,5.284,5.271,26.36,5,3.2,0.99,84.6,2.2,3.8,125.0,0.0,1.3,available,False
2026-08-28,2026-08-28T18:57:55Z,,James Garner,Everton,MID,6.0,5.284,5.289,26.45,5,3.0,0.0,90.0,0.0,4.2,159.0,0.0,2.0,injured,True
2026-08-28,2026-08-28T18:57:55Z,,James Tarkowski,Everton,DEF,6.0,5.276,5.281,26.4,5,3.0,1.0,90.0,2.8,4.6,170.0,0.0,10.2,available,False
2026-08-28,2026-08-28T18:57:55Z,,Olivier Boscagli,Brighton,DEF,4.5,5.275,5.279,26.39,5,3.0,0.77,77.8,1.7,3.2,39.0,0.0,0.1,available,False
2026-08-28,2026-08-28T18:57:55Z,,Malick Thiaw,Newcastle,DEF,5.0,5.272,5.276,26.38,5,3.0,0.99,90.0,2.2,3.6,126.0,0.0,2.5,available,False
2026-08-28,2026-08-28T18:57:55Z,,Fabian Schär,Newcastle,DEF,5.0,5.264,5.269,26.35,5,3.0,0.79,81.6,2.2,3.2,51.0,0.0,0.1,available,False
2026-08-28,2026-08-28T18:57:55Z,,Trai Hume,Sunderland,DEF,4.5,5.263,5.246,26.23,5,3.2,0.85,71.2,1.7,2.9,110.0,0.0,1.4,available,False
2026-08-28,2026-08-28T18:57:55Z,,Kenny Tete,Fulham,DEF,4.5,5.256,5.234,26.17,5,3.6,0.86,73.0,1.7,3.7,81.0,0.0,0.2,available,False
2026-08-28,2026-08-28T18:57:55Z,,Mathys Tel,Spurs,MID,6.0,5.249,5.283,26.42,5,2.8,0.54,68.4,2.1,2.5,78.0,0.0,0.2,available,False
2026-08-28,2026-08-28T18:57:55Z,,William Saliba,Arsenal,DEF,6.0,5.248,5.233,26.17,5,3.2,0.0,90.0,0.0,4.4,137.0,0.0,0.5,injured,True
2026-08-28,2026-08-28T18:57:55Z,,Rodrigo Bentancur,Spurs,MID,5.5,5.247,5.263,26.31,5,2.8,0.95,79.0,2.0,3.3,86.0,0.0,0.1,available,False
2026-08-28,2026-08-28T18:57:55Z,,João Gomes,Aston Villa,MID,5.5,5.236,5.23,26.15,5,3.0,0.96,88.8,2.0,3.0,85.0,0.0,0.3,available,False
2026-08-28,2026-08-28T18:57:55Z,,Jake O'Brien,Everton,DEF,5.0,5.227,5.231,26.16,5,3.0,0.99,84.6,2.2,3.1,116.0,0.0,0.6,available,False
2026-08-28,2026-08-28T18:57:55Z,,Dara O'Shea,Ipswich Town,DEF,4.0,5.222,5.209,26.05,5,3.2,1.0,90.0,1.0,0.0,0.0,0.0,1.2,available,False
2026-08-28,2026-08-28T18:57:55Z,,Jarrad Branthwaite,Everton,DEF,5.5,5.219,5.223,26.12,5,3.0,0.75,73.0,2.5,3.2,32.0,0.0,2.0,available,False
2026-08-28,2026-08-28T18:57:55Z,,Jurriën Timber,Arsenal,DEF,6.5,5.215,5.201,26.01,5,3.2,0.0,83.4,0.0,5.0,149.0,0.0,0.7,injured,True
2026-08-28,2026-08-28T18:57:55Z,,Matheus Nunes,Man City,DEF,6.0,5.212,5.226,26.13,5,2.8,0.98,83.6,2.8,4.5,154.0,0.0,5.5,available,False
2026-08-28,2026-08-28T18:57:55Z,,Mateus Fernandes,Spurs,MID,6.0,5.2,5.218,26.09,5,2.8,0.98,90.0,2.1,3.8,135.0,0.0,4.6,available,False
2026-08-28,2026-08-28T18:57:55Z,,Dango Ouattara,Brentford,MID,6.5,5.175,5.187,25.93,5,3.0,0.79,76.2,2.3,4.2,136.0,0.0,1.5,available,False
2026-08-28,2026-08-28T18:57:55Z,,Iliman Ndiaye,Everton,MID,6.0,5.161,5.169,25.84,5,3.0,1.0,90.0,2.1,4.0,128.0,0.0,21.3,available,False
2026-08-28,2026-08-28T18:57:55Z,,Mikkel Damsgaard,Brentford,MID,5.5,5.15,5.157,25.79,5,3.0,0.9,85.4,2.0,3.4,113.0,0.0,0.7,available,False
2026-08-28,2026-08-28T18:57:55Z,,Lewis Hall,Newcastle,DEF,5.0,5.15,5.155,25.78,5,3.0,0.81,67.4,2.2,2.6,79.0,0.0,4.6,available,False
2026-08-28,2026-08-28T18:57:55Z,,Joachim Andersen,Fulham,DEF,5.0,5.145,5.124,25.62,5,3.6,0.0,90.0,0.0,3.7,123.0,0.0,0.1,suspended,True
2026-08-28,2026-08-28T18:57:55Z,,Reinildo Mandava,Sunderland,DEF,4.5,5.133,5.121,25.6,5,3.2,0.86,72.0,1.7,3.0,74.0,0.0,0.6,available,False
2026-08-28,2026-08-28T18:57:55Z,,Boubacar Kamara,Aston Villa,MID,5.0,5.118,5.112,25.56,5,3.0,0.73,88.2,1.1,3.4,61.0,0.0,0.1,doubtful,False
2026-08-28,2026-08-28T18:57:55Z,,Alex Scott,Bournemouth,MID,6.0,5.112,5.085,25.42,5,3.6,0.98,89.8,2.1,3.7,136.0,0.0,1.6,available,False
2026-08-28,2026-08-28T18:57:55Z,,Lewis Dunk,Brighton,DEF,4.5,5.112,5.117,25.58,5,3.0,0.99,90.0,1.7,3.0,100.0,0.0,0.7,available,False
2026-08-28,2026-08-28T18:57:55Z,,Morgan Rogers,Chelsea,MID,7.5,5.109,5.102,25.51,5,3.0,1.0,87.6,2.6,4.6,169.0,0.0,33.9,available,False
2026-08-28,2026-08-28T18:57:55Z,,Destiny Udogie,Spurs,DEF,4.5,5.109,5.123,25.62,5,2.8,0.87,82.0,1.7,1.4,29.0,0.0,0.4,available,False
2026-08-28,2026-08-28T18:57:55Z,,Daniel Ballard,Sunderland,DEF,5.0,5.093,5.08,25.4,5,3.2,0.81,72.2,2.2,4.0,116.0,0.0,2.6,available,False
2026-08-28,2026-08-28T18:57:55Z,,Nico O'Reilly,Man City,DEF,6.5,5.082,5.098,25.49,5,2.8,0.94,84.8,3.1,4.7,160.0,0.0,24.2,available,False
2026-08-28,2026-08-28T18:57:55Z,,Matty Cash,Aston Villa,DEF,4.5,5.078,5.073,25.36,5,3.0,1.0,88.0,1.7,3.3,117.0,0.0,8.2,available,False
2026-08-28,2026-08-28T18:57:55Z,,Nathan Collins,Brentford,DEF,5.5,5.075,5.079,25.4,5,3.0,0.96,90.0,2.5,3.7,129.0,0.0,2.0,available,False
2026-08-28,2026-08-28T18:57:55Z,,Ethan Ampadu,Leeds,MID,5.5,5.071,5.085,25.42,5,2.8,1.0,90.0,2.0,3.8,134.0,0.0,1.3,available,False
2026-08-28,2026-08-28T18:57:55Z,,Beto,Everton,FWD,5.5,5.069,5.079,25.39,5,3.0,0.81,70.8,1.8,2.8,104.0,0.0,3.4,available,False
2026-08-28,2026-08-28T18:57:55Z,,Noussair Mazraoui,Man Utd,DEF,4.5,5.056,5.06,25.3,5,2.8,0.7,76.0,1.7,2.6,53.0,0.0,0.8,available,False
2026-08-28,2026-08-28T18:57:55Z,,Jaka Bijol,Leeds,DEF,5.0,5.043,5.056,25.28,5,2.8,0.93,84.8,2.2,4.0,99.0,0.0,0.4,available,False
2026-08-28,2026-08-28T18:57:55Z,,Joelinton,Newcastle,MID,5.5,5.037,5.041,25.21,5,3.0,0.61,75.4,1.5,2.7,73.0,0.0,0.0,doubtful,False
2026-08-28,2026-08-28T18:57:55Z,,Ben Davies,Spurs,DEF,4.0,5.02,5.034,25.17,5,2.8,0.56,64.6,1.0,3.3,10.0,0.0,0.7,available,False
2026-08-28,2026-08-28T18:57:55Z,,Harry Amass,Man Utd,DEF,4.0,5.014,5.019,25.09,5,2.8,0.75,66.25,1.0,0.0,0.0,0.0,0.2,available,False
2026-08-28,2026-08-28T18:57:55Z,,John Egan,Hull City,DEF,4.0,5.006,4.994,24.97,5,3.2,1.0,85.6,1.0,0.0,0.0,0.0,0.8,available,False
2026-08-28,2026-08-28T18:57:55Z,,Chris Richards,Crystal Palace,DEF,5.0,5.005,5.001,25.0,5,3.0,0.87,74.8,2.2,3.9,128.0,0.0,0.8,available,False
2026-08-28,2026-08-28T18:57:55Z,,Ryan Sessegnon,Fulham,DEF,4.5,4.993,4.969,24.84,5,3.6,0.68,62.2,1.7,3.5,95.0,0.0,0.4,available,False
2026-08-28,2026-08-28T18:57:55Z,,Kiernan Dewsbury-Hall,Everton,MID,6.5,4.985,4.992,24.96,5,3.0,0.99,89.6,2.3,4.9,151.0,0.0,4.3,available,False
2026-08-28,2026-08-28T18:57:55Z,,Dan Burn,Newcastle,DEF,5.0,4.98,4.984,24.92,5,3.0,0.7,60.2,2.2,3.2,93.0,0.0,2.7,available,False
2026-08-28,2026-08-28T18:57:55Z,,Timothy Castagne,Fulham,DEF,4.5,4.978,4.953,24.77,5,3.6,0.93,88.6,1.7,2.0,61.0,0.0,0.2,available,False
2026-08-28,2026-08-28T18:57:55Z,,Youri Tielemans,Man Utd,MID,6.0,4.975,4.979,24.9,5,2.8,0.71,86.6,1.6,2.7,68.0,0.0,1.0,doubtful,False
2026-08-28,2026-08-28T18:57:55Z,,Lisandro Martínez,Man Utd,DEF,5.0,4.971,4.975,24.87,5,2.8,0.69,83.2,1.6,2.8,51.0,0.0,1.3,doubtful,False
2026-08-28,2026-08-28T18:57:55Z,,Pape Matar Sarr,Spurs,MID,5.0,4.961,4.981,24.9,5,2.8,0.58,64.0,1.5,2.7,71.0,0.0,0.4,available,False
2026-08-28,2026-08-28T18:57:55Z,,Mohammed Kudus,Spurs,MID,6.5,4.961,4.989,24.94,5,2.8,0.75,78.6,1.7,3.9,75.0,0.0,0.3,doubtful,False
2026-08-28,2026-08-28T18:57:55Z,,Wesley Fofana,Chelsea,DEF,5.0,4.952,4.95,24.75,5,3.0,0.0,77.4,0.0,2.6,65.0,0.0,0.0,suspended,True
2026-08-28,2026-08-28T18:57:55Z,,Lewis Miley,Newcastle,MID,5.5,4.916,4.92,24.6,5,3.0,0.0,76.6,0.0,3.1,72.0,0.0,0.0,injured,True
2026-08-28,2026-08-28T18:57:55Z,,Alexis Mac Allister,Liverpool,MID,5.5,4.884,4.914,24.57,5,2.6,0.81,75.8,2.0,2.9,108.0,0.0,1.9,available,False
2026-08-28,2026-08-28T18:57:55Z,,Malo Gusto,Chelsea,DEF,5.0,4.877,4.873,24.37,5,3.0,0.9,87.6,2.2,2.8,96.0,0.0,1.2,available,False
2026-08-28,2026-08-28T18:57:55Z,,Ryan Gravenberch,Liverpool,MID,6.0,4.871,4.893,24.46,5,2.6,0.86,69.4,2.1,4.0,144.0,0.0,1.7,available,False
2026-08-28,2026-08-28T18:57:55Z,,Sebastiaan Bornauw,Leeds,DEF,4.5,4.864,4.876,24.38,5,2.8,0.8,67.4,1.7,2.1,25.0,0.0,0.0,available,False
2026-08-28,2026-08-28T18:57:55Z,,Nathan Patterson,Everton,DEF,4.5,4.826,4.83,24.15,5,3.0,0.78,65.6,1.7,3.1,22.0,0.0,0.1,available,False
2026-08-28,2026-08-28T18:57:55Z,,Yehor Yarmoliuk,Brentford,MID,5.0,4.823,4.828,24.14,5,3.0,0.92,87.8,1.5,2.8,104.0,0.0,1.4,available,False
2026-08-28,2026-08-28T18:57:55Z,,Jack Grealish,Man City,MID,6.5,4.805,4.831,24.16,5,2.8,0.84,74.4,2.3,4.0,79.0,0.0,0.3,available,False
2026-08-28,2026-08-28T18:57:55Z,,Abdukodir Khusanov,Man City,DEF,5.5,4.805,4.818,24.09,5,2.8,0.89,90.0,2.5,3.2,67.0,0.0,2.0,available,False
2026-08-28,2026-08-28T18:57:55Z,,Mathias Jensen,Brentford,MID,5.5,4.802,4.808,24.04,5,3.0,0.9,84.6,2.0,2.7,98.0,0.0,0.1,available,False
2026-08-28,2026-08-28T18:57:55Z,,Jaidon Anthony,Brentford,MID,6.0,4.795,4.805,24.03,5,3.0,0.94,87.4,2.1,0.0,0.0,0.0,0.3,available,False
2026-08-28,2026-08-28T18:57:55Z,,Ryan Christie,Bournemouth,MID,5.0,4.787,4.76,23.8,5,3.6,0.0,60.4,0.0,1.8,47.0,0.0,0.1,suspended,True
2026-08-28,2026-08-28T18:57:55Z,,Kobbie Mainoo,Man Utd,MID,5.5,4.783,4.787,23.93,5,2.8,0.83,90.0,2.0,2.6,73.0,0.0,1.3,available,False
2026-08-28,2026-08-28T18:57:55Z,,Pascal Groß,Brighton,MID,5.5,4.782,4.791,23.96,5,3.0,0.96,90.0,2.0,4.1,78.0,0.0,2.0,available,False
2026-08-28,2026-08-28T18:57:55Z,,Conor Gallagher,Spurs,MID,5.5,4.782,4.805,24.03,5,2.8,0.8,87.0,2.0,2.8,44.0,0.0,0.2,available,False
2026-08-28,2026-08-28T18:57:55Z,,Zach Abbott,Nott'm Forest,DEF,4.0,4.776,4.781,23.91,5,3.0,0.5,60.5,1.0,1.0,3.0,0.0,0.2,available,False
2026-08-28,2026-08-28T18:57:55Z,,Leny Yoro,Man Utd,DEF,5.0,4.774,4.777,23.89,5,2.8,0.73,75.4,2.2,1.8,56.0,0.0,0.6,available,False
2026-08-28,2026-08-28T18:57:55Z,,Granit Xhaka,Sunderland,MID,5.5,4.756,4.733,23.67,5,3.2,0.98,90.0,2.0,3.6,124.0,0.0,6.5,available,False
2026-08-28,2026-08-28T18:57:55Z,,Amadou Onana,Aston Villa,MID,5.0,4.75,4.745,23.72,5,3.0,0.0,90.0,0.0,3.0,76.0,0.0,0.0,injured,True
2026-08-28,2026-08-28T18:57:55Z,,Ferdi Kadıoğlu,Brighton,DEF,4.5,4.747,4.752,23.76,5,3.0,0.97,90.0,1.7,3.2,118.0,0.0,3.1,available,False
2026-08-28,2026-08-28T18:57:55Z,,Joško Gvardiol,Man City,DEF,5.5,4.746,4.763,23.82,5,2.8,0.86,64.4,2.5,4.4,79.0,0.0,6.5,available,False
2026-08-28,2026-08-28T18:57:55Z,,Rico Henry,Brentford,DEF,4.5,4.722,4.726,23.63,5,3.0,0.83,88.6,1.7,2.1,52.0,0.0,0.2,available,False
2026-08-28,2026-08-28T18:57:55Z,,Joe Rodon,Leeds,DEF,4.5,4.721,4.734,23.67,5,2.8,0.87,81.0,1.7,3.1,109.0,0.0,2.3,available,False
2026-08-28,2026-08-28T18:57:55Z,,Chadi Riad,Crystal Palace,DEF,4.5,4.717,4.713,23.57,5,3.0,0.73,68.8,1.7,2.2,20.0,0.0,0.1,available,False
2026-08-28,2026-08-28T18:57:55Z,,Nicolas Jackson,Chelsea,FWD,6.5,4.714,4.707,23.53,5,3.0,0.85,74.2,2.1,0.0,0.0,0.0,0.4,available,False
2026-08-28,2026-08-28T18:57:55Z,,Riccardo Calafiori,Arsenal,DEF,5.5,4.71,4.694,23.47,5,3.2,0.85,61.4,2.5,4.2,109.0,0.0,13.1,available,False
2026-08-28,2026-08-28T18:57:55Z,,Reece James,Chelsea,DEF,5.5,4.71,4.707,23.54,5,3.0,0.79,77.2,2.5,4.0,115.0,0.0,8.1,available,False
2026-08-28,2026-08-28T18:57:55Z,,Evanilson,Bournemouth,FWD,6.0,4.696,4.654,23.27,5,3.6,0.95,78.2,2.0,3.2,115.0,0.0,1.9,available,False
2026-08-28,2026-08-28T18:57:55Z,,Micky van de Ven,Spurs,DEF,5.0,4.695,4.71,23.55,5,2.8,1.0,90.0,2.2,3.3,116.0,0.0,6.0,available,False
2026-08-28,2026-08-28T18:57:55Z,,Brian Brobbey,Sunderland,FWD,6.0,4.683,4.652,23.26,5,3.2,0.88,82.6,2.0,3.0,92.0,0.0,22.6,available,False
2026-08-28,2026-08-28T18:57:55Z,,Morato,Nott'm Forest,DEF,5.0,4.668,4.673,23.37,5,3.0,0.68,64.2,2.2,2.5,53.0,0.0,0.1,available,False
2026-08-28,2026-08-28T18:57:55Z,,Ibrahim Sangaré,Nott'm Forest,MID,5.0,4.653,4.659,23.29,5,3.0,0.85,67.0,1.5,3.2,89.0,0.0,0.4,available,False
2026-08-28,2026-08-28T18:57:55Z,,Trevoh Chalobah,Chelsea,DEF,5.5,4.639,4.636,23.18,5,3.0,0.87,75.2,2.5,4.0,136.0,0.0,2.1,available,False
2026-08-28,2026-08-28T18:57:55Z,,Axel Disasi,Chelsea,DEF,4.5,4.637,4.634,23.17,5,3.0,1.0,89.0,1.7,0.0,0.0,0.0,0.1,available,False
2026-08-28,2026-08-28T18:57:55Z,,Curtis Jones,Liverpool,MID,5.5,4.607,4.62,23.1,5,2.6,0.81,89.4,2.0,2.4,81.0,0.0,0.1,available,False
2026-08-28,2026-08-28T18:57:55Z,,Diego Coppola,Brighton,DEF,4.5,4.605,4.609,23.04,5,3.0,0.68,75.0,1.7,2.0,10.0,0.0,0.0,available,False
2026-08-28,2026-08-28T18:57:55Z,,Nikola Milenković,Nott'm Forest,DEF,5.5,4.587,4.593,22.96,5,3.0,0.87,81.0,2.5,3.1,119.0,0.0,2.3,available,False
2026-08-28,2026-08-28T18:57:55Z,,Leif Davis,Ipswich Town,DEF,4.0,4.569,4.555,22.77,5,3.2,1.0,72.8,1.0,0.0,0.0,0.0,4.3,available,False
2026-08-28,2026-08-28T18:57:55Z,,Ollie Watkins,Aston Villa,FWD,8.0,4.568,4.552,22.76,5,3.0,0.84,74.0,2.5,4.5,167.0,0.0,12.4,available,False
2026-08-28,2026-08-28T18:57:55Z,,Eberechi Eze,Arsenal,MID,6.5,4.552,4.518,22.59,5,3.2,0.88,69.0,2.3,3.4,113.0,0.0,3.3,available,False
2026-08-28,2026-08-28T18:57:55Z,,Kevin Schade,Brentford,MID,6.0,4.538,4.545,22.73,5,3.0,0.84,72.0,2.1,3.6,125.0,0.0,2.1,available,False
2026-08-28,2026-08-28T18:57:55Z,,Lewis Cook,Bournemouth,MID,5.0,4.531,4.512,22.56,5,3.6,0.69,74.0,1.5,2.2,40.0,0.0,0.1,available,False
2026-08-28,2026-08-28T18:57:55Z,,Luca Netz,Nott'm Forest,DEF,4.5,4.512,4.518,22.59,5,3.0,0.62,62.8,1.7,1.6,11.0,0.0,0.0,available,False
2026-08-28,2026-08-28T18:57:55Z,,Veljko Milosavljević,Bournemouth,DEF,5.0,4.504,4.486,22.43,5,3.6,0.75,70.75,2.2,2.7,19.0,0.0,0.1,available,False
2026-08-28,2026-08-28T18:57:55Z,,Morgan Gibbs-White,Nott'm Forest,MID,8.0,4.475,4.489,22.44,5,3.0,0.86,74.8,2.8,5.1,188.0,0.0,12.8,available,False
2026-08-28,2026-08-28T18:57:55Z,,Sander Berge,Fulham,MID,5.0,4.424,4.4,22.0,5,3.6,0.99,78.6,1.5,2.6,91.0,0.0,0.4,available,False
2026-08-28,2026-08-28T18:57:55Z,,Harry Wilson,Leeds,MID,6.5,4.401,4.437,22.18,5,2.8,0.85,63.4,2.3,4.7,168.0,0.0,9.2,available,False
2026-08-28,2026-08-28T18:57:55Z,,Noah Sadiki,Sunderland,MID,5.0,4.399,4.384,21.92,5,3.2,1.0,83.8,1.5,2.4,80.0,0.0,0.5,available,False
2026-08-28,2026-08-28T18:57:55Z,,Ismaïla Sarr,Crystal Palace,MID,6.5,4.398,4.383,21.92,5,3.0,0.7,68.8,2.3,4.2,117.0,0.0,11.4,available,False
2026-08-28,2026-08-28T18:57:55Z,,James Maddison,Spurs,MID,6.5,4.376,4.405,22.02,5,2.8,0.48,61.8,2.3,1.0,3.0,0.0,2.6,available,False
2026-08-28,2026-08-28T18:57:55Z,,Kasey McAteer,Ipswich Town,MID,4.5,4.363,4.347,21.74,5,3.2,0.68,75.0,1.0,0.0,0.0,0.0,2.1,available,False
2026-08-28,2026-08-28T18:57:55Z,,Merlin Röhl,Everton,MID,5.0,4.358,4.363,21.81,5,3.0,0.61,72.0,1.5,2.2,36.0,0.0,0.1,available,False
2026-08-28,2026-08-28T18:57:55Z,,Rayan,Bournemouth,MID,6.5,4.351,4.313,21.57,5,3.6,0.82,70.0,2.3,4.5,67.0,0.0,3.5,available,False
2026-08-28,2026-08-28T18:57:55Z,,Kalvin Phillips,Man City,MID,5.0,4.332,4.344,21.72,5,2.8,0.93,87.2,1.5,0.0,0.0,0.0,0.0,available,False
2026-08-28,2026-08-28T18:57:55Z,,Saša Lukić,Fulham,MID,5.0,4.292,4.266,21.33,5,3.6,0.78,81.0,1.5,2.6,67.0,0.0,0.1,available,False
2026-08-28,2026-08-28T18:57:55Z,,Dwight McNeil,Everton,MID,5.5,4.288,4.293,21.47,5,3.0,0.87,81.0,2.0,2.4,53.0,0.0,0.1,available,False
2026-08-28,2026-08-28T18:57:55Z,,Pau Torres,Aston Villa,DEF,4.5,4.272,4.267,21.34,5,3.0,0.96,90.0,1.7,3.0,64.0,0.0,0.2,available,False
2026-08-28,2026-08-28T18:57:55Z,,Brenden Aaronson,Leeds,MID,5.5,4.247,4.266,21.33,5,2.8,0.81,60.6,2.0,3.4,126.0,0.0,0.6,available,False
2026-08-28,2026-08-28T18:57:55Z,,Rayan Cherki,Man City,MID,7.5,4.236,4.304,21.52,5,2.8,0.61,57.0,2.6,4.1,135.0,0.0,9.9,available,False
2026-08-28,2026-08-28T18:57:55Z,,Carlos Baleba,Brighton,MID,5.0,4.231,4.236,21.18,5,3.0,0.8,68.6,1.5,1.8,56.0,0.0,0.6,available,False
2026-08-28,2026-08-28T18:57:55Z,,Bafodé Diakité,Bournemouth,DEF,5.0,4.227,4.208,21.04,5,3.6,0.86,65.8,2.2,2.6,46.0,0.0,0.2,available,False
2026-08-28,2026-08-28T18:57:55Z,,Rodrigo,Man City,MID,6.5,4.226,4.269,21.35,5,2.8,0.0,59.4,0.0,3.3,69.0,0.0,0.1,injured,True
2026-08-28,2026-08-28T18:57:55Z,,Emile Smith Rowe,Fulham,MID,5.5,4.22,4.193,20.96,5,3.6,0.84,69.0,2.0,2.2,80.0,0.0,0.4,available,False
2026-08-28,2026-08-28T18:57:55Z,,Daichi Kamada,Crystal Palace,MID,5.0,4.196,4.191,20.96,5,3.0,0.79,66.0,1.5,2.4,67.0,0.0,0.3,available,False
2026-08-28,2026-08-28T18:57:55Z,,Bryan Mbeumo,Man Utd,MID,8.0,4.183,4.194,20.97,5,2.8,0.86,66.2,2.8,4.5,148.0,0.0,13.3,available,False
2026-08-28,2026-08-28T18:57:55Z,,Justin Devenny,Crystal Palace,MID,5.0,4.177,4.173,20.86,5,3.0,0.5,63.8,1.5,1.7,36.0,0.0,0.0,available,False
2026-08-28,2026-08-28T18:57:55Z,,Brennan Johnson,Crystal Palace,MID,6.0,4.175,4.166,20.83,5,3.0,0.85,76.4,2.1,1.9,65.0,0.0,0.2,available,False
2026-08-28,2026-08-28T18:57:55Z,,Keane Lewis-Potter,Brentford,MID,5.5,4.172,4.177,20.88,5,3.0,0.87,89.8,2.0,3.2,115.0,0.0,0.6,available,False
2026-08-28,2026-08-28T18:57:55Z,,Vitaly Janelt,Brentford,MID,5.0,4.155,4.16,20.8,5,3.0,0.72,63.4,1.5,3.0,74.0,0.0,0.1,available,False
2026-08-28,2026-08-28T18:57:55Z,,Adam Wharton,Crystal Palace,MID,5.5,4.147,4.141,20.7,5,3.0,0.53,69.0,1.5,3.3,112.0,0.0,0.2,doubtful,False
2026-08-28,2026-08-28T18:57:55Z,,Murillo,Nott'm Forest,DEF,5.5,4.143,4.149,20.75,5,3.0,0.75,90.0,1.9,3.3,83.0,0.0,0.2,doubtful,False
2026-08-28,2026-08-28T18:57:55Z,,Adam Smith,Bournemouth,DEF,4.5,4.139,4.12,20.6,5,3.6,0.8,69.2,1.7,2.6,58.0,0.0,0.1,available,False
2026-08-28,2026-08-28T18:57:55Z,,Ben Johnson,Ipswich Town,DEF,4.0,4.121,4.109,20.54,5,3.2,0.87,79.2,1.0,0.0,0.0,0.0,0.2,available,False
2026-08-28,2026-08-28T18:57:55Z,,Igor Jesus,Nott'm Forest,FWD,6.0,4.113,4.123,20.61,5,3.0,0.79,64.8,2.0,3.1,114.0,0.0,3.9,available,False
2026-08-28,2026-08-28T18:57:55Z,,Nicolò Savona,Nott'm Forest,DEF,4.5,4.09,4.096,20.48,5,3.0,0.0,79.2,0.0,2.8,39.0,0.0,0.0,injured,True
2026-08-28,2026-08-28T18:57:55Z,,William Osula,Newcastle,FWD,6.0,4.034,4.042,20.21,5,3.0,0.74,76.0,2.0,3.2,76.0,0.0,2.4,available,False
2026-08-28,2026-08-28T18:57:55Z,,Kristoffer Ajer,Brentford,DEF,4.5,4.012,4.016,20.08,5,3.0,0.54,55.4,1.7,2.8,76.0,0.0,0.5,available,False
2026-08-28,2026-08-28T18:57:55Z,,Cristhian Mosquera,Arsenal,DEF,5.5,3.993,3.981,19.91,5,3.2,0.43,47.0,2.5,2.0,40.0,0.0,16.8,available,False
2026-08-28,2026-08-28T18:57:55Z,,Tetê,Fulham,DEF,4.5,3.991,3.94,19.7,5,3.6,0.69,51.0,1.7,3.7,81.0,0.0,0.2,available,False
2026-08-28,2026-08-28T18:57:55Z,,Ian Maatsen,Aston Villa,DEF,4.5,3.983,3.978,19.89,5,3.0,0.61,52.0,1.7,1.8,54.0,0.0,0.6,available,False
2026-08-28,2026-08-28T18:57:55Z,,Alex Iwobi,Fulham,MID,5.5,3.974,3.932,19.66,5,3.6,1.0,76.0,2.0,3.6,103.0,0.0,0.9,available,False
2026-08-28,2026-08-28T18:57:55Z,,Luke O'Nien,Sunderland,DEF,4.0,3.962,3.95,19.75,5,3.2,0.56,72.6,1.0,2.2,26.0,0.0,2.3,available,False
2026-08-28,2026-08-28T18:57:55Z,,Tyrone Mings,Aston Villa,DEF,4.5,3.959,3.954,19.77,5,3.0,0.95,90.0,1.7,2.9,50.0,0.0,0.2,available,False
2026-08-28,2026-08-28T18:57:55Z,,Luke Woolfenden,Coventry City,DEF,4.0,3.958,3.941,19.71,5,3.4,0.67,72.0,1.0,0.0,0.0,0.0,0.3,available,False
2026-08-28,2026-08-28T18:57:55Z,,Sandro Tonali,Spurs,MID,5.5,3.865,3.883,19.41,5,2.8,0.98,89.0,2.0,2.3,81.0,0.0,3.0,available,False
2026-08-28,2026-08-28T18:57:55Z,,Tim Iroegbunam,Everton,MID,5.0,3.83,3.834,19.17,5,3.0,0.62,58.6,1.5,2.3,68.0,0.0,0.1,available,False
2026-08-28,2026-08-28T18:57:55Z,,Lucas Digne,Aston Villa,DEF,4.5,3.822,3.816,19.08,5,3.0,0.63,58.8,1.7,3.1,97.0,0.0,1.4,available,False
2026-08-28,2026-08-28T18:57:55Z,,Wes Burns,Ipswich Town,MID,5.0,3.813,3.802,19.01,5,3.2,0.77,65.8,1.5,0.0,0.0,0.0,0.1,available,False
2026-08-28,2026-08-28T18:57:55Z,,Issa Diop,Ipswich Town,DEF,4.0,3.805,3.793,18.97,5,3.2,0.76,81.0,1.0,2.4,31.0,0.0,21.4,available,False
2026-08-28,2026-08-28T18:57:55Z,,Lamare Bogarde,Aston Villa,MID,5.0,3.786,3.782,18.91,5,3.0,0.55,61.8,1.5,1.4,40.0,0.0,0.1,available,False
2026-08-28,2026-08-28T18:57:55Z,,Dejan Kulusevski,Spurs,MID,6.5,3.736,3.764,18.82,5,2.8,0.0,48.2,0.0,0.0,0.0,0.0,0.0,injured,True
2026-08-28,2026-08-28T18:57:55Z,,Danny Welbeck,Brighton,FWD,6.0,3.73,3.74,18.7,5,3.0,0.77,61.6,2.0,3.4,126.0,0.0,3.0,available,False
2026-08-28,2026-08-28T18:57:55Z,,Mamadou Sarr,Chelsea,DEF,4.5,3.722,3.72,18.6,5,3.0,1.0,81.0,1.7,1.0,3.0,0.0,0.1,available,False
2026-08-28,2026-08-28T18:57:55Z,,Noah Okafor,Leeds,MID,6.0,3.722,3.775,18.88,5,2.8,0.64,52.2,2.1,3.9,109.0,0.0,0.9,available,False
2026-08-28,2026-08-28T18:57:55Z,,Myles Lewis-Skelly,Arsenal,MID,5.5,3.612,3.6,18.0,5,3.2,0.46,64.0,2.0,1.4,29.0,0.0,0.3,available,False
2026-08-28,2026-08-28T18:57:55Z,,John McGinn,Aston Villa,MID,5.5,3.59,3.581,17.91,5,3.0,0.99,83.6,2.0,3.4,103.0,0.0,2.7,available,False
2026-08-28,2026-08-28T18:57:55Z,,Omar Marmoush,Man City,FWD,7.0,3.583,3.617,18.08,5,2.8,0.55,49.6,2.2,2.7,56.0,0.0,0.6,available,False
2026-08-28,2026-08-28T18:57:55Z,,Chris Rigg,Sunderland,MID,5.0,3.578,3.563,17.82,5,3.2,0.97,74.0,1.5,2.0,36.0,0.0,0.1,available,False
2026-08-28,2026-08-28T18:57:55Z,,Simon Adingra,Sunderland,MID,5.0,3.576,3.56,17.8,5,3.2,0.75,60.8,1.5,2.4,34.0,0.0,0.4,available,False
2026-08-28,2026-08-28T18:57:55Z,,Tyler Adams,Bournemouth,MID,5.0,3.516,3.496,17.48,5,3.6,0.57,49.6,1.5,3.1,77.0,0.0,0.7,available,False
2026-08-28,2026-08-28T18:57:55Z,,Tyler Fredricson,Man Utd,DEF,4.0,3.506,3.509,17.55,5,2.8,0.6,83.0,1.0,1.0,1.0,0.0,0.1,available,False
2026-08-28,2026-08-28T18:57:55Z,,Benjamin Šeško,Man Utd,FWD,7.0,3.504,3.518,17.59,5,2.8,0.44,58.4,1.7,3.7,111.0,0.0,3.2,doubtful,False
2026-08-28,2026-08-28T18:57:55Z,,Kai Havertz,Arsenal,FWD,7.5,3.498,3.465,17.33,5,3.2,0.73,54.8,2.3,3.0,36.0,0.0,4.3,available,False
2026-08-28,2026-08-28T18:57:55Z,,Caoimhin Kelleher,Brentford,GKP,5.0,3.488,3.491,17.46,5,3.0,1.0,90.0,2.6,3.9,143.0,0.0,5.6,available,False
2026-08-28,2026-08-28T18:57:55Z,,Victor Lindelöf,Aston Villa,DEF,4.5,3.478,3.474,17.37,5,3.0,0.75,62.4,1.7,1.7,29.0,0.0,0.2,available,False
2026-08-28,2026-08-28T18:57:55Z,,Hákon Rafn Valdimarsson,Brentford,GKP,4.5,3.471,3.474,17.37,5,3.0,0.3,72.0,2.0,1.0,1.0,0.0,0.1,available,False
2026-08-28,2026-08-28T18:57:55Z,,Jack Hinshelwood,Brighton,MID,6.0,3.459,3.466,17.33,5,3.0,0.9,84.4,2.1,3.4,91.0,0.0,0.3,available,False
2026-08-28,2026-08-28T18:57:55Z,,Jørgen Strand Larsen,Crystal Palace,FWD,6.0,3.397,3.388,16.94,5,3.0,0.65,48.2,2.0,2.1,75.0,0.0,0.6,available,False
2026-08-28,2026-08-28T18:57:55Z,,Jeremie Frimpong,Liverpool,DEF,5.5,3.392,3.41,17.05,5,2.6,0.6,56.8,2.5,3.0,63.0,0.0,3.0,available,False
2026-08-28,2026-08-28T18:57:55Z,,Nilson Angulo,Sunderland,MID,5.0,3.378,3.364,16.82,5,3.2,0.59,52.0,1.5,1.6,13.0,0.0,0.1,available,False
2026-08-28,2026-08-28T18:57:55Z,,Giorgi Mamardashvili,Liverpool,GKP,5.0,3.361,3.371,16.85,5,2.6,1.0,83.6,2.6,3.4,34.0,0.0,0.2,available,False
2026-08-28,2026-08-28T18:57:55Z,,Alex Murphy,Newcastle,DEF,4.0,3.349,3.353,16.77,5,3.0,0.48,81.6,1.0,1.0,2.0,0.0,0.8,available,False
2026-08-28,2026-08-28T18:57:55Z,,Freddie Woodman,Liverpool,GKP,4.0,3.342,3.352,16.76,5,2.6,0.68,78.4,1.0,2.0,6.0,0.0,1.3,available,False
2026-08-28,2026-08-28T18:57:55Z,,Liam Delap,Chelsea,FWD,5.5,3.33,3.326,16.63,5,3.0,0.54,61.8,1.8,1.6,45.0,0.0,0.5,available,False
2026-08-28,2026-08-28T18:57:55Z,,Jacob Ramsey,Newcastle,MID,5.0,3.302,3.307,16.54,5,3.0,0.58,57.4,1.5,2.2,62.0,0.0,0.5,available,False
2026-08-28,2026-08-28T18:57:55Z,,James Trafford,Man City,GKP,5.0,3.296,3.307,16.53,5,2.8,1.0,90.0,2.6,3.2,13.0,0.0,0.9,available,False
2026-08-28,2026-08-28T18:57:55Z,,Altay Bayındır,Man Utd,GKP,4.5,3.283,3.286,16.43,5,2.8,1.0,90.0,2.0,1.8,11.0,0.0,0.2,available,False
2026-08-28,2026-08-28T18:57:55Z,,Karl Darlow,Man Utd,GKP,4.5,3.278,3.281,16.4,5,2.8,0.75,90.0,1.5,3.2,71.0,0.0,0.1,doubtful,False
2026-08-28,2026-08-28T18:57:55Z,,Antonín Kinský,Spurs,GKP,4.5,3.276,3.286,16.43,5,2.8,1.0,90.0,2.0,2.9,20.0,0.0,16.6,available,False
2026-08-28,2026-08-28T18:57:55Z,,Senne Lammens,Man Utd,GKP,5.0,3.269,3.272,16.36,5,2.8,1.0,90.0,2.6,3.4,109.0,0.0,20.1,available,False
2026-08-28,2026-08-28T18:57:55Z,,Martin Dúbravka,Spurs,GKP,4.0,3.269,3.279,16.39,5,2.8,1.0,90.0,1.0,2.7,96.0,0.0,24.8,available,False
2026-08-28,2026-08-28T18:57:55Z,,Guglielmo Vicario,Spurs,GKP,4.5,3.267,3.277,16.39,5,2.8,1.0,90.0,2.0,2.9,90.0,0.0,1.7,available,False
2026-08-28,2026-08-28T18:57:55Z,,Gianluigi Donnarumma,Man City,GKP,5.5,3.265,3.276,16.38,5,2.8,1.0,90.0,3.3,4.0,135.0,0.0,11.2,available,False
2026-08-28,2026-08-28T18:57:55Z,,Chemsdine Talbi,Sunderland,MID,5.5,3.238,3.215,16.08,5,3.2,0.74,74.0,2.0,3.0,83.0,0.0,0.2,available,False
2026-08-28,2026-08-28T18:57:55Z,,Archie Gray,Spurs,MID,5.0,3.228,3.241,16.21,5,2.8,0.94,83.0,1.5,2.5,61.0,0.0,0.2,available,False
2026-08-28,2026-08-28T18:57:55Z,,Martin Ødegaard,Arsenal,MID,6.5,3.215,3.169,15.85,5,3.2,0.51,52.2,2.3,3.1,74.0,0.0,2.9,available,False
2026-08-28,2026-08-28T18:57:55Z,,Dean Henderson,Crystal Palace,GKP,5.0,3.209,3.206,16.03,5,3.0,1.0,90.0,2.6,3.5,131.0,0.0,3.1,available,False
2026-08-28,2026-08-28T18:57:55Z,,Mark Travers,Everton,GKP,5.0,3.208,3.211,16.06,5,3.0,1.0,90.0,2.6,0.0,0.0,0.0,0.1,available,False
2026-08-28,2026-08-28T18:57:55Z,,Bart Verbruggen,Brighton,GKP,4.5,3.206,3.209,16.05,5,3.0,1.0,90.0,2.0,3.4,130.0,0.0,16.9,available,False
2026-08-28,2026-08-28T18:57:55Z,,Nick Pope,Newcastle,GKP,5.0,3.204,3.207,16.04,5,3.0,1.0,90.0,2.6,3.6,96.0,0.0,1.0,available,False
2026-08-28,2026-08-28T18:57:55Z,,Loum Tchaouna,Coventry City,MID,5.5,3.197,3.165,15.83,5,3.4,0.68,70.0,2.0,0.0,0.0,0.0,0.1,available,False
2026-08-28,2026-08-28T18:57:55Z,,Jason Steele,Brighton,GKP,4.0,3.193,3.196,15.98,5,3.0,1.0,90.0,1.0,0.0,0.0,0.0,5.4,available,False
2026-08-28,2026-08-28T18:57:55Z,,Marco Bizot,Aston Villa,GKP,4.5,3.193,3.189,15.95,5,3.0,0.81,81.0,2.0,2.3,16.0,0.0,0.1,available,False
2026-08-28,2026-08-28T18:57:55Z,,Jordan Pickford,Everton,GKP,5.5,3.19,3.193,15.97,5,3.0,1.0,90.0,3.3,3.6,135.0,0.0,9.0,available,False
2026-08-28,2026-08-28T18:57:55Z,,Noni Madueke,Arsenal,MID,6.5,3.187,3.168,15.84,5,3.2,0.61,47.0,2.3,2.8,72.0,0.0,0.4,available,False
2026-08-28,2026-08-28T18:57:55Z,,Matz Sels,Nott'm Forest,GKP,5.0,3.187,3.192,15.96,5,3.0,0.99,90.0,2.6,3.4,105.0,0.0,1.4,available,False
2026-08-28,2026-08-28T18:57:55Z,,Robin Roefs,Sunderland,GKP,5.0,3.17,3.161,15.8,5,3.2,1.0,90.0,2.6,3.9,136.0,0.0,5.8,available,False
2026-08-28,2026-08-28T18:57:55Z,,Melker Ellborg,Sunderland,GKP,4.5,3.164,3.155,15.77,5,3.2,1.0,90.0,2.0,5.3,16.0,0.0,0.1,available,False
2026-08-28,2026-08-28T18:57:55Z,,Evann Guessand,Aston Villa,MID,5.5,3.156,3.149,15.74,5,3.0,0.56,53.0,2.0,2.1,44.0,0.0,0.0,available,False
2026-08-28,2026-08-28T18:57:55Z,,Alex Palmer,Ipswich Town,GKP,4.0,3.151,3.142,15.71,5,3.2,1.0,90.0,1.0,0.0,0.0,0.0,6.5,available,False
2026-08-28,2026-08-28T18:57:55Z,,Illan Meslier,Arsenal,GKP,5.0,3.148,3.139,15.69,5,3.2,1.0,90.0,2.6,0.0,0.0,0.0,0.1,available,False
2026-08-28,2026-08-28T18:57:55Z,,Christian Walton,Ipswich Town,GKP,4.5,3.141,3.132,15.66,5,3.2,1.0,90.0,2.0,0.0,0.0,0.0,0.7,available,False
2026-08-28,2026-08-28T18:57:55Z,,Habib Diarra,Sunderland,MID,5.5,3.138,3.114,15.57,5,3.2,0.68,55.2,2.0,3.2,65.0,0.0,0.1,available,False
2026-08-28,2026-08-28T18:57:55Z,,Chiedozie Ogbene,Ipswich Town,MID,5.0,3.11,3.097,15.48,5,3.2,0.65,54.4,1.5,0.0,0.0,0.0,0.0,available,False
2026-08-28,2026-08-28T18:57:55Z,,Wilson Odobert,Spurs,MID,5.5,3.072,3.106,15.53,5,2.8,0.0,53.2,0.0,1.9,46.0,0.0,0.0,injured,True
2026-08-28,2026-08-28T18:57:55Z,,Rio Ngumoha,Liverpool,MID,6.0,3.06,3.082,15.41,5,2.6,0.45,51.8,2.1,2.3,43.0,0.0,1.6,available,False
2026-08-28,2026-08-28T18:57:55Z,,Bernd Leno,Fulham,GKP,4.5,3.033,3.016,15.08,5,3.6,1.0,90.0,2.0,3.2,122.0,0.0,3.2,available,False
2026-08-28,2026-08-28T18:57:55Z,,Fraser Forster,Bournemouth,GKP,4.0,3.028,3.012,15.06,5,3.6,1.0,90.0,1.0,0.0,0.0,0.0,3.2,available,False
2026-08-28,2026-08-28T18:57:55Z,,Đorđe Petrović,Bournemouth,GKP,4.5,3.025,3.009,15.05,5,3.6,1.0,90.0,2.0,3.3,124.0,0.0,3.5,available,False
2026-08-28,2026-08-28T18:57:55Z,,Harrison Armstrong,Everton,MID,5.0,2.935,2.939,14.69,5,3.0,0.65,52.6,1.5,1.6,21.0,0.0,0.1,available,False
2026-08-28,2026-08-28T18:57:55Z,,Omari Hutchinson,Nott'm Forest,MID,5.5,2.923,2.931,14.65,5,3.0,0.59,52.2,2.0,2.6,82.0,0.0,0.2,available,False
2026-08-28,2026-08-28T18:57:55Z,,Miloš Kerkez,Liverpool,DEF,5.5,2.912,2.926,14.63,5,2.6,0.57,47.8,2.5,2.5,85.0,0.0,6.3,available,False
2026-08-28,2026-08-28T18:57:55Z,,Mason Mount,Man Utd,MID,5.5,2.895,2.899,14.49,5,2.8,0.62,54.0,2.0,2.5,58.0,0.0,0.1,available,False
2026-08-28,2026-08-28T18:57:55Z,,Borna Sosa,Crystal Palace,DEF,4.5,2.886,2.882,14.41,5,3.0,0.36,58.4,1.7,0.9,6.0,0.0,0.1,available,False
2026-08-28,2026-08-28T18:57:55Z,,Will Hughes,Crystal Palace,MID,4.5,2.754,2.75,13.75,5,3.0,0.74,53.0,1.0,1.5,45.0,0.0,10.1,available,False
2026-08-28,2026-08-28T18:57:55Z,,Justin Kluivert,Bournemouth,MID,6.0,2.746,2.7,13.5,5,3.6,0.58,57.2,2.1,2.0,41.0,0.0,0.8,available,False
2026-08-28,2026-08-28T18:57:55Z,,Chris Wood,Nott'm Forest,FWD,6.0,2.735,2.748,13.74,5,3.0,0.65,55.0,2.0,2.7,41.0,0.0,1.8,available,False
2026-08-28,2026-08-28T18:57:55Z,,Estêvão,Chelsea,MID,6.5,2.707,2.703,13.51,5,3.0,0.69,54.0,2.3,2.6,58.0,0.0,1.4,available,False
2026-08-28,2026-08-28T18:57:55Z,,Joe Willock,Newcastle,MID,5.0,2.702,2.708,13.54,5,3.0,0.54,58.6,1.5,1.6,38.0,0.0,0.1,available,False
2026-08-28,2026-08-28T18:57:55Z,,Ross Barkley,Aston Villa,MID,5.0,2.685,2.678,13.39,5,3.0,0.49,59.2,1.5,2.7,56.0,0.0,0.2,available,False
2026-08-28,2026-08-28T18:57:55Z,,Amad Diallo,Man Utd,MID,6.0,2.626,2.632,13.16,5,2.8,0.7,53.0,2.1,2.8,91.0,0.0,1.5,available,False
2026-08-28,2026-08-28T18:57:55Z,,Tyler Dibling,Everton,MID,5.5,2.582,2.586,12.93,5,3.0,0.54,51.4,2.0,1.3,18.0,0.0,0.1,available,False
2026-08-28,2026-08-28T18:57:55Z,,Neto,Chelsea,MID,6.5,2.574,2.572,12.86,5,3.0,1.0,90.0,2.3,3.7,125.0,0.0,1.2,available,False
2026-08-28,2026-08-28T18:57:55Z,,Viktor Gyökeres,Arsenal,FWD,7.5,2.555,2.528,12.64,5,3.2,0.54,48.2,2.3,3.6,128.0,0.0,13.9,available,False
2026-08-28,2026-08-28T18:57:55Z,,Jacob Murphy,Newcastle,MID,6.0,2.449,2.455,12.28,5,3.0,0.59,47.6,2.1,2.5,82.0,0.0,0.2,available,False
2026-08-28,2026-08-28T18:57:55Z,,Matt Targett,Hull City,DEF,4.0,2.386,2.374,11.87,5,3.2,0.36,49.8,1.0,0.0,0.0,0.0,1.7,available,False
2026-08-28,2026-08-28T18:57:55Z,,Harvey Barnes,Newcastle,MID,6.0,2.365,2.374,11.87,5,3.0,0.46,48.0,2.1,2.9,106.0,0.0,1.0,available,False
2026-08-28,2026-08-28T18:57:55Z,,Callum Hudson-Odoi,Nott'm Forest,MID,6.0,2.355,2.364,11.82,5,3.0,0.57,56.4,1.6,2.9,88.0,0.0,0.0,doubtful,False
2026-08-28,2026-08-28T18:57:55Z,,Dilane Bakwa,Nott'm Forest,MID,5.5,2.331,2.34,11.7,5,3.0,0.52,45.8,2.0,1.9,26.0,0.0,0.0,available,False
2026-08-28,2026-08-28T18:57:55Z,,Ilia Gruev,Leeds,MID,5.0,2.236,2.25,11.25,5,2.8,0.65,57.6,1.5,2.4,56.0,0.0,0.0,available,False
2026-08-28,2026-08-28T18:57:55Z,,Jordan Henderson,Brentford,MID,5.0,2.16,2.164,10.82,5,3.0,0.49,56.0,1.1,2.4,76.0,0.0,0.0,doubtful,False
2026-08-28,2026-08-28T18:57:55Z,,Jack Taylor,Ipswich Town,MID,4.5,2.159,2.147,10.73,5,3.2,0.42,58.6,1.0,0.0,0.0,0.0,0.5,available,False
2026-08-28,2026-08-28T18:57:55Z,,Ethan Nwaneri,Arsenal,MID,5.5,2.004,1.988,9.94,5,3.2,0.12,46.0,2.0,1.3,8.0,0.0,0.0,available,False
2026-08-28,2026-08-28T18:57:55Z,,Tom Cairney,Fulham,MID,5.0,1.884,1.86,9.3,5,3.6,0.47,51.2,1.5,1.7,41.0,0.0,0.0,available,False
2026-08-29,2026-08-29T12:48:39Z,,Bukayo Saka,Arsenal,MID,9.5,8.971,8.86,44.3,5,3.2,0.93,79.0,3.2,5.1,157.0,0.0,10.8,available,False
2026-08-29,2026-08-29T12:48:39Z,,Jérémy Doku,Man City,MID,7.5,7.594,7.691,38.45,5,2.8,0.74,75.4,2.6,4.0,120.0,0.0,6.6,available,False
2026-08-29,2026-08-29T12:48:39Z,,Hugo Ekitiké,Liverpool,FWD,7.5,7.286,7.376,36.88,5,2.6,0.0,86.8,0.0,4.5,125.0,0.0,0.2,injured,True
2026-08-29,2026-08-29T12:48:39Z,,Erling Haaland,Man City,FWD,15.5,6.594,6.684,33.42,5,2.8,0.99,90.0,4.0,6.8,239.0,0.0,74.9,available,False
2026-08-29,2026-08-29T12:48:39Z,,Cody Gakpo,Liverpool,MID,7.0,6.352,6.415,32.08,5,2.6,0.95,83.0,2.4,3.6,131.0,0.0,3.4,available,False
2026-08-29,2026-08-29T12:48:39Z,,Dominic Calvert-Lewin,Leeds,FWD,6.0,6.326,6.383,31.91,5,2.8,0.94,89.6,2.0,4.1,142.0,0.0,17.7,available,False
2026-08-29,2026-08-29T12:48:39Z,,João Pedro,Chelsea,FWD,7.5,6.163,6.154,30.77,5,3.0,0.95,85.8,2.3,5.1,177.0,0.0,48.8,available,False
2026-08-29,2026-08-29T12:48:39Z,,Pedro Porro,Spurs,DEF,5.5,6.076,6.1,30.5,5,2.8,0.98,90.0,2.5,3.4,117.0,0.0,23.9,available,False
2026-08-29,2026-08-29T12:48:39Z,,Richarlison,Spurs,FWD,6.0,6.017,6.065,30.32,5,2.8,0.73,76.0,2.0,3.7,119.0,0.0,1.6,available,False
2026-08-29,2026-08-29T12:48:39Z,,Cristian Romero,Spurs,DEF,5.0,5.913,5.927,29.63,5,2.8,0.98,68.6,2.2,4.0,91.0,0.0,1.0,available,False
2026-08-29,2026-08-29T12:48:39Z,,Rayan Aït-Nouri,Man City,DEF,5.5,5.887,5.908,29.54,5,2.8,0.82,63.6,2.5,3.5,60.0,0.0,1.0,available,False
2026-08-29,2026-08-29T12:48:39Z,,Cole Palmer,Chelsea,MID,9.5,5.877,5.865,29.32,5,3.0,0.97,89.8,3.2,4.4,114.0,0.0,13.2,available,False
2026-08-29,2026-08-29T12:48:39Z,,Sepp van den Berg,Brentford,DEF,5.0,5.814,5.818,29.09,5,3.0,0.99,90.0,2.2,3.5,113.0,0.0,0.7,available,False
2026-08-29,2026-08-29T12:48:39Z,,Dominik Szoboszlai,Liverpool,MID,7.0,5.81,5.853,29.27,5,2.6,1.0,90.0,2.4,4.4,160.0,0.0,45.6,available,False
2026-08-29,2026-08-29T12:48:39Z,,James Justin,Leeds,DEF,4.5,5.789,5.803,29.02,5,2.8,0.91,90.0,1.7,3.2,94.0,0.0,0.5,available,False
2026-08-29,2026-08-29T12:48:39Z,,Jan Paul van Hecke,Spurs,DEF,5.0,5.763,5.777,28.88,5,2.8,1.0,90.0,2.2,4.1,148.0,0.0,8.3,available,False
2026-08-29,2026-08-29T12:48:39Z,,Kevin Danso,Spurs,DEF,5.0,5.737,5.751,28.76,5,2.8,0.92,90.0,2.2,2.6,63.0,0.0,0.2,available,False
2026-08-29,2026-08-29T12:48:39Z,,Sven Botman,Newcastle,DEF,5.0,5.703,5.707,28.54,5,3.0,0.96,90.0,2.2,3.6,89.0,0.0,0.4,available,False
2026-08-29,2026-08-29T12:48:39Z,,Enzo Le Fée,Sunderland,MID,6.0,5.686,5.657,28.28,5,3.2,0.97,90.0,2.1,4.1,147.0,0.0,7.1,available,False
2026-08-29,2026-08-29T12:48:39Z,,Marc Guéhi,Man City,DEF,6.0,5.682,5.696,28.48,5,2.8,1.0,90.0,2.8,5.1,179.0,0.0,24.9,available,False
2026-08-29,2026-08-29T12:48:39Z,,Antoine Semenyo,Man City,MID,8.5,5.641,5.71,28.55,5,2.8,1.0,75.0,2.9,5.5,202.0,0.0,20.3,available,False
2026-08-29,2026-08-29T12:48:39Z,,Maxence Lacroix,Crystal Palace,DEF,6.0,5.634,5.629,28.15,5,3.0,1.0,90.0,2.8,4.4,154.0,0.0,12.2,available,False
2026-08-29,2026-08-29T12:48:39Z,,Luke Shaw,Man Utd,DEF,4.5,5.632,5.635,28.18,5,2.8,1.0,86.6,1.7,3.0,113.0,0.0,21.0,available,False
2026-08-29,2026-08-29T12:48:39Z,,Michael Kayode,Brentford,DEF,4.5,5.612,5.616,28.08,5,3.0,1.0,90.0,1.7,3.1,113.0,0.0,5.1,available,False
2026-08-29,2026-08-29T12:48:39Z,,Gabriel Gudmundsson,Leeds,DEF,4.5,5.576,5.59,27.95,5,2.8,0.99,80.6,1.7,2.1,68.0,0.0,0.6,available,False
2026-08-29,2026-08-29T12:48:39Z,,Matthijs de Ligt,Man Utd,DEF,5.0,5.562,5.566,27.83,5,2.8,0.0,90.0,0.0,3.3,43.0,0.0,0.0,injured,True
2026-08-29,2026-08-29T12:48:39Z,,James Hill,Bournemouth,DEF,5.5,5.547,5.526,27.63,5,3.6,0.92,90.0,2.5,3.8,110.0,0.0,1.5,available,False
2026-08-29,2026-08-29T12:48:39Z,,Jacob Greaves,Ipswich Town,DEF,4.0,5.53,5.518,27.59,5,3.2,1.0,90.0,1.0,0.0,0.0,0.0,0.5,available,False
2026-08-29,2026-08-29T12:48:39Z,,Anton Stach,Leeds,MID,6.0,5.512,5.535,27.68,5,2.8,0.99,86.4,2.1,4.7,137.0,0.0,1.5,available,False
2026-08-29,2026-08-29T12:48:39Z,,Neco Williams,Nott'm Forest,DEF,5.0,5.503,5.509,27.55,5,3.0,0.87,81.2,2.2,3.5,128.0,0.0,12.7,available,False
2026-08-29,2026-08-29T12:48:39Z,,Piero Hincapié,Arsenal,DEF,5.5,5.496,5.483,27.42,5,3.2,0.69,60.8,2.5,3.5,87.0,0.0,5.3,available,False
2026-08-29,2026-08-29T12:48:39Z,,Adrien Truffert,Bournemouth,DEF,5.5,5.473,5.449,27.24,5,3.6,1.0,90.0,2.5,4.3,165.0,0.0,4.7,available,False
2026-08-29,2026-08-29T12:48:39Z,,Antonee Robinson,Fulham,DEF,4.5,5.467,5.443,27.22,5,3.6,0.94,80.0,1.7,3.0,65.0,0.0,3.5,available,False
2026-08-29,2026-08-29T12:48:39Z,,Ola Aina,Nott'm Forest,DEF,4.5,5.457,5.463,27.31,5,3.0,1.0,89.8,1.7,3.7,67.0,0.0,5.0,available,False
2026-08-29,2026-08-29T12:48:39Z,,Declan Rice,Arsenal,MID,7.5,5.456,5.429,27.15,5,3.2,0.99,84.8,2.6,5.1,184.0,0.0,22.0,available,False
2026-08-29,2026-08-29T12:48:39Z,,Jaydee Canvot,Crystal Palace,DEF,5.0,5.441,5.437,27.18,5,3.0,0.92,90.0,2.2,3.6,72.0,0.0,0.4,available,False
2026-08-29,2026-08-29T12:48:39Z,,Tyrick Mitchell,Crystal Palace,DEF,4.5,5.436,5.432,27.16,5,3.0,0.87,72.0,1.7,3.6,135.0,0.0,7.4,available,False
2026-08-29,2026-08-29T12:48:39Z,,Ethan Pinnock,Brentford,DEF,4.5,5.423,5.427,27.13,5,3.0,1.0,80.8,1.7,3.5,14.0,0.0,0.1,available,False
2026-08-29,2026-08-29T12:48:39Z,,Jayden Bogle,Leeds,DEF,4.5,5.419,5.436,27.18,5,2.8,0.98,80.8,1.7,2.8,96.0,0.0,0.4,available,False
2026-08-29,2026-08-29T12:48:39Z,,Harry Maguire,Man Utd,DEF,5.0,5.419,5.423,27.11,5,2.8,0.94,87.6,2.2,3.9,90.0,0.0,6.9,available,False
2026-08-29,2026-08-29T12:48:39Z,,Nordi Mukiele,Sunderland,DEF,5.5,5.409,5.394,26.97,5,3.2,1.0,90.0,2.5,4.7,151.0,0.0,8.2,available,False
2026-08-29,2026-08-29T12:48:39Z,,Virgil van Dijk,Liverpool,DEF,6.5,5.408,5.427,27.13,5,2.6,1.0,90.0,3.1,4.6,175.0,0.0,15.5,available,False
2026-08-29,2026-08-29T12:48:39Z,,Calvin Bassey,Fulham,DEF,4.5,5.389,5.367,26.84,5,3.6,0.99,90.0,1.7,3.4,103.0,0.0,0.5,available,False
2026-08-29,2026-08-29T12:48:39Z,,Max Alleyne,Man City,DEF,5.0,5.387,5.4,27.0,5,2.8,0.95,90.0,2.2,2.5,5.0,0.0,0.1,available,False
2026-08-29,2026-08-29T12:48:39Z,,Conor Bradley,Liverpool,DEF,5.0,5.381,5.393,26.96,5,2.6,0.0,62.2,0.0,2.8,42.0,0.0,0.0,injured,True
2026-08-29,2026-08-29T12:48:39Z,,Michael Keane,Everton,DEF,5.0,5.376,5.38,26.9,5,3.0,0.85,75.2,2.2,4.0,131.0,0.0,1.5,available,False
2026-08-29,2026-08-29T12:48:39Z,,Yankuba Minteh,Brighton,MID,6.0,5.362,5.371,26.85,5,3.0,0.94,87.2,2.1,3.4,117.0,0.0,0.7,available,False
2026-08-29,2026-08-29T12:48:39Z,,Pascal Struijk,Brighton,DEF,5.0,5.342,5.346,26.73,5,3.0,1.0,83.2,2.2,3.2,108.0,0.0,0.5,available,False
2026-08-29,2026-08-29T12:48:39Z,,Jorrel Hato,Chelsea,DEF,4.5,5.34,5.338,26.69,5,3.0,0.83,90.0,1.7,0.9,19.0,0.0,1.6,available,False
2026-08-29,2026-08-29T12:48:39Z,,Elliot Anderson,Man City,MID,6.5,5.34,5.36,26.8,5,2.8,0.87,81.0,2.3,4.7,180.0,0.0,12.2,available,False
2026-08-29,2026-08-29T12:48:39Z,,Enzo Fernández,Chelsea,MID,7.0,5.338,5.329,26.64,5,3.0,0.99,89.6,2.4,4.4,157.0,0.0,5.1,available,False
2026-08-29,2026-08-29T12:48:39Z,,Florian Wirtz,Liverpool,MID,7.5,5.33,5.388,26.94,5,2.6,0.82,71.2,2.6,3.8,125.0,0.0,11.1,available,False
2026-08-29,2026-08-29T12:48:39Z,,Marcus Tavernier,Bournemouth,MID,6.0,5.32,5.265,26.33,5,3.6,0.96,86.4,2.1,4.0,137.0,0.0,1.4,available,False
2026-08-29,2026-08-29T12:48:39Z,,Ayden Heaven,Man Utd,DEF,4.5,5.293,5.297,26.48,5,2.8,0.81,69.0,1.7,2.5,42.0,0.0,0.4,available,False
2026-08-29,2026-08-29T12:48:39Z,,Mats Wieffer,Brighton,DEF,5.0,5.289,5.293,26.47,5,3.0,0.95,66.6,2.2,3.6,94.0,0.0,0.4,available,False
2026-08-29,2026-08-29T12:48:39Z,,James Garner,Everton,MID,6.0,5.284,5.289,26.45,5,3.0,0.0,90.0,0.0,4.2,159.0,0.0,2.0,injured,True
2026-08-29,2026-08-29T12:48:39Z,,Omar Alderete,Sunderland,DEF,5.0,5.284,5.271,26.36,5,3.2,0.99,84.6,2.2,3.8,125.0,0.0,1.3,available,False
2026-08-29,2026-08-29T12:48:39Z,,James Tarkowski,Everton,DEF,6.0,5.276,5.281,26.4,5,3.0,1.0,90.0,2.8,4.6,170.0,0.0,10.2,available,False
2026-08-29,2026-08-29T12:48:39Z,,Olivier Boscagli,Brighton,DEF,4.5,5.275,5.279,26.39,5,3.0,0.77,77.8,1.7,3.2,39.0,0.0,0.1,available,False
2026-08-29,2026-08-29T12:48:39Z,,Malick Thiaw,Newcastle,DEF,5.0,5.272,5.276,26.38,5,3.0,0.99,90.0,2.2,3.6,126.0,0.0,2.5,available,False
2026-08-29,2026-08-29T12:48:39Z,,Fabian Schär,Newcastle,DEF,5.0,5.264,5.269,26.35,5,3.0,0.79,81.6,2.2,3.2,51.0,0.0,0.1,available,False
2026-08-29,2026-08-29T12:48:39Z,,Trai Hume,Sunderland,DEF,4.5,5.263,5.246,26.23,5,3.2,0.85,71.2,1.7,2.9,110.0,0.0,1.4,available,False
2026-08-29,2026-08-29T12:48:39Z,,Kenny Tete,Fulham,DEF,4.5,5.256,5.234,26.17,5,3.6,0.86,73.0,1.7,3.7,81.0,0.0,0.2,available,False
2026-08-29,2026-08-29T12:48:39Z,,Mathys Tel,Spurs,MID,6.0,5.249,5.283,26.42,5,2.8,0.54,68.4,2.1,2.5,78.0,0.0,0.2,available,False
2026-08-29,2026-08-29T12:48:39Z,,William Saliba,Arsenal,DEF,6.0,5.248,5.233,26.17,5,3.2,0.0,90.0,0.0,4.4,137.0,0.0,0.5,injured,True
2026-08-29,2026-08-29T12:48:39Z,,Rodrigo Bentancur,Spurs,MID,5.5,5.247,5.263,26.31,5,2.8,0.95,79.0,2.0,3.3,86.0,0.0,0.1,available,False
2026-08-29,2026-08-29T12:48:39Z,,João Gomes,Aston Villa,MID,5.5,5.236,5.23,26.15,5,3.0,0.96,88.8,2.0,3.0,85.0,0.0,0.3,available,False
2026-08-29,2026-08-29T12:48:39Z,,Jake O'Brien,Everton,DEF,5.0,5.227,5.231,26.16,5,3.0,0.99,84.6,2.2,3.1,116.0,0.0,0.6,available,False
2026-08-29,2026-08-29T12:48:39Z,,Dara O'Shea,Ipswich Town,DEF,4.0,5.222,5.209,26.05,5,3.2,1.0,90.0,1.0,0.0,0.0,0.0,1.2,available,False
2026-08-29,2026-08-29T12:48:39Z,,Jarrad Branthwaite,Everton,DEF,5.5,5.219,5.223,26.12,5,3.0,0.75,73.0,2.5,3.2,32.0,0.0,2.0,available,False
2026-08-29,2026-08-29T12:48:39Z,,Jurriën Timber,Arsenal,DEF,6.5,5.215,5.201,26.01,5,3.2,0.0,83.4,0.0,5.0,149.0,0.0,0.7,injured,True
2026-08-29,2026-08-29T12:48:39Z,,Matheus Nunes,Man City,DEF,6.0,5.212,5.226,26.13,5,2.8,0.98,83.6,2.8,4.5,154.0,0.0,5.5,available,False
2026-08-29,2026-08-29T12:48:39Z,,Mateus Fernandes,Spurs,MID,6.0,5.2,5.218,26.09,5,2.8,0.98,90.0,2.1,3.8,135.0,0.0,4.6,available,False
2026-08-29,2026-08-29T12:48:39Z,,Dango Ouattara,Brentford,MID,6.5,5.175,5.187,25.93,5,3.0,0.79,76.2,2.3,4.2,136.0,0.0,1.5,available,False
2026-08-29,2026-08-29T12:48:39Z,,Iliman Ndiaye,Everton,MID,6.0,5.161,5.169,25.84,5,3.0,1.0,90.0,2.1,4.0,128.0,0.0,21.3,available,False
2026-08-29,2026-08-29T12:48:39Z,,Mikkel Damsgaard,Brentford,MID,5.5,5.15,5.157,25.79,5,3.0,0.9,85.4,2.0,3.4,113.0,0.0,0.7,available,False
2026-08-29,2026-08-29T12:48:39Z,,Lewis Hall,Newcastle,DEF,5.0,5.15,5.155,25.78,5,3.0,0.81,67.4,2.2,2.6,79.0,0.0,4.6,available,False
2026-08-29,2026-08-29T12:48:39Z,,Joachim Andersen,Fulham,DEF,5.0,5.145,5.124,25.62,5,3.6,0.0,90.0,0.0,3.7,123.0,0.0,0.1,suspended,True
2026-08-29,2026-08-29T12:48:39Z,,Reinildo Mandava,Sunderland,DEF,4.5,5.133,5.121,25.6,5,3.2,0.86,72.0,1.7,3.0,74.0,0.0,0.6,available,False
2026-08-29,2026-08-29T12:48:39Z,,Boubacar Kamara,Aston Villa,MID,5.0,5.118,5.112,25.56,5,3.0,0.73,88.2,1.1,3.4,61.0,0.0,0.1,doubtful,False
2026-08-29,2026-08-29T12:48:39Z,,Lewis Dunk,Brighton,DEF,4.5,5.112,5.117,25.58,5,3.0,0.99,90.0,1.7,3.0,100.0,0.0,0.7,available,False
2026-08-29,2026-08-29T12:48:39Z,,Alex Scott,Bournemouth,MID,6.0,5.112,5.085,25.42,5,3.6,0.98,89.8,2.1,3.7,136.0,0.0,1.6,available,False
2026-08-29,2026-08-29T12:48:39Z,,Destiny Udogie,Spurs,DEF,4.5,5.109,5.123,25.62,5,2.8,0.87,82.0,1.7,1.4,29.0,0.0,0.4,available,False
2026-08-29,2026-08-29T12:48:39Z,,Morgan Rogers,Chelsea,MID,7.5,5.109,5.102,25.51,5,3.0,1.0,87.6,2.6,4.6,169.0,0.0,33.9,available,False
2026-08-29,2026-08-29T12:48:39Z,,Daniel Ballard,Sunderland,DEF,5.0,5.093,5.08,25.4,5,3.2,0.81,72.2,2.2,4.0,116.0,0.0,2.6,available,False
2026-08-29,2026-08-29T12:48:39Z,,Nico O'Reilly,Man City,DEF,6.5,5.082,5.098,25.49,5,2.8,0.94,84.8,3.1,4.7,160.0,0.0,24.2,available,False
2026-08-29,2026-08-29T12:48:39Z,,Matty Cash,Aston Villa,DEF,4.5,5.078,5.073,25.36,5,3.0,1.0,88.0,1.7,3.3,117.0,0.0,8.2,available,False
2026-08-29,2026-08-29T12:48:39Z,,Nathan Collins,Brentford,DEF,5.5,5.075,5.079,25.4,5,3.0,0.96,90.0,2.5,3.7,129.0,0.0,2.0,available,False
2026-08-29,2026-08-29T12:48:39Z,,Ethan Ampadu,Leeds,MID,5.5,5.071,5.085,25.42,5,2.8,1.0,90.0,2.0,3.8,134.0,0.0,1.3,available,False
2026-08-29,2026-08-29T12:48:39Z,,Beto,Everton,FWD,5.5,5.069,5.079,25.39,5,3.0,0.81,70.8,1.8,2.8,104.0,0.0,3.4,available,False
2026-08-29,2026-08-29T12:48:39Z,,Noussair Mazraoui,Man Utd,DEF,4.5,5.055,5.058,25.29,5,2.8,0.7,76.0,1.7,2.6,53.0,0.0,0.8,available,False
2026-08-29,2026-08-29T12:48:39Z,,Jaka Bijol,Leeds,DEF,5.0,5.043,5.056,25.28,5,2.8,0.93,84.8,2.2,4.0,99.0,0.0,0.4,available,False
2026-08-29,2026-08-29T12:48:39Z,,Joelinton,Newcastle,MID,5.5,5.037,5.041,25.21,5,3.0,0.61,75.4,1.5,2.7,73.0,0.0,0.0,doubtful,False
2026-08-29,2026-08-29T12:48:39Z,,Ben Davies,Spurs,DEF,4.0,5.02,5.034,25.17,5,2.8,0.56,64.6,1.0,3.3,10.0,0.0,0.7,available,False
2026-08-29,2026-08-29T12:48:39Z,,Harry Amass,Man Utd,DEF,4.0,5.014,5.019,25.09,5,2.8,0.75,66.25,1.0,0.0,0.0,0.0,0.2,available,False
2026-08-29,2026-08-29T12:48:39Z,,John Egan,Hull City,DEF,4.0,5.006,4.994,24.97,5,3.2,1.0,85.6,1.0,0.0,0.0,0.0,0.8,available,False
2026-08-29,2026-08-29T12:48:39Z,,Chris Richards,Crystal Palace,DEF,5.0,5.005,5.001,25.0,5,3.0,0.87,74.8,2.2,3.9,128.0,0.0,0.8,available,False
2026-08-29,2026-08-29T12:48:39Z,,Ryan Sessegnon,Fulham,DEF,4.5,4.993,4.969,24.84,5,3.6,0.68,62.2,1.7,3.5,95.0,0.0,0.4,available,False
2026-08-29,2026-08-29T12:48:39Z,,Kiernan Dewsbury-Hall,Everton,MID,6.5,4.985,4.992,24.96,5,3.0,0.99,89.6,2.3,4.9,151.0,0.0,4.3,available,False
2026-08-29,2026-08-29T12:48:39Z,,Dan Burn,Newcastle,DEF,5.0,4.98,4.984,24.92,5,3.0,0.7,60.2,2.2,3.2,93.0,0.0,2.7,available,False
2026-08-29,2026-08-29T12:48:39Z,,Timothy Castagne,Fulham,DEF,4.5,4.978,4.953,24.77,5,3.6,0.93,88.6,1.7,2.0,61.0,0.0,0.2,available,False
2026-08-29,2026-08-29T12:48:39Z,,Youri Tielemans,Man Utd,MID,6.0,4.975,4.979,24.9,5,2.8,0.71,86.6,1.6,2.7,68.0,0.0,1.0,doubtful,False
2026-08-29,2026-08-29T12:48:39Z,,Lisandro Martínez,Man Utd,DEF,5.0,4.971,4.975,24.87,5,2.8,0.69,83.2,1.6,2.8,51.0,0.0,1.3,doubtful,False
2026-08-29,2026-08-29T12:48:39Z,,Pape Matar Sarr,Spurs,MID,5.0,4.961,4.981,24.9,5,2.8,0.58,64.0,1.5,2.7,71.0,0.0,0.4,available,False
2026-08-29,2026-08-29T12:48:39Z,,Mohammed Kudus,Spurs,MID,6.5,4.961,4.989,24.94,5,2.8,0.75,78.6,1.7,3.9,75.0,0.0,0.3,doubtful,False
2026-08-29,2026-08-29T12:48:39Z,,Wesley Fofana,Chelsea,DEF,5.0,4.952,4.95,24.75,5,3.0,0.0,77.4,0.0,2.6,65.0,0.0,0.0,suspended,True
2026-08-29,2026-08-29T12:48:39Z,,Lewis Miley,Newcastle,MID,5.5,4.916,4.92,24.6,5,3.0,0.0,76.6,0.0,3.1,72.0,0.0,0.0,injured,True
2026-08-29,2026-08-29T12:48:39Z,,Malo Gusto,Chelsea,DEF,5.0,4.877,4.873,24.37,5,3.0,0.9,87.6,2.2,2.8,96.0,0.0,1.2,available,False
2026-08-29,2026-08-29T12:48:39Z,,Ryan Gravenberch,Liverpool,MID,6.0,4.871,4.893,24.46,5,2.6,0.86,69.4,2.1,4.0,144.0,0.0,1.7,available,False
2026-08-29,2026-08-29T12:48:39Z,,Sebastiaan Bornauw,Leeds,DEF,4.5,4.864,4.876,24.38,5,2.8,0.8,67.4,1.7,2.1,25.0,0.0,0.0,available,False
2026-08-29,2026-08-29T12:48:39Z,,Nathan Patterson,Everton,DEF,4.5,4.826,4.83,24.15,5,3.0,0.78,65.6,1.7,3.1,22.0,0.0,0.1,available,False
2026-08-29,2026-08-29T12:48:39Z,,Yehor Yarmoliuk,Brentford,MID,5.0,4.823,4.828,24.14,5,3.0,0.92,87.8,1.5,2.8,104.0,0.0,1.4,available,False
2026-08-29,2026-08-29T12:48:39Z,,Alexis Mac Allister,Liverpool,MID,5.5,4.807,4.835,24.17,5,2.6,0.81,75.8,2.0,2.9,108.0,0.0,1.9,available,False
2026-08-29,2026-08-29T12:48:39Z,,Abdukodir Khusanov,Man City,DEF,5.5,4.805,4.818,24.09,5,2.8,0.89,90.0,2.5,3.2,67.0,0.0,2.0,available,False
2026-08-29,2026-08-29T12:48:39Z,,Jack Grealish,Man City,MID,6.5,4.805,4.831,24.16,5,2.8,0.84,74.4,2.3,4.0,79.0,0.0,0.3,available,False
2026-08-29,2026-08-29T12:48:39Z,,Mathias Jensen,Brentford,MID,5.5,4.802,4.808,24.04,5,3.0,0.9,84.6,2.0,2.7,98.0,0.0,0.1,available,False
2026-08-29,2026-08-29T12:48:39Z,,Jaidon Anthony,Brentford,MID,6.0,4.795,4.805,24.03,5,3.0,0.94,87.4,2.1,0.0,0.0,0.0,0.3,available,False
2026-08-29,2026-08-29T12:48:39Z,,Ryan Christie,Bournemouth,MID,5.0,4.787,4.76,23.8,5,3.6,0.0,60.4,0.0,1.8,47.0,0.0,0.1,suspended,True
2026-08-29,2026-08-29T12:48:39Z,,Kobbie Mainoo,Man Utd,MID,5.5,4.783,4.787,23.93,5,2.8,0.83,90.0,2.0,2.6,73.0,0.0,1.3,available,False
2026-08-29,2026-08-29T12:48:39Z,,Conor Gallagher,Spurs,MID,5.5,4.782,4.805,24.03,5,2.8,0.8,87.0,2.0,2.8,44.0,0.0,0.2,available,False
2026-08-29,2026-08-29T12:48:39Z,,Pascal Groß,Brighton,MID,5.5,4.782,4.791,23.96,5,3.0,0.96,90.0,2.0,4.1,78.0,0.0,2.0,available,False
2026-08-29,2026-08-29T12:48:39Z,,Zach Abbott,Nott'm Forest,DEF,4.0,4.776,4.781,23.91,5,3.0,0.5,60.5,1.0,1.0,3.0,0.0,0.2,available,False
2026-08-29,2026-08-29T12:48:39Z,,Leny Yoro,Man Utd,DEF,5.0,4.774,4.777,23.89,5,2.8,0.73,75.4,2.2,1.8,56.0,0.0,0.6,available,False
2026-08-29,2026-08-29T12:48:39Z,,Granit Xhaka,Sunderland,MID,5.5,4.756,4.733,23.67,5,3.2,0.98,90.0,2.0,3.6,124.0,0.0,6.5,available,False
2026-08-29,2026-08-29T12:48:39Z,,Amadou Onana,Aston Villa,MID,5.0,4.75,4.745,23.72,5,3.0,0.0,90.0,0.0,3.0,76.0,0.0,0.0,injured,True
2026-08-29,2026-08-29T12:48:39Z,,Ferdi Kadıoğlu,Brighton,DEF,4.5,4.747,4.752,23.76,5,3.0,0.97,90.0,1.7,3.2,118.0,0.0,3.1,available,False
2026-08-29,2026-08-29T12:48:39Z,,Joško Gvardiol,Man City,DEF,5.5,4.746,4.763,23.82,5,2.8,0.86,64.4,2.5,4.4,79.0,0.0,6.5,available,False
2026-08-29,2026-08-29T12:48:39Z,,Rico Henry,Brentford,DEF,4.5,4.722,4.726,23.63,5,3.0,0.83,88.6,1.7,2.1,52.0,0.0,0.2,available,False
2026-08-29,2026-08-29T12:48:39Z,,Joe Rodon,Leeds,DEF,4.5,4.721,4.734,23.67,5,2.8,0.87,81.0,1.7,3.1,109.0,0.0,2.3,available,False
2026-08-29,2026-08-29T12:48:39Z,,Chadi Riad,Crystal Palace,DEF,4.5,4.717,4.713,23.57,5,3.0,0.73,68.8,1.7,2.2,20.0,0.0,0.1,available,False
2026-08-29,2026-08-29T12:48:39Z,,Brian Brobbey,Sunderland,FWD,6.0,4.717,4.685,23.43,5,3.2,0.88,82.6,2.0,3.0,92.0,0.0,22.6,available,False
2026-08-29,2026-08-29T12:48:39Z,,Nicolas Jackson,Chelsea,FWD,6.5,4.714,4.707,23.53,5,3.0,0.85,74.2,2.1,0.0,0.0,0.0,0.4,available,False
2026-08-29,2026-08-29T12:48:39Z,,Riccardo Calafiori,Arsenal,DEF,5.5,4.71,4.694,23.47,5,3.2,0.85,61.4,2.5,4.2,109.0,0.0,13.1,available,False
2026-08-29,2026-08-29T12:48:39Z,,Reece James,Chelsea,DEF,5.5,4.71,4.707,23.54,5,3.0,0.79,77.2,2.5,4.0,115.0,0.0,8.1,available,False
2026-08-29,2026-08-29T12:48:39Z,,Evanilson,Bournemouth,FWD,6.0,4.696,4.654,23.27,5,3.6,0.95,78.2,2.0,3.2,115.0,0.0,1.9,available,False
2026-08-29,2026-08-29T12:48:39Z,,Micky van de Ven,Spurs,DEF,5.0,4.695,4.71,23.55,5,2.8,1.0,90.0,2.2,3.3,116.0,0.0,6.0,available,False
2026-08-29,2026-08-29T12:48:39Z,,Morato,Nott'm Forest,DEF,5.0,4.668,4.673,23.37,5,3.0,0.68,64.2,2.2,2.5,53.0,0.0,0.1,available,False
2026-08-29,2026-08-29T12:48:39Z,,Ibrahim Sangaré,Nott'm Forest,MID,5.0,4.653,4.659,23.29,5,3.0,0.85,67.0,1.5,3.2,89.0,0.0,0.4,available,False
2026-08-29,2026-08-29T12:48:39Z,,Trevoh Chalobah,Chelsea,DEF,5.5,4.639,4.636,23.18,5,3.0,0.87,75.2,2.5,4.0,136.0,0.0,2.1,available,False
2026-08-29,2026-08-29T12:48:39Z,,Axel Disasi,Chelsea,DEF,4.5,4.637,4.634,23.17,5,3.0,1.0,89.0,1.7,0.0,0.0,0.0,0.1,available,False
2026-08-29,2026-08-29T12:48:39Z,,Curtis Jones,Liverpool,MID,5.5,4.607,4.62,23.1,5,2.6,0.81,89.4,2.0,2.4,81.0,0.0,0.1,available,False
2026-08-29,2026-08-29T12:48:39Z,,Diego Coppola,Brighton,DEF,4.5,4.605,4.609,23.04,5,3.0,0.68,75.0,1.7,2.0,10.0,0.0,0.0,available,False
2026-08-29,2026-08-29T12:48:39Z,,Nikola Milenković,Nott'm Forest,DEF,5.5,4.587,4.593,22.96,5,3.0,0.87,81.0,2.5,3.1,119.0,0.0,2.3,available,False
2026-08-29,2026-08-29T12:48:39Z,,Ollie Watkins,Aston Villa,FWD,8.0,4.569,4.553,22.76,5,3.0,0.84,74.0,2.5,4.5,167.0,0.0,12.4,available,False
2026-08-29,2026-08-29T12:48:39Z,,Leif Davis,Ipswich Town,DEF,4.0,4.569,4.555,22.77,5,3.2,1.0,72.8,1.0,0.0,0.0,0.0,4.3,available,False
2026-08-29,2026-08-29T12:48:39Z,,Eberechi Eze,Arsenal,MID,6.5,4.552,4.518,22.59,5,3.2,0.88,69.0,2.3,3.4,113.0,0.0,3.3,available,False
2026-08-29,2026-08-29T12:48:39Z,,Kevin Schade,Brentford,MID,6.0,4.538,4.545,22.73,5,3.0,0.84,72.0,2.1,3.6,125.0,0.0,2.1,available,False
2026-08-29,2026-08-29T12:48:39Z,,Lewis Cook,Bournemouth,MID,5.0,4.531,4.512,22.56,5,3.6,0.69,74.0,1.5,2.2,40.0,0.0,0.1,available,False
2026-08-29,2026-08-29T12:48:39Z,,Luca Netz,Nott'm Forest,DEF,4.5,4.512,4.518,22.59,5,3.0,0.62,62.8,1.7,1.6,11.0,0.0,0.0,available,False
2026-08-29,2026-08-29T12:48:39Z,,Veljko Milosavljević,Bournemouth,DEF,5.0,4.504,4.486,22.43,5,3.6,0.75,70.75,2.2,2.7,19.0,0.0,0.1,available,False
2026-08-29,2026-08-29T12:48:39Z,,Morgan Gibbs-White,Nott'm Forest,MID,8.0,4.475,4.489,22.44,5,3.0,0.86,74.8,2.8,5.1,188.0,0.0,12.8,available,False
2026-08-29,2026-08-29T12:48:39Z,,Sander Berge,Fulham,MID,5.0,4.424,4.4,22.0,5,3.6,0.99,78.6,1.5,2.6,91.0,0.0,0.4,available,False
2026-08-29,2026-08-29T12:48:39Z,,Harry Wilson,Leeds,MID,6.5,4.401,4.437,22.18,5,2.8,0.85,63.4,2.3,4.7,168.0,0.0,9.2,available,False
2026-08-29,2026-08-29T12:48:39Z,,Noah Sadiki,Sunderland,MID,5.0,4.399,4.384,21.92,5,3.2,1.0,83.8,1.5,2.4,80.0,0.0,0.5,available,False
2026-08-29,2026-08-29T12:48:39Z,,Ismaïla Sarr,Crystal Palace,MID,6.5,4.399,4.384,21.92,5,3.0,0.7,68.8,2.3,4.2,117.0,0.0,11.4,available,False
2026-08-29,2026-08-29T12:48:39Z,,James Maddison,Spurs,MID,6.5,4.376,4.405,22.02,5,2.8,0.48,61.8,2.3,1.0,3.0,0.0,2.6,available,False
2026-08-29,2026-08-29T12:48:39Z,,Kasey McAteer,Ipswich Town,MID,4.5,4.363,4.347,21.74,5,3.2,0.68,75.0,1.0,0.0,0.0,0.0,2.1,available,False
2026-08-29,2026-08-29T12:48:39Z,,Merlin Röhl,Everton,MID,5.0,4.358,4.363,21.81,5,3.0,0.61,72.0,1.5,2.2,36.0,0.0,0.1,available,False
2026-08-29,2026-08-29T12:48:39Z,,Rayan,Bournemouth,MID,6.5,4.351,4.313,21.57,5,3.6,0.82,70.0,2.3,4.5,67.0,0.0,3.5,available,False
2026-08-29,2026-08-29T12:48:39Z,,Kalvin Phillips,Man City,MID,5.0,4.332,4.344,21.72,5,2.8,0.93,87.2,1.5,0.0,0.0,0.0,0.0,available,False
2026-08-29,2026-08-29T12:48:39Z,,Saša Lukić,Fulham,MID,5.0,4.292,4.266,21.33,5,3.6,0.78,81.0,1.5,2.6,67.0,0.0,0.1,available,False
2026-08-29,2026-08-29T12:48:39Z,,Dwight McNeil,Everton,MID,5.5,4.288,4.293,21.47,5,3.0,0.87,81.0,2.0,2.4,53.0,0.0,0.1,available,False
2026-08-29,2026-08-29T12:48:39Z,,Pau Torres,Aston Villa,DEF,4.5,4.272,4.267,21.34,5,3.0,0.96,90.0,1.7,3.0,64.0,0.0,0.2,available,False
2026-08-29,2026-08-29T12:48:39Z,,Brenden Aaronson,Leeds,MID,5.5,4.247,4.266,21.33,5,2.8,0.81,60.6,2.0,3.4,126.0,0.0,0.6,available,False
2026-08-29,2026-08-29T12:48:39Z,,Rayan Cherki,Man City,MID,7.5,4.236,4.304,21.52,5,2.8,0.61,57.0,2.6,4.1,135.0,0.0,9.9,available,False
2026-08-29,2026-08-29T12:48:39Z,,Carlos Baleba,Brighton,MID,5.0,4.231,4.236,21.18,5,3.0,0.8,68.6,1.5,1.8,56.0,0.0,0.6,available,False
2026-08-29,2026-08-29T12:48:39Z,,Bafodé Diakité,Bournemouth,DEF,5.0,4.227,4.208,21.04,5,3.6,0.86,65.8,2.2,2.6,46.0,0.0,0.2,available,False
2026-08-29,2026-08-29T12:48:39Z,,Rodrigo,Man City,MID,6.5,4.226,4.269,21.35,5,2.8,0.0,59.4,0.0,3.3,69.0,0.0,0.1,injured,True
2026-08-29,2026-08-29T12:48:39Z,,Emile Smith Rowe,Fulham,MID,5.5,4.22,4.193,20.96,5,3.6,0.84,69.0,2.0,2.2,80.0,0.0,0.4,available,False
2026-08-29,2026-08-29T12:48:39Z,,Daichi Kamada,Crystal Palace,MID,5.0,4.196,4.191,20.96,5,3.0,0.79,66.0,1.5,2.4,67.0,0.0,0.3,available,False
2026-08-29,2026-08-29T12:48:39Z,,Bryan Mbeumo,Man Utd,MID,8.0,4.183,4.194,20.97,5,2.8,0.86,66.2,2.8,4.5,148.0,0.0,13.3,available,False
2026-08-29,2026-08-29T12:48:39Z,,Justin Devenny,Crystal Palace,MID,5.0,4.177,4.173,20.86,5,3.0,0.5,63.8,1.5,1.7,36.0,0.0,0.0,available,False
2026-08-29,2026-08-29T12:48:39Z,,Brennan Johnson,Crystal Palace,MID,6.0,4.175,4.166,20.83,5,3.0,0.85,76.4,2.1,1.9,65.0,0.0,0.2,available,False
2026-08-29,2026-08-29T12:48:39Z,,Keane Lewis-Potter,Brentford,MID,5.5,4.172,4.177,20.88,5,3.0,0.87,89.8,2.0,3.2,115.0,0.0,0.6,available,False
2026-08-29,2026-08-29T12:48:39Z,,Vitaly Janelt,Brentford,MID,5.0,4.155,4.16,20.8,5,3.0,0.72,63.4,1.5,3.0,74.0,0.0,0.1,available,False
2026-08-29,2026-08-29T12:48:39Z,,Adam Wharton,Crystal Palace,MID,5.5,4.147,4.141,20.7,5,3.0,0.53,69.0,1.5,3.3,112.0,0.0,0.2,doubtful,False
2026-08-29,2026-08-29T12:48:39Z,,Murillo,Nott'm Forest,DEF,5.5,4.143,4.149,20.75,5,3.0,0.75,90.0,1.9,3.3,83.0,0.0,0.2,doubtful,False
2026-08-29,2026-08-29T12:48:39Z,,Adam Smith,Bournemouth,DEF,4.5,4.139,4.12,20.6,5,3.6,0.8,69.2,1.7,2.6,58.0,0.0,0.1,available,False
2026-08-29,2026-08-29T12:48:39Z,,Ben Johnson,Ipswich Town,DEF,4.0,4.121,4.109,20.54,5,3.2,0.87,79.2,1.0,0.0,0.0,0.0,0.2,available,False
2026-08-29,2026-08-29T12:48:39Z,,Igor Jesus,Nott'm Forest,FWD,6.0,4.113,4.123,20.61,5,3.0,0.79,64.8,2.0,3.1,114.0,0.0,3.9,available,False
2026-08-29,2026-08-29T12:48:39Z,,Nicolò Savona,Nott'm Forest,DEF,4.5,4.09,4.096,20.48,5,3.0,0.0,79.2,0.0,2.8,39.0,0.0,0.0,injured,True
2026-08-29,2026-08-29T12:48:39Z,,William Osula,Newcastle,FWD,6.0,4.034,4.042,20.21,5,3.0,0.74,76.0,2.0,3.2,76.0,0.0,2.4,available,False
2026-08-29,2026-08-29T12:48:39Z,,Kristoffer Ajer,Brentford,DEF,4.5,4.012,4.016,20.08,5,3.0,0.54,55.4,1.7,2.8,76.0,0.0,0.5,available,False
2026-08-29,2026-08-29T12:48:39Z,,Cristhian Mosquera,Arsenal,DEF,5.5,3.993,3.981,19.91,5,3.2,0.43,47.0,2.5,2.0,40.0,0.0,16.8,available,False
2026-08-29,2026-08-29T12:48:39Z,,Tetê,Fulham,DEF,4.5,3.991,3.94,19.7,5,3.6,0.69,51.0,1.7,3.7,81.0,0.0,0.2,available,False
2026-08-29,2026-08-29T12:48:39Z,,Ian Maatsen,Aston Villa,DEF,4.5,3.983,3.978,19.89,5,3.0,0.61,52.0,1.7,1.8,54.0,0.0,0.6,available,False
2026-08-29,2026-08-29T12:48:39Z,,Alex Iwobi,Fulham,MID,5.5,3.974,3.932,19.66,5,3.6,1.0,76.0,2.0,3.6,103.0,0.0,0.9,available,False
2026-08-29,2026-08-29T12:48:39Z,,Luke O'Nien,Sunderland,DEF,4.0,3.962,3.95,19.75,5,3.2,0.56,72.6,1.0,2.2,26.0,0.0,2.3,available,False
2026-08-29,2026-08-29T12:48:39Z,,Tyrone Mings,Aston Villa,DEF,4.5,3.959,3.954,19.77,5,3.0,0.95,90.0,1.7,2.9,50.0,0.0,0.2,available,False
2026-08-29,2026-08-29T12:48:39Z,,Luke Woolfenden,Coventry City,DEF,4.0,3.958,3.941,19.71,5,3.4,0.67,72.0,1.0,0.0,0.0,0.0,0.3,available,False
2026-08-29,2026-08-29T12:48:39Z,,Sandro Tonali,Spurs,MID,5.5,3.865,3.883,19.41,5,2.8,0.98,89.0,2.0,2.3,81.0,0.0,3.0,available,False
2026-08-29,2026-08-29T12:48:39Z,,Tim Iroegbunam,Everton,MID,5.0,3.83,3.834,19.17,5,3.0,0.62,58.6,1.5,2.3,68.0,0.0,0.1,available,False
2026-08-29,2026-08-29T12:48:39Z,,Lucas Digne,Aston Villa,DEF,4.5,3.822,3.816,19.08,5,3.0,0.63,58.8,1.7,3.1,97.0,0.0,1.4,available,False
2026-08-29,2026-08-29T12:48:39Z,,Wes Burns,Ipswich Town,MID,5.0,3.813,3.802,19.01,5,3.2,0.77,65.8,1.5,0.0,0.0,0.0,0.1,available,False
2026-08-29,2026-08-29T12:48:39Z,,Issa Diop,Ipswich Town,DEF,4.0,3.805,3.793,18.97,5,3.2,0.76,81.0,1.0,2.4,31.0,0.0,21.4,available,False
2026-08-29,2026-08-29T12:48:39Z,,Lamare Bogarde,Aston Villa,MID,5.0,3.786,3.782,18.91,5,3.0,0.55,61.8,1.5,1.4,40.0,0.0,0.1,available,False
2026-08-29,2026-08-29T12:48:39Z,,Dejan Kulusevski,Spurs,MID,6.5,3.736,3.764,18.82,5,2.8,0.0,48.2,0.0,0.0,0.0,0.0,0.0,injured,True
2026-08-29,2026-08-29T12:48:39Z,,Danny Welbeck,Brighton,FWD,6.0,3.73,3.74,18.7,5,3.0,0.77,61.6,2.0,3.4,126.0,0.0,3.0,available,False
2026-08-29,2026-08-29T12:48:39Z,,Mamadou Sarr,Chelsea,DEF,4.5,3.722,3.72,18.6,5,3.0,1.0,81.0,1.7,1.0,3.0,0.0,0.1,available,False
2026-08-29,2026-08-29T12:48:39Z,,Myles Lewis-Skelly,Arsenal,MID,5.5,3.612,3.6,18.0,5,3.2,0.46,64.0,2.0,1.4,29.0,0.0,0.3,available,False
2026-08-29,2026-08-29T12:48:39Z,,John McGinn,Aston Villa,MID,5.5,3.59,3.581,17.91,5,3.0,0.99,83.6,2.0,3.4,103.0,0.0,2.7,available,False
2026-08-29,2026-08-29T12:48:39Z,,Omar Marmoush,Man City,FWD,7.0,3.583,3.617,18.08,5,2.8,0.55,49.6,2.2,2.7,56.0,0.0,0.6,available,False
2026-08-29,2026-08-29T12:48:39Z,,Chris Rigg,Sunderland,MID,5.0,3.578,3.563,17.82,5,3.2,0.97,74.0,1.5,2.0,36.0,0.0,0.1,available,False
2026-08-29,2026-08-29T12:48:39Z,,Simon Adingra,Sunderland,MID,5.0,3.576,3.56,17.8,5,3.2,0.75,60.8,1.5,2.4,34.0,0.0,0.4,available,False
2026-08-29,2026-08-29T12:48:39Z,,Tyler Adams,Bournemouth,MID,5.0,3.516,3.496,17.48,5,3.6,0.57,49.6,1.5,3.1,77.0,0.0,0.7,available,False
2026-08-29,2026-08-29T12:48:39Z,,Tyler Fredricson,Man Utd,DEF,4.0,3.506,3.509,17.55,5,2.8,0.6,83.0,1.0,1.0,1.0,0.0,0.1,available,False
2026-08-29,2026-08-29T12:48:39Z,,Benjamin Šeško,Man Utd,FWD,7.0,3.504,3.518,17.59,5,2.8,0.44,58.4,1.7,3.7,111.0,0.0,3.2,doubtful,False
2026-08-29,2026-08-29T12:48:39Z,,Kai Havertz,Arsenal,FWD,7.5,3.498,3.465,17.33,5,3.2,0.73,54.8,2.3,3.0,36.0,0.0,4.3,available,False
2026-08-29,2026-08-29T12:48:39Z,,Noah Okafor,Leeds,MID,6.0,3.497,3.544,17.72,5,2.8,0.64,52.2,2.1,3.9,109.0,0.0,0.9,available,False
2026-08-29,2026-08-29T12:48:39Z,,Caoimhin Kelleher,Brentford,GKP,5.0,3.488,3.491,17.46,5,3.0,1.0,90.0,2.6,3.9,143.0,0.0,5.6,available,False
2026-08-29,2026-08-29T12:48:39Z,,Victor Lindelöf,Aston Villa,DEF,4.5,3.478,3.474,17.37,5,3.0,0.75,62.4,1.7,1.7,29.0,0.0,0.2,available,False
2026-08-29,2026-08-29T12:48:39Z,,Hákon Rafn Valdimarsson,Brentford,GKP,4.5,3.471,3.474,17.37,5,3.0,0.3,72.0,2.0,1.0,1.0,0.0,0.1,available,False
2026-08-29,2026-08-29T12:48:39Z,,Jack Hinshelwood,Brighton,MID,6.0,3.459,3.466,17.33,5,3.0,0.9,84.4,2.1,3.4,91.0,0.0,0.3,available,False
2026-08-29,2026-08-29T12:48:39Z,,Jeremie Frimpong,Liverpool,DEF,5.5,3.392,3.41,17.05,5,2.6,0.6,56.8,2.5,3.0,63.0,0.0,3.0,available,False
2026-08-29,2026-08-29T12:48:39Z,,Nilson Angulo,Sunderland,MID,5.0,3.378,3.364,16.82,5,3.2,0.59,52.0,1.5,1.6,13.0,0.0,0.1,available,False
2026-08-29,2026-08-29T12:48:39Z,,Giorgi Mamardashvili,Liverpool,GKP,5.0,3.361,3.371,16.85,5,2.6,1.0,83.6,2.6,3.4,34.0,0.0,0.2,available,False
2026-08-29,2026-08-29T12:48:39Z,,Alex Murphy,Newcastle,DEF,4.0,3.349,3.353,16.77,5,3.0,0.48,81.6,1.0,1.0,2.0,0.0,0.8,available,False
2026-08-29,2026-08-29T12:48:39Z,,Freddie Woodman,Liverpool,GKP,4.0,3.342,3.352,16.76,5,2.6,0.68,78.4,1.0,2.0,6.0,0.0,1.3,available,False
2026-08-29,2026-08-29T12:48:39Z,,Liam Delap,Chelsea,FWD,5.5,3.33,3.326,16.63,5,3.0,0.54,61.8,1.8,1.6,45.0,0.0,0.5,available,False
2026-08-29,2026-08-29T12:48:39Z,,Jørgen Strand Larsen,Crystal Palace,FWD,6.0,3.308,3.3,16.5,5,3.0,0.65,48.2,2.0,2.1,75.0,0.0,0.6,available,False
2026-08-29,2026-08-29T12:48:39Z,,Jacob Ramsey,Newcastle,MID,5.0,3.302,3.307,16.54,5,3.0,0.58,57.4,1.5,2.2,62.0,0.0,0.5,available,False
2026-08-29,2026-08-29T12:48:39Z,,James Trafford,Man City,GKP,5.0,3.296,3.307,16.53,5,2.8,1.0,90.0,2.6,3.2,13.0,0.0,0.9,available,False
2026-08-29,2026-08-29T12:48:39Z,,Altay Bayındır,Man Utd,GKP,4.5,3.283,3.286,16.43,5,2.8,1.0,90.0,2.0,1.8,11.0,0.0,0.2,available,False
2026-08-29,2026-08-29T12:48:39Z,,Karl Darlow,Man Utd,GKP,4.5,3.278,3.281,16.4,5,2.8,0.75,90.0,1.5,3.2,71.0,0.0,0.1,doubtful,False
2026-08-29,2026-08-29T12:48:39Z,,Antonín Kinský,Spurs,GKP,4.5,3.276,3.286,16.43,5,2.8,1.0,90.0,2.0,2.9,20.0,0.0,16.6,available,False
2026-08-29,2026-08-29T12:48:39Z,,Martin Dúbravka,Spurs,GKP,4.0,3.269,3.279,16.39,5,2.8,1.0,90.0,1.0,2.7,96.0,0.0,24.8,available,False
2026-08-29,2026-08-29T12:48:39Z,,Senne Lammens,Man Utd,GKP,5.0,3.269,3.272,16.36,5,2.8,1.0,90.0,2.6,3.4,109.0,0.0,20.1,available,False
2026-08-29,2026-08-29T12:48:39Z,,Guglielmo Vicario,Spurs,GKP,4.5,3.267,3.277,16.39,5,2.8,1.0,90.0,2.0,2.9,90.0,0.0,1.7,available,False
2026-08-29,2026-08-29T12:48:39Z,,Gianluigi Donnarumma,Man City,GKP,5.5,3.265,3.276,16.38,5,2.8,1.0,90.0,3.3,4.0,135.0,0.0,11.2,available,False
2026-08-29,2026-08-29T12:48:39Z,,Chemsdine Talbi,Sunderland,MID,5.5,3.238,3.215,16.08,5,3.2,0.74,74.0,2.0,3.0,83.0,0.0,0.2,available,False
2026-08-29,2026-08-29T12:48:39Z,,Archie Gray,Spurs,MID,5.0,3.228,3.241,16.21,5,2.8,0.94,83.0,1.5,2.5,61.0,0.0,0.2,available,False
2026-08-29,2026-08-29T12:48:39Z,,Dean Henderson,Crystal Palace,GKP,5.0,3.209,3.206,16.03,5,3.0,1.0,90.0,2.6,3.5,131.0,0.0,3.1,available,False
2026-08-29,2026-08-29T12:48:39Z,,Mark Travers,Everton,GKP,5.0,3.208,3.211,16.06,5,3.0,1.0,90.0,2.6,0.0,0.0,0.0,0.1,available,False
2026-08-29,2026-08-29T12:48:39Z,,Bart Verbruggen,Brighton,GKP,4.5,3.206,3.209,16.05,5,3.0,1.0,90.0,2.0,3.4,130.0,0.0,16.9,available,False
2026-08-29,2026-08-29T12:48:39Z,,Nick Pope,Newcastle,GKP,5.0,3.204,3.207,16.04,5,3.0,1.0,90.0,2.6,3.6,96.0,0.0,1.0,available,False
2026-08-29,2026-08-29T12:48:39Z,,Loum Tchaouna,Coventry City,MID,5.5,3.197,3.165,15.83,5,3.4,0.68,70.0,2.0,0.0,0.0,0.0,0.1,available,False
2026-08-29,2026-08-29T12:48:39Z,,Marco Bizot,Aston Villa,GKP,4.5,3.193,3.189,15.95,5,3.0,0.81,81.0,2.0,2.3,16.0,0.0,0.1,available,False
2026-08-29,2026-08-29T12:48:39Z,,Jason Steele,Brighton,GKP,4.0,3.193,3.196,15.98,5,3.0,1.0,90.0,1.0,0.0,0.0,0.0,5.4,available,False
2026-08-29,2026-08-29T12:48:39Z,,Jordan Pickford,Everton,GKP,5.5,3.19,3.193,15.97,5,3.0,1.0,90.0,3.3,3.6,135.0,0.0,9.0,available,False
2026-08-29,2026-08-29T12:48:39Z,,Noni Madueke,Arsenal,MID,6.5,3.187,3.168,15.84,5,3.2,0.61,47.0,2.3,2.8,72.0,0.0,0.4,available,False
2026-08-29,2026-08-29T12:48:39Z,,Matz Sels,Nott'm Forest,GKP,5.0,3.187,3.192,15.96,5,3.0,0.99,90.0,2.6,3.4,105.0,0.0,1.4,available,False
2026-08-29,2026-08-29T12:48:39Z,,Robin Roefs,Sunderland,GKP,5.0,3.17,3.161,15.8,5,3.2,1.0,90.0,2.6,3.9,136.0,0.0,5.8,available,False
2026-08-29,2026-08-29T12:48:39Z,,Melker Ellborg,Sunderland,GKP,4.5,3.164,3.155,15.77,5,3.2,1.0,90.0,2.0,5.3,16.0,0.0,0.1,available,False
2026-08-29,2026-08-29T12:48:39Z,,Evann Guessand,Aston Villa,MID,5.5,3.156,3.149,15.74,5,3.0,0.56,53.0,2.0,2.1,44.0,0.0,0.0,available,False
2026-08-29,2026-08-29T12:48:39Z,,Alex Palmer,Ipswich Town,GKP,4.0,3.151,3.142,15.71,5,3.2,1.0,90.0,1.0,0.0,0.0,0.0,6.5,available,False
2026-08-29,2026-08-29T12:48:39Z,,Illan Meslier,Arsenal,GKP,5.0,3.148,3.139,15.69,5,3.2,1.0,90.0,2.6,0.0,0.0,0.0,0.1,available,False
2026-08-29,2026-08-29T12:48:39Z,,Christian Walton,Ipswich Town,GKP,4.5,3.141,3.132,15.66,5,3.2,1.0,90.0,2.0,0.0,0.0,0.0,0.7,available,False
2026-08-29,2026-08-29T12:48:39Z,,Habib Diarra,Sunderland,MID,5.5,3.14,3.116,15.58,5,3.2,0.68,55.2,2.0,3.2,65.0,0.0,0.1,available,False
2026-08-29,2026-08-29T12:48:39Z,,Chiedozie Ogbene,Ipswich Town,MID,5.0,3.11,3.097,15.48,5,3.2,0.65,54.4,1.5,0.0,0.0,0.0,0.0,available,False
2026-08-29,2026-08-29T12:48:39Z,,Wilson Odobert,Spurs,MID,5.5,3.072,3.106,15.53,5,2.8,0.0,53.2,0.0,1.9,46.0,0.0,0.0,injured,True
2026-08-29,2026-08-29T12:48:39Z,,Rio Ngumoha,Liverpool,MID,6.0,3.06,3.082,15.41,5,2.6,0.45,51.8,2.1,2.3,43.0,0.0,1.6,available,False
2026-08-29,2026-08-29T12:48:39Z,,Martin Ødegaard,Arsenal,MID,6.5,3.05,3.008,15.04,5,3.2,0.51,52.2,2.3,3.1,74.0,0.0,2.9,available,False
2026-08-29,2026-08-29T12:48:39Z,,Bernd Leno,Fulham,GKP,4.5,3.033,3.016,15.08,5,3.6,1.0,90.0,2.0,3.2,122.0,0.0,3.2,available,False
2026-08-29,2026-08-29T12:48:39Z,,Fraser Forster,Bournemouth,GKP,4.0,3.028,3.012,15.06,5,3.6,1.0,90.0,1.0,0.0,0.0,0.0,3.2,available,False
2026-08-29,2026-08-29T12:48:39Z,,Đorđe Petrović,Bournemouth,GKP,4.5,3.025,3.009,15.05,5,3.6,1.0,90.0,2.0,3.3,124.0,0.0,3.5,available,False
2026-08-29,2026-08-29T12:48:39Z,,Harrison Armstrong,Everton,MID,5.0,2.935,2.939,14.69,5,3.0,0.65,52.6,1.5,1.6,21.0,0.0,0.1,available,False
2026-08-29,2026-08-29T12:48:39Z,,Omari Hutchinson,Nott'm Forest,MID,5.5,2.923,2.931,14.65,5,3.0,0.59,52.2,2.0,2.6,82.0,0.0,0.2,available,False
2026-08-29,2026-08-29T12:48:39Z,,Miloš Kerkez,Liverpool,DEF,5.5,2.912,2.926,14.63,5,2.6,0.57,47.8,2.5,2.5,85.0,0.0,6.3,available,False
2026-08-29,2026-08-29T12:48:39Z,,Mason Mount,Man Utd,MID,5.5,2.895,2.899,14.49,5,2.8,0.62,54.0,2.0,2.5,58.0,0.0,0.1,available,False
2026-08-29,2026-08-29T12:48:39Z,,Borna Sosa,Crystal Palace,DEF,4.5,2.886,2.882,14.41,5,3.0,0.36,58.4,1.7,0.9,6.0,0.0,0.1,available,False
2026-08-29,2026-08-29T12:48:39Z,,Will Hughes,Crystal Palace,MID,4.5,2.754,2.75,13.75,5,3.0,0.74,53.0,1.0,1.5,45.0,0.0,10.1,available,False
2026-08-29,2026-08-29T12:48:39Z,,Justin Kluivert,Bournemouth,MID,6.0,2.746,2.7,13.5,5,3.6,0.58,57.2,2.1,2.0,41.0,0.0,0.8,available,False
2026-08-29,2026-08-29T12:48:39Z,,Chris Wood,Nott'm Forest,FWD,6.0,2.735,2.748,13.74,5,3.0,0.65,55.0,2.0,2.7,41.0,0.0,1.8,available,False
2026-08-29,2026-08-29T12:48:39Z,,Estêvão,Chelsea,MID,6.5,2.707,2.703,13.51,5,3.0,0.69,54.0,2.3,2.6,58.0,0.0,1.4,available,False
2026-08-29,2026-08-29T12:48:39Z,,Joe Willock,Newcastle,MID,5.0,2.702,2.708,13.54,5,3.0,0.54,58.6,1.5,1.6,38.0,0.0,0.1,available,False
2026-08-29,2026-08-29T12:48:39Z,,Ross Barkley,Aston Villa,MID,5.0,2.685,2.678,13.39,5,3.0,0.49,59.2,1.5,2.7,56.0,0.0,0.2,available,False
2026-08-29,2026-08-29T12:48:39Z,,Amad Diallo,Man Utd,MID,6.0,2.627,2.633,13.16,5,2.8,0.7,53.0,2.1,2.8,91.0,0.0,1.5,available,False
2026-08-29,2026-08-29T12:48:39Z,,Tyler Dibling,Everton,MID,5.5,2.582,2.586,12.93,5,3.0,0.54,51.4,2.0,1.3,18.0,0.0,0.1,available,False
2026-08-29,2026-08-29T12:48:39Z,,Neto,Chelsea,MID,6.5,2.574,2.572,12.86,5,3.0,1.0,90.0,2.3,3.7,125.0,0.0,1.2,available,False
2026-08-29,2026-08-29T12:48:39Z,,Viktor Gyökeres,Arsenal,FWD,7.5,2.555,2.528,12.64,5,3.2,0.54,48.2,2.3,3.6,128.0,0.0,13.9,available,False
2026-08-29,2026-08-29T12:48:39Z,,Jacob Murphy,Newcastle,MID,6.0,2.449,2.455,12.28,5,3.0,0.59,47.6,2.1,2.5,82.0,0.0,0.2,available,False
2026-08-29,2026-08-29T12:48:39Z,,Matt Targett,Hull City,DEF,4.0,2.386,2.374,11.87,5,3.2,0.36,49.8,1.0,0.0,0.0,0.0,1.7,available,False
2026-08-29,2026-08-29T12:48:39Z,,Harvey Barnes,Newcastle,MID,6.0,2.365,2.374,11.87,5,3.0,0.46,48.0,2.1,2.9,106.0,0.0,1.0,available,False
2026-08-29,2026-08-29T12:48:39Z,,Callum Hudson-Odoi,Nott'm Forest,MID,6.0,2.355,2.364,11.82,5,3.0,0.57,56.4,1.6,2.9,88.0,0.0,0.0,doubtful,False
2026-08-29,2026-08-29T12:48:39Z,,Dilane Bakwa,Nott'm Forest,MID,5.5,2.331,2.34,11.7,5,3.0,0.52,45.8,2.0,1.9,26.0,0.0,0.0,available,False
2026-08-29,2026-08-29T12:48:39Z,,Ilia Gruev,Leeds,MID,5.0,2.236,2.25,11.25,5,2.8,0.65,57.6,1.5,2.4,56.0,0.0,0.0,available,False
2026-08-29,2026-08-29T12:48:39Z,,Jordan Henderson,Brentford,MID,5.0,2.16,2.164,10.82,5,3.0,0.49,56.0,1.1,2.4,76.0,0.0,0.0,doubtful,False
2026-08-29,2026-08-29T12:48:39Z,,Jack Taylor,Ipswich Town,MID,4.5,2.159,2.147,10.73,5,3.2,0.42,58.6,1.0,0.0,0.0,0.0,0.5,available,False
2026-08-29,2026-08-29T12:48:39Z,,Ethan Nwaneri,Arsenal,MID,5.5,2.004,1.988,9.94,5,3.2,0.12,46.0,2.0,1.3,8.0,0.0,0.0,available,False
2026-08-29,2026-08-29T12:48:39Z,,Tom Cairney,Fulham,MID,5.0,1.884,1.86,9.3,5,3.6,0.47,51.2,1.5,1.7,41.0,0.0,0.0,available,False
2026-08-30,2026-08-30T12:10:13Z,,Bukayo Saka,Arsenal,MID,9.5,8.949,8.839,44.19,5,3.2,0.93,79.0,3.2,5.1,157.0,0.0,10.8,available,False
2026-08-30,2026-08-30T12:10:13Z,,Jérémy Doku,Man City,MID,7.5,7.886,7.991,39.95,5,2.8,0.74,75.4,2.6,4.0,120.0,0.0,6.6,available,False
2026-08-30,2026-08-30T12:10:13Z,,Hugo Ekitiké,Liverpool,FWD,7.5,7.292,7.382,36.91,5,2.6,0.0,86.8,0.0,4.5,125.0,0.0,0.2,injured,True
2026-08-30,2026-08-30T12:10:13Z,,Erling Haaland,Man City,FWD,15.5,6.726,6.819,34.1,5,2.8,0.99,90.0,4.0,6.8,239.0,0.0,74.9,available,False
2026-08-30,2026-08-30T12:10:13Z,,Cody Gakpo,Liverpool,MID,7.0,6.388,6.452,32.26,5,2.6,0.95,83.0,2.4,3.6,131.0,0.0,3.4,available,False
2026-08-30,2026-08-30T12:10:13Z,,Dominic Calvert-Lewin,Leeds,FWD,6.0,6.342,6.399,32.0,5,2.8,0.94,89.6,2.0,4.1,142.0,0.0,17.7,available,False
2026-08-30,2026-08-30T12:10:13Z,,João Pedro,Chelsea,FWD,7.5,6.16,6.151,30.75,5,3.0,0.95,85.8,2.3,5.1,177.0,0.0,48.8,available,False
2026-08-30,2026-08-30T12:10:13Z,,Pedro Porro,Spurs,DEF,5.5,6.084,6.108,30.54,5,2.8,0.98,90.0,2.5,3.4,117.0,0.0,23.9,available,False
2026-08-30,2026-08-30T12:10:13Z,,Richarlison,Spurs,FWD,6.0,6.066,6.115,30.58,5,2.8,0.73,76.0,2.0,3.7,119.0,0.0,1.6,available,False
2026-08-30,2026-08-30T12:10:13Z,,Cole Palmer,Chelsea,MID,9.5,5.928,5.916,29.58,5,3.0,0.97,89.8,3.2,4.4,114.0,0.0,13.2,available,False
2026-08-30,2026-08-30T12:10:13Z,,Cristian Romero,Spurs,DEF,5.0,5.912,5.926,29.63,5,2.8,0.98,68.6,2.2,4.0,91.0,0.0,1.0,available,False
2026-08-30,2026-08-30T12:10:13Z,,Rayan Aït-Nouri,Man City,DEF,5.5,5.896,5.917,29.58,5,2.8,0.82,63.6,2.5,3.5,60.0,0.0,1.0,available,False
2026-08-30,2026-08-30T12:10:13Z,,Sepp van den Berg,Brentford,DEF,5.0,5.813,5.817,29.09,5,3.0,0.99,90.0,2.2,3.5,113.0,0.0,0.7,available,False
2026-08-30,2026-08-30T12:10:13Z,,James Justin,Leeds,DEF,4.5,5.79,5.804,29.02,5,2.8,0.91,90.0,1.7,3.2,94.0,0.0,0.5,available,False
2026-08-30,2026-08-30T12:10:13Z,,Dominik Szoboszlai,Liverpool,MID,7.0,5.783,5.825,29.13,5,2.6,1.0,90.0,2.4,4.4,160.0,0.0,45.6,available,False
2026-08-30,2026-08-30T12:10:13Z,,Jan Paul van Hecke,Spurs,DEF,5.0,5.764,5.778,28.89,5,2.8,1.0,90.0,2.2,4.1,148.0,0.0,8.3,available,False
2026-08-30,2026-08-30T12:10:13Z,,Kevin Danso,Spurs,DEF,5.0,5.738,5.752,28.76,5,2.8,0.92,90.0,2.2,2.6,63.0,0.0,0.2,available,False
2026-08-30,2026-08-30T12:10:13Z,,Antoine Semenyo,Man City,MID,8.5,5.712,5.783,28.92,5,2.8,1.0,75.0,2.9,5.5,202.0,0.0,20.3,available,False
2026-08-30,2026-08-30T12:10:13Z,,Enzo Le Fée,Sunderland,MID,6.0,5.703,5.673,28.37,5,3.2,0.97,90.0,2.1,4.1,147.0,0.0,7.1,available,False
2026-08-30,2026-08-30T12:10:13Z,,Sven Botman,Newcastle,DEF,5.0,5.702,5.706,28.53,5,3.0,0.96,90.0,2.2,3.6,89.0,0.0,0.4,available,False
2026-08-30,2026-08-30T12:10:13Z,,Marc Guéhi,Man City,DEF,6.0,5.681,5.695,28.47,5,2.8,1.0,90.0,2.8,5.1,179.0,0.0,24.9,available,False
2026-08-30,2026-08-30T12:10:13Z,,Maxence Lacroix,Crystal Palace,DEF,6.0,5.636,5.631,28.16,5,3.0,1.0,90.0,2.8,4.4,154.0,0.0,12.2,available,False
2026-08-30,2026-08-30T12:10:13Z,,Luke Shaw,Man Utd,DEF,4.5,5.632,5.635,28.18,5,2.8,1.0,86.6,1.7,3.0,113.0,0.0,21.0,available,False
2026-08-30,2026-08-30T12:10:13Z,,Michael Kayode,Brentford,DEF,4.5,5.615,5.619,28.1,5,3.0,1.0,90.0,1.7,3.1,113.0,0.0,5.1,available,False
2026-08-30,2026-08-30T12:10:13Z,,Gabriel Gudmundsson,Leeds,DEF,4.5,5.576,5.59,27.95,5,2.8,0.99,80.6,1.7,2.1,68.0,0.0,0.6,available,False
2026-08-30,2026-08-30T12:10:13Z,,Matthijs de Ligt,Man Utd,DEF,5.0,5.561,5.565,27.82,5,2.8,0.0,90.0,0.0,3.3,43.0,0.0,0.0,injured,True
2026-08-30,2026-08-30T12:10:13Z,,James Hill,Bournemouth,DEF,5.5,5.547,5.526,27.63,5,3.6,0.92,90.0,2.5,3.8,110.0,0.0,1.5,available,False
2026-08-30,2026-08-30T12:10:13Z,,Jacob Greaves,Ipswich Town,DEF,4.0,5.53,5.518,27.59,5,3.2,1.0,90.0,1.0,0.0,0.0,0.0,0.5,available,False
2026-08-30,2026-08-30T12:10:13Z,,Anton Stach,Leeds,MID,6.0,5.516,5.539,27.7,5,2.8,0.99,86.4,2.1,4.7,137.0,0.0,1.5,available,False
2026-08-30,2026-08-30T12:10:13Z,,Neco Williams,Nott'm Forest,DEF,5.0,5.504,5.51,27.55,5,3.0,0.87,81.2,2.2,3.5,128.0,0.0,12.7,available,False
2026-08-30,2026-08-30T12:10:13Z,,Piero Hincapié,Arsenal,DEF,5.5,5.497,5.484,27.42,5,3.2,0.69,60.8,2.5,3.5,87.0,0.0,5.3,available,False
2026-08-30,2026-08-30T12:10:13Z,,Adrien Truffert,Bournemouth,DEF,5.5,5.476,5.452,27.26,5,3.6,1.0,90.0,2.5,4.3,165.0,0.0,4.7,available,False
2026-08-30,2026-08-30T12:10:13Z,,Declan Rice,Arsenal,MID,7.5,5.465,5.438,27.19,5,3.2,0.99,84.8,2.6,5.1,184.0,0.0,22.0,available,False
2026-08-30,2026-08-30T12:10:13Z,,Antonee Robinson,Fulham,DEF,4.5,5.464,5.441,27.2,5,3.6,0.94,80.0,1.7,3.0,65.0,0.0,3.5,available,False
2026-08-30,2026-08-30T12:10:13Z,,Ola Aina,Nott'm Forest,DEF,4.5,5.455,5.461,27.3,5,3.0,1.0,89.8,1.7,3.7,67.0,0.0,5.0,available,False
2026-08-30,2026-08-30T12:10:13Z,,Jaydee Canvot,Crystal Palace,DEF,5.0,5.442,5.438,27.19,5,3.0,0.92,90.0,2.2,3.6,72.0,0.0,0.4,available,False
2026-08-30,2026-08-30T12:10:13Z,,Tyrick Mitchell,Crystal Palace,DEF,4.5,5.437,5.433,27.16,5,3.0,0.87,72.0,1.7,3.6,135.0,0.0,7.4,available,False
2026-08-30,2026-08-30T12:10:13Z,,Ethan Pinnock,Brentford,DEF,4.5,5.423,5.427,27.13,5,3.0,1.0,80.8,1.7,3.5,14.0,0.0,0.1,available,False
2026-08-30,2026-08-30T12:10:13Z,,Jayden Bogle,Leeds,DEF,4.5,5.421,5.438,27.19,5,2.8,0.98,80.8,1.7,2.8,96.0,0.0,0.4,available,False
2026-08-30,2026-08-30T12:10:13Z,,Enzo Fernández,Chelsea,MID,7.0,5.42,5.41,27.05,5,3.0,0.99,89.6,2.4,4.4,157.0,0.0,5.1,available,False
2026-08-30,2026-08-30T12:10:13Z,,Harry Maguire,Man Utd,DEF,5.0,5.419,5.423,27.11,5,2.8,0.94,87.6,2.2,3.9,90.0,0.0,6.9,available,False
2026-08-30,2026-08-30T12:10:13Z,,Nordi Mukiele,Sunderland,DEF,5.5,5.411,5.396,26.98,5,3.2,1.0,90.0,2.5,4.7,151.0,0.0,8.2,available,False
2026-08-30,2026-08-30T12:10:13Z,,Virgil van Dijk,Liverpool,DEF,6.5,5.411,5.43,27.15,5,2.6,1.0,90.0,3.1,4.6,175.0,0.0,15.5,available,False
2026-08-30,2026-08-30T12:10:13Z,,Calvin Bassey,Fulham,DEF,4.5,5.391,5.369,26.85,5,3.6,0.99,90.0,1.7,3.4,103.0,0.0,0.5,available,False
2026-08-30,2026-08-30T12:10:13Z,,Max Alleyne,Man City,DEF,5.0,5.386,5.399,26.99,5,2.8,0.95,90.0,2.2,2.5,5.0,0.0,0.1,available,False
2026-08-30,2026-08-30T12:10:13Z,,Conor Bradley,Liverpool,DEF,5.0,5.381,5.393,26.96,5,2.6,0.0,62.2,0.0,2.8,42.0,0.0,0.0,injured,True
2026-08-30,2026-08-30T12:10:13Z,,Michael Keane,Everton,DEF,5.0,5.377,5.381,26.91,5,3.0,0.85,75.2,2.2,4.0,131.0,0.0,1.5,available,False
2026-08-30,2026-08-30T12:10:13Z,,Yankuba Minteh,Brighton,MID,6.0,5.356,5.365,26.82,5,3.0,0.94,87.2,2.1,3.4,117.0,0.0,0.7,available,False
2026-08-30,2026-08-30T12:10:13Z,,Pascal Struijk,Brighton,DEF,5.0,5.342,5.346,26.73,5,3.0,1.0,83.2,2.2,3.2,108.0,0.0,0.5,available,False
2026-08-30,2026-08-30T12:10:13Z,,Elliot Anderson,Man City,MID,6.5,5.342,5.362,26.81,5,2.8,0.87,81.0,2.3,4.7,180.0,0.0,12.2,available,False
2026-08-30,2026-08-30T12:10:13Z,,Jorrel Hato,Chelsea,DEF,4.5,5.34,5.338,26.69,5,3.0,0.83,90.0,1.7,0.9,19.0,0.0,1.6,available,False
2026-08-30,2026-08-30T12:10:13Z,,Marcus Tavernier,Bournemouth,MID,6.0,5.309,5.255,26.27,5,3.6,0.96,86.4,2.1,4.0,137.0,0.0,1.4,available,False
2026-08-30,2026-08-30T12:10:13Z,,Ayden Heaven,Man Utd,DEF,4.5,5.293,5.297,26.48,5,2.8,0.81,69.0,1.7,2.5,42.0,0.0,0.4,available,False
2026-08-30,2026-08-30T12:10:13Z,,Mats Wieffer,Brighton,DEF,5.0,5.289,5.293,26.47,5,3.0,0.95,66.6,2.2,3.6,94.0,0.0,0.4,available,False
2026-08-30,2026-08-30T12:10:13Z,,James Garner,Everton,MID,6.0,5.287,5.292,26.46,5,3.0,0.0,90.0,0.0,4.2,159.0,0.0,2.0,injured,True
2026-08-30,2026-08-30T12:10:13Z,,Omar Alderete,Sunderland,DEF,5.0,5.284,5.271,26.36,5,3.2,0.99,84.6,2.2,3.8,125.0,0.0,1.3,available,False
2026-08-30,2026-08-30T12:10:13Z,,James Tarkowski,Everton,DEF,6.0,5.277,5.282,26.41,5,3.0,1.0,90.0,2.8,4.6,170.0,0.0,10.2,available,False
2026-08-30,2026-08-30T12:10:13Z,,Olivier Boscagli,Brighton,DEF,4.5,5.276,5.28,26.4,5,3.0,0.77,77.8,1.7,3.2,39.0,0.0,0.1,available,False
2026-08-30,2026-08-30T12:10:13Z,,Malick Thiaw,Newcastle,DEF,5.0,5.272,5.276,26.38,5,3.0,0.99,90.0,2.2,3.6,126.0,0.0,2.5,available,False
2026-08-30,2026-08-30T12:10:13Z,,Trai Hume,Sunderland,DEF,4.5,5.265,5.247,26.24,5,3.2,0.85,71.2,1.7,2.9,110.0,0.0,1.4,available,False
2026-08-30,2026-08-30T12:10:13Z,,Fabian Schär,Newcastle,DEF,5.0,5.263,5.268,26.34,5,3.0,0.79,81.6,2.2,3.2,51.0,0.0,0.1,available,False
2026-08-30,2026-08-30T12:10:13Z,,Kenny Tete,Fulham,DEF,4.5,5.256,5.234,26.17,5,3.6,0.86,73.0,1.7,3.7,81.0,0.0,0.2,available,False
2026-08-30,2026-08-30T12:10:13Z,,William Saliba,Arsenal,DEF,6.0,5.254,5.239,26.2,5,3.2,0.0,90.0,0.0,4.4,137.0,0.0,0.5,injured,True
2026-08-30,2026-08-30T12:10:13Z,,Mathys Tel,Spurs,MID,6.0,5.253,5.287,26.44,5,2.8,0.54,68.4,2.1,2.5,78.0,0.0,0.2,available,False
2026-08-30,2026-08-30T12:10:13Z,,Rodrigo Bentancur,Spurs,MID,5.5,5.249,5.265,26.32,5,2.8,0.95,79.0,2.0,3.3,86.0,0.0,0.1,available,False
2026-08-30,2026-08-30T12:10:13Z,,João Gomes,Aston Villa,MID,5.5,5.239,5.233,26.17,5,3.0,0.96,88.8,2.0,3.0,85.0,0.0,0.3,available,False
2026-08-30,2026-08-30T12:10:13Z,,Florian Wirtz,Liverpool,MID,7.5,5.235,5.291,26.46,5,2.6,0.82,71.2,2.6,3.8,125.0,0.0,11.1,available,False
2026-08-30,2026-08-30T12:10:13Z,,Jake O'Brien,Everton,DEF,5.0,5.227,5.231,26.16,5,3.0,0.99,84.6,2.2,3.1,116.0,0.0,0.6,available,False
2026-08-30,2026-08-30T12:10:13Z,,Dara O'Shea,Ipswich Town,DEF,4.0,5.222,5.209,26.05,5,3.2,1.0,90.0,1.0,0.0,0.0,0.0,1.2,available,False
2026-08-30,2026-08-30T12:10:13Z,,Jarrad Branthwaite,Everton,DEF,5.5,5.22,5.224,26.12,5,3.0,0.75,73.0,2.5,3.2,32.0,0.0,2.0,available,False
2026-08-30,2026-08-30T12:10:13Z,,Jurriën Timber,Arsenal,DEF,6.5,5.215,5.201,26.01,5,3.2,0.0,83.4,0.0,5.0,149.0,0.0,0.7,injured,True
2026-08-30,2026-08-30T12:10:13Z,,Matheus Nunes,Man City,DEF,6.0,5.211,5.225,26.12,5,2.8,0.98,83.6,2.8,4.5,154.0,0.0,5.5,available,False
2026-08-30,2026-08-30T12:10:13Z,,Mateus Fernandes,Spurs,MID,6.0,5.191,5.208,26.04,5,2.8,0.98,90.0,2.1,3.8,135.0,0.0,4.6,available,False
2026-08-30,2026-08-30T12:10:13Z,,Dango Ouattara,Brentford,MID,6.5,5.185,5.197,25.99,5,3.0,0.79,76.2,2.3,4.2,136.0,0.0,1.5,available,False
2026-08-30,2026-08-30T12:10:13Z,,Iliman Ndiaye,Everton,MID,6.0,5.177,5.185,25.92,5,3.0,1.0,90.0,2.1,4.0,128.0,0.0,21.3,available,False
2026-08-30,2026-08-30T12:10:13Z,,Mikkel Damsgaard,Brentford,MID,5.5,5.156,5.163,25.82,5,3.0,0.9,85.4,2.0,3.4,113.0,0.0,0.7,available,False
2026-08-30,2026-08-30T12:10:13Z,,Lewis Hall,Newcastle,DEF,5.0,5.151,5.156,25.78,5,3.0,0.81,67.4,2.2,2.6,79.0,0.0,4.6,available,False
2026-08-30,2026-08-30T12:10:13Z,,Joachim Andersen,Fulham,DEF,5.0,5.146,5.125,25.62,5,3.6,0.0,90.0,0.0,3.7,123.0,0.0,0.1,suspended,True
2026-08-30,2026-08-30T12:10:13Z,,Reinildo Mandava,Sunderland,DEF,4.5,5.133,5.121,25.6,5,3.2,0.86,72.0,1.7,3.0,74.0,0.0,0.6,available,False
2026-08-30,2026-08-30T12:10:13Z,,Boubacar Kamara,Aston Villa,MID,5.0,5.119,5.113,25.57,5,3.0,0.73,88.2,1.1,3.4,61.0,0.0,0.1,doubtful,False
2026-08-30,2026-08-30T12:10:13Z,,Alex Scott,Bournemouth,MID,6.0,5.112,5.085,25.42,5,3.6,0.98,89.8,2.1,3.7,136.0,0.0,1.6,available,False
2026-08-30,2026-08-30T12:10:13Z,,Destiny Udogie,Spurs,DEF,4.5,5.111,5.125,25.63,5,2.8,0.87,82.0,1.7,1.4,29.0,0.0,0.4,available,False
2026-08-30,2026-08-30T12:10:13Z,,Morgan Rogers,Chelsea,MID,7.5,5.11,5.103,25.52,5,3.0,1.0,87.6,2.6,4.6,169.0,0.0,33.9,available,False
2026-08-30,2026-08-30T12:10:13Z,,Lewis Dunk,Brighton,DEF,4.5,5.107,5.112,25.56,5,3.0,0.99,90.0,1.7,3.0,100.0,0.0,0.7,available,False
2026-08-30,2026-08-30T12:10:13Z,,Beto,Everton,FWD,5.5,5.097,5.107,25.54,5,3.0,0.81,70.8,1.8,2.8,104.0,0.0,3.4,available,False
2026-08-30,2026-08-30T12:10:13Z,,Daniel Ballard,Sunderland,DEF,5.0,5.094,5.081,25.41,5,3.2,0.81,72.2,2.2,4.0,116.0,0.0,2.6,available,False
2026-08-30,2026-08-30T12:10:13Z,,Nico O'Reilly,Man City,DEF,6.5,5.086,5.102,25.51,5,2.8,0.94,84.8,3.1,4.7,160.0,0.0,24.2,available,False
2026-08-30,2026-08-30T12:10:13Z,,Matty Cash,Aston Villa,DEF,4.5,5.079,5.074,25.37,5,3.0,1.0,88.0,1.7,3.3,117.0,0.0,8.2,available,False
2026-08-30,2026-08-30T12:10:13Z,,Nathan Collins,Brentford,DEF,5.5,5.076,5.08,25.4,5,3.0,0.96,90.0,2.5,3.7,129.0,0.0,2.0,available,False
2026-08-30,2026-08-30T12:10:13Z,,Ethan Ampadu,Leeds,MID,5.5,5.072,5.086,25.43,5,2.8,1.0,90.0,2.0,3.8,134.0,0.0,1.3,available,False
2026-08-30,2026-08-30T12:10:13Z,,Noussair Mazraoui,Man Utd,DEF,4.5,5.055,5.058,25.29,5,2.8,0.7,76.0,1.7,2.6,53.0,0.0,0.8,available,False
2026-08-30,2026-08-30T12:10:13Z,,Jaka Bijol,Leeds,DEF,5.0,5.041,5.054,25.27,5,2.8,0.93,84.8,2.2,4.0,99.0,0.0,0.4,available,False
2026-08-30,2026-08-30T12:10:13Z,,Joelinton,Newcastle,MID,5.5,5.037,5.041,25.21,5,3.0,0.61,75.4,1.5,2.7,73.0,0.0,0.0,doubtful,False
2026-08-30,2026-08-30T12:10:13Z,,Ben Davies,Spurs,DEF,4.0,5.021,5.036,25.18,5,2.8,0.56,64.6,1.0,3.3,10.0,0.0,0.7,available,False
2026-08-30,2026-08-30T12:10:13Z,,Harry Amass,Man Utd,DEF,4.0,5.015,5.02,25.1,5,2.8,0.75,66.25,1.0,0.0,0.0,0.0,0.2,available,False
2026-08-30,2026-08-30T12:10:13Z,,John Egan,Hull City,DEF,4.0,5.006,4.994,24.97,5,3.2,1.0,85.6,1.0,0.0,0.0,0.0,0.8,available,False
2026-08-30,2026-08-30T12:10:13Z,,Chris Richards,Crystal Palace,DEF,5.0,5.006,5.002,25.01,5,3.0,0.87,74.8,2.2,3.9,128.0,0.0,0.8,available,False
2026-08-30,2026-08-30T12:10:13Z,,Ryan Sessegnon,Fulham,DEF,4.5,4.995,4.971,24.85,5,3.6,0.68,62.2,1.7,3.5,95.0,0.0,0.4,available,False
2026-08-30,2026-08-30T12:10:13Z,,Kiernan Dewsbury-Hall,Everton,MID,6.5,4.988,4.995,24.97,5,3.0,0.99,89.6,2.3,4.9,151.0,0.0,4.3,available,False
2026-08-30,2026-08-30T12:10:13Z,,Dan Burn,Newcastle,DEF,5.0,4.98,4.984,24.92,5,3.0,0.7,60.2,2.2,3.2,93.0,0.0,2.7,available,False
2026-08-30,2026-08-30T12:10:13Z,,Youri Tielemans,Man Utd,MID,6.0,4.978,4.982,24.91,5,2.8,0.71,86.6,1.6,2.7,68.0,0.0,1.0,doubtful,False
2026-08-30,2026-08-30T12:10:13Z,,Timothy Castagne,Fulham,DEF,4.5,4.977,4.952,24.76,5,3.6,0.93,88.6,1.7,2.0,61.0,0.0,0.2,available,False
2026-08-30,2026-08-30T12:10:13Z,,Mohammed Kudus,Spurs,MID,6.5,4.971,4.999,24.99,5,2.8,0.75,78.6,1.7,3.9,75.0,0.0,0.3,doubtful,False
2026-08-30,2026-08-30T12:10:13Z,,Lisandro Martínez,Man Utd,DEF,5.0,4.97,4.974,24.87,5,2.8,0.69,83.2,1.6,2.8,51.0,0.0,1.3,doubtful,False
2026-08-30,2026-08-30T12:10:13Z,,Pape Matar Sarr,Spurs,MID,5.0,4.966,4.986,24.93,5,2.8,0.58,64.0,1.5,2.7,71.0,0.0,0.4,available,False
2026-08-30,2026-08-30T12:10:13Z,,Wesley Fofana,Chelsea,DEF,5.0,4.952,4.95,24.75,5,3.0,0.0,77.4,0.0,2.6,65.0,0.0,0.0,suspended,True
2026-08-30,2026-08-30T12:10:13Z,,Lewis Miley,Newcastle,MID,5.5,4.915,4.919,24.6,5,3.0,0.0,76.6,0.0,3.1,72.0,0.0,0.0,injured,True
2026-08-30,2026-08-30T12:10:13Z,,Malo Gusto,Chelsea,DEF,5.0,4.887,4.883,24.42,5,3.0,0.9,87.6,2.2,2.8,96.0,0.0,1.2,available,False
2026-08-30,2026-08-30T12:10:13Z,,Ryan Gravenberch,Liverpool,MID,6.0,4.88,4.902,24.51,5,2.6,0.86,69.4,2.1,4.0,144.0,0.0,1.7,available,False
2026-08-30,2026-08-30T12:10:13Z,,Sebastiaan Bornauw,Leeds,DEF,4.5,4.864,4.876,24.38,5,2.8,0.8,67.4,1.7,2.1,25.0,0.0,0.0,available,False
2026-08-30,2026-08-30T12:10:13Z,,Nathan Patterson,Everton,DEF,4.5,4.826,4.83,24.15,5,3.0,0.78,65.6,1.7,3.1,22.0,0.0,0.1,available,False
2026-08-30,2026-08-30T12:10:13Z,,Yehor Yarmoliuk,Brentford,MID,5.0,4.824,4.829,24.14,5,3.0,0.92,87.8,1.5,2.8,104.0,0.0,1.4,available,False
2026-08-30,2026-08-30T12:10:13Z,,Alexis Mac Allister,Liverpool,MID,5.5,4.822,4.85,24.25,5,2.6,0.81,75.8,2.0,2.9,108.0,0.0,1.9,available,False
2026-08-30,2026-08-30T12:10:13Z,,Jaidon Anthony,Brentford,MID,6.0,4.807,4.817,24.09,5,3.0,0.94,87.4,2.1,0.0,0.0,0.0,0.3,available,False
2026-08-30,2026-08-30T12:10:13Z,,Abdukodir Khusanov,Man City,DEF,5.5,4.806,4.819,24.1,5,2.8,0.89,90.0,2.5,3.2,67.0,0.0,2.0,available,False
2026-08-30,2026-08-30T12:10:13Z,,Mathias Jensen,Brentford,MID,5.5,4.805,4.811,24.05,5,3.0,0.9,84.6,2.0,2.7,98.0,0.0,0.1,available,False
2026-08-30,2026-08-30T12:10:13Z,,Jack Grealish,Man City,MID,6.5,4.801,4.827,24.14,5,2.8,0.84,74.4,2.3,4.0,79.0,0.0,0.3,available,False
2026-08-30,2026-08-30T12:10:13Z,,Pascal Groß,Brighton,MID,5.5,4.791,4.8,24.0,5,3.0,0.96,90.0,2.0,4.1,78.0,0.0,2.0,available,False
2026-08-30,2026-08-30T12:10:13Z,,Conor Gallagher,Spurs,MID,5.5,4.791,4.814,24.07,5,2.8,0.8,87.0,2.0,2.8,44.0,0.0,0.2,available,False
2026-08-30,2026-08-30T12:10:13Z,,Ryan Christie,Bournemouth,MID,5.0,4.787,4.76,23.8,5,3.6,0.0,60.4,0.0,1.8,47.0,0.0,0.1,suspended,True
2026-08-30,2026-08-30T12:10:13Z,,Kobbie Mainoo,Man Utd,MID,5.5,4.784,4.788,23.94,5,2.8,0.83,90.0,2.0,2.6,73.0,0.0,1.3,available,False
2026-08-30,2026-08-30T12:10:13Z,,Zach Abbott,Nott'm Forest,DEF,4.0,4.776,4.781,23.91,5,3.0,0.5,60.5,1.0,1.0,3.0,0.0,0.2,available,False
2026-08-30,2026-08-30T12:10:13Z,,Leny Yoro,Man Utd,DEF,5.0,4.775,4.778,23.89,5,2.8,0.73,75.4,2.2,1.8,56.0,0.0,0.6,available,False
2026-08-30,2026-08-30T12:10:13Z,,Granit Xhaka,Sunderland,MID,5.5,4.767,4.744,23.72,5,3.2,0.98,90.0,2.0,3.6,124.0,0.0,6.5,available,False
2026-08-30,2026-08-30T12:10:13Z,,Amadou Onana,Aston Villa,MID,5.0,4.755,4.75,23.75,5,3.0,0.0,90.0,0.0,3.0,76.0,0.0,0.0,injured,True
2026-08-30,2026-08-30T12:10:13Z,,Joško Gvardiol,Man City,DEF,5.5,4.747,4.764,23.82,5,2.8,0.86,64.4,2.5,4.4,79.0,0.0,6.5,available,False
2026-08-30,2026-08-30T12:10:13Z,,Ferdi Kadıoğlu,Brighton,DEF,4.5,4.746,4.751,23.75,5,3.0,0.97,90.0,1.7,3.2,118.0,0.0,3.1,available,False
2026-08-30,2026-08-30T12:10:13Z,,Joe Rodon,Leeds,DEF,4.5,4.722,4.735,23.68,5,2.8,0.87,81.0,1.7,3.1,109.0,0.0,2.3,available,False
2026-08-30,2026-08-30T12:10:13Z,,Rico Henry,Brentford,DEF,4.5,4.721,4.725,23.63,5,3.0,0.83,88.6,1.7,2.1,52.0,0.0,0.2,available,False
2026-08-30,2026-08-30T12:10:13Z,,Chadi Riad,Crystal Palace,DEF,4.5,4.718,4.714,23.57,5,3.0,0.73,68.8,1.7,2.2,20.0,0.0,0.1,available,False
2026-08-30,2026-08-30T12:10:13Z,,Riccardo Calafiori,Arsenal,DEF,5.5,4.713,4.697,23.49,5,3.2,0.85,61.4,2.5,4.2,109.0,0.0,13.1,available,False
2026-08-30,2026-08-30T12:10:13Z,,Reece James,Chelsea,DEF,5.5,4.71,4.707,23.54,5,3.0,0.79,77.2,2.5,4.0,115.0,0.0,8.1,available,False
2026-08-30,2026-08-30T12:10:13Z,,Evanilson,Bournemouth,FWD,6.0,4.704,4.662,23.31,5,3.6,0.95,78.2,2.0,3.2,115.0,0.0,1.9,available,False
2026-08-30,2026-08-30T12:10:13Z,,Nicolas Jackson,Chelsea,FWD,6.5,4.704,4.697,23.48,5,3.0,0.85,74.2,2.1,0.0,0.0,0.0,0.4,available,False
2026-08-30,2026-08-30T12:10:13Z,,Brian Brobbey,Sunderland,FWD,6.0,4.696,4.665,23.32,5,3.2,0.88,82.6,2.0,3.0,92.0,0.0,22.6,available,False
2026-08-30,2026-08-30T12:10:13Z,,Micky van de Ven,Spurs,DEF,5.0,4.692,4.707,23.53,5,2.8,1.0,90.0,2.2,3.3,116.0,0.0,6.0,available,False
2026-08-30,2026-08-30T12:10:13Z,,Morato,Nott'm Forest,DEF,5.0,4.669,4.674,23.37,5,3.0,0.68,64.2,2.2,2.5,53.0,0.0,0.1,available,False
2026-08-30,2026-08-30T12:10:13Z,,Ollie Watkins,Aston Villa,FWD,8.0,4.655,4.638,23.19,5,3.0,0.84,74.0,2.5,4.5,167.0,0.0,12.4,available,False
2026-08-30,2026-08-30T12:10:13Z,,Ibrahim Sangaré,Nott'm Forest,MID,5.0,4.653,4.659,23.29,5,3.0,0.85,67.0,1.5,3.2,89.0,0.0,0.4,available,False
2026-08-30,2026-08-30T12:10:13Z,,Trevoh Chalobah,Chelsea,DEF,5.5,4.639,4.636,23.18,5,3.0,0.87,75.2,2.5,4.0,136.0,0.0,2.1,available,False
2026-08-30,2026-08-30T12:10:13Z,,Axel Disasi,Chelsea,DEF,4.5,4.638,4.635,23.18,5,3.0,1.0,89.0,1.7,0.0,0.0,0.0,0.1,available,False
2026-08-30,2026-08-30T12:10:13Z,,Curtis Jones,Liverpool,MID,5.5,4.608,4.621,23.11,5,2.6,0.81,89.4,2.0,2.4,81.0,0.0,0.1,available,False
2026-08-30,2026-08-30T12:10:13Z,,Diego Coppola,Brighton,DEF,4.5,4.604,4.608,23.04,5,3.0,0.68,75.0,1.7,2.0,10.0,0.0,0.0,available,False
2026-08-30,2026-08-30T12:10:13Z,,Eberechi Eze,Arsenal,MID,6.5,4.6,4.565,22.83,5,3.2,0.88,69.0,2.3,3.4,113.0,0.0,3.3,available,False
2026-08-30,2026-08-30T12:10:13Z,,Nikola Milenković,Nott'm Forest,DEF,5.5,4.588,4.594,22.97,5,3.0,0.87,81.0,2.5,3.1,119.0,0.0,2.3,available,False
2026-08-30,2026-08-30T12:10:13Z,,Leif Davis,Ipswich Town,DEF,4.0,4.572,4.558,22.79,5,3.2,1.0,72.8,1.0,0.0,0.0,0.0,4.3,available,False
2026-08-30,2026-08-30T12:10:13Z,,Kevin Schade,Brentford,MID,6.0,4.54,4.547,22.74,5,3.0,0.84,72.0,2.1,3.6,125.0,0.0,2.1,available,False
2026-08-30,2026-08-30T12:10:13Z,,Lewis Cook,Bournemouth,MID,5.0,4.531,4.512,22.56,5,3.6,0.69,74.0,1.5,2.2,40.0,0.0,0.1,available,False
2026-08-30,2026-08-30T12:10:13Z,,Luca Netz,Nott'm Forest,DEF,4.5,4.512,4.518,22.59,5,3.0,0.62,62.8,1.7,1.6,11.0,0.0,0.0,available,False
2026-08-30,2026-08-30T12:10:13Z,,Veljko Milosavljević,Bournemouth,DEF,5.0,4.506,4.487,22.44,5,3.6,0.75,70.75,2.2,2.7,19.0,0.0,0.1,available,False
2026-08-30,2026-08-30T12:10:13Z,,Morgan Gibbs-White,Nott'm Forest,MID,8.0,4.5,4.514,22.57,5,3.0,0.86,74.8,2.8,5.1,188.0,0.0,12.8,available,False
2026-08-30,2026-08-30T12:10:13Z,,Sander Berge,Fulham,MID,5.0,4.422,4.398,21.99,5,3.6,0.99,78.6,1.5,2.6,91.0,0.0,0.4,available,False
2026-08-30,2026-08-30T12:10:13Z,,Harry Wilson,Leeds,MID,6.5,4.409,4.445,22.22,5,2.8,0.85,63.4,2.3,4.7,168.0,0.0,9.2,available,False
2026-08-30,2026-08-30T12:10:13Z,,Noah Sadiki,Sunderland,MID,5.0,4.402,4.387,21.94,5,3.2,1.0,83.8,1.5,2.4,80.0,0.0,0.5,available,False
2026-08-30,2026-08-30T12:10:13Z,,James Maddison,Spurs,MID,6.5,4.384,4.413,22.06,5,2.8,0.48,61.8,2.3,1.0,3.0,0.0,2.6,available,False
2026-08-30,2026-08-30T12:10:13Z,,Ismaïla Sarr,Crystal Palace,MID,6.5,4.373,4.359,21.79,5,3.0,0.7,68.8,2.3,4.2,117.0,0.0,11.4,available,False
2026-08-30,2026-08-30T12:10:13Z,,Kasey McAteer,Ipswich Town,MID,4.5,4.364,4.348,21.74,5,3.2,0.68,75.0,1.0,0.0,0.0,0.0,2.1,available,False
2026-08-30,2026-08-30T12:10:13Z,,Merlin Röhl,Everton,MID,5.0,4.359,4.364,21.82,5,3.0,0.61,72.0,1.5,2.2,36.0,0.0,0.1,available,False
2026-08-30,2026-08-30T12:10:13Z,,Rayan,Bournemouth,MID,6.5,4.343,4.305,21.53,5,3.6,0.82,70.0,2.3,4.5,67.0,0.0,3.5,available,False
2026-08-30,2026-08-30T12:10:13Z,,Kalvin Phillips,Man City,MID,5.0,4.334,4.346,21.73,5,2.8,0.93,87.2,1.5,0.0,0.0,0.0,0.0,available,False
2026-08-30,2026-08-30T12:10:13Z,,Rayan Cherki,Man City,MID,7.5,4.31,4.38,21.9,5,2.8,0.61,57.0,2.6,4.1,135.0,0.0,9.9,available,False
2026-08-30,2026-08-30T12:10:13Z,,Saša Lukić,Fulham,MID,5.0,4.293,4.267,21.34,5,3.6,0.78,81.0,1.5,2.6,67.0,0.0,0.1,available,False
2026-08-30,2026-08-30T12:10:13Z,,Dwight McNeil,Everton,MID,5.5,4.286,4.291,21.46,5,3.0,0.87,81.0,2.0,2.4,53.0,0.0,0.1,available,False
2026-08-30,2026-08-30T12:10:13Z,,Pau Torres,Aston Villa,DEF,4.5,4.272,4.267,21.34,5,3.0,0.96,90.0,1.7,3.0,64.0,0.0,0.2,available,False
2026-08-30,2026-08-30T12:10:13Z,,Brenden Aaronson,Leeds,MID,5.5,4.253,4.272,21.36,5,2.8,0.81,60.6,2.0,3.4,126.0,0.0,0.6,available,False
2026-08-30,2026-08-30T12:10:13Z,,Carlos Baleba,Brighton,MID,5.0,4.227,4.232,21.16,5,3.0,0.8,68.6,1.5,1.8,56.0,0.0,0.6,available,False
2026-08-30,2026-08-30T12:10:13Z,,Bafodé Diakité,Bournemouth,DEF,5.0,4.227,4.208,21.04,5,3.6,0.86,65.8,2.2,2.6,46.0,0.0,0.2,available,False
2026-08-30,2026-08-30T12:10:13Z,,Emile Smith Rowe,Fulham,MID,5.5,4.221,4.194,20.97,5,3.6,0.84,69.0,2.0,2.2,80.0,0.0,0.4,available,False
2026-08-30,2026-08-30T12:10:13Z,,Rodrigo,Man City,MID,6.5,4.213,4.256,21.28,5,2.8,0.0,59.4,0.0,3.3,69.0,0.0,0.1,injured,True
2026-08-30,2026-08-30T12:10:13Z,,Bryan Mbeumo,Man Utd,MID,8.0,4.195,4.206,21.03,5,2.8,0.86,66.2,2.8,4.5,148.0,0.0,13.3,available,False
2026-08-30,2026-08-30T12:10:13Z,,Daichi Kamada,Crystal Palace,MID,5.0,4.192,4.187,20.94,5,3.0,0.79,66.0,1.5,2.4,67.0,0.0,0.3,available,False
2026-08-30,2026-08-30T12:10:13Z,,Brennan Johnson,Crystal Palace,MID,6.0,4.185,4.176,20.88,5,3.0,0.85,76.4,2.1,1.9,65.0,0.0,0.2,available,False
2026-08-30,2026-08-30T12:10:13Z,,Justin Devenny,Crystal Palace,MID,5.0,4.181,4.177,20.88,5,3.0,0.5,63.8,1.5,1.7,36.0,0.0,0.0,available,False
2026-08-30,2026-08-30T12:10:13Z,,Keane Lewis-Potter,Brentford,MID,5.5,4.173,4.178,20.89,5,3.0,0.87,89.8,2.0,3.2,115.0,0.0,0.6,available,False
2026-08-30,2026-08-30T12:10:13Z,,Adam Wharton,Crystal Palace,MID,5.5,4.159,4.153,20.76,5,3.0,0.53,69.0,1.5,3.3,112.0,0.0,0.2,doubtful,False
2026-08-30,2026-08-30T12:10:13Z,,Vitaly Janelt,Brentford,MID,5.0,4.156,4.161,20.81,5,3.0,0.72,63.4,1.5,3.0,74.0,0.0,0.1,available,False
2026-08-30,2026-08-30T12:10:13Z,,Murillo,Nott'm Forest,DEF,5.5,4.144,4.15,20.75,5,3.0,0.75,90.0,1.9,3.3,83.0,0.0,0.2,doubtful,False
2026-08-30,2026-08-30T12:10:13Z,,Adam Smith,Bournemouth,DEF,4.5,4.139,4.12,20.6,5,3.6,0.8,69.2,1.7,2.6,58.0,0.0,0.1,available,False
2026-08-30,2026-08-30T12:10:13Z,,Igor Jesus,Nott'm Forest,FWD,6.0,4.13,4.14,20.7,5,3.0,0.79,64.8,2.0,3.1,114.0,0.0,3.9,available,False
2026-08-30,2026-08-30T12:10:13Z,,Ben Johnson,Ipswich Town,DEF,4.0,4.122,4.11,20.55,5,3.2,0.87,79.2,1.0,0.0,0.0,0.0,0.2,available,False
2026-08-30,2026-08-30T12:10:13Z,,Nicolò Savona,Nott'm Forest,DEF,4.5,4.09,4.096,20.48,5,3.0,0.0,79.2,0.0,2.8,39.0,0.0,0.0,injured,True
2026-08-30,2026-08-30T12:10:13Z,,William Osula,Newcastle,FWD,6.0,4.031,4.039,20.2,5,3.0,0.74,76.0,2.0,3.2,76.0,0.0,2.4,available,False
2026-08-30,2026-08-30T12:10:13Z,,Kristoffer Ajer,Brentford,DEF,4.5,4.012,4.016,20.08,5,3.0,0.54,55.4,1.7,2.8,76.0,0.0,0.5,available,False
2026-08-30,2026-08-30T12:10:13Z,,Cristhian Mosquera,Arsenal,DEF,5.5,3.994,3.982,19.91,5,3.2,0.43,47.0,2.5,2.0,40.0,0.0,16.8,available,False
2026-08-30,2026-08-30T12:10:13Z,,Ian Maatsen,Aston Villa,DEF,4.5,3.984,3.979,19.9,5,3.0,0.61,52.0,1.7,1.8,54.0,0.0,0.6,available,False
2026-08-30,2026-08-30T12:10:13Z,,Tetê,Fulham,DEF,4.5,3.98,3.929,19.65,5,3.6,0.69,51.0,1.7,3.7,81.0,0.0,0.2,available,False
2026-08-30,2026-08-30T12:10:13Z,,Alex Iwobi,Fulham,MID,5.5,3.977,3.935,19.68,5,3.6,1.0,76.0,2.0,3.6,103.0,0.0,0.9,available,False
2026-08-30,2026-08-30T12:10:13Z,,Luke O'Nien,Sunderland,DEF,4.0,3.963,3.951,19.75,5,3.2,0.56,72.6,1.0,2.2,26.0,0.0,2.3,available,False
2026-08-30,2026-08-30T12:10:13Z,,Tyrone Mings,Aston Villa,DEF,4.5,3.959,3.954,19.77,5,3.0,0.95,90.0,1.7,2.9,50.0,0.0,0.2,available,False
2026-08-30,2026-08-30T12:10:13Z,,Luke Woolfenden,Coventry City,DEF,4.0,3.958,3.941,19.71,5,3.4,0.67,72.0,1.0,0.0,0.0,0.0,0.3,available,False
2026-08-30,2026-08-30T12:10:13Z,,Sandro Tonali,Spurs,MID,5.5,3.863,3.881,19.4,5,2.8,0.98,89.0,2.0,2.3,81.0,0.0,3.0,available,False
2026-08-30,2026-08-30T12:10:13Z,,Tim Iroegbunam,Everton,MID,5.0,3.83,3.834,19.17,5,3.0,0.62,58.6,1.5,2.3,68.0,0.0,0.1,available,False
2026-08-30,2026-08-30T12:10:13Z,,Lucas Digne,Aston Villa,DEF,4.5,3.821,3.815,19.08,5,3.0,0.63,58.8,1.7,3.1,97.0,0.0,1.4,available,False
2026-08-30,2026-08-30T12:10:13Z,,Wes Burns,Ipswich Town,MID,5.0,3.813,3.802,19.01,5,3.2,0.77,65.8,1.5,0.0,0.0,0.0,0.1,available,False
2026-08-30,2026-08-30T12:10:13Z,,Issa Diop,Ipswich Town,DEF,4.0,3.805,3.793,18.97,5,3.2,0.76,81.0,1.0,2.4,31.0,0.0,21.4,available,False
2026-08-30,2026-08-30T12:10:13Z,,Lamare Bogarde,Aston Villa,MID,5.0,3.787,3.783,18.91,5,3.0,0.55,61.8,1.5,1.4,40.0,0.0,0.1,available,False
2026-08-30,2026-08-30T12:10:13Z,,Dejan Kulusevski,Spurs,MID,6.5,3.742,3.77,18.85,5,2.8,0.0,48.2,0.0,0.0,0.0,0.0,0.0,injured,True
2026-08-30,2026-08-30T12:10:13Z,,Danny Welbeck,Brighton,FWD,6.0,3.724,3.734,18.67,5,3.0,0.77,61.6,2.0,3.4,126.0,0.0,3.0,available,False
2026-08-30,2026-08-30T12:10:13Z,,Mamadou Sarr,Chelsea,DEF,4.5,3.722,3.72,18.6,5,3.0,1.0,81.0,1.7,1.0,3.0,0.0,0.1,available,False
2026-08-30,2026-08-30T12:10:13Z,,Myles Lewis-Skelly,Arsenal,MID,5.5,3.613,3.601,18.0,5,3.2,0.46,64.0,2.0,1.4,29.0,0.0,0.3,available,False
2026-08-30,2026-08-30T12:10:13Z,,Omar Marmoush,Man City,FWD,7.0,3.6,3.634,18.17,5,2.8,0.55,49.6,2.2,2.7,56.0,0.0,0.6,available,False
2026-08-30,2026-08-30T12:10:13Z,,John McGinn,Aston Villa,MID,5.5,3.585,3.576,17.88,5,3.0,0.99,83.6,2.0,3.4,103.0,0.0,2.7,available,False
2026-08-30,2026-08-30T12:10:13Z,,Chris Rigg,Sunderland,MID,5.0,3.579,3.564,17.82,5,3.2,0.97,74.0,1.5,2.0,36.0,0.0,0.1,available,False
2026-08-30,2026-08-30T12:10:13Z,,Simon Adingra,Sunderland,MID,5.0,3.575,3.559,17.8,5,3.2,0.75,60.8,1.5,2.4,34.0,0.0,0.4,available,False
2026-08-30,2026-08-30T12:10:13Z,,Kai Havertz,Arsenal,FWD,7.5,3.556,3.522,17.61,5,3.2,0.73,54.8,2.3,3.0,36.0,0.0,4.3,available,False
2026-08-30,2026-08-30T12:10:13Z,,Noah Okafor,Leeds,MID,6.0,3.551,3.6,18.0,5,2.8,0.64,52.2,2.1,3.9,109.0,0.0,0.9,available,False
2026-08-30,2026-08-30T12:10:13Z,,Tyler Adams,Bournemouth,MID,5.0,3.516,3.496,17.48,5,3.6,0.57,49.6,1.5,3.1,77.0,0.0,0.7,available,False
2026-08-30,2026-08-30T12:10:13Z,,Tyler Fredricson,Man Utd,DEF,4.0,3.506,3.509,17.55,5,2.8,0.6,83.0,1.0,1.0,1.0,0.0,0.1,available,False
2026-08-30,2026-08-30T12:10:13Z,,Benjamin Šeško,Man Utd,FWD,7.0,3.504,3.518,17.59,5,2.8,0.44,58.4,1.7,3.7,111.0,0.0,3.2,doubtful,False
2026-08-30,2026-08-30T12:10:13Z,,Caoimhin Kelleher,Brentford,GKP,5.0,3.488,3.491,17.46,5,3.0,1.0,90.0,2.6,3.9,143.0,0.0,5.6,available,False
2026-08-30,2026-08-30T12:10:13Z,,Victor Lindelöf,Aston Villa,DEF,4.5,3.478,3.474,17.37,5,3.0,0.75,62.4,1.7,1.7,29.0,0.0,0.2,available,False
2026-08-30,2026-08-30T12:10:13Z,,Hákon Rafn Valdimarsson,Brentford,GKP,4.5,3.471,3.474,17.37,5,3.0,0.3,72.0,2.0,1.0,1.0,0.0,0.1,available,False
2026-08-30,2026-08-30T12:10:13Z,,Jack Hinshelwood,Brighton,MID,6.0,3.463,3.47,17.35,5,3.0,0.9,84.4,2.1,3.4,91.0,0.0,0.3,available,False
2026-08-30,2026-08-30T12:10:13Z,,Jeremie Frimpong,Liverpool,DEF,5.5,3.392,3.41,17.05,5,2.6,0.6,56.8,2.5,3.0,63.0,0.0,3.0,available,False
2026-08-30,2026-08-30T12:10:13Z,,Nilson Angulo,Sunderland,MID,5.0,3.379,3.365,16.82,5,3.2,0.59,52.0,1.5,1.6,13.0,0.0,0.1,available,False
2026-08-30,2026-08-30T12:10:13Z,,Giorgi Mamardashvili,Liverpool,GKP,5.0,3.361,3.371,16.85,5,2.6,1.0,83.6,2.6,3.4,34.0,0.0,0.2,available,False
2026-08-30,2026-08-30T12:10:13Z,,Alex Murphy,Newcastle,DEF,4.0,3.352,3.356,16.78,5,3.0,0.48,81.6,1.0,1.0,2.0,0.0,0.8,available,False
2026-08-30,2026-08-30T12:10:13Z,,Freddie Woodman,Liverpool,GKP,4.0,3.343,3.353,16.76,5,2.6,0.68,78.4,1.0,2.0,6.0,0.0,1.3,available,False
2026-08-30,2026-08-30T12:10:13Z,,Liam Delap,Chelsea,FWD,5.5,3.33,3.326,16.63,5,3.0,0.54,61.8,1.8,1.6,45.0,0.0,0.5,available,False
2026-08-30,2026-08-30T12:10:13Z,,Jørgen Strand Larsen,Crystal Palace,FWD,6.0,3.307,3.299,16.49,5,3.0,0.65,48.2,2.0,2.1,75.0,0.0,0.6,available,False
2026-08-30,2026-08-30T12:10:13Z,,Jacob Ramsey,Newcastle,MID,5.0,3.3,3.305,16.53,5,3.0,0.58,57.4,1.5,2.2,62.0,0.0,0.5,available,False
2026-08-30,2026-08-30T12:10:13Z,,James Trafford,Man City,GKP,5.0,3.297,3.308,16.54,5,2.8,1.0,90.0,2.6,3.2,13.0,0.0,0.9,available,False
2026-08-30,2026-08-30T12:10:13Z,,Altay Bayındır,Man Utd,GKP,4.5,3.283,3.286,16.43,5,2.8,1.0,90.0,2.0,1.8,11.0,0.0,0.2,available,False
2026-08-30,2026-08-30T12:10:13Z,,Karl Darlow,Man Utd,GKP,4.5,3.278,3.281,16.4,5,2.8,0.75,90.0,1.5,3.2,71.0,0.0,0.1,doubtful,False
2026-08-30,2026-08-30T12:10:13Z,,Antonín Kinský,Spurs,GKP,4.5,3.277,3.287,16.44,5,2.8,1.0,90.0,2.0,2.9,20.0,0.0,16.6,available,False
2026-08-30,2026-08-30T12:10:13Z,,Martin Dúbravka,Spurs,GKP,4.0,3.27,3.28,16.4,5,2.8,1.0,90.0,1.0,2.7,96.0,0.0,24.8,available,False
2026-08-30,2026-08-30T12:10:13Z,,Senne Lammens,Man Utd,GKP,5.0,3.269,3.272,16.36,5,2.8,1.0,90.0,2.6,3.4,109.0,0.0,20.1,available,False
2026-08-30,2026-08-30T12:10:13Z,,Guglielmo Vicario,Spurs,GKP,4.5,3.268,3.278,16.39,5,2.8,1.0,90.0,2.0,2.9,90.0,0.0,1.7,available,False
2026-08-30,2026-08-30T12:10:13Z,,Gianluigi Donnarumma,Man City,GKP,5.5,3.265,3.276,16.38,5,2.8,1.0,90.0,3.3,4.0,135.0,0.0,11.2,available,False
2026-08-30,2026-08-30T12:10:13Z,,Chemsdine Talbi,Sunderland,MID,5.5,3.238,3.215,16.08,5,3.2,0.74,74.0,2.0,3.0,83.0,0.0,0.2,available,False
2026-08-30,2026-08-30T12:10:13Z,,Archie Gray,Spurs,MID,5.0,3.228,3.241,16.21,5,2.8,0.94,83.0,1.5,2.5,61.0,0.0,0.2,available,False
2026-08-30,2026-08-30T12:10:13Z,,Dean Henderson,Crystal Palace,GKP,5.0,3.21,3.207,16.03,5,3.0,1.0,90.0,2.6,3.5,131.0,0.0,3.1,available,False
2026-08-30,2026-08-30T12:10:13Z,,Mark Travers,Everton,GKP,5.0,3.208,3.211,16.06,5,3.0,1.0,90.0,2.6,0.0,0.0,0.0,0.1,available,False
2026-08-30,2026-08-30T12:10:13Z,,Bart Verbruggen,Brighton,GKP,4.5,3.207,3.21,16.05,5,3.0,1.0,90.0,2.0,3.4,130.0,0.0,16.9,available,False
2026-08-30,2026-08-30T12:10:13Z,,Nick Pope,Newcastle,GKP,5.0,3.205,3.208,16.04,5,3.0,1.0,90.0,2.6,3.6,96.0,0.0,1.0,available,False
2026-08-30,2026-08-30T12:10:13Z,,Loum Tchaouna,Coventry City,MID,5.5,3.195,3.163,15.82,5,3.4,0.68,70.0,2.0,0.0,0.0,0.0,0.1,available,False
2026-08-30,2026-08-30T12:10:13Z,,Noni Madueke,Arsenal,MID,6.5,3.193,3.174,15.87,5,3.2,0.61,47.0,2.3,2.8,72.0,0.0,0.4,available,False
2026-08-30,2026-08-30T12:10:13Z,,Jason Steele,Brighton,GKP,4.0,3.193,3.196,15.98,5,3.0,1.0,90.0,1.0,0.0,0.0,0.0,5.4,available,False
2026-08-30,2026-08-30T12:10:13Z,,Marco Bizot,Aston Villa,GKP,4.5,3.193,3.189,15.95,5,3.0,0.81,81.0,2.0,2.3,16.0,0.0,0.1,available,False
2026-08-30,2026-08-30T12:10:13Z,,Jordan Pickford,Everton,GKP,5.5,3.19,3.193,15.97,5,3.0,1.0,90.0,3.3,3.6,135.0,0.0,9.0,available,False
2026-08-30,2026-08-30T12:10:13Z,,Matz Sels,Nott'm Forest,GKP,5.0,3.188,3.193,15.96,5,3.0,0.99,90.0,2.6,3.4,105.0,0.0,1.4,available,False
2026-08-30,2026-08-30T12:10:13Z,,Robin Roefs,Sunderland,GKP,5.0,3.171,3.162,15.81,5,3.2,1.0,90.0,2.6,3.9,136.0,0.0,5.8,available,False
2026-08-30,2026-08-30T12:10:13Z,,Melker Ellborg,Sunderland,GKP,4.5,3.165,3.156,15.78,5,3.2,1.0,90.0,2.0,5.3,16.0,0.0,0.1,available,False
2026-08-30,2026-08-30T12:10:13Z,,Evann Guessand,Aston Villa,MID,5.5,3.157,3.15,15.75,5,3.0,0.56,53.0,2.0,2.1,44.0,0.0,0.0,available,False
2026-08-30,2026-08-30T12:10:13Z,,Alex Palmer,Ipswich Town,GKP,4.0,3.152,3.143,15.71,5,3.2,1.0,90.0,1.0,0.0,0.0,0.0,6.5,available,False
2026-08-30,2026-08-30T12:10:13Z,,Illan Meslier,Arsenal,GKP,5.0,3.149,3.14,15.7,5,3.2,1.0,90.0,2.6,0.0,0.0,0.0,0.1,available,False
2026-08-30,2026-08-30T12:10:13Z,,Christian Walton,Ipswich Town,GKP,4.5,3.141,3.132,15.66,5,3.2,1.0,90.0,2.0,0.0,0.0,0.0,0.7,available,False
2026-08-30,2026-08-30T12:10:13Z,,Martin Ødegaard,Arsenal,MID,6.5,3.14,3.096,15.48,5,3.2,0.51,52.2,2.3,3.1,74.0,0.0,2.9,available,False
2026-08-30,2026-08-30T12:10:13Z,,Habib Diarra,Sunderland,MID,5.5,3.131,3.107,15.54,5,3.2,0.68,55.2,2.0,3.2,65.0,0.0,0.1,available,False
2026-08-30,2026-08-30T12:10:13Z,,Chiedozie Ogbene,Ipswich Town,MID,5.0,3.109,3.096,15.48,5,3.2,0.65,54.4,1.5,0.0,0.0,0.0,0.0,available,False
2026-08-30,2026-08-30T12:10:13Z,,Wilson Odobert,Spurs,MID,5.5,3.075,3.109,15.54,5,2.8,0.0,53.2,0.0,1.9,46.0,0.0,0.0,injured,True
2026-08-30,2026-08-30T12:10:13Z,,Rio Ngumoha,Liverpool,MID,6.0,3.062,3.085,15.42,5,2.6,0.45,51.8,2.1,2.3,43.0,0.0,1.6,available,False
2026-08-30,2026-08-30T12:10:13Z,,Bernd Leno,Fulham,GKP,4.5,3.033,3.016,15.08,5,3.6,1.0,90.0,2.0,3.2,122.0,0.0,3.2,available,False
2026-08-30,2026-08-30T12:10:13Z,,Fraser Forster,Bournemouth,GKP,4.0,3.028,3.012,15.06,5,3.6,1.0,90.0,1.0,0.0,0.0,0.0,3.2,available,False
2026-08-30,2026-08-30T12:10:13Z,,Đorđe Petrović,Bournemouth,GKP,4.5,3.026,3.01,15.05,5,3.6,1.0,90.0,2.0,3.3,124.0,0.0,3.5,available,False
2026-08-30,2026-08-30T12:10:13Z,,Harrison Armstrong,Everton,MID,5.0,2.935,2.939,14.69,5,3.0,0.65,52.6,1.5,1.6,21.0,0.0,0.1,available,False
2026-08-30,2026-08-30T12:10:13Z,,Omari Hutchinson,Nott'm Forest,MID,5.5,2.924,2.932,14.66,5,3.0,0.59,52.2,2.0,2.6,82.0,0.0,0.2,available,False
2026-08-30,2026-08-30T12:10:13Z,,Miloš Kerkez,Liverpool,DEF,5.5,2.914,2.928,14.64,5,2.6,0.57,47.8,2.5,2.5,85.0,0.0,6.3,available,False
2026-08-30,2026-08-30T12:10:13Z,,Mason Mount,Man Utd,MID,5.5,2.895,2.899,14.49,5,2.8,0.62,54.0,2.0,2.5,58.0,0.0,0.1,available,False
2026-08-30,2026-08-30T12:10:13Z,,Borna Sosa,Crystal Palace,DEF,4.5,2.886,2.882,14.41,5,3.0,0.36,58.4,1.7,0.9,6.0,0.0,0.1,available,False
2026-08-30,2026-08-30T12:10:13Z,,Justin Kluivert,Bournemouth,MID,6.0,2.762,2.716,13.58,5,3.6,0.58,57.2,2.1,2.0,41.0,0.0,0.8,available,False
2026-08-30,2026-08-30T12:10:13Z,,Will Hughes,Crystal Palace,MID,4.5,2.753,2.749,13.75,5,3.0,0.74,53.0,1.0,1.5,45.0,0.0,10.1,available,False
2026-08-30,2026-08-30T12:10:13Z,,Chris Wood,Nott'm Forest,FWD,6.0,2.726,2.739,13.69,5,3.0,0.65,55.0,2.0,2.7,41.0,0.0,1.8,available,False
2026-08-30,2026-08-30T12:10:13Z,,Estêvão,Chelsea,MID,6.5,2.703,2.699,13.49,5,3.0,0.69,54.0,2.3,2.6,58.0,0.0,1.4,available,False
2026-08-30,2026-08-30T12:10:13Z,,Joe Willock,Newcastle,MID,5.0,2.702,2.708,13.54,5,3.0,0.54,58.6,1.5,1.6,38.0,0.0,0.1,available,False
2026-08-30,2026-08-30T12:10:13Z,,Ross Barkley,Aston Villa,MID,5.0,2.692,2.685,13.43,5,3.0,0.49,59.2,1.5,2.7,56.0,0.0,0.2,available,False
2026-08-30,2026-08-30T12:10:13Z,,Amad Diallo,Man Utd,MID,6.0,2.633,2.639,13.19,5,2.8,0.7,53.0,2.1,2.8,91.0,0.0,1.5,available,False
2026-08-30,2026-08-30T12:10:13Z,,Tyler Dibling,Everton,MID,5.5,2.584,2.588,12.94,5,3.0,0.54,51.4,2.0,1.3,18.0,0.0,0.1,available,False
2026-08-30,2026-08-30T12:10:13Z,,Neto,Chelsea,MID,6.5,2.574,2.572,12.86,5,3.0,1.0,90.0,2.3,3.7,125.0,0.0,1.2,available,False
2026-08-30,2026-08-30T12:10:13Z,,Viktor Gyökeres,Arsenal,FWD,7.5,2.565,2.537,12.69,5,3.2,0.54,48.2,2.3,3.6,128.0,0.0,13.9,available,False
2026-08-30,2026-08-30T12:10:13Z,,Jacob Murphy,Newcastle,MID,6.0,2.447,2.453,12.27,5,3.0,0.59,47.6,2.1,2.5,82.0,0.0,0.2,available,False
2026-08-30,2026-08-30T12:10:13Z,,Matt Targett,Hull City,DEF,4.0,2.388,2.376,11.88,5,3.2,0.36,49.8,1.0,0.0,0.0,0.0,1.7,available,False
2026-08-30,2026-08-30T12:10:13Z,,Harvey Barnes,Newcastle,MID,6.0,2.369,2.378,11.89,5,3.0,0.46,48.0,2.1,2.9,106.0,0.0,1.0,available,False
2026-08-30,2026-08-30T12:10:13Z,,Callum Hudson-Odoi,Nott'm Forest,MID,6.0,2.353,2.362,11.81,5,3.0,0.57,56.4,1.6,2.9,88.0,0.0,0.0,doubtful,False
2026-08-30,2026-08-30T12:10:13Z,,Dilane Bakwa,Nott'm Forest,MID,5.5,2.324,2.333,11.67,5,3.0,0.52,45.8,2.0,1.9,26.0,0.0,0.0,available,False
2026-08-30,2026-08-30T12:10:13Z,,Ilia Gruev,Leeds,MID,5.0,2.237,2.251,11.26,5,2.8,0.65,57.6,1.5,2.4,56.0,0.0,0.0,available,False
2026-08-30,2026-08-30T12:10:13Z,,Jordan Henderson,Brentford,MID,5.0,2.16,2.164,10.82,5,3.0,0.49,56.0,1.1,2.4,76.0,0.0,0.0,doubtful,False
2026-08-30,2026-08-30T12:10:13Z,,Jack Taylor,Ipswich Town,MID,4.5,2.159,2.147,10.73,5,3.2,0.42,58.6,1.0,0.0,0.0,0.0,0.5,available,False
2026-08-30,2026-08-30T12:10:13Z,,Ethan Nwaneri,Arsenal,MID,5.5,2.002,1.986,9.93,5,3.2,0.12,46.0,2.0,1.3,8.0,0.0,0.0,available,False
2026-08-30,2026-08-30T12:10:13Z,,Tom Cairney,Fulham,MID,5.0,1.883,1.859,9.29,5,3.6,0.47,51.2,1.5,1.7,41.0,0.0,0.0,available,False
2026-08-31,2026-08-31T14:20:46Z,,Bukayo Saka,Arsenal,MID,9.5,8.949,8.839,44.19,5,3.2,0.93,79.0,3.2,5.1,157.0,0.0,10.8,available,False
2026-08-31,2026-08-31T14:20:46Z,,Jérémy Doku,Man City,MID,7.5,7.886,7.991,39.95,5,2.8,0.74,75.4,2.6,4.0,120.0,0.0,6.6,available,False
2026-08-31,2026-08-31T14:20:46Z,,Hugo Ekitiké,Liverpool,FWD,7.5,7.292,7.382,36.91,5,2.6,0.0,86.8,0.0,4.5,125.0,0.0,0.2,injured,True
2026-08-31,2026-08-31T14:20:46Z,,Erling Haaland,Man City,FWD,15.5,6.726,6.819,34.1,5,2.8,0.99,90.0,4.0,6.8,239.0,0.0,74.9,available,False
2026-08-31,2026-08-31T14:20:46Z,,Cody Gakpo,Liverpool,MID,7.0,6.388,6.452,32.26,5,2.6,0.95,83.0,2.4,3.6,131.0,0.0,3.4,available,False
2026-08-31,2026-08-31T14:20:46Z,,Dominic Calvert-Lewin,Leeds,FWD,6.0,6.342,6.399,32.0,5,2.8,0.94,89.6,2.0,4.1,142.0,0.0,17.7,available,False
2026-08-31,2026-08-31T14:20:46Z,,João Pedro,Chelsea,FWD,7.5,6.16,6.151,30.75,5,3.0,0.95,85.8,2.3,5.1,177.0,0.0,48.8,available,False
2026-08-31,2026-08-31T14:20:46Z,,Pedro Porro,Spurs,DEF,5.5,6.084,6.108,30.54,5,2.8,0.98,90.0,2.5,3.4,117.0,0.0,23.9,available,False
2026-08-31,2026-08-31T14:20:46Z,,Richarlison,Spurs,FWD,6.0,6.066,6.115,30.58,5,2.8,0.73,76.0,2.0,3.7,119.0,0.0,1.6,available,False
2026-08-31,2026-08-31T14:20:46Z,,Cole Palmer,Chelsea,MID,9.5,5.928,5.916,29.58,5,3.0,0.97,89.8,3.2,4.4,114.0,0.0,13.2,available,False
2026-08-31,2026-08-31T14:20:46Z,,Cristian Romero,Spurs,DEF,5.0,5.912,5.926,29.63,5,2.8,0.98,68.6,2.2,4.0,91.0,0.0,1.0,available,False
2026-08-31,2026-08-31T14:20:46Z,,Rayan Aït-Nouri,Man City,DEF,5.5,5.896,5.917,29.58,5,2.8,0.82,63.6,2.5,3.5,60.0,0.0,1.0,available,False
2026-08-31,2026-08-31T14:20:46Z,,Sepp van den Berg,Brentford,DEF,5.0,5.813,5.817,29.09,5,3.0,0.99,90.0,2.2,3.5,113.0,0.0,0.7,available,False
2026-08-31,2026-08-31T14:20:46Z,,James Justin,Leeds,DEF,4.5,5.79,5.804,29.02,5,2.8,0.91,90.0,1.7,3.2,94.0,0.0,0.5,available,False
2026-08-31,2026-08-31T14:20:46Z,,Dominik Szoboszlai,Liverpool,MID,7.0,5.783,5.825,29.13,5,2.6,1.0,90.0,2.4,4.4,160.0,0.0,45.6,available,False
2026-08-31,2026-08-31T14:20:46Z,,Jan Paul van Hecke,Spurs,DEF,5.0,5.764,5.778,28.89,5,2.8,1.0,90.0,2.2,4.1,148.0,0.0,8.3,available,False
2026-08-31,2026-08-31T14:20:46Z,,Kevin Danso,Spurs,DEF,5.0,5.738,5.752,28.76,5,2.8,0.92,90.0,2.2,2.6,63.0,0.0,0.2,available,False
2026-08-31,2026-08-31T14:20:46Z,,Antoine Semenyo,Man City,MID,8.5,5.712,5.783,28.92,5,2.8,1.0,75.0,2.9,5.5,202.0,0.0,20.3,available,False
2026-08-31,2026-08-31T14:20:46Z,,Enzo Le Fée,Sunderland,MID,6.0,5.703,5.673,28.37,5,3.2,0.97,90.0,2.1,4.1,147.0,0.0,7.1,available,False
2026-08-31,2026-08-31T14:20:46Z,,Sven Botman,Newcastle,DEF,5.0,5.702,5.706,28.53,5,3.0,0.96,90.0,2.2,3.6,89.0,0.0,0.4,available,False
2026-08-31,2026-08-31T14:20:46Z,,Marc Guéhi,Man City,DEF,6.0,5.681,5.695,28.47,5,2.8,1.0,90.0,2.8,5.1,179.0,0.0,24.9,available,False
2026-08-31,2026-08-31T14:20:46Z,,Maxence Lacroix,Crystal Palace,DEF,6.0,5.636,5.631,28.16,5,3.0,1.0,90.0,2.8,4.4,154.0,0.0,12.2,available,False
2026-08-31,2026-08-31T14:20:46Z,,Luke Shaw,Man Utd,DEF,4.5,5.632,5.635,28.18,5,2.8,1.0,86.6,1.7,3.0,113.0,0.0,21.0,available,False
2026-08-31,2026-08-31T14:20:46Z,,Michael Kayode,Brentford,DEF,4.5,5.615,5.619,28.1,5,3.0,1.0,90.0,1.7,3.1,113.0,0.0,5.1,available,False
2026-08-31,2026-08-31T14:20:46Z,,Gabriel Gudmundsson,Leeds,DEF,4.5,5.576,5.59,27.95,5,2.8,0.99,80.6,1.7,2.1,68.0,0.0,0.6,available,False
2026-08-31,2026-08-31T14:20:46Z,,Matthijs de Ligt,Man Utd,DEF,5.0,5.561,5.565,27.82,5,2.8,0.0,90.0,0.0,3.3,43.0,0.0,0.0,injured,True
2026-08-31,2026-08-31T14:20:46Z,,James Hill,Bournemouth,DEF,5.5,5.547,5.526,27.63,5,3.6,0.92,90.0,2.5,3.8,110.0,0.0,1.5,available,False
2026-08-31,2026-08-31T14:20:46Z,,Jacob Greaves,Ipswich Town,DEF,4.0,5.53,5.518,27.59,5,3.2,1.0,90.0,1.0,0.0,0.0,0.0,0.5,available,False
2026-08-31,2026-08-31T14:20:46Z,,Anton Stach,Leeds,MID,6.0,5.516,5.539,27.7,5,2.8,0.99,86.4,2.1,4.7,137.0,0.0,1.5,available,False
2026-08-31,2026-08-31T14:20:46Z,,Neco Williams,Nott'm Forest,DEF,5.0,5.504,5.51,27.55,5,3.0,0.87,81.2,2.2,3.5,128.0,0.0,12.7,available,False
2026-08-31,2026-08-31T14:20:46Z,,Piero Hincapié,Arsenal,DEF,5.5,5.497,5.484,27.42,5,3.2,0.69,60.8,2.5,3.5,87.0,0.0,5.3,available,False
2026-08-31,2026-08-31T14:20:46Z,,Adrien Truffert,Bournemouth,DEF,5.5,5.476,5.452,27.26,5,3.6,1.0,90.0,2.5,4.3,165.0,0.0,4.7,available,False
2026-08-31,2026-08-31T14:20:46Z,,Declan Rice,Arsenal,MID,7.5,5.465,5.438,27.19,5,3.2,0.99,84.8,2.6,5.1,184.0,0.0,22.0,available,False
2026-08-31,2026-08-31T14:20:46Z,,Antonee Robinson,Fulham,DEF,4.5,5.464,5.441,27.2,5,3.6,0.94,80.0,1.7,3.0,65.0,0.0,3.5,available,False
2026-08-31,2026-08-31T14:20:46Z,,Ola Aina,Nott'm Forest,DEF,4.5,5.455,5.461,27.3,5,3.0,1.0,89.8,1.7,3.7,67.0,0.0,5.0,available,False
2026-08-31,2026-08-31T14:20:46Z,,Jaydee Canvot,Crystal Palace,DEF,5.0,5.442,5.438,27.19,5,3.0,0.92,90.0,2.2,3.6,72.0,0.0,0.4,available,False
2026-08-31,2026-08-31T14:20:46Z,,Tyrick Mitchell,Crystal Palace,DEF,4.5,5.437,5.433,27.16,5,3.0,0.87,72.0,1.7,3.6,135.0,0.0,7.4,available,False
2026-08-31,2026-08-31T14:20:46Z,,Ethan Pinnock,Brentford,DEF,4.5,5.423,5.427,27.13,5,3.0,1.0,80.8,1.7,3.5,14.0,0.0,0.1,available,False
2026-08-31,2026-08-31T14:20:46Z,,Jayden Bogle,Leeds,DEF,4.5,5.421,5.438,27.19,5,2.8,0.98,80.8,1.7,2.8,96.0,0.0,0.4,available,False
2026-08-31,2026-08-31T14:20:46Z,,Enzo Fernández,Chelsea,MID,7.0,5.42,5.41,27.05,5,3.0,0.99,89.6,2.4,4.4,157.0,0.0,5.1,available,False
2026-08-31,2026-08-31T14:20:46Z,,Harry Maguire,Man Utd,DEF,5.0,5.419,5.423,27.11,5,2.8,0.94,87.6,2.2,3.9,90.0,0.0,6.9,available,False
2026-08-31,2026-08-31T14:20:46Z,,Nordi Mukiele,Sunderland,DEF,5.5,5.411,5.396,26.98,5,3.2,1.0,90.0,2.5,4.7,151.0,0.0,8.2,available,False
2026-08-31,2026-08-31T14:20:46Z,,Virgil van Dijk,Liverpool,DEF,6.5,5.411,5.43,27.15,5,2.6,1.0,90.0,3.1,4.6,175.0,0.0,15.5,available,False
2026-08-31,2026-08-31T14:20:46Z,,Calvin Bassey,Fulham,DEF,4.5,5.391,5.369,26.85,5,3.6,0.99,90.0,1.7,3.4,103.0,0.0,0.5,available,False
2026-08-31,2026-08-31T14:20:46Z,,Max Alleyne,Man City,DEF,5.0,5.386,5.399,26.99,5,2.8,0.95,90.0,2.2,2.5,5.0,0.0,0.1,available,False
2026-08-31,2026-08-31T14:20:46Z,,Conor Bradley,Liverpool,DEF,5.0,5.381,5.393,26.96,5,2.6,0.0,62.2,0.0,2.8,42.0,0.0,0.0,injured,True
2026-08-31,2026-08-31T14:20:46Z,,Michael Keane,Everton,DEF,5.0,5.377,5.381,26.91,5,3.0,0.85,75.2,2.2,4.0,131.0,0.0,1.5,available,False
2026-08-31,2026-08-31T14:20:46Z,,Yankuba Minteh,Brighton,MID,6.0,5.356,5.365,26.82,5,3.0,0.94,87.2,2.1,3.4,117.0,0.0,0.7,available,False
2026-08-31,2026-08-31T14:20:46Z,,Pascal Struijk,Brighton,DEF,5.0,5.342,5.346,26.73,5,3.0,1.0,83.2,2.2,3.2,108.0,0.0,0.5,available,False
2026-08-31,2026-08-31T14:20:46Z,,Elliot Anderson,Man City,MID,6.5,5.342,5.362,26.81,5,2.8,0.87,81.0,2.3,4.7,180.0,0.0,12.2,available,False
2026-08-31,2026-08-31T14:20:46Z,,Jorrel Hato,Chelsea,DEF,4.5,5.34,5.338,26.69,5,3.0,0.83,90.0,1.7,0.9,19.0,0.0,1.6,available,False
2026-08-31,2026-08-31T14:20:46Z,,Marcus Tavernier,Bournemouth,MID,6.0,5.309,5.255,26.27,5,3.6,0.96,86.4,2.1,4.0,137.0,0.0,1.4,available,False
2026-08-31,2026-08-31T14:20:46Z,,Ayden Heaven,Man Utd,DEF,4.5,5.293,5.297,26.48,5,2.8,0.81,69.0,1.7,2.5,42.0,0.0,0.4,available,False
2026-08-31,2026-08-31T14:20:46Z,,Mats Wieffer,Brighton,DEF,5.0,5.289,5.293,26.47,5,3.0,0.95,66.6,2.2,3.6,94.0,0.0,0.4,available,False
2026-08-31,2026-08-31T14:20:46Z,,James Garner,Everton,MID,6.0,5.287,5.292,26.46,5,3.0,0.0,90.0,0.0,4.2,159.0,0.0,2.0,injured,True
2026-08-31,2026-08-31T14:20:46Z,,Omar Alderete,Sunderland,DEF,5.0,5.284,5.271,26.36,5,3.2,0.99,84.6,2.2,3.8,125.0,0.0,1.3,available,False
2026-08-31,2026-08-31T14:20:46Z,,James Tarkowski,Everton,DEF,6.0,5.277,5.282,26.41,5,3.0,1.0,90.0,2.8,4.6,170.0,0.0,10.2,available,False
2026-08-31,2026-08-31T14:20:46Z,,Olivier Boscagli,Brighton,DEF,4.5,5.276,5.28,26.4,5,3.0,0.77,77.8,1.7,3.2,39.0,0.0,0.1,available,False
2026-08-31,2026-08-31T14:20:46Z,,Malick Thiaw,Newcastle,DEF,5.0,5.272,5.276,26.38,5,3.0,0.99,90.0,2.2,3.6,126.0,0.0,2.5,available,False
2026-08-31,2026-08-31T14:20:46Z,,Trai Hume,Sunderland,DEF,4.5,5.265,5.247,26.24,5,3.2,0.85,71.2,1.7,2.9,110.0,0.0,1.4,available,False
2026-08-31,2026-08-31T14:20:46Z,,Fabian Schär,Newcastle,DEF,5.0,5.263,5.268,26.34,5,3.0,0.79,81.6,2.2,3.2,51.0,0.0,0.1,available,False
2026-08-31,2026-08-31T14:20:46Z,,Kenny Tete,Fulham,DEF,4.5,5.256,5.234,26.17,5,3.6,0.86,73.0,1.7,3.7,81.0,0.0,0.2,available,False
2026-08-31,2026-08-31T14:20:46Z,,William Saliba,Arsenal,DEF,6.0,5.254,5.239,26.2,5,3.2,0.0,90.0,0.0,4.4,137.0,0.0,0.5,injured,True
2026-08-31,2026-08-31T14:20:46Z,,Mathys Tel,Spurs,MID,6.0,5.253,5.287,26.44,5,2.8,0.54,68.4,2.1,2.5,78.0,0.0,0.2,available,False
2026-08-31,2026-08-31T14:20:46Z,,Rodrigo Bentancur,Spurs,MID,5.5,5.249,5.265,26.32,5,2.8,0.95,79.0,2.0,3.3,86.0,0.0,0.1,available,False
2026-08-31,2026-08-31T14:20:46Z,,João Gomes,Aston Villa,MID,5.5,5.239,5.233,26.17,5,3.0,0.96,88.8,2.0,3.0,85.0,0.0,0.3,available,False
2026-08-31,2026-08-31T14:20:46Z,,Florian Wirtz,Liverpool,MID,7.5,5.235,5.291,26.46,5,2.6,0.82,71.2,2.6,3.8,125.0,0.0,11.1,available,False
2026-08-31,2026-08-31T14:20:46Z,,Jake O'Brien,Everton,DEF,5.0,5.227,5.231,26.16,5,3.0,0.99,84.6,2.2,3.1,116.0,0.0,0.6,available,False
2026-08-31,2026-08-31T14:20:46Z,,Dara O'Shea,Ipswich Town,DEF,4.0,5.222,5.209,26.05,5,3.2,1.0,90.0,1.0,0.0,0.0,0.0,1.2,available,False
2026-08-31,2026-08-31T14:20:46Z,,Jarrad Branthwaite,Everton,DEF,5.5,5.22,5.224,26.12,5,3.0,0.75,73.0,2.5,3.2,32.0,0.0,2.0,available,False
2026-08-31,2026-08-31T14:20:46Z,,Jurriën Timber,Arsenal,DEF,6.5,5.215,5.201,26.01,5,3.2,0.0,83.4,0.0,5.0,149.0,0.0,0.7,injured,True
2026-08-31,2026-08-31T14:20:46Z,,Matheus Nunes,Man City,DEF,6.0,5.211,5.225,26.12,5,2.8,0.98,83.6,2.8,4.5,154.0,0.0,5.5,available,False
2026-08-31,2026-08-31T14:20:46Z,,Mateus Fernandes,Spurs,MID,6.0,5.191,5.208,26.04,5,2.8,0.98,90.0,2.1,3.8,135.0,0.0,4.6,available,False
2026-08-31,2026-08-31T14:20:46Z,,Dango Ouattara,Brentford,MID,6.5,5.185,5.197,25.99,5,3.0,0.79,76.2,2.3,4.2,136.0,0.0,1.5,available,False
2026-08-31,2026-08-31T14:20:46Z,,Iliman Ndiaye,Everton,MID,6.0,5.177,5.185,25.92,5,3.0,1.0,90.0,2.1,4.0,128.0,0.0,21.3,available,False
2026-08-31,2026-08-31T14:20:46Z,,Mikkel Damsgaard,Brentford,MID,5.5,5.156,5.163,25.82,5,3.0,0.9,85.4,2.0,3.4,113.0,0.0,0.7,available,False
2026-08-31,2026-08-31T14:20:46Z,,Lewis Hall,Newcastle,DEF,5.0,5.151,5.156,25.78,5,3.0,0.81,67.4,2.2,2.6,79.0,0.0,4.6,available,False
2026-08-31,2026-08-31T14:20:46Z,,Joachim Andersen,Fulham,DEF,5.0,5.146,5.125,25.62,5,3.6,0.0,90.0,0.0,3.7,123.0,0.0,0.1,suspended,True
2026-08-31,2026-08-31T14:20:46Z,,Reinildo Mandava,Sunderland,DEF,4.5,5.133,5.121,25.6,5,3.2,0.86,72.0,1.7,3.0,74.0,0.0,0.6,available,False
2026-08-31,2026-08-31T14:20:46Z,,Boubacar Kamara,Aston Villa,MID,5.0,5.119,5.113,25.57,5,3.0,0.73,88.2,1.1,3.4,61.0,0.0,0.1,doubtful,False
2026-08-31,2026-08-31T14:20:46Z,,Alex Scott,Bournemouth,MID,6.0,5.112,5.085,25.42,5,3.6,0.98,89.8,2.1,3.7,136.0,0.0,1.6,available,False
2026-08-31,2026-08-31T14:20:46Z,,Destiny Udogie,Spurs,DEF,4.5,5.111,5.125,25.63,5,2.8,0.87,82.0,1.7,1.4,29.0,0.0,0.4,available,False
2026-08-31,2026-08-31T14:20:46Z,,Morgan Rogers,Chelsea,MID,7.5,5.11,5.103,25.52,5,3.0,1.0,87.6,2.6,4.6,169.0,0.0,33.9,available,False
2026-08-31,2026-08-31T14:20:46Z,,Lewis Dunk,Brighton,DEF,4.5,5.107,5.112,25.56,5,3.0,0.99,90.0,1.7,3.0,100.0,0.0,0.7,available,False
2026-08-31,2026-08-31T14:20:46Z,,Beto,Everton,FWD,5.5,5.097,5.107,25.54,5,3.0,0.81,70.8,1.8,2.8,104.0,0.0,3.4,available,False
2026-08-31,2026-08-31T14:20:46Z,,Daniel Ballard,Sunderland,DEF,5.0,5.094,5.081,25.41,5,3.2,0.81,72.2,2.2,4.0,116.0,0.0,2.6,available,False
2026-08-31,2026-08-31T14:20:46Z,,Nico O'Reilly,Man City,DEF,6.5,5.086,5.102,25.51,5,2.8,0.94,84.8,3.1,4.7,160.0,0.0,24.2,available,False
2026-08-31,2026-08-31T14:20:46Z,,Matty Cash,Aston Villa,DEF,4.5,5.079,5.074,25.37,5,3.0,1.0,88.0,1.7,3.3,117.0,0.0,8.2,available,False
2026-08-31,2026-08-31T14:20:46Z,,Nathan Collins,Brentford,DEF,5.5,5.076,5.08,25.4,5,3.0,0.96,90.0,2.5,3.7,129.0,0.0,2.0,available,False
2026-08-31,2026-08-31T14:20:46Z,,Ethan Ampadu,Leeds,MID,5.5,5.072,5.086,25.43,5,2.8,1.0,90.0,2.0,3.8,134.0,0.0,1.3,available,False
2026-08-31,2026-08-31T14:20:46Z,,Noussair Mazraoui,Man Utd,DEF,4.5,5.055,5.058,25.29,5,2.8,0.7,76.0,1.7,2.6,53.0,0.0,0.8,available,False
2026-08-31,2026-08-31T14:20:46Z,,Jaka Bijol,Leeds,DEF,5.0,5.041,5.054,25.27,5,2.8,0.93,84.8,2.2,4.0,99.0,0.0,0.4,available,False
2026-08-31,2026-08-31T14:20:46Z,,Joelinton,Newcastle,MID,5.5,5.037,5.041,25.21,5,3.0,0.61,75.4,1.5,2.7,73.0,0.0,0.0,doubtful,False
2026-08-31,2026-08-31T14:20:46Z,,Ben Davies,Spurs,DEF,4.0,5.021,5.036,25.18,5,2.8,0.56,64.6,1.0,3.3,10.0,0.0,0.7,available,False
2026-08-31,2026-08-31T14:20:46Z,,Harry Amass,Man Utd,DEF,4.0,5.015,5.02,25.1,5,2.8,0.75,66.25,1.0,0.0,0.0,0.0,0.2,available,False
2026-08-31,2026-08-31T14:20:46Z,,John Egan,Hull City,DEF,4.0,5.006,4.994,24.97,5,3.2,1.0,85.6,1.0,0.0,0.0,0.0,0.8,available,False
2026-08-31,2026-08-31T14:20:46Z,,Chris Richards,Crystal Palace,DEF,5.0,5.006,5.002,25.01,5,3.0,0.87,74.8,2.2,3.9,128.0,0.0,0.8,available,False
2026-08-31,2026-08-31T14:20:46Z,,Ryan Sessegnon,Fulham,DEF,4.5,4.995,4.971,24.85,5,3.6,0.68,62.2,1.7,3.5,95.0,0.0,0.4,available,False
2026-08-31,2026-08-31T14:20:46Z,,Kiernan Dewsbury-Hall,Everton,MID,6.5,4.988,4.995,24.97,5,3.0,0.99,89.6,2.3,4.9,151.0,0.0,4.3,available,False
2026-08-31,2026-08-31T14:20:46Z,,Dan Burn,Newcastle,DEF,5.0,4.98,4.984,24.92,5,3.0,0.7,60.2,2.2,3.2,93.0,0.0,2.7,available,False
2026-08-31,2026-08-31T14:20:46Z,,Youri Tielemans,Man Utd,MID,6.0,4.978,4.982,24.91,5,2.8,0.71,86.6,1.6,2.7,68.0,0.0,1.0,doubtful,False
2026-08-31,2026-08-31T14:20:46Z,,Timothy Castagne,Fulham,DEF,4.5,4.977,4.952,24.76,5,3.6,0.93,88.6,1.7,2.0,61.0,0.0,0.2,available,False
2026-08-31,2026-08-31T14:20:46Z,,Mohammed Kudus,Spurs,MID,6.5,4.971,4.999,24.99,5,2.8,0.75,78.6,1.7,3.9,75.0,0.0,0.3,doubtful,False
2026-08-31,2026-08-31T14:20:46Z,,Lisandro Martínez,Man Utd,DEF,5.0,4.97,4.974,24.87,5,2.8,0.69,83.2,1.6,2.8,51.0,0.0,1.3,doubtful,False
2026-08-31,2026-08-31T14:20:46Z,,Pape Matar Sarr,Spurs,MID,5.0,4.966,4.986,24.93,5,2.8,0.58,64.0,1.5,2.7,71.0,0.0,0.4,available,False
2026-08-31,2026-08-31T14:20:46Z,,Wesley Fofana,Chelsea,DEF,5.0,4.952,4.95,24.75,5,3.0,0.0,77.4,0.0,2.6,65.0,0.0,0.0,suspended,True
2026-08-31,2026-08-31T14:20:46Z,,Lewis Miley,Newcastle,MID,5.5,4.915,4.919,24.6,5,3.0,0.0,76.6,0.0,3.1,72.0,0.0,0.0,injured,True
2026-08-31,2026-08-31T14:20:46Z,,Malo Gusto,Chelsea,DEF,5.0,4.887,4.883,24.42,5,3.0,0.9,87.6,2.2,2.8,96.0,0.0,1.2,available,False
2026-08-31,2026-08-31T14:20:46Z,,Ryan Gravenberch,Liverpool,MID,6.0,4.88,4.902,24.51,5,2.6,0.86,69.4,2.1,4.0,144.0,0.0,1.7,available,False
2026-08-31,2026-08-31T14:20:46Z,,Sebastiaan Bornauw,Leeds,DEF,4.5,4.864,4.876,24.38,5,2.8,0.8,67.4,1.7,2.1,25.0,0.0,0.0,available,False
2026-08-31,2026-08-31T14:20:46Z,,Nathan Patterson,Everton,DEF,4.5,4.826,4.83,24.15,5,3.0,0.78,65.6,1.7,3.1,22.0,0.0,0.1,available,False
2026-08-31,2026-08-31T14:20:46Z,,Yehor Yarmoliuk,Brentford,MID,5.0,4.824,4.829,24.14,5,3.0,0.92,87.8,1.5,2.8,104.0,0.0,1.4,available,False
2026-08-31,2026-08-31T14:20:46Z,,Alexis Mac Allister,Liverpool,MID,5.5,4.822,4.85,24.25,5,2.6,0.81,75.8,2.0,2.9,108.0,0.0,1.9,available,False
2026-08-31,2026-08-31T14:20:46Z,,Jaidon Anthony,Brentford,MID,6.0,4.807,4.817,24.09,5,3.0,0.94,87.4,2.1,0.0,0.0,0.0,0.3,available,False
2026-08-31,2026-08-31T14:20:46Z,,Abdukodir Khusanov,Man City,DEF,5.5,4.806,4.819,24.1,5,2.8,0.89,90.0,2.5,3.2,67.0,0.0,2.0,available,False
2026-08-31,2026-08-31T14:20:46Z,,Mathias Jensen,Brentford,MID,5.5,4.805,4.811,24.05,5,3.0,0.9,84.6,2.0,2.7,98.0,0.0,0.1,available,False
2026-08-31,2026-08-31T14:20:46Z,,Jack Grealish,Man City,MID,6.5,4.801,4.827,24.14,5,2.8,0.84,74.4,2.3,4.0,79.0,0.0,0.3,available,False
2026-08-31,2026-08-31T14:20:46Z,,Pascal Groß,Brighton,MID,5.5,4.791,4.8,24.0,5,3.0,0.96,90.0,2.0,4.1,78.0,0.0,2.0,available,False
2026-08-31,2026-08-31T14:20:46Z,,Conor Gallagher,Spurs,MID,5.5,4.791,4.814,24.07,5,2.8,0.8,87.0,2.0,2.8,44.0,0.0,0.2,available,False
2026-08-31,2026-08-31T14:20:46Z,,Ryan Christie,Bournemouth,MID,5.0,4.787,4.76,23.8,5,3.6,0.0,60.4,0.0,1.8,47.0,0.0,0.1,suspended,True
2026-08-31,2026-08-31T14:20:46Z,,Kobbie Mainoo,Man Utd,MID,5.5,4.784,4.788,23.94,5,2.8,0.83,90.0,2.0,2.6,73.0,0.0,1.3,available,False
2026-08-31,2026-08-31T14:20:46Z,,Zach Abbott,Nott'm Forest,DEF,4.0,4.776,4.781,23.91,5,3.0,0.5,60.5,1.0,1.0,3.0,0.0,0.2,available,False
2026-08-31,2026-08-31T14:20:46Z,,Leny Yoro,Man Utd,DEF,5.0,4.775,4.778,23.89,5,2.8,0.73,75.4,2.2,1.8,56.0,0.0,0.6,available,False
2026-08-31,2026-08-31T14:20:46Z,,Granit Xhaka,Sunderland,MID,5.5,4.767,4.744,23.72,5,3.2,0.98,90.0,2.0,3.6,124.0,0.0,6.5,available,False
2026-08-31,2026-08-31T14:20:46Z,,Amadou Onana,Aston Villa,MID,5.0,4.755,4.75,23.75,5,3.0,0.0,90.0,0.0,3.0,76.0,0.0,0.0,injured,True
2026-08-31,2026-08-31T14:20:46Z,,Joško Gvardiol,Man City,DEF,5.5,4.747,4.764,23.82,5,2.8,0.86,64.4,2.5,4.4,79.0,0.0,6.5,available,False
2026-08-31,2026-08-31T14:20:46Z,,Ferdi Kadıoğlu,Brighton,DEF,4.5,4.746,4.751,23.75,5,3.0,0.97,90.0,1.7,3.2,118.0,0.0,3.1,available,False
2026-08-31,2026-08-31T14:20:46Z,,Joe Rodon,Leeds,DEF,4.5,4.722,4.735,23.68,5,2.8,0.87,81.0,1.7,3.1,109.0,0.0,2.3,available,False
2026-08-31,2026-08-31T14:20:46Z,,Rico Henry,Brentford,DEF,4.5,4.721,4.725,23.63,5,3.0,0.83,88.6,1.7,2.1,52.0,0.0,0.2,available,False
2026-08-31,2026-08-31T14:20:46Z,,Chadi Riad,Crystal Palace,DEF,4.5,4.718,4.714,23.57,5,3.0,0.73,68.8,1.7,2.2,20.0,0.0,0.1,available,False
2026-08-31,2026-08-31T14:20:46Z,,Riccardo Calafiori,Arsenal,DEF,5.5,4.713,4.697,23.49,5,3.2,0.85,61.4,2.5,4.2,109.0,0.0,13.1,available,False
2026-08-31,2026-08-31T14:20:46Z,,Reece James,Chelsea,DEF,5.5,4.71,4.707,23.54,5,3.0,0.79,77.2,2.5,4.0,115.0,0.0,8.1,available,False
2026-08-31,2026-08-31T14:20:46Z,,Evanilson,Bournemouth,FWD,6.0,4.704,4.662,23.31,5,3.6,0.95,78.2,2.0,3.2,115.0,0.0,1.9,available,False
2026-08-31,2026-08-31T14:20:46Z,,Nicolas Jackson,Chelsea,FWD,6.5,4.704,4.697,23.48,5,3.0,0.85,74.2,2.1,0.0,0.0,0.0,0.4,available,False
2026-08-31,2026-08-31T14:20:46Z,,Brian Brobbey,Sunderland,FWD,6.0,4.696,4.665,23.32,5,3.2,0.88,82.6,2.0,3.0,92.0,0.0,22.6,available,False
2026-08-31,2026-08-31T14:20:46Z,,Micky van de Ven,Spurs,DEF,5.0,4.692,4.707,23.53,5,2.8,1.0,90.0,2.2,3.3,116.0,0.0,6.0,available,False
2026-08-31,2026-08-31T14:20:46Z,,Morato,Nott'm Forest,DEF,5.0,4.669,4.674,23.37,5,3.0,0.68,64.2,2.2,2.5,53.0,0.0,0.1,available,False
2026-08-31,2026-08-31T14:20:46Z,,Ollie Watkins,Aston Villa,FWD,8.0,4.655,4.638,23.19,5,3.0,0.84,74.0,2.5,4.5,167.0,0.0,12.4,available,False
2026-08-31,2026-08-31T14:20:46Z,,Ibrahim Sangaré,Nott'm Forest,MID,5.0,4.653,4.659,23.29,5,3.0,0.85,67.0,1.5,3.2,89.0,0.0,0.4,available,False
2026-08-31,2026-08-31T14:20:46Z,,Trevoh Chalobah,Chelsea,DEF,5.5,4.639,4.636,23.18,5,3.0,0.87,75.2,2.5,4.0,136.0,0.0,2.1,available,False
2026-08-31,2026-08-31T14:20:46Z,,Axel Disasi,Chelsea,DEF,4.5,4.638,4.635,23.18,5,3.0,1.0,89.0,1.7,0.0,0.0,0.0,0.1,available,False
2026-08-31,2026-08-31T14:20:46Z,,Curtis Jones,Liverpool,MID,5.5,4.608,4.621,23.11,5,2.6,0.81,89.4,2.0,2.4,81.0,0.0,0.1,available,False
2026-08-31,2026-08-31T14:20:46Z,,Diego Coppola,Brighton,DEF,4.5,4.604,4.608,23.04,5,3.0,0.68,75.0,1.7,2.0,10.0,0.0,0.0,available,False
2026-08-31,2026-08-31T14:20:46Z,,Eberechi Eze,Arsenal,MID,6.5,4.6,4.565,22.83,5,3.2,0.88,69.0,2.3,3.4,113.0,0.0,3.3,available,False
2026-08-31,2026-08-31T14:20:46Z,,Nikola Milenković,Nott'm Forest,DEF,5.5,4.588,4.594,22.97,5,3.0,0.87,81.0,2.5,3.1,119.0,0.0,2.3,available,False
2026-08-31,2026-08-31T14:20:46Z,,Leif Davis,Ipswich Town,DEF,4.0,4.572,4.558,22.79,5,3.2,1.0,72.8,1.0,0.0,0.0,0.0,4.3,available,False
2026-08-31,2026-08-31T14:20:46Z,,Kevin Schade,Brentford,MID,6.0,4.54,4.547,22.74,5,3.0,0.84,72.0,2.1,3.6,125.0,0.0,2.1,available,False
2026-08-31,2026-08-31T14:20:46Z,,Lewis Cook,Bournemouth,MID,5.0,4.531,4.512,22.56,5,3.6,0.69,74.0,1.5,2.2,40.0,0.0,0.1,available,False
2026-08-31,2026-08-31T14:20:46Z,,Luca Netz,Nott'm Forest,DEF,4.5,4.512,4.518,22.59,5,3.0,0.62,62.8,1.7,1.6,11.0,0.0,0.0,available,False
2026-08-31,2026-08-31T14:20:46Z,,Veljko Milosavljević,Bournemouth,DEF,5.0,4.506,4.487,22.44,5,3.6,0.75,70.75,2.2,2.7,19.0,0.0,0.1,available,False
2026-08-31,2026-08-31T14:20:46Z,,Morgan Gibbs-White,Nott'm Forest,MID,8.0,4.5,4.514,22.57,5,3.0,0.86,74.8,2.8,5.1,188.0,0.0,12.8,available,False
2026-08-31,2026-08-31T14:20:46Z,,Sander Berge,Fulham,MID,5.0,4.422,4.398,21.99,5,3.6,0.99,78.6,1.5,2.6,91.0,0.0,0.4,available,False
2026-08-31,2026-08-31T14:20:46Z,,Harry Wilson,Leeds,MID,6.5,4.409,4.445,22.22,5,2.8,0.85,63.4,2.3,4.7,168.0,0.0,9.2,available,False
2026-08-31,2026-08-31T14:20:46Z,,Noah Sadiki,Sunderland,MID,5.0,4.402,4.387,21.94,5,3.2,1.0,83.8,1.5,2.4,80.0,0.0,0.5,available,False
2026-08-31,2026-08-31T14:20:46Z,,James Maddison,Spurs,MID,6.5,4.384,4.413,22.06,5,2.8,0.48,61.8,2.3,1.0,3.0,0.0,2.6,available,False
2026-08-31,2026-08-31T14:20:46Z,,Ismaïla Sarr,Crystal Palace,MID,6.5,4.373,4.359,21.79,5,3.0,0.7,68.8,2.3,4.2,117.0,0.0,11.4,available,False
2026-08-31,2026-08-31T14:20:46Z,,Kasey McAteer,Ipswich Town,MID,4.5,4.364,4.348,21.74,5,3.2,0.68,75.0,1.0,0.0,0.0,0.0,2.1,available,False
2026-08-31,2026-08-31T14:20:46Z,,Merlin Röhl,Everton,MID,5.0,4.359,4.364,21.82,5,3.0,0.61,72.0,1.5,2.2,36.0,0.0,0.1,available,False
2026-08-31,2026-08-31T14:20:46Z,,Rayan,Bournemouth,MID,6.5,4.343,4.305,21.53,5,3.6,0.82,70.0,2.3,4.5,67.0,0.0,3.5,available,False
2026-08-31,2026-08-31T14:20:46Z,,Kalvin Phillips,Man City,MID,5.0,4.334,4.346,21.73,5,2.8,0.93,87.2,1.5,0.0,0.0,0.0,0.0,available,False
2026-08-31,2026-08-31T14:20:46Z,,Rayan Cherki,Man City,MID,7.5,4.31,4.38,21.9,5,2.8,0.61,57.0,2.6,4.1,135.0,0.0,9.9,available,False
2026-08-31,2026-08-31T14:20:46Z,,Saša Lukić,Fulham,MID,5.0,4.293,4.267,21.34,5,3.6,0.78,81.0,1.5,2.6,67.0,0.0,0.1,available,False
2026-08-31,2026-08-31T14:20:46Z,,Dwight McNeil,Everton,MID,5.5,4.286,4.291,21.46,5,3.0,0.87,81.0,2.0,2.4,53.0,0.0,0.1,available,False
2026-08-31,2026-08-31T14:20:46Z,,Pau Torres,Aston Villa,DEF,4.5,4.272,4.267,21.34,5,3.0,0.96,90.0,1.7,3.0,64.0,0.0,0.2,available,False
2026-08-31,2026-08-31T14:20:46Z,,Brenden Aaronson,Leeds,MID,5.5,4.253,4.272,21.36,5,2.8,0.81,60.6,2.0,3.4,126.0,0.0,0.6,available,False
2026-08-31,2026-08-31T14:20:46Z,,Carlos Baleba,Brighton,MID,5.0,4.227,4.232,21.16,5,3.0,0.8,68.6,1.5,1.8,56.0,0.0,0.6,available,False
2026-08-31,2026-08-31T14:20:46Z,,Bafodé Diakité,Bournemouth,DEF,5.0,4.227,4.208,21.04,5,3.6,0.86,65.8,2.2,2.6,46.0,0.0,0.2,available,False
2026-08-31,2026-08-31T14:20:46Z,,Emile Smith Rowe,Fulham,MID,5.5,4.221,4.194,20.97,5,3.6,0.84,69.0,2.0,2.2,80.0,0.0,0.4,available,False
2026-08-31,2026-08-31T14:20:46Z,,Rodrigo,Man City,MID,6.5,4.213,4.256,21.28,5,2.8,0.0,59.4,0.0,3.3,69.0,0.0,0.1,injured,True
2026-08-31,2026-08-31T14:20:46Z,,Bryan Mbeumo,Man Utd,MID,8.0,4.195,4.206,21.03,5,2.8,0.86,66.2,2.8,4.5,148.0,0.0,13.3,available,False
2026-08-31,2026-08-31T14:20:46Z,,Daichi Kamada,Crystal Palace,MID,5.0,4.192,4.187,20.94,5,3.0,0.79,66.0,1.5,2.4,67.0,0.0,0.3,available,False
2026-08-31,2026-08-31T14:20:46Z,,Brennan Johnson,Crystal Palace,MID,6.0,4.185,4.176,20.88,5,3.0,0.85,76.4,2.1,1.9,65.0,0.0,0.2,available,False
2026-08-31,2026-08-31T14:20:46Z,,Justin Devenny,Crystal Palace,MID,5.0,4.181,4.177,20.88,5,3.0,0.5,63.8,1.5,1.7,36.0,0.0,0.0,available,False
2026-08-31,2026-08-31T14:20:46Z,,Keane Lewis-Potter,Brentford,MID,5.5,4.173,4.178,20.89,5,3.0,0.87,89.8,2.0,3.2,115.0,0.0,0.6,available,False
2026-08-31,2026-08-31T14:20:46Z,,Adam Wharton,Crystal Palace,MID,5.5,4.159,4.153,20.76,5,3.0,0.53,69.0,1.5,3.3,112.0,0.0,0.2,doubtful,False
2026-08-31,2026-08-31T14:20:46Z,,Vitaly Janelt,Brentford,MID,5.0,4.156,4.161,20.81,5,3.0,0.72,63.4,1.5,3.0,74.0,0.0,0.1,available,False
2026-08-31,2026-08-31T14:20:46Z,,Murillo,Nott'm Forest,DEF,5.5,4.144,4.15,20.75,5,3.0,0.75,90.0,1.9,3.3,83.0,0.0,0.2,doubtful,False
2026-08-31,2026-08-31T14:20:46Z,,Adam Smith,Bournemouth,DEF,4.5,4.139,4.12,20.6,5,3.6,0.8,69.2,1.7,2.6,58.0,0.0,0.1,available,False
2026-08-31,2026-08-31T14:20:46Z,,Igor Jesus,Nott'm Forest,FWD,6.0,4.13,4.14,20.7,5,3.0,0.79,64.8,2.0,3.1,114.0,0.0,3.9,available,False
2026-08-31,2026-08-31T14:20:46Z,,Ben Johnson,Ipswich Town,DEF,4.0,4.122,4.11,20.55,5,3.2,0.87,79.2,1.0,0.0,0.0,0.0,0.2,available,False
2026-08-31,2026-08-31T14:20:46Z,,Nicolò Savona,Nott'm Forest,DEF,4.5,4.09,4.096,20.48,5,3.0,0.0,79.2,0.0,2.8,39.0,0.0,0.0,injured,True
2026-08-31,2026-08-31T14:20:46Z,,William Osula,Newcastle,FWD,6.0,4.031,4.039,20.2,5,3.0,0.74,76.0,2.0,3.2,76.0,0.0,2.4,available,False
2026-08-31,2026-08-31T14:20:46Z,,Kristoffer Ajer,Brentford,DEF,4.5,4.012,4.016,20.08,5,3.0,0.54,55.4,1.7,2.8,76.0,0.0,0.5,available,False
2026-08-31,2026-08-31T14:20:46Z,,Cristhian Mosquera,Arsenal,DEF,5.5,3.994,3.982,19.91,5,3.2,0.43,47.0,2.5,2.0,40.0,0.0,16.8,available,False
2026-08-31,2026-08-31T14:20:46Z,,Ian Maatsen,Aston Villa,DEF,4.5,3.984,3.979,19.9,5,3.0,0.61,52.0,1.7,1.8,54.0,0.0,0.6,available,False
2026-08-31,2026-08-31T14:20:46Z,,Tetê,Fulham,DEF,4.5,3.98,3.929,19.65,5,3.6,0.69,51.0,1.7,3.7,81.0,0.0,0.2,available,False
2026-08-31,2026-08-31T14:20:46Z,,Alex Iwobi,Fulham,MID,5.5,3.977,3.935,19.68,5,3.6,1.0,76.0,2.0,3.6,103.0,0.0,0.9,available,False
2026-08-31,2026-08-31T14:20:46Z,,Luke O'Nien,Sunderland,DEF,4.0,3.963,3.951,19.75,5,3.2,0.56,72.6,1.0,2.2,26.0,0.0,2.3,available,False
2026-08-31,2026-08-31T14:20:46Z,,Tyrone Mings,Aston Villa,DEF,4.5,3.959,3.954,19.77,5,3.0,0.95,90.0,1.7,2.9,50.0,0.0,0.2,available,False
2026-08-31,2026-08-31T14:20:46Z,,Luke Woolfenden,Coventry City,DEF,4.0,3.958,3.941,19.71,5,3.4,0.67,72.0,1.0,0.0,0.0,0.0,0.3,available,False
2026-08-31,2026-08-31T14:20:46Z,,Sandro Tonali,Spurs,MID,5.5,3.863,3.881,19.4,5,2.8,0.98,89.0,2.0,2.3,81.0,0.0,3.0,available,False
2026-08-31,2026-08-31T14:20:46Z,,Tim Iroegbunam,Everton,MID,5.0,3.83,3.834,19.17,5,3.0,0.62,58.6,1.5,2.3,68.0,0.0,0.1,available,False
2026-08-31,2026-08-31T14:20:46Z,,Lucas Digne,Aston Villa,DEF,4.5,3.821,3.815,19.08,5,3.0,0.63,58.8,1.7,3.1,97.0,0.0,1.4,available,False
2026-08-31,2026-08-31T14:20:46Z,,Wes Burns,Ipswich Town,MID,5.0,3.813,3.802,19.01,5,3.2,0.77,65.8,1.5,0.0,0.0,0.0,0.1,available,False
2026-08-31,2026-08-31T14:20:46Z,,Issa Diop,Ipswich Town,DEF,4.0,3.805,3.793,18.97,5,3.2,0.76,81.0,1.0,2.4,31.0,0.0,21.4,available,False
2026-08-31,2026-08-31T14:20:46Z,,Lamare Bogarde,Aston Villa,MID,5.0,3.787,3.783,18.91,5,3.0,0.55,61.8,1.5,1.4,40.0,0.0,0.1,available,False
2026-08-31,2026-08-31T14:20:46Z,,Dejan Kulusevski,Spurs,MID,6.5,3.742,3.77,18.85,5,2.8,0.0,48.2,0.0,0.0,0.0,0.0,0.0,injured,True
2026-08-31,2026-08-31T14:20:46Z,,Danny Welbeck,Brighton,FWD,6.0,3.724,3.734,18.67,5,3.0,0.77,61.6,2.0,3.4,126.0,0.0,3.0,available,False
2026-08-31,2026-08-31T14:20:46Z,,Mamadou Sarr,Chelsea,DEF,4.5,3.722,3.72,18.6,5,3.0,1.0,81.0,1.7,1.0,3.0,0.0,0.1,available,False
2026-08-31,2026-08-31T14:20:46Z,,Myles Lewis-Skelly,Arsenal,MID,5.5,3.613,3.601,18.0,5,3.2,0.46,64.0,2.0,1.4,29.0,0.0,0.3,available,False
2026-08-31,2026-08-31T14:20:46Z,,Omar Marmoush,Man City,FWD,7.0,3.6,3.634,18.17,5,2.8,0.55,49.6,2.2,2.7,56.0,0.0,0.6,available,False
2026-08-31,2026-08-31T14:20:46Z,,John McGinn,Aston Villa,MID,5.5,3.585,3.576,17.88,5,3.0,0.99,83.6,2.0,3.4,103.0,0.0,2.7,available,False
2026-08-31,2026-08-31T14:20:46Z,,Chris Rigg,Sunderland,MID,5.0,3.579,3.564,17.82,5,3.2,0.97,74.0,1.5,2.0,36.0,0.0,0.1,available,False
2026-08-31,2026-08-31T14:20:46Z,,Simon Adingra,Sunderland,MID,5.0,3.575,3.559,17.8,5,3.2,0.75,60.8,1.5,2.4,34.0,0.0,0.4,available,False
2026-08-31,2026-08-31T14:20:46Z,,Kai Havertz,Arsenal,FWD,7.5,3.556,3.522,17.61,5,3.2,0.73,54.8,2.3,3.0,36.0,0.0,4.3,available,False
2026-08-31,2026-08-31T14:20:46Z,,Noah Okafor,Leeds,MID,6.0,3.551,3.6,18.0,5,2.8,0.64,52.2,2.1,3.9,109.0,0.0,0.9,available,False
2026-08-31,2026-08-31T14:20:46Z,,Tyler Adams,Bournemouth,MID,5.0,3.516,3.496,17.48,5,3.6,0.57,49.6,1.5,3.1,77.0,0.0,0.7,available,False
2026-08-31,2026-08-31T14:20:46Z,,Tyler Fredricson,Man Utd,DEF,4.0,3.506,3.509,17.55,5,2.8,0.6,83.0,1.0,1.0,1.0,0.0,0.1,available,False
2026-08-31,2026-08-31T14:20:46Z,,Benjamin Šeško,Man Utd,FWD,7.0,3.504,3.518,17.59,5,2.8,0.44,58.4,1.7,3.7,111.0,0.0,3.2,doubtful,False
2026-08-31,2026-08-31T14:20:46Z,,Caoimhin Kelleher,Brentford,GKP,5.0,3.488,3.491,17.46,5,3.0,1.0,90.0,2.6,3.9,143.0,0.0,5.6,available,False
2026-08-31,2026-08-31T14:20:46Z,,Victor Lindelöf,Aston Villa,DEF,4.5,3.478,3.474,17.37,5,3.0,0.75,62.4,1.7,1.7,29.0,0.0,0.2,available,False
2026-08-31,2026-08-31T14:20:46Z,,Hákon Rafn Valdimarsson,Brentford,GKP,4.5,3.471,3.474,17.37,5,3.0,0.3,72.0,2.0,1.0,1.0,0.0,0.1,available,False
2026-08-31,2026-08-31T14:20:46Z,,Jack Hinshelwood,Brighton,MID,6.0,3.463,3.47,17.35,5,3.0,0.9,84.4,2.1,3.4,91.0,0.0,0.3,available,False
2026-08-31,2026-08-31T14:20:46Z,,Jeremie Frimpong,Liverpool,DEF,5.5,3.392,3.41,17.05,5,2.6,0.6,56.8,2.5,3.0,63.0,0.0,3.0,available,False
2026-08-31,2026-08-31T14:20:46Z,,Nilson Angulo,Sunderland,MID,5.0,3.379,3.365,16.82,5,3.2,0.59,52.0,1.5,1.6,13.0,0.0,0.1,available,False
2026-08-31,2026-08-31T14:20:46Z,,Giorgi Mamardashvili,Liverpool,GKP,5.0,3.361,3.371,16.85,5,2.6,1.0,83.6,2.6,3.4,34.0,0.0,0.2,available,False
2026-08-31,2026-08-31T14:20:46Z,,Alex Murphy,Newcastle,DEF,4.0,3.352,3.356,16.78,5,3.0,0.48,81.6,1.0,1.0,2.0,0.0,0.8,available,False
2026-08-31,2026-08-31T14:20:46Z,,Freddie Woodman,Liverpool,GKP,4.0,3.343,3.353,16.76,5,2.6,0.68,78.4,1.0,2.0,6.0,0.0,1.3,available,False
2026-08-31,2026-08-31T14:20:46Z,,Liam Delap,Chelsea,FWD,5.5,3.33,3.326,16.63,5,3.0,0.54,61.8,1.8,1.6,45.0,0.0,0.5,available,False
2026-08-31,2026-08-31T14:20:46Z,,Jørgen Strand Larsen,Crystal Palace,FWD,6.0,3.307,3.299,16.49,5,3.0,0.65,48.2,2.0,2.1,75.0,0.0,0.6,available,False
2026-08-31,2026-08-31T14:20:46Z,,Jacob Ramsey,Newcastle,MID,5.0,3.3,3.305,16.53,5,3.0,0.58,57.4,1.5,2.2,62.0,0.0,0.5,available,False
2026-08-31,2026-08-31T14:20:46Z,,James Trafford,Man City,GKP,5.0,3.297,3.308,16.54,5,2.8,1.0,90.0,2.6,3.2,13.0,0.0,0.9,available,False
2026-08-31,2026-08-31T14:20:46Z,,Altay Bayındır,Man Utd,GKP,4.5,3.283,3.286,16.43,5,2.8,1.0,90.0,2.0,1.8,11.0,0.0,0.2,available,False
2026-08-31,2026-08-31T14:20:46Z,,Karl Darlow,Man Utd,GKP,4.5,3.278,3.281,16.4,5,2.8,0.75,90.0,1.5,3.2,71.0,0.0,0.1,doubtful,False
2026-08-31,2026-08-31T14:20:46Z,,Antonín Kinský,Spurs,GKP,4.5,3.277,3.287,16.44,5,2.8,1.0,90.0,2.0,2.9,20.0,0.0,16.6,available,False
2026-08-31,2026-08-31T14:20:46Z,,Martin Dúbravka,Spurs,GKP,4.0,3.27,3.28,16.4,5,2.8,1.0,90.0,1.0,2.7,96.0,0.0,24.8,available,False
2026-08-31,2026-08-31T14:20:46Z,,Senne Lammens,Man Utd,GKP,5.0,3.269,3.272,16.36,5,2.8,1.0,90.0,2.6,3.4,109.0,0.0,20.1,available,False
2026-08-31,2026-08-31T14:20:46Z,,Guglielmo Vicario,Spurs,GKP,4.5,3.268,3.278,16.39,5,2.8,1.0,90.0,2.0,2.9,90.0,0.0,1.7,available,False
2026-08-31,2026-08-31T14:20:46Z,,Gianluigi Donnarumma,Man City,GKP,5.5,3.265,3.276,16.38,5,2.8,1.0,90.0,3.3,4.0,135.0,0.0,11.2,available,False
2026-08-31,2026-08-31T14:20:46Z,,Chemsdine Talbi,Sunderland,MID,5.5,3.238,3.215,16.08,5,3.2,0.74,74.0,2.0,3.0,83.0,0.0,0.2,available,False
2026-08-31,2026-08-31T14:20:46Z,,Archie Gray,Spurs,MID,5.0,3.228,3.241,16.21,5,2.8,0.94,83.0,1.5,2.5,61.0,0.0,0.2,available,False
2026-08-31,2026-08-31T14:20:46Z,,Dean Henderson,Crystal Palace,GKP,5.0,3.21,3.207,16.03,5,3.0,1.0,90.0,2.6,3.5,131.0,0.0,3.1,available,False
2026-08-31,2026-08-31T14:20:46Z,,Mark Travers,Everton,GKP,5.0,3.208,3.211,16.06,5,3.0,1.0,90.0,2.6,0.0,0.0,0.0,0.1,available,False
2026-08-31,2026-08-31T14:20:46Z,,Bart Verbruggen,Brighton,GKP,4.5,3.207,3.21,16.05,5,3.0,1.0,90.0,2.0,3.4,130.0,0.0,16.9,available,False
2026-08-31,2026-08-31T14:20:46Z,,Nick Pope,Newcastle,GKP,5.0,3.205,3.208,16.04,5,3.0,1.0,90.0,2.6,3.6,96.0,0.0,1.0,available,False
2026-08-31,2026-08-31T14:20:46Z,,Loum Tchaouna,Coventry City,MID,5.5,3.195,3.163,15.82,5,3.4,0.68,70.0,2.0,0.0,0.0,0.0,0.1,available,False
2026-08-31,2026-08-31T14:20:46Z,,Noni Madueke,Arsenal,MID,6.5,3.193,3.174,15.87,5,3.2,0.61,47.0,2.3,2.8,72.0,0.0,0.4,available,False
2026-08-31,2026-08-31T14:20:46Z,,Jason Steele,Brighton,GKP,4.0,3.193,3.196,15.98,5,3.0,1.0,90.0,1.0,0.0,0.0,0.0,5.4,available,False
2026-08-31,2026-08-31T14:20:46Z,,Marco Bizot,Aston Villa,GKP,4.5,3.193,3.189,15.95,5,3.0,0.81,81.0,2.0,2.3,16.0,0.0,0.1,available,False
2026-08-31,2026-08-31T14:20:46Z,,Jordan Pickford,Everton,GKP,5.5,3.19,3.193,15.97,5,3.0,1.0,90.0,3.3,3.6,135.0,0.0,9.0,available,False
2026-08-31,2026-08-31T14:20:46Z,,Matz Sels,Nott'm Forest,GKP,5.0,3.188,3.193,15.96,5,3.0,0.99,90.0,2.6,3.4,105.0,0.0,1.4,available,False
2026-08-31,2026-08-31T14:20:46Z,,Robin Roefs,Sunderland,GKP,5.0,3.171,3.162,15.81,5,3.2,1.0,90.0,2.6,3.9,136.0,0.0,5.8,available,False
2026-08-31,2026-08-31T14:20:46Z,,Melker Ellborg,Sunderland,GKP,4.5,3.165,3.156,15.78,5,3.2,1.0,90.0,2.0,5.3,16.0,0.0,0.1,available,False
2026-08-31,2026-08-31T14:20:46Z,,Evann Guessand,Aston Villa,MID,5.5,3.157,3.15,15.75,5,3.0,0.56,53.0,2.0,2.1,44.0,0.0,0.0,available,False
2026-08-31,2026-08-31T14:20:46Z,,Alex Palmer,Ipswich Town,GKP,4.0,3.152,3.143,15.71,5,3.2,1.0,90.0,1.0,0.0,0.0,0.0,6.5,available,False
2026-08-31,2026-08-31T14:20:46Z,,Illan Meslier,Arsenal,GKP,5.0,3.149,3.14,15.7,5,3.2,1.0,90.0,2.6,0.0,0.0,0.0,0.1,available,False
2026-08-31,2026-08-31T14:20:46Z,,Christian Walton,Ipswich Town,GKP,4.5,3.141,3.132,15.66,5,3.2,1.0,90.0,2.0,0.0,0.0,0.0,0.7,available,False
2026-08-31,2026-08-31T14:20:46Z,,Martin Ødegaard,Arsenal,MID,6.5,3.14,3.096,15.48,5,3.2,0.51,52.2,2.3,3.1,74.0,0.0,2.9,available,False
2026-08-31,2026-08-31T14:20:46Z,,Habib Diarra,Sunderland,MID,5.5,3.131,3.107,15.54,5,3.2,0.68,55.2,2.0,3.2,65.0,0.0,0.1,available,False
2026-08-31,2026-08-31T14:20:46Z,,Chiedozie Ogbene,Ipswich Town,MID,5.0,3.109,3.096,15.48,5,3.2,0.65,54.4,1.5,0.0,0.0,0.0,0.0,available,False
2026-08-31,2026-08-31T14:20:46Z,,Wilson Odobert,Spurs,MID,5.5,3.075,3.109,15.54,5,2.8,0.0,53.2,0.0,1.9,46.0,0.0,0.0,injured,True
2026-08-31,2026-08-31T14:20:46Z,,Rio Ngumoha,Liverpool,MID,6.0,3.062,3.085,15.42,5,2.6,0.45,51.8,2.1,2.3,43.0,0.0,1.6,available,False
2026-08-31,2026-08-31T14:20:46Z,,Bernd Leno,Fulham,GKP,4.5,3.033,3.016,15.08,5,3.6,1.0,90.0,2.0,3.2,122.0,0.0,3.2,available,False
2026-08-31,2026-08-31T14:20:46Z,,Fraser Forster,Bournemouth,GKP,4.0,3.028,3.012,15.06,5,3.6,1.0,90.0,1.0,0.0,0.0,0.0,3.2,available,False
2026-08-31,2026-08-31T14:20:46Z,,Đorđe Petrović,Bournemouth,GKP,4.5,3.026,3.01,15.05,5,3.6,1.0,90.0,2.0,3.3,124.0,0.0,3.5,available,False
2026-08-31,2026-08-31T14:20:46Z,,Harrison Armstrong,Everton,MID,5.0,2.935,2.939,14.69,5,3.0,0.65,52.6,1.5,1.6,21.0,0.0,0.1,available,False
2026-08-31,2026-08-31T14:20:46Z,,Omari Hutchinson,Nott'm Forest,MID,5.5,2.924,2.932,14.66,5,3.0,0.59,52.2,2.0,2.6,82.0,0.0,0.2,available,False
2026-08-31,2026-08-31T14:20:46Z,,Miloš Kerkez,Liverpool,DEF,5.5,2.914,2.928,14.64,5,2.6,0.57,47.8,2.5,2.5,85.0,0.0,6.3,available,False
2026-08-31,2026-08-31T14:20:46Z,,Mason Mount,Man Utd,MID,5.5,2.895,2.899,14.49,5,2.8,0.62,54.0,2.0,2.5,58.0,0.0,0.1,available,False
2026-08-31,2026-08-31T14:20:46Z,,Borna Sosa,Crystal Palace,DEF,4.5,2.886,2.882,14.41,5,3.0,0.36,58.4,1.7,0.9,6.0,0.0,0.1,available,False
2026-08-31,2026-08-31T14:20:46Z,,Justin Kluivert,Bournemouth,MID,6.0,2.762,2.716,13.58,5,3.6,0.58,57.2,2.1,2.0,41.0,0.0,0.8,available,False
2026-08-31,2026-08-31T14:20:46Z,,Will Hughes,Crystal Palace,MID,4.5,2.753,2.749,13.75,5,3.0,0.74,53.0,1.0,1.5,45.0,0.0,10.1,available,False
2026-08-31,2026-08-31T14:20:46Z,,Chris Wood,Nott'm Forest,FWD,6.0,2.726,2.739,13.69,5,3.0,0.65,55.0,2.0,2.7,41.0,0.0,1.8,available,False
2026-08-31,2026-08-31T14:20:46Z,,Estêvão,Chelsea,MID,6.5,2.703,2.699,13.49,5,3.0,0.69,54.0,2.3,2.6,58.0,0.0,1.4,available,False
2026-08-31,2026-08-31T14:20:46Z,,Joe Willock,Newcastle,MID,5.0,2.702,2.708,13.54,5,3.0,0.54,58.6,1.5,1.6,38.0,0.0,0.1,available,False
2026-08-31,2026-08-31T14:20:46Z,,Ross Barkley,Aston Villa,MID,5.0,2.692,2.685,13.43,5,3.0,0.49,59.2,1.5,2.7,56.0,0.0,0.2,available,False
2026-08-31,2026-08-31T14:20:46Z,,Amad Diallo,Man Utd,MID,6.0,2.633,2.639,13.19,5,2.8,0.7,53.0,2.1,2.8,91.0,0.0,1.5,available,False
2026-08-31,2026-08-31T14:20:46Z,,Tyler Dibling,Everton,MID,5.5,2.584,2.588,12.94,5,3.0,0.54,51.4,2.0,1.3,18.0,0.0,0.1,available,False
2026-08-31,2026-08-31T14:20:46Z,,Neto,Chelsea,MID,6.5,2.574,2.572,12.86,5,3.0,1.0,90.0,2.3,3.7,125.0,0.0,1.2,available,False
2026-08-31,2026-08-31T14:20:46Z,,Viktor Gyökeres,Arsenal,FWD,7.5,2.565,2.537,12.69,5,3.2,0.54,48.2,2.3,3.6,128.0,0.0,13.9,available,False
2026-08-31,2026-08-31T14:20:46Z,,Jacob Murphy,Newcastle,MID,6.0,2.447,2.453,12.27,5,3.0,0.59,47.6,2.1,2.5,82.0,0.0,0.2,available,False
2026-08-31,2026-08-31T14:20:46Z,,Matt Targett,Hull City,DEF,4.0,2.388,2.376,11.88,5,3.2,0.36,49.8,1.0,0.0,0.0,0.0,1.7,available,False
2026-08-31,2026-08-31T14:20:46Z,,Harvey Barnes,Newcastle,MID,6.0,2.369,2.378,11.89,5,3.0,0.46,48.0,2.1,2.9,106.0,0.0,1.0,available,False
2026-08-31,2026-08-31T14:20:46Z,,Callum Hudson-Odoi,Nott'm Forest,MID,6.0,2.353,2.362,11.81,5,3.0,0.57,56.4,1.6,2.9,88.0,0.0,0.0,doubtful,False
2026-08-31,2026-08-31T14:20:46Z,,Dilane Bakwa,Nott'm Forest,MID,5.5,2.324,2.333,11.67,5,3.0,0.52,45.8,2.0,1.9,26.0,0.0,0.0,available,False
2026-08-31,2026-08-31T14:20:46Z,,Ilia Gruev,Leeds,MID,5.0,2.237,2.251,11.26,5,2.8,0.65,57.6,1.5,2.4,56.0,0.0,0.0,available,False
2026-08-31,2026-08-31T14:20:46Z,,Jordan Henderson,Brentford,MID,5.0,2.16,2.164,10.82,5,3.0,0.49,56.0,1.1,2.4,76.0,0.0,0.0,doubtful,False
2026-08-31,2026-08-31T14:20:46Z,,Jack Taylor,Ipswich Town,MID,4.5,2.159,2.147,10.73,5,3.2,0.42,58.6,1.0,0.0,0.0,0.0,0.5,available,False
2026-08-31,2026-08-31T14:20:46Z,,Ethan Nwaneri,Arsenal,MID,5.5,2.002,1.986,9.93,5,3.2,0.12,46.0,2.0,1.3,8.0,0.0,0.0,available,False
2026-08-31,2026-08-31T14:20:46Z,,Tom Cairney,Fulham,MID,5.0,1.883,1.859,9.29,5,3.6,0.47,51.2,1.5,1.7,41.0,0.0,0.0,available,False
2026-09-01,2026-09-01T11:57:38Z,,Bukayo Saka,Arsenal,MID,9.5,8.949,8.839,44.19,5,3.2,0.93,79.0,3.2,5.1,157.0,0.0,10.8,available,False
2026-09-01,2026-09-01T11:57:38Z,,Jérémy Doku,Man City,MID,7.5,7.886,7.991,39.95,5,2.8,0.74,75.4,2.6,4.0,120.0,0.0,6.6,available,False
2026-09-01,2026-09-01T11:57:38Z,,Hugo Ekitiké,Liverpool,FWD,7.5,7.292,7.382,36.91,5,2.6,0.0,86.8,0.0,4.5,125.0,0.0,0.2,injured,True
2026-09-01,2026-09-01T11:57:38Z,,Erling Haaland,Man City,FWD,15.5,6.726,6.819,34.1,5,2.8,0.99,90.0,4.0,6.8,239.0,0.0,74.9,available,False
2026-09-01,2026-09-01T11:57:38Z,,Cody Gakpo,Liverpool,MID,7.0,6.388,6.452,32.26,5,2.6,0.95,83.0,2.4,3.6,131.0,0.0,3.4,available,False
2026-09-01,2026-09-01T11:57:38Z,,Dominic Calvert-Lewin,Leeds,FWD,6.0,6.342,6.399,32.0,5,2.8,0.94,89.6,2.0,4.1,142.0,0.0,17.7,available,False
2026-09-01,2026-09-01T11:57:38Z,,João Pedro,Chelsea,FWD,7.5,6.16,6.151,30.75,5,3.0,0.95,85.8,2.3,5.1,177.0,0.0,48.8,available,False
2026-09-01,2026-09-01T11:57:38Z,,Pedro Porro,Spurs,DEF,5.5,6.084,6.108,30.54,5,2.8,0.98,90.0,2.5,3.4,117.0,0.0,23.9,available,False
2026-09-01,2026-09-01T11:57:38Z,,Richarlison,Spurs,FWD,6.0,6.066,6.115,30.58,5,2.8,0.73,76.0,2.0,3.7,119.0,0.0,1.6,available,False
2026-09-01,2026-09-01T11:57:38Z,,Cole Palmer,Chelsea,MID,9.5,5.928,5.916,29.58,5,3.0,0.97,89.8,3.2,4.4,114.0,0.0,13.2,available,False
2026-09-01,2026-09-01T11:57:38Z,,Cristian Romero,Spurs,DEF,5.0,5.912,5.926,29.63,5,2.8,0.98,68.6,2.2,4.0,91.0,0.0,1.0,available,False
2026-09-01,2026-09-01T11:57:38Z,,Rayan Aït-Nouri,Man City,DEF,5.5,5.896,5.917,29.58,5,2.8,0.82,63.6,2.5,3.5,60.0,0.0,1.0,available,False
2026-09-01,2026-09-01T11:57:38Z,,Sepp van den Berg,Brentford,DEF,5.0,5.813,5.817,29.09,5,3.0,0.99,90.0,2.2,3.5,113.0,0.0,0.7,available,False
2026-09-01,2026-09-01T11:57:38Z,,James Justin,Leeds,DEF,4.5,5.79,5.804,29.02,5,2.8,0.91,90.0,1.7,3.2,94.0,0.0,0.5,available,False
2026-09-01,2026-09-01T11:57:38Z,,Dominik Szoboszlai,Liverpool,MID,7.0,5.783,5.825,29.13,5,2.6,1.0,90.0,2.4,4.4,160.0,0.0,45.6,available,False
2026-09-01,2026-09-01T11:57:38Z,,Jan Paul van Hecke,Spurs,DEF,5.0,5.764,5.778,28.89,5,2.8,1.0,90.0,2.2,4.1,148.0,0.0,8.3,available,False
2026-09-01,2026-09-01T11:57:38Z,,Kevin Danso,Spurs,DEF,5.0,5.738,5.752,28.76,5,2.8,0.92,90.0,2.2,2.6,63.0,0.0,0.2,available,False
2026-09-01,2026-09-01T11:57:38Z,,Antoine Semenyo,Man City,MID,8.5,5.712,5.783,28.92,5,2.8,1.0,75.0,2.9,5.5,202.0,0.0,20.3,available,False
2026-09-01,2026-09-01T11:57:38Z,,Enzo Le Fée,Sunderland,MID,6.0,5.703,5.673,28.37,5,3.2,0.97,90.0,2.1,4.1,147.0,0.0,7.1,available,False
2026-09-01,2026-09-01T11:57:38Z,,Sven Botman,Newcastle,DEF,5.0,5.702,5.706,28.53,5,3.0,0.96,90.0,2.2,3.6,89.0,0.0,0.4,available,False
2026-09-01,2026-09-01T11:57:38Z,,Marc Guéhi,Man City,DEF,6.0,5.681,5.695,28.47,5,2.8,1.0,90.0,2.8,5.1,179.0,0.0,24.9,available,False
2026-09-01,2026-09-01T11:57:38Z,,Maxence Lacroix,Crystal Palace,DEF,6.0,5.636,5.631,28.16,5,3.0,1.0,90.0,2.8,4.4,154.0,0.0,12.2,available,False
2026-09-01,2026-09-01T11:57:38Z,,Luke Shaw,Man Utd,DEF,4.5,5.632,5.635,28.18,5,2.8,1.0,86.6,1.7,3.0,113.0,0.0,21.0,available,False
2026-09-01,2026-09-01T11:57:38Z,,Michael Kayode,Brentford,DEF,4.5,5.615,5.619,28.1,5,3.0,1.0,90.0,1.7,3.1,113.0,0.0,5.1,available,False
2026-09-01,2026-09-01T11:57:38Z,,Gabriel Gudmundsson,Leeds,DEF,4.5,5.576,5.59,27.95,5,2.8,0.99,80.6,1.7,2.1,68.0,0.0,0.6,available,False
2026-09-01,2026-09-01T11:57:38Z,,Matthijs de Ligt,Man Utd,DEF,5.0,5.561,5.565,27.82,5,2.8,0.0,90.0,0.0,3.3,43.0,0.0,0.0,injured,True
2026-09-01,2026-09-01T11:57:38Z,,James Hill,Bournemouth,DEF,5.5,5.547,5.526,27.63,5,3.6,0.92,90.0,2.5,3.8,110.0,0.0,1.5,available,False
2026-09-01,2026-09-01T11:57:38Z,,Jacob Greaves,Ipswich Town,DEF,4.0,5.53,5.518,27.59,5,3.2,1.0,90.0,1.0,0.0,0.0,0.0,0.5,available,False
2026-09-01,2026-09-01T11:57:38Z,,Anton Stach,Leeds,MID,6.0,5.516,5.539,27.7,5,2.8,0.99,86.4,2.1,4.7,137.0,0.0,1.5,available,False
2026-09-01,2026-09-01T11:57:38Z,,Neco Williams,Nott'm Forest,DEF,5.0,5.504,5.51,27.55,5,3.0,0.87,81.2,2.2,3.5,128.0,0.0,12.7,available,False
2026-09-01,2026-09-01T11:57:38Z,,Piero Hincapié,Arsenal,DEF,5.5,5.497,5.484,27.42,5,3.2,0.69,60.8,2.5,3.5,87.0,0.0,5.3,available,False
2026-09-01,2026-09-01T11:57:38Z,,Adrien Truffert,Bournemouth,DEF,5.5,5.476,5.452,27.26,5,3.6,1.0,90.0,2.5,4.3,165.0,0.0,4.7,available,False
2026-09-01,2026-09-01T11:57:38Z,,Declan Rice,Arsenal,MID,7.5,5.465,5.438,27.19,5,3.2,0.99,84.8,2.6,5.1,184.0,0.0,22.0,available,False
2026-09-01,2026-09-01T11:57:38Z,,Antonee Robinson,Fulham,DEF,4.5,5.464,5.441,27.2,5,3.6,0.94,80.0,1.7,3.0,65.0,0.0,3.5,available,False
2026-09-01,2026-09-01T11:57:38Z,,Ola Aina,Nott'm Forest,DEF,4.5,5.455,5.461,27.3,5,3.0,1.0,89.8,1.7,3.7,67.0,0.0,5.0,available,False
2026-09-01,2026-09-01T11:57:38Z,,Jaydee Canvot,Crystal Palace,DEF,5.0,5.442,5.438,27.19,5,3.0,0.92,90.0,2.2,3.6,72.0,0.0,0.4,available,False
2026-09-01,2026-09-01T11:57:38Z,,Tyrick Mitchell,Crystal Palace,DEF,4.5,5.437,5.433,27.16,5,3.0,0.87,72.0,1.7,3.6,135.0,0.0,7.4,available,False
2026-09-01,2026-09-01T11:57:38Z,,Ethan Pinnock,Brentford,DEF,4.5,5.423,5.427,27.13,5,3.0,1.0,80.8,1.7,3.5,14.0,0.0,0.1,available,False
2026-09-01,2026-09-01T11:57:38Z,,Jayden Bogle,Leeds,DEF,4.5,5.421,5.438,27.19,5,2.8,0.98,80.8,1.7,2.8,96.0,0.0,0.4,available,False
2026-09-01,2026-09-01T11:57:38Z,,Enzo Fernández,Chelsea,MID,7.0,5.42,5.41,27.05,5,3.0,0.99,89.6,2.4,4.4,157.0,0.0,5.1,available,False
2026-09-01,2026-09-01T11:57:38Z,,Harry Maguire,Man Utd,DEF,5.0,5.419,5.423,27.11,5,2.8,0.94,87.6,2.2,3.9,90.0,0.0,6.9,available,False
2026-09-01,2026-09-01T11:57:38Z,,Nordi Mukiele,Sunderland,DEF,5.5,5.411,5.396,26.98,5,3.2,1.0,90.0,2.5,4.7,151.0,0.0,8.2,available,False
2026-09-01,2026-09-01T11:57:38Z,,Virgil van Dijk,Liverpool,DEF,6.5,5.411,5.43,27.15,5,2.6,1.0,90.0,3.1,4.6,175.0,0.0,15.5,available,False
2026-09-01,2026-09-01T11:57:38Z,,Calvin Bassey,Fulham,DEF,4.5,5.391,5.369,26.85,5,3.6,0.99,90.0,1.7,3.4,103.0,0.0,0.5,available,False
2026-09-01,2026-09-01T11:57:38Z,,Max Alleyne,Man City,DEF,5.0,5.386,5.399,26.99,5,2.8,0.95,90.0,2.2,2.5,5.0,0.0,0.1,available,False
2026-09-01,2026-09-01T11:57:38Z,,Conor Bradley,Liverpool,DEF,5.0,5.381,5.393,26.96,5,2.6,0.0,62.2,0.0,2.8,42.0,0.0,0.0,injured,True
2026-09-01,2026-09-01T11:57:38Z,,Michael Keane,Everton,DEF,5.0,5.377,5.381,26.91,5,3.0,0.85,75.2,2.2,4.0,131.0,0.0,1.5,available,False
2026-09-01,2026-09-01T11:57:38Z,,Yankuba Minteh,Brighton,MID,6.0,5.356,5.365,26.82,5,3.0,0.94,87.2,2.1,3.4,117.0,0.0,0.7,available,False
2026-09-01,2026-09-01T11:57:38Z,,Pascal Struijk,Brighton,DEF,5.0,5.342,5.346,26.73,5,3.0,1.0,83.2,2.2,3.2,108.0,0.0,0.5,available,False
2026-09-01,2026-09-01T11:57:38Z,,Elliot Anderson,Man City,MID,6.5,5.342,5.362,26.81,5,2.8,0.87,81.0,2.3,4.7,180.0,0.0,12.2,available,False
2026-09-01,2026-09-01T11:57:38Z,,Jorrel Hato,Chelsea,DEF,4.5,5.34,5.338,26.69,5,3.0,0.83,90.0,1.7,0.9,19.0,0.0,1.6,available,False
2026-09-01,2026-09-01T11:57:38Z,,Marcus Tavernier,Bournemouth,MID,6.0,5.309,5.255,26.27,5,3.6,0.96,86.4,2.1,4.0,137.0,0.0,1.4,available,False
2026-09-01,2026-09-01T11:57:38Z,,Ayden Heaven,Man Utd,DEF,4.5,5.293,5.297,26.48,5,2.8,0.81,69.0,1.7,2.5,42.0,0.0,0.4,available,False
2026-09-01,2026-09-01T11:57:38Z,,Mats Wieffer,Brighton,DEF,5.0,5.289,5.293,26.47,5,3.0,0.95,66.6,2.2,3.6,94.0,0.0,0.4,available,False
2026-09-01,2026-09-01T11:57:38Z,,James Garner,Everton,MID,6.0,5.287,5.292,26.46,5,3.0,0.0,90.0,0.0,4.2,159.0,0.0,2.0,injured,True
2026-09-01,2026-09-01T11:57:38Z,,Omar Alderete,Sunderland,DEF,5.0,5.284,5.271,26.36,5,3.2,0.99,84.6,2.2,3.8,125.0,0.0,1.3,available,False
2026-09-01,2026-09-01T11:57:38Z,,James Tarkowski,Everton,DEF,6.0,5.277,5.282,26.41,5,3.0,1.0,90.0,2.8,4.6,170.0,0.0,10.2,available,False
2026-09-01,2026-09-01T11:57:38Z,,Olivier Boscagli,Brighton,DEF,4.5,5.276,5.28,26.4,5,3.0,0.77,77.8,1.7,3.2,39.0,0.0,0.1,available,False
2026-09-01,2026-09-01T11:57:38Z,,Malick Thiaw,Newcastle,DEF,5.0,5.272,5.276,26.38,5,3.0,0.99,90.0,2.2,3.6,126.0,0.0,2.5,available,False
2026-09-01,2026-09-01T11:57:38Z,,Trai Hume,Sunderland,DEF,4.5,5.265,5.247,26.24,5,3.2,0.85,71.2,1.7,2.9,110.0,0.0,1.4,available,False
2026-09-01,2026-09-01T11:57:38Z,,Fabian Schär,Newcastle,DEF,5.0,5.263,5.268,26.34,5,3.0,0.79,81.6,2.2,3.2,51.0,0.0,0.1,available,False
2026-09-01,2026-09-01T11:57:38Z,,Kenny Tete,Fulham,DEF,4.5,5.256,5.234,26.17,5,3.6,0.86,73.0,1.7,3.7,81.0,0.0,0.2,available,False
2026-09-01,2026-09-01T11:57:38Z,,William Saliba,Arsenal,DEF,6.0,5.254,5.239,26.2,5,3.2,0.0,90.0,0.0,4.4,137.0,0.0,0.5,injured,True
2026-09-01,2026-09-01T11:57:38Z,,Mathys Tel,Spurs,MID,6.0,5.253,5.287,26.44,5,2.8,0.54,68.4,2.1,2.5,78.0,0.0,0.2,available,False
2026-09-01,2026-09-01T11:57:38Z,,Rodrigo Bentancur,Spurs,MID,5.5,5.249,5.265,26.32,5,2.8,0.95,79.0,2.0,3.3,86.0,0.0,0.1,available,False
2026-09-01,2026-09-01T11:57:38Z,,João Gomes,Aston Villa,MID,5.5,5.239,5.233,26.17,5,3.0,0.96,88.8,2.0,3.0,85.0,0.0,0.3,available,False
2026-09-01,2026-09-01T11:57:38Z,,Florian Wirtz,Liverpool,MID,7.5,5.235,5.291,26.46,5,2.6,0.82,71.2,2.6,3.8,125.0,0.0,11.1,available,False
2026-09-01,2026-09-01T11:57:38Z,,Jake O'Brien,Everton,DEF,5.0,5.227,5.231,26.16,5,3.0,0.99,84.6,2.2,3.1,116.0,0.0,0.6,available,False
2026-09-01,2026-09-01T11:57:38Z,,Dara O'Shea,Ipswich Town,DEF,4.0,5.222,5.209,26.05,5,3.2,1.0,90.0,1.0,0.0,0.0,0.0,1.2,available,False
2026-09-01,2026-09-01T11:57:38Z,,Jarrad Branthwaite,Everton,DEF,5.5,5.22,5.224,26.12,5,3.0,0.75,73.0,2.5,3.2,32.0,0.0,2.0,available,False
2026-09-01,2026-09-01T11:57:38Z,,Jurriën Timber,Arsenal,DEF,6.5,5.215,5.201,26.01,5,3.2,0.0,83.4,0.0,5.0,149.0,0.0,0.7,injured,True
2026-09-01,2026-09-01T11:57:38Z,,Matheus Nunes,Man City,DEF,6.0,5.211,5.225,26.12,5,2.8,0.98,83.6,2.8,4.5,154.0,0.0,5.5,available,False
2026-09-01,2026-09-01T11:57:38Z,,Mateus Fernandes,Spurs,MID,6.0,5.191,5.208,26.04,5,2.8,0.98,90.0,2.1,3.8,135.0,0.0,4.6,available,False
2026-09-01,2026-09-01T11:57:38Z,,Dango Ouattara,Brentford,MID,6.5,5.185,5.197,25.99,5,3.0,0.79,76.2,2.3,4.2,136.0,0.0,1.5,available,False
2026-09-01,2026-09-01T11:57:38Z,,Iliman Ndiaye,Everton,MID,6.0,5.177,5.185,25.92,5,3.0,1.0,90.0,2.1,4.0,128.0,0.0,21.3,available,False
2026-09-01,2026-09-01T11:57:38Z,,Mikkel Damsgaard,Brentford,MID,5.5,5.156,5.163,25.82,5,3.0,0.9,85.4,2.0,3.4,113.0,0.0,0.7,available,False
2026-09-01,2026-09-01T11:57:38Z,,Lewis Hall,Newcastle,DEF,5.0,5.151,5.156,25.78,5,3.0,0.81,67.4,2.2,2.6,79.0,0.0,4.6,available,False
2026-09-01,2026-09-01T11:57:38Z,,Joachim Andersen,Fulham,DEF,5.0,5.146,5.125,25.62,5,3.6,0.0,90.0,0.0,3.7,123.0,0.0,0.1,suspended,True
2026-09-01,2026-09-01T11:57:38Z,,Reinildo Mandava,Sunderland,DEF,4.5,5.133,5.121,25.6,5,3.2,0.86,72.0,1.7,3.0,74.0,0.0,0.6,available,False
2026-09-01,2026-09-01T11:57:38Z,,Boubacar Kamara,Aston Villa,MID,5.0,5.119,5.113,25.57,5,3.0,0.73,88.2,1.1,3.4,61.0,0.0,0.1,doubtful,False
2026-09-01,2026-09-01T11:57:38Z,,Alex Scott,Bournemouth,MID,6.0,5.112,5.085,25.42,5,3.6,0.98,89.8,2.1,3.7,136.0,0.0,1.6,available,False
2026-09-01,2026-09-01T11:57:38Z,,Destiny Udogie,Spurs,DEF,4.5,5.111,5.125,25.63,5,2.8,0.87,82.0,1.7,1.4,29.0,0.0,0.4,available,False
2026-09-01,2026-09-01T11:57:38Z,,Morgan Rogers,Chelsea,MID,7.5,5.11,5.103,25.52,5,3.0,1.0,87.6,2.6,4.6,169.0,0.0,33.9,available,False
2026-09-01,2026-09-01T11:57:38Z,,Lewis Dunk,Brighton,DEF,4.5,5.107,5.112,25.56,5,3.0,0.99,90.0,1.7,3.0,100.0,0.0,0.7,available,False
2026-09-01,2026-09-01T11:57:38Z,,Beto,Everton,FWD,5.5,5.097,5.107,25.54,5,3.0,0.81,70.8,1.8,2.8,104.0,0.0,3.4,available,False
2026-09-01,2026-09-01T11:57:38Z,,Daniel Ballard,Sunderland,DEF,5.0,5.094,5.081,25.41,5,3.2,0.81,72.2,2.2,4.0,116.0,0.0,2.6,available,False
2026-09-01,2026-09-01T11:57:38Z,,Nico O'Reilly,Man City,DEF,6.5,5.086,5.102,25.51,5,2.8,0.94,84.8,3.1,4.7,160.0,0.0,24.2,available,False
2026-09-01,2026-09-01T11:57:38Z,,Matty Cash,Aston Villa,DEF,4.5,5.079,5.074,25.37,5,3.0,1.0,88.0,1.7,3.3,117.0,0.0,8.2,available,False
2026-09-01,2026-09-01T11:57:38Z,,Nathan Collins,Brentford,DEF,5.5,5.076,5.08,25.4,5,3.0,0.96,90.0,2.5,3.7,129.0,0.0,2.0,available,False
2026-09-01,2026-09-01T11:57:38Z,,Ethan Ampadu,Leeds,MID,5.5,5.072,5.086,25.43,5,2.8,1.0,90.0,2.0,3.8,134.0,0.0,1.3,available,False
2026-09-01,2026-09-01T11:57:38Z,,Noussair Mazraoui,Man Utd,DEF,4.5,5.055,5.058,25.29,5,2.8,0.7,76.0,1.7,2.6,53.0,0.0,0.8,available,False
2026-09-01,2026-09-01T11:57:38Z,,Jaka Bijol,Leeds,DEF,5.0,5.041,5.054,25.27,5,2.8,0.93,84.8,2.2,4.0,99.0,0.0,0.4,available,False
2026-09-01,2026-09-01T11:57:38Z,,Joelinton,Newcastle,MID,5.5,5.037,5.041,25.21,5,3.0,0.61,75.4,1.5,2.7,73.0,0.0,0.0,doubtful,False
2026-09-01,2026-09-01T11:57:38Z,,Ben Davies,Spurs,DEF,4.0,5.021,5.036,25.18,5,2.8,0.56,64.6,1.0,3.3,10.0,0.0,0.7,available,False
2026-09-01,2026-09-01T11:57:38Z,,Harry Amass,Man Utd,DEF,4.0,5.015,5.02,25.1,5,2.8,0.75,66.25,1.0,0.0,0.0,0.0,0.2,available,False
2026-09-01,2026-09-01T11:57:38Z,,John Egan,Hull City,DEF,4.0,5.006,4.994,24.97,5,3.2,1.0,85.6,1.0,0.0,0.0,0.0,0.8,available,False
2026-09-01,2026-09-01T11:57:38Z,,Chris Richards,Crystal Palace,DEF,5.0,5.006,5.002,25.01,5,3.0,0.87,74.8,2.2,3.9,128.0,0.0,0.8,available,False
2026-09-01,2026-09-01T11:57:38Z,,Ryan Sessegnon,Fulham,DEF,4.5,4.995,4.971,24.85,5,3.6,0.68,62.2,1.7,3.5,95.0,0.0,0.4,available,False
2026-09-01,2026-09-01T11:57:38Z,,Kiernan Dewsbury-Hall,Everton,MID,6.5,4.988,4.995,24.97,5,3.0,0.99,89.6,2.3,4.9,151.0,0.0,4.3,available,False
2026-09-01,2026-09-01T11:57:38Z,,Dan Burn,Newcastle,DEF,5.0,4.98,4.984,24.92,5,3.0,0.7,60.2,2.2,3.2,93.0,0.0,2.7,available,False
2026-09-01,2026-09-01T11:57:38Z,,Youri Tielemans,Man Utd,MID,6.0,4.978,4.982,24.91,5,2.8,0.71,86.6,1.6,2.7,68.0,0.0,1.0,doubtful,False
2026-09-01,2026-09-01T11:57:38Z,,Timothy Castagne,Fulham,DEF,4.5,4.977,4.952,24.76,5,3.6,0.93,88.6,1.7,2.0,61.0,0.0,0.2,available,False
2026-09-01,2026-09-01T11:57:38Z,,Mohammed Kudus,Spurs,MID,6.5,4.971,4.999,24.99,5,2.8,0.75,78.6,1.7,3.9,75.0,0.0,0.3,doubtful,False
2026-09-01,2026-09-01T11:57:38Z,,Lisandro Martínez,Man Utd,DEF,5.0,4.97,4.974,24.87,5,2.8,0.69,83.2,1.6,2.8,51.0,0.0,1.3,doubtful,False
2026-09-01,2026-09-01T11:57:38Z,,Pape Matar Sarr,Spurs,MID,5.0,4.966,4.986,24.93,5,2.8,0.58,64.0,1.5,2.7,71.0,0.0,0.4,available,False
2026-09-01,2026-09-01T11:57:38Z,,Wesley Fofana,Chelsea,DEF,5.0,4.952,4.95,24.75,5,3.0,0.0,77.4,0.0,2.6,65.0,0.0,0.0,suspended,True
2026-09-01,2026-09-01T11:57:38Z,,Lewis Miley,Newcastle,MID,5.5,4.915,4.919,24.6,5,3.0,0.0,76.6,0.0,3.1,72.0,0.0,0.0,injured,True
2026-09-01,2026-09-01T11:57:38Z,,Malo Gusto,Chelsea,DEF,5.0,4.887,4.883,24.42,5,3.0,0.9,87.6,2.2,2.8,96.0,0.0,1.2,available,False
2026-09-01,2026-09-01T11:57:38Z,,Ryan Gravenberch,Liverpool,MID,6.0,4.88,4.902,24.51,5,2.6,0.86,69.4,2.1,4.0,144.0,0.0,1.7,available,False
2026-09-01,2026-09-01T11:57:38Z,,Sebastiaan Bornauw,Leeds,DEF,4.5,4.864,4.876,24.38,5,2.8,0.8,67.4,1.7,2.1,25.0,0.0,0.0,available,False
2026-09-01,2026-09-01T11:57:38Z,,Nathan Patterson,Everton,DEF,4.5,4.826,4.83,24.15,5,3.0,0.78,65.6,1.7,3.1,22.0,0.0,0.1,available,False
2026-09-01,2026-09-01T11:57:38Z,,Yehor Yarmoliuk,Brentford,MID,5.0,4.824,4.829,24.14,5,3.0,0.92,87.8,1.5,2.8,104.0,0.0,1.4,available,False
2026-09-01,2026-09-01T11:57:38Z,,Alexis Mac Allister,Liverpool,MID,5.5,4.822,4.85,24.25,5,2.6,0.81,75.8,2.0,2.9,108.0,0.0,1.9,available,False
2026-09-01,2026-09-01T11:57:38Z,,Jaidon Anthony,Brentford,MID,6.0,4.807,4.817,24.09,5,3.0,0.94,87.4,2.1,0.0,0.0,0.0,0.3,available,False
2026-09-01,2026-09-01T11:57:38Z,,Abdukodir Khusanov,Man City,DEF,5.5,4.806,4.819,24.1,5,2.8,0.89,90.0,2.5,3.2,67.0,0.0,2.0,available,False
2026-09-01,2026-09-01T11:57:38Z,,Mathias Jensen,Brentford,MID,5.5,4.805,4.811,24.05,5,3.0,0.9,84.6,2.0,2.7,98.0,0.0,0.1,available,False
2026-09-01,2026-09-01T11:57:38Z,,Jack Grealish,Man City,MID,6.5,4.801,4.827,24.14,5,2.8,0.84,74.4,2.3,4.0,79.0,0.0,0.3,available,False
2026-09-01,2026-09-01T11:57:38Z,,Pascal Groß,Brighton,MID,5.5,4.791,4.8,24.0,5,3.0,0.96,90.0,2.0,4.1,78.0,0.0,2.0,available,False
2026-09-01,2026-09-01T11:57:38Z,,Conor Gallagher,Spurs,MID,5.5,4.791,4.814,24.07,5,2.8,0.8,87.0,2.0,2.8,44.0,0.0,0.2,available,False
2026-09-01,2026-09-01T11:57:38Z,,Ryan Christie,Bournemouth,MID,5.0,4.787,4.76,23.8,5,3.6,0.0,60.4,0.0,1.8,47.0,0.0,0.1,suspended,True
2026-09-01,2026-09-01T11:57:38Z,,Kobbie Mainoo,Man Utd,MID,5.5,4.784,4.788,23.94,5,2.8,0.83,90.0,2.0,2.6,73.0,0.0,1.3,available,False
2026-09-01,2026-09-01T11:57:38Z,,Zach Abbott,Nott'm Forest,DEF,4.0,4.776,4.781,23.91,5,3.0,0.5,60.5,1.0,1.0,3.0,0.0,0.2,available,False
2026-09-01,2026-09-01T11:57:38Z,,Leny Yoro,Man Utd,DEF,5.0,4.775,4.778,23.89,5,2.8,0.73,75.4,2.2,1.8,56.0,0.0,0.6,available,False
2026-09-01,2026-09-01T11:57:38Z,,Granit Xhaka,Sunderland,MID,5.5,4.767,4.744,23.72,5,3.2,0.98,90.0,2.0,3.6,124.0,0.0,6.5,available,False
2026-09-01,2026-09-01T11:57:38Z,,Amadou Onana,Aston Villa,MID,5.0,4.755,4.75,23.75,5,3.0,0.0,90.0,0.0,3.0,76.0,0.0,0.0,injured,True
2026-09-01,2026-09-01T11:57:38Z,,Joško Gvardiol,Man City,DEF,5.5,4.747,4.764,23.82,5,2.8,0.86,64.4,2.5,4.4,79.0,0.0,6.5,available,False
2026-09-01,2026-09-01T11:57:38Z,,Ferdi Kadıoğlu,Brighton,DEF,4.5,4.746,4.751,23.75,5,3.0,0.97,90.0,1.7,3.2,118.0,0.0,3.1,available,False
2026-09-01,2026-09-01T11:57:38Z,,Joe Rodon,Leeds,DEF,4.5,4.722,4.735,23.68,5,2.8,0.87,81.0,1.7,3.1,109.0,0.0,2.3,available,False
2026-09-01,2026-09-01T11:57:38Z,,Rico Henry,Brentford,DEF,4.5,4.721,4.725,23.63,5,3.0,0.83,88.6,1.7,2.1,52.0,0.0,0.2,available,False
2026-09-01,2026-09-01T11:57:38Z,,Chadi Riad,Crystal Palace,DEF,4.5,4.718,4.714,23.57,5,3.0,0.73,68.8,1.7,2.2,20.0,0.0,0.1,available,False
2026-09-01,2026-09-01T11:57:38Z,,Riccardo Calafiori,Arsenal,DEF,5.5,4.713,4.697,23.49,5,3.2,0.85,61.4,2.5,4.2,109.0,0.0,13.1,available,False
2026-09-01,2026-09-01T11:57:38Z,,Reece James,Chelsea,DEF,5.5,4.71,4.707,23.54,5,3.0,0.79,77.2,2.5,4.0,115.0,0.0,8.1,available,False
2026-09-01,2026-09-01T11:57:38Z,,Evanilson,Bournemouth,FWD,6.0,4.704,4.662,23.31,5,3.6,0.95,78.2,2.0,3.2,115.0,0.0,1.9,available,False
2026-09-01,2026-09-01T11:57:38Z,,Nicolas Jackson,Chelsea,FWD,6.5,4.704,4.697,23.48,5,3.0,0.85,74.2,2.1,0.0,0.0,0.0,0.4,available,False
2026-09-01,2026-09-01T11:57:38Z,,Brian Brobbey,Sunderland,FWD,6.0,4.696,4.665,23.32,5,3.2,0.88,82.6,2.0,3.0,92.0,0.0,22.6,available,False
2026-09-01,2026-09-01T11:57:38Z,,Micky van de Ven,Spurs,DEF,5.0,4.692,4.707,23.53,5,2.8,1.0,90.0,2.2,3.3,116.0,0.0,6.0,available,False
2026-09-01,2026-09-01T11:57:38Z,,Morato,Nott'm Forest,DEF,5.0,4.669,4.674,23.37,5,3.0,0.68,64.2,2.2,2.5,53.0,0.0,0.1,available,False
2026-09-01,2026-09-01T11:57:38Z,,Ollie Watkins,Aston Villa,FWD,8.0,4.655,4.638,23.19,5,3.0,0.84,74.0,2.5,4.5,167.0,0.0,12.4,available,False
2026-09-01,2026-09-01T11:57:38Z,,Ibrahim Sangaré,Nott'm Forest,MID,5.0,4.653,4.659,23.29,5,3.0,0.85,67.0,1.5,3.2,89.0,0.0,0.4,available,False
2026-09-01,2026-09-01T11:57:38Z,,Trevoh Chalobah,Chelsea,DEF,5.5,4.639,4.636,23.18,5,3.0,0.87,75.2,2.5,4.0,136.0,0.0,2.1,available,False
2026-09-01,2026-09-01T11:57:38Z,,Axel Disasi,Chelsea,DEF,4.5,4.638,4.635,23.18,5,3.0,1.0,89.0,1.7,0.0,0.0,0.0,0.1,available,False
2026-09-01,2026-09-01T11:57:38Z,,Curtis Jones,Liverpool,MID,5.5,4.608,4.621,23.11,5,2.6,0.81,89.4,2.0,2.4,81.0,0.0,0.1,available,False
2026-09-01,2026-09-01T11:57:38Z,,Diego Coppola,Brighton,DEF,4.5,4.604,4.608,23.04,5,3.0,0.68,75.0,1.7,2.0,10.0,0.0,0.0,available,False
2026-09-01,2026-09-01T11:57:38Z,,Eberechi Eze,Arsenal,MID,6.5,4.6,4.565,22.83,5,3.2,0.88,69.0,2.3,3.4,113.0,0.0,3.3,available,False
2026-09-01,2026-09-01T11:57:38Z,,Nikola Milenković,Nott'm Forest,DEF,5.5,4.588,4.594,22.97,5,3.0,0.87,81.0,2.5,3.1,119.0,0.0,2.3,available,False
2026-09-01,2026-09-01T11:57:38Z,,Leif Davis,Ipswich Town,DEF,4.0,4.572,4.558,22.79,5,3.2,1.0,72.8,1.0,0.0,0.0,0.0,4.3,available,False
2026-09-01,2026-09-01T11:57:38Z,,Kevin Schade,Brentford,MID,6.0,4.54,4.547,22.74,5,3.0,0.84,72.0,2.1,3.6,125.0,0.0,2.1,available,False
2026-09-01,2026-09-01T11:57:38Z,,Lewis Cook,Bournemouth,MID,5.0,4.531,4.512,22.56,5,3.6,0.69,74.0,1.5,2.2,40.0,0.0,0.1,available,False
2026-09-01,2026-09-01T11:57:38Z,,Luca Netz,Nott'm Forest,DEF,4.5,4.512,4.518,22.59,5,3.0,0.62,62.8,1.7,1.6,11.0,0.0,0.0,available,False
2026-09-01,2026-09-01T11:57:38Z,,Veljko Milosavljević,Bournemouth,DEF,5.0,4.506,4.487,22.44,5,3.6,0.75,70.75,2.2,2.7,19.0,0.0,0.1,available,False
2026-09-01,2026-09-01T11:57:38Z,,Morgan Gibbs-White,Nott'm Forest,MID,8.0,4.5,4.514,22.57,5,3.0,0.86,74.8,2.8,5.1,188.0,0.0,12.8,available,False
2026-09-01,2026-09-01T11:57:38Z,,Sander Berge,Fulham,MID,5.0,4.422,4.398,21.99,5,3.6,0.99,78.6,1.5,2.6,91.0,0.0,0.4,available,False
2026-09-01,2026-09-01T11:57:38Z,,Harry Wilson,Leeds,MID,6.5,4.409,4.445,22.22,5,2.8,0.85,63.4,2.3,4.7,168.0,0.0,9.2,available,False
2026-09-01,2026-09-01T11:57:38Z,,Noah Sadiki,Sunderland,MID,5.0,4.402,4.387,21.94,5,3.2,1.0,83.8,1.5,2.4,80.0,0.0,0.5,available,False
2026-09-01,2026-09-01T11:57:38Z,,James Maddison,Spurs,MID,6.5,4.384,4.413,22.06,5,2.8,0.48,61.8,2.3,1.0,3.0,0.0,2.6,available,False
2026-09-01,2026-09-01T11:57:38Z,,Ismaïla Sarr,Crystal Palace,MID,6.5,4.373,4.359,21.79,5,3.0,0.7,68.8,2.3,4.2,117.0,0.0,11.4,available,False
2026-09-01,2026-09-01T11:57:38Z,,Kasey McAteer,Ipswich Town,MID,4.5,4.364,4.348,21.74,5,3.2,0.68,75.0,1.0,0.0,0.0,0.0,2.1,available,False
2026-09-01,2026-09-01T11:57:38Z,,Merlin Röhl,Everton,MID,5.0,4.359,4.364,21.82,5,3.0,0.61,72.0,1.5,2.2,36.0,0.0,0.1,available,False
2026-09-01,2026-09-01T11:57:38Z,,Rayan,Bournemouth,MID,6.5,4.343,4.305,21.53,5,3.6,0.82,70.0,2.3,4.5,67.0,0.0,3.5,available,False
2026-09-01,2026-09-01T11:57:38Z,,Kalvin Phillips,Man City,MID,5.0,4.334,4.346,21.73,5,2.8,0.93,87.2,1.5,0.0,0.0,0.0,0.0,available,False
2026-09-01,2026-09-01T11:57:38Z,,Rayan Cherki,Man City,MID,7.5,4.31,4.38,21.9,5,2.8,0.61,57.0,2.6,4.1,135.0,0.0,9.9,available,False
2026-09-01,2026-09-01T11:57:38Z,,Saša Lukić,Fulham,MID,5.0,4.293,4.267,21.34,5,3.6,0.78,81.0,1.5,2.6,67.0,0.0,0.1,available,False
2026-09-01,2026-09-01T11:57:38Z,,Dwight McNeil,Everton,MID,5.5,4.286,4.291,21.46,5,3.0,0.87,81.0,2.0,2.4,53.0,0.0,0.1,available,False
2026-09-01,2026-09-01T11:57:38Z,,Pau Torres,Aston Villa,DEF,4.5,4.272,4.267,21.34,5,3.0,0.96,90.0,1.7,3.0,64.0,0.0,0.2,available,False
2026-09-01,2026-09-01T11:57:38Z,,Brenden Aaronson,Leeds,MID,5.5,4.253,4.272,21.36,5,2.8,0.81,60.6,2.0,3.4,126.0,0.0,0.6,available,False
2026-09-01,2026-09-01T11:57:38Z,,Carlos Baleba,Brighton,MID,5.0,4.227,4.232,21.16,5,3.0,0.8,68.6,1.5,1.8,56.0,0.0,0.6,available,False
2026-09-01,2026-09-01T11:57:38Z,,Bafodé Diakité,Bournemouth,DEF,5.0,4.227,4.208,21.04,5,3.6,0.86,65.8,2.2,2.6,46.0,0.0,0.2,available,False
2026-09-01,2026-09-01T11:57:38Z,,Emile Smith Rowe,Fulham,MID,5.5,4.221,4.194,20.97,5,3.6,0.84,69.0,2.0,2.2,80.0,0.0,0.4,available,False
2026-09-01,2026-09-01T11:57:38Z,,Rodrigo,Man City,MID,6.5,4.213,4.256,21.28,5,2.8,0.0,59.4,0.0,3.3,69.0,0.0,0.1,injured,True
2026-09-01,2026-09-01T11:57:38Z,,Bryan Mbeumo,Man Utd,MID,8.0,4.195,4.206,21.03,5,2.8,0.86,66.2,2.8,4.5,148.0,0.0,13.3,available,False
2026-09-01,2026-09-01T11:57:38Z,,Daichi Kamada,Crystal Palace,MID,5.0,4.192,4.187,20.94,5,3.0,0.79,66.0,1.5,2.4,67.0,0.0,0.3,available,False
2026-09-01,2026-09-01T11:57:38Z,,Brennan Johnson,Crystal Palace,MID,6.0,4.185,4.176,20.88,5,3.0,0.85,76.4,2.1,1.9,65.0,0.0,0.2,available,False
2026-09-01,2026-09-01T11:57:38Z,,Justin Devenny,Crystal Palace,MID,5.0,4.181,4.177,20.88,5,3.0,0.5,63.8,1.5,1.7,36.0,0.0,0.0,available,False
2026-09-01,2026-09-01T11:57:38Z,,Keane Lewis-Potter,Brentford,MID,5.5,4.173,4.178,20.89,5,3.0,0.87,89.8,2.0,3.2,115.0,0.0,0.6,available,False
2026-09-01,2026-09-01T11:57:38Z,,Adam Wharton,Crystal Palace,MID,5.5,4.159,4.153,20.76,5,3.0,0.53,69.0,1.5,3.3,112.0,0.0,0.2,doubtful,False
2026-09-01,2026-09-01T11:57:38Z,,Vitaly Janelt,Brentford,MID,5.0,4.156,4.161,20.81,5,3.0,0.72,63.4,1.5,3.0,74.0,0.0,0.1,available,False
2026-09-01,2026-09-01T11:57:38Z,,Murillo,Nott'm Forest,DEF,5.5,4.144,4.15,20.75,5,3.0,0.75,90.0,1.9,3.3,83.0,0.0,0.2,doubtful,False
2026-09-01,2026-09-01T11:57:38Z,,Adam Smith,Bournemouth,DEF,4.5,4.139,4.12,20.6,5,3.6,0.8,69.2,1.7,2.6,58.0,0.0,0.1,available,False
2026-09-01,2026-09-01T11:57:38Z,,Igor Jesus,Nott'm Forest,FWD,6.0,4.13,4.14,20.7,5,3.0,0.79,64.8,2.0,3.1,114.0,0.0,3.9,available,False
2026-09-01,2026-09-01T11:57:38Z,,Ben Johnson,Ipswich Town,DEF,4.0,4.122,4.11,20.55,5,3.2,0.87,79.2,1.0,0.0,0.0,0.0,0.2,available,False
2026-09-01,2026-09-01T11:57:38Z,,Nicolò Savona,Nott'm Forest,DEF,4.5,4.09,4.096,20.48,5,3.0,0.0,79.2,0.0,2.8,39.0,0.0,0.0,injured,True
2026-09-01,2026-09-01T11:57:38Z,,William Osula,Newcastle,FWD,6.0,4.031,4.039,20.2,5,3.0,0.74,76.0,2.0,3.2,76.0,0.0,2.4,available,False
2026-09-01,2026-09-01T11:57:38Z,,Kristoffer Ajer,Brentford,DEF,4.5,4.012,4.016,20.08,5,3.0,0.54,55.4,1.7,2.8,76.0,0.0,0.5,available,False
2026-09-01,2026-09-01T11:57:38Z,,Cristhian Mosquera,Arsenal,DEF,5.5,3.994,3.982,19.91,5,3.2,0.43,47.0,2.5,2.0,40.0,0.0,16.8,available,False
2026-09-01,2026-09-01T11:57:38Z,,Ian Maatsen,Aston Villa,DEF,4.5,3.984,3.979,19.9,5,3.0,0.61,52.0,1.7,1.8,54.0,0.0,0.6,available,False
2026-09-01,2026-09-01T11:57:38Z,,Tetê,Fulham,DEF,4.5,3.98,3.929,19.65,5,3.6,0.69,51.0,1.7,3.7,81.0,0.0,0.2,available,False
2026-09-01,2026-09-01T11:57:38Z,,Alex Iwobi,Fulham,MID,5.5,3.977,3.935,19.68,5,3.6,1.0,76.0,2.0,3.6,103.0,0.0,0.9,available,False
2026-09-01,2026-09-01T11:57:38Z,,Luke O'Nien,Sunderland,DEF,4.0,3.963,3.951,19.75,5,3.2,0.56,72.6,1.0,2.2,26.0,0.0,2.3,available,False
2026-09-01,2026-09-01T11:57:38Z,,Tyrone Mings,Aston Villa,DEF,4.5,3.959,3.954,19.77,5,3.0,0.95,90.0,1.7,2.9,50.0,0.0,0.2,available,False
2026-09-01,2026-09-01T11:57:38Z,,Luke Woolfenden,Coventry City,DEF,4.0,3.958,3.941,19.71,5,3.4,0.67,72.0,1.0,0.0,0.0,0.0,0.3,available,False
2026-09-01,2026-09-01T11:57:38Z,,Sandro Tonali,Spurs,MID,5.5,3.863,3.881,19.4,5,2.8,0.98,89.0,2.0,2.3,81.0,0.0,3.0,available,False
2026-09-01,2026-09-01T11:57:38Z,,Tim Iroegbunam,Everton,MID,5.0,3.83,3.834,19.17,5,3.0,0.62,58.6,1.5,2.3,68.0,0.0,0.1,available,False
2026-09-01,2026-09-01T11:57:38Z,,Lucas Digne,Aston Villa,DEF,4.5,3.821,3.815,19.08,5,3.0,0.63,58.8,1.7,3.1,97.0,0.0,1.4,available,False
2026-09-01,2026-09-01T11:57:38Z,,Wes Burns,Ipswich Town,MID,5.0,3.813,3.802,19.01,5,3.2,0.77,65.8,1.5,0.0,0.0,0.0,0.1,available,False
2026-09-01,2026-09-01T11:57:38Z,,Issa Diop,Ipswich Town,DEF,4.0,3.805,3.793,18.97,5,3.2,0.76,81.0,1.0,2.4,31.0,0.0,21.4,available,False
2026-09-01,2026-09-01T11:57:38Z,,Lamare Bogarde,Aston Villa,MID,5.0,3.787,3.783,18.91,5,3.0,0.55,61.8,1.5,1.4,40.0,0.0,0.1,available,False
2026-09-01,2026-09-01T11:57:38Z,,Dejan Kulusevski,Spurs,MID,6.5,3.742,3.77,18.85,5,2.8,0.0,48.2,0.0,0.0,0.0,0.0,0.0,injured,True
2026-09-01,2026-09-01T11:57:38Z,,Danny Welbeck,Brighton,FWD,6.0,3.724,3.734,18.67,5,3.0,0.77,61.6,2.0,3.4,126.0,0.0,3.0,available,False
2026-09-01,2026-09-01T11:57:38Z,,Mamadou Sarr,Chelsea,DEF,4.5,3.722,3.72,18.6,5,3.0,1.0,81.0,1.7,1.0,3.0,0.0,0.1,available,False
2026-09-01,2026-09-01T11:57:38Z,,Myles Lewis-Skelly,Arsenal,MID,5.5,3.613,3.601,18.0,5,3.2,0.46,64.0,2.0,1.4,29.0,0.0,0.3,available,False
2026-09-01,2026-09-01T11:57:38Z,,Omar Marmoush,Man City,FWD,7.0,3.6,3.634,18.17,5,2.8,0.55,49.6,2.2,2.7,56.0,0.0,0.6,available,False
2026-09-01,2026-09-01T11:57:38Z,,John McGinn,Aston Villa,MID,5.5,3.585,3.576,17.88,5,3.0,0.99,83.6,2.0,3.4,103.0,0.0,2.7,available,False
2026-09-01,2026-09-01T11:57:38Z,,Chris Rigg,Sunderland,MID,5.0,3.579,3.564,17.82,5,3.2,0.97,74.0,1.5,2.0,36.0,0.0,0.1,available,False
2026-09-01,2026-09-01T11:57:38Z,,Simon Adingra,Sunderland,MID,5.0,3.575,3.559,17.8,5,3.2,0.75,60.8,1.5,2.4,34.0,0.0,0.4,available,False
2026-09-01,2026-09-01T11:57:38Z,,Kai Havertz,Arsenal,FWD,7.5,3.556,3.522,17.61,5,3.2,0.73,54.8,2.3,3.0,36.0,0.0,4.3,available,False
2026-09-01,2026-09-01T11:57:38Z,,Noah Okafor,Leeds,MID,6.0,3.551,3.6,18.0,5,2.8,0.64,52.2,2.1,3.9,109.0,0.0,0.9,available,False
2026-09-01,2026-09-01T11:57:38Z,,Tyler Adams,Bournemouth,MID,5.0,3.516,3.496,17.48,5,3.6,0.57,49.6,1.5,3.1,77.0,0.0,0.7,available,False
2026-09-01,2026-09-01T11:57:38Z,,Tyler Fredricson,Man Utd,DEF,4.0,3.506,3.509,17.55,5,2.8,0.6,83.0,1.0,1.0,1.0,0.0,0.1,available,False
2026-09-01,2026-09-01T11:57:38Z,,Benjamin Šeško,Man Utd,FWD,7.0,3.504,3.518,17.59,5,2.8,0.44,58.4,1.7,3.7,111.0,0.0,3.2,doubtful,False
2026-09-01,2026-09-01T11:57:38Z,,Caoimhin Kelleher,Brentford,GKP,5.0,3.488,3.491,17.46,5,3.0,1.0,90.0,2.6,3.9,143.0,0.0,5.6,available,False
2026-09-01,2026-09-01T11:57:38Z,,Victor Lindelöf,Aston Villa,DEF,4.5,3.478,3.474,17.37,5,3.0,0.75,62.4,1.7,1.7,29.0,0.0,0.2,available,False
2026-09-01,2026-09-01T11:57:38Z,,Hákon Rafn Valdimarsson,Brentford,GKP,4.5,3.471,3.474,17.37,5,3.0,0.3,72.0,2.0,1.0,1.0,0.0,0.1,available,False
2026-09-01,2026-09-01T11:57:38Z,,Jack Hinshelwood,Brighton,MID,6.0,3.463,3.47,17.35,5,3.0,0.9,84.4,2.1,3.4,91.0,0.0,0.3,available,False
2026-09-01,2026-09-01T11:57:38Z,,Jeremie Frimpong,Liverpool,DEF,5.5,3.392,3.41,17.05,5,2.6,0.6,56.8,2.5,3.0,63.0,0.0,3.0,available,False
2026-09-01,2026-09-01T11:57:38Z,,Nilson Angulo,Sunderland,MID,5.0,3.379,3.365,16.82,5,3.2,0.59,52.0,1.5,1.6,13.0,0.0,0.1,available,False
2026-09-01,2026-09-01T11:57:38Z,,Giorgi Mamardashvili,Liverpool,GKP,5.0,3.361,3.371,16.85,5,2.6,1.0,83.6,2.6,3.4,34.0,0.0,0.2,available,False
2026-09-01,2026-09-01T11:57:38Z,,Alex Murphy,Newcastle,DEF,4.0,3.352,3.356,16.78,5,3.0,0.48,81.6,1.0,1.0,2.0,0.0,0.8,available,False
2026-09-01,2026-09-01T11:57:38Z,,Freddie Woodman,Liverpool,GKP,4.0,3.343,3.353,16.76,5,2.6,0.68,78.4,1.0,2.0,6.0,0.0,1.3,available,False
2026-09-01,2026-09-01T11:57:38Z,,Liam Delap,Chelsea,FWD,5.5,3.33,3.326,16.63,5,3.0,0.54,61.8,1.8,1.6,45.0,0.0,0.5,available,False
2026-09-01,2026-09-01T11:57:38Z,,Jørgen Strand Larsen,Crystal Palace,FWD,6.0,3.307,3.299,16.49,5,3.0,0.65,48.2,2.0,2.1,75.0,0.0,0.6,available,False
2026-09-01,2026-09-01T11:57:38Z,,Jacob Ramsey,Newcastle,MID,5.0,3.3,3.305,16.53,5,3.0,0.58,57.4,1.5,2.2,62.0,0.0,0.5,available,False
2026-09-01,2026-09-01T11:57:38Z,,James Trafford,Man City,GKP,5.0,3.297,3.308,16.54,5,2.8,1.0,90.0,2.6,3.2,13.0,0.0,0.9,available,False
2026-09-01,2026-09-01T11:57:38Z,,Altay Bayındır,Man Utd,GKP,4.5,3.283,3.286,16.43,5,2.8,1.0,90.0,2.0,1.8,11.0,0.0,0.2,available,False
2026-09-01,2026-09-01T11:57:38Z,,Karl Darlow,Man Utd,GKP,4.5,3.278,3.281,16.4,5,2.8,0.75,90.0,1.5,3.2,71.0,0.0,0.1,doubtful,False
2026-09-01,2026-09-01T11:57:38Z,,Antonín Kinský,Spurs,GKP,4.5,3.277,3.287,16.44,5,2.8,1.0,90.0,2.0,2.9,20.0,0.0,16.6,available,False
2026-09-01,2026-09-01T11:57:38Z,,Martin Dúbravka,Spurs,GKP,4.0,3.27,3.28,16.4,5,2.8,1.0,90.0,1.0,2.7,96.0,0.0,24.8,available,False
2026-09-01,2026-09-01T11:57:38Z,,Senne Lammens,Man Utd,GKP,5.0,3.269,3.272,16.36,5,2.8,1.0,90.0,2.6,3.4,109.0,0.0,20.1,available,False
2026-09-01,2026-09-01T11:57:38Z,,Guglielmo Vicario,Spurs,GKP,4.5,3.268,3.278,16.39,5,2.8,1.0,90.0,2.0,2.9,90.0,0.0,1.7,available,False
2026-09-01,2026-09-01T11:57:38Z,,Gianluigi Donnarumma,Man City,GKP,5.5,3.265,3.276,16.38,5,2.8,1.0,90.0,3.3,4.0,135.0,0.0,11.2,available,False
2026-09-01,2026-09-01T11:57:38Z,,Chemsdine Talbi,Sunderland,MID,5.5,3.238,3.215,16.08,5,3.2,0.74,74.0,2.0,3.0,83.0,0.0,0.2,available,False
2026-09-01,2026-09-01T11:57:38Z,,Archie Gray,Spurs,MID,5.0,3.228,3.241,16.21,5,2.8,0.94,83.0,1.5,2.5,61.0,0.0,0.2,available,False
2026-09-01,2026-09-01T11:57:38Z,,Dean Henderson,Crystal Palace,GKP,5.0,3.21,3.207,16.03,5,3.0,1.0,90.0,2.6,3.5,131.0,0.0,3.1,available,False
2026-09-01,2026-09-01T11:57:38Z,,Mark Travers,Everton,GKP,5.0,3.208,3.211,16.06,5,3.0,1.0,90.0,2.6,0.0,0.0,0.0,0.1,available,False
2026-09-01,2026-09-01T11:57:38Z,,Bart Verbruggen,Brighton,GKP,4.5,3.207,3.21,16.05,5,3.0,1.0,90.0,2.0,3.4,130.0,0.0,16.9,available,False
2026-09-01,2026-09-01T11:57:38Z,,Nick Pope,Newcastle,GKP,5.0,3.205,3.208,16.04,5,3.0,1.0,90.0,2.6,3.6,96.0,0.0,1.0,available,False
2026-09-01,2026-09-01T11:57:38Z,,Loum Tchaouna,Coventry City,MID,5.5,3.195,3.163,15.82,5,3.4,0.68,70.0,2.0,0.0,0.0,0.0,0.1,available,False
2026-09-01,2026-09-01T11:57:38Z,,Noni Madueke,Arsenal,MID,6.5,3.193,3.174,15.87,5,3.2,0.61,47.0,2.3,2.8,72.0,0.0,0.4,available,False
2026-09-01,2026-09-01T11:57:38Z,,Jason Steele,Brighton,GKP,4.0,3.193,3.196,15.98,5,3.0,1.0,90.0,1.0,0.0,0.0,0.0,5.4,available,False
2026-09-01,2026-09-01T11:57:38Z,,Marco Bizot,Aston Villa,GKP,4.5,3.193,3.189,15.95,5,3.0,0.81,81.0,2.0,2.3,16.0,0.0,0.1,available,False
2026-09-01,2026-09-01T11:57:38Z,,Jordan Pickford,Everton,GKP,5.5,3.19,3.193,15.97,5,3.0,1.0,90.0,3.3,3.6,135.0,0.0,9.0,available,False
2026-09-01,2026-09-01T11:57:38Z,,Matz Sels,Nott'm Forest,GKP,5.0,3.188,3.193,15.96,5,3.0,0.99,90.0,2.6,3.4,105.0,0.0,1.4,available,False
2026-09-01,2026-09-01T11:57:38Z,,Robin Roefs,Sunderland,GKP,5.0,3.171,3.162,15.81,5,3.2,1.0,90.0,2.6,3.9,136.0,0.0,5.8,available,False
2026-09-01,2026-09-01T11:57:38Z,,Melker Ellborg,Sunderland,GKP,4.5,3.165,3.156,15.78,5,3.2,1.0,90.0,2.0,5.3,16.0,0.0,0.1,available,False
2026-09-01,2026-09-01T11:57:38Z,,Evann Guessand,Aston Villa,MID,5.5,3.157,3.15,15.75,5,3.0,0.56,53.0,2.0,2.1,44.0,0.0,0.0,available,False
2026-09-01,2026-09-01T11:57:38Z,,Alex Palmer,Ipswich Town,GKP,4.0,3.152,3.143,15.71,5,3.2,1.0,90.0,1.0,0.0,0.0,0.0,6.5,available,False
2026-09-01,2026-09-01T11:57:38Z,,Illan Meslier,Arsenal,GKP,5.0,3.149,3.14,15.7,5,3.2,1.0,90.0,2.6,0.0,0.0,0.0,0.1,available,False
2026-09-01,2026-09-01T11:57:38Z,,Christian Walton,Ipswich Town,GKP,4.5,3.141,3.132,15.66,5,3.2,1.0,90.0,2.0,0.0,0.0,0.0,0.7,available,False
2026-09-01,2026-09-01T11:57:38Z,,Martin Ødegaard,Arsenal,MID,6.5,3.14,3.096,15.48,5,3.2,0.51,52.2,2.3,3.1,74.0,0.0,2.9,available,False
2026-09-01,2026-09-01T11:57:38Z,,Habib Diarra,Sunderland,MID,5.5,3.131,3.107,15.54,5,3.2,0.68,55.2,2.0,3.2,65.0,0.0,0.1,available,False
2026-09-01,2026-09-01T11:57:38Z,,Chiedozie Ogbene,Ipswich Town,MID,5.0,3.109,3.096,15.48,5,3.2,0.65,54.4,1.5,0.0,0.0,0.0,0.0,available,False
2026-09-01,2026-09-01T11:57:38Z,,Wilson Odobert,Spurs,MID,5.5,3.075,3.109,15.54,5,2.8,0.0,53.2,0.0,1.9,46.0,0.0,0.0,injured,True
2026-09-01,2026-09-01T11:57:38Z,,Rio Ngumoha,Liverpool,MID,6.0,3.062,3.085,15.42,5,2.6,0.45,51.8,2.1,2.3,43.0,0.0,1.6,available,False
2026-09-01,2026-09-01T11:57:38Z,,Bernd Leno,Fulham,GKP,4.5,3.033,3.016,15.08,5,3.6,1.0,90.0,2.0,3.2,122.0,0.0,3.2,available,False
2026-09-01,2026-09-01T11:57:38Z,,Fraser Forster,Bournemouth,GKP,4.0,3.028,3.012,15.06,5,3.6,1.0,90.0,1.0,0.0,0.0,0.0,3.2,available,False
2026-09-01,2026-09-01T11:57:38Z,,Đorđe Petrović,Bournemouth,GKP,4.5,3.026,3.01,15.05,5,3.6,1.0,90.0,2.0,3.3,124.0,0.0,3.5,available,False
2026-09-01,2026-09-01T11:57:38Z,,Harrison Armstrong,Everton,MID,5.0,2.935,2.939,14.69,5,3.0,0.65,52.6,1.5,1.6,21.0,0.0,0.1,available,False
2026-09-01,2026-09-01T11:57:38Z,,Omari Hutchinson,Nott'm Forest,MID,5.5,2.924,2.932,14.66,5,3.0,0.59,52.2,2.0,2.6,82.0,0.0,0.2,available,False
2026-09-01,2026-09-01T11:57:38Z,,Miloš Kerkez,Liverpool,DEF,5.5,2.914,2.928,14.64,5,2.6,0.57,47.8,2.5,2.5,85.0,0.0,6.3,available,False
2026-09-01,2026-09-01T11:57:38Z,,Mason Mount,Man Utd,MID,5.5,2.895,2.899,14.49,5,2.8,0.62,54.0,2.0,2.5,58.0,0.0,0.1,available,False
2026-09-01,2026-09-01T11:57:38Z,,Borna Sosa,Crystal Palace,DEF,4.5,2.886,2.882,14.41,5,3.0,0.36,58.4,1.7,0.9,6.0,0.0,0.1,available,False
2026-09-01,2026-09-01T11:57:38Z,,Justin Kluivert,Bournemouth,MID,6.0,2.762,2.716,13.58,5,3.6,0.58,57.2,2.1,2.0,41.0,0.0,0.8,available,False
2026-09-01,2026-09-01T11:57:38Z,,Will Hughes,Crystal Palace,MID,4.5,2.753,2.749,13.75,5,3.0,0.74,53.0,1.0,1.5,45.0,0.0,10.1,available,False
2026-09-01,2026-09-01T11:57:38Z,,Chris Wood,Nott'm Forest,FWD,6.0,2.726,2.739,13.69,5,3.0,0.65,55.0,2.0,2.7,41.0,0.0,1.8,available,False
2026-09-01,2026-09-01T11:57:38Z,,Estêvão,Chelsea,MID,6.5,2.703,2.699,13.49,5,3.0,0.69,54.0,2.3,2.6,58.0,0.0,1.4,available,False
2026-09-01,2026-09-01T11:57:38Z,,Joe Willock,Newcastle,MID,5.0,2.702,2.708,13.54,5,3.0,0.54,58.6,1.5,1.6,38.0,0.0,0.1,available,False
2026-09-01,2026-09-01T11:57:38Z,,Ross Barkley,Aston Villa,MID,5.0,2.692,2.685,13.43,5,3.0,0.49,59.2,1.5,2.7,56.0,0.0,0.2,available,False
2026-09-01,2026-09-01T11:57:38Z,,Amad Diallo,Man Utd,MID,6.0,2.633,2.639,13.19,5,2.8,0.7,53.0,2.1,2.8,91.0,0.0,1.5,available,False
2026-09-01,2026-09-01T11:57:38Z,,Tyler Dibling,Everton,MID,5.5,2.584,2.588,12.94,5,3.0,0.54,51.4,2.0,1.3,18.0,0.0,0.1,available,False
2026-09-01,2026-09-01T11:57:38Z,,Neto,Chelsea,MID,6.5,2.574,2.572,12.86,5,3.0,1.0,90.0,2.3,3.7,125.0,0.0,1.2,available,False
2026-09-01,2026-09-01T11:57:38Z,,Viktor Gyökeres,Arsenal,FWD,7.5,2.565,2.537,12.69,5,3.2,0.54,48.2,2.3,3.6,128.0,0.0,13.9,available,False
2026-09-01,2026-09-01T11:57:38Z,,Jacob Murphy,Newcastle,MID,6.0,2.447,2.453,12.27,5,3.0,0.59,47.6,2.1,2.5,82.0,0.0,0.2,available,False
2026-09-01,2026-09-01T11:57:38Z,,Matt Targett,Hull City,DEF,4.0,2.388,2.376,11.88,5,3.2,0.36,49.8,1.0,0.0,0.0,0.0,1.7,available,False
2026-09-01,2026-09-01T11:57:38Z,,Harvey Barnes,Newcastle,MID,6.0,2.369,2.378,11.89,5,3.0,0.46,48.0,2.1,2.9,106.0,0.0,1.0,available,False
2026-09-01,2026-09-01T11:57:38Z,,Callum Hudson-Odoi,Nott'm Forest,MID,6.0,2.353,2.362,11.81,5,3.0,0.57,56.4,1.6,2.9,88.0,0.0,0.0,doubtful,False
2026-09-01,2026-09-01T11:57:38Z,,Dilane Bakwa,Nott'm Forest,MID,5.5,2.324,2.333,11.67,5,3.0,0.52,45.8,2.0,1.9,26.0,0.0,0.0,available,False
2026-09-01,2026-09-01T11:57:38Z,,Ilia Gruev,Leeds,MID,5.0,2.237,2.251,11.26,5,2.8,0.65,57.6,1.5,2.4,56.0,0.0,0.0,available,False
2026-09-01,2026-09-01T11:57:38Z,,Jordan Henderson,Brentford,MID,5.0,2.16,2.164,10.82,5,3.0,0.49,56.0,1.1,2.4,76.0,0.0,0.0,doubtful,False
2026-09-01,2026-09-01T11:57:38Z,,Jack Taylor,Ipswich Town,MID,4.5,2.159,2.147,10.73,5,3.2,0.42,58.6,1.0,0.0,0.0,0.0,0.5,available,False
2026-09-01,2026-09-01T11:57:38Z,,Ethan Nwaneri,Arsenal,MID,5.5,2.002,1.986,9.93,5,3.2,0.12,46.0,2.0,1.3,8.0,0.0,0.0,available,False
2026-09-01,2026-09-01T11:57:38Z,,Tom Cairney,Fulham,MID,5.0,1.883,1.859,9.29,5,3.6,0.47,51.2,1.5,1.7,41.0,0.0,0.0,available,False
2026-09-02,2026-09-02T11:39:05Z,,Bukayo Saka,Arsenal,MID,9.5,8.949,8.839,44.19,5,3.2,0.93,79.0,3.2,5.1,157.0,0.0,10.8,available,False
2026-09-02,2026-09-02T11:39:05Z,,Jérémy Doku,Man City,MID,7.5,7.886,7.991,39.95,5,2.8,0.74,75.4,2.6,4.0,120.0,0.0,6.6,available,False
2026-09-02,2026-09-02T11:39:05Z,,Hugo Ekitiké,Liverpool,FWD,7.5,7.292,7.382,36.91,5,2.6,0.0,86.8,0.0,4.5,125.0,0.0,0.2,injured,True
2026-09-02,2026-09-02T11:39:05Z,,Erling Haaland,Man City,FWD,15.5,6.726,6.819,34.1,5,2.8,0.99,90.0,4.0,6.8,239.0,0.0,74.9,available,False
2026-09-02,2026-09-02T11:39:05Z,,Cody Gakpo,Liverpool,MID,7.0,6.388,6.452,32.26,5,2.6,0.95,83.0,2.4,3.6,131.0,0.0,3.4,available,False
2026-09-02,2026-09-02T11:39:05Z,,Dominic Calvert-Lewin,Leeds,FWD,6.0,6.342,6.399,32.0,5,2.8,0.94,89.6,2.0,4.1,142.0,0.0,17.7,available,False
2026-09-02,2026-09-02T11:39:05Z,,João Pedro,Chelsea,FWD,7.5,6.16,6.151,30.75,5,3.0,0.95,85.8,2.3,5.1,177.0,0.0,48.8,available,False
2026-09-02,2026-09-02T11:39:05Z,,Pedro Porro,Spurs,DEF,5.5,6.084,6.108,30.54,5,2.8,0.98,90.0,2.5,3.4,117.0,0.0,23.9,available,False
2026-09-02,2026-09-02T11:39:05Z,,Richarlison,Spurs,FWD,6.0,6.066,6.115,30.58,5,2.8,0.73,76.0,2.0,3.7,119.0,0.0,1.6,available,False
2026-09-02,2026-09-02T11:39:05Z,,Cole Palmer,Chelsea,MID,9.5,5.928,5.916,29.58,5,3.0,0.97,89.8,3.2,4.4,114.0,0.0,13.2,available,False
2026-09-02,2026-09-02T11:39:05Z,,Cristian Romero,Spurs,DEF,5.0,5.912,5.926,29.63,5,2.8,0.98,68.6,2.2,4.0,91.0,0.0,1.0,available,False
2026-09-02,2026-09-02T11:39:05Z,,Rayan Aït-Nouri,Man City,DEF,5.5,5.896,5.917,29.58,5,2.8,0.82,63.6,2.5,3.5,60.0,0.0,1.0,available,False
2026-09-02,2026-09-02T11:39:05Z,,Sepp van den Berg,Brentford,DEF,5.0,5.813,5.817,29.09,5,3.0,0.99,90.0,2.2,3.5,113.0,0.0,0.7,available,False
2026-09-02,2026-09-02T11:39:05Z,,James Justin,Leeds,DEF,4.5,5.79,5.804,29.02,5,2.8,0.91,90.0,1.7,3.2,94.0,0.0,0.5,available,False
2026-09-02,2026-09-02T11:39:05Z,,Dominik Szoboszlai,Liverpool,MID,7.0,5.783,5.825,29.13,5,2.6,1.0,90.0,2.4,4.4,160.0,0.0,45.6,available,False
2026-09-02,2026-09-02T11:39:05Z,,Jan Paul van Hecke,Spurs,DEF,5.0,5.764,5.778,28.89,5,2.8,1.0,90.0,2.2,4.1,148.0,0.0,8.3,available,False
2026-09-02,2026-09-02T11:39:05Z,,Kevin Danso,Spurs,DEF,5.0,5.738,5.752,28.76,5,2.8,0.92,90.0,2.2,2.6,63.0,0.0,0.2,available,False
2026-09-02,2026-09-02T11:39:05Z,,Antoine Semenyo,Man City,MID,8.5,5.712,5.783,28.92,5,2.8,1.0,75.0,2.9,5.5,202.0,0.0,20.3,available,False
2026-09-02,2026-09-02T11:39:05Z,,Enzo Le Fée,Sunderland,MID,6.0,5.703,5.673,28.37,5,3.2,0.97,90.0,2.1,4.1,147.0,0.0,7.1,available,False
2026-09-02,2026-09-02T11:39:05Z,,Sven Botman,Newcastle,DEF,5.0,5.702,5.706,28.53,5,3.0,0.96,90.0,2.2,3.6,89.0,0.0,0.4,available,False
2026-09-02,2026-09-02T11:39:05Z,,Marc Guéhi,Man City,DEF,6.0,5.681,5.695,28.47,5,2.8,1.0,90.0,2.8,5.1,179.0,0.0,24.9,available,False
2026-09-02,2026-09-02T11:39:05Z,,Maxence Lacroix,Crystal Palace,DEF,6.0,5.636,5.631,28.16,5,3.0,1.0,90.0,2.8,4.4,154.0,0.0,12.2,available,False
2026-09-02,2026-09-02T11:39:05Z,,Luke Shaw,Man Utd,DEF,4.5,5.632,5.635,28.18,5,2.8,1.0,86.6,1.7,3.0,113.0,0.0,21.0,available,False
2026-09-02,2026-09-02T11:39:05Z,,Michael Kayode,Brentford,DEF,4.5,5.615,5.619,28.1,5,3.0,1.0,90.0,1.7,3.1,113.0,0.0,5.1,available,False
2026-09-02,2026-09-02T11:39:05Z,,Gabriel Gudmundsson,Leeds,DEF,4.5,5.576,5.59,27.95,5,2.8,0.99,80.6,1.7,2.1,68.0,0.0,0.6,available,False
2026-09-02,2026-09-02T11:39:05Z,,Matthijs de Ligt,Man Utd,DEF,5.0,5.561,5.565,27.82,5,2.8,0.0,90.0,0.0,3.3,43.0,0.0,0.0,injured,True
2026-09-02,2026-09-02T11:39:05Z,,James Hill,Bournemouth,DEF,5.5,5.547,5.526,27.63,5,3.6,0.92,90.0,2.5,3.8,110.0,0.0,1.5,available,False
2026-09-02,2026-09-02T11:39:05Z,,Jacob Greaves,Ipswich Town,DEF,4.0,5.53,5.518,27.59,5,3.2,1.0,90.0,1.0,0.0,0.0,0.0,0.5,available,False
2026-09-02,2026-09-02T11:39:05Z,,Anton Stach,Leeds,MID,6.0,5.516,5.539,27.7,5,2.8,0.99,86.4,2.1,4.7,137.0,0.0,1.5,available,False
2026-09-02,2026-09-02T11:39:05Z,,Neco Williams,Nott'm Forest,DEF,5.0,5.504,5.51,27.55,5,3.0,0.87,81.2,2.2,3.5,128.0,0.0,12.7,available,False
2026-09-02,2026-09-02T11:39:05Z,,Piero Hincapié,Arsenal,DEF,5.5,5.497,5.484,27.42,5,3.2,0.69,60.8,2.5,3.5,87.0,0.0,5.3,available,False
2026-09-02,2026-09-02T11:39:05Z,,Adrien Truffert,Bournemouth,DEF,5.5,5.476,5.452,27.26,5,3.6,1.0,90.0,2.5,4.3,165.0,0.0,4.7,available,False
2026-09-02,2026-09-02T11:39:05Z,,Declan Rice,Arsenal,MID,7.5,5.465,5.438,27.19,5,3.2,0.99,84.8,2.6,5.1,184.0,0.0,22.0,available,False
2026-09-02,2026-09-02T11:39:05Z,,Antonee Robinson,Fulham,DEF,4.5,5.464,5.441,27.2,5,3.6,0.94,80.0,1.7,3.0,65.0,0.0,3.5,available,False
2026-09-02,2026-09-02T11:39:05Z,,Ola Aina,Nott'm Forest,DEF,4.5,5.455,5.461,27.3,5,3.0,1.0,89.8,1.7,3.7,67.0,0.0,5.0,available,False
2026-09-02,2026-09-02T11:39:05Z,,Jaydee Canvot,Crystal Palace,DEF,5.0,5.442,5.438,27.19,5,3.0,0.92,90.0,2.2,3.6,72.0,0.0,0.4,available,False
2026-09-02,2026-09-02T11:39:05Z,,Tyrick Mitchell,Crystal Palace,DEF,4.5,5.437,5.433,27.16,5,3.0,0.87,72.0,1.7,3.6,135.0,0.0,7.4,available,False
2026-09-02,2026-09-02T11:39:05Z,,Ethan Pinnock,Brentford,DEF,4.5,5.423,5.427,27.13,5,3.0,1.0,80.8,1.7,3.5,14.0,0.0,0.1,available,False
2026-09-02,2026-09-02T11:39:05Z,,Jayden Bogle,Leeds,DEF,4.5,5.421,5.438,27.19,5,2.8,0.98,80.8,1.7,2.8,96.0,0.0,0.4,available,False
2026-09-02,2026-09-02T11:39:05Z,,Enzo Fernández,Chelsea,MID,7.0,5.42,5.41,27.05,5,3.0,0.99,89.6,2.4,4.4,157.0,0.0,5.1,available,False
2026-09-02,2026-09-02T11:39:05Z,,Harry Maguire,Man Utd,DEF,5.0,5.419,5.423,27.11,5,2.8,0.94,87.6,2.2,3.9,90.0,0.0,6.9,available,False
2026-09-02,2026-09-02T11:39:05Z,,Nordi Mukiele,Sunderland,DEF,5.5,5.411,5.396,26.98,5,3.2,1.0,90.0,2.5,4.7,151.0,0.0,8.2,available,False
2026-09-02,2026-09-02T11:39:05Z,,Virgil van Dijk,Liverpool,DEF,6.5,5.411,5.43,27.15,5,2.6,1.0,90.0,3.1,4.6,175.0,0.0,15.5,available,False
2026-09-02,2026-09-02T11:39:05Z,,Calvin Bassey,Fulham,DEF,4.5,5.391,5.369,26.85,5,3.6,0.99,90.0,1.7,3.4,103.0,0.0,0.5,available,False
2026-09-02,2026-09-02T11:39:05Z,,Max Alleyne,Man City,DEF,5.0,5.386,5.399,26.99,5,2.8,0.95,90.0,2.2,2.5,5.0,0.0,0.1,available,False
2026-09-02,2026-09-02T11:39:05Z,,Conor Bradley,Liverpool,DEF,5.0,5.381,5.393,26.96,5,2.6,0.0,62.2,0.0,2.8,42.0,0.0,0.0,injured,True
2026-09-02,2026-09-02T11:39:05Z,,Michael Keane,Everton,DEF,5.0,5.377,5.381,26.91,5,3.0,0.85,75.2,2.2,4.0,131.0,0.0,1.5,available,False
2026-09-02,2026-09-02T11:39:05Z,,Yankuba Minteh,Brighton,MID,6.0,5.356,5.365,26.82,5,3.0,0.94,87.2,2.1,3.4,117.0,0.0,0.7,available,False
2026-09-02,2026-09-02T11:39:05Z,,Pascal Struijk,Brighton,DEF,5.0,5.342,5.346,26.73,5,3.0,1.0,83.2,2.2,3.2,108.0,0.0,0.5,available,False
2026-09-02,2026-09-02T11:39:05Z,,Elliot Anderson,Man City,MID,6.5,5.342,5.362,26.81,5,2.8,0.87,81.0,2.3,4.7,180.0,0.0,12.2,available,False
2026-09-02,2026-09-02T11:39:05Z,,Jorrel Hato,Chelsea,DEF,4.5,5.34,5.338,26.69,5,3.0,0.83,90.0,1.7,0.9,19.0,0.0,1.6,available,False
2026-09-02,2026-09-02T11:39:05Z,,Marcus Tavernier,Bournemouth,MID,6.0,5.309,5.255,26.27,5,3.6,0.96,86.4,2.1,4.0,137.0,0.0,1.4,available,False
2026-09-02,2026-09-02T11:39:05Z,,Ayden Heaven,Man Utd,DEF,4.5,5.293,5.297,26.48,5,2.8,0.81,69.0,1.7,2.5,42.0,0.0,0.4,available,False
2026-09-02,2026-09-02T11:39:05Z,,Mats Wieffer,Brighton,DEF,5.0,5.289,5.293,26.47,5,3.0,0.95,66.6,2.2,3.6,94.0,0.0,0.4,available,False
2026-09-02,2026-09-02T11:39:05Z,,James Garner,Everton,MID,6.0,5.287,5.292,26.46,5,3.0,0.0,90.0,0.0,4.2,159.0,0.0,2.0,injured,True
2026-09-02,2026-09-02T11:39:05Z,,Omar Alderete,Sunderland,DEF,5.0,5.284,5.271,26.36,5,3.2,0.99,84.6,2.2,3.8,125.0,0.0,1.3,available,False
2026-09-02,2026-09-02T11:39:05Z,,James Tarkowski,Everton,DEF,6.0,5.277,5.282,26.41,5,3.0,1.0,90.0,2.8,4.6,170.0,0.0,10.2,available,False
2026-09-02,2026-09-02T11:39:05Z,,Olivier Boscagli,Brighton,DEF,4.5,5.276,5.28,26.4,5,3.0,0.77,77.8,1.7,3.2,39.0,0.0,0.1,available,False
2026-09-02,2026-09-02T11:39:05Z,,Malick Thiaw,Newcastle,DEF,5.0,5.272,5.276,26.38,5,3.0,0.99,90.0,2.2,3.6,126.0,0.0,2.5,available,False
2026-09-02,2026-09-02T11:39:05Z,,Trai Hume,Sunderland,DEF,4.5,5.265,5.247,26.24,5,3.2,0.85,71.2,1.7,2.9,110.0,0.0,1.4,available,False
2026-09-02,2026-09-02T11:39:05Z,,Fabian Schär,Newcastle,DEF,5.0,5.263,5.268,26.34,5,3.0,0.79,81.6,2.2,3.2,51.0,0.0,0.1,available,False
2026-09-02,2026-09-02T11:39:05Z,,Kenny Tete,Fulham,DEF,4.5,5.256,5.234,26.17,5,3.6,0.86,73.0,1.7,3.7,81.0,0.0,0.2,available,False
2026-09-02,2026-09-02T11:39:05Z,,William Saliba,Arsenal,DEF,6.0,5.254,5.239,26.2,5,3.2,0.0,90.0,0.0,4.4,137.0,0.0,0.5,injured,True
2026-09-02,2026-09-02T11:39:05Z,,Mathys Tel,Spurs,MID,6.0,5.253,5.287,26.44,5,2.8,0.54,68.4,2.1,2.5,78.0,0.0,0.2,available,False
2026-09-02,2026-09-02T11:39:05Z,,Rodrigo Bentancur,Spurs,MID,5.5,5.249,5.265,26.32,5,2.8,0.95,79.0,2.0,3.3,86.0,0.0,0.1,available,False
2026-09-02,2026-09-02T11:39:05Z,,João Gomes,Aston Villa,MID,5.5,5.239,5.233,26.17,5,3.0,0.96,88.8,2.0,3.0,85.0,0.0,0.3,available,False
2026-09-02,2026-09-02T11:39:05Z,,Florian Wirtz,Liverpool,MID,7.5,5.235,5.291,26.46,5,2.6,0.82,71.2,2.6,3.8,125.0,0.0,11.1,available,False
2026-09-02,2026-09-02T11:39:05Z,,Jake O'Brien,Everton,DEF,5.0,5.227,5.231,26.16,5,3.0,0.99,84.6,2.2,3.1,116.0,0.0,0.6,available,False
2026-09-02,2026-09-02T11:39:05Z,,Dara O'Shea,Ipswich Town,DEF,4.0,5.222,5.209,26.05,5,3.2,1.0,90.0,1.0,0.0,0.0,0.0,1.2,available,False
2026-09-02,2026-09-02T11:39:05Z,,Jarrad Branthwaite,Everton,DEF,5.5,5.22,5.224,26.12,5,3.0,0.75,73.0,2.5,3.2,32.0,0.0,2.0,available,False
2026-09-02,2026-09-02T11:39:05Z,,Jurriën Timber,Arsenal,DEF,6.5,5.215,5.201,26.01,5,3.2,0.0,83.4,0.0,5.0,149.0,0.0,0.7,injured,True
2026-09-02,2026-09-02T11:39:05Z,,Matheus Nunes,Man City,DEF,6.0,5.211,5.225,26.12,5,2.8,0.98,83.6,2.8,4.5,154.0,0.0,5.5,available,False
2026-09-02,2026-09-02T11:39:05Z,,Mateus Fernandes,Spurs,MID,6.0,5.191,5.208,26.04,5,2.8,0.98,90.0,2.1,3.8,135.0,0.0,4.6,available,False
2026-09-02,2026-09-02T11:39:05Z,,Dango Ouattara,Brentford,MID,6.5,5.185,5.197,25.99,5,3.0,0.79,76.2,2.3,4.2,136.0,0.0,1.5,available,False
2026-09-02,2026-09-02T11:39:05Z,,Iliman Ndiaye,Everton,MID,6.0,5.177,5.185,25.92,5,3.0,1.0,90.0,2.1,4.0,128.0,0.0,21.3,available,False
2026-09-02,2026-09-02T11:39:05Z,,Mikkel Damsgaard,Brentford,MID,5.5,5.156,5.163,25.82,5,3.0,0.9,85.4,2.0,3.4,113.0,0.0,0.7,available,False
2026-09-02,2026-09-02T11:39:05Z,,Lewis Hall,Newcastle,DEF,5.0,5.151,5.156,25.78,5,3.0,0.81,67.4,2.2,2.6,79.0,0.0,4.6,available,False
2026-09-02,2026-09-02T11:39:05Z,,Joachim Andersen,Fulham,DEF,5.0,5.146,5.125,25.62,5,3.6,0.0,90.0,0.0,3.7,123.0,0.0,0.1,suspended,True
2026-09-02,2026-09-02T11:39:05Z,,Reinildo Mandava,Sunderland,DEF,4.5,5.133,5.121,25.6,5,3.2,0.86,72.0,1.7,3.0,74.0,0.0,0.6,available,False
2026-09-02,2026-09-02T11:39:05Z,,Boubacar Kamara,Aston Villa,MID,5.0,5.119,5.113,25.57,5,3.0,0.73,88.2,1.1,3.4,61.0,0.0,0.1,doubtful,False
2026-09-02,2026-09-02T11:39:05Z,,Alex Scott,Bournemouth,MID,6.0,5.112,5.085,25.42,5,3.6,0.98,89.8,2.1,3.7,136.0,0.0,1.6,available,False
2026-09-02,2026-09-02T11:39:05Z,,Destiny Udogie,Spurs,DEF,4.5,5.111,5.125,25.63,5,2.8,0.87,82.0,1.7,1.4,29.0,0.0,0.4,available,False
2026-09-02,2026-09-02T11:39:05Z,,Morgan Rogers,Chelsea,MID,7.5,5.11,5.103,25.52,5,3.0,1.0,87.6,2.6,4.6,169.0,0.0,33.9,available,False
2026-09-02,2026-09-02T11:39:05Z,,Lewis Dunk,Brighton,DEF,4.5,5.107,5.112,25.56,5,3.0,0.99,90.0,1.7,3.0,100.0,0.0,0.7,available,False
2026-09-02,2026-09-02T11:39:05Z,,Beto,Everton,FWD,5.5,5.097,5.107,25.54,5,3.0,0.81,70.8,1.8,2.8,104.0,0.0,3.4,available,False
2026-09-02,2026-09-02T11:39:05Z,,Daniel Ballard,Sunderland,DEF,5.0,5.094,5.081,25.41,5,3.2,0.81,72.2,2.2,4.0,116.0,0.0,2.6,available,False
2026-09-02,2026-09-02T11:39:05Z,,Nico O'Reilly,Man City,DEF,6.5,5.086,5.102,25.51,5,2.8,0.94,84.8,3.1,4.7,160.0,0.0,24.2,available,False
2026-09-02,2026-09-02T11:39:05Z,,Matty Cash,Aston Villa,DEF,4.5,5.079,5.074,25.37,5,3.0,1.0,88.0,1.7,3.3,117.0,0.0,8.2,available,False
2026-09-02,2026-09-02T11:39:05Z,,Nathan Collins,Brentford,DEF,5.5,5.076,5.08,25.4,5,3.0,0.96,90.0,2.5,3.7,129.0,0.0,2.0,available,False
2026-09-02,2026-09-02T11:39:05Z,,Ethan Ampadu,Leeds,MID,5.5,5.072,5.086,25.43,5,2.8,1.0,90.0,2.0,3.8,134.0,0.0,1.3,available,False
2026-09-02,2026-09-02T11:39:05Z,,Noussair Mazraoui,Man Utd,DEF,4.5,5.055,5.058,25.29,5,2.8,0.7,76.0,1.7,2.6,53.0,0.0,0.8,available,False
2026-09-02,2026-09-02T11:39:05Z,,Jaka Bijol,Leeds,DEF,5.0,5.041,5.054,25.27,5,2.8,0.93,84.8,2.2,4.0,99.0,0.0,0.4,available,False
2026-09-02,2026-09-02T11:39:05Z,,Joelinton,Newcastle,MID,5.5,5.037,5.041,25.21,5,3.0,0.61,75.4,1.5,2.7,73.0,0.0,0.0,doubtful,False
2026-09-02,2026-09-02T11:39:05Z,,Ben Davies,Spurs,DEF,4.0,5.021,5.036,25.18,5,2.8,0.56,64.6,1.0,3.3,10.0,0.0,0.7,available,False
2026-09-02,2026-09-02T11:39:05Z,,Harry Amass,Man Utd,DEF,4.0,5.015,5.02,25.1,5,2.8,0.75,66.25,1.0,0.0,0.0,0.0,0.2,available,False
2026-09-02,2026-09-02T11:39:05Z,,John Egan,Hull City,DEF,4.0,5.006,4.994,24.97,5,3.2,1.0,85.6,1.0,0.0,0.0,0.0,0.8,available,False
2026-09-02,2026-09-02T11:39:05Z,,Chris Richards,Crystal Palace,DEF,5.0,5.006,5.002,25.01,5,3.0,0.87,74.8,2.2,3.9,128.0,0.0,0.8,available,False
2026-09-02,2026-09-02T11:39:05Z,,Ryan Sessegnon,Fulham,DEF,4.5,4.995,4.971,24.85,5,3.6,0.68,62.2,1.7,3.5,95.0,0.0,0.4,available,False
2026-09-02,2026-09-02T11:39:05Z,,Kiernan Dewsbury-Hall,Everton,MID,6.5,4.988,4.995,24.97,5,3.0,0.99,89.6,2.3,4.9,151.0,0.0,4.3,available,False
2026-09-02,2026-09-02T11:39:05Z,,Dan Burn,Newcastle,DEF,5.0,4.98,4.984,24.92,5,3.0,0.7,60.2,2.2,3.2,93.0,0.0,2.7,available,False
2026-09-02,2026-09-02T11:39:05Z,,Youri Tielemans,Man Utd,MID,6.0,4.978,4.982,24.91,5,2.8,0.71,86.6,1.6,2.7,68.0,0.0,1.0,doubtful,False
2026-09-02,2026-09-02T11:39:05Z,,Timothy Castagne,Fulham,DEF,4.5,4.977,4.952,24.76,5,3.6,0.93,88.6,1.7,2.0,61.0,0.0,0.2,available,False
2026-09-02,2026-09-02T11:39:05Z,,Mohammed Kudus,Spurs,MID,6.5,4.971,4.999,24.99,5,2.8,0.75,78.6,1.7,3.9,75.0,0.0,0.3,doubtful,False
2026-09-02,2026-09-02T11:39:05Z,,Lisandro Martínez,Man Utd,DEF,5.0,4.97,4.974,24.87,5,2.8,0.69,83.2,1.6,2.8,51.0,0.0,1.3,doubtful,False
2026-09-02,2026-09-02T11:39:05Z,,Pape Matar Sarr,Spurs,MID,5.0,4.966,4.986,24.93,5,2.8,0.58,64.0,1.5,2.7,71.0,0.0,0.4,available,False
2026-09-02,2026-09-02T11:39:05Z,,Wesley Fofana,Chelsea,DEF,5.0,4.952,4.95,24.75,5,3.0,0.0,77.4,0.0,2.6,65.0,0.0,0.0,suspended,True
2026-09-02,2026-09-02T11:39:05Z,,Lewis Miley,Newcastle,MID,5.5,4.915,4.919,24.6,5,3.0,0.0,76.6,0.0,3.1,72.0,0.0,0.0,injured,True
2026-09-02,2026-09-02T11:39:05Z,,Malo Gusto,Chelsea,DEF,5.0,4.887,4.883,24.42,5,3.0,0.9,87.6,2.2,2.8,96.0,0.0,1.2,available,False
2026-09-02,2026-09-02T11:39:05Z,,Ryan Gravenberch,Liverpool,MID,6.0,4.88,4.902,24.51,5,2.6,0.86,69.4,2.1,4.0,144.0,0.0,1.7,available,False
2026-09-02,2026-09-02T11:39:05Z,,Sebastiaan Bornauw,Leeds,DEF,4.5,4.864,4.876,24.38,5,2.8,0.8,67.4,1.7,2.1,25.0,0.0,0.0,available,False
2026-09-02,2026-09-02T11:39:05Z,,Nathan Patterson,Everton,DEF,4.5,4.826,4.83,24.15,5,3.0,0.78,65.6,1.7,3.1,22.0,0.0,0.1,available,False
2026-09-02,2026-09-02T11:39:05Z,,Yehor Yarmoliuk,Brentford,MID,5.0,4.824,4.829,24.14,5,3.0,0.92,87.8,1.5,2.8,104.0,0.0,1.4,available,False
2026-09-02,2026-09-02T11:39:05Z,,Alexis Mac Allister,Liverpool,MID,5.5,4.822,4.85,24.25,5,2.6,0.81,75.8,2.0,2.9,108.0,0.0,1.9,available,False
2026-09-02,2026-09-02T11:39:05Z,,Jaidon Anthony,Brentford,MID,6.0,4.807,4.817,24.09,5,3.0,0.94,87.4,2.1,0.0,0.0,0.0,0.3,available,False
2026-09-02,2026-09-02T11:39:05Z,,Abdukodir Khusanov,Man City,DEF,5.5,4.806,4.819,24.1,5,2.8,0.89,90.0,2.5,3.2,67.0,0.0,2.0,available,False
2026-09-02,2026-09-02T11:39:05Z,,Mathias Jensen,Brentford,MID,5.5,4.805,4.811,24.05,5,3.0,0.9,84.6,2.0,2.7,98.0,0.0,0.1,available,False
2026-09-02,2026-09-02T11:39:05Z,,Jack Grealish,Man City,MID,6.5,4.801,4.827,24.14,5,2.8,0.84,74.4,2.3,4.0,79.0,0.0,0.3,available,False
2026-09-02,2026-09-02T11:39:05Z,,Pascal Groß,Brighton,MID,5.5,4.791,4.8,24.0,5,3.0,0.96,90.0,2.0,4.1,78.0,0.0,2.0,available,False
2026-09-02,2026-09-02T11:39:05Z,,Conor Gallagher,Spurs,MID,5.5,4.791,4.814,24.07,5,2.8,0.8,87.0,2.0,2.8,44.0,0.0,0.2,available,False
2026-09-02,2026-09-02T11:39:05Z,,Ryan Christie,Bournemouth,MID,5.0,4.787,4.76,23.8,5,3.6,0.0,60.4,0.0,1.8,47.0,0.0,0.1,suspended,True
2026-09-02,2026-09-02T11:39:05Z,,Kobbie Mainoo,Man Utd,MID,5.5,4.784,4.788,23.94,5,2.8,0.83,90.0,2.0,2.6,73.0,0.0,1.3,available,False
2026-09-02,2026-09-02T11:39:05Z,,Zach Abbott,Nott'm Forest,DEF,4.0,4.776,4.781,23.91,5,3.0,0.5,60.5,1.0,1.0,3.0,0.0,0.2,available,False
2026-09-02,2026-09-02T11:39:05Z,,Leny Yoro,Man Utd,DEF,5.0,4.775,4.778,23.89,5,2.8,0.73,75.4,2.2,1.8,56.0,0.0,0.6,available,False
2026-09-02,2026-09-02T11:39:05Z,,Granit Xhaka,Sunderland,MID,5.5,4.767,4.744,23.72,5,3.2,0.98,90.0,2.0,3.6,124.0,0.0,6.5,available,False
2026-09-02,2026-09-02T11:39:05Z,,Amadou Onana,Aston Villa,MID,5.0,4.755,4.75,23.75,5,3.0,0.0,90.0,0.0,3.0,76.0,0.0,0.0,injured,True
2026-09-02,2026-09-02T11:39:05Z,,Joško Gvardiol,Man City,DEF,5.5,4.747,4.764,23.82,5,2.8,0.86,64.4,2.5,4.4,79.0,0.0,6.5,available,False
2026-09-02,2026-09-02T11:39:05Z,,Ferdi Kadıoğlu,Brighton,DEF,4.5,4.746,4.751,23.75,5,3.0,0.97,90.0,1.7,3.2,118.0,0.0,3.1,available,False
2026-09-02,2026-09-02T11:39:05Z,,Joe Rodon,Leeds,DEF,4.5,4.722,4.735,23.68,5,2.8,0.87,81.0,1.7,3.1,109.0,0.0,2.3,available,False
2026-09-02,2026-09-02T11:39:05Z,,Rico Henry,Brentford,DEF,4.5,4.721,4.725,23.63,5,3.0,0.83,88.6,1.7,2.1,52.0,0.0,0.2,available,False
2026-09-02,2026-09-02T11:39:05Z,,Chadi Riad,Crystal Palace,DEF,4.5,4.718,4.714,23.57,5,3.0,0.73,68.8,1.7,2.2,20.0,0.0,0.1,available,False
2026-09-02,2026-09-02T11:39:05Z,,Riccardo Calafiori,Arsenal,DEF,5.5,4.713,4.697,23.49,5,3.2,0.85,61.4,2.5,4.2,109.0,0.0,13.1,available,False
2026-09-02,2026-09-02T11:39:05Z,,Reece James,Chelsea,DEF,5.5,4.71,4.707,23.54,5,3.0,0.79,77.2,2.5,4.0,115.0,0.0,8.1,available,False
2026-09-02,2026-09-02T11:39:05Z,,Evanilson,Bournemouth,FWD,6.0,4.704,4.662,23.31,5,3.6,0.95,78.2,2.0,3.2,115.0,0.0,1.9,available,False
2026-09-02,2026-09-02T11:39:05Z,,Nicolas Jackson,Chelsea,FWD,6.5,4.704,4.697,23.48,5,3.0,0.85,74.2,2.1,0.0,0.0,0.0,0.4,available,False
2026-09-02,2026-09-02T11:39:05Z,,Brian Brobbey,Sunderland,FWD,6.0,4.696,4.665,23.32,5,3.2,0.88,82.6,2.0,3.0,92.0,0.0,22.6,available,False
2026-09-02,2026-09-02T11:39:05Z,,Micky van de Ven,Spurs,DEF,5.0,4.692,4.707,23.53,5,2.8,1.0,90.0,2.2,3.3,116.0,0.0,6.0,available,False
2026-09-02,2026-09-02T11:39:05Z,,Morato,Nott'm Forest,DEF,5.0,4.669,4.674,23.37,5,3.0,0.68,64.2,2.2,2.5,53.0,0.0,0.1,available,False
2026-09-02,2026-09-02T11:39:05Z,,Ollie Watkins,Aston Villa,FWD,8.0,4.655,4.638,23.19,5,3.0,0.84,74.0,2.5,4.5,167.0,0.0,12.4,available,False
2026-09-02,2026-09-02T11:39:05Z,,Ibrahim Sangaré,Nott'm Forest,MID,5.0,4.653,4.659,23.29,5,3.0,0.85,67.0,1.5,3.2,89.0,0.0,0.4,available,False
2026-09-02,2026-09-02T11:39:05Z,,Trevoh Chalobah,Chelsea,DEF,5.5,4.639,4.636,23.18,5,3.0,0.87,75.2,2.5,4.0,136.0,0.0,2.1,available,False
2026-09-02,2026-09-02T11:39:05Z,,Axel Disasi,Chelsea,DEF,4.5,4.638,4.635,23.18,5,3.0,1.0,89.0,1.7,0.0,0.0,0.0,0.1,available,False
2026-09-02,2026-09-02T11:39:05Z,,Curtis Jones,Liverpool,MID,5.5,4.608,4.621,23.11,5,2.6,0.81,89.4,2.0,2.4,81.0,0.0,0.1,available,False
2026-09-02,2026-09-02T11:39:05Z,,Diego Coppola,Brighton,DEF,4.5,4.604,4.608,23.04,5,3.0,0.68,75.0,1.7,2.0,10.0,0.0,0.0,available,False
2026-09-02,2026-09-02T11:39:05Z,,Eberechi Eze,Arsenal,MID,6.5,4.6,4.565,22.83,5,3.2,0.88,69.0,2.3,3.4,113.0,0.0,3.3,available,False
2026-09-02,2026-09-02T11:39:05Z,,Nikola Milenković,Nott'm Forest,DEF,5.5,4.588,4.594,22.97,5,3.0,0.87,81.0,2.5,3.1,119.0,0.0,2.3,available,False
2026-09-02,2026-09-02T11:39:05Z,,Leif Davis,Ipswich Town,DEF,4.0,4.572,4.558,22.79,5,3.2,1.0,72.8,1.0,0.0,0.0,0.0,4.3,available,False
2026-09-02,2026-09-02T11:39:05Z,,Kevin Schade,Brentford,MID,6.0,4.54,4.547,22.74,5,3.0,0.84,72.0,2.1,3.6,125.0,0.0,2.1,available,False
2026-09-02,2026-09-02T11:39:05Z,,Lewis Cook,Bournemouth,MID,5.0,4.531,4.512,22.56,5,3.6,0.69,74.0,1.5,2.2,40.0,0.0,0.1,available,False
2026-09-02,2026-09-02T11:39:05Z,,Luca Netz,Nott'm Forest,DEF,4.5,4.512,4.518,22.59,5,3.0,0.62,62.8,1.7,1.6,11.0,0.0,0.0,available,False
2026-09-02,2026-09-02T11:39:05Z,,Veljko Milosavljević,Bournemouth,DEF,5.0,4.506,4.487,22.44,5,3.6,0.75,70.75,2.2,2.7,19.0,0.0,0.1,available,False
2026-09-02,2026-09-02T11:39:05Z,,Morgan Gibbs-White,Nott'm Forest,MID,8.0,4.5,4.514,22.57,5,3.0,0.86,74.8,2.8,5.1,188.0,0.0,12.8,available,False
2026-09-02,2026-09-02T11:39:05Z,,Sander Berge,Fulham,MID,5.0,4.422,4.398,21.99,5,3.6,0.99,78.6,1.5,2.6,91.0,0.0,0.4,available,False
2026-09-02,2026-09-02T11:39:05Z,,Harry Wilson,Leeds,MID,6.5,4.409,4.445,22.22,5,2.8,0.85,63.4,2.3,4.7,168.0,0.0,9.2,available,False
2026-09-02,2026-09-02T11:39:05Z,,Noah Sadiki,Sunderland,MID,5.0,4.402,4.387,21.94,5,3.2,1.0,83.8,1.5,2.4,80.0,0.0,0.5,available,False
2026-09-02,2026-09-02T11:39:05Z,,James Maddison,Spurs,MID,6.5,4.384,4.413,22.06,5,2.8,0.48,61.8,2.3,1.0,3.0,0.0,2.6,available,False
2026-09-02,2026-09-02T11:39:05Z,,Ismaïla Sarr,Crystal Palace,MID,6.5,4.373,4.359,21.79,5,3.0,0.7,68.8,2.3,4.2,117.0,0.0,11.4,available,False
2026-09-02,2026-09-02T11:39:05Z,,Kasey McAteer,Ipswich Town,MID,4.5,4.364,4.348,21.74,5,3.2,0.68,75.0,1.0,0.0,0.0,0.0,2.1,available,False
2026-09-02,2026-09-02T11:39:05Z,,Merlin Röhl,Everton,MID,5.0,4.359,4.364,21.82,5,3.0,0.61,72.0,1.5,2.2,36.0,0.0,0.1,available,False
2026-09-02,2026-09-02T11:39:05Z,,Rayan,Bournemouth,MID,6.5,4.343,4.305,21.53,5,3.6,0.82,70.0,2.3,4.5,67.0,0.0,3.5,available,False
2026-09-02,2026-09-02T11:39:05Z,,Kalvin Phillips,Man City,MID,5.0,4.334,4.346,21.73,5,2.8,0.93,87.2,1.5,0.0,0.0,0.0,0.0,available,False
2026-09-02,2026-09-02T11:39:05Z,,Rayan Cherki,Man City,MID,7.5,4.31,4.38,21.9,5,2.8,0.61,57.0,2.6,4.1,135.0,0.0,9.9,available,False
2026-09-02,2026-09-02T11:39:05Z,,Saša Lukić,Fulham,MID,5.0,4.293,4.267,21.34,5,3.6,0.78,81.0,1.5,2.6,67.0,0.0,0.1,available,False
2026-09-02,2026-09-02T11:39:05Z,,Dwight McNeil,Everton,MID,5.5,4.286,4.291,21.46,5,3.0,0.87,81.0,2.0,2.4,53.0,0.0,0.1,available,False
2026-09-02,2026-09-02T11:39:05Z,,Pau Torres,Aston Villa,DEF,4.5,4.272,4.267,21.34,5,3.0,0.96,90.0,1.7,3.0,64.0,0.0,0.2,available,False
2026-09-02,2026-09-02T11:39:05Z,,Brenden Aaronson,Leeds,MID,5.5,4.253,4.272,21.36,5,2.8,0.81,60.6,2.0,3.4,126.0,0.0,0.6,available,False
2026-09-02,2026-09-02T11:39:05Z,,Carlos Baleba,Brighton,MID,5.0,4.227,4.232,21.16,5,3.0,0.8,68.6,1.5,1.8,56.0,0.0,0.6,available,False
2026-09-02,2026-09-02T11:39:05Z,,Bafodé Diakité,Bournemouth,DEF,5.0,4.227,4.208,21.04,5,3.6,0.86,65.8,2.2,2.6,46.0,0.0,0.2,available,False
2026-09-02,2026-09-02T11:39:05Z,,Emile Smith Rowe,Fulham,MID,5.5,4.221,4.194,20.97,5,3.6,0.84,69.0,2.0,2.2,80.0,0.0,0.4,available,False
2026-09-02,2026-09-02T11:39:05Z,,Rodrigo,Man City,MID,6.5,4.213,4.256,21.28,5,2.8,0.0,59.4,0.0,3.3,69.0,0.0,0.1,injured,True
2026-09-02,2026-09-02T11:39:05Z,,Bryan Mbeumo,Man Utd,MID,8.0,4.195,4.206,21.03,5,2.8,0.86,66.2,2.8,4.5,148.0,0.0,13.3,available,False
2026-09-02,2026-09-02T11:39:05Z,,Daichi Kamada,Crystal Palace,MID,5.0,4.192,4.187,20.94,5,3.0,0.79,66.0,1.5,2.4,67.0,0.0,0.3,available,False
2026-09-02,2026-09-02T11:39:05Z,,Brennan Johnson,Crystal Palace,MID,6.0,4.185,4.176,20.88,5,3.0,0.85,76.4,2.1,1.9,65.0,0.0,0.2,available,False
2026-09-02,2026-09-02T11:39:05Z,,Justin Devenny,Crystal Palace,MID,5.0,4.181,4.177,20.88,5,3.0,0.5,63.8,1.5,1.7,36.0,0.0,0.0,available,False
2026-09-02,2026-09-02T11:39:05Z,,Keane Lewis-Potter,Brentford,MID,5.5,4.173,4.178,20.89,5,3.0,0.87,89.8,2.0,3.2,115.0,0.0,0.6,available,False
2026-09-02,2026-09-02T11:39:05Z,,Adam Wharton,Crystal Palace,MID,5.5,4.159,4.153,20.76,5,3.0,0.53,69.0,1.5,3.3,112.0,0.0,0.2,doubtful,False
2026-09-02,2026-09-02T11:39:05Z,,Vitaly Janelt,Brentford,MID,5.0,4.156,4.161,20.81,5,3.0,0.72,63.4,1.5,3.0,74.0,0.0,0.1,available,False
2026-09-02,2026-09-02T11:39:05Z,,Murillo,Nott'm Forest,DEF,5.5,4.144,4.15,20.75,5,3.0,0.75,90.0,1.9,3.3,83.0,0.0,0.2,doubtful,False
2026-09-02,2026-09-02T11:39:05Z,,Adam Smith,Bournemouth,DEF,4.5,4.139,4.12,20.6,5,3.6,0.8,69.2,1.7,2.6,58.0,0.0,0.1,available,False
2026-09-02,2026-09-02T11:39:05Z,,Igor Jesus,Nott'm Forest,FWD,6.0,4.13,4.14,20.7,5,3.0,0.79,64.8,2.0,3.1,114.0,0.0,3.9,available,False
2026-09-02,2026-09-02T11:39:05Z,,Ben Johnson,Ipswich Town,DEF,4.0,4.122,4.11,20.55,5,3.2,0.87,79.2,1.0,0.0,0.0,0.0,0.2,available,False
2026-09-02,2026-09-02T11:39:05Z,,Nicolò Savona,Nott'm Forest,DEF,4.5,4.09,4.096,20.48,5,3.0,0.0,79.2,0.0,2.8,39.0,0.0,0.0,injured,True
2026-09-02,2026-09-02T11:39:05Z,,William Osula,Newcastle,FWD,6.0,4.031,4.039,20.2,5,3.0,0.74,76.0,2.0,3.2,76.0,0.0,2.4,available,False
2026-09-02,2026-09-02T11:39:05Z,,Kristoffer Ajer,Brentford,DEF,4.5,4.012,4.016,20.08,5,3.0,0.54,55.4,1.7,2.8,76.0,0.0,0.5,available,False
2026-09-02,2026-09-02T11:39:05Z,,Cristhian Mosquera,Arsenal,DEF,5.5,3.994,3.982,19.91,5,3.2,0.43,47.0,2.5,2.0,40.0,0.0,16.8,available,False
2026-09-02,2026-09-02T11:39:05Z,,Ian Maatsen,Aston Villa,DEF,4.5,3.984,3.979,19.9,5,3.0,0.61,52.0,1.7,1.8,54.0,0.0,0.6,available,False
2026-09-02,2026-09-02T11:39:05Z,,Tetê,Fulham,DEF,4.5,3.98,3.929,19.65,5,3.6,0.69,51.0,1.7,3.7,81.0,0.0,0.2,available,False
2026-09-02,2026-09-02T11:39:05Z,,Alex Iwobi,Fulham,MID,5.5,3.977,3.935,19.68,5,3.6,1.0,76.0,2.0,3.6,103.0,0.0,0.9,available,False
2026-09-02,2026-09-02T11:39:05Z,,Luke O'Nien,Sunderland,DEF,4.0,3.963,3.951,19.75,5,3.2,0.56,72.6,1.0,2.2,26.0,0.0,2.3,available,False
2026-09-02,2026-09-02T11:39:05Z,,Tyrone Mings,Aston Villa,DEF,4.5,3.959,3.954,19.77,5,3.0,0.95,90.0,1.7,2.9,50.0,0.0,0.2,available,False
2026-09-02,2026-09-02T11:39:05Z,,Luke Woolfenden,Coventry City,DEF,4.0,3.958,3.941,19.71,5,3.4,0.67,72.0,1.0,0.0,0.0,0.0,0.3,available,False
2026-09-02,2026-09-02T11:39:05Z,,Sandro Tonali,Spurs,MID,5.5,3.863,3.881,19.4,5,2.8,0.98,89.0,2.0,2.3,81.0,0.0,3.0,available,False
2026-09-02,2026-09-02T11:39:05Z,,Tim Iroegbunam,Everton,MID,5.0,3.83,3.834,19.17,5,3.0,0.62,58.6,1.5,2.3,68.0,0.0,0.1,available,False
2026-09-02,2026-09-02T11:39:05Z,,Lucas Digne,Aston Villa,DEF,4.5,3.821,3.815,19.08,5,3.0,0.63,58.8,1.7,3.1,97.0,0.0,1.4,available,False
2026-09-02,2026-09-02T11:39:05Z,,Wes Burns,Ipswich Town,MID,5.0,3.813,3.802,19.01,5,3.2,0.77,65.8,1.5,0.0,0.0,0.0,0.1,available,False
2026-09-02,2026-09-02T11:39:05Z,,Issa Diop,Ipswich Town,DEF,4.0,3.805,3.793,18.97,5,3.2,0.76,81.0,1.0,2.4,31.0,0.0,21.4,available,False
2026-09-02,2026-09-02T11:39:05Z,,Lamare Bogarde,Aston Villa,MID,5.0,3.787,3.783,18.91,5,3.0,0.55,61.8,1.5,1.4,40.0,0.0,0.1,available,False
2026-09-02,2026-09-02T11:39:05Z,,Dejan Kulusevski,Spurs,MID,6.5,3.742,3.77,18.85,5,2.8,0.0,48.2,0.0,0.0,0.0,0.0,0.0,injured,True
2026-09-02,2026-09-02T11:39:05Z,,Danny Welbeck,Brighton,FWD,6.0,3.724,3.734,18.67,5,3.0,0.77,61.6,2.0,3.4,126.0,0.0,3.0,available,False
2026-09-02,2026-09-02T11:39:05Z,,Mamadou Sarr,Chelsea,DEF,4.5,3.722,3.72,18.6,5,3.0,1.0,81.0,1.7,1.0,3.0,0.0,0.1,available,False
2026-09-02,2026-09-02T11:39:05Z,,Myles Lewis-Skelly,Arsenal,MID,5.5,3.613,3.601,18.0,5,3.2,0.46,64.0,2.0,1.4,29.0,0.0,0.3,available,False
2026-09-02,2026-09-02T11:39:05Z,,Omar Marmoush,Man City,FWD,7.0,3.6,3.634,18.17,5,2.8,0.55,49.6,2.2,2.7,56.0,0.0,0.6,available,False
2026-09-02,2026-09-02T11:39:05Z,,John McGinn,Aston Villa,MID,5.5,3.585,3.576,17.88,5,3.0,0.99,83.6,2.0,3.4,103.0,0.0,2.7,available,False
2026-09-02,2026-09-02T11:39:05Z,,Chris Rigg,Sunderland,MID,5.0,3.579,3.564,17.82,5,3.2,0.97,74.0,1.5,2.0,36.0,0.0,0.1,available,False
2026-09-02,2026-09-02T11:39:05Z,,Simon Adingra,Sunderland,MID,5.0,3.575,3.559,17.8,5,3.2,0.75,60.8,1.5,2.4,34.0,0.0,0.4,available,False
2026-09-02,2026-09-02T11:39:05Z,,Kai Havertz,Arsenal,FWD,7.5,3.556,3.522,17.61,5,3.2,0.73,54.8,2.3,3.0,36.0,0.0,4.3,available,False
2026-09-02,2026-09-02T11:39:05Z,,Noah Okafor,Leeds,MID,6.0,3.551,3.6,18.0,5,2.8,0.64,52.2,2.1,3.9,109.0,0.0,0.9,available,False
2026-09-02,2026-09-02T11:39:05Z,,Tyler Adams,Bournemouth,MID,5.0,3.516,3.496,17.48,5,3.6,0.57,49.6,1.5,3.1,77.0,0.0,0.7,available,False
2026-09-02,2026-09-02T11:39:05Z,,Tyler Fredricson,Man Utd,DEF,4.0,3.506,3.509,17.55,5,2.8,0.6,83.0,1.0,1.0,1.0,0.0,0.1,available,False
2026-09-02,2026-09-02T11:39:05Z,,Benjamin Šeško,Man Utd,FWD,7.0,3.504,3.518,17.59,5,2.8,0.44,58.4,1.7,3.7,111.0,0.0,3.2,doubtful,False
2026-09-02,2026-09-02T11:39:05Z,,Caoimhin Kelleher,Brentford,GKP,5.0,3.488,3.491,17.46,5,3.0,1.0,90.0,2.6,3.9,143.0,0.0,5.6,available,False
2026-09-02,2026-09-02T11:39:05Z,,Victor Lindelöf,Aston Villa,DEF,4.5,3.478,3.474,17.37,5,3.0,0.75,62.4,1.7,1.7,29.0,0.0,0.2,available,False
2026-09-02,2026-09-02T11:39:05Z,,Hákon Rafn Valdimarsson,Brentford,GKP,4.5,3.471,3.474,17.37,5,3.0,0.3,72.0,2.0,1.0,1.0,0.0,0.1,available,False
2026-09-02,2026-09-02T11:39:05Z,,Jack Hinshelwood,Brighton,MID,6.0,3.463,3.47,17.35,5,3.0,0.9,84.4,2.1,3.4,91.0,0.0,0.3,available,False
2026-09-02,2026-09-02T11:39:05Z,,Jeremie Frimpong,Liverpool,DEF,5.5,3.392,3.41,17.05,5,2.6,0.6,56.8,2.5,3.0,63.0,0.0,3.0,available,False
2026-09-02,2026-09-02T11:39:05Z,,Nilson Angulo,Sunderland,MID,5.0,3.379,3.365,16.82,5,3.2,0.59,52.0,1.5,1.6,13.0,0.0,0.1,available,False
2026-09-02,2026-09-02T11:39:05Z,,Giorgi Mamardashvili,Liverpool,GKP,5.0,3.361,3.371,16.85,5,2.6,1.0,83.6,2.6,3.4,34.0,0.0,0.2,available,False
2026-09-02,2026-09-02T11:39:05Z,,Alex Murphy,Newcastle,DEF,4.0,3.352,3.356,16.78,5,3.0,0.48,81.6,1.0,1.0,2.0,0.0,0.8,available,False
2026-09-02,2026-09-02T11:39:05Z,,Freddie Woodman,Liverpool,GKP,4.0,3.343,3.353,16.76,5,2.6,0.68,78.4,1.0,2.0,6.0,0.0,1.3,available,False
2026-09-02,2026-09-02T11:39:05Z,,Liam Delap,Chelsea,FWD,5.5,3.33,3.326,16.63,5,3.0,0.54,61.8,1.8,1.6,45.0,0.0,0.5,available,False
2026-09-02,2026-09-02T11:39:05Z,,Jørgen Strand Larsen,Crystal Palace,FWD,6.0,3.307,3.299,16.49,5,3.0,0.65,48.2,2.0,2.1,75.0,0.0,0.6,available,False
2026-09-02,2026-09-02T11:39:05Z,,Jacob Ramsey,Newcastle,MID,5.0,3.3,3.305,16.53,5,3.0,0.58,57.4,1.5,2.2,62.0,0.0,0.5,available,False
2026-09-02,2026-09-02T11:39:05Z,,James Trafford,Man City,GKP,5.0,3.297,3.308,16.54,5,2.8,1.0,90.0,2.6,3.2,13.0,0.0,0.9,available,False
2026-09-02,2026-09-02T11:39:05Z,,Altay Bayındır,Man Utd,GKP,4.5,3.283,3.286,16.43,5,2.8,1.0,90.0,2.0,1.8,11.0,0.0,0.2,available,False
2026-09-02,2026-09-02T11:39:05Z,,Karl Darlow,Man Utd,GKP,4.5,3.278,3.281,16.4,5,2.8,0.75,90.0,1.5,3.2,71.0,0.0,0.1,doubtful,False
2026-09-02,2026-09-02T11:39:05Z,,Antonín Kinský,Spurs,GKP,4.5,3.277,3.287,16.44,5,2.8,1.0,90.0,2.0,2.9,20.0,0.0,16.6,available,False
2026-09-02,2026-09-02T11:39:05Z,,Martin Dúbravka,Spurs,GKP,4.0,3.27,3.28,16.4,5,2.8,1.0,90.0,1.0,2.7,96.0,0.0,24.8,available,False
2026-09-02,2026-09-02T11:39:05Z,,Senne Lammens,Man Utd,GKP,5.0,3.269,3.272,16.36,5,2.8,1.0,90.0,2.6,3.4,109.0,0.0,20.1,available,False
2026-09-02,2026-09-02T11:39:05Z,,Guglielmo Vicario,Spurs,GKP,4.5,3.268,3.278,16.39,5,2.8,1.0,90.0,2.0,2.9,90.0,0.0,1.7,available,False
2026-09-02,2026-09-02T11:39:05Z,,Gianluigi Donnarumma,Man City,GKP,5.5,3.265,3.276,16.38,5,2.8,1.0,90.0,3.3,4.0,135.0,0.0,11.2,available,False
2026-09-02,2026-09-02T11:39:05Z,,Chemsdine Talbi,Sunderland,MID,5.5,3.238,3.215,16.08,5,3.2,0.74,74.0,2.0,3.0,83.0,0.0,0.2,available,False
2026-09-02,2026-09-02T11:39:05Z,,Archie Gray,Spurs,MID,5.0,3.228,3.241,16.21,5,2.8,0.94,83.0,1.5,2.5,61.0,0.0,0.2,available,False
2026-09-02,2026-09-02T11:39:05Z,,Dean Henderson,Crystal Palace,GKP,5.0,3.21,3.207,16.03,5,3.0,1.0,90.0,2.6,3.5,131.0,0.0,3.1,available,False
2026-09-02,2026-09-02T11:39:05Z,,Mark Travers,Everton,GKP,5.0,3.208,3.211,16.06,5,3.0,1.0,90.0,2.6,0.0,0.0,0.0,0.1,available,False
2026-09-02,2026-09-02T11:39:05Z,,Bart Verbruggen,Brighton,GKP,4.5,3.207,3.21,16.05,5,3.0,1.0,90.0,2.0,3.4,130.0,0.0,16.9,available,False
2026-09-02,2026-09-02T11:39:05Z,,Nick Pope,Newcastle,GKP,5.0,3.205,3.208,16.04,5,3.0,1.0,90.0,2.6,3.6,96.0,0.0,1.0,available,False
2026-09-02,2026-09-02T11:39:05Z,,Loum Tchaouna,Coventry City,MID,5.5,3.195,3.163,15.82,5,3.4,0.68,70.0,2.0,0.0,0.0,0.0,0.1,available,False
2026-09-02,2026-09-02T11:39:05Z,,Noni Madueke,Arsenal,MID,6.5,3.193,3.174,15.87,5,3.2,0.61,47.0,2.3,2.8,72.0,0.0,0.4,available,False
2026-09-02,2026-09-02T11:39:05Z,,Jason Steele,Brighton,GKP,4.0,3.193,3.196,15.98,5,3.0,1.0,90.0,1.0,0.0,0.0,0.0,5.4,available,False
2026-09-02,2026-09-02T11:39:05Z,,Marco Bizot,Aston Villa,GKP,4.5,3.193,3.189,15.95,5,3.0,0.81,81.0,2.0,2.3,16.0,0.0,0.1,available,False
2026-09-02,2026-09-02T11:39:05Z,,Jordan Pickford,Everton,GKP,5.5,3.19,3.193,15.97,5,3.0,1.0,90.0,3.3,3.6,135.0,0.0,9.0,available,False
2026-09-02,2026-09-02T11:39:05Z,,Matz Sels,Nott'm Forest,GKP,5.0,3.188,3.193,15.96,5,3.0,0.99,90.0,2.6,3.4,105.0,0.0,1.4,available,False
2026-09-02,2026-09-02T11:39:05Z,,Robin Roefs,Sunderland,GKP,5.0,3.171,3.162,15.81,5,3.2,1.0,90.0,2.6,3.9,136.0,0.0,5.8,available,False
2026-09-02,2026-09-02T11:39:05Z,,Melker Ellborg,Sunderland,GKP,4.5,3.165,3.156,15.78,5,3.2,1.0,90.0,2.0,5.3,16.0,0.0,0.1,available,False
2026-09-02,2026-09-02T11:39:05Z,,Evann Guessand,Aston Villa,MID,5.5,3.157,3.15,15.75,5,3.0,0.56,53.0,2.0,2.1,44.0,0.0,0.0,available,False
2026-09-02,2026-09-02T11:39:05Z,,Alex Palmer,Ipswich Town,GKP,4.0,3.152,3.143,15.71,5,3.2,1.0,90.0,1.0,0.0,0.0,0.0,6.5,available,False
2026-09-02,2026-09-02T11:39:05Z,,Illan Meslier,Arsenal,GKP,5.0,3.149,3.14,15.7,5,3.2,1.0,90.0,2.6,0.0,0.0,0.0,0.1,available,False
2026-09-02,2026-09-02T11:39:05Z,,Christian Walton,Ipswich Town,GKP,4.5,3.141,3.132,15.66,5,3.2,1.0,90.0,2.0,0.0,0.0,0.0,0.7,available,False
2026-09-02,2026-09-02T11:39:05Z,,Martin Ødegaard,Arsenal,MID,6.5,3.14,3.096,15.48,5,3.2,0.51,52.2,2.3,3.1,74.0,0.0,2.9,available,False
2026-09-02,2026-09-02T11:39:05Z,,Habib Diarra,Sunderland,MID,5.5,3.131,3.107,15.54,5,3.2,0.68,55.2,2.0,3.2,65.0,0.0,0.1,available,False
2026-09-02,2026-09-02T11:39:05Z,,Chiedozie Ogbene,Ipswich Town,MID,5.0,3.109,3.096,15.48,5,3.2,0.65,54.4,1.5,0.0,0.0,0.0,0.0,available,False
2026-09-02,2026-09-02T11:39:05Z,,Wilson Odobert,Spurs,MID,5.5,3.075,3.109,15.54,5,2.8,0.0,53.2,0.0,1.9,46.0,0.0,0.0,injured,True
2026-09-02,2026-09-02T11:39:05Z,,Rio Ngumoha,Liverpool,MID,6.0,3.062,3.085,15.42,5,2.6,0.45,51.8,2.1,2.3,43.0,0.0,1.6,available,False
2026-09-02,2026-09-02T11:39:05Z,,Bernd Leno,Fulham,GKP,4.5,3.033,3.016,15.08,5,3.6,1.0,90.0,2.0,3.2,122.0,0.0,3.2,available,False
2026-09-02,2026-09-02T11:39:05Z,,Fraser Forster,Bournemouth,GKP,4.0,3.028,3.012,15.06,5,3.6,1.0,90.0,1.0,0.0,0.0,0.0,3.2,available,False
2026-09-02,2026-09-02T11:39:05Z,,Đorđe Petrović,Bournemouth,GKP,4.5,3.026,3.01,15.05,5,3.6,1.0,90.0,2.0,3.3,124.0,0.0,3.5,available,False
2026-09-02,2026-09-02T11:39:05Z,,Harrison Armstrong,Everton,MID,5.0,2.935,2.939,14.69,5,3.0,0.65,52.6,1.5,1.6,21.0,0.0,0.1,available,False
2026-09-02,2026-09-02T11:39:05Z,,Omari Hutchinson,Nott'm Forest,MID,5.5,2.924,2.932,14.66,5,3.0,0.59,52.2,2.0,2.6,82.0,0.0,0.2,available,False
2026-09-02,2026-09-02T11:39:05Z,,Miloš Kerkez,Liverpool,DEF,5.5,2.914,2.928,14.64,5,2.6,0.57,47.8,2.5,2.5,85.0,0.0,6.3,available,False
2026-09-02,2026-09-02T11:39:05Z,,Mason Mount,Man Utd,MID,5.5,2.895,2.899,14.49,5,2.8,0.62,54.0,2.0,2.5,58.0,0.0,0.1,available,False
2026-09-02,2026-09-02T11:39:05Z,,Borna Sosa,Crystal Palace,DEF,4.5,2.886,2.882,14.41,5,3.0,0.36,58.4,1.7,0.9,6.0,0.0,0.1,available,False
2026-09-02,2026-09-02T11:39:05Z,,Justin Kluivert,Bournemouth,MID,6.0,2.762,2.716,13.58,5,3.6,0.58,57.2,2.1,2.0,41.0,0.0,0.8,available,False
2026-09-02,2026-09-02T11:39:05Z,,Will Hughes,Crystal Palace,MID,4.5,2.753,2.749,13.75,5,3.0,0.74,53.0,1.0,1.5,45.0,0.0,10.1,available,False
2026-09-02,2026-09-02T11:39:05Z,,Chris Wood,Nott'm Forest,FWD,6.0,2.726,2.739,13.69,5,3.0,0.65,55.0,2.0,2.7,41.0,0.0,1.8,available,False
2026-09-02,2026-09-02T11:39:05Z,,Estêvão,Chelsea,MID,6.5,2.703,2.699,13.49,5,3.0,0.69,54.0,2.3,2.6,58.0,0.0,1.4,available,False
2026-09-02,2026-09-02T11:39:05Z,,Joe Willock,Newcastle,MID,5.0,2.702,2.708,13.54,5,3.0,0.54,58.6,1.5,1.6,38.0,0.0,0.1,available,False
2026-09-02,2026-09-02T11:39:05Z,,Ross Barkley,Aston Villa,MID,5.0,2.692,2.685,13.43,5,3.0,0.49,59.2,1.5,2.7,56.0,0.0,0.2,available,False
2026-09-02,2026-09-02T11:39:05Z,,Amad Diallo,Man Utd,MID,6.0,2.633,2.639,13.19,5,2.8,0.7,53.0,2.1,2.8,91.0,0.0,1.5,available,False
2026-09-02,2026-09-02T11:39:05Z,,Tyler Dibling,Everton,MID,5.5,2.584,2.588,12.94,5,3.0,0.54,51.4,2.0,1.3,18.0,0.0,0.1,available,False
2026-09-02,2026-09-02T11:39:05Z,,Neto,Chelsea,MID,6.5,2.574,2.572,12.86,5,3.0,1.0,90.0,2.3,3.7,125.0,0.0,1.2,available,False
2026-09-02,2026-09-02T11:39:05Z,,Viktor Gyökeres,Arsenal,FWD,7.5,2.565,2.537,12.69,5,3.2,0.54,48.2,2.3,3.6,128.0,0.0,13.9,available,False
2026-09-02,2026-09-02T11:39:05Z,,Jacob Murphy,Newcastle,MID,6.0,2.447,2.453,12.27,5,3.0,0.59,47.6,2.1,2.5,82.0,0.0,0.2,available,False
2026-09-02,2026-09-02T11:39:05Z,,Matt Targett,Hull City,DEF,4.0,2.388,2.376,11.88,5,3.2,0.36,49.8,1.0,0.0,0.0,0.0,1.7,available,False
2026-09-02,2026-09-02T11:39:05Z,,Harvey Barnes,Newcastle,MID,6.0,2.369,2.378,11.89,5,3.0,0.46,48.0,2.1,2.9,106.0,0.0,1.0,available,False
2026-09-02,2026-09-02T11:39:05Z,,Callum Hudson-Odoi,Nott'm Forest,MID,6.0,2.353,2.362,11.81,5,3.0,0.57,56.4,1.6,2.9,88.0,0.0,0.0,doubtful,False
2026-09-02,2026-09-02T11:39:05Z,,Dilane Bakwa,Nott'm Forest,MID,5.5,2.324,2.333,11.67,5,3.0,0.52,45.8,2.0,1.9,26.0,0.0,0.0,available,False
2026-09-02,2026-09-02T11:39:05Z,,Ilia Gruev,Leeds,MID,5.0,2.237,2.251,11.26,5,2.8,0.65,57.6,1.5,2.4,56.0,0.0,0.0,available,False
2026-09-02,2026-09-02T11:39:05Z,,Jordan Henderson,Brentford,MID,5.0,2.16,2.164,10.82,5,3.0,0.49,56.0,1.1,2.4,76.0,0.0,0.0,doubtful,False
2026-09-02,2026-09-02T11:39:05Z,,Jack Taylor,Ipswich Town,MID,4.5,2.159,2.147,10.73,5,3.2,0.42,58.6,1.0,0.0,0.0,0.0,0.5,available,False
2026-09-02,2026-09-02T11:39:05Z,,Ethan Nwaneri,Arsenal,MID,5.5,2.002,1.986,9.93,5,3.2,0.12,46.0,2.0,1.3,8.0,0.0,0.0,available,False
2026-09-02,2026-09-02T11:39:05Z,,Tom Cairney,Fulham,MID,5.0,1.883,1.859,9.29,5,3.6,0.47,51.2,1.5,1.7,41.0,0.0,0.0,available,False
2026-09-03,2026-09-03T11:37:04Z,,Bukayo Saka,Arsenal,MID,9.5,8.949,8.839,44.19,5,3.2,0.93,79.0,3.2,5.1,157.0,0.0,10.8,available,False
2026-09-03,2026-09-03T11:37:04Z,,Jérémy Doku,Man City,MID,7.5,7.886,7.991,39.95,5,2.8,0.74,75.4,2.6,4.0,120.0,0.0,6.6,available,False
2026-09-03,2026-09-03T11:37:04Z,,Hugo Ekitiké,Liverpool,FWD,7.5,7.292,7.382,36.91,5,2.6,0.0,86.8,0.0,4.5,125.0,0.0,0.2,injured,True
2026-09-03,2026-09-03T11:37:04Z,,Erling Haaland,Man City,FWD,15.5,6.726,6.819,34.1,5,2.8,0.99,90.0,4.0,6.8,239.0,0.0,74.9,available,False
2026-09-03,2026-09-03T11:37:04Z,,Cody Gakpo,Liverpool,MID,7.0,6.388,6.452,32.26,5,2.6,0.95,83.0,2.4,3.6,131.0,0.0,3.4,available,False
2026-09-03,2026-09-03T11:37:04Z,,Dominic Calvert-Lewin,Leeds,FWD,6.0,6.342,6.399,32.0,5,2.8,0.94,89.6,2.0,4.1,142.0,0.0,17.7,available,False
2026-09-03,2026-09-03T11:37:04Z,,João Pedro,Chelsea,FWD,7.5,6.16,6.151,30.75,5,3.0,0.95,85.8,2.3,5.1,177.0,0.0,48.8,available,False
2026-09-03,2026-09-03T11:37:04Z,,Pedro Porro,Spurs,DEF,5.5,6.084,6.108,30.54,5,2.8,0.98,90.0,2.5,3.4,117.0,0.0,23.9,available,False
2026-09-03,2026-09-03T11:37:04Z,,Richarlison,Spurs,FWD,6.0,6.066,6.115,30.58,5,2.8,0.73,76.0,2.0,3.7,119.0,0.0,1.6,available,False
2026-09-03,2026-09-03T11:37:04Z,,Cole Palmer,Chelsea,MID,9.5,5.928,5.916,29.58,5,3.0,0.97,89.8,3.2,4.4,114.0,0.0,13.2,available,False
2026-09-03,2026-09-03T11:37:04Z,,Cristian Romero,Spurs,DEF,5.0,5.912,5.926,29.63,5,2.8,0.98,68.6,2.2,4.0,91.0,0.0,1.0,available,False
2026-09-03,2026-09-03T11:37:04Z,,Rayan Aït-Nouri,Man City,DEF,5.5,5.896,5.917,29.58,5,2.8,0.82,63.6,2.5,3.5,60.0,0.0,1.0,available,False
2026-09-03,2026-09-03T11:37:04Z,,Sepp van den Berg,Brentford,DEF,5.0,5.813,5.817,29.09,5,3.0,0.99,90.0,2.2,3.5,113.0,0.0,0.7,available,False
2026-09-03,2026-09-03T11:37:04Z,,James Justin,Leeds,DEF,4.5,5.79,5.804,29.02,5,2.8,0.91,90.0,1.7,3.2,94.0,0.0,0.5,available,False
2026-09-03,2026-09-03T11:37:04Z,,Dominik Szoboszlai,Liverpool,MID,7.0,5.783,5.825,29.13,5,2.6,1.0,90.0,2.4,4.4,160.0,0.0,45.6,available,False
2026-09-03,2026-09-03T11:37:04Z,,Jan Paul van Hecke,Spurs,DEF,5.0,5.764,5.778,28.89,5,2.8,1.0,90.0,2.2,4.1,148.0,0.0,8.3,available,False
2026-09-03,2026-09-03T11:37:04Z,,Kevin Danso,Spurs,DEF,5.0,5.738,5.752,28.76,5,2.8,0.92,90.0,2.2,2.6,63.0,0.0,0.2,available,False
2026-09-03,2026-09-03T11:37:04Z,,Antoine Semenyo,Man City,MID,8.5,5.712,5.783,28.92,5,2.8,1.0,75.0,2.9,5.5,202.0,0.0,20.3,available,False
2026-09-03,2026-09-03T11:37:04Z,,Enzo Le Fée,Sunderland,MID,6.0,5.703,5.673,28.37,5,3.2,0.97,90.0,2.1,4.1,147.0,0.0,7.1,available,False
2026-09-03,2026-09-03T11:37:04Z,,Sven Botman,Newcastle,DEF,5.0,5.702,5.706,28.53,5,3.0,0.96,90.0,2.2,3.6,89.0,0.0,0.4,available,False
2026-09-03,2026-09-03T11:37:04Z,,Marc Guéhi,Man City,DEF,6.0,5.681,5.695,28.47,5,2.8,1.0,90.0,2.8,5.1,179.0,0.0,24.9,available,False
2026-09-03,2026-09-03T11:37:04Z,,Maxence Lacroix,Crystal Palace,DEF,6.0,5.636,5.631,28.16,5,3.0,1.0,90.0,2.8,4.4,154.0,0.0,12.2,available,False
2026-09-03,2026-09-03T11:37:04Z,,Luke Shaw,Man Utd,DEF,4.5,5.632,5.635,28.18,5,2.8,1.0,86.6,1.7,3.0,113.0,0.0,21.0,available,False
2026-09-03,2026-09-03T11:37:04Z,,Michael Kayode,Brentford,DEF,4.5,5.615,5.619,28.1,5,3.0,1.0,90.0,1.7,3.1,113.0,0.0,5.1,available,False
2026-09-03,2026-09-03T11:37:04Z,,Gabriel Gudmundsson,Leeds,DEF,4.5,5.576,5.59,27.95,5,2.8,0.99,80.6,1.7,2.1,68.0,0.0,0.6,available,False
2026-09-03,2026-09-03T11:37:04Z,,Matthijs de Ligt,Man Utd,DEF,5.0,5.561,5.565,27.82,5,2.8,0.0,90.0,0.0,3.3,43.0,0.0,0.0,injured,True
2026-09-03,2026-09-03T11:37:04Z,,James Hill,Bournemouth,DEF,5.5,5.547,5.526,27.63,5,3.6,0.92,90.0,2.5,3.8,110.0,0.0,1.5,available,False
2026-09-03,2026-09-03T11:37:04Z,,Jacob Greaves,Ipswich Town,DEF,4.0,5.53,5.518,27.59,5,3.2,1.0,90.0,1.0,0.0,0.0,0.0,0.5,available,False
2026-09-03,2026-09-03T11:37:04Z,,Anton Stach,Leeds,MID,6.0,5.516,5.539,27.7,5,2.8,0.99,86.4,2.1,4.7,137.0,0.0,1.5,available,False
2026-09-03,2026-09-03T11:37:04Z,,Neco Williams,Nott'm Forest,DEF,5.0,5.504,5.51,27.55,5,3.0,0.87,81.2,2.2,3.5,128.0,0.0,12.7,available,False
2026-09-03,2026-09-03T11:37:04Z,,Piero Hincapié,Arsenal,DEF,5.5,5.497,5.484,27.42,5,3.2,0.69,60.8,2.5,3.5,87.0,0.0,5.3,available,False
2026-09-03,2026-09-03T11:37:04Z,,Adrien Truffert,Bournemouth,DEF,5.5,5.476,5.452,27.26,5,3.6,1.0,90.0,2.5,4.3,165.0,0.0,4.7,available,False
2026-09-03,2026-09-03T11:37:04Z,,Declan Rice,Arsenal,MID,7.5,5.465,5.438,27.19,5,3.2,0.99,84.8,2.6,5.1,184.0,0.0,22.0,available,False
2026-09-03,2026-09-03T11:37:04Z,,Antonee Robinson,Fulham,DEF,4.5,5.464,5.441,27.2,5,3.6,0.94,80.0,1.7,3.0,65.0,0.0,3.5,available,False
2026-09-03,2026-09-03T11:37:04Z,,Ola Aina,Nott'm Forest,DEF,4.5,5.455,5.461,27.3,5,3.0,1.0,89.8,1.7,3.7,67.0,0.0,5.0,available,False
2026-09-03,2026-09-03T11:37:04Z,,Jaydee Canvot,Crystal Palace,DEF,5.0,5.442,5.438,27.19,5,3.0,0.92,90.0,2.2,3.6,72.0,0.0,0.4,available,False
2026-09-03,2026-09-03T11:37:04Z,,Tyrick Mitchell,Crystal Palace,DEF,4.5,5.437,5.433,27.16,5,3.0,0.87,72.0,1.7,3.6,135.0,0.0,7.4,available,False
2026-09-03,2026-09-03T11:37:04Z,,Ethan Pinnock,Brentford,DEF,4.5,5.423,5.427,27.13,5,3.0,1.0,80.8,1.7,3.5,14.0,0.0,0.1,available,False
2026-09-03,2026-09-03T11:37:04Z,,Jayden Bogle,Leeds,DEF,4.5,5.421,5.438,27.19,5,2.8,0.98,80.8,1.7,2.8,96.0,0.0,0.4,available,False
2026-09-03,2026-09-03T11:37:04Z,,Enzo Fernández,Chelsea,MID,7.0,5.42,5.41,27.05,5,3.0,0.99,89.6,2.4,4.4,157.0,0.0,5.1,available,False
2026-09-03,2026-09-03T11:37:04Z,,Harry Maguire,Man Utd,DEF,5.0,5.419,5.423,27.11,5,2.8,0.94,87.6,2.2,3.9,90.0,0.0,6.9,available,False
2026-09-03,2026-09-03T11:37:04Z,,Nordi Mukiele,Sunderland,DEF,5.5,5.411,5.396,26.98,5,3.2,1.0,90.0,2.5,4.7,151.0,0.0,8.2,available,False
2026-09-03,2026-09-03T11:37:04Z,,Virgil van Dijk,Liverpool,DEF,6.5,5.411,5.43,27.15,5,2.6,1.0,90.0,3.1,4.6,175.0,0.0,15.5,available,False
2026-09-03,2026-09-03T11:37:04Z,,Calvin Bassey,Fulham,DEF,4.5,5.391,5.369,26.85,5,3.6,0.99,90.0,1.7,3.4,103.0,0.0,0.5,available,False
2026-09-03,2026-09-03T11:37:04Z,,Max Alleyne,Man City,DEF,5.0,5.386,5.399,26.99,5,2.8,0.95,90.0,2.2,2.5,5.0,0.0,0.1,available,False
2026-09-03,2026-09-03T11:37:04Z,,Conor Bradley,Liverpool,DEF,5.0,5.381,5.393,26.96,5,2.6,0.0,62.2,0.0,2.8,42.0,0.0,0.0,injured,True
2026-09-03,2026-09-03T11:37:04Z,,Michael Keane,Everton,DEF,5.0,5.377,5.381,26.91,5,3.0,0.85,75.2,2.2,4.0,131.0,0.0,1.5,available,False
2026-09-03,2026-09-03T11:37:04Z,,Yankuba Minteh,Brighton,MID,6.0,5.356,5.365,26.82,5,3.0,0.94,87.2,2.1,3.4,117.0,0.0,0.7,available,False
2026-09-03,2026-09-03T11:37:04Z,,Pascal Struijk,Brighton,DEF,5.0,5.342,5.346,26.73,5,3.0,1.0,83.2,2.2,3.2,108.0,0.0,0.5,available,False
2026-09-03,2026-09-03T11:37:04Z,,Elliot Anderson,Man City,MID,6.5,5.342,5.362,26.81,5,2.8,0.87,81.0,2.3,4.7,180.0,0.0,12.2,available,False
2026-09-03,2026-09-03T11:37:04Z,,Jorrel Hato,Chelsea,DEF,4.5,5.34,5.338,26.69,5,3.0,0.83,90.0,1.7,0.9,19.0,0.0,1.6,available,False
2026-09-03,2026-09-03T11:37:04Z,,Marcus Tavernier,Bournemouth,MID,6.0,5.309,5.255,26.27,5,3.6,0.96,86.4,2.1,4.0,137.0,0.0,1.4,available,False
2026-09-03,2026-09-03T11:37:04Z,,Ayden Heaven,Man Utd,DEF,4.5,5.293,5.297,26.48,5,2.8,0.81,69.0,1.7,2.5,42.0,0.0,0.4,available,False
2026-09-03,2026-09-03T11:37:04Z,,Mats Wieffer,Brighton,DEF,5.0,5.289,5.293,26.47,5,3.0,0.95,66.6,2.2,3.6,94.0,0.0,0.4,available,False
2026-09-03,2026-09-03T11:37:04Z,,James Garner,Everton,MID,6.0,5.287,5.292,26.46,5,3.0,0.0,90.0,0.0,4.2,159.0,0.0,2.0,injured,True
2026-09-03,2026-09-03T11:37:04Z,,Omar Alderete,Sunderland,DEF,5.0,5.284,5.271,26.36,5,3.2,0.99,84.6,2.2,3.8,125.0,0.0,1.3,available,False
2026-09-03,2026-09-03T11:37:04Z,,James Tarkowski,Everton,DEF,6.0,5.277,5.282,26.41,5,3.0,1.0,90.0,2.8,4.6,170.0,0.0,10.2,available,False
2026-09-03,2026-09-03T11:37:04Z,,Olivier Boscagli,Brighton,DEF,4.5,5.276,5.28,26.4,5,3.0,0.77,77.8,1.7,3.2,39.0,0.0,0.1,available,False
2026-09-03,2026-09-03T11:37:04Z,,Malick Thiaw,Newcastle,DEF,5.0,5.272,5.276,26.38,5,3.0,0.99,90.0,2.2,3.6,126.0,0.0,2.5,available,False
2026-09-03,2026-09-03T11:37:04Z,,Trai Hume,Sunderland,DEF,4.5,5.265,5.247,26.24,5,3.2,0.85,71.2,1.7,2.9,110.0,0.0,1.4,available,False
2026-09-03,2026-09-03T11:37:04Z,,Fabian Schär,Newcastle,DEF,5.0,5.263,5.268,26.34,5,3.0,0.79,81.6,2.2,3.2,51.0,0.0,0.1,available,False
2026-09-03,2026-09-03T11:37:04Z,,Kenny Tete,Fulham,DEF,4.5,5.256,5.234,26.17,5,3.6,0.86,73.0,1.7,3.7,81.0,0.0,0.2,available,False
2026-09-03,2026-09-03T11:37:04Z,,William Saliba,Arsenal,DEF,6.0,5.254,5.239,26.2,5,3.2,0.0,90.0,0.0,4.4,137.0,0.0,0.5,injured,True
2026-09-03,2026-09-03T11:37:04Z,,Mathys Tel,Spurs,MID,6.0,5.253,5.287,26.44,5,2.8,0.54,68.4,2.1,2.5,78.0,0.0,0.2,available,False
2026-09-03,2026-09-03T11:37:04Z,,Rodrigo Bentancur,Spurs,MID,5.5,5.249,5.265,26.32,5,2.8,0.95,79.0,2.0,3.3,86.0,0.0,0.1,available,False
2026-09-03,2026-09-03T11:37:04Z,,João Gomes,Aston Villa,MID,5.5,5.239,5.233,26.17,5,3.0,0.96,88.8,2.0,3.0,85.0,0.0,0.3,available,False
2026-09-03,2026-09-03T11:37:04Z,,Florian Wirtz,Liverpool,MID,7.5,5.235,5.291,26.46,5,2.6,0.82,71.2,2.6,3.8,125.0,0.0,11.1,available,False
2026-09-03,2026-09-03T11:37:04Z,,Jake O'Brien,Everton,DEF,5.0,5.227,5.231,26.16,5,3.0,0.99,84.6,2.2,3.1,116.0,0.0,0.6,available,False
2026-09-03,2026-09-03T11:37:04Z,,Dara O'Shea,Ipswich Town,DEF,4.0,5.222,5.209,26.05,5,3.2,1.0,90.0,1.0,0.0,0.0,0.0,1.2,available,False
2026-09-03,2026-09-03T11:37:04Z,,Jarrad Branthwaite,Everton,DEF,5.5,5.22,5.224,26.12,5,3.0,0.75,73.0,2.5,3.2,32.0,0.0,2.0,available,False
2026-09-03,2026-09-03T11:37:04Z,,Jurriën Timber,Arsenal,DEF,6.5,5.215,5.201,26.01,5,3.2,0.0,83.4,0.0,5.0,149.0,0.0,0.7,injured,True
2026-09-03,2026-09-03T11:37:04Z,,Matheus Nunes,Man City,DEF,6.0,5.211,5.225,26.12,5,2.8,0.98,83.6,2.8,4.5,154.0,0.0,5.5,available,False
2026-09-03,2026-09-03T11:37:04Z,,Mateus Fernandes,Spurs,MID,6.0,5.191,5.208,26.04,5,2.8,0.98,90.0,2.1,3.8,135.0,0.0,4.6,available,False
2026-09-03,2026-09-03T11:37:04Z,,Dango Ouattara,Brentford,MID,6.5,5.185,5.197,25.99,5,3.0,0.79,76.2,2.3,4.2,136.0,0.0,1.5,available,False
2026-09-03,2026-09-03T11:37:04Z,,Iliman Ndiaye,Everton,MID,6.0,5.177,5.185,25.92,5,3.0,1.0,90.0,2.1,4.0,128.0,0.0,21.3,available,False
2026-09-03,2026-09-03T11:37:04Z,,Mikkel Damsgaard,Brentford,MID,5.5,5.156,5.163,25.82,5,3.0,0.9,85.4,2.0,3.4,113.0,0.0,0.7,available,False
2026-09-03,2026-09-03T11:37:04Z,,Lewis Hall,Newcastle,DEF,5.0,5.151,5.156,25.78,5,3.0,0.81,67.4,2.2,2.6,79.0,0.0,4.6,available,False
2026-09-03,2026-09-03T11:37:04Z,,Joachim Andersen,Fulham,DEF,5.0,5.146,5.125,25.62,5,3.6,0.0,90.0,0.0,3.7,123.0,0.0,0.1,suspended,True
2026-09-03,2026-09-03T11:37:04Z,,Reinildo Mandava,Sunderland,DEF,4.5,5.133,5.121,25.6,5,3.2,0.86,72.0,1.7,3.0,74.0,0.0,0.6,available,False
2026-09-03,2026-09-03T11:37:04Z,,Boubacar Kamara,Aston Villa,MID,5.0,5.119,5.113,25.57,5,3.0,0.73,88.2,1.1,3.4,61.0,0.0,0.1,doubtful,False
2026-09-03,2026-09-03T11:37:04Z,,Alex Scott,Bournemouth,MID,6.0,5.112,5.085,25.42,5,3.6,0.98,89.8,2.1,3.7,136.0,0.0,1.6,available,False
2026-09-03,2026-09-03T11:37:04Z,,Destiny Udogie,Spurs,DEF,4.5,5.111,5.125,25.63,5,2.8,0.87,82.0,1.7,1.4,29.0,0.0,0.4,available,False
2026-09-03,2026-09-03T11:37:04Z,,Morgan Rogers,Chelsea,MID,7.5,5.11,5.103,25.52,5,3.0,1.0,87.6,2.6,4.6,169.0,0.0,33.9,available,False
2026-09-03,2026-09-03T11:37:04Z,,Lewis Dunk,Brighton,DEF,4.5,5.107,5.112,25.56,5,3.0,0.99,90.0,1.7,3.0,100.0,0.0,0.7,available,False
2026-09-03,2026-09-03T11:37:04Z,,Beto,Everton,FWD,5.5,5.097,5.107,25.54,5,3.0,0.81,70.8,1.8,2.8,104.0,0.0,3.4,available,False
2026-09-03,2026-09-03T11:37:04Z,,Daniel Ballard,Sunderland,DEF,5.0,5.094,5.081,25.41,5,3.2,0.81,72.2,2.2,4.0,116.0,0.0,2.6,available,False
2026-09-03,2026-09-03T11:37:04Z,,Nico O'Reilly,Man City,DEF,6.5,5.086,5.102,25.51,5,2.8,0.94,84.8,3.1,4.7,160.0,0.0,24.2,available,False
2026-09-03,2026-09-03T11:37:04Z,,Matty Cash,Aston Villa,DEF,4.5,5.079,5.074,25.37,5,3.0,1.0,88.0,1.7,3.3,117.0,0.0,8.2,available,False
2026-09-03,2026-09-03T11:37:04Z,,Nathan Collins,Brentford,DEF,5.5,5.076,5.08,25.4,5,3.0,0.96,90.0,2.5,3.7,129.0,0.0,2.0,available,False
2026-09-03,2026-09-03T11:37:04Z,,Ethan Ampadu,Leeds,MID,5.5,5.072,5.086,25.43,5,2.8,1.0,90.0,2.0,3.8,134.0,0.0,1.3,available,False
2026-09-03,2026-09-03T11:37:04Z,,Noussair Mazraoui,Man Utd,DEF,4.5,5.055,5.058,25.29,5,2.8,0.7,76.0,1.7,2.6,53.0,0.0,0.8,available,False
2026-09-03,2026-09-03T11:37:04Z,,Jaka Bijol,Leeds,DEF,5.0,5.041,5.054,25.27,5,2.8,0.93,84.8,2.2,4.0,99.0,0.0,0.4,available,False
2026-09-03,2026-09-03T11:37:04Z,,Joelinton,Newcastle,MID,5.5,5.037,5.041,25.21,5,3.0,0.61,75.4,1.5,2.7,73.0,0.0,0.0,doubtful,False
2026-09-03,2026-09-03T11:37:04Z,,Ben Davies,Spurs,DEF,4.0,5.021,5.036,25.18,5,2.8,0.56,64.6,1.0,3.3,10.0,0.0,0.7,available,False
2026-09-03,2026-09-03T11:37:04Z,,Harry Amass,Man Utd,DEF,4.0,5.015,5.02,25.1,5,2.8,0.75,66.25,1.0,0.0,0.0,0.0,0.2,available,False
2026-09-03,2026-09-03T11:37:04Z,,John Egan,Hull City,DEF,4.0,5.006,4.994,24.97,5,3.2,1.0,85.6,1.0,0.0,0.0,0.0,0.8,available,False
2026-09-03,2026-09-03T11:37:04Z,,Chris Richards,Crystal Palace,DEF,5.0,5.006,5.002,25.01,5,3.0,0.87,74.8,2.2,3.9,128.0,0.0,0.8,available,False
2026-09-03,2026-09-03T11:37:04Z,,Ryan Sessegnon,Fulham,DEF,4.5,4.995,4.971,24.85,5,3.6,0.68,62.2,1.7,3.5,95.0,0.0,0.4,available,False
2026-09-03,2026-09-03T11:37:04Z,,Kiernan Dewsbury-Hall,Everton,MID,6.5,4.988,4.995,24.97,5,3.0,0.99,89.6,2.3,4.9,151.0,0.0,4.3,available,False
2026-09-03,2026-09-03T11:37:04Z,,Dan Burn,Newcastle,DEF,5.0,4.98,4.984,24.92,5,3.0,0.7,60.2,2.2,3.2,93.0,0.0,2.7,available,False
2026-09-03,2026-09-03T11:37:04Z,,Youri Tielemans,Man Utd,MID,6.0,4.978,4.982,24.91,5,2.8,0.71,86.6,1.6,2.7,68.0,0.0,1.0,doubtful,False
2026-09-03,2026-09-03T11:37:04Z,,Timothy Castagne,Fulham,DEF,4.5,4.977,4.952,24.76,5,3.6,0.93,88.6,1.7,2.0,61.0,0.0,0.2,available,False
2026-09-03,2026-09-03T11:37:04Z,,Mohammed Kudus,Spurs,MID,6.5,4.971,4.999,24.99,5,2.8,0.75,78.6,1.7,3.9,75.0,0.0,0.3,doubtful,False
2026-09-03,2026-09-03T11:37:04Z,,Lisandro Martínez,Man Utd,DEF,5.0,4.97,4.974,24.87,5,2.8,0.69,83.2,1.6,2.8,51.0,0.0,1.3,doubtful,False
2026-09-03,2026-09-03T11:37:04Z,,Pape Matar Sarr,Spurs,MID,5.0,4.966,4.986,24.93,5,2.8,0.58,64.0,1.5,2.7,71.0,0.0,0.4,available,False
2026-09-03,2026-09-03T11:37:04Z,,Wesley Fofana,Chelsea,DEF,5.0,4.952,4.95,24.75,5,3.0,0.0,77.4,0.0,2.6,65.0,0.0,0.0,suspended,True
2026-09-03,2026-09-03T11:37:04Z,,Lewis Miley,Newcastle,MID,5.5,4.915,4.919,24.6,5,3.0,0.0,76.6,0.0,3.1,72.0,0.0,0.0,injured,True
2026-09-03,2026-09-03T11:37:04Z,,Malo Gusto,Chelsea,DEF,5.0,4.887,4.883,24.42,5,3.0,0.9,87.6,2.2,2.8,96.0,0.0,1.2,available,False
2026-09-03,2026-09-03T11:37:04Z,,Ryan Gravenberch,Liverpool,MID,6.0,4.88,4.902,24.51,5,2.6,0.86,69.4,2.1,4.0,144.0,0.0,1.7,available,False
2026-09-03,2026-09-03T11:37:04Z,,Sebastiaan Bornauw,Leeds,DEF,4.5,4.864,4.876,24.38,5,2.8,0.8,67.4,1.7,2.1,25.0,0.0,0.0,available,False
2026-09-03,2026-09-03T11:37:04Z,,Nathan Patterson,Everton,DEF,4.5,4.826,4.83,24.15,5,3.0,0.78,65.6,1.7,3.1,22.0,0.0,0.1,available,False
2026-09-03,2026-09-03T11:37:04Z,,Yehor Yarmoliuk,Brentford,MID,5.0,4.824,4.829,24.14,5,3.0,0.92,87.8,1.5,2.8,104.0,0.0,1.4,available,False
2026-09-03,2026-09-03T11:37:04Z,,Alexis Mac Allister,Liverpool,MID,5.5,4.822,4.85,24.25,5,2.6,0.81,75.8,2.0,2.9,108.0,0.0,1.9,available,False
2026-09-03,2026-09-03T11:37:04Z,,Jaidon Anthony,Brentford,MID,6.0,4.807,4.817,24.09,5,3.0,0.94,87.4,2.1,0.0,0.0,0.0,0.3,available,False
2026-09-03,2026-09-03T11:37:04Z,,Abdukodir Khusanov,Man City,DEF,5.5,4.806,4.819,24.1,5,2.8,0.89,90.0,2.5,3.2,67.0,0.0,2.0,available,False
2026-09-03,2026-09-03T11:37:04Z,,Mathias Jensen,Brentford,MID,5.5,4.805,4.811,24.05,5,3.0,0.9,84.6,2.0,2.7,98.0,0.0,0.1,available,False
2026-09-03,2026-09-03T11:37:04Z,,Jack Grealish,Man City,MID,6.5,4.801,4.827,24.14,5,2.8,0.84,74.4,2.3,4.0,79.0,0.0,0.3,available,False
2026-09-03,2026-09-03T11:37:04Z,,Pascal Groß,Brighton,MID,5.5,4.791,4.8,24.0,5,3.0,0.96,90.0,2.0,4.1,78.0,0.0,2.0,available,False
2026-09-03,2026-09-03T11:37:04Z,,Conor Gallagher,Spurs,MID,5.5,4.791,4.814,24.07,5,2.8,0.8,87.0,2.0,2.8,44.0,0.0,0.2,available,False
2026-09-03,2026-09-03T11:37:04Z,,Ryan Christie,Bournemouth,MID,5.0,4.787,4.76,23.8,5,3.6,0.0,60.4,0.0,1.8,47.0,0.0,0.1,suspended,True
2026-09-03,2026-09-03T11:37:04Z,,Kobbie Mainoo,Man Utd,MID,5.5,4.784,4.788,23.94,5,2.8,0.83,90.0,2.0,2.6,73.0,0.0,1.3,available,False
2026-09-03,2026-09-03T11:37:04Z,,Zach Abbott,Nott'm Forest,DEF,4.0,4.776,4.781,23.91,5,3.0,0.5,60.5,1.0,1.0,3.0,0.0,0.2,available,False
2026-09-03,2026-09-03T11:37:04Z,,Leny Yoro,Man Utd,DEF,5.0,4.775,4.778,23.89,5,2.8,0.73,75.4,2.2,1.8,56.0,0.0,0.6,available,False
2026-09-03,2026-09-03T11:37:04Z,,Granit Xhaka,Sunderland,MID,5.5,4.767,4.744,23.72,5,3.2,0.98,90.0,2.0,3.6,124.0,0.0,6.5,available,False
2026-09-03,2026-09-03T11:37:04Z,,Amadou Onana,Aston Villa,MID,5.0,4.755,4.75,23.75,5,3.0,0.0,90.0,0.0,3.0,76.0,0.0,0.0,injured,True
2026-09-03,2026-09-03T11:37:04Z,,Joško Gvardiol,Man City,DEF,5.5,4.747,4.764,23.82,5,2.8,0.86,64.4,2.5,4.4,79.0,0.0,6.5,available,False
2026-09-03,2026-09-03T11:37:04Z,,Ferdi Kadıoğlu,Brighton,DEF,4.5,4.746,4.751,23.75,5,3.0,0.97,90.0,1.7,3.2,118.0,0.0,3.1,available,False
2026-09-03,2026-09-03T11:37:04Z,,Joe Rodon,Leeds,DEF,4.5,4.722,4.735,23.68,5,2.8,0.87,81.0,1.7,3.1,109.0,0.0,2.3,available,False
2026-09-03,2026-09-03T11:37:04Z,,Rico Henry,Brentford,DEF,4.5,4.721,4.725,23.63,5,3.0,0.83,88.6,1.7,2.1,52.0,0.0,0.2,available,False
2026-09-03,2026-09-03T11:37:04Z,,Chadi Riad,Crystal Palace,DEF,4.5,4.718,4.714,23.57,5,3.0,0.73,68.8,1.7,2.2,20.0,0.0,0.1,available,False
2026-09-03,2026-09-03T11:37:04Z,,Riccardo Calafiori,Arsenal,DEF,5.5,4.713,4.697,23.49,5,3.2,0.85,61.4,2.5,4.2,109.0,0.0,13.1,available,False
2026-09-03,2026-09-03T11:37:04Z,,Reece James,Chelsea,DEF,5.5,4.71,4.707,23.54,5,3.0,0.79,77.2,2.5,4.0,115.0,0.0,8.1,available,False
2026-09-03,2026-09-03T11:37:04Z,,Evanilson,Bournemouth,FWD,6.0,4.704,4.662,23.31,5,3.6,0.95,78.2,2.0,3.2,115.0,0.0,1.9,available,False
2026-09-03,2026-09-03T11:37:04Z,,Nicolas Jackson,Chelsea,FWD,6.5,4.704,4.697,23.48,5,3.0,0.85,74.2,2.1,0.0,0.0,0.0,0.4,available,False
2026-09-03,2026-09-03T11:37:04Z,,Brian Brobbey,Sunderland,FWD,6.0,4.696,4.665,23.32,5,3.2,0.88,82.6,2.0,3.0,92.0,0.0,22.6,available,False
2026-09-03,2026-09-03T11:37:04Z,,Micky van de Ven,Spurs,DEF,5.0,4.692,4.707,23.53,5,2.8,1.0,90.0,2.2,3.3,116.0,0.0,6.0,available,False
2026-09-03,2026-09-03T11:37:04Z,,Morato,Nott'm Forest,DEF,5.0,4.669,4.674,23.37,5,3.0,0.68,64.2,2.2,2.5,53.0,0.0,0.1,available,False
2026-09-03,2026-09-03T11:37:04Z,,Ollie Watkins,Aston Villa,FWD,8.0,4.655,4.638,23.19,5,3.0,0.84,74.0,2.5,4.5,167.0,0.0,12.4,available,False
2026-09-03,2026-09-03T11:37:04Z,,Ibrahim Sangaré,Nott'm Forest,MID,5.0,4.653,4.659,23.29,5,3.0,0.85,67.0,1.5,3.2,89.0,0.0,0.4,available,False
2026-09-03,2026-09-03T11:37:04Z,,Trevoh Chalobah,Chelsea,DEF,5.5,4.639,4.636,23.18,5,3.0,0.87,75.2,2.5,4.0,136.0,0.0,2.1,available,False
2026-09-03,2026-09-03T11:37:04Z,,Axel Disasi,Chelsea,DEF,4.5,4.638,4.635,23.18,5,3.0,1.0,89.0,1.7,0.0,0.0,0.0,0.1,available,False
2026-09-03,2026-09-03T11:37:04Z,,Curtis Jones,Liverpool,MID,5.5,4.608,4.621,23.11,5,2.6,0.81,89.4,2.0,2.4,81.0,0.0,0.1,available,False
2026-09-03,2026-09-03T11:37:04Z,,Diego Coppola,Brighton,DEF,4.5,4.604,4.608,23.04,5,3.0,0.68,75.0,1.7,2.0,10.0,0.0,0.0,available,False
2026-09-03,2026-09-03T11:37:04Z,,Eberechi Eze,Arsenal,MID,6.5,4.6,4.565,22.83,5,3.2,0.88,69.0,2.3,3.4,113.0,0.0,3.3,available,False
2026-09-03,2026-09-03T11:37:04Z,,Nikola Milenković,Nott'm Forest,DEF,5.5,4.588,4.594,22.97,5,3.0,0.87,81.0,2.5,3.1,119.0,0.0,2.3,available,False
2026-09-03,2026-09-03T11:37:04Z,,Leif Davis,Ipswich Town,DEF,4.0,4.572,4.558,22.79,5,3.2,1.0,72.8,1.0,0.0,0.0,0.0,4.3,available,False
2026-09-03,2026-09-03T11:37:04Z,,Kevin Schade,Brentford,MID,6.0,4.54,4.547,22.74,5,3.0,0.84,72.0,2.1,3.6,125.0,0.0,2.1,available,False
2026-09-03,2026-09-03T11:37:04Z,,Lewis Cook,Bournemouth,MID,5.0,4.531,4.512,22.56,5,3.6,0.69,74.0,1.5,2.2,40.0,0.0,0.1,available,False
2026-09-03,2026-09-03T11:37:04Z,,Luca Netz,Nott'm Forest,DEF,4.5,4.512,4.518,22.59,5,3.0,0.62,62.8,1.7,1.6,11.0,0.0,0.0,available,False
2026-09-03,2026-09-03T11:37:04Z,,Veljko Milosavljević,Bournemouth,DEF,5.0,4.506,4.487,22.44,5,3.6,0.75,70.75,2.2,2.7,19.0,0.0,0.1,available,False
2026-09-03,2026-09-03T11:37:04Z,,Morgan Gibbs-White,Nott'm Forest,MID,8.0,4.5,4.514,22.57,5,3.0,0.86,74.8,2.8,5.1,188.0,0.0,12.8,available,False
2026-09-03,2026-09-03T11:37:04Z,,Sander Berge,Fulham,MID,5.0,4.422,4.398,21.99,5,3.6,0.99,78.6,1.5,2.6,91.0,0.0,0.4,available,False
2026-09-03,2026-09-03T11:37:04Z,,Harry Wilson,Leeds,MID,6.5,4.409,4.445,22.22,5,2.8,0.85,63.4,2.3,4.7,168.0,0.0,9.2,available,False
2026-09-03,2026-09-03T11:37:04Z,,Noah Sadiki,Sunderland,MID,5.0,4.402,4.387,21.94,5,3.2,1.0,83.8,1.5,2.4,80.0,0.0,0.5,available,False
2026-09-03,2026-09-03T11:37:04Z,,James Maddison,Spurs,MID,6.5,4.384,4.413,22.06,5,2.8,0.48,61.8,2.3,1.0,3.0,0.0,2.6,available,False
2026-09-03,2026-09-03T11:37:04Z,,Ismaïla Sarr,Crystal Palace,MID,6.5,4.373,4.359,21.79,5,3.0,0.7,68.8,2.3,4.2,117.0,0.0,11.4,available,False
2026-09-03,2026-09-03T11:37:04Z,,Kasey McAteer,Ipswich Town,MID,4.5,4.364,4.348,21.74,5,3.2,0.68,75.0,1.0,0.0,0.0,0.0,2.1,available,False
2026-09-03,2026-09-03T11:37:04Z,,Merlin Röhl,Everton,MID,5.0,4.359,4.364,21.82,5,3.0,0.61,72.0,1.5,2.2,36.0,0.0,0.1,available,False
2026-09-03,2026-09-03T11:37:04Z,,Rayan,Bournemouth,MID,6.5,4.343,4.305,21.53,5,3.6,0.82,70.0,2.3,4.5,67.0,0.0,3.5,available,False
2026-09-03,2026-09-03T11:37:04Z,,Kalvin Phillips,Man City,MID,5.0,4.334,4.346,21.73,5,2.8,0.93,87.2,1.5,0.0,0.0,0.0,0.0,available,False
2026-09-03,2026-09-03T11:37:04Z,,Rayan Cherki,Man City,MID,7.5,4.31,4.38,21.9,5,2.8,0.61,57.0,2.6,4.1,135.0,0.0,9.9,available,False
2026-09-03,2026-09-03T11:37:04Z,,Saša Lukić,Fulham,MID,5.0,4.293,4.267,21.34,5,3.6,0.78,81.0,1.5,2.6,67.0,0.0,0.1,available,False
2026-09-03,2026-09-03T11:37:04Z,,Dwight McNeil,Everton,MID,5.5,4.286,4.291,21.46,5,3.0,0.87,81.0,2.0,2.4,53.0,0.0,0.1,available,False
2026-09-03,2026-09-03T11:37:04Z,,Pau Torres,Aston Villa,DEF,4.5,4.272,4.267,21.34,5,3.0,0.96,90.0,1.7,3.0,64.0,0.0,0.2,available,False
2026-09-03,2026-09-03T11:37:04Z,,Brenden Aaronson,Leeds,MID,5.5,4.253,4.272,21.36,5,2.8,0.81,60.6,2.0,3.4,126.0,0.0,0.6,available,False
2026-09-03,2026-09-03T11:37:04Z,,Carlos Baleba,Brighton,MID,5.0,4.227,4.232,21.16,5,3.0,0.8,68.6,1.5,1.8,56.0,0.0,0.6,available,False
2026-09-03,2026-09-03T11:37:04Z,,Bafodé Diakité,Bournemouth,DEF,5.0,4.227,4.208,21.04,5,3.6,0.86,65.8,2.2,2.6,46.0,0.0,0.2,available,False
2026-09-03,2026-09-03T11:37:04Z,,Emile Smith Rowe,Fulham,MID,5.5,4.221,4.194,20.97,5,3.6,0.84,69.0,2.0,2.2,80.0,0.0,0.4,available,False
2026-09-03,2026-09-03T11:37:04Z,,Rodrigo,Man City,MID,6.5,4.213,4.256,21.28,5,2.8,0.0,59.4,0.0,3.3,69.0,0.0,0.1,injured,True
2026-09-03,2026-09-03T11:37:04Z,,Bryan Mbeumo,Man Utd,MID,8.0,4.195,4.206,21.03,5,2.8,0.86,66.2,2.8,4.5,148.0,0.0,13.3,available,False
2026-09-03,2026-09-03T11:37:04Z,,Daichi Kamada,Crystal Palace,MID,5.0,4.192,4.187,20.94,5,3.0,0.79,66.0,1.5,2.4,67.0,0.0,0.3,available,False
2026-09-03,2026-09-03T11:37:04Z,,Brennan Johnson,Crystal Palace,MID,6.0,4.185,4.176,20.88,5,3.0,0.85,76.4,2.1,1.9,65.0,0.0,0.2,available,False
2026-09-03,2026-09-03T11:37:04Z,,Justin Devenny,Crystal Palace,MID,5.0,4.181,4.177,20.88,5,3.0,0.5,63.8,1.5,1.7,36.0,0.0,0.0,available,False
2026-09-03,2026-09-03T11:37:04Z,,Keane Lewis-Potter,Brentford,MID,5.5,4.173,4.178,20.89,5,3.0,0.87,89.8,2.0,3.2,115.0,0.0,0.6,available,False
2026-09-03,2026-09-03T11:37:04Z,,Adam Wharton,Crystal Palace,MID,5.5,4.159,4.153,20.76,5,3.0,0.53,69.0,1.5,3.3,112.0,0.0,0.2,doubtful,False
2026-09-03,2026-09-03T11:37:04Z,,Vitaly Janelt,Brentford,MID,5.0,4.156,4.161,20.81,5,3.0,0.72,63.4,1.5,3.0,74.0,0.0,0.1,available,False
2026-09-03,2026-09-03T11:37:04Z,,Murillo,Nott'm Forest,DEF,5.5,4.144,4.15,20.75,5,3.0,0.75,90.0,1.9,3.3,83.0,0.0,0.2,doubtful,False
2026-09-03,2026-09-03T11:37:04Z,,Adam Smith,Bournemouth,DEF,4.5,4.139,4.12,20.6,5,3.6,0.8,69.2,1.7,2.6,58.0,0.0,0.1,available,False
2026-09-03,2026-09-03T11:37:04Z,,Igor Jesus,Nott'm Forest,FWD,6.0,4.13,4.14,20.7,5,3.0,0.79,64.8,2.0,3.1,114.0,0.0,3.9,available,False
2026-09-03,2026-09-03T11:37:04Z,,Ben Johnson,Ipswich Town,DEF,4.0,4.122,4.11,20.55,5,3.2,0.87,79.2,1.0,0.0,0.0,0.0,0.2,available,False
2026-09-03,2026-09-03T11:37:04Z,,Nicolò Savona,Nott'm Forest,DEF,4.5,4.09,4.096,20.48,5,3.0,0.0,79.2,0.0,2.8,39.0,0.0,0.0,injured,True
2026-09-03,2026-09-03T11:37:04Z,,William Osula,Newcastle,FWD,6.0,4.031,4.039,20.2,5,3.0,0.74,76.0,2.0,3.2,76.0,0.0,2.4,available,False
2026-09-03,2026-09-03T11:37:04Z,,Kristoffer Ajer,Brentford,DEF,4.5,4.012,4.016,20.08,5,3.0,0.54,55.4,1.7,2.8,76.0,0.0,0.5,available,False
2026-09-03,2026-09-03T11:37:04Z,,Cristhian Mosquera,Arsenal,DEF,5.5,3.994,3.982,19.91,5,3.2,0.43,47.0,2.5,2.0,40.0,0.0,16.8,available,False
2026-09-03,2026-09-03T11:37:04Z,,Ian Maatsen,Aston Villa,DEF,4.5,3.984,3.979,19.9,5,3.0,0.61,52.0,1.7,1.8,54.0,0.0,0.6,available,False
2026-09-03,2026-09-03T11:37:04Z,,Tetê,Fulham,DEF,4.5,3.98,3.929,19.65,5,3.6,0.69,51.0,1.7,3.7,81.0,0.0,0.2,available,False
2026-09-03,2026-09-03T11:37:04Z,,Alex Iwobi,Fulham,MID,5.5,3.977,3.935,19.68,5,3.6,1.0,76.0,2.0,3.6,103.0,0.0,0.9,available,False
2026-09-03,2026-09-03T11:37:04Z,,Luke O'Nien,Sunderland,DEF,4.0,3.963,3.951,19.75,5,3.2,0.56,72.6,1.0,2.2,26.0,0.0,2.3,available,False
2026-09-03,2026-09-03T11:37:04Z,,Tyrone Mings,Aston Villa,DEF,4.5,3.959,3.954,19.77,5,3.0,0.95,90.0,1.7,2.9,50.0,0.0,0.2,available,False
2026-09-03,2026-09-03T11:37:04Z,,Luke Woolfenden,Coventry City,DEF,4.0,3.958,3.941,19.71,5,3.4,0.67,72.0,1.0,0.0,0.0,0.0,0.3,available,False
2026-09-03,2026-09-03T11:37:04Z,,Sandro Tonali,Spurs,MID,5.5,3.863,3.881,19.4,5,2.8,0.98,89.0,2.0,2.3,81.0,0.0,3.0,available,False
2026-09-03,2026-09-03T11:37:04Z,,Tim Iroegbunam,Everton,MID,5.0,3.83,3.834,19.17,5,3.0,0.62,58.6,1.5,2.3,68.0,0.0,0.1,available,False
2026-09-03,2026-09-03T11:37:04Z,,Lucas Digne,Aston Villa,DEF,4.5,3.821,3.815,19.08,5,3.0,0.63,58.8,1.7,3.1,97.0,0.0,1.4,available,False
2026-09-03,2026-09-03T11:37:04Z,,Wes Burns,Ipswich Town,MID,5.0,3.813,3.802,19.01,5,3.2,0.77,65.8,1.5,0.0,0.0,0.0,0.1,available,False
2026-09-03,2026-09-03T11:37:04Z,,Issa Diop,Ipswich Town,DEF,4.0,3.805,3.793,18.97,5,3.2,0.76,81.0,1.0,2.4,31.0,0.0,21.4,available,False
2026-09-03,2026-09-03T11:37:04Z,,Lamare Bogarde,Aston Villa,MID,5.0,3.787,3.783,18.91,5,3.0,0.55,61.8,1.5,1.4,40.0,0.0,0.1,available,False
2026-09-03,2026-09-03T11:37:04Z,,Dejan Kulusevski,Spurs,MID,6.5,3.742,3.77,18.85,5,2.8,0.0,48.2,0.0,0.0,0.0,0.0,0.0,injured,True
2026-09-03,2026-09-03T11:37:04Z,,Danny Welbeck,Brighton,FWD,6.0,3.724,3.734,18.67,5,3.0,0.77,61.6,2.0,3.4,126.0,0.0,3.0,available,False
2026-09-03,2026-09-03T11:37:04Z,,Mamadou Sarr,Chelsea,DEF,4.5,3.722,3.72,18.6,5,3.0,1.0,81.0,1.7,1.0,3.0,0.0,0.1,available,False
2026-09-03,2026-09-03T11:37:04Z,,Myles Lewis-Skelly,Arsenal,MID,5.5,3.613,3.601,18.0,5,3.2,0.46,64.0,2.0,1.4,29.0,0.0,0.3,available,False
2026-09-03,2026-09-03T11:37:04Z,,Omar Marmoush,Man City,FWD,7.0,3.6,3.634,18.17,5,2.8,0.55,49.6,2.2,2.7,56.0,0.0,0.6,available,False
2026-09-03,2026-09-03T11:37:04Z,,John McGinn,Aston Villa,MID,5.5,3.585,3.576,17.88,5,3.0,0.99,83.6,2.0,3.4,103.0,0.0,2.7,available,False
2026-09-03,2026-09-03T11:37:04Z,,Chris Rigg,Sunderland,MID,5.0,3.579,3.564,17.82,5,3.2,0.97,74.0,1.5,2.0,36.0,0.0,0.1,available,False
2026-09-03,2026-09-03T11:37:04Z,,Simon Adingra,Sunderland,MID,5.0,3.575,3.559,17.8,5,3.2,0.75,60.8,1.5,2.4,34.0,0.0,0.4,available,False
2026-09-03,2026-09-03T11:37:04Z,,Kai Havertz,Arsenal,FWD,7.5,3.556,3.522,17.61,5,3.2,0.73,54.8,2.3,3.0,36.0,0.0,4.3,available,False
2026-09-03,2026-09-03T11:37:04Z,,Noah Okafor,Leeds,MID,6.0,3.551,3.6,18.0,5,2.8,0.64,52.2,2.1,3.9,109.0,0.0,0.9,available,False
2026-09-03,2026-09-03T11:37:04Z,,Tyler Adams,Bournemouth,MID,5.0,3.516,3.496,17.48,5,3.6,0.57,49.6,1.5,3.1,77.0,0.0,0.7,available,False
2026-09-03,2026-09-03T11:37:04Z,,Tyler Fredricson,Man Utd,DEF,4.0,3.506,3.509,17.55,5,2.8,0.6,83.0,1.0,1.0,1.0,0.0,0.1,available,False
2026-09-03,2026-09-03T11:37:04Z,,Benjamin Šeško,Man Utd,FWD,7.0,3.504,3.518,17.59,5,2.8,0.44,58.4,1.7,3.7,111.0,0.0,3.2,doubtful,False
2026-09-03,2026-09-03T11:37:04Z,,Caoimhin Kelleher,Brentford,GKP,5.0,3.488,3.491,17.46,5,3.0,1.0,90.0,2.6,3.9,143.0,0.0,5.6,available,False
2026-09-03,2026-09-03T11:37:04Z,,Victor Lindelöf,Aston Villa,DEF,4.5,3.478,3.474,17.37,5,3.0,0.75,62.4,1.7,1.7,29.0,0.0,0.2,available,False
2026-09-03,2026-09-03T11:37:04Z,,Hákon Rafn Valdimarsson,Brentford,GKP,4.5,3.471,3.474,17.37,5,3.0,0.3,72.0,2.0,1.0,1.0,0.0,0.1,available,False
2026-09-03,2026-09-03T11:37:04Z,,Jack Hinshelwood,Brighton,MID,6.0,3.463,3.47,17.35,5,3.0,0.9,84.4,2.1,3.4,91.0,0.0,0.3,available,False
2026-09-03,2026-09-03T11:37:04Z,,Jeremie Frimpong,Liverpool,DEF,5.5,3.392,3.41,17.05,5,2.6,0.6,56.8,2.5,3.0,63.0,0.0,3.0,available,False
2026-09-03,2026-09-03T11:37:04Z,,Nilson Angulo,Sunderland,MID,5.0,3.379,3.365,16.82,5,3.2,0.59,52.0,1.5,1.6,13.0,0.0,0.1,available,False
2026-09-03,2026-09-03T11:37:04Z,,Giorgi Mamardashvili,Liverpool,GKP,5.0,3.361,3.371,16.85,5,2.6,1.0,83.6,2.6,3.4,34.0,0.0,0.2,available,False
2026-09-03,2026-09-03T11:37:04Z,,Alex Murphy,Newcastle,DEF,4.0,3.352,3.356,16.78,5,3.0,0.48,81.6,1.0,1.0,2.0,0.0,0.8,available,False
2026-09-03,2026-09-03T11:37:04Z,,Freddie Woodman,Liverpool,GKP,4.0,3.343,3.353,16.76,5,2.6,0.68,78.4,1.0,2.0,6.0,0.0,1.3,available,False
2026-09-03,2026-09-03T11:37:04Z,,Liam Delap,Chelsea,FWD,5.5,3.33,3.326,16.63,5,3.0,0.54,61.8,1.8,1.6,45.0,0.0,0.5,available,False
2026-09-03,2026-09-03T11:37:04Z,,Jørgen Strand Larsen,Crystal Palace,FWD,6.0,3.307,3.299,16.49,5,3.0,0.65,48.2,2.0,2.1,75.0,0.0,0.6,available,False
2026-09-03,2026-09-03T11:37:04Z,,Jacob Ramsey,Newcastle,MID,5.0,3.3,3.305,16.53,5,3.0,0.58,57.4,1.5,2.2,62.0,0.0,0.5,available,False
2026-09-03,2026-09-03T11:37:04Z,,James Trafford,Man City,GKP,5.0,3.297,3.308,16.54,5,2.8,1.0,90.0,2.6,3.2,13.0,0.0,0.9,available,False
2026-09-03,2026-09-03T11:37:04Z,,Altay Bayındır,Man Utd,GKP,4.5,3.283,3.286,16.43,5,2.8,1.0,90.0,2.0,1.8,11.0,0.0,0.2,available,False
2026-09-03,2026-09-03T11:37:04Z,,Karl Darlow,Man Utd,GKP,4.5,3.278,3.281,16.4,5,2.8,0.75,90.0,1.5,3.2,71.0,0.0,0.1,doubtful,False
2026-09-03,2026-09-03T11:37:04Z,,Antonín Kinský,Spurs,GKP,4.5,3.277,3.287,16.44,5,2.8,1.0,90.0,2.0,2.9,20.0,0.0,16.6,available,False
2026-09-03,2026-09-03T11:37:04Z,,Martin Dúbravka,Spurs,GKP,4.0,3.27,3.28,16.4,5,2.8,1.0,90.0,1.0,2.7,96.0,0.0,24.8,available,False
2026-09-03,2026-09-03T11:37:04Z,,Senne Lammens,Man Utd,GKP,5.0,3.269,3.272,16.36,5,2.8,1.0,90.0,2.6,3.4,109.0,0.0,20.1,available,False
2026-09-03,2026-09-03T11:37:04Z,,Guglielmo Vicario,Spurs,GKP,4.5,3.268,3.278,16.39,5,2.8,1.0,90.0,2.0,2.9,90.0,0.0,1.7,available,False
2026-09-03,2026-09-03T11:37:04Z,,Gianluigi Donnarumma,Man City,GKP,5.5,3.265,3.276,16.38,5,2.8,1.0,90.0,3.3,4.0,135.0,0.0,11.2,available,False
2026-09-03,2026-09-03T11:37:04Z,,Chemsdine Talbi,Sunderland,MID,5.5,3.238,3.215,16.08,5,3.2,0.74,74.0,2.0,3.0,83.0,0.0,0.2,available,False
2026-09-03,2026-09-03T11:37:04Z,,Archie Gray,Spurs,MID,5.0,3.228,3.241,16.21,5,2.8,0.94,83.0,1.5,2.5,61.0,0.0,0.2,available,False
2026-09-03,2026-09-03T11:37:04Z,,Dean Henderson,Crystal Palace,GKP,5.0,3.21,3.207,16.03,5,3.0,1.0,90.0,2.6,3.5,131.0,0.0,3.1,available,False
2026-09-03,2026-09-03T11:37:04Z,,Mark Travers,Everton,GKP,5.0,3.208,3.211,16.06,5,3.0,1.0,90.0,2.6,0.0,0.0,0.0,0.1,available,False
2026-09-03,2026-09-03T11:37:04Z,,Bart Verbruggen,Brighton,GKP,4.5,3.207,3.21,16.05,5,3.0,1.0,90.0,2.0,3.4,130.0,0.0,16.9,available,False
2026-09-03,2026-09-03T11:37:04Z,,Nick Pope,Newcastle,GKP,5.0,3.205,3.208,16.04,5,3.0,1.0,90.0,2.6,3.6,96.0,0.0,1.0,available,False
2026-09-03,2026-09-03T11:37:04Z,,Loum Tchaouna,Coventry City,MID,5.5,3.195,3.163,15.82,5,3.4,0.68,70.0,2.0,0.0,0.0,0.0,0.1,available,False
2026-09-03,2026-09-03T11:37:04Z,,Noni Madueke,Arsenal,MID,6.5,3.193,3.174,15.87,5,3.2,0.61,47.0,2.3,2.8,72.0,0.0,0.4,available,False
2026-09-03,2026-09-03T11:37:04Z,,Jason Steele,Brighton,GKP,4.0,3.193,3.196,15.98,5,3.0,1.0,90.0,1.0,0.0,0.0,0.0,5.4,available,False
2026-09-03,2026-09-03T11:37:04Z,,Marco Bizot,Aston Villa,GKP,4.5,3.193,3.189,15.95,5,3.0,0.81,81.0,2.0,2.3,16.0,0.0,0.1,available,False
2026-09-03,2026-09-03T11:37:04Z,,Jordan Pickford,Everton,GKP,5.5,3.19,3.193,15.97,5,3.0,1.0,90.0,3.3,3.6,135.0,0.0,9.0,available,False
2026-09-03,2026-09-03T11:37:04Z,,Matz Sels,Nott'm Forest,GKP,5.0,3.188,3.193,15.96,5,3.0,0.99,90.0,2.6,3.4,105.0,0.0,1.4,available,False
2026-09-03,2026-09-03T11:37:04Z,,Robin Roefs,Sunderland,GKP,5.0,3.171,3.162,15.81,5,3.2,1.0,90.0,2.6,3.9,136.0,0.0,5.8,available,False
2026-09-03,2026-09-03T11:37:04Z,,Melker Ellborg,Sunderland,GKP,4.5,3.165,3.156,15.78,5,3.2,1.0,90.0,2.0,5.3,16.0,0.0,0.1,available,False
2026-09-03,2026-09-03T11:37:04Z,,Evann Guessand,Aston Villa,MID,5.5,3.157,3.15,15.75,5,3.0,0.56,53.0,2.0,2.1,44.0,0.0,0.0,available,False
2026-09-03,2026-09-03T11:37:04Z,,Alex Palmer,Ipswich Town,GKP,4.0,3.152,3.143,15.71,5,3.2,1.0,90.0,1.0,0.0,0.0,0.0,6.5,available,False
2026-09-03,2026-09-03T11:37:04Z,,Illan Meslier,Arsenal,GKP,5.0,3.149,3.14,15.7,5,3.2,1.0,90.0,2.6,0.0,0.0,0.0,0.1,available,False
2026-09-03,2026-09-03T11:37:04Z,,Christian Walton,Ipswich Town,GKP,4.5,3.141,3.132,15.66,5,3.2,1.0,90.0,2.0,0.0,0.0,0.0,0.7,available,False
2026-09-03,2026-09-03T11:37:04Z,,Martin Ødegaard,Arsenal,MID,6.5,3.14,3.096,15.48,5,3.2,0.51,52.2,2.3,3.1,74.0,0.0,2.9,available,False
2026-09-03,2026-09-03T11:37:04Z,,Habib Diarra,Sunderland,MID,5.5,3.131,3.107,15.54,5,3.2,0.68,55.2,2.0,3.2,65.0,0.0,0.1,available,False
2026-09-03,2026-09-03T11:37:04Z,,Chiedozie Ogbene,Ipswich Town,MID,5.0,3.109,3.096,15.48,5,3.2,0.65,54.4,1.5,0.0,0.0,0.0,0.0,available,False
2026-09-03,2026-09-03T11:37:04Z,,Wilson Odobert,Spurs,MID,5.5,3.075,3.109,15.54,5,2.8,0.0,53.2,0.0,1.9,46.0,0.0,0.0,injured,True
2026-09-03,2026-09-03T11:37:04Z,,Rio Ngumoha,Liverpool,MID,6.0,3.062,3.085,15.42,5,2.6,0.45,51.8,2.1,2.3,43.0,0.0,1.6,available,False
2026-09-03,2026-09-03T11:37:04Z,,Bernd Leno,Fulham,GKP,4.5,3.033,3.016,15.08,5,3.6,1.0,90.0,2.0,3.2,122.0,0.0,3.2,available,False
2026-09-03,2026-09-03T11:37:04Z,,Fraser Forster,Bournemouth,GKP,4.0,3.028,3.012,15.06,5,3.6,1.0,90.0,1.0,0.0,0.0,0.0,3.2,available,False
2026-09-03,2026-09-03T11:37:04Z,,Đorđe Petrović,Bournemouth,GKP,4.5,3.026,3.01,15.05,5,3.6,1.0,90.0,2.0,3.3,124.0,0.0,3.5,available,False
2026-09-03,2026-09-03T11:37:04Z,,Harrison Armstrong,Everton,MID,5.0,2.935,2.939,14.69,5,3.0,0.65,52.6,1.5,1.6,21.0,0.0,0.1,available,False
2026-09-03,2026-09-03T11:37:04Z,,Omari Hutchinson,Nott'm Forest,MID,5.5,2.924,2.932,14.66,5,3.0,0.59,52.2,2.0,2.6,82.0,0.0,0.2,available,False
2026-09-03,2026-09-03T11:37:04Z,,Miloš Kerkez,Liverpool,DEF,5.5,2.914,2.928,14.64,5,2.6,0.57,47.8,2.5,2.5,85.0,0.0,6.3,available,False
2026-09-03,2026-09-03T11:37:04Z,,Mason Mount,Man Utd,MID,5.5,2.895,2.899,14.49,5,2.8,0.62,54.0,2.0,2.5,58.0,0.0,0.1,available,False
2026-09-03,2026-09-03T11:37:04Z,,Borna Sosa,Crystal Palace,DEF,4.5,2.886,2.882,14.41,5,3.0,0.36,58.4,1.7,0.9,6.0,0.0,0.1,available,False
2026-09-03,2026-09-03T11:37:04Z,,Justin Kluivert,Bournemouth,MID,6.0,2.762,2.716,13.58,5,3.6,0.58,57.2,2.1,2.0,41.0,0.0,0.8,available,False
2026-09-03,2026-09-03T11:37:04Z,,Will Hughes,Crystal Palace,MID,4.5,2.753,2.749,13.75,5,3.0,0.74,53.0,1.0,1.5,45.0,0.0,10.1,available,False
2026-09-03,2026-09-03T11:37:04Z,,Chris Wood,Nott'm Forest,FWD,6.0,2.726,2.739,13.69,5,3.0,0.65,55.0,2.0,2.7,41.0,0.0,1.8,available,False
2026-09-03,2026-09-03T11:37:04Z,,Estêvão,Chelsea,MID,6.5,2.703,2.699,13.49,5,3.0,0.69,54.0,2.3,2.6,58.0,0.0,1.4,available,False
2026-09-03,2026-09-03T11:37:04Z,,Joe Willock,Newcastle,MID,5.0,2.702,2.708,13.54,5,3.0,0.54,58.6,1.5,1.6,38.0,0.0,0.1,available,False
2026-09-03,2026-09-03T11:37:04Z,,Ross Barkley,Aston Villa,MID,5.0,2.692,2.685,13.43,5,3.0,0.49,59.2,1.5,2.7,56.0,0.0,0.2,available,False
2026-09-03,2026-09-03T11:37:04Z,,Amad Diallo,Man Utd,MID,6.0,2.633,2.639,13.19,5,2.8,0.7,53.0,2.1,2.8,91.0,0.0,1.5,available,False
2026-09-03,2026-09-03T11:37:04Z,,Tyler Dibling,Everton,MID,5.5,2.584,2.588,12.94,5,3.0,0.54,51.4,2.0,1.3,18.0,0.0,0.1,available,False
2026-09-03,2026-09-03T11:37:04Z,,Neto,Chelsea,MID,6.5,2.574,2.572,12.86,5,3.0,1.0,90.0,2.3,3.7,125.0,0.0,1.2,available,False
2026-09-03,2026-09-03T11:37:04Z,,Viktor Gyökeres,Arsenal,FWD,7.5,2.565,2.537,12.69,5,3.2,0.54,48.2,2.3,3.6,128.0,0.0,13.9,available,False
2026-09-03,2026-09-03T11:37:04Z,,Jacob Murphy,Newcastle,MID,6.0,2.447,2.453,12.27,5,3.0,0.59,47.6,2.1,2.5,82.0,0.0,0.2,available,False
2026-09-03,2026-09-03T11:37:04Z,,Matt Targett,Hull City,DEF,4.0,2.388,2.376,11.88,5,3.2,0.36,49.8,1.0,0.0,0.0,0.0,1.7,available,False
2026-09-03,2026-09-03T11:37:04Z,,Harvey Barnes,Newcastle,MID,6.0,2.369,2.378,11.89,5,3.0,0.46,48.0,2.1,2.9,106.0,0.0,1.0,available,False
2026-09-03,2026-09-03T11:37:04Z,,Callum Hudson-Odoi,Nott'm Forest,MID,6.0,2.353,2.362,11.81,5,3.0,0.57,56.4,1.6,2.9,88.0,0.0,0.0,doubtful,False
2026-09-03,2026-09-03T11:37:04Z,,Dilane Bakwa,Nott'm Forest,MID,5.5,2.324,2.333,11.67,5,3.0,0.52,45.8,2.0,1.9,26.0,0.0,0.0,available,False
2026-09-03,2026-09-03T11:37:04Z,,Ilia Gruev,Leeds,MID,5.0,2.237,2.251,11.26,5,2.8,0.65,57.6,1.5,2.4,56.0,0.0,0.0,available,False
2026-09-03,2026-09-03T11:37:04Z,,Jordan Henderson,Brentford,MID,5.0,2.16,2.164,10.82,5,3.0,0.49,56.0,1.1,2.4,76.0,0.0,0.0,doubtful,False
2026-09-03,2026-09-03T11:37:04Z,,Jack Taylor,Ipswich Town,MID,4.5,2.159,2.147,10.73,5,3.2,0.42,58.6,1.0,0.0,0.0,0.0,0.5,available,False
2026-09-03,2026-09-03T11:37:04Z,,Ethan Nwaneri,Arsenal,MID,5.5,2.002,1.986,9.93,5,3.2,0.12,46.0,2.0,1.3,8.0,0.0,0.0,available,False
2026-09-03,2026-09-03T11:37:04Z,,Tom Cairney,Fulham,MID,5.0,1.883,1.859,9.29,5,3.6,0.47,51.2,1.5,1.7,41.0,0.0,0.0,available,False
2026-09-04,2026-09-04T11:38:54Z,,Bukayo Saka,Arsenal,MID,9.5,8.949,8.839,44.19,5,3.2,0.93,79.0,3.2,5.1,157.0,0.0,10.8,available,False
2026-09-04,2026-09-04T11:38:54Z,,Jérémy Doku,Man City,MID,7.5,7.886,7.991,39.95,5,2.8,0.74,75.4,2.6,4.0,120.0,0.0,6.6,available,False
2026-09-04,2026-09-04T11:38:54Z,,Hugo Ekitiké,Liverpool,FWD,7.5,7.292,7.382,36.91,5,2.6,0.0,86.8,0.0,4.5,125.0,0.0,0.2,injured,True
2026-09-04,2026-09-04T11:38:54Z,,Erling Haaland,Man City,FWD,15.5,6.726,6.819,34.1,5,2.8,0.99,90.0,4.0,6.8,239.0,0.0,74.9,available,False
2026-09-04,2026-09-04T11:38:54Z,,Cody Gakpo,Liverpool,MID,7.0,6.388,6.452,32.26,5,2.6,0.95,83.0,2.4,3.6,131.0,0.0,3.4,available,False
2026-09-04,2026-09-04T11:38:54Z,,Dominic Calvert-Lewin,Leeds,FWD,6.0,6.342,6.399,32.0,5,2.8,0.94,89.6,2.0,4.1,142.0,0.0,17.7,available,False
2026-09-04,2026-09-04T11:38:54Z,,João Pedro,Chelsea,FWD,7.5,6.16,6.151,30.75,5,3.0,0.95,85.8,2.3,5.1,177.0,0.0,48.8,available,False
2026-09-04,2026-09-04T11:38:54Z,,Pedro Porro,Spurs,DEF,5.5,6.084,6.108,30.54,5,2.8,0.98,90.0,2.5,3.4,117.0,0.0,23.9,available,False
2026-09-04,2026-09-04T11:38:54Z,,Richarlison,Spurs,FWD,6.0,6.066,6.115,30.58,5,2.8,0.73,76.0,2.0,3.7,119.0,0.0,1.6,available,False
2026-09-04,2026-09-04T11:38:54Z,,Cole Palmer,Chelsea,MID,9.5,5.928,5.916,29.58,5,3.0,0.97,89.8,3.2,4.4,114.0,0.0,13.2,available,False
2026-09-04,2026-09-04T11:38:54Z,,Cristian Romero,Spurs,DEF,5.0,5.912,5.926,29.63,5,2.8,0.98,68.6,2.2,4.0,91.0,0.0,1.0,available,False
2026-09-04,2026-09-04T11:38:54Z,,Rayan Aït-Nouri,Man City,DEF,5.5,5.896,5.917,29.58,5,2.8,0.82,63.6,2.5,3.5,60.0,0.0,1.0,available,False
2026-09-04,2026-09-04T11:38:54Z,,Sepp van den Berg,Brentford,DEF,5.0,5.813,5.817,29.09,5,3.0,0.99,90.0,2.2,3.5,113.0,0.0,0.7,available,False
2026-09-04,2026-09-04T11:38:54Z,,James Justin,Leeds,DEF,4.5,5.79,5.804,29.02,5,2.8,0.91,90.0,1.7,3.2,94.0,0.0,0.5,available,False
2026-09-04,2026-09-04T11:38:54Z,,Dominik Szoboszlai,Liverpool,MID,7.0,5.783,5.825,29.13,5,2.6,1.0,90.0,2.4,4.4,160.0,0.0,45.6,available,False
2026-09-04,2026-09-04T11:38:54Z,,Jan Paul van Hecke,Spurs,DEF,5.0,5.764,5.778,28.89,5,2.8,1.0,90.0,2.2,4.1,148.0,0.0,8.3,available,False
2026-09-04,2026-09-04T11:38:54Z,,Kevin Danso,Spurs,DEF,5.0,5.738,5.752,28.76,5,2.8,0.92,90.0,2.2,2.6,63.0,0.0,0.2,available,False
2026-09-04,2026-09-04T11:38:54Z,,Antoine Semenyo,Man City,MID,8.5,5.712,5.783,28.92,5,2.8,1.0,75.0,2.9,5.5,202.0,0.0,20.3,available,False
2026-09-04,2026-09-04T11:38:54Z,,Enzo Le Fée,Sunderland,MID,6.0,5.703,5.673,28.37,5,3.2,0.97,90.0,2.1,4.1,147.0,0.0,7.1,available,False
2026-09-04,2026-09-04T11:38:54Z,,Sven Botman,Newcastle,DEF,5.0,5.702,5.706,28.53,5,3.0,0.96,90.0,2.2,3.6,89.0,0.0,0.4,available,False
2026-09-04,2026-09-04T11:38:54Z,,Marc Guéhi,Man City,DEF,6.0,5.681,5.695,28.47,5,2.8,1.0,90.0,2.8,5.1,179.0,0.0,24.9,available,False
2026-09-04,2026-09-04T11:38:54Z,,Maxence Lacroix,Crystal Palace,DEF,6.0,5.636,5.631,28.16,5,3.0,1.0,90.0,2.8,4.4,154.0,0.0,12.2,available,False
2026-09-04,2026-09-04T11:38:54Z,,Luke Shaw,Man Utd,DEF,4.5,5.632,5.635,28.18,5,2.8,1.0,86.6,1.7,3.0,113.0,0.0,21.0,available,False
2026-09-04,2026-09-04T11:38:54Z,,Michael Kayode,Brentford,DEF,4.5,5.615,5.619,28.1,5,3.0,1.0,90.0,1.7,3.1,113.0,0.0,5.1,available,False
2026-09-04,2026-09-04T11:38:54Z,,Gabriel Gudmundsson,Leeds,DEF,4.5,5.576,5.59,27.95,5,2.8,0.99,80.6,1.7,2.1,68.0,0.0,0.6,available,False
2026-09-04,2026-09-04T11:38:54Z,,Matthijs de Ligt,Man Utd,DEF,5.0,5.561,5.565,27.82,5,2.8,0.0,90.0,0.0,3.3,43.0,0.0,0.0,injured,True
2026-09-04,2026-09-04T11:38:54Z,,James Hill,Bournemouth,DEF,5.5,5.547,5.526,27.63,5,3.6,0.92,90.0,2.5,3.8,110.0,0.0,1.5,available,False
2026-09-04,2026-09-04T11:38:54Z,,Jacob Greaves,Ipswich Town,DEF,4.0,5.53,5.518,27.59,5,3.2,1.0,90.0,1.0,0.0,0.0,0.0,0.5,available,False
2026-09-04,2026-09-04T11:38:54Z,,Anton Stach,Leeds,MID,6.0,5.516,5.539,27.7,5,2.8,0.99,86.4,2.1,4.7,137.0,0.0,1.5,available,False
2026-09-04,2026-09-04T11:38:54Z,,Neco Williams,Nott'm Forest,DEF,5.0,5.504,5.51,27.55,5,3.0,0.87,81.2,2.2,3.5,128.0,0.0,12.7,available,False
2026-09-04,2026-09-04T11:38:54Z,,Piero Hincapié,Arsenal,DEF,5.5,5.497,5.484,27.42,5,3.2,0.69,60.8,2.5,3.5,87.0,0.0,5.3,available,False
2026-09-04,2026-09-04T11:38:54Z,,Adrien Truffert,Bournemouth,DEF,5.5,5.476,5.452,27.26,5,3.6,1.0,90.0,2.5,4.3,165.0,0.0,4.7,available,False
2026-09-04,2026-09-04T11:38:54Z,,Declan Rice,Arsenal,MID,7.5,5.465,5.438,27.19,5,3.2,0.99,84.8,2.6,5.1,184.0,0.0,22.0,available,False
2026-09-04,2026-09-04T11:38:54Z,,Antonee Robinson,Fulham,DEF,4.5,5.464,5.441,27.2,5,3.6,0.94,80.0,1.7,3.0,65.0,0.0,3.5,available,False
2026-09-04,2026-09-04T11:38:54Z,,Ola Aina,Nott'm Forest,DEF,4.5,5.455,5.461,27.3,5,3.0,1.0,89.8,1.7,3.7,67.0,0.0,5.0,available,False
2026-09-04,2026-09-04T11:38:54Z,,Jaydee Canvot,Crystal Palace,DEF,5.0,5.442,5.438,27.19,5,3.0,0.92,90.0,2.2,3.6,72.0,0.0,0.4,available,False
2026-09-04,2026-09-04T11:38:54Z,,Tyrick Mitchell,Crystal Palace,DEF,4.5,5.437,5.433,27.16,5,3.0,0.87,72.0,1.7,3.6,135.0,0.0,7.4,available,False
2026-09-04,2026-09-04T11:38:54Z,,Ethan Pinnock,Brentford,DEF,4.5,5.423,5.427,27.13,5,3.0,1.0,80.8,1.7,3.5,14.0,0.0,0.1,available,False
2026-09-04,2026-09-04T11:38:54Z,,Jayden Bogle,Leeds,DEF,4.5,5.421,5.438,27.19,5,2.8,0.98,80.8,1.7,2.8,96.0,0.0,0.4,available,False
2026-09-04,2026-09-04T11:38:54Z,,Enzo Fernández,Chelsea,MID,7.0,5.42,5.41,27.05,5,3.0,0.99,89.6,2.4,4.4,157.0,0.0,5.1,available,False
2026-09-04,2026-09-04T11:38:54Z,,Harry Maguire,Man Utd,DEF,5.0,5.419,5.423,27.11,5,2.8,0.94,87.6,2.2,3.9,90.0,0.0,6.9,available,False
2026-09-04,2026-09-04T11:38:54Z,,Nordi Mukiele,Sunderland,DEF,5.5,5.411,5.396,26.98,5,3.2,1.0,90.0,2.5,4.7,151.0,0.0,8.2,available,False
2026-09-04,2026-09-04T11:38:54Z,,Virgil van Dijk,Liverpool,DEF,6.5,5.411,5.43,27.15,5,2.6,1.0,90.0,3.1,4.6,175.0,0.0,15.5,available,False
2026-09-04,2026-09-04T11:38:54Z,,Calvin Bassey,Fulham,DEF,4.5,5.391,5.369,26.85,5,3.6,0.99,90.0,1.7,3.4,103.0,0.0,0.5,available,False
2026-09-04,2026-09-04T11:38:54Z,,Max Alleyne,Man City,DEF,5.0,5.386,5.399,26.99,5,2.8,0.95,90.0,2.2,2.5,5.0,0.0,0.1,available,False
2026-09-04,2026-09-04T11:38:54Z,,Conor Bradley,Liverpool,DEF,5.0,5.381,5.393,26.96,5,2.6,0.0,62.2,0.0,2.8,42.0,0.0,0.0,injured,True
2026-09-04,2026-09-04T11:38:54Z,,Michael Keane,Everton,DEF,5.0,5.377,5.381,26.91,5,3.0,0.85,75.2,2.2,4.0,131.0,0.0,1.5,available,False
2026-09-04,2026-09-04T11:38:54Z,,Yankuba Minteh,Brighton,MID,6.0,5.356,5.365,26.82,5,3.0,0.94,87.2,2.1,3.4,117.0,0.0,0.7,available,False
2026-09-04,2026-09-04T11:38:54Z,,Elliot Anderson,Man City,MID,6.5,5.342,5.362,26.81,5,2.8,0.87,81.0,2.3,4.7,180.0,0.0,12.2,available,False
2026-09-04,2026-09-04T11:38:54Z,,Pascal Struijk,Brighton,DEF,5.0,5.342,5.346,26.73,5,3.0,1.0,83.2,2.2,3.2,108.0,0.0,0.5,available,False
2026-09-04,2026-09-04T11:38:54Z,,Jorrel Hato,Chelsea,DEF,4.5,5.34,5.338,26.69,5,3.0,0.83,90.0,1.7,0.9,19.0,0.0,1.6,available,False
2026-09-04,2026-09-04T11:38:54Z,,Marcus Tavernier,Bournemouth,MID,6.0,5.309,5.255,26.27,5,3.6,0.96,86.4,2.1,4.0,137.0,0.0,1.4,available,False
2026-09-04,2026-09-04T11:38:54Z,,Ayden Heaven,Man Utd,DEF,4.5,5.293,5.297,26.48,5,2.8,0.81,69.0,1.7,2.5,42.0,0.0,0.4,available,False
2026-09-04,2026-09-04T11:38:54Z,,Mats Wieffer,Brighton,DEF,5.0,5.289,5.293,26.47,5,3.0,0.95,66.6,2.2,3.6,94.0,0.0,0.4,available,False
2026-09-04,2026-09-04T11:38:54Z,,James Garner,Everton,MID,6.0,5.287,5.292,26.46,5,3.0,0.0,90.0,0.0,4.2,159.0,0.0,2.0,injured,True
2026-09-04,2026-09-04T11:38:54Z,,Omar Alderete,Sunderland,DEF,5.0,5.284,5.271,26.36,5,3.2,0.99,84.6,2.2,3.8,125.0,0.0,1.3,available,False
2026-09-04,2026-09-04T11:38:54Z,,James Tarkowski,Everton,DEF,6.0,5.277,5.282,26.41,5,3.0,1.0,90.0,2.8,4.6,170.0,0.0,10.2,available,False
2026-09-04,2026-09-04T11:38:54Z,,Olivier Boscagli,Brighton,DEF,4.5,5.276,5.28,26.4,5,3.0,0.77,77.8,1.7,3.2,39.0,0.0,0.1,available,False
2026-09-04,2026-09-04T11:38:54Z,,Malick Thiaw,Newcastle,DEF,5.0,5.272,5.276,26.38,5,3.0,0.99,90.0,2.2,3.6,126.0,0.0,2.5,available,False
2026-09-04,2026-09-04T11:38:54Z,,Trai Hume,Sunderland,DEF,4.5,5.265,5.247,26.24,5,3.2,0.85,71.2,1.7,2.9,110.0,0.0,1.4,available,False
2026-09-04,2026-09-04T11:38:54Z,,Fabian Schär,Newcastle,DEF,5.0,5.263,5.268,26.34,5,3.0,0.79,81.6,2.2,3.2,51.0,0.0,0.1,available,False
2026-09-04,2026-09-04T11:38:54Z,,Kenny Tete,Fulham,DEF,4.5,5.256,5.234,26.17,5,3.6,0.86,73.0,1.7,3.7,81.0,0.0,0.2,available,False
2026-09-04,2026-09-04T11:38:54Z,,William Saliba,Arsenal,DEF,6.0,5.254,5.239,26.2,5,3.2,0.0,90.0,0.0,4.4,137.0,0.0,0.5,injured,True
2026-09-04,2026-09-04T11:38:54Z,,Mathys Tel,Spurs,MID,6.0,5.253,5.287,26.44,5,2.8,0.54,68.4,2.1,2.5,78.0,0.0,0.2,available,False
2026-09-04,2026-09-04T11:38:54Z,,Rodrigo Bentancur,Spurs,MID,5.5,5.249,5.265,26.32,5,2.8,0.95,79.0,2.0,3.3,86.0,0.0,0.1,available,False
2026-09-04,2026-09-04T11:38:54Z,,João Gomes,Aston Villa,MID,5.5,5.239,5.233,26.17,5,3.0,0.96,88.8,2.0,3.0,85.0,0.0,0.3,available,False
2026-09-04,2026-09-04T11:38:54Z,,Florian Wirtz,Liverpool,MID,7.5,5.235,5.291,26.46,5,2.6,0.82,71.2,2.6,3.8,125.0,0.0,11.1,available,False
2026-09-04,2026-09-04T11:38:54Z,,Jake O'Brien,Everton,DEF,5.0,5.227,5.231,26.16,5,3.0,0.99,84.6,2.2,3.1,116.0,0.0,0.6,available,False
2026-09-04,2026-09-04T11:38:54Z,,Dara O'Shea,Ipswich Town,DEF,4.0,5.222,5.209,26.05,5,3.2,1.0,90.0,1.0,0.0,0.0,0.0,1.2,available,False
2026-09-04,2026-09-04T11:38:54Z,,Jarrad Branthwaite,Everton,DEF,5.5,5.22,5.224,26.12,5,3.0,0.75,73.0,2.5,3.2,32.0,0.0,2.0,available,False
2026-09-04,2026-09-04T11:38:54Z,,Jurriën Timber,Arsenal,DEF,6.5,5.215,5.201,26.01,5,3.2,0.0,83.4,0.0,5.0,149.0,0.0,0.7,injured,True
2026-09-04,2026-09-04T11:38:54Z,,Matheus Nunes,Man City,DEF,6.0,5.211,5.225,26.12,5,2.8,0.98,83.6,2.8,4.5,154.0,0.0,5.5,available,False
2026-09-04,2026-09-04T11:38:54Z,,Mateus Fernandes,Spurs,MID,6.0,5.191,5.208,26.04,5,2.8,0.98,90.0,2.1,3.8,135.0,0.0,4.6,available,False
2026-09-04,2026-09-04T11:38:54Z,,Dango Ouattara,Brentford,MID,6.5,5.185,5.197,25.99,5,3.0,0.79,76.2,2.3,4.2,136.0,0.0,1.5,available,False
2026-09-04,2026-09-04T11:38:54Z,,Iliman Ndiaye,Everton,MID,6.0,5.177,5.185,25.92,5,3.0,1.0,90.0,2.1,4.0,128.0,0.0,21.3,available,False
2026-09-04,2026-09-04T11:38:54Z,,Mikkel Damsgaard,Brentford,MID,5.5,5.156,5.163,25.82,5,3.0,0.9,85.4,2.0,3.4,113.0,0.0,0.7,available,False
2026-09-04,2026-09-04T11:38:54Z,,Lewis Hall,Newcastle,DEF,5.0,5.151,5.156,25.78,5,3.0,0.81,67.4,2.2,2.6,79.0,0.0,4.6,available,False
2026-09-04,2026-09-04T11:38:54Z,,Joachim Andersen,Fulham,DEF,5.0,5.146,5.125,25.62,5,3.6,0.0,90.0,0.0,3.7,123.0,0.0,0.1,suspended,True
2026-09-04,2026-09-04T11:38:54Z,,Reinildo Mandava,Sunderland,DEF,4.5,5.133,5.121,25.6,5,3.2,0.86,72.0,1.7,3.0,74.0,0.0,0.6,available,False
2026-09-04,2026-09-04T11:38:54Z,,Boubacar Kamara,Aston Villa,MID,5.0,5.119,5.113,25.57,5,3.0,0.73,88.2,1.1,3.4,61.0,0.0,0.1,doubtful,False
2026-09-04,2026-09-04T11:38:54Z,,Alex Scott,Bournemouth,MID,6.0,5.112,5.085,25.42,5,3.6,0.98,89.8,2.1,3.7,136.0,0.0,1.6,available,False
2026-09-04,2026-09-04T11:38:54Z,,Destiny Udogie,Spurs,DEF,4.5,5.111,5.125,25.63,5,2.8,0.87,82.0,1.7,1.4,29.0,0.0,0.4,available,False
2026-09-04,2026-09-04T11:38:54Z,,Morgan Rogers,Chelsea,MID,7.5,5.11,5.103,25.52,5,3.0,1.0,87.6,2.6,4.6,169.0,0.0,33.9,available,False
2026-09-04,2026-09-04T11:38:54Z,,Lewis Dunk,Brighton,DEF,4.5,5.107,5.112,25.56,5,3.0,0.99,90.0,1.7,3.0,100.0,0.0,0.7,available,False
2026-09-04,2026-09-04T11:38:54Z,,Beto,Everton,FWD,5.5,5.097,5.107,25.54,5,3.0,0.81,70.8,1.8,2.8,104.0,0.0,3.4,available,False
2026-09-04,2026-09-04T11:38:54Z,,Daniel Ballard,Sunderland,DEF,5.0,5.094,5.081,25.41,5,3.2,0.81,72.2,2.2,4.0,116.0,0.0,2.6,available,False
2026-09-04,2026-09-04T11:38:54Z,,Nico O'Reilly,Man City,DEF,6.5,5.086,5.102,25.51,5,2.8,0.94,84.8,3.1,4.7,160.0,0.0,24.2,available,False
2026-09-04,2026-09-04T11:38:54Z,,Matty Cash,Aston Villa,DEF,4.5,5.079,5.074,25.37,5,3.0,1.0,88.0,1.7,3.3,117.0,0.0,8.2,available,False
2026-09-04,2026-09-04T11:38:54Z,,Nathan Collins,Brentford,DEF,5.5,5.076,5.08,25.4,5,3.0,0.96,90.0,2.5,3.7,129.0,0.0,2.0,available,False
2026-09-04,2026-09-04T11:38:54Z,,Ethan Ampadu,Leeds,MID,5.5,5.072,5.086,25.43,5,2.8,1.0,90.0,2.0,3.8,134.0,0.0,1.3,available,False
2026-09-04,2026-09-04T11:38:54Z,,Noussair Mazraoui,Man Utd,DEF,4.5,5.055,5.058,25.29,5,2.8,0.7,76.0,1.7,2.6,53.0,0.0,0.8,available,False
2026-09-04,2026-09-04T11:38:54Z,,Jaka Bijol,Leeds,DEF,5.0,5.041,5.054,25.27,5,2.8,0.93,84.8,2.2,4.0,99.0,0.0,0.4,available,False
2026-09-04,2026-09-04T11:38:54Z,,Joelinton,Newcastle,MID,5.5,5.037,5.041,25.21,5,3.0,0.61,75.4,1.5,2.7,73.0,0.0,0.0,doubtful,False
2026-09-04,2026-09-04T11:38:54Z,,Ben Davies,Spurs,DEF,4.0,5.021,5.036,25.18,5,2.8,0.56,64.6,1.0,3.3,10.0,0.0,0.7,available,False
2026-09-04,2026-09-04T11:38:54Z,,Harry Amass,Man Utd,DEF,4.0,5.015,5.02,25.1,5,2.8,0.75,66.25,1.0,0.0,0.0,0.0,0.2,available,False
2026-09-04,2026-09-04T11:38:54Z,,Chris Richards,Crystal Palace,DEF,5.0,5.006,5.002,25.01,5,3.0,0.87,74.8,2.2,3.9,128.0,0.0,0.8,available,False
2026-09-04,2026-09-04T11:38:54Z,,John Egan,Hull City,DEF,4.0,5.006,4.994,24.97,5,3.2,1.0,85.6,1.0,0.0,0.0,0.0,0.8,available,False
2026-09-04,2026-09-04T11:38:54Z,,Ryan Sessegnon,Fulham,DEF,4.5,4.995,4.971,24.85,5,3.6,0.68,62.2,1.7,3.5,95.0,0.0,0.4,available,False
2026-09-04,2026-09-04T11:38:54Z,,Kiernan Dewsbury-Hall,Everton,MID,6.5,4.988,4.995,24.97,5,3.0,0.99,89.6,2.3,4.9,151.0,0.0,4.3,available,False
2026-09-04,2026-09-04T11:38:54Z,,Dan Burn,Newcastle,DEF,5.0,4.98,4.984,24.92,5,3.0,0.7,60.2,2.2,3.2,93.0,0.0,2.7,available,False
2026-09-04,2026-09-04T11:38:54Z,,Youri Tielemans,Man Utd,MID,6.0,4.978,4.982,24.91,5,2.8,0.71,86.6,1.6,2.7,68.0,0.0,1.0,doubtful,False
2026-09-04,2026-09-04T11:38:54Z,,Timothy Castagne,Fulham,DEF,4.5,4.977,4.952,24.76,5,3.6,0.93,88.6,1.7,2.0,61.0,0.0,0.2,available,False
2026-09-04,2026-09-04T11:38:54Z,,Mohammed Kudus,Spurs,MID,6.5,4.971,4.999,24.99,5,2.8,0.75,78.6,1.7,3.9,75.0,0.0,0.3,doubtful,False
2026-09-04,2026-09-04T11:38:54Z,,Lisandro Martínez,Man Utd,DEF,5.0,4.97,4.974,24.87,5,2.8,0.69,83.2,1.6,2.8,51.0,0.0,1.3,doubtful,False
2026-09-04,2026-09-04T11:38:54Z,,Pape Matar Sarr,Spurs,MID,5.0,4.966,4.986,24.93,5,2.8,0.58,64.0,1.5,2.7,71.0,0.0,0.4,available,False
2026-09-04,2026-09-04T11:38:54Z,,Wesley Fofana,Chelsea,DEF,5.0,4.952,4.95,24.75,5,3.0,0.0,77.4,0.0,2.6,65.0,0.0,0.0,suspended,True
2026-09-04,2026-09-04T11:38:54Z,,Lewis Miley,Newcastle,MID,5.5,4.915,4.919,24.6,5,3.0,0.0,76.6,0.0,3.1,72.0,0.0,0.0,injured,True
2026-09-04,2026-09-04T11:38:54Z,,Malo Gusto,Chelsea,DEF,5.0,4.887,4.883,24.42,5,3.0,0.9,87.6,2.2,2.8,96.0,0.0,1.2,available,False
2026-09-04,2026-09-04T11:38:54Z,,Ryan Gravenberch,Liverpool,MID,6.0,4.88,4.902,24.51,5,2.6,0.86,69.4,2.1,4.0,144.0,0.0,1.7,available,False
2026-09-04,2026-09-04T11:38:54Z,,Sebastiaan Bornauw,Leeds,DEF,4.5,4.864,4.876,24.38,5,2.8,0.8,67.4,1.7,2.1,25.0,0.0,0.0,available,False
2026-09-04,2026-09-04T11:38:54Z,,Nathan Patterson,Everton,DEF,4.5,4.826,4.83,24.15,5,3.0,0.78,65.6,1.7,3.1,22.0,0.0,0.1,available,False
2026-09-04,2026-09-04T11:38:54Z,,Yehor Yarmoliuk,Brentford,MID,5.0,4.824,4.829,24.14,5,3.0,0.92,87.8,1.5,2.8,104.0,0.0,1.4,available,False
2026-09-04,2026-09-04T11:38:54Z,,Alexis Mac Allister,Liverpool,MID,5.5,4.822,4.85,24.25,5,2.6,0.81,75.8,2.0,2.9,108.0,0.0,1.9,available,False
2026-09-04,2026-09-04T11:38:54Z,,Jaidon Anthony,Brentford,MID,6.0,4.807,4.817,24.09,5,3.0,0.94,87.4,2.1,0.0,0.0,0.0,0.3,available,False
2026-09-04,2026-09-04T11:38:54Z,,Abdukodir Khusanov,Man City,DEF,5.5,4.806,4.819,24.1,5,2.8,0.89,90.0,2.5,3.2,67.0,0.0,2.0,available,False
2026-09-04,2026-09-04T11:38:54Z,,Mathias Jensen,Brentford,MID,5.5,4.805,4.811,24.05,5,3.0,0.9,84.6,2.0,2.7,98.0,0.0,0.1,available,False
2026-09-04,2026-09-04T11:38:54Z,,Jack Grealish,Man City,MID,6.5,4.801,4.827,24.14,5,2.8,0.84,74.4,2.3,4.0,79.0,0.0,0.3,available,False
2026-09-04,2026-09-04T11:38:54Z,,Conor Gallagher,Spurs,MID,5.5,4.791,4.814,24.07,5,2.8,0.8,87.0,2.0,2.8,44.0,0.0,0.2,available,False
2026-09-04,2026-09-04T11:38:54Z,,Pascal Groß,Brighton,MID,5.5,4.791,4.8,24.0,5,3.0,0.96,90.0,2.0,4.1,78.0,0.0,2.0,available,False
2026-09-04,2026-09-04T11:38:54Z,,Ryan Christie,Bournemouth,MID,5.0,4.787,4.76,23.8,5,3.6,0.0,60.4,0.0,1.8,47.0,0.0,0.1,suspended,True
2026-09-04,2026-09-04T11:38:54Z,,Kobbie Mainoo,Man Utd,MID,5.5,4.784,4.788,23.94,5,2.8,0.83,90.0,2.0,2.6,73.0,0.0,1.3,available,False
2026-09-04,2026-09-04T11:38:54Z,,Zach Abbott,Nott'm Forest,DEF,4.0,4.776,4.781,23.91,5,3.0,0.5,60.5,1.0,1.0,3.0,0.0,0.2,available,False
2026-09-04,2026-09-04T11:38:54Z,,Leny Yoro,Man Utd,DEF,5.0,4.775,4.778,23.89,5,2.8,0.73,75.4,2.2,1.8,56.0,0.0,0.6,available,False
2026-09-04,2026-09-04T11:38:54Z,,Granit Xhaka,Sunderland,MID,5.5,4.767,4.744,23.72,5,3.2,0.98,90.0,2.0,3.6,124.0,0.0,6.5,available,False
2026-09-04,2026-09-04T11:38:54Z,,Amadou Onana,Aston Villa,MID,5.0,4.755,4.75,23.75,5,3.0,0.0,90.0,0.0,3.0,76.0,0.0,0.0,injured,True
2026-09-04,2026-09-04T11:38:54Z,,Joško Gvardiol,Man City,DEF,5.5,4.747,4.764,23.82,5,2.8,0.86,64.4,2.5,4.4,79.0,0.0,6.5,available,False
2026-09-04,2026-09-04T11:38:54Z,,Ferdi Kadıoğlu,Brighton,DEF,4.5,4.746,4.751,23.75,5,3.0,0.97,90.0,1.7,3.2,118.0,0.0,3.1,available,False
2026-09-04,2026-09-04T11:38:54Z,,Joe Rodon,Leeds,DEF,4.5,4.722,4.735,23.68,5,2.8,0.87,81.0,1.7,3.1,109.0,0.0,2.3,available,False
2026-09-04,2026-09-04T11:38:54Z,,Rico Henry,Brentford,DEF,4.5,4.721,4.725,23.63,5,3.0,0.83,88.6,1.7,2.1,52.0,0.0,0.2,available,False
2026-09-04,2026-09-04T11:38:54Z,,Chadi Riad,Crystal Palace,DEF,4.5,4.718,4.714,23.57,5,3.0,0.73,68.8,1.7,2.2,20.0,0.0,0.1,available,False
2026-09-04,2026-09-04T11:38:54Z,,Riccardo Calafiori,Arsenal,DEF,5.5,4.713,4.697,23.49,5,3.2,0.85,61.4,2.5,4.2,109.0,0.0,13.1,available,False
2026-09-04,2026-09-04T11:38:54Z,,Reece James,Chelsea,DEF,5.5,4.71,4.707,23.54,5,3.0,0.79,77.2,2.5,4.0,115.0,0.0,8.1,available,False
2026-09-04,2026-09-04T11:38:54Z,,Evanilson,Bournemouth,FWD,6.0,4.704,4.662,23.31,5,3.6,0.95,78.2,2.0,3.2,115.0,0.0,1.9,available,False
2026-09-04,2026-09-04T11:38:54Z,,Nicolas Jackson,Chelsea,FWD,6.5,4.704,4.697,23.48,5,3.0,0.85,74.2,2.1,0.0,0.0,0.0,0.4,available,False
2026-09-04,2026-09-04T11:38:54Z,,Brian Brobbey,Sunderland,FWD,6.0,4.696,4.665,23.32,5,3.2,0.88,82.6,2.0,3.0,92.0,0.0,22.6,available,False
2026-09-04,2026-09-04T11:38:54Z,,Micky van de Ven,Spurs,DEF,5.0,4.692,4.707,23.53,5,2.8,1.0,90.0,2.2,3.3,116.0,0.0,6.0,available,False
2026-09-04,2026-09-04T11:38:54Z,,Morato,Nott'm Forest,DEF,5.0,4.669,4.674,23.37,5,3.0,0.68,64.2,2.2,2.5,53.0,0.0,0.1,available,False
2026-09-04,2026-09-04T11:38:54Z,,Ollie Watkins,Aston Villa,FWD,8.0,4.655,4.638,23.19,5,3.0,0.84,74.0,2.5,4.5,167.0,0.0,12.4,available,False
2026-09-04,2026-09-04T11:38:54Z,,Ibrahim Sangaré,Nott'm Forest,MID,5.0,4.653,4.659,23.29,5,3.0,0.85,67.0,1.5,3.2,89.0,0.0,0.4,available,False
2026-09-04,2026-09-04T11:38:54Z,,Trevoh Chalobah,Chelsea,DEF,5.5,4.639,4.636,23.18,5,3.0,0.87,75.2,2.5,4.0,136.0,0.0,2.1,available,False
2026-09-04,2026-09-04T11:38:54Z,,Axel Disasi,Chelsea,DEF,4.5,4.638,4.635,23.18,5,3.0,1.0,89.0,1.7,0.0,0.0,0.0,0.1,available,False
2026-09-04,2026-09-04T11:38:54Z,,Curtis Jones,Liverpool,MID,5.5,4.608,4.621,23.11,5,2.6,0.81,89.4,2.0,2.4,81.0,0.0,0.1,available,False
2026-09-04,2026-09-04T11:38:54Z,,Diego Coppola,Brighton,DEF,4.5,4.604,4.608,23.04,5,3.0,0.68,75.0,1.7,2.0,10.0,0.0,0.0,available,False
2026-09-04,2026-09-04T11:38:54Z,,Eberechi Eze,Arsenal,MID,6.5,4.6,4.565,22.83,5,3.2,0.88,69.0,2.3,3.4,113.0,0.0,3.3,available,False
2026-09-04,2026-09-04T11:38:54Z,,Nikola Milenković,Nott'm Forest,DEF,5.5,4.588,4.594,22.97,5,3.0,0.87,81.0,2.5,3.1,119.0,0.0,2.3,available,False
2026-09-04,2026-09-04T11:38:54Z,,Leif Davis,Ipswich Town,DEF,4.0,4.572,4.558,22.79,5,3.2,1.0,72.8,1.0,0.0,0.0,0.0,4.3,available,False
2026-09-04,2026-09-04T11:38:54Z,,Kevin Schade,Brentford,MID,6.0,4.54,4.547,22.74,5,3.0,0.84,72.0,2.1,3.6,125.0,0.0,2.1,available,False
2026-09-04,2026-09-04T11:38:54Z,,Lewis Cook,Bournemouth,MID,5.0,4.531,4.512,22.56,5,3.6,0.69,74.0,1.5,2.2,40.0,0.0,0.1,available,False
2026-09-04,2026-09-04T11:38:54Z,,Luca Netz,Nott'm Forest,DEF,4.5,4.512,4.518,22.59,5,3.0,0.62,62.8,1.7,1.6,11.0,0.0,0.0,available,False
2026-09-04,2026-09-04T11:38:54Z,,Veljko Milosavljević,Bournemouth,DEF,5.0,4.506,4.487,22.44,5,3.6,0.75,70.75,2.2,2.7,19.0,0.0,0.1,available,False
2026-09-04,2026-09-04T11:38:54Z,,Morgan Gibbs-White,Nott'm Forest,MID,8.0,4.5,4.514,22.57,5,3.0,0.86,74.8,2.8,5.1,188.0,0.0,12.8,available,False
2026-09-04,2026-09-04T11:38:54Z,,Sander Berge,Fulham,MID,5.0,4.422,4.398,21.99,5,3.6,0.99,78.6,1.5,2.6,91.0,0.0,0.4,available,False
2026-09-04,2026-09-04T11:38:54Z,,Harry Wilson,Leeds,MID,6.5,4.409,4.445,22.22,5,2.8,0.85,63.4,2.3,4.7,168.0,0.0,9.2,available,False
2026-09-04,2026-09-04T11:38:54Z,,Noah Sadiki,Sunderland,MID,5.0,4.402,4.387,21.94,5,3.2,1.0,83.8,1.5,2.4,80.0,0.0,0.5,available,False
2026-09-04,2026-09-04T11:38:54Z,,James Maddison,Spurs,MID,6.5,4.384,4.413,22.06,5,2.8,0.48,61.8,2.3,1.0,3.0,0.0,2.6,available,False
2026-09-04,2026-09-04T11:38:54Z,,Ismaïla Sarr,Crystal Palace,MID,6.5,4.373,4.359,21.79,5,3.0,0.7,68.8,2.3,4.2,117.0,0.0,11.4,available,False
2026-09-04,2026-09-04T11:38:54Z,,Kasey McAteer,Ipswich Town,MID,4.5,4.364,4.348,21.74,5,3.2,0.68,75.0,1.0,0.0,0.0,0.0,2.1,available,False
2026-09-04,2026-09-04T11:38:54Z,,Merlin Röhl,Everton,MID,5.0,4.359,4.364,21.82,5,3.0,0.61,72.0,1.5,2.2,36.0,0.0,0.1,available,False
2026-09-04,2026-09-04T11:38:54Z,,Rayan,Bournemouth,MID,6.5,4.343,4.305,21.53,5,3.6,0.82,70.0,2.3,4.5,67.0,0.0,3.5,available,False
2026-09-04,2026-09-04T11:38:54Z,,Kalvin Phillips,Man City,MID,5.0,4.334,4.346,21.73,5,2.8,0.93,87.2,1.5,0.0,0.0,0.0,0.0,available,False
2026-09-04,2026-09-04T11:38:54Z,,Rayan Cherki,Man City,MID,7.5,4.31,4.38,21.9,5,2.8,0.61,57.0,2.6,4.1,135.0,0.0,9.9,available,False
2026-09-04,2026-09-04T11:38:54Z,,Saša Lukić,Fulham,MID,5.0,4.293,4.267,21.34,5,3.6,0.78,81.0,1.5,2.6,67.0,0.0,0.1,available,False
2026-09-04,2026-09-04T11:38:54Z,,Dwight McNeil,Everton,MID,5.5,4.286,4.291,21.46,5,3.0,0.87,81.0,2.0,2.4,53.0,0.0,0.1,available,False
2026-09-04,2026-09-04T11:38:54Z,,Pau Torres,Aston Villa,DEF,4.5,4.272,4.267,21.34,5,3.0,0.96,90.0,1.7,3.0,64.0,0.0,0.2,available,False
2026-09-04,2026-09-04T11:38:54Z,,Brenden Aaronson,Leeds,MID,5.5,4.253,4.272,21.36,5,2.8,0.81,60.6,2.0,3.4,126.0,0.0,0.6,available,False
2026-09-04,2026-09-04T11:38:54Z,,Carlos Baleba,Brighton,MID,5.0,4.227,4.232,21.16,5,3.0,0.8,68.6,1.5,1.8,56.0,0.0,0.6,available,False
2026-09-04,2026-09-04T11:38:54Z,,Bafodé Diakité,Bournemouth,DEF,5.0,4.227,4.208,21.04,5,3.6,0.86,65.8,2.2,2.6,46.0,0.0,0.2,available,False
2026-09-04,2026-09-04T11:38:54Z,,Emile Smith Rowe,Fulham,MID,5.5,4.221,4.194,20.97,5,3.6,0.84,69.0,2.0,2.2,80.0,0.0,0.4,available,False
2026-09-04,2026-09-04T11:38:54Z,,Rodrigo,Man City,MID,6.5,4.213,4.256,21.28,5,2.8,0.0,59.4,0.0,3.3,69.0,0.0,0.1,injured,True
2026-09-04,2026-09-04T11:38:54Z,,Bryan Mbeumo,Man Utd,MID,8.0,4.195,4.206,21.03,5,2.8,0.86,66.2,2.8,4.5,148.0,0.0,13.3,available,False
2026-09-04,2026-09-04T11:38:54Z,,Daichi Kamada,Crystal Palace,MID,5.0,4.192,4.187,20.94,5,3.0,0.79,66.0,1.5,2.4,67.0,0.0,0.3,available,False
2026-09-04,2026-09-04T11:38:54Z,,Brennan Johnson,Crystal Palace,MID,6.0,4.185,4.176,20.88,5,3.0,0.85,76.4,2.1,1.9,65.0,0.0,0.2,available,False
2026-09-04,2026-09-04T11:38:54Z,,Justin Devenny,Crystal Palace,MID,5.0,4.181,4.177,20.88,5,3.0,0.5,63.8,1.5,1.7,36.0,0.0,0.0,available,False
2026-09-04,2026-09-04T11:38:54Z,,Keane Lewis-Potter,Brentford,MID,5.5,4.173,4.178,20.89,5,3.0,0.87,89.8,2.0,3.2,115.0,0.0,0.6,available,False
2026-09-04,2026-09-04T11:38:54Z,,Adam Wharton,Crystal Palace,MID,5.5,4.159,4.153,20.76,5,3.0,0.53,69.0,1.5,3.3,112.0,0.0,0.2,doubtful,False
2026-09-04,2026-09-04T11:38:54Z,,Vitaly Janelt,Brentford,MID,5.0,4.156,4.161,20.81,5,3.0,0.72,63.4,1.5,3.0,74.0,0.0,0.1,available,False
2026-09-04,2026-09-04T11:38:54Z,,Murillo,Nott'm Forest,DEF,5.5,4.144,4.15,20.75,5,3.0,0.75,90.0,1.9,3.3,83.0,0.0,0.2,doubtful,False
2026-09-04,2026-09-04T11:38:54Z,,Adam Smith,Bournemouth,DEF,4.5,4.139,4.12,20.6,5,3.6,0.8,69.2,1.7,2.6,58.0,0.0,0.1,available,False
2026-09-04,2026-09-04T11:38:54Z,,Igor Jesus,Nott'm Forest,FWD,6.0,4.13,4.14,20.7,5,3.0,0.79,64.8,2.0,3.1,114.0,0.0,3.9,available,False
2026-09-04,2026-09-04T11:38:54Z,,Ben Johnson,Ipswich Town,DEF,4.0,4.122,4.11,20.55,5,3.2,0.87,79.2,1.0,0.0,0.0,0.0,0.2,available,False
2026-09-04,2026-09-04T11:38:54Z,,Nicolò Savona,Nott'm Forest,DEF,4.5,4.09,4.096,20.48,5,3.0,0.0,79.2,0.0,2.8,39.0,0.0,0.0,injured,True
2026-09-04,2026-09-04T11:38:54Z,,William Osula,Newcastle,FWD,6.0,4.031,4.039,20.2,5,3.0,0.74,76.0,2.0,3.2,76.0,0.0,2.4,available,False
2026-09-04,2026-09-04T11:38:54Z,,Kristoffer Ajer,Brentford,DEF,4.5,4.012,4.016,20.08,5,3.0,0.54,55.4,1.7,2.8,76.0,0.0,0.5,available,False
2026-09-04,2026-09-04T11:38:54Z,,Cristhian Mosquera,Arsenal,DEF,5.5,3.994,3.982,19.91,5,3.2,0.43,47.0,2.5,2.0,40.0,0.0,16.8,available,False
2026-09-04,2026-09-04T11:38:54Z,,Ian Maatsen,Aston Villa,DEF,4.5,3.984,3.979,19.9,5,3.0,0.61,52.0,1.7,1.8,54.0,0.0,0.6,available,False
2026-09-04,2026-09-04T11:38:54Z,,Tetê,Fulham,DEF,4.5,3.98,3.929,19.65,5,3.6,0.69,51.0,1.7,3.7,81.0,0.0,0.2,available,False
2026-09-04,2026-09-04T11:38:54Z,,Alex Iwobi,Fulham,MID,5.5,3.977,3.935,19.68,5,3.6,1.0,76.0,2.0,3.6,103.0,0.0,0.9,available,False
2026-09-04,2026-09-04T11:38:54Z,,Luke O'Nien,Sunderland,DEF,4.0,3.963,3.951,19.75,5,3.2,0.56,72.6,1.0,2.2,26.0,0.0,2.3,available,False
2026-09-04,2026-09-04T11:38:54Z,,Tyrone Mings,Aston Villa,DEF,4.5,3.959,3.954,19.77,5,3.0,0.95,90.0,1.7,2.9,50.0,0.0,0.2,available,False
2026-09-04,2026-09-04T11:38:54Z,,Luke Woolfenden,Coventry City,DEF,4.0,3.958,3.941,19.71,5,3.4,0.67,72.0,1.0,0.0,0.0,0.0,0.3,available,False
2026-09-04,2026-09-04T11:38:54Z,,Sandro Tonali,Spurs,MID,5.5,3.863,3.881,19.4,5,2.8,0.98,89.0,2.0,2.3,81.0,0.0,3.0,available,False
2026-09-04,2026-09-04T11:38:54Z,,Tim Iroegbunam,Everton,MID,5.0,3.83,3.834,19.17,5,3.0,0.62,58.6,1.5,2.3,68.0,0.0,0.1,available,False
2026-09-04,2026-09-04T11:38:54Z,,Lucas Digne,Aston Villa,DEF,4.5,3.821,3.815,19.08,5,3.0,0.63,58.8,1.7,3.1,97.0,0.0,1.4,available,False
2026-09-04,2026-09-04T11:38:54Z,,Wes Burns,Ipswich Town,MID,5.0,3.813,3.802,19.01,5,3.2,0.77,65.8,1.5,0.0,0.0,0.0,0.1,available,False
2026-09-04,2026-09-04T11:38:54Z,,Issa Diop,Ipswich Town,DEF,4.0,3.805,3.793,18.97,5,3.2,0.76,81.0,1.0,2.4,31.0,0.0,21.4,available,False
2026-09-04,2026-09-04T11:38:54Z,,Lamare Bogarde,Aston Villa,MID,5.0,3.787,3.783,18.91,5,3.0,0.55,61.8,1.5,1.4,40.0,0.0,0.1,available,False
2026-09-04,2026-09-04T11:38:54Z,,Dejan Kulusevski,Spurs,MID,6.5,3.742,3.77,18.85,5,2.8,0.0,48.2,0.0,0.0,0.0,0.0,0.0,injured,True
2026-09-04,2026-09-04T11:38:54Z,,Danny Welbeck,Brighton,FWD,6.0,3.724,3.734,18.67,5,3.0,0.77,61.6,2.0,3.4,126.0,0.0,3.0,available,False
2026-09-04,2026-09-04T11:38:54Z,,Mamadou Sarr,Chelsea,DEF,4.5,3.722,3.72,18.6,5,3.0,1.0,81.0,1.7,1.0,3.0,0.0,0.1,available,False
2026-09-04,2026-09-04T11:38:54Z,,Myles Lewis-Skelly,Arsenal,MID,5.5,3.613,3.601,18.0,5,3.2,0.46,64.0,2.0,1.4,29.0,0.0,0.3,available,False
2026-09-04,2026-09-04T11:38:54Z,,Omar Marmoush,Man City,FWD,7.0,3.6,3.634,18.17,5,2.8,0.55,49.6,2.2,2.7,56.0,0.0,0.6,available,False
2026-09-04,2026-09-04T11:38:54Z,,John McGinn,Aston Villa,MID,5.5,3.585,3.576,17.88,5,3.0,0.99,83.6,2.0,3.4,103.0,0.0,2.7,available,False
2026-09-04,2026-09-04T11:38:54Z,,Chris Rigg,Sunderland,MID,5.0,3.579,3.564,17.82,5,3.2,0.97,74.0,1.5,2.0,36.0,0.0,0.1,available,False
2026-09-04,2026-09-04T11:38:54Z,,Simon Adingra,Sunderland,MID,5.0,3.575,3.559,17.8,5,3.2,0.75,60.8,1.5,2.4,34.0,0.0,0.4,available,False
2026-09-04,2026-09-04T11:38:54Z,,Kai Havertz,Arsenal,FWD,7.5,3.556,3.522,17.61,5,3.2,0.73,54.8,2.3,3.0,36.0,0.0,4.3,available,False
2026-09-04,2026-09-04T11:38:54Z,,Noah Okafor,Leeds,MID,6.0,3.551,3.6,18.0,5,2.8,0.64,52.2,2.1,3.9,109.0,0.0,0.9,available,False
2026-09-04,2026-09-04T11:38:54Z,,Tyler Adams,Bournemouth,MID,5.0,3.516,3.496,17.48,5,3.6,0.57,49.6,1.5,3.1,77.0,0.0,0.7,available,False
2026-09-04,2026-09-04T11:38:54Z,,Tyler Fredricson,Man Utd,DEF,4.0,3.506,3.509,17.55,5,2.8,0.6,83.0,1.0,1.0,1.0,0.0,0.1,available,False
2026-09-04,2026-09-04T11:38:54Z,,Benjamin Šeško,Man Utd,FWD,7.0,3.504,3.518,17.59,5,2.8,0.44,58.4,1.7,3.7,111.0,0.0,3.2,doubtful,False
2026-09-04,2026-09-04T11:38:54Z,,Caoimhin Kelleher,Brentford,GKP,5.0,3.488,3.491,17.46,5,3.0,1.0,90.0,2.6,3.9,143.0,0.0,5.6,available,False
2026-09-04,2026-09-04T11:38:54Z,,Victor Lindelöf,Aston Villa,DEF,4.5,3.478,3.474,17.37,5,3.0,0.75,62.4,1.7,1.7,29.0,0.0,0.2,available,False
2026-09-04,2026-09-04T11:38:54Z,,Hákon Rafn Valdimarsson,Brentford,GKP,4.5,3.471,3.474,17.37,5,3.0,0.3,72.0,2.0,1.0,1.0,0.0,0.1,available,False
2026-09-04,2026-09-04T11:38:54Z,,Jack Hinshelwood,Brighton,MID,6.0,3.463,3.47,17.35,5,3.0,0.9,84.4,2.1,3.4,91.0,0.0,0.3,available,False
2026-09-04,2026-09-04T11:38:54Z,,Jeremie Frimpong,Liverpool,DEF,5.5,3.392,3.41,17.05,5,2.6,0.6,56.8,2.5,3.0,63.0,0.0,3.0,available,False
2026-09-04,2026-09-04T11:38:54Z,,Nilson Angulo,Sunderland,MID,5.0,3.379,3.365,16.82,5,3.2,0.59,52.0,1.5,1.6,13.0,0.0,0.1,available,False
2026-09-04,2026-09-04T11:38:54Z,,Giorgi Mamardashvili,Liverpool,GKP,5.0,3.361,3.371,16.85,5,2.6,1.0,83.6,2.6,3.4,34.0,0.0,0.2,available,False
2026-09-04,2026-09-04T11:38:54Z,,Alex Murphy,Newcastle,DEF,4.0,3.352,3.356,16.78,5,3.0,0.48,81.6,1.0,1.0,2.0,0.0,0.8,available,False
2026-09-04,2026-09-04T11:38:54Z,,Freddie Woodman,Liverpool,GKP,4.0,3.343,3.353,16.76,5,2.6,0.68,78.4,1.0,2.0,6.0,0.0,1.3,available,False
2026-09-04,2026-09-04T11:38:54Z,,Liam Delap,Chelsea,FWD,5.5,3.33,3.326,16.63,5,3.0,0.54,61.8,1.8,1.6,45.0,0.0,0.5,available,False
2026-09-04,2026-09-04T11:38:54Z,,Jørgen Strand Larsen,Crystal Palace,FWD,6.0,3.307,3.299,16.49,5,3.0,0.65,48.2,2.0,2.1,75.0,0.0,0.6,available,False
2026-09-04,2026-09-04T11:38:54Z,,Jacob Ramsey,Newcastle,MID,5.0,3.3,3.305,16.53,5,3.0,0.58,57.4,1.5,2.2,62.0,0.0,0.5,available,False
2026-09-04,2026-09-04T11:38:54Z,,James Trafford,Man City,GKP,5.0,3.297,3.308,16.54,5,2.8,1.0,90.0,2.6,3.2,13.0,0.0,0.9,available,False
2026-09-04,2026-09-04T11:38:54Z,,Altay Bayındır,Man Utd,GKP,4.5,3.283,3.286,16.43,5,2.8,1.0,90.0,2.0,1.8,11.0,0.0,0.2,available,False
2026-09-04,2026-09-04T11:38:54Z,,Karl Darlow,Man Utd,GKP,4.5,3.278,3.281,16.4,5,2.8,0.75,90.0,1.5,3.2,71.0,0.0,0.1,doubtful,False
2026-09-04,2026-09-04T11:38:54Z,,Antonín Kinský,Spurs,GKP,4.5,3.277,3.287,16.44,5,2.8,1.0,90.0,2.0,2.9,20.0,0.0,16.6,available,False
2026-09-04,2026-09-04T11:38:54Z,,Martin Dúbravka,Spurs,GKP,4.0,3.27,3.28,16.4,5,2.8,1.0,90.0,1.0,2.7,96.0,0.0,24.8,available,False
2026-09-04,2026-09-04T11:38:54Z,,Senne Lammens,Man Utd,GKP,5.0,3.269,3.272,16.36,5,2.8,1.0,90.0,2.6,3.4,109.0,0.0,20.1,available,False
2026-09-04,2026-09-04T11:38:54Z,,Guglielmo Vicario,Spurs,GKP,4.5,3.268,3.278,16.39,5,2.8,1.0,90.0,2.0,2.9,90.0,0.0,1.7,available,False
2026-09-04,2026-09-04T11:38:54Z,,Gianluigi Donnarumma,Man City,GKP,5.5,3.265,3.276,16.38,5,2.8,1.0,90.0,3.3,4.0,135.0,0.0,11.2,available,False
2026-09-04,2026-09-04T11:38:54Z,,Chemsdine Talbi,Sunderland,MID,5.5,3.238,3.215,16.08,5,3.2,0.74,74.0,2.0,3.0,83.0,0.0,0.2,available,False
2026-09-04,2026-09-04T11:38:54Z,,Archie Gray,Spurs,MID,5.0,3.228,3.241,16.21,5,2.8,0.94,83.0,1.5,2.5,61.0,0.0,0.2,available,False
2026-09-04,2026-09-04T11:38:54Z,,Dean Henderson,Crystal Palace,GKP,5.0,3.21,3.207,16.03,5,3.0,1.0,90.0,2.6,3.5,131.0,0.0,3.1,available,False
2026-09-04,2026-09-04T11:38:54Z,,Mark Travers,Everton,GKP,5.0,3.208,3.211,16.06,5,3.0,1.0,90.0,2.6,0.0,0.0,0.0,0.1,available,False
2026-09-04,2026-09-04T11:38:54Z,,Bart Verbruggen,Brighton,GKP,4.5,3.207,3.21,16.05,5,3.0,1.0,90.0,2.0,3.4,130.0,0.0,16.9,available,False
2026-09-04,2026-09-04T11:38:54Z,,Nick Pope,Newcastle,GKP,5.0,3.205,3.208,16.04,5,3.0,1.0,90.0,2.6,3.6,96.0,0.0,1.0,available,False
2026-09-04,2026-09-04T11:38:54Z,,Loum Tchaouna,Coventry City,MID,5.5,3.195,3.163,15.82,5,3.4,0.68,70.0,2.0,0.0,0.0,0.0,0.1,available,False
2026-09-04,2026-09-04T11:38:54Z,,Noni Madueke,Arsenal,MID,6.5,3.193,3.174,15.87,5,3.2,0.61,47.0,2.3,2.8,72.0,0.0,0.4,available,False
2026-09-04,2026-09-04T11:38:54Z,,Marco Bizot,Aston Villa,GKP,4.5,3.193,3.189,15.95,5,3.0,0.81,81.0,2.0,2.3,16.0,0.0,0.1,available,False
2026-09-04,2026-09-04T11:38:54Z,,Jason Steele,Brighton,GKP,4.0,3.193,3.196,15.98,5,3.0,1.0,90.0,1.0,0.0,0.0,0.0,5.4,available,False
2026-09-04,2026-09-04T11:38:54Z,,Jordan Pickford,Everton,GKP,5.5,3.19,3.193,15.97,5,3.0,1.0,90.0,3.3,3.6,135.0,0.0,9.0,available,False
2026-09-04,2026-09-04T11:38:54Z,,Matz Sels,Nott'm Forest,GKP,5.0,3.188,3.193,15.96,5,3.0,0.99,90.0,2.6,3.4,105.0,0.0,1.4,available,False
2026-09-04,2026-09-04T11:38:54Z,,Robin Roefs,Sunderland,GKP,5.0,3.171,3.162,15.81,5,3.2,1.0,90.0,2.6,3.9,136.0,0.0,5.8,available,False
2026-09-04,2026-09-04T11:38:54Z,,Melker Ellborg,Sunderland,GKP,4.5,3.165,3.156,15.78,5,3.2,1.0,90.0,2.0,5.3,16.0,0.0,0.1,available,False
2026-09-04,2026-09-04T11:38:54Z,,Evann Guessand,Aston Villa,MID,5.5,3.157,3.15,15.75,5,3.0,0.56,53.0,2.0,2.1,44.0,0.0,0.0,available,False
2026-09-04,2026-09-04T11:38:54Z,,Alex Palmer,Ipswich Town,GKP,4.0,3.152,3.143,15.71,5,3.2,1.0,90.0,1.0,0.0,0.0,0.0,6.5,available,False
2026-09-04,2026-09-04T11:38:54Z,,Illan Meslier,Arsenal,GKP,5.0,3.149,3.14,15.7,5,3.2,1.0,90.0,2.6,0.0,0.0,0.0,0.1,available,False
2026-09-04,2026-09-04T11:38:54Z,,Christian Walton,Ipswich Town,GKP,4.5,3.141,3.132,15.66,5,3.2,1.0,90.0,2.0,0.0,0.0,0.0,0.7,available,False
2026-09-04,2026-09-04T11:38:54Z,,Martin Ødegaard,Arsenal,MID,6.5,3.14,3.096,15.48,5,3.2,0.51,52.2,2.3,3.1,74.0,0.0,2.9,available,False
2026-09-04,2026-09-04T11:38:54Z,,Habib Diarra,Sunderland,MID,5.5,3.131,3.107,15.54,5,3.2,0.68,55.2,2.0,3.2,65.0,0.0,0.1,available,False
2026-09-04,2026-09-04T11:38:54Z,,Chiedozie Ogbene,Ipswich Town,MID,5.0,3.109,3.096,15.48,5,3.2,0.65,54.4,1.5,0.0,0.0,0.0,0.0,available,False
2026-09-04,2026-09-04T11:38:54Z,,Wilson Odobert,Spurs,MID,5.5,3.075,3.109,15.54,5,2.8,0.0,53.2,0.0,1.9,46.0,0.0,0.0,injured,True
2026-09-04,2026-09-04T11:38:54Z,,Rio Ngumoha,Liverpool,MID,6.0,3.062,3.085,15.42,5,2.6,0.45,51.8,2.1,2.3,43.0,0.0,1.6,available,False
2026-09-04,2026-09-04T11:38:54Z,,Bernd Leno,Fulham,GKP,4.5,3.033,3.016,15.08,5,3.6,1.0,90.0,2.0,3.2,122.0,0.0,3.2,available,False
2026-09-04,2026-09-04T11:38:54Z,,Fraser Forster,Bournemouth,GKP,4.0,3.028,3.012,15.06,5,3.6,1.0,90.0,1.0,0.0,0.0,0.0,3.2,available,False
2026-09-04,2026-09-04T11:38:54Z,,Đorđe Petrović,Bournemouth,GKP,4.5,3.026,3.01,15.05,5,3.6,1.0,90.0,2.0,3.3,124.0,0.0,3.5,available,False
2026-09-04,2026-09-04T11:38:54Z,,Harrison Armstrong,Everton,MID,5.0,2.935,2.939,14.69,5,3.0,0.65,52.6,1.5,1.6,21.0,0.0,0.1,available,False
2026-09-04,2026-09-04T11:38:54Z,,Omari Hutchinson,Nott'm Forest,MID,5.5,2.924,2.932,14.66,5,3.0,0.59,52.2,2.0,2.6,82.0,0.0,0.2,available,False
2026-09-04,2026-09-04T11:38:54Z,,Miloš Kerkez,Liverpool,DEF,5.5,2.914,2.928,14.64,5,2.6,0.57,47.8,2.5,2.5,85.0,0.0,6.3,available,False
2026-09-04,2026-09-04T11:38:54Z,,Mason Mount,Man Utd,MID,5.5,2.895,2.899,14.49,5,2.8,0.62,54.0,2.0,2.5,58.0,0.0,0.1,available,False
2026-09-04,2026-09-04T11:38:54Z,,Borna Sosa,Crystal Palace,DEF,4.5,2.886,2.882,14.41,5,3.0,0.36,58.4,1.7,0.9,6.0,0.0,0.1,available,False
2026-09-04,2026-09-04T11:38:54Z,,Justin Kluivert,Bournemouth,MID,6.0,2.762,2.716,13.58,5,3.6,0.58,57.2,2.1,2.0,41.0,0.0,0.8,available,False
2026-09-04,2026-09-04T11:38:54Z,,Will Hughes,Crystal Palace,MID,4.5,2.753,2.749,13.75,5,3.0,0.74,53.0,1.0,1.5,45.0,0.0,10.1,available,False
2026-09-04,2026-09-04T11:38:54Z,,Chris Wood,Nott'm Forest,FWD,6.0,2.726,2.739,13.69,5,3.0,0.65,55.0,2.0,2.7,41.0,0.0,1.8,available,False
2026-09-04,2026-09-04T11:38:54Z,,Estêvão,Chelsea,MID,6.5,2.703,2.699,13.49,5,3.0,0.69,54.0,2.3,2.6,58.0,0.0,1.4,available,False
2026-09-04,2026-09-04T11:38:54Z,,Joe Willock,Newcastle,MID,5.0,2.702,2.708,13.54,5,3.0,0.54,58.6,1.5,1.6,38.0,0.0,0.1,available,False
2026-09-04,2026-09-04T11:38:54Z,,Ross Barkley,Aston Villa,MID,5.0,2.692,2.685,13.43,5,3.0,0.49,59.2,1.5,2.7,56.0,0.0,0.2,available,False
2026-09-04,2026-09-04T11:38:54Z,,Amad Diallo,Man Utd,MID,6.0,2.633,2.639,13.19,5,2.8,0.7,53.0,2.1,2.8,91.0,0.0,1.5,available,False
2026-09-04,2026-09-04T11:38:54Z,,Tyler Dibling,Everton,MID,5.5,2.584,2.588,12.94,5,3.0,0.54,51.4,2.0,1.3,18.0,0.0,0.1,available,False
2026-09-04,2026-09-04T11:38:54Z,,Neto,Chelsea,MID,6.5,2.574,2.572,12.86,5,3.0,1.0,90.0,2.3,3.7,125.0,0.0,1.2,available,False
2026-09-04,2026-09-04T11:38:54Z,,Viktor Gyökeres,Arsenal,FWD,7.5,2.565,2.537,12.69,5,3.2,0.54,48.2,2.3,3.6,128.0,0.0,13.9,available,False
2026-09-04,2026-09-04T11:38:54Z,,Jacob Murphy,Newcastle,MID,6.0,2.447,2.453,12.27,5,3.0,0.59,47.6,2.1,2.5,82.0,0.0,0.2,available,False
2026-09-04,2026-09-04T11:38:54Z,,Matt Targett,Hull City,DEF,4.0,2.388,2.376,11.88,5,3.2,0.36,49.8,1.0,0.0,0.0,0.0,1.7,available,False
2026-09-04,2026-09-04T11:38:54Z,,Harvey Barnes,Newcastle,MID,6.0,2.369,2.378,11.89,5,3.0,0.46,48.0,2.1,2.9,106.0,0.0,1.0,available,False
2026-09-04,2026-09-04T11:38:54Z,,Callum Hudson-Odoi,Nott'm Forest,MID,6.0,2.353,2.362,11.81,5,3.0,0.57,56.4,1.6,2.9,88.0,0.0,0.0,doubtful,False
2026-09-04,2026-09-04T11:38:54Z,,Dilane Bakwa,Nott'm Forest,MID,5.5,2.324,2.333,11.67,5,3.0,0.52,45.8,2.0,1.9,26.0,0.0,0.0,available,False
2026-09-04,2026-09-04T11:38:54Z,,Ilia Gruev,Leeds,MID,5.0,2.237,2.251,11.26,5,2.8,0.65,57.6,1.5,2.4,56.0,0.0,0.0,available,False
2026-09-04,2026-09-04T11:38:54Z,,Jordan Henderson,Brentford,MID,5.0,2.16,2.164,10.82,5,3.0,0.49,56.0,1.1,2.4,76.0,0.0,0.0,doubtful,False
2026-09-04,2026-09-04T11:38:54Z,,Jack Taylor,Ipswich Town,MID,4.5,2.159,2.147,10.73,5,3.2,0.42,58.6,1.0,0.0,0.0,0.0,0.5,available,False
2026-09-04,2026-09-04T11:38:54Z,,Ethan Nwaneri,Arsenal,MID,5.5,2.002,1.986,9.93,5,3.2,0.12,46.0,2.0,1.3,8.0,0.0,0.0,available,False
2026-09-04,2026-09-04T11:38:54Z,,Tom Cairney,Fulham,MID,5.0,1.883,1.859,9.29,5,3.6,0.47,51.2,1.5,1.7,41.0,0.0,0.0,available,False
2026-09-05,2026-09-05T10:53:33Z,,Bukayo Saka,Arsenal,MID,9.5,8.95,8.839,44.2,5,3.2,0.93,79.0,3.2,5.1,157.0,0.0,10.8,available,False
2026-09-05,2026-09-05T10:53:33Z,,Jérémy Doku,Man City,MID,7.5,7.888,7.993,39.96,5,2.8,0.74,75.4,2.6,4.0,120.0,0.0,6.6,available,False
2026-09-05,2026-09-05T10:53:33Z,,Hugo Ekitiké,Liverpool,FWD,7.5,7.292,7.382,36.91,5,2.6,0.0,86.8,0.0,4.5,125.0,0.0,0.2,injured,True
2026-09-05,2026-09-05T10:53:33Z,,Erling Haaland,Man City,FWD,15.5,6.728,6.821,34.11,5,2.8,0.99,90.0,4.0,6.8,239.0,0.0,74.9,available,False
2026-09-05,2026-09-05T10:53:33Z,,Cody Gakpo,Liverpool,MID,7.0,6.388,6.452,32.26,5,2.6,0.95,83.0,2.4,3.6,131.0,0.0,3.4,available,False
2026-09-05,2026-09-05T10:53:33Z,,Dominic Calvert-Lewin,Leeds,FWD,6.0,6.342,6.399,32.0,5,2.8,0.94,89.6,2.0,4.1,142.0,0.0,17.7,available,False
2026-09-05,2026-09-05T10:53:33Z,,João Pedro,Chelsea,FWD,7.5,6.16,6.151,30.75,5,3.0,0.95,85.8,2.3,5.1,177.0,0.0,48.8,available,False
2026-09-05,2026-09-05T10:53:33Z,,Pedro Porro,Spurs,DEF,5.5,6.084,6.108,30.54,5,2.8,0.98,90.0,2.5,3.4,117.0,0.0,23.9,available,False
2026-09-05,2026-09-05T10:53:33Z,,Richarlison,Spurs,FWD,6.0,6.066,6.115,30.58,5,2.8,0.73,76.0,2.0,3.7,119.0,0.0,1.6,available,False
2026-09-05,2026-09-05T10:53:33Z,,Cole Palmer,Chelsea,MID,9.5,5.928,5.916,29.58,5,3.0,0.97,89.8,3.2,4.4,114.0,0.0,13.2,available,False
2026-09-05,2026-09-05T10:53:33Z,,Cristian Romero,Spurs,DEF,5.0,5.912,5.926,29.63,5,2.8,0.98,68.6,2.2,4.0,91.0,0.0,1.0,available,False
2026-09-05,2026-09-05T10:53:33Z,,Rayan Aït-Nouri,Man City,DEF,5.5,5.896,5.917,29.58,5,2.8,0.82,63.6,2.5,3.5,60.0,0.0,1.0,available,False
2026-09-05,2026-09-05T10:53:33Z,,Sepp van den Berg,Brentford,DEF,5.0,5.813,5.817,29.09,5,3.0,0.99,90.0,2.2,3.5,113.0,0.0,0.7,available,False
2026-09-05,2026-09-05T10:53:33Z,,James Justin,Leeds,DEF,4.5,5.79,5.804,29.02,5,2.8,0.91,90.0,1.7,3.2,94.0,0.0,0.5,available,False
2026-09-05,2026-09-05T10:53:33Z,,Dominik Szoboszlai,Liverpool,MID,7.0,5.783,5.825,29.13,5,2.6,1.0,90.0,2.4,4.4,160.0,0.0,45.6,available,False
2026-09-05,2026-09-05T10:53:33Z,,Jan Paul van Hecke,Spurs,DEF,5.0,5.764,5.778,28.89,5,2.8,1.0,90.0,2.2,4.1,148.0,0.0,8.3,available,False
2026-09-05,2026-09-05T10:53:33Z,,Kevin Danso,Spurs,DEF,5.0,5.738,5.752,28.76,5,2.8,0.92,90.0,2.2,2.6,63.0,0.0,0.2,available,False
2026-09-05,2026-09-05T10:53:33Z,,Antoine Semenyo,Man City,MID,8.5,5.712,5.783,28.92,5,2.8,1.0,75.0,2.9,5.5,202.0,0.0,20.3,available,False
2026-09-05,2026-09-05T10:53:33Z,,Enzo Le Fée,Sunderland,MID,6.0,5.703,5.673,28.37,5,3.2,0.97,90.0,2.1,4.1,147.0,0.0,7.1,available,False
2026-09-05,2026-09-05T10:53:33Z,,Sven Botman,Newcastle,DEF,5.0,5.702,5.706,28.53,5,3.0,0.96,90.0,2.2,3.6,89.0,0.0,0.4,available,False
2026-09-05,2026-09-05T10:53:33Z,,Marc Guéhi,Man City,DEF,6.0,5.681,5.695,28.47,5,2.8,1.0,90.0,2.8,5.1,179.0,0.0,24.9,available,False
2026-09-05,2026-09-05T10:53:33Z,,Maxence Lacroix,Crystal Palace,DEF,6.0,5.636,5.631,28.16,5,3.0,1.0,90.0,2.8,4.4,154.0,0.0,12.2,available,False
2026-09-05,2026-09-05T10:53:33Z,,Luke Shaw,Man Utd,DEF,4.5,5.632,5.635,28.18,5,2.8,1.0,86.6,1.7,3.0,113.0,0.0,21.0,available,False
2026-09-05,2026-09-05T10:53:33Z,,Michael Kayode,Brentford,DEF,4.5,5.615,5.619,28.1,5,3.0,1.0,90.0,1.7,3.1,113.0,0.0,5.1,available,False
2026-09-05,2026-09-05T10:53:33Z,,Gabriel Gudmundsson,Leeds,DEF,4.5,5.576,5.59,27.95,5,2.8,0.99,80.6,1.7,2.1,68.0,0.0,0.6,available,False
2026-09-05,2026-09-05T10:53:33Z,,Matthijs de Ligt,Man Utd,DEF,5.0,5.561,5.565,27.82,5,2.8,0.0,90.0,0.0,3.3,43.0,0.0,0.0,injured,True
2026-09-05,2026-09-05T10:53:33Z,,James Hill,Bournemouth,DEF,5.5,5.547,5.526,27.63,5,3.6,0.92,90.0,2.5,3.8,110.0,0.0,1.5,available,False
2026-09-05,2026-09-05T10:53:33Z,,Jacob Greaves,Ipswich Town,DEF,4.0,5.53,5.518,27.59,5,3.2,1.0,90.0,1.0,0.0,0.0,0.0,0.5,available,False
2026-09-05,2026-09-05T10:53:33Z,,Anton Stach,Leeds,MID,6.0,5.516,5.539,27.7,5,2.8,0.99,86.4,2.1,4.7,137.0,0.0,1.5,available,False
2026-09-05,2026-09-05T10:53:33Z,,Neco Williams,Nott'm Forest,DEF,5.0,5.504,5.51,27.55,5,3.0,0.87,81.2,2.2,3.5,128.0,0.0,12.7,available,False
2026-09-05,2026-09-05T10:53:33Z,,Piero Hincapié,Arsenal,DEF,5.5,5.497,5.484,27.42,5,3.2,0.69,60.8,2.5,3.5,87.0,0.0,5.3,available,False
2026-09-05,2026-09-05T10:53:33Z,,Adrien Truffert,Bournemouth,DEF,5.5,5.476,5.452,27.26,5,3.6,1.0,90.0,2.5,4.3,165.0,0.0,4.7,available,False
2026-09-05,2026-09-05T10:53:33Z,,Antonee Robinson,Fulham,DEF,4.5,5.466,5.443,27.21,5,3.6,0.94,80.0,1.7,3.0,65.0,0.0,3.5,available,False
2026-09-05,2026-09-05T10:53:33Z,,Declan Rice,Arsenal,MID,7.5,5.465,5.438,27.19,5,3.2,0.99,84.8,2.6,5.1,184.0,0.0,22.0,available,False
2026-09-05,2026-09-05T10:53:33Z,,Ola Aina,Nott'm Forest,DEF,4.5,5.455,5.461,27.3,5,3.0,1.0,89.8,1.7,3.7,67.0,0.0,5.0,available,False
2026-09-05,2026-09-05T10:53:33Z,,Jaydee Canvot,Crystal Palace,DEF,5.0,5.442,5.438,27.19,5,3.0,0.92,90.0,2.2,3.6,72.0,0.0,0.4,available,False
2026-09-05,2026-09-05T10:53:33Z,,Tyrick Mitchell,Crystal Palace,DEF,4.5,5.437,5.433,27.16,5,3.0,0.87,72.0,1.7,3.6,135.0,0.0,7.4,available,False
2026-09-05,2026-09-05T10:53:33Z,,Ethan Pinnock,Brentford,DEF,4.5,5.423,5.427,27.13,5,3.0,1.0,80.8,1.7,3.5,14.0,0.0,0.1,available,False
2026-09-05,2026-09-05T10:53:33Z,,Enzo Fernández,Chelsea,MID,7.0,5.421,5.411,27.06,5,3.0,0.99,89.6,2.4,4.4,157.0,0.0,5.1,available,False
2026-09-05,2026-09-05T10:53:33Z,,Jayden Bogle,Leeds,DEF,4.5,5.421,5.438,27.19,5,2.8,0.98,80.8,1.7,2.8,96.0,0.0,0.4,available,False
2026-09-05,2026-09-05T10:53:33Z,,Harry Maguire,Man Utd,DEF,5.0,5.419,5.423,27.11,5,2.8,0.94,87.6,2.2,3.9,90.0,0.0,6.9,available,False
2026-09-05,2026-09-05T10:53:33Z,,Nordi Mukiele,Sunderland,DEF,5.5,5.411,5.396,26.98,5,3.2,1.0,90.0,2.5,4.7,151.0,0.0,8.2,available,False
2026-09-05,2026-09-05T10:53:33Z,,Virgil van Dijk,Liverpool,DEF,6.5,5.411,5.43,27.15,5,2.6,1.0,90.0,3.1,4.6,175.0,0.0,15.5,available,False
2026-09-05,2026-09-05T10:53:33Z,,Calvin Bassey,Fulham,DEF,4.5,5.391,5.369,26.85,5,3.6,0.99,90.0,1.7,3.4,103.0,0.0,0.5,available,False
2026-09-05,2026-09-05T10:53:33Z,,Max Alleyne,Man City,DEF,5.0,5.386,5.399,26.99,5,2.8,0.95,90.0,2.2,2.5,5.0,0.0,0.1,available,False
2026-09-05,2026-09-05T10:53:33Z,,Conor Bradley,Liverpool,DEF,5.0,5.381,5.393,26.96,5,2.6,0.0,62.2,0.0,2.8,42.0,0.0,0.0,injured,True
2026-09-05,2026-09-05T10:53:33Z,,Michael Keane,Everton,DEF,5.0,5.377,5.381,26.91,5,3.0,0.85,75.2,2.2,4.0,131.0,0.0,1.5,available,False
2026-09-05,2026-09-05T10:53:33Z,,Yankuba Minteh,Brighton,MID,6.0,5.356,5.365,26.82,5,3.0,0.94,87.2,2.1,3.4,117.0,0.0,0.7,available,False
2026-09-05,2026-09-05T10:53:33Z,,Pascal Struijk,Brighton,DEF,5.0,5.342,5.346,26.73,5,3.0,1.0,83.2,2.2,3.2,108.0,0.0,0.5,available,False
2026-09-05,2026-09-05T10:53:33Z,,Elliot Anderson,Man City,MID,6.5,5.342,5.362,26.81,5,2.8,0.87,81.0,2.3,4.7,180.0,0.0,12.2,available,False
2026-09-05,2026-09-05T10:53:33Z,,Jorrel Hato,Chelsea,DEF,4.5,5.34,5.338,26.69,5,3.0,0.83,90.0,1.7,0.9,19.0,0.0,1.6,available,False
2026-09-05,2026-09-05T10:53:33Z,,Marcus Tavernier,Bournemouth,MID,6.0,5.309,5.255,26.27,5,3.6,0.96,86.4,2.1,4.0,137.0,0.0,1.4,available,False
2026-09-05,2026-09-05T10:53:33Z,,Ayden Heaven,Man Utd,DEF,4.5,5.293,5.297,26.48,5,2.8,0.81,69.0,1.7,2.5,42.0,0.0,0.4,available,False
2026-09-05,2026-09-05T10:53:33Z,,Mats Wieffer,Brighton,DEF,5.0,5.289,5.293,26.47,5,3.0,0.95,66.6,2.2,3.6,94.0,0.0,0.4,available,False
2026-09-05,2026-09-05T10:53:33Z,,James Garner,Everton,MID,6.0,5.287,5.292,26.46,5,3.0,0.0,90.0,0.0,4.2,159.0,0.0,2.0,injured,True
2026-09-05,2026-09-05T10:53:33Z,,Omar Alderete,Sunderland,DEF,5.0,5.284,5.271,26.36,5,3.2,0.99,84.6,2.2,3.8,125.0,0.0,1.3,available,False
2026-09-05,2026-09-05T10:53:33Z,,James Tarkowski,Everton,DEF,6.0,5.277,5.282,26.41,5,3.0,1.0,90.0,2.8,4.6,170.0,0.0,10.2,available,False
2026-09-05,2026-09-05T10:53:33Z,,Olivier Boscagli,Brighton,DEF,4.5,5.276,5.28,26.4,5,3.0,0.77,77.8,1.7,3.2,39.0,0.0,0.1,available,False
2026-09-05,2026-09-05T10:53:33Z,,Malick Thiaw,Newcastle,DEF,5.0,5.272,5.276,26.38,5,3.0,0.99,90.0,2.2,3.6,126.0,0.0,2.5,available,False
2026-09-05,2026-09-05T10:53:33Z,,Trai Hume,Sunderland,DEF,4.5,5.265,5.247,26.24,5,3.2,0.85,71.2,1.7,2.9,110.0,0.0,1.4,available,False
2026-09-05,2026-09-05T10:53:33Z,,Fabian Schär,Newcastle,DEF,5.0,5.263,5.268,26.34,5,3.0,0.79,81.6,2.2,3.2,51.0,0.0,0.1,available,False
2026-09-05,2026-09-05T10:53:33Z,,Kenny Tete,Fulham,DEF,4.5,5.256,5.234,26.17,5,3.6,0.86,73.0,1.7,3.7,81.0,0.0,0.2,available,False
2026-09-05,2026-09-05T10:53:33Z,,Mathys Tel,Spurs,MID,6.0,5.253,5.287,26.44,5,2.8,0.54,68.4,2.1,2.5,78.0,0.0,0.2,available,False
2026-09-05,2026-09-05T10:53:33Z,,Rodrigo Bentancur,Spurs,MID,5.5,5.249,5.265,26.32,5,2.8,0.95,79.0,2.0,3.3,86.0,0.0,0.1,available,False
2026-09-05,2026-09-05T10:53:33Z,,João Gomes,Aston Villa,MID,5.5,5.239,5.233,26.17,5,3.0,0.96,88.8,2.0,3.0,85.0,0.0,0.3,available,False
2026-09-05,2026-09-05T10:53:33Z,,Florian Wirtz,Liverpool,MID,7.5,5.235,5.291,26.46,5,2.6,0.82,71.2,2.6,3.8,125.0,0.0,11.1,available,False
2026-09-05,2026-09-05T10:53:33Z,,William Saliba,Arsenal,DEF,6.0,5.228,5.214,26.07,5,3.2,0.0,90.0,0.0,4.4,137.0,0.0,0.5,injured,True
2026-09-05,2026-09-05T10:53:33Z,,Jake O'Brien,Everton,DEF,5.0,5.227,5.231,26.16,5,3.0,0.99,84.6,2.2,3.1,116.0,0.0,0.6,available,False
2026-09-05,2026-09-05T10:53:33Z,,Dara O'Shea,Ipswich Town,DEF,4.0,5.222,5.209,26.05,5,3.2,1.0,90.0,1.0,0.0,0.0,0.0,1.2,available,False
2026-09-05,2026-09-05T10:53:33Z,,Jarrad Branthwaite,Everton,DEF,5.5,5.22,5.224,26.12,5,3.0,0.75,73.0,2.5,3.2,32.0,0.0,2.0,available,False
2026-09-05,2026-09-05T10:53:33Z,,Jurriën Timber,Arsenal,DEF,6.5,5.215,5.201,26.01,5,3.2,0.0,83.4,0.0,5.0,149.0,0.0,0.7,injured,True
2026-09-05,2026-09-05T10:53:33Z,,Matheus Nunes,Man City,DEF,6.0,5.211,5.225,26.12,5,2.8,0.98,83.6,2.8,4.5,154.0,0.0,5.5,available,False
2026-09-05,2026-09-05T10:53:33Z,,Mateus Fernandes,Spurs,MID,6.0,5.191,5.208,26.04,5,2.8,0.98,90.0,2.1,3.8,135.0,0.0,4.6,available,False
2026-09-05,2026-09-05T10:53:33Z,,Dango Ouattara,Brentford,MID,6.5,5.185,5.197,25.99,5,3.0,0.79,76.2,2.3,4.2,136.0,0.0,1.5,available,False
2026-09-05,2026-09-05T10:53:33Z,,Iliman Ndiaye,Everton,MID,6.0,5.177,5.185,25.92,5,3.0,1.0,90.0,2.1,4.0,128.0,0.0,21.3,available,False
2026-09-05,2026-09-05T10:53:33Z,,Mikkel Damsgaard,Brentford,MID,5.5,5.156,5.163,25.82,5,3.0,0.9,85.4,2.0,3.4,113.0,0.0,0.7,available,False
2026-09-05,2026-09-05T10:53:33Z,,Lewis Hall,Newcastle,DEF,5.0,5.151,5.156,25.78,5,3.0,0.81,67.4,2.2,2.6,79.0,0.0,4.6,available,False
2026-09-05,2026-09-05T10:53:33Z,,Joachim Andersen,Fulham,DEF,5.0,5.146,5.125,25.62,5,3.6,0.0,90.0,0.0,3.7,123.0,0.0,0.1,suspended,True
2026-09-05,2026-09-05T10:53:33Z,,Reinildo Mandava,Sunderland,DEF,4.5,5.133,5.121,25.6,5,3.2,0.86,72.0,1.7,3.0,74.0,0.0,0.6,available,False
2026-09-05,2026-09-05T10:53:33Z,,Boubacar Kamara,Aston Villa,MID,5.0,5.119,5.113,25.57,5,3.0,0.73,88.2,1.1,3.4,61.0,0.0,0.1,doubtful,False
2026-09-05,2026-09-05T10:53:33Z,,Alex Scott,Bournemouth,MID,6.0,5.112,5.085,25.42,5,3.6,0.98,89.8,2.1,3.7,136.0,0.0,1.6,available,False
2026-09-05,2026-09-05T10:53:33Z,,Morgan Rogers,Chelsea,MID,7.5,5.111,5.104,25.52,5,3.0,1.0,87.6,2.6,4.6,169.0,0.0,33.9,available,False
2026-09-05,2026-09-05T10:53:33Z,,Destiny Udogie,Spurs,DEF,4.5,5.111,5.125,25.63,5,2.8,0.87,82.0,1.7,1.4,29.0,0.0,0.4,available,False
2026-09-05,2026-09-05T10:53:33Z,,Lewis Dunk,Brighton,DEF,4.5,5.107,5.112,25.56,5,3.0,0.99,90.0,1.7,3.0,100.0,0.0,0.7,available,False
2026-09-05,2026-09-05T10:53:33Z,,Beto,Everton,FWD,5.5,5.097,5.107,25.54,5,3.0,0.81,70.8,1.8,2.8,104.0,0.0,3.4,available,False
2026-09-05,2026-09-05T10:53:33Z,,Daniel Ballard,Sunderland,DEF,5.0,5.094,5.081,25.41,5,3.2,0.81,72.2,2.2,4.0,116.0,0.0,2.6,available,False
2026-09-05,2026-09-05T10:53:33Z,,Matty Cash,Aston Villa,DEF,4.5,5.079,5.074,25.37,5,3.0,1.0,88.0,1.7,3.3,117.0,0.0,8.2,available,False
2026-09-05,2026-09-05T10:53:33Z,,Nathan Collins,Brentford,DEF,5.5,5.076,5.08,25.4,5,3.0,0.96,90.0,2.5,3.7,129.0,0.0,2.0,available,False
2026-09-05,2026-09-05T10:53:33Z,,Ethan Ampadu,Leeds,MID,5.5,5.072,5.086,25.43,5,2.8,1.0,90.0,2.0,3.8,134.0,0.0,1.3,available,False
2026-09-05,2026-09-05T10:53:33Z,,Nico O'Reilly,Man City,DEF,6.5,5.07,5.086,25.43,5,2.8,0.94,84.8,3.1,4.7,160.0,0.0,24.2,available,False
2026-09-05,2026-09-05T10:53:33Z,,Noussair Mazraoui,Man Utd,DEF,4.5,5.056,5.06,25.3,5,2.8,0.7,76.0,1.7,2.6,53.0,0.0,0.8,available,False
2026-09-05,2026-09-05T10:53:33Z,,Jaka Bijol,Leeds,DEF,5.0,5.041,5.054,25.27,5,2.8,0.93,84.8,2.2,4.0,99.0,0.0,0.4,available,False
2026-09-05,2026-09-05T10:53:33Z,,Joelinton,Newcastle,MID,5.5,5.037,5.041,25.21,5,3.0,0.61,75.4,1.5,2.7,73.0,0.0,0.0,doubtful,False
2026-09-05,2026-09-05T10:53:33Z,,Ben Davies,Spurs,DEF,4.0,5.021,5.036,25.18,5,2.8,0.56,64.6,1.0,3.3,10.0,0.0,0.7,available,False
2026-09-05,2026-09-05T10:53:33Z,,Harry Amass,Man Utd,DEF,4.0,5.015,5.02,25.1,5,2.8,0.75,66.25,1.0,0.0,0.0,0.0,0.2,available,False
2026-09-05,2026-09-05T10:53:33Z,,John Egan,Hull City,DEF,4.0,5.006,4.994,24.97,5,3.2,1.0,85.6,1.0,0.0,0.0,0.0,0.8,available,False
2026-09-05,2026-09-05T10:53:33Z,,Chris Richards,Crystal Palace,DEF,5.0,5.006,5.002,25.01,5,3.0,0.87,74.8,2.2,3.9,128.0,0.0,0.8,available,False
2026-09-05,2026-09-05T10:53:33Z,,Ryan Sessegnon,Fulham,DEF,4.5,4.995,4.971,24.85,5,3.6,0.68,62.2,1.7,3.5,95.0,0.0,0.4,available,False
2026-09-05,2026-09-05T10:53:33Z,,Kiernan Dewsbury-Hall,Everton,MID,6.5,4.988,4.995,24.97,5,3.0,0.99,89.6,2.3,4.9,151.0,0.0,4.3,available,False
2026-09-05,2026-09-05T10:53:33Z,,Dan Burn,Newcastle,DEF,5.0,4.98,4.984,24.92,5,3.0,0.7,60.2,2.2,3.2,93.0,0.0,2.7,available,False
2026-09-05,2026-09-05T10:53:33Z,,Youri Tielemans,Man Utd,MID,6.0,4.978,4.982,24.91,5,2.8,0.71,86.6,1.6,2.7,68.0,0.0,1.0,doubtful,False
2026-09-05,2026-09-05T10:53:33Z,,Timothy Castagne,Fulham,DEF,4.5,4.977,4.952,24.76,5,3.6,0.93,88.6,1.7,2.0,61.0,0.0,0.2,available,False
2026-09-05,2026-09-05T10:53:33Z,,Mohammed Kudus,Spurs,MID,6.5,4.971,4.999,24.99,5,2.8,0.75,78.6,1.7,3.9,75.0,0.0,0.3,doubtful,False
2026-09-05,2026-09-05T10:53:33Z,,Lisandro Martínez,Man Utd,DEF,5.0,4.97,4.974,24.87,5,2.8,0.69,83.2,1.6,2.8,51.0,0.0,1.3,doubtful,False
2026-09-05,2026-09-05T10:53:33Z,,Pape Matar Sarr,Spurs,MID,5.0,4.966,4.986,24.93,5,2.8,0.58,64.0,1.5,2.7,71.0,0.0,0.4,available,False
2026-09-05,2026-09-05T10:53:33Z,,Wesley Fofana,Chelsea,DEF,5.0,4.952,4.95,24.75,5,3.0,0.0,77.4,0.0,2.6,65.0,0.0,0.0,suspended,True
2026-09-05,2026-09-05T10:53:33Z,,Lewis Miley,Newcastle,MID,5.5,4.915,4.919,24.6,5,3.0,0.0,76.6,0.0,3.1,72.0,0.0,0.0,injured,True
2026-09-05,2026-09-05T10:53:33Z,,Malo Gusto,Chelsea,DEF,5.0,4.887,4.883,24.42,5,3.0,0.9,87.6,2.2,2.8,96.0,0.0,1.2,available,False
2026-09-05,2026-09-05T10:53:33Z,,Ryan Gravenberch,Liverpool,MID,6.0,4.88,4.902,24.51,5,2.6,0.86,69.4,2.1,4.0,144.0,0.0,1.7,available,False
2026-09-05,2026-09-05T10:53:33Z,,Sebastiaan Bornauw,Leeds,DEF,4.5,4.864,4.876,24.38,5,2.8,0.8,67.4,1.7,2.1,25.0,0.0,0.0,available,False
2026-09-05,2026-09-05T10:53:33Z,,Nathan Patterson,Everton,DEF,4.5,4.826,4.83,24.15,5,3.0,0.78,65.6,1.7,3.1,22.0,0.0,0.1,available,False
2026-09-05,2026-09-05T10:53:33Z,,Yehor Yarmoliuk,Brentford,MID,5.0,4.824,4.829,24.14,5,3.0,0.92,87.8,1.5,2.8,104.0,0.0,1.4,available,False
2026-09-05,2026-09-05T10:53:33Z,,Alexis Mac Allister,Liverpool,MID,5.5,4.819,4.847,24.24,5,2.6,0.81,75.8,2.0,2.9,108.0,0.0,1.9,available,False
2026-09-05,2026-09-05T10:53:33Z,,Jaidon Anthony,Brentford,MID,6.0,4.807,4.817,24.09,5,3.0,0.94,87.4,2.1,0.0,0.0,0.0,0.3,available,False
2026-09-05,2026-09-05T10:53:33Z,,Abdukodir Khusanov,Man City,DEF,5.5,4.806,4.819,24.1,5,2.8,0.89,90.0,2.5,3.2,67.0,0.0,2.0,available,False
2026-09-05,2026-09-05T10:53:33Z,,Mathias Jensen,Brentford,MID,5.5,4.805,4.811,24.05,5,3.0,0.9,84.6,2.0,2.7,98.0,0.0,0.1,available,False
2026-09-05,2026-09-05T10:53:33Z,,Jack Grealish,Man City,MID,6.5,4.801,4.827,24.14,5,2.8,0.84,74.4,2.3,4.0,79.0,0.0,0.3,available,False
2026-09-05,2026-09-05T10:53:33Z,,Pascal Groß,Brighton,MID,5.5,4.791,4.8,24.0,5,3.0,0.96,90.0,2.0,4.1,78.0,0.0,2.0,available,False
2026-09-05,2026-09-05T10:53:33Z,,Conor Gallagher,Spurs,MID,5.5,4.791,4.814,24.07,5,2.8,0.8,87.0,2.0,2.8,44.0,0.0,0.2,available,False
2026-09-05,2026-09-05T10:53:33Z,,Ryan Christie,Bournemouth,MID,5.0,4.787,4.76,23.8,5,3.6,0.0,60.4,0.0,1.8,47.0,0.0,0.1,suspended,True
2026-09-05,2026-09-05T10:53:33Z,,Kobbie Mainoo,Man Utd,MID,5.5,4.784,4.788,23.94,5,2.8,0.83,90.0,2.0,2.6,73.0,0.0,1.3,available,False
2026-09-05,2026-09-05T10:53:33Z,,Zach Abbott,Nott'm Forest,DEF,4.0,4.776,4.781,23.91,5,3.0,0.5,60.5,1.0,1.0,3.0,0.0,0.2,available,False
2026-09-05,2026-09-05T10:53:33Z,,Leny Yoro,Man Utd,DEF,5.0,4.775,4.778,23.89,5,2.8,0.73,75.4,2.2,1.8,56.0,0.0,0.6,available,False
2026-09-05,2026-09-05T10:53:33Z,,Granit Xhaka,Sunderland,MID,5.5,4.767,4.744,23.72,5,3.2,0.98,90.0,2.0,3.6,124.0,0.0,6.5,available,False
2026-09-05,2026-09-05T10:53:33Z,,Joško Gvardiol,Man City,DEF,5.5,4.747,4.764,23.82,5,2.8,0.86,64.4,2.5,4.4,79.0,0.0,6.5,available,False
2026-09-05,2026-09-05T10:53:33Z,,Ferdi Kadıoğlu,Brighton,DEF,4.5,4.746,4.751,23.75,5,3.0,0.97,90.0,1.7,3.2,118.0,0.0,3.1,available,False
2026-09-05,2026-09-05T10:53:33Z,,Amadou Onana,Aston Villa,MID,5.0,4.735,4.73,23.65,5,3.0,0.0,90.0,0.0,3.0,76.0,0.0,0.0,injured,True
2026-09-05,2026-09-05T10:53:33Z,,Joe Rodon,Leeds,DEF,4.5,4.722,4.735,23.68,5,2.8,0.87,81.0,1.7,3.1,109.0,0.0,2.3,available,False
2026-09-05,2026-09-05T10:53:33Z,,Rico Henry,Brentford,DEF,4.5,4.721,4.725,23.63,5,3.0,0.83,88.6,1.7,2.1,52.0,0.0,0.2,available,False
2026-09-05,2026-09-05T10:53:33Z,,Chadi Riad,Crystal Palace,DEF,4.5,4.718,4.714,23.57,5,3.0,0.73,68.8,1.7,2.2,20.0,0.0,0.1,available,False
2026-09-05,2026-09-05T10:53:33Z,,Riccardo Calafiori,Arsenal,DEF,5.5,4.713,4.697,23.49,5,3.2,0.85,61.4,2.5,4.2,109.0,0.0,13.1,available,False
2026-09-05,2026-09-05T10:53:33Z,,Reece James,Chelsea,DEF,5.5,4.71,4.707,23.54,5,3.0,0.79,77.2,2.5,4.0,115.0,0.0,8.1,available,False
2026-09-05,2026-09-05T10:53:33Z,,Evanilson,Bournemouth,FWD,6.0,4.704,4.662,23.31,5,3.6,0.95,78.2,2.0,3.2,115.0,0.0,1.9,available,False
2026-09-05,2026-09-05T10:53:33Z,,Nicolas Jackson,Chelsea,FWD,6.5,4.704,4.697,23.48,5,3.0,0.85,74.2,2.1,0.0,0.0,0.0,0.4,available,False
2026-09-05,2026-09-05T10:53:33Z,,Brian Brobbey,Sunderland,FWD,6.0,4.696,4.665,23.32,5,3.2,0.88,82.6,2.0,3.0,92.0,0.0,22.6,available,False
2026-09-05,2026-09-05T10:53:33Z,,Micky van de Ven,Spurs,DEF,5.0,4.692,4.707,23.53,5,2.8,1.0,90.0,2.2,3.3,116.0,0.0,6.0,available,False
2026-09-05,2026-09-05T10:53:33Z,,Morato,Nott'm Forest,DEF,5.0,4.669,4.674,23.37,5,3.0,0.68,64.2,2.2,2.5,53.0,0.0,0.1,available,False
2026-09-05,2026-09-05T10:53:33Z,,Ollie Watkins,Aston Villa,FWD,8.0,4.656,4.639,23.2,5,3.0,0.84,74.0,2.5,4.5,167.0,0.0,12.4,available,False
2026-09-05,2026-09-05T10:53:33Z,,Ibrahim Sangaré,Nott'm Forest,MID,5.0,4.653,4.659,23.29,5,3.0,0.85,67.0,1.5,3.2,89.0,0.0,0.4,available,False
2026-09-05,2026-09-05T10:53:33Z,,Trevoh Chalobah,Chelsea,DEF,5.5,4.639,4.636,23.18,5,3.0,0.87,75.2,2.5,4.0,136.0,0.0,2.1,available,False
2026-09-05,2026-09-05T10:53:33Z,,Axel Disasi,Chelsea,DEF,4.5,4.638,4.635,23.18,5,3.0,1.0,89.0,1.7,0.0,0.0,0.0,0.1,available,False
2026-09-05,2026-09-05T10:53:33Z,,Curtis Jones,Liverpool,MID,5.5,4.608,4.621,23.11,5,2.6,0.81,89.4,2.0,2.4,81.0,0.0,0.1,available,False
2026-09-05,2026-09-05T10:53:33Z,,Diego Coppola,Brighton,DEF,4.5,4.604,4.608,23.04,5,3.0,0.68,75.0,1.7,2.0,10.0,0.0,0.0,available,False
2026-09-05,2026-09-05T10:53:33Z,,Eberechi Eze,Arsenal,MID,6.5,4.6,4.565,22.83,5,3.2,0.88,69.0,2.3,3.4,113.0,0.0,3.3,available,False
2026-09-05,2026-09-05T10:53:33Z,,Nikola Milenković,Nott'm Forest,DEF,5.5,4.588,4.594,22.97,5,3.0,0.87,81.0,2.5,3.1,119.0,0.0,2.3,available,False
2026-09-05,2026-09-05T10:53:33Z,,Leif Davis,Ipswich Town,DEF,4.0,4.572,4.558,22.79,5,3.2,1.0,72.8,1.0,0.0,0.0,0.0,4.3,available,False
2026-09-05,2026-09-05T10:53:33Z,,Kevin Schade,Brentford,MID,6.0,4.54,4.547,22.74,5,3.0,0.84,72.0,2.1,3.6,125.0,0.0,2.1,available,False
2026-09-05,2026-09-05T10:53:33Z,,Lewis Cook,Bournemouth,MID,5.0,4.531,4.512,22.56,5,3.6,0.69,74.0,1.5,2.2,40.0,0.0,0.1,available,False
2026-09-05,2026-09-05T10:53:33Z,,Luca Netz,Nott'm Forest,DEF,4.5,4.512,4.518,22.59,5,3.0,0.62,62.8,1.7,1.6,11.0,0.0,0.0,available,False
2026-09-05,2026-09-05T10:53:33Z,,Veljko Milosavljević,Bournemouth,DEF,5.0,4.506,4.487,22.44,5,3.6,0.75,70.75,2.2,2.7,19.0,0.0,0.1,available,False
2026-09-05,2026-09-05T10:53:33Z,,Morgan Gibbs-White,Nott'm Forest,MID,8.0,4.5,4.514,22.57,5,3.0,0.86,74.8,2.8,5.1,188.0,0.0,12.8,available,False
2026-09-05,2026-09-05T10:53:33Z,,Sander Berge,Fulham,MID,5.0,4.422,4.398,21.99,5,3.6,0.99,78.6,1.5,2.6,91.0,0.0,0.4,available,False
2026-09-05,2026-09-05T10:53:33Z,,Harry Wilson,Leeds,MID,6.5,4.409,4.445,22.22,5,2.8,0.85,63.4,2.3,4.7,168.0,0.0,9.2,available,False
2026-09-05,2026-09-05T10:53:33Z,,Noah Sadiki,Sunderland,MID,5.0,4.402,4.387,21.94,5,3.2,1.0,83.8,1.5,2.4,80.0,0.0,0.5,available,False
2026-09-05,2026-09-05T10:53:33Z,,James Maddison,Spurs,MID,6.5,4.384,4.413,22.06,5,2.8,0.48,61.8,2.3,1.0,3.0,0.0,2.6,available,False
2026-09-05,2026-09-05T10:53:33Z,,Ismaïla Sarr,Crystal Palace,MID,6.5,4.373,4.359,21.79,5,3.0,0.7,68.8,2.3,4.2,117.0,0.0,11.4,available,False
2026-09-05,2026-09-05T10:53:33Z,,Kasey McAteer,Ipswich Town,MID,4.5,4.364,4.348,21.74,5,3.2,0.68,75.0,1.0,0.0,0.0,0.0,2.1,available,False
2026-09-05,2026-09-05T10:53:33Z,,Merlin Röhl,Everton,MID,5.0,4.359,4.364,21.82,5,3.0,0.61,72.0,1.5,2.2,36.0,0.0,0.1,available,False
2026-09-05,2026-09-05T10:53:33Z,,Rayan,Bournemouth,MID,6.5,4.343,4.305,21.53,5,3.6,0.82,70.0,2.3,4.5,67.0,0.0,3.5,available,False
2026-09-05,2026-09-05T10:53:33Z,,Kalvin Phillips,Man City,MID,5.0,4.334,4.346,21.73,5,2.8,0.93,87.2,1.5,0.0,0.0,0.0,0.0,available,False
2026-09-05,2026-09-05T10:53:33Z,,Saša Lukić,Fulham,MID,5.0,4.293,4.267,21.34,5,3.6,0.78,81.0,1.5,2.6,67.0,0.0,0.1,available,False
2026-09-05,2026-09-05T10:53:33Z,,Dwight McNeil,Everton,MID,5.5,4.286,4.291,21.46,5,3.0,0.87,81.0,2.0,2.4,53.0,0.0,0.1,available,False
2026-09-05,2026-09-05T10:53:33Z,,Pau Torres,Aston Villa,DEF,4.5,4.272,4.267,21.34,5,3.0,0.96,90.0,1.7,3.0,64.0,0.0,0.2,available,False
2026-09-05,2026-09-05T10:53:33Z,,Brenden Aaronson,Leeds,MID,5.5,4.253,4.272,21.36,5,2.8,0.81,60.6,2.0,3.4,126.0,0.0,0.6,available,False
2026-09-05,2026-09-05T10:53:33Z,,Bafodé Diakité,Bournemouth,DEF,5.0,4.227,4.208,21.04,5,3.6,0.86,65.8,2.2,2.6,46.0,0.0,0.2,available,False
2026-09-05,2026-09-05T10:53:33Z,,Carlos Baleba,Brighton,MID,5.0,4.227,4.232,21.16,5,3.0,0.8,68.6,1.5,1.8,56.0,0.0,0.6,available,False
2026-09-05,2026-09-05T10:53:33Z,,Emile Smith Rowe,Fulham,MID,5.5,4.221,4.194,20.97,5,3.6,0.84,69.0,2.0,2.2,80.0,0.0,0.4,available,False
2026-09-05,2026-09-05T10:53:33Z,,Rodrigo,Man City,MID,6.5,4.213,4.256,21.28,5,2.8,0.0,59.4,0.0,3.3,69.0,0.0,0.1,injured,True
2026-09-05,2026-09-05T10:53:33Z,,Bryan Mbeumo,Man Utd,MID,8.0,4.195,4.206,21.03,5,2.8,0.86,66.2,2.8,4.5,148.0,0.0,13.3,available,False
2026-09-05,2026-09-05T10:53:33Z,,Daichi Kamada,Crystal Palace,MID,5.0,4.192,4.187,20.94,5,3.0,0.79,66.0,1.5,2.4,67.0,0.0,0.3,available,False
2026-09-05,2026-09-05T10:53:33Z,,Brennan Johnson,Crystal Palace,MID,6.0,4.185,4.176,20.88,5,3.0,0.85,76.4,2.1,1.9,65.0,0.0,0.2,available,False
2026-09-05,2026-09-05T10:53:33Z,,Justin Devenny,Crystal Palace,MID,5.0,4.181,4.177,20.88,5,3.0,0.5,63.8,1.5,1.7,36.0,0.0,0.0,available,False
2026-09-05,2026-09-05T10:53:33Z,,Keane Lewis-Potter,Brentford,MID,5.5,4.173,4.178,20.89,5,3.0,0.87,89.8,2.0,3.2,115.0,0.0,0.6,available,False
2026-09-05,2026-09-05T10:53:33Z,,Adam Wharton,Crystal Palace,MID,5.5,4.159,4.153,20.76,5,3.0,0.53,69.0,1.5,3.3,112.0,0.0,0.2,doubtful,False
2026-09-05,2026-09-05T10:53:33Z,,Vitaly Janelt,Brentford,MID,5.0,4.156,4.161,20.81,5,3.0,0.72,63.4,1.5,3.0,74.0,0.0,0.1,available,False
2026-09-05,2026-09-05T10:53:33Z,,Murillo,Nott'm Forest,DEF,5.5,4.144,4.15,20.75,5,3.0,0.75,90.0,1.9,3.3,83.0,0.0,0.2,doubtful,False
2026-09-05,2026-09-05T10:53:33Z,,Adam Smith,Bournemouth,DEF,4.5,4.139,4.12,20.6,5,3.6,0.8,69.2,1.7,2.6,58.0,0.0,0.1,available,False
2026-09-05,2026-09-05T10:53:33Z,,Igor Jesus,Nott'm Forest,FWD,6.0,4.13,4.14,20.7,5,3.0,0.79,64.8,2.0,3.1,114.0,0.0,3.9,available,False
2026-09-05,2026-09-05T10:53:33Z,,Ben Johnson,Ipswich Town,DEF,4.0,4.122,4.11,20.55,5,3.2,0.87,79.2,1.0,0.0,0.0,0.0,0.2,available,False
2026-09-05,2026-09-05T10:53:33Z,,Nicolò Savona,Nott'm Forest,DEF,4.5,4.09,4.096,20.48,5,3.0,0.0,79.2,0.0,2.8,39.0,0.0,0.0,injured,True
2026-09-05,2026-09-05T10:53:33Z,,Rayan Cherki,Man City,MID,7.5,4.061,4.124,20.62,5,2.8,0.61,57.0,2.6,4.1,135.0,0.0,9.9,available,False
2026-09-05,2026-09-05T10:53:33Z,,William Osula,Newcastle,FWD,6.0,4.031,4.039,20.2,5,3.0,0.74,76.0,2.0,3.2,76.0,0.0,2.4,available,False
2026-09-05,2026-09-05T10:53:33Z,,Kristoffer Ajer,Brentford,DEF,4.5,4.012,4.016,20.08,5,3.0,0.54,55.4,1.7,2.8,76.0,0.0,0.5,available,False
2026-09-05,2026-09-05T10:53:33Z,,Cristhian Mosquera,Arsenal,DEF,5.5,3.994,3.982,19.91,5,3.2,0.43,47.0,2.5,2.0,40.0,0.0,16.8,available,False
2026-09-05,2026-09-05T10:53:33Z,,Ian Maatsen,Aston Villa,DEF,4.5,3.984,3.979,19.9,5,3.0,0.61,52.0,1.7,1.8,54.0,0.0,0.6,available,False
2026-09-05,2026-09-05T10:53:33Z,,Tetê,Fulham,DEF,4.5,3.98,3.929,19.65,5,3.6,0.69,51.0,1.7,3.7,81.0,0.0,0.2,available,False
2026-09-05,2026-09-05T10:53:33Z,,Alex Iwobi,Fulham,MID,5.5,3.977,3.935,19.68,5,3.6,1.0,76.0,2.0,3.6,103.0,0.0,0.9,available,False
2026-09-05,2026-09-05T10:53:33Z,,Luke O'Nien,Sunderland,DEF,4.0,3.963,3.951,19.75,5,3.2,0.56,72.6,1.0,2.2,26.0,0.0,2.3,available,False
2026-09-05,2026-09-05T10:53:33Z,,Tyrone Mings,Aston Villa,DEF,4.5,3.959,3.954,19.77,5,3.0,0.95,90.0,1.7,2.9,50.0,0.0,0.2,available,False
2026-09-05,2026-09-05T10:53:33Z,,Luke Woolfenden,Coventry City,DEF,4.0,3.958,3.941,19.71,5,3.4,0.67,72.0,1.0,0.0,0.0,0.0,0.3,available,False
2026-09-05,2026-09-05T10:53:33Z,,Sandro Tonali,Spurs,MID,5.5,3.863,3.881,19.4,5,2.8,0.98,89.0,2.0,2.3,81.0,0.0,3.0,available,False
2026-09-05,2026-09-05T10:53:33Z,,Tim Iroegbunam,Everton,MID,5.0,3.83,3.834,19.17,5,3.0,0.62,58.6,1.5,2.3,68.0,0.0,0.1,available,False
2026-09-05,2026-09-05T10:53:33Z,,Lucas Digne,Aston Villa,DEF,4.5,3.821,3.815,19.08,5,3.0,0.63,58.8,1.7,3.1,97.0,0.0,1.4,available,False
2026-09-05,2026-09-05T10:53:33Z,,Wes Burns,Ipswich Town,MID,5.0,3.814,3.803,19.02,5,3.2,0.77,65.8,1.5,0.0,0.0,0.0,0.1,available,False
2026-09-05,2026-09-05T10:53:33Z,,Issa Diop,Ipswich Town,DEF,4.0,3.805,3.793,18.97,5,3.2,0.76,81.0,1.0,2.4,31.0,0.0,21.4,available,False
2026-09-05,2026-09-05T10:53:33Z,,Lamare Bogarde,Aston Villa,MID,5.0,3.787,3.783,18.91,5,3.0,0.55,61.8,1.5,1.4,40.0,0.0,0.1,available,False
2026-09-05,2026-09-05T10:53:33Z,,Dejan Kulusevski,Spurs,MID,6.5,3.742,3.77,18.85,5,2.8,0.0,48.2,0.0,0.0,0.0,0.0,0.0,injured,True
2026-09-05,2026-09-05T10:53:33Z,,Danny Welbeck,Brighton,FWD,6.0,3.724,3.734,18.67,5,3.0,0.77,61.6,2.0,3.4,126.0,0.0,3.0,available,False
2026-09-05,2026-09-05T10:53:33Z,,Mamadou Sarr,Chelsea,DEF,4.5,3.722,3.72,18.6,5,3.0,1.0,81.0,1.7,1.0,3.0,0.0,0.1,available,False
2026-09-05,2026-09-05T10:53:33Z,,Myles Lewis-Skelly,Arsenal,MID,5.5,3.613,3.601,18.0,5,3.2,0.46,64.0,2.0,1.4,29.0,0.0,0.3,available,False
2026-09-05,2026-09-05T10:53:33Z,,Omar Marmoush,Man City,FWD,7.0,3.6,3.634,18.17,5,2.8,0.55,49.6,2.2,2.7,56.0,0.0,0.6,available,False
2026-09-05,2026-09-05T10:53:33Z,,John McGinn,Aston Villa,MID,5.5,3.585,3.576,17.88,5,3.0,0.99,83.6,2.0,3.4,103.0,0.0,2.7,available,False
2026-09-05,2026-09-05T10:53:33Z,,Chris Rigg,Sunderland,MID,5.0,3.579,3.564,17.82,5,3.2,0.97,74.0,1.5,2.0,36.0,0.0,0.1,available,False
2026-09-05,2026-09-05T10:53:33Z,,Simon Adingra,Sunderland,MID,5.0,3.575,3.559,17.8,5,3.2,0.75,60.8,1.5,2.4,34.0,0.0,0.4,available,False
2026-09-05,2026-09-05T10:53:33Z,,Kai Havertz,Arsenal,FWD,7.5,3.556,3.522,17.61,5,3.2,0.73,54.8,2.3,3.0,36.0,0.0,4.3,available,False
2026-09-05,2026-09-05T10:53:33Z,,Noah Okafor,Leeds,MID,6.0,3.551,3.6,18.0,5,2.8,0.64,52.2,2.1,3.9,109.0,0.0,0.9,available,False
2026-09-05,2026-09-05T10:53:33Z,,Tyler Adams,Bournemouth,MID,5.0,3.516,3.496,17.48,5,3.6,0.57,49.6,1.5,3.1,77.0,0.0,0.7,available,False
2026-09-05,2026-09-05T10:53:33Z,,Tyler Fredricson,Man Utd,DEF,4.0,3.506,3.509,17.55,5,2.8,0.6,83.0,1.0,1.0,1.0,0.0,0.1,available,False
2026-09-05,2026-09-05T10:53:33Z,,Benjamin Šeško,Man Utd,FWD,7.0,3.504,3.518,17.59,5,2.8,0.44,58.4,1.7,3.7,111.0,0.0,3.2,doubtful,False
2026-09-05,2026-09-05T10:53:33Z,,Caoimhin Kelleher,Brentford,GKP,5.0,3.488,3.491,17.46,5,3.0,1.0,90.0,2.6,3.9,143.0,0.0,5.6,available,False
2026-09-05,2026-09-05T10:53:33Z,,Victor Lindelöf,Aston Villa,DEF,4.5,3.478,3.474,17.37,5,3.0,0.75,62.4,1.7,1.7,29.0,0.0,0.2,available,False
2026-09-05,2026-09-05T10:53:33Z,,Hákon Rafn Valdimarsson,Brentford,GKP,4.5,3.471,3.474,17.37,5,3.0,0.3,72.0,2.0,1.0,1.0,0.0,0.1,available,False
2026-09-05,2026-09-05T10:53:33Z,,Jack Hinshelwood,Brighton,MID,6.0,3.463,3.47,17.35,5,3.0,0.9,84.4,2.1,3.4,91.0,0.0,0.3,available,False
2026-09-05,2026-09-05T10:53:33Z,,Jeremie Frimpong,Liverpool,DEF,5.5,3.392,3.41,17.05,5,2.6,0.6,56.8,2.5,3.0,63.0,0.0,3.0,available,False
2026-09-05,2026-09-05T10:53:33Z,,Nilson Angulo,Sunderland,MID,5.0,3.379,3.365,16.82,5,3.2,0.59,52.0,1.5,1.6,13.0,0.0,0.1,available,False
2026-09-05,2026-09-05T10:53:33Z,,Giorgi Mamardashvili,Liverpool,GKP,5.0,3.361,3.371,16.85,5,2.6,1.0,83.6,2.6,3.4,34.0,0.0,0.2,available,False
2026-09-05,2026-09-05T10:53:33Z,,Alex Murphy,Newcastle,DEF,4.0,3.352,3.356,16.78,5,3.0,0.48,81.6,1.0,1.0,2.0,0.0,0.8,available,False
2026-09-05,2026-09-05T10:53:33Z,,Freddie Woodman,Liverpool,GKP,4.0,3.343,3.353,16.76,5,2.6,0.68,78.4,1.0,2.0,6.0,0.0,1.3,available,False
2026-09-05,2026-09-05T10:53:33Z,,Liam Delap,Chelsea,FWD,5.5,3.33,3.326,16.63,5,3.0,0.54,61.8,1.8,1.6,45.0,0.0,0.5,available,False
2026-09-05,2026-09-05T10:53:33Z,,Jørgen Strand Larsen,Crystal Palace,FWD,6.0,3.307,3.299,16.49,5,3.0,0.65,48.2,2.0,2.1,75.0,0.0,0.6,available,False
2026-09-05,2026-09-05T10:53:33Z,,Jacob Ramsey,Newcastle,MID,5.0,3.3,3.305,16.53,5,3.0,0.58,57.4,1.5,2.2,62.0,0.0,0.5,available,False
2026-09-05,2026-09-05T10:53:33Z,,James Trafford,Man City,GKP,5.0,3.297,3.308,16.54,5,2.8,1.0,90.0,2.6,3.2,13.0,0.0,0.9,available,False
2026-09-05,2026-09-05T10:53:33Z,,Altay Bayındır,Man Utd,GKP,4.5,3.283,3.286,16.43,5,2.8,1.0,90.0,2.0,1.8,11.0,0.0,0.2,available,False
2026-09-05,2026-09-05T10:53:33Z,,Karl Darlow,Man Utd,GKP,4.5,3.278,3.281,16.4,5,2.8,0.75,90.0,1.5,3.2,71.0,0.0,0.1,doubtful,False
2026-09-05,2026-09-05T10:53:33Z,,Antonín Kinský,Spurs,GKP,4.5,3.277,3.287,16.44,5,2.8,1.0,90.0,2.0,2.9,20.0,0.0,16.6,available,False
2026-09-05,2026-09-05T10:53:33Z,,Martin Dúbravka,Spurs,GKP,4.0,3.27,3.28,16.4,5,2.8,1.0,90.0,1.0,2.7,96.0,0.0,24.8,available,False
2026-09-05,2026-09-05T10:53:33Z,,Senne Lammens,Man Utd,GKP,5.0,3.269,3.272,16.36,5,2.8,1.0,90.0,2.6,3.4,109.0,0.0,20.1,available,False
2026-09-05,2026-09-05T10:53:33Z,,Guglielmo Vicario,Spurs,GKP,4.5,3.268,3.278,16.39,5,2.8,1.0,90.0,2.0,2.9,90.0,0.0,1.7,available,False
2026-09-05,2026-09-05T10:53:33Z,,Gianluigi Donnarumma,Man City,GKP,5.5,3.265,3.276,16.38,5,2.8,1.0,90.0,3.3,4.0,135.0,0.0,11.2,available,False
2026-09-05,2026-09-05T10:53:33Z,,Chemsdine Talbi,Sunderland,MID,5.5,3.24,3.217,16.09,5,3.2,0.74,74.0,2.0,3.0,83.0,0.0,0.2,available,False
2026-09-05,2026-09-05T10:53:33Z,,Archie Gray,Spurs,MID,5.0,3.228,3.241,16.21,5,2.8,0.94,83.0,1.5,2.5,61.0,0.0,0.2,available,False
2026-09-05,2026-09-05T10:53:33Z,,Dean Henderson,Crystal Palace,GKP,5.0,3.21,3.207,16.03,5,3.0,1.0,90.0,2.6,3.5,131.0,0.0,3.1,available,False
2026-09-05,2026-09-05T10:53:33Z,,Mark Travers,Everton,GKP,5.0,3.208,3.211,16.06,5,3.0,1.0,90.0,2.6,0.0,0.0,0.0,0.1,available,False
2026-09-05,2026-09-05T10:53:33Z,,Bart Verbruggen,Brighton,GKP,4.5,3.207,3.21,16.05,5,3.0,1.0,90.0,2.0,3.4,130.0,0.0,16.9,available,False
2026-09-05,2026-09-05T10:53:33Z,,Nick Pope,Newcastle,GKP,5.0,3.205,3.208,16.04,5,3.0,1.0,90.0,2.6,3.6,96.0,0.0,1.0,available,False
2026-09-05,2026-09-05T10:53:33Z,,Loum Tchaouna,Coventry City,MID,5.5,3.195,3.163,15.82,5,3.4,0.68,70.0,2.0,0.0,0.0,0.0,0.1,available,False
2026-09-05,2026-09-05T10:53:33Z,,Noni Madueke,Arsenal,MID,6.5,3.194,3.175,15.87,5,3.2,0.61,47.0,2.3,2.8,72.0,0.0,0.4,available,False
2026-09-05,2026-09-05T10:53:33Z,,Jason Steele,Brighton,GKP,4.0,3.193,3.196,15.98,5,3.0,1.0,90.0,1.0,0.0,0.0,0.0,5.4,available,False
2026-09-05,2026-09-05T10:53:33Z,,Marco Bizot,Aston Villa,GKP,4.5,3.193,3.189,15.95,5,3.0,0.81,81.0,2.0,2.3,16.0,0.0,0.1,available,False
2026-09-05,2026-09-05T10:53:33Z,,Jordan Pickford,Everton,GKP,5.5,3.19,3.193,15.97,5,3.0,1.0,90.0,3.3,3.6,135.0,0.0,9.0,available,False
2026-09-05,2026-09-05T10:53:33Z,,Matz Sels,Nott'm Forest,GKP,5.0,3.188,3.193,15.96,5,3.0,0.99,90.0,2.6,3.4,105.0,0.0,1.4,available,False
2026-09-05,2026-09-05T10:53:33Z,,Robin Roefs,Sunderland,GKP,5.0,3.171,3.162,15.81,5,3.2,1.0,90.0,2.6,3.9,136.0,0.0,5.8,available,False
2026-09-05,2026-09-05T10:53:33Z,,Melker Ellborg,Sunderland,GKP,4.5,3.165,3.156,15.78,5,3.2,1.0,90.0,2.0,5.3,16.0,0.0,0.1,available,False
2026-09-05,2026-09-05T10:53:33Z,,Evann Guessand,Aston Villa,MID,5.5,3.157,3.15,15.75,5,3.0,0.56,53.0,2.0,2.1,44.0,0.0,0.0,available,False
2026-09-05,2026-09-05T10:53:33Z,,Alex Palmer,Ipswich Town,GKP,4.0,3.152,3.143,15.71,5,3.2,1.0,90.0,1.0,0.0,0.0,0.0,6.5,available,False
2026-09-05,2026-09-05T10:53:33Z,,Illan Meslier,Arsenal,GKP,5.0,3.149,3.14,15.7,5,3.2,1.0,90.0,2.6,0.0,0.0,0.0,0.1,available,False
2026-09-05,2026-09-05T10:53:33Z,,Christian Walton,Ipswich Town,GKP,4.5,3.141,3.132,15.66,5,3.2,1.0,90.0,2.0,0.0,0.0,0.0,0.7,available,False
2026-09-05,2026-09-05T10:53:33Z,,Martin Ødegaard,Arsenal,MID,6.5,3.138,3.094,15.47,5,3.2,0.51,52.2,2.3,3.1,74.0,0.0,2.9,available,False
2026-09-05,2026-09-05T10:53:33Z,,Habib Diarra,Sunderland,MID,5.5,3.131,3.107,15.54,5,3.2,0.68,55.2,2.0,3.2,65.0,0.0,0.1,available,False
2026-09-05,2026-09-05T10:53:33Z,,Chiedozie Ogbene,Ipswich Town,MID,5.0,3.109,3.096,15.48,5,3.2,0.65,54.4,1.5,0.0,0.0,0.0,0.0,available,False
2026-09-05,2026-09-05T10:53:33Z,,Wilson Odobert,Spurs,MID,5.5,3.075,3.109,15.54,5,2.8,0.0,53.2,0.0,1.9,46.0,0.0,0.0,injured,True
2026-09-05,2026-09-05T10:53:33Z,,Rio Ngumoha,Liverpool,MID,6.0,3.062,3.085,15.42,5,2.6,0.45,51.8,2.1,2.3,43.0,0.0,1.6,available,False
2026-09-05,2026-09-05T10:53:33Z,,Bernd Leno,Fulham,GKP,4.5,3.033,3.016,15.08,5,3.6,1.0,90.0,2.0,3.2,122.0,0.0,3.2,available,False
2026-09-05,2026-09-05T10:53:33Z,,Fraser Forster,Bournemouth,GKP,4.0,3.028,3.012,15.06,5,3.6,1.0,90.0,1.0,0.0,0.0,0.0,3.2,available,False
2026-09-05,2026-09-05T10:53:33Z,,Đorđe Petrović,Bournemouth,GKP,4.5,3.026,3.01,15.05,5,3.6,1.0,90.0,2.0,3.3,124.0,0.0,3.5,available,False
2026-09-05,2026-09-05T10:53:33Z,,Harrison Armstrong,Everton,MID,5.0,2.935,2.939,14.69,5,3.0,0.65,52.6,1.5,1.6,21.0,0.0,0.1,available,False
2026-09-05,2026-09-05T10:53:33Z,,Omari Hutchinson,Nott'm Forest,MID,5.5,2.924,2.932,14.66,5,3.0,0.59,52.2,2.0,2.6,82.0,0.0,0.2,available,False
2026-09-05,2026-09-05T10:53:33Z,,Miloš Kerkez,Liverpool,DEF,5.5,2.914,2.928,14.64,5,2.6,0.57,47.8,2.5,2.5,85.0,0.0,6.3,available,False
2026-09-05,2026-09-05T10:53:33Z,,Mason Mount,Man Utd,MID,5.5,2.895,2.899,14.49,5,2.8,0.62,54.0,2.0,2.5,58.0,0.0,0.1,available,False
2026-09-05,2026-09-05T10:53:33Z,,Borna Sosa,Crystal Palace,DEF,4.5,2.886,2.882,14.41,5,3.0,0.36,58.4,1.7,0.9,6.0,0.0,0.1,available,False
2026-09-05,2026-09-05T10:53:33Z,,Justin Kluivert,Bournemouth,MID,6.0,2.762,2.716,13.58,5,3.6,0.58,57.2,2.1,2.0,41.0,0.0,0.8,available,False
2026-09-05,2026-09-05T10:53:33Z,,Will Hughes,Crystal Palace,MID,4.5,2.753,2.749,13.75,5,3.0,0.74,53.0,1.0,1.5,45.0,0.0,10.1,available,False
2026-09-05,2026-09-05T10:53:33Z,,Chris Wood,Nott'm Forest,FWD,6.0,2.726,2.739,13.69,5,3.0,0.65,55.0,2.0,2.7,41.0,0.0,1.8,available,False
2026-09-05,2026-09-05T10:53:33Z,,Estêvão,Chelsea,MID,6.5,2.703,2.699,13.49,5,3.0,0.69,54.0,2.3,2.6,58.0,0.0,1.4,available,False
2026-09-05,2026-09-05T10:53:33Z,,Joe Willock,Newcastle,MID,5.0,2.702,2.708,13.54,5,3.0,0.54,58.6,1.5,1.6,38.0,0.0,0.1,available,False
2026-09-05,2026-09-05T10:53:33Z,,Ross Barkley,Aston Villa,MID,5.0,2.692,2.685,13.43,5,3.0,0.49,59.2,1.5,2.7,56.0,0.0,0.2,available,False
2026-09-05,2026-09-05T10:53:33Z,,Amad Diallo,Man Utd,MID,6.0,2.633,2.639,13.19,5,2.8,0.7,53.0,2.1,2.8,91.0,0.0,1.5,available,False
2026-09-05,2026-09-05T10:53:33Z,,Tyler Dibling,Everton,MID,5.5,2.584,2.588,12.94,5,3.0,0.54,51.4,2.0,1.3,18.0,0.0,0.1,available,False
2026-09-05,2026-09-05T10:53:33Z,,Neto,Chelsea,MID,6.5,2.574,2.572,12.86,5,3.0,1.0,90.0,2.3,3.7,125.0,0.0,1.2,available,False
2026-09-05,2026-09-05T10:53:33Z,,Viktor Gyökeres,Arsenal,FWD,7.5,2.565,2.537,12.69,5,3.2,0.54,48.2,2.3,3.6,128.0,0.0,13.9,available,False
2026-09-05,2026-09-05T10:53:33Z,,Jacob Murphy,Newcastle,MID,6.0,2.447,2.453,12.27,5,3.0,0.59,47.6,2.1,2.5,82.0,0.0,0.2,available,False
2026-09-05,2026-09-05T10:53:33Z,,Matt Targett,Hull City,DEF,4.0,2.388,2.376,11.88,5,3.2,0.36,49.8,1.0,0.0,0.0,0.0,1.7,available,False
2026-09-05,2026-09-05T10:53:33Z,,Harvey Barnes,Newcastle,MID,6.0,2.369,2.378,11.89,5,3.0,0.46,48.0,2.1,2.9,106.0,0.0,1.0,available,False
2026-09-05,2026-09-05T10:53:33Z,,Callum Hudson-Odoi,Nott'm Forest,MID,6.0,2.353,2.362,11.81,5,3.0,0.57,56.4,1.6,2.9,88.0,0.0,0.0,doubtful,False
2026-09-05,2026-09-05T10:53:33Z,,Dilane Bakwa,Nott'm Forest,MID,5.5,2.324,2.333,11.67,5,3.0,0.52,45.8,2.0,1.9,26.0,0.0,0.0,available,False
2026-09-05,2026-09-05T10:53:33Z,,Ilia Gruev,Leeds,MID,5.0,2.237,2.251,11.26,5,2.8,0.65,57.6,1.5,2.4,56.0,0.0,0.0,available,False
2026-09-05,2026-09-05T10:53:33Z,,Jordan Henderson,Brentford,MID,5.0,2.16,2.164,10.82,5,3.0,0.49,56.0,1.1,2.4,76.0,0.0,0.0,doubtful,False
2026-09-05,2026-09-05T10:53:33Z,,Jack Taylor,Ipswich Town,MID,4.5,2.159,2.147,10.73,5,3.2,0.42,58.6,1.0,0.0,0.0,0.0,0.5,available,False
2026-09-05,2026-09-05T10:53:33Z,,Ethan Nwaneri,Arsenal,MID,5.5,2.002,1.986,9.93,5,3.2,0.12,46.0,2.0,1.3,8.0,0.0,0.0,available,False
2026-09-05,2026-09-05T10:53:33Z,,Tom Cairney,Fulham,MID,5.0,1.883,1.859,9.29,5,3.6,0.47,51.2,1.5,1.7,41.0,0.0,0.0,available,False
2026-09-06,2026-09-06T11:17:08Z,,Bukayo Saka,Arsenal,MID,9.5,8.993,8.881,44.41,5,3.2,0.93,79.0,3.2,5.1,157.0,0.0,10.8,available,False
2026-09-06,2026-09-06T11:17:08Z,,Jérémy Doku,Man City,MID,7.5,8.003,8.111,40.55,5,2.8,0.74,75.4,2.6,4.0,120.0,0.0,6.6,available,False
2026-09-06,2026-09-06T11:17:08Z,,Hugo Ekitiké,Liverpool,FWD,7.5,7.267,7.357,36.78,5,2.6,0.0,86.8,0.0,4.5,125.0,0.0,0.2,injured,True
2026-09-06,2026-09-06T11:17:08Z,,Erling Haaland,Man City,FWD,15.5,6.625,6.716,33.58,5,2.8,0.99,90.0,4.0,6.8,239.0,0.0,74.9,available,False
2026-09-06,2026-09-06T11:17:08Z,,Cody Gakpo,Liverpool,MID,7.0,6.338,6.401,32.0,5,2.6,0.95,83.0,2.4,3.6,131.0,0.0,3.4,available,False
2026-09-06,2026-09-06T11:17:08Z,,Dominic Calvert-Lewin,Leeds,FWD,6.0,6.327,6.384,31.92,5,2.8,0.94,89.6,2.0,4.1,142.0,0.0,17.7,available,False
2026-09-06,2026-09-06T11:17:08Z,,João Pedro,Chelsea,FWD,7.5,6.171,6.162,30.81,5,3.0,0.95,85.8,2.3,5.1,177.0,0.0,48.8,available,False
2026-09-06,2026-09-06T11:17:08Z,,Pedro Porro,Spurs,DEF,5.5,6.087,6.111,30.55,5,2.8,0.98,90.0,2.5,3.4,117.0,0.0,23.9,available,False
2026-09-06,2026-09-06T11:17:08Z,,Richarlison,Spurs,FWD,6.0,6.066,6.115,30.58,5,2.8,0.73,76.0,2.0,3.7,119.0,0.0,1.6,available,False
2026-09-06,2026-09-06T11:17:08Z,,Cristian Romero,Spurs,DEF,5.0,5.908,5.922,29.61,5,2.8,0.98,68.6,2.2,4.0,91.0,0.0,1.0,available,False
2026-09-06,2026-09-06T11:17:08Z,,Rayan Aït-Nouri,Man City,DEF,5.5,5.879,5.899,29.5,5,2.8,0.82,63.6,2.5,3.5,60.0,0.0,1.0,available,False
2026-09-06,2026-09-06T11:17:08Z,,Cole Palmer,Chelsea,MID,9.5,5.866,5.854,29.27,5,3.0,0.97,89.8,3.2,4.4,114.0,0.0,13.2,available,False
2026-09-06,2026-09-06T11:17:08Z,,Sepp van den Berg,Brentford,DEF,5.0,5.813,5.817,29.09,5,3.0,0.99,90.0,2.2,3.5,113.0,0.0,0.7,available,False
2026-09-06,2026-09-06T11:17:08Z,,James Justin,Leeds,DEF,4.5,5.792,5.806,29.03,5,2.8,0.91,90.0,1.7,3.2,94.0,0.0,0.5,available,False
2026-09-06,2026-09-06T11:17:08Z,,Jan Paul van Hecke,Spurs,DEF,5.0,5.763,5.777,28.88,5,2.8,1.0,90.0,2.2,4.1,148.0,0.0,8.3,available,False
2026-09-06,2026-09-06T11:17:08Z,,Dominik Szoboszlai,Liverpool,MID,7.0,5.761,5.803,29.01,5,2.6,1.0,90.0,2.4,4.4,160.0,0.0,45.6,available,False
2026-09-06,2026-09-06T11:17:08Z,,Kevin Danso,Spurs,DEF,5.0,5.738,5.752,28.76,5,2.8,0.92,90.0,2.2,2.6,63.0,0.0,0.2,available,False
2026-09-06,2026-09-06T11:17:08Z,,Enzo Le Fée,Sunderland,MID,6.0,5.714,5.684,28.42,5,3.2,0.97,90.0,2.1,4.1,147.0,0.0,7.1,available,False
2026-09-06,2026-09-06T11:17:08Z,,Sven Botman,Newcastle,DEF,5.0,5.703,5.707,28.54,5,3.0,0.96,90.0,2.2,3.6,89.0,0.0,0.4,available,False
2026-09-06,2026-09-06T11:17:08Z,,Marc Guéhi,Man City,DEF,6.0,5.679,5.693,28.46,5,2.8,1.0,90.0,2.8,5.1,179.0,0.0,24.9,available,False
2026-09-06,2026-09-06T11:17:08Z,,Antoine Semenyo,Man City,MID,8.5,5.648,5.718,28.59,5,2.8,1.0,75.0,2.9,5.5,202.0,0.0,20.3,available,False
2026-09-06,2026-09-06T11:17:08Z,,Maxence Lacroix,Crystal Palace,DEF,6.0,5.637,5.632,28.16,5,3.0,1.0,90.0,2.8,4.4,154.0,0.0,12.2,available,False
2026-09-06,2026-09-06T11:17:08Z,,Luke Shaw,Man Utd,DEF,4.5,5.635,5.638,28.19,5,2.8,1.0,86.6,1.7,3.0,113.0,0.0,21.0,available,False
2026-09-06,2026-09-06T11:17:08Z,,Michael Kayode,Brentford,DEF,4.5,5.614,5.618,28.09,5,3.0,1.0,90.0,1.7,3.1,113.0,0.0,5.1,available,False
2026-09-06,2026-09-06T11:17:08Z,,Gabriel Gudmundsson,Leeds,DEF,4.5,5.576,5.59,27.95,5,2.8,0.99,80.6,1.7,2.1,68.0,0.0,0.6,available,False
2026-09-06,2026-09-06T11:17:08Z,,Matthijs de Ligt,Man Utd,DEF,5.0,5.56,5.564,27.82,5,2.8,0.0,90.0,0.0,3.3,43.0,0.0,0.0,injured,True
2026-09-06,2026-09-06T11:17:08Z,,James Hill,Bournemouth,DEF,5.5,5.546,5.525,27.62,5,3.6,0.92,90.0,2.5,3.8,110.0,0.0,1.5,available,False
2026-09-06,2026-09-06T11:17:08Z,,Jacob Greaves,Ipswich Town,DEF,4.0,5.529,5.517,27.58,5,3.2,1.0,90.0,1.0,0.0,0.0,0.0,0.5,available,False
2026-09-06,2026-09-06T11:17:08Z,,Anton Stach,Leeds,MID,6.0,5.507,5.53,27.65,5,2.8,0.99,86.4,2.1,4.7,137.0,0.0,1.5,available,False
2026-09-06,2026-09-06T11:17:08Z,,Neco Williams,Nott'm Forest,DEF,5.0,5.503,5.509,27.55,5,3.0,0.87,81.2,2.2,3.5,128.0,0.0,12.7,available,False
2026-09-06,2026-09-06T11:17:08Z,,Piero Hincapié,Arsenal,DEF,5.5,5.497,5.484,27.42,5,3.2,0.69,60.8,2.5,3.5,87.0,0.0,5.3,available,False
2026-09-06,2026-09-06T11:17:08Z,,Adrien Truffert,Bournemouth,DEF,5.5,5.473,5.449,27.24,5,3.6,1.0,90.0,2.5,4.3,165.0,0.0,4.7,available,False
2026-09-06,2026-09-06T11:17:08Z,,Declan Rice,Arsenal,MID,7.5,5.469,5.442,27.21,5,3.2,0.99,84.8,2.6,5.1,184.0,0.0,22.0,available,False
2026-09-06,2026-09-06T11:17:08Z,,Antonee Robinson,Fulham,DEF,4.5,5.466,5.443,27.21,5,3.6,0.94,80.0,1.7,3.0,65.0,0.0,3.5,available,False
2026-09-06,2026-09-06T11:17:08Z,,Ola Aina,Nott'm Forest,DEF,4.5,5.455,5.461,27.3,5,3.0,1.0,89.8,1.7,3.7,67.0,0.0,5.0,available,False
2026-09-06,2026-09-06T11:17:08Z,,Jaydee Canvot,Crystal Palace,DEF,5.0,5.441,5.437,27.18,5,3.0,0.92,90.0,2.2,3.6,72.0,0.0,0.4,available,False
2026-09-06,2026-09-06T11:17:08Z,,Tyrick Mitchell,Crystal Palace,DEF,4.5,5.436,5.432,27.16,5,3.0,0.87,72.0,1.7,3.6,135.0,0.0,7.4,available,False
2026-09-06,2026-09-06T11:17:08Z,,Ethan Pinnock,Brentford,DEF,4.5,5.424,5.428,27.14,5,3.0,1.0,80.8,1.7,3.5,14.0,0.0,0.1,available,False
2026-09-06,2026-09-06T11:17:08Z,,Virgil van Dijk,Liverpool,DEF,6.5,5.419,5.438,27.19,5,2.6,1.0,90.0,3.1,4.6,175.0,0.0,15.5,available,False
2026-09-06,2026-09-06T11:17:08Z,,Harry Maguire,Man Utd,DEF,5.0,5.419,5.423,27.11,5,2.8,0.94,87.6,2.2,3.9,90.0,0.0,6.9,available,False
2026-09-06,2026-09-06T11:17:08Z,,Jayden Bogle,Leeds,DEF,4.5,5.418,5.435,27.17,5,2.8,0.98,80.8,1.7,2.8,96.0,0.0,0.4,available,False
2026-09-06,2026-09-06T11:17:08Z,,Nordi Mukiele,Sunderland,DEF,5.5,5.41,5.395,26.97,5,3.2,1.0,90.0,2.5,4.7,151.0,0.0,8.2,available,False
2026-09-06,2026-09-06T11:17:08Z,,Calvin Bassey,Fulham,DEF,4.5,5.392,5.37,26.85,5,3.6,0.99,90.0,1.7,3.4,103.0,0.0,0.5,available,False
2026-09-06,2026-09-06T11:17:08Z,,Max Alleyne,Man City,DEF,5.0,5.388,5.401,27.0,5,2.8,0.95,90.0,2.2,2.5,5.0,0.0,0.1,available,False
2026-09-06,2026-09-06T11:17:08Z,,Conor Bradley,Liverpool,DEF,5.0,5.381,5.393,26.96,5,2.6,0.0,62.2,0.0,2.8,42.0,0.0,0.0,injured,True
2026-09-06,2026-09-06T11:17:08Z,,Michael Keane,Everton,DEF,5.0,5.376,5.38,26.9,5,3.0,0.85,75.2,2.2,4.0,131.0,0.0,1.5,available,False
2026-09-06,2026-09-06T11:17:08Z,,Yankuba Minteh,Brighton,MID,6.0,5.365,5.374,26.87,5,3.0,0.94,87.2,2.1,3.4,117.0,0.0,0.7,available,False
2026-09-06,2026-09-06T11:17:08Z,,Enzo Fernández,Chelsea,MID,7.0,5.348,5.339,26.69,5,3.0,0.99,89.6,2.4,4.4,157.0,0.0,5.1,available,False
2026-09-06,2026-09-06T11:17:08Z,,Jorrel Hato,Chelsea,DEF,4.5,5.342,5.34,26.7,5,3.0,0.83,90.0,1.7,0.9,19.0,0.0,1.6,available,False
2026-09-06,2026-09-06T11:17:08Z,,Elliot Anderson,Man City,MID,6.5,5.342,5.362,26.81,5,2.8,0.87,81.0,2.3,4.7,180.0,0.0,12.2,available,False
2026-09-06,2026-09-06T11:17:08Z,,Pascal Struijk,Brighton,DEF,5.0,5.34,5.344,26.72,5,3.0,1.0,83.2,2.2,3.2,108.0,0.0,0.5,available,False
2026-09-06,2026-09-06T11:17:08Z,,Florian Wirtz,Liverpool,MID,7.5,5.304,5.362,26.81,5,2.6,0.82,71.2,2.6,3.8,125.0,0.0,11.1,available,False
2026-09-06,2026-09-06T11:17:08Z,,Ayden Heaven,Man Utd,DEF,4.5,5.294,5.298,26.49,5,2.8,0.81,69.0,1.7,2.5,42.0,0.0,0.4,available,False
2026-09-06,2026-09-06T11:17:08Z,,Marcus Tavernier,Bournemouth,MID,6.0,5.293,5.239,26.2,5,3.6,0.96,86.4,2.1,4.0,137.0,0.0,1.4,available,False
2026-09-06,2026-09-06T11:17:08Z,,Mats Wieffer,Brighton,DEF,5.0,5.29,5.294,26.47,5,3.0,0.95,66.6,2.2,3.6,94.0,0.0,0.4,available,False
2026-09-06,2026-09-06T11:17:08Z,,Omar Alderete,Sunderland,DEF,5.0,5.284,5.271,26.36,5,3.2,0.99,84.6,2.2,3.8,125.0,0.0,1.3,available,False
2026-09-06,2026-09-06T11:17:08Z,,James Garner,Everton,MID,6.0,5.279,5.284,26.42,5,3.0,0.0,90.0,0.0,4.2,159.0,0.0,2.0,injured,True
2026-09-06,2026-09-06T11:17:08Z,,Olivier Boscagli,Brighton,DEF,4.5,5.277,5.281,26.4,5,3.0,0.77,77.8,1.7,3.2,39.0,0.0,0.1,available,False
2026-09-06,2026-09-06T11:17:08Z,,James Tarkowski,Everton,DEF,6.0,5.276,5.281,26.4,5,3.0,1.0,90.0,2.8,4.6,170.0,0.0,10.2,available,False
2026-09-06,2026-09-06T11:17:08Z,,Malick Thiaw,Newcastle,DEF,5.0,5.27,5.274,26.37,5,3.0,0.99,90.0,2.2,3.6,126.0,0.0,2.5,available,False
2026-09-06,2026-09-06T11:17:08Z,,Trai Hume,Sunderland,DEF,4.5,5.266,5.248,26.24,5,3.2,0.85,71.2,1.7,2.9,110.0,0.0,1.4,available,False
2026-09-06,2026-09-06T11:17:08Z,,Fabian Schär,Newcastle,DEF,5.0,5.264,5.269,26.35,5,3.0,0.79,81.6,2.2,3.2,51.0,0.0,0.1,available,False
2026-09-06,2026-09-06T11:17:08Z,,Kenny Tete,Fulham,DEF,4.5,5.255,5.233,26.16,5,3.6,0.86,73.0,1.7,3.7,81.0,0.0,0.2,available,False
2026-09-06,2026-09-06T11:17:08Z,,Mathys Tel,Spurs,MID,6.0,5.249,5.283,26.42,5,2.8,0.54,68.4,2.1,2.5,78.0,0.0,0.2,available,False
2026-09-06,2026-09-06T11:17:08Z,,Rodrigo Bentancur,Spurs,MID,5.5,5.246,5.262,26.31,5,2.8,0.95,79.0,2.0,3.3,86.0,0.0,0.1,available,False
2026-09-06,2026-09-06T11:17:08Z,,João Gomes,Aston Villa,MID,5.5,5.237,5.231,26.16,5,3.0,0.96,88.8,2.0,3.0,85.0,0.0,0.3,available,False
2026-09-06,2026-09-06T11:17:08Z,,William Saliba,Arsenal,DEF,6.0,5.229,5.215,26.07,5,3.2,0.0,90.0,0.0,4.4,137.0,0.0,0.5,injured,True
2026-09-06,2026-09-06T11:17:08Z,,Jake O'Brien,Everton,DEF,5.0,5.226,5.23,26.15,5,3.0,0.99,84.6,2.2,3.1,116.0,0.0,0.6,available,False
2026-09-06,2026-09-06T11:17:08Z,,Dara O'Shea,Ipswich Town,DEF,4.0,5.223,5.21,26.05,5,3.2,1.0,90.0,1.0,0.0,0.0,0.0,1.2,available,False
2026-09-06,2026-09-06T11:17:08Z,,Jarrad Branthwaite,Everton,DEF,5.5,5.219,5.223,26.12,5,3.0,0.75,73.0,2.5,3.2,32.0,0.0,2.0,available,False
2026-09-06,2026-09-06T11:17:08Z,,Jurriën Timber,Arsenal,DEF,6.5,5.214,5.2,26.0,5,3.2,0.0,83.4,0.0,5.0,149.0,0.0,0.7,injured,True
2026-09-06,2026-09-06T11:17:08Z,,Matheus Nunes,Man City,DEF,6.0,5.211,5.225,26.12,5,2.8,0.98,83.6,2.8,4.5,154.0,0.0,5.5,available,False
2026-09-06,2026-09-06T11:17:08Z,,Mateus Fernandes,Spurs,MID,6.0,5.194,5.211,26.06,5,2.8,0.98,90.0,2.1,3.8,135.0,0.0,4.6,available,False
2026-09-06,2026-09-06T11:17:08Z,,Dango Ouattara,Brentford,MID,6.5,5.181,5.193,25.97,5,3.0,0.79,76.2,2.3,4.2,136.0,0.0,1.5,available,False
2026-09-06,2026-09-06T11:17:08Z,,Mikkel Damsgaard,Brentford,MID,5.5,5.156,5.163,25.82,5,3.0,0.9,85.4,2.0,3.4,113.0,0.0,0.7,available,False
2026-09-06,2026-09-06T11:17:08Z,,Lewis Hall,Newcastle,DEF,5.0,5.153,5.158,25.79,5,3.0,0.81,67.4,2.2,2.6,79.0,0.0,4.6,available,False
2026-09-06,2026-09-06T11:17:08Z,,Iliman Ndiaye,Everton,MID,6.0,5.149,5.157,25.78,5,3.0,1.0,90.0,2.1,4.0,128.0,0.0,21.3,available,False
2026-09-06,2026-09-06T11:17:08Z,,Joachim Andersen,Fulham,DEF,5.0,5.147,5.126,25.63,5,3.6,0.0,90.0,0.0,3.7,123.0,0.0,0.1,suspended,True
2026-09-06,2026-09-06T11:17:08Z,,Reinildo Mandava,Sunderland,DEF,4.5,5.133,5.121,25.6,5,3.2,0.86,72.0,1.7,3.0,74.0,0.0,0.6,available,False
2026-09-06,2026-09-06T11:17:08Z,,Morgan Rogers,Chelsea,MID,7.5,5.122,5.115,25.58,5,3.0,1.0,87.6,2.6,4.6,169.0,0.0,33.9,available,False
2026-09-06,2026-09-06T11:17:08Z,,Boubacar Kamara,Aston Villa,MID,5.0,5.121,5.115,25.58,5,3.0,0.73,88.2,1.1,3.4,61.0,0.0,0.1,doubtful,False
2026-09-06,2026-09-06T11:17:08Z,,Alex Scott,Bournemouth,MID,6.0,5.113,5.086,25.43,5,3.6,0.98,89.8,2.1,3.7,136.0,0.0,1.6,available,False
2026-09-06,2026-09-06T11:17:08Z,,Lewis Dunk,Brighton,DEF,4.5,5.112,5.117,25.58,5,3.0,0.99,90.0,1.7,3.0,100.0,0.0,0.7,available,False
2026-09-06,2026-09-06T11:17:08Z,,Destiny Udogie,Spurs,DEF,4.5,5.108,5.122,25.61,5,2.8,0.87,82.0,1.7,1.4,29.0,0.0,0.4,available,False
2026-09-06,2026-09-06T11:17:08Z,,Daniel Ballard,Sunderland,DEF,5.0,5.095,5.082,25.41,5,3.2,0.81,72.2,2.2,4.0,116.0,0.0,2.6,available,False
2026-09-06,2026-09-06T11:17:08Z,,Matty Cash,Aston Villa,DEF,4.5,5.078,5.073,25.36,5,3.0,1.0,88.0,1.7,3.3,117.0,0.0,8.2,available,False
2026-09-06,2026-09-06T11:17:08Z,,Beto,Everton,FWD,5.5,5.076,5.086,25.43,5,3.0,0.81,70.8,1.8,2.8,104.0,0.0,3.4,available,False
2026-09-06,2026-09-06T11:17:08Z,,Nathan Collins,Brentford,DEF,5.5,5.074,5.078,25.39,5,3.0,0.96,90.0,2.5,3.7,129.0,0.0,2.0,available,False
2026-09-06,2026-09-06T11:17:08Z,,Ethan Ampadu,Leeds,MID,5.5,5.072,5.086,25.43,5,2.8,1.0,90.0,2.0,3.8,134.0,0.0,1.3,available,False
2026-09-06,2026-09-06T11:17:08Z,,Nico O'Reilly,Man City,DEF,6.5,5.066,5.082,25.41,5,2.8,0.94,84.8,3.1,4.7,160.0,0.0,24.2,available,False
2026-09-06,2026-09-06T11:17:08Z,,Noussair Mazraoui,Man Utd,DEF,4.5,5.058,5.062,25.31,5,2.8,0.7,76.0,1.7,2.6,53.0,0.0,0.8,available,False
2026-09-06,2026-09-06T11:17:08Z,,Jaka Bijol,Leeds,DEF,5.0,5.043,5.056,25.28,5,2.8,0.93,84.8,2.2,4.0,99.0,0.0,0.4,available,False
2026-09-06,2026-09-06T11:17:08Z,,Joelinton,Newcastle,MID,5.5,5.038,5.042,25.21,5,3.0,0.61,75.4,1.5,2.7,73.0,0.0,0.0,doubtful,False
2026-09-06,2026-09-06T11:17:08Z,,Ben Davies,Spurs,DEF,4.0,5.017,5.031,25.16,5,2.8,0.56,64.6,1.0,3.3,10.0,0.0,0.7,available,False
2026-09-06,2026-09-06T11:17:08Z,,Harry Amass,Man Utd,DEF,4.0,5.015,5.02,25.1,5,2.8,0.75,66.25,1.0,0.0,0.0,0.0,0.2,available,False
2026-09-06,2026-09-06T11:17:08Z,,John Egan,Hull City,DEF,4.0,5.006,4.994,24.97,5,3.2,1.0,85.6,1.0,0.0,0.0,0.0,0.8,available,False
2026-09-06,2026-09-06T11:17:08Z,,Chris Richards,Crystal Palace,DEF,5.0,5.005,5.001,25.0,5,3.0,0.87,74.8,2.2,3.9,128.0,0.0,0.8,available,False
2026-09-06,2026-09-06T11:17:08Z,,Kiernan Dewsbury-Hall,Everton,MID,6.5,4.994,5.001,25.0,5,3.0,0.99,89.6,2.3,4.9,151.0,0.0,4.3,available,False
2026-09-06,2026-09-06T11:17:08Z,,Ryan Sessegnon,Fulham,DEF,4.5,4.994,4.97,24.85,5,3.6,0.68,62.2,1.7,3.5,95.0,0.0,0.4,available,False
2026-09-06,2026-09-06T11:17:08Z,,Dan Burn,Newcastle,DEF,5.0,4.98,4.984,24.92,5,3.0,0.7,60.2,2.2,3.2,93.0,0.0,2.7,available,False
2026-09-06,2026-09-06T11:17:08Z,,Youri Tielemans,Man Utd,MID,6.0,4.98,4.984,24.92,5,2.8,0.71,86.6,1.6,2.7,68.0,0.0,1.0,doubtful,False
2026-09-06,2026-09-06T11:17:08Z,,Timothy Castagne,Fulham,DEF,4.5,4.979,4.954,24.77,5,3.6,0.93,88.6,1.7,2.0,61.0,0.0,0.2,available,False
2026-09-06,2026-09-06T11:17:08Z,,Lisandro Martínez,Man Utd,DEF,5.0,4.97,4.974,24.87,5,2.8,0.69,83.2,1.6,2.8,51.0,0.0,1.3,doubtful,False
2026-09-06,2026-09-06T11:17:08Z,,Mohammed Kudus,Spurs,MID,6.5,4.967,4.995,24.97,5,2.8,0.75,78.6,1.7,3.9,75.0,0.0,0.3,doubtful,False
2026-09-06,2026-09-06T11:17:08Z,,Pape Matar Sarr,Spurs,MID,5.0,4.966,4.986,24.93,5,2.8,0.58,64.0,1.5,2.7,71.0,0.0,0.4,available,False
2026-09-06,2026-09-06T11:17:08Z,,Wesley Fofana,Chelsea,DEF,5.0,4.952,4.95,24.75,5,3.0,0.0,77.4,0.0,2.6,65.0,0.0,0.0,suspended,True
2026-09-06,2026-09-06T11:17:08Z,,Lewis Miley,Newcastle,MID,5.5,4.914,4.918,24.59,5,3.0,0.0,76.6,0.0,3.1,72.0,0.0,0.0,injured,True
2026-09-06,2026-09-06T11:17:08Z,,Malo Gusto,Chelsea,DEF,5.0,4.886,4.882,24.41,5,3.0,0.9,87.6,2.2,2.8,96.0,0.0,1.2,available,False
2026-09-06,2026-09-06T11:17:08Z,,Ryan Gravenberch,Liverpool,MID,6.0,4.872,4.894,24.47,5,2.6,0.86,69.4,2.1,4.0,144.0,0.0,1.7,available,False
2026-09-06,2026-09-06T11:17:08Z,,Sebastiaan Bornauw,Leeds,DEF,4.5,4.864,4.876,24.38,5,2.8,0.8,67.4,1.7,2.1,25.0,0.0,0.0,available,False
2026-09-06,2026-09-06T11:17:08Z,,Nathan Patterson,Everton,DEF,4.5,4.826,4.83,24.15,5,3.0,0.78,65.6,1.7,3.1,22.0,0.0,0.1,available,False
2026-09-06,2026-09-06T11:17:08Z,,Yehor Yarmoliuk,Brentford,MID,5.0,4.822,4.827,24.13,5,3.0,0.92,87.8,1.5,2.8,104.0,0.0,1.4,available,False
2026-09-06,2026-09-06T11:17:08Z,,Alexis Mac Allister,Liverpool,MID,5.5,4.818,4.846,24.23,5,2.6,0.81,75.8,2.0,2.9,108.0,0.0,1.9,available,False
2026-09-06,2026-09-06T11:17:08Z,,Mathias Jensen,Brentford,MID,5.5,4.803,4.809,24.04,5,3.0,0.9,84.6,2.0,2.7,98.0,0.0,0.1,available,False
2026-09-06,2026-09-06T11:17:08Z,,Jaidon Anthony,Brentford,MID,6.0,4.803,4.813,24.07,5,3.0,0.94,87.4,2.1,0.0,0.0,0.0,0.3,available,False
2026-09-06,2026-09-06T11:17:08Z,,Pascal Groß,Brighton,MID,5.5,4.802,4.812,24.06,5,3.0,0.96,90.0,2.0,4.1,78.0,0.0,2.0,available,False
2026-09-06,2026-09-06T11:17:08Z,,Abdukodir Khusanov,Man City,DEF,5.5,4.802,4.815,24.08,5,2.8,0.89,90.0,2.5,3.2,67.0,0.0,2.0,available,False
2026-09-06,2026-09-06T11:17:08Z,,Jack Grealish,Man City,MID,6.5,4.796,4.822,24.11,5,2.8,0.84,74.4,2.3,4.0,79.0,0.0,0.3,available,False
2026-09-06,2026-09-06T11:17:08Z,,Conor Gallagher,Spurs,MID,5.5,4.791,4.814,24.07,5,2.8,0.8,87.0,2.0,2.8,44.0,0.0,0.2,available,False
2026-09-06,2026-09-06T11:17:08Z,,Ryan Christie,Bournemouth,MID,5.0,4.787,4.76,23.8,5,3.6,0.0,60.4,0.0,1.8,47.0,0.0,0.1,suspended,True
2026-09-06,2026-09-06T11:17:08Z,,Kobbie Mainoo,Man Utd,MID,5.5,4.784,4.788,23.94,5,2.8,0.83,90.0,2.0,2.6,73.0,0.0,1.3,available,False
2026-09-06,2026-09-06T11:17:08Z,,Zach Abbott,Nott'm Forest,DEF,4.0,4.775,4.78,23.9,5,3.0,0.5,60.5,1.0,1.0,3.0,0.0,0.2,available,False
2026-09-06,2026-09-06T11:17:08Z,,Leny Yoro,Man Utd,DEF,5.0,4.774,4.777,23.89,5,2.8,0.73,75.4,2.2,1.8,56.0,0.0,0.6,available,False
2026-09-06,2026-09-06T11:17:08Z,,Granit Xhaka,Sunderland,MID,5.5,4.767,4.744,23.72,5,3.2,0.98,90.0,2.0,3.6,124.0,0.0,6.5,available,False
2026-09-06,2026-09-06T11:17:08Z,,Ferdi Kadıoğlu,Brighton,DEF,4.5,4.752,4.757,23.78,5,3.0,0.97,90.0,1.7,3.2,118.0,0.0,3.1,available,False
2026-09-06,2026-09-06T11:17:08Z,,Joško Gvardiol,Man City,DEF,5.5,4.747,4.764,23.82,5,2.8,0.86,64.4,2.5,4.4,79.0,0.0,6.5,available,False
2026-09-06,2026-09-06T11:17:08Z,,Amadou Onana,Aston Villa,MID,5.0,4.736,4.731,23.65,5,3.0,0.0,90.0,0.0,3.0,76.0,0.0,0.0,injured,True
2026-09-06,2026-09-06T11:17:08Z,,Brian Brobbey,Sunderland,FWD,6.0,4.726,4.694,23.47,5,3.2,0.88,82.6,2.0,3.0,92.0,0.0,22.6,available,False
2026-09-06,2026-09-06T11:17:08Z,,Joe Rodon,Leeds,DEF,4.5,4.722,4.735,23.68,5,2.8,0.87,81.0,1.7,3.1,109.0,0.0,2.3,available,False
2026-09-06,2026-09-06T11:17:08Z,,Nicolas Jackson,Chelsea,FWD,6.5,4.721,4.714,23.57,5,3.0,0.85,74.2,2.1,0.0,0.0,0.0,0.4,available,False
2026-09-06,2026-09-06T11:17:08Z,,Rico Henry,Brentford,DEF,4.5,4.72,4.724,23.62,5,3.0,0.83,88.6,1.7,2.1,52.0,0.0,0.2,available,False
2026-09-06,2026-09-06T11:17:08Z,,Chadi Riad,Crystal Palace,DEF,4.5,4.718,4.714,23.57,5,3.0,0.73,68.8,1.7,2.2,20.0,0.0,0.1,available,False
2026-09-06,2026-09-06T11:17:08Z,,Riccardo Calafiori,Arsenal,DEF,5.5,4.71,4.694,23.47,5,3.2,0.85,61.4,2.5,4.2,109.0,0.0,13.1,available,False
2026-09-06,2026-09-06T11:17:08Z,,Reece James,Chelsea,DEF,5.5,4.707,4.704,23.52,5,3.0,0.79,77.2,2.5,4.0,115.0,0.0,8.1,available,False
2026-09-06,2026-09-06T11:17:08Z,,Micky van de Ven,Spurs,DEF,5.0,4.695,4.71,23.55,5,2.8,1.0,90.0,2.2,3.3,116.0,0.0,6.0,available,False
2026-09-06,2026-09-06T11:17:08Z,,Evanilson,Bournemouth,FWD,6.0,4.684,4.642,23.21,5,3.6,0.95,78.2,2.0,3.2,115.0,0.0,1.9,available,False
2026-09-06,2026-09-06T11:17:08Z,,Morato,Nott'm Forest,DEF,5.0,4.668,4.673,23.37,5,3.0,0.68,64.2,2.2,2.5,53.0,0.0,0.1,available,False
2026-09-06,2026-09-06T11:17:08Z,,Ibrahim Sangaré,Nott'm Forest,MID,5.0,4.652,4.658,23.29,5,3.0,0.85,67.0,1.5,3.2,89.0,0.0,0.4,available,False
2026-09-06,2026-09-06T11:17:08Z,,Ollie Watkins,Aston Villa,FWD,8.0,4.648,4.631,23.16,5,3.0,0.84,74.0,2.5,4.5,167.0,0.0,12.4,available,False
2026-09-06,2026-09-06T11:17:08Z,,Trevoh Chalobah,Chelsea,DEF,5.5,4.641,4.638,23.19,5,3.0,0.87,75.2,2.5,4.0,136.0,0.0,2.1,available,False
2026-09-06,2026-09-06T11:17:08Z,,Axel Disasi,Chelsea,DEF,4.5,4.637,4.634,23.17,5,3.0,1.0,89.0,1.7,0.0,0.0,0.0,0.1,available,False
2026-09-06,2026-09-06T11:17:08Z,,Diego Coppola,Brighton,DEF,4.5,4.608,4.612,23.06,5,3.0,0.68,75.0,1.7,2.0,10.0,0.0,0.0,available,False
2026-09-06,2026-09-06T11:17:08Z,,Curtis Jones,Liverpool,MID,5.5,4.607,4.62,23.1,5,2.6,0.81,89.4,2.0,2.4,81.0,0.0,0.1,available,False
2026-09-06,2026-09-06T11:17:08Z,,Eberechi Eze,Arsenal,MID,6.5,4.589,4.554,22.77,5,3.2,0.88,69.0,2.3,3.4,113.0,0.0,3.3,available,False
2026-09-06,2026-09-06T11:17:08Z,,Nikola Milenković,Nott'm Forest,DEF,5.5,4.587,4.593,22.96,5,3.0,0.87,81.0,2.5,3.1,119.0,0.0,2.3,available,False
2026-09-06,2026-09-06T11:17:08Z,,Leif Davis,Ipswich Town,DEF,4.0,4.569,4.555,22.77,5,3.2,1.0,72.8,1.0,0.0,0.0,0.0,4.3,available,False
2026-09-06,2026-09-06T11:17:08Z,,Kevin Schade,Brentford,MID,6.0,4.533,4.54,22.7,5,3.0,0.84,72.0,2.1,3.6,125.0,0.0,2.1,available,False
2026-09-06,2026-09-06T11:17:08Z,,Lewis Cook,Bournemouth,MID,5.0,4.531,4.512,22.56,5,3.6,0.69,74.0,1.5,2.2,40.0,0.0,0.1,available,False
2026-09-06,2026-09-06T11:17:08Z,,Luca Netz,Nott'm Forest,DEF,4.5,4.51,4.516,22.58,5,3.0,0.62,62.8,1.7,1.6,11.0,0.0,0.0,available,False
2026-09-06,2026-09-06T11:17:08Z,,Veljko Milosavljević,Bournemouth,DEF,5.0,4.503,4.485,22.42,5,3.6,0.75,70.75,2.2,2.7,19.0,0.0,0.1,available,False
2026-09-06,2026-09-06T11:17:08Z,,Morgan Gibbs-White,Nott'm Forest,MID,8.0,4.488,4.502,22.51,5,3.0,0.86,74.8,2.8,5.1,188.0,0.0,12.8,available,False
2026-09-06,2026-09-06T11:17:08Z,,Ismaïla Sarr,Crystal Palace,MID,6.5,4.458,4.443,22.21,5,3.0,0.7,68.8,2.3,4.2,117.0,0.0,11.4,available,False
2026-09-06,2026-09-06T11:17:08Z,,Sander Berge,Fulham,MID,5.0,4.423,4.399,21.99,5,3.6,0.99,78.6,1.5,2.6,91.0,0.0,0.4,available,False
2026-09-06,2026-09-06T11:17:08Z,,Harry Wilson,Leeds,MID,6.5,4.413,4.449,22.25,5,2.8,0.85,63.4,2.3,4.7,168.0,0.0,9.2,available,False
2026-09-06,2026-09-06T11:17:08Z,,Noah Sadiki,Sunderland,MID,5.0,4.401,4.386,21.93,5,3.2,1.0,83.8,1.5,2.4,80.0,0.0,0.5,available,False
2026-09-06,2026-09-06T11:17:08Z,,James Maddison,Spurs,MID,6.5,4.39,4.419,22.09,5,2.8,0.48,61.8,2.3,1.0,3.0,0.0,2.6,available,False
2026-09-06,2026-09-06T11:17:08Z,,Kasey McAteer,Ipswich Town,MID,4.5,4.362,4.346,21.73,5,3.2,0.68,75.0,1.0,0.0,0.0,0.0,2.1,available,False
2026-09-06,2026-09-06T11:17:08Z,,Merlin Röhl,Everton,MID,5.0,4.357,4.362,21.81,5,3.0,0.61,72.0,1.5,2.2,36.0,0.0,0.1,available,False
2026-09-06,2026-09-06T11:17:08Z,,Rayan,Bournemouth,MID,6.5,4.344,4.306,21.53,5,3.6,0.82,70.0,2.3,4.5,67.0,0.0,3.5,available,False
2026-09-06,2026-09-06T11:17:08Z,,Kalvin Phillips,Man City,MID,5.0,4.333,4.345,21.73,5,2.8,0.93,87.2,1.5,0.0,0.0,0.0,0.0,available,False
2026-09-06,2026-09-06T11:17:08Z,,Saša Lukić,Fulham,MID,5.0,4.289,4.263,21.32,5,3.6,0.78,81.0,1.5,2.6,67.0,0.0,0.1,available,False
2026-09-06,2026-09-06T11:17:08Z,,Dwight McNeil,Everton,MID,5.5,4.288,4.293,21.47,5,3.0,0.87,81.0,2.0,2.4,53.0,0.0,0.1,available,False
2026-09-06,2026-09-06T11:17:08Z,,Pau Torres,Aston Villa,DEF,4.5,4.271,4.266,21.33,5,3.0,0.96,90.0,1.7,3.0,64.0,0.0,0.2,available,False
2026-09-06,2026-09-06T11:17:08Z,,Brenden Aaronson,Leeds,MID,5.5,4.254,4.273,21.36,5,2.8,0.81,60.6,2.0,3.4,126.0,0.0,0.6,available,False
2026-09-06,2026-09-06T11:17:08Z,,Carlos Baleba,Brighton,MID,5.0,4.232,4.237,21.19,5,3.0,0.8,68.6,1.5,1.8,56.0,0.0,0.6,available,False
2026-09-06,2026-09-06T11:17:08Z,,Bafodé Diakité,Bournemouth,DEF,5.0,4.227,4.208,21.04,5,3.6,0.86,65.8,2.2,2.6,46.0,0.0,0.2,available,False
2026-09-06,2026-09-06T11:17:08Z,,Emile Smith Rowe,Fulham,MID,5.5,4.223,4.196,20.98,5,3.6,0.84,69.0,2.0,2.2,80.0,0.0,0.4,available,False
2026-09-06,2026-09-06T11:17:08Z,,Rodrigo,Man City,MID,6.5,4.198,4.241,21.2,5,2.8,0.0,59.4,0.0,3.3,69.0,0.0,0.1,injured,True
2026-09-06,2026-09-06T11:17:08Z,,Daichi Kamada,Crystal Palace,MID,5.0,4.193,4.188,20.94,5,3.0,0.79,66.0,1.5,2.4,67.0,0.0,0.3,available,False
2026-09-06,2026-09-06T11:17:08Z,,Justin Devenny,Crystal Palace,MID,5.0,4.179,4.175,20.87,5,3.0,0.5,63.8,1.5,1.7,36.0,0.0,0.0,available,False
2026-09-06,2026-09-06T11:17:08Z,,Brennan Johnson,Crystal Palace,MID,6.0,4.176,4.167,20.83,5,3.0,0.85,76.4,2.1,1.9,65.0,0.0,0.2,available,False
2026-09-06,2026-09-06T11:17:08Z,,Keane Lewis-Potter,Brentford,MID,5.5,4.173,4.178,20.89,5,3.0,0.87,89.8,2.0,3.2,115.0,0.0,0.6,available,False
2026-09-06,2026-09-06T11:17:08Z,,Bryan Mbeumo,Man Utd,MID,8.0,4.172,4.183,20.91,5,2.8,0.86,66.2,2.8,4.5,148.0,0.0,13.3,available,False
2026-09-06,2026-09-06T11:17:08Z,,Vitaly Janelt,Brentford,MID,5.0,4.154,4.159,20.8,5,3.0,0.72,63.4,1.5,3.0,74.0,0.0,0.1,available,False
2026-09-06,2026-09-06T11:17:08Z,,Murillo,Nott'm Forest,DEF,5.5,4.144,4.15,20.75,5,3.0,0.75,90.0,1.9,3.3,83.0,0.0,0.2,doubtful,False
2026-09-06,2026-09-06T11:17:08Z,,Adam Wharton,Crystal Palace,MID,5.5,4.141,4.135,20.68,5,3.0,0.53,69.0,1.5,3.3,112.0,0.0,0.2,doubtful,False
2026-09-06,2026-09-06T11:17:08Z,,Adam Smith,Bournemouth,DEF,4.5,4.14,4.121,20.6,5,3.6,0.8,69.2,1.7,2.6,58.0,0.0,0.1,available,False
2026-09-06,2026-09-06T11:17:08Z,,Igor Jesus,Nott'm Forest,FWD,6.0,4.133,4.143,20.71,5,3.0,0.79,64.8,2.0,3.1,114.0,0.0,3.9,available,False
2026-09-06,2026-09-06T11:17:08Z,,Ben Johnson,Ipswich Town,DEF,4.0,4.122,4.11,20.55,5,3.2,0.87,79.2,1.0,0.0,0.0,0.0,0.2,available,False
2026-09-06,2026-09-06T11:17:08Z,,Nicolò Savona,Nott'm Forest,DEF,4.5,4.089,4.095,20.47,5,3.0,0.0,79.2,0.0,2.8,39.0,0.0,0.0,injured,True
2026-09-06,2026-09-06T11:17:08Z,,Rayan Cherki,Man City,MID,7.5,4.073,4.136,20.68,5,2.8,0.61,57.0,2.6,4.1,135.0,0.0,9.9,available,False
2026-09-06,2026-09-06T11:17:08Z,,William Osula,Newcastle,FWD,6.0,4.013,4.021,20.1,5,3.0,0.74,76.0,2.0,3.2,76.0,0.0,2.4,available,False
2026-09-06,2026-09-06T11:17:08Z,,Kristoffer Ajer,Brentford,DEF,4.5,4.012,4.016,20.08,5,3.0,0.54,55.4,1.7,2.8,76.0,0.0,0.5,available,False
2026-09-06,2026-09-06T11:17:08Z,,Cristhian Mosquera,Arsenal,DEF,5.5,3.994,3.982,19.91,5,3.2,0.43,47.0,2.5,2.0,40.0,0.0,16.8,available,False
2026-09-06,2026-09-06T11:17:08Z,,Ian Maatsen,Aston Villa,DEF,4.5,3.984,3.979,19.9,5,3.0,0.61,52.0,1.7,1.8,54.0,0.0,0.6,available,False
2026-09-06,2026-09-06T11:17:08Z,,Tetê,Fulham,DEF,4.5,3.984,3.933,19.66,5,3.6,0.69,51.0,1.7,3.7,81.0,0.0,0.2,available,False
2026-09-06,2026-09-06T11:17:08Z,,Alex Iwobi,Fulham,MID,5.5,3.979,3.937,19.69,5,3.6,1.0,76.0,2.0,3.6,103.0,0.0,0.9,available,False
2026-09-06,2026-09-06T11:17:08Z,,Luke O'Nien,Sunderland,DEF,4.0,3.962,3.95,19.75,5,3.2,0.56,72.6,1.0,2.2,26.0,0.0,2.3,available,False
2026-09-06,2026-09-06T11:17:08Z,,Tyrone Mings,Aston Villa,DEF,4.5,3.96,3.955,19.78,5,3.0,0.95,90.0,1.7,2.9,50.0,0.0,0.2,available,False
2026-09-06,2026-09-06T11:17:08Z,,Luke Woolfenden,Coventry City,DEF,4.0,3.958,3.941,19.71,5,3.4,0.67,72.0,1.0,0.0,0.0,0.0,0.3,available,False
2026-09-06,2026-09-06T11:17:08Z,,Sandro Tonali,Spurs,MID,5.5,3.866,3.884,19.42,5,2.8,0.98,89.0,2.0,2.3,81.0,0.0,3.0,available,False
2026-09-06,2026-09-06T11:17:08Z,,Tim Iroegbunam,Everton,MID,5.0,3.83,3.834,19.17,5,3.0,0.62,58.6,1.5,2.3,68.0,0.0,0.1,available,False
2026-09-06,2026-09-06T11:17:08Z,,Lucas Digne,Aston Villa,DEF,4.5,3.82,3.814,19.07,5,3.0,0.63,58.8,1.7,3.1,97.0,0.0,1.4,available,False
2026-09-06,2026-09-06T11:17:08Z,,Wes Burns,Ipswich Town,MID,5.0,3.814,3.803,19.02,5,3.2,0.77,65.8,1.5,0.0,0.0,0.0,0.1,available,False
2026-09-06,2026-09-06T11:17:08Z,,Issa Diop,Ipswich Town,DEF,4.0,3.805,3.793,18.97,5,3.2,0.76,81.0,1.0,2.4,31.0,0.0,21.4,available,False
2026-09-06,2026-09-06T11:17:08Z,,Lamare Bogarde,Aston Villa,MID,5.0,3.787,3.783,18.91,5,3.0,0.55,61.8,1.5,1.4,40.0,0.0,0.1,available,False
2026-09-06,2026-09-06T11:17:08Z,,Dejan Kulusevski,Spurs,MID,6.5,3.754,3.783,18.91,5,2.8,0.0,48.2,0.0,0.0,0.0,0.0,0.0,injured,True
2026-09-06,2026-09-06T11:17:08Z,,Danny Welbeck,Brighton,FWD,6.0,3.732,3.742,18.71,5,3.0,0.77,61.6,2.0,3.4,126.0,0.0,3.0,available,False
2026-09-06,2026-09-06T11:17:08Z,,Mamadou Sarr,Chelsea,DEF,4.5,3.723,3.721,18.6,5,3.0,1.0,81.0,1.7,1.0,3.0,0.0,0.1,available,False
2026-09-06,2026-09-06T11:17:08Z,,Myles Lewis-Skelly,Arsenal,MID,5.5,3.613,3.601,18.0,5,3.2,0.46,64.0,2.0,1.4,29.0,0.0,0.3,available,False
2026-09-06,2026-09-06T11:17:08Z,,Omar Marmoush,Man City,FWD,7.0,3.613,3.648,18.24,5,2.8,0.55,49.6,2.2,2.7,56.0,0.0,0.6,available,False
2026-09-06,2026-09-06T11:17:08Z,,John McGinn,Aston Villa,MID,5.5,3.588,3.579,17.9,5,3.0,0.99,83.6,2.0,3.4,103.0,0.0,2.7,available,False
2026-09-06,2026-09-06T11:17:08Z,,Simon Adingra,Sunderland,MID,5.0,3.578,3.562,17.81,5,3.2,0.75,60.8,1.5,2.4,34.0,0.0,0.4,available,False
2026-09-06,2026-09-06T11:17:08Z,,Chris Rigg,Sunderland,MID,5.0,3.576,3.562,17.81,5,3.2,0.97,74.0,1.5,2.0,36.0,0.0,0.1,available,False
2026-09-06,2026-09-06T11:17:08Z,,Kai Havertz,Arsenal,FWD,7.5,3.526,3.492,17.46,5,3.2,0.73,54.8,2.3,3.0,36.0,0.0,4.3,available,False
2026-09-06,2026-09-06T11:17:08Z,,Tyler Adams,Bournemouth,MID,5.0,3.516,3.496,17.48,5,3.6,0.57,49.6,1.5,3.1,77.0,0.0,0.7,available,False
2026-09-06,2026-09-06T11:17:08Z,,Noah Okafor,Leeds,MID,6.0,3.513,3.561,17.8,5,2.8,0.64,52.2,2.1,3.9,109.0,0.0,0.9,available,False
2026-09-06,2026-09-06T11:17:08Z,,Benjamin Šeško,Man Utd,FWD,7.0,3.512,3.526,17.63,5,2.8,0.44,58.4,1.7,3.7,111.0,0.0,3.2,doubtful,False
2026-09-06,2026-09-06T11:17:08Z,,Tyler Fredricson,Man Utd,DEF,4.0,3.505,3.508,17.54,5,2.8,0.6,83.0,1.0,1.0,1.0,0.0,0.1,available,False
2026-09-06,2026-09-06T11:17:08Z,,Caoimhin Kelleher,Brentford,GKP,5.0,3.488,3.491,17.46,5,3.0,1.0,90.0,2.6,3.9,143.0,0.0,5.6,available,False
2026-09-06,2026-09-06T11:17:08Z,,Victor Lindelöf,Aston Villa,DEF,4.5,3.478,3.474,17.37,5,3.0,0.75,62.4,1.7,1.7,29.0,0.0,0.2,available,False
2026-09-06,2026-09-06T11:17:08Z,,Hákon Rafn Valdimarsson,Brentford,GKP,4.5,3.47,3.473,17.37,5,3.0,0.3,72.0,2.0,1.0,1.0,0.0,0.1,available,False
2026-09-06,2026-09-06T11:17:08Z,,Jack Hinshelwood,Brighton,MID,6.0,3.465,3.472,17.36,5,3.0,0.9,84.4,2.1,3.4,91.0,0.0,0.3,available,False
2026-09-06,2026-09-06T11:17:08Z,,Jeremie Frimpong,Liverpool,DEF,5.5,3.397,3.415,17.07,5,2.6,0.6,56.8,2.5,3.0,63.0,0.0,3.0,available,False
2026-09-06,2026-09-06T11:17:08Z,,Nilson Angulo,Sunderland,MID,5.0,3.377,3.363,16.81,5,3.2,0.59,52.0,1.5,1.6,13.0,0.0,0.1,available,False
2026-09-06,2026-09-06T11:17:08Z,,Giorgi Mamardashvili,Liverpool,GKP,5.0,3.36,3.37,16.85,5,2.6,1.0,83.6,2.6,3.4,34.0,0.0,0.2,available,False
2026-09-06,2026-09-06T11:17:08Z,,Alex Murphy,Newcastle,DEF,4.0,3.349,3.353,16.77,5,3.0,0.48,81.6,1.0,1.0,2.0,0.0,0.8,available,False
2026-09-06,2026-09-06T11:17:08Z,,Freddie Woodman,Liverpool,GKP,4.0,3.342,3.352,16.76,5,2.6,0.68,78.4,1.0,2.0,6.0,0.0,1.3,available,False
2026-09-06,2026-09-06T11:17:08Z,,Liam Delap,Chelsea,FWD,5.5,3.327,3.323,16.61,5,3.0,0.54,61.8,1.8,1.6,45.0,0.0,0.5,available,False
2026-09-06,2026-09-06T11:17:08Z,,Jørgen Strand Larsen,Crystal Palace,FWD,6.0,3.318,3.31,16.55,5,3.0,0.65,48.2,2.0,2.1,75.0,0.0,0.6,available,False
2026-09-06,2026-09-06T11:17:08Z,,Jacob Ramsey,Newcastle,MID,5.0,3.298,3.303,16.52,5,3.0,0.58,57.4,1.5,2.2,62.0,0.0,0.5,available,False
2026-09-06,2026-09-06T11:17:08Z,,James Trafford,Man City,GKP,5.0,3.296,3.307,16.53,5,2.8,1.0,90.0,2.6,3.2,13.0,0.0,0.9,available,False
2026-09-06,2026-09-06T11:17:08Z,,Altay Bayındır,Man Utd,GKP,4.5,3.282,3.285,16.42,5,2.8,1.0,90.0,2.0,1.8,11.0,0.0,0.2,available,False
2026-09-06,2026-09-06T11:17:08Z,,Karl Darlow,Man Utd,GKP,4.5,3.277,3.28,16.4,5,2.8,0.75,90.0,1.5,3.2,71.0,0.0,0.1,doubtful,False
2026-09-06,2026-09-06T11:17:08Z,,Antonín Kinský,Spurs,GKP,4.5,3.276,3.286,16.43,5,2.8,1.0,90.0,2.0,2.9,20.0,0.0,16.6,available,False
2026-09-06,2026-09-06T11:17:08Z,,Martin Dúbravka,Spurs,GKP,4.0,3.269,3.279,16.39,5,2.8,1.0,90.0,1.0,2.7,96.0,0.0,24.8,available,False
2026-09-06,2026-09-06T11:17:08Z,,Senne Lammens,Man Utd,GKP,5.0,3.268,3.271,16.35,5,2.8,1.0,90.0,2.6,3.4,109.0,0.0,20.1,available,False
2026-09-06,2026-09-06T11:17:08Z,,Guglielmo Vicario,Spurs,GKP,4.5,3.267,3.277,16.39,5,2.8,1.0,90.0,2.0,2.9,90.0,0.0,1.7,available,False
2026-09-06,2026-09-06T11:17:08Z,,Gianluigi Donnarumma,Man City,GKP,5.5,3.265,3.276,16.38,5,2.8,1.0,90.0,3.3,4.0,135.0,0.0,11.2,available,False
2026-09-06,2026-09-06T11:17:08Z,,Chemsdine Talbi,Sunderland,MID,5.5,3.26,3.237,16.18,5,3.2,0.74,74.0,2.0,3.0,83.0,0.0,0.2,available,False
2026-09-06,2026-09-06T11:17:08Z,,Archie Gray,Spurs,MID,5.0,3.229,3.242,16.21,5,2.8,0.94,83.0,1.5,2.5,61.0,0.0,0.2,available,False
2026-09-06,2026-09-06T11:17:08Z,,Dean Henderson,Crystal Palace,GKP,5.0,3.209,3.206,16.03,5,3.0,1.0,90.0,2.6,3.5,131.0,0.0,3.1,available,False
2026-09-06,2026-09-06T11:17:08Z,,Mark Travers,Everton,GKP,5.0,3.208,3.211,16.06,5,3.0,1.0,90.0,2.6,0.0,0.0,0.0,0.1,available,False
2026-09-06,2026-09-06T11:17:08Z,,Bart Verbruggen,Brighton,GKP,4.5,3.206,3.209,16.05,5,3.0,1.0,90.0,2.0,3.4,130.0,0.0,16.9,available,False
2026-09-06,2026-09-06T11:17:08Z,,Nick Pope,Newcastle,GKP,5.0,3.204,3.207,16.04,5,3.0,1.0,90.0,2.6,3.6,96.0,0.0,1.0,available,False
2026-09-06,2026-09-06T11:17:08Z,,Loum Tchaouna,Coventry City,MID,5.5,3.198,3.166,15.83,5,3.4,0.68,70.0,2.0,0.0,0.0,0.0,0.1,available,False
2026-09-06,2026-09-06T11:17:08Z,,Marco Bizot,Aston Villa,GKP,4.5,3.193,3.189,15.95,5,3.0,0.81,81.0,2.0,2.3,16.0,0.0,0.1,available,False
2026-09-06,2026-09-06T11:17:08Z,,Jason Steele,Brighton,GKP,4.0,3.192,3.195,15.98,5,3.0,1.0,90.0,1.0,0.0,0.0,0.0,5.4,available,False
2026-09-06,2026-09-06T11:17:08Z,,Jordan Pickford,Everton,GKP,5.5,3.19,3.193,15.97,5,3.0,1.0,90.0,3.3,3.6,135.0,0.0,9.0,available,False
2026-09-06,2026-09-06T11:17:08Z,,Noni Madueke,Arsenal,MID,6.5,3.188,3.169,15.85,5,3.2,0.61,47.0,2.3,2.8,72.0,0.0,0.4,available,False
2026-09-06,2026-09-06T11:17:08Z,,Matz Sels,Nott'm Forest,GKP,5.0,3.187,3.192,15.96,5,3.0,0.99,90.0,2.6,3.4,105.0,0.0,1.4,available,False
2026-09-06,2026-09-06T11:17:08Z,,Robin Roefs,Sunderland,GKP,5.0,3.17,3.161,15.8,5,3.2,1.0,90.0,2.6,3.9,136.0,0.0,5.8,available,False
2026-09-06,2026-09-06T11:17:08Z,,Melker Ellborg,Sunderland,GKP,4.5,3.164,3.155,15.77,5,3.2,1.0,90.0,2.0,5.3,16.0,0.0,0.1,available,False
2026-09-06,2026-09-06T11:17:08Z,,Evann Guessand,Aston Villa,MID,5.5,3.156,3.149,15.74,5,3.0,0.56,53.0,2.0,2.1,44.0,0.0,0.0,available,False
2026-09-06,2026-09-06T11:17:08Z,,Alex Palmer,Ipswich Town,GKP,4.0,3.151,3.142,15.71,5,3.2,1.0,90.0,1.0,0.0,0.0,0.0,6.5,available,False
2026-09-06,2026-09-06T11:17:08Z,,Illan Meslier,Arsenal,GKP,5.0,3.148,3.139,15.69,5,3.2,1.0,90.0,2.6,0.0,0.0,0.0,0.1,available,False
2026-09-06,2026-09-06T11:17:08Z,,Christian Walton,Ipswich Town,GKP,4.5,3.141,3.132,15.66,5,3.2,1.0,90.0,2.0,0.0,0.0,0.0,0.7,available,False
2026-09-06,2026-09-06T11:17:08Z,,Habib Diarra,Sunderland,MID,5.5,3.136,3.112,15.56,5,3.2,0.68,55.2,2.0,3.2,65.0,0.0,0.1,available,False
2026-09-06,2026-09-06T11:17:08Z,,Chiedozie Ogbene,Ipswich Town,MID,5.0,3.111,3.098,15.49,5,3.2,0.65,54.4,1.5,0.0,0.0,0.0,0.0,available,False
2026-09-06,2026-09-06T11:17:08Z,,Martin Ødegaard,Arsenal,MID,6.5,3.107,3.064,15.32,5,3.2,0.51,52.2,2.3,3.1,74.0,0.0,2.9,available,False
2026-09-06,2026-09-06T11:17:08Z,,Wilson Odobert,Spurs,MID,5.5,3.062,3.095,15.48,5,2.8,0.0,53.2,0.0,1.9,46.0,0.0,0.0,injured,True
2026-09-06,2026-09-06T11:17:08Z,,Rio Ngumoha,Liverpool,MID,6.0,3.05,3.072,15.36,5,2.6,0.45,51.8,2.1,2.3,43.0,0.0,1.6,available,False
2026-09-06,2026-09-06T11:17:08Z,,Bernd Leno,Fulham,GKP,4.5,3.033,3.016,15.08,5,3.6,1.0,90.0,2.0,3.2,122.0,0.0,3.2,available,False
2026-09-06,2026-09-06T11:17:08Z,,Fraser Forster,Bournemouth,GKP,4.0,3.028,3.012,15.06,5,3.6,1.0,90.0,1.0,0.0,0.0,0.0,3.2,available,False
2026-09-06,2026-09-06T11:17:08Z,,Đorđe Petrović,Bournemouth,GKP,4.5,3.025,3.009,15.05,5,3.6,1.0,90.0,2.0,3.3,124.0,0.0,3.5,available,False
2026-09-06,2026-09-06T11:17:08Z,,Harrison Armstrong,Everton,MID,5.0,2.935,2.939,14.69,5,3.0,0.65,52.6,1.5,1.6,21.0,0.0,0.1,available,False
2026-09-06,2026-09-06T11:17:08Z,,Omari Hutchinson,Nott'm Forest,MID,5.5,2.925,2.933,14.66,5,3.0,0.59,52.2,2.0,2.6,82.0,0.0,0.2,available,False
2026-09-06,2026-09-06T11:17:08Z,,Miloš Kerkez,Liverpool,DEF,5.5,2.914,2.928,14.64,5,2.6,0.57,47.8,2.5,2.5,85.0,0.0,6.3,available,False
2026-09-06,2026-09-06T11:17:08Z,,Mason Mount,Man Utd,MID,5.5,2.895,2.899,14.49,5,2.8,0.62,54.0,2.0,2.5,58.0,0.0,0.1,available,False
2026-09-06,2026-09-06T11:17:08Z,,Borna Sosa,Crystal Palace,DEF,4.5,2.885,2.881,14.41,5,3.0,0.36,58.4,1.7,0.9,6.0,0.0,0.1,available,False
2026-09-06,2026-09-06T11:17:08Z,,Chris Wood,Nott'm Forest,FWD,6.0,2.756,2.769,13.85,5,3.0,0.65,55.0,2.0,2.7,41.0,0.0,1.8,available,False
2026-09-06,2026-09-06T11:17:08Z,,Will Hughes,Crystal Palace,MID,4.5,2.753,2.749,13.75,5,3.0,0.74,53.0,1.0,1.5,45.0,0.0,10.1,available,False
2026-09-06,2026-09-06T11:17:08Z,,Justin Kluivert,Bournemouth,MID,6.0,2.745,2.699,13.5,5,3.6,0.58,57.2,2.1,2.0,41.0,0.0,0.8,available,False
2026-09-06,2026-09-06T11:17:08Z,,Estêvão,Chelsea,MID,6.5,2.713,2.709,13.54,5,3.0,0.69,54.0,2.3,2.6,58.0,0.0,1.4,available,False
2026-09-06,2026-09-06T11:17:08Z,,Joe Willock,Newcastle,MID,5.0,2.697,2.703,13.51,5,3.0,0.54,58.6,1.5,1.6,38.0,0.0,0.1,available,False
2026-09-06,2026-09-06T11:17:08Z,,Ross Barkley,Aston Villa,MID,5.0,2.683,2.676,13.38,5,3.0,0.49,59.2,1.5,2.7,56.0,0.0,0.2,available,False
2026-09-06,2026-09-06T11:17:08Z,,Amad Diallo,Man Utd,MID,6.0,2.628,2.634,13.17,5,2.8,0.7,53.0,2.1,2.8,91.0,0.0,1.5,available,False
2026-09-06,2026-09-06T11:17:08Z,,Tyler Dibling,Everton,MID,5.5,2.581,2.585,12.93,5,3.0,0.54,51.4,2.0,1.3,18.0,0.0,0.1,available,False
2026-09-06,2026-09-06T11:17:08Z,,Neto,Chelsea,MID,6.5,2.573,2.571,12.86,5,3.0,1.0,90.0,2.3,3.7,125.0,0.0,1.2,available,False
2026-09-06,2026-09-06T11:17:08Z,,Viktor Gyökeres,Arsenal,FWD,7.5,2.541,2.514,12.57,5,3.2,0.54,48.2,2.3,3.6,128.0,0.0,13.9,available,False
2026-09-06,2026-09-06T11:17:08Z,,Jacob Murphy,Newcastle,MID,6.0,2.448,2.454,12.27,5,3.0,0.59,47.6,2.1,2.5,82.0,0.0,0.2,available,False
2026-09-06,2026-09-06T11:17:08Z,,Matt Targett,Hull City,DEF,4.0,2.388,2.376,11.88,5,3.2,0.36,49.8,1.0,0.0,0.0,0.0,1.7,available,False
2026-09-06,2026-09-06T11:17:08Z,,Harvey Barnes,Newcastle,MID,6.0,2.371,2.38,11.9,5,3.0,0.46,48.0,2.1,2.9,106.0,0.0,1.0,available,False
2026-09-06,2026-09-06T11:17:08Z,,Callum Hudson-Odoi,Nott'm Forest,MID,6.0,2.355,2.364,11.82,5,3.0,0.57,56.4,1.6,2.9,88.0,0.0,0.0,doubtful,False
2026-09-06,2026-09-06T11:17:08Z,,Dilane Bakwa,Nott'm Forest,MID,5.5,2.335,2.344,11.72,5,3.0,0.52,45.8,2.0,1.9,26.0,0.0,0.0,available,False
2026-09-06,2026-09-06T11:17:08Z,,Ilia Gruev,Leeds,MID,5.0,2.236,2.25,11.25,5,2.8,0.65,57.6,1.5,2.4,56.0,0.0,0.0,available,False
2026-09-06,2026-09-06T11:17:08Z,,Jordan Henderson,Brentford,MID,5.0,2.162,2.166,10.83,5,3.0,0.49,56.0,1.1,2.4,76.0,0.0,0.0,doubtful,False
2026-09-06,2026-09-06T11:17:08Z,,Jack Taylor,Ipswich Town,MID,4.5,2.158,2.146,10.73,5,3.2,0.42,58.6,1.0,0.0,0.0,0.0,0.5,available,False
2026-09-06,2026-09-06T11:17:08Z,,Ethan Nwaneri,Arsenal,MID,5.5,2.0,1.985,9.92,5,3.2,0.12,46.0,2.0,1.3,8.0,0.0,0.0,available,False
2026-09-06,2026-09-06T11:17:08Z,,Tom Cairney,Fulham,MID,5.0,1.884,1.86,9.3,5,3.6,0.47,51.2,1.5,1.7,41.0,0.0,0.0,available,False
2026-09-07,2026-09-07T13:01:06Z,,Bukayo Saka,Arsenal,MID,9.5,8.993,8.881,44.41,5,3.2,0.93,79.0,3.2,5.1,157.0,0.0,10.8,available,False
2026-09-07,2026-09-07T13:01:06Z,,Jérémy Doku,Man City,MID,7.5,8.003,8.111,40.55,5,2.8,0.74,75.4,2.6,4.0,120.0,0.0,6.6,available,False
2026-09-07,2026-09-07T13:01:06Z,,Hugo Ekitiké,Liverpool,FWD,7.5,7.267,7.357,36.78,5,2.6,0.0,86.8,0.0,4.5,125.0,0.0,0.2,injured,True
2026-09-07,2026-09-07T13:01:06Z,,Erling Haaland,Man City,FWD,15.5,6.625,6.716,33.58,5,2.8,0.99,90.0,4.0,6.8,239.0,0.0,74.9,available,False
2026-09-07,2026-09-07T13:01:06Z,,Cody Gakpo,Liverpool,MID,7.0,6.338,6.401,32.0,5,2.6,0.95,83.0,2.4,3.6,131.0,0.0,3.4,available,False
2026-09-07,2026-09-07T13:01:06Z,,Dominic Calvert-Lewin,Leeds,FWD,6.0,6.327,6.384,31.92,5,2.8,0.94,89.6,2.0,4.1,142.0,0.0,17.7,available,False
2026-09-07,2026-09-07T13:01:06Z,,João Pedro,Chelsea,FWD,7.5,6.171,6.162,30.81,5,3.0,0.95,85.8,2.3,5.1,177.0,0.0,48.8,available,False
2026-09-07,2026-09-07T13:01:06Z,,Pedro Porro,Spurs,DEF,5.5,6.087,6.111,30.55,5,2.8,0.98,90.0,2.5,3.4,117.0,0.0,23.9,available,False
2026-09-07,2026-09-07T13:01:06Z,,Richarlison,Spurs,FWD,6.0,6.066,6.115,30.58,5,2.8,0.73,76.0,2.0,3.7,119.0,0.0,1.6,available,False
2026-09-07,2026-09-07T13:01:06Z,,Cristian Romero,Spurs,DEF,5.0,5.908,5.922,29.61,5,2.8,0.98,68.6,2.2,4.0,91.0,0.0,1.0,available,False
2026-09-07,2026-09-07T13:01:06Z,,Rayan Aït-Nouri,Man City,DEF,5.5,5.879,5.899,29.5,5,2.8,0.82,63.6,2.5,3.5,60.0,0.0,1.0,available,False
2026-09-07,2026-09-07T13:01:06Z,,Cole Palmer,Chelsea,MID,9.5,5.866,5.854,29.27,5,3.0,0.97,89.8,3.2,4.4,114.0,0.0,13.2,available,False
2026-09-07,2026-09-07T13:01:06Z,,Sepp van den Berg,Brentford,DEF,5.0,5.813,5.817,29.09,5,3.0,0.99,90.0,2.2,3.5,113.0,0.0,0.7,available,False
2026-09-07,2026-09-07T13:01:06Z,,James Justin,Leeds,DEF,4.5,5.792,5.806,29.03,5,2.8,0.91,90.0,1.7,3.2,94.0,0.0,0.5,available,False
2026-09-07,2026-09-07T13:01:06Z,,Jan Paul van Hecke,Spurs,DEF,5.0,5.763,5.777,28.88,5,2.8,1.0,90.0,2.2,4.1,148.0,0.0,8.3,available,False
2026-09-07,2026-09-07T13:01:06Z,,Dominik Szoboszlai,Liverpool,MID,7.0,5.761,5.803,29.01,5,2.6,1.0,90.0,2.4,4.4,160.0,0.0,45.6,available,False
2026-09-07,2026-09-07T13:01:06Z,,Kevin Danso,Spurs,DEF,5.0,5.738,5.752,28.76,5,2.8,0.92,90.0,2.2,2.6,63.0,0.0,0.2,available,False
2026-09-07,2026-09-07T13:01:06Z,,Enzo Le Fée,Sunderland,MID,6.0,5.714,5.684,28.42,5,3.2,0.97,90.0,2.1,4.1,147.0,0.0,7.1,available,False
2026-09-07,2026-09-07T13:01:06Z,,Sven Botman,Newcastle,DEF,5.0,5.703,5.707,28.54,5,3.0,0.96,90.0,2.2,3.6,89.0,0.0,0.4,available,False
2026-09-07,2026-09-07T13:01:06Z,,Marc Guéhi,Man City,DEF,6.0,5.679,5.693,28.46,5,2.8,1.0,90.0,2.8,5.1,179.0,0.0,24.9,available,False
2026-09-07,2026-09-07T13:01:06Z,,Antoine Semenyo,Man City,MID,8.5,5.648,5.718,28.59,5,2.8,1.0,75.0,2.9,5.5,202.0,0.0,20.3,available,False
2026-09-07,2026-09-07T13:01:06Z,,Maxence Lacroix,Crystal Palace,DEF,6.0,5.637,5.632,28.16,5,3.0,1.0,90.0,2.8,4.4,154.0,0.0,12.2,available,False
2026-09-07,2026-09-07T13:01:06Z,,Luke Shaw,Man Utd,DEF,4.5,5.635,5.638,28.19,5,2.8,1.0,86.6,1.7,3.0,113.0,0.0,21.0,available,False
2026-09-07,2026-09-07T13:01:06Z,,Michael Kayode,Brentford,DEF,4.5,5.614,5.618,28.09,5,3.0,1.0,90.0,1.7,3.1,113.0,0.0,5.1,available,False
2026-09-07,2026-09-07T13:01:06Z,,Gabriel Gudmundsson,Leeds,DEF,4.5,5.576,5.59,27.95,5,2.8,0.99,80.6,1.7,2.1,68.0,0.0,0.6,available,False
2026-09-07,2026-09-07T13:01:06Z,,Matthijs de Ligt,Man Utd,DEF,5.0,5.56,5.564,27.82,5,2.8,0.0,90.0,0.0,3.3,43.0,0.0,0.0,injured,True
2026-09-07,2026-09-07T13:01:06Z,,James Hill,Bournemouth,DEF,5.5,5.546,5.525,27.62,5,3.6,0.92,90.0,2.5,3.8,110.0,0.0,1.5,available,False
2026-09-07,2026-09-07T13:01:06Z,,Jacob Greaves,Ipswich Town,DEF,4.0,5.529,5.517,27.58,5,3.2,1.0,90.0,1.0,0.0,0.0,0.0,0.5,available,False
2026-09-07,2026-09-07T13:01:06Z,,Anton Stach,Leeds,MID,6.0,5.507,5.53,27.65,5,2.8,0.99,86.4,2.1,4.7,137.0,0.0,1.5,available,False
2026-09-07,2026-09-07T13:01:06Z,,Neco Williams,Nott'm Forest,DEF,5.0,5.503,5.509,27.55,5,3.0,0.87,81.2,2.2,3.5,128.0,0.0,12.7,available,False
2026-09-07,2026-09-07T13:01:06Z,,Piero Hincapié,Arsenal,DEF,5.5,5.497,5.484,27.42,5,3.2,0.69,60.8,2.5,3.5,87.0,0.0,5.3,available,False
2026-09-07,2026-09-07T13:01:06Z,,Adrien Truffert,Bournemouth,DEF,5.5,5.473,5.449,27.24,5,3.6,1.0,90.0,2.5,4.3,165.0,0.0,4.7,available,False
2026-09-07,2026-09-07T13:01:06Z,,Declan Rice,Arsenal,MID,7.5,5.469,5.442,27.21,5,3.2,0.99,84.8,2.6,5.1,184.0,0.0,22.0,available,False
2026-09-07,2026-09-07T13:01:06Z,,Antonee Robinson,Fulham,DEF,4.5,5.466,5.443,27.21,5,3.6,0.94,80.0,1.7,3.0,65.0,0.0,3.5,available,False
2026-09-07,2026-09-07T13:01:06Z,,Ola Aina,Nott'm Forest,DEF,4.5,5.455,5.461,27.3,5,3.0,1.0,89.8,1.7,3.7,67.0,0.0,5.0,available,False
2026-09-07,2026-09-07T13:01:06Z,,Jaydee Canvot,Crystal Palace,DEF,5.0,5.441,5.437,27.18,5,3.0,0.92,90.0,2.2,3.6,72.0,0.0,0.4,available,False
2026-09-07,2026-09-07T13:01:06Z,,Tyrick Mitchell,Crystal Palace,DEF,4.5,5.436,5.432,27.16,5,3.0,0.87,72.0,1.7,3.6,135.0,0.0,7.4,available,False
2026-09-07,2026-09-07T13:01:06Z,,Ethan Pinnock,Brentford,DEF,4.5,5.424,5.428,27.14,5,3.0,1.0,80.8,1.7,3.5,14.0,0.0,0.1,available,False
2026-09-07,2026-09-07T13:01:06Z,,Virgil van Dijk,Liverpool,DEF,6.5,5.419,5.438,27.19,5,2.6,1.0,90.0,3.1,4.6,175.0,0.0,15.5,available,False
2026-09-07,2026-09-07T13:01:06Z,,Harry Maguire,Man Utd,DEF,5.0,5.419,5.423,27.11,5,2.8,0.94,87.6,2.2,3.9,90.0,0.0,6.9,available,False
2026-09-07,2026-09-07T13:01:06Z,,Jayden Bogle,Leeds,DEF,4.5,5.418,5.435,27.17,5,2.8,0.98,80.8,1.7,2.8,96.0,0.0,0.4,available,False
2026-09-07,2026-09-07T13:01:06Z,,Nordi Mukiele,Sunderland,DEF,5.5,5.41,5.395,26.97,5,3.2,1.0,90.0,2.5,4.7,151.0,0.0,8.2,available,False
2026-09-07,2026-09-07T13:01:06Z,,Calvin Bassey,Fulham,DEF,4.5,5.392,5.37,26.85,5,3.6,0.99,90.0,1.7,3.4,103.0,0.0,0.5,available,False
2026-09-07,2026-09-07T13:01:06Z,,Max Alleyne,Man City,DEF,5.0,5.388,5.401,27.0,5,2.8,0.95,90.0,2.2,2.5,5.0,0.0,0.1,available,False
2026-09-07,2026-09-07T13:01:06Z,,Conor Bradley,Liverpool,DEF,5.0,5.381,5.393,26.96,5,2.6,0.0,62.2,0.0,2.8,42.0,0.0,0.0,injured,True
2026-09-07,2026-09-07T13:01:06Z,,Michael Keane,Everton,DEF,5.0,5.376,5.38,26.9,5,3.0,0.85,75.2,2.2,4.0,131.0,0.0,1.5,available,False
2026-09-07,2026-09-07T13:01:06Z,,Yankuba Minteh,Brighton,MID,6.0,5.365,5.374,26.87,5,3.0,0.94,87.2,2.1,3.4,117.0,0.0,0.7,available,False
2026-09-07,2026-09-07T13:01:06Z,,Enzo Fernández,Chelsea,MID,7.0,5.348,5.339,26.69,5,3.0,0.99,89.6,2.4,4.4,157.0,0.0,5.1,available,False
2026-09-07,2026-09-07T13:01:06Z,,Jorrel Hato,Chelsea,DEF,4.5,5.342,5.34,26.7,5,3.0,0.83,90.0,1.7,0.9,19.0,0.0,1.6,available,False
2026-09-07,2026-09-07T13:01:06Z,,Elliot Anderson,Man City,MID,6.5,5.342,5.362,26.81,5,2.8,0.87,81.0,2.3,4.7,180.0,0.0,12.2,available,False
2026-09-07,2026-09-07T13:01:06Z,,Pascal Struijk,Brighton,DEF,5.0,5.34,5.344,26.72,5,3.0,1.0,83.2,2.2,3.2,108.0,0.0,0.5,available,False
2026-09-07,2026-09-07T13:01:06Z,,Florian Wirtz,Liverpool,MID,7.5,5.304,5.362,26.81,5,2.6,0.82,71.2,2.6,3.8,125.0,0.0,11.1,available,False
2026-09-07,2026-09-07T13:01:06Z,,Ayden Heaven,Man Utd,DEF,4.5,5.294,5.298,26.49,5,2.8,0.81,69.0,1.7,2.5,42.0,0.0,0.4,available,False
2026-09-07,2026-09-07T13:01:06Z,,Marcus Tavernier,Bournemouth,MID,6.0,5.293,5.239,26.2,5,3.6,0.96,86.4,2.1,4.0,137.0,0.0,1.4,available,False
2026-09-07,2026-09-07T13:01:06Z,,Mats Wieffer,Brighton,DEF,5.0,5.29,5.294,26.47,5,3.0,0.95,66.6,2.2,3.6,94.0,0.0,0.4,available,False
2026-09-07,2026-09-07T13:01:06Z,,Omar Alderete,Sunderland,DEF,5.0,5.284,5.271,26.36,5,3.2,0.99,84.6,2.2,3.8,125.0,0.0,1.3,available,False
2026-09-07,2026-09-07T13:01:06Z,,James Garner,Everton,MID,6.0,5.279,5.284,26.42,5,3.0,0.0,90.0,0.0,4.2,159.0,0.0,2.0,injured,True
2026-09-07,2026-09-07T13:01:06Z,,Olivier Boscagli,Brighton,DEF,4.5,5.277,5.281,26.4,5,3.0,0.77,77.8,1.7,3.2,39.0,0.0,0.1,available,False
2026-09-07,2026-09-07T13:01:06Z,,James Tarkowski,Everton,DEF,6.0,5.276,5.281,26.4,5,3.0,1.0,90.0,2.8,4.6,170.0,0.0,10.2,available,False
2026-09-07,2026-09-07T13:01:06Z,,Malick Thiaw,Newcastle,DEF,5.0,5.27,5.274,26.37,5,3.0,0.99,90.0,2.2,3.6,126.0,0.0,2.5,available,False
2026-09-07,2026-09-07T13:01:06Z,,Trai Hume,Sunderland,DEF,4.5,5.266,5.248,26.24,5,3.2,0.85,71.2,1.7,2.9,110.0,0.0,1.4,available,False
2026-09-07,2026-09-07T13:01:06Z,,Fabian Schär,Newcastle,DEF,5.0,5.264,5.269,26.35,5,3.0,0.79,81.6,2.2,3.2,51.0,0.0,0.1,available,False
2026-09-07,2026-09-07T13:01:06Z,,Kenny Tete,Fulham,DEF,4.5,5.255,5.233,26.16,5,3.6,0.86,73.0,1.7,3.7,81.0,0.0,0.2,available,False
2026-09-07,2026-09-07T13:01:06Z,,Mathys Tel,Spurs,MID,6.0,5.249,5.283,26.42,5,2.8,0.54,68.4,2.1,2.5,78.0,0.0,0.2,available,False
2026-09-07,2026-09-07T13:01:06Z,,Rodrigo Bentancur,Spurs,MID,5.5,5.246,5.262,26.31,5,2.8,0.95,79.0,2.0,3.3,86.0,0.0,0.1,available,False
2026-09-07,2026-09-07T13:01:06Z,,João Gomes,Aston Villa,MID,5.5,5.237,5.231,26.16,5,3.0,0.96,88.8,2.0,3.0,85.0,0.0,0.3,available,False
2026-09-07,2026-09-07T13:01:06Z,,William Saliba,Arsenal,DEF,6.0,5.229,5.215,26.07,5,3.2,0.0,90.0,0.0,4.4,137.0,0.0,0.5,injured,True
2026-09-07,2026-09-07T13:01:06Z,,Jake O'Brien,Everton,DEF,5.0,5.226,5.23,26.15,5,3.0,0.99,84.6,2.2,3.1,116.0,0.0,0.6,available,False
2026-09-07,2026-09-07T13:01:06Z,,Dara O'Shea,Ipswich Town,DEF,4.0,5.223,5.21,26.05,5,3.2,1.0,90.0,1.0,0.0,0.0,0.0,1.2,available,False
2026-09-07,2026-09-07T13:01:06Z,,Jarrad Branthwaite,Everton,DEF,5.5,5.219,5.223,26.12,5,3.0,0.75,73.0,2.5,3.2,32.0,0.0,2.0,available,False
2026-09-07,2026-09-07T13:01:06Z,,Jurriën Timber,Arsenal,DEF,6.5,5.214,5.2,26.0,5,3.2,0.0,83.4,0.0,5.0,149.0,0.0,0.7,injured,True
2026-09-07,2026-09-07T13:01:06Z,,Matheus Nunes,Man City,DEF,6.0,5.211,5.225,26.12,5,2.8,0.98,83.6,2.8,4.5,154.0,0.0,5.5,available,False
2026-09-07,2026-09-07T13:01:06Z,,Mateus Fernandes,Spurs,MID,6.0,5.194,5.211,26.06,5,2.8,0.98,90.0,2.1,3.8,135.0,0.0,4.6,available,False
2026-09-07,2026-09-07T13:01:06Z,,Dango Ouattara,Brentford,MID,6.5,5.181,5.193,25.97,5,3.0,0.79,76.2,2.3,4.2,136.0,0.0,1.5,available,False
2026-09-07,2026-09-07T13:01:06Z,,Mikkel Damsgaard,Brentford,MID,5.5,5.156,5.163,25.82,5,3.0,0.9,85.4,2.0,3.4,113.0,0.0,0.7,available,False
2026-09-07,2026-09-07T13:01:06Z,,Lewis Hall,Newcastle,DEF,5.0,5.153,5.158,25.79,5,3.0,0.81,67.4,2.2,2.6,79.0,0.0,4.6,available,False
2026-09-07,2026-09-07T13:01:06Z,,Iliman Ndiaye,Everton,MID,6.0,5.149,5.157,25.78,5,3.0,1.0,90.0,2.1,4.0,128.0,0.0,21.3,available,False
2026-09-07,2026-09-07T13:01:06Z,,Joachim Andersen,Fulham,DEF,5.0,5.147,5.126,25.63,5,3.6,0.0,90.0,0.0,3.7,123.0,0.0,0.1,suspended,True
2026-09-07,2026-09-07T13:01:06Z,,Reinildo Mandava,Sunderland,DEF,4.5,5.133,5.121,25.6,5,3.2,0.86,72.0,1.7,3.0,74.0,0.0,0.6,available,False
2026-09-07,2026-09-07T13:01:06Z,,Morgan Rogers,Chelsea,MID,7.5,5.122,5.115,25.58,5,3.0,1.0,87.6,2.6,4.6,169.0,0.0,33.9,available,False
2026-09-07,2026-09-07T13:01:06Z,,Boubacar Kamara,Aston Villa,MID,5.0,5.121,5.115,25.58,5,3.0,0.73,88.2,1.1,3.4,61.0,0.0,0.1,doubtful,False
2026-09-07,2026-09-07T13:01:06Z,,Alex Scott,Bournemouth,MID,6.0,5.113,5.086,25.43,5,3.6,0.98,89.8,2.1,3.7,136.0,0.0,1.6,available,False
2026-09-07,2026-09-07T13:01:06Z,,Lewis Dunk,Brighton,DEF,4.5,5.112,5.117,25.58,5,3.0,0.99,90.0,1.7,3.0,100.0,0.0,0.7,available,False
2026-09-07,2026-09-07T13:01:06Z,,Destiny Udogie,Spurs,DEF,4.5,5.108,5.122,25.61,5,2.8,0.87,82.0,1.7,1.4,29.0,0.0,0.4,available,False
2026-09-07,2026-09-07T13:01:06Z,,Daniel Ballard,Sunderland,DEF,5.0,5.095,5.082,25.41,5,3.2,0.81,72.2,2.2,4.0,116.0,0.0,2.6,available,False
2026-09-07,2026-09-07T13:01:06Z,,Matty Cash,Aston Villa,DEF,4.5,5.078,5.073,25.36,5,3.0,1.0,88.0,1.7,3.3,117.0,0.0,8.2,available,False
2026-09-07,2026-09-07T13:01:06Z,,Beto,Everton,FWD,5.5,5.076,5.086,25.43,5,3.0,0.81,70.8,1.8,2.8,104.0,0.0,3.4,available,False
2026-09-07,2026-09-07T13:01:06Z,,Nathan Collins,Brentford,DEF,5.5,5.074,5.078,25.39,5,3.0,0.96,90.0,2.5,3.7,129.0,0.0,2.0,available,False
2026-09-07,2026-09-07T13:01:06Z,,Ethan Ampadu,Leeds,MID,5.5,5.072,5.086,25.43,5,2.8,1.0,90.0,2.0,3.8,134.0,0.0,1.3,available,False
2026-09-07,2026-09-07T13:01:06Z,,Nico O'Reilly,Man City,DEF,6.5,5.066,5.082,25.41,5,2.8,0.94,84.8,3.1,4.7,160.0,0.0,24.2,available,False
2026-09-07,2026-09-07T13:01:06Z,,Noussair Mazraoui,Man Utd,DEF,4.5,5.058,5.062,25.31,5,2.8,0.7,76.0,1.7,2.6,53.0,0.0,0.8,available,False
2026-09-07,2026-09-07T13:01:06Z,,Jaka Bijol,Leeds,DEF,5.0,5.043,5.056,25.28,5,2.8,0.93,84.8,2.2,4.0,99.0,0.0,0.4,available,False
2026-09-07,2026-09-07T13:01:06Z,,Joelinton,Newcastle,MID,5.5,5.038,5.042,25.21,5,3.0,0.61,75.4,1.5,2.7,73.0,0.0,0.0,doubtful,False
2026-09-07,2026-09-07T13:01:06Z,,Ben Davies,Spurs,DEF,4.0,5.017,5.031,25.16,5,2.8,0.56,64.6,1.0,3.3,10.0,0.0,0.7,available,False
2026-09-07,2026-09-07T13:01:06Z,,Harry Amass,Man Utd,DEF,4.0,5.015,5.02,25.1,5,2.8,0.75,66.25,1.0,0.0,0.0,0.0,0.2,available,False
2026-09-07,2026-09-07T13:01:06Z,,John Egan,Hull City,DEF,4.0,5.006,4.994,24.97,5,3.2,1.0,85.6,1.0,0.0,0.0,0.0,0.8,available,False
2026-09-07,2026-09-07T13:01:06Z,,Chris Richards,Crystal Palace,DEF,5.0,5.005,5.001,25.0,5,3.0,0.87,74.8,2.2,3.9,128.0,0.0,0.8,available,False
2026-09-07,2026-09-07T13:01:06Z,,Kiernan Dewsbury-Hall,Everton,MID,6.5,4.994,5.001,25.0,5,3.0,0.99,89.6,2.3,4.9,151.0,0.0,4.3,available,False
2026-09-07,2026-09-07T13:01:06Z,,Ryan Sessegnon,Fulham,DEF,4.5,4.994,4.97,24.85,5,3.6,0.68,62.2,1.7,3.5,95.0,0.0,0.4,available,False
2026-09-07,2026-09-07T13:01:06Z,,Dan Burn,Newcastle,DEF,5.0,4.98,4.984,24.92,5,3.0,0.7,60.2,2.2,3.2,93.0,0.0,2.7,available,False
2026-09-07,2026-09-07T13:01:06Z,,Youri Tielemans,Man Utd,MID,6.0,4.98,4.984,24.92,5,2.8,0.71,86.6,1.6,2.7,68.0,0.0,1.0,doubtful,False
2026-09-07,2026-09-07T13:01:06Z,,Timothy Castagne,Fulham,DEF,4.5,4.979,4.954,24.77,5,3.6,0.93,88.6,1.7,2.0,61.0,0.0,0.2,available,False
2026-09-07,2026-09-07T13:01:06Z,,Lisandro Martínez,Man Utd,DEF,5.0,4.97,4.974,24.87,5,2.8,0.69,83.2,1.6,2.8,51.0,0.0,1.3,doubtful,False
2026-09-07,2026-09-07T13:01:06Z,,Mohammed Kudus,Spurs,MID,6.5,4.967,4.995,24.97,5,2.8,0.75,78.6,1.7,3.9,75.0,0.0,0.3,doubtful,False
2026-09-07,2026-09-07T13:01:06Z,,Pape Matar Sarr,Spurs,MID,5.0,4.966,4.986,24.93,5,2.8,0.58,64.0,1.5,2.7,71.0,0.0,0.4,available,False
2026-09-07,2026-09-07T13:01:06Z,,Wesley Fofana,Chelsea,DEF,5.0,4.952,4.95,24.75,5,3.0,0.0,77.4,0.0,2.6,65.0,0.0,0.0,suspended,True
2026-09-07,2026-09-07T13:01:06Z,,Lewis Miley,Newcastle,MID,5.5,4.914,4.918,24.59,5,3.0,0.0,76.6,0.0,3.1,72.0,0.0,0.0,injured,True
2026-09-07,2026-09-07T13:01:06Z,,Malo Gusto,Chelsea,DEF,5.0,4.886,4.882,24.41,5,3.0,0.9,87.6,2.2,2.8,96.0,0.0,1.2,available,False
2026-09-07,2026-09-07T13:01:06Z,,Ryan Gravenberch,Liverpool,MID,6.0,4.872,4.894,24.47,5,2.6,0.86,69.4,2.1,4.0,144.0,0.0,1.7,available,False
2026-09-07,2026-09-07T13:01:06Z,,Sebastiaan Bornauw,Leeds,DEF,4.5,4.864,4.876,24.38,5,2.8,0.8,67.4,1.7,2.1,25.0,0.0,0.0,available,False
2026-09-07,2026-09-07T13:01:06Z,,Nathan Patterson,Everton,DEF,4.5,4.826,4.83,24.15,5,3.0,0.78,65.6,1.7,3.1,22.0,0.0,0.1,available,False
2026-09-07,2026-09-07T13:01:06Z,,Yehor Yarmoliuk,Brentford,MID,5.0,4.822,4.827,24.13,5,3.0,0.92,87.8,1.5,2.8,104.0,0.0,1.4,available,False
2026-09-07,2026-09-07T13:01:06Z,,Alexis Mac Allister,Liverpool,MID,5.5,4.818,4.846,24.23,5,2.6,0.81,75.8,2.0,2.9,108.0,0.0,1.9,available,False
2026-09-07,2026-09-07T13:01:06Z,,Mathias Jensen,Brentford,MID,5.5,4.803,4.809,24.04,5,3.0,0.9,84.6,2.0,2.7,98.0,0.0,0.1,available,False
2026-09-07,2026-09-07T13:01:06Z,,Jaidon Anthony,Brentford,MID,6.0,4.803,4.813,24.07,5,3.0,0.94,87.4,2.1,0.0,0.0,0.0,0.3,available,False
2026-09-07,2026-09-07T13:01:06Z,,Pascal Groß,Brighton,MID,5.5,4.802,4.812,24.06,5,3.0,0.96,90.0,2.0,4.1,78.0,0.0,2.0,available,False
2026-09-07,2026-09-07T13:01:06Z,,Abdukodir Khusanov,Man City,DEF,5.5,4.802,4.815,24.08,5,2.8,0.89,90.0,2.5,3.2,67.0,0.0,2.0,available,False
2026-09-07,2026-09-07T13:01:06Z,,Jack Grealish,Man City,MID,6.5,4.796,4.822,24.11,5,2.8,0.84,74.4,2.3,4.0,79.0,0.0,0.3,available,False
2026-09-07,2026-09-07T13:01:06Z,,Conor Gallagher,Spurs,MID,5.5,4.791,4.814,24.07,5,2.8,0.8,87.0,2.0,2.8,44.0,0.0,0.2,available,False
2026-09-07,2026-09-07T13:01:06Z,,Ryan Christie,Bournemouth,MID,5.0,4.787,4.76,23.8,5,3.6,0.0,60.4,0.0,1.8,47.0,0.0,0.1,suspended,True
2026-09-07,2026-09-07T13:01:06Z,,Kobbie Mainoo,Man Utd,MID,5.5,4.784,4.788,23.94,5,2.8,0.83,90.0,2.0,2.6,73.0,0.0,1.3,available,False
2026-09-07,2026-09-07T13:01:06Z,,Zach Abbott,Nott'm Forest,DEF,4.0,4.775,4.78,23.9,5,3.0,0.5,60.5,1.0,1.0,3.0,0.0,0.2,available,False
2026-09-07,2026-09-07T13:01:06Z,,Leny Yoro,Man Utd,DEF,5.0,4.774,4.777,23.89,5,2.8,0.73,75.4,2.2,1.8,56.0,0.0,0.6,available,False
2026-09-07,2026-09-07T13:01:06Z,,Granit Xhaka,Sunderland,MID,5.5,4.767,4.744,23.72,5,3.2,0.98,90.0,2.0,3.6,124.0,0.0,6.5,available,False
2026-09-07,2026-09-07T13:01:06Z,,Ferdi Kadıoğlu,Brighton,DEF,4.5,4.752,4.757,23.78,5,3.0,0.97,90.0,1.7,3.2,118.0,0.0,3.1,available,False
2026-09-07,2026-09-07T13:01:06Z,,Joško Gvardiol,Man City,DEF,5.5,4.747,4.764,23.82,5,2.8,0.86,64.4,2.5,4.4,79.0,0.0,6.5,available,False
2026-09-07,2026-09-07T13:01:06Z,,Amadou Onana,Aston Villa,MID,5.0,4.736,4.731,23.65,5,3.0,0.0,90.0,0.0,3.0,76.0,0.0,0.0,injured,True
2026-09-07,2026-09-07T13:01:06Z,,Brian Brobbey,Sunderland,FWD,6.0,4.726,4.694,23.47,5,3.2,0.88,82.6,2.0,3.0,92.0,0.0,22.6,available,False
2026-09-07,2026-09-07T13:01:06Z,,Joe Rodon,Leeds,DEF,4.5,4.722,4.735,23.68,5,2.8,0.87,81.0,1.7,3.1,109.0,0.0,2.3,available,False
2026-09-07,2026-09-07T13:01:06Z,,Nicolas Jackson,Chelsea,FWD,6.5,4.721,4.714,23.57,5,3.0,0.85,74.2,2.1,0.0,0.0,0.0,0.4,available,False
2026-09-07,2026-09-07T13:01:06Z,,Rico Henry,Brentford,DEF,4.5,4.72,4.724,23.62,5,3.0,0.83,88.6,1.7,2.1,52.0,0.0,0.2,available,False
2026-09-07,2026-09-07T13:01:06Z,,Chadi Riad,Crystal Palace,DEF,4.5,4.718,4.714,23.57,5,3.0,0.73,68.8,1.7,2.2,20.0,0.0,0.1,available,False
2026-09-07,2026-09-07T13:01:06Z,,Riccardo Calafiori,Arsenal,DEF,5.5,4.71,4.694,23.47,5,3.2,0.85,61.4,2.5,4.2,109.0,0.0,13.1,available,False
2026-09-07,2026-09-07T13:01:06Z,,Reece James,Chelsea,DEF,5.5,4.707,4.704,23.52,5,3.0,0.79,77.2,2.5,4.0,115.0,0.0,8.1,available,False
2026-09-07,2026-09-07T13:01:06Z,,Micky van de Ven,Spurs,DEF,5.0,4.695,4.71,23.55,5,2.8,1.0,90.0,2.2,3.3,116.0,0.0,6.0,available,False
2026-09-07,2026-09-07T13:01:06Z,,Evanilson,Bournemouth,FWD,6.0,4.684,4.642,23.21,5,3.6,0.95,78.2,2.0,3.2,115.0,0.0,1.9,available,False
2026-09-07,2026-09-07T13:01:06Z,,Morato,Nott'm Forest,DEF,5.0,4.668,4.673,23.37,5,3.0,0.68,64.2,2.2,2.5,53.0,0.0,0.1,available,False
2026-09-07,2026-09-07T13:01:06Z,,Ibrahim Sangaré,Nott'm Forest,MID,5.0,4.652,4.658,23.29,5,3.0,0.85,67.0,1.5,3.2,89.0,0.0,0.4,available,False
2026-09-07,2026-09-07T13:01:06Z,,Ollie Watkins,Aston Villa,FWD,8.0,4.648,4.631,23.16,5,3.0,0.84,74.0,2.5,4.5,167.0,0.0,12.4,available,False
2026-09-07,2026-09-07T13:01:06Z,,Trevoh Chalobah,Chelsea,DEF,5.5,4.641,4.638,23.19,5,3.0,0.87,75.2,2.5,4.0,136.0,0.0,2.1,available,False
2026-09-07,2026-09-07T13:01:06Z,,Axel Disasi,Chelsea,DEF,4.5,4.637,4.634,23.17,5,3.0,1.0,89.0,1.7,0.0,0.0,0.0,0.1,available,False
2026-09-07,2026-09-07T13:01:06Z,,Diego Coppola,Brighton,DEF,4.5,4.608,4.612,23.06,5,3.0,0.68,75.0,1.7,2.0,10.0,0.0,0.0,available,False
2026-09-07,2026-09-07T13:01:06Z,,Curtis Jones,Liverpool,MID,5.5,4.607,4.62,23.1,5,2.6,0.81,89.4,2.0,2.4,81.0,0.0,0.1,available,False
2026-09-07,2026-09-07T13:01:06Z,,Eberechi Eze,Arsenal,MID,6.5,4.589,4.554,22.77,5,3.2,0.88,69.0,2.3,3.4,113.0,0.0,3.3,available,False
2026-09-07,2026-09-07T13:01:06Z,,Nikola Milenković,Nott'm Forest,DEF,5.5,4.587,4.593,22.96,5,3.0,0.87,81.0,2.5,3.1,119.0,0.0,2.3,available,False
2026-09-07,2026-09-07T13:01:06Z,,Leif Davis,Ipswich Town,DEF,4.0,4.569,4.555,22.77,5,3.2,1.0,72.8,1.0,0.0,0.0,0.0,4.3,available,False
2026-09-07,2026-09-07T13:01:06Z,,Kevin Schade,Brentford,MID,6.0,4.533,4.54,22.7,5,3.0,0.84,72.0,2.1,3.6,125.0,0.0,2.1,available,False
2026-09-07,2026-09-07T13:01:06Z,,Lewis Cook,Bournemouth,MID,5.0,4.531,4.512,22.56,5,3.6,0.69,74.0,1.5,2.2,40.0,0.0,0.1,available,False
2026-09-07,2026-09-07T13:01:06Z,,Luca Netz,Nott'm Forest,DEF,4.5,4.51,4.516,22.58,5,3.0,0.62,62.8,1.7,1.6,11.0,0.0,0.0,available,False
2026-09-07,2026-09-07T13:01:06Z,,Veljko Milosavljević,Bournemouth,DEF,5.0,4.503,4.485,22.42,5,3.6,0.75,70.75,2.2,2.7,19.0,0.0,0.1,available,False
2026-09-07,2026-09-07T13:01:06Z,,Morgan Gibbs-White,Nott'm Forest,MID,8.0,4.488,4.502,22.51,5,3.0,0.86,74.8,2.8,5.1,188.0,0.0,12.8,available,False
2026-09-07,2026-09-07T13:01:06Z,,Ismaïla Sarr,Crystal Palace,MID,6.5,4.458,4.443,22.21,5,3.0,0.7,68.8,2.3,4.2,117.0,0.0,11.4,available,False
2026-09-07,2026-09-07T13:01:06Z,,Sander Berge,Fulham,MID,5.0,4.423,4.399,21.99,5,3.6,0.99,78.6,1.5,2.6,91.0,0.0,0.4,available,False
2026-09-07,2026-09-07T13:01:06Z,,Harry Wilson,Leeds,MID,6.5,4.413,4.449,22.25,5,2.8,0.85,63.4,2.3,4.7,168.0,0.0,9.2,available,False
2026-09-07,2026-09-07T13:01:06Z,,Noah Sadiki,Sunderland,MID,5.0,4.401,4.386,21.93,5,3.2,1.0,83.8,1.5,2.4,80.0,0.0,0.5,available,False
2026-09-07,2026-09-07T13:01:06Z,,James Maddison,Spurs,MID,6.5,4.39,4.419,22.09,5,2.8,0.48,61.8,2.3,1.0,3.0,0.0,2.6,available,False
2026-09-07,2026-09-07T13:01:06Z,,Kasey McAteer,Ipswich Town,MID,4.5,4.362,4.346,21.73,5,3.2,0.68,75.0,1.0,0.0,0.0,0.0,2.1,available,False
2026-09-07,2026-09-07T13:01:06Z,,Merlin Röhl,Everton,MID,5.0,4.357,4.362,21.81,5,3.0,0.61,72.0,1.5,2.2,36.0,0.0,0.1,available,False
2026-09-07,2026-09-07T13:01:06Z,,Rayan,Bournemouth,MID,6.5,4.344,4.306,21.53,5,3.6,0.82,70.0,2.3,4.5,67.0,0.0,3.5,available,False
2026-09-07,2026-09-07T13:01:06Z,,Kalvin Phillips,Man City,MID,5.0,4.333,4.345,21.73,5,2.8,0.93,87.2,1.5,0.0,0.0,0.0,0.0,available,False
2026-09-07,2026-09-07T13:01:06Z,,Saša Lukić,Fulham,MID,5.0,4.289,4.263,21.32,5,3.6,0.78,81.0,1.5,2.6,67.0,0.0,0.1,available,False
2026-09-07,2026-09-07T13:01:06Z,,Dwight McNeil,Everton,MID,5.5,4.288,4.293,21.47,5,3.0,0.87,81.0,2.0,2.4,53.0,0.0,0.1,available,False
2026-09-07,2026-09-07T13:01:06Z,,Pau Torres,Aston Villa,DEF,4.5,4.271,4.266,21.33,5,3.0,0.96,90.0,1.7,3.0,64.0,0.0,0.2,available,False
2026-09-07,2026-09-07T13:01:06Z,,Brenden Aaronson,Leeds,MID,5.5,4.254,4.273,21.36,5,2.8,0.81,60.6,2.0,3.4,126.0,0.0,0.6,available,False
2026-09-07,2026-09-07T13:01:06Z,,Carlos Baleba,Brighton,MID,5.0,4.232,4.237,21.19,5,3.0,0.8,68.6,1.5,1.8,56.0,0.0,0.6,available,False
2026-09-07,2026-09-07T13:01:06Z,,Bafodé Diakité,Bournemouth,DEF,5.0,4.227,4.208,21.04,5,3.6,0.86,65.8,2.2,2.6,46.0,0.0,0.2,available,False
2026-09-07,2026-09-07T13:01:06Z,,Emile Smith Rowe,Fulham,MID,5.5,4.223,4.196,20.98,5,3.6,0.84,69.0,2.0,2.2,80.0,0.0,0.4,available,False
2026-09-07,2026-09-07T13:01:06Z,,Rodrigo,Man City,MID,6.5,4.198,4.241,21.2,5,2.8,0.0,59.4,0.0,3.3,69.0,0.0,0.1,injured,True
2026-09-07,2026-09-07T13:01:06Z,,Daichi Kamada,Crystal Palace,MID,5.0,4.193,4.188,20.94,5,3.0,0.79,66.0,1.5,2.4,67.0,0.0,0.3,available,False
2026-09-07,2026-09-07T13:01:06Z,,Justin Devenny,Crystal Palace,MID,5.0,4.179,4.175,20.87,5,3.0,0.5,63.8,1.5,1.7,36.0,0.0,0.0,available,False
2026-09-07,2026-09-07T13:01:06Z,,Brennan Johnson,Crystal Palace,MID,6.0,4.176,4.167,20.83,5,3.0,0.85,76.4,2.1,1.9,65.0,0.0,0.2,available,False
2026-09-07,2026-09-07T13:01:06Z,,Keane Lewis-Potter,Brentford,MID,5.5,4.173,4.178,20.89,5,3.0,0.87,89.8,2.0,3.2,115.0,0.0,0.6,available,False
2026-09-07,2026-09-07T13:01:06Z,,Bryan Mbeumo,Man Utd,MID,8.0,4.172,4.183,20.91,5,2.8,0.86,66.2,2.8,4.5,148.0,0.0,13.3,available,False
2026-09-07,2026-09-07T13:01:06Z,,Vitaly Janelt,Brentford,MID,5.0,4.154,4.159,20.8,5,3.0,0.72,63.4,1.5,3.0,74.0,0.0,0.1,available,False
2026-09-07,2026-09-07T13:01:06Z,,Murillo,Nott'm Forest,DEF,5.5,4.144,4.15,20.75,5,3.0,0.75,90.0,1.9,3.3,83.0,0.0,0.2,doubtful,False
2026-09-07,2026-09-07T13:01:06Z,,Adam Wharton,Crystal Palace,MID,5.5,4.141,4.135,20.68,5,3.0,0.53,69.0,1.5,3.3,112.0,0.0,0.2,doubtful,False
2026-09-07,2026-09-07T13:01:06Z,,Adam Smith,Bournemouth,DEF,4.5,4.14,4.121,20.6,5,3.6,0.8,69.2,1.7,2.6,58.0,0.0,0.1,available,False
2026-09-07,2026-09-07T13:01:06Z,,Igor Jesus,Nott'm Forest,FWD,6.0,4.133,4.143,20.71,5,3.0,0.79,64.8,2.0,3.1,114.0,0.0,3.9,available,False
2026-09-07,2026-09-07T13:01:06Z,,Ben Johnson,Ipswich Town,DEF,4.0,4.122,4.11,20.55,5,3.2,0.87,79.2,1.0,0.0,0.0,0.0,0.2,available,False
2026-09-07,2026-09-07T13:01:06Z,,Nicolò Savona,Nott'm Forest,DEF,4.5,4.089,4.095,20.47,5,3.0,0.0,79.2,0.0,2.8,39.0,0.0,0.0,injured,True
2026-09-07,2026-09-07T13:01:06Z,,Rayan Cherki,Man City,MID,7.5,4.073,4.136,20.68,5,2.8,0.61,57.0,2.6,4.1,135.0,0.0,9.9,available,False
2026-09-07,2026-09-07T13:01:06Z,,William Osula,Newcastle,FWD,6.0,4.013,4.021,20.1,5,3.0,0.74,76.0,2.0,3.2,76.0,0.0,2.4,available,False
2026-09-07,2026-09-07T13:01:06Z,,Kristoffer Ajer,Brentford,DEF,4.5,4.012,4.016,20.08,5,3.0,0.54,55.4,1.7,2.8,76.0,0.0,0.5,available,False
2026-09-07,2026-09-07T13:01:06Z,,Cristhian Mosquera,Arsenal,DEF,5.5,3.994,3.982,19.91,5,3.2,0.43,47.0,2.5,2.0,40.0,0.0,16.8,available,False
2026-09-07,2026-09-07T13:01:06Z,,Ian Maatsen,Aston Villa,DEF,4.5,3.984,3.979,19.9,5,3.0,0.61,52.0,1.7,1.8,54.0,0.0,0.6,available,False
2026-09-07,2026-09-07T13:01:06Z,,Tetê,Fulham,DEF,4.5,3.984,3.933,19.66,5,3.6,0.69,51.0,1.7,3.7,81.0,0.0,0.2,available,False
2026-09-07,2026-09-07T13:01:06Z,,Alex Iwobi,Fulham,MID,5.5,3.979,3.937,19.69,5,3.6,1.0,76.0,2.0,3.6,103.0,0.0,0.9,available,False
2026-09-07,2026-09-07T13:01:06Z,,Luke O'Nien,Sunderland,DEF,4.0,3.962,3.95,19.75,5,3.2,0.56,72.6,1.0,2.2,26.0,0.0,2.3,available,False
2026-09-07,2026-09-07T13:01:06Z,,Tyrone Mings,Aston Villa,DEF,4.5,3.96,3.955,19.78,5,3.0,0.95,90.0,1.7,2.9,50.0,0.0,0.2,available,False
2026-09-07,2026-09-07T13:01:06Z,,Luke Woolfenden,Coventry City,DEF,4.0,3.958,3.941,19.71,5,3.4,0.67,72.0,1.0,0.0,0.0,0.0,0.3,available,False
2026-09-07,2026-09-07T13:01:06Z,,Sandro Tonali,Spurs,MID,5.5,3.866,3.884,19.42,5,2.8,0.98,89.0,2.0,2.3,81.0,0.0,3.0,available,False
2026-09-07,2026-09-07T13:01:06Z,,Tim Iroegbunam,Everton,MID,5.0,3.83,3.834,19.17,5,3.0,0.62,58.6,1.5,2.3,68.0,0.0,0.1,available,False
2026-09-07,2026-09-07T13:01:06Z,,Lucas Digne,Aston Villa,DEF,4.5,3.82,3.814,19.07,5,3.0,0.63,58.8,1.7,3.1,97.0,0.0,1.4,available,False
2026-09-07,2026-09-07T13:01:06Z,,Wes Burns,Ipswich Town,MID,5.0,3.814,3.803,19.02,5,3.2,0.77,65.8,1.5,0.0,0.0,0.0,0.1,available,False
2026-09-07,2026-09-07T13:01:06Z,,Issa Diop,Ipswich Town,DEF,4.0,3.805,3.793,18.97,5,3.2,0.76,81.0,1.0,2.4,31.0,0.0,21.4,available,False
2026-09-07,2026-09-07T13:01:06Z,,Lamare Bogarde,Aston Villa,MID,5.0,3.787,3.783,18.91,5,3.0,0.55,61.8,1.5,1.4,40.0,0.0,0.1,available,False
2026-09-07,2026-09-07T13:01:06Z,,Dejan Kulusevski,Spurs,MID,6.5,3.754,3.783,18.91,5,2.8,0.0,48.2,0.0,0.0,0.0,0.0,0.0,injured,True
2026-09-07,2026-09-07T13:01:06Z,,Danny Welbeck,Brighton,FWD,6.0,3.732,3.742,18.71,5,3.0,0.77,61.6,2.0,3.4,126.0,0.0,3.0,available,False
2026-09-07,2026-09-07T13:01:06Z,,Mamadou Sarr,Chelsea,DEF,4.5,3.723,3.721,18.6,5,3.0,1.0,81.0,1.7,1.0,3.0,0.0,0.1,available,False
2026-09-07,2026-09-07T13:01:06Z,,Myles Lewis-Skelly,Arsenal,MID,5.5,3.613,3.601,18.0,5,3.2,0.46,64.0,2.0,1.4,29.0,0.0,0.3,available,False
2026-09-07,2026-09-07T13:01:06Z,,Omar Marmoush,Man City,FWD,7.0,3.613,3.648,18.24,5,2.8,0.55,49.6,2.2,2.7,56.0,0.0,0.6,available,False
2026-09-07,2026-09-07T13:01:06Z,,John McGinn,Aston Villa,MID,5.5,3.588,3.579,17.9,5,3.0,0.99,83.6,2.0,3.4,103.0,0.0,2.7,available,False
2026-09-07,2026-09-07T13:01:06Z,,Simon Adingra,Sunderland,MID,5.0,3.578,3.562,17.81,5,3.2,0.75,60.8,1.5,2.4,34.0,0.0,0.4,available,False
2026-09-07,2026-09-07T13:01:06Z,,Chris Rigg,Sunderland,MID,5.0,3.576,3.562,17.81,5,3.2,0.97,74.0,1.5,2.0,36.0,0.0,0.1,available,False
2026-09-07,2026-09-07T13:01:06Z,,Kai Havertz,Arsenal,FWD,7.5,3.526,3.492,17.46,5,3.2,0.73,54.8,2.3,3.0,36.0,0.0,4.3,available,False
2026-09-07,2026-09-07T13:01:06Z,,Tyler Adams,Bournemouth,MID,5.0,3.516,3.496,17.48,5,3.6,0.57,49.6,1.5,3.1,77.0,0.0,0.7,available,False
2026-09-07,2026-09-07T13:01:06Z,,Noah Okafor,Leeds,MID,6.0,3.513,3.561,17.8,5,2.8,0.64,52.2,2.1,3.9,109.0,0.0,0.9,available,False
2026-09-07,2026-09-07T13:01:06Z,,Benjamin Šeško,Man Utd,FWD,7.0,3.512,3.526,17.63,5,2.8,0.44,58.4,1.7,3.7,111.0,0.0,3.2,doubtful,False
2026-09-07,2026-09-07T13:01:06Z,,Tyler Fredricson,Man Utd,DEF,4.0,3.505,3.508,17.54,5,2.8,0.6,83.0,1.0,1.0,1.0,0.0,0.1,available,False
2026-09-07,2026-09-07T13:01:06Z,,Caoimhin Kelleher,Brentford,GKP,5.0,3.488,3.491,17.46,5,3.0,1.0,90.0,2.6,3.9,143.0,0.0,5.6,available,False
2026-09-07,2026-09-07T13:01:06Z,,Victor Lindelöf,Aston Villa,DEF,4.5,3.478,3.474,17.37,5,3.0,0.75,62.4,1.7,1.7,29.0,0.0,0.2,available,False
2026-09-07,2026-09-07T13:01:06Z,,Hákon Rafn Valdimarsson,Brentford,GKP,4.5,3.47,3.473,17.37,5,3.0,0.3,72.0,2.0,1.0,1.0,0.0,0.1,available,False
2026-09-07,2026-09-07T13:01:06Z,,Jack Hinshelwood,Brighton,MID,6.0,3.465,3.472,17.36,5,3.0,0.9,84.4,2.1,3.4,91.0,0.0,0.3,available,False
2026-09-07,2026-09-07T13:01:06Z,,Jeremie Frimpong,Liverpool,DEF,5.5,3.397,3.415,17.07,5,2.6,0.6,56.8,2.5,3.0,63.0,0.0,3.0,available,False
2026-09-07,2026-09-07T13:01:06Z,,Nilson Angulo,Sunderland,MID,5.0,3.377,3.363,16.81,5,3.2,0.59,52.0,1.5,1.6,13.0,0.0,0.1,available,False
2026-09-07,2026-09-07T13:01:06Z,,Giorgi Mamardashvili,Liverpool,GKP,5.0,3.36,3.37,16.85,5,2.6,1.0,83.6,2.6,3.4,34.0,0.0,0.2,available,False
2026-09-07,2026-09-07T13:01:06Z,,Alex Murphy,Newcastle,DEF,4.0,3.349,3.353,16.77,5,3.0,0.48,81.6,1.0,1.0,2.0,0.0,0.8,available,False
2026-09-07,2026-09-07T13:01:06Z,,Freddie Woodman,Liverpool,GKP,4.0,3.342,3.352,16.76,5,2.6,0.68,78.4,1.0,2.0,6.0,0.0,1.3,available,False
2026-09-07,2026-09-07T13:01:06Z,,Liam Delap,Chelsea,FWD,5.5,3.327,3.323,16.61,5,3.0,0.54,61.8,1.8,1.6,45.0,0.0,0.5,available,False
2026-09-07,2026-09-07T13:01:06Z,,Jørgen Strand Larsen,Crystal Palace,FWD,6.0,3.318,3.31,16.55,5,3.0,0.65,48.2,2.0,2.1,75.0,0.0,0.6,available,False
2026-09-07,2026-09-07T13:01:06Z,,Jacob Ramsey,Newcastle,MID,5.0,3.298,3.303,16.52,5,3.0,0.58,57.4,1.5,2.2,62.0,0.0,0.5,available,False
2026-09-07,2026-09-07T13:01:06Z,,James Trafford,Man City,GKP,5.0,3.296,3.307,16.53,5,2.8,1.0,90.0,2.6,3.2,13.0,0.0,0.9,available,False
2026-09-07,2026-09-07T13:01:06Z,,Altay Bayındır,Man Utd,GKP,4.5,3.282,3.285,16.42,5,2.8,1.0,90.0,2.0,1.8,11.0,0.0,0.2,available,False
2026-09-07,2026-09-07T13:01:06Z,,Karl Darlow,Man Utd,GKP,4.5,3.277,3.28,16.4,5,2.8,0.75,90.0,1.5,3.2,71.0,0.0,0.1,doubtful,False
2026-09-07,2026-09-07T13:01:06Z,,Antonín Kinský,Spurs,GKP,4.5,3.276,3.286,16.43,5,2.8,1.0,90.0,2.0,2.9,20.0,0.0,16.6,available,False
2026-09-07,2026-09-07T13:01:06Z,,Martin Dúbravka,Spurs,GKP,4.0,3.269,3.279,16.39,5,2.8,1.0,90.0,1.0,2.7,96.0,0.0,24.8,available,False
2026-09-07,2026-09-07T13:01:06Z,,Senne Lammens,Man Utd,GKP,5.0,3.268,3.271,16.35,5,2.8,1.0,90.0,2.6,3.4,109.0,0.0,20.1,available,False
2026-09-07,2026-09-07T13:01:06Z,,Guglielmo Vicario,Spurs,GKP,4.5,3.267,3.277,16.39,5,2.8,1.0,90.0,2.0,2.9,90.0,0.0,1.7,available,False
2026-09-07,2026-09-07T13:01:06Z,,Gianluigi Donnarumma,Man City,GKP,5.5,3.265,3.276,16.38,5,2.8,1.0,90.0,3.3,4.0,135.0,0.0,11.2,available,False
2026-09-07,2026-09-07T13:01:06Z,,Chemsdine Talbi,Sunderland,MID,5.5,3.26,3.237,16.18,5,3.2,0.74,74.0,2.0,3.0,83.0,0.0,0.2,available,False
2026-09-07,2026-09-07T13:01:06Z,,Archie Gray,Spurs,MID,5.0,3.229,3.242,16.21,5,2.8,0.94,83.0,1.5,2.5,61.0,0.0,0.2,available,False
2026-09-07,2026-09-07T13:01:06Z,,Dean Henderson,Crystal Palace,GKP,5.0,3.209,3.206,16.03,5,3.0,1.0,90.0,2.6,3.5,131.0,0.0,3.1,available,False
2026-09-07,2026-09-07T13:01:06Z,,Mark Travers,Everton,GKP,5.0,3.208,3.211,16.06,5,3.0,1.0,90.0,2.6,0.0,0.0,0.0,0.1,available,False
2026-09-07,2026-09-07T13:01:06Z,,Bart Verbruggen,Brighton,GKP,4.5,3.206,3.209,16.05,5,3.0,1.0,90.0,2.0,3.4,130.0,0.0,16.9,available,False
2026-09-07,2026-09-07T13:01:06Z,,Nick Pope,Newcastle,GKP,5.0,3.204,3.207,16.04,5,3.0,1.0,90.0,2.6,3.6,96.0,0.0,1.0,available,False
2026-09-07,2026-09-07T13:01:06Z,,Loum Tchaouna,Coventry City,MID,5.5,3.198,3.166,15.83,5,3.4,0.68,70.0,2.0,0.0,0.0,0.0,0.1,available,False
2026-09-07,2026-09-07T13:01:06Z,,Marco Bizot,Aston Villa,GKP,4.5,3.193,3.189,15.95,5,3.0,0.81,81.0,2.0,2.3,16.0,0.0,0.1,available,False
2026-09-07,2026-09-07T13:01:06Z,,Jason Steele,Brighton,GKP,4.0,3.192,3.195,15.98,5,3.0,1.0,90.0,1.0,0.0,0.0,0.0,5.4,available,False
2026-09-07,2026-09-07T13:01:06Z,,Jordan Pickford,Everton,GKP,5.5,3.19,3.193,15.97,5,3.0,1.0,90.0,3.3,3.6,135.0,0.0,9.0,available,False
2026-09-07,2026-09-07T13:01:06Z,,Noni Madueke,Arsenal,MID,6.5,3.188,3.169,15.85,5,3.2,0.61,47.0,2.3,2.8,72.0,0.0,0.4,available,False
2026-09-07,2026-09-07T13:01:06Z,,Matz Sels,Nott'm Forest,GKP,5.0,3.187,3.192,15.96,5,3.0,0.99,90.0,2.6,3.4,105.0,0.0,1.4,available,False
2026-09-07,2026-09-07T13:01:06Z,,Robin Roefs,Sunderland,GKP,5.0,3.17,3.161,15.8,5,3.2,1.0,90.0,2.6,3.9,136.0,0.0,5.8,available,False
2026-09-07,2026-09-07T13:01:06Z,,Melker Ellborg,Sunderland,GKP,4.5,3.164,3.155,15.77,5,3.2,1.0,90.0,2.0,5.3,16.0,0.0,0.1,available,False
2026-09-07,2026-09-07T13:01:06Z,,Evann Guessand,Aston Villa,MID,5.5,3.156,3.149,15.74,5,3.0,0.56,53.0,2.0,2.1,44.0,0.0,0.0,available,False
2026-09-07,2026-09-07T13:01:06Z,,Alex Palmer,Ipswich Town,GKP,4.0,3.151,3.142,15.71,5,3.2,1.0,90.0,1.0,0.0,0.0,0.0,6.5,available,False
2026-09-07,2026-09-07T13:01:06Z,,Illan Meslier,Arsenal,GKP,5.0,3.148,3.139,15.69,5,3.2,1.0,90.0,2.6,0.0,0.0,0.0,0.1,available,False
2026-09-07,2026-09-07T13:01:06Z,,Christian Walton,Ipswich Town,GKP,4.5,3.141,3.132,15.66,5,3.2,1.0,90.0,2.0,0.0,0.0,0.0,0.7,available,False
2026-09-07,2026-09-07T13:01:06Z,,Habib Diarra,Sunderland,MID,5.5,3.136,3.112,15.56,5,3.2,0.68,55.2,2.0,3.2,65.0,0.0,0.1,available,False
2026-09-07,2026-09-07T13:01:06Z,,Chiedozie Ogbene,Ipswich Town,MID,5.0,3.111,3.098,15.49,5,3.2,0.65,54.4,1.5,0.0,0.0,0.0,0.0,available,False
2026-09-07,2026-09-07T13:01:06Z,,Martin Ødegaard,Arsenal,MID,6.5,3.107,3.064,15.32,5,3.2,0.51,52.2,2.3,3.1,74.0,0.0,2.9,available,False
2026-09-07,2026-09-07T13:01:06Z,,Wilson Odobert,Spurs,MID,5.5,3.062,3.095,15.48,5,2.8,0.0,53.2,0.0,1.9,46.0,0.0,0.0,injured,True
2026-09-07,2026-09-07T13:01:06Z,,Rio Ngumoha,Liverpool,MID,6.0,3.05,3.072,15.36,5,2.6,0.45,51.8,2.1,2.3,43.0,0.0,1.6,available,False
2026-09-07,2026-09-07T13:01:06Z,,Bernd Leno,Fulham,GKP,4.5,3.033,3.016,15.08,5,3.6,1.0,90.0,2.0,3.2,122.0,0.0,3.2,available,False
2026-09-07,2026-09-07T13:01:06Z,,Fraser Forster,Bournemouth,GKP,4.0,3.028,3.012,15.06,5,3.6,1.0,90.0,1.0,0.0,0.0,0.0,3.2,available,False
2026-09-07,2026-09-07T13:01:06Z,,Đorđe Petrović,Bournemouth,GKP,4.5,3.025,3.009,15.05,5,3.6,1.0,90.0,2.0,3.3,124.0,0.0,3.5,available,False
2026-09-07,2026-09-07T13:01:06Z,,Harrison Armstrong,Everton,MID,5.0,2.935,2.939,14.69,5,3.0,0.65,52.6,1.5,1.6,21.0,0.0,0.1,available,False
2026-09-07,2026-09-07T13:01:06Z,,Omari Hutchinson,Nott'm Forest,MID,5.5,2.925,2.933,14.66,5,3.0,0.59,52.2,2.0,2.6,82.0,0.0,0.2,available,False
2026-09-07,2026-09-07T13:01:06Z,,Miloš Kerkez,Liverpool,DEF,5.5,2.914,2.928,14.64,5,2.6,0.57,47.8,2.5,2.5,85.0,0.0,6.3,available,False
2026-09-07,2026-09-07T13:01:06Z,,Mason Mount,Man Utd,MID,5.5,2.895,2.899,14.49,5,2.8,0.62,54.0,2.0,2.5,58.0,0.0,0.1,available,False
2026-09-07,2026-09-07T13:01:06Z,,Borna Sosa,Crystal Palace,DEF,4.5,2.885,2.881,14.41,5,3.0,0.36,58.4,1.7,0.9,6.0,0.0,0.1,available,False
2026-09-07,2026-09-07T13:01:06Z,,Chris Wood,Nott'm Forest,FWD,6.0,2.756,2.769,13.85,5,3.0,0.65,55.0,2.0,2.7,41.0,0.0,1.8,available,False
2026-09-07,2026-09-07T13:01:06Z,,Will Hughes,Crystal Palace,MID,4.5,2.753,2.749,13.75,5,3.0,0.74,53.0,1.0,1.5,45.0,0.0,10.1,available,False
2026-09-07,2026-09-07T13:01:06Z,,Justin Kluivert,Bournemouth,MID,6.0,2.745,2.699,13.5,5,3.6,0.58,57.2,2.1,2.0,41.0,0.0,0.8,available,False
2026-09-07,2026-09-07T13:01:06Z,,Estêvão,Chelsea,MID,6.5,2.713,2.709,13.54,5,3.0,0.69,54.0,2.3,2.6,58.0,0.0,1.4,available,False
2026-09-07,2026-09-07T13:01:06Z,,Joe Willock,Newcastle,MID,5.0,2.697,2.703,13.51,5,3.0,0.54,58.6,1.5,1.6,38.0,0.0,0.1,available,False
2026-09-07,2026-09-07T13:01:06Z,,Ross Barkley,Aston Villa,MID,5.0,2.683,2.676,13.38,5,3.0,0.49,59.2,1.5,2.7,56.0,0.0,0.2,available,False
2026-09-07,2026-09-07T13:01:06Z,,Amad Diallo,Man Utd,MID,6.0,2.628,2.634,13.17,5,2.8,0.7,53.0,2.1,2.8,91.0,0.0,1.5,available,False
2026-09-07,2026-09-07T13:01:06Z,,Tyler Dibling,Everton,MID,5.5,2.581,2.585,12.93,5,3.0,0.54,51.4,2.0,1.3,18.0,0.0,0.1,available,False
2026-09-07,2026-09-07T13:01:06Z,,Neto,Chelsea,MID,6.5,2.573,2.571,12.86,5,3.0,1.0,90.0,2.3,3.7,125.0,0.0,1.2,available,False
2026-09-07,2026-09-07T13:01:06Z,,Viktor Gyökeres,Arsenal,FWD,7.5,2.541,2.514,12.57,5,3.2,0.54,48.2,2.3,3.6,128.0,0.0,13.9,available,False
2026-09-07,2026-09-07T13:01:06Z,,Jacob Murphy,Newcastle,MID,6.0,2.448,2.454,12.27,5,3.0,0.59,47.6,2.1,2.5,82.0,0.0,0.2,available,False
2026-09-07,2026-09-07T13:01:06Z,,Matt Targett,Hull City,DEF,4.0,2.388,2.376,11.88,5,3.2,0.36,49.8,1.0,0.0,0.0,0.0,1.7,available,False
2026-09-07,2026-09-07T13:01:06Z,,Harvey Barnes,Newcastle,MID,6.0,2.371,2.38,11.9,5,3.0,0.46,48.0,2.1,2.9,106.0,0.0,1.0,available,False
2026-09-07,2026-09-07T13:01:06Z,,Callum Hudson-Odoi,Nott'm Forest,MID,6.0,2.355,2.364,11.82,5,3.0,0.57,56.4,1.6,2.9,88.0,0.0,0.0,doubtful,False
2026-09-07,2026-09-07T13:01:06Z,,Dilane Bakwa,Nott'm Forest,MID,5.5,2.335,2.344,11.72,5,3.0,0.52,45.8,2.0,1.9,26.0,0.0,0.0,available,False
2026-09-07,2026-09-07T13:01:06Z,,Ilia Gruev,Leeds,MID,5.0,2.236,2.25,11.25,5,2.8,0.65,57.6,1.5,2.4,56.0,0.0,0.0,available,False
2026-09-07,2026-09-07T13:01:06Z,,Jordan Henderson,Brentford,MID,5.0,2.162,2.166,10.83,5,3.0,0.49,56.0,1.1,2.4,76.0,0.0,0.0,doubtful,False
2026-09-07,2026-09-07T13:01:06Z,,Jack Taylor,Ipswich Town,MID,4.5,2.158,2.146,10.73,5,3.2,0.42,58.6,1.0,0.0,0.0,0.0,0.5,available,False
2026-09-07,2026-09-07T13:01:06Z,,Ethan Nwaneri,Arsenal,MID,5.5,2.0,1.985,9.92,5,3.2,0.12,46.0,2.0,1.3,8.0,0.0,0.0,available,False
2026-09-07,2026-09-07T13:01:06Z,,Tom Cairney,Fulham,MID,5.0,1.884,1.86,9.3,5,3.6,0.47,51.2,1.5,1.7,41.0,0.0,0.0,available,False
2026-09-08,2026-09-08T11:44:19Z,,Bukayo Saka,Arsenal,MID,9.5,8.993,8.881,44.41,5,3.2,0.93,79.0,3.2,5.1,157.0,0.0,10.8,available,False
2026-09-08,2026-09-08T11:44:19Z,,Jérémy Doku,Man City,MID,7.5,8.003,8.111,40.55,5,2.8,0.74,75.4,2.6,4.0,120.0,0.0,6.6,available,False
2026-09-08,2026-09-08T11:44:19Z,,Hugo Ekitiké,Liverpool,FWD,7.5,7.267,7.357,36.78,5,2.6,0.0,86.8,0.0,4.5,125.0,0.0,0.2,injured,True
2026-09-08,2026-09-08T11:44:19Z,,Erling Haaland,Man City,FWD,15.5,6.625,6.716,33.58,5,2.8,0.99,90.0,4.0,6.8,239.0,0.0,74.9,available,False
2026-09-08,2026-09-08T11:44:19Z,,Cody Gakpo,Liverpool,MID,7.0,6.338,6.401,32.0,5,2.6,0.95,83.0,2.4,3.6,131.0,0.0,3.4,available,False
2026-09-08,2026-09-08T11:44:19Z,,Dominic Calvert-Lewin,Leeds,FWD,6.0,6.327,6.384,31.92,5,2.8,0.94,89.6,2.0,4.1,142.0,0.0,17.7,available,False
2026-09-08,2026-09-08T11:44:19Z,,João Pedro,Chelsea,FWD,7.5,6.171,6.162,30.81,5,3.0,0.95,85.8,2.3,5.1,177.0,0.0,48.8,available,False
2026-09-08,2026-09-08T11:44:19Z,,Pedro Porro,Spurs,DEF,5.5,6.087,6.111,30.55,5,2.8,0.98,90.0,2.5,3.4,117.0,0.0,23.9,available,False
2026-09-08,2026-09-08T11:44:19Z,,Richarlison,Spurs,FWD,6.0,6.066,6.115,30.58,5,2.8,0.73,76.0,2.0,3.7,119.0,0.0,1.6,available,False
2026-09-08,2026-09-08T11:44:19Z,,Cristian Romero,Spurs,DEF,5.0,5.908,5.922,29.61,5,2.8,0.98,68.6,2.2,4.0,91.0,0.0,1.0,available,False
2026-09-08,2026-09-08T11:44:19Z,,Rayan Aït-Nouri,Man City,DEF,5.5,5.879,5.899,29.5,5,2.8,0.82,63.6,2.5,3.5,60.0,0.0,1.0,available,False
2026-09-08,2026-09-08T11:44:19Z,,Cole Palmer,Chelsea,MID,9.5,5.866,5.854,29.27,5,3.0,0.97,89.8,3.2,4.4,114.0,0.0,13.2,available,False
2026-09-08,2026-09-08T11:44:19Z,,Sepp van den Berg,Brentford,DEF,5.0,5.813,5.817,29.09,5,3.0,0.99,90.0,2.2,3.5,113.0,0.0,0.7,available,False
2026-09-08,2026-09-08T11:44:19Z,,James Justin,Leeds,DEF,4.5,5.792,5.806,29.03,5,2.8,0.91,90.0,1.7,3.2,94.0,0.0,0.5,available,False
2026-09-08,2026-09-08T11:44:19Z,,Jan Paul van Hecke,Spurs,DEF,5.0,5.763,5.777,28.88,5,2.8,1.0,90.0,2.2,4.1,148.0,0.0,8.3,available,False
2026-09-08,2026-09-08T11:44:19Z,,Dominik Szoboszlai,Liverpool,MID,7.0,5.761,5.803,29.01,5,2.6,1.0,90.0,2.4,4.4,160.0,0.0,45.6,available,False
2026-09-08,2026-09-08T11:44:19Z,,Kevin Danso,Spurs,DEF,5.0,5.738,5.752,28.76,5,2.8,0.92,90.0,2.2,2.6,63.0,0.0,0.2,available,False
2026-09-08,2026-09-08T11:44:19Z,,Enzo Le Fée,Sunderland,MID,6.0,5.714,5.684,28.42,5,3.2,0.97,90.0,2.1,4.1,147.0,0.0,7.1,available,False
2026-09-08,2026-09-08T11:44:19Z,,Sven Botman,Newcastle,DEF,5.0,5.703,5.707,28.54,5,3.0,0.96,90.0,2.2,3.6,89.0,0.0,0.4,available,False
2026-09-08,2026-09-08T11:44:19Z,,Marc Guéhi,Man City,DEF,6.0,5.679,5.693,28.46,5,2.8,1.0,90.0,2.8,5.1,179.0,0.0,24.9,available,False
2026-09-08,2026-09-08T11:44:19Z,,Antoine Semenyo,Man City,MID,8.5,5.648,5.718,28.59,5,2.8,1.0,75.0,2.9,5.5,202.0,0.0,20.3,available,False
2026-09-08,2026-09-08T11:44:19Z,,Maxence Lacroix,Crystal Palace,DEF,6.0,5.637,5.632,28.16,5,3.0,1.0,90.0,2.8,4.4,154.0,0.0,12.2,available,False
2026-09-08,2026-09-08T11:44:19Z,,Luke Shaw,Man Utd,DEF,4.5,5.635,5.638,28.19,5,2.8,1.0,86.6,1.7,3.0,113.0,0.0,21.0,available,False
2026-09-08,2026-09-08T11:44:19Z,,Michael Kayode,Brentford,DEF,4.5,5.614,5.618,28.09,5,3.0,1.0,90.0,1.7,3.1,113.0,0.0,5.1,available,False
2026-09-08,2026-09-08T11:44:19Z,,Gabriel Gudmundsson,Leeds,DEF,4.5,5.576,5.59,27.95,5,2.8,0.99,80.6,1.7,2.1,68.0,0.0,0.6,available,False
2026-09-08,2026-09-08T11:44:19Z,,Matthijs de Ligt,Man Utd,DEF,5.0,5.56,5.564,27.82,5,2.8,0.0,90.0,0.0,3.3,43.0,0.0,0.0,injured,True
2026-09-08,2026-09-08T11:44:19Z,,James Hill,Bournemouth,DEF,5.5,5.546,5.525,27.62,5,3.6,0.92,90.0,2.5,3.8,110.0,0.0,1.5,available,False
2026-09-08,2026-09-08T11:44:19Z,,Jacob Greaves,Ipswich Town,DEF,4.0,5.529,5.517,27.58,5,3.2,1.0,90.0,1.0,0.0,0.0,0.0,0.5,available,False
2026-09-08,2026-09-08T11:44:19Z,,Anton Stach,Leeds,MID,6.0,5.507,5.53,27.65,5,2.8,0.99,86.4,2.1,4.7,137.0,0.0,1.5,available,False
2026-09-08,2026-09-08T11:44:19Z,,Neco Williams,Nott'm Forest,DEF,5.0,5.503,5.509,27.55,5,3.0,0.87,81.2,2.2,3.5,128.0,0.0,12.7,available,False
2026-09-08,2026-09-08T11:44:19Z,,Piero Hincapié,Arsenal,DEF,5.5,5.497,5.484,27.42,5,3.2,0.69,60.8,2.5,3.5,87.0,0.0,5.3,available,False
2026-09-08,2026-09-08T11:44:19Z,,Adrien Truffert,Bournemouth,DEF,5.5,5.473,5.449,27.24,5,3.6,1.0,90.0,2.5,4.3,165.0,0.0,4.7,available,False
2026-09-08,2026-09-08T11:44:19Z,,Declan Rice,Arsenal,MID,7.5,5.469,5.442,27.21,5,3.2,0.99,84.8,2.6,5.1,184.0,0.0,22.0,available,False
2026-09-08,2026-09-08T11:44:19Z,,Antonee Robinson,Fulham,DEF,4.5,5.466,5.443,27.21,5,3.6,0.94,80.0,1.7,3.0,65.0,0.0,3.5,available,False
2026-09-08,2026-09-08T11:44:19Z,,Ola Aina,Nott'm Forest,DEF,4.5,5.455,5.461,27.3,5,3.0,1.0,89.8,1.7,3.7,67.0,0.0,5.0,available,False
2026-09-08,2026-09-08T11:44:19Z,,Jaydee Canvot,Crystal Palace,DEF,5.0,5.441,5.437,27.18,5,3.0,0.92,90.0,2.2,3.6,72.0,0.0,0.4,available,False
2026-09-08,2026-09-08T11:44:19Z,,Tyrick Mitchell,Crystal Palace,DEF,4.5,5.436,5.432,27.16,5,3.0,0.87,72.0,1.7,3.6,135.0,0.0,7.4,available,False
2026-09-08,2026-09-08T11:44:19Z,,Ethan Pinnock,Brentford,DEF,4.5,5.424,5.428,27.14,5,3.0,1.0,80.8,1.7,3.5,14.0,0.0,0.1,available,False
2026-09-08,2026-09-08T11:44:19Z,,Virgil van Dijk,Liverpool,DEF,6.5,5.419,5.438,27.19,5,2.6,1.0,90.0,3.1,4.6,175.0,0.0,15.5,available,False
2026-09-08,2026-09-08T11:44:19Z,,Harry Maguire,Man Utd,DEF,5.0,5.419,5.423,27.11,5,2.8,0.94,87.6,2.2,3.9,90.0,0.0,6.9,available,False
2026-09-08,2026-09-08T11:44:19Z,,Jayden Bogle,Leeds,DEF,4.5,5.418,5.435,27.17,5,2.8,0.98,80.8,1.7,2.8,96.0,0.0,0.4,available,False
2026-09-08,2026-09-08T11:44:19Z,,Nordi Mukiele,Sunderland,DEF,5.5,5.41,5.395,26.97,5,3.2,1.0,90.0,2.5,4.7,151.0,0.0,8.2,available,False
2026-09-08,2026-09-08T11:44:19Z,,Calvin Bassey,Fulham,DEF,4.5,5.392,5.37,26.85,5,3.6,0.99,90.0,1.7,3.4,103.0,0.0,0.5,available,False
2026-09-08,2026-09-08T11:44:19Z,,Max Alleyne,Man City,DEF,5.0,5.388,5.401,27.0,5,2.8,0.95,90.0,2.2,2.5,5.0,0.0,0.1,available,False
2026-09-08,2026-09-08T11:44:19Z,,Conor Bradley,Liverpool,DEF,5.0,5.381,5.393,26.96,5,2.6,0.0,62.2,0.0,2.8,42.0,0.0,0.0,injured,True
2026-09-08,2026-09-08T11:44:19Z,,Michael Keane,Everton,DEF,5.0,5.376,5.38,26.9,5,3.0,0.85,75.2,2.2,4.0,131.0,0.0,1.5,available,False
2026-09-08,2026-09-08T11:44:19Z,,Yankuba Minteh,Brighton,MID,6.0,5.365,5.374,26.87,5,3.0,0.94,87.2,2.1,3.4,117.0,0.0,0.7,available,False
2026-09-08,2026-09-08T11:44:19Z,,Enzo Fernández,Chelsea,MID,7.0,5.348,5.339,26.69,5,3.0,0.99,89.6,2.4,4.4,157.0,0.0,5.1,available,False
2026-09-08,2026-09-08T11:44:19Z,,Elliot Anderson,Man City,MID,6.5,5.342,5.362,26.81,5,2.8,0.87,81.0,2.3,4.7,180.0,0.0,12.2,available,False
2026-09-08,2026-09-08T11:44:19Z,,Jorrel Hato,Chelsea,DEF,4.5,5.342,5.34,26.7,5,3.0,0.83,90.0,1.7,0.9,19.0,0.0,1.6,available,False
2026-09-08,2026-09-08T11:44:19Z,,Pascal Struijk,Brighton,DEF,5.0,5.34,5.344,26.72,5,3.0,1.0,83.2,2.2,3.2,108.0,0.0,0.5,available,False
2026-09-08,2026-09-08T11:44:19Z,,Florian Wirtz,Liverpool,MID,7.5,5.304,5.362,26.81,5,2.6,0.82,71.2,2.6,3.8,125.0,0.0,11.1,available,False
2026-09-08,2026-09-08T11:44:19Z,,Ayden Heaven,Man Utd,DEF,4.5,5.294,5.298,26.49,5,2.8,0.81,69.0,1.7,2.5,42.0,0.0,0.4,available,False
2026-09-08,2026-09-08T11:44:19Z,,Marcus Tavernier,Bournemouth,MID,6.0,5.293,5.239,26.2,5,3.6,0.96,86.4,2.1,4.0,137.0,0.0,1.4,available,False
2026-09-08,2026-09-08T11:44:19Z,,Mats Wieffer,Brighton,DEF,5.0,5.29,5.294,26.47,5,3.0,0.95,66.6,2.2,3.6,94.0,0.0,0.4,available,False
2026-09-08,2026-09-08T11:44:19Z,,Omar Alderete,Sunderland,DEF,5.0,5.284,5.271,26.36,5,3.2,0.99,84.6,2.2,3.8,125.0,0.0,1.3,available,False
2026-09-08,2026-09-08T11:44:19Z,,James Garner,Everton,MID,6.0,5.279,5.284,26.42,5,3.0,0.0,90.0,0.0,4.2,159.0,0.0,2.0,injured,True
2026-09-08,2026-09-08T11:44:19Z,,Olivier Boscagli,Brighton,DEF,4.5,5.277,5.281,26.4,5,3.0,0.77,77.8,1.7,3.2,39.0,0.0,0.1,available,False
2026-09-08,2026-09-08T11:44:19Z,,James Tarkowski,Everton,DEF,6.0,5.276,5.281,26.4,5,3.0,1.0,90.0,2.8,4.6,170.0,0.0,10.2,available,False
2026-09-08,2026-09-08T11:44:19Z,,Malick Thiaw,Newcastle,DEF,5.0,5.27,5.274,26.37,5,3.0,0.99,90.0,2.2,3.6,126.0,0.0,2.5,available,False
2026-09-08,2026-09-08T11:44:19Z,,Trai Hume,Sunderland,DEF,4.5,5.266,5.248,26.24,5,3.2,0.85,71.2,1.7,2.9,110.0,0.0,1.4,available,False
2026-09-08,2026-09-08T11:44:19Z,,Fabian Schär,Newcastle,DEF,5.0,5.264,5.269,26.35,5,3.0,0.79,81.6,2.2,3.2,51.0,0.0,0.1,available,False
2026-09-08,2026-09-08T11:44:19Z,,Kenny Tete,Fulham,DEF,4.5,5.255,5.233,26.16,5,3.6,0.86,73.0,1.7,3.7,81.0,0.0,0.2,available,False
2026-09-08,2026-09-08T11:44:19Z,,Mathys Tel,Spurs,MID,6.0,5.249,5.283,26.42,5,2.8,0.54,68.4,2.1,2.5,78.0,0.0,0.2,available,False
2026-09-08,2026-09-08T11:44:19Z,,Rodrigo Bentancur,Spurs,MID,5.5,5.246,5.262,26.31,5,2.8,0.95,79.0,2.0,3.3,86.0,0.0,0.1,available,False
2026-09-08,2026-09-08T11:44:19Z,,João Gomes,Aston Villa,MID,5.5,5.237,5.231,26.16,5,3.0,0.96,88.8,2.0,3.0,85.0,0.0,0.3,available,False
2026-09-08,2026-09-08T11:44:19Z,,William Saliba,Arsenal,DEF,6.0,5.229,5.215,26.07,5,3.2,0.0,90.0,0.0,4.4,137.0,0.0,0.5,injured,True
2026-09-08,2026-09-08T11:44:19Z,,Jake O'Brien,Everton,DEF,5.0,5.226,5.23,26.15,5,3.0,0.99,84.6,2.2,3.1,116.0,0.0,0.6,available,False
2026-09-08,2026-09-08T11:44:19Z,,Dara O'Shea,Ipswich Town,DEF,4.0,5.223,5.21,26.05,5,3.2,1.0,90.0,1.0,0.0,0.0,0.0,1.2,available,False
2026-09-08,2026-09-08T11:44:19Z,,Jarrad Branthwaite,Everton,DEF,5.5,5.219,5.223,26.12,5,3.0,0.75,73.0,2.5,3.2,32.0,0.0,2.0,available,False
2026-09-08,2026-09-08T11:44:19Z,,Jurriën Timber,Arsenal,DEF,6.5,5.214,5.2,26.0,5,3.2,0.0,83.4,0.0,5.0,149.0,0.0,0.7,injured,True
2026-09-08,2026-09-08T11:44:19Z,,Matheus Nunes,Man City,DEF,6.0,5.211,5.225,26.12,5,2.8,0.98,83.6,2.8,4.5,154.0,0.0,5.5,available,False
2026-09-08,2026-09-08T11:44:19Z,,Mateus Fernandes,Spurs,MID,6.0,5.194,5.211,26.06,5,2.8,0.98,90.0,2.1,3.8,135.0,0.0,4.6,available,False
2026-09-08,2026-09-08T11:44:19Z,,Dango Ouattara,Brentford,MID,6.5,5.181,5.193,25.97,5,3.0,0.79,76.2,2.3,4.2,136.0,0.0,1.5,available,False
2026-09-08,2026-09-08T11:44:19Z,,Mikkel Damsgaard,Brentford,MID,5.5,5.156,5.163,25.82,5,3.0,0.9,85.4,2.0,3.4,113.0,0.0,0.7,available,False
2026-09-08,2026-09-08T11:44:19Z,,Lewis Hall,Newcastle,DEF,5.0,5.153,5.158,25.79,5,3.0,0.81,67.4,2.2,2.6,79.0,0.0,4.6,available,False
2026-09-08,2026-09-08T11:44:19Z,,Iliman Ndiaye,Everton,MID,6.0,5.149,5.157,25.78,5,3.0,1.0,90.0,2.1,4.0,128.0,0.0,21.3,available,False
2026-09-08,2026-09-08T11:44:19Z,,Joachim Andersen,Fulham,DEF,5.0,5.147,5.126,25.63,5,3.6,0.0,90.0,0.0,3.7,123.0,0.0,0.1,suspended,True
2026-09-08,2026-09-08T11:44:19Z,,Reinildo Mandava,Sunderland,DEF,4.5,5.133,5.121,25.6,5,3.2,0.86,72.0,1.7,3.0,74.0,0.0,0.6,available,False
2026-09-08,2026-09-08T11:44:19Z,,Morgan Rogers,Chelsea,MID,7.5,5.122,5.115,25.58,5,3.0,1.0,87.6,2.6,4.6,169.0,0.0,33.9,available,False
2026-09-08,2026-09-08T11:44:19Z,,Boubacar Kamara,Aston Villa,MID,5.0,5.121,5.115,25.58,5,3.0,0.73,88.2,1.1,3.4,61.0,0.0,0.1,doubtful,False
2026-09-08,2026-09-08T11:44:19Z,,Alex Scott,Bournemouth,MID,6.0,5.113,5.086,25.43,5,3.6,0.98,89.8,2.1,3.7,136.0,0.0,1.6,available,False
2026-09-08,2026-09-08T11:44:19Z,,Lewis Dunk,Brighton,DEF,4.5,5.112,5.117,25.58,5,3.0,0.99,90.0,1.7,3.0,100.0,0.0,0.7,available,False
2026-09-08,2026-09-08T11:44:19Z,,Destiny Udogie,Spurs,DEF,4.5,5.108,5.122,25.61,5,2.8,0.87,82.0,1.7,1.4,29.0,0.0,0.4,available,False
2026-09-08,2026-09-08T11:44:19Z,,Daniel Ballard,Sunderland,DEF,5.0,5.095,5.082,25.41,5,3.2,0.81,72.2,2.2,4.0,116.0,0.0,2.6,available,False
2026-09-08,2026-09-08T11:44:19Z,,Matty Cash,Aston Villa,DEF,4.5,5.078,5.073,25.36,5,3.0,1.0,88.0,1.7,3.3,117.0,0.0,8.2,available,False
2026-09-08,2026-09-08T11:44:19Z,,Beto,Everton,FWD,5.5,5.076,5.086,25.43,5,3.0,0.81,70.8,1.8,2.8,104.0,0.0,3.4,available,False
2026-09-08,2026-09-08T11:44:19Z,,Nathan Collins,Brentford,DEF,5.5,5.074,5.078,25.39,5,3.0,0.96,90.0,2.5,3.7,129.0,0.0,2.0,available,False
2026-09-08,2026-09-08T11:44:19Z,,Ethan Ampadu,Leeds,MID,5.5,5.072,5.086,25.43,5,2.8,1.0,90.0,2.0,3.8,134.0,0.0,1.3,available,False
2026-09-08,2026-09-08T11:44:19Z,,Nico O'Reilly,Man City,DEF,6.5,5.066,5.082,25.41,5,2.8,0.94,84.8,3.1,4.7,160.0,0.0,24.2,available,False
2026-09-08,2026-09-08T11:44:19Z,,Noussair Mazraoui,Man Utd,DEF,4.5,5.058,5.062,25.31,5,2.8,0.7,76.0,1.7,2.6,53.0,0.0,0.8,available,False
2026-09-08,2026-09-08T11:44:19Z,,Jaka Bijol,Leeds,DEF,5.0,5.043,5.056,25.28,5,2.8,0.93,84.8,2.2,4.0,99.0,0.0,0.4,available,False
2026-09-08,2026-09-08T11:44:19Z,,Joelinton,Newcastle,MID,5.5,5.038,5.042,25.21,5,3.0,0.61,75.4,1.5,2.7,73.0,0.0,0.0,doubtful,False
2026-09-08,2026-09-08T11:44:19Z,,Ben Davies,Spurs,DEF,4.0,5.017,5.031,25.16,5,2.8,0.56,64.6,1.0,3.3,10.0,0.0,0.7,available,False
2026-09-08,2026-09-08T11:44:19Z,,Harry Amass,Man Utd,DEF,4.0,5.015,5.02,25.1,5,2.8,0.75,66.25,1.0,0.0,0.0,0.0,0.2,available,False
2026-09-08,2026-09-08T11:44:19Z,,John Egan,Hull City,DEF,4.0,5.006,4.994,24.97,5,3.2,1.0,85.6,1.0,0.0,0.0,0.0,0.8,available,False
2026-09-08,2026-09-08T11:44:19Z,,Chris Richards,Crystal Palace,DEF,5.0,5.005,5.001,25.0,5,3.0,0.87,74.8,2.2,3.9,128.0,0.0,0.8,available,False
2026-09-08,2026-09-08T11:44:19Z,,Ryan Sessegnon,Fulham,DEF,4.5,4.994,4.97,24.85,5,3.6,0.68,62.2,1.7,3.5,95.0,0.0,0.4,available,False
2026-09-08,2026-09-08T11:44:19Z,,Kiernan Dewsbury-Hall,Everton,MID,6.5,4.994,5.001,25.0,5,3.0,0.99,89.6,2.3,4.9,151.0,0.0,4.3,available,False
2026-09-08,2026-09-08T11:44:19Z,,Dan Burn,Newcastle,DEF,5.0,4.98,4.984,24.92,5,3.0,0.7,60.2,2.2,3.2,93.0,0.0,2.7,available,False
2026-09-08,2026-09-08T11:44:19Z,,Youri Tielemans,Man Utd,MID,6.0,4.98,4.984,24.92,5,2.8,0.71,86.6,1.6,2.7,68.0,0.0,1.0,doubtful,False
2026-09-08,2026-09-08T11:44:19Z,,Timothy Castagne,Fulham,DEF,4.5,4.979,4.954,24.77,5,3.6,0.93,88.6,1.7,2.0,61.0,0.0,0.2,available,False
2026-09-08,2026-09-08T11:44:19Z,,Lisandro Martínez,Man Utd,DEF,5.0,4.97,4.974,24.87,5,2.8,0.69,83.2,1.6,2.8,51.0,0.0,1.3,doubtful,False
2026-09-08,2026-09-08T11:44:19Z,,Mohammed Kudus,Spurs,MID,6.5,4.967,4.995,24.97,5,2.8,0.75,78.6,1.7,3.9,75.0,0.0,0.3,doubtful,False
2026-09-08,2026-09-08T11:44:19Z,,Pape Matar Sarr,Spurs,MID,5.0,4.966,4.986,24.93,5,2.8,0.58,64.0,1.5,2.7,71.0,0.0,0.4,available,False
2026-09-08,2026-09-08T11:44:19Z,,Wesley Fofana,Chelsea,DEF,5.0,4.952,4.95,24.75,5,3.0,0.0,77.4,0.0,2.6,65.0,0.0,0.0,suspended,True
2026-09-08,2026-09-08T11:44:19Z,,Lewis Miley,Newcastle,MID,5.5,4.914,4.918,24.59,5,3.0,0.0,76.6,0.0,3.1,72.0,0.0,0.0,injured,True
2026-09-08,2026-09-08T11:44:19Z,,Malo Gusto,Chelsea,DEF,5.0,4.886,4.882,24.41,5,3.0,0.9,87.6,2.2,2.8,96.0,0.0,1.2,available,False
2026-09-08,2026-09-08T11:44:19Z,,Ryan Gravenberch,Liverpool,MID,6.0,4.872,4.894,24.47,5,2.6,0.86,69.4,2.1,4.0,144.0,0.0,1.7,available,False
2026-09-08,2026-09-08T11:44:19Z,,Sebastiaan Bornauw,Leeds,DEF,4.5,4.864,4.876,24.38,5,2.8,0.8,67.4,1.7,2.1,25.0,0.0,0.0,available,False
2026-09-08,2026-09-08T11:44:19Z,,Nathan Patterson,Everton,DEF,4.5,4.826,4.83,24.15,5,3.0,0.78,65.6,1.7,3.1,22.0,0.0,0.1,available,False
2026-09-08,2026-09-08T11:44:19Z,,Yehor Yarmoliuk,Brentford,MID,5.0,4.822,4.827,24.13,5,3.0,0.92,87.8,1.5,2.8,104.0,0.0,1.4,available,False
2026-09-08,2026-09-08T11:44:19Z,,Alexis Mac Allister,Liverpool,MID,5.5,4.818,4.846,24.23,5,2.6,0.81,75.8,2.0,2.9,108.0,0.0,1.9,available,False
2026-09-08,2026-09-08T11:44:19Z,,Mathias Jensen,Brentford,MID,5.5,4.803,4.809,24.04,5,3.0,0.9,84.6,2.0,2.7,98.0,0.0,0.1,available,False
2026-09-08,2026-09-08T11:44:19Z,,Jaidon Anthony,Brentford,MID,6.0,4.803,4.813,24.07,5,3.0,0.94,87.4,2.1,0.0,0.0,0.0,0.3,available,False
2026-09-08,2026-09-08T11:44:19Z,,Abdukodir Khusanov,Man City,DEF,5.5,4.802,4.815,24.08,5,2.8,0.89,90.0,2.5,3.2,67.0,0.0,2.0,available,False
2026-09-08,2026-09-08T11:44:19Z,,Pascal Groß,Brighton,MID,5.5,4.802,4.812,24.06,5,3.0,0.96,90.0,2.0,4.1,78.0,0.0,2.0,available,False
2026-09-08,2026-09-08T11:44:19Z,,Jack Grealish,Man City,MID,6.5,4.796,4.822,24.11,5,2.8,0.84,74.4,2.3,4.0,79.0,0.0,0.3,available,False
2026-09-08,2026-09-08T11:44:19Z,,Conor Gallagher,Spurs,MID,5.5,4.791,4.814,24.07,5,2.8,0.8,87.0,2.0,2.8,44.0,0.0,0.2,available,False
2026-09-08,2026-09-08T11:44:19Z,,Ryan Christie,Bournemouth,MID,5.0,4.787,4.76,23.8,5,3.6,0.0,60.4,0.0,1.8,47.0,0.0,0.1,suspended,True
2026-09-08,2026-09-08T11:44:19Z,,Kobbie Mainoo,Man Utd,MID,5.5,4.784,4.788,23.94,5,2.8,0.83,90.0,2.0,2.6,73.0,0.0,1.3,available,False
2026-09-08,2026-09-08T11:44:19Z,,Zach Abbott,Nott'm Forest,DEF,4.0,4.775,4.78,23.9,5,3.0,0.5,60.5,1.0,1.0,3.0,0.0,0.2,available,False
2026-09-08,2026-09-08T11:44:19Z,,Leny Yoro,Man Utd,DEF,5.0,4.774,4.777,23.89,5,2.8,0.73,75.4,2.2,1.8,56.0,0.0,0.6,available,False
2026-09-08,2026-09-08T11:44:19Z,,Granit Xhaka,Sunderland,MID,5.5,4.767,4.744,23.72,5,3.2,0.98,90.0,2.0,3.6,124.0,0.0,6.5,available,False
2026-09-08,2026-09-08T11:44:19Z,,Ferdi Kadıoğlu,Brighton,DEF,4.5,4.752,4.757,23.78,5,3.0,0.97,90.0,1.7,3.2,118.0,0.0,3.1,available,False
2026-09-08,2026-09-08T11:44:19Z,,Joško Gvardiol,Man City,DEF,5.5,4.747,4.764,23.82,5,2.8,0.86,64.4,2.5,4.4,79.0,0.0,6.5,available,False
2026-09-08,2026-09-08T11:44:19Z,,Amadou Onana,Aston Villa,MID,5.0,4.736,4.731,23.65,5,3.0,0.0,90.0,0.0,3.0,76.0,0.0,0.0,injured,True
2026-09-08,2026-09-08T11:44:19Z,,Brian Brobbey,Sunderland,FWD,6.0,4.726,4.694,23.47,5,3.2,0.88,82.6,2.0,3.0,92.0,0.0,22.6,available,False
2026-09-08,2026-09-08T11:44:19Z,,Joe Rodon,Leeds,DEF,4.5,4.722,4.735,23.68,5,2.8,0.87,81.0,1.7,3.1,109.0,0.0,2.3,available,False
2026-09-08,2026-09-08T11:44:19Z,,Nicolas Jackson,Chelsea,FWD,6.5,4.721,4.714,23.57,5,3.0,0.85,74.2,2.1,0.0,0.0,0.0,0.4,available,False
2026-09-08,2026-09-08T11:44:19Z,,Rico Henry,Brentford,DEF,4.5,4.72,4.724,23.62,5,3.0,0.83,88.6,1.7,2.1,52.0,0.0,0.2,available,False
2026-09-08,2026-09-08T11:44:19Z,,Chadi Riad,Crystal Palace,DEF,4.5,4.718,4.714,23.57,5,3.0,0.73,68.8,1.7,2.2,20.0,0.0,0.1,available,False
2026-09-08,2026-09-08T11:44:19Z,,Riccardo Calafiori,Arsenal,DEF,5.5,4.71,4.694,23.47,5,3.2,0.85,61.4,2.5,4.2,109.0,0.0,13.1,available,False
2026-09-08,2026-09-08T11:44:19Z,,Reece James,Chelsea,DEF,5.5,4.707,4.704,23.52,5,3.0,0.79,77.2,2.5,4.0,115.0,0.0,8.1,available,False
2026-09-08,2026-09-08T11:44:19Z,,Micky van de Ven,Spurs,DEF,5.0,4.695,4.71,23.55,5,2.8,1.0,90.0,2.2,3.3,116.0,0.0,6.0,available,False
2026-09-08,2026-09-08T11:44:19Z,,Evanilson,Bournemouth,FWD,6.0,4.684,4.642,23.21,5,3.6,0.95,78.2,2.0,3.2,115.0,0.0,1.9,available,False
2026-09-08,2026-09-08T11:44:19Z,,Morato,Nott'm Forest,DEF,5.0,4.668,4.673,23.37,5,3.0,0.68,64.2,2.2,2.5,53.0,0.0,0.1,available,False
2026-09-08,2026-09-08T11:44:19Z,,Ibrahim Sangaré,Nott'm Forest,MID,5.0,4.652,4.658,23.29,5,3.0,0.85,67.0,1.5,3.2,89.0,0.0,0.4,available,False
2026-09-08,2026-09-08T11:44:19Z,,Ollie Watkins,Aston Villa,FWD,8.0,4.648,4.631,23.16,5,3.0,0.84,74.0,2.5,4.5,167.0,0.0,12.4,available,False
2026-09-08,2026-09-08T11:44:19Z,,Trevoh Chalobah,Chelsea,DEF,5.5,4.641,4.638,23.19,5,3.0,0.87,75.2,2.5,4.0,136.0,0.0,2.1,available,False
2026-09-08,2026-09-08T11:44:19Z,,Axel Disasi,Chelsea,DEF,4.5,4.637,4.634,23.17,5,3.0,1.0,89.0,1.7,0.0,0.0,0.0,0.1,available,False
2026-09-08,2026-09-08T11:44:19Z,,Diego Coppola,Brighton,DEF,4.5,4.608,4.612,23.06,5,3.0,0.68,75.0,1.7,2.0,10.0,0.0,0.0,available,False
2026-09-08,2026-09-08T11:44:19Z,,Curtis Jones,Liverpool,MID,5.5,4.607,4.62,23.1,5,2.6,0.81,89.4,2.0,2.4,81.0,0.0,0.1,available,False
2026-09-08,2026-09-08T11:44:19Z,,Eberechi Eze,Arsenal,MID,6.5,4.589,4.554,22.77,5,3.2,0.88,69.0,2.3,3.4,113.0,0.0,3.3,available,False
2026-09-08,2026-09-08T11:44:19Z,,Nikola Milenković,Nott'm Forest,DEF,5.5,4.587,4.593,22.96,5,3.0,0.87,81.0,2.5,3.1,119.0,0.0,2.3,available,False
2026-09-08,2026-09-08T11:44:19Z,,Leif Davis,Ipswich Town,DEF,4.0,4.569,4.555,22.77,5,3.2,1.0,72.8,1.0,0.0,0.0,0.0,4.3,available,False
2026-09-08,2026-09-08T11:44:19Z,,Kevin Schade,Brentford,MID,6.0,4.533,4.54,22.7,5,3.0,0.84,72.0,2.1,3.6,125.0,0.0,2.1,available,False
2026-09-08,2026-09-08T11:44:19Z,,Lewis Cook,Bournemouth,MID,5.0,4.531,4.512,22.56,5,3.6,0.69,74.0,1.5,2.2,40.0,0.0,0.1,available,False
2026-09-08,2026-09-08T11:44:19Z,,Luca Netz,Nott'm Forest,DEF,4.5,4.51,4.516,22.58,5,3.0,0.62,62.8,1.7,1.6,11.0,0.0,0.0,available,False
2026-09-08,2026-09-08T11:44:19Z,,Veljko Milosavljević,Bournemouth,DEF,5.0,4.503,4.485,22.42,5,3.6,0.75,70.75,2.2,2.7,19.0,0.0,0.1,available,False
2026-09-08,2026-09-08T11:44:19Z,,Morgan Gibbs-White,Nott'm Forest,MID,8.0,4.488,4.502,22.51,5,3.0,0.86,74.8,2.8,5.1,188.0,0.0,12.8,available,False
2026-09-08,2026-09-08T11:44:19Z,,Ismaïla Sarr,Crystal Palace,MID,6.5,4.458,4.443,22.21,5,3.0,0.7,68.8,2.3,4.2,117.0,0.0,11.4,available,False
2026-09-08,2026-09-08T11:44:19Z,,Sander Berge,Fulham,MID,5.0,4.423,4.399,21.99,5,3.6,0.99,78.6,1.5,2.6,91.0,0.0,0.4,available,False
2026-09-08,2026-09-08T11:44:19Z,,Harry Wilson,Leeds,MID,6.5,4.413,4.449,22.25,5,2.8,0.85,63.4,2.3,4.7,168.0,0.0,9.2,available,False
2026-09-08,2026-09-08T11:44:19Z,,Noah Sadiki,Sunderland,MID,5.0,4.401,4.386,21.93,5,3.2,1.0,83.8,1.5,2.4,80.0,0.0,0.5,available,False
2026-09-08,2026-09-08T11:44:19Z,,James Maddison,Spurs,MID,6.5,4.39,4.419,22.09,5,2.8,0.48,61.8,2.3,1.0,3.0,0.0,2.6,available,False
2026-09-08,2026-09-08T11:44:19Z,,Kasey McAteer,Ipswich Town,MID,4.5,4.362,4.346,21.73,5,3.2,0.68,75.0,1.0,0.0,0.0,0.0,2.1,available,False
2026-09-08,2026-09-08T11:44:19Z,,Merlin Röhl,Everton,MID,5.0,4.357,4.362,21.81,5,3.0,0.61,72.0,1.5,2.2,36.0,0.0,0.1,available,False
2026-09-08,2026-09-08T11:44:19Z,,Rayan,Bournemouth,MID,6.5,4.344,4.306,21.53,5,3.6,0.82,70.0,2.3,4.5,67.0,0.0,3.5,available,False
2026-09-08,2026-09-08T11:44:19Z,,Kalvin Phillips,Man City,MID,5.0,4.333,4.345,21.73,5,2.8,0.93,87.2,1.5,0.0,0.0,0.0,0.0,available,False
2026-09-08,2026-09-08T11:44:19Z,,Saša Lukić,Fulham,MID,5.0,4.289,4.263,21.32,5,3.6,0.78,81.0,1.5,2.6,67.0,0.0,0.1,available,False
2026-09-08,2026-09-08T11:44:19Z,,Dwight McNeil,Everton,MID,5.5,4.288,4.293,21.47,5,3.0,0.87,81.0,2.0,2.4,53.0,0.0,0.1,available,False
2026-09-08,2026-09-08T11:44:19Z,,Pau Torres,Aston Villa,DEF,4.5,4.271,4.266,21.33,5,3.0,0.96,90.0,1.7,3.0,64.0,0.0,0.2,available,False
2026-09-08,2026-09-08T11:44:19Z,,Brenden Aaronson,Leeds,MID,5.5,4.254,4.273,21.36,5,2.8,0.81,60.6,2.0,3.4,126.0,0.0,0.6,available,False
2026-09-08,2026-09-08T11:44:19Z,,Carlos Baleba,Brighton,MID,5.0,4.232,4.237,21.19,5,3.0,0.8,68.6,1.5,1.8,56.0,0.0,0.6,available,False
2026-09-08,2026-09-08T11:44:19Z,,Bafodé Diakité,Bournemouth,DEF,5.0,4.227,4.208,21.04,5,3.6,0.86,65.8,2.2,2.6,46.0,0.0,0.2,available,False
2026-09-08,2026-09-08T11:44:19Z,,Emile Smith Rowe,Fulham,MID,5.5,4.223,4.196,20.98,5,3.6,0.84,69.0,2.0,2.2,80.0,0.0,0.4,available,False
2026-09-08,2026-09-08T11:44:19Z,,Rodrigo,Man City,MID,6.5,4.198,4.241,21.2,5,2.8,0.0,59.4,0.0,3.3,69.0,0.0,0.1,injured,True
2026-09-08,2026-09-08T11:44:19Z,,Daichi Kamada,Crystal Palace,MID,5.0,4.193,4.188,20.94,5,3.0,0.79,66.0,1.5,2.4,67.0,0.0,0.3,available,False
2026-09-08,2026-09-08T11:44:19Z,,Justin Devenny,Crystal Palace,MID,5.0,4.179,4.175,20.87,5,3.0,0.5,63.8,1.5,1.7,36.0,0.0,0.0,available,False
2026-09-08,2026-09-08T11:44:19Z,,Brennan Johnson,Crystal Palace,MID,6.0,4.176,4.167,20.83,5,3.0,0.85,76.4,2.1,1.9,65.0,0.0,0.2,available,False
2026-09-08,2026-09-08T11:44:19Z,,Keane Lewis-Potter,Brentford,MID,5.5,4.173,4.178,20.89,5,3.0,0.87,89.8,2.0,3.2,115.0,0.0,0.6,available,False
2026-09-08,2026-09-08T11:44:19Z,,Bryan Mbeumo,Man Utd,MID,8.0,4.172,4.183,20.91,5,2.8,0.86,66.2,2.8,4.5,148.0,0.0,13.3,available,False
2026-09-08,2026-09-08T11:44:19Z,,Vitaly Janelt,Brentford,MID,5.0,4.154,4.159,20.8,5,3.0,0.72,63.4,1.5,3.0,74.0,0.0,0.1,available,False
2026-09-08,2026-09-08T11:44:19Z,,Murillo,Nott'm Forest,DEF,5.5,4.144,4.15,20.75,5,3.0,0.75,90.0,1.9,3.3,83.0,0.0,0.2,doubtful,False
2026-09-08,2026-09-08T11:44:19Z,,Adam Wharton,Crystal Palace,MID,5.5,4.141,4.135,20.68,5,3.0,0.53,69.0,1.5,3.3,112.0,0.0,0.2,doubtful,False
2026-09-08,2026-09-08T11:44:19Z,,Adam Smith,Bournemouth,DEF,4.5,4.14,4.121,20.6,5,3.6,0.8,69.2,1.7,2.6,58.0,0.0,0.1,available,False
2026-09-08,2026-09-08T11:44:19Z,,Igor Jesus,Nott'm Forest,FWD,6.0,4.133,4.143,20.71,5,3.0,0.79,64.8,2.0,3.1,114.0,0.0,3.9,available,False
2026-09-08,2026-09-08T11:44:19Z,,Ben Johnson,Ipswich Town,DEF,4.0,4.122,4.11,20.55,5,3.2,0.87,79.2,1.0,0.0,0.0,0.0,0.2,available,False
2026-09-08,2026-09-08T11:44:19Z,,Nicolò Savona,Nott'm Forest,DEF,4.5,4.089,4.095,20.47,5,3.0,0.0,79.2,0.0,2.8,39.0,0.0,0.0,injured,True
2026-09-08,2026-09-08T11:44:19Z,,Rayan Cherki,Man City,MID,7.5,4.073,4.136,20.68,5,2.8,0.61,57.0,2.6,4.1,135.0,0.0,9.9,available,False
2026-09-08,2026-09-08T11:44:19Z,,William Osula,Newcastle,FWD,6.0,4.013,4.021,20.1,5,3.0,0.74,76.0,2.0,3.2,76.0,0.0,2.4,available,False
2026-09-08,2026-09-08T11:44:19Z,,Kristoffer Ajer,Brentford,DEF,4.5,4.012,4.016,20.08,5,3.0,0.54,55.4,1.7,2.8,76.0,0.0,0.5,available,False
2026-09-08,2026-09-08T11:44:19Z,,Cristhian Mosquera,Arsenal,DEF,5.5,3.994,3.982,19.91,5,3.2,0.43,47.0,2.5,2.0,40.0,0.0,16.8,available,False
2026-09-08,2026-09-08T11:44:19Z,,Tetê,Fulham,DEF,4.5,3.984,3.933,19.66,5,3.6,0.69,51.0,1.7,3.7,81.0,0.0,0.2,available,False
2026-09-08,2026-09-08T11:44:19Z,,Ian Maatsen,Aston Villa,DEF,4.5,3.984,3.979,19.9,5,3.0,0.61,52.0,1.7,1.8,54.0,0.0,0.6,available,False
2026-09-08,2026-09-08T11:44:19Z,,Alex Iwobi,Fulham,MID,5.5,3.979,3.937,19.69,5,3.6,1.0,76.0,2.0,3.6,103.0,0.0,0.9,available,False
2026-09-08,2026-09-08T11:44:19Z,,Luke O'Nien,Sunderland,DEF,4.0,3.962,3.95,19.75,5,3.2,0.56,72.6,1.0,2.2,26.0,0.0,2.3,available,False
2026-09-08,2026-09-08T11:44:19Z,,Tyrone Mings,Aston Villa,DEF,4.5,3.96,3.955,19.78,5,3.0,0.95,90.0,1.7,2.9,50.0,0.0,0.2,available,False
2026-09-08,2026-09-08T11:44:19Z,,Luke Woolfenden,Coventry City,DEF,4.0,3.958,3.941,19.71,5,3.4,0.67,72.0,1.0,0.0,0.0,0.0,0.3,available,False
2026-09-08,2026-09-08T11:44:19Z,,Sandro Tonali,Spurs,MID,5.5,3.866,3.884,19.42,5,2.8,0.98,89.0,2.0,2.3,81.0,0.0,3.0,available,False
2026-09-08,2026-09-08T11:44:19Z,,Tim Iroegbunam,Everton,MID,5.0,3.83,3.834,19.17,5,3.0,0.62,58.6,1.5,2.3,68.0,0.0,0.1,available,False
2026-09-08,2026-09-08T11:44:19Z,,Lucas Digne,Aston Villa,DEF,4.5,3.82,3.814,19.07,5,3.0,0.63,58.8,1.7,3.1,97.0,0.0,1.4,available,False
2026-09-08,2026-09-08T11:44:19Z,,Wes Burns,Ipswich Town,MID,5.0,3.814,3.803,19.02,5,3.2,0.77,65.8,1.5,0.0,0.0,0.0,0.1,available,False
2026-09-08,2026-09-08T11:44:19Z,,Issa Diop,Ipswich Town,DEF,4.0,3.805,3.793,18.97,5,3.2,0.76,81.0,1.0,2.4,31.0,0.0,21.4,available,False
2026-09-08,2026-09-08T11:44:19Z,,Lamare Bogarde,Aston Villa,MID,5.0,3.787,3.783,18.91,5,3.0,0.55,61.8,1.5,1.4,40.0,0.0,0.1,available,False
2026-09-08,2026-09-08T11:44:19Z,,Dejan Kulusevski,Spurs,MID,6.5,3.754,3.783,18.91,5,2.8,0.0,48.2,0.0,0.0,0.0,0.0,0.0,injured,True
2026-09-08,2026-09-08T11:44:19Z,,Danny Welbeck,Brighton,FWD,6.0,3.732,3.742,18.71,5,3.0,0.77,61.6,2.0,3.4,126.0,0.0,3.0,available,False
2026-09-08,2026-09-08T11:44:19Z,,Mamadou Sarr,Chelsea,DEF,4.5,3.723,3.721,18.6,5,3.0,1.0,81.0,1.7,1.0,3.0,0.0,0.1,available,False
2026-09-08,2026-09-08T11:44:19Z,,Myles Lewis-Skelly,Arsenal,MID,5.5,3.613,3.601,18.0,5,3.2,0.46,64.0,2.0,1.4,29.0,0.0,0.3,available,False
2026-09-08,2026-09-08T11:44:19Z,,Omar Marmoush,Man City,FWD,7.0,3.613,3.648,18.24,5,2.8,0.55,49.6,2.2,2.7,56.0,0.0,0.6,available,False
2026-09-08,2026-09-08T11:44:19Z,,John McGinn,Aston Villa,MID,5.5,3.588,3.579,17.9,5,3.0,0.99,83.6,2.0,3.4,103.0,0.0,2.7,available,False
2026-09-08,2026-09-08T11:44:19Z,,Simon Adingra,Sunderland,MID,5.0,3.578,3.562,17.81,5,3.2,0.75,60.8,1.5,2.4,34.0,0.0,0.4,available,False
2026-09-08,2026-09-08T11:44:19Z,,Chris Rigg,Sunderland,MID,5.0,3.576,3.562,17.81,5,3.2,0.97,74.0,1.5,2.0,36.0,0.0,0.1,available,False
2026-09-08,2026-09-08T11:44:19Z,,Kai Havertz,Arsenal,FWD,7.5,3.526,3.492,17.46,5,3.2,0.73,54.8,2.3,3.0,36.0,0.0,4.3,available,False
2026-09-08,2026-09-08T11:44:19Z,,Tyler Adams,Bournemouth,MID,5.0,3.516,3.496,17.48,5,3.6,0.57,49.6,1.5,3.1,77.0,0.0,0.7,available,False
2026-09-08,2026-09-08T11:44:19Z,,Noah Okafor,Leeds,MID,6.0,3.513,3.561,17.8,5,2.8,0.64,52.2,2.1,3.9,109.0,0.0,0.9,available,False
2026-09-08,2026-09-08T11:44:19Z,,Benjamin Šeško,Man Utd,FWD,7.0,3.512,3.526,17.63,5,2.8,0.44,58.4,1.7,3.7,111.0,0.0,3.2,doubtful,False
2026-09-08,2026-09-08T11:44:19Z,,Tyler Fredricson,Man Utd,DEF,4.0,3.505,3.508,17.54,5,2.8,0.6,83.0,1.0,1.0,1.0,0.0,0.1,available,False
2026-09-08,2026-09-08T11:44:19Z,,Caoimhin Kelleher,Brentford,GKP,5.0,3.488,3.491,17.46,5,3.0,1.0,90.0,2.6,3.9,143.0,0.0,5.6,available,False
2026-09-08,2026-09-08T11:44:19Z,,Victor Lindelöf,Aston Villa,DEF,4.5,3.478,3.474,17.37,5,3.0,0.75,62.4,1.7,1.7,29.0,0.0,0.2,available,False
2026-09-08,2026-09-08T11:44:19Z,,Hákon Rafn Valdimarsson,Brentford,GKP,4.5,3.47,3.473,17.37,5,3.0,0.3,72.0,2.0,1.0,1.0,0.0,0.1,available,False
2026-09-08,2026-09-08T11:44:19Z,,Jack Hinshelwood,Brighton,MID,6.0,3.465,3.472,17.36,5,3.0,0.9,84.4,2.1,3.4,91.0,0.0,0.3,available,False
2026-09-08,2026-09-08T11:44:19Z,,Jeremie Frimpong,Liverpool,DEF,5.5,3.397,3.415,17.07,5,2.6,0.6,56.8,2.5,3.0,63.0,0.0,3.0,available,False
2026-09-08,2026-09-08T11:44:19Z,,Nilson Angulo,Sunderland,MID,5.0,3.377,3.363,16.81,5,3.2,0.59,52.0,1.5,1.6,13.0,0.0,0.1,available,False
2026-09-08,2026-09-08T11:44:19Z,,Giorgi Mamardashvili,Liverpool,GKP,5.0,3.36,3.37,16.85,5,2.6,1.0,83.6,2.6,3.4,34.0,0.0,0.2,available,False
2026-09-08,2026-09-08T11:44:19Z,,Alex Murphy,Newcastle,DEF,4.0,3.349,3.353,16.77,5,3.0,0.48,81.6,1.0,1.0,2.0,0.0,0.8,available,False
2026-09-08,2026-09-08T11:44:19Z,,Freddie Woodman,Liverpool,GKP,4.0,3.342,3.352,16.76,5,2.6,0.68,78.4,1.0,2.0,6.0,0.0,1.3,available,False
2026-09-08,2026-09-08T11:44:19Z,,Liam Delap,Chelsea,FWD,5.5,3.327,3.323,16.61,5,3.0,0.54,61.8,1.8,1.6,45.0,0.0,0.5,available,False
2026-09-08,2026-09-08T11:44:19Z,,Jørgen Strand Larsen,Crystal Palace,FWD,6.0,3.318,3.31,16.55,5,3.0,0.65,48.2,2.0,2.1,75.0,0.0,0.6,available,False
2026-09-08,2026-09-08T11:44:19Z,,Jacob Ramsey,Newcastle,MID,5.0,3.298,3.303,16.52,5,3.0,0.58,57.4,1.5,2.2,62.0,0.0,0.5,available,False
2026-09-08,2026-09-08T11:44:19Z,,James Trafford,Man City,GKP,5.0,3.296,3.307,16.53,5,2.8,1.0,90.0,2.6,3.2,13.0,0.0,0.9,available,False
2026-09-08,2026-09-08T11:44:19Z,,Altay Bayındır,Man Utd,GKP,4.5,3.282,3.285,16.42,5,2.8,1.0,90.0,2.0,1.8,11.0,0.0,0.2,available,False
2026-09-08,2026-09-08T11:44:19Z,,Karl Darlow,Man Utd,GKP,4.5,3.277,3.28,16.4,5,2.8,0.75,90.0,1.5,3.2,71.0,0.0,0.1,doubtful,False
2026-09-08,2026-09-08T11:44:19Z,,Antonín Kinský,Spurs,GKP,4.5,3.276,3.286,16.43,5,2.8,1.0,90.0,2.0,2.9,20.0,0.0,16.6,available,False
2026-09-08,2026-09-08T11:44:19Z,,Martin Dúbravka,Spurs,GKP,4.0,3.269,3.279,16.39,5,2.8,1.0,90.0,1.0,2.7,96.0,0.0,24.8,available,False
2026-09-08,2026-09-08T11:44:19Z,,Senne Lammens,Man Utd,GKP,5.0,3.268,3.271,16.35,5,2.8,1.0,90.0,2.6,3.4,109.0,0.0,20.1,available,False
2026-09-08,2026-09-08T11:44:19Z,,Guglielmo Vicario,Spurs,GKP,4.5,3.267,3.277,16.39,5,2.8,1.0,90.0,2.0,2.9,90.0,0.0,1.7,available,False
2026-09-08,2026-09-08T11:44:19Z,,Gianluigi Donnarumma,Man City,GKP,5.5,3.265,3.276,16.38,5,2.8,1.0,90.0,3.3,4.0,135.0,0.0,11.2,available,False
2026-09-08,2026-09-08T11:44:19Z,,Chemsdine Talbi,Sunderland,MID,5.5,3.26,3.237,16.18,5,3.2,0.74,74.0,2.0,3.0,83.0,0.0,0.2,available,False
2026-09-08,2026-09-08T11:44:19Z,,Archie Gray,Spurs,MID,5.0,3.229,3.242,16.21,5,2.8,0.94,83.0,1.5,2.5,61.0,0.0,0.2,available,False
2026-09-08,2026-09-08T11:44:19Z,,Dean Henderson,Crystal Palace,GKP,5.0,3.209,3.206,16.03,5,3.0,1.0,90.0,2.6,3.5,131.0,0.0,3.1,available,False
2026-09-08,2026-09-08T11:44:19Z,,Mark Travers,Everton,GKP,5.0,3.208,3.211,16.06,5,3.0,1.0,90.0,2.6,0.0,0.0,0.0,0.1,available,False
2026-09-08,2026-09-08T11:44:19Z,,Bart Verbruggen,Brighton,GKP,4.5,3.206,3.209,16.05,5,3.0,1.0,90.0,2.0,3.4,130.0,0.0,16.9,available,False
2026-09-08,2026-09-08T11:44:19Z,,Nick Pope,Newcastle,GKP,5.0,3.204,3.207,16.04,5,3.0,1.0,90.0,2.6,3.6,96.0,0.0,1.0,available,False
2026-09-08,2026-09-08T11:44:19Z,,Loum Tchaouna,Coventry City,MID,5.5,3.198,3.166,15.83,5,3.4,0.68,70.0,2.0,0.0,0.0,0.0,0.1,available,False
2026-09-08,2026-09-08T11:44:19Z,,Marco Bizot,Aston Villa,GKP,4.5,3.193,3.189,15.95,5,3.0,0.81,81.0,2.0,2.3,16.0,0.0,0.1,available,False
2026-09-08,2026-09-08T11:44:19Z,,Jason Steele,Brighton,GKP,4.0,3.192,3.195,15.98,5,3.0,1.0,90.0,1.0,0.0,0.0,0.0,5.4,available,False
2026-09-08,2026-09-08T11:44:19Z,,Jordan Pickford,Everton,GKP,5.5,3.19,3.193,15.97,5,3.0,1.0,90.0,3.3,3.6,135.0,0.0,9.0,available,False
2026-09-08,2026-09-08T11:44:19Z,,Noni Madueke,Arsenal,MID,6.5,3.188,3.169,15.85,5,3.2,0.61,47.0,2.3,2.8,72.0,0.0,0.4,available,False
2026-09-08,2026-09-08T11:44:19Z,,Matz Sels,Nott'm Forest,GKP,5.0,3.187,3.192,15.96,5,3.0,0.99,90.0,2.6,3.4,105.0,0.0,1.4,available,False
2026-09-08,2026-09-08T11:44:19Z,,Robin Roefs,Sunderland,GKP,5.0,3.17,3.161,15.8,5,3.2,1.0,90.0,2.6,3.9,136.0,0.0,5.8,available,False
2026-09-08,2026-09-08T11:44:19Z,,Melker Ellborg,Sunderland,GKP,4.5,3.164,3.155,15.77,5,3.2,1.0,90.0,2.0,5.3,16.0,0.0,0.1,available,False
2026-09-08,2026-09-08T11:44:19Z,,Evann Guessand,Aston Villa,MID,5.5,3.156,3.149,15.74,5,3.0,0.56,53.0,2.0,2.1,44.0,0.0,0.0,available,False
2026-09-08,2026-09-08T11:44:19Z,,Alex Palmer,Ipswich Town,GKP,4.0,3.151,3.142,15.71,5,3.2,1.0,90.0,1.0,0.0,0.0,0.0,6.5,available,False
2026-09-08,2026-09-08T11:44:19Z,,Illan Meslier,Arsenal,GKP,5.0,3.148,3.139,15.69,5,3.2,1.0,90.0,2.6,0.0,0.0,0.0,0.1,available,False
2026-09-08,2026-09-08T11:44:19Z,,Christian Walton,Ipswich Town,GKP,4.5,3.141,3.132,15.66,5,3.2,1.0,90.0,2.0,0.0,0.0,0.0,0.7,available,False
2026-09-08,2026-09-08T11:44:19Z,,Habib Diarra,Sunderland,MID,5.5,3.136,3.112,15.56,5,3.2,0.68,55.2,2.0,3.2,65.0,0.0,0.1,available,False
2026-09-08,2026-09-08T11:44:19Z,,Chiedozie Ogbene,Ipswich Town,MID,5.0,3.111,3.098,15.49,5,3.2,0.65,54.4,1.5,0.0,0.0,0.0,0.0,available,False
2026-09-08,2026-09-08T11:44:19Z,,Martin Ødegaard,Arsenal,MID,6.5,3.107,3.064,15.32,5,3.2,0.51,52.2,2.3,3.1,74.0,0.0,2.9,available,False
2026-09-08,2026-09-08T11:44:19Z,,Wilson Odobert,Spurs,MID,5.5,3.062,3.095,15.48,5,2.8,0.0,53.2,0.0,1.9,46.0,0.0,0.0,injured,True
2026-09-08,2026-09-08T11:44:19Z,,Rio Ngumoha,Liverpool,MID,6.0,3.05,3.072,15.36,5,2.6,0.45,51.8,2.1,2.3,43.0,0.0,1.6,available,False
2026-09-08,2026-09-08T11:44:19Z,,Bernd Leno,Fulham,GKP,4.5,3.033,3.016,15.08,5,3.6,1.0,90.0,2.0,3.2,122.0,0.0,3.2,available,False
2026-09-08,2026-09-08T11:44:19Z,,Fraser Forster,Bournemouth,GKP,4.0,3.028,3.012,15.06,5,3.6,1.0,90.0,1.0,0.0,0.0,0.0,3.2,available,False
2026-09-08,2026-09-08T11:44:19Z,,Đorđe Petrović,Bournemouth,GKP,4.5,3.025,3.009,15.05,5,3.6,1.0,90.0,2.0,3.3,124.0,0.0,3.5,available,False
2026-09-08,2026-09-08T11:44:19Z,,Harrison Armstrong,Everton,MID,5.0,2.935,2.939,14.69,5,3.0,0.65,52.6,1.5,1.6,21.0,0.0,0.1,available,False
2026-09-08,2026-09-08T11:44:19Z,,Omari Hutchinson,Nott'm Forest,MID,5.5,2.925,2.933,14.66,5,3.0,0.59,52.2,2.0,2.6,82.0,0.0,0.2,available,False
2026-09-08,2026-09-08T11:44:19Z,,Miloš Kerkez,Liverpool,DEF,5.5,2.914,2.928,14.64,5,2.6,0.57,47.8,2.5,2.5,85.0,0.0,6.3,available,False
2026-09-08,2026-09-08T11:44:19Z,,Mason Mount,Man Utd,MID,5.5,2.895,2.899,14.49,5,2.8,0.62,54.0,2.0,2.5,58.0,0.0,0.1,available,False
2026-09-08,2026-09-08T11:44:19Z,,Borna Sosa,Crystal Palace,DEF,4.5,2.885,2.881,14.41,5,3.0,0.36,58.4,1.7,0.9,6.0,0.0,0.1,available,False
2026-09-08,2026-09-08T11:44:19Z,,Chris Wood,Nott'm Forest,FWD,6.0,2.756,2.769,13.85,5,3.0,0.65,55.0,2.0,2.7,41.0,0.0,1.8,available,False
2026-09-08,2026-09-08T11:44:19Z,,Will Hughes,Crystal Palace,MID,4.5,2.753,2.749,13.75,5,3.0,0.74,53.0,1.0,1.5,45.0,0.0,10.1,available,False
2026-09-08,2026-09-08T11:44:19Z,,Justin Kluivert,Bournemouth,MID,6.0,2.745,2.699,13.5,5,3.6,0.58,57.2,2.1,2.0,41.0,0.0,0.8,available,False
2026-09-08,2026-09-08T11:44:19Z,,Estêvão,Chelsea,MID,6.5,2.713,2.709,13.54,5,3.0,0.69,54.0,2.3,2.6,58.0,0.0,1.4,available,False
2026-09-08,2026-09-08T11:44:19Z,,Joe Willock,Newcastle,MID,5.0,2.697,2.703,13.51,5,3.0,0.54,58.6,1.5,1.6,38.0,0.0,0.1,available,False
2026-09-08,2026-09-08T11:44:19Z,,Ross Barkley,Aston Villa,MID,5.0,2.683,2.676,13.38,5,3.0,0.49,59.2,1.5,2.7,56.0,0.0,0.2,available,False
2026-09-08,2026-09-08T11:44:19Z,,Amad Diallo,Man Utd,MID,6.0,2.628,2.634,13.17,5,2.8,0.7,53.0,2.1,2.8,91.0,0.0,1.5,available,False
2026-09-08,2026-09-08T11:44:19Z,,Tyler Dibling,Everton,MID,5.5,2.581,2.585,12.93,5,3.0,0.54,51.4,2.0,1.3,18.0,0.0,0.1,available,False
2026-09-08,2026-09-08T11:44:19Z,,Neto,Chelsea,MID,6.5,2.573,2.571,12.86,5,3.0,1.0,90.0,2.3,3.7,125.0,0.0,1.2,available,False
2026-09-08,2026-09-08T11:44:19Z,,Viktor Gyökeres,Arsenal,FWD,7.5,2.541,2.514,12.57,5,3.2,0.54,48.2,2.3,3.6,128.0,0.0,13.9,available,False
2026-09-08,2026-09-08T11:44:19Z,,Jacob Murphy,Newcastle,MID,6.0,2.448,2.454,12.27,5,3.0,0.59,47.6,2.1,2.5,82.0,0.0,0.2,available,False
2026-09-08,2026-09-08T11:44:19Z,,Matt Targett,Hull City,DEF,4.0,2.388,2.376,11.88,5,3.2,0.36,49.8,1.0,0.0,0.0,0.0,1.7,available,False
2026-09-08,2026-09-08T11:44:19Z,,Harvey Barnes,Newcastle,MID,6.0,2.371,2.38,11.9,5,3.0,0.46,48.0,2.1,2.9,106.0,0.0,1.0,available,False
2026-09-08,2026-09-08T11:44:19Z,,Callum Hudson-Odoi,Nott'm Forest,MID,6.0,2.355,2.364,11.82,5,3.0,0.57,56.4,1.6,2.9,88.0,0.0,0.0,doubtful,False
2026-09-08,2026-09-08T11:44:19Z,,Dilane Bakwa,Nott'm Forest,MID,5.5,2.335,2.344,11.72,5,3.0,0.52,45.8,2.0,1.9,26.0,0.0,0.0,available,False
2026-09-08,2026-09-08T11:44:19Z,,Ilia Gruev,Leeds,MID,5.0,2.236,2.25,11.25,5,2.8,0.65,57.6,1.5,2.4,56.0,0.0,0.0,available,False
2026-09-08,2026-09-08T11:44:19Z,,Jordan Henderson,Brentford,MID,5.0,2.162,2.166,10.83,5,3.0,0.49,56.0,1.1,2.4,76.0,0.0,0.0,doubtful,False
2026-09-08,2026-09-08T11:44:19Z,,Jack Taylor,Ipswich Town,MID,4.5,2.158,2.146,10.73,5,3.2,0.42,58.6,1.0,0.0,0.0,0.0,0.5,available,False
2026-09-08,2026-09-08T11:44:19Z,,Ethan Nwaneri,Arsenal,MID,5.5,2.0,1.985,9.92,5,3.2,0.12,46.0,2.0,1.3,8.0,0.0,0.0,available,False
2026-09-08,2026-09-08T11:44:19Z,,Tom Cairney,Fulham,MID,5.0,1.884,1.86,9.3,5,3.6,0.47,51.2,1.5,1.7,41.0,0.0,0.0,available,False
2026-09-09,2026-09-09T11:49:14Z,,Bukayo Saka,Arsenal,MID,9.5,8.993,8.881,44.41,5,3.2,0.93,79.0,3.2,5.1,157.0,0.0,10.8,available,False
2026-09-09,2026-09-09T11:49:14Z,,Jérémy Doku,Man City,MID,7.5,8.003,8.111,40.55,5,2.8,0.74,75.4,2.6,4.0,120.0,0.0,6.6,available,False
2026-09-09,2026-09-09T11:49:14Z,,Hugo Ekitiké,Liverpool,FWD,7.5,7.267,7.357,36.78,5,2.6,0.0,86.8,0.0,4.5,125.0,0.0,0.2,injured,True
2026-09-09,2026-09-09T11:49:14Z,,Erling Haaland,Man City,FWD,15.5,6.625,6.716,33.58,5,2.8,0.99,90.0,4.0,6.8,239.0,0.0,74.9,available,False
2026-09-09,2026-09-09T11:49:14Z,,Cody Gakpo,Liverpool,MID,7.0,6.338,6.401,32.0,5,2.6,0.95,83.0,2.4,3.6,131.0,0.0,3.4,available,False
2026-09-09,2026-09-09T11:49:14Z,,Dominic Calvert-Lewin,Leeds,FWD,6.0,6.327,6.384,31.92,5,2.8,0.94,89.6,2.0,4.1,142.0,0.0,17.7,available,False
2026-09-09,2026-09-09T11:49:14Z,,João Pedro,Chelsea,FWD,7.5,6.171,6.162,30.81,5,3.0,0.95,85.8,2.3,5.1,177.0,0.0,48.8,available,False
2026-09-09,2026-09-09T11:49:14Z,,Pedro Porro,Spurs,DEF,5.5,6.087,6.111,30.55,5,2.8,0.98,90.0,2.5,3.4,117.0,0.0,23.9,available,False
2026-09-09,2026-09-09T11:49:14Z,,Richarlison,Spurs,FWD,6.0,6.066,6.115,30.58,5,2.8,0.73,76.0,2.0,3.7,119.0,0.0,1.6,available,False
2026-09-09,2026-09-09T11:49:14Z,,Cristian Romero,Spurs,DEF,5.0,5.908,5.922,29.61,5,2.8,0.98,68.6,2.2,4.0,91.0,0.0,1.0,available,False
2026-09-09,2026-09-09T11:49:14Z,,Rayan Aït-Nouri,Man City,DEF,5.5,5.879,5.899,29.5,5,2.8,0.82,63.6,2.5,3.5,60.0,0.0,1.0,available,False
2026-09-09,2026-09-09T11:49:14Z,,Cole Palmer,Chelsea,MID,9.5,5.866,5.854,29.27,5,3.0,0.97,89.8,3.2,4.4,114.0,0.0,13.2,available,False
2026-09-09,2026-09-09T11:49:14Z,,Sepp van den Berg,Brentford,DEF,5.0,5.813,5.817,29.09,5,3.0,0.99,90.0,2.2,3.5,113.0,0.0,0.7,available,False
2026-09-09,2026-09-09T11:49:14Z,,James Justin,Leeds,DEF,4.5,5.792,5.806,29.03,5,2.8,0.91,90.0,1.7,3.2,94.0,0.0,0.5,available,False
2026-09-09,2026-09-09T11:49:14Z,,Jan Paul van Hecke,Spurs,DEF,5.0,5.763,5.777,28.88,5,2.8,1.0,90.0,2.2,4.1,148.0,0.0,8.3,available,False
2026-09-09,2026-09-09T11:49:14Z,,Dominik Szoboszlai,Liverpool,MID,7.0,5.761,5.803,29.01,5,2.6,1.0,90.0,2.4,4.4,160.0,0.0,45.6,available,False
2026-09-09,2026-09-09T11:49:14Z,,Kevin Danso,Spurs,DEF,5.0,5.738,5.752,28.76,5,2.8,0.92,90.0,2.2,2.6,63.0,0.0,0.2,available,False
2026-09-09,2026-09-09T11:49:14Z,,Enzo Le Fée,Sunderland,MID,6.0,5.714,5.684,28.42,5,3.2,0.97,90.0,2.1,4.1,147.0,0.0,7.1,available,False
2026-09-09,2026-09-09T11:49:14Z,,Sven Botman,Newcastle,DEF,5.0,5.703,5.707,28.54,5,3.0,0.96,90.0,2.2,3.6,89.0,0.0,0.4,available,False
2026-09-09,2026-09-09T11:49:14Z,,Marc Guéhi,Man City,DEF,6.0,5.679,5.693,28.46,5,2.8,1.0,90.0,2.8,5.1,179.0,0.0,24.9,available,False
2026-09-09,2026-09-09T11:49:14Z,,Antoine Semenyo,Man City,MID,8.5,5.648,5.718,28.59,5,2.8,1.0,75.0,2.9,5.5,202.0,0.0,20.3,available,False
2026-09-09,2026-09-09T11:49:14Z,,Maxence Lacroix,Crystal Palace,DEF,6.0,5.637,5.632,28.16,5,3.0,1.0,90.0,2.8,4.4,154.0,0.0,12.2,available,False
2026-09-09,2026-09-09T11:49:14Z,,Luke Shaw,Man Utd,DEF,4.5,5.635,5.638,28.19,5,2.8,1.0,86.6,1.7,3.0,113.0,0.0,21.0,available,False
2026-09-09,2026-09-09T11:49:14Z,,Michael Kayode,Brentford,DEF,4.5,5.614,5.618,28.09,5,3.0,1.0,90.0,1.7,3.1,113.0,0.0,5.1,available,False
2026-09-09,2026-09-09T11:49:14Z,,Gabriel Gudmundsson,Leeds,DEF,4.5,5.576,5.59,27.95,5,2.8,0.99,80.6,1.7,2.1,68.0,0.0,0.6,available,False
2026-09-09,2026-09-09T11:49:14Z,,Matthijs de Ligt,Man Utd,DEF,5.0,5.56,5.564,27.82,5,2.8,0.0,90.0,0.0,3.3,43.0,0.0,0.0,injured,True
2026-09-09,2026-09-09T11:49:14Z,,James Hill,Bournemouth,DEF,5.5,5.546,5.525,27.62,5,3.6,0.92,90.0,2.5,3.8,110.0,0.0,1.5,available,False
2026-09-09,2026-09-09T11:49:14Z,,Jacob Greaves,Ipswich Town,DEF,4.0,5.529,5.517,27.58,5,3.2,1.0,90.0,1.0,0.0,0.0,0.0,0.5,available,False
2026-09-09,2026-09-09T11:49:14Z,,Anton Stach,Leeds,MID,6.0,5.507,5.53,27.65,5,2.8,0.99,86.4,2.1,4.7,137.0,0.0,1.5,available,False
2026-09-09,2026-09-09T11:49:14Z,,Neco Williams,Nott'm Forest,DEF,5.0,5.503,5.509,27.55,5,3.0,0.87,81.2,2.2,3.5,128.0,0.0,12.7,available,False
2026-09-09,2026-09-09T11:49:14Z,,Piero Hincapié,Arsenal,DEF,5.5,5.497,5.484,27.42,5,3.2,0.69,60.8,2.5,3.5,87.0,0.0,5.3,available,False
2026-09-09,2026-09-09T11:49:14Z,,Adrien Truffert,Bournemouth,DEF,5.5,5.473,5.449,27.24,5,3.6,1.0,90.0,2.5,4.3,165.0,0.0,4.7,available,False
2026-09-09,2026-09-09T11:49:14Z,,Declan Rice,Arsenal,MID,7.5,5.469,5.442,27.21,5,3.2,0.99,84.8,2.6,5.1,184.0,0.0,22.0,available,False
2026-09-09,2026-09-09T11:49:14Z,,Antonee Robinson,Fulham,DEF,4.5,5.466,5.443,27.21,5,3.6,0.94,80.0,1.7,3.0,65.0,0.0,3.5,available,False
2026-09-09,2026-09-09T11:49:14Z,,Ola Aina,Nott'm Forest,DEF,4.5,5.455,5.461,27.3,5,3.0,1.0,89.8,1.7,3.7,67.0,0.0,5.0,available,False
2026-09-09,2026-09-09T11:49:14Z,,Jaydee Canvot,Crystal Palace,DEF,5.0,5.441,5.437,27.18,5,3.0,0.92,90.0,2.2,3.6,72.0,0.0,0.4,available,False
2026-09-09,2026-09-09T11:49:14Z,,Tyrick Mitchell,Crystal Palace,DEF,4.5,5.436,5.432,27.16,5,3.0,0.87,72.0,1.7,3.6,135.0,0.0,7.4,available,False
2026-09-09,2026-09-09T11:49:14Z,,Ethan Pinnock,Brentford,DEF,4.5,5.424,5.428,27.14,5,3.0,1.0,80.8,1.7,3.5,14.0,0.0,0.1,available,False
2026-09-09,2026-09-09T11:49:14Z,,Virgil van Dijk,Liverpool,DEF,6.5,5.419,5.438,27.19,5,2.6,1.0,90.0,3.1,4.6,175.0,0.0,15.5,available,False
2026-09-09,2026-09-09T11:49:14Z,,Harry Maguire,Man Utd,DEF,5.0,5.419,5.423,27.11,5,2.8,0.94,87.6,2.2,3.9,90.0,0.0,6.9,available,False
2026-09-09,2026-09-09T11:49:14Z,,Jayden Bogle,Leeds,DEF,4.5,5.418,5.435,27.17,5,2.8,0.98,80.8,1.7,2.8,96.0,0.0,0.4,available,False
2026-09-09,2026-09-09T11:49:14Z,,Nordi Mukiele,Sunderland,DEF,5.5,5.41,5.395,26.97,5,3.2,1.0,90.0,2.5,4.7,151.0,0.0,8.2,available,False
2026-09-09,2026-09-09T11:49:14Z,,Calvin Bassey,Fulham,DEF,4.5,5.392,5.37,26.85,5,3.6,0.99,90.0,1.7,3.4,103.0,0.0,0.5,available,False
2026-09-09,2026-09-09T11:49:14Z,,Max Alleyne,Man City,DEF,5.0,5.388,5.401,27.0,5,2.8,0.95,90.0,2.2,2.5,5.0,0.0,0.1,available,False
2026-09-09,2026-09-09T11:49:14Z,,Conor Bradley,Liverpool,DEF,5.0,5.381,5.393,26.96,5,2.6,0.0,62.2,0.0,2.8,42.0,0.0,0.0,injured,True
2026-09-09,2026-09-09T11:49:14Z,,Michael Keane,Everton,DEF,5.0,5.376,5.38,26.9,5,3.0,0.85,75.2,2.2,4.0,131.0,0.0,1.5,available,False
2026-09-09,2026-09-09T11:49:14Z,,Yankuba Minteh,Brighton,MID,6.0,5.365,5.374,26.87,5,3.0,0.94,87.2,2.1,3.4,117.0,0.0,0.7,available,False
2026-09-09,2026-09-09T11:49:14Z,,Enzo Fernández,Chelsea,MID,7.0,5.348,5.339,26.69,5,3.0,0.99,89.6,2.4,4.4,157.0,0.0,5.1,available,False
2026-09-09,2026-09-09T11:49:14Z,,Elliot Anderson,Man City,MID,6.5,5.342,5.362,26.81,5,2.8,0.87,81.0,2.3,4.7,180.0,0.0,12.2,available,False
2026-09-09,2026-09-09T11:49:14Z,,Jorrel Hato,Chelsea,DEF,4.5,5.342,5.34,26.7,5,3.0,0.83,90.0,1.7,0.9,19.0,0.0,1.6,available,False
2026-09-09,2026-09-09T11:49:14Z,,Pascal Struijk,Brighton,DEF,5.0,5.34,5.344,26.72,5,3.0,1.0,83.2,2.2,3.2,108.0,0.0,0.5,available,False
2026-09-09,2026-09-09T11:49:14Z,,Florian Wirtz,Liverpool,MID,7.5,5.304,5.362,26.81,5,2.6,0.82,71.2,2.6,3.8,125.0,0.0,11.1,available,False
2026-09-09,2026-09-09T11:49:14Z,,Ayden Heaven,Man Utd,DEF,4.5,5.294,5.298,26.49,5,2.8,0.81,69.0,1.7,2.5,42.0,0.0,0.4,available,False
2026-09-09,2026-09-09T11:49:14Z,,Marcus Tavernier,Bournemouth,MID,6.0,5.293,5.239,26.2,5,3.6,0.96,86.4,2.1,4.0,137.0,0.0,1.4,available,False
2026-09-09,2026-09-09T11:49:14Z,,Mats Wieffer,Brighton,DEF,5.0,5.29,5.294,26.47,5,3.0,0.95,66.6,2.2,3.6,94.0,0.0,0.4,available,False
2026-09-09,2026-09-09T11:49:14Z,,Omar Alderete,Sunderland,DEF,5.0,5.284,5.271,26.36,5,3.2,0.99,84.6,2.2,3.8,125.0,0.0,1.3,available,False
2026-09-09,2026-09-09T11:49:14Z,,James Garner,Everton,MID,6.0,5.279,5.284,26.42,5,3.0,0.0,90.0,0.0,4.2,159.0,0.0,2.0,injured,True
2026-09-09,2026-09-09T11:49:14Z,,Olivier Boscagli,Brighton,DEF,4.5,5.277,5.281,26.4,5,3.0,0.77,77.8,1.7,3.2,39.0,0.0,0.1,available,False
2026-09-09,2026-09-09T11:49:14Z,,James Tarkowski,Everton,DEF,6.0,5.276,5.281,26.4,5,3.0,1.0,90.0,2.8,4.6,170.0,0.0,10.2,available,False
2026-09-09,2026-09-09T11:49:14Z,,Malick Thiaw,Newcastle,DEF,5.0,5.27,5.274,26.37,5,3.0,0.99,90.0,2.2,3.6,126.0,0.0,2.5,available,False
2026-09-09,2026-09-09T11:49:14Z,,Trai Hume,Sunderland,DEF,4.5,5.266,5.248,26.24,5,3.2,0.85,71.2,1.7,2.9,110.0,0.0,1.4,available,False
2026-09-09,2026-09-09T11:49:14Z,,Fabian Schär,Newcastle,DEF,5.0,5.264,5.269,26.35,5,3.0,0.79,81.6,2.2,3.2,51.0,0.0,0.1,available,False
2026-09-09,2026-09-09T11:49:14Z,,Kenny Tete,Fulham,DEF,4.5,5.255,5.233,26.16,5,3.6,0.86,73.0,1.7,3.7,81.0,0.0,0.2,available,False
2026-09-09,2026-09-09T11:49:14Z,,Mathys Tel,Spurs,MID,6.0,5.249,5.283,26.42,5,2.8,0.54,68.4,2.1,2.5,78.0,0.0,0.2,available,False
2026-09-09,2026-09-09T11:49:14Z,,Rodrigo Bentancur,Spurs,MID,5.5,5.246,5.262,26.31,5,2.8,0.95,79.0,2.0,3.3,86.0,0.0,0.1,available,False
2026-09-09,2026-09-09T11:49:14Z,,João Gomes,Aston Villa,MID,5.5,5.237,5.231,26.16,5,3.0,0.96,88.8,2.0,3.0,85.0,0.0,0.3,available,False
2026-09-09,2026-09-09T11:49:14Z,,William Saliba,Arsenal,DEF,6.0,5.229,5.215,26.07,5,3.2,0.0,90.0,0.0,4.4,137.0,0.0,0.5,injured,True
2026-09-09,2026-09-09T11:49:14Z,,Jake O'Brien,Everton,DEF,5.0,5.226,5.23,26.15,5,3.0,0.99,84.6,2.2,3.1,116.0,0.0,0.6,available,False
2026-09-09,2026-09-09T11:49:14Z,,Dara O'Shea,Ipswich Town,DEF,4.0,5.223,5.21,26.05,5,3.2,1.0,90.0,1.0,0.0,0.0,0.0,1.2,available,False
2026-09-09,2026-09-09T11:49:14Z,,Jarrad Branthwaite,Everton,DEF,5.5,5.219,5.223,26.12,5,3.0,0.75,73.0,2.5,3.2,32.0,0.0,2.0,available,False
2026-09-09,2026-09-09T11:49:14Z,,Jurriën Timber,Arsenal,DEF,6.5,5.214,5.2,26.0,5,3.2,0.0,83.4,0.0,5.0,149.0,0.0,0.7,injured,True
2026-09-09,2026-09-09T11:49:14Z,,Matheus Nunes,Man City,DEF,6.0,5.211,5.225,26.12,5,2.8,0.98,83.6,2.8,4.5,154.0,0.0,5.5,available,False
2026-09-09,2026-09-09T11:49:14Z,,Mateus Fernandes,Spurs,MID,6.0,5.194,5.211,26.06,5,2.8,0.98,90.0,2.1,3.8,135.0,0.0,4.6,available,False
2026-09-09,2026-09-09T11:49:14Z,,Dango Ouattara,Brentford,MID,6.5,5.181,5.193,25.97,5,3.0,0.79,76.2,2.3,4.2,136.0,0.0,1.5,available,False
2026-09-09,2026-09-09T11:49:14Z,,Mikkel Damsgaard,Brentford,MID,5.5,5.156,5.163,25.82,5,3.0,0.9,85.4,2.0,3.4,113.0,0.0,0.7,available,False
2026-09-09,2026-09-09T11:49:14Z,,Lewis Hall,Newcastle,DEF,5.0,5.153,5.158,25.79,5,3.0,0.81,67.4,2.2,2.6,79.0,0.0,4.6,available,False
2026-09-09,2026-09-09T11:49:14Z,,Iliman Ndiaye,Everton,MID,6.0,5.149,5.157,25.78,5,3.0,1.0,90.0,2.1,4.0,128.0,0.0,21.3,available,False
2026-09-09,2026-09-09T11:49:14Z,,Joachim Andersen,Fulham,DEF,5.0,5.147,5.126,25.63,5,3.6,0.0,90.0,0.0,3.7,123.0,0.0,0.1,suspended,True
2026-09-09,2026-09-09T11:49:14Z,,Reinildo Mandava,Sunderland,DEF,4.5,5.133,5.121,25.6,5,3.2,0.86,72.0,1.7,3.0,74.0,0.0,0.6,available,False
2026-09-09,2026-09-09T11:49:14Z,,Morgan Rogers,Chelsea,MID,7.5,5.122,5.115,25.58,5,3.0,1.0,87.6,2.6,4.6,169.0,0.0,33.9,available,False
2026-09-09,2026-09-09T11:49:14Z,,Boubacar Kamara,Aston Villa,MID,5.0,5.121,5.115,25.58,5,3.0,0.73,88.2,1.1,3.4,61.0,0.0,0.1,doubtful,False
2026-09-09,2026-09-09T11:49:14Z,,Alex Scott,Bournemouth,MID,6.0,5.113,5.086,25.43,5,3.6,0.98,89.8,2.1,3.7,136.0,0.0,1.6,available,False
2026-09-09,2026-09-09T11:49:14Z,,Lewis Dunk,Brighton,DEF,4.5,5.112,5.117,25.58,5,3.0,0.99,90.0,1.7,3.0,100.0,0.0,0.7,available,False
2026-09-09,2026-09-09T11:49:14Z,,Destiny Udogie,Spurs,DEF,4.5,5.108,5.122,25.61,5,2.8,0.87,82.0,1.7,1.4,29.0,0.0,0.4,available,False
2026-09-09,2026-09-09T11:49:14Z,,Daniel Ballard,Sunderland,DEF,5.0,5.095,5.082,25.41,5,3.2,0.81,72.2,2.2,4.0,116.0,0.0,2.6,available,False
2026-09-09,2026-09-09T11:49:14Z,,Matty Cash,Aston Villa,DEF,4.5,5.078,5.073,25.36,5,3.0,1.0,88.0,1.7,3.3,117.0,0.0,8.2,available,False
2026-09-09,2026-09-09T11:49:14Z,,Beto,Everton,FWD,5.5,5.076,5.086,25.43,5,3.0,0.81,70.8,1.8,2.8,104.0,0.0,3.4,available,False
2026-09-09,2026-09-09T11:49:14Z,,Nathan Collins,Brentford,DEF,5.5,5.074,5.078,25.39,5,3.0,0.96,90.0,2.5,3.7,129.0,0.0,2.0,available,False
2026-09-09,2026-09-09T11:49:14Z,,Ethan Ampadu,Leeds,MID,5.5,5.072,5.086,25.43,5,2.8,1.0,90.0,2.0,3.8,134.0,0.0,1.3,available,False
2026-09-09,2026-09-09T11:49:14Z,,Nico O'Reilly,Man City,DEF,6.5,5.066,5.082,25.41,5,2.8,0.94,84.8,3.1,4.7,160.0,0.0,24.2,available,False
2026-09-09,2026-09-09T11:49:14Z,,Noussair Mazraoui,Man Utd,DEF,4.5,5.058,5.062,25.31,5,2.8,0.7,76.0,1.7,2.6,53.0,0.0,0.8,available,False
2026-09-09,2026-09-09T11:49:14Z,,Jaka Bijol,Leeds,DEF,5.0,5.043,5.056,25.28,5,2.8,0.93,84.8,2.2,4.0,99.0,0.0,0.4,available,False
2026-09-09,2026-09-09T11:49:14Z,,Joelinton,Newcastle,MID,5.5,5.038,5.042,25.21,5,3.0,0.61,75.4,1.5,2.7,73.0,0.0,0.0,doubtful,False
2026-09-09,2026-09-09T11:49:14Z,,Ben Davies,Spurs,DEF,4.0,5.017,5.031,25.16,5,2.8,0.56,64.6,1.0,3.3,10.0,0.0,0.7,available,False
2026-09-09,2026-09-09T11:49:14Z,,Harry Amass,Man Utd,DEF,4.0,5.015,5.02,25.1,5,2.8,0.75,66.25,1.0,0.0,0.0,0.0,0.2,available,False
2026-09-09,2026-09-09T11:49:14Z,,John Egan,Hull City,DEF,4.0,5.006,4.994,24.97,5,3.2,1.0,85.6,1.0,0.0,0.0,0.0,0.8,available,False
2026-09-09,2026-09-09T11:49:14Z,,Chris Richards,Crystal Palace,DEF,5.0,5.005,5.001,25.0,5,3.0,0.87,74.8,2.2,3.9,128.0,0.0,0.8,available,False
2026-09-09,2026-09-09T11:49:14Z,,Ryan Sessegnon,Fulham,DEF,4.5,4.994,4.97,24.85,5,3.6,0.68,62.2,1.7,3.5,95.0,0.0,0.4,available,False
2026-09-09,2026-09-09T11:49:14Z,,Kiernan Dewsbury-Hall,Everton,MID,6.5,4.994,5.001,25.0,5,3.0,0.99,89.6,2.3,4.9,151.0,0.0,4.3,available,False
2026-09-09,2026-09-09T11:49:14Z,,Dan Burn,Newcastle,DEF,5.0,4.98,4.984,24.92,5,3.0,0.7,60.2,2.2,3.2,93.0,0.0,2.7,available,False
2026-09-09,2026-09-09T11:49:14Z,,Youri Tielemans,Man Utd,MID,6.0,4.98,4.984,24.92,5,2.8,0.71,86.6,1.6,2.7,68.0,0.0,1.0,doubtful,False
2026-09-09,2026-09-09T11:49:14Z,,Timothy Castagne,Fulham,DEF,4.5,4.979,4.954,24.77,5,3.6,0.93,88.6,1.7,2.0,61.0,0.0,0.2,available,False
2026-09-09,2026-09-09T11:49:14Z,,Lisandro Martínez,Man Utd,DEF,5.0,4.97,4.974,24.87,5,2.8,0.69,83.2,1.6,2.8,51.0,0.0,1.3,doubtful,False
2026-09-09,2026-09-09T11:49:14Z,,Mohammed Kudus,Spurs,MID,6.5,4.967,4.995,24.97,5,2.8,0.75,78.6,1.7,3.9,75.0,0.0,0.3,doubtful,False
2026-09-09,2026-09-09T11:49:14Z,,Pape Matar Sarr,Spurs,MID,5.0,4.966,4.986,24.93,5,2.8,0.58,64.0,1.5,2.7,71.0,0.0,0.4,available,False
2026-09-09,2026-09-09T11:49:14Z,,Wesley Fofana,Chelsea,DEF,5.0,4.952,4.95,24.75,5,3.0,0.0,77.4,0.0,2.6,65.0,0.0,0.0,suspended,True
2026-09-09,2026-09-09T11:49:14Z,,Lewis Miley,Newcastle,MID,5.5,4.914,4.918,24.59,5,3.0,0.0,76.6,0.0,3.1,72.0,0.0,0.0,injured,True
2026-09-09,2026-09-09T11:49:14Z,,Malo Gusto,Chelsea,DEF,5.0,4.886,4.882,24.41,5,3.0,0.9,87.6,2.2,2.8,96.0,0.0,1.2,available,False
2026-09-09,2026-09-09T11:49:14Z,,Ryan Gravenberch,Liverpool,MID,6.0,4.872,4.894,24.47,5,2.6,0.86,69.4,2.1,4.0,144.0,0.0,1.7,available,False
2026-09-09,2026-09-09T11:49:14Z,,Sebastiaan Bornauw,Leeds,DEF,4.5,4.864,4.876,24.38,5,2.8,0.8,67.4,1.7,2.1,25.0,0.0,0.0,available,False
2026-09-09,2026-09-09T11:49:14Z,,Nathan Patterson,Everton,DEF,4.5,4.826,4.83,24.15,5,3.0,0.78,65.6,1.7,3.1,22.0,0.0,0.1,available,False
2026-09-09,2026-09-09T11:49:14Z,,Yehor Yarmoliuk,Brentford,MID,5.0,4.822,4.827,24.13,5,3.0,0.92,87.8,1.5,2.8,104.0,0.0,1.4,available,False
2026-09-09,2026-09-09T11:49:14Z,,Alexis Mac Allister,Liverpool,MID,5.5,4.818,4.846,24.23,5,2.6,0.81,75.8,2.0,2.9,108.0,0.0,1.9,available,False
2026-09-09,2026-09-09T11:49:14Z,,Mathias Jensen,Brentford,MID,5.5,4.803,4.809,24.04,5,3.0,0.9,84.6,2.0,2.7,98.0,0.0,0.1,available,False
2026-09-09,2026-09-09T11:49:14Z,,Jaidon Anthony,Brentford,MID,6.0,4.803,4.813,24.07,5,3.0,0.94,87.4,2.1,0.0,0.0,0.0,0.3,available,False
2026-09-09,2026-09-09T11:49:14Z,,Abdukodir Khusanov,Man City,DEF,5.5,4.802,4.815,24.08,5,2.8,0.89,90.0,2.5,3.2,67.0,0.0,2.0,available,False
2026-09-09,2026-09-09T11:49:14Z,,Pascal Groß,Brighton,MID,5.5,4.802,4.812,24.06,5,3.0,0.96,90.0,2.0,4.1,78.0,0.0,2.0,available,False
2026-09-09,2026-09-09T11:49:14Z,,Jack Grealish,Man City,MID,6.5,4.796,4.822,24.11,5,2.8,0.84,74.4,2.3,4.0,79.0,0.0,0.3,available,False
2026-09-09,2026-09-09T11:49:14Z,,Conor Gallagher,Spurs,MID,5.5,4.791,4.814,24.07,5,2.8,0.8,87.0,2.0,2.8,44.0,0.0,0.2,available,False
2026-09-09,2026-09-09T11:49:14Z,,Ryan Christie,Bournemouth,MID,5.0,4.787,4.76,23.8,5,3.6,0.0,60.4,0.0,1.8,47.0,0.0,0.1,suspended,True
2026-09-09,2026-09-09T11:49:14Z,,Kobbie Mainoo,Man Utd,MID,5.5,4.784,4.788,23.94,5,2.8,0.83,90.0,2.0,2.6,73.0,0.0,1.3,available,False
2026-09-09,2026-09-09T11:49:14Z,,Zach Abbott,Nott'm Forest,DEF,4.0,4.775,4.78,23.9,5,3.0,0.5,60.5,1.0,1.0,3.0,0.0,0.2,available,False
2026-09-09,2026-09-09T11:49:14Z,,Leny Yoro,Man Utd,DEF,5.0,4.774,4.777,23.89,5,2.8,0.73,75.4,2.2,1.8,56.0,0.0,0.6,available,False
2026-09-09,2026-09-09T11:49:14Z,,Granit Xhaka,Sunderland,MID,5.5,4.767,4.744,23.72,5,3.2,0.98,90.0,2.0,3.6,124.0,0.0,6.5,available,False
2026-09-09,2026-09-09T11:49:14Z,,Ferdi Kadıoğlu,Brighton,DEF,4.5,4.752,4.757,23.78,5,3.0,0.97,90.0,1.7,3.2,118.0,0.0,3.1,available,False
2026-09-09,2026-09-09T11:49:14Z,,Joško Gvardiol,Man City,DEF,5.5,4.747,4.764,23.82,5,2.8,0.86,64.4,2.5,4.4,79.0,0.0,6.5,available,False
2026-09-09,2026-09-09T11:49:14Z,,Amadou Onana,Aston Villa,MID,5.0,4.736,4.731,23.65,5,3.0,0.0,90.0,0.0,3.0,76.0,0.0,0.0,injured,True
2026-09-09,2026-09-09T11:49:14Z,,Brian Brobbey,Sunderland,FWD,6.0,4.726,4.694,23.47,5,3.2,0.88,82.6,2.0,3.0,92.0,0.0,22.6,available,False
2026-09-09,2026-09-09T11:49:14Z,,Joe Rodon,Leeds,DEF,4.5,4.722,4.735,23.68,5,2.8,0.87,81.0,1.7,3.1,109.0,0.0,2.3,available,False
2026-09-09,2026-09-09T11:49:14Z,,Nicolas Jackson,Chelsea,FWD,6.5,4.721,4.714,23.57,5,3.0,0.85,74.2,2.1,0.0,0.0,0.0,0.4,available,False
2026-09-09,2026-09-09T11:49:14Z,,Rico Henry,Brentford,DEF,4.5,4.72,4.724,23.62,5,3.0,0.83,88.6,1.7,2.1,52.0,0.0,0.2,available,False
2026-09-09,2026-09-09T11:49:14Z,,Chadi Riad,Crystal Palace,DEF,4.5,4.718,4.714,23.57,5,3.0,0.73,68.8,1.7,2.2,20.0,0.0,0.1,available,False
2026-09-09,2026-09-09T11:49:14Z,,Riccardo Calafiori,Arsenal,DEF,5.5,4.71,4.694,23.47,5,3.2,0.85,61.4,2.5,4.2,109.0,0.0,13.1,available,False
2026-09-09,2026-09-09T11:49:14Z,,Reece James,Chelsea,DEF,5.5,4.707,4.704,23.52,5,3.0,0.79,77.2,2.5,4.0,115.0,0.0,8.1,available,False
2026-09-09,2026-09-09T11:49:14Z,,Micky van de Ven,Spurs,DEF,5.0,4.695,4.71,23.55,5,2.8,1.0,90.0,2.2,3.3,116.0,0.0,6.0,available,False
2026-09-09,2026-09-09T11:49:14Z,,Evanilson,Bournemouth,FWD,6.0,4.684,4.642,23.21,5,3.6,0.95,78.2,2.0,3.2,115.0,0.0,1.9,available,False
2026-09-09,2026-09-09T11:49:14Z,,Morato,Nott'm Forest,DEF,5.0,4.668,4.673,23.37,5,3.0,0.68,64.2,2.2,2.5,53.0,0.0,0.1,available,False
2026-09-09,2026-09-09T11:49:14Z,,Ibrahim Sangaré,Nott'm Forest,MID,5.0,4.652,4.658,23.29,5,3.0,0.85,67.0,1.5,3.2,89.0,0.0,0.4,available,False
2026-09-09,2026-09-09T11:49:14Z,,Ollie Watkins,Aston Villa,FWD,8.0,4.648,4.631,23.16,5,3.0,0.84,74.0,2.5,4.5,167.0,0.0,12.4,available,False
2026-09-09,2026-09-09T11:49:14Z,,Trevoh Chalobah,Chelsea,DEF,5.5,4.641,4.638,23.19,5,3.0,0.87,75.2,2.5,4.0,136.0,0.0,2.1,available,False
2026-09-09,2026-09-09T11:49:14Z,,Axel Disasi,Chelsea,DEF,4.5,4.637,4.634,23.17,5,3.0,1.0,89.0,1.7,0.0,0.0,0.0,0.1,available,False
2026-09-09,2026-09-09T11:49:14Z,,Diego Coppola,Brighton,DEF,4.5,4.608,4.612,23.06,5,3.0,0.68,75.0,1.7,2.0,10.0,0.0,0.0,available,False
2026-09-09,2026-09-09T11:49:14Z,,Curtis Jones,Liverpool,MID,5.5,4.607,4.62,23.1,5,2.6,0.81,89.4,2.0,2.4,81.0,0.0,0.1,available,False
2026-09-09,2026-09-09T11:49:14Z,,Eberechi Eze,Arsenal,MID,6.5,4.589,4.554,22.77,5,3.2,0.88,69.0,2.3,3.4,113.0,0.0,3.3,available,False
2026-09-09,2026-09-09T11:49:14Z,,Nikola Milenković,Nott'm Forest,DEF,5.5,4.587,4.593,22.96,5,3.0,0.87,81.0,2.5,3.1,119.0,0.0,2.3,available,False
2026-09-09,2026-09-09T11:49:14Z,,Leif Davis,Ipswich Town,DEF,4.0,4.569,4.555,22.77,5,3.2,1.0,72.8,1.0,0.0,0.0,0.0,4.3,available,False
2026-09-09,2026-09-09T11:49:14Z,,Kevin Schade,Brentford,MID,6.0,4.533,4.54,22.7,5,3.0,0.84,72.0,2.1,3.6,125.0,0.0,2.1,available,False
2026-09-09,2026-09-09T11:49:14Z,,Lewis Cook,Bournemouth,MID,5.0,4.531,4.512,22.56,5,3.6,0.69,74.0,1.5,2.2,40.0,0.0,0.1,available,False
2026-09-09,2026-09-09T11:49:14Z,,Luca Netz,Nott'm Forest,DEF,4.5,4.51,4.516,22.58,5,3.0,0.62,62.8,1.7,1.6,11.0,0.0,0.0,available,False
2026-09-09,2026-09-09T11:49:14Z,,Veljko Milosavljević,Bournemouth,DEF,5.0,4.503,4.485,22.42,5,3.6,0.75,70.75,2.2,2.7,19.0,0.0,0.1,available,False
2026-09-09,2026-09-09T11:49:14Z,,Morgan Gibbs-White,Nott'm Forest,MID,8.0,4.488,4.502,22.51,5,3.0,0.86,74.8,2.8,5.1,188.0,0.0,12.8,available,False
2026-09-09,2026-09-09T11:49:14Z,,Ismaïla Sarr,Crystal Palace,MID,6.5,4.458,4.443,22.21,5,3.0,0.7,68.8,2.3,4.2,117.0,0.0,11.4,available,False
2026-09-09,2026-09-09T11:49:14Z,,Sander Berge,Fulham,MID,5.0,4.423,4.399,21.99,5,3.6,0.99,78.6,1.5,2.6,91.0,0.0,0.4,available,False
2026-09-09,2026-09-09T11:49:14Z,,Harry Wilson,Leeds,MID,6.5,4.413,4.449,22.25,5,2.8,0.85,63.4,2.3,4.7,168.0,0.0,9.2,available,False
2026-09-09,2026-09-09T11:49:14Z,,Noah Sadiki,Sunderland,MID,5.0,4.401,4.386,21.93,5,3.2,1.0,83.8,1.5,2.4,80.0,0.0,0.5,available,False
2026-09-09,2026-09-09T11:49:14Z,,James Maddison,Spurs,MID,6.5,4.39,4.419,22.09,5,2.8,0.48,61.8,2.3,1.0,3.0,0.0,2.6,available,False
2026-09-09,2026-09-09T11:49:14Z,,Kasey McAteer,Ipswich Town,MID,4.5,4.362,4.346,21.73,5,3.2,0.68,75.0,1.0,0.0,0.0,0.0,2.1,available,False
2026-09-09,2026-09-09T11:49:14Z,,Merlin Röhl,Everton,MID,5.0,4.357,4.362,21.81,5,3.0,0.61,72.0,1.5,2.2,36.0,0.0,0.1,available,False
2026-09-09,2026-09-09T11:49:14Z,,Rayan,Bournemouth,MID,6.5,4.344,4.306,21.53,5,3.6,0.82,70.0,2.3,4.5,67.0,0.0,3.5,available,False
2026-09-09,2026-09-09T11:49:14Z,,Kalvin Phillips,Man City,MID,5.0,4.333,4.345,21.73,5,2.8,0.93,87.2,1.5,0.0,0.0,0.0,0.0,available,False
2026-09-09,2026-09-09T11:49:14Z,,Saša Lukić,Fulham,MID,5.0,4.289,4.263,21.32,5,3.6,0.78,81.0,1.5,2.6,67.0,0.0,0.1,available,False
2026-09-09,2026-09-09T11:49:14Z,,Dwight McNeil,Everton,MID,5.5,4.288,4.293,21.47,5,3.0,0.87,81.0,2.0,2.4,53.0,0.0,0.1,available,False
2026-09-09,2026-09-09T11:49:14Z,,Pau Torres,Aston Villa,DEF,4.5,4.271,4.266,21.33,5,3.0,0.96,90.0,1.7,3.0,64.0,0.0,0.2,available,False
2026-09-09,2026-09-09T11:49:14Z,,Brenden Aaronson,Leeds,MID,5.5,4.254,4.273,21.36,5,2.8,0.81,60.6,2.0,3.4,126.0,0.0,0.6,available,False
2026-09-09,2026-09-09T11:49:14Z,,Carlos Baleba,Brighton,MID,5.0,4.232,4.237,21.19,5,3.0,0.8,68.6,1.5,1.8,56.0,0.0,0.6,available,False
2026-09-09,2026-09-09T11:49:14Z,,Bafodé Diakité,Bournemouth,DEF,5.0,4.227,4.208,21.04,5,3.6,0.86,65.8,2.2,2.6,46.0,0.0,0.2,available,False
2026-09-09,2026-09-09T11:49:14Z,,Emile Smith Rowe,Fulham,MID,5.5,4.223,4.196,20.98,5,3.6,0.84,69.0,2.0,2.2,80.0,0.0,0.4,available,False
2026-09-09,2026-09-09T11:49:14Z,,Rodrigo,Man City,MID,6.5,4.198,4.241,21.2,5,2.8,0.0,59.4,0.0,3.3,69.0,0.0,0.1,injured,True
2026-09-09,2026-09-09T11:49:14Z,,Daichi Kamada,Crystal Palace,MID,5.0,4.193,4.188,20.94,5,3.0,0.79,66.0,1.5,2.4,67.0,0.0,0.3,available,False
2026-09-09,2026-09-09T11:49:14Z,,Justin Devenny,Crystal Palace,MID,5.0,4.179,4.175,20.87,5,3.0,0.5,63.8,1.5,1.7,36.0,0.0,0.0,available,False
2026-09-09,2026-09-09T11:49:14Z,,Brennan Johnson,Crystal Palace,MID,6.0,4.176,4.167,20.83,5,3.0,0.85,76.4,2.1,1.9,65.0,0.0,0.2,available,False
2026-09-09,2026-09-09T11:49:14Z,,Keane Lewis-Potter,Brentford,MID,5.5,4.173,4.178,20.89,5,3.0,0.87,89.8,2.0,3.2,115.0,0.0,0.6,available,False
2026-09-09,2026-09-09T11:49:14Z,,Bryan Mbeumo,Man Utd,MID,8.0,4.172,4.183,20.91,5,2.8,0.86,66.2,2.8,4.5,148.0,0.0,13.3,available,False
2026-09-09,2026-09-09T11:49:14Z,,Vitaly Janelt,Brentford,MID,5.0,4.154,4.159,20.8,5,3.0,0.72,63.4,1.5,3.0,74.0,0.0,0.1,available,False
2026-09-09,2026-09-09T11:49:14Z,,Murillo,Nott'm Forest,DEF,5.5,4.144,4.15,20.75,5,3.0,0.75,90.0,1.9,3.3,83.0,0.0,0.2,doubtful,False
2026-09-09,2026-09-09T11:49:14Z,,Adam Wharton,Crystal Palace,MID,5.5,4.141,4.135,20.68,5,3.0,0.53,69.0,1.5,3.3,112.0,0.0,0.2,doubtful,False
2026-09-09,2026-09-09T11:49:14Z,,Adam Smith,Bournemouth,DEF,4.5,4.14,4.121,20.6,5,3.6,0.8,69.2,1.7,2.6,58.0,0.0,0.1,available,False
2026-09-09,2026-09-09T11:49:14Z,,Igor Jesus,Nott'm Forest,FWD,6.0,4.133,4.143,20.71,5,3.0,0.79,64.8,2.0,3.1,114.0,0.0,3.9,available,False
2026-09-09,2026-09-09T11:49:14Z,,Ben Johnson,Ipswich Town,DEF,4.0,4.122,4.11,20.55,5,3.2,0.87,79.2,1.0,0.0,0.0,0.0,0.2,available,False
2026-09-09,2026-09-09T11:49:14Z,,Nicolò Savona,Nott'm Forest,DEF,4.5,4.089,4.095,20.47,5,3.0,0.0,79.2,0.0,2.8,39.0,0.0,0.0,injured,True
2026-09-09,2026-09-09T11:49:14Z,,Rayan Cherki,Man City,MID,7.5,4.073,4.136,20.68,5,2.8,0.61,57.0,2.6,4.1,135.0,0.0,9.9,available,False
2026-09-09,2026-09-09T11:49:14Z,,William Osula,Newcastle,FWD,6.0,4.013,4.021,20.1,5,3.0,0.74,76.0,2.0,3.2,76.0,0.0,2.4,available,False
2026-09-09,2026-09-09T11:49:14Z,,Kristoffer Ajer,Brentford,DEF,4.5,4.012,4.016,20.08,5,3.0,0.54,55.4,1.7,2.8,76.0,0.0,0.5,available,False
2026-09-09,2026-09-09T11:49:14Z,,Cristhian Mosquera,Arsenal,DEF,5.5,3.994,3.982,19.91,5,3.2,0.43,47.0,2.5,2.0,40.0,0.0,16.8,available,False
2026-09-09,2026-09-09T11:49:14Z,,Tetê,Fulham,DEF,4.5,3.984,3.933,19.66,5,3.6,0.69,51.0,1.7,3.7,81.0,0.0,0.2,available,False
2026-09-09,2026-09-09T11:49:14Z,,Ian Maatsen,Aston Villa,DEF,4.5,3.984,3.979,19.9,5,3.0,0.61,52.0,1.7,1.8,54.0,0.0,0.6,available,False
2026-09-09,2026-09-09T11:49:14Z,,Alex Iwobi,Fulham,MID,5.5,3.979,3.937,19.69,5,3.6,1.0,76.0,2.0,3.6,103.0,0.0,0.9,available,False
2026-09-09,2026-09-09T11:49:14Z,,Luke O'Nien,Sunderland,DEF,4.0,3.962,3.95,19.75,5,3.2,0.56,72.6,1.0,2.2,26.0,0.0,2.3,available,False
2026-09-09,2026-09-09T11:49:14Z,,Tyrone Mings,Aston Villa,DEF,4.5,3.96,3.955,19.78,5,3.0,0.95,90.0,1.7,2.9,50.0,0.0,0.2,available,False
2026-09-09,2026-09-09T11:49:14Z,,Luke Woolfenden,Coventry City,DEF,4.0,3.958,3.941,19.71,5,3.4,0.67,72.0,1.0,0.0,0.0,0.0,0.3,available,False
2026-09-09,2026-09-09T11:49:14Z,,Sandro Tonali,Spurs,MID,5.5,3.866,3.884,19.42,5,2.8,0.98,89.0,2.0,2.3,81.0,0.0,3.0,available,False
2026-09-09,2026-09-09T11:49:14Z,,Tim Iroegbunam,Everton,MID,5.0,3.83,3.834,19.17,5,3.0,0.62,58.6,1.5,2.3,68.0,0.0,0.1,available,False
2026-09-09,2026-09-09T11:49:14Z,,Lucas Digne,Aston Villa,DEF,4.5,3.82,3.814,19.07,5,3.0,0.63,58.8,1.7,3.1,97.0,0.0,1.4,available,False
2026-09-09,2026-09-09T11:49:14Z,,Wes Burns,Ipswich Town,MID,5.0,3.814,3.803,19.02,5,3.2,0.77,65.8,1.5,0.0,0.0,0.0,0.1,available,False
2026-09-09,2026-09-09T11:49:14Z,,Issa Diop,Ipswich Town,DEF,4.0,3.805,3.793,18.97,5,3.2,0.76,81.0,1.0,2.4,31.0,0.0,21.4,available,False
2026-09-09,2026-09-09T11:49:14Z,,Lamare Bogarde,Aston Villa,MID,5.0,3.787,3.783,18.91,5,3.0,0.55,61.8,1.5,1.4,40.0,0.0,0.1,available,False
2026-09-09,2026-09-09T11:49:14Z,,Dejan Kulusevski,Spurs,MID,6.5,3.754,3.783,18.91,5,2.8,0.0,48.2,0.0,0.0,0.0,0.0,0.0,injured,True
2026-09-09,2026-09-09T11:49:14Z,,Danny Welbeck,Brighton,FWD,6.0,3.732,3.742,18.71,5,3.0,0.77,61.6,2.0,3.4,126.0,0.0,3.0,available,False
2026-09-09,2026-09-09T11:49:14Z,,Mamadou Sarr,Chelsea,DEF,4.5,3.723,3.721,18.6,5,3.0,1.0,81.0,1.7,1.0,3.0,0.0,0.1,available,False
2026-09-09,2026-09-09T11:49:14Z,,Myles Lewis-Skelly,Arsenal,MID,5.5,3.613,3.601,18.0,5,3.2,0.46,64.0,2.0,1.4,29.0,0.0,0.3,available,False
2026-09-09,2026-09-09T11:49:14Z,,Omar Marmoush,Man City,FWD,7.0,3.613,3.648,18.24,5,2.8,0.55,49.6,2.2,2.7,56.0,0.0,0.6,available,False
2026-09-09,2026-09-09T11:49:14Z,,John McGinn,Aston Villa,MID,5.5,3.588,3.579,17.9,5,3.0,0.99,83.6,2.0,3.4,103.0,0.0,2.7,available,False
2026-09-09,2026-09-09T11:49:14Z,,Simon Adingra,Sunderland,MID,5.0,3.578,3.562,17.81,5,3.2,0.75,60.8,1.5,2.4,34.0,0.0,0.4,available,False
2026-09-09,2026-09-09T11:49:14Z,,Chris Rigg,Sunderland,MID,5.0,3.576,3.562,17.81,5,3.2,0.97,74.0,1.5,2.0,36.0,0.0,0.1,available,False
2026-09-09,2026-09-09T11:49:14Z,,Kai Havertz,Arsenal,FWD,7.5,3.526,3.492,17.46,5,3.2,0.73,54.8,2.3,3.0,36.0,0.0,4.3,available,False
2026-09-09,2026-09-09T11:49:14Z,,Tyler Adams,Bournemouth,MID,5.0,3.516,3.496,17.48,5,3.6,0.57,49.6,1.5,3.1,77.0,0.0,0.7,available,False
2026-09-09,2026-09-09T11:49:14Z,,Noah Okafor,Leeds,MID,6.0,3.513,3.561,17.8,5,2.8,0.64,52.2,2.1,3.9,109.0,0.0,0.9,available,False
2026-09-09,2026-09-09T11:49:14Z,,Benjamin Šeško,Man Utd,FWD,7.0,3.512,3.526,17.63,5,2.8,0.44,58.4,1.7,3.7,111.0,0.0,3.2,doubtful,False
2026-09-09,2026-09-09T11:49:14Z,,Tyler Fredricson,Man Utd,DEF,4.0,3.505,3.508,17.54,5,2.8,0.6,83.0,1.0,1.0,1.0,0.0,0.1,available,False
2026-09-09,2026-09-09T11:49:14Z,,Caoimhin Kelleher,Brentford,GKP,5.0,3.488,3.491,17.46,5,3.0,1.0,90.0,2.6,3.9,143.0,0.0,5.6,available,False
2026-09-09,2026-09-09T11:49:14Z,,Victor Lindelöf,Aston Villa,DEF,4.5,3.478,3.474,17.37,5,3.0,0.75,62.4,1.7,1.7,29.0,0.0,0.2,available,False
2026-09-09,2026-09-09T11:49:14Z,,Hákon Rafn Valdimarsson,Brentford,GKP,4.5,3.47,3.473,17.37,5,3.0,0.3,72.0,2.0,1.0,1.0,0.0,0.1,available,False
2026-09-09,2026-09-09T11:49:14Z,,Jack Hinshelwood,Brighton,MID,6.0,3.465,3.472,17.36,5,3.0,0.9,84.4,2.1,3.4,91.0,0.0,0.3,available,False
2026-09-09,2026-09-09T11:49:14Z,,Jeremie Frimpong,Liverpool,DEF,5.5,3.397,3.415,17.07,5,2.6,0.6,56.8,2.5,3.0,63.0,0.0,3.0,available,False
2026-09-09,2026-09-09T11:49:14Z,,Nilson Angulo,Sunderland,MID,5.0,3.377,3.363,16.81,5,3.2,0.59,52.0,1.5,1.6,13.0,0.0,0.1,available,False
2026-09-09,2026-09-09T11:49:14Z,,Giorgi Mamardashvili,Liverpool,GKP,5.0,3.36,3.37,16.85,5,2.6,1.0,83.6,2.6,3.4,34.0,0.0,0.2,available,False
2026-09-09,2026-09-09T11:49:14Z,,Alex Murphy,Newcastle,DEF,4.0,3.349,3.353,16.77,5,3.0,0.48,81.6,1.0,1.0,2.0,0.0,0.8,available,False
2026-09-09,2026-09-09T11:49:14Z,,Freddie Woodman,Liverpool,GKP,4.0,3.342,3.352,16.76,5,2.6,0.68,78.4,1.0,2.0,6.0,0.0,1.3,available,False
2026-09-09,2026-09-09T11:49:14Z,,Liam Delap,Chelsea,FWD,5.5,3.327,3.323,16.61,5,3.0,0.54,61.8,1.8,1.6,45.0,0.0,0.5,available,False
2026-09-09,2026-09-09T11:49:14Z,,Jørgen Strand Larsen,Crystal Palace,FWD,6.0,3.318,3.31,16.55,5,3.0,0.65,48.2,2.0,2.1,75.0,0.0,0.6,available,False
2026-09-09,2026-09-09T11:49:14Z,,Jacob Ramsey,Newcastle,MID,5.0,3.298,3.303,16.52,5,3.0,0.58,57.4,1.5,2.2,62.0,0.0,0.5,available,False
2026-09-09,2026-09-09T11:49:14Z,,James Trafford,Man City,GKP,5.0,3.296,3.307,16.53,5,2.8,1.0,90.0,2.6,3.2,13.0,0.0,0.9,available,False
2026-09-09,2026-09-09T11:49:14Z,,Altay Bayındır,Man Utd,GKP,4.5,3.282,3.285,16.42,5,2.8,1.0,90.0,2.0,1.8,11.0,0.0,0.2,available,False
2026-09-09,2026-09-09T11:49:14Z,,Karl Darlow,Man Utd,GKP,4.5,3.277,3.28,16.4,5,2.8,0.75,90.0,1.5,3.2,71.0,0.0,0.1,doubtful,False
2026-09-09,2026-09-09T11:49:14Z,,Antonín Kinský,Spurs,GKP,4.5,3.276,3.286,16.43,5,2.8,1.0,90.0,2.0,2.9,20.0,0.0,16.6,available,False
2026-09-09,2026-09-09T11:49:14Z,,Martin Dúbravka,Spurs,GKP,4.0,3.269,3.279,16.39,5,2.8,1.0,90.0,1.0,2.7,96.0,0.0,24.8,available,False
2026-09-09,2026-09-09T11:49:14Z,,Senne Lammens,Man Utd,GKP,5.0,3.268,3.271,16.35,5,2.8,1.0,90.0,2.6,3.4,109.0,0.0,20.1,available,False
2026-09-09,2026-09-09T11:49:14Z,,Guglielmo Vicario,Spurs,GKP,4.5,3.267,3.277,16.39,5,2.8,1.0,90.0,2.0,2.9,90.0,0.0,1.7,available,False
2026-09-09,2026-09-09T11:49:14Z,,Gianluigi Donnarumma,Man City,GKP,5.5,3.265,3.276,16.38,5,2.8,1.0,90.0,3.3,4.0,135.0,0.0,11.2,available,False
2026-09-09,2026-09-09T11:49:14Z,,Chemsdine Talbi,Sunderland,MID,5.5,3.26,3.237,16.18,5,3.2,0.74,74.0,2.0,3.0,83.0,0.0,0.2,available,False
2026-09-09,2026-09-09T11:49:14Z,,Archie Gray,Spurs,MID,5.0,3.229,3.242,16.21,5,2.8,0.94,83.0,1.5,2.5,61.0,0.0,0.2,available,False
2026-09-09,2026-09-09T11:49:14Z,,Dean Henderson,Crystal Palace,GKP,5.0,3.209,3.206,16.03,5,3.0,1.0,90.0,2.6,3.5,131.0,0.0,3.1,available,False
2026-09-09,2026-09-09T11:49:14Z,,Mark Travers,Everton,GKP,5.0,3.208,3.211,16.06,5,3.0,1.0,90.0,2.6,0.0,0.0,0.0,0.1,available,False
2026-09-09,2026-09-09T11:49:14Z,,Bart Verbruggen,Brighton,GKP,4.5,3.206,3.209,16.05,5,3.0,1.0,90.0,2.0,3.4,130.0,0.0,16.9,available,False
2026-09-09,2026-09-09T11:49:14Z,,Nick Pope,Newcastle,GKP,5.0,3.204,3.207,16.04,5,3.0,1.0,90.0,2.6,3.6,96.0,0.0,1.0,available,False
2026-09-09,2026-09-09T11:49:14Z,,Loum Tchaouna,Coventry City,MID,5.5,3.198,3.166,15.83,5,3.4,0.68,70.0,2.0,0.0,0.0,0.0,0.1,available,False
2026-09-09,2026-09-09T11:49:14Z,,Marco Bizot,Aston Villa,GKP,4.5,3.193,3.189,15.95,5,3.0,0.81,81.0,2.0,2.3,16.0,0.0,0.1,available,False
2026-09-09,2026-09-09T11:49:14Z,,Jason Steele,Brighton,GKP,4.0,3.192,3.195,15.98,5,3.0,1.0,90.0,1.0,0.0,0.0,0.0,5.4,available,False
2026-09-09,2026-09-09T11:49:14Z,,Jordan Pickford,Everton,GKP,5.5,3.19,3.193,15.97,5,3.0,1.0,90.0,3.3,3.6,135.0,0.0,9.0,available,False
2026-09-09,2026-09-09T11:49:14Z,,Noni Madueke,Arsenal,MID,6.5,3.188,3.169,15.85,5,3.2,0.61,47.0,2.3,2.8,72.0,0.0,0.4,available,False
2026-09-09,2026-09-09T11:49:14Z,,Matz Sels,Nott'm Forest,GKP,5.0,3.187,3.192,15.96,5,3.0,0.99,90.0,2.6,3.4,105.0,0.0,1.4,available,False
2026-09-09,2026-09-09T11:49:14Z,,Robin Roefs,Sunderland,GKP,5.0,3.17,3.161,15.8,5,3.2,1.0,90.0,2.6,3.9,136.0,0.0,5.8,available,False
2026-09-09,2026-09-09T11:49:14Z,,Melker Ellborg,Sunderland,GKP,4.5,3.164,3.155,15.77,5,3.2,1.0,90.0,2.0,5.3,16.0,0.0,0.1,available,False
2026-09-09,2026-09-09T11:49:14Z,,Evann Guessand,Aston Villa,MID,5.5,3.156,3.149,15.74,5,3.0,0.56,53.0,2.0,2.1,44.0,0.0,0.0,available,False
2026-09-09,2026-09-09T11:49:14Z,,Alex Palmer,Ipswich Town,GKP,4.0,3.151,3.142,15.71,5,3.2,1.0,90.0,1.0,0.0,0.0,0.0,6.5,available,False
2026-09-09,2026-09-09T11:49:14Z,,Illan Meslier,Arsenal,GKP,5.0,3.148,3.139,15.69,5,3.2,1.0,90.0,2.6,0.0,0.0,0.0,0.1,available,False
2026-09-09,2026-09-09T11:49:14Z,,Christian Walton,Ipswich Town,GKP,4.5,3.141,3.132,15.66,5,3.2,1.0,90.0,2.0,0.0,0.0,0.0,0.7,available,False
2026-09-09,2026-09-09T11:49:14Z,,Habib Diarra,Sunderland,MID,5.5,3.136,3.112,15.56,5,3.2,0.68,55.2,2.0,3.2,65.0,0.0,0.1,available,False
2026-09-09,2026-09-09T11:49:14Z,,Chiedozie Ogbene,Ipswich Town,MID,5.0,3.111,3.098,15.49,5,3.2,0.65,54.4,1.5,0.0,0.0,0.0,0.0,available,False
2026-09-09,2026-09-09T11:49:14Z,,Martin Ødegaard,Arsenal,MID,6.5,3.107,3.064,15.32,5,3.2,0.51,52.2,2.3,3.1,74.0,0.0,2.9,available,False
2026-09-09,2026-09-09T11:49:14Z,,Wilson Odobert,Spurs,MID,5.5,3.062,3.095,15.48,5,2.8,0.0,53.2,0.0,1.9,46.0,0.0,0.0,injured,True
2026-09-09,2026-09-09T11:49:14Z,,Rio Ngumoha,Liverpool,MID,6.0,3.05,3.072,15.36,5,2.6,0.45,51.8,2.1,2.3,43.0,0.0,1.6,available,False
2026-09-09,2026-09-09T11:49:14Z,,Bernd Leno,Fulham,GKP,4.5,3.033,3.016,15.08,5,3.6,1.0,90.0,2.0,3.2,122.0,0.0,3.2,available,False
2026-09-09,2026-09-09T11:49:14Z,,Fraser Forster,Bournemouth,GKP,4.0,3.028,3.012,15.06,5,3.6,1.0,90.0,1.0,0.0,0.0,0.0,3.2,available,False
2026-09-09,2026-09-09T11:49:14Z,,Đorđe Petrović,Bournemouth,GKP,4.5,3.025,3.009,15.05,5,3.6,1.0,90.0,2.0,3.3,124.0,0.0,3.5,available,False
2026-09-09,2026-09-09T11:49:14Z,,Harrison Armstrong,Everton,MID,5.0,2.935,2.939,14.69,5,3.0,0.65,52.6,1.5,1.6,21.0,0.0,0.1,available,False
2026-09-09,2026-09-09T11:49:14Z,,Omari Hutchinson,Nott'm Forest,MID,5.5,2.925,2.933,14.66,5,3.0,0.59,52.2,2.0,2.6,82.0,0.0,0.2,available,False
2026-09-09,2026-09-09T11:49:14Z,,Miloš Kerkez,Liverpool,DEF,5.5,2.914,2.928,14.64,5,2.6,0.57,47.8,2.5,2.5,85.0,0.0,6.3,available,False
2026-09-09,2026-09-09T11:49:14Z,,Mason Mount,Man Utd,MID,5.5,2.895,2.899,14.49,5,2.8,0.62,54.0,2.0,2.5,58.0,0.0,0.1,available,False
2026-09-09,2026-09-09T11:49:14Z,,Borna Sosa,Crystal Palace,DEF,4.5,2.885,2.881,14.41,5,3.0,0.36,58.4,1.7,0.9,6.0,0.0,0.1,available,False
2026-09-09,2026-09-09T11:49:14Z,,Chris Wood,Nott'm Forest,FWD,6.0,2.756,2.769,13.85,5,3.0,0.65,55.0,2.0,2.7,41.0,0.0,1.8,available,False
2026-09-09,2026-09-09T11:49:14Z,,Will Hughes,Crystal Palace,MID,4.5,2.753,2.749,13.75,5,3.0,0.74,53.0,1.0,1.5,45.0,0.0,10.1,available,False
2026-09-09,2026-09-09T11:49:14Z,,Justin Kluivert,Bournemouth,MID,6.0,2.745,2.699,13.5,5,3.6,0.58,57.2,2.1,2.0,41.0,0.0,0.8,available,False
2026-09-09,2026-09-09T11:49:14Z,,Estêvão,Chelsea,MID,6.5,2.713,2.709,13.54,5,3.0,0.69,54.0,2.3,2.6,58.0,0.0,1.4,available,False
2026-09-09,2026-09-09T11:49:14Z,,Joe Willock,Newcastle,MID,5.0,2.697,2.703,13.51,5,3.0,0.54,58.6,1.5,1.6,38.0,0.0,0.1,available,False
2026-09-09,2026-09-09T11:49:14Z,,Ross Barkley,Aston Villa,MID,5.0,2.683,2.676,13.38,5,3.0,0.49,59.2,1.5,2.7,56.0,0.0,0.2,available,False
2026-09-09,2026-09-09T11:49:14Z,,Amad Diallo,Man Utd,MID,6.0,2.628,2.634,13.17,5,2.8,0.7,53.0,2.1,2.8,91.0,0.0,1.5,available,False
2026-09-09,2026-09-09T11:49:14Z,,Tyler Dibling,Everton,MID,5.5,2.581,2.585,12.93,5,3.0,0.54,51.4,2.0,1.3,18.0,0.0,0.1,available,False
2026-09-09,2026-09-09T11:49:14Z,,Neto,Chelsea,MID,6.5,2.573,2.571,12.86,5,3.0,1.0,90.0,2.3,3.7,125.0,0.0,1.2,available,False
2026-09-09,2026-09-09T11:49:14Z,,Viktor Gyökeres,Arsenal,FWD,7.5,2.541,2.514,12.57,5,3.2,0.54,48.2,2.3,3.6,128.0,0.0,13.9,available,False
2026-09-09,2026-09-09T11:49:14Z,,Jacob Murphy,Newcastle,MID,6.0,2.448,2.454,12.27,5,3.0,0.59,47.6,2.1,2.5,82.0,0.0,0.2,available,False
2026-09-09,2026-09-09T11:49:14Z,,Matt Targett,Hull City,DEF,4.0,2.388,2.376,11.88,5,3.2,0.36,49.8,1.0,0.0,0.0,0.0,1.7,available,False
2026-09-09,2026-09-09T11:49:14Z,,Harvey Barnes,Newcastle,MID,6.0,2.371,2.38,11.9,5,3.0,0.46,48.0,2.1,2.9,106.0,0.0,1.0,available,False
2026-09-09,2026-09-09T11:49:14Z,,Callum Hudson-Odoi,Nott'm Forest,MID,6.0,2.355,2.364,11.82,5,3.0,0.57,56.4,1.6,2.9,88.0,0.0,0.0,doubtful,False
2026-09-09,2026-09-09T11:49:14Z,,Dilane Bakwa,Nott'm Forest,MID,5.5,2.335,2.344,11.72,5,3.0,0.52,45.8,2.0,1.9,26.0,0.0,0.0,available,False
2026-09-09,2026-09-09T11:49:14Z,,Ilia Gruev,Leeds,MID,5.0,2.236,2.25,11.25,5,2.8,0.65,57.6,1.5,2.4,56.0,0.0,0.0,available,False
2026-09-09,2026-09-09T11:49:14Z,,Jordan Henderson,Brentford,MID,5.0,2.162,2.166,10.83,5,3.0,0.49,56.0,1.1,2.4,76.0,0.0,0.0,doubtful,False
2026-09-09,2026-09-09T11:49:14Z,,Jack Taylor,Ipswich Town,MID,4.5,2.158,2.146,10.73,5,3.2,0.42,58.6,1.0,0.0,0.0,0.0,0.5,available,False
2026-09-09,2026-09-09T11:49:14Z,,Ethan Nwaneri,Arsenal,MID,5.5,2.0,1.985,9.92,5,3.2,0.12,46.0,2.0,1.3,8.0,0.0,0.0,available,False
2026-09-09,2026-09-09T11:49:14Z,,Tom Cairney,Fulham,MID,5.0,1.884,1.86,9.3,5,3.6,0.47,51.2,1.5,1.7,41.0,0.0,0.0,available,False
2026-09-10,2026-09-10T11:47:59Z,,Bukayo Saka,Arsenal,MID,9.5,9.027,9.069,45.35,5,2.8,0.93,79.0,7.3,7.3,22.0,7.3,11.4,available,False
2026-09-10,2026-09-10T11:47:59Z,,Jérémy Doku,Man City,MID,7.4,7.969,7.887,39.44,5,3.2,0.0,75.4,0.0,0.0,0.0,0.0,0.8,injured,True
2026-09-10,2026-09-10T11:47:59Z,,Hugo Ekitiké,Liverpool,FWD,7.4,7.267,7.36,36.8,5,2.8,0.0,86.8,0.0,0.0,0.0,0.0,0.1,injured,True
2026-09-10,2026-09-10T11:47:59Z,,Erling Haaland,Man City,FWD,15.5,6.625,6.556,32.78,5,3.2,0.99,90.0,8.0,8.0,24.0,8.0,71.3,available,False
2026-09-10,2026-09-10T11:47:59Z,,Dominic Calvert-Lewin,Leeds,FWD,6.0,6.327,6.276,31.38,5,3.4,0.94,89.6,3.3,3.3,10.0,3.3,23.5,available,False
2026-09-10,2026-09-10T11:47:59Z,,Cody Gakpo,Liverpool,MID,7.2,6.318,6.383,31.91,5,2.8,0.72,83.0,7.0,9.3,28.0,9.3,14.2,doubtful,False
2026-09-10,2026-09-10T11:47:59Z,,João Pedro,Chelsea,FWD,7.7,6.171,6.218,31.09,5,2.8,0.95,85.8,7.0,7.0,21.0,7.0,72.6,available,False
2026-09-10,2026-09-10T11:47:59Z,,Richarlison,Spurs,FWD,5.9,6.066,6.055,30.27,5,3.2,0.0,76.0,0.0,2.0,2.0,0.7,1.1,unavailable,True
2026-09-10,2026-09-10T11:47:59Z,,Pedro Porro,Spurs,DEF,5.5,5.953,5.948,29.74,5,3.2,0.98,90.0,2.7,4.0,8.0,2.7,11.4,available,False
2026-09-10,2026-09-10T11:47:59Z,,Zian Flemming,Ipswich Town,FWD,5.5,5.89,5.849,29.24,5,3.2,0.91,82.2,1.8,1.0,1.0,1.0,0.0,available,False
2026-09-10,2026-09-10T11:47:59Z,,Cole Palmer,Chelsea,MID,9.6,5.883,5.945,29.72,5,2.8,0.97,89.8,7.0,7.0,21.0,7.0,23.2,available,False
2026-09-10,2026-09-10T11:47:59Z,,Sven Botman,Newcastle,DEF,5.0,5.85,5.862,29.31,5,2.6,0.96,90.0,3.0,3.0,9.0,3.0,0.7,available,False
2026-09-10,2026-09-10T11:47:59Z,,Cristian Romero,Spurs,DEF,5.0,5.774,5.771,28.85,5,3.2,0.0,68.6,0.0,0.0,0.0,0.0,0.1,unavailable,True
2026-09-10,2026-09-10T11:47:59Z,,Rayan Aït-Nouri,Man City,DEF,5.3,5.745,5.73,28.65,5,3.2,0.82,63.6,0.0,0.0,0.0,0.0,0.5,available,False
2026-09-10,2026-09-10T11:47:59Z,,Sepp van den Berg,Brentford,DEF,4.9,5.742,5.72,28.6,5,3.4,0.0,90.0,0.0,0.0,0.0,0.0,0.1,injured,True
2026-09-10,2026-09-10T11:47:59Z,,Dominik Szoboszlai,Liverpool,MID,7.0,5.741,5.784,28.92,5,2.8,1.0,90.0,5.0,5.0,15.0,5.0,38.4,available,False
2026-09-10,2026-09-10T11:47:59Z,,Antonee Robinson,Fulham,DEF,4.5,5.714,5.718,28.59,5,2.8,0.94,80.0,1.3,1.3,4.0,1.3,1.5,available,False
2026-09-10,2026-09-10T11:47:59Z,,Enzo Le Fée,Sunderland,MID,5.9,5.714,5.707,28.53,5,3.2,0.97,90.0,4.3,4.3,13.0,4.3,5.0,available,False
2026-09-10,2026-09-10T11:47:59Z,,Maxence Lacroix,Chelsea,DEF,6.0,5.706,5.721,28.6,5,2.8,1.0,90.0,3.0,3.0,9.0,3.0,8.1,available,False
2026-09-10,2026-09-10T11:47:59Z,,Calvin Bassey,Fulham,DEF,4.5,5.64,5.644,28.22,5,2.8,0.99,90.0,1.0,1.0,3.0,1.0,0.7,available,False
2026-09-10,2026-09-10T11:47:59Z,,Piero Hincapié,Arsenal,DEF,5.3,5.631,5.636,28.18,5,2.8,0.69,60.8,0.7,1.0,2.0,0.7,1.1,available,False
2026-09-10,2026-09-10T11:47:59Z,,Jan Paul van Hecke,Spurs,DEF,4.9,5.629,5.626,28.13,5,3.2,1.0,90.0,3.3,3.3,10.0,3.3,6.9,available,False
2026-09-10,2026-09-10T11:47:59Z,,El Hadji Malick Diouf,Brentford,DEF,4.5,5.618,5.588,27.94,5,3.4,0.97,86.8,0.0,0.0,0.0,0.0,0.1,available,False
2026-09-10,2026-09-10T11:47:59Z,,Antoine Semenyo,Man City,MID,8.4,5.614,5.561,27.81,5,3.2,1.0,75.0,4.3,4.3,13.0,4.3,17.6,available,False
2026-09-10,2026-09-10T11:47:59Z,,Kevin Danso,Sunderland,DEF,5.0,5.604,5.601,28.0,5,3.2,0.92,90.0,0.7,2.0,2.0,0.7,0.2,available,False
2026-09-10,2026-09-10T11:47:59Z,,James Hill,Bournemouth,DEF,5.5,5.601,5.589,27.94,5,3.4,0.92,90.0,2.0,2.0,6.0,2.0,0.8,available,False
2026-09-10,2026-09-10T11:47:59Z,,James Justin,Leeds,DEF,4.5,5.598,5.585,27.93,5,3.4,0.91,90.0,5.3,5.3,16.0,5.3,1.5,available,False
2026-09-10,2026-09-10T11:47:59Z,,Jaydee Canvot,Crystal Palace,DEF,4.9,5.587,5.608,28.04,5,2.6,0.92,90.0,0.7,0.7,2.0,0.7,0.2,available,False
2026-09-10,2026-09-10T11:47:59Z,,Tyrick Mitchell,Crystal Palace,DEF,4.5,5.582,5.605,28.02,5,2.6,0.87,72.0,5.3,5.3,16.0,5.3,5.9,available,False
2026-09-10,2026-09-10T11:47:59Z,,Marc Guéhi,Man City,DEF,6.0,5.545,5.534,27.67,5,3.2,1.0,90.0,6.7,6.7,20.0,6.7,18.6,available,False
2026-09-10,2026-09-10T11:47:59Z,,Michael Kayode,Brentford,DEF,4.6,5.543,5.52,27.6,5,3.4,1.0,90.0,5.3,5.3,16.0,5.3,9.0,available,False
2026-09-10,2026-09-10T11:47:59Z,,Jacob Greaves,Ipswich Town,DEF,4.0,5.529,5.517,27.59,5,3.2,1.0,90.0,0.7,0.7,2.0,0.7,1.2,available,False
2026-09-10,2026-09-10T11:47:59Z,,Adrien Truffert,Bournemouth,DEF,5.5,5.528,5.514,27.57,5,3.4,1.0,90.0,1.7,1.7,5.0,1.7,3.5,available,False
2026-09-10,2026-09-10T11:47:59Z,,Kenny Tete,Fulham,DEF,4.4,5.503,5.507,27.53,5,2.8,0.86,73.0,0.0,0.0,0.0,0.0,0.2,available,False
2026-09-10,2026-09-10T11:47:59Z,,Neco Williams,Nott'm Forest,DEF,5.0,5.503,5.498,27.49,5,3.0,0.87,81.2,5.0,5.0,15.0,5.0,8.2,available,False
2026-09-10,2026-09-10T11:47:59Z,,Declan Rice,Arsenal,MID,7.4,5.503,5.513,27.57,5,2.8,0.99,84.8,4.3,4.3,13.0,4.3,13.5,available,False
2026-09-10,2026-09-10T11:47:59Z,,Luke Shaw,Man Utd,DEF,4.4,5.501,5.497,27.48,5,3.2,1.0,86.6,2.3,2.3,7.0,2.3,13.7,available,False
2026-09-10,2026-09-10T11:47:59Z,,Anton Stach,Leeds,MID,6.0,5.458,5.437,27.19,5,3.4,0.99,86.4,6.3,6.3,19.0,6.3,2.8,available,False
2026-09-10,2026-09-10T11:47:59Z,,Ola Aina,Nott'm Forest,DEF,4.5,5.455,5.451,27.25,5,3.0,1.0,89.8,2.0,2.0,6.0,2.0,2.8,available,False
2026-09-10,2026-09-10T11:47:59Z,,Matthijs de Ligt,Man Utd,DEF,5.0,5.426,5.421,27.11,5,3.2,0.0,90.0,0.0,0.0,0.0,0.0,0.0,injured,True
2026-09-10,2026-09-10T11:47:59Z,,Malick Thiaw,Newcastle,DEF,5.0,5.417,5.429,27.15,5,2.6,0.99,90.0,2.7,2.7,8.0,2.7,2.1,available,False
2026-09-10,2026-09-10T11:47:59Z,,Jorrel Hato,Chelsea,DEF,4.5,5.412,5.424,27.12,5,2.8,0.83,90.0,2.7,2.7,8.0,2.7,0.9,available,False
2026-09-10,2026-09-10T11:47:59Z,,Fabian Schär,Newcastle,DEF,5.0,5.411,5.427,27.13,5,2.6,0.79,81.6,0.3,1.0,1.0,0.3,0.2,available,False
2026-09-10,2026-09-10T11:47:59Z,,Nordi Mukiele,Sunderland,DEF,5.5,5.41,5.406,27.03,5,3.2,1.0,90.0,4.3,6.5,13.0,4.3,2.3,available,False
2026-09-10,2026-09-10T11:47:59Z,,Joachim Andersen,Fulham,DEF,5.0,5.395,5.399,26.99,5,2.8,1.0,90.0,0.7,1.0,2.0,0.7,0.1,available,False
2026-09-10,2026-09-10T11:47:59Z,,Gabriel Gudmundsson,Leeds,DEF,4.5,5.383,5.37,26.85,5,3.4,0.99,80.6,0.7,2.0,2.0,0.7,0.1,available,False
2026-09-10,2026-09-10T11:47:59Z,,Julio Enciso,Ipswich Town,MID,5.5,5.366,5.337,26.69,5,3.2,0.85,74.2,3.7,3.7,11.0,3.7,0.8,available,False
2026-09-10,2026-09-10T11:47:59Z,,Ethan Pinnock,Coventry City,DEF,4.5,5.366,5.395,26.97,5,2.4,1.0,80.8,1.3,2.0,4.0,1.3,0.1,available,False
2026-09-10,2026-09-10T11:47:59Z,,William Saliba,Arsenal,DEF,5.9,5.363,5.368,26.84,5,2.8,0.0,90.0,0.0,0.0,0.0,0.0,0.2,injured,True
2026-09-10,2026-09-10T11:47:59Z,,Jurriën Timber,Arsenal,DEF,6.5,5.348,5.353,26.77,5,2.8,0.24,83.4,0.0,0.0,0.0,0.0,0.1,doubtful,False
2026-09-10,2026-09-10T11:47:59Z,,Yankuba Minteh,Brighton,MID,5.9,5.348,5.321,26.6,5,3.2,0.0,87.2,0.0,0.0,0.0,0.0,0.0,injured,True
2026-09-10,2026-09-10T11:47:59Z,,Virgil van Dijk,Liverpool,DEF,6.5,5.342,5.362,26.81,5,2.8,1.0,90.0,3.0,3.0,9.0,3.0,17.2,available,False
2026-09-10,2026-09-10T11:47:59Z,,Enzo Fernández,Man City,MID,6.9,5.332,5.294,26.47,5,3.2,0.99,89.6,1.3,2.0,4.0,1.3,3.2,available,False
2026-09-10,2026-09-10T11:47:59Z,,Michael Keane,Everton,DEF,4.9,5.312,5.3,26.5,5,3.2,0.85,75.2,0.0,0.0,0.0,0.0,0.9,available,False
2026-09-10,2026-09-10T11:47:59Z,,Elliot Anderson,Man City,MID,6.3,5.308,5.293,26.47,5,3.2,0.87,81.0,2.7,2.7,8.0,2.7,4.5,available,False
2026-09-10,2026-09-10T11:47:59Z,,Marcus Tavernier,Bournemouth,MID,6.0,5.306,5.275,26.38,5,3.4,0.96,86.4,7.0,7.0,21.0,7.0,3.3,available,False
2026-09-10,2026-09-10T11:47:59Z,,Conor Bradley,Liverpool,DEF,5.0,5.304,5.316,26.58,5,2.8,0.0,62.2,0.0,0.0,0.0,0.0,0.0,injured,True
2026-09-10,2026-09-10T11:47:59Z,,Lewis Hall,Newcastle,DEF,5.1,5.3,5.316,26.58,5,2.6,0.81,67.4,6.0,6.0,18.0,6.0,12.2,available,False
2026-09-10,2026-09-10T11:47:59Z,,Harry Maguire,Man Utd,DEF,4.9,5.285,5.281,26.4,5,3.2,0.94,87.6,2.3,2.3,7.0,2.3,12.1,available,False
2026-09-10,2026-09-10T11:47:59Z,,Omar Alderete,Sunderland,DEF,4.9,5.284,5.281,26.4,5,3.2,0.99,84.6,0.3,1.0,1.0,0.3,0.3,available,False
2026-09-10,2026-09-10T11:47:59Z,,Florian Wirtz,Liverpool,MID,7.4,5.284,5.344,26.72,5,2.8,0.82,71.2,3.0,3.0,9.0,3.0,8.3,available,False
2026-09-10,2026-09-10T11:47:59Z,,Pascal Struijk,Brighton,DEF,5.0,5.276,5.263,26.31,5,3.2,1.0,83.2,0.3,1.0,1.0,0.3,0.2,available,False
2026-09-10,2026-09-10T11:47:59Z,,Ainsley Maitland-Niles,Everton,DEF,4.5,5.273,5.261,26.31,5,3.2,0.59,68.8,1.8,7.0,7.0,7.0,0.2,available,False
2026-09-10,2026-09-10T11:47:59Z,,Trai Hume,Sunderland,DEF,4.5,5.266,5.262,26.31,5,3.2,0.85,71.2,3.0,3.0,9.0,3.0,4.4,available,False
2026-09-10,2026-09-10T11:47:59Z,,James Garner,Everton,MID,6.0,5.262,5.247,26.24,5,3.2,0.75,90.0,1.0,1.3,4.0,1.3,0.1,doubtful,False
2026-09-10,2026-09-10T11:47:59Z,,Max Alleyne,Man City,DEF,5.0,5.254,5.244,26.22,5,3.2,0.0,90.0,0.0,0.0,0.0,0.0,0.0,unavailable,True
2026-09-10,2026-09-10T11:47:59Z,,Ryan Sessegnon,Fulham,DEF,4.5,5.243,5.247,26.24,5,2.8,0.68,62.2,1.0,1.0,3.0,1.0,0.3,available,False
2026-09-10,2026-09-10T11:47:59Z,,Timothy Castagne,Fulham,DEF,4.5,5.227,5.231,26.16,5,2.8,0.93,88.6,4.3,4.3,13.0,4.3,0.8,available,False
2026-09-10,2026-09-10T11:47:59Z,,Mats Wieffer,Brighton,DEF,5.0,5.226,5.213,26.06,5,3.2,0.0,66.6,0.0,3.5,7.0,2.3,0.3,injured,True
2026-09-10,2026-09-10T11:47:59Z,,Jayden Bogle,Leeds,DEF,4.5,5.224,5.209,26.05,5,3.4,0.98,80.8,7.3,7.3,22.0,7.3,1.6,available,False
2026-09-10,2026-09-10T11:47:59Z,,Dara O'Shea,Ipswich Town,DEF,4.0,5.223,5.211,26.06,5,3.2,1.0,90.0,2.3,2.3,7.0,2.3,3.1,available,False
2026-09-10,2026-09-10T11:47:59Z,,João Gomes,Aston Villa,MID,5.5,5.221,5.216,26.08,5,3.2,0.0,88.8,0.0,-2.0,-2.0,-0.7,0.0,suspended,True
2026-09-10,2026-09-10T11:47:59Z,,Mathys Tel,Spurs,MID,5.8,5.215,5.207,26.04,5,3.2,0.54,68.4,2.3,2.3,7.0,2.3,0.3,available,False
2026-09-10,2026-09-10T11:47:59Z,,Olivier Boscagli,Brighton,DEF,4.5,5.213,5.201,26.01,5,3.2,0.77,77.8,2.3,2.3,7.0,2.3,0.3,available,False
2026-09-10,2026-09-10T11:47:59Z,,Rodrigo Bentancur,Spurs,MID,5.5,5.212,5.208,26.04,5,3.2,0.95,79.0,2.7,2.7,8.0,2.7,0.2,available,False
2026-09-10,2026-09-10T11:47:59Z,,James Tarkowski,Everton,DEF,6.0,5.212,5.199,25.99,5,3.2,1.0,90.0,7.0,7.0,21.0,7.0,11.3,available,False
2026-09-10,2026-09-10T11:47:59Z,,Dango Ouattara,Brentford,MID,6.4,5.162,5.099,25.5,5,3.4,0.79,76.2,1.7,1.7,5.0,1.7,0.7,available,False
2026-09-10,2026-09-10T11:47:59Z,,Jake O'Brien,Everton,DEF,4.9,5.162,5.15,25.75,5,3.2,0.99,84.6,0.0,0.0,0.0,0.0,0.3,available,False
2026-09-10,2026-09-10T11:47:59Z,,Ayden Heaven,Man Utd,DEF,4.4,5.16,5.156,25.78,5,3.2,0.81,69.0,0.3,1.0,1.0,0.3,0.3,available,False
2026-09-10,2026-09-10T11:47:59Z,,Mateus Fernandes,Spurs,MID,5.8,5.16,5.156,25.78,5,3.2,0.98,90.0,1.0,1.0,3.0,1.0,1.0,available,False
2026-09-10,2026-09-10T11:47:59Z,,Jarrad Branthwaite,Everton,DEF,5.5,5.155,5.143,25.71,5,3.2,0.75,73.0,4.3,4.3,13.0,4.3,1.9,available,False
2026-09-10,2026-09-10T11:47:59Z,,Chris Richards,Crystal Palace,DEF,5.0,5.152,5.174,25.87,5,2.6,0.87,74.8,1.3,1.3,4.0,1.3,0.7,available,False
2026-09-10,2026-09-10T11:47:59Z,,Morgan Rogers,Chelsea,MID,7.6,5.139,5.174,25.87,5,2.8,1.0,87.6,6.3,6.3,19.0,6.3,29.5,available,False
2026-09-10,2026-09-10T11:47:59Z,,Mikkel Damsgaard,Brentford,MID,5.5,5.137,5.1,25.5,5,3.4,0.9,85.4,4.0,4.0,12.0,4.0,0.5,available,False
2026-09-10,2026-09-10T11:47:59Z,,Reinildo Mandava,Sunderland,DEF,4.5,5.133,5.13,25.65,5,3.2,0.86,72.0,3.0,3.0,9.0,3.0,0.4,available,False
2026-09-10,2026-09-10T11:47:59Z,,Iliman Ndiaye,Man City,MID,5.9,5.132,5.113,25.56,5,3.2,1.0,90.0,5.3,5.3,16.0,5.3,9.8,available,False
2026-09-10,2026-09-10T11:47:59Z,,Alex Scott,Bournemouth,MID,6.0,5.126,5.11,25.55,5,3.4,0.98,89.8,8.0,8.0,24.0,8.0,4.7,available,False
2026-09-10,2026-09-10T11:47:59Z,,Dan Burn,Newcastle,DEF,4.9,5.126,5.139,25.7,5,2.6,0.0,60.2,0.0,0.0,0.0,0.0,1.0,injured,True
2026-09-10,2026-09-10T11:47:59Z,,Boubacar Kamara,Aston Villa,MID,5.0,5.105,5.1,25.5,5,3.2,0.98,88.2,2.3,2.3,7.0,2.3,0.3,available,False
2026-09-10,2026-09-10T11:47:59Z,,Daniel Ballard,Sunderland,DEF,4.9,5.095,5.092,25.46,5,3.2,0.81,72.2,4.0,4.0,12.0,4.0,3.5,available,False
2026-09-10,2026-09-10T11:47:59Z,,Matheus Nunes,Man City,DEF,5.9,5.077,5.066,25.33,5,3.2,0.98,83.6,0.3,1.0,1.0,0.3,1.0,available,False
2026-09-10,2026-09-10T11:47:59Z,,Beto,Everton,FWD,5.4,5.076,5.047,25.24,5,3.2,0.0,70.8,0.0,1.0,2.0,0.7,1.1,unavailable,True
2026-09-10,2026-09-10T11:47:59Z,,Joelinton,Newcastle,MID,5.4,5.075,5.088,25.44,5,2.6,0.0,75.4,0.0,0.0,0.0,0.0,0.0,injured,True
2026-09-10,2026-09-10T11:47:59Z,,Valentín Barco,Chelsea,MID,5.5,5.064,5.077,25.38,5,2.8,0.67,75.0,0.3,1.0,1.0,0.3,0.1,available,False
2026-09-10,2026-09-10T11:47:59Z,,Lewis Dunk,Brighton,DEF,4.5,5.047,5.032,25.16,5,3.2,0.99,90.0,3.3,3.3,10.0,3.3,1.3,available,False
2026-09-10,2026-09-10T11:47:59Z,,Ethan Ampadu,Leeds,MID,5.5,5.023,5.011,25.05,5,3.4,1.0,90.0,3.0,3.0,9.0,3.0,1.0,available,False
2026-09-10,2026-09-10T11:47:59Z,,Wesley Fofana,Chelsea,DEF,5.0,5.022,5.034,25.17,5,2.8,0.92,77.4,1.0,1.5,3.0,1.0,0.1,available,False
2026-09-10,2026-09-10T11:47:59Z,,Matty Cash,Aston Villa,DEF,4.5,5.014,5.009,25.05,5,3.2,0.75,88.0,1.7,2.3,7.0,2.3,6.7,doubtful,False
2026-09-10,2026-09-10T11:47:59Z,,John Egan,Hull City,DEF,4.1,5.006,4.995,24.97,5,3.2,1.0,85.6,7.7,7.7,23.0,7.7,6.2,available,False
2026-09-10,2026-09-10T11:47:59Z,,Nathan Collins,Brentford,DEF,5.5,5.003,4.981,24.91,5,3.4,0.24,90.0,0.8,3.3,10.0,3.3,1.7,doubtful,False
2026-09-10,2026-09-10T11:47:59Z,,Kiernan Dewsbury-Hall,Everton,MID,6.5,4.978,4.958,24.79,5,3.2,0.99,89.6,5.0,5.0,15.0,5.0,4.5,available,False
2026-09-10,2026-09-10T11:47:59Z,,Destiny Udogie,Spurs,DEF,4.5,4.974,4.971,24.85,5,3.2,0.87,82.0,2.3,2.3,7.0,2.3,0.4,available,False
2026-09-10,2026-09-10T11:47:59Z,,Malo Gusto,Chelsea,DEF,5.0,4.956,4.974,24.87,5,2.8,0.9,87.6,1.0,1.0,3.0,1.0,1.1,available,False
2026-09-10,2026-09-10T11:47:59Z,,Lewis Miley,Newcastle,MID,5.5,4.951,4.963,24.82,5,2.6,0.77,76.6,2.7,2.7,8.0,2.7,0.1,available,False
2026-09-10,2026-09-10T11:47:59Z,,Youri Tielemans,Man Utd,MID,5.9,4.946,4.941,24.7,5,3.2,0.95,86.6,2.7,2.7,8.0,2.7,1.8,available,False
2026-09-10,2026-09-10T11:47:59Z,,Mohammed Kudus,Spurs,MID,6.5,4.933,4.927,24.63,5,3.2,1.0,78.6,0.7,1.0,2.0,0.7,0.1,available,False
2026-09-10,2026-09-10T11:47:59Z,,Pape Matar Sarr,Spurs,MID,4.9,4.932,4.928,24.64,5,3.2,0.0,64.0,0.0,0.0,0.0,0.0,0.1,unavailable,True
2026-09-10,2026-09-10T11:47:59Z,,Nico O'Reilly,Man City,DEF,6.5,4.932,4.92,24.6,5,3.2,0.7,84.8,1.0,2.0,4.0,1.3,14.6,doubtful,False
2026-09-10,2026-09-10T11:47:59Z,,Noussair Mazraoui,Man Utd,DEF,4.4,4.924,4.92,24.6,5,3.2,0.7,76.0,1.0,1.0,3.0,1.0,0.6,available,False
2026-09-10,2026-09-10T11:47:59Z,,Ben Davies,Spurs,DEF,4.0,4.883,4.88,24.4,5,3.2,0.56,64.6,0.0,0.0,0.0,0.0,0.9,available,False
2026-09-10,2026-09-10T11:47:59Z,,Harry Amass,Man Utd,DEF,4.0,4.881,4.875,24.38,5,3.2,0.75,66.25,0.0,0.0,0.0,0.0,0.2,available,False
2026-09-10,2026-09-10T11:47:59Z,,Chadi Riad,Crystal Palace,DEF,4.4,4.865,4.885,24.43,5,2.6,0.0,68.8,0.0,1.0,1.0,0.3,0.0,injured,True
2026-09-10,2026-09-10T11:47:59Z,,Ryan Gravenberch,Liverpool,MID,5.9,4.852,4.875,24.37,5,2.8,0.86,69.4,2.3,2.3,7.0,2.3,1.4,available,False
2026-09-10,2026-09-10T11:47:59Z,,Jaka Bijol,Leeds,DEF,5.0,4.849,4.837,24.18,5,3.4,0.93,84.8,4.0,4.0,12.0,4.0,0.9,available,False
2026-09-10,2026-09-10T11:47:59Z,,Riccardo Calafiori,Arsenal,DEF,5.7,4.844,4.85,24.25,5,2.8,0.85,61.4,7.3,7.3,22.0,7.3,48.0,available,False
2026-09-10,2026-09-10T11:47:59Z,,Lisandro Martínez,Man Utd,DEF,5.0,4.836,4.832,24.16,5,3.2,0.92,83.2,1.3,2.0,4.0,1.3,1.2,available,False
2026-09-10,2026-09-10T11:47:59Z,,Aaron Wan-Bissaka,Aston Villa,DEF,4.5,4.833,4.828,24.14,5,3.2,0.85,75.6,1.0,1.0,2.0,1.0,0.2,available,False
2026-09-10,2026-09-10T11:47:59Z,,Yehor Yarmoliuk,Brentford,MID,4.9,4.804,4.781,23.9,5,3.4,0.92,87.8,0.7,0.7,2.0,0.7,0.8,available,False
2026-09-10,2026-09-10T11:47:59Z,,Ryan Christie,Bournemouth,MID,5.0,4.8,4.784,23.92,5,3.4,0.61,60.4,0.7,1.0,2.0,0.7,0.0,available,False
2026-09-10,2026-09-10T11:47:59Z,,Alexis Mac Allister,Liverpool,MID,5.4,4.798,4.827,24.13,5,2.8,0.81,75.8,1.7,1.7,5.0,1.7,1.4,available,False
2026-09-10,2026-09-10T11:47:59Z,,Pascal Groß,Brighton,MID,5.6,4.786,4.756,23.78,5,3.2,0.96,90.0,5.3,5.3,16.0,5.3,16.3,available,False
2026-09-10,2026-09-10T11:47:59Z,,Jaidon Anthony,Brentford,MID,6.0,4.785,4.732,23.66,5,3.4,0.94,87.4,1.3,1.3,4.0,1.3,0.1,available,False
2026-09-10,2026-09-10T11:47:59Z,,Mathias Jensen,Brentford,MID,5.5,4.784,4.754,23.77,5,3.4,0.0,84.6,0.0,6.0,6.0,2.0,0.1,injured,True
2026-09-10,2026-09-10T11:47:59Z,,Axel Disasi,Crystal Palace,DEF,4.5,4.784,4.806,24.03,5,2.6,1.0,89.0,1.3,2.0,4.0,1.3,0.1,available,False
2026-09-10,2026-09-10T11:47:59Z,,Reece James,Chelsea,DEF,5.4,4.777,4.792,23.96,5,2.8,0.79,77.2,0.7,0.7,2.0,0.7,7.8,available,False
2026-09-10,2026-09-10T11:47:59Z,,Zach Abbott,Nott'm Forest,DEF,4.0,4.775,4.771,23.86,5,3.0,0.0,60.5,0.0,0.0,0.0,0.0,0.2,unavailable,True
2026-09-10,2026-09-10T11:47:59Z,,Granit Xhaka,Sunderland,MID,5.5,4.767,4.761,23.81,5,3.2,0.98,90.0,6.0,6.0,18.0,6.0,4.4,available,False
2026-09-10,2026-09-10T11:47:59Z,,Nathan Patterson,Everton,DEF,4.5,4.762,4.751,23.75,5,3.2,0.0,65.6,0.0,0.0,0.0,0.0,0.0,unavailable,True
2026-09-10,2026-09-10T11:47:59Z,,Jack Grealish,Everton,MID,6.5,4.762,4.739,23.7,5,3.2,0.84,74.4,0.7,1.0,2.0,0.7,0.4,available,False
2026-09-10,2026-09-10T11:47:59Z,,Conor Gallagher,Spurs,MID,5.4,4.758,4.753,23.76,5,3.2,0.8,87.0,1.0,1.5,3.0,1.0,0.2,available,False
2026-09-10,2026-09-10T11:47:59Z,,Kobbie Mainoo,Man Utd,MID,5.5,4.75,4.745,23.73,5,3.2,0.83,90.0,4.7,4.7,14.0,4.7,1.3,available,False
2026-09-10,2026-09-10T11:47:59Z,,Brian Brobbey,Sunderland,FWD,5.9,4.726,4.718,23.59,5,3.2,0.88,82.6,2.0,2.0,6.0,2.0,7.7,available,False
2026-09-10,2026-09-10T11:47:59Z,,Nicolas Jackson,Aston Villa,FWD,6.5,4.721,4.708,23.54,5,3.2,0.85,74.2,1.3,2.0,4.0,1.3,1.1,available,False
2026-09-10,2026-09-10T11:47:59Z,,Amadou Onana,Aston Villa,MID,5.0,4.719,4.714,23.57,5,3.2,0.0,90.0,0.0,0.0,0.0,0.0,0.0,injured,True
2026-09-10,2026-09-10T11:47:59Z,,Trevoh Chalobah,Chelsea,DEF,5.5,4.71,4.723,23.62,5,2.8,0.0,75.2,0.0,0.0,0.0,0.0,0.1,unavailable,True
2026-09-10,2026-09-10T11:47:59Z,,Ferdi Kadıoğlu,Brighton,DEF,4.4,4.688,4.673,23.36,5,3.2,0.97,90.0,0.7,1.0,2.0,0.7,1.8,available,False
2026-09-10,2026-09-10T11:47:59Z,,Evanilson,Bournemouth,FWD,6.0,4.684,4.66,23.3,5,3.4,0.95,78.2,3.7,3.7,11.0,3.7,3.2,available,False
2026-09-10,2026-09-10T11:47:59Z,,Sebastiaan Bornauw,Leeds,DEF,4.5,4.671,4.66,23.3,5,3.4,0.0,67.4,0.0,0.0,0.0,0.0,0.0,unavailable,True
2026-09-10,2026-09-10T11:47:59Z,,Morato,Nott'm Forest,DEF,5.0,4.668,4.664,23.32,5,3.0,0.0,64.2,0.0,0.0,0.0,0.0,0.0,unavailable,True
2026-09-10,2026-09-10T11:47:59Z,,Abdukodir Khusanov,Man City,DEF,5.5,4.668,4.658,23.29,5,3.2,0.89,90.0,3.0,3.0,9.0,3.0,1.6,available,False
2026-09-10,2026-09-10T11:47:59Z,,Ibrahim Sangaré,Nott'm Forest,MID,4.9,4.652,4.648,23.24,5,3.0,0.85,67.0,0.7,2.0,2.0,0.7,0.6,available,False
2026-09-10,2026-09-10T11:47:59Z,,Rico Henry,Brentford,DEF,4.5,4.649,4.627,23.14,5,3.4,0.83,88.6,0.3,1.0,1.0,0.3,0.2,available,False
2026-09-10,2026-09-10T11:47:59Z,,Ollie Watkins,Aston Villa,FWD,7.8,4.648,4.633,23.16,5,3.2,0.0,74.0,0.0,0.0,0.0,0.0,3.3,unavailable,True
2026-09-10,2026-09-10T11:47:59Z,,Gustavo Hamer,Coventry City,MID,5.4,4.641,4.735,23.68,5,2.4,0.98,85.4,1.0,1.0,3.0,1.0,0.1,available,False
2026-09-10,2026-09-10T11:47:59Z,,Leny Yoro,Man Utd,DEF,4.9,4.64,4.636,23.18,5,3.2,0.73,75.4,0.7,1.0,2.0,0.7,0.5,available,False
2026-09-10,2026-09-10T11:47:59Z,,Eberechi Eze,Arsenal,MID,6.4,4.623,4.636,23.18,5,2.8,0.88,69.0,0.7,1.0,2.0,0.7,1.3,available,False
2026-09-10,2026-09-10T11:47:59Z,,Takehiro Tomiyasu,Crystal Palace,DEF,4.5,4.617,4.642,23.21,5,2.6,0.6,86.4,0.7,1.0,2.0,0.7,0.3,available,False
2026-09-10,2026-09-10T11:47:59Z,,Joško Gvardiol,Man City,DEF,5.6,4.613,4.6,23.0,5,3.2,0.86,64.4,7.3,7.3,22.0,7.3,19.9,available,False
2026-09-10,2026-09-10T11:47:59Z,,Curtis Jones,Liverpool,MID,5.5,4.587,4.601,23.0,5,2.8,0.0,89.4,0.0,0.0,0.0,0.0,0.0,unavailable,True
2026-09-10,2026-09-10T11:47:59Z,,Nikola Milenković,Nott'm Forest,DEF,5.5,4.587,4.583,22.91,5,3.0,0.87,81.0,4.0,4.0,12.0,4.0,1.6,available,False
2026-09-10,2026-09-10T11:47:59Z,,Leif Davis,Ipswich Town,DEF,4.0,4.569,4.556,22.78,5,3.2,1.0,72.8,3.0,3.0,9.0,3.0,5.1,available,False
2026-09-10,2026-09-10T11:47:59Z,,Micky van de Ven,Spurs,DEF,5.0,4.561,4.558,22.79,5,3.2,1.0,90.0,3.0,4.5,9.0,3.0,3.8,available,False
2026-09-10,2026-09-10T11:47:59Z,,Veljko Milosavljević,Bournemouth,DEF,5.0,4.558,4.547,22.74,5,3.4,0.0,70.75,0.0,0.0,0.0,0.0,0.0,injured,True
2026-09-10,2026-09-10T11:47:59Z,,Lewis Cook,Bournemouth,MID,5.0,4.544,4.533,22.67,5,3.4,0.69,74.0,2.3,2.3,7.0,2.3,0.2,available,False
2026-09-10,2026-09-10T11:47:59Z,,Diego Coppola,Brighton,DEF,4.5,4.544,4.532,22.66,5,3.2,0.68,75.0,0.0,0.0,0.0,0.0,0.0,available,False
2026-09-10,2026-09-10T11:47:59Z,,Joe Rodon,Leeds,DEF,4.4,4.529,4.517,22.58,5,3.4,0.0,81.0,0.0,3.5,7.0,2.3,1.6,injured,True
2026-09-10,2026-09-10T11:47:59Z,,Kevin Schade,Brentford,MID,6.0,4.514,4.476,22.38,5,3.4,0.84,72.0,5.0,5.0,15.0,5.0,3.9,available,False
2026-09-10,2026-09-10T11:47:59Z,,Luca Netz,Nott'm Forest,DEF,4.5,4.51,4.506,22.53,5,3.0,0.62,62.8,0.7,1.0,2.0,0.7,0.0,available,False
2026-09-10,2026-09-10T11:47:59Z,,Ismaïla Sarr,Crystal Palace,MID,6.3,4.495,4.573,22.87,5,2.6,0.0,68.8,0.0,0.0,0.0,0.0,0.9,injured,True
2026-09-10,2026-09-10T11:47:59Z,,Morgan Gibbs-White,Nott'm Forest,MID,7.9,4.488,4.478,22.39,5,3.0,0.86,74.8,6.0,6.0,18.0,6.0,9.4,available,False
2026-09-10,2026-09-10T11:47:59Z,,Sander Berge,Fulham,MID,5.0,4.484,4.488,22.44,5,2.8,0.99,78.6,1.7,1.7,5.0,1.7,0.3,available,False
2026-09-10,2026-09-10T11:47:59Z,,Noah Sadiki,Sunderland,MID,4.9,4.401,4.397,21.99,5,3.2,1.0,83.8,2.0,2.0,6.0,2.0,0.3,available,False
2026-09-10,2026-09-10T11:47:59Z,,Harry Wilson,Leeds,MID,6.3,4.364,4.331,21.66,5,3.4,0.85,63.4,1.3,1.3,4.0,1.3,3.2,available,False
2026-09-10,2026-09-10T11:47:59Z,,Kasey McAteer,Ipswich Town,MID,4.5,4.362,4.347,21.74,5,3.2,0.68,75.0,1.0,1.0,3.0,1.0,1.2,available,False
2026-09-10,2026-09-10T11:47:59Z,,Rayan,Bournemouth,MID,6.4,4.357,4.335,21.68,5,3.4,0.82,70.0,2.0,2.0,6.0,2.0,2.0,available,False
2026-09-10,2026-09-10T11:47:59Z,,James Maddison,Spurs,MID,6.3,4.356,4.349,21.75,5,3.2,0.36,61.8,0.2,1.0,1.0,0.3,0.5,doubtful,False
2026-09-10,2026-09-10T11:47:59Z,,Merlin Röhl,Everton,MID,5.0,4.34,4.327,21.63,5,3.2,0.61,72.0,2.0,2.0,6.0,2.0,0.0,available,False
2026-09-10,2026-09-10T11:47:59Z,,Dwight McNeil,Crystal Palace,MID,5.4,4.325,4.352,21.76,5,2.6,0.87,81.0,1.0,1.5,3.0,1.0,0.1,available,False
2026-09-10,2026-09-10T11:47:59Z,,Saša Lukić,Ipswich Town,MID,5.0,4.317,4.303,21.52,5,3.2,0.78,81.0,2.7,2.7,8.0,2.7,0.1,available,False
2026-09-10,2026-09-10T11:47:59Z,,Luke Woolfenden,Coventry City,DEF,4.0,4.311,4.339,21.69,5,2.4,0.0,72.0,0.0,0.0,0.0,0.0,0.1,injured,True
2026-09-10,2026-09-10T11:47:59Z,,Kalvin Phillips,Man City,MID,5.0,4.299,4.29,21.45,5,3.2,0.0,87.2,0.0,0.0,0.0,0.0,0.0,unavailable,True
2026-09-10,2026-09-10T11:47:59Z,,Emile Smith Rowe,Fulham,MID,5.4,4.284,4.289,21.44,5,2.8,0.84,69.0,0.7,1.0,2.0,0.7,0.3,available,False
2026-09-10,2026-09-10T11:47:59Z,,Bafodé Diakité,Bournemouth,DEF,5.0,4.282,4.271,21.35,5,3.4,0.86,65.8,0.0,0.0,0.0,0.0,0.2,available,False
2026-09-10,2026-09-10T11:47:59Z,,Tetê,Fulham,DEF,4.4,4.233,4.242,21.21,5,2.8,0.69,51.0,0.0,0.0,0.0,0.0,0.2,available,False
2026-09-10,2026-09-10T11:47:59Z,,Daichi Kamada,Crystal Palace,MID,5.0,4.231,4.256,21.28,5,2.6,0.79,66.0,3.3,3.3,10.0,3.3,0.3,available,False
2026-09-10,2026-09-10T11:47:59Z,,Justin Devenny,Crystal Palace,MID,5.0,4.217,4.24,21.2,5,2.6,0.0,63.8,0.0,0.0,0.0,0.0,0.0,unavailable,True
2026-09-10,2026-09-10T11:47:59Z,,Carlos Baleba,Man Utd,MID,5.0,4.216,4.21,21.05,5,3.2,0.0,68.6,0.0,0.0,0.0,0.0,0.1,injured,True
2026-09-10,2026-09-10T11:47:59Z,,Pau Torres,Aston Villa,DEF,4.5,4.207,4.203,21.01,5,3.2,0.96,90.0,0.7,1.0,2.0,0.7,0.4,available,False
2026-09-10,2026-09-10T11:47:59Z,,Brenden Aaronson,Leeds,MID,5.4,4.205,4.188,20.94,5,3.4,0.81,60.6,1.7,1.7,5.0,1.7,0.6,available,False
2026-09-10,2026-09-10T11:47:59Z,,Adam Smith,Bournemouth,DEF,4.5,4.195,4.184,20.92,5,3.4,0.8,69.2,0.7,0.7,2.0,0.7,0.1,available,False
2026-09-10,2026-09-10T11:47:59Z,,Adam Wharton,Crystal Palace,MID,5.5,4.178,4.209,21.05,5,2.6,0.71,69.0,2.7,2.7,8.0,2.7,0.9,available,False
2026-09-10,2026-09-10T11:47:59Z,,Rodrigo,Man City,MID,6.5,4.164,4.132,20.66,5,3.2,0.0,59.4,0.0,0.0,0.0,0.0,0.0,unavailable,True
2026-09-10,2026-09-10T11:47:59Z,,Taylor Harwood-Bellis,Aston Villa,DEF,4.5,4.16,4.155,20.78,5,3.2,0.99,89.0,1.8,0.0,0.0,0.0,0.0,available,False
2026-09-10,2026-09-10T11:47:59Z,,Brennan Johnson,Everton,MID,5.9,4.16,4.134,20.67,5,3.2,0.85,76.4,1.0,1.0,3.0,1.0,0.1,available,False
2026-09-10,2026-09-10T11:47:59Z,,Keane Lewis-Potter,Brentford,MID,5.5,4.155,4.131,20.65,5,3.4,0.87,89.8,6.0,6.0,18.0,6.0,2.1,available,False
2026-09-10,2026-09-10T11:47:59Z,,Murillo,Nott'm Forest,DEF,5.5,4.144,4.14,20.7,5,3.0,1.0,90.0,4.3,4.3,13.0,4.3,1.6,available,False
2026-09-10,2026-09-10T11:47:59Z,,Bryan Mbeumo,Man Utd,MID,7.9,4.138,4.125,20.63,5,3.2,0.86,66.2,7.0,7.0,21.0,7.0,25.2,available,False
2026-09-10,2026-09-10T11:47:59Z,,Vitaly Janelt,Brentford,MID,5.0,4.135,4.108,20.54,5,3.4,0.72,63.4,7.0,7.0,21.0,7.0,1.7,available,False
2026-09-10,2026-09-10T11:47:59Z,,Igor Jesus,Nott'm Forest,FWD,5.9,4.133,4.126,20.63,5,3.0,0.79,64.8,1.3,1.3,4.0,1.3,2.7,available,False
2026-09-10,2026-09-10T11:47:59Z,,Cristhian Mosquera,Arsenal,DEF,5.4,4.128,4.132,20.66,5,2.8,0.32,47.0,3.0,6.0,12.0,4.0,3.3,doubtful,False
2026-09-10,2026-09-10T11:47:59Z,,Ben Johnson,Ipswich Town,DEF,4.0,4.122,4.11,20.55,5,3.2,0.0,79.2,0.0,0.0,0.0,0.0,0.1,unavailable,True
2026-09-10,2026-09-10T11:47:59Z,,Nicolò Savona,Nott'm Forest,DEF,4.5,4.089,4.085,20.42,5,3.0,0.0,79.2,0.0,0.0,0.0,0.0,0.0,injured,True
2026-09-10,2026-09-10T11:47:59Z,,Rayan Cherki,Man City,MID,7.8,4.04,3.992,19.96,5,3.2,0.61,57.0,8.3,8.3,25.0,8.3,30.1,available,False
2026-09-10,2026-09-10T11:47:59Z,,Alex Iwobi,Fulham,MID,5.5,4.04,4.047,20.24,5,2.8,1.0,76.0,2.0,2.0,6.0,2.0,0.8,available,False
2026-09-10,2026-09-10T11:47:59Z,,William Osula,Newcastle,FWD,5.9,4.013,4.037,20.18,5,2.6,0.0,76.0,0.0,4.0,4.0,1.3,0.4,injured,True
2026-09-10,2026-09-10T11:47:59Z,,Luke O'Nien,Sunderland,DEF,4.0,3.962,3.959,19.8,5,3.2,0.56,72.6,0.3,1.0,1.0,0.3,2.8,available,False
2026-09-10,2026-09-10T11:47:59Z,,Kristoffer Ajer,Brentford,DEF,4.5,3.941,3.919,19.59,5,3.4,0.54,55.4,4.3,4.3,13.0,4.3,4.8,available,False
2026-09-10,2026-09-10T11:47:59Z,,Ian Maatsen,Aston Villa,DEF,4.5,3.92,3.915,19.58,5,3.2,0.61,52.0,2.7,2.7,8.0,2.7,0.8,available,False
2026-09-10,2026-09-10T11:47:59Z,,Tyrone Mings,Aston Villa,DEF,4.5,3.896,3.892,19.46,5,3.2,0.95,90.0,2.3,3.5,7.0,2.3,0.4,available,False
2026-09-10,2026-09-10T11:47:59Z,,Sandro Tonali,Spurs,MID,5.4,3.832,3.828,19.14,5,3.2,0.98,89.0,3.0,3.0,9.0,3.0,2.6,available,False
2026-09-10,2026-09-10T11:47:59Z,,Wes Burns,Ipswich Town,MID,5.0,3.814,3.804,19.02,5,3.2,0.0,65.8,0.0,0.0,0.0,0.0,0.0,unavailable,True
2026-09-10,2026-09-10T11:47:59Z,,Tim Iroegbunam,Hull City,MID,5.0,3.813,3.802,19.01,5,3.2,0.62,58.6,0.3,1.0,1.0,0.3,0.0,available,False
2026-09-10,2026-09-10T11:47:59Z,,Issa Diop,Ipswich Town,DEF,4.0,3.805,3.794,18.97,5,3.2,0.76,81.0,2.3,2.3,7.0,2.3,14.7,available,False
2026-09-10,2026-09-10T11:47:59Z,,Mamadou Sarr,Chelsea,DEF,4.5,3.793,3.804,19.02,5,2.8,0.0,81.0,0.0,0.0,0.0,0.0,0.0,unavailable,True
2026-09-10,2026-09-10T11:47:59Z,,Lamare Bogarde,Aston Villa,MID,5.0,3.771,3.767,18.84,5,3.2,0.55,61.8,0.3,1.0,1.0,0.3,0.1,available,False
2026-09-10,2026-09-10T11:47:59Z,,Lucas Digne,Aston Villa,DEF,4.5,3.755,3.75,18.75,5,3.2,0.0,58.8,0.0,0.0,0.0,0.0,0.1,unavailable,True
2026-09-10,2026-09-10T11:47:59Z,,Danny Welbeck,Chelsea,FWD,5.9,3.732,3.764,18.82,5,2.8,0.77,61.6,0.3,1.0,1.0,0.3,0.8,available,False
2026-09-10,2026-09-10T11:47:59Z,,Dejan Kulusevski,Spurs,MID,6.5,3.72,3.714,18.57,5,3.2,0.0,48.2,0.0,0.0,0.0,0.0,0.0,injured,True
2026-09-10,2026-09-10T11:47:59Z,,Myles Lewis-Skelly,Arsenal,MID,5.5,3.647,3.652,18.26,5,2.8,0.46,64.0,2.7,2.7,8.0,2.7,0.7,available,False
2026-09-10,2026-09-10T11:47:59Z,,Omar Marmoush,Spurs,FWD,7.0,3.613,3.606,18.03,5,3.2,0.55,49.6,1.3,2.0,4.0,1.3,2.2,available,False
2026-09-10,2026-09-10T11:47:59Z,,Simon Adingra,Sunderland,MID,4.9,3.578,3.574,17.87,5,3.2,0.0,60.8,0.0,0.0,0.0,0.0,0.0,unavailable,True
2026-09-10,2026-09-10T11:47:59Z,,Chris Rigg,Sunderland,MID,4.9,3.576,3.573,17.86,5,3.2,0.97,74.0,0.7,1.0,2.0,0.7,0.1,available,False
2026-09-10,2026-09-10T11:47:59Z,,John McGinn,Aston Villa,MID,5.4,3.572,3.564,17.82,5,3.2,0.99,83.6,1.7,1.7,5.0,1.7,2.3,available,False
2026-09-10,2026-09-10T11:47:59Z,,Tyler Adams,Bournemouth,MID,5.0,3.529,3.518,17.59,5,3.4,0.57,49.6,2.0,2.0,6.0,2.0,0.3,available,False
2026-09-10,2026-09-10T11:47:59Z,,Kai Havertz,Arsenal,FWD,7.5,3.526,3.539,17.69,5,2.8,0.73,54.8,5.3,5.3,16.0,5.3,7.6,available,False
2026-09-10,2026-09-10T11:47:59Z,,Benjamin Šeško,Man Utd,FWD,7.0,3.512,3.495,17.48,5,3.2,0.59,58.4,2.3,2.3,7.0,2.3,1.6,available,False
2026-09-10,2026-09-10T11:47:59Z,,Alex Murphy,Newcastle,DEF,4.0,3.496,3.509,17.54,5,2.6,0.0,81.6,0.0,0.0,0.0,0.0,0.1,unavailable,True
2026-09-10,2026-09-10T11:47:59Z,,Noah Okafor,Leeds,MID,5.9,3.464,3.421,17.1,5,3.4,0.64,52.2,2.0,2.0,6.0,2.0,0.3,available,False
2026-09-10,2026-09-10T11:47:59Z,,Jack Hinshelwood,Brighton,MID,6.0,3.449,3.426,17.13,5,3.2,0.45,84.4,2.6,16.0,16.0,5.3,1.0,doubtful,False
2026-09-10,2026-09-10T11:47:59Z,,Caoimhin Kelleher,Brentford,GKP,5.0,3.417,3.4,17.0,5,3.4,1.0,90.0,3.7,3.7,11.0,3.7,6.7,available,False
2026-09-10,2026-09-10T11:47:59Z,,Victor Lindelöf,Aston Villa,DEF,4.5,3.414,3.41,17.05,5,3.2,0.75,62.4,2.0,2.0,6.0,2.0,0.3,available,False
2026-09-10,2026-09-10T11:47:59Z,,Hákon Rafn Valdimarsson,Brentford,GKP,4.5,3.398,3.381,16.91,5,3.4,0.3,72.0,0.0,0.0,0.0,0.0,0.1,available,False
2026-09-10,2026-09-10T11:47:59Z,,Nilson Angulo,Sunderland,MID,5.0,3.377,3.374,16.87,5,3.2,0.59,52.0,3.3,3.3,10.0,3.3,0.1,available,False
2026-09-10,2026-09-10T11:47:59Z,,Tyler Fredricson,Man Utd,DEF,4.0,3.371,3.367,16.83,5,3.2,0.0,83.0,0.0,0.0,0.0,0.0,0.0,unavailable,True
2026-09-10,2026-09-10T11:47:59Z,,Dean Henderson,Crystal Palace,GKP,5.0,3.356,3.373,16.86,5,2.6,1.0,90.0,1.7,1.7,5.0,1.7,2.0,available,False
2026-09-10,2026-09-10T11:47:59Z,,Nick Pope,Newcastle,GKP,4.9,3.351,3.361,16.8,5,2.6,1.0,90.0,0.0,0.0,0.0,0.0,1.0,available,False
2026-09-10,2026-09-10T11:47:59Z,,Jacob Ramsey,Newcastle,MID,4.9,3.336,3.351,16.76,5,2.6,0.58,57.4,2.3,2.3,7.0,2.3,0.4,available,False
2026-09-10,2026-09-10T11:47:59Z,,Liam Delap,Nott'm Forest,FWD,5.5,3.327,3.32,16.6,5,3.0,0.54,61.8,1.0,1.5,3.0,1.0,0.8,available,False
2026-09-10,2026-09-10T11:47:59Z,,Jeremie Frimpong,Liverpool,DEF,5.4,3.32,3.338,16.69,5,2.8,0.6,56.8,0.3,0.5,1.0,0.3,2.4,available,False
2026-09-10,2026-09-10T11:47:59Z,,Jørgen Strand Larsen,Crystal Palace,FWD,6.0,3.318,3.36,16.8,5,2.6,0.65,48.2,1.3,1.3,4.0,1.3,0.5,available,False
2026-09-10,2026-09-10T11:47:59Z,,Loum Tchaouna,Coventry City,MID,5.5,3.286,3.339,16.7,5,2.4,0.68,70.0,1.3,1.3,4.0,1.3,0.1,available,False
2026-09-10,2026-09-10T11:47:59Z,,Giorgi Mamardashvili,Liverpool,GKP,4.9,3.284,3.294,16.47,5,2.8,1.0,83.6,0.0,0.0,0.0,0.0,0.1,available,False
2026-09-10,2026-09-10T11:47:59Z,,Bernd Leno,Fulham,GKP,4.5,3.282,3.285,16.42,5,2.8,1.0,90.0,2.0,2.0,6.0,2.0,3.0,available,False
2026-09-10,2026-09-10T11:47:59Z,,Illan Meslier,Arsenal,GKP,4.9,3.282,3.286,16.43,5,2.8,1.0,90.0,0.0,0.0,0.0,0.0,0.0,available,False
2026-09-10,2026-09-10T11:47:59Z,,Freddie Woodman,Liverpool,GKP,4.0,3.265,3.275,16.37,5,2.8,0.68,78.4,0.0,0.0,0.0,0.0,1.1,available,False
2026-09-10,2026-09-10T11:47:59Z,,Chemsdine Talbi,Sunderland,MID,5.4,3.26,3.254,16.27,5,3.2,0.74,74.0,0.3,1.0,1.0,0.3,0.2,available,False
2026-09-10,2026-09-10T11:47:59Z,,Noni Madueke,Arsenal,MID,6.3,3.222,3.229,16.15,5,2.8,0.61,47.0,0.7,1.0,2.0,0.7,0.2,available,False
2026-09-10,2026-09-10T11:47:59Z,,Archie Gray,Spurs,MID,5.0,3.195,3.192,15.96,5,3.2,0.94,83.0,1.3,2.0,4.0,1.3,0.2,available,False
2026-09-10,2026-09-10T11:47:59Z,,Evann Guessand,Crystal Palace,MID,5.5,3.193,3.225,16.12,5,2.6,0.56,53.0,0.7,1.0,2.0,0.7,0.0,available,False
2026-09-10,2026-09-10T11:47:59Z,,Matz Sels,Nott'm Forest,GKP,5.0,3.187,3.184,15.92,5,3.0,0.99,90.0,3.0,3.0,9.0,3.0,1.4,available,False
2026-09-10,2026-09-10T11:47:59Z,,Robin Roefs,Sunderland,GKP,5.0,3.17,3.168,15.84,5,3.2,1.0,90.0,3.0,3.0,9.0,3.0,3.1,available,False
2026-09-10,2026-09-10T11:47:59Z,,Melker Ellborg,Sunderland,GKP,4.5,3.164,3.162,15.81,5,3.2,1.0,90.0,0.0,0.0,0.0,0.0,0.1,available,False
2026-09-10,2026-09-10T11:47:59Z,,Alex Palmer,Ipswich Town,GKP,4.0,3.151,3.142,15.71,5,3.2,1.0,90.0,0.0,0.0,0.0,0.0,4.2,available,False
2026-09-10,2026-09-10T11:47:59Z,,Altay Bayındır,Man Utd,GKP,4.5,3.148,3.144,15.72,5,3.2,0.0,90.0,0.0,0.0,0.0,0.0,0.0,unavailable,True
2026-09-10,2026-09-10T11:47:59Z,,Mark Travers,Everton,GKP,5.0,3.144,3.135,15.67,5,3.2,1.0,90.0,0.0,0.0,0.0,0.0,0.0,available,False
2026-09-10,2026-09-10T11:47:59Z,,Karl Darlow,Man Utd,GKP,4.5,3.143,3.139,15.7,5,3.2,1.0,90.0,0.0,0.0,0.0,0.0,0.0,available,False
2026-09-10,2026-09-10T11:47:59Z,,Antonín Kinský,Spurs,GKP,4.5,3.142,3.14,15.7,5,3.2,1.0,90.0,3.0,3.0,9.0,3.0,18.6,available,False
2026-09-10,2026-09-10T11:47:59Z,,Bart Verbruggen,Brighton,GKP,4.5,3.142,3.132,15.66,5,3.2,1.0,90.0,3.0,3.0,9.0,3.0,22.2,available,False
2026-09-10,2026-09-10T11:47:59Z,,Christian Walton,Ipswich Town,GKP,4.5,3.141,3.132,15.66,5,3.2,1.0,90.0,0.0,0.0,0.0,0.0,0.4,available,False
2026-09-10,2026-09-10T11:47:59Z,,Martin Ødegaard,Arsenal,MID,6.6,3.141,3.157,15.79,5,2.8,0.51,52.2,8.0,8.0,24.0,8.0,14.7,available,False
2026-09-10,2026-09-10T11:47:59Z,,Habib Diarra,Sunderland,MID,5.4,3.136,3.13,15.65,5,3.2,0.0,55.2,0.0,2.5,5.0,1.7,0.0,injured,True
2026-09-10,2026-09-10T11:47:59Z,,Martin Dúbravka,Spurs,GKP,4.0,3.135,3.133,15.66,5,3.2,1.0,90.0,0.0,0.0,0.0,0.0,17.9,available,False
2026-09-10,2026-09-10T11:47:59Z,,Senne Lammens,Man Utd,GKP,5.0,3.134,3.13,15.65,5,3.2,1.0,90.0,1.7,1.7,5.0,1.7,12.1,available,False
2026-09-10,2026-09-10T11:47:59Z,,Guglielmo Vicario,Spurs,GKP,4.5,3.133,3.131,15.65,5,3.2,0.0,90.0,0.0,0.0,0.0,0.0,0.2,unavailable,True
2026-09-10,2026-09-10T11:47:59Z,,Gianluigi Donnarumma,Man City,GKP,5.5,3.131,3.123,15.61,5,3.2,1.0,90.0,3.3,3.3,10.0,3.3,7.7,available,False
2026-09-10,2026-09-10T11:47:59Z,,Marco Bizot,Aston Villa,GKP,4.5,3.129,3.125,15.63,5,3.2,0.81,81.0,0.3,1.0,1.0,0.3,0.1,available,False
2026-09-10,2026-09-10T11:47:59Z,,Jason Steele,Brighton,GKP,4.0,3.128,3.118,15.59,5,3.2,1.0,90.0,0.0,0.0,0.0,0.0,4.3,available,False
2026-09-10,2026-09-10T11:47:59Z,,Jordan Pickford,Everton,GKP,5.5,3.126,3.117,15.58,5,3.2,1.0,90.0,3.7,3.7,11.0,3.7,8.6,available,False
2026-09-10,2026-09-10T11:47:59Z,,Chiedozie Ogbene,Ipswich Town,MID,4.9,3.111,3.099,15.49,5,3.2,0.0,54.4,0.0,0.0,0.0,0.0,0.0,unavailable,True
2026-09-10,2026-09-10T11:47:59Z,,James Trafford,Leeds,GKP,5.0,3.103,3.094,15.47,5,3.4,1.0,90.0,5.0,5.0,15.0,5.0,5.4,available,False
2026-09-10,2026-09-10T11:47:59Z,,Fraser Forster,Bournemouth,GKP,4.0,3.083,3.074,15.37,5,3.4,1.0,90.0,0.0,0.0,0.0,0.0,3.4,available,False
2026-09-10,2026-09-10T11:47:59Z,,Đorđe Petrović,Bournemouth,GKP,4.5,3.08,3.071,15.36,5,3.4,1.0,90.0,2.0,2.0,6.0,2.0,3.3,available,False
2026-09-10,2026-09-10T11:47:59Z,,Borna Sosa,Crystal Palace,DEF,4.5,3.032,3.052,15.26,5,2.6,0.0,58.4,0.0,0.0,0.0,0.0,0.0,unavailable,True
2026-09-10,2026-09-10T11:47:59Z,,Rio Ngumoha,Liverpool,MID,5.8,3.031,3.054,15.27,5,2.8,0.45,51.8,1.0,1.5,3.0,1.0,0.6,available,False
2026-09-10,2026-09-10T11:47:59Z,,Wilson Odobert,Spurs,MID,5.5,3.028,3.02,15.1,5,3.2,0.0,53.2,0.0,0.0,0.0,0.0,0.0,injured,True
2026-09-10,2026-09-10T11:47:59Z,,Omari Hutchinson,Nott'm Forest,MID,5.4,2.925,2.919,14.6,5,3.0,0.0,52.2,0.0,0.0,0.0,0.0,0.1,unavailable,True
2026-09-10,2026-09-10T11:47:59Z,,Harrison Armstrong,Everton,MID,5.0,2.918,2.907,14.53,5,3.2,0.65,52.6,3.7,3.7,11.0,3.7,0.4,available,False
2026-09-10,2026-09-10T11:47:59Z,,Mason Mount,Man Utd,MID,5.4,2.861,2.856,14.28,5,3.2,0.62,54.0,0.0,0.0,0.0,0.0,0.0,available,False
2026-09-10,2026-09-10T11:47:59Z,,Miloš Kerkez,Liverpool,DEF,5.4,2.837,2.851,14.26,5,2.8,0.57,47.8,2.0,2.0,6.0,2.0,2.8,available,False
2026-09-10,2026-09-10T11:47:59Z,,Will Hughes,Crystal Palace,MID,4.5,2.79,2.81,14.05,5,2.6,0.74,53.0,0.3,1.0,1.0,0.3,8.8,available,False
2026-09-10,2026-09-10T11:47:59Z,,Justin Kluivert,Bournemouth,MID,6.0,2.758,2.732,13.66,5,3.4,0.58,57.2,2.3,2.3,7.0,2.3,1.0,available,False
2026-09-10,2026-09-10T11:47:59Z,,Chris Wood,Nott'm Forest,FWD,5.9,2.756,2.747,13.73,5,3.0,0.65,55.0,0.7,1.0,2.0,0.7,1.1,available,False
2026-09-10,2026-09-10T11:47:59Z,,Joe Willock,Newcastle,MID,5.0,2.734,2.752,13.76,5,2.6,0.54,58.6,3.7,3.7,11.0,3.7,0.5,available,False
2026-09-10,2026-09-10T11:47:59Z,,Estêvão,Chelsea,MID,6.4,2.73,2.753,13.76,5,2.8,0.69,54.0,0.7,1.0,2.0,0.7,0.8,available,False
2026-09-10,2026-09-10T11:47:59Z,,Ross Barkley,Aston Villa,MID,5.0,2.666,2.66,13.3,5,3.2,0.49,59.2,2.3,2.3,7.0,2.3,0.3,available,False
2026-09-10,2026-09-10T11:47:59Z,,Amad Diallo,Man Utd,MID,5.8,2.594,2.587,12.94,5,3.2,0.0,53.0,0.0,0.0,0.0,0.0,0.4,injured,True
2026-09-10,2026-09-10T11:47:59Z,,Neto,Chelsea,MID,6.5,2.591,2.6,13.0,5,2.8,1.0,90.0,3.3,3.3,10.0,3.3,1.3,available,False
2026-09-10,2026-09-10T11:47:59Z,,Tyler Dibling,Everton,MID,5.4,2.564,2.552,12.76,5,3.2,0.54,51.4,0.0,0.0,0.0,0.0,0.0,available,False
2026-09-10,2026-09-10T11:47:59Z,,Viktor Gyökeres,Arsenal,FWD,7.3,2.541,2.551,12.76,5,2.8,0.54,48.2,0.3,1.0,1.0,0.3,4.0,available,False
2026-09-10,2026-09-10T11:47:59Z,,Jacob Murphy,Newcastle,MID,5.9,2.485,2.504,12.52,5,2.6,0.59,47.6,0.7,0.7,2.0,0.7,0.1,available,False
2026-09-10,2026-09-10T11:47:59Z,,Harvey Barnes,Newcastle,MID,6.0,2.408,2.434,12.17,5,2.6,0.46,48.0,5.7,5.7,17.0,5.7,2.1,available,False
2026-09-10,2026-09-10T11:47:59Z,,Matt Targett,Hull City,DEF,4.0,2.388,2.377,11.88,5,3.2,0.36,49.8,0.3,1.0,1.0,0.3,2.0,available,False
2026-09-10,2026-09-10T11:47:59Z,,Callum Hudson-Odoi,Nott'm Forest,MID,5.9,2.355,2.348,11.74,5,3.0,0.77,56.4,0.3,1.0,1.0,0.3,0.2,available,False
2026-09-10,2026-09-10T11:47:59Z,,Dilane Bakwa,Nott'm Forest,MID,5.5,2.335,2.328,11.64,5,3.0,0.0,45.8,0.0,0.0,0.0,0.0,0.0,unavailable,True
2026-09-10,2026-09-10T11:47:59Z,,Ilia Gruev,Leeds,MID,5.0,2.187,2.174,10.87,5,3.4,0.16,57.6,0.0,0.0,0.0,0.0,0.0,doubtful,False
2026-09-10,2026-09-10T11:47:59Z,,Jack Taylor,Ipswich Town,MID,4.5,2.158,2.147,10.73,5,3.2,0.0,58.6,0.0,0.0,0.0,0.0,0.0,injured,True
2026-09-10,2026-09-10T11:47:59Z,,Jordan Henderson,Chelsea,MID,4.9,2.108,2.122,10.61,5,2.8,0.49,56.0,0.0,0.0,0.0,0.0,0.0,doubtful,False
2026-09-10,2026-09-10T11:47:59Z,,Ethan Nwaneri,Arsenal,MID,5.4,2.033,2.039,10.19,5,2.8,0.0,46.0,0.0,0.0,0.0,0.0,0.0,unavailable,True
2026-09-10,2026-09-10T11:47:59Z,,Tom Cairney,Fulham,MID,5.0,1.946,1.95,9.75,5,2.8,0.0,51.2,0.0,0.0,0.0,0.0,0.0,injured,True
2026-09-11,2026-09-11T11:48:00Z,,Bukayo Saka,Arsenal,MID,9.5,9.027,9.069,45.35,5,2.8,0.93,79.0,7.3,7.3,22.0,7.3,11.4,available,False
2026-09-11,2026-09-11T11:48:00Z,,Jérémy Doku,Man City,MID,7.4,7.969,7.887,39.44,5,3.2,0.0,75.4,0.0,0.0,0.0,0.0,0.8,injured,True
2026-09-11,2026-09-11T11:48:00Z,,Hugo Ekitiké,Liverpool,FWD,7.4,7.267,7.36,36.8,5,2.8,0.0,86.8,0.0,0.0,0.0,0.0,0.1,injured,True
2026-09-11,2026-09-11T11:48:00Z,,Erling Haaland,Man City,FWD,15.5,6.625,6.556,32.78,5,3.2,0.99,90.0,8.0,8.0,24.0,8.0,71.3,available,False
2026-09-11,2026-09-11T11:48:00Z,,Dominic Calvert-Lewin,Leeds,FWD,6.0,6.327,6.276,31.38,5,3.4,0.94,89.6,3.3,3.3,10.0,3.3,23.0,available,False
2026-09-11,2026-09-11T11:48:00Z,,Cody Gakpo,Liverpool,MID,7.2,6.318,6.383,31.91,5,2.8,0.72,83.0,7.0,9.3,28.0,9.3,13.6,doubtful,False
2026-09-11,2026-09-11T11:48:00Z,,João Pedro,Chelsea,FWD,7.7,6.171,6.218,31.09,5,2.8,0.95,85.8,7.0,7.0,21.0,7.0,72.9,available,False
2026-09-11,2026-09-11T11:48:00Z,,Richarlison,Spurs,FWD,5.9,6.066,6.055,30.27,5,3.2,0.0,76.0,0.0,2.0,2.0,0.7,1.1,unavailable,True
2026-09-11,2026-09-11T11:48:00Z,,Pedro Porro,Spurs,DEF,5.5,5.953,5.948,29.74,5,3.2,0.98,90.0,2.7,4.0,8.0,2.7,11.4,available,False
2026-09-11,2026-09-11T11:48:00Z,,Zian Flemming,Ipswich Town,FWD,5.5,5.89,5.849,29.24,5,3.2,0.91,82.2,1.8,1.0,1.0,1.0,0.0,available,False
2026-09-11,2026-09-11T11:48:00Z,,Cole Palmer,Chelsea,MID,9.7,5.883,5.945,29.72,5,2.8,0.97,89.8,7.0,7.0,21.0,7.0,24.7,available,False
2026-09-11,2026-09-11T11:48:00Z,,Sven Botman,Newcastle,DEF,5.0,5.85,5.862,29.31,5,2.6,0.96,90.0,3.0,3.0,9.0,3.0,0.7,available,False
2026-09-11,2026-09-11T11:48:00Z,,Cristian Romero,Spurs,DEF,5.0,5.774,5.771,28.85,5,3.2,0.0,68.6,0.0,0.0,0.0,0.0,0.1,unavailable,True
2026-09-11,2026-09-11T11:48:00Z,,Rayan Aït-Nouri,Man City,DEF,5.3,5.745,5.73,28.65,5,3.2,0.82,63.6,0.0,0.0,0.0,0.0,0.5,available,False
2026-09-11,2026-09-11T11:48:00Z,,Sepp van den Berg,Brentford,DEF,4.9,5.742,5.72,28.6,5,3.4,0.0,90.0,0.0,0.0,0.0,0.0,0.1,injured,True
2026-09-11,2026-09-11T11:48:00Z,,Dominik Szoboszlai,Liverpool,MID,7.0,5.741,5.784,28.92,5,2.8,1.0,90.0,5.0,5.0,15.0,5.0,38.4,available,False
2026-09-11,2026-09-11T11:48:00Z,,Enzo Le Fée,Sunderland,MID,5.9,5.714,5.707,28.53,5,3.2,0.97,90.0,4.3,4.3,13.0,4.3,4.8,available,False
2026-09-11,2026-09-11T11:48:00Z,,Antonee Robinson,Fulham,DEF,4.5,5.714,5.718,28.59,5,2.8,0.94,80.0,1.3,1.3,4.0,1.3,1.4,available,False
2026-09-11,2026-09-11T11:48:00Z,,Maxence Lacroix,Chelsea,DEF,6.0,5.706,5.721,28.6,5,2.8,1.0,90.0,3.0,3.0,9.0,3.0,8.1,available,False
2026-09-11,2026-09-11T11:48:00Z,,Calvin Bassey,Fulham,DEF,4.5,5.64,5.644,28.22,5,2.8,0.99,90.0,1.0,1.0,3.0,1.0,0.7,available,False
2026-09-11,2026-09-11T11:48:00Z,,Piero Hincapié,Arsenal,DEF,5.3,5.631,5.636,28.18,5,2.8,0.69,60.8,0.7,1.0,2.0,0.7,1.1,available,False
2026-09-11,2026-09-11T11:48:00Z,,Jan Paul van Hecke,Spurs,DEF,4.9,5.629,5.626,28.13,5,3.2,1.0,90.0,3.3,3.3,10.0,3.3,6.9,available,False
2026-09-11,2026-09-11T11:48:00Z,,El Hadji Malick Diouf,Brentford,DEF,4.5,5.618,5.588,27.94,5,3.4,0.97,86.8,0.0,0.0,0.0,0.0,0.1,available,False
2026-09-11,2026-09-11T11:48:00Z,,Antoine Semenyo,Man City,MID,8.4,5.614,5.561,27.81,5,3.2,1.0,75.0,4.3,4.3,13.0,4.3,17.2,available,False
2026-09-11,2026-09-11T11:48:00Z,,Kevin Danso,Sunderland,DEF,5.0,5.604,5.601,28.0,5,3.2,0.92,90.0,0.7,2.0,2.0,0.7,0.2,available,False
2026-09-11,2026-09-11T11:48:00Z,,James Hill,Bournemouth,DEF,5.5,5.601,5.589,27.94,5,3.4,0.92,90.0,2.0,2.0,6.0,2.0,0.8,available,False
2026-09-11,2026-09-11T11:48:00Z,,James Justin,Leeds,DEF,4.5,5.598,5.585,27.93,5,3.4,0.91,90.0,5.3,5.3,16.0,5.3,1.5,available,False
2026-09-11,2026-09-11T11:48:00Z,,Jaydee Canvot,Crystal Palace,DEF,4.9,5.587,5.608,28.04,5,2.6,0.92,90.0,0.7,0.7,2.0,0.7,0.2,available,False
2026-09-11,2026-09-11T11:48:00Z,,Tyrick Mitchell,Crystal Palace,DEF,4.5,5.582,5.605,28.02,5,2.6,0.87,72.0,5.3,5.3,16.0,5.3,6.2,available,False
2026-09-11,2026-09-11T11:48:00Z,,Marc Guéhi,Man City,DEF,6.0,5.545,5.534,27.67,5,3.2,1.0,90.0,6.7,6.7,20.0,6.7,18.5,available,False
2026-09-11,2026-09-11T11:48:00Z,,Michael Kayode,Brentford,DEF,4.6,5.543,5.52,27.6,5,3.4,1.0,90.0,5.3,5.3,16.0,5.3,8.9,available,False
2026-09-11,2026-09-11T11:48:00Z,,Jacob Greaves,Ipswich Town,DEF,4.0,5.529,5.517,27.59,5,3.2,1.0,90.0,0.7,0.7,2.0,0.7,1.2,available,False
2026-09-11,2026-09-11T11:48:00Z,,Adrien Truffert,Bournemouth,DEF,5.5,5.528,5.514,27.57,5,3.4,1.0,90.0,1.7,1.7,5.0,1.7,3.5,available,False
2026-09-11,2026-09-11T11:48:00Z,,Kenny Tete,Fulham,DEF,4.4,5.503,5.507,27.53,5,2.8,0.86,73.0,0.0,0.0,0.0,0.0,0.2,available,False
2026-09-11,2026-09-11T11:48:00Z,,Neco Williams,Nott'm Forest,DEF,5.0,5.503,5.498,27.49,5,3.0,0.87,81.2,5.0,5.0,15.0,5.0,8.2,available,False
2026-09-11,2026-09-11T11:48:00Z,,Declan Rice,Arsenal,MID,7.4,5.503,5.513,27.57,5,2.8,0.99,84.8,4.3,4.3,13.0,4.3,13.3,available,False
2026-09-11,2026-09-11T11:48:00Z,,Luke Shaw,Man Utd,DEF,4.4,5.501,5.497,27.48,5,3.2,1.0,86.6,2.3,2.3,7.0,2.3,13.2,available,False
2026-09-11,2026-09-11T11:48:00Z,,Anton Stach,Leeds,MID,6.0,5.458,5.437,27.19,5,3.4,0.99,86.4,6.3,6.3,19.0,6.3,2.8,available,False
2026-09-11,2026-09-11T11:48:00Z,,Ola Aina,Nott'm Forest,DEF,4.5,5.455,5.451,27.25,5,3.0,1.0,89.8,2.0,2.0,6.0,2.0,2.7,available,False
2026-09-11,2026-09-11T11:48:00Z,,Matthijs de Ligt,Man Utd,DEF,5.0,5.426,5.421,27.11,5,3.2,0.0,90.0,0.0,0.0,0.0,0.0,0.0,injured,True
2026-09-11,2026-09-11T11:48:00Z,,Malick Thiaw,Newcastle,DEF,5.0,5.417,5.429,27.15,5,2.6,0.99,90.0,2.7,2.7,8.0,2.7,2.1,available,False
2026-09-11,2026-09-11T11:48:00Z,,Jorrel Hato,Chelsea,DEF,4.5,5.412,5.424,27.12,5,2.8,0.83,90.0,2.7,2.7,8.0,2.7,0.9,available,False
2026-09-11,2026-09-11T11:48:00Z,,Fabian Schär,Newcastle,DEF,5.0,5.411,5.427,27.13,5,2.6,0.79,81.6,0.3,1.0,1.0,0.3,0.2,available,False
2026-09-11,2026-09-11T11:48:00Z,,Nordi Mukiele,Sunderland,DEF,5.5,5.41,5.406,27.03,5,3.2,1.0,90.0,4.3,6.5,13.0,4.3,2.2,available,False
2026-09-11,2026-09-11T11:48:00Z,,Joachim Andersen,Fulham,DEF,5.0,5.395,5.399,26.99,5,2.8,1.0,90.0,0.7,1.0,2.0,0.7,0.1,available,False
2026-09-11,2026-09-11T11:48:00Z,,Gabriel Gudmundsson,Leeds,DEF,4.5,5.383,5.37,26.85,5,3.4,0.99,80.6,0.7,2.0,2.0,0.7,0.1,available,False
2026-09-11,2026-09-11T11:48:00Z,,Ethan Pinnock,Coventry City,DEF,4.5,5.366,5.395,26.97,5,2.4,1.0,80.8,1.3,2.0,4.0,1.3,0.1,available,False
2026-09-11,2026-09-11T11:48:00Z,,Julio Enciso,Ipswich Town,MID,5.5,5.366,5.337,26.69,5,3.2,0.85,74.2,3.7,3.7,11.0,3.7,0.9,available,False
2026-09-11,2026-09-11T11:48:00Z,,William Saliba,Arsenal,DEF,5.9,5.363,5.368,26.84,5,2.8,0.0,90.0,0.0,0.0,0.0,0.0,0.2,injured,True
2026-09-11,2026-09-11T11:48:00Z,,Yankuba Minteh,Brighton,MID,5.9,5.348,5.321,26.6,5,3.2,0.0,87.2,0.0,0.0,0.0,0.0,0.0,injured,True
2026-09-11,2026-09-11T11:48:00Z,,Jurriën Timber,Arsenal,DEF,6.5,5.348,5.353,26.77,5,2.8,0.24,83.4,0.0,0.0,0.0,0.0,0.1,doubtful,False
2026-09-11,2026-09-11T11:48:00Z,,Virgil van Dijk,Liverpool,DEF,6.5,5.342,5.362,26.81,5,2.8,1.0,90.0,3.0,3.0,9.0,3.0,17.2,available,False
2026-09-11,2026-09-11T11:48:00Z,,Enzo Fernández,Man City,MID,6.9,5.332,5.294,26.47,5,3.2,0.99,89.6,1.3,2.0,4.0,1.3,3.2,available,False
2026-09-11,2026-09-11T11:48:00Z,,Michael Keane,Everton,DEF,4.9,5.312,5.3,26.5,5,3.2,0.85,75.2,0.0,0.0,0.0,0.0,0.9,available,False
2026-09-11,2026-09-11T11:48:00Z,,Elliot Anderson,Man City,MID,6.3,5.308,5.293,26.47,5,3.2,0.87,81.0,2.7,2.7,8.0,2.7,4.4,available,False
2026-09-11,2026-09-11T11:48:00Z,,Marcus Tavernier,Bournemouth,MID,6.0,5.306,5.275,26.38,5,3.4,0.96,86.4,7.0,7.0,21.0,7.0,3.4,available,False
2026-09-11,2026-09-11T11:48:00Z,,Conor Bradley,Liverpool,DEF,5.0,5.304,5.316,26.58,5,2.8,0.0,62.2,0.0,0.0,0.0,0.0,0.0,injured,True
2026-09-11,2026-09-11T11:48:00Z,,Lewis Hall,Newcastle,DEF,5.1,5.3,5.316,26.58,5,2.6,0.81,67.4,6.0,6.0,18.0,6.0,12.7,available,False
2026-09-11,2026-09-11T11:48:00Z,,Harry Maguire,Man Utd,DEF,4.9,5.285,5.281,26.4,5,3.2,0.94,87.6,2.3,2.3,7.0,2.3,11.6,available,False
2026-09-11,2026-09-11T11:48:00Z,,Omar Alderete,Sunderland,DEF,4.9,5.284,5.281,26.4,5,3.2,0.99,84.6,0.3,1.0,1.0,0.3,0.3,available,False
2026-09-11,2026-09-11T11:48:00Z,,Florian Wirtz,Liverpool,MID,7.4,5.284,5.344,26.72,5,2.8,0.82,71.2,3.0,3.0,9.0,3.0,8.1,available,False
2026-09-11,2026-09-11T11:48:00Z,,Pascal Struijk,Brighton,DEF,5.0,5.276,5.263,26.31,5,3.2,1.0,83.2,0.3,1.0,1.0,0.3,0.2,available,False
2026-09-11,2026-09-11T11:48:00Z,,Ainsley Maitland-Niles,Everton,DEF,4.5,5.273,5.261,26.31,5,3.2,0.59,68.8,1.8,7.0,7.0,7.0,0.2,available,False
2026-09-11,2026-09-11T11:48:00Z,,Trai Hume,Sunderland,DEF,4.4,5.266,5.262,26.31,5,3.2,0.85,71.2,3.0,3.0,9.0,3.0,4.2,available,False
2026-09-11,2026-09-11T11:48:00Z,,James Garner,Everton,MID,6.0,5.262,5.247,26.24,5,3.2,0.75,90.0,1.0,1.3,4.0,1.3,0.1,doubtful,False
2026-09-11,2026-09-11T11:48:00Z,,Max Alleyne,Man City,DEF,5.0,5.254,5.244,26.22,5,3.2,0.0,90.0,0.0,0.0,0.0,0.0,0.0,unavailable,True
2026-09-11,2026-09-11T11:48:00Z,,Ryan Sessegnon,Fulham,DEF,4.5,5.243,5.247,26.24,5,2.8,0.68,62.2,1.0,1.0,3.0,1.0,0.3,available,False
2026-09-11,2026-09-11T11:48:00Z,,Timothy Castagne,Fulham,DEF,4.5,5.227,5.231,26.16,5,2.8,0.93,88.6,4.3,4.3,13.0,4.3,0.8,available,False
2026-09-11,2026-09-11T11:48:00Z,,Mats Wieffer,Brighton,DEF,5.0,5.226,5.213,26.06,5,3.2,0.0,66.6,0.0,3.5,7.0,2.3,0.3,injured,True
2026-09-11,2026-09-11T11:48:00Z,,Jayden Bogle,Leeds,DEF,4.5,5.224,5.209,26.05,5,3.4,0.98,80.8,7.3,7.3,22.0,7.3,1.8,available,False
2026-09-11,2026-09-11T11:48:00Z,,Dara O'Shea,Ipswich Town,DEF,4.0,5.223,5.211,26.06,5,3.2,1.0,90.0,2.3,2.3,7.0,2.3,3.0,available,False
2026-09-11,2026-09-11T11:48:00Z,,João Gomes,Aston Villa,MID,5.5,5.221,5.216,26.08,5,3.2,0.0,88.8,0.0,-2.0,-2.0,-0.7,0.0,suspended,True
2026-09-11,2026-09-11T11:48:00Z,,Mathys Tel,Spurs,MID,5.8,5.215,5.207,26.04,5,3.2,0.54,68.4,2.3,2.3,7.0,2.3,0.3,available,False
2026-09-11,2026-09-11T11:48:00Z,,Olivier Boscagli,Brighton,DEF,4.5,5.213,5.201,26.01,5,3.2,0.77,77.8,2.3,2.3,7.0,2.3,0.3,available,False
2026-09-11,2026-09-11T11:48:00Z,,James Tarkowski,Everton,DEF,6.0,5.212,5.199,25.99,5,3.2,1.0,90.0,7.0,7.0,21.0,7.0,11.4,available,False
2026-09-11,2026-09-11T11:48:00Z,,Rodrigo Bentancur,Spurs,MID,5.5,5.212,5.208,26.04,5,3.2,0.95,79.0,2.7,2.7,8.0,2.7,0.2,available,False
2026-09-11,2026-09-11T11:48:00Z,,Jake O'Brien,Everton,DEF,4.9,5.162,5.15,25.75,5,3.2,0.99,84.6,0.0,0.0,0.0,0.0,0.3,available,False
2026-09-11,2026-09-11T11:48:00Z,,Dango Ouattara,Brentford,MID,6.4,5.162,5.099,25.5,5,3.4,0.79,76.2,1.7,1.7,5.0,1.7,0.7,available,False
2026-09-11,2026-09-11T11:48:00Z,,Ayden Heaven,Man Utd,DEF,4.4,5.16,5.156,25.78,5,3.2,0.81,69.0,0.3,1.0,1.0,0.3,0.3,available,False
2026-09-11,2026-09-11T11:48:00Z,,Mateus Fernandes,Spurs,MID,5.8,5.16,5.156,25.78,5,3.2,0.98,90.0,1.0,1.0,3.0,1.0,1.0,available,False
2026-09-11,2026-09-11T11:48:00Z,,Jarrad Branthwaite,Everton,DEF,5.5,5.155,5.143,25.71,5,3.2,0.75,73.0,4.3,4.3,13.0,4.3,1.9,available,False
2026-09-11,2026-09-11T11:48:00Z,,Chris Richards,Crystal Palace,DEF,5.0,5.152,5.174,25.87,5,2.6,0.87,74.8,1.3,1.3,4.0,1.3,0.7,available,False
2026-09-11,2026-09-11T11:48:00Z,,Morgan Rogers,Chelsea,MID,7.6,5.139,5.174,25.87,5,2.8,1.0,87.6,6.3,6.3,19.0,6.3,31.1,available,False
2026-09-11,2026-09-11T11:48:00Z,,Mikkel Damsgaard,Brentford,MID,5.5,5.137,5.1,25.5,5,3.4,0.9,85.4,4.0,4.0,12.0,4.0,0.5,available,False
2026-09-11,2026-09-11T11:48:00Z,,Reinildo Mandava,Sunderland,DEF,4.5,5.133,5.13,25.65,5,3.2,0.86,72.0,3.0,3.0,9.0,3.0,0.4,available,False
2026-09-11,2026-09-11T11:48:00Z,,Iliman Ndiaye,Man City,MID,5.9,5.132,5.113,25.56,5,3.2,1.0,90.0,5.3,5.3,16.0,5.3,9.5,available,False
2026-09-11,2026-09-11T11:48:00Z,,Alex Scott,Bournemouth,MID,6.1,5.126,5.11,25.55,5,3.4,0.98,89.8,8.0,8.0,24.0,8.0,5.2,available,False
2026-09-11,2026-09-11T11:48:00Z,,Dan Burn,Newcastle,DEF,4.9,5.126,5.139,25.7,5,2.6,0.0,60.2,0.0,0.0,0.0,0.0,0.9,injured,True
2026-09-11,2026-09-11T11:48:00Z,,Boubacar Kamara,Aston Villa,MID,5.0,5.105,5.1,25.5,5,3.2,0.98,88.2,2.3,2.3,7.0,2.3,0.3,available,False
2026-09-11,2026-09-11T11:48:00Z,,Daniel Ballard,Sunderland,DEF,4.9,5.095,5.092,25.46,5,3.2,0.81,72.2,4.0,4.0,12.0,4.0,3.3,available,False
2026-09-11,2026-09-11T11:48:00Z,,Matheus Nunes,Man City,DEF,5.9,5.077,5.066,25.33,5,3.2,0.98,83.6,0.3,1.0,1.0,0.3,1.0,available,False
2026-09-11,2026-09-11T11:48:00Z,,Beto,Everton,FWD,5.4,5.076,5.047,25.24,5,3.2,0.0,70.8,0.0,1.0,2.0,0.7,1.0,unavailable,True
2026-09-11,2026-09-11T11:48:00Z,,Joelinton,Newcastle,MID,5.4,5.075,5.088,25.44,5,2.6,0.0,75.4,0.0,0.0,0.0,0.0,0.0,injured,True
2026-09-11,2026-09-11T11:48:00Z,,Valentín Barco,Chelsea,MID,5.5,5.064,5.077,25.38,5,2.8,0.67,75.0,0.3,1.0,1.0,0.3,0.1,available,False
2026-09-11,2026-09-11T11:48:00Z,,Lewis Dunk,Brighton,DEF,4.5,5.047,5.032,25.16,5,3.2,0.99,90.0,3.3,3.3,10.0,3.3,1.3,available,False
2026-09-11,2026-09-11T11:48:00Z,,Ethan Ampadu,Leeds,MID,5.5,5.023,5.011,25.05,5,3.4,1.0,90.0,3.0,3.0,9.0,3.0,1.0,available,False
2026-09-11,2026-09-11T11:48:00Z,,Wesley Fofana,Chelsea,DEF,5.0,5.022,5.034,25.17,5,2.8,0.92,77.4,1.0,1.5,3.0,1.0,0.1,available,False
2026-09-11,2026-09-11T11:48:00Z,,Matty Cash,Aston Villa,DEF,4.5,5.014,5.009,25.05,5,3.2,0.75,88.0,1.7,2.3,7.0,2.3,6.5,doubtful,False
2026-09-11,2026-09-11T11:48:00Z,,John Egan,Hull City,DEF,4.1,5.006,4.995,24.97,5,3.2,1.0,85.6,7.7,7.7,23.0,7.7,6.3,available,False
2026-09-11,2026-09-11T11:48:00Z,,Nathan Collins,Brentford,DEF,5.5,5.003,4.981,24.91,5,3.4,0.24,90.0,0.8,3.3,10.0,3.3,1.6,doubtful,False
2026-09-11,2026-09-11T11:48:00Z,,Kiernan Dewsbury-Hall,Everton,MID,6.5,4.978,4.958,24.79,5,3.2,0.99,89.6,5.0,5.0,15.0,5.0,4.5,available,False
2026-09-11,2026-09-11T11:48:00Z,,Destiny Udogie,Spurs,DEF,4.5,4.974,4.971,24.85,5,3.2,0.87,82.0,2.3,2.3,7.0,2.3,0.4,available,False
2026-09-11,2026-09-11T11:48:00Z,,Malo Gusto,Chelsea,DEF,5.0,4.956,4.974,24.87,5,2.8,0.9,87.6,1.0,1.0,3.0,1.0,1.1,available,False
2026-09-11,2026-09-11T11:48:00Z,,Lewis Miley,Newcastle,MID,5.5,4.951,4.963,24.82,5,2.6,0.77,76.6,2.7,2.7,8.0,2.7,0.1,available,False
2026-09-11,2026-09-11T11:48:00Z,,Youri Tielemans,Man Utd,MID,5.9,4.946,4.941,24.7,5,3.2,0.95,86.6,2.7,2.7,8.0,2.7,1.7,available,False
2026-09-11,2026-09-11T11:48:00Z,,Mohammed Kudus,Spurs,MID,6.5,4.933,4.927,24.63,5,3.2,1.0,78.6,0.7,1.0,2.0,0.7,0.1,available,False
2026-09-11,2026-09-11T11:48:00Z,,Nico O'Reilly,Man City,DEF,6.4,4.932,4.92,24.6,5,3.2,0.94,84.8,1.3,2.0,4.0,1.3,13.9,available,False
2026-09-11,2026-09-11T11:48:00Z,,Pape Matar Sarr,Spurs,MID,4.9,4.932,4.928,24.64,5,3.2,0.0,64.0,0.0,0.0,0.0,0.0,0.1,unavailable,True
2026-09-11,2026-09-11T11:48:00Z,,Noussair Mazraoui,Man Utd,DEF,4.4,4.924,4.92,24.6,5,3.2,0.7,76.0,1.0,1.0,3.0,1.0,0.6,available,False
2026-09-11,2026-09-11T11:48:00Z,,Ben Davies,Spurs,DEF,4.0,4.883,4.88,24.4,5,3.2,0.56,64.6,0.0,0.0,0.0,0.0,0.9,available,False
2026-09-11,2026-09-11T11:48:00Z,,Harry Amass,Man Utd,DEF,4.0,4.881,4.875,24.38,5,3.2,0.75,66.25,0.0,0.0,0.0,0.0,0.2,available,False
2026-09-11,2026-09-11T11:48:00Z,,Chadi Riad,Crystal Palace,DEF,4.4,4.865,4.885,24.43,5,2.6,0.0,68.8,0.0,1.0,1.0,0.3,0.0,injured,True
2026-09-11,2026-09-11T11:48:00Z,,Ryan Gravenberch,Liverpool,MID,5.9,4.852,4.875,24.37,5,2.8,0.86,69.4,2.3,2.3,7.0,2.3,1.4,available,False
2026-09-11,2026-09-11T11:48:00Z,,Jaka Bijol,Leeds,DEF,5.0,4.849,4.837,24.18,5,3.4,0.93,84.8,4.0,4.0,12.0,4.0,0.9,available,False
2026-09-11,2026-09-11T11:48:00Z,,Riccardo Calafiori,Arsenal,DEF,5.8,4.844,4.85,24.25,5,2.8,0.85,61.4,7.3,7.3,22.0,7.3,48.4,available,False
2026-09-11,2026-09-11T11:48:00Z,,Lisandro Martínez,Man Utd,DEF,5.0,4.836,4.832,24.16,5,3.2,0.92,83.2,1.3,2.0,4.0,1.3,1.2,available,False
2026-09-11,2026-09-11T11:48:00Z,,Aaron Wan-Bissaka,Aston Villa,DEF,4.5,4.833,4.828,24.14,5,3.2,0.85,75.6,1.0,1.0,2.0,1.0,0.2,available,False
2026-09-11,2026-09-11T11:48:00Z,,Yehor Yarmoliuk,Brentford,MID,4.9,4.804,4.781,23.9,5,3.4,0.92,87.8,0.7,0.7,2.0,0.7,0.8,available,False
2026-09-11,2026-09-11T11:48:00Z,,Ryan Christie,Bournemouth,MID,5.0,4.8,4.784,23.92,5,3.4,0.61,60.4,0.7,1.0,2.0,0.7,0.0,available,False
2026-09-11,2026-09-11T11:48:00Z,,Alexis Mac Allister,Liverpool,MID,5.4,4.798,4.827,24.13,5,2.8,0.81,75.8,1.7,1.7,5.0,1.7,1.4,available,False
2026-09-11,2026-09-11T11:48:00Z,,Pascal Groß,Brighton,MID,5.6,4.786,4.756,23.78,5,3.2,0.96,90.0,5.3,5.3,16.0,5.3,16.3,available,False
2026-09-11,2026-09-11T11:48:00Z,,Jaidon Anthony,Brentford,MID,6.0,4.785,4.732,23.66,5,3.4,0.94,87.4,1.3,1.3,4.0,1.3,0.1,available,False
2026-09-11,2026-09-11T11:48:00Z,,Axel Disasi,Crystal Palace,DEF,4.5,4.784,4.806,24.03,5,2.6,1.0,89.0,1.3,2.0,4.0,1.3,0.1,available,False
2026-09-11,2026-09-11T11:48:00Z,,Mathias Jensen,Brentford,MID,5.5,4.784,4.754,23.77,5,3.4,0.0,84.6,0.0,6.0,6.0,2.0,0.1,injured,True
2026-09-11,2026-09-11T11:48:00Z,,Reece James,Chelsea,DEF,5.4,4.777,4.792,23.96,5,2.8,0.79,77.2,0.7,0.7,2.0,0.7,7.8,available,False
2026-09-11,2026-09-11T11:48:00Z,,Zach Abbott,Nott'm Forest,DEF,4.0,4.775,4.771,23.86,5,3.0,0.0,60.5,0.0,0.0,0.0,0.0,0.2,unavailable,True
2026-09-11,2026-09-11T11:48:00Z,,Granit Xhaka,Sunderland,MID,5.5,4.767,4.761,23.81,5,3.2,0.98,90.0,6.0,6.0,18.0,6.0,4.3,available,False
2026-09-11,2026-09-11T11:48:00Z,,Nathan Patterson,Everton,DEF,4.5,4.762,4.751,23.75,5,3.2,0.0,65.6,0.0,0.0,0.0,0.0,0.0,unavailable,True
2026-09-11,2026-09-11T11:48:00Z,,Jack Grealish,Everton,MID,6.5,4.762,4.739,23.7,5,3.2,0.84,74.4,0.7,1.0,2.0,0.7,0.4,available,False
2026-09-11,2026-09-11T11:48:00Z,,Conor Gallagher,Spurs,MID,5.4,4.758,4.753,23.76,5,3.2,0.8,87.0,1.0,1.5,3.0,1.0,0.2,available,False
2026-09-11,2026-09-11T11:48:00Z,,Kobbie Mainoo,Man Utd,MID,5.5,4.75,4.745,23.73,5,3.2,0.83,90.0,4.7,4.7,14.0,4.7,1.3,available,False
2026-09-11,2026-09-11T11:48:00Z,,Brian Brobbey,Sunderland,FWD,5.9,4.726,4.718,23.59,5,3.2,0.88,82.6,2.0,2.0,6.0,2.0,7.4,available,False
2026-09-11,2026-09-11T11:48:00Z,,Nicolas Jackson,Aston Villa,FWD,6.5,4.721,4.708,23.54,5,3.2,0.85,74.2,1.3,2.0,4.0,1.3,1.2,available,False
2026-09-11,2026-09-11T11:48:00Z,,Amadou Onana,Aston Villa,MID,5.0,4.719,4.714,23.57,5,3.2,0.0,90.0,0.0,0.0,0.0,0.0,0.0,injured,True
2026-09-11,2026-09-11T11:48:00Z,,Trevoh Chalobah,Chelsea,DEF,5.5,4.71,4.723,23.62,5,2.8,0.0,75.2,0.0,0.0,0.0,0.0,0.1,unavailable,True
2026-09-11,2026-09-11T11:48:00Z,,Ferdi Kadıoğlu,Brighton,DEF,4.4,4.688,4.673,23.36,5,3.2,0.97,90.0,0.7,1.0,2.0,0.7,1.8,available,False
2026-09-11,2026-09-11T11:48:00Z,,Evanilson,Bournemouth,FWD,6.0,4.684,4.66,23.3,5,3.4,0.95,78.2,3.7,3.7,11.0,3.7,3.2,available,False
2026-09-11,2026-09-11T11:48:00Z,,Sebastiaan Bornauw,Leeds,DEF,4.5,4.671,4.66,23.3,5,3.4,0.0,67.4,0.0,0.0,0.0,0.0,0.0,unavailable,True
2026-09-11,2026-09-11T11:48:00Z,,Abdukodir Khusanov,Man City,DEF,5.5,4.668,4.658,23.29,5,3.2,0.89,90.0,3.0,3.0,9.0,3.0,1.6,available,False
2026-09-11,2026-09-11T11:48:00Z,,Morato,Nott'm Forest,DEF,5.0,4.668,4.664,23.32,5,3.0,0.0,64.2,0.0,0.0,0.0,0.0,0.0,unavailable,True
2026-09-11,2026-09-11T11:48:00Z,,Ibrahim Sangaré,Nott'm Forest,MID,4.9,4.652,4.648,23.24,5,3.0,0.85,67.0,0.7,2.0,2.0,0.7,0.5,available,False
2026-09-11,2026-09-11T11:48:00Z,,Rico Henry,Brentford,DEF,4.5,4.649,4.627,23.14,5,3.4,0.83,88.6,0.3,1.0,1.0,0.3,0.2,available,False
2026-09-11,2026-09-11T11:48:00Z,,Ollie Watkins,Aston Villa,FWD,7.8,4.648,4.633,23.16,5,3.2,0.0,74.0,0.0,0.0,0.0,0.0,3.2,unavailable,True
2026-09-11,2026-09-11T11:48:00Z,,Gustavo Hamer,Coventry City,MID,5.4,4.641,4.735,23.68,5,2.4,0.98,85.4,1.0,1.0,3.0,1.0,0.1,available,False
2026-09-11,2026-09-11T11:48:00Z,,Leny Yoro,Man Utd,DEF,4.9,4.64,4.636,23.18,5,3.2,0.73,75.4,0.7,1.0,2.0,0.7,0.5,available,False
2026-09-11,2026-09-11T11:48:00Z,,Eberechi Eze,Arsenal,MID,6.4,4.623,4.636,23.18,5,2.8,0.88,69.0,0.7,1.0,2.0,0.7,1.2,available,False
2026-09-11,2026-09-11T11:48:00Z,,Takehiro Tomiyasu,Crystal Palace,DEF,4.5,4.617,4.642,23.21,5,2.6,0.6,86.4,0.7,1.0,2.0,0.7,0.3,available,False
2026-09-11,2026-09-11T11:48:00Z,,Joško Gvardiol,Man City,DEF,5.6,4.613,4.6,23.0,5,3.2,0.86,64.4,7.3,7.3,22.0,7.3,20.0,available,False
2026-09-11,2026-09-11T11:48:00Z,,Curtis Jones,Liverpool,MID,5.5,4.587,4.601,23.0,5,2.8,0.0,89.4,0.0,0.0,0.0,0.0,0.0,unavailable,True
2026-09-11,2026-09-11T11:48:00Z,,Nikola Milenković,Nott'm Forest,DEF,5.5,4.587,4.583,22.91,5,3.0,0.87,81.0,4.0,4.0,12.0,4.0,1.6,available,False
2026-09-11,2026-09-11T11:48:00Z,,Leif Davis,Ipswich Town,DEF,4.0,4.569,4.556,22.78,5,3.2,1.0,72.8,3.0,3.0,9.0,3.0,5.1,available,False
2026-09-11,2026-09-11T11:48:00Z,,Micky van de Ven,Spurs,DEF,5.0,4.561,4.558,22.79,5,3.2,1.0,90.0,3.0,4.5,9.0,3.0,3.8,available,False
2026-09-11,2026-09-11T11:48:00Z,,Veljko Milosavljević,Bournemouth,DEF,5.0,4.558,4.547,22.74,5,3.4,0.0,70.75,0.0,0.0,0.0,0.0,0.0,injured,True
2026-09-11,2026-09-11T11:48:00Z,,Lewis Cook,Bournemouth,MID,5.0,4.544,4.533,22.67,5,3.4,0.69,74.0,2.3,2.3,7.0,2.3,0.2,available,False
2026-09-11,2026-09-11T11:48:00Z,,Diego Coppola,Brighton,DEF,4.5,4.544,4.532,22.66,5,3.2,0.68,75.0,0.0,0.0,0.0,0.0,0.0,available,False
2026-09-11,2026-09-11T11:48:00Z,,Joe Rodon,Leeds,DEF,4.4,4.529,4.517,22.58,5,3.4,0.0,81.0,0.0,3.5,7.0,2.3,1.5,injured,True
2026-09-11,2026-09-11T11:48:00Z,,Kevin Schade,Brentford,MID,6.0,4.514,4.476,22.38,5,3.4,0.84,72.0,5.0,5.0,15.0,5.0,3.8,available,False
2026-09-11,2026-09-11T11:48:00Z,,Luca Netz,Nott'm Forest,DEF,4.5,4.51,4.506,22.53,5,3.0,0.62,62.8,0.7,1.0,2.0,0.7,0.0,available,False
2026-09-11,2026-09-11T11:48:00Z,,Ismaïla Sarr,Crystal Palace,MID,6.3,4.495,4.573,22.87,5,2.6,0.0,68.8,0.0,0.0,0.0,0.0,0.8,injured,True
2026-09-11,2026-09-11T11:48:00Z,,Morgan Gibbs-White,Nott'm Forest,MID,7.9,4.488,4.478,22.39,5,3.0,0.86,74.8,6.0,6.0,18.0,6.0,9.4,available,False
2026-09-11,2026-09-11T11:48:00Z,,Sander Berge,Fulham,MID,5.0,4.484,4.488,22.44,5,2.8,0.99,78.6,1.7,1.7,5.0,1.7,0.3,available,False
2026-09-11,2026-09-11T11:48:00Z,,Noah Sadiki,Sunderland,MID,4.9,4.401,4.397,21.99,5,3.2,1.0,83.8,2.0,2.0,6.0,2.0,0.3,available,False
2026-09-11,2026-09-11T11:48:00Z,,Harry Wilson,Leeds,MID,6.3,4.364,4.331,21.66,5,3.4,0.85,63.4,1.3,1.3,4.0,1.3,3.1,available,False
2026-09-11,2026-09-11T11:48:00Z,,Kasey McAteer,Ipswich Town,MID,4.5,4.362,4.347,21.74,5,3.2,0.68,75.0,1.0,1.0,3.0,1.0,1.2,available,False
2026-09-11,2026-09-11T11:48:00Z,,Rayan,Bournemouth,MID,6.4,4.357,4.335,21.68,5,3.4,0.82,70.0,2.0,2.0,6.0,2.0,2.0,available,False
2026-09-11,2026-09-11T11:48:00Z,,James Maddison,Spurs,MID,6.3,4.356,4.349,21.75,5,3.2,0.36,61.8,0.2,1.0,1.0,0.3,0.5,doubtful,False
2026-09-11,2026-09-11T11:48:00Z,,Merlin Röhl,Everton,MID,5.0,4.34,4.327,21.63,5,3.2,0.61,72.0,2.0,2.0,6.0,2.0,0.0,available,False
2026-09-11,2026-09-11T11:48:00Z,,Dwight McNeil,Crystal Palace,MID,5.4,4.325,4.352,21.76,5,2.6,0.87,81.0,1.0,1.5,3.0,1.0,0.1,available,False
2026-09-11,2026-09-11T11:48:00Z,,Saša Lukić,Ipswich Town,MID,5.0,4.317,4.303,21.52,5,3.2,0.78,81.0,2.7,2.7,8.0,2.7,0.1,available,False
2026-09-11,2026-09-11T11:48:00Z,,Luke Woolfenden,Coventry City,DEF,4.0,4.311,4.339,21.69,5,2.4,0.0,72.0,0.0,0.0,0.0,0.0,0.1,injured,True
2026-09-11,2026-09-11T11:48:00Z,,Kalvin Phillips,Man City,MID,5.0,4.299,4.29,21.45,5,3.2,0.0,87.2,0.0,0.0,0.0,0.0,0.0,unavailable,True
2026-09-11,2026-09-11T11:48:00Z,,Emile Smith Rowe,Fulham,MID,5.4,4.284,4.289,21.44,5,2.8,0.84,69.0,0.7,1.0,2.0,0.7,0.3,available,False
2026-09-11,2026-09-11T11:48:00Z,,Bafodé Diakité,Bournemouth,DEF,5.0,4.282,4.271,21.35,5,3.4,0.86,65.8,0.0,0.0,0.0,0.0,0.2,available,False
2026-09-11,2026-09-11T11:48:00Z,,Tetê,Fulham,DEF,4.4,4.233,4.242,21.21,5,2.8,0.69,51.0,0.0,0.0,0.0,0.0,0.2,available,False
2026-09-11,2026-09-11T11:48:00Z,,Daichi Kamada,Crystal Palace,MID,5.0,4.231,4.256,21.28,5,2.6,0.79,66.0,3.3,3.3,10.0,3.3,0.4,available,False
2026-09-11,2026-09-11T11:48:00Z,,Justin Devenny,Crystal Palace,MID,5.0,4.217,4.24,21.2,5,2.6,0.0,63.8,0.0,0.0,0.0,0.0,0.0,unavailable,True
2026-09-11,2026-09-11T11:48:00Z,,Carlos Baleba,Man Utd,MID,5.0,4.216,4.21,21.05,5,3.2,0.0,68.6,0.0,0.0,0.0,0.0,0.1,injured,True
2026-09-11,2026-09-11T11:48:00Z,,Pau Torres,Aston Villa,DEF,4.5,4.207,4.203,21.01,5,3.2,0.96,90.0,0.7,1.0,2.0,0.7,0.4,available,False
2026-09-11,2026-09-11T11:48:00Z,,Brenden Aaronson,Leeds,MID,5.4,4.205,4.188,20.94,5,3.4,0.81,60.6,1.7,1.7,5.0,1.7,0.6,available,False
2026-09-11,2026-09-11T11:48:00Z,,Adam Smith,Bournemouth,DEF,4.5,4.195,4.184,20.92,5,3.4,0.8,69.2,0.7,0.7,2.0,0.7,0.1,available,False
2026-09-11,2026-09-11T11:48:00Z,,Adam Wharton,Crystal Palace,MID,5.5,4.178,4.209,21.05,5,2.6,0.71,69.0,2.7,2.7,8.0,2.7,0.9,available,False
2026-09-11,2026-09-11T11:48:00Z,,Rodrigo,Man City,MID,6.5,4.164,4.132,20.66,5,3.2,0.0,59.4,0.0,0.0,0.0,0.0,0.0,unavailable,True
2026-09-11,2026-09-11T11:48:00Z,,Brennan Johnson,Everton,MID,5.9,4.16,4.134,20.67,5,3.2,0.85,76.4,1.0,1.0,3.0,1.0,0.1,available,False
2026-09-11,2026-09-11T11:48:00Z,,Taylor Harwood-Bellis,Aston Villa,DEF,4.5,4.16,4.155,20.78,5,3.2,0.99,89.0,1.8,0.0,0.0,0.0,0.0,available,False
2026-09-11,2026-09-11T11:48:00Z,,Keane Lewis-Potter,Brentford,MID,5.5,4.155,4.131,20.65,5,3.4,0.87,89.8,6.0,6.0,18.0,6.0,2.1,available,False
2026-09-11,2026-09-11T11:48:00Z,,Murillo,Nott'm Forest,DEF,5.5,4.144,4.14,20.7,5,3.0,1.0,90.0,4.3,4.3,13.0,4.3,1.6,available,False
2026-09-11,2026-09-11T11:48:00Z,,Bryan Mbeumo,Man Utd,MID,7.9,4.138,4.125,20.63,5,3.2,0.86,66.2,7.0,7.0,21.0,7.0,24.7,available,False
2026-09-11,2026-09-11T11:48:00Z,,Vitaly Janelt,Brentford,MID,5.0,4.135,4.108,20.54,5,3.4,0.72,63.4,7.0,7.0,21.0,7.0,1.9,available,False
2026-09-11,2026-09-11T11:48:00Z,,Igor Jesus,Nott'm Forest,FWD,5.9,4.133,4.126,20.63,5,3.0,0.79,64.8,1.3,1.3,4.0,1.3,2.6,available,False
2026-09-11,2026-09-11T11:48:00Z,,Cristhian Mosquera,Arsenal,DEF,5.4,4.128,4.132,20.66,5,2.8,0.21,47.0,2.0,6.0,12.0,4.0,3.0,doubtful,False
2026-09-11,2026-09-11T11:48:00Z,,Ben Johnson,Ipswich Town,DEF,4.0,4.122,4.11,20.55,5,3.2,0.0,79.2,0.0,0.0,0.0,0.0,0.1,unavailable,True
2026-09-11,2026-09-11T11:48:00Z,,Nicolò Savona,Nott'm Forest,DEF,4.5,4.089,4.085,20.42,5,3.0,0.0,79.2,0.0,0.0,0.0,0.0,0.0,injured,True
2026-09-11,2026-09-11T11:48:00Z,,Alex Iwobi,Fulham,MID,5.4,4.04,4.047,20.24,5,2.8,1.0,76.0,2.0,2.0,6.0,2.0,0.8,available,False
2026-09-11,2026-09-11T11:48:00Z,,Rayan Cherki,Man City,MID,7.8,4.04,3.992,19.96,5,3.2,0.61,57.0,8.3,8.3,25.0,8.3,29.8,available,False
2026-09-11,2026-09-11T11:48:00Z,,William Osula,Newcastle,FWD,5.9,4.013,4.037,20.18,5,2.6,0.0,76.0,0.0,4.0,4.0,1.3,0.4,injured,True
2026-09-11,2026-09-11T11:48:00Z,,Luke O'Nien,Sunderland,DEF,4.0,3.962,3.959,19.8,5,3.2,0.56,72.6,0.3,1.0,1.0,0.3,2.7,available,False
2026-09-11,2026-09-11T11:48:00Z,,Kristoffer Ajer,Brentford,DEF,4.5,3.941,3.919,19.59,5,3.4,0.54,55.4,4.3,4.3,13.0,4.3,4.7,available,False
2026-09-11,2026-09-11T11:48:00Z,,Ian Maatsen,Aston Villa,DEF,4.5,3.92,3.915,19.58,5,3.2,0.61,52.0,2.7,2.7,8.0,2.7,0.8,available,False
2026-09-11,2026-09-11T11:48:00Z,,Tyrone Mings,Aston Villa,DEF,4.5,3.896,3.892,19.46,5,3.2,0.95,90.0,2.3,3.5,7.0,2.3,0.4,available,False
2026-09-11,2026-09-11T11:48:00Z,,Sandro Tonali,Spurs,MID,5.4,3.832,3.828,19.14,5,3.2,0.98,89.0,3.0,3.0,9.0,3.0,2.6,available,False
2026-09-11,2026-09-11T11:48:00Z,,Wes Burns,Ipswich Town,MID,5.0,3.814,3.804,19.02,5,3.2,0.0,65.8,0.0,0.0,0.0,0.0,0.0,unavailable,True
2026-09-11,2026-09-11T11:48:00Z,,Tim Iroegbunam,Hull City,MID,5.0,3.813,3.802,19.01,5,3.2,0.62,58.6,0.3,1.0,1.0,0.3,0.0,available,False
2026-09-11,2026-09-11T11:48:00Z,,Issa Diop,Ipswich Town,DEF,4.0,3.805,3.794,18.97,5,3.2,0.76,81.0,2.3,2.3,7.0,2.3,14.6,available,False
2026-09-11,2026-09-11T11:48:00Z,,Mamadou Sarr,Chelsea,DEF,4.5,3.793,3.804,19.02,5,2.8,0.0,81.0,0.0,0.0,0.0,0.0,0.0,unavailable,True
2026-09-11,2026-09-11T11:48:00Z,,Lamare Bogarde,Aston Villa,MID,5.0,3.771,3.767,18.84,5,3.2,0.55,61.8,0.3,1.0,1.0,0.3,0.1,available,False
2026-09-11,2026-09-11T11:48:00Z,,Lucas Digne,Aston Villa,DEF,4.5,3.755,3.75,18.75,5,3.2,0.0,58.8,0.0,0.0,0.0,0.0,0.1,unavailable,True
2026-09-11,2026-09-11T11:48:00Z,,Danny Welbeck,Chelsea,FWD,5.9,3.732,3.764,18.82,5,2.8,0.77,61.6,0.3,1.0,1.0,0.3,0.8,available,False
2026-09-11,2026-09-11T11:48:00Z,,Dejan Kulusevski,Spurs,MID,6.5,3.72,3.714,18.57,5,3.2,0.0,48.2,0.0,0.0,0.0,0.0,0.0,injured,True
2026-09-11,2026-09-11T11:48:00Z,,Myles Lewis-Skelly,Arsenal,MID,5.5,3.647,3.652,18.26,5,2.8,0.46,64.0,2.7,2.7,8.0,2.7,0.7,available,False
2026-09-11,2026-09-11T11:48:00Z,,Omar Marmoush,Spurs,FWD,7.0,3.613,3.606,18.03,5,3.2,0.55,49.6,1.3,2.0,4.0,1.3,2.2,available,False
2026-09-11,2026-09-11T11:48:00Z,,Simon Adingra,Sunderland,MID,4.9,3.578,3.574,17.87,5,3.2,0.0,60.8,0.0,0.0,0.0,0.0,0.0,unavailable,True
2026-09-11,2026-09-11T11:48:00Z,,Chris Rigg,Sunderland,MID,4.9,3.576,3.573,17.86,5,3.2,0.97,74.0,0.7,1.0,2.0,0.7,0.1,available,False
2026-09-11,2026-09-11T11:48:00Z,,John McGinn,Aston Villa,MID,5.4,3.572,3.564,17.82,5,3.2,0.99,83.6,1.7,1.7,5.0,1.7,2.3,available,False
2026-09-11,2026-09-11T11:48:00Z,,Tyler Adams,Bournemouth,MID,5.0,3.529,3.518,17.59,5,3.4,0.57,49.6,2.0,2.0,6.0,2.0,0.3,available,False
2026-09-11,2026-09-11T11:48:00Z,,Kai Havertz,Arsenal,FWD,7.5,3.526,3.539,17.69,5,2.8,0.73,54.8,5.3,5.3,16.0,5.3,7.8,available,False
2026-09-11,2026-09-11T11:48:00Z,,Benjamin Šeško,Man Utd,FWD,7.0,3.512,3.495,17.48,5,3.2,0.59,58.4,2.3,2.3,7.0,2.3,1.7,available,False
2026-09-11,2026-09-11T11:48:00Z,,Alex Murphy,Newcastle,DEF,4.0,3.496,3.509,17.54,5,2.6,0.0,81.6,0.0,0.0,0.0,0.0,0.1,unavailable,True
2026-09-11,2026-09-11T11:48:00Z,,Noah Okafor,Leeds,MID,5.9,3.464,3.421,17.1,5,3.4,0.64,52.2,2.0,2.0,6.0,2.0,0.3,available,False
2026-09-11,2026-09-11T11:48:00Z,,Jack Hinshelwood,Brighton,MID,6.0,3.449,3.426,17.13,5,3.2,0.45,84.4,2.6,16.0,16.0,5.3,1.0,doubtful,False
2026-09-11,2026-09-11T11:48:00Z,,Caoimhin Kelleher,Brentford,GKP,5.0,3.417,3.4,17.0,5,3.4,1.0,90.0,3.7,3.7,11.0,3.7,6.7,available,False
2026-09-11,2026-09-11T11:48:00Z,,Victor Lindelöf,Aston Villa,DEF,4.5,3.414,3.41,17.05,5,3.2,0.75,62.4,2.0,2.0,6.0,2.0,0.3,available,False
2026-09-11,2026-09-11T11:48:00Z,,Hákon Rafn Valdimarsson,Brentford,GKP,4.5,3.398,3.381,16.91,5,3.4,0.3,72.0,0.0,0.0,0.0,0.0,0.1,available,False
2026-09-11,2026-09-11T11:48:00Z,,Nilson Angulo,Sunderland,MID,5.0,3.377,3.374,16.87,5,3.2,0.59,52.0,3.3,3.3,10.0,3.3,0.1,available,False
2026-09-11,2026-09-11T11:48:00Z,,Tyler Fredricson,Man Utd,DEF,4.0,3.371,3.367,16.83,5,3.2,0.0,83.0,0.0,0.0,0.0,0.0,0.0,unavailable,True
2026-09-11,2026-09-11T11:48:00Z,,Dean Henderson,Crystal Palace,GKP,5.0,3.356,3.373,16.86,5,2.6,1.0,90.0,1.7,1.7,5.0,1.7,2.0,available,False
2026-09-11,2026-09-11T11:48:00Z,,Nick Pope,Newcastle,GKP,4.9,3.351,3.361,16.8,5,2.6,1.0,90.0,0.0,0.0,0.0,0.0,1.0,available,False
2026-09-11,2026-09-11T11:48:00Z,,Jacob Ramsey,Newcastle,MID,4.9,3.336,3.351,16.76,5,2.6,0.58,57.4,2.3,2.3,7.0,2.3,0.4,available,False
2026-09-11,2026-09-11T11:48:00Z,,Liam Delap,Nott'm Forest,FWD,5.5,3.327,3.32,16.6,5,3.0,0.54,61.8,1.0,1.5,3.0,1.0,0.9,available,False
2026-09-11,2026-09-11T11:48:00Z,,Jeremie Frimpong,Liverpool,DEF,5.4,3.32,3.338,16.69,5,2.8,0.6,56.8,0.3,0.5,1.0,0.3,2.4,available,False
2026-09-11,2026-09-11T11:48:00Z,,Jørgen Strand Larsen,Crystal Palace,FWD,6.0,3.318,3.36,16.8,5,2.6,0.65,48.2,1.3,1.3,4.0,1.3,0.6,available,False
2026-09-11,2026-09-11T11:48:00Z,,Loum Tchaouna,Coventry City,MID,5.4,3.286,3.339,16.7,5,2.4,0.68,70.0,1.3,1.3,4.0,1.3,0.1,available,False
2026-09-11,2026-09-11T11:48:00Z,,Giorgi Mamardashvili,Liverpool,GKP,4.9,3.284,3.294,16.47,5,2.8,1.0,83.6,0.0,0.0,0.0,0.0,0.1,available,False
2026-09-11,2026-09-11T11:48:00Z,,Illan Meslier,Arsenal,GKP,4.9,3.282,3.286,16.43,5,2.8,1.0,90.0,0.0,0.0,0.0,0.0,0.0,available,False
2026-09-11,2026-09-11T11:48:00Z,,Bernd Leno,Fulham,GKP,4.5,3.282,3.285,16.42,5,2.8,1.0,90.0,2.0,2.0,6.0,2.0,3.0,available,False
2026-09-11,2026-09-11T11:48:00Z,,Freddie Woodman,Liverpool,GKP,4.0,3.265,3.275,16.37,5,2.8,0.68,78.4,0.0,0.0,0.0,0.0,1.1,available,False
2026-09-11,2026-09-11T11:48:00Z,,Chemsdine Talbi,Sunderland,MID,5.4,3.26,3.254,16.27,5,3.2,0.74,74.0,0.3,1.0,1.0,0.3,0.1,available,False
2026-09-11,2026-09-11T11:48:00Z,,Noni Madueke,Arsenal,MID,6.3,3.222,3.229,16.15,5,2.8,0.61,47.0,0.7,1.0,2.0,0.7,0.2,available,False
2026-09-11,2026-09-11T11:48:00Z,,Archie Gray,Spurs,MID,5.0,3.195,3.192,15.96,5,3.2,0.94,83.0,1.3,2.0,4.0,1.3,0.2,available,False
2026-09-11,2026-09-11T11:48:00Z,,Evann Guessand,Crystal Palace,MID,5.5,3.193,3.225,16.12,5,2.6,0.56,53.0,0.7,1.0,2.0,0.7,0.0,available,False
2026-09-11,2026-09-11T11:48:00Z,,Matz Sels,Nott'm Forest,GKP,5.0,3.187,3.184,15.92,5,3.0,0.99,90.0,3.0,3.0,9.0,3.0,1.4,available,False
2026-09-11,2026-09-11T11:48:00Z,,Robin Roefs,Sunderland,GKP,5.0,3.17,3.168,15.84,5,3.2,1.0,90.0,3.0,3.0,9.0,3.0,3.0,available,False
2026-09-11,2026-09-11T11:48:00Z,,Melker Ellborg,Sunderland,GKP,4.5,3.164,3.162,15.81,5,3.2,1.0,90.0,0.0,0.0,0.0,0.0,0.1,available,False
2026-09-11,2026-09-11T11:48:00Z,,Alex Palmer,Ipswich Town,GKP,4.0,3.151,3.142,15.71,5,3.2,1.0,90.0,0.0,0.0,0.0,0.0,4.2,available,False
2026-09-11,2026-09-11T11:48:00Z,,Altay Bayındır,Man Utd,GKP,4.5,3.148,3.144,15.72,5,3.2,0.0,90.0,0.0,0.0,0.0,0.0,0.0,unavailable,True
2026-09-11,2026-09-11T11:48:00Z,,Mark Travers,Everton,GKP,5.0,3.144,3.135,15.67,5,3.2,1.0,90.0,0.0,0.0,0.0,0.0,0.0,available,False
2026-09-11,2026-09-11T11:48:00Z,,Karl Darlow,Man Utd,GKP,4.5,3.143,3.139,15.7,5,3.2,1.0,90.0,0.0,0.0,0.0,0.0,0.0,available,False
2026-09-11,2026-09-11T11:48:00Z,,Antonín Kinský,Spurs,GKP,4.5,3.142,3.14,15.7,5,3.2,1.0,90.0,3.0,3.0,9.0,3.0,18.4,available,False
2026-09-11,2026-09-11T11:48:00Z,,Bart Verbruggen,Brighton,GKP,4.5,3.142,3.132,15.66,5,3.2,1.0,90.0,3.0,3.0,9.0,3.0,22.3,available,False
2026-09-11,2026-09-11T11:48:00Z,,Christian Walton,Ipswich Town,GKP,4.5,3.141,3.132,15.66,5,3.2,1.0,90.0,0.0,0.0,0.0,0.0,0.4,available,False
2026-09-11,2026-09-11T11:48:00Z,,Martin Ødegaard,Arsenal,MID,6.7,3.141,3.157,15.79,5,2.8,0.51,52.2,8.0,8.0,24.0,8.0,16.1,available,False
2026-09-11,2026-09-11T11:48:00Z,,Habib Diarra,Sunderland,MID,5.4,3.136,3.13,15.65,5,3.2,0.0,55.2,0.0,2.5,5.0,1.7,0.0,injured,True
2026-09-11,2026-09-11T11:48:00Z,,Martin Dúbravka,Spurs,GKP,4.0,3.135,3.133,15.66,5,3.2,1.0,90.0,0.0,0.0,0.0,0.0,17.9,available,False
2026-09-11,2026-09-11T11:48:00Z,,Senne Lammens,Man Utd,GKP,5.0,3.134,3.13,15.65,5,3.2,1.0,90.0,1.7,1.7,5.0,1.7,11.8,available,False
2026-09-11,2026-09-11T11:48:00Z,,Guglielmo Vicario,Spurs,GKP,4.5,3.133,3.131,15.65,5,3.2,0.0,90.0,0.0,0.0,0.0,0.0,0.2,unavailable,True
2026-09-11,2026-09-11T11:48:00Z,,Gianluigi Donnarumma,Man City,GKP,5.5,3.131,3.123,15.61,5,3.2,1.0,90.0,3.3,3.3,10.0,3.3,7.6,available,False
2026-09-11,2026-09-11T11:48:00Z,,Marco Bizot,Aston Villa,GKP,4.5,3.129,3.125,15.63,5,3.2,0.81,81.0,0.3,1.0,1.0,0.3,0.1,available,False
2026-09-11,2026-09-11T11:48:00Z,,Jason Steele,Brighton,GKP,4.0,3.128,3.118,15.59,5,3.2,1.0,90.0,0.0,0.0,0.0,0.0,4.3,available,False
2026-09-11,2026-09-11T11:48:00Z,,Jordan Pickford,Everton,GKP,5.5,3.126,3.117,15.58,5,3.2,1.0,90.0,3.7,3.7,11.0,3.7,8.6,available,False
2026-09-11,2026-09-11T11:48:00Z,,Chiedozie Ogbene,Ipswich Town,MID,4.9,3.111,3.099,15.49,5,3.2,0.0,54.4,0.0,0.0,0.0,0.0,0.0,unavailable,True
2026-09-11,2026-09-11T11:48:00Z,,James Trafford,Leeds,GKP,5.0,3.103,3.094,15.47,5,3.4,1.0,90.0,5.0,5.0,15.0,5.0,5.4,available,False
2026-09-11,2026-09-11T11:48:00Z,,Fraser Forster,Bournemouth,GKP,4.0,3.083,3.074,15.37,5,3.4,1.0,90.0,0.0,0.0,0.0,0.0,3.5,available,False
2026-09-11,2026-09-11T11:48:00Z,,Đorđe Petrović,Bournemouth,GKP,4.5,3.08,3.071,15.36,5,3.4,1.0,90.0,2.0,2.0,6.0,2.0,3.3,available,False
2026-09-11,2026-09-11T11:48:00Z,,Borna Sosa,Crystal Palace,DEF,4.5,3.032,3.052,15.26,5,2.6,0.0,58.4,0.0,0.0,0.0,0.0,0.0,unavailable,True
2026-09-11,2026-09-11T11:48:00Z,,Rio Ngumoha,Liverpool,MID,5.8,3.031,3.054,15.27,5,2.8,0.45,51.8,1.0,1.5,3.0,1.0,0.6,available,False
2026-09-11,2026-09-11T11:48:00Z,,Wilson Odobert,Spurs,MID,5.5,3.028,3.02,15.1,5,3.2,0.0,53.2,0.0,0.0,0.0,0.0,0.0,injured,True
2026-09-11,2026-09-11T11:48:00Z,,Omari Hutchinson,Nott'm Forest,MID,5.4,2.925,2.919,14.6,5,3.0,0.0,52.2,0.0,0.0,0.0,0.0,0.1,unavailable,True
2026-09-11,2026-09-11T11:48:00Z,,Harrison Armstrong,Everton,MID,5.0,2.918,2.907,14.53,5,3.2,0.65,52.6,3.7,3.7,11.0,3.7,0.4,available,False
2026-09-11,2026-09-11T11:48:00Z,,Mason Mount,Man Utd,MID,5.4,2.861,2.856,14.28,5,3.2,0.62,54.0,0.0,0.0,0.0,0.0,0.0,available,False
2026-09-11,2026-09-11T11:48:00Z,,Miloš Kerkez,Liverpool,DEF,5.4,2.837,2.851,14.26,5,2.8,0.57,47.8,2.0,2.0,6.0,2.0,2.8,available,False
2026-09-11,2026-09-11T11:48:00Z,,Will Hughes,Crystal Palace,MID,4.5,2.79,2.81,14.05,5,2.6,0.74,53.0,0.3,1.0,1.0,0.3,8.7,available,False
2026-09-11,2026-09-11T11:48:00Z,,Justin Kluivert,Bournemouth,MID,6.0,2.758,2.732,13.66,5,3.4,0.58,57.2,2.3,2.3,7.0,2.3,1.0,available,False
2026-09-11,2026-09-11T11:48:00Z,,Chris Wood,Nott'm Forest,FWD,5.9,2.756,2.747,13.73,5,3.0,0.65,55.0,0.7,1.0,2.0,0.7,1.1,available,False
2026-09-11,2026-09-11T11:48:00Z,,Joe Willock,Newcastle,MID,5.0,2.734,2.752,13.76,5,2.6,0.54,58.6,3.7,3.7,11.0,3.7,0.5,available,False
2026-09-11,2026-09-11T11:48:00Z,,Estêvão,Chelsea,MID,6.4,2.73,2.753,13.76,5,2.8,0.69,54.0,0.7,1.0,2.0,0.7,0.8,available,False
2026-09-11,2026-09-11T11:48:00Z,,Ross Barkley,Aston Villa,MID,5.0,2.666,2.66,13.3,5,3.2,0.49,59.2,2.3,2.3,7.0,2.3,0.3,available,False
2026-09-11,2026-09-11T11:48:00Z,,Amad Diallo,Man Utd,MID,5.8,2.594,2.587,12.94,5,3.2,0.0,53.0,0.0,0.0,0.0,0.0,0.4,injured,True
2026-09-11,2026-09-11T11:48:00Z,,Neto,Chelsea,MID,6.5,2.591,2.6,13.0,5,2.8,1.0,90.0,3.3,3.3,10.0,3.3,1.4,available,False
2026-09-11,2026-09-11T11:48:00Z,,Tyler Dibling,Everton,MID,5.4,2.564,2.552,12.76,5,3.2,0.54,51.4,0.0,0.0,0.0,0.0,0.0,available,False
2026-09-11,2026-09-11T11:48:00Z,,Viktor Gyökeres,Arsenal,FWD,7.2,2.541,2.551,12.76,5,2.8,0.54,48.2,0.3,1.0,1.0,0.3,3.9,available,False
2026-09-11,2026-09-11T11:48:00Z,,Jacob Murphy,Newcastle,MID,5.9,2.485,2.504,12.52,5,2.6,0.59,47.6,0.7,0.7,2.0,0.7,0.1,available,False
2026-09-11,2026-09-11T11:48:00Z,,Harvey Barnes,Newcastle,MID,6.0,2.408,2.434,12.17,5,2.6,0.46,48.0,5.7,5.7,17.0,5.7,2.2,available,False
2026-09-11,2026-09-11T11:48:00Z,,Matt Targett,Hull City,DEF,4.0,2.388,2.377,11.88,5,3.2,0.36,49.8,0.3,1.0,1.0,0.3,1.9,available,False
2026-09-11,2026-09-11T11:48:00Z,,Callum Hudson-Odoi,Nott'm Forest,MID,5.9,2.355,2.348,11.74,5,3.0,0.77,56.4,0.3,1.0,1.0,0.3,0.2,available,False
2026-09-11,2026-09-11T11:48:00Z,,Dilane Bakwa,Nott'm Forest,MID,5.5,2.335,2.328,11.64,5,3.0,0.0,45.8,0.0,0.0,0.0,0.0,0.0,unavailable,True
2026-09-11,2026-09-11T11:48:00Z,,Ilia Gruev,Leeds,MID,5.0,2.187,2.174,10.87,5,3.4,0.16,57.6,0.0,0.0,0.0,0.0,0.0,doubtful,False
2026-09-11,2026-09-11T11:48:00Z,,Jack Taylor,Ipswich Town,MID,4.5,2.158,2.147,10.73,5,3.2,0.0,58.6,0.0,0.0,0.0,0.0,0.0,injured,True
2026-09-11,2026-09-11T11:48:00Z,,Jordan Henderson,Chelsea,MID,4.9,2.108,2.122,10.61,5,2.8,0.49,56.0,0.0,0.0,0.0,0.0,0.0,doubtful,False
2026-09-11,2026-09-11T11:48:00Z,,Ethan Nwaneri,Arsenal,MID,5.4,2.033,2.039,10.19,5,2.8,0.0,46.0,0.0,0.0,0.0,0.0,0.0,unavailable,True
2026-09-11,2026-09-11T11:48:00Z,,Tom Cairney,Fulham,MID,5.0,1.946,1.95,9.75,5,2.8,0.0,51.2,0.0,0.0,0.0,0.0,0.0,injured,True
2026-09-12,2026-09-12T11:14:05Z,,Bukayo Saka,Arsenal,MID,9.5,9.025,9.067,45.34,5,2.8,0.93,79.0,7.3,7.3,22.0,7.3,11.7,available,False
2026-09-12,2026-09-12T11:14:05Z,,Jérémy Doku,Man City,MID,7.4,7.969,7.887,39.44,5,3.2,0.0,75.4,0.0,0.0,0.0,0.0,0.7,injured,True
2026-09-12,2026-09-12T11:14:05Z,,Hugo Ekitiké,Liverpool,FWD,7.4,7.267,7.36,36.8,5,2.8,0.0,86.8,0.0,0.0,0.0,0.0,0.1,injured,True
2026-09-12,2026-09-12T11:14:05Z,,Erling Haaland,Man City,FWD,15.5,6.625,6.556,32.78,5,3.2,0.99,90.0,8.0,8.0,24.0,8.0,71.1,available,False
2026-09-12,2026-09-12T11:14:05Z,,Dominic Calvert-Lewin,Leeds,FWD,6.0,6.327,6.276,31.38,5,3.4,0.94,89.6,3.3,3.3,10.0,3.3,21.7,available,False
2026-09-12,2026-09-12T11:14:05Z,,Cody Gakpo,Liverpool,MID,7.2,6.318,6.383,31.91,5,2.8,0.72,83.0,7.0,9.3,28.0,9.3,12.6,doubtful,False
2026-09-12,2026-09-12T11:14:05Z,,João Pedro,Chelsea,FWD,7.7,6.171,6.218,31.09,5,2.8,0.95,85.8,7.0,7.0,21.0,7.0,73.9,available,False
2026-09-12,2026-09-12T11:14:05Z,,Richarlison,Spurs,FWD,5.9,6.066,6.055,30.27,5,3.2,0.0,76.0,0.0,2.0,2.0,0.7,0.9,unavailable,True
2026-09-12,2026-09-12T11:14:05Z,,Pedro Porro,Spurs,DEF,5.5,5.953,5.948,29.74,5,3.2,0.73,90.0,2.0,4.0,8.0,2.7,10.7,doubtful,False
2026-09-12,2026-09-12T11:14:05Z,,Zian Flemming,Ipswich Town,FWD,5.5,5.89,5.849,29.24,5,3.2,0.91,82.2,1.8,1.0,1.0,1.0,0.0,available,False
2026-09-12,2026-09-12T11:14:05Z,,Cole Palmer,Chelsea,MID,9.7,5.883,5.945,29.72,5,2.8,0.97,89.8,7.0,7.0,21.0,7.0,28.0,available,False
2026-09-12,2026-09-12T11:14:05Z,,Sven Botman,Newcastle,DEF,5.0,5.85,5.862,29.31,5,2.6,0.96,90.0,3.0,3.0,9.0,3.0,0.7,available,False
2026-09-12,2026-09-12T11:14:05Z,,Cristian Romero,Spurs,DEF,5.0,5.775,5.772,28.86,5,3.2,0.0,68.6,0.0,0.0,0.0,0.0,0.1,unavailable,True
2026-09-12,2026-09-12T11:14:05Z,,Rayan Aït-Nouri,Man City,DEF,5.3,5.745,5.73,28.65,5,3.2,0.82,63.6,0.0,0.0,0.0,0.0,0.5,available,False
2026-09-12,2026-09-12T11:14:05Z,,Sepp van den Berg,Brentford,DEF,4.9,5.742,5.72,28.6,5,3.4,0.0,90.0,0.0,0.0,0.0,0.0,0.1,injured,True
2026-09-12,2026-09-12T11:14:05Z,,Dominik Szoboszlai,Liverpool,MID,7.0,5.741,5.784,28.92,5,2.8,1.0,90.0,5.0,5.0,15.0,5.0,38.6,available,False
2026-09-12,2026-09-12T11:14:05Z,,Enzo Le Fée,Sunderland,MID,5.8,5.714,5.707,28.53,5,3.2,0.97,90.0,4.3,4.3,13.0,4.3,4.3,available,False
2026-09-12,2026-09-12T11:14:05Z,,Antonee Robinson,Fulham,DEF,4.5,5.714,5.718,28.59,5,2.8,0.94,80.0,1.3,1.3,4.0,1.3,1.4,available,False
2026-09-12,2026-09-12T11:14:05Z,,Maxence Lacroix,Chelsea,DEF,6.0,5.706,5.721,28.6,5,2.8,1.0,90.0,3.0,3.0,9.0,3.0,8.1,available,False
2026-09-12,2026-09-12T11:14:05Z,,Calvin Bassey,Fulham,DEF,4.5,5.64,5.644,28.22,5,2.8,0.99,90.0,1.0,1.0,3.0,1.0,0.7,available,False
2026-09-12,2026-09-12T11:14:05Z,,Piero Hincapié,Arsenal,DEF,5.3,5.631,5.636,28.18,5,2.8,0.69,60.8,0.7,1.0,2.0,0.7,1.0,available,False
2026-09-12,2026-09-12T11:14:05Z,,Jan Paul van Hecke,Spurs,DEF,4.9,5.629,5.626,28.13,5,3.2,1.0,90.0,3.3,3.3,10.0,3.3,6.7,available,False
2026-09-12,2026-09-12T11:14:05Z,,El Hadji Malick Diouf,Brentford,DEF,4.5,5.618,5.588,27.94,5,3.4,0.97,86.8,0.0,0.0,0.0,0.0,0.1,available,False
2026-09-12,2026-09-12T11:14:05Z,,Antoine Semenyo,Man City,MID,8.4,5.614,5.561,27.81,5,3.2,1.0,75.0,4.3,4.3,13.0,4.3,16.0,available,False
2026-09-12,2026-09-12T11:14:05Z,,Kevin Danso,Sunderland,DEF,5.0,5.604,5.601,28.0,5,3.2,0.92,90.0,0.7,2.0,2.0,0.7,0.2,available,False
2026-09-12,2026-09-12T11:14:05Z,,James Hill,Bournemouth,DEF,5.5,5.601,5.589,27.94,5,3.4,0.92,90.0,2.0,2.0,6.0,2.0,0.8,available,False
2026-09-12,2026-09-12T11:14:05Z,,James Justin,Leeds,DEF,4.5,5.598,5.585,27.93,5,3.4,0.91,90.0,5.3,5.3,16.0,5.3,1.5,available,False
2026-09-12,2026-09-12T11:14:05Z,,Jaydee Canvot,Crystal Palace,DEF,4.9,5.587,5.608,28.04,5,2.6,0.92,90.0,0.7,0.7,2.0,0.7,0.2,available,False
2026-09-12,2026-09-12T11:14:05Z,,Tyrick Mitchell,Crystal Palace,DEF,4.5,5.582,5.605,28.02,5,2.6,0.87,72.0,5.3,5.3,16.0,5.3,7.0,available,False
2026-09-12,2026-09-12T11:14:05Z,,Marc Guéhi,Man City,DEF,6.0,5.545,5.534,27.67,5,3.2,1.0,90.0,6.7,6.7,20.0,6.7,18.3,available,False
2026-09-12,2026-09-12T11:14:05Z,,Michael Kayode,Brentford,DEF,4.6,5.543,5.52,27.6,5,3.4,1.0,90.0,5.3,5.3,16.0,5.3,8.8,available,False
2026-09-12,2026-09-12T11:14:05Z,,Jacob Greaves,Ipswich Town,DEF,4.0,5.529,5.517,27.59,5,3.2,1.0,90.0,0.7,0.7,2.0,0.7,1.2,available,False
2026-09-12,2026-09-12T11:14:05Z,,Adrien Truffert,Bournemouth,DEF,5.5,5.528,5.514,27.57,5,3.4,1.0,90.0,1.7,1.7,5.0,1.7,3.4,available,False
2026-09-12,2026-09-12T11:14:05Z,,Declan Rice,Arsenal,MID,7.4,5.504,5.514,27.57,5,2.8,0.99,84.8,4.3,4.3,13.0,4.3,12.9,available,False
2026-09-12,2026-09-12T11:14:05Z,,Kenny Tete,Fulham,DEF,4.4,5.503,5.507,27.53,5,2.8,0.86,73.0,0.0,0.0,0.0,0.0,0.2,available,False
2026-09-12,2026-09-12T11:14:05Z,,Neco Williams,Nott'm Forest,DEF,5.0,5.503,5.498,27.49,5,3.0,0.87,81.2,5.0,5.0,15.0,5.0,8.1,available,False
2026-09-12,2026-09-12T11:14:05Z,,Luke Shaw,Man Utd,DEF,4.4,5.501,5.497,27.48,5,3.2,0.75,86.6,1.7,2.3,7.0,2.3,11.6,doubtful,False
2026-09-12,2026-09-12T11:14:05Z,,Anton Stach,Leeds,MID,6.0,5.458,5.437,27.19,5,3.4,0.99,86.4,6.3,6.3,19.0,6.3,2.7,available,False
2026-09-12,2026-09-12T11:14:05Z,,Ola Aina,Nott'm Forest,DEF,4.5,5.455,5.451,27.25,5,3.0,1.0,89.8,2.0,2.0,6.0,2.0,2.6,available,False
2026-09-12,2026-09-12T11:14:05Z,,Matthijs de Ligt,Man Utd,DEF,5.0,5.426,5.421,27.11,5,3.2,0.0,90.0,0.0,0.0,0.0,0.0,0.0,injured,True
2026-09-12,2026-09-12T11:14:05Z,,Malick Thiaw,Newcastle,DEF,5.0,5.417,5.429,27.15,5,2.6,0.99,90.0,2.7,2.7,8.0,2.7,2.1,available,False
2026-09-12,2026-09-12T11:14:05Z,,Jorrel Hato,Chelsea,DEF,4.5,5.412,5.424,27.12,5,2.8,0.83,90.0,2.7,2.7,8.0,2.7,1.0,available,False
2026-09-12,2026-09-12T11:14:05Z,,Fabian Schär,Newcastle,DEF,5.0,5.411,5.427,27.13,5,2.6,0.79,81.6,0.3,1.0,1.0,0.3,0.2,available,False
2026-09-12,2026-09-12T11:14:05Z,,Nordi Mukiele,Sunderland,DEF,5.5,5.41,5.406,27.03,5,3.2,1.0,90.0,4.3,6.5,13.0,4.3,2.1,available,False
2026-09-12,2026-09-12T11:14:05Z,,Joachim Andersen,Fulham,DEF,5.0,5.395,5.399,26.99,5,2.8,1.0,90.0,0.7,1.0,2.0,0.7,0.1,available,False
2026-09-12,2026-09-12T11:14:05Z,,Gabriel Gudmundsson,Leeds,DEF,4.5,5.383,5.37,26.85,5,3.4,0.99,80.6,0.7,2.0,2.0,0.7,0.1,available,False
2026-09-12,2026-09-12T11:14:05Z,,Ethan Pinnock,Coventry City,DEF,4.5,5.366,5.395,26.97,5,2.4,1.0,80.8,1.3,2.0,4.0,1.3,0.1,available,False
2026-09-12,2026-09-12T11:14:05Z,,Julio Enciso,Ipswich Town,MID,5.5,5.366,5.337,26.69,5,3.2,0.85,74.2,3.7,3.7,11.0,3.7,0.9,available,False
2026-09-12,2026-09-12T11:14:05Z,,William Saliba,Arsenal,DEF,5.9,5.363,5.368,26.84,5,2.8,0.0,90.0,0.0,0.0,0.0,0.0,0.2,injured,True
2026-09-12,2026-09-12T11:14:05Z,,Yankuba Minteh,Brighton,MID,5.9,5.348,5.321,26.6,5,3.2,0.0,87.2,0.0,0.0,0.0,0.0,0.0,injured,True
2026-09-12,2026-09-12T11:14:05Z,,Jurriën Timber,Arsenal,DEF,6.5,5.348,5.353,26.77,5,2.8,0.24,83.4,0.0,0.0,0.0,0.0,0.1,doubtful,False
2026-09-12,2026-09-12T11:14:05Z,,Virgil van Dijk,Liverpool,DEF,6.5,5.342,5.362,26.81,5,2.8,1.0,90.0,3.0,3.0,9.0,3.0,17.1,available,False
2026-09-12,2026-09-12T11:14:05Z,,Enzo Fernández,Man City,MID,6.9,5.332,5.294,26.47,5,3.2,0.99,89.6,1.3,2.0,4.0,1.3,3.2,available,False
2026-09-12,2026-09-12T11:14:05Z,,Michael Keane,Everton,DEF,4.9,5.312,5.3,26.5,5,3.2,0.85,75.2,0.0,0.0,0.0,0.0,0.9,available,False
2026-09-12,2026-09-12T11:14:05Z,,Elliot Anderson,Man City,MID,6.3,5.308,5.293,26.47,5,3.2,0.87,81.0,2.7,2.7,8.0,2.7,4.2,available,False
2026-09-12,2026-09-12T11:14:05Z,,Marcus Tavernier,Bournemouth,MID,6.0,5.306,5.275,26.38,5,3.4,0.96,86.4,7.0,7.0,21.0,7.0,3.8,available,False
2026-09-12,2026-09-12T11:14:05Z,,Conor Bradley,Liverpool,DEF,5.0,5.304,5.316,26.58,5,2.8,0.0,62.2,0.0,0.0,0.0,0.0,0.0,injured,True
2026-09-12,2026-09-12T11:14:05Z,,Lewis Hall,Newcastle,DEF,5.2,5.3,5.316,26.58,5,2.6,0.81,67.4,6.0,6.0,18.0,6.0,13.9,available,False
2026-09-12,2026-09-12T11:14:05Z,,Harry Maguire,Man Utd,DEF,4.9,5.285,5.281,26.4,5,3.2,0.94,87.6,2.3,2.3,7.0,2.3,10.5,available,False
2026-09-12,2026-09-12T11:14:05Z,,Omar Alderete,Sunderland,DEF,4.9,5.284,5.281,26.4,5,3.2,0.99,84.6,0.3,1.0,1.0,0.3,0.3,available,False
2026-09-12,2026-09-12T11:14:05Z,,Florian Wirtz,Liverpool,MID,7.4,5.284,5.344,26.72,5,2.8,0.82,71.2,3.0,3.0,9.0,3.0,7.9,available,False
2026-09-12,2026-09-12T11:14:05Z,,Pascal Struijk,Brighton,DEF,5.0,5.276,5.263,26.31,5,3.2,1.0,83.2,0.3,1.0,1.0,0.3,0.2,available,False
2026-09-12,2026-09-12T11:14:05Z,,Ainsley Maitland-Niles,Everton,DEF,4.5,5.273,5.261,26.31,5,3.2,0.59,68.8,1.8,7.0,7.0,7.0,0.3,available,False
2026-09-12,2026-09-12T11:14:05Z,,Trai Hume,Sunderland,DEF,4.4,5.266,5.262,26.31,5,3.2,0.85,71.2,3.0,3.0,9.0,3.0,3.8,available,False
2026-09-12,2026-09-12T11:14:05Z,,James Garner,Everton,MID,6.0,5.262,5.247,26.24,5,3.2,1.0,90.0,1.3,1.3,4.0,1.3,0.1,available,False
2026-09-12,2026-09-12T11:14:05Z,,Max Alleyne,Man City,DEF,5.0,5.254,5.244,26.22,5,3.2,0.0,90.0,0.0,0.0,0.0,0.0,0.0,unavailable,True
2026-09-12,2026-09-12T11:14:05Z,,Ryan Sessegnon,Fulham,DEF,4.4,5.243,5.247,26.24,5,2.8,0.68,62.2,1.0,1.0,3.0,1.0,0.3,available,False
2026-09-12,2026-09-12T11:14:05Z,,Timothy Castagne,Fulham,DEF,4.5,5.227,5.231,26.16,5,2.8,0.93,88.6,4.3,4.3,13.0,4.3,0.8,available,False
2026-09-12,2026-09-12T11:14:05Z,,Mats Wieffer,Brighton,DEF,5.0,5.226,5.213,26.06,5,3.2,0.0,66.6,0.0,3.5,7.0,2.3,0.3,injured,True
2026-09-12,2026-09-12T11:14:05Z,,Jayden Bogle,Leeds,DEF,4.5,5.224,5.209,26.05,5,3.4,0.98,80.8,7.3,7.3,22.0,7.3,2.1,available,False
2026-09-12,2026-09-12T11:14:05Z,,Dara O'Shea,Ipswich Town,DEF,4.0,5.223,5.211,26.06,5,3.2,1.0,90.0,2.3,2.3,7.0,2.3,3.0,available,False
2026-09-12,2026-09-12T11:14:05Z,,João Gomes,Aston Villa,MID,5.5,5.221,5.216,26.08,5,3.2,0.0,88.8,0.0,-2.0,-2.0,-0.7,0.0,suspended,True
2026-09-12,2026-09-12T11:14:05Z,,Mathys Tel,Spurs,MID,5.8,5.215,5.207,26.04,5,3.2,0.54,68.4,2.3,2.3,7.0,2.3,0.2,available,False
2026-09-12,2026-09-12T11:14:05Z,,Olivier Boscagli,Brighton,DEF,4.5,5.213,5.201,26.01,5,3.2,0.77,77.8,2.3,2.3,7.0,2.3,0.3,available,False
2026-09-12,2026-09-12T11:14:05Z,,James Tarkowski,Everton,DEF,6.0,5.212,5.199,25.99,5,3.2,1.0,90.0,7.0,7.0,21.0,7.0,11.5,available,False
2026-09-12,2026-09-12T11:14:05Z,,Rodrigo Bentancur,Spurs,MID,5.5,5.212,5.208,26.04,5,3.2,0.95,79.0,2.7,2.7,8.0,2.7,0.2,available,False
2026-09-12,2026-09-12T11:14:05Z,,Jake O'Brien,Everton,DEF,4.9,5.162,5.15,25.75,5,3.2,0.99,84.6,0.0,0.0,0.0,0.0,0.3,available,False
2026-09-12,2026-09-12T11:14:05Z,,Dango Ouattara,Brentford,MID,6.4,5.162,5.099,25.5,5,3.4,0.79,76.2,1.7,1.7,5.0,1.7,0.6,available,False
2026-09-12,2026-09-12T11:14:05Z,,Ayden Heaven,Man Utd,DEF,4.4,5.16,5.156,25.78,5,3.2,0.81,69.0,0.3,1.0,1.0,0.3,0.3,available,False
2026-09-12,2026-09-12T11:14:05Z,,Mateus Fernandes,Spurs,MID,5.8,5.16,5.156,25.78,5,3.2,0.98,90.0,1.0,1.0,3.0,1.0,0.9,available,False
2026-09-12,2026-09-12T11:14:05Z,,Jarrad Branthwaite,Everton,DEF,5.5,5.155,5.143,25.71,5,3.2,0.75,73.0,4.3,4.3,13.0,4.3,1.9,available,False
2026-09-12,2026-09-12T11:14:05Z,,Chris Richards,Crystal Palace,DEF,5.0,5.152,5.174,25.87,5,2.6,0.87,74.8,1.3,1.3,4.0,1.3,0.7,available,False
2026-09-12,2026-09-12T11:14:05Z,,Morgan Rogers,Chelsea,MID,7.6,5.139,5.174,25.87,5,2.8,1.0,87.6,6.3,6.3,19.0,6.3,35.0,available,False
2026-09-12,2026-09-12T11:14:05Z,,Mikkel Damsgaard,Brentford,MID,5.5,5.137,5.1,25.5,5,3.4,0.9,85.4,4.0,4.0,12.0,4.0,0.5,available,False
2026-09-12,2026-09-12T11:14:05Z,,Reinildo Mandava,Sunderland,DEF,4.5,5.133,5.13,25.65,5,3.2,0.86,72.0,3.0,3.0,9.0,3.0,0.4,available,False
2026-09-12,2026-09-12T11:14:05Z,,Iliman Ndiaye,Man City,MID,5.9,5.132,5.113,25.56,5,3.2,1.0,90.0,5.3,5.3,16.0,5.3,8.6,available,False
2026-09-12,2026-09-12T11:14:05Z,,Alex Scott,Bournemouth,MID,6.1,5.126,5.11,25.55,5,3.4,0.98,89.8,8.0,8.0,24.0,8.0,6.0,available,False
2026-09-12,2026-09-12T11:14:05Z,,Dan Burn,Newcastle,DEF,4.9,5.126,5.139,25.7,5,2.6,0.0,60.2,0.0,0.0,0.0,0.0,0.9,injured,True
2026-09-12,2026-09-12T11:14:05Z,,Boubacar Kamara,Aston Villa,MID,5.0,5.105,5.1,25.5,5,3.2,0.98,88.2,2.3,2.3,7.0,2.3,0.3,available,False
2026-09-12,2026-09-12T11:14:05Z,,Daniel Ballard,Sunderland,DEF,4.9,5.095,5.092,25.46,5,3.2,0.81,72.2,4.0,4.0,12.0,4.0,3.0,available,False
2026-09-12,2026-09-12T11:14:05Z,,Matheus Nunes,Man City,DEF,5.9,5.077,5.066,25.33,5,3.2,0.98,83.6,0.3,1.0,1.0,0.3,0.9,available,False
2026-09-12,2026-09-12T11:14:05Z,,Beto,Everton,FWD,5.4,5.076,5.047,25.24,5,3.2,0.0,70.8,0.0,1.0,2.0,0.7,0.9,unavailable,True
2026-09-12,2026-09-12T11:14:05Z,,Joelinton,Newcastle,MID,5.4,5.075,5.088,25.44,5,2.6,0.0,75.4,0.0,0.0,0.0,0.0,0.0,injured,True
2026-09-12,2026-09-12T11:14:05Z,,Valentín Barco,Chelsea,MID,5.5,5.064,5.077,25.38,5,2.8,0.67,75.0,0.3,1.0,1.0,0.3,0.1,available,False
2026-09-12,2026-09-12T11:14:05Z,,Lewis Dunk,Brighton,DEF,4.5,5.047,5.032,25.16,5,3.2,0.99,90.0,3.3,3.3,10.0,3.3,1.4,available,False
2026-09-12,2026-09-12T11:14:05Z,,Ethan Ampadu,Leeds,MID,5.4,5.023,5.011,25.05,5,3.4,1.0,90.0,3.0,3.0,9.0,3.0,1.0,available,False
2026-09-12,2026-09-12T11:14:05Z,,Wesley Fofana,Chelsea,DEF,5.0,5.022,5.034,25.17,5,2.8,0.92,77.4,1.0,1.5,3.0,1.0,0.2,available,False
2026-09-12,2026-09-12T11:14:05Z,,Matty Cash,Aston Villa,DEF,4.5,5.014,5.009,25.05,5,3.2,0.75,88.0,1.7,2.3,7.0,2.3,6.1,doubtful,False
2026-09-12,2026-09-12T11:14:05Z,,John Egan,Hull City,DEF,4.1,5.006,4.995,24.97,5,3.2,1.0,85.6,7.7,7.7,23.0,7.7,6.4,available,False
2026-09-12,2026-09-12T11:14:05Z,,Nathan Collins,Brentford,DEF,5.5,5.003,4.981,24.91,5,3.4,0.0,90.0,0.0,3.3,10.0,3.3,1.4,injured,True
2026-09-12,2026-09-12T11:14:05Z,,Kiernan Dewsbury-Hall,Everton,MID,6.5,4.978,4.958,24.79,5,3.2,0.99,89.6,5.0,5.0,15.0,5.0,4.6,available,False
2026-09-12,2026-09-12T11:14:05Z,,Destiny Udogie,Spurs,DEF,4.5,4.974,4.971,24.85,5,3.2,0.66,82.0,1.7,2.3,7.0,2.3,0.4,doubtful,False
2026-09-12,2026-09-12T11:14:05Z,,Malo Gusto,Chelsea,DEF,5.0,4.956,4.974,24.87,5,2.8,0.9,87.6,1.0,1.0,3.0,1.0,1.1,available,False
2026-09-12,2026-09-12T11:14:05Z,,Lewis Miley,Newcastle,MID,5.5,4.951,4.963,24.82,5,2.6,0.77,76.6,2.7,2.7,8.0,2.7,0.1,available,False
2026-09-12,2026-09-12T11:14:05Z,,Youri Tielemans,Man Utd,MID,5.9,4.946,4.941,24.7,5,3.2,0.95,86.6,2.7,2.7,8.0,2.7,1.7,available,False
2026-09-12,2026-09-12T11:14:05Z,,Mohammed Kudus,Spurs,MID,6.5,4.933,4.927,24.63,5,3.2,1.0,78.6,0.7,1.0,2.0,0.7,0.1,available,False
2026-09-12,2026-09-12T11:14:05Z,,Nico O'Reilly,Man City,DEF,6.4,4.932,4.92,24.6,5,3.2,0.94,84.8,1.3,2.0,4.0,1.3,13.1,available,False
2026-09-12,2026-09-12T11:14:05Z,,Pape Matar Sarr,Spurs,MID,4.9,4.932,4.928,24.64,5,3.2,0.0,64.0,0.0,0.0,0.0,0.0,0.1,unavailable,True
2026-09-12,2026-09-12T11:14:05Z,,Noussair Mazraoui,Man Utd,DEF,4.4,4.924,4.92,24.6,5,3.2,0.7,76.0,1.0,1.0,3.0,1.0,0.6,available,False
2026-09-12,2026-09-12T11:14:05Z,,Ben Davies,Spurs,DEF,4.0,4.883,4.88,24.4,5,3.2,0.56,64.6,0.0,0.0,0.0,0.0,0.9,available,False
2026-09-12,2026-09-12T11:14:05Z,,Harry Amass,Man Utd,DEF,4.0,4.881,4.875,24.38,5,3.2,0.75,66.25,0.0,0.0,0.0,0.0,0.2,available,False
2026-09-12,2026-09-12T11:14:05Z,,Chadi Riad,Crystal Palace,DEF,4.4,4.865,4.885,24.43,5,2.6,0.0,68.8,0.0,1.0,1.0,0.3,0.0,injured,True
2026-09-12,2026-09-12T11:14:05Z,,Ryan Gravenberch,Liverpool,MID,5.9,4.852,4.875,24.37,5,2.8,0.86,69.4,2.3,2.3,7.0,2.3,1.3,available,False
2026-09-12,2026-09-12T11:14:05Z,,Jaka Bijol,Leeds,DEF,5.0,4.849,4.837,24.18,5,3.4,0.93,84.8,4.0,4.0,12.0,4.0,0.8,available,False
2026-09-12,2026-09-12T11:14:05Z,,Riccardo Calafiori,Arsenal,DEF,5.8,4.844,4.85,24.25,5,2.8,0.85,61.4,7.3,7.3,22.0,7.3,49.3,available,False
2026-09-12,2026-09-12T11:14:05Z,,Lisandro Martínez,Man Utd,DEF,5.0,4.836,4.832,24.16,5,3.2,0.92,83.2,1.3,2.0,4.0,1.3,1.2,available,False
2026-09-12,2026-09-12T11:14:05Z,,Aaron Wan-Bissaka,Aston Villa,DEF,4.5,4.833,4.828,24.14,5,3.2,0.85,75.6,1.0,1.0,2.0,1.0,0.2,available,False
2026-09-12,2026-09-12T11:14:05Z,,Yehor Yarmoliuk,Brentford,MID,4.9,4.804,4.781,23.9,5,3.4,0.92,87.8,0.7,0.7,2.0,0.7,0.7,available,False
2026-09-12,2026-09-12T11:14:05Z,,Ryan Christie,Bournemouth,MID,5.0,4.8,4.784,23.92,5,3.4,0.61,60.4,0.7,1.0,2.0,0.7,0.0,available,False
2026-09-12,2026-09-12T11:14:05Z,,Alexis Mac Allister,Liverpool,MID,5.4,4.796,4.825,24.12,5,2.8,0.81,75.8,1.7,1.7,5.0,1.7,1.4,available,False
2026-09-12,2026-09-12T11:14:05Z,,Pascal Groß,Brighton,MID,5.6,4.786,4.756,23.78,5,3.2,0.96,90.0,5.3,5.3,16.0,5.3,16.3,available,False
2026-09-12,2026-09-12T11:14:05Z,,Jaidon Anthony,Brentford,MID,6.0,4.785,4.732,23.66,5,3.4,0.94,87.4,1.3,1.3,4.0,1.3,0.1,available,False
2026-09-12,2026-09-12T11:14:05Z,,Axel Disasi,Crystal Palace,DEF,4.5,4.784,4.806,24.03,5,2.6,1.0,89.0,1.3,2.0,4.0,1.3,0.1,available,False
2026-09-12,2026-09-12T11:14:05Z,,Mathias Jensen,Brentford,MID,5.4,4.784,4.754,23.77,5,3.4,0.0,84.6,0.0,6.0,6.0,2.0,0.1,injured,True
2026-09-12,2026-09-12T11:14:05Z,,Reece James,Chelsea,DEF,5.4,4.778,4.793,23.96,5,2.8,0.79,77.2,0.7,0.7,2.0,0.7,7.7,available,False
2026-09-12,2026-09-12T11:14:05Z,,Zach Abbott,Nott'm Forest,DEF,4.0,4.775,4.771,23.86,5,3.0,0.0,60.5,0.0,0.0,0.0,0.0,0.2,unavailable,True
2026-09-12,2026-09-12T11:14:05Z,,Granit Xhaka,Sunderland,MID,5.5,4.767,4.761,23.81,5,3.2,0.98,90.0,6.0,6.0,18.0,6.0,4.2,available,False
2026-09-12,2026-09-12T11:14:05Z,,Nathan Patterson,Everton,DEF,4.5,4.762,4.751,23.75,5,3.2,0.0,65.6,0.0,0.0,0.0,0.0,0.0,unavailable,True
2026-09-12,2026-09-12T11:14:05Z,,Jack Grealish,Everton,MID,6.5,4.762,4.739,23.7,5,3.2,0.84,74.4,0.7,1.0,2.0,0.7,0.4,available,False
2026-09-12,2026-09-12T11:14:05Z,,Conor Gallagher,Spurs,MID,5.4,4.758,4.753,23.76,5,3.2,0.8,87.0,1.0,1.5,3.0,1.0,0.2,available,False
2026-09-12,2026-09-12T11:14:05Z,,Kobbie Mainoo,Man Utd,MID,5.5,4.75,4.745,23.73,5,3.2,0.83,90.0,4.7,4.7,14.0,4.7,1.4,available,False
2026-09-12,2026-09-12T11:14:05Z,,Brian Brobbey,Sunderland,FWD,5.8,4.726,4.718,23.59,5,3.2,0.88,82.6,2.0,2.0,6.0,2.0,6.7,available,False
2026-09-12,2026-09-12T11:14:05Z,,Nicolas Jackson,Aston Villa,FWD,6.5,4.721,4.708,23.54,5,3.2,0.85,74.2,1.3,2.0,4.0,1.3,1.3,available,False
2026-09-12,2026-09-12T11:14:05Z,,Amadou Onana,Aston Villa,MID,5.0,4.719,4.714,23.57,5,3.2,0.0,90.0,0.0,0.0,0.0,0.0,0.0,injured,True
2026-09-12,2026-09-12T11:14:05Z,,Trevoh Chalobah,Chelsea,DEF,5.5,4.71,4.723,23.62,5,2.8,0.0,75.2,0.0,0.0,0.0,0.0,0.1,unavailable,True
2026-09-12,2026-09-12T11:14:05Z,,Ferdi Kadıoğlu,Brighton,DEF,4.4,4.688,4.673,23.36,5,3.2,0.97,90.0,0.7,1.0,2.0,0.7,1.7,available,False
2026-09-12,2026-09-12T11:14:05Z,,Evanilson,Bournemouth,FWD,6.0,4.684,4.66,23.3,5,3.4,0.95,78.2,3.7,3.7,11.0,3.7,3.3,available,False
2026-09-12,2026-09-12T11:14:05Z,,Sebastiaan Bornauw,Leeds,DEF,4.5,4.671,4.66,23.3,5,3.4,0.0,67.4,0.0,0.0,0.0,0.0,0.0,unavailable,True
2026-09-12,2026-09-12T11:14:05Z,,Abdukodir Khusanov,Man City,DEF,5.5,4.668,4.658,23.29,5,3.2,0.89,90.0,3.0,3.0,9.0,3.0,1.6,available,False
2026-09-12,2026-09-12T11:14:05Z,,Morato,Nott'm Forest,DEF,5.0,4.668,4.664,23.32,5,3.0,0.0,64.2,0.0,0.0,0.0,0.0,0.0,unavailable,True
2026-09-12,2026-09-12T11:14:05Z,,Ibrahim Sangaré,Nott'm Forest,MID,4.9,4.652,4.648,23.24,5,3.0,0.85,67.0,0.7,2.0,2.0,0.7,0.5,available,False
2026-09-12,2026-09-12T11:14:05Z,,Rico Henry,Brentford,DEF,4.5,4.649,4.627,23.14,5,3.4,0.83,88.6,0.3,1.0,1.0,0.3,0.2,available,False
2026-09-12,2026-09-12T11:14:05Z,,Ollie Watkins,Aston Villa,FWD,7.8,4.648,4.633,23.16,5,3.2,0.0,74.0,0.0,0.0,0.0,0.0,3.0,unavailable,True
2026-09-12,2026-09-12T11:14:05Z,,Gustavo Hamer,Coventry City,MID,5.4,4.641,4.735,23.68,5,2.4,0.98,85.4,1.0,1.0,3.0,1.0,0.1,available,False
2026-09-12,2026-09-12T11:14:05Z,,Leny Yoro,Man Utd,DEF,4.9,4.64,4.636,23.18,5,3.2,0.73,75.4,0.7,1.0,2.0,0.7,0.5,available,False
2026-09-12,2026-09-12T11:14:05Z,,Eberechi Eze,Arsenal,MID,6.3,4.623,4.636,23.18,5,2.8,0.88,69.0,0.7,1.0,2.0,0.7,1.2,available,False
2026-09-12,2026-09-12T11:14:05Z,,Takehiro Tomiyasu,Crystal Palace,DEF,4.5,4.617,4.642,23.21,5,2.6,0.6,86.4,0.7,1.0,2.0,0.7,0.3,available,False
2026-09-12,2026-09-12T11:14:05Z,,Joško Gvardiol,Man City,DEF,5.6,4.613,4.6,23.0,5,3.2,0.86,64.4,7.3,7.3,22.0,7.3,19.9,available,False
2026-09-12,2026-09-12T11:14:05Z,,Curtis Jones,Liverpool,MID,5.5,4.587,4.601,23.0,5,2.8,0.0,89.4,0.0,0.0,0.0,0.0,0.0,unavailable,True
2026-09-12,2026-09-12T11:14:05Z,,Nikola Milenković,Nott'm Forest,DEF,5.5,4.587,4.583,22.91,5,3.0,0.87,81.0,4.0,4.0,12.0,4.0,1.6,available,False
2026-09-12,2026-09-12T11:14:05Z,,Leif Davis,Ipswich Town,DEF,4.0,4.569,4.556,22.78,5,3.2,1.0,72.8,3.0,3.0,9.0,3.0,5.1,available,False
2026-09-12,2026-09-12T11:14:05Z,,Micky van de Ven,Spurs,DEF,5.0,4.561,4.558,22.79,5,3.2,1.0,90.0,3.0,4.5,9.0,3.0,3.9,available,False
2026-09-12,2026-09-12T11:14:05Z,,Veljko Milosavljević,Bournemouth,DEF,5.0,4.558,4.547,22.74,5,3.4,0.0,70.75,0.0,0.0,0.0,0.0,0.0,injured,True
2026-09-12,2026-09-12T11:14:05Z,,Lewis Cook,Bournemouth,MID,5.0,4.544,4.533,22.67,5,3.4,0.69,74.0,2.3,2.3,7.0,2.3,0.2,available,False
2026-09-12,2026-09-12T11:14:05Z,,Diego Coppola,Brighton,DEF,4.5,4.544,4.532,22.66,5,3.2,0.68,75.0,0.0,0.0,0.0,0.0,0.0,available,False
2026-09-12,2026-09-12T11:14:05Z,,Joe Rodon,Leeds,DEF,4.4,4.529,4.517,22.58,5,3.4,0.0,81.0,0.0,3.5,7.0,2.3,1.2,injured,True
2026-09-12,2026-09-12T11:14:05Z,,Kevin Schade,Brentford,MID,6.0,4.514,4.476,22.38,5,3.4,0.84,72.0,5.0,5.0,15.0,5.0,3.5,available,False
2026-09-12,2026-09-12T11:14:05Z,,Luca Netz,Nott'm Forest,DEF,4.5,4.51,4.506,22.53,5,3.0,0.62,62.8,0.7,1.0,2.0,0.7,0.0,available,False
2026-09-12,2026-09-12T11:14:05Z,,Ismaïla Sarr,Crystal Palace,MID,6.3,4.495,4.573,22.87,5,2.6,0.0,68.8,0.0,0.0,0.0,0.0,0.7,injured,True
2026-09-12,2026-09-12T11:14:05Z,,Morgan Gibbs-White,Nott'm Forest,MID,7.9,4.488,4.478,22.39,5,3.0,0.86,74.8,6.0,6.0,18.0,6.0,9.4,available,False
2026-09-12,2026-09-12T11:14:05Z,,Sander Berge,Fulham,MID,4.9,4.484,4.488,22.44,5,2.8,0.99,78.6,1.7,1.7,5.0,1.7,0.3,available,False
2026-09-12,2026-09-12T11:14:05Z,,Noah Sadiki,Sunderland,MID,4.9,4.401,4.397,21.99,5,3.2,1.0,83.8,2.0,2.0,6.0,2.0,0.2,available,False
2026-09-12,2026-09-12T11:14:05Z,,Harry Wilson,Leeds,MID,6.3,4.364,4.331,21.66,5,3.4,0.85,63.4,1.3,1.3,4.0,1.3,2.8,available,False
2026-09-12,2026-09-12T11:14:05Z,,Kasey McAteer,Ipswich Town,MID,4.5,4.362,4.347,21.74,5,3.2,0.68,75.0,1.0,1.0,3.0,1.0,1.2,available,False
2026-09-12,2026-09-12T11:14:05Z,,Rayan,Bournemouth,MID,6.4,4.357,4.335,21.68,5,3.4,0.82,70.0,2.0,2.0,6.0,2.0,1.9,available,False
2026-09-12,2026-09-12T11:14:05Z,,James Maddison,Spurs,MID,6.3,4.356,4.349,21.75,5,3.2,0.48,61.8,0.3,1.0,1.0,0.3,0.4,available,False
2026-09-12,2026-09-12T11:14:05Z,,Merlin Röhl,Everton,MID,5.0,4.34,4.327,21.63,5,3.2,0.61,72.0,2.0,2.0,6.0,2.0,0.0,available,False
2026-09-12,2026-09-12T11:14:05Z,,Dwight McNeil,Crystal Palace,MID,5.4,4.325,4.352,21.76,5,2.6,0.87,81.0,1.0,1.5,3.0,1.0,0.1,available,False
2026-09-12,2026-09-12T11:14:05Z,,Saša Lukić,Ipswich Town,MID,5.0,4.317,4.303,21.52,5,3.2,0.78,81.0,2.7,2.7,8.0,2.7,0.1,available,False
2026-09-12,2026-09-12T11:14:05Z,,Luke Woolfenden,Coventry City,DEF,4.0,4.311,4.339,21.69,5,2.4,0.0,72.0,0.0,0.0,0.0,0.0,0.1,injured,True
2026-09-12,2026-09-12T11:14:05Z,,Kalvin Phillips,Man City,MID,5.0,4.299,4.29,21.45,5,3.2,0.0,87.2,0.0,0.0,0.0,0.0,0.0,unavailable,True
2026-09-12,2026-09-12T11:14:05Z,,Emile Smith Rowe,Fulham,MID,5.4,4.284,4.289,21.44,5,2.8,0.84,69.0,0.7,1.0,2.0,0.7,0.3,available,False
2026-09-12,2026-09-12T11:14:05Z,,Bafodé Diakité,Bournemouth,DEF,5.0,4.282,4.271,21.35,5,3.4,0.86,65.8,0.0,0.0,0.0,0.0,0.2,available,False
2026-09-12,2026-09-12T11:14:05Z,,Tetê,Fulham,DEF,4.4,4.233,4.242,21.21,5,2.8,0.69,51.0,0.0,0.0,0.0,0.0,0.2,available,False
2026-09-12,2026-09-12T11:14:05Z,,Daichi Kamada,Crystal Palace,MID,5.0,4.231,4.256,21.28,5,2.6,0.79,66.0,3.3,3.3,10.0,3.3,0.4,available,False
2026-09-12,2026-09-12T11:14:05Z,,Justin Devenny,Crystal Palace,MID,5.0,4.217,4.24,21.2,5,2.6,0.0,63.8,0.0,0.0,0.0,0.0,0.0,unavailable,True
2026-09-12,2026-09-12T11:14:05Z,,Carlos Baleba,Man Utd,MID,5.0,4.216,4.21,21.05,5,3.2,0.0,68.6,0.0,0.0,0.0,0.0,0.1,injured,True
2026-09-12,2026-09-12T11:14:05Z,,Pau Torres,Aston Villa,DEF,4.5,4.207,4.203,21.01,5,3.2,0.96,90.0,0.7,1.0,2.0,0.7,0.4,available,False
2026-09-12,2026-09-12T11:14:05Z,,Brenden Aaronson,Leeds,MID,5.4,4.205,4.188,20.94,5,3.4,0.81,60.6,1.7,1.7,5.0,1.7,0.6,available,False
2026-09-12,2026-09-12T11:14:05Z,,Adam Smith,Bournemouth,DEF,4.5,4.195,4.184,20.92,5,3.4,0.8,69.2,0.7,0.7,2.0,0.7,0.1,available,False
2026-09-12,2026-09-12T11:14:05Z,,Adam Wharton,Crystal Palace,MID,5.5,4.178,4.209,21.05,5,2.6,0.71,69.0,2.7,2.7,8.0,2.7,0.9,available,False
2026-09-12,2026-09-12T11:14:05Z,,Rodrigo,Man City,MID,6.5,4.164,4.132,20.66,5,3.2,0.0,59.4,0.0,0.0,0.0,0.0,0.0,unavailable,True
2026-09-12,2026-09-12T11:14:05Z,,Brennan Johnson,Everton,MID,5.9,4.16,4.134,20.67,5,3.2,0.85,76.4,1.0,1.0,3.0,1.0,0.1,available,False
2026-09-12,2026-09-12T11:14:05Z,,Taylor Harwood-Bellis,Aston Villa,DEF,4.5,4.16,4.155,20.78,5,3.2,0.99,89.0,1.8,0.0,0.0,0.0,0.0,available,False
2026-09-12,2026-09-12T11:14:05Z,,Keane Lewis-Potter,Brentford,MID,5.5,4.155,4.131,20.65,5,3.4,0.87,89.8,6.0,6.0,18.0,6.0,2.1,available,False
2026-09-12,2026-09-12T11:14:05Z,,Murillo,Nott'm Forest,DEF,5.5,4.144,4.14,20.7,5,3.0,1.0,90.0,4.3,4.3,13.0,4.3,1.6,available,False
2026-09-12,2026-09-12T11:14:05Z,,Bryan Mbeumo,Man Utd,MID,7.9,4.138,4.125,20.63,5,3.2,0.86,66.2,7.0,7.0,21.0,7.0,23.3,available,False
2026-09-12,2026-09-12T11:14:05Z,,Vitaly Janelt,Brentford,MID,5.0,4.135,4.108,20.54,5,3.4,0.72,63.4,7.0,7.0,21.0,7.0,2.4,available,False
2026-09-12,2026-09-12T11:14:05Z,,Igor Jesus,Nott'm Forest,FWD,5.9,4.133,4.126,20.63,5,3.0,0.79,64.8,1.3,1.3,4.0,1.3,2.4,available,False
2026-09-12,2026-09-12T11:14:05Z,,Cristhian Mosquera,Arsenal,DEF,5.4,4.128,4.132,20.66,5,2.8,0.21,47.0,2.0,6.0,12.0,4.0,2.4,doubtful,False
2026-09-12,2026-09-12T11:14:05Z,,Ben Johnson,Ipswich Town,DEF,4.0,4.122,4.11,20.55,5,3.2,0.0,79.2,0.0,0.0,0.0,0.0,0.1,unavailable,True
2026-09-12,2026-09-12T11:14:05Z,,Nicolò Savona,Nott'm Forest,DEF,4.5,4.089,4.085,20.42,5,3.0,0.0,79.2,0.0,0.0,0.0,0.0,0.0,injured,True
2026-09-12,2026-09-12T11:14:05Z,,Rayan Cherki,Man City,MID,7.8,4.041,3.993,19.97,5,3.2,0.61,57.0,8.3,8.3,25.0,8.3,28.9,available,False
2026-09-12,2026-09-12T11:14:05Z,,Alex Iwobi,Fulham,MID,5.4,4.04,4.047,20.24,5,2.8,1.0,76.0,2.0,2.0,6.0,2.0,0.7,available,False
2026-09-12,2026-09-12T11:14:05Z,,William Osula,Newcastle,FWD,5.9,4.013,4.037,20.18,5,2.6,0.0,76.0,0.0,4.0,4.0,1.3,0.4,injured,True
2026-09-12,2026-09-12T11:14:05Z,,Luke O'Nien,Sunderland,DEF,4.0,3.962,3.959,19.8,5,3.2,0.56,72.6,0.3,1.0,1.0,0.3,2.6,available,False
2026-09-12,2026-09-12T11:14:05Z,,Kristoffer Ajer,Brentford,DEF,4.5,3.941,3.919,19.59,5,3.4,0.54,55.4,4.3,4.3,13.0,4.3,4.5,available,False
2026-09-12,2026-09-12T11:14:05Z,,Ian Maatsen,Aston Villa,DEF,4.5,3.92,3.915,19.58,5,3.2,0.61,52.0,2.7,2.7,8.0,2.7,0.9,available,False
2026-09-12,2026-09-12T11:14:05Z,,Tyrone Mings,Aston Villa,DEF,4.5,3.896,3.892,19.46,5,3.2,0.95,90.0,2.3,3.5,7.0,2.3,0.4,available,False
2026-09-12,2026-09-12T11:14:05Z,,Sandro Tonali,Spurs,MID,5.4,3.832,3.828,19.14,5,3.2,0.98,89.0,3.0,3.0,9.0,3.0,2.5,available,False
2026-09-12,2026-09-12T11:14:05Z,,Wes Burns,Ipswich Town,MID,5.0,3.814,3.804,19.02,5,3.2,0.0,65.8,0.0,0.0,0.0,0.0,0.0,unavailable,True
2026-09-12,2026-09-12T11:14:05Z,,Tim Iroegbunam,Hull City,MID,5.0,3.813,3.802,19.01,5,3.2,0.62,58.6,0.3,1.0,1.0,0.3,0.0,available,False
2026-09-12,2026-09-12T11:14:05Z,,Issa Diop,Ipswich Town,DEF,4.0,3.805,3.794,18.97,5,3.2,0.76,81.0,2.3,2.3,7.0,2.3,14.3,available,False
2026-09-12,2026-09-12T11:14:05Z,,Mamadou Sarr,Chelsea,DEF,4.5,3.793,3.804,19.02,5,2.8,0.0,81.0,0.0,0.0,0.0,0.0,0.0,unavailable,True
2026-09-12,2026-09-12T11:14:05Z,,Lamare Bogarde,Aston Villa,MID,5.0,3.771,3.767,18.84,5,3.2,0.55,61.8,0.3,1.0,1.0,0.3,0.1,available,False
2026-09-12,2026-09-12T11:14:05Z,,Lucas Digne,Aston Villa,DEF,4.5,3.756,3.751,18.75,5,3.2,0.0,58.8,0.0,0.0,0.0,0.0,0.1,unavailable,True
2026-09-12,2026-09-12T11:14:05Z,,Danny Welbeck,Chelsea,FWD,5.9,3.732,3.764,18.82,5,2.8,0.77,61.6,0.3,1.0,1.0,0.3,0.8,available,False
2026-09-12,2026-09-12T11:14:05Z,,Dejan Kulusevski,Spurs,MID,6.5,3.72,3.714,18.57,5,3.2,0.0,48.2,0.0,0.0,0.0,0.0,0.0,injured,True
2026-09-12,2026-09-12T11:14:05Z,,Myles Lewis-Skelly,Arsenal,MID,5.5,3.647,3.652,18.26,5,2.8,0.46,64.0,2.7,2.7,8.0,2.7,0.7,available,False
2026-09-12,2026-09-12T11:14:05Z,,Omar Marmoush,Spurs,FWD,7.0,3.613,3.606,18.03,5,3.2,0.55,49.6,1.3,2.0,4.0,1.3,2.3,available,False
2026-09-12,2026-09-12T11:14:05Z,,Simon Adingra,Sunderland,MID,4.9,3.578,3.574,17.87,5,3.2,0.0,60.8,0.0,0.0,0.0,0.0,0.0,unavailable,True
2026-09-12,2026-09-12T11:14:05Z,,Chris Rigg,Sunderland,MID,4.9,3.576,3.573,17.86,5,3.2,0.97,74.0,0.7,1.0,2.0,0.7,0.1,available,False
2026-09-12,2026-09-12T11:14:05Z,,John McGinn,Aston Villa,MID,5.4,3.572,3.564,17.82,5,3.2,0.99,83.6,1.7,1.7,5.0,1.7,2.3,available,False
2026-09-12,2026-09-12T11:14:05Z,,Tyler Adams,Bournemouth,MID,5.0,3.529,3.518,17.59,5,3.4,0.57,49.6,2.0,2.0,6.0,2.0,0.3,available,False
2026-09-12,2026-09-12T11:14:05Z,,Kai Havertz,Arsenal,FWD,7.5,3.526,3.539,17.69,5,2.8,0.73,54.8,5.3,5.3,16.0,5.3,8.1,available,False
2026-09-12,2026-09-12T11:14:05Z,,Benjamin Šeško,Man Utd,FWD,7.0,3.512,3.495,17.48,5,3.2,0.59,58.4,2.3,2.3,7.0,2.3,1.7,available,False
2026-09-12,2026-09-12T11:14:05Z,,Alex Murphy,Newcastle,DEF,4.0,3.496,3.509,17.54,5,2.6,0.0,81.6,0.0,0.0,0.0,0.0,0.1,unavailable,True
2026-09-12,2026-09-12T11:14:05Z,,Noah Okafor,Leeds,MID,5.9,3.464,3.421,17.1,5,3.4,0.64,52.2,2.0,2.0,6.0,2.0,0.3,available,False
2026-09-12,2026-09-12T11:14:05Z,,Jack Hinshelwood,Brighton,MID,6.0,3.449,3.426,17.13,5,3.2,0.0,84.4,0.0,16.0,16.0,5.3,0.9,injured,True
2026-09-12,2026-09-12T11:14:05Z,,Caoimhin Kelleher,Brentford,GKP,5.0,3.417,3.4,17.0,5,3.4,1.0,90.0,3.7,3.7,11.0,3.7,6.6,available,False
2026-09-12,2026-09-12T11:14:05Z,,Victor Lindelöf,Aston Villa,DEF,4.5,3.414,3.41,17.05,5,3.2,0.75,62.4,2.0,2.0,6.0,2.0,0.3,available,False
2026-09-12,2026-09-12T11:14:05Z,,Hákon Rafn Valdimarsson,Brentford,GKP,4.5,3.398,3.381,16.91,5,3.4,0.3,72.0,0.0,0.0,0.0,0.0,0.1,available,False
2026-09-12,2026-09-12T11:14:05Z,,Nilson Angulo,Sunderland,MID,5.0,3.377,3.374,16.87,5,3.2,0.59,52.0,3.3,3.3,10.0,3.3,0.1,available,False
2026-09-12,2026-09-12T11:14:05Z,,Tyler Fredricson,Man Utd,DEF,4.0,3.371,3.367,16.83,5,3.2,0.0,83.0,0.0,0.0,0.0,0.0,0.0,unavailable,True
2026-09-12,2026-09-12T11:14:05Z,,Dean Henderson,Crystal Palace,GKP,5.0,3.356,3.373,16.86,5,2.6,1.0,90.0,1.7,1.7,5.0,1.7,2.2,available,False
2026-09-12,2026-09-12T11:14:05Z,,Nick Pope,Newcastle,GKP,4.9,3.351,3.361,16.8,5,2.6,1.0,90.0,0.0,0.0,0.0,0.0,1.0,available,False
2026-09-12,2026-09-12T11:14:05Z,,Jacob Ramsey,Newcastle,MID,4.9,3.336,3.351,16.76,5,2.6,0.58,57.4,2.3,2.3,7.0,2.3,0.4,available,False
2026-09-12,2026-09-12T11:14:05Z,,Liam Delap,Nott'm Forest,FWD,5.5,3.327,3.32,16.6,5,3.0,0.54,61.8,1.0,1.5,3.0,1.0,0.9,available,False
2026-09-12,2026-09-12T11:14:05Z,,Jeremie Frimpong,Liverpool,DEF,5.4,3.32,3.338,16.69,5,2.8,0.6,56.8,0.3,0.5,1.0,0.3,2.2,available,False
2026-09-12,2026-09-12T11:14:05Z,,Jørgen Strand Larsen,Crystal Palace,FWD,6.0,3.318,3.36,16.8,5,2.6,0.65,48.2,1.3,1.3,4.0,1.3,0.6,available,False
2026-09-12,2026-09-12T11:14:05Z,,Loum Tchaouna,Coventry City,MID,5.4,3.286,3.339,16.7,5,2.4,0.68,70.0,1.3,1.3,4.0,1.3,0.1,available,False
2026-09-12,2026-09-12T11:14:05Z,,Giorgi Mamardashvili,Liverpool,GKP,4.9,3.284,3.294,16.47,5,2.8,1.0,83.6,0.0,0.0,0.0,0.0,0.1,available,False
2026-09-12,2026-09-12T11:14:05Z,,Illan Meslier,Arsenal,GKP,4.9,3.282,3.286,16.43,5,2.8,1.0,90.0,0.0,0.0,0.0,0.0,0.0,available,False
2026-09-12,2026-09-12T11:14:05Z,,Bernd Leno,Fulham,GKP,4.5,3.282,3.285,16.42,5,2.8,1.0,90.0,2.0,2.0,6.0,2.0,2.9,available,False
2026-09-12,2026-09-12T11:14:05Z,,Freddie Woodman,Liverpool,GKP,4.0,3.265,3.275,16.37,5,2.8,0.68,78.4,0.0,0.0,0.0,0.0,1.0,available,False
2026-09-12,2026-09-12T11:14:05Z,,Chemsdine Talbi,Sunderland,MID,5.4,3.26,3.254,16.27,5,3.2,0.74,74.0,0.3,1.0,1.0,0.3,0.1,available,False
2026-09-12,2026-09-12T11:14:05Z,,Noni Madueke,Arsenal,MID,6.3,3.222,3.229,16.15,5,2.8,0.61,47.0,0.7,1.0,2.0,0.7,0.2,available,False
2026-09-12,2026-09-12T11:14:05Z,,Archie Gray,Spurs,MID,5.0,3.195,3.192,15.96,5,3.2,0.94,83.0,1.3,2.0,4.0,1.3,0.2,available,False
2026-09-12,2026-09-12T11:14:05Z,,Evann Guessand,Crystal Palace,MID,5.5,3.193,3.225,16.12,5,2.6,0.56,53.0,0.7,1.0,2.0,0.7,0.0,available,False
2026-09-12,2026-09-12T11:14:05Z,,Matz Sels,Nott'm Forest,GKP,5.0,3.187,3.184,15.92,5,3.0,0.99,90.0,3.0,3.0,9.0,3.0,1.4,available,False
2026-09-12,2026-09-12T11:14:05Z,,Robin Roefs,Sunderland,GKP,5.0,3.17,3.168,15.84,5,3.2,1.0,90.0,3.0,3.0,9.0,3.0,2.8,available,False
2026-09-12,2026-09-12T11:14:05Z,,Melker Ellborg,Sunderland,GKP,4.5,3.164,3.162,15.81,5,3.2,1.0,90.0,0.0,0.0,0.0,0.0,0.1,available,False
2026-09-12,2026-09-12T11:14:05Z,,Alex Palmer,Ipswich Town,GKP,4.0,3.151,3.142,15.71,5,3.2,1.0,90.0,0.0,0.0,0.0,0.0,4.2,available,False
2026-09-12,2026-09-12T11:14:05Z,,Altay Bayındır,Man Utd,GKP,4.5,3.148,3.144,15.72,5,3.2,0.0,90.0,0.0,0.0,0.0,0.0,0.0,unavailable,True
2026-09-12,2026-09-12T11:14:05Z,,Mark Travers,Everton,GKP,5.0,3.144,3.135,15.67,5,3.2,1.0,90.0,0.0,0.0,0.0,0.0,0.0,available,False
2026-09-12,2026-09-12T11:14:05Z,,Karl Darlow,Man Utd,GKP,4.5,3.143,3.139,15.7,5,3.2,1.0,90.0,0.0,0.0,0.0,0.0,0.0,available,False
2026-09-12,2026-09-12T11:14:05Z,,Antonín Kinský,Spurs,GKP,4.5,3.142,3.14,15.7,5,3.2,1.0,90.0,3.0,3.0,9.0,3.0,18.1,available,False
2026-09-12,2026-09-12T11:14:05Z,,Bart Verbruggen,Brighton,GKP,4.5,3.142,3.132,15.66,5,3.2,1.0,90.0,3.0,3.0,9.0,3.0,22.3,available,False
2026-09-12,2026-09-12T11:14:05Z,,Christian Walton,Ipswich Town,GKP,4.4,3.141,3.132,15.66,5,3.2,1.0,90.0,0.0,0.0,0.0,0.0,0.4,available,False
2026-09-12,2026-09-12T11:14:05Z,,Martin Ødegaard,Arsenal,MID,6.7,3.141,3.157,15.79,5,2.8,0.51,52.2,8.0,8.0,24.0,8.0,18.6,available,False
2026-09-12,2026-09-12T11:14:05Z,,Habib Diarra,Sunderland,MID,5.4,3.136,3.13,15.65,5,3.2,0.0,55.2,0.0,2.5,5.0,1.7,0.0,injured,True
2026-09-12,2026-09-12T11:14:05Z,,Martin Dúbravka,Spurs,GKP,4.0,3.135,3.133,15.66,5,3.2,1.0,90.0,0.0,0.0,0.0,0.0,18.0,available,False
2026-09-12,2026-09-12T11:14:05Z,,Senne Lammens,Man Utd,GKP,5.0,3.134,3.13,15.65,5,3.2,1.0,90.0,1.7,1.7,5.0,1.7,11.1,available,False
2026-09-12,2026-09-12T11:14:05Z,,Guglielmo Vicario,Spurs,GKP,4.5,3.133,3.131,15.65,5,3.2,0.0,90.0,0.0,0.0,0.0,0.0,0.2,unavailable,True
2026-09-12,2026-09-12T11:14:05Z,,Gianluigi Donnarumma,Man City,GKP,5.5,3.131,3.123,15.61,5,3.2,1.0,90.0,3.3,3.3,10.0,3.3,7.5,available,False
2026-09-12,2026-09-12T11:14:05Z,,Marco Bizot,Aston Villa,GKP,4.5,3.129,3.125,15.63,5,3.2,0.81,81.0,0.3,1.0,1.0,0.3,0.1,available,False
2026-09-12,2026-09-12T11:14:05Z,,Jason Steele,Brighton,GKP,4.0,3.128,3.118,15.59,5,3.2,1.0,90.0,0.0,0.0,0.0,0.0,4.3,available,False
2026-09-12,2026-09-12T11:14:05Z,,Jordan Pickford,Everton,GKP,5.5,3.126,3.117,15.58,5,3.2,1.0,90.0,3.7,3.7,11.0,3.7,8.6,available,False
2026-09-12,2026-09-12T11:14:05Z,,Chiedozie Ogbene,Ipswich Town,MID,4.9,3.111,3.099,15.49,5,3.2,0.0,54.4,0.0,0.0,0.0,0.0,0.0,unavailable,True
2026-09-12,2026-09-12T11:14:05Z,,James Trafford,Leeds,GKP,5.0,3.103,3.094,15.47,5,3.4,1.0,90.0,5.0,5.0,15.0,5.0,5.4,available,False
2026-09-12,2026-09-12T11:14:05Z,,Fraser Forster,Bournemouth,GKP,4.0,3.083,3.074,15.37,5,3.4,1.0,90.0,0.0,0.0,0.0,0.0,3.6,available,False
2026-09-12,2026-09-12T11:14:05Z,,Đorđe Petrović,Bournemouth,GKP,4.5,3.08,3.071,15.36,5,3.4,1.0,90.0,2.0,2.0,6.0,2.0,3.2,available,False
2026-09-12,2026-09-12T11:14:05Z,,Borna Sosa,Crystal Palace,DEF,4.5,3.032,3.052,15.26,5,2.6,0.0,58.4,0.0,0.0,0.0,0.0,0.0,unavailable,True
2026-09-12,2026-09-12T11:14:05Z,,Rio Ngumoha,Liverpool,MID,5.8,3.031,3.054,15.27,5,2.8,0.45,51.8,1.0,1.5,3.0,1.0,0.6,available,False
2026-09-12,2026-09-12T11:14:05Z,,Wilson Odobert,Spurs,MID,5.5,3.028,3.02,15.1,5,3.2,0.0,53.2,0.0,0.0,0.0,0.0,0.0,injured,True
2026-09-12,2026-09-12T11:14:05Z,,Omari Hutchinson,Nott'm Forest,MID,5.4,2.925,2.919,14.6,5,3.0,0.0,52.2,0.0,0.0,0.0,0.0,0.1,unavailable,True
2026-09-12,2026-09-12T11:14:05Z,,Harrison Armstrong,Everton,MID,5.0,2.918,2.907,14.53,5,3.2,0.65,52.6,3.7,3.7,11.0,3.7,0.4,available,False
2026-09-12,2026-09-12T11:14:05Z,,Mason Mount,Man Utd,MID,5.4,2.861,2.856,14.28,5,3.2,0.62,54.0,0.0,0.0,0.0,0.0,0.0,available,False
2026-09-12,2026-09-12T11:14:05Z,,Miloš Kerkez,Liverpool,DEF,5.4,2.837,2.851,14.26,5,2.8,0.57,47.8,2.0,2.0,6.0,2.0,2.7,available,False
2026-09-12,2026-09-12T11:14:05Z,,Will Hughes,Crystal Palace,MID,4.5,2.79,2.81,14.05,5,2.6,0.74,53.0,0.3,1.0,1.0,0.3,8.4,available,False
2026-09-12,2026-09-12T11:14:05Z,,Justin Kluivert,Bournemouth,MID,6.0,2.758,2.732,13.66,5,3.4,0.58,57.2,2.3,2.3,7.0,2.3,1.0,available,False
2026-09-12,2026-09-12T11:14:05Z,,Chris Wood,Nott'm Forest,FWD,5.9,2.756,2.747,13.73,5,3.0,0.65,55.0,0.7,1.0,2.0,0.7,1.0,available,False
2026-09-12,2026-09-12T11:14:05Z,,Joe Willock,Newcastle,MID,5.0,2.734,2.752,13.76,5,2.6,0.54,58.6,3.7,3.7,11.0,3.7,0.5,available,False
2026-09-12,2026-09-12T11:14:05Z,,Estêvão,Chelsea,MID,6.4,2.73,2.753,13.76,5,2.8,0.69,54.0,0.7,1.0,2.0,0.7,0.7,available,False
2026-09-12,2026-09-12T11:14:05Z,,Ross Barkley,Aston Villa,MID,5.0,2.666,2.66,13.3,5,3.2,0.49,59.2,2.3,2.3,7.0,2.3,0.3,available,False
2026-09-12,2026-09-12T11:14:05Z,,Amad Diallo,Man Utd,MID,5.8,2.594,2.587,12.94,5,3.2,0.0,53.0,0.0,0.0,0.0,0.0,0.4,injured,True
2026-09-12,2026-09-12T11:14:05Z,,Neto,Chelsea,MID,6.5,2.591,2.6,13.0,5,2.8,1.0,90.0,3.3,3.3,10.0,3.3,1.4,available,False
2026-09-12,2026-09-12T11:14:05Z,,Tyler Dibling,Everton,MID,5.4,2.564,2.552,12.76,5,3.2,0.54,51.4,0.0,0.0,0.0,0.0,0.0,available,False
2026-09-12,2026-09-12T11:14:05Z,,Viktor Gyökeres,Arsenal,FWD,7.2,2.541,2.551,12.76,5,2.8,0.54,48.2,0.3,1.0,1.0,0.3,3.7,available,False
2026-09-12,2026-09-12T11:14:05Z,,Jacob Murphy,Newcastle,MID,5.9,2.485,2.504,12.52,5,2.6,0.59,47.6,0.7,0.7,2.0,0.7,0.1,available,False
2026-09-12,2026-09-12T11:14:05Z,,Harvey Barnes,Newcastle,MID,6.0,2.408,2.434,12.17,5,2.6,0.46,48.0,5.7,5.7,17.0,5.7,2.6,available,False
2026-09-12,2026-09-12T11:14:05Z,,Matt Targett,Hull City,DEF,4.0,2.388,2.377,11.88,5,3.2,0.36,49.8,0.3,1.0,1.0,0.3,1.9,available,False
2026-09-12,2026-09-12T11:14:05Z,,Callum Hudson-Odoi,Nott'm Forest,MID,5.9,2.355,2.348,11.74,5,3.0,0.77,56.4,0.3,1.0,1.0,0.3,0.2,available,False
2026-09-12,2026-09-12T11:14:05Z,,Dilane Bakwa,Nott'm Forest,MID,5.5,2.335,2.328,11.64,5,3.0,0.0,45.8,0.0,0.0,0.0,0.0,0.0,unavailable,True
2026-09-12,2026-09-12T11:14:05Z,,Ilia Gruev,Leeds,MID,5.0,2.187,2.174,10.87,5,3.4,0.16,57.6,0.0,0.0,0.0,0.0,0.0,doubtful,False
2026-09-12,2026-09-12T11:14:05Z,,Jack Taylor,Ipswich Town,MID,4.5,2.158,2.147,10.73,5,3.2,0.0,58.6,0.0,0.0,0.0,0.0,0.0,injured,True
2026-09-12,2026-09-12T11:14:05Z,,Jordan Henderson,Chelsea,MID,4.9,2.108,2.122,10.61,5,2.8,0.0,56.0,0.0,0.0,0.0,0.0,0.0,injured,True
2026-09-12,2026-09-12T11:14:05Z,,Ethan Nwaneri,Arsenal,MID,5.4,2.033,2.039,10.19,5,2.8,0.0,46.0,0.0,0.0,0.0,0.0,0.0,unavailable,True
2026-09-12,2026-09-12T11:14:05Z,,Tom Cairney,Fulham,MID,5.0,1.946,1.95,9.75,5,2.8,0.0,51.2,0.0,0.0,0.0,0.0,0.0,injured,True
