snapshot_date,snapshot_ts,match_date,league,match,market,odds
2026-08-15,2026-08-15T16:51:02,2026-08-15,Argentina Primera Division,Aldosivi Mar del Plata vs CA Tigre BA,over15,1.67
2026-08-15,2026-08-15T16:51:02,2026-08-15,Argentina Primera Division,Aldosivi Mar del Plata vs CA Tigre BA,over25,3.15
2026-08-15,2026-08-15T16:51:02,2026-08-15,Argentina Primera Division,Aldosivi Mar del Plata vs CA Tigre BA,under25,1.35
2026-08-15,2026-08-15T16:51:02,2026-08-15,USA MLS,Atlanta United FC vs New York Red Bulls,over25,1.36
2026-08-15,2026-08-15T16:51:02,2026-08-15,USA MLS,Atlanta United FC vs New York Red Bulls,over35,2.03
2026-08-15,2026-08-15T16:51:02,2026-08-15,USA MLS,Atlanta United FC vs New York Red Bulls,under25,2.8
2026-08-15,2026-08-15T16:51:02,2026-08-15,Mexico Liga MX,Atlante FC vs Toluca,over25,1.57
2026-08-15,2026-08-15T16:51:02,2026-08-15,Mexico Liga MX,Atlante FC vs Toluca,under25,2.2
2026-08-15,2026-08-15T16:51:02,2026-08-15,Brazil Serie A,Atletico Paranaense vs Bragantino-SP,over25,2.2
2026-08-15,2026-08-15T16:51:02,2026-08-15,Brazil Serie A,Atletico Paranaense vs Bragantino-SP,under25,1.62
2026-08-15,2026-08-15T16:51:02,2026-08-15,Argentina Primera Division,Belgrano de Cordoba vs Independiente Rivadavia,over15,1.49
2026-08-15,2026-08-15T16:51:02,2026-08-15,Argentina Primera Division,Belgrano de Cordoba vs Independiente Rivadavia,over25,2.58
2026-08-15,2026-08-15T16:51:02,2026-08-15,Argentina Primera Division,Belgrano de Cordoba vs Independiente Rivadavia,under25,1.49
2026-08-15,2026-08-15T16:51:02,2026-08-15,USA MLS,CF Montreal vs D.C. United,over25,1.71
2026-08-15,2026-08-15T16:51:02,2026-08-15,USA MLS,CF Montreal vs D.C. United,under25,2.24
2026-08-15,2026-08-15T16:51:02,2026-08-15,USA MLS,Charlotte FC vs Columbus Crew SC,over25,1.76
2026-08-15,2026-08-15T16:51:02,2026-08-15,USA MLS,Charlotte FC vs Columbus Crew SC,under25,2.16
2026-08-15,2026-08-15T16:51:02,2026-08-15,Argentina Primera Division,Estudiantes vs Gimnasia La Plata,over15,1.53
2026-08-15,2026-08-15T16:51:02,2026-08-15,Argentina Primera Division,Estudiantes vs Gimnasia La Plata,over25,2.62
2026-08-15,2026-08-15T16:51:02,2026-08-15,Argentina Primera Division,Estudiantes vs Gimnasia La Plata,under25,1.47
2026-08-15,2026-08-15T16:51:02,2026-08-15,Brazil Serie A,Fluminense vs Palmeiras,over25,2.23
2026-08-15,2026-08-15T16:51:02,2026-08-15,Brazil Serie A,Fluminense vs Palmeiras,under25,1.68
2026-08-15,2026-08-15T16:51:02,2026-08-15,Argentina Primera Division,Newells Old Boys vs Deportivo Riestra,over15,1.65
2026-08-15,2026-08-15T16:51:02,2026-08-15,Argentina Primera Division,Newells Old Boys vs Deportivo Riestra,over25,3.15
2026-08-15,2026-08-15T16:51:02,2026-08-15,Argentina Primera Division,Newells Old Boys vs Deportivo Riestra,under25,1.35
2026-08-15,2026-08-15T16:51:02,2026-08-15,USA MLS,Orlando City SC vs FC Cincinnati,over25,1.3
2026-08-15,2026-08-15T16:51:02,2026-08-15,USA MLS,Orlando City SC vs FC Cincinnati,over35,1.76
2026-08-15,2026-08-15T16:51:02,2026-08-15,USA MLS,Orlando City SC vs FC Cincinnati,under25,3.3
2026-08-15,2026-08-15T16:51:02,2026-08-15,Argentina Primera Division,San Lorenzo vs Union Santa Fe,over15,1.51
2026-08-15,2026-08-15T16:51:02,2026-08-15,Argentina Primera Division,San Lorenzo vs Union Santa Fe,over25,2.5
2026-08-15,2026-08-15T16:51:02,2026-08-15,Argentina Primera Division,San Lorenzo vs Union Santa Fe,under25,1.53
2026-08-15,2026-08-15T16:51:02,2026-08-15,Austrian Bundesliga,Sturm Graz vs Rheindorf Altach,over25,1.67
2026-08-15,2026-08-15T16:51:02,2026-08-15,Austrian Bundesliga,Sturm Graz vs Rheindorf Altach,under25,2.17
2026-08-15,2026-08-15T16:51:02,2026-08-15,USA MLS,Toronto FC vs New England Revolution,over25,1.62
2026-08-15,2026-08-15T16:51:02,2026-08-15,USA MLS,Toronto FC vs New England Revolution,under25,2.2
2026-08-15,2026-08-15T16:51:02,2026-08-16,Finland Veikkausliiga,AC Oulu vs FC Inter Turku,over25,1.89
2026-08-15,2026-08-15T16:51:02,2026-08-16,Finland Veikkausliiga,AC Oulu vs FC Inter Turku,under25,1.77
2026-08-15,2026-08-15T16:51:02,2026-08-16,Norway Eliteserien,Aalesund vs Vålerenga,over25,1.41
2026-08-15,2026-08-15T16:51:02,2026-08-16,Norway Eliteserien,Aalesund vs Vålerenga,over35,1.87
2026-08-15,2026-08-15T16:51:02,2026-08-16,Norway Eliteserien,Aalesund vs Vålerenga,under25,2.85
2026-08-15,2026-08-15T16:51:02,2026-08-16,Mexico Liga MX,América vs Atlético San Luis,over25,1.57
2026-08-15,2026-08-15T16:51:02,2026-08-16,Mexico Liga MX,América vs Atlético San Luis,under25,2.2
2026-08-15,2026-08-15T16:51:02,2026-08-16,Mexico Liga MX,Atlas vs Tigres,over25,2.11
2026-08-15,2026-08-15T16:51:02,2026-08-16,Mexico Liga MX,Atlas vs Tigres,under25,1.69
2026-08-15,2026-08-15T16:51:02,2026-08-16,Brazil Serie A,Atletico Mineiro vs Grêmio,over25,2.0
2026-08-15,2026-08-15T16:51:02,2026-08-16,Brazil Serie A,Atletico Mineiro vs Grêmio,under25,1.75
2026-08-15,2026-08-15T16:51:02,2026-08-16,Argentina Primera Division,Barracas Central vs Rosario Central,over15,1.61
2026-08-15,2026-08-15T16:51:02,2026-08-16,Argentina Primera Division,Barracas Central vs Rosario Central,over25,2.85
2026-08-15,2026-08-15T16:51:02,2026-08-16,Argentina Primera Division,Barracas Central vs Rosario Central,under25,1.41
2026-08-15,2026-08-15T16:51:02,2026-08-16,Argentina Primera Division,Central Córdoba vs Instituto de Córdoba,over15,1.52
2026-08-15,2026-08-15T16:51:02,2026-08-16,Argentina Primera Division,Central Córdoba vs Instituto de Córdoba,over25,2.68
2026-08-15,2026-08-15T16:51:02,2026-08-16,Argentina Primera Division,Central Córdoba vs Instituto de Córdoba,under25,1.46
2026-08-15,2026-08-15T16:51:02,2026-08-16,Brazil Serie A,Chapecoense vs Bahia,over25,1.94
2026-08-15,2026-08-15T16:51:02,2026-08-16,Brazil Serie A,Chapecoense vs Bahia,under25,1.87
2026-08-15,2026-08-15T16:51:02,2026-08-16,USA MLS,Chicago Fire vs Portland Timbers,over25,1.33
2026-08-15,2026-08-15T16:51:02,2026-08-16,USA MLS,Chicago Fire vs Portland Timbers,over35,1.8
2026-08-15,2026-08-15T16:51:02,2026-08-16,USA MLS,Chicago Fire vs Portland Timbers,under25,3.1
2026-08-15,2026-08-15T16:51:02,2026-08-16,USA MLS,Colorado Rapids vs Sporting Kansas City,over25,1.4
2026-08-15,2026-08-15T16:51:02,2026-08-16,USA MLS,Colorado Rapids vs Sporting Kansas City,over35,2.12
2026-08-15,2026-08-15T16:51:02,2026-08-16,USA MLS,Colorado Rapids vs Sporting Kansas City,under25,2.7
2026-08-15,2026-08-15T16:51:02,2026-08-16,Brazil Serie A,Corinthians vs Cruzeiro,over25,2.3
2026-08-15,2026-08-15T16:51:02,2026-08-16,Brazil Serie A,Corinthians vs Cruzeiro,under25,1.57
2026-08-15,2026-08-15T16:51:02,2026-08-16,Sweden Allsvenskan,Degerfors IF vs IFK Goteborg,over25,1.85
2026-08-15,2026-08-15T16:51:02,2026-08-16,Sweden Allsvenskan,Degerfors IF vs IFK Goteborg,under25,1.81
2026-08-15,2026-08-15T16:51:02,2026-08-16,Sweden Allsvenskan,Djurgardens IF vs AIK,over25,1.52
2026-08-15,2026-08-15T16:51:02,2026-08-16,Sweden Allsvenskan,Djurgardens IF vs AIK,over35,2.08
2026-08-15,2026-08-15T16:51:02,2026-08-16,Sweden Allsvenskan,Djurgardens IF vs AIK,under25,2.48
2026-08-15,2026-08-15T16:51:02,2026-08-16,Finland Veikkausliiga,FC Lahti vs KuPS Kuopio,over25,1.79
2026-08-15,2026-08-15T16:51:02,2026-08-16,Finland Veikkausliiga,FC Lahti vs KuPS Kuopio,under25,1.88
2026-08-15,2026-08-15T16:51:02,2026-08-16,Denmark Superliga,FC Nordsjaelland vs Silkeborg IF,over25,1.37
2026-08-15,2026-08-15T16:51:02,2026-08-16,Denmark Superliga,FC Nordsjaelland vs Silkeborg IF,over35,1.86
2026-08-15,2026-08-15T16:51:02,2026-08-16,Denmark Superliga,FC Nordsjaelland vs Silkeborg IF,under25,3.05
2026-08-15,2026-08-15T16:51:02,2026-08-16,Norway Eliteserien,Fredrikstad FK vs Kristiansund BK,over25,1.68
2026-08-15,2026-08-15T16:51:02,2026-08-16,Norway Eliteserien,Fredrikstad FK vs Kristiansund BK,under25,2.02
2026-08-15,2026-08-15T16:51:02,2026-08-16,Sweden Allsvenskan,GAIS vs Malmo FF,over25,1.57
2026-08-15,2026-08-15T16:51:02,2026-08-16,Sweden Allsvenskan,GAIS vs Malmo FF,under25,2.16
2026-08-15,2026-08-15T16:51:02,2026-08-16,Finland Veikkausliiga,HJK Helsinki vs Jaro,over25,1.44
2026-08-15,2026-08-15T16:51:02,2026-08-16,Finland Veikkausliiga,HJK Helsinki vs Jaro,over35,2.0
2026-08-15,2026-08-15T16:51:02,2026-08-16,Finland Veikkausliiga,HJK Helsinki vs Jaro,under25,2.72
2026-08-15,2026-08-15T16:51:02,2026-08-16,Austrian Bundesliga,Hartberg vs Austria Wien,over25,1.99
2026-08-15,2026-08-15T16:51:02,2026-08-16,Austrian Bundesliga,Hartberg vs Austria Wien,under25,1.76
2026-08-15,2026-08-15T16:51:02,2026-08-16,USA MLS,Houston Dynamo vs LA Galaxy,over25,1.62
2026-08-15,2026-08-15T16:51:02,2026-08-16,USA MLS,Houston Dynamo vs LA Galaxy,under25,2.2
2026-08-15,2026-08-15T16:51:02,2026-08-16,Sweden Allsvenskan,IF Brommapojkarna vs Örgryte IS,over25,1.61
2026-08-15,2026-08-15T16:51:02,2026-08-16,Sweden Allsvenskan,IF Brommapojkarna vs Örgryte IS,under25,2.14
2026-08-15,2026-08-15T16:51:02,2026-08-16,Sweden Allsvenskan,Kalmar FF vs Hammarby IF,over25,1.63
2026-08-15,2026-08-15T16:51:02,2026-08-16,Sweden Allsvenskan,Kalmar FF vs Hammarby IF,under25,2.08
2026-08-15,2026-08-15T16:51:02,2026-08-16,USA MLS,Los Angeles FC vs San Diego FC,over25,1.44
2026-08-15,2026-08-15T16:51:02,2026-08-16,USA MLS,Los Angeles FC vs San Diego FC,over35,2.18
2026-08-15,2026-08-15T16:51:02,2026-08-16,USA MLS,Los Angeles FC vs San Diego FC,under25,2.62
2026-08-15,2026-08-15T16:51:02,2026-08-16,Denmark Superliga,Lyngby vs FC Midtjylland,over25,1.55
2026-08-15,2026-08-15T16:51:02,2026-08-16,Denmark Superliga,Lyngby vs FC Midtjylland,over35,2.25
2026-08-15,2026-08-15T16:51:02,2026-08-16,Denmark Superliga,Lyngby vs FC Midtjylland,under25,2.48
2026-08-15,2026-08-15T16:51:02,2026-08-16,Brazil Serie A,Mirassol vs Flamengo,over25,2.0
2026-08-15,2026-08-15T16:51:02,2026-08-16,Brazil Serie A,Mirassol vs Flamengo,under25,1.75
2026-08-15,2026-08-15T16:51:02,2026-08-16,Norway Eliteserien,Molde vs Tromso,over25,1.72
2026-08-15,2026-08-15T16:51:02,2026-08-16,Norway Eliteserien,Molde vs Tromso,under25,1.96
2026-08-15,2026-08-15T16:51:02,2026-08-16,Mexico Liga MX,Monterrey vs FC Juárez,over25,1.5
2026-08-15,2026-08-15T16:51:02,2026-08-16,Mexico Liga MX,Monterrey vs FC Juárez,over35,2.25
2026-08-15,2026-08-15T16:51:02,2026-08-16,Mexico Liga MX,Monterrey vs FC Juárez,under25,2.4
2026-08-15,2026-08-15T16:51:02,2026-08-16,USA MLS,Nashville SC vs Inter Miami CF,over25,1.44
2026-08-15,2026-08-15T16:51:02,2026-08-16,USA MLS,Nashville SC vs Inter Miami CF,over35,2.25
2026-08-15,2026-08-15T16:51:02,2026-08-16,USA MLS,Nashville SC vs Inter Miami CF,under25,2.62
2026-08-15,2026-08-15T16:51:02,2026-08-16,USA MLS,New York City FC vs Philadelphia Union,over25,1.62
2026-08-15,2026-08-15T16:51:02,2026-08-16,USA MLS,New York City FC vs Philadelphia Union,under25,2.2
2026-08-15,2026-08-15T16:51:02,2026-08-16,Denmark Superliga,OB Odense BK vs AC Horsens,over25,1.98
2026-08-15,2026-08-15T16:51:02,2026-08-16,Denmark Superliga,OB Odense BK vs AC Horsens,under25,1.8
2026-08-15,2026-08-15T16:51:02,2026-08-16,Argentina Primera Division,Platense vs Boca Juniors,over15,1.56
2026-08-15,2026-08-15T16:51:02,2026-08-16,Argentina Primera Division,Platense vs Boca Juniors,over25,2.85
2026-08-15,2026-08-15T16:51:02,2026-08-16,Argentina Primera Division,Platense vs Boca Juniors,under25,1.41
2026-08-15,2026-08-15T16:51:02,2026-08-16,Mexico Liga MX,Pumas vs Querétaro,over25,1.72
2026-08-15,2026-08-15T16:51:02,2026-08-16,Mexico Liga MX,Pumas vs Querétaro,under25,2.06
2026-08-15,2026-08-15T16:51:02,2026-08-16,Denmark Superliga,Randers FC vs FC Copenhagen,over25,1.61
2026-08-15,2026-08-15T16:51:02,2026-08-16,Denmark Superliga,Randers FC vs FC Copenhagen,under25,2.27
2026-08-15,2026-08-15T16:51:02,2026-08-16,Austrian Bundesliga,Rapid Wien vs Grazer AK,over25,1.83
2026-08-15,2026-08-15T16:51:02,2026-08-16,Austrian Bundesliga,Rapid Wien vs Grazer AK,under25,1.94
2026-08-15,2026-08-15T16:51:02,2026-08-16,USA MLS,Real Salt Lake vs Minnesota United FC,over25,1.57
2026-08-15,2026-08-15T16:51:02,2026-08-16,USA MLS,Real Salt Lake vs Minnesota United FC,under25,2.25
2026-08-15,2026-08-15T16:51:02,2026-08-16,Argentina Primera Division,River Plate vs Argentinos Juniors,over15,1.52
2026-08-15,2026-08-15T16:51:02,2026-08-16,Argentina Primera Division,River Plate vs Argentinos Juniors,over25,2.62
2026-08-15,2026-08-15T16:51:02,2026-08-16,Argentina Primera Division,River Plate vs Argentinos Juniors,under25,1.47
2026-08-15,2026-08-15T16:51:02,2026-08-16,Norway Eliteserien,SK Brann vs HamKam,over25,1.44
2026-08-15,2026-08-15T16:51:02,2026-08-16,Norway Eliteserien,SK Brann vs HamKam,over35,2.2
2026-08-15,2026-08-15T16:51:02,2026-08-16,Norway Eliteserien,SK Brann vs HamKam,under25,2.75
2026-08-15,2026-08-15T16:51:02,2026-08-16,USA MLS,San Jose Earthquakes vs St. Louis City SC,over25,1.44
2026-08-15,2026-08-15T16:51:02,2026-08-16,USA MLS,San Jose Earthquakes vs St. Louis City SC,over35,2.2
2026-08-15,2026-08-15T16:51:02,2026-08-16,USA MLS,San Jose Earthquakes vs St. Louis City SC,under25,2.5
2026-08-15,2026-08-15T16:51:02,2026-08-16,Brazil Serie A,Sao Paulo vs Coritiba,over25,1.98
2026-08-15,2026-08-15T16:51:02,2026-08-16,Brazil Serie A,Sao Paulo vs Coritiba,under25,1.83
2026-08-15,2026-08-15T16:51:02,2026-08-16,Argentina Primera Division,Sarmiento de Junin vs Atlético Huracán,over15,1.7
2026-08-15,2026-08-15T16:51:02,2026-08-16,Argentina Primera Division,Sarmiento de Junin vs Atlético Huracán,over25,3.05
2026-08-15,2026-08-15T16:51:02,2026-08-16,Argentina Primera Division,Sarmiento de Junin vs Atlético Huracán,under25,1.37
2026-08-15,2026-08-15T16:51:02,2026-08-16,Norway Eliteserien,Sarpsborg FK vs Sandefjord,over25,1.55
2026-08-15,2026-08-15T16:51:02,2026-08-16,Norway Eliteserien,Sarpsborg FK vs Sandefjord,over35,2.04
2026-08-15,2026-08-15T16:51:02,2026-08-16,Norway Eliteserien,Sarpsborg FK vs Sandefjord,under25,2.48
2026-08-15,2026-08-15T16:51:02,2026-08-16,Brazil Serie A,Vasco da Gama vs Santos,over25,2.01
2026-08-15,2026-08-15T16:51:02,2026-08-16,Brazil Serie A,Vasco da Gama vs Santos,under25,1.78
2026-08-15,2026-08-15T16:51:02,2026-08-16,Brazil Serie A,Vitoria vs Botafogo,over25,1.96
2026-08-15,2026-08-15T16:51:02,2026-08-16,Brazil Serie A,Vitoria vs Botafogo,under25,1.82
2026-08-15,2026-08-15T16:51:02,2026-08-16,Austrian Bundesliga,WSG Tirol vs RB Salzburg,over25,1.56
2026-08-15,2026-08-15T16:51:02,2026-08-16,Austrian Bundesliga,WSG Tirol vs RB Salzburg,over35,2.3
2026-08-15,2026-08-15T16:51:02,2026-08-16,Austrian Bundesliga,WSG Tirol vs RB Salzburg,under25,2.38
2026-08-15,2026-08-15T16:51:02,2026-08-17,USA MLS,Austin FC vs FC Dallas,over25,1.62
2026-08-15,2026-08-15T16:51:02,2026-08-17,USA MLS,Austin FC vs FC Dallas,under25,2.15
2026-08-15,2026-08-15T16:51:02,2026-08-17,Sweden Allsvenskan,BK Hacken vs Halmstads BK,over25,1.43
2026-08-15,2026-08-15T16:51:02,2026-08-17,Sweden Allsvenskan,BK Hacken vs Halmstads BK,over35,2.05
2026-08-15,2026-08-15T16:51:02,2026-08-17,Sweden Allsvenskan,BK Hacken vs Halmstads BK,under25,2.75
2026-08-15,2026-08-15T16:51:02,2026-08-17,Denmark Superliga,Brondby IF vs SonderjyskE,over25,1.56
2026-08-15,2026-08-15T16:51:02,2026-08-17,Denmark Superliga,Brondby IF vs SonderjyskE,under25,2.22
2026-08-15,2026-08-15T16:51:02,2026-08-17,Argentina Primera Division,Estudiantes de Río Cuarto vs Atlético Tucuman,over15,1.6
2026-08-15,2026-08-15T16:51:02,2026-08-17,Argentina Primera Division,Estudiantes de Río Cuarto vs Atlético Tucuman,over25,2.95
2026-08-15,2026-08-15T16:51:02,2026-08-17,Argentina Primera Division,Estudiantes de Río Cuarto vs Atlético Tucuman,under25,1.39
2026-08-15,2026-08-15T16:51:02,2026-08-17,Finland Veikkausliiga,IF Gnistan vs Ilves Tampere,over25,1.59
2026-08-15,2026-08-15T16:51:02,2026-08-17,Finland Veikkausliiga,IF Gnistan vs Ilves Tampere,under25,2.31
2026-08-15,2026-08-15T16:51:02,2026-08-17,Brazil Serie A,Internacional vs Remo,over25,1.83
2026-08-15,2026-08-15T16:51:02,2026-08-17,Brazil Serie A,Internacional vs Remo,under25,1.91
2026-08-15,2026-08-15T16:51:02,2026-08-17,Argentina Primera Division,Lanus vs Independiente,over15,1.54
2026-08-15,2026-08-15T16:51:02,2026-08-17,Argentina Primera Division,Lanus vs Independiente,over25,2.82
2026-08-15,2026-08-15T16:51:02,2026-08-17,Argentina Primera Division,Lanus vs Independiente,under25,1.43
2026-08-15,2026-08-15T16:51:02,2026-08-17,Mexico Liga MX,Santos Laguna vs Guadalajara,over25,1.51
2026-08-15,2026-08-15T16:51:02,2026-08-17,Mexico Liga MX,Santos Laguna vs Guadalajara,over35,2.25
2026-08-15,2026-08-15T16:51:02,2026-08-17,Mexico Liga MX,Santos Laguna vs Guadalajara,under25,2.26
2026-08-15,2026-08-15T16:51:02,2026-08-17,USA MLS,Seattle Sounders FC vs Vancouver Whitecaps FC,over25,1.57
2026-08-15,2026-08-15T16:51:02,2026-08-17,USA MLS,Seattle Sounders FC vs Vancouver Whitecaps FC,over35,2.25
2026-08-15,2026-08-15T16:51:02,2026-08-17,USA MLS,Seattle Sounders FC vs Vancouver Whitecaps FC,under25,2.3
2026-08-15,2026-08-15T16:51:02,2026-08-17,Mexico Liga MX,Tijuana vs Cruz Azul,over25,1.81
2026-08-15,2026-08-15T16:51:02,2026-08-17,Mexico Liga MX,Tijuana vs Cruz Azul,under25,1.95
2026-08-15,2026-08-15T16:51:02,2026-08-17,Argentina Primera Division,Velez Sarsfield BA vs Defensa y Justicia,over25,2.33
2026-08-15,2026-08-15T16:51:02,2026-08-17,Argentina Primera Division,Velez Sarsfield BA vs Defensa y Justicia,under25,1.6
2026-08-15,2026-08-15T16:51:02,2026-08-18,Argentina Primera Division,Gimnasia Mendoza vs Talleres,over15,1.6
2026-08-15,2026-08-15T16:51:02,2026-08-18,Argentina Primera Division,Gimnasia Mendoza vs Talleres,over25,2.92
2026-08-15,2026-08-15T16:51:02,2026-08-18,Argentina Primera Division,Gimnasia Mendoza vs Talleres,under25,1.39
2026-08-15,2026-08-15T16:51:02,2026-08-18,Mexico Liga MX,Necaxa vs León,over25,1.68
2026-08-15,2026-08-15T16:51:02,2026-08-18,Mexico Liga MX,Necaxa vs León,under25,2.12
2026-08-15,2026-08-15T16:51:02,2026-08-18,Mexico Liga MX,Pachuca vs Puebla,over25,1.67
2026-08-15,2026-08-15T16:51:02,2026-08-18,Mexico Liga MX,Pachuca vs Puebla,under25,2.0
2026-08-15,2026-08-15T16:51:02,2026-08-18,China Super League,Shanghai Shenhua FC vs Beijing FC,over25,1.4
2026-08-15,2026-08-15T16:51:02,2026-08-18,China Super League,Shanghai Shenhua FC vs Beijing FC,over35,2.0
2026-08-15,2026-08-15T16:51:02,2026-08-18,China Super League,Shanghai Shenhua FC vs Beijing FC,under25,2.75
2026-08-15,2026-08-15T16:51:02,2026-08-19,USA MLS,Columbus Crew SC vs CF Montreal,over25,1.5
2026-08-15,2026-08-15T16:51:02,2026-08-19,USA MLS,Columbus Crew SC vs CF Montreal,over35,2.32
2026-08-15,2026-08-15T16:51:02,2026-08-19,USA MLS,Columbus Crew SC vs CF Montreal,under25,2.45
2026-08-15,2026-08-15T16:51:02,2026-08-19,USA MLS,D.C. United vs New England Revolution,over25,1.77
2026-08-15,2026-08-15T16:51:02,2026-08-19,USA MLS,D.C. United vs New England Revolution,under25,2.15
2026-08-15,2026-08-15T16:51:02,2026-08-19,USA MLS,FC Cincinnati vs New York City FC,over25,1.44
2026-08-15,2026-08-15T16:51:02,2026-08-19,USA MLS,FC Cincinnati vs New York City FC,over35,2.07
2026-08-15,2026-08-15T16:51:02,2026-08-19,USA MLS,FC Cincinnati vs New York City FC,under25,2.62
2026-08-15,2026-08-15T16:51:02,2026-08-19,USA MLS,New York Red Bulls vs Nashville SC,over25,1.5
2026-08-15,2026-08-15T16:51:02,2026-08-19,USA MLS,New York Red Bulls vs Nashville SC,over35,2.26
2026-08-15,2026-08-15T16:51:02,2026-08-19,USA MLS,New York Red Bulls vs Nashville SC,under25,2.45
2026-08-15,2026-08-15T16:51:02,2026-08-19,USA MLS,Orlando City SC vs Chicago Fire,over25,1.35
2026-08-15,2026-08-15T16:51:02,2026-08-19,USA MLS,Orlando City SC vs Chicago Fire,over35,1.9
2026-08-15,2026-08-15T16:51:02,2026-08-19,USA MLS,Orlando City SC vs Chicago Fire,under25,3.0
2026-08-15,2026-08-15T16:51:02,2026-08-19,USA MLS,Philadelphia Union vs Inter Miami CF,over25,1.36
2026-08-15,2026-08-15T16:51:02,2026-08-19,USA MLS,Philadelphia Union vs Inter Miami CF,over35,2.06
2026-08-15,2026-08-15T16:51:02,2026-08-19,USA MLS,Philadelphia Union vs Inter Miami CF,under25,2.88
2026-08-15,2026-08-15T16:51:02,2026-08-19,USA MLS,Toronto FC vs Charlotte FC,over25,1.7
2026-08-15,2026-08-15T16:51:02,2026-08-19,USA MLS,Toronto FC vs Charlotte FC,under25,2.27
2026-08-15,2026-08-15T16:51:02,2026-08-20,USA MLS,Colorado Rapids vs Los Angeles FC,over25,1.68
2026-08-15,2026-08-15T16:51:02,2026-08-20,USA MLS,Colorado Rapids vs Los Angeles FC,under25,2.3
2026-08-15,2026-08-15T16:51:02,2026-08-20,USA MLS,LA Galaxy vs San Jose Earthquakes,over25,1.44
2026-08-15,2026-08-15T16:51:02,2026-08-20,USA MLS,LA Galaxy vs San Jose Earthquakes,over35,2.13
2026-08-15,2026-08-15T16:51:02,2026-08-20,USA MLS,LA Galaxy vs San Jose Earthquakes,under25,2.6
2026-08-15,2026-08-15T16:51:02,2026-08-20,USA MLS,Minnesota United FC vs Atlanta United FC,over25,1.73
2026-08-15,2026-08-15T16:51:02,2026-08-20,USA MLS,Minnesota United FC vs Atlanta United FC,under25,2.22
2026-08-15,2026-08-15T16:51:02,2026-08-20,USA MLS,Portland Timbers vs San Diego FC,over25,1.35
2026-08-15,2026-08-15T16:51:02,2026-08-20,USA MLS,Portland Timbers vs San Diego FC,over35,1.82
2026-08-15,2026-08-15T16:51:02,2026-08-20,USA MLS,Portland Timbers vs San Diego FC,under25,3.0
2026-08-15,2026-08-15T16:51:02,2026-08-20,USA MLS,Real Salt Lake vs FC Dallas,over25,1.5
2026-08-15,2026-08-15T16:51:02,2026-08-20,USA MLS,Real Salt Lake vs FC Dallas,over35,2.24
2026-08-15,2026-08-15T16:51:02,2026-08-20,USA MLS,Real Salt Lake vs FC Dallas,under25,2.45
2026-08-15,2026-08-15T16:51:02,2026-08-20,USA MLS,Seattle Sounders FC vs Austin FC,over25,1.68
2026-08-15,2026-08-15T16:51:02,2026-08-20,USA MLS,Seattle Sounders FC vs Austin FC,under25,2.29
2026-08-15,2026-08-15T16:51:02,2026-08-20,USA MLS,Sporting Kansas City vs St. Louis City SC,over25,1.44
2026-08-15,2026-08-15T16:51:02,2026-08-20,USA MLS,Sporting Kansas City vs St. Louis City SC,over35,2.22
2026-08-15,2026-08-15T16:51:02,2026-08-20,USA MLS,Sporting Kansas City vs St. Louis City SC,under25,2.5
2026-08-15,2026-08-15T16:51:02,2026-08-20,USA MLS,Vancouver Whitecaps FC vs Houston Dynamo,over25,1.44
2026-08-15,2026-08-15T16:51:02,2026-08-20,USA MLS,Vancouver Whitecaps FC vs Houston Dynamo,over35,2.23
2026-08-15,2026-08-15T16:51:02,2026-08-20,USA MLS,Vancouver Whitecaps FC vs Houston Dynamo,under25,2.5
2026-08-15,2026-08-15T16:51:02,2026-08-21,Argentina Primera Division,Aldosivi Mar del Plata vs Union Santa Fe,over15,1.48
2026-08-15,2026-08-15T16:51:02,2026-08-21,Argentina Primera Division,Aldosivi Mar del Plata vs Union Santa Fe,over25,2.5
2026-08-15,2026-08-15T16:51:02,2026-08-21,Argentina Primera Division,Aldosivi Mar del Plata vs Union Santa Fe,under25,1.53
2026-08-15,2026-08-15T16:51:02,2026-08-21,Ireland Premier Division,Bohemians vs Derry City,over25,1.95
2026-08-15,2026-08-15T16:51:02,2026-08-21,Ireland Premier Division,Bohemians vs Derry City,under25,1.75
2026-08-15,2026-08-15T16:51:02,2026-08-21,Ireland Premier Division,Drogheda United vs St Patricks Athletic,over25,1.9
2026-08-15,2026-08-15T16:51:02,2026-08-21,Ireland Premier Division,Drogheda United vs St Patricks Athletic,under25,1.8
2026-08-15,2026-08-15T16:51:02,2026-08-21,Ireland Premier Division,Dundalk vs Galway United,over25,1.58
2026-08-15,2026-08-15T16:51:02,2026-08-21,Ireland Premier Division,Dundalk vs Galway United,over35,2.4
2026-08-15,2026-08-15T16:51:02,2026-08-21,Ireland Premier Division,Dundalk vs Galway United,under25,2.22
2026-08-15,2026-08-15T16:51:02,2026-08-21,Argentina Primera Division,Estudiantes de Río Cuarto vs San Lorenzo,over15,1.67
2026-08-15,2026-08-15T16:51:02,2026-08-21,Argentina Primera Division,Estudiantes de Río Cuarto vs San Lorenzo,over25,2.95
2026-08-15,2026-08-15T16:51:02,2026-08-21,Argentina Primera Division,Estudiantes de Río Cuarto vs San Lorenzo,under25,1.39
2026-08-15,2026-08-15T16:51:02,2026-08-21,Japan J-League,FC Tokyo vs JEF United Chiba,over25,1.89
2026-08-15,2026-08-15T16:51:02,2026-08-21,Japan J-League,FC Tokyo vs JEF United Chiba,under25,1.92
2026-08-15,2026-08-15T16:51:02,2026-08-21,Japan J-League,Kashiwa Reysol vs V-Varen Nagasaki,over25,1.85
2026-08-15,2026-08-15T16:51:02,2026-08-21,Japan J-League,Kashiwa Reysol vs V-Varen Nagasaki,under25,1.96
2026-08-15,2026-08-15T16:51:02,2026-08-21,Ireland Premier Division,Shamrock Rovers vs Shelbourne Dublin,over25,1.92
2026-08-15,2026-08-15T16:51:02,2026-08-21,Ireland Premier Division,Shamrock Rovers vs Shelbourne Dublin,under25,1.89
2026-08-15,2026-08-15T16:51:02,2026-08-21,Ireland Premier Division,Sligo Rovers vs Waterford FC,over25,1.62
2026-08-15,2026-08-15T16:51:02,2026-08-21,Ireland Premier Division,Sligo Rovers vs Waterford FC,under25,2.15
2026-08-15,2026-08-15T16:51:02,2026-08-22,Japan J-League,Cerezo Osaka vs Shimizu S Pulse,over25,1.82
2026-08-15,2026-08-15T16:51:02,2026-08-22,Japan J-League,Cerezo Osaka vs Shimizu S Pulse,under25,2.0
2026-08-15,2026-08-15T16:51:02,2026-08-22,Mexico Liga MX,FC Juárez vs América,over25,1.75
2026-08-15,2026-08-15T16:51:02,2026-08-22,Mexico Liga MX,FC Juárez vs América,under25,1.95
2026-08-15,2026-08-15T16:51:02,2026-08-22,Japan J-League,Fagiano Okayama vs Tokyo Verdy,over25,2.52
2026-08-15,2026-08-15T16:51:02,2026-08-22,Japan J-League,Fagiano Okayama vs Tokyo Verdy,under25,1.46
2026-08-15,2026-08-15T16:51:02,2026-08-22,Japan J-League,Hiroshima Sanfrecce FC vs Kawasaki Frontale,over25,1.62
2026-08-15,2026-08-15T16:51:02,2026-08-22,Japan J-League,Hiroshima Sanfrecce FC vs Kawasaki Frontale,under25,2.15
2026-08-15,2026-08-15T16:51:02,2026-08-22,Japan J-League,Kashima Antlers vs Avispa Fukuoka,over25,2.32
2026-08-15,2026-08-15T16:51:02,2026-08-22,Japan J-League,Kashima Antlers vs Avispa Fukuoka,under25,1.52
2026-08-15,2026-08-15T16:51:02,2026-08-22,Japan J-League,Kyoto Purple Sanga vs Mito HollyHock,over25,2.18
2026-08-15,2026-08-15T16:51:02,2026-08-22,Japan J-League,Kyoto Purple Sanga vs Mito HollyHock,under25,1.62
2026-08-15,2026-08-15T16:51:02,2026-08-22,Japan J-League,Nagoya Grampus vs Gamba Osaka,over25,1.87
2026-08-15,2026-08-15T16:51:02,2026-08-22,Japan J-League,Nagoya Grampus vs Gamba Osaka,under25,1.95
2026-08-15,2026-08-15T16:51:02,2026-08-22,China Super League,Qingdao West Coast FC vs Shandong Luneng Taishan FC,over25,1.55
2026-08-15,2026-08-15T16:51:02,2026-08-22,China Super League,Qingdao West Coast FC vs Shandong Luneng Taishan FC,under25,2.28
2026-08-15,2026-08-15T16:51:02,2026-08-22,China Super League,Shenzhen Peng City FC vs Zhejiang,over25,1.5
2026-08-15,2026-08-15T16:51:02,2026-08-22,China Super League,Shenzhen Peng City FC vs Zhejiang,over35,2.29
2026-08-15,2026-08-15T16:51:02,2026-08-22,China Super League,Shenzhen Peng City FC vs Zhejiang,under25,2.4
2026-08-15,2026-08-15T16:51:02,2026-08-22,Mexico Liga MX,Tigres vs Atlante FC,over25,1.55
2026-08-15,2026-08-15T16:51:02,2026-08-22,Mexico Liga MX,Tigres vs Atlante FC,over35,2.3
2026-08-15,2026-08-15T16:51:02,2026-08-22,Mexico Liga MX,Tigres vs Atlante FC,under25,2.2
2026-08-15,2026-08-15T16:51:02,2026-08-22,China Super League,Wuhan Three Towns vs Tianjin Jinmen Tiger FC,over25,1.76
2026-08-15,2026-08-15T16:51:02,2026-08-22,China Super League,Wuhan Three Towns vs Tianjin Jinmen Tiger FC,under25,2.03
2026-08-15,2026-08-15T16:51:02,2026-08-22,Japan J-League,Yokohama F Marinos vs Vissel Kobe,over25,2.1
2026-08-15,2026-08-15T16:51:02,2026-08-22,Japan J-League,Yokohama F Marinos vs Vissel Kobe,under25,1.75
2026-08-15,2026-08-15T17:13:39,2026-08-15,Argentina Primera Division,Aldosivi Mar del Plata vs CA Tigre BA,over25,3.2
2026-08-15,2026-08-15T17:13:39,2026-08-15,Argentina Primera Division,Aldosivi Mar del Plata vs CA Tigre BA,under25,1.34
2026-08-15,2026-08-15T17:13:39,2026-08-15,USA MLS,Atlanta United FC vs New York Red Bulls,over35,2.01
2026-08-15,2026-08-15T17:13:39,2026-08-15,USA MLS,Charlotte FC vs Columbus Crew SC,over25,1.75
2026-08-15,2026-08-15T17:13:39,2026-08-15,USA MLS,Charlotte FC vs Columbus Crew SC,under25,2.18
2026-08-15,2026-08-15T17:13:39,2026-08-15,USA MLS,Orlando City SC vs FC Cincinnati,over25,1.25
2026-08-15,2026-08-15T17:13:39,2026-08-15,USA MLS,Orlando City SC vs FC Cincinnati,under25,3.5
2026-08-15,2026-08-15T17:13:39,2026-08-15,Austrian Bundesliga,Sturm Graz vs Rheindorf Altach,over25,1.72
2026-08-15,2026-08-15T17:13:39,2026-08-15,Austrian Bundesliga,Sturm Graz vs Rheindorf Altach,under25,2.08
2026-08-15,2026-08-15T17:13:39,2026-08-16,Sweden Allsvenskan,Djurgardens IF vs AIK,over35,1.97
2026-08-15,2026-08-15T17:13:39,2026-08-16,Norway Eliteserien,Molde vs Tromso,over15,1.2
2026-08-15,2026-08-15T17:13:39,2026-08-16,Brazil Serie A,Sao Paulo vs Coritiba,over25,2.07
2026-08-15,2026-08-15T17:13:39,2026-08-16,Brazil Serie A,Sao Paulo vs Coritiba,under25,1.76
2026-08-15,2026-08-15T17:13:39,2026-08-20,USA MLS,Colorado Rapids vs Los Angeles FC,over25,1.67
2026-08-15,2026-08-15T17:13:39,2026-08-20,USA MLS,Colorado Rapids vs Los Angeles FC,under25,2.31
2026-08-15,2026-08-15T17:40:51,2026-08-15,USA MLS,Atlanta United FC vs New York Red Bulls,over35,2.03
2026-08-15,2026-08-15T17:40:51,2026-08-15,USA MLS,Orlando City SC vs FC Cincinnati,over35,1.71
2026-08-15,2026-08-15T17:40:51,2026-08-16,Sweden Allsvenskan,Djurgardens IF vs AIK,over35,2.07
2026-08-15,2026-08-15T17:40:51,2026-08-16,Mexico Liga MX,Monterrey vs FC Juárez,over35,2.24
2026-08-15,2026-08-15T17:40:51,2026-08-16,Argentina Primera Division,River Plate vs Argentinos Juniors,over15,1.53
2026-08-15,2026-08-15T17:40:51,2026-08-20,USA MLS,Minnesota United FC vs Atlanta United FC,over25,1.72
2026-08-15,2026-08-15T17:40:51,2026-08-20,USA MLS,Minnesota United FC vs Atlanta United FC,under25,2.23
2026-08-15,2026-08-15T17:59:40,2026-08-15,Brazil Serie A,Fluminense vs Palmeiras,over25,2.27
2026-08-15,2026-08-15T17:59:40,2026-08-15,Brazil Serie A,Fluminense vs Palmeiras,under25,1.66
2026-08-15,2026-08-15T17:59:40,2026-08-16,USA MLS,Los Angeles FC vs San Diego FC,over35,2.16
2026-08-15,2026-08-15T17:59:40,2026-08-20,USA MLS,Colorado Rapids vs Los Angeles FC,over25,1.68
2026-08-15,2026-08-15T17:59:40,2026-08-20,USA MLS,Colorado Rapids vs Los Angeles FC,under25,2.3
2026-08-15,2026-08-15T17:59:40,2026-08-20,USA MLS,Minnesota United FC vs Atlanta United FC,over25,1.73
2026-08-15,2026-08-15T17:59:40,2026-08-20,USA MLS,Minnesota United FC vs Atlanta United FC,under25,2.22
2026-08-15,2026-08-15T17:59:40,2026-08-21,Argentina Primera Division,Aldosivi Mar del Plata vs Union Santa Fe,over15,1.54
2026-08-15,2026-08-15T17:59:40,2026-08-21,Argentina Primera Division,Aldosivi Mar del Plata vs Union Santa Fe,under25,1.5
2026-08-15,2026-08-15T18:43:09,2026-08-15,USA MLS,CF Montreal vs D.C. United,under25,2.15
2026-08-15,2026-08-15T18:43:09,2026-08-15,Argentina Primera Division,Estudiantes vs Gimnasia La Plata,over15,1.54
2026-08-15,2026-08-15T18:43:09,2026-08-15,Argentina Primera Division,Estudiantes vs Gimnasia La Plata,over25,2.68
2026-08-15,2026-08-15T18:43:09,2026-08-15,Argentina Primera Division,Estudiantes vs Gimnasia La Plata,under25,1.46
2026-08-15,2026-08-15T18:43:09,2026-08-15,Argentina Primera Division,Newells Old Boys vs Deportivo Riestra,over15,1.67
2026-08-15,2026-08-15T18:43:09,2026-08-15,Argentina Primera Division,Newells Old Boys vs Deportivo Riestra,over25,3.25
2026-08-15,2026-08-15T18:43:09,2026-08-15,Argentina Primera Division,Newells Old Boys vs Deportivo Riestra,under25,1.32
2026-08-15,2026-08-15T18:43:09,2026-08-16,Argentina Primera Division,Sarmiento de Junin vs Atlético Huracán,over25,3.15
2026-08-15,2026-08-15T18:43:09,2026-08-16,Argentina Primera Division,Sarmiento de Junin vs Atlético Huracán,under25,1.35
2026-08-15,2026-08-15T18:43:09,2026-08-16,Norway Eliteserien,Sarpsborg FK vs Sandefjord,under25,2.38
2026-08-15,2026-08-15T18:43:09,2026-08-19,USA MLS,Philadelphia Union vs Inter Miami CF,over35,2.08
2026-08-15,2026-08-15T18:43:09,2026-08-20,USA MLS,Vancouver Whitecaps FC vs Houston Dynamo,over35,2.21
2026-08-15,2026-08-15T19:09:43,2026-08-15,USA MLS,Charlotte FC vs Columbus Crew SC,over25,1.73
2026-08-15,2026-08-15T19:09:43,2026-08-15,USA MLS,Charlotte FC vs Columbus Crew SC,under25,2.2
2026-08-15,2026-08-15T19:09:43,2026-08-16,Finland Veikkausliiga,HJK Helsinki vs Jaro,under25,2.68
2026-08-15,2026-08-15T19:09:43,2026-08-16,Argentina Primera Division,Platense vs Boca Juniors,over25,2.92
2026-08-15,2026-08-15T19:09:43,2026-08-16,Argentina Primera Division,Platense vs Boca Juniors,under25,1.39
2026-08-15,2026-08-15T19:09:43,2026-08-16,Norway Eliteserien,Sarpsborg FK vs Sandefjord,over25,1.54
2026-08-15,2026-08-15T19:09:43,2026-08-16,Norway Eliteserien,Sarpsborg FK vs Sandefjord,over35,2.12
2026-08-15,2026-08-15T19:09:43,2026-08-16,Norway Eliteserien,Sarpsborg FK vs Sandefjord,under25,2.27
2026-08-15,2026-08-15T19:09:43,2026-08-17,Mexico Liga MX,Santos Laguna vs Guadalajara,over35,2.35
2026-08-15,2026-08-15T19:09:43,2026-08-19,USA MLS,Toronto FC vs Charlotte FC,under25,2.26
2026-08-15,2026-08-15T19:09:43,2026-08-20,USA MLS,Vancouver Whitecaps FC vs Houston Dynamo,over35,2.23
2026-08-15,2026-08-15T19:09:43,2026-08-22,Argentina Primera Division,Atlético Tucuman vs Instituto de Córdoba,over15,1.53
2026-08-15,2026-08-15T19:09:43,2026-08-22,Argentina Primera Division,Atlético Tucuman vs Instituto de Córdoba,over25,2.25
2026-08-15,2026-08-15T19:09:43,2026-08-22,Argentina Primera Division,Atlético Tucuman vs Instituto de Córdoba,under25,1.56
2026-08-15,2026-08-15T19:09:43,2026-08-22,Brazil Serie A,Fluminense vs Remo,over25,1.82
2026-08-15,2026-08-15T19:09:43,2026-08-22,Brazil Serie A,Fluminense vs Remo,under25,2.03
2026-08-15,2026-08-15T19:09:43,2026-08-22,Argentina Primera Division,Gimnasia La Plata vs Gimnasia Mendoza,over25,2.32
2026-08-15,2026-08-15T19:09:43,2026-08-22,Argentina Primera Division,Gimnasia La Plata vs Gimnasia Mendoza,under25,1.52
2026-08-15,2026-08-15T19:36:11,2026-08-16,Sweden Allsvenskan,Degerfors IF vs IFK Goteborg,over25,1.87
2026-08-15,2026-08-15T19:36:11,2026-08-16,Sweden Allsvenskan,Degerfors IF vs IFK Goteborg,under25,1.8
2026-08-15,2026-08-15T19:36:11,2026-08-16,Sweden Allsvenskan,IF Brommapojkarna vs Örgryte IS,over35,2.3
2026-08-15,2026-08-15T19:36:11,2026-08-16,Norway Eliteserien,SK Brann vs HamKam,over35,2.25
2026-08-15,2026-08-15T19:36:11,2026-08-17,Mexico Liga MX,Santos Laguna vs Guadalajara,over35,2.25
2026-08-15,2026-08-15T19:36:11,2026-08-20,USA MLS,Real Salt Lake vs FC Dallas,over35,2.23
2026-08-15,2026-08-15T19:36:11,2026-08-22,Argentina Primera Division,Atlético Tucuman vs Instituto de Córdoba,over15,1.52
2026-08-15,2026-08-15T19:55:39,2026-08-20,USA MLS,Real Salt Lake vs FC Dallas,over35,2.24
2026-08-15,2026-08-15T19:55:39,2026-08-22,Argentina Primera Division,Atlético Tucuman vs Instituto de Córdoba,over15,1.53
2026-08-15,2026-08-15T20:28:11,2026-08-15,USA MLS,Charlotte FC vs Columbus Crew SC,under25,2.22
2026-08-15,2026-08-15T20:28:11,2026-08-16,Sweden Allsvenskan,Djurgardens IF vs AIK,over35,2.16
2026-08-15,2026-08-15T20:28:11,2026-08-16,USA MLS,Nashville SC vs Inter Miami CF,over35,2.24
2026-08-15,2026-08-15T20:53:17,2026-08-15,USA MLS,Orlando City SC vs FC Cincinnati,over35,1.74
2026-08-15,2026-08-15T20:53:17,2026-08-16,Sweden Allsvenskan,Djurgardens IF vs AIK,over35,2.15
2026-08-15,2026-08-15T20:53:17,2026-08-16,Brazil Serie A,Sao Paulo vs Coritiba,over25,2.06
2026-08-15,2026-08-15T20:53:17,2026-08-16,Brazil Serie A,Sao Paulo vs Coritiba,under25,1.77
2026-08-15,2026-08-15T21:19:02,2026-08-15,USA MLS,Charlotte FC vs Columbus Crew SC,over25,1.71
2026-08-15,2026-08-15T21:19:02,2026-08-15,USA MLS,Charlotte FC vs Columbus Crew SC,under25,2.24
2026-08-15,2026-08-15T21:19:02,2026-08-15,Argentina Primera Division,Newells Old Boys vs Deportivo Riestra,over15,1.69
2026-08-15,2026-08-15T21:19:02,2026-08-16,Denmark Superliga,Lyngby vs FC Midtjylland,over25,1.52
2026-08-15,2026-08-15T21:19:02,2026-08-16,Denmark Superliga,Lyngby vs FC Midtjylland,under25,2.42
2026-08-15,2026-08-15T21:19:02,2026-08-16,USA MLS,Nashville SC vs Inter Miami CF,over35,2.32
2026-08-15,2026-08-15T21:19:02,2026-08-20,USA MLS,Real Salt Lake vs FC Dallas,over35,2.23
2026-08-15,2026-08-15T21:41:55,2026-08-15,Argentina Primera Division,Belgrano de Cordoba vs Independiente Rivadavia,over25,2.43
2026-08-15,2026-08-15T21:41:55,2026-08-15,Argentina Primera Division,Belgrano de Cordoba vs Independiente Rivadavia,under25,1.47
2026-08-15,2026-08-15T21:41:55,2026-08-16,Brazil Serie A,Chapecoense vs Bahia,over25,1.89
2026-08-15,2026-08-15T21:41:55,2026-08-16,Brazil Serie A,Chapecoense vs Bahia,under25,1.92
2026-08-15,2026-08-15T21:41:55,2026-08-22,Argentina Primera Division,Independiente vs Independiente Rivadavia,over25,2.13
2026-08-15,2026-08-15T21:41:55,2026-08-22,Argentina Primera Division,Independiente vs Independiente Rivadavia,under25,1.61
2026-08-15,2026-08-15T21:41:55,2026-08-22,Brazil Serie A,Internacional vs Atletico Mineiro,over25,2.08
2026-08-15,2026-08-15T21:41:55,2026-08-22,Brazil Serie A,Internacional vs Atletico Mineiro,under25,1.78
2026-08-15,2026-08-15T22:00:41,2026-08-16,Sweden Allsvenskan,Djurgardens IF vs AIK,over35,2.2
2026-08-15,2026-08-15T22:34:03,2026-08-16,USA MLS,Los Angeles FC vs San Diego FC,over35,2.15
2026-08-15,2026-08-15T22:34:03,2026-08-16,Mexico Liga MX,Monterrey vs FC Juárez,over35,2.23
2026-08-15,2026-08-15T22:34:03,2026-08-16,Argentina Primera Division,Platense vs Boca Juniors,over25,2.85
2026-08-15,2026-08-15T22:34:03,2026-08-16,Argentina Primera Division,Platense vs Boca Juniors,under25,1.41
2026-08-15,2026-08-15T22:57:30,2026-08-15,Mexico Liga MX,Atlante FC vs Toluca,over25,1.62
2026-08-15,2026-08-15T22:57:30,2026-08-15,Mexico Liga MX,Atlante FC vs Toluca,under25,2.1
2026-08-15,2026-08-15T22:57:30,2026-08-15,USA MLS,Charlotte FC vs Columbus Crew SC,under25,2.25
2026-08-15,2026-08-15T22:57:30,2026-08-15,USA MLS,Orlando City SC vs FC Cincinnati,over25,1.3
2026-08-15,2026-08-15T22:57:30,2026-08-15,USA MLS,Orlando City SC vs FC Cincinnati,under25,3.3
2026-08-15,2026-08-15T22:57:30,2026-08-16,Argentina Primera Division,Platense vs Boca Juniors,over25,2.95
2026-08-15,2026-08-15T22:57:30,2026-08-16,Argentina Primera Division,Platense vs Boca Juniors,under25,1.39
2026-08-15,2026-08-15T22:57:30,2026-08-17,Finland Veikkausliiga,IF Gnistan vs Ilves Tampere,over35,2.25
2026-08-15,2026-08-15T23:28:59,2026-08-15,USA MLS,Charlotte FC vs Columbus Crew SC,over25,1.69
2026-08-15,2026-08-15T23:28:59,2026-08-15,USA MLS,Charlotte FC vs Columbus Crew SC,under25,2.2
2026-08-15,2026-08-15T23:28:59,2026-08-15,USA MLS,Orlando City SC vs FC Cincinnati,over35,1.73
2026-08-15,2026-08-15T23:28:59,2026-08-16,Argentina Primera Division,Central Córdoba vs Instituto de Córdoba,over25,2.62
2026-08-15,2026-08-15T23:28:59,2026-08-16,Argentina Primera Division,Central Córdoba vs Instituto de Córdoba,under25,1.47
2026-08-15,2026-08-15T23:28:59,2026-08-16,Denmark Superliga,Lyngby vs FC Midtjylland,over25,1.55
2026-08-15,2026-08-15T23:28:59,2026-08-16,Denmark Superliga,Lyngby vs FC Midtjylland,under25,2.48
2026-08-15,2026-08-15T23:28:59,2026-08-17,USA MLS,Seattle Sounders FC vs Vancouver Whitecaps FC,over35,2.33
2026-08-15,2026-08-15T23:28:59,2026-08-18,Argentina Primera Division,Gimnasia Mendoza vs Talleres,over25,3.05
2026-08-15,2026-08-15T23:28:59,2026-08-18,Argentina Primera Division,Gimnasia Mendoza vs Talleres,under25,1.37
2026-08-15,2026-08-15T23:28:59,2026-08-22,Mexico Liga MX,Guadalajara vs Tijuana,over25,1.51
2026-08-15,2026-08-15T23:28:59,2026-08-22,Mexico Liga MX,Guadalajara vs Tijuana,under25,2.38
2026-08-15,2026-08-15T23:28:59,2026-08-22,Mexico Liga MX,Querétaro vs Toluca,over25,1.56
2026-08-15,2026-08-15T23:28:59,2026-08-22,Mexico Liga MX,Querétaro vs Toluca,under25,2.28
2026-08-15,2026-08-15T23:51:24,2026-08-16,Argentina Primera Division,Barracas Central vs Rosario Central,over15,1.6
2026-08-15,2026-08-15T23:51:24,2026-08-16,Argentina Primera Division,Platense vs Boca Juniors,over15,1.53
2026-08-15,2026-08-15T23:51:24,2026-08-16,Argentina Primera Division,Platense vs Boca Juniors,over25,2.68
2026-08-15,2026-08-15T23:51:24,2026-08-16,Argentina Primera Division,Platense vs Boca Juniors,under25,1.46
2026-08-15,2026-08-15T23:51:24,2026-08-18,Argentina Primera Division,Gimnasia Mendoza vs Talleres,over15,1.63
2026-08-15,2026-08-15T23:51:24,2026-08-19,USA MLS,Columbus Crew SC vs CF Montreal,over35,2.33
2026-08-15,2026-08-15T23:51:24,2026-08-19,USA MLS,D.C. United vs New England Revolution,over25,1.71
2026-08-15,2026-08-15T23:51:24,2026-08-19,USA MLS,D.C. United vs New England Revolution,under25,2.1
2026-08-15,2026-08-15T23:51:24,2026-08-19,USA MLS,Toronto FC vs Charlotte FC,over25,1.72
2026-08-15,2026-08-15T23:51:24,2026-08-19,USA MLS,Toronto FC vs Charlotte FC,under25,2.23
2026-08-15,2026-08-15T23:51:24,2026-08-22,USA MLS,CF Montreal vs LA Galaxy,over25,1.54
2026-08-15,2026-08-15T23:51:24,2026-08-22,USA MLS,CF Montreal vs LA Galaxy,under25,2.43
2026-08-15,2026-08-15T23:51:24,2026-08-22,USA MLS,Charlotte FC vs D.C. United,over25,1.64
2026-08-15,2026-08-15T23:51:24,2026-08-22,USA MLS,Charlotte FC vs D.C. United,under25,2.2
2026-08-15,2026-08-15T23:51:24,2026-08-22,Brazil Serie A,Cruzeiro vs Flamengo,over25,2.09
2026-08-15,2026-08-15T23:51:24,2026-08-22,Brazil Serie A,Cruzeiro vs Flamengo,under25,1.77
2026-08-16,2026-08-16T00:52:17,2026-08-16,Finland Veikkausliiga,HJK Helsinki vs Jaro,under25,2.72
2026-08-16,2026-08-16T00:52:17,2026-08-16,Sweden Allsvenskan,IF Brommapojkarna vs Örgryte IS,over35,2.25
2026-08-16,2026-08-16T00:52:17,2026-08-16,Mexico Liga MX,Monterrey vs FC Juárez,over35,2.21
2026-08-16,2026-08-16T00:52:17,2026-08-19,USA MLS,New York Red Bulls vs Nashville SC,over35,2.29
2026-08-16,2026-08-16T00:52:17,2026-08-19,USA MLS,Toronto FC vs Charlotte FC,under25,2.22
2026-08-16,2026-08-16T00:52:17,2026-08-20,USA MLS,Vancouver Whitecaps FC vs Houston Dynamo,over35,2.22
2026-08-16,2026-08-16T00:52:17,2026-08-23,Argentina Primera Division,Atlético Huracán vs Deportivo Riestra,over15,1.59
2026-08-16,2026-08-16T00:52:17,2026-08-23,Argentina Primera Division,Atlético Huracán vs Deportivo Riestra,over25,2.72
2026-08-16,2026-08-16T00:52:17,2026-08-23,Argentina Primera Division,Atlético Huracán vs Deportivo Riestra,under25,1.44
2026-08-16,2026-08-16T00:52:17,2026-08-23,USA MLS,Austin FC vs Philadelphia Union,over25,1.6
2026-08-16,2026-08-16T00:52:17,2026-08-23,USA MLS,Austin FC vs Philadelphia Union,under25,2.28
2026-08-16,2026-08-16T00:52:17,2026-08-23,USA MLS,Nashville SC vs Columbus Crew SC,over25,1.66
2026-08-16,2026-08-16T00:52:17,2026-08-23,USA MLS,Nashville SC vs Columbus Crew SC,under25,2.17
2026-08-16,2026-08-16T00:52:17,2026-08-23,Argentina Primera Division,Newells Old Boys vs Banfield,over25,2.36
2026-08-16,2026-08-16T00:52:17,2026-08-23,Argentina Primera Division,Newells Old Boys vs Banfield,under25,1.5
2026-08-16,2026-08-16T00:52:17,2026-08-23,USA MLS,St. Louis City SC vs Houston Dynamo,over25,1.57
2026-08-16,2026-08-16T00:52:17,2026-08-23,USA MLS,St. Louis City SC vs Houston Dynamo,under25,2.32
2026-08-16,2026-08-16T08:40:25,2026-08-16,Norway Eliteserien,Aalesund vs Vålerenga,over25,1.39
2026-08-16,2026-08-16T08:40:25,2026-08-16,Norway Eliteserien,Aalesund vs Vålerenga,under25,2.95
2026-08-16,2026-08-16T08:40:25,2026-08-16,Mexico Liga MX,América vs Atlético San Luis,over25,1.62
2026-08-16,2026-08-16T08:40:25,2026-08-16,Mexico Liga MX,América vs Atlético San Luis,under25,2.1
2026-08-16,2026-08-16T08:40:25,2026-08-16,Argentina Primera Division,Barracas Central vs Rosario Central,over15,1.61
2026-08-16,2026-08-16T08:40:25,2026-08-16,Argentina Primera Division,Barracas Central vs Rosario Central,over25,2.92
2026-08-16,2026-08-16T08:40:25,2026-08-16,Argentina Primera Division,Barracas Central vs Rosario Central,under25,1.39
2026-08-16,2026-08-16T08:40:25,2026-08-16,USA MLS,Chicago Fire vs Portland Timbers,over35,1.89
2026-08-16,2026-08-16T08:40:25,2026-08-16,Brazil Serie A,Corinthians vs Cruzeiro,over25,2.45
2026-08-16,2026-08-16T08:40:25,2026-08-16,Brazil Serie A,Corinthians vs Cruzeiro,under25,1.5
2026-08-16,2026-08-16T08:40:25,2026-08-16,Sweden Allsvenskan,Degerfors IF vs IFK Goteborg,over25,1.85
2026-08-16,2026-08-16T08:40:25,2026-08-16,Sweden Allsvenskan,Degerfors IF vs IFK Goteborg,under25,1.82
2026-08-16,2026-08-16T08:40:25,2026-08-16,Sweden Allsvenskan,Djurgardens IF vs AIK,over35,2.3
2026-08-16,2026-08-16T08:40:25,2026-08-16,Denmark Superliga,FC Nordsjaelland vs Silkeborg IF,over25,1.35
2026-08-16,2026-08-16T08:40:25,2026-08-16,Denmark Superliga,FC Nordsjaelland vs Silkeborg IF,over35,1.83
2026-08-16,2026-08-16T08:40:25,2026-08-16,Denmark Superliga,FC Nordsjaelland vs Silkeborg IF,under25,3.15
2026-08-16,2026-08-16T08:40:25,2026-08-16,Sweden Allsvenskan,GAIS vs Malmo FF,under25,2.17
2026-08-16,2026-08-16T08:40:25,2026-08-16,Finland Veikkausliiga,HJK Helsinki vs Jaro,under25,2.68
2026-08-16,2026-08-16T08:40:25,2026-08-16,Norway Eliteserien,Molde vs Tromso,over25,1.7
2026-08-16,2026-08-16T08:40:25,2026-08-16,Norway Eliteserien,Molde vs Tromso,under25,1.97
2026-08-16,2026-08-16T08:40:25,2026-08-16,Denmark Superliga,OB Odense BK vs AC Horsens,over25,1.89
2026-08-16,2026-08-16T08:40:25,2026-08-16,Denmark Superliga,OB Odense BK vs AC Horsens,under25,1.88
2026-08-16,2026-08-16T08:40:25,2026-08-16,Denmark Superliga,Randers FC vs FC Copenhagen,under25,2.26
2026-08-16,2026-08-16T08:40:25,2026-08-16,Austrian Bundesliga,Rapid Wien vs Grazer AK,over25,1.81
2026-08-16,2026-08-16T08:40:25,2026-08-16,Austrian Bundesliga,Rapid Wien vs Grazer AK,under25,1.97
2026-08-16,2026-08-16T08:40:25,2026-08-16,Argentina Primera Division,River Plate vs Argentinos Juniors,over15,1.54
2026-08-16,2026-08-16T08:40:25,2026-08-16,Norway Eliteserien,SK Brann vs HamKam,over25,1.5
2026-08-16,2026-08-16T08:40:25,2026-08-16,Norway Eliteserien,SK Brann vs HamKam,over35,2.17
2026-08-16,2026-08-16T08:40:25,2026-08-16,Norway Eliteserien,SK Brann vs HamKam,under25,2.52
2026-08-16,2026-08-16T08:40:25,2026-08-16,Argentina Primera Division,Sarmiento de Junin vs Atlético Huracán,over15,1.68
2026-08-16,2026-08-16T08:40:25,2026-08-16,Argentina Primera Division,Sarmiento de Junin vs Atlético Huracán,over25,3.05
2026-08-16,2026-08-16T08:40:25,2026-08-16,Argentina Primera Division,Sarmiento de Junin vs Atlético Huracán,under25,1.37
2026-08-16,2026-08-16T08:40:25,2026-08-16,Norway Eliteserien,Sarpsborg FK vs Sandefjord,over25,1.52
2026-08-16,2026-08-16T08:40:25,2026-08-16,Norway Eliteserien,Sarpsborg FK vs Sandefjord,under25,2.48
2026-08-16,2026-08-16T08:40:25,2026-08-16,Austrian Bundesliga,WSG Tirol vs RB Salzburg,over25,1.46
2026-08-16,2026-08-16T08:40:25,2026-08-16,Austrian Bundesliga,WSG Tirol vs RB Salzburg,over35,2.17
2026-08-16,2026-08-16T08:40:25,2026-08-16,Austrian Bundesliga,WSG Tirol vs RB Salzburg,under25,2.62
2026-08-16,2026-08-16T08:40:25,2026-08-17,Mexico Liga MX,Santos Laguna vs Guadalajara,over25,1.52
2026-08-16,2026-08-16T08:40:25,2026-08-17,Mexico Liga MX,Santos Laguna vs Guadalajara,over35,2.35
2026-08-16,2026-08-16T08:40:25,2026-08-17,Mexico Liga MX,Santos Laguna vs Guadalajara,under25,2.42
2026-08-16,2026-08-16T08:40:25,2026-08-17,USA MLS,Seattle Sounders FC vs Vancouver Whitecaps FC,over35,2.25
2026-08-16,2026-08-16T08:40:25,2026-08-17,Mexico Liga MX,Tijuana vs Cruz Azul,over25,1.8
2026-08-16,2026-08-16T08:40:25,2026-08-17,Mexico Liga MX,Tijuana vs Cruz Azul,under25,1.96
2026-08-16,2026-08-16T08:40:25,2026-08-18,Argentina Primera Division,Gimnasia Mendoza vs Talleres,over15,1.59
2026-08-16,2026-08-16T08:40:25,2026-08-18,Argentina Primera Division,Gimnasia Mendoza vs Talleres,over25,2.92
2026-08-16,2026-08-16T08:40:25,2026-08-18,Argentina Primera Division,Gimnasia Mendoza vs Talleres,under25,1.39
2026-08-16,2026-08-16T08:40:25,2026-08-19,USA MLS,Columbus Crew SC vs CF Montreal,over35,2.34
2026-08-16,2026-08-16T08:40:25,2026-08-19,USA MLS,New York Red Bulls vs Nashville SC,over35,2.35
2026-08-16,2026-08-16T08:40:25,2026-08-19,USA MLS,Toronto FC vs Charlotte FC,under25,2.23
2026-08-16,2026-08-16T08:40:25,2026-08-20,USA MLS,Colorado Rapids vs Los Angeles FC,over25,1.7
2026-08-16,2026-08-16T08:40:25,2026-08-20,USA MLS,Colorado Rapids vs Los Angeles FC,under25,2.26
2026-08-16,2026-08-16T08:40:25,2026-08-20,USA MLS,LA Galaxy vs San Jose Earthquakes,over35,2.12
2026-08-16,2026-08-16T08:40:25,2026-08-20,USA MLS,Minnesota United FC vs Atlanta United FC,over25,1.74
2026-08-16,2026-08-16T08:40:25,2026-08-20,USA MLS,Minnesota United FC vs Atlanta United FC,under25,2.2
2026-08-16,2026-08-16T08:40:25,2026-08-20,USA MLS,Sporting Kansas City vs St. Louis City SC,over35,2.25
2026-08-16,2026-08-16T08:40:25,2026-08-20,USA MLS,Vancouver Whitecaps FC vs Houston Dynamo,over35,2.23
2026-08-16,2026-08-16T08:40:25,2026-08-21,Sweden Allsvenskan,IK Sirius vs BK Hacken,over25,1.37
2026-08-16,2026-08-16T08:40:25,2026-08-21,Sweden Allsvenskan,IK Sirius vs BK Hacken,over35,1.92
2026-08-16,2026-08-16T08:40:25,2026-08-21,Sweden Allsvenskan,IK Sirius vs BK Hacken,under25,3.05
2026-08-16,2026-08-16T08:40:25,2026-08-21,Finland Veikkausliiga,SJK Seinäjoki vs FC Lahti,over25,1.65
2026-08-16,2026-08-16T08:40:25,2026-08-21,Finland Veikkausliiga,SJK Seinäjoki vs FC Lahti,under25,2.06
2026-08-16,2026-08-16T08:40:25,2026-08-22,Japan J-League,Fagiano Okayama vs Tokyo Verdy,over25,2.48
2026-08-16,2026-08-16T08:40:25,2026-08-22,Japan J-League,Fagiano Okayama vs Tokyo Verdy,under25,1.48
2026-08-16,2026-08-16T08:40:25,2026-08-22,Brazil Serie A,Fluminense vs Remo,over25,1.81
2026-08-16,2026-08-16T08:40:25,2026-08-22,Brazil Serie A,Fluminense vs Remo,under25,2.04
2026-08-16,2026-08-16T08:40:25,2026-08-22,Finland Veikkausliiga,Ilves Tampere vs VPS Vaasa,over25,1.65
2026-08-16,2026-08-16T08:40:25,2026-08-22,Finland Veikkausliiga,Ilves Tampere vs VPS Vaasa,under25,2.06
2026-08-16,2026-08-16T08:40:25,2026-08-22,Brazil Serie A,Internacional vs Atletico Mineiro,over25,2.09
2026-08-16,2026-08-16T08:40:25,2026-08-22,Brazil Serie A,Internacional vs Atletico Mineiro,under25,1.77
2026-08-16,2026-08-16T08:40:25,2026-08-22,Finland Veikkausliiga,Jaro vs AC Oulu,over25,1.62
2026-08-16,2026-08-16T08:40:25,2026-08-22,Finland Veikkausliiga,Jaro vs AC Oulu,under25,2.1
2026-08-16,2026-08-16T08:40:25,2026-08-22,Japan J-League,Kyoto Purple Sanga vs Mito HollyHock,over25,2.12
2026-08-16,2026-08-16T08:40:25,2026-08-22,Japan J-League,Kyoto Purple Sanga vs Mito HollyHock,under25,1.65
2026-08-16,2026-08-16T08:40:25,2026-08-22,Sweden Allsvenskan,Örgryte IS vs Halmstads BK,over25,1.71
2026-08-16,2026-08-16T08:40:25,2026-08-22,Sweden Allsvenskan,Örgryte IS vs Halmstads BK,under25,1.96
2026-08-16,2026-08-16T08:40:25,2026-08-23,Mexico Liga MX,Cruz Azul vs Atlas,over25,1.65
2026-08-16,2026-08-16T08:40:25,2026-08-23,Mexico Liga MX,Cruz Azul vs Atlas,under25,2.02
2026-08-16,2026-08-16T08:40:25,2026-08-23,Mexico Liga MX,León vs Monterrey,over25,1.54
2026-08-16,2026-08-16T08:40:25,2026-08-23,Mexico Liga MX,León vs Monterrey,under25,2.32
2026-08-16,2026-08-16T08:40:25,2026-08-23,Mexico Liga MX,Puebla vs Santos Laguna,over25,1.55
2026-08-16,2026-08-16T08:40:25,2026-08-23,Mexico Liga MX,Puebla vs Santos Laguna,under25,2.2
2026-08-16,2026-08-16T08:40:25,2026-08-23,USA MLS,St. Louis City SC vs Houston Dynamo,under25,2.3
2026-08-16,2026-08-16T09:05:45,2026-08-16,Argentina Primera Division,Central Córdoba vs Instituto de Córdoba,over15,1.5
2026-08-16,2026-08-16T09:05:45,2026-08-16,Finland Veikkausliiga,HJK Helsinki vs Jaro,over25,1.46
2026-08-16,2026-08-16T09:05:45,2026-08-16,Finland Veikkausliiga,HJK Helsinki vs Jaro,under25,2.62
2026-08-16,2026-08-16T09:05:45,2026-08-16,Norway Eliteserien,Molde vs Tromso,over25,1.65
2026-08-16,2026-08-16T09:05:45,2026-08-16,Norway Eliteserien,Molde vs Tromso,under25,2.07
2026-08-16,2026-08-16T09:05:45,2026-08-16,Austrian Bundesliga,WSG Tirol vs RB Salzburg,over35,2.18
2026-08-16,2026-08-16T09:05:45,2026-08-17,Mexico Liga MX,Tijuana vs Cruz Azul,over25,1.81
2026-08-16,2026-08-16T09:05:45,2026-08-17,Mexico Liga MX,Tijuana vs Cruz Azul,under25,1.95
2026-08-16,2026-08-16T09:39:52,2026-08-16,Austrian Bundesliga,Rapid Wien vs Grazer AK,over25,1.8
2026-08-16,2026-08-16T09:39:52,2026-08-16,Austrian Bundesliga,Rapid Wien vs Grazer AK,under25,1.98
2026-08-16,2026-08-16T09:39:52,2026-08-16,Norway Eliteserien,SK Brann vs HamKam,over25,1.52
2026-08-16,2026-08-16T09:39:52,2026-08-16,Norway Eliteserien,SK Brann vs HamKam,under25,2.48
2026-08-16,2026-08-16T09:39:52,2026-08-16,Brazil Serie A,Vasco da Gama vs Santos,over25,2.05
2026-08-16,2026-08-16T09:39:52,2026-08-16,Brazil Serie A,Vitoria vs Botafogo,over25,2.07
2026-08-16,2026-08-16T09:39:52,2026-08-16,Brazil Serie A,Vitoria vs Botafogo,under25,1.76
2026-08-16,2026-08-16T09:39:52,2026-08-16,Austrian Bundesliga,WSG Tirol vs RB Salzburg,over35,2.16
2026-08-16,2026-08-16T09:39:52,2026-08-17,Mexico Liga MX,Tijuana vs Cruz Azul,over25,1.83
2026-08-16,2026-08-16T09:39:52,2026-08-17,Mexico Liga MX,Tijuana vs Cruz Azul,under25,1.93
2026-08-16,2026-08-16T09:39:52,2026-08-19,USA MLS,New York Red Bulls vs Nashville SC,over35,2.34
2026-08-16,2026-08-16T09:39:52,2026-08-21,Austrian Bundesliga,Ried vs Grazer AK,over25,2.11
2026-08-16,2026-08-16T09:39:52,2026-08-21,Austrian Bundesliga,Ried vs Grazer AK,under25,1.68
2026-08-16,2026-08-16T09:39:52,2026-08-22,Argentina Primera Division,Atlético Tucuman vs Instituto de Córdoba,over15,1.52
2026-08-16,2026-08-16T09:39:52,2026-08-22,Austrian Bundesliga,Rheindorf Altach vs Hartberg,over25,1.82
2026-08-16,2026-08-16T09:39:52,2026-08-22,Austrian Bundesliga,Rheindorf Altach vs Hartberg,under25,1.81
2026-08-16,2026-08-16T09:39:52,2026-08-22,Austrian Bundesliga,Sturm Graz vs Austria Lustenau,over25,1.53
2026-08-16,2026-08-16T09:39:52,2026-08-22,Austrian Bundesliga,Sturm Graz vs Austria Lustenau,under25,2.25
2026-08-16,2026-08-16T09:39:52,2026-08-23,USA MLS,St. Louis City SC vs Houston Dynamo,over35,2.6
2026-08-16,2026-08-16T10:02:12,2026-08-16,Denmark Superliga,OB Odense BK vs AC Horsens,under25,1.89
2026-08-16,2026-08-16T10:02:12,2026-08-16,Argentina Primera Division,River Plate vs Argentinos Juniors,over15,1.52
2026-08-16,2026-08-16T10:02:12,2026-08-16,Argentina Primera Division,River Plate vs Argentinos Juniors,over25,2.58
2026-08-16,2026-08-16T10:02:12,2026-08-16,Argentina Primera Division,River Plate vs Argentinos Juniors,under25,1.49
2026-08-16,2026-08-16T10:02:12,2026-08-23,Denmark Superliga,SonderjyskE vs FC Nordsjaelland,over25,1.55
2026-08-16,2026-08-16T10:02:12,2026-08-23,Denmark Superliga,SonderjyskE vs FC Nordsjaelland,under25,2.38
2026-08-16,2026-08-16T10:35:59,2026-08-16,Sweden Allsvenskan,Djurgardens IF vs AIK,over25,1.51
2026-08-16,2026-08-16T10:35:59,2026-08-16,Sweden Allsvenskan,Djurgardens IF vs AIK,over35,2.27
2026-08-16,2026-08-16T10:35:59,2026-08-16,Sweden Allsvenskan,Djurgardens IF vs AIK,under25,2.32
2026-08-16,2026-08-16T10:35:59,2026-08-16,Denmark Superliga,OB Odense BK vs AC Horsens,under25,1.88
2026-08-16,2026-08-16T10:35:59,2026-08-16,Norway Eliteserien,Sarpsborg FK vs Sandefjord,over25,1.5
2026-08-16,2026-08-16T10:35:59,2026-08-16,Norway Eliteserien,Sarpsborg FK vs Sandefjord,under25,2.52
2026-08-16,2026-08-16T10:35:59,2026-08-16,Austrian Bundesliga,WSG Tirol vs RB Salzburg,over35,2.14
2026-08-16,2026-08-16T10:35:59,2026-08-20,USA MLS,Colorado Rapids vs Los Angeles FC,over25,1.72
2026-08-16,2026-08-16T10:35:59,2026-08-20,USA MLS,Colorado Rapids vs Los Angeles FC,under25,2.23
2026-08-16,2026-08-16T10:35:59,2026-08-22,Argentina Primera Division,Atlético Tucuman vs Instituto de Córdoba,over15,1.53
2026-08-16,2026-08-16T10:35:59,2026-08-23,Argentina Primera Division,Atlético Huracán vs Deportivo Riestra,over15,1.6
2026-08-16,2026-08-16T10:35:59,2026-08-23,USA MLS,San Diego FC vs Colorado Rapids,over25,1.62
2026-08-16,2026-08-16T10:35:59,2026-08-23,USA MLS,San Diego FC vs Colorado Rapids,over35,2.02
2026-08-16,2026-08-16T10:35:59,2026-08-23,USA MLS,San Diego FC vs Colorado Rapids,under25,2.42
2026-08-16,2026-08-16T10:59:09,2026-08-16,Sweden Allsvenskan,Djurgardens IF vs AIK,over25,1.52
2026-08-16,2026-08-16T10:59:09,2026-08-16,Sweden Allsvenskan,Djurgardens IF vs AIK,over35,2.23
2026-08-16,2026-08-16T10:59:09,2026-08-16,Sweden Allsvenskan,Djurgardens IF vs AIK,under25,2.48
2026-08-16,2026-08-16T10:59:09,2026-08-16,Sweden Allsvenskan,IF Brommapojkarna vs Örgryte IS,over35,2.2
2026-08-16,2026-08-16T10:59:09,2026-08-16,Denmark Superliga,Randers FC vs FC Copenhagen,under25,2.27
2026-08-16,2026-08-16T10:59:09,2026-08-19,USA MLS,New York Red Bulls vs Nashville SC,over35,2.35
2026-08-16,2026-08-16T10:59:09,2026-08-22,USA MLS,FC Cincinnati vs Seattle Sounders FC,over25,1.4
2026-08-16,2026-08-16T10:59:09,2026-08-22,USA MLS,FC Cincinnati vs Seattle Sounders FC,over35,1.95
2026-08-16,2026-08-16T10:59:09,2026-08-22,USA MLS,FC Cincinnati vs Seattle Sounders FC,under25,2.8
2026-08-16,2026-08-16T10:59:09,2026-08-22,USA MLS,Inter Miami CF vs Toronto FC,over25,1.33
2026-08-16,2026-08-16T10:59:09,2026-08-22,USA MLS,Inter Miami CF vs Toronto FC,over35,1.7
2026-08-16,2026-08-16T10:59:09,2026-08-22,USA MLS,Inter Miami CF vs Toronto FC,under25,3.1
2026-08-16,2026-08-16T10:59:09,2026-08-22,USA MLS,New York Red Bulls vs Chicago Fire,over25,1.36
2026-08-16,2026-08-16T10:59:09,2026-08-22,USA MLS,New York Red Bulls vs Chicago Fire,over35,1.93
2026-08-16,2026-08-16T10:59:09,2026-08-22,USA MLS,New York Red Bulls vs Chicago Fire,under25,2.88
2026-08-16,2026-08-16T10:59:09,2026-08-22,USA MLS,Orlando City SC vs Real Salt Lake,over25,1.4
2026-08-16,2026-08-16T10:59:09,2026-08-22,USA MLS,Orlando City SC vs Real Salt Lake,over35,1.73
2026-08-16,2026-08-16T10:59:09,2026-08-22,USA MLS,Orlando City SC vs Real Salt Lake,under25,2.75
2026-08-16,2026-08-16T10:59:09,2026-08-23,Argentina Primera Division,Atlético Huracán vs Deportivo Riestra,over15,1.59
2026-08-16,2026-08-16T10:59:09,2026-08-23,USA MLS,Los Angeles FC vs Portland Timbers,over25,1.4
2026-08-16,2026-08-16T10:59:09,2026-08-23,USA MLS,Los Angeles FC vs Portland Timbers,over35,1.74
2026-08-16,2026-08-16T10:59:09,2026-08-23,USA MLS,Los Angeles FC vs Portland Timbers,under25,2.8
2026-08-16,2026-08-16T10:59:09,2026-08-23,USA MLS,San Diego FC vs Colorado Rapids,over25,1.55
2026-08-16,2026-08-16T10:59:09,2026-08-23,USA MLS,San Diego FC vs Colorado Rapids,under25,2.3
2026-08-16,2026-08-16T10:59:09,2026-08-23,USA MLS,San Jose Earthquakes vs Minnesota United FC,over25,1.5
2026-08-16,2026-08-16T10:59:09,2026-08-23,USA MLS,San Jose Earthquakes vs Minnesota United FC,over35,2.0
2026-08-16,2026-08-16T10:59:09,2026-08-23,USA MLS,San Jose Earthquakes vs Minnesota United FC,under25,2.45
2026-08-16,2026-08-16T10:59:09,2026-08-23,USA MLS,Vancouver Whitecaps FC vs FC Dallas,over25,1.44
2026-08-16,2026-08-16T10:59:09,2026-08-23,USA MLS,Vancouver Whitecaps FC vs FC Dallas,over35,1.97
2026-08-16,2026-08-16T10:59:09,2026-08-23,USA MLS,Vancouver Whitecaps FC vs FC Dallas,under25,2.5
2026-08-16,2026-08-16T11:30:36,2026-08-16,Sweden Allsvenskan,Djurgardens IF vs AIK,over25,1.47
2026-08-16,2026-08-16T11:30:36,2026-08-16,Sweden Allsvenskan,Djurgardens IF vs AIK,over35,2.15
2026-08-16,2026-08-16T11:30:36,2026-08-16,Sweden Allsvenskan,Djurgardens IF vs AIK,under25,2.62
2026-08-16,2026-08-16T11:30:36,2026-08-16,Sweden Allsvenskan,IF Brommapojkarna vs Örgryte IS,under25,2.12
2026-08-16,2026-08-16T11:30:36,2026-08-16,Denmark Superliga,OB Odense BK vs AC Horsens,over25,1.9
2026-08-16,2026-08-16T11:30:36,2026-08-16,Denmark Superliga,OB Odense BK vs AC Horsens,under25,1.87
2026-08-16,2026-08-16T11:30:36,2026-08-16,Norway Eliteserien,Sarpsborg FK vs Sandefjord,over25,1.49
2026-08-16,2026-08-16T11:30:36,2026-08-16,Norway Eliteserien,Sarpsborg FK vs Sandefjord,under25,2.58
2026-08-16,2026-08-16T11:30:36,2026-08-17,Mexico Liga MX,Tijuana vs Cruz Azul,over25,1.86
2026-08-16,2026-08-16T11:30:36,2026-08-17,Mexico Liga MX,Tijuana vs Cruz Azul,under25,1.89
2026-08-16,2026-08-16T11:30:36,2026-08-19,USA MLS,New York Red Bulls vs Nashville SC,over35,2.34
2026-08-16,2026-08-16T11:30:36,2026-08-23,Japan J-League,FC Machida Zelvia vs Urawa Red Diamonds,over25,2.05
2026-08-16,2026-08-16T11:30:36,2026-08-23,Japan J-League,FC Machida Zelvia vs Urawa Red Diamonds,under25,1.68
2026-08-16,2026-08-16T11:30:36,2026-08-23,China Super League,Liaoning Tieren FC vs Henan FC,over25,1.62
2026-08-16,2026-08-16T11:30:36,2026-08-23,China Super League,Liaoning Tieren FC vs Henan FC,under25,2.18
2026-08-16,2026-08-16T11:53:06,2026-08-16,Sweden Allsvenskan,Degerfors IF vs IFK Goteborg,under25,1.81
2026-08-16,2026-08-16T11:53:06,2026-08-16,Sweden Allsvenskan,Djurgardens IF vs AIK,over25,1.44
2026-08-16,2026-08-16T11:53:06,2026-08-16,Sweden Allsvenskan,Djurgardens IF vs AIK,over35,2.14
2026-08-16,2026-08-16T11:53:06,2026-08-16,Sweden Allsvenskan,Djurgardens IF vs AIK,under25,2.75
2026-08-16,2026-08-16T11:53:06,2026-08-16,Denmark Superliga,OB Odense BK vs AC Horsens,over25,1.99
2026-08-16,2026-08-16T11:53:06,2026-08-16,Denmark Superliga,OB Odense BK vs AC Horsens,under25,1.83
2026-08-16,2026-08-16T11:53:06,2026-08-16,Austrian Bundesliga,Rapid Wien vs Grazer AK,over25,1.79
2026-08-16,2026-08-16T11:53:06,2026-08-16,Austrian Bundesliga,Rapid Wien vs Grazer AK,under25,1.99
2026-08-16,2026-08-16T11:53:06,2026-08-16,Argentina Primera Division,River Plate vs Argentinos Juniors,over15,1.51
2026-08-16,2026-08-16T11:53:06,2026-08-16,Norway Eliteserien,SK Brann vs HamKam,under25,2.42
2026-08-16,2026-08-16T11:53:06,2026-08-16,Austrian Bundesliga,WSG Tirol vs RB Salzburg,over25,1.44
2026-08-16,2026-08-16T11:53:06,2026-08-16,Austrian Bundesliga,WSG Tirol vs RB Salzburg,under25,2.68
2026-08-16,2026-08-16T11:53:06,2026-08-17,Mexico Liga MX,Tijuana vs Cruz Azul,over25,1.87
2026-08-16,2026-08-16T11:53:06,2026-08-17,Mexico Liga MX,Tijuana vs Cruz Azul,under25,1.88
2026-08-16,2026-08-16T12:33:10,2026-08-16,USA MLS,Chicago Fire vs Portland Timbers,over35,1.85
2026-08-16,2026-08-16T12:33:10,2026-08-16,Finland Veikkausliiga,HJK Helsinki vs Jaro,over25,1.44
2026-08-16,2026-08-16T12:33:10,2026-08-16,Finland Veikkausliiga,HJK Helsinki vs Jaro,under25,2.68
2026-08-16,2026-08-16T12:33:10,2026-08-16,Argentina Primera Division,River Plate vs Argentinos Juniors,over15,1.47
2026-08-16,2026-08-16T12:33:10,2026-08-16,Argentina Primera Division,River Plate vs Argentinos Juniors,over25,2.5
2026-08-16,2026-08-16T12:33:10,2026-08-16,Argentina Primera Division,River Plate vs Argentinos Juniors,under25,1.53
2026-08-16,2026-08-16T12:33:10,2026-08-16,Norway Eliteserien,SK Brann vs HamKam,over25,1.55
2026-08-16,2026-08-16T12:33:10,2026-08-16,Norway Eliteserien,SK Brann vs HamKam,under25,2.38
2026-08-16,2026-08-16T12:33:10,2026-08-16,Austrian Bundesliga,WSG Tirol vs RB Salzburg,over35,2.13
2026-08-16,2026-08-16T12:33:10,2026-08-23,Denmark Superliga,AGF Aarhus vs OB Odense BK,over25,1.55
2026-08-16,2026-08-16T12:33:10,2026-08-23,Denmark Superliga,AGF Aarhus vs OB Odense BK,over35,2.38
2026-08-16,2026-08-16T12:33:10,2026-08-23,Denmark Superliga,AGF Aarhus vs OB Odense BK,under25,2.38
2026-08-16,2026-08-16T12:33:10,2026-08-23,China Super League,Chongqing Tonglianglong FC vs Dalian Yingbo,over25,1.82
2026-08-16,2026-08-16T12:33:10,2026-08-23,China Super League,Chongqing Tonglianglong FC vs Dalian Yingbo,under25,1.88
2026-08-16,2026-08-16T12:33:10,2026-08-23,Denmark Superliga,FC Midtjylland vs Randers FC,over25,1.6
2026-08-16,2026-08-16T12:33:10,2026-08-23,Denmark Superliga,FC Midtjylland vs Randers FC,over35,2.35
2026-08-16,2026-08-16T12:33:10,2026-08-23,Denmark Superliga,FC Midtjylland vs Randers FC,under25,2.28
2026-08-16,2026-08-16T12:33:10,2026-08-23,Sweden Allsvenskan,IFK Goteborg vs IF Elfsborg,over25,1.82
2026-08-16,2026-08-16T12:33:10,2026-08-23,Sweden Allsvenskan,IFK Goteborg vs IF Elfsborg,under25,1.98
2026-08-16,2026-08-16T12:33:10,2026-08-23,China Super League,Shanghai SIPG FC vs Qingdao Hainiu FC,over25,1.41
2026-08-16,2026-08-16T12:33:10,2026-08-23,China Super League,Shanghai SIPG FC vs Qingdao Hainiu FC,over35,2.03
2026-08-16,2026-08-16T12:33:10,2026-08-23,China Super League,Shanghai SIPG FC vs Qingdao Hainiu FC,under25,2.72
2026-08-16,2026-08-16T12:33:10,2026-08-23,Denmark Superliga,SonderjyskE vs FC Nordsjaelland,over35,2.25
2026-08-16,2026-08-16T12:33:10,2026-08-23,Sweden Allsvenskan,Västerås SK vs Kalmar FF,over25,1.72
2026-08-16,2026-08-16T12:33:10,2026-08-23,Sweden Allsvenskan,Västerås SK vs Kalmar FF,under25,1.96
2026-08-16,2026-08-16T13:18:13,2026-08-16,Sweden Allsvenskan,Kalmar FF vs Hammarby IF,over25,1.62
2026-08-16,2026-08-16T13:18:13,2026-08-16,Sweden Allsvenskan,Kalmar FF vs Hammarby IF,under25,2.1
2026-08-16,2026-08-16T13:18:13,2026-08-16,Denmark Superliga,Lyngby vs FC Midtjylland,over35,2.23
2026-08-16,2026-08-16T13:18:13,2026-08-16,Denmark Superliga,Lyngby vs FC Midtjylland,under25,2.24
2026-08-16,2026-08-16T13:18:13,2026-08-16,Norway Eliteserien,Molde vs Tromso,over25,1.6
2026-08-16,2026-08-16T13:18:13,2026-08-16,Norway Eliteserien,Molde vs Tromso,over35,2.2
2026-08-16,2026-08-16T13:18:13,2026-08-16,Norway Eliteserien,Molde vs Tromso,under25,2.15
2026-08-16,2026-08-16T13:18:13,2026-08-16,Denmark Superliga,Randers FC vs FC Copenhagen,over25,1.6
2026-08-16,2026-08-16T13:18:13,2026-08-16,Denmark Superliga,Randers FC vs FC Copenhagen,under25,2.29
2026-08-16,2026-08-16T13:18:13,2026-08-16,Argentina Primera Division,River Plate vs Argentinos Juniors,over25,2.48
2026-08-16,2026-08-16T13:18:13,2026-08-16,Argentina Primera Division,River Plate vs Argentinos Juniors,under25,1.54
2026-08-16,2026-08-16T13:18:13,2026-08-16,Norway Eliteserien,SK Brann vs HamKam,over25,1.52
2026-08-16,2026-08-16T13:18:13,2026-08-16,Norway Eliteserien,SK Brann vs HamKam,under25,2.42
2026-08-16,2026-08-16T13:18:13,2026-08-16,Austrian Bundesliga,WSG Tirol vs RB Salzburg,over35,2.1
2026-08-16,2026-08-16T13:18:13,2026-08-17,Argentina Primera Division,Lanus vs Independiente,over25,2.75
2026-08-16,2026-08-16T13:18:13,2026-08-17,Argentina Primera Division,Lanus vs Independiente,under25,1.44
2026-08-16,2026-08-16T13:18:13,2026-08-21,Austrian Bundesliga,Ried vs Grazer AK,over25,1.99
2026-08-16,2026-08-16T13:18:13,2026-08-21,Austrian Bundesliga,Ried vs Grazer AK,under25,1.76
2026-08-16,2026-08-16T13:18:13,2026-08-22,Austrian Bundesliga,Sturm Graz vs Austria Lustenau,over25,1.5
2026-08-16,2026-08-16T13:18:13,2026-08-22,Austrian Bundesliga,Sturm Graz vs Austria Lustenau,over35,2.2
2026-08-16,2026-08-16T13:18:13,2026-08-22,Austrian Bundesliga,Sturm Graz vs Austria Lustenau,under25,2.45
2026-08-16,2026-08-16T13:18:13,2026-08-23,Denmark Superliga,FC Midtjylland vs Randers FC,over25,1.58
2026-08-16,2026-08-16T13:18:13,2026-08-23,Denmark Superliga,FC Midtjylland vs Randers FC,under25,2.32
2026-08-16,2026-08-16T13:18:13,2026-08-23,Sweden Allsvenskan,IFK Goteborg vs IF Elfsborg,over25,1.72
2026-08-16,2026-08-16T13:18:13,2026-08-23,Sweden Allsvenskan,IFK Goteborg vs IF Elfsborg,under25,2.08
2026-08-16,2026-08-16T13:51:03,2026-08-16,Sweden Allsvenskan,GAIS vs Malmo FF,over25,1.6
2026-08-16,2026-08-16T13:51:03,2026-08-16,Sweden Allsvenskan,GAIS vs Malmo FF,under25,2.16
2026-08-16,2026-08-16T13:51:03,2026-08-16,Sweden Allsvenskan,Kalmar FF vs Hammarby IF,over25,1.6
2026-08-16,2026-08-16T13:51:03,2026-08-16,Sweden Allsvenskan,Kalmar FF vs Hammarby IF,under25,2.15
2026-08-16,2026-08-16T13:51:03,2026-08-16,Denmark Superliga,Lyngby vs FC Midtjylland,over25,1.57
2026-08-16,2026-08-16T13:51:03,2026-08-16,Denmark Superliga,Lyngby vs FC Midtjylland,over35,2.18
2026-08-16,2026-08-16T13:51:03,2026-08-16,Denmark Superliga,Lyngby vs FC Midtjylland,under25,2.21
2026-08-16,2026-08-16T13:51:03,2026-08-16,Norway Eliteserien,Molde vs Tromso,over35,2.34
2026-08-16,2026-08-16T13:51:03,2026-08-16,Denmark Superliga,Randers FC vs FC Copenhagen,over25,1.61
2026-08-16,2026-08-16T13:51:03,2026-08-16,Denmark Superliga,Randers FC vs FC Copenhagen,under25,2.27
2026-08-16,2026-08-16T13:51:03,2026-08-16,Norway Eliteserien,SK Brann vs HamKam,over25,1.55
2026-08-16,2026-08-16T13:51:03,2026-08-16,Norway Eliteserien,SK Brann vs HamKam,under25,2.38
2026-08-16,2026-08-16T13:51:03,2026-08-16,Norway Eliteserien,Sarpsborg FK vs Sandefjord,over25,1.52
2026-08-16,2026-08-16T13:51:03,2026-08-16,Norway Eliteserien,Sarpsborg FK vs Sandefjord,under25,2.48
2026-08-16,2026-08-16T13:51:03,2026-08-20,USA MLS,Minnesota United FC vs Atlanta United FC,under25,2.19
2026-08-16,2026-08-16T13:51:03,2026-08-22,Mexico Liga MX,Tigres vs Atlante FC,over35,2.35
2026-08-16,2026-08-16T13:51:03,2026-08-23,Finland Veikkausliiga,KuPS Kuopio vs IFK Mariehamn,over25,1.46
2026-08-16,2026-08-16T13:51:03,2026-08-23,Finland Veikkausliiga,KuPS Kuopio vs IFK Mariehamn,over35,2.07
2026-08-16,2026-08-16T13:51:03,2026-08-23,Finland Veikkausliiga,KuPS Kuopio vs IFK Mariehamn,under25,2.58
2026-08-16,2026-08-16T13:51:03,2026-08-23,Denmark Superliga,SonderjyskE vs FC Nordsjaelland,over35,2.28
2026-08-16,2026-08-16T14:15:00,2026-08-16,Argentina Primera Division,Barracas Central vs Rosario Central,over25,2.85
2026-08-16,2026-08-16T14:15:00,2026-08-16,Argentina Primera Division,Barracas Central vs Rosario Central,under25,1.41
2026-08-16,2026-08-16T14:15:00,2026-08-16,Denmark Superliga,Randers FC vs FC Copenhagen,over25,1.6
2026-08-16,2026-08-16T14:15:00,2026-08-16,Denmark Superliga,Randers FC vs FC Copenhagen,under25,2.29
2026-08-16,2026-08-16T14:15:00,2026-08-16,Austrian Bundesliga,Rapid Wien vs Grazer AK,over25,1.78
2026-08-16,2026-08-16T14:15:00,2026-08-16,Austrian Bundesliga,Rapid Wien vs Grazer AK,under25,2.0
2026-08-16,2026-08-16T14:15:00,2026-08-16,Argentina Primera Division,River Plate vs Argentinos Juniors,over25,2.5
2026-08-16,2026-08-16T14:15:00,2026-08-16,Argentina Primera Division,River Plate vs Argentinos Juniors,under25,1.53
2026-08-16,2026-08-16T14:15:00,2026-08-16,Norway Eliteserien,Sarpsborg FK vs Sandefjord,over25,1.47
2026-08-16,2026-08-16T14:15:00,2026-08-16,Norway Eliteserien,Sarpsborg FK vs Sandefjord,under25,2.62
2026-08-16,2026-08-16T14:15:00,2026-08-16,Austrian Bundesliga,WSG Tirol vs RB Salzburg,over35,2.13
2026-08-16,2026-08-16T14:15:00,2026-08-16,Austrian Bundesliga,WSG Tirol vs RB Salzburg,under25,2.72
2026-08-16,2026-08-16T14:15:00,2026-08-23,Denmark Superliga,AC Horsens vs Lyngby,over25,1.82
2026-08-16,2026-08-16T14:15:00,2026-08-23,Denmark Superliga,AC Horsens vs Lyngby,under25,1.98
2026-08-16,2026-08-16T14:15:00,2026-08-23,Finland Veikkausliiga,HJK Helsinki vs IF Gnistan,over25,1.52
2026-08-16,2026-08-16T14:15:00,2026-08-23,Finland Veikkausliiga,HJK Helsinki vs IF Gnistan,over35,2.23
2026-08-16,2026-08-16T14:15:00,2026-08-23,Finland Veikkausliiga,HJK Helsinki vs IF Gnistan,under25,2.42
2026-08-16,2026-08-16T14:15:00,2026-08-23,Finland Veikkausliiga,KuPS Kuopio vs IFK Mariehamn,over25,1.39
2026-08-16,2026-08-16T14:15:00,2026-08-23,Finland Veikkausliiga,KuPS Kuopio vs IFK Mariehamn,under25,2.92
2026-08-16,2026-08-16T14:44:22,2026-08-16,Austrian Bundesliga,Hartberg vs Austria Wien,over25,1.94
2026-08-16,2026-08-16T14:44:22,2026-08-16,Austrian Bundesliga,Hartberg vs Austria Wien,under25,1.8
2026-08-16,2026-08-16T14:44:22,2026-08-16,Norway Eliteserien,Molde vs Tromso,over25,1.5
2026-08-16,2026-08-16T14:44:22,2026-08-16,Norway Eliteserien,Molde vs Tromso,over35,2.29
2026-08-16,2026-08-16T14:44:22,2026-08-16,Norway Eliteserien,Molde vs Tromso,under25,2.33
2026-08-16,2026-08-16T14:44:22,2026-08-16,Denmark Superliga,Randers FC vs FC Copenhagen,over25,1.59
2026-08-16,2026-08-16T14:44:22,2026-08-16,Denmark Superliga,Randers FC vs FC Copenhagen,under25,2.31
2026-08-16,2026-08-16T14:44:22,2026-08-16,Norway Eliteserien,SK Brann vs HamKam,over25,1.54
2026-08-16,2026-08-16T14:44:22,2026-08-16,Norway Eliteserien,SK Brann vs HamKam,over35,2.18
2026-08-16,2026-08-16T14:44:22,2026-08-16,Norway Eliteserien,SK Brann vs HamKam,under25,2.26
2026-08-16,2026-08-16T14:44:22,2026-08-16,Norway Eliteserien,Sarpsborg FK vs Sandefjord,over25,1.43
2026-08-16,2026-08-16T14:44:22,2026-08-16,Norway Eliteserien,Sarpsborg FK vs Sandefjord,under25,2.82
2026-08-16,2026-08-16T14:44:22,2026-08-16,Austrian Bundesliga,WSG Tirol vs RB Salzburg,over35,2.08
2026-08-16,2026-08-16T14:44:22,2026-08-19,USA MLS,New York Red Bulls vs Nashville SC,over35,2.35
2026-08-16,2026-08-16T14:44:22,2026-08-20,USA MLS,Minnesota United FC vs Atlanta United FC,under25,2.2
2026-08-16,2026-08-16T14:44:22,2026-08-22,Finland Veikkausliiga,TPS Turku vs FC Inter Turku,over25,1.84
2026-08-16,2026-08-16T14:44:22,2026-08-22,Finland Veikkausliiga,TPS Turku vs FC Inter Turku,under25,1.96
2026-08-16,2026-08-16T14:44:22,2026-08-23,Denmark Superliga,AC Horsens vs Lyngby,over25,1.72
2026-08-16,2026-08-16T14:44:22,2026-08-23,Denmark Superliga,AC Horsens vs Lyngby,under25,2.08
2026-08-16,2026-08-16T14:44:22,2026-08-23,Sweden Allsvenskan,Hammarby IF vs GAIS,over25,1.53
2026-08-16,2026-08-16T14:44:22,2026-08-23,Sweden Allsvenskan,Hammarby IF vs GAIS,under25,2.28
2026-08-16,2026-08-16T14:44:22,2026-08-23,Sweden Allsvenskan,IF Brommapojkarna vs Degerfors IF,over25,1.85
2026-08-16,2026-08-16T14:44:22,2026-08-23,Sweden Allsvenskan,IF Brommapojkarna vs Degerfors IF,under25,1.82
2026-08-16,2026-08-16T14:44:22,2026-08-23,Finland Veikkausliiga,KuPS Kuopio vs IFK Mariehamn,over25,1.41
2026-08-16,2026-08-16T14:44:22,2026-08-23,Finland Veikkausliiga,KuPS Kuopio vs IFK Mariehamn,under25,2.82
2026-08-16,2026-08-16T15:03:54,2026-08-16,Mexico Liga MX,América vs Atlético San Luis,over25,1.7
2026-08-16,2026-08-16T15:03:54,2026-08-16,Mexico Liga MX,América vs Atlético San Luis,under25,2.0
2026-08-16,2026-08-16T15:03:54,2026-08-16,Austrian Bundesliga,Rapid Wien vs Grazer AK,over25,1.81
2026-08-16,2026-08-16T15:03:54,2026-08-16,Austrian Bundesliga,Rapid Wien vs Grazer AK,under25,1.97
2026-08-16,2026-08-16T15:34:53,2026-08-17,USA MLS,Seattle Sounders FC vs Vancouver Whitecaps FC,over35,2.28
2026-08-16,2026-08-16T15:34:53,2026-08-22,Austrian Bundesliga,Rheindorf Altach vs Hartberg,over25,1.85
2026-08-16,2026-08-16T15:34:53,2026-08-22,Austrian Bundesliga,Rheindorf Altach vs Hartberg,under25,1.79
2026-08-16,2026-08-16T15:34:53,2026-08-22,Finland Veikkausliiga,TPS Turku vs FC Inter Turku,over25,1.85
2026-08-16,2026-08-16T15:34:53,2026-08-22,Finland Veikkausliiga,TPS Turku vs FC Inter Turku,under25,1.98
2026-08-16,2026-08-16T15:56:02,2026-08-16,Denmark Superliga,Randers FC vs FC Copenhagen,under25,2.38
2026-08-16,2026-08-16T15:56:02,2026-08-23,Sweden Allsvenskan,Hammarby IF vs GAIS,over25,1.5
2026-08-16,2026-08-16T15:56:02,2026-08-23,Sweden Allsvenskan,Hammarby IF vs GAIS,under25,2.35
2026-08-16,2026-08-16T15:56:02,2026-08-23,USA MLS,San Diego FC vs Colorado Rapids,over35,2.16
2026-08-16,2026-08-16T16:32:10,2026-08-16,Brazil Serie A,Corinthians vs Cruzeiro,over15,1.47
2026-08-16,2026-08-16T16:32:10,2026-08-16,Austrian Bundesliga,Rapid Wien vs Grazer AK,over25,1.78
2026-08-16,2026-08-16T16:32:10,2026-08-16,Austrian Bundesliga,Rapid Wien vs Grazer AK,under25,2.0
2026-08-16,2026-08-16T16:32:10,2026-08-16,Argentina Primera Division,Sarmiento de Junin vs Atlético Huracán,over15,1.67
2026-08-16,2026-08-16T16:32:10,2026-08-18,Mexico Liga MX,Necaxa vs León,over25,1.62
2026-08-16,2026-08-16T16:32:10,2026-08-18,Mexico Liga MX,Necaxa vs León,under25,2.23
2026-08-16,2026-08-16T16:32:10,2026-08-21,Sweden Allsvenskan,IK Sirius vs BK Hacken,over25,1.35
2026-08-16,2026-08-16T16:32:10,2026-08-21,Sweden Allsvenskan,IK Sirius vs BK Hacken,under25,3.15
2026-08-16,2026-08-16T16:32:10,2026-08-22,China Super League,Qingdao West Coast FC vs Shandong Luneng Taishan FC,over35,2.3
2026-08-16,2026-08-16T16:32:10,2026-08-23,Denmark Superliga,FC Midtjylland vs Randers FC,over25,1.62
2026-08-16,2026-08-16T16:32:10,2026-08-23,Denmark Superliga,FC Midtjylland vs Randers FC,under25,2.28
2026-08-16,2026-08-16T16:32:10,2026-08-23,Denmark Superliga,Viborg FF vs FC Copenhagen,over25,1.58
2026-08-16,2026-08-16T16:32:10,2026-08-23,Denmark Superliga,Viborg FF vs FC Copenhagen,over35,2.29
2026-08-16,2026-08-16T16:32:10,2026-08-23,Denmark Superliga,Viborg FF vs FC Copenhagen,under25,2.19
2026-08-16,2026-08-16T16:58:11,2026-08-16,Norway Eliteserien,Fredrikstad FK vs Kristiansund BK,over25,1.67
2026-08-16,2026-08-16T16:58:11,2026-08-16,Austrian Bundesliga,Rapid Wien vs Grazer AK,over25,1.85
2026-08-16,2026-08-16T16:58:11,2026-08-22,Finland Veikkausliiga,TPS Turku vs FC Inter Turku,over25,1.88
2026-08-16,2026-08-16T16:58:11,2026-08-22,Finland Veikkausliiga,TPS Turku vs FC Inter Turku,under25,1.96
2026-08-16,2026-08-16T16:58:11,2026-08-23,Denmark Superliga,Viborg FF vs FC Copenhagen,over25,1.56
2026-08-16,2026-08-16T16:58:11,2026-08-23,Denmark Superliga,Viborg FF vs FC Copenhagen,under25,2.22
2026-08-16,2026-08-16T17:54:21,2026-08-16,Mexico Liga MX,América vs Atlético San Luis,over25,1.73
2026-08-16,2026-08-16T17:54:21,2026-08-16,Mexico Liga MX,América vs Atlético San Luis,under25,2.12
2026-08-16,2026-08-16T17:54:21,2026-08-16,Mexico Liga MX,Pumas vs Querétaro,over25,1.77
2026-08-16,2026-08-16T17:54:21,2026-08-16,Mexico Liga MX,Pumas vs Querétaro,under25,2.1
2026-08-16,2026-08-16T17:54:21,2026-08-16,Argentina Primera Division,Sarmiento de Junin vs Atlético Huracán,over15,1.62
2026-08-16,2026-08-16T17:54:21,2026-08-16,Argentina Primera Division,Sarmiento de Junin vs Atlético Huracán,over25,2.82
2026-08-16,2026-08-16T17:54:21,2026-08-16,Argentina Primera Division,Sarmiento de Junin vs Atlético Huracán,under25,1.43
2026-08-16,2026-08-16T17:54:21,2026-08-17,Sweden Allsvenskan,BK Hacken vs Halmstads BK,over25,1.44
2026-08-16,2026-08-16T17:54:21,2026-08-18,Argentina Primera Division,Gimnasia Mendoza vs Talleres,over25,2.85
2026-08-16,2026-08-16T17:54:21,2026-08-18,Argentina Primera Division,Gimnasia Mendoza vs Talleres,under25,1.41
2026-08-16,2026-08-16T17:54:21,2026-08-18,Mexico Liga MX,Necaxa vs León,over25,1.63
2026-08-16,2026-08-16T17:54:21,2026-08-18,Mexico Liga MX,Necaxa vs León,under25,2.21
2026-08-16,2026-08-16T17:54:21,2026-08-23,Denmark Superliga,AC Horsens vs Lyngby,over25,1.68
2026-08-16,2026-08-16T17:54:21,2026-08-23,Denmark Superliga,AC Horsens vs Lyngby,under25,2.12
2026-08-16,2026-08-16T17:54:21,2026-08-23,Argentina Primera Division,Barracas Central vs Platense,over15,1.67
2026-08-16,2026-08-16T17:54:21,2026-08-23,Argentina Primera Division,Barracas Central vs Platense,over25,2.95
2026-08-16,2026-08-16T17:54:21,2026-08-23,Argentina Primera Division,Barracas Central vs Platense,under25,1.39
2026-08-16,2026-08-16T17:54:21,2026-08-23,Sweden Allsvenskan,Hammarby IF vs GAIS,over25,1.48
2026-08-16,2026-08-16T17:54:21,2026-08-23,Sweden Allsvenskan,Hammarby IF vs GAIS,under25,2.43
2026-08-16,2026-08-16T17:54:21,2026-08-23,Argentina Primera Division,Sarmiento de Junin vs Estudiantes,over15,1.52
2026-08-16,2026-08-16T17:54:21,2026-08-23,Argentina Primera Division,Sarmiento de Junin vs Estudiantes,over25,2.68
2026-08-16,2026-08-16T17:54:21,2026-08-23,Argentina Primera Division,Sarmiento de Junin vs Estudiantes,under25,1.46
2026-08-16,2026-08-16T17:54:21,2026-08-23,Denmark Superliga,Viborg FF vs FC Copenhagen,over35,2.31
2026-08-16,2026-08-16T18:19:42,2026-08-22,Japan J-League,Hiroshima Sanfrecce FC vs Kawasaki Frontale,over25,1.6
2026-08-16,2026-08-16T18:19:42,2026-08-22,Japan J-League,Hiroshima Sanfrecce FC vs Kawasaki Frontale,under25,2.2
2026-08-16,2026-08-16T18:19:42,2026-08-23,Denmark Superliga,AGF Aarhus vs OB Odense BK,over25,1.58
2026-08-16,2026-08-16T18:19:42,2026-08-23,Denmark Superliga,AGF Aarhus vs OB Odense BK,over35,2.14
2026-08-16,2026-08-16T18:19:42,2026-08-23,Denmark Superliga,AGF Aarhus vs OB Odense BK,under25,2.32
2026-08-16,2026-08-16T18:19:42,2026-08-23,Argentina Primera Division,Atlético Huracán vs Deportivo Riestra,over15,1.7
2026-08-16,2026-08-16T18:19:42,2026-08-23,Argentina Primera Division,Atlético Huracán vs Deportivo Riestra,over25,3.15
2026-08-16,2026-08-16T18:19:42,2026-08-23,Argentina Primera Division,Atlético Huracán vs Deportivo Riestra,under25,1.35
2026-08-16,2026-08-16T18:19:42,2026-08-23,Argentina Primera Division,Sarmiento de Junin vs Estudiantes,over25,2.62
2026-08-16,2026-08-16T18:19:42,2026-08-23,Argentina Primera Division,Sarmiento de Junin vs Estudiantes,under25,1.47
2026-08-16,2026-08-16T18:53:12,2026-08-16,Argentina Primera Division,Barracas Central vs Rosario Central,over25,2.92
2026-08-16,2026-08-16T18:53:12,2026-08-16,Argentina Primera Division,Barracas Central vs Rosario Central,under25,1.39
2026-08-16,2026-08-16T18:53:12,2026-08-16,Brazil Serie A,Corinthians vs Cruzeiro,over15,1.49
2026-08-16,2026-08-16T18:53:12,2026-08-16,Argentina Primera Division,River Plate vs Argentinos Juniors,over25,2.48
2026-08-16,2026-08-16T18:53:12,2026-08-16,Argentina Primera Division,River Plate vs Argentinos Juniors,under25,1.54
2026-08-16,2026-08-16T18:53:12,2026-08-21,Austrian Bundesliga,Ried vs Grazer AK,over25,1.94
2026-08-16,2026-08-16T18:53:12,2026-08-21,Austrian Bundesliga,Ried vs Grazer AK,under25,1.8
2026-08-16,2026-08-16T18:53:12,2026-08-22,Mexico Liga MX,Querétaro vs Toluca,over35,2.26
2026-08-16,2026-08-16T18:53:12,2026-08-23,Denmark Superliga,AGF Aarhus vs OB Odense BK,over25,1.62
2026-08-16,2026-08-16T18:53:12,2026-08-23,Denmark Superliga,AGF Aarhus vs OB Odense BK,under25,2.28
2026-08-16,2026-08-16T18:53:12,2026-08-23,Argentina Primera Division,Sarmiento de Junin vs Estudiantes,over15,1.5
2026-08-16,2026-08-16T18:53:12,2026-08-23,Argentina Primera Division,Sarmiento de Junin vs Estudiantes,over25,2.58
2026-08-16,2026-08-16T18:53:12,2026-08-23,Argentina Primera Division,Sarmiento de Junin vs Estudiantes,under25,1.49
2026-08-16,2026-08-16T19:20:01,2026-08-17,Finland Veikkausliiga,IF Gnistan vs Ilves Tampere,over25,1.57
2026-08-16,2026-08-16T19:20:01,2026-08-17,Finland Veikkausliiga,IF Gnistan vs Ilves Tampere,under25,2.35
2026-08-16,2026-08-16T19:20:01,2026-08-17,Mexico Liga MX,Tijuana vs Cruz Azul,over25,1.88
2026-08-16,2026-08-16T19:20:01,2026-08-17,Mexico Liga MX,Tijuana vs Cruz Azul,under25,1.87
2026-08-16,2026-08-16T19:20:01,2026-08-22,Brazil Serie A,Internacional vs Atletico Mineiro,over25,2.08
2026-08-16,2026-08-16T19:20:01,2026-08-22,Brazil Serie A,Internacional vs Atletico Mineiro,under25,1.78
2026-08-16,2026-08-16T19:20:01,2026-08-23,Denmark Superliga,AGF Aarhus vs OB Odense BK,over25,1.58
2026-08-16,2026-08-16T19:20:01,2026-08-23,Denmark Superliga,AGF Aarhus vs OB Odense BK,under25,2.32
2026-08-16,2026-08-16T19:20:01,2026-08-23,Brazil Serie A,Bragantino-SP vs Grêmio,over25,1.91
2026-08-16,2026-08-16T19:20:01,2026-08-23,Brazil Serie A,Bragantino-SP vs Grêmio,under25,1.94
2026-08-16,2026-08-16T19:20:01,2026-08-23,Brazil Serie A,Palmeiras vs Vasco da Gama,over25,1.92
2026-08-16,2026-08-16T19:20:01,2026-08-23,Brazil Serie A,Palmeiras vs Vasco da Gama,under25,1.93
2026-08-16,2026-08-16T19:20:01,2026-08-23,Brazil Serie A,Vitoria vs Bahia,over25,2.02
2026-08-16,2026-08-16T19:20:01,2026-08-23,Brazil Serie A,Vitoria vs Bahia,under25,1.83
2026-08-16,2026-08-16T19:42:15,2026-08-16,Brazil Serie A,Mirassol vs Flamengo,over25,1.91
2026-08-16,2026-08-16T19:42:15,2026-08-16,Brazil Serie A,Mirassol vs Flamengo,under25,1.8
2026-08-16,2026-08-16T19:42:15,2026-08-16,Argentina Primera Division,River Plate vs Argentinos Juniors,over15,1.48
2026-08-16,2026-08-16T19:42:15,2026-08-17,Mexico Liga MX,Santos Laguna vs Guadalajara,over35,2.25
2026-08-16,2026-08-16T19:42:15,2026-08-17,Mexico Liga MX,Santos Laguna vs Guadalajara,under25,2.24
2026-08-16,2026-08-16T19:42:15,2026-08-17,Mexico Liga MX,Tijuana vs Cruz Azul,over25,1.87
2026-08-16,2026-08-16T19:42:15,2026-08-17,Mexico Liga MX,Tijuana vs Cruz Azul,under25,1.88
2026-08-16,2026-08-16T19:42:15,2026-08-21,Ireland Premier Division,Dundalk vs Galway United,over25,1.55
2026-08-16,2026-08-16T19:42:15,2026-08-21,Ireland Premier Division,Dundalk vs Galway United,under25,2.28
2026-08-16,2026-08-16T19:42:15,2026-08-22,Brazil Serie A,Internacional vs Atletico Mineiro,over25,2.09
2026-08-16,2026-08-16T19:42:15,2026-08-22,Brazil Serie A,Internacional vs Atletico Mineiro,under25,1.77
2026-08-16,2026-08-16T19:42:15,2026-08-23,Argentina Primera Division,Atlético Huracán vs Deportivo Riestra,over15,1.72
2026-08-16,2026-08-16T19:42:15,2026-08-23,Argentina Primera Division,Atlético Huracán vs Deportivo Riestra,over25,3.2
2026-08-16,2026-08-16T19:42:15,2026-08-23,Argentina Primera Division,Atlético Huracán vs Deportivo Riestra,under25,1.34
2026-08-16,2026-08-16T19:42:15,2026-08-23,Finland Veikkausliiga,KuPS Kuopio vs IFK Mariehamn,under25,2.75
2026-08-16,2026-08-16T19:59:35,2026-08-17,Mexico Liga MX,Santos Laguna vs Guadalajara,over25,1.51
2026-08-16,2026-08-16T19:59:35,2026-08-17,Mexico Liga MX,Santos Laguna vs Guadalajara,under25,2.26
2026-08-16,2026-08-16T19:59:35,2026-08-23,Argentina Primera Division,Atlético Huracán vs Deportivo Riestra,over15,1.7
2026-08-16,2026-08-16T19:59:35,2026-08-23,Argentina Primera Division,Atlético Huracán vs Deportivo Riestra,over25,3.15
2026-08-16,2026-08-16T19:59:35,2026-08-23,Argentina Primera Division,Atlético Huracán vs Deportivo Riestra,under25,1.35
2026-08-16,2026-08-16T20:35:00,2026-08-16,Argentina Primera Division,River Plate vs Argentinos Juniors,over15,1.47
2026-08-16,2026-08-16T20:35:00,2026-08-18,Mexico Liga MX,Necaxa vs León,over25,1.65
2026-08-16,2026-08-16T20:35:00,2026-08-18,Mexico Liga MX,Necaxa vs León,under25,2.17
2026-08-16,2026-08-16T20:35:00,2026-08-23,Denmark Superliga,AGF Aarhus vs OB Odense BK,over25,1.55
2026-08-16,2026-08-16T20:35:00,2026-08-23,Denmark Superliga,AGF Aarhus vs OB Odense BK,under25,2.38
2026-08-16,2026-08-16T20:35:00,2026-08-23,Argentina Primera Division,Belgrano de Cordoba vs Defensa y Justicia,over25,2.38
2026-08-16,2026-08-16T20:35:00,2026-08-23,Argentina Primera Division,Belgrano de Cordoba vs Defensa y Justicia,under25,1.49
2026-08-16,2026-08-16T20:35:00,2026-08-23,USA MLS,New England Revolution vs New York City FC,over25,1.6
2026-08-16,2026-08-16T20:35:00,2026-08-23,USA MLS,New England Revolution vs New York City FC,under25,1.95
2026-08-16,2026-08-16T20:56:40,2026-08-16,Argentina Primera Division,River Plate vs Argentinos Juniors,over15,1.48
2026-08-16,2026-08-16T20:56:40,2026-08-16,Argentina Primera Division,River Plate vs Argentinos Juniors,over25,2.55
2026-08-16,2026-08-16T20:56:40,2026-08-16,Argentina Primera Division,River Plate vs Argentinos Juniors,under25,1.5
2026-08-16,2026-08-16T20:56:40,2026-08-17,Sweden Allsvenskan,BK Hacken vs Halmstads BK,over35,2.07
2026-08-16,2026-08-16T20:56:40,2026-08-18,Mexico Liga MX,Necaxa vs León,over25,1.69
2026-08-16,2026-08-16T20:56:40,2026-08-18,Mexico Liga MX,Necaxa vs León,under25,2.11
2026-08-16,2026-08-16T20:56:40,2026-08-23,Denmark Superliga,AGF Aarhus vs OB Odense BK,over25,1.62
2026-08-16,2026-08-16T20:56:40,2026-08-23,Denmark Superliga,AGF Aarhus vs OB Odense BK,under25,2.22
2026-08-16,2026-08-16T20:56:40,2026-08-23,Argentina Primera Division,Atlético Huracán vs Deportivo Riestra,over15,1.68
2026-08-16,2026-08-16T21:28:14,2026-08-18,Mexico Liga MX,Necaxa vs León,over25,1.68
2026-08-16,2026-08-16T21:28:14,2026-08-18,Mexico Liga MX,Necaxa vs León,under25,2.12
2026-08-16,2026-08-16T21:28:14,2026-08-20,USA MLS,Real Salt Lake vs FC Dallas,over35,2.24
2026-08-16,2026-08-16T21:28:14,2026-08-22,Brazil Serie A,Internacional vs Atletico Mineiro,over25,2.08
2026-08-16,2026-08-16T21:28:14,2026-08-22,Brazil Serie A,Internacional vs Atletico Mineiro,under25,1.78
2026-08-16,2026-08-16T21:28:14,2026-08-23,Argentina Primera Division,Atlético Huracán vs Deportivo Riestra,over25,3.05
2026-08-16,2026-08-16T21:28:14,2026-08-23,Argentina Primera Division,Atlético Huracán vs Deportivo Riestra,under25,1.37
2026-08-16,2026-08-16T21:28:14,2026-08-23,Sweden Allsvenskan,Hammarby IF vs GAIS,over25,1.57
2026-08-16,2026-08-16T21:28:14,2026-08-23,Sweden Allsvenskan,Hammarby IF vs GAIS,over35,2.17
2026-08-16,2026-08-16T21:28:14,2026-08-23,Sweden Allsvenskan,Hammarby IF vs GAIS,under25,2.35
2026-08-16,2026-08-16T21:28:14,2026-08-23,Brazil Serie A,Vitoria vs Bahia,over25,2.03
2026-08-16,2026-08-16T21:28:14,2026-08-23,Brazil Serie A,Vitoria vs Bahia,under25,1.82
2026-08-16,2026-08-16T21:50:07,2026-08-16,USA MLS,Chicago Fire vs Portland Timbers,over25,1.36
2026-08-16,2026-08-16T21:50:07,2026-08-16,USA MLS,Chicago Fire vs Portland Timbers,under25,3.0
2026-08-16,2026-08-16T21:50:07,2026-08-20,USA MLS,Minnesota United FC vs Atlanta United FC,under25,2.19
2026-08-16,2026-08-16T21:50:07,2026-08-22,Argentina Primera Division,Atlético Tucuman vs Instituto de Córdoba,over15,1.52
2026-08-16,2026-08-16T21:50:07,2026-08-23,Brazil Serie A,Chapecoense vs Sao Paulo,over25,2.06
2026-08-16,2026-08-16T21:50:07,2026-08-23,Brazil Serie A,Chapecoense vs Sao Paulo,under25,1.74
2026-08-16,2026-08-16T21:50:07,2026-08-23,Brazil Serie A,Santos vs Mirassol,over25,2.01
2026-08-16,2026-08-16T21:50:07,2026-08-23,Brazil Serie A,Santos vs Mirassol,under25,1.78
2026-08-16,2026-08-16T21:50:07,2026-08-23,Brazil Serie A,Vitoria vs Bahia,over25,2.0
2026-08-16,2026-08-16T21:50:07,2026-08-23,Brazil Serie A,Vitoria vs Bahia,under25,1.84
2026-08-16,2026-08-16T22:10:52,2026-08-16,Argentina Primera Division,Barracas Central vs Rosario Central,over25,2.95
2026-08-16,2026-08-16T22:40:04,2026-08-16,Mexico Liga MX,América vs Atlético San Luis,over25,1.8
2026-08-16,2026-08-16T22:40:04,2026-08-16,Mexico Liga MX,América vs Atlético San Luis,under25,2.03
2026-08-16,2026-08-16T22:40:04,2026-08-17,Sweden Allsvenskan,BK Hacken vs Halmstads BK,over35,2.05
2026-08-16,2026-08-16T22:40:04,2026-08-19,USA MLS,FC Cincinnati vs New York City FC,over35,2.12
2026-08-16,2026-08-16T22:40:04,2026-08-19,USA MLS,Orlando City SC vs Chicago Fire,over35,1.89
2026-08-16,2026-08-16T22:40:04,2026-08-19,USA MLS,Philadelphia Union vs Inter Miami CF,over25,1.4
2026-08-16,2026-08-16T22:40:04,2026-08-19,USA MLS,Philadelphia Union vs Inter Miami CF,over35,2.14
2026-08-16,2026-08-16T22:40:04,2026-08-19,USA MLS,Philadelphia Union vs Inter Miami CF,under25,2.75
2026-08-16,2026-08-16T22:40:04,2026-08-20,USA MLS,Minnesota United FC vs Atlanta United FC,under25,2.2
2026-08-16,2026-08-16T22:40:04,2026-08-20,USA MLS,Portland Timbers vs San Diego FC,over35,1.87
2026-08-16,2026-08-16T22:40:04,2026-08-22,Argentina Primera Division,Atlético Tucuman vs Instituto de Córdoba,over15,1.53
2026-08-16,2026-08-16T22:40:04,2026-08-23,Brazil Serie A,Coritiba vs Corinthians,over25,2.33
2026-08-16,2026-08-16T22:40:04,2026-08-23,Brazil Serie A,Coritiba vs Corinthians,under25,1.63
2026-08-16,2026-08-16T22:40:04,2026-08-23,Argentina Primera Division,River Plate vs Velez Sarsfield BA,over25,2.35
2026-08-16,2026-08-16T22:40:04,2026-08-23,Argentina Primera Division,River Plate vs Velez Sarsfield BA,under25,1.51
2026-08-16,2026-08-16T22:59:41,2026-08-16,Argentina Primera Division,Barracas Central vs Rosario Central,over15,1.66
2026-08-16,2026-08-16T22:59:41,2026-08-16,Argentina Primera Division,Barracas Central vs Rosario Central,over25,3.05
2026-08-16,2026-08-16T22:59:41,2026-08-16,Argentina Primera Division,Barracas Central vs Rosario Central,under25,1.37
2026-08-16,2026-08-16T22:59:41,2026-08-17,Sweden Allsvenskan,BK Hacken vs Halmstads BK,over35,2.07
2026-08-16,2026-08-16T22:59:41,2026-08-22,Brazil Serie A,Cruzeiro vs Flamengo,over25,2.01
2026-08-16,2026-08-16T22:59:41,2026-08-22,Brazil Serie A,Cruzeiro vs Flamengo,under25,1.84
2026-08-16,2026-08-16T22:59:41,2026-08-23,Brazil Serie A,Coritiba vs Corinthians,over25,2.5
2026-08-16,2026-08-16T22:59:41,2026-08-23,Brazil Serie A,Coritiba vs Corinthians,under25,1.56
2026-08-16,2026-08-16T23:30:50,2026-08-19,USA MLS,D.C. United vs New England Revolution,over25,1.76
2026-08-16,2026-08-16T23:30:50,2026-08-19,USA MLS,D.C. United vs New England Revolution,under25,2.03
2026-08-16,2026-08-16T23:30:50,2026-08-23,USA MLS,Atlanta United FC vs Sporting Kansas City,over25,1.44
2026-08-16,2026-08-16T23:30:50,2026-08-23,USA MLS,Atlanta United FC vs Sporting Kansas City,over35,2.3
2026-08-16,2026-08-16T23:30:50,2026-08-23,USA MLS,Atlanta United FC vs Sporting Kansas City,under25,2.5
2026-08-16,2026-08-16T23:30:50,2026-08-23,Mexico Liga MX,Atlético San Luis vs Pachuca,over25,1.6
2026-08-16,2026-08-16T23:30:50,2026-08-23,Mexico Liga MX,Atlético San Luis vs Pachuca,under25,1.94
2026-08-17,2026-08-17T00:57:37,2026-08-17,Mexico Liga MX,Santos Laguna vs Guadalajara,over25,1.52
2026-08-17,2026-08-17T00:57:37,2026-08-17,Mexico Liga MX,Santos Laguna vs Guadalajara,over35,2.46
2026-08-17,2026-08-17T00:57:37,2026-08-17,Mexico Liga MX,Santos Laguna vs Guadalajara,under25,2.38
2026-08-17,2026-08-17T00:57:37,2026-08-17,Mexico Liga MX,Tijuana vs Cruz Azul,over25,1.86
2026-08-17,2026-08-17T00:57:37,2026-08-17,Mexico Liga MX,Tijuana vs Cruz Azul,under25,1.89
2026-08-17,2026-08-17T00:57:37,2026-08-19,USA MLS,Columbus Crew SC vs CF Montreal,over35,2.35
2026-08-17,2026-08-17T00:57:37,2026-08-20,USA MLS,Real Salt Lake vs FC Dallas,over35,2.29
2026-08-17,2026-08-17T00:57:37,2026-08-24,Argentina Primera Division,Racing Club vs Boca Juniors,over15,1.56
2026-08-17,2026-08-17T00:57:37,2026-08-24,Argentina Primera Division,Racing Club vs Boca Juniors,over25,2.62
2026-08-17,2026-08-17T00:57:37,2026-08-24,Argentina Primera Division,Racing Club vs Boca Juniors,under25,1.47
2026-08-17,2026-08-17T08:55:29,2026-08-17,Argentina Primera Division,Velez Sarsfield BA vs Defensa y Justicia,over25,2.27
2026-08-17,2026-08-17T08:55:29,2026-08-17,Argentina Primera Division,Velez Sarsfield BA vs Defensa y Justicia,under25,1.63
2026-08-17,2026-08-17T08:55:29,2026-08-18,China Super League,Shanghai Shenhua FC vs Beijing FC,over35,2.01
2026-08-17,2026-08-17T08:55:29,2026-08-19,China Super League,Shanghai SIPG FC vs Dalian Yingbo,over25,1.46
2026-08-17,2026-08-17T08:55:29,2026-08-19,China Super League,Shanghai SIPG FC vs Dalian Yingbo,over35,2.25
2026-08-17,2026-08-17T08:55:29,2026-08-19,China Super League,Shanghai SIPG FC vs Dalian Yingbo,under25,2.52
2026-08-17,2026-08-17T08:55:29,2026-08-20,USA MLS,Portland Timbers vs San Diego FC,over35,1.93
2026-08-17,2026-08-17T08:55:29,2026-08-20,USA MLS,Real Salt Lake vs FC Dallas,over35,2.31
2026-08-17,2026-08-17T08:55:29,2026-08-20,USA MLS,Seattle Sounders FC vs Austin FC,over25,1.44
2026-08-17,2026-08-17T08:55:29,2026-08-20,USA MLS,Seattle Sounders FC vs Austin FC,over35,2.3
2026-08-17,2026-08-17T08:55:29,2026-08-20,USA MLS,Seattle Sounders FC vs Austin FC,under25,2.5
2026-08-17,2026-08-17T08:55:29,2026-08-20,USA MLS,Vancouver Whitecaps FC vs Houston Dynamo,over35,2.27
2026-08-17,2026-08-17T08:55:29,2026-08-22,USA MLS,Charlotte FC vs D.C. United,over25,1.65
2026-08-17,2026-08-17T08:55:29,2026-08-22,USA MLS,Charlotte FC vs D.C. United,under25,2.18
2026-08-17,2026-08-17T08:55:29,2026-08-22,Brazil Serie A,Cruzeiro vs Flamengo,over25,2.02
2026-08-17,2026-08-17T08:55:29,2026-08-22,Brazil Serie A,Cruzeiro vs Flamengo,under25,1.83
2026-08-17,2026-08-17T08:55:29,2026-08-22,Mexico Liga MX,Guadalajara vs Tijuana,over25,1.6
2026-08-17,2026-08-17T08:55:29,2026-08-22,Mexico Liga MX,Guadalajara vs Tijuana,over35,2.32
2026-08-17,2026-08-17T08:55:29,2026-08-22,Mexico Liga MX,Guadalajara vs Tijuana,under25,2.22
2026-08-17,2026-08-17T08:55:29,2026-08-22,Brazil Serie A,Internacional vs Atletico Mineiro,over25,2.09
2026-08-17,2026-08-17T08:55:29,2026-08-22,Brazil Serie A,Internacional vs Atletico Mineiro,under25,1.77
2026-08-17,2026-08-17T08:55:29,2026-08-22,Mexico Liga MX,León vs Monterrey,over25,1.54
2026-08-17,2026-08-17T08:55:29,2026-08-22,Mexico Liga MX,León vs Monterrey,under25,2.32
2026-08-17,2026-08-17T08:55:29,2026-08-22,Austrian Bundesliga,Sturm Graz vs Austria Lustenau,over25,1.51
2026-08-17,2026-08-17T08:55:29,2026-08-22,Austrian Bundesliga,Sturm Graz vs Austria Lustenau,over35,2.24
2026-08-17,2026-08-17T08:55:29,2026-08-22,Austrian Bundesliga,Sturm Graz vs Austria Lustenau,under25,2.27
2026-08-17,2026-08-17T08:55:29,2026-08-22,Sweden Allsvenskan,Örgryte IS vs Halmstads BK,over25,1.74
2026-08-17,2026-08-17T08:55:29,2026-08-22,Sweden Allsvenskan,Örgryte IS vs Halmstads BK,under25,1.93
2026-08-17,2026-08-17T08:55:29,2026-08-23,Denmark Superliga,AC Horsens vs Lyngby,over25,1.82
2026-08-17,2026-08-17T08:55:29,2026-08-23,Denmark Superliga,AC Horsens vs Lyngby,under25,1.98
2026-08-17,2026-08-17T08:55:29,2026-08-23,Denmark Superliga,AGF Aarhus vs OB Odense BK,over25,1.65
2026-08-17,2026-08-17T08:55:29,2026-08-23,Argentina Primera Division,Atlético Huracán vs Deportivo Riestra,over15,1.64
2026-08-17,2026-08-17T08:55:29,2026-08-23,Argentina Primera Division,Atlético Huracán vs Deportivo Riestra,over25,2.95
2026-08-17,2026-08-17T08:55:29,2026-08-23,Argentina Primera Division,Atlético Huracán vs Deportivo Riestra,under25,1.39
2026-08-17,2026-08-17T08:55:29,2026-08-23,Brazil Serie A,Bragantino-SP vs Grêmio,over25,1.9
2026-08-17,2026-08-17T08:55:29,2026-08-23,Brazil Serie A,Bragantino-SP vs Grêmio,under25,1.95
2026-08-17,2026-08-17T08:55:29,2026-08-23,Sweden Allsvenskan,Hammarby IF vs GAIS,over25,1.58
2026-08-17,2026-08-17T08:55:29,2026-08-23,Sweden Allsvenskan,Hammarby IF vs GAIS,over35,2.25
2026-08-17,2026-08-17T08:55:29,2026-08-23,Sweden Allsvenskan,Hammarby IF vs GAIS,under25,2.33
2026-08-17,2026-08-17T08:55:29,2026-08-23,Sweden Allsvenskan,IFK Goteborg vs IF Elfsborg,over25,1.75
2026-08-17,2026-08-17T08:55:29,2026-08-23,Sweden Allsvenskan,IFK Goteborg vs IF Elfsborg,under25,2.02
2026-08-17,2026-08-17T08:55:29,2026-08-23,Finland Veikkausliiga,KuPS Kuopio vs IFK Mariehamn,under25,2.82
2026-08-17,2026-08-17T08:55:29,2026-08-23,USA MLS,Nashville SC vs Columbus Crew SC,over25,1.67
2026-08-17,2026-08-17T08:55:29,2026-08-23,USA MLS,Nashville SC vs Columbus Crew SC,under25,2.15
2026-08-17,2026-08-17T08:55:29,2026-08-23,Brazil Serie A,Palmeiras vs Vasco da Gama,over25,1.88
2026-08-17,2026-08-17T08:55:29,2026-08-23,Brazil Serie A,Palmeiras vs Vasco da Gama,under25,1.97
2026-08-17,2026-08-17T08:55:29,2026-08-23,Brazil Serie A,Santos vs Mirassol,over25,1.96
2026-08-17,2026-08-17T08:55:29,2026-08-23,Brazil Serie A,Santos vs Mirassol,under25,1.82
2026-08-17,2026-08-17T08:55:29,2026-08-23,USA MLS,St. Louis City SC vs Houston Dynamo,under25,2.33
2026-08-17,2026-08-17T08:55:29,2026-08-23,Finland Veikkausliiga,TPS Turku vs FC Inter Turku,over25,1.85
2026-08-17,2026-08-17T08:55:29,2026-08-23,Finland Veikkausliiga,TPS Turku vs FC Inter Turku,under25,1.88
2026-08-17,2026-08-17T08:55:29,2026-08-23,Denmark Superliga,Viborg FF vs FC Copenhagen,over25,1.52
2026-08-17,2026-08-17T08:55:29,2026-08-23,Denmark Superliga,Viborg FF vs FC Copenhagen,over35,2.28
2026-08-17,2026-08-17T08:55:29,2026-08-23,Denmark Superliga,Viborg FF vs FC Copenhagen,under25,2.48
2026-08-17,2026-08-17T08:55:29,2026-08-24,Mexico Liga MX,Pumas vs Necaxa,over25,1.55
2026-08-17,2026-08-17T08:55:29,2026-08-24,Mexico Liga MX,Pumas vs Necaxa,under25,2.3
2026-08-17,2026-08-17T09:45:56,2026-08-17,Finland Veikkausliiga,IF Gnistan vs Ilves Tampere,over25,1.58
2026-08-17,2026-08-17T09:45:56,2026-08-17,Finland Veikkausliiga,IF Gnistan vs Ilves Tampere,under25,2.33
2026-08-17,2026-08-17T09:45:56,2026-08-19,USA MLS,Orlando City SC vs Chicago Fire,over35,1.9
2026-08-17,2026-08-17T09:45:56,2026-08-19,China Super League,Shanghai SIPG FC vs Dalian Yingbo,over25,1.47
2026-08-17,2026-08-17T09:45:56,2026-08-21,Ireland Premier Division,Drogheda United vs St Patricks Athletic,over25,1.85
2026-08-17,2026-08-17T09:45:56,2026-08-21,Ireland Premier Division,Drogheda United vs St Patricks Athletic,under25,1.85
2026-08-17,2026-08-17T09:45:56,2026-08-23,Sweden Allsvenskan,IFK Goteborg vs IF Elfsborg,over25,1.72
2026-08-17,2026-08-17T09:45:56,2026-08-23,Sweden Allsvenskan,IFK Goteborg vs IF Elfsborg,under25,2.08
2026-08-17,2026-08-17T10:19:01,2026-08-17,Sweden Allsvenskan,BK Hacken vs Halmstads BK,over35,2.05
2026-08-17,2026-08-17T10:19:01,2026-08-17,Finland Veikkausliiga,IF Gnistan vs Ilves Tampere,over25,1.57
2026-08-17,2026-08-17T10:19:01,2026-08-17,Finland Veikkausliiga,IF Gnistan vs Ilves Tampere,under25,2.18
2026-08-17,2026-08-17T10:19:01,2026-08-18,China Super League,Shanghai Shenhua FC vs Beijing FC,over25,1.36
2026-08-17,2026-08-17T10:19:01,2026-08-18,China Super League,Shanghai Shenhua FC vs Beijing FC,over35,2.0
2026-08-17,2026-08-17T10:19:01,2026-08-18,China Super League,Shanghai Shenhua FC vs Beijing FC,under25,2.9
2026-08-17,2026-08-17T10:19:01,2026-08-19,USA MLS,Columbus Crew SC vs CF Montreal,over35,2.36
2026-08-17,2026-08-17T10:19:01,2026-08-20,USA MLS,Vancouver Whitecaps FC vs Houston Dynamo,over35,2.32
2026-08-17,2026-08-17T10:19:01,2026-08-23,Argentina Primera Division,Newells Old Boys vs Banfield,over25,2.4
2026-08-17,2026-08-17T10:19:01,2026-08-23,Argentina Primera Division,Newells Old Boys vs Banfield,under25,1.49
2026-08-17,2026-08-17T10:54:17,2026-08-17,Sweden Allsvenskan,BK Hacken vs Halmstads BK,over35,2.07
2026-08-17,2026-08-17T10:54:17,2026-08-17,Argentina Primera Division,Velez Sarsfield BA vs Defensa y Justicia,over25,2.25
2026-08-17,2026-08-17T10:54:17,2026-08-17,Argentina Primera Division,Velez Sarsfield BA vs Defensa y Justicia,under25,1.64
2026-08-17,2026-08-17T10:54:17,2026-08-19,USA MLS,Columbus Crew SC vs CF Montreal,over35,2.35
2026-08-17,2026-08-17T10:54:17,2026-08-19,China Super League,Shanghai SIPG FC vs Dalian Yingbo,over35,2.23
2026-08-17,2026-08-17T10:54:17,2026-08-20,USA MLS,Vancouver Whitecaps FC vs Houston Dynamo,over35,2.33
2026-08-17,2026-08-17T10:54:17,2026-08-22,China Super League,Beijing FC vs Yunnan Yukun,over25,1.24
2026-08-17,2026-08-17T10:54:17,2026-08-22,China Super League,Beijing FC vs Yunnan Yukun,over35,1.69
2026-08-17,2026-08-17T10:54:17,2026-08-22,China Super League,Beijing FC vs Yunnan Yukun,under25,3.6
2026-08-17,2026-08-17T10:54:17,2026-08-22,China Super League,Chengdu Rongcheng FC vs Shanghai Shenhua FC,over25,1.37
2026-08-17,2026-08-17T10:54:17,2026-08-22,China Super League,Chengdu Rongcheng FC vs Shanghai Shenhua FC,over35,1.96
2026-08-17,2026-08-17T10:54:17,2026-08-22,China Super League,Chengdu Rongcheng FC vs Shanghai Shenhua FC,under25,2.85
2026-08-17,2026-08-17T10:54:17,2026-08-22,China Super League,Qingdao West Coast FC vs Shandong Luneng Taishan FC,over25,1.47
2026-08-17,2026-08-17T10:54:17,2026-08-22,China Super League,Qingdao West Coast FC vs Shandong Luneng Taishan FC,over35,2.25
2026-08-17,2026-08-17T10:54:17,2026-08-22,China Super League,Qingdao West Coast FC vs Shandong Luneng Taishan FC,under25,2.52
2026-08-17,2026-08-17T10:54:17,2026-08-22,China Super League,Shenzhen Peng City FC vs Zhejiang,over25,1.48
2026-08-17,2026-08-17T10:54:17,2026-08-22,China Super League,Shenzhen Peng City FC vs Zhejiang,under25,2.48
2026-08-17,2026-08-17T10:54:17,2026-08-23,China Super League,Shanghai SIPG FC vs Qingdao Hainiu FC,over25,1.38
2026-08-17,2026-08-17T10:54:17,2026-08-23,China Super League,Shanghai SIPG FC vs Qingdao Hainiu FC,under25,2.82
2026-08-17,2026-08-17T10:54:17,2026-08-23,Denmark Superliga,Viborg FF vs FC Copenhagen,over25,1.53
2026-08-17,2026-08-17T10:54:17,2026-08-23,Denmark Superliga,Viborg FF vs FC Copenhagen,over35,2.31
2026-08-17,2026-08-17T10:54:17,2026-08-23,Denmark Superliga,Viborg FF vs FC Copenhagen,under25,2.29
2026-08-17,2026-08-17T11:25:56,2026-08-17,Sweden Allsvenskan,BK Hacken vs Halmstads BK,over35,2.05
2026-08-17,2026-08-17T11:25:56,2026-08-17,Finland Veikkausliiga,IF Gnistan vs Ilves Tampere,over25,1.54
2026-08-17,2026-08-17T11:25:56,2026-08-17,Finland Veikkausliiga,IF Gnistan vs Ilves Tampere,over35,2.23
2026-08-17,2026-08-17T11:25:56,2026-08-17,Finland Veikkausliiga,IF Gnistan vs Ilves Tampere,under25,2.28
2026-08-17,2026-08-17T11:25:56,2026-08-19,China Super League,Shanghai SIPG FC vs Dalian Yingbo,over35,2.16
2026-08-17,2026-08-17T11:25:56,2026-08-20,USA MLS,Colorado Rapids vs Los Angeles FC,over25,1.73
2026-08-17,2026-08-17T11:25:56,2026-08-20,USA MLS,Colorado Rapids vs Los Angeles FC,under25,2.2
2026-08-17,2026-08-17T11:25:56,2026-08-20,USA MLS,Vancouver Whitecaps FC vs Houston Dynamo,over35,2.34
2026-08-17,2026-08-17T11:25:56,2026-08-22,China Super League,Chengdu Rongcheng FC vs Shanghai Shenhua FC,over35,1.93
2026-08-17,2026-08-17T11:25:56,2026-08-23,Argentina Primera Division,Atlético Huracán vs Deportivo Riestra,over15,1.66
2026-08-17,2026-08-17T11:25:56,2026-08-23,Japan J-League,FC Machida Zelvia vs Urawa Red Diamonds,over25,2.08
2026-08-17,2026-08-17T11:25:56,2026-08-23,Japan J-League,FC Machida Zelvia vs Urawa Red Diamonds,under25,1.65
2026-08-17,2026-08-17T11:53:28,2026-08-17,Finland Veikkausliiga,IF Gnistan vs Ilves Tampere,over25,1.57
2026-08-17,2026-08-17T11:53:28,2026-08-17,Finland Veikkausliiga,IF Gnistan vs Ilves Tampere,over35,2.25
2026-08-17,2026-08-17T11:53:28,2026-08-17,Finland Veikkausliiga,IF Gnistan vs Ilves Tampere,under25,2.35
2026-08-17,2026-08-17T11:53:28,2026-08-17,Argentina Primera Division,Velez Sarsfield BA vs Defensa y Justicia,over25,2.23
2026-08-17,2026-08-17T11:53:28,2026-08-17,Argentina Primera Division,Velez Sarsfield BA vs Defensa y Justicia,under25,1.66
2026-08-17,2026-08-17T11:53:28,2026-08-18,Argentina Primera Division,Gimnasia Mendoza vs Talleres,over15,1.57
2026-08-17,2026-08-17T11:53:28,2026-08-18,Argentina Primera Division,Gimnasia Mendoza vs Talleres,over25,2.82
2026-08-17,2026-08-17T11:53:28,2026-08-18,Argentina Primera Division,Gimnasia Mendoza vs Talleres,under25,1.43
2026-08-17,2026-08-17T11:53:28,2026-08-18,China Super League,Shanghai Shenhua FC vs Beijing FC,over35,2.01
2026-08-17,2026-08-17T11:53:28,2026-08-19,China Super League,Shanghai SIPG FC vs Dalian Yingbo,over35,2.15
2026-08-17,2026-08-17T11:53:28,2026-08-19,USA MLS,Toronto FC vs Charlotte FC,under25,2.22
2026-08-17,2026-08-17T11:53:28,2026-08-20,USA MLS,Colorado Rapids vs Los Angeles FC,over25,1.72
2026-08-17,2026-08-17T11:53:28,2026-08-20,USA MLS,Colorado Rapids vs Los Angeles FC,under25,2.23
2026-08-17,2026-08-17T11:53:28,2026-08-22,China Super League,Beijing FC vs Yunnan Yukun,under25,3.65
2026-08-17,2026-08-17T11:53:28,2026-08-23,Argentina Primera Division,Atlético Huracán vs Deportivo Riestra,over15,1.64
2026-08-17,2026-08-17T11:53:28,2026-08-23,Finland Veikkausliiga,TPS Turku vs FC Inter Turku,over25,1.82
2026-08-17,2026-08-17T11:53:28,2026-08-23,Finland Veikkausliiga,TPS Turku vs FC Inter Turku,under25,1.92
2026-08-17,2026-08-17T12:38:26,2026-08-17,Sweden Allsvenskan,BK Hacken vs Halmstads BK,over25,1.43
2026-08-17,2026-08-17T12:38:26,2026-08-17,Sweden Allsvenskan,BK Hacken vs Halmstads BK,over35,2.04
2026-08-17,2026-08-17T12:38:26,2026-08-17,Sweden Allsvenskan,BK Hacken vs Halmstads BK,under25,2.82
2026-08-17,2026-08-17T12:38:26,2026-08-18,Argentina Primera Division,Gimnasia Mendoza vs Talleres,over25,2.85
2026-08-17,2026-08-17T12:38:26,2026-08-18,Argentina Primera Division,Gimnasia Mendoza vs Talleres,under25,1.41
2026-08-17,2026-08-17T12:38:26,2026-08-18,Mexico Liga MX,Necaxa vs León,over25,1.71
2026-08-17,2026-08-17T12:38:26,2026-08-18,Mexico Liga MX,Necaxa vs León,under25,2.08
2026-08-17,2026-08-17T12:38:26,2026-08-19,USA MLS,Toronto FC vs Charlotte FC,under25,2.23
2026-08-17,2026-08-17T12:38:26,2026-08-22,China Super League,Beijing FC vs Yunnan Yukun,over25,1.26
2026-08-17,2026-08-17T12:38:26,2026-08-22,China Super League,Beijing FC vs Yunnan Yukun,over35,1.71
2026-08-17,2026-08-17T12:38:26,2026-08-22,China Super League,Beijing FC vs Yunnan Yukun,under25,3.55
2026-08-17,2026-08-17T12:38:26,2026-08-22,China Super League,Qingdao West Coast FC vs Shandong Luneng Taishan FC,over25,1.49
2026-08-17,2026-08-17T12:38:26,2026-08-22,China Super League,Qingdao West Coast FC vs Shandong Luneng Taishan FC,over35,2.36
2026-08-17,2026-08-17T12:38:26,2026-08-22,China Super League,Qingdao West Coast FC vs Shandong Luneng Taishan FC,under25,2.42
2026-08-17,2026-08-17T12:38:26,2026-08-22,China Super League,Shenzhen Peng City FC vs Zhejiang,over35,2.25
2026-08-17,2026-08-17T12:38:26,2026-08-23,Finland Veikkausliiga,KuPS Kuopio vs IFK Mariehamn,under25,2.75
2026-08-17,2026-08-17T13:28:02,2026-08-17,Sweden Allsvenskan,BK Hacken vs Halmstads BK,over25,1.41
2026-08-17,2026-08-17T13:28:02,2026-08-17,Sweden Allsvenskan,BK Hacken vs Halmstads BK,over35,2.01
2026-08-17,2026-08-17T13:28:02,2026-08-17,Sweden Allsvenskan,BK Hacken vs Halmstads BK,under25,2.85
2026-08-17,2026-08-17T13:28:02,2026-08-17,Denmark Superliga,Brondby IF vs SonderjyskE,over35,2.25
2026-08-17,2026-08-17T13:28:02,2026-08-17,Finland Veikkausliiga,IF Gnistan vs Ilves Tampere,over35,2.35
2026-08-17,2026-08-17T13:28:02,2026-08-17,Argentina Primera Division,Velez Sarsfield BA vs Defensa y Justicia,over25,2.25
2026-08-17,2026-08-17T13:28:02,2026-08-17,Argentina Primera Division,Velez Sarsfield BA vs Defensa y Justicia,under25,1.64
2026-08-17,2026-08-17T13:28:02,2026-08-18,Argentina Primera Division,Gimnasia Mendoza vs Talleres,over25,2.82
2026-08-17,2026-08-17T13:28:02,2026-08-18,Argentina Primera Division,Gimnasia Mendoza vs Talleres,under25,1.43
2026-08-17,2026-08-17T13:28:02,2026-08-18,Mexico Liga MX,Necaxa vs León,over25,1.75
2026-08-17,2026-08-17T13:28:02,2026-08-18,Mexico Liga MX,Necaxa vs León,under25,2.02
2026-08-17,2026-08-17T13:28:02,2026-08-20,USA MLS,Seattle Sounders FC vs Austin FC,over35,2.31
2026-08-17,2026-08-17T13:28:02,2026-08-22,China Super League,Chengdu Rongcheng FC vs Shanghai Shenhua FC,over35,1.96
2026-08-17,2026-08-17T13:28:02,2026-08-23,Argentina Primera Division,Atlético Huracán vs Deportivo Riestra,over15,1.66
2026-08-17,2026-08-17T13:28:02,2026-08-24,Mexico Liga MX,Pumas vs Necaxa,over25,1.54
2026-08-17,2026-08-17T13:28:02,2026-08-24,Mexico Liga MX,Pumas vs Necaxa,under25,2.32
2026-08-17,2026-08-17T14:05:33,2026-08-18,Argentina Primera Division,Gimnasia Mendoza vs Talleres,over25,2.75
2026-08-17,2026-08-17T14:05:33,2026-08-18,Argentina Primera Division,Gimnasia Mendoza vs Talleres,under25,1.44
2026-08-17,2026-08-17T14:05:33,2026-08-20,USA MLS,Minnesota United FC vs Atlanta United FC,over25,1.73
2026-08-17,2026-08-17T14:05:33,2026-08-22,USA MLS,Inter Miami CF vs Toronto FC,over35,1.76
2026-08-17,2026-08-17T14:05:33,2026-08-22,China Super League,Qingdao West Coast FC vs Shandong Luneng Taishan FC,over25,1.48
2026-08-17,2026-08-17T14:05:33,2026-08-22,China Super League,Qingdao West Coast FC vs Shandong Luneng Taishan FC,over35,2.35
2026-08-17,2026-08-17T14:05:33,2026-08-22,China Super League,Qingdao West Coast FC vs Shandong Luneng Taishan FC,under25,2.48
2026-08-17,2026-08-17T14:05:33,2026-08-22,China Super League,Shenzhen Peng City FC vs Zhejiang,over35,2.23
2026-08-17,2026-08-17T14:43:24,2026-08-17,Sweden Allsvenskan,BK Hacken vs Halmstads BK,over25,1.39
2026-08-17,2026-08-17T14:43:24,2026-08-17,Sweden Allsvenskan,BK Hacken vs Halmstads BK,under25,2.92
2026-08-17,2026-08-17T14:43:24,2026-08-17,Denmark Superliga,Brondby IF vs SonderjyskE,over25,1.55
2026-08-17,2026-08-17T14:43:24,2026-08-17,Denmark Superliga,Brondby IF vs SonderjyskE,under25,2.26
2026-08-17,2026-08-17T14:43:24,2026-08-17,Finland Veikkausliiga,IF Gnistan vs Ilves Tampere,over25,1.58
2026-08-17,2026-08-17T14:43:24,2026-08-17,Finland Veikkausliiga,IF Gnistan vs Ilves Tampere,over35,2.25
2026-08-17,2026-08-17T14:43:24,2026-08-17,Finland Veikkausliiga,IF Gnistan vs Ilves Tampere,under25,2.33
2026-08-17,2026-08-17T14:43:24,2026-08-18,Argentina Primera Division,Gimnasia Mendoza vs Talleres,over15,1.55
2026-08-17,2026-08-17T14:43:24,2026-08-18,Mexico Liga MX,Necaxa vs León,over25,1.76
2026-08-17,2026-08-17T14:43:24,2026-08-18,Mexico Liga MX,Necaxa vs León,under25,2.01
2026-08-17,2026-08-17T14:43:24,2026-08-19,China Super League,Shanghai SIPG FC vs Dalian Yingbo,over35,2.19
2026-08-17,2026-08-17T14:43:24,2026-08-20,USA MLS,Real Salt Lake vs FC Dallas,over35,2.32
2026-08-17,2026-08-17T14:43:24,2026-08-21,Austrian Bundesliga,Ried vs Grazer AK,over25,1.99
2026-08-17,2026-08-17T14:43:24,2026-08-21,Austrian Bundesliga,Ried vs Grazer AK,under25,1.76
2026-08-17,2026-08-17T14:43:24,2026-08-22,Argentina Primera Division,Atlético Tucuman vs Instituto de Córdoba,over15,1.52
2026-08-17,2026-08-17T14:43:24,2026-08-22,Mexico Liga MX,León vs Monterrey,under25,2.3
2026-08-17,2026-08-17T14:43:24,2026-08-22,China Super League,Shenzhen Peng City FC vs Zhejiang,over35,2.25
2026-08-17,2026-08-17T14:43:24,2026-08-22,Austrian Bundesliga,Sturm Graz vs Austria Lustenau,over25,1.5
2026-08-17,2026-08-17T14:43:24,2026-08-22,Austrian Bundesliga,Sturm Graz vs Austria Lustenau,under25,2.45
2026-08-17,2026-08-17T14:43:24,2026-08-23,Sweden Allsvenskan,IFK Goteborg vs IF Elfsborg,over25,1.75
2026-08-17,2026-08-17T14:43:24,2026-08-23,Sweden Allsvenskan,IFK Goteborg vs IF Elfsborg,under25,2.02
2026-08-17,2026-08-17T14:43:24,2026-08-23,Finland Veikkausliiga,KuPS Kuopio vs IFK Mariehamn,under25,2.82
2026-08-17,2026-08-17T15:09:34,2026-08-17,Sweden Allsvenskan,BK Hacken vs Halmstads BK,over35,1.97
2026-08-17,2026-08-17T15:09:34,2026-08-17,Sweden Allsvenskan,BK Hacken vs Halmstads BK,under25,2.95
2026-08-17,2026-08-17T15:09:34,2026-08-17,Denmark Superliga,Brondby IF vs SonderjyskE,over35,2.38
2026-08-17,2026-08-17T15:09:34,2026-08-19,China Super League,Shanghai SIPG FC vs Dalian Yingbo,over35,2.15
2026-08-17,2026-08-17T15:09:34,2026-08-22,Argentina Primera Division,Atlético Tucuman vs Instituto de Córdoba,over15,1.53
2026-08-17,2026-08-17T15:09:34,2026-08-22,Mexico Liga MX,León vs Monterrey,over25,1.55
2026-08-17,2026-08-17T15:09:34,2026-08-23,Finland Veikkausliiga,KuPS Kuopio vs IFK Mariehamn,under25,2.75
2026-08-17,2026-08-17T15:42:24,2026-08-17,Denmark Superliga,Brondby IF vs SonderjyskE,over35,2.4
2026-08-17,2026-08-17T15:42:24,2026-08-17,Argentina Primera Division,Lanus vs Independiente,over15,1.55
2026-08-17,2026-08-17T15:42:24,2026-08-18,Argentina Primera Division,Gimnasia Mendoza vs Talleres,over15,1.53
2026-08-17,2026-08-17T15:42:24,2026-08-18,Argentina Primera Division,Gimnasia Mendoza vs Talleres,over25,2.68
2026-08-17,2026-08-17T15:42:24,2026-08-18,Argentina Primera Division,Gimnasia Mendoza vs Talleres,under25,1.46
2026-08-17,2026-08-17T15:42:24,2026-08-19,USA MLS,Columbus Crew SC vs CF Montreal,over35,2.36
2026-08-17,2026-08-17T15:42:24,2026-08-19,China Super League,Shanghai SIPG FC vs Dalian Yingbo,over35,2.18
2026-08-17,2026-08-17T15:42:24,2026-08-20,USA MLS,Colorado Rapids vs Los Angeles FC,over25,1.73
2026-08-17,2026-08-17T15:42:24,2026-08-20,USA MLS,Colorado Rapids vs Los Angeles FC,under25,2.2
2026-08-17,2026-08-17T15:42:24,2026-08-20,USA MLS,Minnesota United FC vs Atlanta United FC,over25,1.74
2026-08-17,2026-08-17T15:42:24,2026-08-20,USA MLS,Minnesota United FC vs Atlanta United FC,under25,2.19
2026-08-17,2026-08-17T15:42:24,2026-08-22,USA MLS,Inter Miami CF vs Toronto FC,over35,1.72
2026-08-17,2026-08-17T15:42:24,2026-08-23,Finland Veikkausliiga,HJK Helsinki vs IF Gnistan,over25,1.46
2026-08-17,2026-08-17T15:42:24,2026-08-23,Finland Veikkausliiga,HJK Helsinki vs IF Gnistan,under25,2.62
2026-08-17,2026-08-17T16:02:26,2026-08-17,Sweden Allsvenskan,BK Hacken vs Halmstads BK,over25,1.37
2026-08-17,2026-08-17T16:02:26,2026-08-17,Sweden Allsvenskan,BK Hacken vs Halmstads BK,over35,1.91
2026-08-17,2026-08-17T16:02:26,2026-08-17,Sweden Allsvenskan,BK Hacken vs Halmstads BK,under25,3.05
2026-08-17,2026-08-17T16:02:26,2026-08-17,Denmark Superliga,Brondby IF vs SonderjyskE,over35,2.29
2026-08-17,2026-08-17T16:02:26,2026-08-17,Denmark Superliga,Brondby IF vs SonderjyskE,under25,2.38
2026-08-17,2026-08-17T16:02:26,2026-08-19,USA MLS,Columbus Crew SC vs CF Montreal,over35,2.35
2026-08-17,2026-08-17T16:02:26,2026-08-19,China Super League,Shanghai SIPG FC vs Dalian Yingbo,over35,2.2
2026-08-17,2026-08-17T16:02:26,2026-08-20,USA MLS,Minnesota United FC vs Atlanta United FC,over25,1.73
2026-08-17,2026-08-17T16:02:26,2026-08-20,USA MLS,Minnesota United FC vs Atlanta United FC,under25,2.2
2026-08-17,2026-08-17T16:02:26,2026-08-22,Mexico Liga MX,Tigres vs Atlante FC,over25,1.56
2026-08-17,2026-08-17T16:02:26,2026-08-22,Mexico Liga MX,Tigres vs Atlante FC,under25,2.18
2026-08-17,2026-08-17T16:41:39,2026-08-17,Sweden Allsvenskan,BK Hacken vs Halmstads BK,over25,1.43
2026-08-17,2026-08-17T16:41:39,2026-08-17,Sweden Allsvenskan,BK Hacken vs Halmstads BK,over35,2.01
2026-08-17,2026-08-17T16:41:39,2026-08-17,Sweden Allsvenskan,BK Hacken vs Halmstads BK,under25,2.82
2026-08-17,2026-08-17T16:41:39,2026-08-18,Argentina Primera Division,Gimnasia Mendoza vs Talleres,over15,1.51
2026-08-17,2026-08-17T16:41:39,2026-08-18,Mexico Liga MX,Necaxa vs León,over25,1.77
2026-08-17,2026-08-17T16:41:39,2026-08-18,Mexico Liga MX,Necaxa vs León,under25,2.0
2026-08-17,2026-08-17T16:41:39,2026-08-19,USA MLS,Columbus Crew SC vs CF Montreal,over35,2.36
2026-08-17,2026-08-17T16:41:39,2026-08-19,USA MLS,Orlando City SC vs Chicago Fire,over25,1.36
2026-08-17,2026-08-17T16:41:39,2026-08-19,USA MLS,Orlando City SC vs Chicago Fire,under25,2.9
2026-08-17,2026-08-17T16:41:39,2026-08-19,China Super League,Shanghai SIPG FC vs Dalian Yingbo,over35,2.21
2026-08-17,2026-08-17T16:41:39,2026-08-20,USA MLS,Minnesota United FC vs Atlanta United FC,over25,1.74
2026-08-17,2026-08-17T16:41:39,2026-08-20,USA MLS,Minnesota United FC vs Atlanta United FC,under25,2.19
2026-08-17,2026-08-17T16:41:39,2026-08-20,USA MLS,Portland Timbers vs San Diego FC,over25,1.36
2026-08-17,2026-08-17T16:41:39,2026-08-20,USA MLS,Portland Timbers vs San Diego FC,under25,2.88
2026-08-17,2026-08-17T16:41:39,2026-08-22,Argentina Primera Division,Atlético Tucuman vs Instituto de Córdoba,over15,1.52
2026-08-17,2026-08-17T16:41:39,2026-08-23,Finland Veikkausliiga,HJK Helsinki vs IF Gnistan,over25,1.44
2026-08-17,2026-08-17T16:41:39,2026-08-23,Finland Veikkausliiga,HJK Helsinki vs IF Gnistan,under25,2.68
2026-08-17,2026-08-17T17:11:19,2026-08-22,Argentina Primera Division,Atlético Tucuman vs Instituto de Córdoba,over15,1.53
2026-08-17,2026-08-17T17:11:19,2026-08-22,China Super League,Qingdao West Coast FC vs Shandong Luneng Taishan FC,over35,2.33
2026-08-17,2026-08-17T17:11:19,2026-08-23,Denmark Superliga,AC Horsens vs Lyngby,under25,1.95
2026-08-17,2026-08-17T17:11:19,2026-08-23,Denmark Superliga,AGF Aarhus vs OB Odense BK,over35,2.3
2026-08-17,2026-08-17T17:11:19,2026-08-24,Denmark Superliga,Brondby IF vs Silkeborg IF,over25,1.5
2026-08-17,2026-08-17T17:11:19,2026-08-24,Denmark Superliga,Brondby IF vs Silkeborg IF,over35,2.16
2026-08-17,2026-08-17T17:11:19,2026-08-24,Denmark Superliga,Brondby IF vs Silkeborg IF,under25,2.52
2026-08-17,2026-08-17T17:11:19,2026-08-24,Sweden Allsvenskan,Malmo FF vs Djurgardens IF,over25,1.58
2026-08-17,2026-08-17T17:11:19,2026-08-24,Sweden Allsvenskan,Malmo FF vs Djurgardens IF,over35,2.35
2026-08-17,2026-08-17T17:11:19,2026-08-24,Sweden Allsvenskan,Malmo FF vs Djurgardens IF,under25,2.32
2026-08-17,2026-08-17T17:48:02,2026-08-17,Brazil Serie A,Internacional vs Remo,over25,1.75
2026-08-17,2026-08-17T17:48:02,2026-08-17,Brazil Serie A,Internacional vs Remo,under25,2.0
2026-08-17,2026-08-17T17:48:02,2026-08-19,China Super League,Shanghai SIPG FC vs Dalian Yingbo,over35,2.2
2026-08-17,2026-08-17T17:48:02,2026-08-21,Sweden Allsvenskan,IK Sirius vs BK Hacken,over25,1.37
2026-08-17,2026-08-17T17:48:02,2026-08-21,Sweden Allsvenskan,IK Sirius vs BK Hacken,under25,3.05
2026-08-17,2026-08-17T17:48:02,2026-08-22,China Super League,Qingdao West Coast FC vs Shandong Luneng Taishan FC,over25,1.55
2026-08-17,2026-08-17T17:48:02,2026-08-22,China Super League,Qingdao West Coast FC vs Shandong Luneng Taishan FC,over35,2.35
2026-08-17,2026-08-17T17:48:02,2026-08-22,China Super League,Qingdao West Coast FC vs Shandong Luneng Taishan FC,under25,2.32
2026-08-17,2026-08-17T17:48:02,2026-08-23,Denmark Superliga,AC Horsens vs Lyngby,over25,1.85
2026-08-17,2026-08-17T17:48:02,2026-08-23,Denmark Superliga,AC Horsens vs Lyngby,under25,1.9
2026-08-17,2026-08-17T17:48:02,2026-08-23,Denmark Superliga,SonderjyskE vs FC Nordsjaelland,over25,1.47
2026-08-17,2026-08-17T17:48:02,2026-08-23,Denmark Superliga,SonderjyskE vs FC Nordsjaelland,over35,2.22
2026-08-17,2026-08-17T17:48:02,2026-08-23,Denmark Superliga,SonderjyskE vs FC Nordsjaelland,under25,2.62
2026-08-17,2026-08-17T17:48:02,2026-08-24,Denmark Superliga,Brondby IF vs Silkeborg IF,over25,1.49
2026-08-17,2026-08-17T17:48:02,2026-08-24,Denmark Superliga,Brondby IF vs Silkeborg IF,under25,2.58
2026-08-17,2026-08-17T17:48:02,2026-08-24,Sweden Allsvenskan,Malmo FF vs Djurgardens IF,over25,1.55
2026-08-17,2026-08-17T17:48:02,2026-08-24,Sweden Allsvenskan,Malmo FF vs Djurgardens IF,under25,2.38
2026-08-17,2026-08-17T18:18:28,2026-08-19,China Super League,Shanghai SIPG FC vs Dalian Yingbo,over35,2.19
2026-08-17,2026-08-17T18:18:28,2026-08-21,Argentina Primera Division,Estudiantes de Río Cuarto vs San Lorenzo,over15,1.66
2026-08-17,2026-08-17T18:18:28,2026-08-22,Argentina Primera Division,Atlético Tucuman vs Instituto de Córdoba,over25,2.38
2026-08-17,2026-08-17T18:18:28,2026-08-22,Argentina Primera Division,Atlético Tucuman vs Instituto de Córdoba,under25,1.5
2026-08-17,2026-08-17T18:18:28,2026-08-22,China Super League,Qingdao West Coast FC vs Shandong Luneng Taishan FC,over35,2.37
2026-08-17,2026-08-17T18:18:28,2026-08-23,Brazil Serie A,Santos vs Mirassol,over25,1.89
2026-08-17,2026-08-17T18:18:28,2026-08-23,Brazil Serie A,Santos vs Mirassol,under25,1.89
2026-08-17,2026-08-17T19:05:38,2026-08-17,Argentina Primera Division,Velez Sarsfield BA vs Defensa y Justicia,over25,2.19
2026-08-17,2026-08-17T19:05:38,2026-08-17,Argentina Primera Division,Velez Sarsfield BA vs Defensa y Justicia,under25,1.68
2026-08-17,2026-08-17T19:05:38,2026-08-18,Argentina Primera Division,Gimnasia Mendoza vs Talleres,over25,2.62
2026-08-17,2026-08-17T19:05:38,2026-08-18,Argentina Primera Division,Gimnasia Mendoza vs Talleres,under25,1.47
2026-08-17,2026-08-17T19:05:38,2026-08-20,USA MLS,Vancouver Whitecaps FC vs Houston Dynamo,over35,2.37
2026-08-17,2026-08-17T19:05:38,2026-08-21,Argentina Primera Division,Estudiantes de Río Cuarto vs San Lorenzo,over15,1.67
2026-08-17,2026-08-17T19:05:38,2026-08-21,Sweden Allsvenskan,IK Sirius vs BK Hacken,over35,1.88
2026-08-17,2026-08-17T19:05:38,2026-08-22,USA MLS,CF Montreal vs LA Galaxy,over25,1.66
2026-08-17,2026-08-17T19:05:38,2026-08-22,USA MLS,CF Montreal vs LA Galaxy,over35,2.38
2026-08-17,2026-08-17T19:05:38,2026-08-22,USA MLS,CF Montreal vs LA Galaxy,under25,2.34
2026-08-17,2026-08-17T19:05:38,2026-08-22,Brazil Serie A,Internacional vs Atletico Mineiro,over25,2.08
2026-08-17,2026-08-17T19:05:38,2026-08-22,Brazil Serie A,Internacional vs Atletico Mineiro,under25,1.78
2026-08-17,2026-08-17T19:05:38,2026-08-22,China Super League,Qingdao West Coast FC vs Shandong Luneng Taishan FC,over35,2.33
2026-08-17,2026-08-17T19:39:51,2026-08-19,China Super League,Shanghai SIPG FC vs Dalian Yingbo,over35,2.16
2026-08-17,2026-08-17T19:39:51,2026-08-22,China Super League,Qingdao West Coast FC vs Shandong Luneng Taishan FC,over35,2.37
2026-08-17,2026-08-17T19:39:51,2026-08-23,Finland Veikkausliiga,HJK Helsinki vs IF Gnistan,over25,1.46
2026-08-17,2026-08-17T19:39:51,2026-08-23,Finland Veikkausliiga,HJK Helsinki vs IF Gnistan,under25,2.62
2026-08-17,2026-08-17T19:39:51,2026-08-23,USA MLS,Vancouver Whitecaps FC vs FC Dallas,over35,2.05
2026-08-17,2026-08-17T20:02:14,2026-08-19,China Super League,Shanghai SIPG FC vs Dalian Yingbo,over35,2.19
2026-08-17,2026-08-17T20:02:14,2026-08-22,USA MLS,CF Montreal vs LA Galaxy,over25,1.55
2026-08-17,2026-08-17T20:02:14,2026-08-22,USA MLS,CF Montreal vs LA Galaxy,under25,2.4
2026-08-17,2026-08-17T20:02:14,2026-08-22,China Super League,Wuhan Three Towns vs Tianjin Jinmen Tiger FC,over25,1.78
2026-08-17,2026-08-17T20:02:14,2026-08-22,China Super League,Wuhan Three Towns vs Tianjin Jinmen Tiger FC,under25,2.01
2026-08-17,2026-08-17T20:39:49,2026-08-19,USA MLS,Orlando City SC vs Chicago Fire,over35,1.89
2026-08-17,2026-08-17T20:39:49,2026-08-19,China Super League,Shanghai SIPG FC vs Dalian Yingbo,over35,2.18
2026-08-17,2026-08-17T20:39:49,2026-08-21,Sweden Allsvenskan,IK Sirius vs BK Hacken,over35,1.92
2026-08-17,2026-08-17T20:39:49,2026-08-22,Argentina Primera Division,Independiente vs Independiente Rivadavia,over25,2.2
2026-08-17,2026-08-17T20:39:49,2026-08-22,Argentina Primera Division,Independiente vs Independiente Rivadavia,under25,1.57
2026-08-17,2026-08-17T20:39:49,2026-08-22,China Super League,Wuhan Three Towns vs Tianjin Jinmen Tiger FC,over25,1.76
2026-08-17,2026-08-17T20:39:49,2026-08-22,China Super League,Wuhan Three Towns vs Tianjin Jinmen Tiger FC,under25,2.03
2026-08-17,2026-08-17T20:39:49,2026-08-23,Argentina Primera Division,Atlético Huracán vs Deportivo Riestra,over15,1.64
2026-08-17,2026-08-17T20:39:49,2026-08-23,Sweden Allsvenskan,Hammarby IF vs GAIS,over35,2.17
2026-08-17,2026-08-17T20:39:49,2026-08-23,Brazil Serie A,Palmeiras vs Vasco da Gama,over25,1.91
2026-08-17,2026-08-17T20:39:49,2026-08-23,Brazil Serie A,Palmeiras vs Vasco da Gama,under25,1.94
2026-08-17,2026-08-17T20:39:49,2026-08-23,Denmark Superliga,SonderjyskE vs FC Nordsjaelland,over25,1.46
2026-08-17,2026-08-17T20:39:49,2026-08-23,Denmark Superliga,SonderjyskE vs FC Nordsjaelland,under25,2.68
2026-08-17,2026-08-17T21:05:47,2026-08-19,China Super League,Shanghai SIPG FC vs Dalian Yingbo,over35,2.15
2026-08-17,2026-08-17T21:05:47,2026-08-22,China Super League,Wuhan Three Towns vs Tianjin Jinmen Tiger FC,over25,1.78
2026-08-17,2026-08-17T21:05:47,2026-08-22,China Super League,Wuhan Three Towns vs Tianjin Jinmen Tiger FC,under25,2.01
2026-08-17,2026-08-17T21:05:47,2026-08-23,Finland Veikkausliiga,HJK Helsinki vs IF Gnistan,under25,2.58
2026-08-17,2026-08-17T21:38:43,2026-08-17,Argentina Primera Division,Velez Sarsfield BA vs Defensa y Justicia,over25,2.21
2026-08-17,2026-08-17T21:38:43,2026-08-17,Argentina Primera Division,Velez Sarsfield BA vs Defensa y Justicia,under25,1.67
2026-08-17,2026-08-17T21:38:43,2026-08-22,Brazil Serie A,Internacional vs Atletico Mineiro,over25,2.09
2026-08-17,2026-08-17T21:38:43,2026-08-22,Brazil Serie A,Internacional vs Atletico Mineiro,under25,1.77
2026-08-17,2026-08-17T21:38:43,2026-08-22,China Super League,Wuhan Three Towns vs Tianjin Jinmen Tiger FC,over25,1.76
2026-08-17,2026-08-17T21:38:43,2026-08-22,China Super League,Wuhan Three Towns vs Tianjin Jinmen Tiger FC,under25,2.03
2026-08-17,2026-08-17T22:01:16,2026-08-18,Mexico Liga MX,Necaxa vs León,over25,1.78
2026-08-17,2026-08-17T22:01:16,2026-08-18,Mexico Liga MX,Necaxa vs León,under25,1.98
2026-08-17,2026-08-17T22:01:16,2026-08-18,China Super League,Shanghai Shenhua FC vs Beijing FC,over35,2.0
2026-08-17,2026-08-17T22:01:16,2026-08-22,Brazil Serie A,Internacional vs Atletico Mineiro,over25,2.08
2026-08-17,2026-08-17T22:01:16,2026-08-22,Brazil Serie A,Internacional vs Atletico Mineiro,under25,1.78
2026-08-17,2026-08-17T22:01:16,2026-08-24,Argentina Primera Division,CA Tigre BA vs Central Córdoba,over25,2.5
2026-08-17,2026-08-17T22:01:16,2026-08-24,Argentina Primera Division,CA Tigre BA vs Central Córdoba,under25,1.53
2026-08-17,2026-08-17T22:37:55,2026-08-17,Brazil Serie A,Internacional vs Remo,over25,1.83
2026-08-17,2026-08-17T22:37:55,2026-08-17,Brazil Serie A,Internacional vs Remo,under25,1.91
2026-08-17,2026-08-17T22:37:55,2026-08-18,Mexico Liga MX,Pachuca vs Puebla,over25,1.62
2026-08-17,2026-08-17T22:37:55,2026-08-18,Mexico Liga MX,Pachuca vs Puebla,under25,2.1
2026-08-17,2026-08-17T22:37:55,2026-08-23,Sweden Allsvenskan,Hammarby IF vs GAIS,over25,1.57
2026-08-17,2026-08-17T22:37:55,2026-08-23,Sweden Allsvenskan,Hammarby IF vs GAIS,under25,2.35
2026-08-17,2026-08-17T22:37:55,2026-08-23,Denmark Superliga,SonderjyskE vs FC Nordsjaelland,over25,1.47
2026-08-17,2026-08-17T22:37:55,2026-08-23,Denmark Superliga,SonderjyskE vs FC Nordsjaelland,under25,2.62
2026-08-17,2026-08-17T23:00:59,2026-08-24,Brazil Serie A,Botafogo vs Atletico Paranaense,over25,2.08
2026-08-17,2026-08-17T23:00:59,2026-08-24,Brazil Serie A,Botafogo vs Atletico Paranaense,under25,1.78
2026-08-17,2026-08-17T23:34:24,2026-08-18,Mexico Liga MX,Necaxa vs León,over25,1.77
2026-08-17,2026-08-17T23:34:24,2026-08-18,Mexico Liga MX,Necaxa vs León,under25,2.0
2026-08-17,2026-08-17T23:34:24,2026-08-22,Brazil Serie A,Fluminense vs Remo,over25,1.82
2026-08-17,2026-08-17T23:34:24,2026-08-22,Brazil Serie A,Fluminense vs Remo,under25,2.03
2026-08-17,2026-08-17T23:34:24,2026-08-22,Brazil Serie A,Internacional vs Atletico Mineiro,over25,2.02
2026-08-17,2026-08-17T23:34:24,2026-08-22,Brazil Serie A,Internacional vs Atletico Mineiro,under25,1.83
2026-08-17,2026-08-17T23:34:24,2026-08-22,Mexico Liga MX,Tigres vs Atlante FC,over25,1.55
2026-08-17,2026-08-17T23:34:24,2026-08-22,Mexico Liga MX,Tigres vs Atlante FC,under25,2.2
2026-08-17,2026-08-17T23:34:24,2026-08-23,Mexico Liga MX,Cruz Azul vs Atlas,over25,1.66
2026-08-17,2026-08-17T23:57:04,2026-08-18,Argentina Primera Division,Gimnasia Mendoza vs Talleres,over15,1.5
2026-08-17,2026-08-17T23:57:04,2026-08-18,China Super League,Shanghai Shenhua FC vs Beijing FC,over35,2.01
2026-08-17,2026-08-17T23:57:04,2026-08-21,Ireland Premier Division,Dundalk vs Galway United,over35,2.25
2026-08-17,2026-08-17T23:57:04,2026-08-21,Austrian Bundesliga,Ried vs Grazer AK,over25,2.03
2026-08-17,2026-08-17T23:57:04,2026-08-21,Austrian Bundesliga,Ried vs Grazer AK,under25,1.73
2026-08-17,2026-08-17T23:57:04,2026-08-22,Mexico Liga MX,Querétaro vs Toluca,over35,2.3
2026-08-17,2026-08-17T23:57:04,2026-08-22,Mexico Liga MX,Tigres vs Atlante FC,over25,1.6
2026-08-17,2026-08-17T23:57:04,2026-08-22,Mexico Liga MX,Tigres vs Atlante FC,under25,2.12
2026-08-18,2026-08-18T01:44:56,2026-08-18,China Super League,Shanghai Shenhua FC vs Beijing FC,over35,1.98
2026-08-18,2026-08-18T01:44:56,2026-08-21,Sweden Allsvenskan,IK Sirius vs BK Hacken,over25,1.39
2026-08-18,2026-08-18T01:44:56,2026-08-21,Sweden Allsvenskan,IK Sirius vs BK Hacken,under25,2.95
2026-08-18,2026-08-18T01:44:56,2026-08-22,USA MLS,Inter Miami CF vs Toronto FC,over35,1.71
2026-08-18,2026-08-18T01:44:56,2026-08-22,USA MLS,New York Red Bulls vs Chicago Fire,over35,1.94
2026-08-18,2026-08-18T01:44:56,2026-08-23,Sweden Allsvenskan,IFK Goteborg vs IF Elfsborg,over25,1.78
2026-08-18,2026-08-18T01:44:56,2026-08-23,USA MLS,Los Angeles FC vs Portland Timbers,over35,1.78
2026-08-18,2026-08-18T01:44:56,2026-08-23,USA MLS,New England Revolution vs New York City FC,under25,1.96
2026-08-18,2026-08-18T01:44:56,2026-08-23,Argentina Primera Division,Sarmiento de Junin vs Estudiantes,over15,1.51
2026-08-18,2026-08-18T01:44:56,2026-08-23,USA MLS,Vancouver Whitecaps FC vs FC Dallas,over35,2.02
2026-08-18,2026-08-18T01:44:56,2026-08-24,Denmark Superliga,Brondby IF vs Silkeborg IF,over25,1.52
2026-08-18,2026-08-18T01:44:56,2026-08-24,Denmark Superliga,Brondby IF vs Silkeborg IF,under25,2.48
2026-08-18,2026-08-18T01:44:56,2026-08-24,Sweden Allsvenskan,Malmo FF vs Djurgardens IF,over35,2.38
2026-08-18,2026-08-18T01:44:56,2026-08-25,Argentina Primera Division,Lanus vs Argentinos Juniors,over15,1.62
2026-08-18,2026-08-18T01:44:56,2026-08-25,Argentina Primera Division,Lanus vs Argentinos Juniors,over25,2.75
2026-08-18,2026-08-18T01:44:56,2026-08-25,Argentina Primera Division,Lanus vs Argentinos Juniors,under25,1.43
2026-08-18,2026-08-18T01:44:56,2026-08-25,Argentina Primera Division,Talleres vs Rosario Central,over15,1.54
2026-08-18,2026-08-18T01:44:56,2026-08-25,Argentina Primera Division,Talleres vs Rosario Central,over25,2.55
2026-08-18,2026-08-18T01:44:56,2026-08-25,Argentina Primera Division,Talleres vs Rosario Central,under25,1.43
2026-08-18,2026-08-18T08:49:34,2026-08-18,China Super League,Shanghai Shenhua FC vs Beijing FC,over35,1.93
2026-08-18,2026-08-18T08:49:34,2026-08-19,USA MLS,Philadelphia Union vs Inter Miami CF,over35,2.1
2026-08-18,2026-08-18T08:49:34,2026-08-20,USA MLS,LA Galaxy vs San Jose Earthquakes,over35,2.11
2026-08-18,2026-08-18T08:49:34,2026-08-21,Argentina Primera Division,Aldosivi Mar del Plata vs Union Santa Fe,over15,1.55
2026-08-18,2026-08-18T08:49:34,2026-08-21,Argentina Primera Division,Estudiantes de Río Cuarto vs San Lorenzo,over25,3.05
2026-08-18,2026-08-18T08:49:34,2026-08-21,Argentina Primera Division,Estudiantes de Río Cuarto vs San Lorenzo,under25,1.37
2026-08-18,2026-08-18T08:49:34,2026-08-21,Austrian Bundesliga,Ried vs Grazer AK,over25,1.99
2026-08-18,2026-08-18T08:49:34,2026-08-21,Austrian Bundesliga,Ried vs Grazer AK,under25,1.76
2026-08-18,2026-08-18T08:49:34,2026-08-22,China Super League,Beijing FC vs Yunnan Yukun,over35,1.69
2026-08-18,2026-08-18T08:49:34,2026-08-22,China Super League,Chengdu Rongcheng FC vs Shanghai Shenhua FC,over25,1.38
2026-08-18,2026-08-18T08:49:34,2026-08-22,China Super League,Chengdu Rongcheng FC vs Shanghai Shenhua FC,over35,1.98
2026-08-18,2026-08-18T08:49:34,2026-08-22,China Super League,Chengdu Rongcheng FC vs Shanghai Shenhua FC,under25,2.82
2026-08-18,2026-08-18T08:49:34,2026-08-22,Brazil Serie A,Cruzeiro vs Flamengo,over25,1.96
2026-08-18,2026-08-18T08:49:34,2026-08-22,Brazil Serie A,Cruzeiro vs Flamengo,under25,1.73
2026-08-18,2026-08-18T08:49:34,2026-08-22,Mexico Liga MX,FC Juárez vs América,over25,1.68
2026-08-18,2026-08-18T08:49:34,2026-08-22,Mexico Liga MX,FC Juárez vs América,under25,2.06
2026-08-18,2026-08-18T08:49:34,2026-08-22,Mexico Liga MX,Guadalajara vs Tijuana,under25,2.28
2026-08-18,2026-08-18T08:49:34,2026-08-22,Argentina Primera Division,Independiente vs Independiente Rivadavia,over25,2.28
2026-08-18,2026-08-18T08:49:34,2026-08-22,Argentina Primera Division,Independiente vs Independiente Rivadavia,under25,1.54
2026-08-18,2026-08-18T08:49:34,2026-08-22,USA MLS,New York Red Bulls vs Chicago Fire,over35,1.95
2026-08-18,2026-08-18T08:49:34,2026-08-22,Mexico Liga MX,Querétaro vs Toluca,over25,1.55
2026-08-18,2026-08-18T08:49:34,2026-08-22,Mexico Liga MX,Querétaro vs Toluca,over35,2.26
2026-08-18,2026-08-18T08:49:34,2026-08-22,Austrian Bundesliga,Sturm Graz vs Austria Lustenau,over35,2.2
2026-08-18,2026-08-18T08:49:34,2026-08-22,China Super League,Wuhan Three Towns vs Tianjin Jinmen Tiger FC,over25,1.78
2026-08-18,2026-08-18T08:49:34,2026-08-22,China Super League,Wuhan Three Towns vs Tianjin Jinmen Tiger FC,under25,2.01
2026-08-18,2026-08-18T08:49:34,2026-08-23,Finland Veikkausliiga,HJK Helsinki vs IF Gnistan,over25,1.49
2026-08-18,2026-08-18T08:49:34,2026-08-23,Finland Veikkausliiga,HJK Helsinki vs IF Gnistan,under25,2.52
2026-08-18,2026-08-18T08:49:34,2026-08-23,Sweden Allsvenskan,Hammarby IF vs GAIS,over25,1.56
2026-08-18,2026-08-18T08:49:34,2026-08-23,Sweden Allsvenskan,Hammarby IF vs GAIS,under25,2.38
2026-08-18,2026-08-18T08:49:34,2026-08-23,Argentina Primera Division,Newells Old Boys vs Banfield,over25,2.29
2026-08-18,2026-08-18T08:49:34,2026-08-23,Argentina Primera Division,Newells Old Boys vs Banfield,under25,1.53
2026-08-18,2026-08-18T08:49:34,2026-08-23,Argentina Primera Division,River Plate vs Velez Sarsfield BA,over25,2.31
2026-08-18,2026-08-18T08:49:34,2026-08-23,Argentina Primera Division,River Plate vs Velez Sarsfield BA,under25,1.52
2026-08-18,2026-08-18T08:49:34,2026-08-23,Argentina Primera Division,Sarmiento de Junin vs Estudiantes,over15,1.47
2026-08-18,2026-08-18T08:49:34,2026-08-23,Denmark Superliga,SonderjyskE vs FC Nordsjaelland,over35,2.11
2026-08-18,2026-08-18T08:49:34,2026-08-23,Finland Veikkausliiga,TPS Turku vs FC Inter Turku,over25,1.85
2026-08-18,2026-08-18T08:49:34,2026-08-23,Finland Veikkausliiga,TPS Turku vs FC Inter Turku,under25,1.88
2026-08-18,2026-08-18T08:49:34,2026-08-24,Denmark Superliga,Brondby IF vs Silkeborg IF,over25,1.5
2026-08-18,2026-08-18T08:49:34,2026-08-24,Denmark Superliga,Brondby IF vs Silkeborg IF,under25,2.52
2026-08-18,2026-08-18T08:49:34,2026-08-24,Argentina Primera Division,CA Tigre BA vs Central Córdoba,over25,2.52
2026-08-18,2026-08-18T08:49:34,2026-08-24,Argentina Primera Division,CA Tigre BA vs Central Córdoba,under25,1.52
2026-08-18,2026-08-18T08:49:34,2026-08-24,Mexico Liga MX,Pumas vs Necaxa,over25,1.56
2026-08-18,2026-08-18T08:49:34,2026-08-24,Mexico Liga MX,Pumas vs Necaxa,under25,2.25
2026-08-18,2026-08-18T08:49:34,2026-08-25,Argentina Primera Division,Lanus vs Argentinos Juniors,under25,1.44
2026-08-18,2026-08-18T08:49:34,2026-08-25,Argentina Primera Division,Talleres vs Rosario Central,over15,1.52
2026-08-18,2026-08-18T09:21:02,2026-08-18,China Super League,Shanghai Shenhua FC vs Beijing FC,over35,1.96
2026-08-18,2026-08-18T09:21:02,2026-08-21,Ireland Premier Division,Sligo Rovers vs Waterford FC,over25,1.65
2026-08-18,2026-08-18T09:21:02,2026-08-21,Ireland Premier Division,Sligo Rovers vs Waterford FC,under25,2.12
2026-08-18,2026-08-18T09:21:02,2026-08-22,China Super League,Wuhan Three Towns vs Tianjin Jinmen Tiger FC,over25,1.76
2026-08-18,2026-08-18T09:21:02,2026-08-22,China Super League,Wuhan Three Towns vs Tianjin Jinmen Tiger FC,under25,2.03
2026-08-18,2026-08-18T09:21:02,2026-08-23,Denmark Superliga,AGF Aarhus vs OB Odense BK,over35,2.33
2026-08-18,2026-08-18T09:21:02,2026-08-23,Denmark Superliga,Viborg FF vs FC Copenhagen,over25,1.52
2026-08-18,2026-08-18T09:21:02,2026-08-23,Denmark Superliga,Viborg FF vs FC Copenhagen,over35,2.25
2026-08-18,2026-08-18T09:21:02,2026-08-23,Denmark Superliga,Viborg FF vs FC Copenhagen,under25,2.48
2026-08-18,2026-08-18T09:21:02,2026-08-24,Argentina Primera Division,CA Tigre BA vs Central Córdoba,over25,2.5
2026-08-18,2026-08-18T09:21:02,2026-08-24,Argentina Primera Division,CA Tigre BA vs Central Córdoba,under25,1.53
2026-08-18,2026-08-18T09:57:24,2026-08-20,USA MLS,Seattle Sounders FC vs Austin FC,over35,2.32
2026-08-18,2026-08-18T09:57:24,2026-08-21,Argentina Primera Division,Aldosivi Mar del Plata vs Union Santa Fe,over15,1.54
2026-08-18,2026-08-18T09:57:24,2026-08-21,Ireland Premier Division,Drogheda United vs St Patricks Athletic,over25,1.88
2026-08-18,2026-08-18T09:57:24,2026-08-21,Ireland Premier Division,Drogheda United vs St Patricks Athletic,under25,1.82
2026-08-18,2026-08-18T09:57:24,2026-08-22,Mexico Liga MX,Guadalajara vs Tijuana,under25,2.22
2026-08-18,2026-08-18T09:57:24,2026-08-22,China Super League,Wuhan Three Towns vs Tianjin Jinmen Tiger FC,over25,1.78
2026-08-18,2026-08-18T09:57:24,2026-08-22,China Super League,Wuhan Three Towns vs Tianjin Jinmen Tiger FC,under25,2.01
2026-08-18,2026-08-18T10:37:12,2026-08-18,China Super League,Shanghai Shenhua FC vs Beijing FC,over35,1.95
2026-08-18,2026-08-18T10:37:12,2026-08-19,China Super League,Shanghai SIPG FC vs Dalian Yingbo,over25,1.45
2026-08-18,2026-08-18T10:37:12,2026-08-19,China Super League,Shanghai SIPG FC vs Dalian Yingbo,under25,2.58
2026-08-18,2026-08-18T10:37:12,2026-08-20,USA MLS,Seattle Sounders FC vs Austin FC,over25,1.5
2026-08-18,2026-08-18T10:37:12,2026-08-20,USA MLS,Seattle Sounders FC vs Austin FC,over35,2.31
2026-08-18,2026-08-18T10:37:12,2026-08-20,USA MLS,Seattle Sounders FC vs Austin FC,under25,2.4
2026-08-18,2026-08-18T10:37:12,2026-08-20,USA MLS,Vancouver Whitecaps FC vs Houston Dynamo,over35,2.38
2026-08-18,2026-08-18T10:37:12,2026-08-21,Argentina Primera Division,Aldosivi Mar del Plata vs Union Santa Fe,over15,1.55
2026-08-18,2026-08-18T10:37:12,2026-08-23,Denmark Superliga,AGF Aarhus vs OB Odense BK,over25,1.62
2026-08-18,2026-08-18T10:37:12,2026-08-23,Sweden Allsvenskan,IFK Goteborg vs IF Elfsborg,over25,1.75
2026-08-18,2026-08-18T10:37:12,2026-08-23,Denmark Superliga,SonderjyskE vs FC Nordsjaelland,over25,1.46
2026-08-18,2026-08-18T10:37:12,2026-08-23,Denmark Superliga,SonderjyskE vs FC Nordsjaelland,under25,2.68
2026-08-18,2026-08-18T10:37:12,2026-08-24,Argentina Primera Division,CA Tigre BA vs Central Córdoba,over25,2.52
2026-08-18,2026-08-18T10:37:12,2026-08-24,Argentina Primera Division,CA Tigre BA vs Central Córdoba,under25,1.52
2026-08-18,2026-08-18T11:02:49,2026-08-18,China Super League,Shanghai Shenhua FC vs Beijing FC,over35,1.9
2026-08-18,2026-08-18T11:02:49,2026-08-19,USA MLS,Philadelphia Union vs Inter Miami CF,over35,2.02
2026-08-18,2026-08-18T11:02:49,2026-08-20,USA MLS,Minnesota United FC vs Atlanta United FC,over25,1.7
2026-08-18,2026-08-18T11:02:49,2026-08-20,USA MLS,Minnesota United FC vs Atlanta United FC,under25,2.26
2026-08-18,2026-08-18T11:02:49,2026-08-20,USA MLS,Seattle Sounders FC vs Austin FC,over35,2.37
2026-08-18,2026-08-18T11:37:27,2026-08-24,Argentina Primera Division,CA Tigre BA vs Central Córdoba,over25,2.5
2026-08-18,2026-08-18T11:37:27,2026-08-24,Argentina Primera Division,CA Tigre BA vs Central Córdoba,under25,1.53
2026-08-18,2026-08-18T12:02:00,2026-08-19,USA MLS,Orlando City SC vs Chicago Fire,over35,1.96
2026-08-18,2026-08-18T12:02:00,2026-08-20,USA MLS,Minnesota United FC vs Atlanta United FC,under25,2.27
2026-08-18,2026-08-18T12:02:00,2026-08-20,USA MLS,Seattle Sounders FC vs Austin FC,over25,1.63
2026-08-18,2026-08-18T12:02:00,2026-08-20,USA MLS,Seattle Sounders FC vs Austin FC,over35,2.31
2026-08-18,2026-08-18T12:02:00,2026-08-21,Argentina Primera Division,Aldosivi Mar del Plata vs Union Santa Fe,over15,1.54
2026-08-18,2026-08-18T12:02:00,2026-08-22,China Super League,Beijing FC vs Yunnan Yukun,over35,1.75
2026-08-18,2026-08-18T12:02:00,2026-08-22,China Super League,Beijing FC vs Yunnan Yukun,under25,3.45
2026-08-18,2026-08-18T12:02:00,2026-08-22,China Super League,Wuhan Three Towns vs Tianjin Jinmen Tiger FC,over25,1.76
2026-08-18,2026-08-18T12:02:00,2026-08-22,China Super League,Wuhan Three Towns vs Tianjin Jinmen Tiger FC,under25,2.03
2026-08-18,2026-08-18T13:06:03,2026-08-19,USA MLS,Columbus Crew SC vs CF Montreal,over35,2.4
2026-08-18,2026-08-18T13:06:03,2026-08-21,Argentina Primera Division,Aldosivi Mar del Plata vs Union Santa Fe,over15,1.55
2026-08-18,2026-08-18T13:06:03,2026-08-22,China Super League,Beijing FC vs Yunnan Yukun,under25,3.5
2026-08-18,2026-08-18T13:06:03,2026-08-22,Mexico Liga MX,Guadalajara vs Tijuana,over25,1.5
2026-08-18,2026-08-18T13:06:03,2026-08-22,Mexico Liga MX,Guadalajara vs Tijuana,under25,2.4
2026-08-18,2026-08-18T13:06:03,2026-08-22,China Super League,Qingdao West Coast FC vs Shandong Luneng Taishan FC,under25,2.28
2026-08-18,2026-08-18T13:06:03,2026-08-23,Mexico Liga MX,Cruz Azul vs Atlas,under25,2.0
2026-08-18,2026-08-18T13:06:03,2026-08-23,Finland Veikkausliiga,HJK Helsinki vs IF Gnistan,over25,1.46
2026-08-18,2026-08-18T13:06:03,2026-08-23,Finland Veikkausliiga,HJK Helsinki vs IF Gnistan,under25,2.62
2026-08-18,2026-08-18T13:56:52,2026-08-19,USA MLS,Toronto FC vs Charlotte FC,over25,1.74
2026-08-18,2026-08-18T13:56:52,2026-08-19,USA MLS,Toronto FC vs Charlotte FC,under25,2.2
2026-08-18,2026-08-18T13:56:52,2026-08-20,USA MLS,Colorado Rapids vs Los Angeles FC,over25,1.72
2026-08-18,2026-08-18T13:56:52,2026-08-20,USA MLS,Colorado Rapids vs Los Angeles FC,under25,2.22
2026-08-18,2026-08-18T13:56:52,2026-08-20,USA MLS,Minnesota United FC vs Atlanta United FC,over25,1.74
2026-08-18,2026-08-18T13:56:52,2026-08-20,USA MLS,Minnesota United FC vs Atlanta United FC,under25,2.19
2026-08-18,2026-08-18T13:56:52,2026-08-20,USA MLS,Vancouver Whitecaps FC vs Houston Dynamo,over35,2.37
2026-08-18,2026-08-18T13:56:52,2026-08-21,Austrian Bundesliga,Ried vs Grazer AK,over25,1.92
2026-08-18,2026-08-18T13:56:52,2026-08-21,Austrian Bundesliga,Ried vs Grazer AK,under25,1.82
2026-08-18,2026-08-18T13:56:52,2026-08-22,China Super League,Beijing FC vs Yunnan Yukun,over35,1.76
2026-08-18,2026-08-18T13:56:52,2026-08-22,Mexico Liga MX,Guadalajara vs Tijuana,over25,1.6
2026-08-18,2026-08-18T13:56:52,2026-08-22,Mexico Liga MX,Guadalajara vs Tijuana,over35,2.3
2026-08-18,2026-08-18T13:56:52,2026-08-22,Mexico Liga MX,Guadalajara vs Tijuana,under25,2.22
2026-08-18,2026-08-18T13:56:52,2026-08-22,Mexico Liga MX,León vs Monterrey,over25,1.54
2026-08-18,2026-08-18T13:56:52,2026-08-22,Mexico Liga MX,León vs Monterrey,under25,2.32
2026-08-18,2026-08-18T13:56:52,2026-08-22,Mexico Liga MX,Querétaro vs Toluca,under25,2.3
2026-08-18,2026-08-18T13:56:52,2026-08-23,Mexico Liga MX,Atlético San Luis vs Pachuca,over25,1.61
2026-08-18,2026-08-18T13:56:52,2026-08-23,Mexico Liga MX,Atlético San Luis vs Pachuca,under25,1.93
2026-08-18,2026-08-18T13:56:52,2026-08-23,Mexico Liga MX,Cruz Azul vs Atlas,under25,2.02
2026-08-18,2026-08-18T13:56:52,2026-08-23,Argentina Primera Division,Sarmiento de Junin vs Estudiantes,over25,2.52
2026-08-18,2026-08-18T13:56:52,2026-08-23,Argentina Primera Division,Sarmiento de Junin vs Estudiantes,under25,1.5
2026-08-18,2026-08-18T13:56:52,2026-08-24,Mexico Liga MX,Pumas vs Necaxa,over25,1.57
2026-08-18,2026-08-18T13:56:52,2026-08-24,Mexico Liga MX,Pumas vs Necaxa,under25,2.23
2026-08-18,2026-08-18T14:43:27,2026-08-20,USA MLS,Vancouver Whitecaps FC vs Houston Dynamo,over35,2.38
2026-08-18,2026-08-18T14:43:27,2026-08-21,Ireland Premier Division,Dundalk vs Galway United,over25,1.58
2026-08-18,2026-08-18T14:43:27,2026-08-21,Ireland Premier Division,Dundalk vs Galway United,under25,2.22
2026-08-18,2026-08-18T14:43:27,2026-08-22,USA MLS,New York Red Bulls vs Chicago Fire,over25,1.39
2026-08-18,2026-08-18T14:43:27,2026-08-22,USA MLS,New York Red Bulls vs Chicago Fire,over35,1.97
2026-08-18,2026-08-18T14:43:27,2026-08-22,USA MLS,New York Red Bulls vs Chicago Fire,under25,2.95
2026-08-18,2026-08-18T14:43:27,2026-08-23,Finland Veikkausliiga,HJK Helsinki vs IF Gnistan,over25,1.49
2026-08-18,2026-08-18T14:43:27,2026-08-23,Finland Veikkausliiga,HJK Helsinki vs IF Gnistan,under25,2.52
2026-08-18,2026-08-18T15:14:57,2026-08-19,China Super League,Shanghai SIPG FC vs Dalian Yingbo,over25,1.44
2026-08-18,2026-08-18T15:14:57,2026-08-19,China Super League,Shanghai SIPG FC vs Dalian Yingbo,under25,2.62
2026-08-18,2026-08-18T15:14:57,2026-08-20,USA MLS,Colorado Rapids vs Los Angeles FC,under25,2.23
2026-08-18,2026-08-18T15:14:57,2026-08-22,Brazil Serie A,Internacional vs Atletico Mineiro,over25,2.0
2026-08-18,2026-08-18T15:14:57,2026-08-22,Brazil Serie A,Internacional vs Atletico Mineiro,under25,1.84
2026-08-18,2026-08-18T15:14:57,2026-08-22,USA MLS,New York Red Bulls vs Chicago Fire,over25,1.37
2026-08-18,2026-08-18T15:14:57,2026-08-22,USA MLS,New York Red Bulls vs Chicago Fire,over35,2.0
2026-08-18,2026-08-18T15:14:57,2026-08-22,USA MLS,New York Red Bulls vs Chicago Fire,under25,3.05
2026-08-18,2026-08-18T15:51:57,2026-08-19,USA MLS,Philadelphia Union vs Inter Miami CF,over35,2.08
2026-08-18,2026-08-18T15:51:57,2026-08-19,China Super League,Shanghai SIPG FC vs Dalian Yingbo,over35,2.1
2026-08-18,2026-08-18T15:51:57,2026-08-20,USA MLS,Colorado Rapids vs Los Angeles FC,under25,2.22
2026-08-18,2026-08-18T15:51:57,2026-08-20,USA MLS,Real Salt Lake vs FC Dallas,over35,2.3
2026-08-18,2026-08-18T15:51:57,2026-08-22,Mexico Liga MX,Guadalajara vs Tijuana,over25,1.62
2026-08-18,2026-08-18T15:51:57,2026-08-22,Brazil Serie A,Internacional vs Atletico Mineiro,over25,2.02
2026-08-18,2026-08-18T15:51:57,2026-08-22,Brazil Serie A,Internacional vs Atletico Mineiro,under25,1.83
2026-08-18,2026-08-18T15:51:57,2026-08-22,USA MLS,New York Red Bulls vs Chicago Fire,over25,1.39
2026-08-18,2026-08-18T15:51:57,2026-08-22,USA MLS,New York Red Bulls vs Chicago Fire,over35,1.97
2026-08-18,2026-08-18T15:51:57,2026-08-22,USA MLS,New York Red Bulls vs Chicago Fire,under25,2.95
2026-08-18,2026-08-18T15:51:57,2026-08-22,Mexico Liga MX,Querétaro vs Toluca,over35,2.35
2026-08-18,2026-08-18T15:51:57,2026-08-23,Brazil Serie A,Bragantino-SP vs Grêmio,over25,1.91
2026-08-18,2026-08-18T15:51:57,2026-08-23,Brazil Serie A,Bragantino-SP vs Grêmio,under25,1.94
2026-08-18,2026-08-18T15:51:57,2026-08-23,Denmark Superliga,FC Midtjylland vs Randers FC,over25,1.6
2026-08-18,2026-08-18T15:51:57,2026-08-23,Argentina Primera Division,Sarmiento de Junin vs Estudiantes,over25,2.58
2026-08-18,2026-08-18T15:51:57,2026-08-23,Argentina Primera Division,Sarmiento de Junin vs Estudiantes,under25,1.49
2026-08-18,2026-08-18T15:51:57,2026-08-24,Argentina Primera Division,Racing Club vs Boca Juniors,over25,2.5
2026-08-18,2026-08-18T15:51:57,2026-08-24,Argentina Primera Division,Racing Club vs Boca Juniors,under25,1.5
2026-08-18,2026-08-18T16:24:55,2026-08-20,USA MLS,Colorado Rapids vs Los Angeles FC,under25,2.23
2026-08-18,2026-08-18T16:24:55,2026-08-20,USA MLS,Minnesota United FC vs Atlanta United FC,over25,1.7
2026-08-18,2026-08-18T16:24:55,2026-08-20,USA MLS,Minnesota United FC vs Atlanta United FC,under25,2.12
2026-08-18,2026-08-18T16:24:55,2026-08-20,USA MLS,Vancouver Whitecaps FC vs Houston Dynamo,over35,2.37
2026-08-18,2026-08-18T16:24:55,2026-08-22,Brazil Serie A,Internacional vs Atletico Mineiro,over25,2.0
2026-08-18,2026-08-18T16:24:55,2026-08-22,Brazil Serie A,Internacional vs Atletico Mineiro,under25,1.84
2026-08-18,2026-08-18T16:24:55,2026-08-22,China Super League,Wuhan Three Towns vs Tianjin Jinmen Tiger FC,over25,1.71
2026-08-18,2026-08-18T16:24:55,2026-08-22,China Super League,Wuhan Three Towns vs Tianjin Jinmen Tiger FC,under25,2.1
2026-08-18,2026-08-18T16:24:55,2026-08-23,Brazil Serie A,Bragantino-SP vs Grêmio,over25,1.9
2026-08-18,2026-08-18T16:24:55,2026-08-23,Brazil Serie A,Bragantino-SP vs Grêmio,under25,1.95
2026-08-18,2026-08-18T16:24:55,2026-08-24,Mexico Liga MX,Pumas vs Necaxa,under25,2.25
2026-08-18,2026-08-18T17:00:14,2026-08-19,USA MLS,New York Red Bulls vs Nashville SC,over25,1.53
2026-08-18,2026-08-18T17:00:14,2026-08-19,USA MLS,New York Red Bulls vs Nashville SC,under25,2.38
2026-08-18,2026-08-18T17:00:14,2026-08-19,USA MLS,Toronto FC vs Charlotte FC,over25,1.78
2026-08-18,2026-08-18T17:00:14,2026-08-19,USA MLS,Toronto FC vs Charlotte FC,under25,2.13
2026-08-18,2026-08-18T17:00:14,2026-08-20,USA MLS,Colorado Rapids vs Los Angeles FC,over25,1.68
2026-08-18,2026-08-18T17:00:14,2026-08-20,USA MLS,Colorado Rapids vs Los Angeles FC,under25,2.15
2026-08-18,2026-08-18T17:00:14,2026-08-20,USA MLS,Seattle Sounders FC vs Austin FC,over25,1.64
2026-08-18,2026-08-18T17:00:14,2026-08-20,USA MLS,Seattle Sounders FC vs Austin FC,under25,2.38
2026-08-18,2026-08-18T17:00:14,2026-08-23,Brazil Serie A,Bragantino-SP vs Grêmio,over25,1.91
2026-08-18,2026-08-18T17:00:14,2026-08-23,Brazil Serie A,Bragantino-SP vs Grêmio,under25,1.94
2026-08-18,2026-08-18T17:00:14,2026-08-24,Argentina Primera Division,Racing Club vs Boca Juniors,over15,1.57
2026-08-18,2026-08-18T17:38:33,2026-08-19,USA MLS,Columbus Crew SC vs CF Montreal,over25,1.67
2026-08-18,2026-08-18T17:38:33,2026-08-19,USA MLS,Columbus Crew SC vs CF Montreal,over35,2.45
2026-08-18,2026-08-18T17:38:33,2026-08-19,USA MLS,Columbus Crew SC vs CF Montreal,under25,2.31
2026-08-18,2026-08-18T17:38:33,2026-08-19,USA MLS,Toronto FC vs Charlotte FC,over25,1.81
2026-08-18,2026-08-18T17:38:33,2026-08-19,USA MLS,Toronto FC vs Charlotte FC,under25,2.09
2026-08-18,2026-08-18T17:38:33,2026-08-20,USA MLS,LA Galaxy vs San Jose Earthquakes,over35,2.09
2026-08-18,2026-08-18T17:38:33,2026-08-20,USA MLS,Seattle Sounders FC vs Austin FC,under25,2.37
2026-08-18,2026-08-18T17:38:33,2026-08-21,Argentina Primera Division,Aldosivi Mar del Plata vs Union Santa Fe,over15,1.54
2026-08-18,2026-08-18T17:38:33,2026-08-21,Sweden Allsvenskan,IK Sirius vs BK Hacken,under25,2.92
2026-08-18,2026-08-18T17:38:33,2026-08-23,USA MLS,New England Revolution vs New York City FC,under25,1.95
2026-08-18,2026-08-18T17:38:33,2026-08-24,Argentina Primera Division,CA Tigre BA vs Central Córdoba,over25,2.52
2026-08-18,2026-08-18T17:38:33,2026-08-24,Argentina Primera Division,CA Tigre BA vs Central Córdoba,under25,1.52
2026-08-18,2026-08-18T17:38:33,2026-08-24,Argentina Primera Division,Racing Club vs Boca Juniors,over15,1.56
2026-08-18,2026-08-18T18:05:16,2026-08-19,USA MLS,Columbus Crew SC vs CF Montreal,over25,1.69
2026-08-18,2026-08-18T18:05:16,2026-08-19,USA MLS,Columbus Crew SC vs CF Montreal,under25,2.28
2026-08-18,2026-08-18T18:05:16,2026-08-19,China Super League,Shanghai SIPG FC vs Dalian Yingbo,over35,2.13
2026-08-18,2026-08-18T18:05:16,2026-08-19,China Super League,Shanghai SIPG FC vs Dalian Yingbo,under25,2.58
2026-08-18,2026-08-18T18:05:16,2026-08-19,USA MLS,Toronto FC vs Charlotte FC,over25,1.79
2026-08-18,2026-08-18T18:05:16,2026-08-19,USA MLS,Toronto FC vs Charlotte FC,under25,2.12
2026-08-18,2026-08-18T18:05:16,2026-08-20,USA MLS,Vancouver Whitecaps FC vs Houston Dynamo,over35,2.36
2026-08-18,2026-08-18T18:05:16,2026-08-22,Brazil Serie A,Internacional vs Atletico Mineiro,over25,2.02
2026-08-18,2026-08-18T18:05:16,2026-08-22,Brazil Serie A,Internacional vs Atletico Mineiro,under25,1.83
2026-08-18,2026-08-18T18:05:16,2026-08-24,Argentina Primera Division,Racing Club vs Boca Juniors,over15,1.57
2026-08-18,2026-08-18T18:54:53,2026-08-19,USA MLS,Columbus Crew SC vs CF Montreal,over25,1.67
2026-08-18,2026-08-18T18:54:53,2026-08-19,USA MLS,Columbus Crew SC vs CF Montreal,under25,2.31
2026-08-18,2026-08-18T18:54:53,2026-08-19,China Super League,Shanghai SIPG FC vs Dalian Yingbo,over35,2.15
2026-08-18,2026-08-18T18:54:53,2026-08-19,USA MLS,Toronto FC vs Charlotte FC,over25,1.81
2026-08-18,2026-08-18T18:54:53,2026-08-19,USA MLS,Toronto FC vs Charlotte FC,under25,2.09
2026-08-18,2026-08-18T18:54:53,2026-08-20,USA MLS,Vancouver Whitecaps FC vs Houston Dynamo,over35,2.37
2026-08-18,2026-08-18T18:54:53,2026-08-21,Argentina Primera Division,Aldosivi Mar del Plata vs Union Santa Fe,over15,1.55
2026-08-18,2026-08-18T18:54:53,2026-08-24,Argentina Primera Division,CA Tigre BA vs Central Córdoba,over25,2.5
2026-08-18,2026-08-18T18:54:53,2026-08-24,Argentina Primera Division,CA Tigre BA vs Central Córdoba,under25,1.53
2026-08-18,2026-08-18T18:54:53,2026-08-24,Argentina Primera Division,Racing Club vs Boca Juniors,over15,1.56
2026-08-18,2026-08-18T18:54:53,2026-08-25,Argentina Primera Division,Lanus vs Argentinos Juniors,over15,1.61
2026-08-18,2026-08-18T19:29:32,2026-08-19,USA MLS,Columbus Crew SC vs CF Montreal,under25,2.32
2026-08-18,2026-08-18T19:29:32,2026-08-22,Brazil Serie A,Internacional vs Atletico Mineiro,over25,2.0
2026-08-18,2026-08-18T19:29:32,2026-08-22,Brazil Serie A,Internacional vs Atletico Mineiro,under25,1.84
2026-08-18,2026-08-18T19:53:52,2026-08-19,USA MLS,Columbus Crew SC vs CF Montreal,under25,2.31
2026-08-18,2026-08-18T19:53:52,2026-08-21,Sweden Allsvenskan,IK Sirius vs BK Hacken,over35,1.94
2026-08-18,2026-08-18T19:53:52,2026-08-22,Mexico Liga MX,León vs Monterrey,under25,2.3
2026-08-18,2026-08-18T20:22:14,2026-08-19,USA MLS,Philadelphia Union vs Inter Miami CF,over35,2.02
2026-08-18,2026-08-18T20:22:14,2026-08-20,USA MLS,Vancouver Whitecaps FC vs Houston Dynamo,over35,2.36
2026-08-18,2026-08-18T21:13:05,2026-08-22,China Super League,Beijing FC vs Yunnan Yukun,over35,1.77
2026-08-18,2026-08-18T21:13:05,2026-08-22,Brazil Serie A,Internacional vs Atletico Mineiro,over25,2.02
2026-08-18,2026-08-18T21:13:05,2026-08-22,Brazil Serie A,Internacional vs Atletico Mineiro,under25,1.83
2026-08-18,2026-08-18T21:43:39,2026-08-19,USA MLS,Columbus Crew SC vs CF Montreal,under25,2.32
2026-08-18,2026-08-18T21:43:39,2026-08-20,USA MLS,Real Salt Lake vs FC Dallas,over35,2.31
2026-08-18,2026-08-18T21:43:39,2026-08-22,Brazil Serie A,Internacional vs Atletico Mineiro,over25,2.0
2026-08-18,2026-08-18T21:43:39,2026-08-22,Brazil Serie A,Internacional vs Atletico Mineiro,under25,1.84
2026-08-18,2026-08-18T22:02:35,2026-08-20,USA MLS,Vancouver Whitecaps FC vs Houston Dynamo,over35,2.37
2026-08-18,2026-08-18T22:02:35,2026-08-22,China Super League,Beijing FC vs Yunnan Yukun,over35,1.76
2026-08-18,2026-08-18T22:02:35,2026-08-22,Brazil Serie A,Internacional vs Atletico Mineiro,over25,2.02
2026-08-18,2026-08-18T22:02:35,2026-08-22,Brazil Serie A,Internacional vs Atletico Mineiro,under25,1.83
2026-08-18,2026-08-18T22:38:04,2026-08-19,USA MLS,Columbus Crew SC vs CF Montreal,over35,2.5
2026-08-18,2026-08-18T22:38:04,2026-08-20,USA MLS,Seattle Sounders FC vs Austin FC,under25,2.38
2026-08-18,2026-08-18T22:38:04,2026-08-21,Sweden Allsvenskan,IK Sirius vs BK Hacken,over35,1.92
2026-08-18,2026-08-18T22:38:04,2026-08-22,China Super League,Beijing FC vs Yunnan Yukun,over35,1.77
2026-08-18,2026-08-18T22:38:04,2026-08-22,USA MLS,CF Montreal vs LA Galaxy,over25,1.54
2026-08-18,2026-08-18T22:38:04,2026-08-22,Brazil Serie A,Internacional vs Atletico Mineiro,over25,2.0
2026-08-18,2026-08-18T22:38:04,2026-08-22,Brazil Serie A,Internacional vs Atletico Mineiro,under25,1.84
2026-08-18,2026-08-18T22:38:04,2026-08-22,USA MLS,New York Red Bulls vs Chicago Fire,over25,1.37
2026-08-18,2026-08-18T22:38:04,2026-08-22,USA MLS,New York Red Bulls vs Chicago Fire,under25,3.05
2026-08-18,2026-08-18T23:01:37,2026-08-19,USA MLS,Columbus Crew SC vs CF Montreal,under25,2.31
2026-08-18,2026-08-18T23:01:37,2026-08-19,USA MLS,Toronto FC vs Charlotte FC,over25,1.8
2026-08-18,2026-08-18T23:01:37,2026-08-19,USA MLS,Toronto FC vs Charlotte FC,under25,2.1
2026-08-18,2026-08-18T23:01:37,2026-08-24,Argentina Primera Division,Racing Club vs Boca Juniors,over15,1.57
2026-08-18,2026-08-18T23:01:37,2026-08-25,Argentina Primera Division,Lanus vs Argentinos Juniors,over15,1.62
2026-08-18,2026-08-18T23:34:19,2026-08-20,USA MLS,Vancouver Whitecaps FC vs Houston Dynamo,over35,2.36
2026-08-18,2026-08-18T23:34:19,2026-08-22,China Super League,Beijing FC vs Yunnan Yukun,over35,1.76
2026-08-18,2026-08-18T23:34:19,2026-08-23,Finland Veikkausliiga,KuPS Kuopio vs IFK Mariehamn,over35,2.06
2026-08-18,2026-08-18T23:34:19,2026-08-24,Argentina Primera Division,Racing Club vs Boca Juniors,over15,1.56
2026-08-18,2026-08-18T23:34:19,2026-08-25,Argentina Primera Division,Lanus vs Argentinos Juniors,over15,1.61
2026-08-18,2026-08-18T23:56:37,2026-08-19,USA MLS,New York Red Bulls vs Nashville SC,over35,2.36
2026-08-18,2026-08-18T23:56:37,2026-08-23,USA MLS,Nashville SC vs Columbus Crew SC,under25,2.14
2026-08-18,2026-08-18T23:56:37,2026-08-23,USA MLS,Vancouver Whitecaps FC vs FC Dallas,over35,2.04
2026-08-18,2026-08-18T23:56:37,2026-08-24,Argentina Primera Division,CA Tigre BA vs Central Córdoba,over25,2.52
2026-08-18,2026-08-18T23:56:37,2026-08-24,Argentina Primera Division,CA Tigre BA vs Central Córdoba,under25,1.52
2026-08-18,2026-08-18T23:56:37,2026-08-25,Argentina Primera Division,Lanus vs Argentinos Juniors,over15,1.62
2026-08-19,2026-08-19T01:42:29,2026-08-19,USA MLS,Philadelphia Union vs Inter Miami CF,over25,1.36
2026-08-19,2026-08-19T01:42:29,2026-08-19,USA MLS,Philadelphia Union vs Inter Miami CF,over35,1.97
2026-08-19,2026-08-19T01:42:29,2026-08-19,USA MLS,Philadelphia Union vs Inter Miami CF,under25,2.9
2026-08-19,2026-08-19T01:42:29,2026-08-19,China Super League,Shanghai SIPG FC vs Dalian Yingbo,over25,1.43
2026-08-19,2026-08-19T01:42:29,2026-08-19,China Super League,Shanghai SIPG FC vs Dalian Yingbo,over35,2.1
2026-08-19,2026-08-19T01:42:29,2026-08-19,China Super League,Shanghai SIPG FC vs Dalian Yingbo,under25,2.62
2026-08-19,2026-08-19T01:42:29,2026-08-20,USA MLS,Vancouver Whitecaps FC vs Houston Dynamo,over35,2.37
2026-08-19,2026-08-19T01:42:29,2026-08-22,China Super League,Beijing FC vs Yunnan Yukun,under25,3.45
2026-08-19,2026-08-19T01:42:29,2026-08-23,USA MLS,St. Louis City SC vs Houston Dynamo,over25,1.6
2026-08-19,2026-08-19T01:42:29,2026-08-23,USA MLS,St. Louis City SC vs Houston Dynamo,under25,2.3
2026-08-19,2026-08-19T01:42:29,2026-08-24,Argentina Primera Division,CA Tigre BA vs Central Córdoba,over25,2.5
2026-08-19,2026-08-19T01:42:29,2026-08-24,Argentina Primera Division,CA Tigre BA vs Central Córdoba,under25,1.53
2026-08-19,2026-08-19T01:42:29,2026-08-25,Argentina Primera Division,Lanus vs Argentinos Juniors,over15,1.61
2026-08-19,2026-08-19T09:23:31,2026-08-19,USA MLS,Columbus Crew SC vs CF Montreal,over25,1.63
2026-08-19,2026-08-19T09:23:31,2026-08-19,USA MLS,Columbus Crew SC vs CF Montreal,over35,2.25
2026-08-19,2026-08-19T09:23:31,2026-08-19,USA MLS,Columbus Crew SC vs CF Montreal,under25,2.39
2026-08-19,2026-08-19T09:23:31,2026-08-19,USA MLS,New York Red Bulls vs Nashville SC,over35,2.37
2026-08-19,2026-08-19T09:23:31,2026-08-19,USA MLS,Orlando City SC vs Chicago Fire,over35,1.93
2026-08-19,2026-08-19T09:23:31,2026-08-19,USA MLS,Philadelphia Union vs Inter Miami CF,over35,1.95
2026-08-19,2026-08-19T09:23:31,2026-08-19,China Super League,Shanghai SIPG FC vs Dalian Yingbo,over25,1.44
2026-08-19,2026-08-19T09:23:31,2026-08-19,China Super League,Shanghai SIPG FC vs Dalian Yingbo,over35,2.13
2026-08-19,2026-08-19T09:23:31,2026-08-19,USA MLS,Toronto FC vs Charlotte FC,over25,1.73
2026-08-19,2026-08-19T09:23:31,2026-08-19,USA MLS,Toronto FC vs Charlotte FC,under25,2.21
2026-08-19,2026-08-19T09:23:31,2026-08-20,USA MLS,Colorado Rapids vs Los Angeles FC,over25,1.7
2026-08-19,2026-08-19T09:23:31,2026-08-20,USA MLS,Colorado Rapids vs Los Angeles FC,under25,2.12
2026-08-19,2026-08-19T09:23:31,2026-08-20,USA MLS,LA Galaxy vs San Jose Earthquakes,over25,1.4
2026-08-19,2026-08-19T09:23:31,2026-08-20,USA MLS,LA Galaxy vs San Jose Earthquakes,over35,2.08
2026-08-19,2026-08-19T09:23:31,2026-08-20,USA MLS,LA Galaxy vs San Jose Earthquakes,under25,2.7
2026-08-19,2026-08-19T09:23:31,2026-08-20,USA MLS,Minnesota United FC vs Atlanta United FC,over25,1.69
2026-08-19,2026-08-19T09:23:31,2026-08-20,USA MLS,Minnesota United FC vs Atlanta United FC,under25,2.27
2026-08-19,2026-08-19T09:23:31,2026-08-20,USA MLS,Portland Timbers vs San Diego FC,over25,1.35
2026-08-19,2026-08-19T09:23:31,2026-08-20,USA MLS,Portland Timbers vs San Diego FC,under25,3.0
2026-08-19,2026-08-19T09:23:31,2026-08-20,USA MLS,Seattle Sounders FC vs Austin FC,over25,1.65
2026-08-19,2026-08-19T09:23:31,2026-08-20,USA MLS,Seattle Sounders FC vs Austin FC,under25,2.36
2026-08-19,2026-08-19T09:23:31,2026-08-20,USA MLS,Sporting Kansas City vs St. Louis City SC,over35,2.27
2026-08-19,2026-08-19T09:23:31,2026-08-20,USA MLS,Vancouver Whitecaps FC vs Houston Dynamo,over25,1.66
2026-08-19,2026-08-19T09:23:31,2026-08-20,USA MLS,Vancouver Whitecaps FC vs Houston Dynamo,over35,2.35
2026-08-19,2026-08-19T09:23:31,2026-08-20,USA MLS,Vancouver Whitecaps FC vs Houston Dynamo,under25,2.34
2026-08-19,2026-08-19T09:23:31,2026-08-21,Argentina Primera Division,Aldosivi Mar del Plata vs Union Santa Fe,over15,1.54
2026-08-19,2026-08-19T09:23:31,2026-08-21,Argentina Primera Division,Aldosivi Mar del Plata vs Union Santa Fe,over25,2.48
2026-08-19,2026-08-19T09:23:31,2026-08-21,Argentina Primera Division,Aldosivi Mar del Plata vs Union Santa Fe,under25,1.51
2026-08-19,2026-08-19T09:23:31,2026-08-22,Argentina Primera Division,Atlético Tucuman vs Instituto de Córdoba,over25,2.4
2026-08-19,2026-08-19T09:23:31,2026-08-22,Argentina Primera Division,Atlético Tucuman vs Instituto de Córdoba,under25,1.49
2026-08-19,2026-08-19T09:23:31,2026-08-22,Mexico Liga MX,Guadalajara vs Tijuana,over35,2.32
2026-08-19,2026-08-19T09:23:31,2026-08-22,USA MLS,New York Red Bulls vs Chicago Fire,over25,1.39
2026-08-19,2026-08-19T09:23:31,2026-08-22,USA MLS,New York Red Bulls vs Chicago Fire,under25,2.95
2026-08-19,2026-08-19T09:23:31,2026-08-22,Mexico Liga MX,Querétaro vs Toluca,over35,2.36
2026-08-19,2026-08-19T09:23:31,2026-08-23,Brazil Serie A,Bragantino-SP vs Grêmio,over25,1.9
2026-08-19,2026-08-19T09:23:31,2026-08-23,Brazil Serie A,Bragantino-SP vs Grêmio,under25,1.95
2026-08-19,2026-08-19T09:23:31,2026-08-23,Mexico Liga MX,Cruz Azul vs Atlas,over25,1.67
2026-08-19,2026-08-19T09:23:31,2026-08-23,Mexico Liga MX,Cruz Azul vs Atlas,under25,2.0
2026-08-19,2026-08-19T09:23:31,2026-08-23,Finland Veikkausliiga,HJK Helsinki vs IF Gnistan,over35,2.3
2026-08-19,2026-08-19T09:23:31,2026-08-23,Finland Veikkausliiga,KuPS Kuopio vs IFK Mariehamn,over25,1.39
2026-08-19,2026-08-19T09:23:31,2026-08-23,Finland Veikkausliiga,KuPS Kuopio vs IFK Mariehamn,under25,2.85
2026-08-19,2026-08-19T09:23:31,2026-08-23,Argentina Primera Division,Sarmiento de Junin vs Estudiantes,over25,2.52
2026-08-19,2026-08-19T09:23:31,2026-08-23,Argentina Primera Division,Sarmiento de Junin vs Estudiantes,under25,1.5
2026-08-19,2026-08-19T09:23:31,2026-08-24,Argentina Primera Division,CA Tigre BA vs Central Córdoba,over25,2.52
2026-08-19,2026-08-19T09:23:31,2026-08-24,Argentina Primera Division,CA Tigre BA vs Central Córdoba,under25,1.52
2026-08-19,2026-08-19T09:23:31,2026-08-24,Mexico Liga MX,Pumas vs Necaxa,over25,1.65
2026-08-19,2026-08-19T09:23:31,2026-08-24,Mexico Liga MX,Pumas vs Necaxa,under25,2.1
2026-08-19,2026-08-19T09:23:31,2026-08-24,Argentina Primera Division,Racing Club vs Boca Juniors,over15,1.57
2026-08-19,2026-08-19T09:23:31,2026-08-25,Argentina Primera Division,Lanus vs Argentinos Juniors,over15,1.59
2026-08-19,2026-08-19T09:23:31,2026-08-25,Argentina Primera Division,Lanus vs Argentinos Juniors,over25,2.68
2026-08-19,2026-08-19T09:23:31,2026-08-25,Argentina Primera Division,Lanus vs Argentinos Juniors,under25,1.46
2026-08-19,2026-08-19T09:23:31,2026-08-25,Argentina Primera Division,Talleres vs Rosario Central,over15,1.51
2026-08-19,2026-08-19T09:23:31,2026-08-25,Argentina Primera Division,Talleres vs Rosario Central,over25,2.39
2026-08-19,2026-08-19T09:23:31,2026-08-25,Argentina Primera Division,Talleres vs Rosario Central,under25,1.49
2026-08-19,2026-08-19T10:00:14,2026-08-19,USA MLS,Philadelphia Union vs Inter Miami CF,over25,1.33
2026-08-19,2026-08-19T10:00:14,2026-08-19,USA MLS,Philadelphia Union vs Inter Miami CF,under25,3.1
2026-08-19,2026-08-19T10:00:14,2026-08-19,China Super League,Shanghai SIPG FC vs Dalian Yingbo,over25,1.42
2026-08-19,2026-08-19T10:00:14,2026-08-19,China Super League,Shanghai SIPG FC vs Dalian Yingbo,over35,2.15
2026-08-19,2026-08-19T10:00:14,2026-08-19,China Super League,Shanghai SIPG FC vs Dalian Yingbo,under25,2.68
2026-08-19,2026-08-19T10:00:14,2026-08-20,USA MLS,Vancouver Whitecaps FC vs Houston Dynamo,over35,2.33
2026-08-19,2026-08-19T10:00:14,2026-08-22,China Super League,Beijing FC vs Yunnan Yukun,over35,1.75
2026-08-19,2026-08-19T10:00:14,2026-08-22,Brazil Serie A,Internacional vs Atletico Mineiro,over25,2.02
2026-08-19,2026-08-19T10:00:14,2026-08-22,Brazil Serie A,Internacional vs Atletico Mineiro,under25,1.83
2026-08-19,2026-08-19T10:00:14,2026-08-22,Mexico Liga MX,Querétaro vs Toluca,over35,2.3
2026-08-19,2026-08-19T10:00:14,2026-08-22,China Super League,Wuhan Three Towns vs Tianjin Jinmen Tiger FC,over25,1.74
2026-08-19,2026-08-19T10:00:14,2026-08-22,China Super League,Wuhan Three Towns vs Tianjin Jinmen Tiger FC,under25,2.06
2026-08-19,2026-08-19T10:00:14,2026-08-24,Argentina Primera Division,Racing Club vs Boca Juniors,over15,1.56
2026-08-19,2026-08-19T10:40:12,2026-08-19,USA MLS,Columbus Crew SC vs CF Montreal,over25,1.64
2026-08-19,2026-08-19T10:40:12,2026-08-19,USA MLS,Columbus Crew SC vs CF Montreal,under25,2.37
2026-08-19,2026-08-19T10:40:12,2026-08-19,USA MLS,D.C. United vs New England Revolution,over25,1.73
2026-08-19,2026-08-19T10:40:12,2026-08-19,USA MLS,D.C. United vs New England Revolution,under25,2.07
2026-08-19,2026-08-19T10:40:12,2026-08-19,USA MLS,New York Red Bulls vs Nashville SC,over35,2.32
2026-08-19,2026-08-19T10:40:12,2026-08-19,USA MLS,Philadelphia Union vs Inter Miami CF,over35,1.92
2026-08-19,2026-08-19T10:40:12,2026-08-19,China Super League,Shanghai SIPG FC vs Dalian Yingbo,over25,1.4
2026-08-19,2026-08-19T10:40:12,2026-08-19,China Super League,Shanghai SIPG FC vs Dalian Yingbo,over35,2.07
2026-08-19,2026-08-19T10:40:12,2026-08-19,China Super League,Shanghai SIPG FC vs Dalian Yingbo,under25,2.72
2026-08-19,2026-08-19T10:40:12,2026-08-19,USA MLS,Toronto FC vs Charlotte FC,over25,1.71
2026-08-19,2026-08-19T10:40:12,2026-08-19,USA MLS,Toronto FC vs Charlotte FC,under25,2.24
2026-08-19,2026-08-19T10:40:12,2026-08-20,USA MLS,Vancouver Whitecaps FC vs Houston Dynamo,under25,2.33
2026-08-19,2026-08-19T10:40:12,2026-08-21,Japan J-League,Kashiwa Reysol vs V-Varen Nagasaki,over25,1.82
2026-08-19,2026-08-19T10:40:12,2026-08-21,Japan J-League,Kashiwa Reysol vs V-Varen Nagasaki,under25,2.0
2026-08-19,2026-08-19T10:40:12,2026-08-22,China Super League,Beijing FC vs Yunnan Yukun,under25,3.5
2026-08-19,2026-08-19T10:40:12,2026-08-22,Brazil Serie A,Internacional vs Atletico Mineiro,over25,2.0
2026-08-19,2026-08-19T10:40:12,2026-08-22,Brazil Serie A,Internacional vs Atletico Mineiro,under25,1.84
2026-08-19,2026-08-19T11:04:49,2026-08-22,Japan J-League,Fagiano Okayama vs Tokyo Verdy,over15,1.54
2026-08-19,2026-08-19T11:04:49,2026-08-24,Argentina Primera Division,Racing Club vs Boca Juniors,over15,1.57
2026-08-19,2026-08-19T11:37:33,2026-08-20,USA MLS,Portland Timbers vs San Diego FC,over35,1.94
2026-08-19,2026-08-19T11:37:33,2026-08-24,Argentina Primera Division,Racing Club vs Boca Juniors,over15,1.56
2026-08-19,2026-08-19T12:02:02,2026-08-19,USA MLS,New York Red Bulls vs Nashville SC,over35,2.3
2026-08-19,2026-08-19T12:02:02,2026-08-19,USA MLS,Toronto FC vs Charlotte FC,over25,1.7
2026-08-19,2026-08-19T12:02:02,2026-08-19,USA MLS,Toronto FC vs Charlotte FC,under25,2.26
2026-08-19,2026-08-19T12:02:02,2026-08-22,Brazil Serie A,Internacional vs Atletico Mineiro,over25,2.02
2026-08-19,2026-08-19T12:02:02,2026-08-22,Brazil Serie A,Internacional vs Atletico Mineiro,under25,1.83
2026-08-19,2026-08-19T12:02:02,2026-08-22,China Super League,Wuhan Three Towns vs Tianjin Jinmen Tiger FC,over25,1.71
2026-08-19,2026-08-19T12:02:02,2026-08-22,China Super League,Wuhan Three Towns vs Tianjin Jinmen Tiger FC,under25,2.1
2026-08-19,2026-08-19T13:06:36,2026-08-19,USA MLS,FC Cincinnati vs New York City FC,over35,2.1
2026-08-19,2026-08-19T13:06:36,2026-08-19,USA MLS,Toronto FC vs Charlotte FC,over25,1.68
2026-08-19,2026-08-19T13:06:36,2026-08-19,USA MLS,Toronto FC vs Charlotte FC,under25,2.29
2026-08-19,2026-08-19T13:06:36,2026-08-20,USA MLS,Minnesota United FC vs Atlanta United FC,over25,1.67
2026-08-19,2026-08-19T13:06:36,2026-08-20,USA MLS,Minnesota United FC vs Atlanta United FC,under25,2.31
2026-08-19,2026-08-19T13:06:36,2026-08-20,USA MLS,Real Salt Lake vs FC Dallas,over35,2.32
2026-08-19,2026-08-19T13:06:36,2026-08-20,USA MLS,Seattle Sounders FC vs Austin FC,under25,2.35
2026-08-19,2026-08-19T13:06:36,2026-08-20,USA MLS,Sporting Kansas City vs St. Louis City SC,over25,1.53
2026-08-19,2026-08-19T13:06:36,2026-08-20,USA MLS,Sporting Kansas City vs St. Louis City SC,over35,2.35
2026-08-19,2026-08-19T13:06:36,2026-08-20,USA MLS,Sporting Kansas City vs St. Louis City SC,under25,2.4
2026-08-19,2026-08-19T13:06:36,2026-08-20,USA MLS,Vancouver Whitecaps FC vs Houston Dynamo,over25,1.72
2026-08-19,2026-08-19T13:06:36,2026-08-20,USA MLS,Vancouver Whitecaps FC vs Houston Dynamo,over35,2.48
2026-08-19,2026-08-19T13:06:36,2026-08-20,USA MLS,Vancouver Whitecaps FC vs Houston Dynamo,under25,2.23
2026-08-19,2026-08-19T13:06:36,2026-08-21,Ireland Premier Division,Bohemians vs Derry City,over25,2.0
2026-08-19,2026-08-19T13:06:36,2026-08-21,Ireland Premier Division,Bohemians vs Derry City,under25,1.72
2026-08-19,2026-08-19T13:06:36,2026-08-22,China Super League,Beijing FC vs Yunnan Yukun,over35,1.74
2026-08-19,2026-08-19T13:06:36,2026-08-22,Brazil Serie A,Internacional vs Atletico Mineiro,over25,2.0
2026-08-19,2026-08-19T13:06:36,2026-08-22,Brazil Serie A,Internacional vs Atletico Mineiro,under25,1.84
2026-08-19,2026-08-19T13:06:36,2026-08-23,USA MLS,Austin FC vs Philadelphia Union,over15,1.22
2026-08-19,2026-08-19T13:06:36,2026-08-23,China Super League,Chongqing Tonglianglong FC vs Dalian Yingbo,over25,1.85
2026-08-19,2026-08-19T13:06:36,2026-08-23,China Super League,Chongqing Tonglianglong FC vs Dalian Yingbo,under25,1.85
2026-08-19,2026-08-19T13:06:36,2026-08-23,Brazil Serie A,Coritiba vs Corinthians,over25,2.55
2026-08-19,2026-08-19T13:06:36,2026-08-23,Brazil Serie A,Coritiba vs Corinthians,under25,1.54
2026-08-19,2026-08-19T13:06:36,2026-08-23,Denmark Superliga,FC Midtjylland vs Randers FC,over25,1.62
2026-08-19,2026-08-19T13:06:36,2026-08-24,Argentina Primera Division,Racing Club vs Boca Juniors,over15,1.57
2026-08-19,2026-08-19T13:57:19,2026-08-19,USA MLS,Columbus Crew SC vs CF Montreal,over25,1.65
2026-08-19,2026-08-19T13:57:19,2026-08-19,USA MLS,Columbus Crew SC vs CF Montreal,under25,2.35
2026-08-19,2026-08-19T13:57:19,2026-08-19,USA MLS,D.C. United vs New England Revolution,over25,1.71
2026-08-19,2026-08-19T13:57:19,2026-08-19,USA MLS,D.C. United vs New England Revolution,under25,2.1
2026-08-19,2026-08-19T13:57:19,2026-08-19,USA MLS,FC Cincinnati vs New York City FC,over35,2.06
2026-08-19,2026-08-19T13:57:19,2026-08-19,USA MLS,Orlando City SC vs Chicago Fire,over35,1.96
2026-08-19,2026-08-19T13:57:19,2026-08-19,USA MLS,Philadelphia Union vs Inter Miami CF,over35,1.91
2026-08-19,2026-08-19T13:57:19,2026-08-20,USA MLS,Minnesota United FC vs Atlanta United FC,over25,1.68
2026-08-19,2026-08-19T13:57:19,2026-08-20,USA MLS,Minnesota United FC vs Atlanta United FC,under25,2.29
2026-08-19,2026-08-19T13:57:19,2026-08-20,USA MLS,Portland Timbers vs San Diego FC,over35,1.9
2026-08-19,2026-08-19T13:57:19,2026-08-20,USA MLS,Vancouver Whitecaps FC vs Houston Dynamo,over25,1.71
2026-08-19,2026-08-19T13:57:19,2026-08-20,USA MLS,Vancouver Whitecaps FC vs Houston Dynamo,under25,2.25
2026-08-19,2026-08-19T13:57:19,2026-08-21,Ireland Premier Division,Sligo Rovers vs Waterford FC,under25,2.08
2026-08-19,2026-08-19T13:57:19,2026-08-22,Sweden Allsvenskan,Örgryte IS vs Halmstads BK,over35,2.42
2026-08-19,2026-08-19T13:57:19,2026-08-23,Argentina Primera Division,Atlético Huracán vs Deportivo Riestra,over15,1.66
2026-08-19,2026-08-19T13:57:19,2026-08-24,Argentina Primera Division,Racing Club vs Boca Juniors,over15,1.56
2026-08-19,2026-08-19T14:43:57,2026-08-19,USA MLS,FC Cincinnati vs New York City FC,over25,1.4
2026-08-19,2026-08-19T14:43:57,2026-08-19,USA MLS,FC Cincinnati vs New York City FC,under25,2.8
2026-08-19,2026-08-19T14:43:57,2026-08-19,USA MLS,New York Red Bulls vs Nashville SC,over35,2.33
2026-08-19,2026-08-19T14:43:57,2026-08-19,USA MLS,Orlando City SC vs Chicago Fire,over25,1.35
2026-08-19,2026-08-19T14:43:57,2026-08-19,USA MLS,Orlando City SC vs Chicago Fire,over35,1.93
2026-08-19,2026-08-19T14:43:57,2026-08-19,USA MLS,Orlando City SC vs Chicago Fire,under25,3.0
2026-08-19,2026-08-19T14:43:57,2026-08-20,USA MLS,Minnesota United FC vs Atlanta United FC,over25,1.7
2026-08-19,2026-08-19T14:43:57,2026-08-20,USA MLS,Minnesota United FC vs Atlanta United FC,under25,2.27
2026-08-19,2026-08-19T14:43:57,2026-08-23,Argentina Primera Division,Atlético Huracán vs Deportivo Riestra,over15,1.64
2026-08-19,2026-08-19T15:16:29,2026-08-19,USA MLS,Philadelphia Union vs Inter Miami CF,over35,1.9
2026-08-19,2026-08-19T15:16:29,2026-08-20,USA MLS,LA Galaxy vs San Jose Earthquakes,over35,2.03
2026-08-19,2026-08-19T15:16:29,2026-08-20,USA MLS,Minnesota United FC vs Atlanta United FC,over25,1.66
2026-08-19,2026-08-19T15:16:29,2026-08-20,USA MLS,Minnesota United FC vs Atlanta United FC,under25,2.34
2026-08-19,2026-08-19T15:16:29,2026-08-20,USA MLS,Portland Timbers vs San Diego FC,over35,1.96
2026-08-19,2026-08-19T15:16:29,2026-08-20,USA MLS,Seattle Sounders FC vs Austin FC,over25,1.7
2026-08-19,2026-08-19T15:16:29,2026-08-20,USA MLS,Seattle Sounders FC vs Austin FC,under25,2.26
2026-08-19,2026-08-19T15:16:29,2026-08-20,USA MLS,Vancouver Whitecaps FC vs Houston Dynamo,under25,2.23
2026-08-19,2026-08-19T15:16:29,2026-08-22,Brazil Serie A,Internacional vs Atletico Mineiro,over25,2.02
2026-08-19,2026-08-19T15:16:29,2026-08-22,Brazil Serie A,Internacional vs Atletico Mineiro,under25,1.83
2026-08-19,2026-08-19T15:16:29,2026-08-23,Argentina Primera Division,Atlético Huracán vs Deportivo Riestra,over15,1.66
2026-08-19,2026-08-19T15:52:54,2026-08-19,USA MLS,Columbus Crew SC vs CF Montreal,over25,1.55
2026-08-19,2026-08-19T15:52:54,2026-08-19,USA MLS,Columbus Crew SC vs CF Montreal,over35,2.4
2026-08-19,2026-08-19T15:52:54,2026-08-19,USA MLS,Columbus Crew SC vs CF Montreal,under25,2.3
2026-08-19,2026-08-19T15:52:54,2026-08-19,USA MLS,FC Cincinnati vs New York City FC,over35,2.01
2026-08-19,2026-08-19T15:52:54,2026-08-20,USA MLS,Seattle Sounders FC vs Austin FC,over25,1.71
2026-08-19,2026-08-19T15:52:54,2026-08-20,USA MLS,Seattle Sounders FC vs Austin FC,under25,2.25
2026-08-19,2026-08-19T15:52:54,2026-08-20,USA MLS,Vancouver Whitecaps FC vs Houston Dynamo,over25,1.72
2026-08-19,2026-08-19T15:52:54,2026-08-20,USA MLS,Vancouver Whitecaps FC vs Houston Dynamo,under25,2.22
2026-08-19,2026-08-19T15:52:54,2026-08-22,Brazil Serie A,Internacional vs Atletico Mineiro,over25,2.0
2026-08-19,2026-08-19T15:52:54,2026-08-22,Brazil Serie A,Internacional vs Atletico Mineiro,under25,1.84
2026-08-19,2026-08-19T15:52:54,2026-08-23,USA MLS,Austin FC vs Philadelphia Union,over15,1.21
2026-08-19,2026-08-19T15:52:54,2026-08-23,Argentina Primera Division,Belgrano de Cordoba vs Defensa y Justicia,over25,2.34
2026-08-19,2026-08-19T15:52:54,2026-08-23,Argentina Primera Division,Belgrano de Cordoba vs Defensa y Justicia,under25,1.51
2026-08-19,2026-08-19T15:52:54,2026-08-25,Argentina Primera Division,Talleres vs Rosario Central,over25,2.5
2026-08-19,2026-08-19T15:52:54,2026-08-25,Argentina Primera Division,Talleres vs Rosario Central,under25,1.53
2026-08-19,2026-08-19T16:26:37,2026-08-19,USA MLS,New York Red Bulls vs Nashville SC,over35,2.36
2026-08-19,2026-08-19T16:26:37,2026-08-19,USA MLS,Philadelphia Union vs Inter Miami CF,over35,1.91
2026-08-19,2026-08-19T16:26:37,2026-08-20,USA MLS,Vancouver Whitecaps FC vs Houston Dynamo,over25,1.71
2026-08-19,2026-08-19T16:26:37,2026-08-20,USA MLS,Vancouver Whitecaps FC vs Houston Dynamo,under25,2.23
2026-08-19,2026-08-19T16:26:37,2026-08-22,Brazil Serie A,Internacional vs Atletico Mineiro,over25,2.02
2026-08-19,2026-08-19T16:26:37,2026-08-22,Brazil Serie A,Internacional vs Atletico Mineiro,under25,1.83
2026-08-19,2026-08-19T16:26:37,2026-08-22,USA MLS,New York Red Bulls vs Chicago Fire,over25,1.37
2026-08-19,2026-08-19T16:26:37,2026-08-22,USA MLS,New York Red Bulls vs Chicago Fire,under25,3.05
2026-08-19,2026-08-19T16:26:37,2026-08-23,Argentina Primera Division,Barracas Central vs Platense,over25,3.05
2026-08-19,2026-08-19T16:26:37,2026-08-23,Argentina Primera Division,Barracas Central vs Platense,under25,1.37
2026-08-19,2026-08-19T16:26:37,2026-08-25,Argentina Primera Division,Lanus vs Argentinos Juniors,over25,2.62
2026-08-19,2026-08-19T16:26:37,2026-08-25,Argentina Primera Division,Lanus vs Argentinos Juniors,under25,1.47
2026-08-19,2026-08-19T16:26:37,2026-08-25,Argentina Primera Division,Talleres vs Rosario Central,over25,2.35
2026-08-19,2026-08-19T16:26:37,2026-08-25,Argentina Primera Division,Talleres vs Rosario Central,under25,1.5
2026-08-19,2026-08-19T16:59:07,2026-08-19,USA MLS,FC Cincinnati vs New York City FC,over25,1.44
2026-08-19,2026-08-19T16:59:07,2026-08-19,USA MLS,FC Cincinnati vs New York City FC,over35,2.12
2026-08-19,2026-08-19T16:59:07,2026-08-19,USA MLS,FC Cincinnati vs New York City FC,under25,2.62
2026-08-19,2026-08-19T16:59:07,2026-08-19,USA MLS,New York Red Bulls vs Nashville SC,over35,2.34
2026-08-19,2026-08-19T16:59:07,2026-08-19,USA MLS,Philadelphia Union vs Inter Miami CF,over35,1.89
2026-08-19,2026-08-19T16:59:07,2026-08-22,Brazil Serie A,Internacional vs Atletico Mineiro,over25,2.0
2026-08-19,2026-08-19T16:59:07,2026-08-22,Brazil Serie A,Internacional vs Atletico Mineiro,under25,1.84
2026-08-19,2026-08-19T16:59:07,2026-08-22,USA MLS,New York Red Bulls vs Chicago Fire,over25,1.39
2026-08-19,2026-08-19T16:59:07,2026-08-22,USA MLS,New York Red Bulls vs Chicago Fire,under25,2.95
2026-08-19,2026-08-19T16:59:07,2026-08-23,Brazil Serie A,Coritiba vs Corinthians,over25,2.53
2026-08-19,2026-08-19T16:59:07,2026-08-23,Brazil Serie A,Coritiba vs Corinthians,under25,1.55
2026-08-19,2026-08-19T16:59:07,2026-08-24,Argentina Primera Division,Racing Club vs Boca Juniors,over15,1.57
2026-08-19,2026-08-19T16:59:07,2026-08-25,Argentina Primera Division,Talleres vs Rosario Central,over25,2.5
2026-08-19,2026-08-19T16:59:07,2026-08-25,Argentina Primera Division,Talleres vs Rosario Central,under25,1.53
2026-08-19,2026-08-19T17:36:30,2026-08-19,USA MLS,Columbus Crew SC vs CF Montreal,over35,2.38
2026-08-19,2026-08-19T17:36:30,2026-08-19,USA MLS,Philadelphia Union vs Inter Miami CF,over35,1.9
2026-08-19,2026-08-19T17:36:30,2026-08-20,USA MLS,LA Galaxy vs San Jose Earthquakes,over35,2.06
2026-08-19,2026-08-19T17:36:30,2026-08-20,USA MLS,Minnesota United FC vs Atlanta United FC,over25,1.64
2026-08-19,2026-08-19T17:36:30,2026-08-20,USA MLS,Minnesota United FC vs Atlanta United FC,under25,2.37
2026-08-19,2026-08-19T17:36:30,2026-08-20,USA MLS,Portland Timbers vs San Diego FC,over35,1.9
2026-08-19,2026-08-19T17:36:30,2026-08-20,USA MLS,Real Salt Lake vs FC Dallas,over35,2.28
2026-08-19,2026-08-19T17:36:30,2026-08-22,Brazil Serie A,Internacional vs Atletico Mineiro,over25,2.02
2026-08-19,2026-08-19T17:36:30,2026-08-22,Brazil Serie A,Internacional vs Atletico Mineiro,under25,1.83
2026-08-19,2026-08-19T17:36:30,2026-08-23,Argentina Primera Division,Atlético Huracán vs Deportivo Riestra,over15,1.64
2026-08-19,2026-08-19T17:36:30,2026-08-24,Argentina Primera Division,Racing Club vs Boca Juniors,over15,1.56
2026-08-19,2026-08-19T17:36:30,2026-08-25,Argentina Primera Division,Talleres vs Rosario Central,over25,2.35
2026-08-19,2026-08-19T17:36:30,2026-08-25,Argentina Primera Division,Talleres vs Rosario Central,under25,1.5
2026-08-19,2026-08-19T17:59:12,2026-08-19,USA MLS,Philadelphia Union vs Inter Miami CF,over25,1.3
2026-08-19,2026-08-19T17:59:12,2026-08-19,USA MLS,Philadelphia Union vs Inter Miami CF,under25,3.25
2026-08-19,2026-08-19T17:59:12,2026-08-22,Brazil Serie A,Internacional vs Atletico Mineiro,over25,2.0
2026-08-19,2026-08-19T17:59:12,2026-08-22,Brazil Serie A,Internacional vs Atletico Mineiro,under25,1.84
2026-08-19,2026-08-19T17:59:12,2026-08-23,Brazil Serie A,Santos vs Mirassol,over25,1.85
2026-08-19,2026-08-19T17:59:12,2026-08-23,Brazil Serie A,Santos vs Mirassol,under25,1.93
2026-08-19,2026-08-19T17:59:12,2026-08-25,Argentina Primera Division,Talleres vs Rosario Central,over25,2.5
2026-08-19,2026-08-19T17:59:12,2026-08-25,Argentina Primera Division,Talleres vs Rosario Central,under25,1.53
2026-08-19,2026-08-19T18:49:31,2026-08-19,USA MLS,New York Red Bulls vs Nashville SC,over35,2.33
2026-08-19,2026-08-19T18:49:31,2026-08-19,USA MLS,Philadelphia Union vs Inter Miami CF,over35,1.89
2026-08-19,2026-08-19T18:49:31,2026-08-20,USA MLS,Seattle Sounders FC vs Austin FC,over25,1.72
2026-08-19,2026-08-19T18:49:31,2026-08-20,USA MLS,Seattle Sounders FC vs Austin FC,under25,2.23
2026-08-19,2026-08-19T18:49:31,2026-08-23,Argentina Primera Division,Atlético Huracán vs Deportivo Riestra,over15,1.66
2026-08-19,2026-08-19T18:49:31,2026-08-23,Brazil Serie A,Coritiba vs Corinthians,over25,2.55
2026-08-19,2026-08-19T18:49:31,2026-08-23,Brazil Serie A,Coritiba vs Corinthians,under25,1.54
2026-08-19,2026-08-19T19:19:21,2026-08-19,USA MLS,Columbus Crew SC vs CF Montreal,over35,2.39
2026-08-19,2026-08-19T19:19:21,2026-08-19,USA MLS,Philadelphia Union vs Inter Miami CF,over35,1.9
2026-08-19,2026-08-19T19:19:21,2026-08-20,USA MLS,Vancouver Whitecaps FC vs Houston Dynamo,over25,1.73
2026-08-19,2026-08-19T19:19:21,2026-08-20,USA MLS,Vancouver Whitecaps FC vs Houston Dynamo,under25,2.22
2026-08-19,2026-08-19T19:19:21,2026-08-22,USA MLS,Charlotte FC vs D.C. United,over25,1.64
2026-08-19,2026-08-19T19:19:21,2026-08-22,USA MLS,Charlotte FC vs D.C. United,under25,2.2
2026-08-19,2026-08-19T19:19:21,2026-08-22,Brazil Serie A,Internacional vs Atletico Mineiro,over25,2.02
2026-08-19,2026-08-19T19:19:21,2026-08-22,Brazil Serie A,Internacional vs Atletico Mineiro,under25,1.83
2026-08-19,2026-08-19T19:19:21,2026-08-22,China Super League,Wuhan Three Towns vs Tianjin Jinmen Tiger FC,over25,1.7
2026-08-19,2026-08-19T19:19:21,2026-08-22,China Super League,Wuhan Three Towns vs Tianjin Jinmen Tiger FC,under25,2.02
2026-08-19,2026-08-19T19:19:21,2026-08-23,Argentina Primera Division,Atlético Huracán vs Deportivo Riestra,over15,1.64
2026-08-19,2026-08-19T19:19:21,2026-08-23,China Super League,Shanghai SIPG FC vs Qingdao Hainiu FC,over35,2.05
2026-08-19,2026-08-19T19:19:21,2026-08-24,Argentina Primera Division,Racing Club vs Boca Juniors,over15,1.57
2026-08-19,2026-08-19T19:47:05,2026-08-19,USA MLS,Philadelphia Union vs Inter Miami CF,over35,1.89
2026-08-19,2026-08-19T19:47:05,2026-08-22,Brazil Serie A,Internacional vs Atletico Mineiro,over25,2.0
2026-08-19,2026-08-19T19:47:05,2026-08-22,Brazil Serie A,Internacional vs Atletico Mineiro,under25,1.84
2026-08-19,2026-08-19T19:47:05,2026-08-22,China Super League,Wuhan Three Towns vs Tianjin Jinmen Tiger FC,over25,1.71
2026-08-19,2026-08-19T19:47:05,2026-08-22,China Super League,Wuhan Three Towns vs Tianjin Jinmen Tiger FC,under25,2.1
2026-08-19,2026-08-19T19:47:05,2026-08-23,Argentina Primera Division,Atlético Huracán vs Deportivo Riestra,over15,1.66
2026-08-19,2026-08-19T19:47:05,2026-08-23,Argentina Primera Division,Sarmiento de Junin vs Estudiantes,over25,2.58
2026-08-19,2026-08-19T19:47:05,2026-08-23,Argentina Primera Division,Sarmiento de Junin vs Estudiantes,under25,1.49
2026-08-19,2026-08-19T19:47:05,2026-08-23,China Super League,Shanghai SIPG FC vs Qingdao Hainiu FC,over35,2.03
2026-08-19,2026-08-19T19:47:05,2026-08-24,Argentina Primera Division,Racing Club vs Boca Juniors,over15,1.56
2026-08-19,2026-08-19T20:12:04,2026-08-19,USA MLS,New York Red Bulls vs Nashville SC,over35,2.34
2026-08-19,2026-08-19T20:12:04,2026-08-19,USA MLS,Philadelphia Union vs Inter Miami CF,over35,1.9
2026-08-19,2026-08-19T20:12:04,2026-08-23,Brazil Serie A,Coritiba vs Corinthians,over25,2.53
2026-08-19,2026-08-19T20:12:04,2026-08-23,Brazil Serie A,Coritiba vs Corinthians,under25,1.55
2026-08-19,2026-08-19T20:12:04,2026-08-23,Finland Veikkausliiga,TPS Turku vs FC Inter Turku,over25,1.88
2026-08-19,2026-08-19T20:12:04,2026-08-23,Finland Veikkausliiga,TPS Turku vs FC Inter Turku,under25,1.85
2026-08-19,2026-08-19T20:49:01,2026-08-19,USA MLS,D.C. United vs New England Revolution,over25,1.76
2026-08-19,2026-08-19T20:49:01,2026-08-19,USA MLS,D.C. United vs New England Revolution,under25,2.16
2026-08-19,2026-08-19T20:49:01,2026-08-20,USA MLS,Minnesota United FC vs Atlanta United FC,over35,2.35
2026-08-19,2026-08-19T20:49:01,2026-08-20,USA MLS,Sporting Kansas City vs St. Louis City SC,over35,2.36
2026-08-19,2026-08-19T20:49:01,2026-08-20,USA MLS,Vancouver Whitecaps FC vs Houston Dynamo,over25,1.7
2026-08-19,2026-08-19T20:49:01,2026-08-20,USA MLS,Vancouver Whitecaps FC vs Houston Dynamo,under25,2.26
2026-08-19,2026-08-19T20:49:01,2026-08-23,USA MLS,Austin FC vs Philadelphia Union,over15,1.22
2026-08-19,2026-08-19T21:14:48,2026-08-20,USA MLS,Real Salt Lake vs FC Dallas,over35,2.29
2026-08-19,2026-08-19T21:14:48,2026-08-22,Brazil Serie A,Internacional vs Atletico Mineiro,over25,2.02
2026-08-19,2026-08-19T21:14:48,2026-08-22,Brazil Serie A,Internacional vs Atletico Mineiro,under25,1.83
2026-08-19,2026-08-19T21:14:48,2026-08-22,China Super League,Wuhan Three Towns vs Tianjin Jinmen Tiger FC,over25,1.74
2026-08-19,2026-08-19T21:14:48,2026-08-22,China Super League,Wuhan Three Towns vs Tianjin Jinmen Tiger FC,under25,2.06
2026-08-19,2026-08-19T21:14:48,2026-08-23,Argentina Primera Division,Atlético Huracán vs Deportivo Riestra,over15,1.64
2026-08-19,2026-08-19T21:14:48,2026-08-23,USA MLS,Austin FC vs Philadelphia Union,over15,1.21
2026-08-19,2026-08-19T21:47:00,2026-08-19,USA MLS,Columbus Crew SC vs CF Montreal,over25,1.65
2026-08-19,2026-08-19T21:47:00,2026-08-19,USA MLS,Columbus Crew SC vs CF Montreal,over35,2.25
2026-08-19,2026-08-19T21:47:00,2026-08-19,USA MLS,Columbus Crew SC vs CF Montreal,under25,2.36
2026-08-19,2026-08-19T21:47:00,2026-08-19,USA MLS,Philadelphia Union vs Inter Miami CF,over35,1.87
2026-08-19,2026-08-19T21:47:00,2026-08-19,USA MLS,Toronto FC vs Charlotte FC,over25,1.69
2026-08-19,2026-08-19T21:47:00,2026-08-19,USA MLS,Toronto FC vs Charlotte FC,under25,2.28
2026-08-19,2026-08-19T21:47:00,2026-08-20,USA MLS,Minnesota United FC vs Atlanta United FC,over35,2.3
2026-08-19,2026-08-19T21:47:00,2026-08-20,USA MLS,Portland Timbers vs San Diego FC,over35,1.96
2026-08-19,2026-08-19T21:47:00,2026-08-20,USA MLS,Seattle Sounders FC vs Austin FC,over25,1.73
2026-08-19,2026-08-19T21:47:00,2026-08-20,USA MLS,Seattle Sounders FC vs Austin FC,under25,2.21
2026-08-19,2026-08-19T21:47:00,2026-08-20,USA MLS,Vancouver Whitecaps FC vs Houston Dynamo,over35,2.63
2026-08-19,2026-08-19T21:47:00,2026-08-20,USA MLS,Vancouver Whitecaps FC vs Houston Dynamo,under25,2.25
2026-08-19,2026-08-19T21:47:00,2026-08-22,Brazil Serie A,Internacional vs Atletico Mineiro,over25,2.0
2026-08-19,2026-08-19T21:47:00,2026-08-22,Brazil Serie A,Internacional vs Atletico Mineiro,under25,1.84
2026-08-19,2026-08-19T21:47:00,2026-08-23,Argentina Primera Division,Atlético Huracán vs Deportivo Riestra,over15,1.66
2026-08-19,2026-08-19T21:47:00,2026-08-23,Finland Veikkausliiga,TPS Turku vs FC Inter Turku,over25,1.85
2026-08-19,2026-08-19T21:47:00,2026-08-23,Finland Veikkausliiga,TPS Turku vs FC Inter Turku,under25,1.88
2026-08-19,2026-08-19T22:11:41,2026-08-19,USA MLS,Toronto FC vs Charlotte FC,over25,1.68
2026-08-19,2026-08-19T22:11:41,2026-08-19,USA MLS,Toronto FC vs Charlotte FC,under25,2.29
2026-08-19,2026-08-19T22:11:41,2026-08-20,USA MLS,Minnesota United FC vs Atlanta United FC,over35,2.25
2026-08-19,2026-08-19T22:11:41,2026-08-20,USA MLS,Minnesota United FC vs Atlanta United FC,under25,2.38
2026-08-19,2026-08-19T22:11:41,2026-08-20,USA MLS,Vancouver Whitecaps FC vs Houston Dynamo,under25,2.26
2026-08-19,2026-08-19T22:11:41,2026-08-21,Sweden Allsvenskan,IK Sirius vs BK Hacken,over25,1.41
2026-08-19,2026-08-19T22:11:41,2026-08-21,Sweden Allsvenskan,IK Sirius vs BK Hacken,under25,2.85
2026-08-19,2026-08-19T22:11:41,2026-08-23,Finland Veikkausliiga,TPS Turku vs FC Inter Turku,over25,1.88
2026-08-19,2026-08-19T22:11:41,2026-08-23,Finland Veikkausliiga,TPS Turku vs FC Inter Turku,under25,1.85
2026-08-19,2026-08-19T22:11:41,2026-08-25,Argentina Primera Division,Talleres vs Rosario Central,over25,2.35
2026-08-19,2026-08-19T22:11:41,2026-08-25,Argentina Primera Division,Talleres vs Rosario Central,under25,1.5
2026-08-19,2026-08-19T22:45:14,2026-08-19,USA MLS,D.C. United vs New England Revolution,over25,1.74
2026-08-19,2026-08-19T22:45:14,2026-08-19,USA MLS,D.C. United vs New England Revolution,under25,2.19
2026-08-19,2026-08-19T22:45:14,2026-08-19,USA MLS,FC Cincinnati vs New York City FC,over35,2.18
2026-08-19,2026-08-19T22:45:14,2026-08-19,USA MLS,Philadelphia Union vs Inter Miami CF,over35,1.84
2026-08-19,2026-08-19T22:45:14,2026-08-20,USA MLS,Vancouver Whitecaps FC vs Houston Dynamo,over35,2.6
2026-08-19,2026-08-19T22:45:14,2026-08-22,USA MLS,CF Montreal vs LA Galaxy,over25,1.67
2026-08-19,2026-08-19T22:45:14,2026-08-22,USA MLS,CF Montreal vs LA Galaxy,over35,2.33
2026-08-19,2026-08-19T22:45:14,2026-08-22,USA MLS,CF Montreal vs LA Galaxy,under25,2.32
2026-08-19,2026-08-19T22:45:14,2026-08-23,Brazil Serie A,Coritiba vs Corinthians,over25,2.55
2026-08-19,2026-08-19T22:45:14,2026-08-23,Brazil Serie A,Coritiba vs Corinthians,under25,1.54
2026-08-19,2026-08-19T23:10:40,2026-08-19,USA MLS,Columbus Crew SC vs CF Montreal,over25,1.64
2026-08-19,2026-08-19T23:10:40,2026-08-19,USA MLS,Columbus Crew SC vs CF Montreal,under25,2.38
2026-08-19,2026-08-19T23:10:40,2026-08-19,USA MLS,D.C. United vs New England Revolution,over25,1.71
2026-08-19,2026-08-19T23:10:40,2026-08-19,USA MLS,D.C. United vs New England Revolution,under25,2.24
2026-08-19,2026-08-19T23:10:40,2026-08-19,USA MLS,FC Cincinnati vs New York City FC,over25,1.4
2026-08-19,2026-08-19T23:10:40,2026-08-19,USA MLS,FC Cincinnati vs New York City FC,over35,2.06
2026-08-19,2026-08-19T23:10:40,2026-08-19,USA MLS,FC Cincinnati vs New York City FC,under25,2.8
2026-08-19,2026-08-19T23:10:40,2026-08-19,USA MLS,New York Red Bulls vs Nashville SC,over25,1.5
2026-08-19,2026-08-19T23:10:40,2026-08-19,USA MLS,New York Red Bulls vs Nashville SC,over35,2.28
2026-08-19,2026-08-19T23:10:40,2026-08-19,USA MLS,New York Red Bulls vs Nashville SC,under25,2.5
2026-08-19,2026-08-19T23:10:40,2026-08-19,USA MLS,Philadelphia Union vs Inter Miami CF,over25,1.29
2026-08-19,2026-08-19T23:10:40,2026-08-19,USA MLS,Philadelphia Union vs Inter Miami CF,over35,1.82
2026-08-19,2026-08-19T23:10:40,2026-08-19,USA MLS,Philadelphia Union vs Inter Miami CF,under25,3.4
2026-08-19,2026-08-19T23:10:40,2026-08-19,USA MLS,Toronto FC vs Charlotte FC,over25,1.67
2026-08-19,2026-08-19T23:10:40,2026-08-19,USA MLS,Toronto FC vs Charlotte FC,over35,2.3
2026-08-19,2026-08-19T23:10:40,2026-08-19,USA MLS,Toronto FC vs Charlotte FC,under25,2.32
2026-08-19,2026-08-19T23:10:40,2026-08-20,USA MLS,Minnesota United FC vs Atlanta United FC,over25,1.63
2026-08-19,2026-08-19T23:10:40,2026-08-20,USA MLS,Minnesota United FC vs Atlanta United FC,under25,2.4
2026-08-19,2026-08-19T23:10:40,2026-08-20,USA MLS,Real Salt Lake vs FC Dallas,over35,2.3
2026-08-19,2026-08-19T23:10:40,2026-08-22,USA MLS,CF Montreal vs LA Galaxy,over25,1.66
2026-08-19,2026-08-19T23:10:40,2026-08-22,USA MLS,CF Montreal vs LA Galaxy,under25,2.33
2026-08-19,2026-08-19T23:10:40,2026-08-25,Argentina Primera Division,Talleres vs Rosario Central,over25,2.5
2026-08-19,2026-08-19T23:10:40,2026-08-25,Argentina Primera Division,Talleres vs Rosario Central,under25,1.53
2026-08-19,2026-08-19T23:39:56,2026-08-19,USA MLS,D.C. United vs New England Revolution,over25,1.66
2026-08-19,2026-08-19T23:39:56,2026-08-19,USA MLS,D.C. United vs New England Revolution,under25,2.25
2026-08-19,2026-08-19T23:39:56,2026-08-19,USA MLS,Orlando City SC vs Chicago Fire,over25,1.36
2026-08-19,2026-08-19T23:39:56,2026-08-19,USA MLS,Orlando City SC vs Chicago Fire,over35,1.98
2026-08-19,2026-08-19T23:39:56,2026-08-19,USA MLS,Orlando City SC vs Chicago Fire,under25,2.9
2026-08-19,2026-08-19T23:39:56,2026-08-19,USA MLS,Philadelphia Union vs Inter Miami CF,over35,1.78
2026-08-19,2026-08-19T23:39:56,2026-08-19,USA MLS,Toronto FC vs Charlotte FC,over25,1.59
2026-08-19,2026-08-19T23:39:56,2026-08-19,USA MLS,Toronto FC vs Charlotte FC,over35,2.25
2026-08-19,2026-08-19T23:39:56,2026-08-19,USA MLS,Toronto FC vs Charlotte FC,under25,2.38
2026-08-19,2026-08-19T23:39:56,2026-08-20,USA MLS,Minnesota United FC vs Atlanta United FC,over25,1.64
2026-08-19,2026-08-19T23:39:56,2026-08-20,USA MLS,Minnesota United FC vs Atlanta United FC,under25,2.38
2026-08-19,2026-08-19T23:39:56,2026-08-20,USA MLS,Real Salt Lake vs FC Dallas,over35,2.31
2026-08-19,2026-08-19T23:39:56,2026-08-20,USA MLS,Sporting Kansas City vs St. Louis City SC,over35,2.38
2026-08-19,2026-08-19T23:39:56,2026-08-20,USA MLS,Vancouver Whitecaps FC vs Houston Dynamo,under25,2.25
2026-08-19,2026-08-19T23:39:56,2026-08-23,Finland Veikkausliiga,TPS Turku vs FC Inter Turku,over25,1.85
2026-08-19,2026-08-19T23:39:56,2026-08-23,Finland Veikkausliiga,TPS Turku vs FC Inter Turku,under25,1.88
2026-08-19,2026-08-19T23:39:56,2026-08-25,Argentina Primera Division,Talleres vs Rosario Central,over25,2.35
2026-08-19,2026-08-19T23:39:56,2026-08-25,Argentina Primera Division,Talleres vs Rosario Central,under25,1.5
2026-08-20,2026-08-20T00:00:53,2026-08-20,USA MLS,Minnesota United FC vs Atlanta United FC,over25,1.63
2026-08-20,2026-08-20T00:00:53,2026-08-20,USA MLS,Minnesota United FC vs Atlanta United FC,under25,2.39
2026-08-20,2026-08-20T00:00:53,2026-08-20,USA MLS,Portland Timbers vs San Diego FC,over25,1.36
2026-08-20,2026-08-20T00:00:53,2026-08-20,USA MLS,Portland Timbers vs San Diego FC,under25,2.9
2026-08-20,2026-08-20T00:00:53,2026-08-20,USA MLS,Vancouver Whitecaps FC vs Houston Dynamo,under25,2.26
2026-08-20,2026-08-20T00:00:53,2026-08-22,China Super League,Beijing FC vs Yunnan Yukun,over35,1.75
2026-08-20,2026-08-20T00:00:53,2026-08-22,USA MLS,CF Montreal vs LA Galaxy,over25,1.67
2026-08-20,2026-08-20T00:00:53,2026-08-22,USA MLS,CF Montreal vs LA Galaxy,under25,2.32
2026-08-20,2026-08-20T00:00:53,2026-08-22,USA MLS,Inter Miami CF vs Toronto FC,over25,1.3
2026-08-20,2026-08-20T00:00:53,2026-08-22,USA MLS,Inter Miami CF vs Toronto FC,under25,3.3
2026-08-20,2026-08-20T00:00:53,2026-08-22,USA MLS,New York Red Bulls vs Chicago Fire,over25,1.37
2026-08-20,2026-08-20T00:00:53,2026-08-22,USA MLS,New York Red Bulls vs Chicago Fire,under25,3.05
2026-08-20,2026-08-20T00:00:53,2026-08-22,Mexico Liga MX,Querétaro vs Toluca,over35,2.25
2026-08-20,2026-08-20T00:00:53,2026-08-23,USA MLS,Austin FC vs Philadelphia Union,over15,1.22
2026-08-20,2026-08-20T00:00:53,2026-08-25,Argentina Primera Division,Talleres vs Rosario Central,over25,2.5
2026-08-20,2026-08-20T00:00:53,2026-08-25,Argentina Primera Division,Talleres vs Rosario Central,under25,1.53
2026-08-20,2026-08-20T08:51:44,2026-08-21,Sweden Allsvenskan,IK Sirius vs BK Hacken,over35,1.93
2026-08-20,2026-08-20T08:51:44,2026-08-21,Ireland Premier Division,Sligo Rovers vs Waterford FC,over25,1.68
2026-08-20,2026-08-20T08:51:44,2026-08-21,Ireland Premier Division,Sligo Rovers vs Waterford FC,under25,2.05
2026-08-20,2026-08-20T08:51:44,2026-08-22,China Super League,Beijing FC vs Yunnan Yukun,over25,1.28
2026-08-20,2026-08-20T08:51:44,2026-08-22,China Super League,Beijing FC vs Yunnan Yukun,under25,3.35
2026-08-20,2026-08-20T08:51:44,2026-08-22,USA MLS,CF Montreal vs LA Galaxy,over25,1.66
2026-08-20,2026-08-20T08:51:44,2026-08-22,USA MLS,CF Montreal vs LA Galaxy,over35,2.35
2026-08-20,2026-08-20T08:51:44,2026-08-22,USA MLS,CF Montreal vs LA Galaxy,under25,2.34
2026-08-20,2026-08-20T08:51:44,2026-08-22,Brazil Serie A,Cruzeiro vs Flamengo,over25,1.92
2026-08-20,2026-08-20T08:51:44,2026-08-22,Brazil Serie A,Cruzeiro vs Flamengo,under25,1.76
2026-08-20,2026-08-20T08:51:44,2026-08-22,USA MLS,FC Cincinnati vs Seattle Sounders FC,over25,1.36
2026-08-20,2026-08-20T08:51:44,2026-08-22,USA MLS,FC Cincinnati vs Seattle Sounders FC,under25,2.9
2026-08-20,2026-08-20T08:51:44,2026-08-22,Mexico Liga MX,FC Juárez vs América,over25,1.65
2026-08-20,2026-08-20T08:51:44,2026-08-22,Mexico Liga MX,FC Juárez vs América,under25,2.1
2026-08-20,2026-08-20T08:51:44,2026-08-22,Mexico Liga MX,Guadalajara vs Tijuana,under25,2.18
2026-08-20,2026-08-20T08:51:44,2026-08-22,USA MLS,Inter Miami CF vs Toronto FC,over35,1.73
2026-08-20,2026-08-20T08:51:44,2026-08-22,Mexico Liga MX,León vs Monterrey,over25,1.55
2026-08-20,2026-08-20T08:51:44,2026-08-22,USA MLS,New York Red Bulls vs Chicago Fire,over25,1.35
2026-08-20,2026-08-20T08:51:44,2026-08-22,USA MLS,New York Red Bulls vs Chicago Fire,under25,3.0
2026-08-20,2026-08-20T08:51:44,2026-08-22,USA MLS,Orlando City SC vs Real Salt Lake,over35,1.75
2026-08-20,2026-08-20T08:51:44,2026-08-22,USA MLS,Orlando City SC vs Real Salt Lake,under25,2.8
2026-08-20,2026-08-20T08:51:44,2026-08-22,China Super League,Qingdao West Coast FC vs Shandong Luneng Taishan FC,over25,1.58
2026-08-20,2026-08-20T08:51:44,2026-08-22,China Super League,Qingdao West Coast FC vs Shandong Luneng Taishan FC,under25,2.22
2026-08-20,2026-08-20T08:51:44,2026-08-22,China Super League,Shenzhen Peng City FC vs Zhejiang,over25,1.49
2026-08-20,2026-08-20T08:51:44,2026-08-22,China Super League,Shenzhen Peng City FC vs Zhejiang,under25,2.42
2026-08-20,2026-08-20T08:51:44,2026-08-22,Austrian Bundesliga,Sturm Graz vs Austria Lustenau,over35,2.16
2026-08-20,2026-08-20T08:51:44,2026-08-22,Mexico Liga MX,Tigres vs Atlante FC,over25,1.63
2026-08-20,2026-08-20T08:51:44,2026-08-22,Mexico Liga MX,Tigres vs Atlante FC,under25,2.06
2026-08-20,2026-08-20T08:51:44,2026-08-22,China Super League,Wuhan Three Towns vs Tianjin Jinmen Tiger FC,over25,1.71
2026-08-20,2026-08-20T08:51:44,2026-08-22,China Super League,Wuhan Three Towns vs Tianjin Jinmen Tiger FC,under25,2.1
2026-08-20,2026-08-20T08:51:44,2026-08-23,USA MLS,Atlanta United FC vs Sporting Kansas City,over35,2.25
2026-08-20,2026-08-20T08:51:44,2026-08-23,Argentina Primera Division,Atlético Huracán vs Deportivo Riestra,over15,1.64
2026-08-20,2026-08-20T08:51:44,2026-08-23,USA MLS,Austin FC vs Philadelphia Union,over25,1.61
2026-08-20,2026-08-20T08:51:44,2026-08-23,Argentina Primera Division,Belgrano de Cordoba vs Defensa y Justicia,over25,2.39
2026-08-20,2026-08-20T08:51:44,2026-08-23,Argentina Primera Division,Belgrano de Cordoba vs Defensa y Justicia,under25,1.49
2026-08-20,2026-08-20T08:51:44,2026-08-23,China Super League,Chongqing Tonglianglong FC vs Dalian Yingbo,over25,1.88
2026-08-20,2026-08-20T08:51:44,2026-08-23,China Super League,Chongqing Tonglianglong FC vs Dalian Yingbo,under25,1.82
2026-08-20,2026-08-20T08:51:44,2026-08-23,USA MLS,Los Angeles FC vs Portland Timbers,over25,1.36
2026-08-20,2026-08-20T08:51:44,2026-08-23,USA MLS,Los Angeles FC vs Portland Timbers,over35,1.87
2026-08-20,2026-08-20T08:51:44,2026-08-23,USA MLS,Los Angeles FC vs Portland Timbers,under25,2.88
2026-08-20,2026-08-20T08:51:44,2026-08-23,USA MLS,Nashville SC vs Columbus Crew SC,under25,2.16
2026-08-20,2026-08-20T08:51:44,2026-08-23,Brazil Serie A,Palmeiras vs Vasco da Gama,over25,1.92
2026-08-20,2026-08-20T08:51:44,2026-08-23,Brazil Serie A,Palmeiras vs Vasco da Gama,under25,1.93
2026-08-20,2026-08-20T08:51:44,2026-08-23,USA MLS,San Diego FC vs Colorado Rapids,over25,1.5
2026-08-20,2026-08-20T08:51:44,2026-08-23,USA MLS,San Diego FC vs Colorado Rapids,under25,2.45
2026-08-20,2026-08-20T08:51:44,2026-08-23,USA MLS,St. Louis City SC vs Houston Dynamo,over25,1.68
2026-08-20,2026-08-20T08:51:44,2026-08-23,USA MLS,St. Louis City SC vs Houston Dynamo,under25,2.12
2026-08-20,2026-08-20T08:51:44,2026-08-23,USA MLS,Vancouver Whitecaps FC vs FC Dallas,under25,2.62
2026-08-20,2026-08-20T08:51:44,2026-08-24,Argentina Primera Division,Racing Club vs Boca Juniors,over15,1.57
2026-08-20,2026-08-20T08:51:44,2026-08-25,Argentina Primera Division,Talleres vs Rosario Central,over15,1.52
2026-08-20,2026-08-20T08:51:44,2026-08-25,Argentina Primera Division,Talleres vs Rosario Central,over25,2.42
2026-08-20,2026-08-20T08:51:44,2026-08-25,Argentina Primera Division,Talleres vs Rosario Central,under25,1.48
2026-08-20,2026-08-20T09:27:05,2026-08-21,Sweden Allsvenskan,IK Sirius vs BK Hacken,over35,1.94
2026-08-20,2026-08-20T09:27:05,2026-08-21,Japan J-League,Kashiwa Reysol vs V-Varen Nagasaki,over25,1.78
2026-08-20,2026-08-20T09:27:05,2026-08-21,Japan J-League,Kashiwa Reysol vs V-Varen Nagasaki,under25,2.05
2026-08-20,2026-08-20T09:27:05,2026-08-22,Brazil Serie A,Internacional vs Atletico Mineiro,over25,2.02
2026-08-20,2026-08-20T09:27:05,2026-08-22,Brazil Serie A,Internacional vs Atletico Mineiro,under25,1.83
2026-08-20,2026-08-20T09:27:05,2026-08-22,Austrian Bundesliga,Rheindorf Altach vs Hartberg,over25,1.82
2026-08-20,2026-08-20T09:27:05,2026-08-22,Austrian Bundesliga,Rheindorf Altach vs Hartberg,under25,1.81
2026-08-20,2026-08-20T09:27:05,2026-08-23,Finland Veikkausliiga,TPS Turku vs FC Inter Turku,over25,1.88
2026-08-20,2026-08-20T09:27:05,2026-08-23,Finland Veikkausliiga,TPS Turku vs FC Inter Turku,under25,1.85
2026-08-20,2026-08-20T10:04:14,2026-08-22,USA MLS,Inter Miami CF vs Toronto FC,over25,1.25
2026-08-20,2026-08-20T10:04:14,2026-08-22,USA MLS,Inter Miami CF vs Toronto FC,under25,3.6
2026-08-20,2026-08-20T10:04:14,2026-08-23,USA MLS,San Jose Earthquakes vs Minnesota United FC,over35,2.02
2026-08-20,2026-08-20T10:04:14,2026-08-23,Finland Veikkausliiga,TPS Turku vs FC Inter Turku,over25,1.85
2026-08-20,2026-08-20T10:04:14,2026-08-23,Finland Veikkausliiga,TPS Turku vs FC Inter Turku,under25,1.88
2026-08-20,2026-08-20T10:04:14,2026-08-24,Brazil Serie A,Botafogo vs Atletico Paranaense,over25,2.07
2026-08-20,2026-08-20T10:04:14,2026-08-24,Brazil Serie A,Botafogo vs Atletico Paranaense,under25,1.79
2026-08-20,2026-08-20T10:04:14,2026-08-25,Argentina Primera Division,Lanus vs Argentinos Juniors,over15,1.6
2026-08-20,2026-08-20T10:46:10,2026-08-22,Mexico Liga MX,Querétaro vs Toluca,over35,2.35
2026-08-20,2026-08-20T10:46:10,2026-08-22,China Super League,Wuhan Three Towns vs Tianjin Jinmen Tiger FC,over25,1.74
2026-08-20,2026-08-20T10:46:10,2026-08-22,China Super League,Wuhan Three Towns vs Tianjin Jinmen Tiger FC,under25,2.06
2026-08-20,2026-08-20T10:46:10,2026-08-23,Argentina Primera Division,Atlético Huracán vs Deportivo Riestra,over15,1.66
2026-08-20,2026-08-20T10:46:10,2026-08-25,Argentina Primera Division,Lanus vs Argentinos Juniors,over15,1.59
2026-08-20,2026-08-20T11:13:55,2026-08-22,Brazil Serie A,Internacional vs Atletico Mineiro,over25,2.0
2026-08-20,2026-08-20T11:13:55,2026-08-22,Brazil Serie A,Internacional vs Atletico Mineiro,under25,1.84
2026-08-20,2026-08-20T11:13:55,2026-08-23,Brazil Serie A,Coritiba vs Corinthians,over15,1.55
2026-08-20,2026-08-20T11:13:55,2026-08-23,Brazil Serie A,Coritiba vs Corinthians,over25,2.41
2026-08-20,2026-08-20T11:13:55,2026-08-23,Brazil Serie A,Coritiba vs Corinthians,under25,1.48
2026-08-20,2026-08-20T11:13:55,2026-08-23,Denmark Superliga,SonderjyskE vs FC Nordsjaelland,over35,2.07
2026-08-20,2026-08-20T11:13:55,2026-08-23,Finland Veikkausliiga,TPS Turku vs FC Inter Turku,over25,1.88
2026-08-20,2026-08-20T11:13:55,2026-08-23,Finland Veikkausliiga,TPS Turku vs FC Inter Turku,under25,1.85
2026-08-20,2026-08-20T11:13:55,2026-08-25,Argentina Primera Division,Lanus vs Argentinos Juniors,over15,1.58
2026-08-20,2026-08-20T11:48:33,2026-08-21,Argentina Primera Division,Aldosivi Mar del Plata vs Union Santa Fe,over15,1.55
2026-08-20,2026-08-20T11:48:33,2026-08-21,Japan J-League,FC Tokyo vs JEF United Chiba,over25,1.82
2026-08-20,2026-08-20T11:48:33,2026-08-21,Japan J-League,FC Tokyo vs JEF United Chiba,under25,2.0
2026-08-20,2026-08-20T11:48:33,2026-08-22,China Super League,Wuhan Three Towns vs Tianjin Jinmen Tiger FC,over35,2.58
2026-08-20,2026-08-20T11:48:33,2026-08-23,Brazil Serie A,Coritiba vs Corinthians,over25,2.55
2026-08-20,2026-08-20T11:48:33,2026-08-23,Brazil Serie A,Coritiba vs Corinthians,under25,1.54
2026-08-20,2026-08-20T11:48:33,2026-08-23,Finland Veikkausliiga,TPS Turku vs FC Inter Turku,over25,1.85
2026-08-20,2026-08-20T11:48:33,2026-08-23,Finland Veikkausliiga,TPS Turku vs FC Inter Turku,under25,1.88
2026-08-20,2026-08-20T12:19:22,2026-08-22,USA MLS,FC Cincinnati vs Seattle Sounders FC,over35,1.92
2026-08-20,2026-08-20T12:19:22,2026-08-22,China Super League,Qingdao West Coast FC vs Shandong Luneng Taishan FC,over35,2.3
2026-08-20,2026-08-20T12:19:22,2026-08-23,Finland Veikkausliiga,TPS Turku vs FC Inter Turku,over25,1.88
2026-08-20,2026-08-20T12:19:22,2026-08-23,Finland Veikkausliiga,TPS Turku vs FC Inter Turku,under25,1.85
2026-08-20,2026-08-20T13:25:01,2026-08-22,China Super League,Beijing FC vs Yunnan Yukun,over35,1.77
2026-08-20,2026-08-20T13:25:01,2026-08-22,USA MLS,Inter Miami CF vs Toronto FC,over35,1.74
2026-08-20,2026-08-20T13:25:01,2026-08-22,USA MLS,New York Red Bulls vs Chicago Fire,over35,1.94
2026-08-20,2026-08-20T13:25:01,2026-08-22,China Super League,Wuhan Three Towns vs Tianjin Jinmen Tiger FC,over25,1.71
2026-08-20,2026-08-20T13:25:01,2026-08-22,China Super League,Wuhan Three Towns vs Tianjin Jinmen Tiger FC,under25,2.1
2026-08-20,2026-08-20T13:25:01,2026-08-23,Argentina Primera Division,Atlético Huracán vs Deportivo Riestra,over15,1.67
2026-08-20,2026-08-20T13:25:01,2026-08-23,Argentina Primera Division,Atlético Huracán vs Deportivo Riestra,over25,3.05
2026-08-20,2026-08-20T13:25:01,2026-08-23,Argentina Primera Division,Atlético Huracán vs Deportivo Riestra,under25,1.37
2026-08-20,2026-08-20T13:25:01,2026-08-23,Brazil Serie A,Coritiba vs Corinthians,over25,2.41
2026-08-20,2026-08-20T13:25:01,2026-08-23,Brazil Serie A,Coritiba vs Corinthians,under25,1.48
2026-08-20,2026-08-20T13:25:01,2026-08-23,Brazil Serie A,Santos vs Mirassol,over25,1.87
2026-08-20,2026-08-20T13:25:01,2026-08-23,Brazil Serie A,Santos vs Mirassol,under25,1.9
2026-08-20,2026-08-20T13:25:01,2026-08-23,Finland Veikkausliiga,TPS Turku vs FC Inter Turku,over25,1.85
2026-08-20,2026-08-20T13:25:01,2026-08-23,Finland Veikkausliiga,TPS Turku vs FC Inter Turku,under25,1.88
2026-08-20,2026-08-20T14:10:09,2026-08-21,Argentina Primera Division,Aldosivi Mar del Plata vs Union Santa Fe,over15,1.54
2026-08-20,2026-08-20T14:10:09,2026-08-21,Sweden Allsvenskan,IK Sirius vs BK Hacken,over25,1.39
2026-08-20,2026-08-20T14:10:09,2026-08-21,Sweden Allsvenskan,IK Sirius vs BK Hacken,under25,2.95
2026-08-20,2026-08-20T14:10:09,2026-08-23,Brazil Serie A,Coritiba vs Corinthians,over25,2.55
2026-08-20,2026-08-20T14:10:09,2026-08-23,Brazil Serie A,Coritiba vs Corinthians,under25,1.54
2026-08-20,2026-08-20T14:10:09,2026-08-23,Brazil Serie A,Santos vs Mirassol,over25,1.85
2026-08-20,2026-08-20T14:10:09,2026-08-23,Brazil Serie A,Santos vs Mirassol,under25,1.93
2026-08-20,2026-08-20T14:57:41,2026-08-23,Brazil Serie A,Coritiba vs Corinthians,over25,2.41
2026-08-20,2026-08-20T14:57:41,2026-08-23,Brazil Serie A,Coritiba vs Corinthians,under25,1.48
2026-08-20,2026-08-20T14:57:41,2026-08-23,Denmark Superliga,SonderjyskE vs FC Nordsjaelland,over25,1.44
2026-08-20,2026-08-20T14:57:41,2026-08-23,Denmark Superliga,SonderjyskE vs FC Nordsjaelland,under25,2.75
2026-08-20,2026-08-20T14:57:41,2026-08-23,USA MLS,St. Louis City SC vs Houston Dynamo,over25,1.7
2026-08-20,2026-08-20T14:57:41,2026-08-23,USA MLS,St. Louis City SC vs Houston Dynamo,under25,2.1
2026-08-20,2026-08-20T15:45:43,2026-08-22,China Super League,Beijing FC vs Yunnan Yukun,over35,1.75
2026-08-20,2026-08-20T15:45:43,2026-08-22,USA MLS,FC Cincinnati vs Seattle Sounders FC,over35,1.89
2026-08-20,2026-08-20T15:45:43,2026-08-22,Austrian Bundesliga,Rheindorf Altach vs Hartberg,over25,1.84
2026-08-20,2026-08-20T15:45:43,2026-08-22,Austrian Bundesliga,Rheindorf Altach vs Hartberg,under25,1.83
2026-08-20,2026-08-20T15:45:43,2026-08-23,Denmark Superliga,FC Midtjylland vs Randers FC,over25,1.6
2026-08-20,2026-08-20T15:45:43,2026-08-23,Sweden Allsvenskan,Hammarby IF vs GAIS,over25,1.58
2026-08-20,2026-08-20T15:45:43,2026-08-23,Sweden Allsvenskan,Hammarby IF vs GAIS,under25,2.32
2026-08-20,2026-08-20T16:16:17,2026-08-23,Argentina Primera Division,Atlético Huracán vs Deportivo Riestra,over15,1.72
2026-08-20,2026-08-20T16:16:17,2026-08-23,Argentina Primera Division,Atlético Huracán vs Deportivo Riestra,over25,3.15
2026-08-20,2026-08-20T16:16:17,2026-08-23,Argentina Primera Division,Atlético Huracán vs Deportivo Riestra,under25,1.35
2026-08-20,2026-08-20T16:16:17,2026-08-23,Argentina Primera Division,Barracas Central vs Platense,over15,1.7
2026-08-20,2026-08-20T16:16:17,2026-08-23,USA MLS,San Diego FC vs Colorado Rapids,over25,1.55
2026-08-20,2026-08-20T16:16:17,2026-08-23,USA MLS,San Diego FC vs Colorado Rapids,under25,2.3
2026-08-20,2026-08-20T16:16:17,2026-08-23,Brazil Serie A,Vitoria vs Bahia,over25,1.99
2026-08-20,2026-08-20T16:16:17,2026-08-23,Brazil Serie A,Vitoria vs Bahia,under25,1.86
2026-08-20,2026-08-20T16:57:25,2026-08-22,Mexico Liga MX,León vs Monterrey,over35,2.24
2026-08-20,2026-08-20T16:57:25,2026-08-23,Argentina Primera Division,Barracas Central vs Platense,over15,1.68
2026-08-20,2026-08-20T16:57:25,2026-08-23,Finland Veikkausliiga,HJK Helsinki vs IF Gnistan,over25,1.5
2026-08-20,2026-08-20T16:57:25,2026-08-23,Finland Veikkausliiga,HJK Helsinki vs IF Gnistan,under25,2.48
2026-08-20,2026-08-20T16:57:25,2026-08-23,USA MLS,San Diego FC vs Colorado Rapids,over35,2.28
2026-08-20,2026-08-20T17:38:41,2026-08-22,Brazil Serie A,Internacional vs Atletico Mineiro,over25,1.98
2026-08-20,2026-08-20T17:38:41,2026-08-22,Brazil Serie A,Internacional vs Atletico Mineiro,under25,1.87
2026-08-20,2026-08-20T17:38:41,2026-08-22,Mexico Liga MX,León vs Monterrey,over35,2.25
2026-08-20,2026-08-20T17:38:41,2026-08-22,Austrian Bundesliga,Sturm Graz vs Austria Lustenau,over35,2.19
2026-08-20,2026-08-20T17:38:41,2026-08-23,Brazil Serie A,Bragantino-SP vs Grêmio,over25,1.93
2026-08-20,2026-08-20T17:38:41,2026-08-23,Brazil Serie A,Bragantino-SP vs Grêmio,under25,1.92
2026-08-20,2026-08-20T17:38:41,2026-08-23,Brazil Serie A,Coritiba vs Corinthians,over25,2.53
2026-08-20,2026-08-20T17:38:41,2026-08-23,Brazil Serie A,Coritiba vs Corinthians,under25,1.55
2026-08-20,2026-08-20T17:38:41,2026-08-24,Brazil Serie A,Botafogo vs Atletico Paranaense,over25,2.04
2026-08-20,2026-08-20T17:38:41,2026-08-24,Brazil Serie A,Botafogo vs Atletico Paranaense,under25,1.81
2026-08-20,2026-08-20T18:04:18,2026-08-22,USA MLS,FC Cincinnati vs Seattle Sounders FC,over35,1.87
2026-08-20,2026-08-20T18:04:18,2026-08-22,Brazil Serie A,Internacional vs Atletico Mineiro,over25,1.97
2026-08-20,2026-08-20T18:04:18,2026-08-22,Brazil Serie A,Internacional vs Atletico Mineiro,under25,1.88
2026-08-20,2026-08-20T18:04:18,2026-08-22,Sweden Allsvenskan,Örgryte IS vs Halmstads BK,over25,1.68
2026-08-20,2026-08-20T18:04:18,2026-08-22,Sweden Allsvenskan,Örgryte IS vs Halmstads BK,under25,2.02
2026-08-20,2026-08-20T18:57:43,2026-08-21,Argentina Primera Division,Aldosivi Mar del Plata vs Union Santa Fe,over15,1.55
2026-08-20,2026-08-20T18:57:43,2026-08-22,Argentina Primera Division,Atlético Tucuman vs Instituto de Córdoba,over25,2.38
2026-08-20,2026-08-20T18:57:43,2026-08-22,Argentina Primera Division,Atlético Tucuman vs Instituto de Córdoba,under25,1.5
2026-08-20,2026-08-20T18:57:43,2026-08-22,Mexico Liga MX,León vs Monterrey,over35,2.29
2026-08-20,2026-08-20T18:57:43,2026-08-23,Sweden Allsvenskan,Hammarby IF vs GAIS,over25,1.55
2026-08-20,2026-08-20T18:57:43,2026-08-23,Sweden Allsvenskan,Hammarby IF vs GAIS,under25,2.38
2026-08-20,2026-08-20T19:39:34,2026-08-21,Sweden Allsvenskan,IK Sirius vs BK Hacken,under25,2.92
2026-08-20,2026-08-20T19:39:34,2026-08-22,China Super League,Wuhan Three Towns vs Tianjin Jinmen Tiger FC,over25,1.73
2026-08-20,2026-08-20T19:39:34,2026-08-22,China Super League,Wuhan Three Towns vs Tianjin Jinmen Tiger FC,under25,2.07
2026-08-20,2026-08-20T19:39:34,2026-08-23,Sweden Allsvenskan,Hammarby IF vs GAIS,over35,2.25
2026-08-20,2026-08-20T19:39:34,2026-08-23,Brazil Serie A,Vitoria vs Bahia,over25,2.03
2026-08-20,2026-08-20T19:39:34,2026-08-23,Brazil Serie A,Vitoria vs Bahia,under25,1.82
2026-08-20,2026-08-20T20:04:34,2026-08-23,Sweden Allsvenskan,Hammarby IF vs GAIS,over25,1.58
2026-08-20,2026-08-20T20:04:34,2026-08-23,Sweden Allsvenskan,Hammarby IF vs GAIS,under25,2.32
2026-08-20,2026-08-20T20:46:32,2026-08-22,Finland Veikkausliiga,Ilves Tampere vs VPS Vaasa,over25,1.6
2026-08-20,2026-08-20T20:46:32,2026-08-22,Finland Veikkausliiga,Ilves Tampere vs VPS Vaasa,under25,2.14
2026-08-20,2026-08-20T20:46:32,2026-08-23,Brazil Serie A,Santos vs Mirassol,over25,1.87
2026-08-20,2026-08-20T20:46:32,2026-08-23,Brazil Serie A,Santos vs Mirassol,under25,1.9
2026-08-20,2026-08-20T21:14:25,2026-08-21,Sweden Allsvenskan,IK Sirius vs BK Hacken,over35,1.96
2026-08-20,2026-08-20T21:14:25,2026-08-21,Sweden Allsvenskan,IK Sirius vs BK Hacken,under25,2.95
2026-08-20,2026-08-20T21:14:25,2026-08-22,Argentina Primera Division,Independiente vs Independiente Rivadavia,over25,2.32
2026-08-20,2026-08-20T21:14:25,2026-08-22,Argentina Primera Division,Independiente vs Independiente Rivadavia,under25,1.52
2026-08-20,2026-08-20T21:14:25,2026-08-23,Sweden Allsvenskan,Hammarby IF vs GAIS,over25,1.55
2026-08-20,2026-08-20T21:14:25,2026-08-23,Sweden Allsvenskan,Hammarby IF vs GAIS,over35,2.17
2026-08-20,2026-08-20T21:14:25,2026-08-23,Sweden Allsvenskan,Hammarby IF vs GAIS,under25,2.38
2026-08-20,2026-08-20T21:14:25,2026-08-23,Sweden Allsvenskan,IF Brommapojkarna vs Degerfors IF,over25,1.87
2026-08-20,2026-08-20T21:14:25,2026-08-23,Sweden Allsvenskan,IF Brommapojkarna vs Degerfors IF,under25,1.8
2026-08-20,2026-08-20T21:49:32,2026-08-21,Ireland Premier Division,Dundalk vs Galway United,over35,2.34
2026-08-20,2026-08-20T21:49:32,2026-08-22,Japan J-League,Fagiano Okayama vs Tokyo Verdy,over15,1.55
2026-08-20,2026-08-20T21:49:32,2026-08-22,USA MLS,Inter Miami CF vs Toronto FC,over25,1.29
2026-08-20,2026-08-20T21:49:32,2026-08-22,USA MLS,Inter Miami CF vs Toronto FC,under25,3.4
2026-08-20,2026-08-20T21:49:32,2026-08-23,Sweden Allsvenskan,Hammarby IF vs GAIS,over25,1.58
2026-08-20,2026-08-20T21:49:32,2026-08-23,Sweden Allsvenskan,Hammarby IF vs GAIS,under25,2.32
2026-08-20,2026-08-20T22:14:42,2026-08-21,Argentina Primera Division,Aldosivi Mar del Plata vs Union Santa Fe,over15,1.53
2026-08-20,2026-08-20T22:14:42,2026-08-22,USA MLS,Charlotte FC vs D.C. United,over25,1.63
2026-08-20,2026-08-20T22:14:42,2026-08-22,USA MLS,Charlotte FC vs D.C. United,over35,2.3
2026-08-20,2026-08-20T22:14:42,2026-08-22,Japan J-League,Fagiano Okayama vs Tokyo Verdy,over15,1.54
2026-08-20,2026-08-20T22:14:42,2026-08-22,Brazil Serie A,Internacional vs Atletico Mineiro,over25,2.0
2026-08-20,2026-08-20T22:14:42,2026-08-22,Brazil Serie A,Internacional vs Atletico Mineiro,under25,1.84
2026-08-20,2026-08-20T22:14:42,2026-08-22,Mexico Liga MX,León vs Monterrey,over35,2.31
2026-08-20,2026-08-20T22:14:42,2026-08-23,Argentina Primera Division,Atlético Huracán vs Deportivo Riestra,over15,1.68
2026-08-20,2026-08-20T22:14:42,2026-08-23,Brazil Serie A,Coritiba vs Corinthians,over25,2.5
2026-08-20,2026-08-20T22:14:42,2026-08-23,Brazil Serie A,Coritiba vs Corinthians,under25,1.56
2026-08-20,2026-08-20T22:14:42,2026-08-23,Sweden Allsvenskan,Hammarby IF vs GAIS,over25,1.57
2026-08-20,2026-08-20T22:14:42,2026-08-23,Sweden Allsvenskan,Hammarby IF vs GAIS,under25,2.35
2026-08-20,2026-08-20T22:14:42,2026-08-23,Brazil Serie A,Vitoria vs Bahia,over25,2.02
2026-08-20,2026-08-20T22:14:42,2026-08-23,Brazil Serie A,Vitoria vs Bahia,under25,1.83
2026-08-20,2026-08-20T22:14:42,2026-08-24,Brazil Serie A,Botafogo vs Atletico Paranaense,over25,2.07
2026-08-20,2026-08-20T22:14:42,2026-08-24,Brazil Serie A,Botafogo vs Atletico Paranaense,under25,1.79
2026-08-20,2026-08-20T22:14:42,2026-08-24,Argentina Primera Division,CA Tigre BA vs Central Córdoba,over25,2.47
2026-08-20,2026-08-20T22:14:42,2026-08-24,Argentina Primera Division,CA Tigre BA vs Central Córdoba,under25,1.54
2026-08-20,2026-08-20T22:14:42,2026-08-24,Argentina Primera Division,Racing Club vs Boca Juniors,over15,1.55
2026-08-20,2026-08-20T22:50:48,2026-08-21,Argentina Primera Division,Aldosivi Mar del Plata vs Union Santa Fe,over15,1.55
2026-08-20,2026-08-20T22:50:48,2026-08-21,Sweden Allsvenskan,IK Sirius vs BK Hacken,over35,1.97
2026-08-20,2026-08-20T22:50:48,2026-08-22,Japan J-League,Hiroshima Sanfrecce FC vs Kawasaki Frontale,over25,1.58
2026-08-20,2026-08-20T22:50:48,2026-08-22,Japan J-League,Hiroshima Sanfrecce FC vs Kawasaki Frontale,under25,2.22
2026-08-20,2026-08-20T22:50:48,2026-08-22,Brazil Serie A,Internacional vs Atletico Mineiro,over25,1.97
2026-08-20,2026-08-20T22:50:48,2026-08-22,Brazil Serie A,Internacional vs Atletico Mineiro,under25,1.88
2026-08-20,2026-08-20T22:50:48,2026-08-22,Mexico Liga MX,Querétaro vs Toluca,over35,2.25
2026-08-20,2026-08-20T22:50:48,2026-08-23,Argentina Primera Division,Atlético Huracán vs Deportivo Riestra,over15,1.72
2026-08-20,2026-08-20T22:50:48,2026-08-23,Sweden Allsvenskan,Hammarby IF vs GAIS,over25,1.58
2026-08-20,2026-08-20T22:50:48,2026-08-23,Sweden Allsvenskan,Hammarby IF vs GAIS,under25,2.32
2026-08-20,2026-08-20T22:50:48,2026-08-23,Brazil Serie A,Vitoria vs Bahia,over25,2.03
2026-08-20,2026-08-20T22:50:48,2026-08-23,Brazil Serie A,Vitoria vs Bahia,under25,1.82
2026-08-20,2026-08-20T22:50:48,2026-08-24,Brazil Serie A,Botafogo vs Atletico Paranaense,over25,2.04
2026-08-20,2026-08-20T22:50:48,2026-08-24,Brazil Serie A,Botafogo vs Atletico Paranaense,under25,1.81
2026-08-20,2026-08-20T22:50:48,2026-08-24,Argentina Primera Division,CA Tigre BA vs Central Córdoba,over25,2.52
2026-08-20,2026-08-20T22:50:48,2026-08-24,Argentina Primera Division,CA Tigre BA vs Central Córdoba,under25,1.52
2026-08-20,2026-08-20T22:50:48,2026-08-24,Argentina Primera Division,Racing Club vs Boca Juniors,over15,1.57
2026-08-20,2026-08-20T23:18:04,2026-08-21,Argentina Primera Division,Aldosivi Mar del Plata vs Union Santa Fe,over15,1.54
2026-08-20,2026-08-20T23:18:04,2026-08-22,USA MLS,CF Montreal vs LA Galaxy,under25,2.33
2026-08-20,2026-08-20T23:18:04,2026-08-23,USA MLS,Atlanta United FC vs Sporting Kansas City,over35,2.28
2026-08-20,2026-08-20T23:18:04,2026-08-23,USA MLS,New England Revolution vs New York City FC,over25,1.57
2026-08-20,2026-08-20T23:18:04,2026-08-23,USA MLS,New England Revolution vs New York City FC,under25,1.97
2026-08-20,2026-08-20T23:46:28,2026-08-21,Argentina Primera Division,Aldosivi Mar del Plata vs Union Santa Fe,over15,1.53
2026-08-20,2026-08-20T23:46:28,2026-08-22,Brazil Serie A,Internacional vs Atletico Mineiro,over25,2.02
2026-08-20,2026-08-20T23:46:28,2026-08-22,Brazil Serie A,Internacional vs Atletico Mineiro,under25,1.83
2026-08-20,2026-08-20T23:46:28,2026-08-22,Mexico Liga MX,Querétaro vs Toluca,over35,2.35
2026-08-20,2026-08-20T23:46:28,2026-08-23,Argentina Primera Division,Atlético Huracán vs Deportivo Riestra,over15,1.7
2026-08-20,2026-08-20T23:46:28,2026-08-23,Brazil Serie A,Coritiba vs Corinthians,over15,1.47
2026-08-20,2026-08-20T23:46:28,2026-08-23,Sweden Allsvenskan,Hammarby IF vs GAIS,over25,1.57
2026-08-20,2026-08-20T23:46:28,2026-08-23,Sweden Allsvenskan,Hammarby IF vs GAIS,under25,2.35
2026-08-20,2026-08-20T23:46:28,2026-08-23,Brazil Serie A,Vitoria vs Bahia,over25,2.02
2026-08-20,2026-08-20T23:46:28,2026-08-23,Brazil Serie A,Vitoria vs Bahia,under25,1.83
2026-08-20,2026-08-20T23:46:28,2026-08-24,Brazil Serie A,Botafogo vs Atletico Paranaense,over25,2.07
2026-08-20,2026-08-20T23:46:28,2026-08-24,Brazil Serie A,Botafogo vs Atletico Paranaense,under25,1.79
2026-08-20,2026-08-20T23:46:28,2026-08-24,Argentina Primera Division,CA Tigre BA vs Central Córdoba,over25,2.47
2026-08-20,2026-08-20T23:46:28,2026-08-24,Argentina Primera Division,CA Tigre BA vs Central Córdoba,under25,1.54
2026-08-21,2026-08-21T00:27:47,2026-08-21,Argentina Primera Division,Aldosivi Mar del Plata vs Union Santa Fe,over15,1.55
2026-08-21,2026-08-21T00:27:47,2026-08-21,Sweden Allsvenskan,IK Sirius vs BK Hacken,under25,2.92
2026-08-21,2026-08-21T00:27:47,2026-08-22,Brazil Serie A,Internacional vs Atletico Mineiro,over25,2.04
2026-08-21,2026-08-21T00:27:47,2026-08-22,Brazil Serie A,Internacional vs Atletico Mineiro,under25,1.81
2026-08-21,2026-08-21T00:27:47,2026-08-22,Mexico Liga MX,Querétaro vs Toluca,over35,2.25
2026-08-21,2026-08-21T00:27:47,2026-08-23,Argentina Primera Division,Atlético Huracán vs Deportivo Riestra,over15,1.72
2026-08-21,2026-08-21T00:27:47,2026-08-23,Brazil Serie A,Coritiba vs Corinthians,over15,1.55
2026-08-21,2026-08-21T00:27:47,2026-08-23,Brazil Serie A,Coritiba vs Corinthians,over25,2.45
2026-08-21,2026-08-21T00:27:47,2026-08-23,Brazil Serie A,Coritiba vs Corinthians,under25,1.5
2026-08-21,2026-08-21T00:27:47,2026-08-23,Sweden Allsvenskan,Hammarby IF vs GAIS,over25,1.55
2026-08-21,2026-08-21T00:27:47,2026-08-23,Sweden Allsvenskan,Hammarby IF vs GAIS,under25,2.38
2026-08-21,2026-08-21T00:27:47,2026-08-23,Brazil Serie A,Palmeiras vs Vasco da Gama,over25,1.9
2026-08-21,2026-08-21T00:27:47,2026-08-23,Brazil Serie A,Palmeiras vs Vasco da Gama,under25,1.95
2026-08-21,2026-08-21T00:27:47,2026-08-24,Brazil Serie A,Botafogo vs Atletico Paranaense,over25,2.04
2026-08-21,2026-08-21T00:27:47,2026-08-24,Brazil Serie A,Botafogo vs Atletico Paranaense,under25,1.81
2026-08-21,2026-08-21T00:27:47,2026-08-24,Argentina Primera Division,CA Tigre BA vs Central Córdoba,over25,2.52
2026-08-21,2026-08-21T00:27:47,2026-08-24,Argentina Primera Division,CA Tigre BA vs Central Córdoba,under25,1.52
2026-08-21,2026-08-21T08:52:49,2026-08-21,Argentina Primera Division,Aldosivi Mar del Plata vs Union Santa Fe,over15,1.53
2026-08-21,2026-08-21T08:52:49,2026-08-21,Argentina Primera Division,Aldosivi Mar del Plata vs Union Santa Fe,over25,2.55
2026-08-21,2026-08-21T08:52:49,2026-08-21,Argentina Primera Division,Aldosivi Mar del Plata vs Union Santa Fe,under25,1.49
2026-08-21,2026-08-21T08:52:49,2026-08-21,Ireland Premier Division,Bohemians vs Derry City,over25,1.82
2026-08-21,2026-08-21T08:52:49,2026-08-21,Ireland Premier Division,Bohemians vs Derry City,under25,1.88
2026-08-21,2026-08-21T08:52:49,2026-08-21,Japan J-League,FC Tokyo vs JEF United Chiba,over25,1.73
2026-08-21,2026-08-21T08:52:49,2026-08-21,Japan J-League,FC Tokyo vs JEF United Chiba,under25,2.12
2026-08-21,2026-08-21T08:52:49,2026-08-21,Sweden Allsvenskan,IK Sirius vs BK Hacken,over25,1.47
2026-08-21,2026-08-21T08:52:49,2026-08-21,Sweden Allsvenskan,IK Sirius vs BK Hacken,over35,1.96
2026-08-21,2026-08-21T08:52:49,2026-08-21,Sweden Allsvenskan,IK Sirius vs BK Hacken,under25,2.62
2026-08-21,2026-08-21T08:52:49,2026-08-21,Japan J-League,Kashiwa Reysol vs V-Varen Nagasaki,over25,1.73
2026-08-21,2026-08-21T08:52:49,2026-08-21,Japan J-League,Kashiwa Reysol vs V-Varen Nagasaki,under25,2.12
2026-08-21,2026-08-21T08:52:49,2026-08-21,Austrian Bundesliga,Ried vs Grazer AK,over25,1.87
2026-08-21,2026-08-21T08:52:49,2026-08-21,Austrian Bundesliga,Ried vs Grazer AK,under25,1.87
2026-08-21,2026-08-21T08:52:49,2026-08-21,Ireland Premier Division,Sligo Rovers vs Waterford FC,over25,1.62
2026-08-21,2026-08-21T08:52:49,2026-08-21,Ireland Premier Division,Sligo Rovers vs Waterford FC,under25,2.15
2026-08-21,2026-08-21T08:52:49,2026-08-22,China Super League,Beijing FC vs Yunnan Yukun,over35,1.77
2026-08-21,2026-08-21T08:52:49,2026-08-22,USA MLS,CF Montreal vs LA Galaxy,under25,2.34
2026-08-21,2026-08-21T08:52:49,2026-08-22,USA MLS,Charlotte FC vs D.C. United,over25,1.57
2026-08-21,2026-08-21T08:52:49,2026-08-22,USA MLS,Charlotte FC vs D.C. United,over35,2.25
2026-08-21,2026-08-21T08:52:49,2026-08-22,USA MLS,Charlotte FC vs D.C. United,under25,2.33
2026-08-21,2026-08-21T08:52:49,2026-08-22,Japan J-League,Fagiano Okayama vs Tokyo Verdy,over25,2.52
2026-08-21,2026-08-21T08:52:49,2026-08-22,Japan J-League,Fagiano Okayama vs Tokyo Verdy,under25,1.47
2026-08-21,2026-08-21T08:52:49,2026-08-22,Japan J-League,Hiroshima Sanfrecce FC vs Kawasaki Frontale,over35,2.35
2026-08-21,2026-08-21T08:52:49,2026-08-22,USA MLS,Inter Miami CF vs Toronto FC,over25,1.25
2026-08-21,2026-08-21T08:52:49,2026-08-22,USA MLS,Inter Miami CF vs Toronto FC,under25,3.6
2026-08-21,2026-08-21T08:52:49,2026-08-22,Brazil Serie A,Internacional vs Atletico Mineiro,over25,2.05
2026-08-21,2026-08-21T08:52:49,2026-08-22,Brazil Serie A,Internacional vs Atletico Mineiro,under25,1.8
2026-08-21,2026-08-21T08:52:49,2026-08-22,USA MLS,New York Red Bulls vs Chicago Fire,over35,1.96
2026-08-21,2026-08-21T08:52:49,2026-08-22,China Super League,Shenzhen Peng City FC vs Zhejiang,over25,1.52
2026-08-21,2026-08-21T08:52:49,2026-08-22,China Super League,Shenzhen Peng City FC vs Zhejiang,over35,2.35
2026-08-21,2026-08-21T08:52:49,2026-08-22,China Super League,Shenzhen Peng City FC vs Zhejiang,under25,2.35
2026-08-21,2026-08-21T08:52:49,2026-08-22,China Super League,Wuhan Three Towns vs Tianjin Jinmen Tiger FC,over25,1.74
2026-08-21,2026-08-21T08:52:49,2026-08-22,China Super League,Wuhan Three Towns vs Tianjin Jinmen Tiger FC,under25,2.06
2026-08-21,2026-08-21T08:52:49,2026-08-23,Argentina Primera Division,Belgrano de Cordoba vs Defensa y Justicia,over25,2.35
2026-08-21,2026-08-21T08:52:49,2026-08-23,Argentina Primera Division,Belgrano de Cordoba vs Defensa y Justicia,under25,1.51
2026-08-21,2026-08-21T08:52:49,2026-08-23,China Super League,Liaoning Tieren FC vs Henan FC,under25,2.12
2026-08-21,2026-08-21T08:52:49,2026-08-23,Brazil Serie A,Santos vs Mirassol,over25,1.85
2026-08-21,2026-08-21T08:52:49,2026-08-23,Brazil Serie A,Santos vs Mirassol,under25,1.93
2026-08-21,2026-08-21T08:52:49,2026-08-23,Brazil Serie A,Vitoria vs Bahia,over25,2.03
2026-08-21,2026-08-21T08:52:49,2026-08-23,Brazil Serie A,Vitoria vs Bahia,under25,1.82
2026-08-21,2026-08-21T09:34:29,2026-08-21,Japan J-League,FC Tokyo vs JEF United Chiba,over25,1.62
2026-08-21,2026-08-21T09:34:29,2026-08-21,Japan J-League,FC Tokyo vs JEF United Chiba,under25,2.15
2026-08-21,2026-08-21T09:34:29,2026-08-21,Japan J-League,Kashiwa Reysol vs V-Varen Nagasaki,over25,1.68
2026-08-21,2026-08-21T09:34:29,2026-08-21,Japan J-League,Kashiwa Reysol vs V-Varen Nagasaki,under25,2.08
2026-08-21,2026-08-21T09:34:29,2026-08-22,China Super League,Beijing FC vs Yunnan Yukun,over35,1.74
2026-08-21,2026-08-21T10:06:16,2026-08-21,Argentina Primera Division,Aldosivi Mar del Plata vs Union Santa Fe,over15,1.52
2026-08-21,2026-08-21T10:06:16,2026-08-21,Ireland Premier Division,Dundalk vs Galway United,over35,2.35
2026-08-21,2026-08-21T10:06:16,2026-08-21,Japan J-League,FC Tokyo vs JEF United Chiba,over25,1.6
2026-08-21,2026-08-21T10:06:16,2026-08-21,Japan J-League,FC Tokyo vs JEF United Chiba,under25,2.18
2026-08-21,2026-08-21T10:06:16,2026-08-22,USA MLS,Charlotte FC vs D.C. United,over25,1.56
2026-08-21,2026-08-21T10:06:16,2026-08-22,USA MLS,Charlotte FC vs D.C. United,under25,2.35
2026-08-21,2026-08-21T10:06:16,2026-08-22,Japan J-League,Hiroshima Sanfrecce FC vs Kawasaki Frontale,over35,2.3
2026-08-21,2026-08-21T10:46:33,2026-08-21,Ireland Premier Division,Bohemians vs Derry City,over25,1.8
2026-08-21,2026-08-21T10:46:33,2026-08-21,Ireland Premier Division,Bohemians vs Derry City,under25,1.9
2026-08-21,2026-08-21T10:46:33,2026-08-21,Ireland Premier Division,Dundalk vs Galway United,over35,2.3
2026-08-21,2026-08-21T10:46:33,2026-08-21,Sweden Allsvenskan,IK Sirius vs BK Hacken,over35,1.93
2026-08-21,2026-08-21T11:13:51,2026-08-21,Ireland Premier Division,Bohemians vs Derry City,over25,1.75
2026-08-21,2026-08-21T11:13:51,2026-08-21,Ireland Premier Division,Bohemians vs Derry City,under25,1.98
2026-08-21,2026-08-21T11:13:51,2026-08-21,Sweden Allsvenskan,IK Sirius vs BK Hacken,over25,1.46
2026-08-21,2026-08-21T11:13:51,2026-08-21,Sweden Allsvenskan,IK Sirius vs BK Hacken,under25,2.68
2026-08-21,2026-08-21T11:13:51,2026-08-23,Sweden Allsvenskan,Hammarby IF vs GAIS,over25,1.58
2026-08-21,2026-08-21T11:13:51,2026-08-23,Sweden Allsvenskan,Hammarby IF vs GAIS,under25,2.32
2026-08-21,2026-08-21T11:47:18,2026-08-21,Ireland Premier Division,Bohemians vs Derry City,over25,1.8
2026-08-21,2026-08-21T11:47:18,2026-08-21,Ireland Premier Division,Bohemians vs Derry City,under25,1.9
2026-08-21,2026-08-21T11:47:18,2026-08-21,Ireland Premier Division,Dundalk vs Galway United,over35,2.35
2026-08-21,2026-08-21T11:47:18,2026-08-22,Mexico Liga MX,FC Juárez vs América,over25,1.64
2026-08-21,2026-08-21T11:47:18,2026-08-22,Mexico Liga MX,FC Juárez vs América,under25,2.12
2026-08-21,2026-08-21T11:47:18,2026-08-22,Mexico Liga MX,Guadalajara vs Tijuana,over35,2.3
2026-08-21,2026-08-21T11:47:18,2026-08-23,Denmark Superliga,AC Horsens vs Lyngby,over25,1.88
2026-08-21,2026-08-21T11:47:18,2026-08-23,Denmark Superliga,AC Horsens vs Lyngby,under25,1.88
2026-08-21,2026-08-21T11:47:18,2026-08-23,Finland Veikkausliiga,HJK Helsinki vs IF Gnistan,under25,2.52
2026-08-21,2026-08-21T11:47:18,2026-08-24,Argentina Primera Division,Racing Club vs Boca Juniors,over15,1.56
2026-08-21,2026-08-21T12:18:14,2026-08-21,Ireland Premier Division,Dundalk vs Galway United,over25,1.55
2026-08-21,2026-08-21T12:18:14,2026-08-21,Ireland Premier Division,Dundalk vs Galway United,over35,2.3
2026-08-21,2026-08-21T12:18:14,2026-08-21,Ireland Premier Division,Dundalk vs Galway United,under25,2.28
2026-08-21,2026-08-21T12:18:14,2026-08-21,Argentina Primera Division,Estudiantes de Río Cuarto vs San Lorenzo,over15,1.72
2026-08-21,2026-08-21T12:18:14,2026-08-21,Argentina Primera Division,Estudiantes de Río Cuarto vs San Lorenzo,over25,3.25
2026-08-21,2026-08-21T12:18:14,2026-08-21,Argentina Primera Division,Estudiantes de Río Cuarto vs San Lorenzo,under25,1.32
2026-08-21,2026-08-21T12:18:14,2026-08-22,Mexico Liga MX,Guadalajara vs Tijuana,over25,1.65
2026-08-21,2026-08-21T12:18:14,2026-08-22,Mexico Liga MX,Guadalajara vs Tijuana,over35,2.38
2026-08-21,2026-08-21T13:19:54,2026-08-21,Ireland Premier Division,Dundalk vs Galway United,over35,2.25
2026-08-21,2026-08-21T13:19:54,2026-08-21,Argentina Primera Division,Estudiantes de Río Cuarto vs San Lorenzo,over15,1.74
2026-08-21,2026-08-21T13:19:54,2026-08-21,Sweden Allsvenskan,IK Sirius vs BK Hacken,over25,1.43
2026-08-21,2026-08-21T13:19:54,2026-08-21,Sweden Allsvenskan,IK Sirius vs BK Hacken,under25,2.75
2026-08-21,2026-08-21T13:19:54,2026-08-22,USA MLS,Orlando City SC vs Real Salt Lake,over35,1.74
2026-08-21,2026-08-21T13:19:54,2026-08-23,Finland Veikkausliiga,TPS Turku vs FC Inter Turku,over25,1.88
2026-08-21,2026-08-21T13:19:54,2026-08-23,Finland Veikkausliiga,TPS Turku vs FC Inter Turku,under25,1.85
2026-08-21,2026-08-21T14:05:25,2026-08-21,Ireland Premier Division,Sligo Rovers vs Waterford FC,over25,1.65
2026-08-21,2026-08-21T14:05:25,2026-08-21,Ireland Premier Division,Sligo Rovers vs Waterford FC,under25,2.08
2026-08-21,2026-08-21T14:05:25,2026-08-22,USA MLS,Charlotte FC vs D.C. United,over25,1.54
2026-08-21,2026-08-21T14:05:25,2026-08-22,USA MLS,Charlotte FC vs D.C. United,under25,2.4
2026-08-21,2026-08-21T14:05:25,2026-08-22,Japan J-League,Nagoya Grampus vs Gamba Osaka,over25,1.82
2026-08-21,2026-08-21T14:05:25,2026-08-22,Japan J-League,Nagoya Grampus vs Gamba Osaka,under25,2.0
2026-08-21,2026-08-21T14:05:25,2026-08-22,USA MLS,Orlando City SC vs Real Salt Lake,over35,1.75
2026-08-21,2026-08-21T14:05:25,2026-08-23,Brazil Serie A,Vitoria vs Bahia,over25,2.02
2026-08-21,2026-08-21T14:05:25,2026-08-23,Brazil Serie A,Vitoria vs Bahia,under25,1.83
2026-08-21,2026-08-21T14:53:26,2026-08-21,Sweden Allsvenskan,IK Sirius vs BK Hacken,over25,1.41
2026-08-21,2026-08-21T14:53:26,2026-08-21,Sweden Allsvenskan,IK Sirius vs BK Hacken,under25,2.85
2026-08-21,2026-08-21T14:53:26,2026-08-22,USA MLS,Charlotte FC vs D.C. United,over25,1.66
2026-08-21,2026-08-21T14:53:26,2026-08-22,USA MLS,Charlotte FC vs D.C. United,over35,2.38
2026-08-21,2026-08-21T14:53:26,2026-08-22,USA MLS,Charlotte FC vs D.C. United,under25,2.34
2026-08-21,2026-08-21T14:53:26,2026-08-22,Brazil Serie A,Fluminense vs Remo,over25,1.79
2026-08-21,2026-08-21T14:53:26,2026-08-22,Brazil Serie A,Fluminense vs Remo,under25,2.07
2026-08-21,2026-08-21T14:53:26,2026-08-22,USA MLS,Orlando City SC vs Real Salt Lake,over35,1.73
2026-08-21,2026-08-21T14:53:26,2026-08-23,Argentina Primera Division,Belgrano de Cordoba vs Defensa y Justicia,over15,1.54
2026-08-21,2026-08-21T14:53:26,2026-08-23,Argentina Primera Division,Belgrano de Cordoba vs Defensa y Justicia,over25,2.43
2026-08-21,2026-08-21T14:53:26,2026-08-23,Argentina Primera Division,Belgrano de Cordoba vs Defensa y Justicia,under25,1.47
2026-08-21,2026-08-21T15:31:24,2026-08-21,Ireland Premier Division,Dundalk vs Galway United,over35,2.38
2026-08-21,2026-08-21T15:31:24,2026-08-21,Austrian Bundesliga,Ried vs Grazer AK,over25,1.91
2026-08-21,2026-08-21T15:31:24,2026-08-21,Austrian Bundesliga,Ried vs Grazer AK,under25,1.93
2026-08-21,2026-08-21T15:31:24,2026-08-22,USA MLS,Charlotte FC vs D.C. United,over35,2.4
2026-08-21,2026-08-21T15:31:24,2026-08-22,Brazil Serie A,Fluminense vs Remo,over25,1.8
2026-08-21,2026-08-21T15:31:24,2026-08-22,Brazil Serie A,Fluminense vs Remo,under25,2.05
2026-08-21,2026-08-21T15:31:24,2026-08-22,USA MLS,New York Red Bulls vs Chicago Fire,over25,1.36
2026-08-21,2026-08-21T15:31:24,2026-08-22,USA MLS,New York Red Bulls vs Chicago Fire,under25,2.9
2026-08-21,2026-08-21T15:31:24,2026-08-22,USA MLS,Orlando City SC vs Real Salt Lake,over35,1.74
2026-08-21,2026-08-21T16:05:05,2026-08-21,Argentina Primera Division,Aldosivi Mar del Plata vs Union Santa Fe,under25,1.48
2026-08-21,2026-08-21T16:05:05,2026-08-21,Ireland Premier Division,Dundalk vs Galway United,under25,2.32
2026-08-21,2026-08-21T16:05:05,2026-08-22,USA MLS,Charlotte FC vs D.C. United,over25,1.67
2026-08-21,2026-08-21T16:05:05,2026-08-22,USA MLS,Charlotte FC vs D.C. United,over35,2.5
2026-08-21,2026-08-21T16:05:05,2026-08-22,USA MLS,Charlotte FC vs D.C. United,under25,2.32
2026-08-21,2026-08-21T16:05:05,2026-08-22,Mexico Liga MX,Guadalajara vs Tijuana,over25,1.62
2026-08-21,2026-08-21T16:05:05,2026-08-22,USA MLS,Inter Miami CF vs Toronto FC,over35,1.63
2026-08-21,2026-08-21T16:05:05,2026-08-22,USA MLS,Orlando City SC vs Real Salt Lake,over35,1.8
2026-08-21,2026-08-21T16:05:05,2026-08-22,Mexico Liga MX,Tigres vs Atlante FC,over25,1.65
2026-08-21,2026-08-21T16:05:05,2026-08-22,Mexico Liga MX,Tigres vs Atlante FC,under25,2.02
2026-08-21,2026-08-21T16:51:02,2026-08-21,Argentina Primera Division,Estudiantes de Río Cuarto vs San Lorenzo,over15,1.76
2026-08-21,2026-08-21T16:51:02,2026-08-21,Argentina Primera Division,Estudiantes de Río Cuarto vs San Lorenzo,over25,3.35
2026-08-21,2026-08-21T16:51:02,2026-08-21,Argentina Primera Division,Estudiantes de Río Cuarto vs San Lorenzo,under25,1.31
2026-08-21,2026-08-21T16:51:02,2026-08-21,Sweden Allsvenskan,IK Sirius vs BK Hacken,over25,1.44
2026-08-21,2026-08-21T16:51:02,2026-08-21,Sweden Allsvenskan,IK Sirius vs BK Hacken,under25,2.75
2026-08-21,2026-08-21T16:51:02,2026-08-22,USA MLS,Charlotte FC vs D.C. United,over25,1.7
2026-08-21,2026-08-21T16:51:02,2026-08-22,USA MLS,Charlotte FC vs D.C. United,under25,2.26
2026-08-21,2026-08-21T16:51:02,2026-08-22,Mexico Liga MX,Guadalajara vs Tijuana,over25,1.65
2026-08-21,2026-08-21T16:51:02,2026-08-22,Mexico Liga MX,León vs Monterrey,under25,2.28
2026-08-21,2026-08-21T16:51:02,2026-08-23,China Super League,Chongqing Tonglianglong FC vs Dalian Yingbo,over25,1.92
2026-08-21,2026-08-21T16:51:02,2026-08-23,China Super League,Chongqing Tonglianglong FC vs Dalian Yingbo,under25,1.8
2026-08-21,2026-08-21T16:51:02,2026-08-23,Denmark Superliga,Viborg FF vs FC Copenhagen,over25,1.55
2026-08-21,2026-08-21T17:19:17,2026-08-21,Argentina Primera Division,Aldosivi Mar del Plata vs Union Santa Fe,over25,2.62
2026-08-21,2026-08-21T17:19:17,2026-08-21,Argentina Primera Division,Aldosivi Mar del Plata vs Union Santa Fe,under25,1.46
2026-08-21,2026-08-21T17:19:17,2026-08-21,Austrian Bundesliga,Ried vs Grazer AK,over25,1.92
2026-08-21,2026-08-21T17:19:17,2026-08-21,Austrian Bundesliga,Ried vs Grazer AK,under25,1.82
2026-08-21,2026-08-21T17:19:17,2026-08-22,USA MLS,Charlotte FC vs D.C. United,under25,2.25
2026-08-21,2026-08-21T17:19:17,2026-08-22,USA MLS,Inter Miami CF vs Toronto FC,over25,1.22
2026-08-21,2026-08-21T17:19:17,2026-08-22,USA MLS,Inter Miami CF vs Toronto FC,under25,3.9
2026-08-21,2026-08-21T17:19:17,2026-08-22,Mexico Liga MX,León vs Monterrey,over25,1.62
2026-08-21,2026-08-21T17:19:17,2026-08-22,Mexico Liga MX,León vs Monterrey,under25,2.15
2026-08-21,2026-08-21T17:19:17,2026-08-23,Brazil Serie A,Chapecoense vs Sao Paulo,over25,2.12
2026-08-21,2026-08-21T17:19:17,2026-08-23,Brazil Serie A,Chapecoense vs Sao Paulo,under25,1.7
2026-08-21,2026-08-21T17:19:17,2026-08-23,Sweden Allsvenskan,Hammarby IF vs GAIS,over25,1.51
2026-08-21,2026-08-21T17:19:17,2026-08-23,Sweden Allsvenskan,Hammarby IF vs GAIS,under25,2.27
2026-08-21,2026-08-21T17:19:17,2026-08-25,Argentina Primera Division,Lanus vs Argentinos Juniors,over15,1.59
2026-08-21,2026-08-21T17:53:29,2026-08-22,USA MLS,Charlotte FC vs D.C. United,under25,2.26
2026-08-21,2026-08-21T17:53:29,2026-08-22,USA MLS,Orlando City SC vs Real Salt Lake,over35,1.85
2026-08-21,2026-08-21T18:34:30,2026-08-21,Ireland Premier Division,Bohemians vs Derry City,over25,1.78
2026-08-21,2026-08-21T18:34:30,2026-08-21,Ireland Premier Division,Bohemians vs Derry City,under25,1.92
2026-08-21,2026-08-21T18:34:30,2026-08-21,Ireland Premier Division,Drogheda United vs St Patricks Athletic,over25,1.9
2026-08-21,2026-08-21T18:34:30,2026-08-21,Ireland Premier Division,Drogheda United vs St Patricks Athletic,under25,1.8
2026-08-21,2026-08-21T18:34:30,2026-08-21,Ireland Premier Division,Dundalk vs Galway United,over35,2.25
2026-08-21,2026-08-21T18:34:30,2026-08-21,Argentina Primera Division,Estudiantes de Río Cuarto vs San Lorenzo,over15,1.79
2026-08-21,2026-08-21T18:34:30,2026-08-25,Argentina Primera Division,Lanus vs Argentinos Juniors,over15,1.58
2026-08-21,2026-08-21T19:14:27,2026-08-23,USA MLS,Austin FC vs Philadelphia Union,over35,2.64
2026-08-21,2026-08-21T19:14:27,2026-08-28,Ireland Premier Division,Bohemians vs Sligo Rovers,over25,1.61
2026-08-21,2026-08-21T19:14:27,2026-08-28,Ireland Premier Division,Bohemians vs Sligo Rovers,under25,2.12
2026-08-21,2026-08-21T19:14:27,2026-08-28,Ireland Premier Division,Drogheda United vs Dundalk,over25,1.7
2026-08-21,2026-08-21T19:14:27,2026-08-28,Ireland Premier Division,Drogheda United vs Dundalk,under25,2.0
2026-08-21,2026-08-21T19:14:27,2026-08-28,Ireland Premier Division,Galway United vs Shelbourne Dublin,over25,1.72
2026-08-21,2026-08-21T19:14:27,2026-08-28,Ireland Premier Division,Galway United vs Shelbourne Dublin,under25,1.8
2026-08-21,2026-08-21T19:14:27,2026-08-28,Ireland Premier Division,St Patricks Athletic vs Waterford FC,over25,1.53
2026-08-21,2026-08-21T19:14:27,2026-08-28,Ireland Premier Division,St Patricks Athletic vs Waterford FC,under25,2.28
2026-08-21,2026-08-21T19:42:56,2026-08-21,Argentina Primera Division,Estudiantes de Río Cuarto vs San Lorenzo,over25,3.45
2026-08-21,2026-08-21T19:42:56,2026-08-21,Argentina Primera Division,Estudiantes de Río Cuarto vs San Lorenzo,under25,1.29
2026-08-21,2026-08-21T19:42:56,2026-08-28,Ireland Premier Division,Bohemians vs Sligo Rovers,over35,2.3
2026-08-21,2026-08-21T19:42:56,2026-08-28,Ireland Premier Division,St Patricks Athletic vs Waterford FC,over25,1.49
2026-08-21,2026-08-21T19:42:56,2026-08-28,Ireland Premier Division,St Patricks Athletic vs Waterford FC,over35,2.17
2026-08-21,2026-08-21T19:42:56,2026-08-28,Ireland Premier Division,St Patricks Athletic vs Waterford FC,under25,2.45
2026-08-21,2026-08-21T20:01:45,2026-08-22,Brazil Serie A,Internacional vs Atletico Mineiro,over25,2.04
2026-08-21,2026-08-21T20:01:45,2026-08-22,Brazil Serie A,Internacional vs Atletico Mineiro,under25,1.81
2026-08-21,2026-08-21T20:01:45,2026-08-23,Denmark Superliga,AGF Aarhus vs OB Odense BK,over25,1.65
2026-08-21,2026-08-21T20:01:45,2026-08-23,Denmark Superliga,AGF Aarhus vs OB Odense BK,under25,2.15
2026-08-21,2026-08-21T20:01:45,2026-08-23,Sweden Allsvenskan,Hammarby IF vs GAIS,over35,2.2
2026-08-21,2026-08-21T20:01:45,2026-08-23,Argentina Primera Division,River Plate vs Velez Sarsfield BA,over15,1.43
2026-08-21,2026-08-21T20:01:45,2026-08-28,Ireland Premier Division,Bohemians vs Sligo Rovers,over35,2.35
2026-08-21,2026-08-21T20:37:40,2026-08-23,Argentina Primera Division,Belgrano de Cordoba vs Defensa y Justicia,over15,1.55
2026-08-21,2026-08-21T20:37:40,2026-08-23,Sweden Allsvenskan,Hammarby IF vs GAIS,over35,2.12
2026-08-21,2026-08-21T20:37:40,2026-08-28,Ireland Premier Division,St Patricks Athletic vs Waterford FC,over25,1.48
2026-08-21,2026-08-21T20:37:40,2026-08-28,Ireland Premier Division,St Patricks Athletic vs Waterford FC,over35,2.29
2026-08-21,2026-08-21T21:01:30,2026-08-21,Argentina Primera Division,Estudiantes de Río Cuarto vs San Lorenzo,over25,3.55
2026-08-21,2026-08-21T21:01:30,2026-08-23,Sweden Allsvenskan,Hammarby IF vs GAIS,over35,2.2
2026-08-21,2026-08-21T21:01:30,2026-08-23,Mexico Liga MX,Puebla vs Santos Laguna,over25,1.57
2026-08-21,2026-08-21T21:01:30,2026-08-23,Mexico Liga MX,Puebla vs Santos Laguna,under25,2.14
2026-08-21,2026-08-21T21:36:23,2026-08-21,Argentina Primera Division,Estudiantes de Río Cuarto vs San Lorenzo,over15,1.81
2026-08-21,2026-08-21T21:36:23,2026-08-22,China Super League,Beijing FC vs Yunnan Yukun,over35,1.75
2026-08-21,2026-08-21T21:36:23,2026-08-22,USA MLS,CF Montreal vs LA Galaxy,over25,1.67
2026-08-21,2026-08-21T21:36:23,2026-08-22,USA MLS,CF Montreal vs LA Galaxy,under25,2.32
2026-08-21,2026-08-21T21:36:23,2026-08-22,USA MLS,Charlotte FC vs D.C. United,over35,2.48
2026-08-21,2026-08-21T21:36:23,2026-08-22,Mexico Liga MX,FC Juárez vs América,over25,1.68
2026-08-21,2026-08-21T21:36:23,2026-08-22,Mexico Liga MX,FC Juárez vs América,under25,2.06
2026-08-21,2026-08-21T21:36:23,2026-08-28,Ireland Premier Division,St Patricks Athletic vs Waterford FC,over25,1.49
2026-08-21,2026-08-21T21:36:23,2026-08-28,Ireland Premier Division,St Patricks Athletic vs Waterford FC,under25,2.42
2026-08-21,2026-08-21T21:59:11,2026-08-21,Argentina Primera Division,Estudiantes de Río Cuarto vs San Lorenzo,over15,1.8
2026-08-21,2026-08-21T21:59:11,2026-08-22,Mexico Liga MX,FC Juárez vs América,over25,1.67
2026-08-21,2026-08-21T21:59:11,2026-08-22,Mexico Liga MX,FC Juárez vs América,under25,2.08
2026-08-21,2026-08-21T22:36:07,2026-08-21,Argentina Primera Division,Estudiantes de Río Cuarto vs San Lorenzo,over15,1.82
2026-08-21,2026-08-21T22:36:07,2026-08-23,Argentina Primera Division,Atlético Huracán vs Deportivo Riestra,over25,3.25
2026-08-21,2026-08-21T22:36:07,2026-08-23,Argentina Primera Division,Atlético Huracán vs Deportivo Riestra,under25,1.32
2026-08-21,2026-08-21T23:00:21,2026-08-22,USA MLS,CF Montreal vs LA Galaxy,over25,1.66
2026-08-21,2026-08-21T23:00:21,2026-08-22,USA MLS,CF Montreal vs LA Galaxy,under25,2.33
2026-08-21,2026-08-21T23:00:21,2026-08-23,Brazil Serie A,Coritiba vs Corinthians,over15,1.57
2026-08-21,2026-08-21T23:00:21,2026-08-23,USA MLS,St. Louis City SC vs Houston Dynamo,over25,1.71
2026-08-21,2026-08-21T23:00:21,2026-08-23,USA MLS,St. Louis City SC vs Houston Dynamo,under25,2.08
2026-08-21,2026-08-21T23:35:16,2026-08-22,Mexico Liga MX,Tigres vs Atlante FC,over25,1.67
2026-08-21,2026-08-21T23:35:16,2026-08-22,Mexico Liga MX,Tigres vs Atlante FC,under25,2.0
2026-08-21,2026-08-21T23:35:16,2026-08-23,Denmark Superliga,FC Midtjylland vs Randers FC,over25,1.62
2026-08-21,2026-08-21T23:35:16,2026-08-23,Finland Veikkausliiga,HJK Helsinki vs IF Gnistan,over25,1.49
2026-08-22,2026-08-22T08:41:27,2026-08-22,China Super League,Beijing FC vs Yunnan Yukun,over25,1.27
2026-08-22,2026-08-22T08:41:27,2026-08-22,China Super League,Beijing FC vs Yunnan Yukun,over35,1.7
2026-08-22,2026-08-22T08:41:27,2026-08-22,China Super League,Beijing FC vs Yunnan Yukun,under25,3.45
2026-08-22,2026-08-22T08:41:27,2026-08-22,USA MLS,CF Montreal vs LA Galaxy,over35,2.38
2026-08-22,2026-08-22T08:41:27,2026-08-22,Japan J-League,Cerezo Osaka vs Shimizu S Pulse,over25,1.87
2026-08-22,2026-08-22T08:41:27,2026-08-22,Japan J-League,Cerezo Osaka vs Shimizu S Pulse,under25,1.95
2026-08-22,2026-08-22T08:41:27,2026-08-22,USA MLS,Charlotte FC vs D.C. United,over25,1.6
2026-08-22,2026-08-22T08:41:27,2026-08-22,USA MLS,Charlotte FC vs D.C. United,under25,2.3
2026-08-22,2026-08-22T08:41:27,2026-08-22,China Super League,Chengdu Rongcheng FC vs Shanghai Shenhua FC,over25,1.37
2026-08-22,2026-08-22T08:41:27,2026-08-22,China Super League,Chengdu Rongcheng FC vs Shanghai Shenhua FC,under25,2.85
2026-08-22,2026-08-22T08:41:27,2026-08-22,Brazil Serie A,Cruzeiro vs Flamengo,over25,1.89
2026-08-22,2026-08-22T08:41:27,2026-08-22,Brazil Serie A,Cruzeiro vs Flamengo,under25,1.78
2026-08-22,2026-08-22T08:41:27,2026-08-22,Japan J-League,Fagiano Okayama vs Tokyo Verdy,over15,1.43
2026-08-22,2026-08-22T08:41:27,2026-08-22,Japan J-League,Fagiano Okayama vs Tokyo Verdy,over25,2.38
2026-08-22,2026-08-22T08:41:27,2026-08-22,Japan J-League,Fagiano Okayama vs Tokyo Verdy,under25,1.52
2026-08-22,2026-08-22T08:41:27,2026-08-22,Brazil Serie A,Fluminense vs Remo,over25,1.76
2026-08-22,2026-08-22T08:41:27,2026-08-22,Brazil Serie A,Fluminense vs Remo,under25,2.11
2026-08-22,2026-08-22T08:41:27,2026-08-22,Mexico Liga MX,Guadalajara vs Tijuana,over25,1.62
2026-08-22,2026-08-22T08:41:27,2026-08-22,Japan J-League,Hiroshima Sanfrecce FC vs Kawasaki Frontale,over25,1.47
2026-08-22,2026-08-22T08:41:27,2026-08-22,Japan J-League,Hiroshima Sanfrecce FC vs Kawasaki Frontale,over35,2.22
2026-08-22,2026-08-22T08:41:27,2026-08-22,Japan J-League,Hiroshima Sanfrecce FC vs Kawasaki Frontale,under25,2.52
2026-08-22,2026-08-22T08:41:27,2026-08-22,Finland Veikkausliiga,Ilves Tampere vs VPS Vaasa,under25,2.15
2026-08-22,2026-08-22T08:41:27,2026-08-22,Brazil Serie A,Internacional vs Atletico Mineiro,over25,2.05
2026-08-22,2026-08-22T08:41:27,2026-08-22,Brazil Serie A,Internacional vs Atletico Mineiro,under25,1.8
2026-08-22,2026-08-22T08:41:27,2026-08-22,Japan J-League,Kyoto Purple Sanga vs Mito HollyHock,over25,2.02
2026-08-22,2026-08-22T08:41:27,2026-08-22,Japan J-League,Kyoto Purple Sanga vs Mito HollyHock,under25,1.72
2026-08-22,2026-08-22T08:41:27,2026-08-22,Japan J-League,Nagoya Grampus vs Gamba Osaka,over25,1.78
2026-08-22,2026-08-22T08:41:27,2026-08-22,Japan J-League,Nagoya Grampus vs Gamba Osaka,under25,2.05
2026-08-22,2026-08-22T08:41:27,2026-08-22,China Super League,Qingdao West Coast FC vs Shandong Luneng Taishan FC,over25,1.6
2026-08-22,2026-08-22T08:41:27,2026-08-22,China Super League,Qingdao West Coast FC vs Shandong Luneng Taishan FC,under25,2.2
2026-08-22,2026-08-22T08:41:27,2026-08-22,China Super League,Shenzhen Peng City FC vs Zhejiang,over25,1.48
2026-08-22,2026-08-22T08:41:27,2026-08-22,China Super League,Shenzhen Peng City FC vs Zhejiang,over35,2.25
2026-08-22,2026-08-22T08:41:27,2026-08-22,China Super League,Shenzhen Peng City FC vs Zhejiang,under25,2.48
2026-08-22,2026-08-22T08:41:27,2026-08-22,China Super League,Wuhan Three Towns vs Tianjin Jinmen Tiger FC,over25,1.73
2026-08-22,2026-08-22T08:41:27,2026-08-22,China Super League,Wuhan Three Towns vs Tianjin Jinmen Tiger FC,under25,2.07
2026-08-22,2026-08-22T08:41:27,2026-08-23,Argentina Primera Division,Atlético Huracán vs Deportivo Riestra,over15,1.74
2026-08-22,2026-08-22T08:41:27,2026-08-23,Argentina Primera Division,Belgrano de Cordoba vs Defensa y Justicia,over15,1.54
2026-08-22,2026-08-22T08:41:27,2026-08-23,Mexico Liga MX,Cruz Azul vs Atlas,over25,1.7
2026-08-22,2026-08-22T08:41:27,2026-08-23,Mexico Liga MX,Cruz Azul vs Atlas,under25,1.96
2026-08-22,2026-08-22T08:41:27,2026-08-23,Sweden Allsvenskan,Hammarby IF vs GAIS,over25,1.58
2026-08-22,2026-08-22T08:41:27,2026-08-23,Sweden Allsvenskan,Hammarby IF vs GAIS,over35,2.12
2026-08-22,2026-08-22T08:41:27,2026-08-23,Sweden Allsvenskan,Hammarby IF vs GAIS,under25,2.32
2026-08-22,2026-08-22T08:41:27,2026-08-23,China Super League,Liaoning Tieren FC vs Henan FC,over25,1.68
2026-08-22,2026-08-22T08:41:27,2026-08-23,China Super League,Liaoning Tieren FC vs Henan FC,under25,2.15
2026-08-22,2026-08-22T08:41:27,2026-08-23,USA MLS,Nashville SC vs Columbus Crew SC,over25,1.66
2026-08-22,2026-08-22T08:41:27,2026-08-23,USA MLS,Nashville SC vs Columbus Crew SC,under25,2.17
2026-08-22,2026-08-22T08:41:27,2026-08-23,USA MLS,Vancouver Whitecaps FC vs FC Dallas,over35,2.16
2026-08-22,2026-08-22T08:41:27,2026-08-23,Denmark Superliga,Viborg FF vs FC Copenhagen,over25,1.52
2026-08-22,2026-08-22T08:41:27,2026-08-23,Denmark Superliga,Viborg FF vs FC Copenhagen,under25,2.42
2026-08-22,2026-08-22T08:41:27,2026-08-28,Ireland Premier Division,Bohemians vs Sligo Rovers,over35,2.38
2026-08-22,2026-08-22T08:41:27,2026-08-29,Mexico Liga MX,Atlante FC vs León,over25,1.71
2026-08-22,2026-08-22T08:41:27,2026-08-29,Mexico Liga MX,Atlante FC vs León,under25,2.02
2026-08-22,2026-08-22T08:41:27,2026-08-29,Mexico Liga MX,Necaxa vs Cruz Azul,over25,1.56
2026-08-22,2026-08-22T08:41:27,2026-08-29,Mexico Liga MX,Necaxa vs Cruz Azul,under25,2.25
2026-08-22,2026-08-22T08:41:27,2026-08-29,Mexico Liga MX,Tijuana vs Pumas,over25,1.66
2026-08-22,2026-08-22T08:41:27,2026-08-29,Mexico Liga MX,Tijuana vs Pumas,under25,2.1
2026-08-22,2026-08-22T08:41:27,2026-08-29,Argentina Primera Division,Union Santa Fe vs Sarmiento de Junin,over25,2.13
2026-08-22,2026-08-22T08:41:27,2026-08-29,Argentina Primera Division,Union Santa Fe vs Sarmiento de Junin,under25,1.72
2026-08-22,2026-08-22T09:06:32,2026-08-22,China Super League,Beijing FC vs Yunnan Yukun,over25,1.26
2026-08-22,2026-08-22T09:06:32,2026-08-22,China Super League,Beijing FC vs Yunnan Yukun,under25,3.5
2026-08-22,2026-08-22T09:06:32,2026-08-22,Brazil Serie A,Fluminense vs Remo,over25,1.77
2026-08-22,2026-08-22T09:06:32,2026-08-22,Brazil Serie A,Fluminense vs Remo,under25,2.09
2026-08-22,2026-08-22T09:06:32,2026-08-22,Japan J-League,Hiroshima Sanfrecce FC vs Kawasaki Frontale,over35,2.21
2026-08-22,2026-08-22T09:06:32,2026-08-22,China Super League,Shenzhen Peng City FC vs Zhejiang,over25,1.47
2026-08-22,2026-08-22T09:06:32,2026-08-22,China Super League,Shenzhen Peng City FC vs Zhejiang,over35,2.2
2026-08-22,2026-08-22T09:06:32,2026-08-22,China Super League,Shenzhen Peng City FC vs Zhejiang,under25,2.52
2026-08-22,2026-08-22T09:06:32,2026-08-22,Japan J-League,Yokohama F Marinos vs Vissel Kobe,over25,2.17
2026-08-22,2026-08-22T09:06:32,2026-08-22,Japan J-League,Yokohama F Marinos vs Vissel Kobe,under25,1.7
2026-08-22,2026-08-22T09:06:32,2026-08-24,Sweden Allsvenskan,Malmo FF vs Djurgardens IF,over35,2.35
2026-08-22,2026-08-22T09:06:32,2026-08-25,Argentina Primera Division,Lanus vs Argentinos Juniors,over25,2.68
2026-08-22,2026-08-22T09:06:32,2026-08-25,Argentina Primera Division,Lanus vs Argentinos Juniors,under25,1.46
2026-08-22,2026-08-22T09:40:46,2026-08-22,China Super League,Beijing FC vs Yunnan Yukun,over35,1.69
2026-08-22,2026-08-22T09:40:46,2026-08-22,Japan J-League,Cerezo Osaka vs Shimizu S Pulse,over25,1.96
2026-08-22,2026-08-22T09:40:46,2026-08-22,Japan J-League,Cerezo Osaka vs Shimizu S Pulse,under25,1.85
2026-08-22,2026-08-22T09:40:46,2026-08-22,Brazil Serie A,Fluminense vs Remo,over25,1.81
2026-08-22,2026-08-22T09:40:46,2026-08-22,Brazil Serie A,Fluminense vs Remo,under25,2.04
2026-08-22,2026-08-22T09:40:46,2026-08-22,Japan J-League,Hiroshima Sanfrecce FC vs Kawasaki Frontale,over35,2.24
2026-08-22,2026-08-22T09:40:46,2026-08-22,China Super League,Shenzhen Peng City FC vs Zhejiang,over35,2.15
2026-08-22,2026-08-22T09:40:46,2026-08-23,Sweden Allsvenskan,Hammarby IF vs GAIS,over25,1.55
2026-08-22,2026-08-22T09:40:46,2026-08-23,Sweden Allsvenskan,Hammarby IF vs GAIS,over35,2.2
2026-08-22,2026-08-22T09:40:46,2026-08-23,Sweden Allsvenskan,Hammarby IF vs GAIS,under25,2.38
2026-08-22,2026-08-22T10:02:47,2026-08-22,Brazil Serie A,Fluminense vs Remo,over25,1.96
2026-08-22,2026-08-22T10:02:47,2026-08-22,Brazil Serie A,Fluminense vs Remo,under25,1.89
2026-08-22,2026-08-22T10:02:47,2026-08-22,Japan J-League,Hiroshima Sanfrecce FC vs Kawasaki Frontale,over35,2.21
2026-08-22,2026-08-22T10:02:47,2026-08-22,China Super League,Qingdao West Coast FC vs Shandong Luneng Taishan FC,over25,1.62
2026-08-22,2026-08-22T10:02:47,2026-08-22,China Super League,Qingdao West Coast FC vs Shandong Luneng Taishan FC,under25,2.15
2026-08-22,2026-08-22T10:02:47,2026-08-22,China Super League,Shenzhen Peng City FC vs Zhejiang,over25,1.45
2026-08-22,2026-08-22T10:02:47,2026-08-22,China Super League,Shenzhen Peng City FC vs Zhejiang,under25,2.58
2026-08-22,2026-08-22T10:02:47,2026-08-22,Japan J-League,Yokohama F Marinos vs Vissel Kobe,over25,2.1
2026-08-22,2026-08-22T10:02:47,2026-08-22,Japan J-League,Yokohama F Marinos vs Vissel Kobe,under25,1.75
2026-08-22,2026-08-22T10:02:47,2026-08-23,Denmark Superliga,Viborg FF vs FC Copenhagen,over25,1.55
2026-08-22,2026-08-22T10:02:47,2026-08-23,Denmark Superliga,Viborg FF vs FC Copenhagen,under25,2.38
2026-08-22,2026-08-22T10:37:10,2026-08-22,Brazil Serie A,Fluminense vs Remo,over25,1.98
2026-08-22,2026-08-22T10:37:10,2026-08-22,Brazil Serie A,Fluminense vs Remo,under25,1.86
2026-08-22,2026-08-22T10:37:10,2026-08-22,China Super League,Shenzhen Peng City FC vs Zhejiang,over35,2.13
2026-08-22,2026-08-22T10:37:10,2026-08-22,China Super League,Wuhan Three Towns vs Tianjin Jinmen Tiger FC,over25,1.76
2026-08-22,2026-08-22T10:37:10,2026-08-22,China Super League,Wuhan Three Towns vs Tianjin Jinmen Tiger FC,under25,2.03
2026-08-22,2026-08-22T10:37:10,2026-08-23,Argentina Primera Division,Atlético Huracán vs Deportivo Riestra,over25,3.35
2026-08-22,2026-08-22T10:37:10,2026-08-24,Brazil Serie A,Botafogo vs Atletico Paranaense,over25,2.05
2026-08-22,2026-08-22T10:37:10,2026-08-24,Brazil Serie A,Botafogo vs Atletico Paranaense,under25,1.8
2026-08-22,2026-08-22T11:00:34,2026-08-22,China Super League,Beijing FC vs Yunnan Yukun,over25,1.24
2026-08-22,2026-08-22T11:00:34,2026-08-22,China Super League,Beijing FC vs Yunnan Yukun,over35,1.64
2026-08-22,2026-08-22T11:00:34,2026-08-22,China Super League,Beijing FC vs Yunnan Yukun,under25,3.65
2026-08-22,2026-08-22T11:00:34,2026-08-22,Austrian Bundesliga,Rheindorf Altach vs Hartberg,over25,1.81
2026-08-22,2026-08-22T11:00:34,2026-08-22,Austrian Bundesliga,Rheindorf Altach vs Hartberg,under25,1.86
2026-08-22,2026-08-22T11:00:34,2026-08-22,China Super League,Shenzhen Peng City FC vs Zhejiang,over35,2.15
2026-08-22,2026-08-22T11:00:34,2026-08-29,Japan J-League,Gamba Osaka vs Hiroshima Sanfrecce FC,over25,1.75
2026-08-22,2026-08-22T11:00:34,2026-08-29,Japan J-League,Gamba Osaka vs Hiroshima Sanfrecce FC,under25,2.1
2026-08-22,2026-08-22T11:00:34,2026-08-29,Japan J-League,Kawasaki Frontale vs JEF United Chiba,over25,1.68
2026-08-22,2026-08-22T11:00:34,2026-08-29,Japan J-League,Kawasaki Frontale vs JEF United Chiba,under25,2.05
2026-08-22,2026-08-22T11:00:34,2026-08-29,Japan J-League,Kyoto Purple Sanga vs Avispa Fukuoka,over25,2.42
2026-08-22,2026-08-22T11:00:34,2026-08-29,Japan J-League,Kyoto Purple Sanga vs Avispa Fukuoka,under25,1.5
2026-08-22,2026-08-22T11:00:34,2026-08-29,Japan J-League,Nagoya Grampus vs Fagiano Okayama,over25,2.1
2026-08-22,2026-08-22T11:00:34,2026-08-29,Japan J-League,Nagoya Grampus vs Fagiano Okayama,under25,1.75
2026-08-22,2026-08-22T11:00:34,2026-08-29,Japan J-League,Shimizu S Pulse vs Kashiwa Reysol,over25,2.02
2026-08-22,2026-08-22T11:00:34,2026-08-29,Japan J-League,Shimizu S Pulse vs Kashiwa Reysol,under25,1.8
2026-08-22,2026-08-22T11:00:34,2026-08-29,Japan J-League,Tokyo Verdy vs Kashima Antlers,over25,2.3
2026-08-22,2026-08-22T11:00:34,2026-08-29,Japan J-League,Tokyo Verdy vs Kashima Antlers,under25,1.55
2026-08-22,2026-08-22T11:00:34,2026-08-29,Japan J-League,V-Varen Nagasaki vs FC Tokyo,over25,1.97
2026-08-22,2026-08-22T11:00:34,2026-08-29,Japan J-League,V-Varen Nagasaki vs FC Tokyo,under25,1.84
2026-08-22,2026-08-22T11:00:34,2026-08-29,Japan J-League,Vissel Kobe vs Cerezo Osaka,over25,1.78
2026-08-22,2026-08-22T11:00:34,2026-08-29,Japan J-League,Vissel Kobe vs Cerezo Osaka,under25,1.92
2026-08-22,2026-08-22T11:32:17,2026-08-22,China Super League,Beijing FC vs Yunnan Yukun,over25,1.23
2026-08-22,2026-08-22T11:32:17,2026-08-22,China Super League,Beijing FC vs Yunnan Yukun,under25,3.75
2026-08-22,2026-08-22T11:32:17,2026-08-22,Brazil Serie A,Fluminense vs Remo,over25,1.97
2026-08-22,2026-08-22T11:32:17,2026-08-22,Brazil Serie A,Fluminense vs Remo,under25,1.88
2026-08-22,2026-08-22T11:32:17,2026-08-22,Mexico Liga MX,Guadalajara vs Tijuana,over35,2.45
2026-08-22,2026-08-22T11:32:17,2026-08-22,China Super League,Qingdao West Coast FC vs Shandong Luneng Taishan FC,over25,1.7
2026-08-22,2026-08-22T11:32:17,2026-08-22,China Super League,Qingdao West Coast FC vs Shandong Luneng Taishan FC,under25,2.12
2026-08-22,2026-08-22T11:32:17,2026-08-22,China Super League,Shenzhen Peng City FC vs Zhejiang,over25,1.43
2026-08-22,2026-08-22T11:32:17,2026-08-22,China Super League,Shenzhen Peng City FC vs Zhejiang,over35,2.03
2026-08-22,2026-08-22T11:32:17,2026-08-22,China Super League,Shenzhen Peng City FC vs Zhejiang,under25,2.62
2026-08-22,2026-08-22T11:32:17,2026-08-23,Argentina Primera Division,Belgrano de Cordoba vs Defensa y Justicia,over25,2.39
2026-08-22,2026-08-22T11:32:17,2026-08-23,Argentina Primera Division,Belgrano de Cordoba vs Defensa y Justicia,under25,1.49
2026-08-22,2026-08-22T11:32:17,2026-08-23,Sweden Allsvenskan,Hammarby IF vs GAIS,over35,2.12
2026-08-22,2026-08-22T11:32:17,2026-08-29,Japan J-League,Kyoto Purple Sanga vs Avispa Fukuoka,under25,1.49
2026-08-22,2026-08-22T11:32:17,2026-08-29,Japan J-League,Vissel Kobe vs Cerezo Osaka,over25,1.75
2026-08-22,2026-08-22T11:32:17,2026-08-29,Japan J-League,Vissel Kobe vs Cerezo Osaka,under25,1.98
2026-08-22,2026-08-22T11:54:54,2026-08-22,China Super League,Beijing FC vs Yunnan Yukun,over25,1.22
2026-08-22,2026-08-22T11:54:54,2026-08-22,China Super League,Beijing FC vs Yunnan Yukun,over35,1.63
2026-08-22,2026-08-22T11:54:54,2026-08-22,China Super League,Beijing FC vs Yunnan Yukun,under25,3.9
2026-08-22,2026-08-22T11:54:54,2026-08-22,Brazil Serie A,Fluminense vs Remo,over25,1.98
2026-08-22,2026-08-22T11:54:54,2026-08-22,Brazil Serie A,Fluminense vs Remo,under25,1.86
2026-08-22,2026-08-22T11:54:54,2026-08-29,Japan J-League,Tokyo Verdy vs Kashima Antlers,over25,2.25
2026-08-22,2026-08-22T11:54:54,2026-08-29,Japan J-League,Tokyo Verdy vs Kashima Antlers,under25,1.58
2026-08-22,2026-08-22T11:54:54,2026-08-29,Japan J-League,V-Varen Nagasaki vs FC Tokyo,over25,1.99
2026-08-22,2026-08-22T11:54:54,2026-08-29,Japan J-League,V-Varen Nagasaki vs FC Tokyo,under25,1.85
2026-08-22,2026-08-22T12:42:05,2026-08-22,Mexico Liga MX,Guadalajara vs Tijuana,over25,1.65
2026-08-22,2026-08-22T12:42:05,2026-08-22,Sweden Allsvenskan,Örgryte IS vs Halmstads BK,over25,1.65
2026-08-22,2026-08-22T12:42:05,2026-08-22,Sweden Allsvenskan,Örgryte IS vs Halmstads BK,under25,2.07
2026-08-22,2026-08-22T12:42:05,2026-08-23,Argentina Primera Division,Atlético Huracán vs Deportivo Riestra,over25,3.25
2026-08-22,2026-08-22T12:42:05,2026-08-23,Finland Veikkausliiga,HJK Helsinki vs IF Gnistan,over25,1.46
2026-08-22,2026-08-22T12:42:05,2026-08-23,Finland Veikkausliiga,HJK Helsinki vs IF Gnistan,under25,2.62
2026-08-22,2026-08-22T12:42:05,2026-08-23,Sweden Allsvenskan,Hammarby IF vs GAIS,over35,2.16
2026-08-22,2026-08-22T12:42:05,2026-08-23,China Super League,Shanghai SIPG FC vs Qingdao Hainiu FC,over25,1.36
2026-08-22,2026-08-22T12:42:05,2026-08-23,China Super League,Shanghai SIPG FC vs Qingdao Hainiu FC,under25,2.85
2026-08-22,2026-08-22T12:42:05,2026-08-25,Argentina Primera Division,Talleres vs Rosario Central,over15,1.51
2026-08-22,2026-08-22T12:42:05,2026-08-29,China Super League,Tianjin Jinmen Tiger FC vs Qingdao West Coast FC,over25,1.89
2026-08-22,2026-08-22T12:42:05,2026-08-29,China Super League,Tianjin Jinmen Tiger FC vs Qingdao West Coast FC,under25,1.89
2026-08-22,2026-08-22T12:42:05,2026-08-29,China Super League,Zhejiang vs Yunnan Yukun,over25,1.32
2026-08-22,2026-08-22T12:42:05,2026-08-29,China Super League,Zhejiang vs Yunnan Yukun,over35,1.85
2026-08-22,2026-08-22T12:42:05,2026-08-29,China Super League,Zhejiang vs Yunnan Yukun,under25,3.1
2026-08-22,2026-08-22T13:21:45,2026-08-22,Brazil Serie A,Fluminense vs Remo,over25,2.02
2026-08-22,2026-08-22T13:21:45,2026-08-22,Brazil Serie A,Fluminense vs Remo,under25,1.83
2026-08-22,2026-08-22T13:21:45,2026-08-23,Brazil Serie A,Bragantino-SP vs Grêmio,over25,1.92
2026-08-22,2026-08-22T13:21:45,2026-08-23,Brazil Serie A,Chapecoense vs Sao Paulo,over25,2.06
2026-08-22,2026-08-22T13:21:45,2026-08-23,Brazil Serie A,Chapecoense vs Sao Paulo,under25,1.74
2026-08-22,2026-08-22T13:21:45,2026-08-23,Finland Veikkausliiga,HJK Helsinki vs IF Gnistan,over25,1.49
2026-08-22,2026-08-22T13:21:45,2026-08-23,Finland Veikkausliiga,HJK Helsinki vs IF Gnistan,under25,2.52
2026-08-22,2026-08-22T13:21:45,2026-08-23,Sweden Allsvenskan,Hammarby IF vs GAIS,over35,2.12
2026-08-22,2026-08-22T13:21:45,2026-08-25,Argentina Primera Division,Lanus vs Argentinos Juniors,over25,2.62
2026-08-22,2026-08-22T13:21:45,2026-08-25,Argentina Primera Division,Lanus vs Argentinos Juniors,under25,1.47
2026-08-22,2026-08-22T13:21:45,2026-08-28,China Super League,Shanghai Shenhua FC vs Shandong Luneng Taishan FC,over25,1.31
2026-08-22,2026-08-22T13:21:45,2026-08-28,China Super League,Shanghai Shenhua FC vs Shandong Luneng Taishan FC,over35,1.76
2026-08-22,2026-08-22T13:21:45,2026-08-28,China Super League,Shanghai Shenhua FC vs Shandong Luneng Taishan FC,under25,3.2
2026-08-22,2026-08-22T13:21:45,2026-08-29,Sweden Allsvenskan,IF Elfsborg vs Degerfors IF,over25,1.83
2026-08-22,2026-08-22T13:21:45,2026-08-29,Sweden Allsvenskan,IF Elfsborg vs Degerfors IF,under25,1.83
2026-08-22,2026-08-22T13:21:45,2026-08-29,China Super League,Zhejiang vs Yunnan Yukun,over25,1.34
2026-08-22,2026-08-22T13:21:45,2026-08-29,China Super League,Zhejiang vs Yunnan Yukun,over35,1.87
2026-08-22,2026-08-22T13:21:45,2026-08-29,China Super League,Zhejiang vs Yunnan Yukun,under25,3.0
2026-08-22,2026-08-22T13:51:54,2026-08-23,China Super League,Shanghai SIPG FC vs Qingdao Hainiu FC,over35,1.98
2026-08-22,2026-08-22T14:15:41,2026-08-23,Denmark Superliga,AC Horsens vs Lyngby,over25,1.92
2026-08-22,2026-08-22T14:15:41,2026-08-23,Denmark Superliga,AC Horsens vs Lyngby,under25,1.85
2026-08-22,2026-08-22T14:15:41,2026-08-23,Argentina Primera Division,Belgrano de Cordoba vs Defensa y Justicia,over15,1.53
2026-08-22,2026-08-22T14:15:41,2026-08-23,Denmark Superliga,Viborg FF vs FC Copenhagen,over25,1.53
2026-08-22,2026-08-22T14:15:41,2026-08-23,Denmark Superliga,Viborg FF vs FC Copenhagen,over35,2.35
2026-08-22,2026-08-22T14:15:41,2026-08-23,Denmark Superliga,Viborg FF vs FC Copenhagen,under25,2.29
2026-08-22,2026-08-22T14:15:41,2026-08-25,Argentina Primera Division,Talleres vs Rosario Central,over15,1.47
2026-08-22,2026-08-22T14:15:41,2026-08-25,Argentina Primera Division,Talleres vs Rosario Central,over25,2.5
2026-08-22,2026-08-22T14:15:41,2026-08-25,Argentina Primera Division,Talleres vs Rosario Central,under25,1.53
2026-08-22,2026-08-22T14:15:41,2026-08-29,Norway Eliteserien,Vålerenga vs Molde,over25,1.36
2026-08-22,2026-08-22T14:15:41,2026-08-29,Norway Eliteserien,Vålerenga vs Molde,over35,1.93
2026-08-22,2026-08-22T14:15:41,2026-08-29,Norway Eliteserien,Vålerenga vs Molde,under25,2.9
2026-08-22,2026-08-22T14:44:24,2026-08-22,Brazil Serie A,Fluminense vs Remo,over25,2.05
2026-08-22,2026-08-22T14:44:24,2026-08-22,Brazil Serie A,Fluminense vs Remo,under25,1.8
2026-08-22,2026-08-22T14:44:24,2026-08-22,Austrian Bundesliga,Rheindorf Altach vs Hartberg,over25,1.82
2026-08-22,2026-08-22T14:44:24,2026-08-23,Argentina Primera Division,Belgrano de Cordoba vs Defensa y Justicia,over25,2.34
2026-08-22,2026-08-22T14:44:24,2026-08-23,Argentina Primera Division,Belgrano de Cordoba vs Defensa y Justicia,under25,1.51
2026-08-22,2026-08-22T14:44:24,2026-08-23,Denmark Superliga,Viborg FF vs FC Copenhagen,over35,2.38
2026-08-22,2026-08-22T14:44:24,2026-08-29,Norway Eliteserien,Vålerenga vs Molde,over35,1.94
