signal_date,match_date,league,home_team,away_team,player_name,team,position,market,tier,model_prob,market_odds,ev,edge_rel,n_games,is_played,result,pnl,notes,resolved_date
2026-06-14,2026-06-14,World Cup,Germany,Curaçao,Kenji Gorré,Curaçao,F,sot,VALUABLE,0.371,3.7,0.3727,0.51,3,True,VOID,0.0,DNP (0 min),2026-06-15
2026-06-14,2026-06-14,World Cup,Germany,Curaçao,Jeremy Antonisse,Curaçao,F,sot,VALUABLE,0.351,3.75,0.3162,0.4479,5,True,LOSS,-1.0,,2026-06-15
2026-06-14,2026-06-14,World Cup,Germany,Curaçao,Tyrese Noslin,Curaçao,M,sot,VALUABLE,0.347,6.5,1.2555,1.5938,3,True,VOID,0.0,DNP (0 min),2026-06-15
2026-06-14,2026-06-14,World Cup,Germany,Curaçao,Tahith Chong,Curaçao,M,sot,VALUABLE,0.334,3.9,0.3026,0.4329,3,True,LOSS,-1.0,,2026-06-15
2026-06-14,2026-06-14,World Cup,Germany,Curaçao,Leandro Bacuna,Curaçao,M,sot,VALUABLE,0.282,7.0,0.974,1.2701,5,True,LOSS,-1.0,,2026-06-15
2026-06-14,2026-06-14,World Cup,Germany,Curaçao,Livano Comenencia,Curaçao,M,sot,VALUABLE,0.183,8.5,0.5555,0.7888,5,True,WIN,7.5,,2026-06-15
2026-06-17,2026-06-21,World Cup,Tunisia,Japan,Ali Abdi,Tunisia,D,sot,VALUABLE,0.195,6.0,0.17,0.3455,5,True,LOSS,-1.0,,2026-06-22
2026-06-17,2026-06-23,World Cup,Norway,Senegal,Ibrahim Mbaye,Senegal,F,goals,VALUABLE,0.357,5.0,0.785,0.9635,4,True,LOSS,-1.0,,2026-06-24
2026-06-18,2026-06-19,World Cup,Scotland,Morocco,Lawrence Shankland,Scotland,F,goals,VALUABLE,0.247,5.7,0.4079,0.6191,3,True,VOID,0.0,DNP (0 min),2026-06-20
2026-06-19,2026-06-20,World Cup,Germany,Ivory Coast,Leroy Sané,Germany,F,sot,VALUABLE,0.63,1.91,0.2033,0.2755,5,True,LOSS,-1.0,,2026-06-21
2026-06-20,2026-06-24,World Cup,Scotland,Brazil,Lawrence Shankland,Scotland,F,goals,VALUABLE,0.27,4.8,0.296,0.4256,3,True,LOSS,-1.0,,2026-06-25
2026-06-23,2026-06-25,World Cup,Tunisia,Netherlands,Cody Gakpo,Netherlands,F,sot,VALUABLE,0.95,1.26,0.197,0.2688,5,True,VOID,0.0,DNP,2026-06-26
2026-06-23,2026-06-23,World Cup,England,Ghana,Eberechi Eze,England,F,sot,VALUABLE,0.945,1.44,0.3608,0.4424,5,True,VOID,0.0,DNP,2026-06-24
2026-06-23,2026-06-23,World Cup,England,Ghana,Jude Bellingham,England,M,sot,MARKSMAN,0.943,1.45,0.3673,0.4494,5,True,VOID,0.0,DNP,2026-06-24
2026-06-23,2026-06-23,World Cup,Portugal,Uzbekistan,Bruno Fernandes,Portugal,M,sot,VALUABLE,0.938,1.37,0.2851,0.3622,5,True,WIN,0.37,,2026-06-24
2026-06-23,2026-06-25,World Cup,Tunisia,Netherlands,Tijjani Reijnders,Netherlands,M,sot,VALUABLE,0.922,1.6,0.4752,0.5637,5,True,VOID,0.0,DNP,2026-06-26
2026-06-23,2026-06-25,World Cup,Curaçao,Ivory Coast,Amad Diallo,Ivory Coast,M,sot,VALUABLE,0.912,1.31,0.1947,0.2664,5,True,VOID,0.0,DNP,2026-06-26
2026-06-23,2026-06-27,World Cup,Uruguay,Spain,Mikel Oyarzabal,Spain,F,sot,VALUABLE,0.872,1.32,0.151,0.2201,5,True,LOSS,-1.0,,2026-06-28
2026-06-23,2026-06-23,World Cup,England,Ghana,Anthony Gordon,England,F,sot,VALUABLE,0.854,1.4,0.1956,0.2673,5,True,VOID,0.0,DNP,2026-06-24
2026-06-23,2026-06-23,World Cup,England,Ghana,Bukayo Saka,England,F,sot,VALUABLE,0.847,1.45,0.2281,0.3018,5,True,VOID,0.0,DNP,2026-06-24
2026-06-23,2026-06-23,World Cup,England,Ghana,Morgan Rogers,England,F,sot,VALUABLE,0.838,1.4,0.1732,0.2436,5,True,VOID,0.0,DNP,2026-06-24
2026-06-23,2026-06-24,World Cup,Morocco,Haiti,Neil El Aynaoui,Morocco,M,sot,VALUABLE,0.826,2.15,0.7759,0.8825,5,True,WIN,1.15,,2026-06-25
2026-06-23,2026-06-24,World Cup,Switzerland,Canada,Dan Ndoye,Switzerland,M,sot,MARKSMAN,0.822,1.6,0.3152,0.3941,5,True,LOSS,-1.0,,2026-06-25
2026-06-23,2026-06-23,World Cup,England,Ghana,Harry Kane,England,F,goals,VALUABLE,0.821,2.24,0.839,0.9494,5,True,VOID,0.0,DNP,2026-06-24
2026-06-23,2026-06-23,World Cup,Portugal,Uzbekistan,Francisco Conceição,Portugal,F,sot,VALUABLE,0.819,1.55,0.2694,0.3456,5,True,LOSS,-1.0,,2026-06-24
2026-06-23,2026-06-25,World Cup,Japan,Sweden,Keito Nakamura,Japan,F,sot,VALUABLE,0.819,1.43,0.1712,0.2414,5,True,WIN,0.43,,2026-06-26
2026-06-23,2026-06-23,World Cup,Portugal,Uzbekistan,Pedro Neto,Portugal,F,sot,VALUABLE,0.801,1.55,0.2416,0.316,5,True,LOSS,-1.0,,2026-06-24
2026-06-23,2026-06-27,World Cup,Uruguay,Spain,Lamine Yamal,Spain,M,goals,VALUABLE,0.79,2.5,0.975,1.0935,5,True,LOSS,-1.0,,2026-06-28
2026-06-23,2026-06-23,World Cup,England,Ghana,Declan Rice,England,M,sot,VALUABLE,0.789,2.3,0.8147,0.9236,5,True,VOID,0.0,DNP,2026-06-24
2026-06-23,2026-06-25,World Cup,Ecuador,Germany,Leroy Sané,Germany,F,sot,VALUABLE,0.788,1.6,0.2608,0.3364,5,True,VOID,0.0,DNP,2026-06-26
2026-06-23,2026-06-25,World Cup,Ecuador,Germany,Deniz Undav,Germany,F,goals,VALUABLE,0.764,2.85,1.1774,1.308,5,True,VOID,0.0,DNP,2026-06-26
2026-06-23,2026-06-23,World Cup,Portugal,Uzbekistan,Cristiano Ronaldo,Portugal,F,goals,VALUABLE,0.761,2.28,0.7351,0.8392,5,True,WIN,1.28,,2026-06-24
2026-06-23,2026-06-23,World Cup,Panama,Croatia,Toni Fruk,Croatia,M,sot,VALUABLE,0.758,1.55,0.1749,0.2454,3,True,VOID,0.0,DNP (0 min),2026-06-24
2026-06-23,2026-06-24,World Cup,Switzerland,Canada,Breel Embolo,Switzerland,F,sot,VALUABLE,0.754,1.53,0.1536,0.2228,5,True,WIN,0.53,,2026-06-25
2026-06-23,2026-06-24,World Cup,Scotland,Brazil,Bruno Guimarães,Brazil,M,sot,VALUABLE,0.745,2.7,1.0115,1.1322,5,True,LOSS,-1.0,,2026-06-25
2026-06-23,2026-06-23,World Cup,England,Ghana,Eberechi Eze,England,M,goals,VALUABLE,0.715,3.6,1.574,1.8314,5,True,VOID,0.0,DNP,2026-06-24
2026-06-23,2026-06-25,World Cup,Ecuador,Germany,Nadiem Amiri,Germany,M,sot,VALUABLE,0.714,2.45,0.7493,0.8543,5,True,VOID,0.0,DNP,2026-06-26
2026-06-23,2026-06-23,World Cup,Portugal,Uzbekistan,Bernardo Silva,Portugal,F,sot,VALUABLE,0.706,1.8,0.2708,0.347,5,True,LOSS,-1.0,,2026-06-24
2026-06-23,2026-06-24,World Cup,Bosnia & Herzegovina,Qatar,Esmir Bajraktarević,Bosnia & Herzegovina,F,sot,VALUABLE,0.704,1.67,0.1757,0.2462,5,True,WIN,0.67,,2026-06-25
2026-06-23,2026-06-25,World Cup,Tunisia,Netherlands,Virgil van Dijk,Netherlands,D,sot,VALUABLE,0.703,2.6,0.8278,0.9375,5,True,VOID,0.0,DNP,2026-06-26
2026-06-23,2026-06-24,World Cup,Switzerland,Canada,Granit Xhaka,Switzerland,M,sot,VALUABLE,0.69,2.4,0.656,0.7554,5,True,LOSS,-1.0,,2026-06-25
2026-06-23,2026-06-25,World Cup,Ecuador,Germany,Enner Valencia,Ecuador,F,goals,VALUABLE,0.685,3.1,1.1235,1.3359,5,True,VOID,0.0,DNP,2026-06-26
2026-06-23,2026-06-24,World Cup,Switzerland,Canada,Johan Manzambi,Switzerland,M,sot,VALUABLE,0.683,1.85,0.2636,0.3394,5,True,WIN,0.85,,2026-06-25
2026-06-23,2026-06-25,World Cup,Curaçao,Ivory Coast,Evann Guessand,Ivory Coast,F,goals,VALUABLE,0.673,1.91,0.2854,0.3626,5,True,VOID,0.0,DNP,2026-06-26
2026-06-23,2026-06-25,World Cup,Tunisia,Netherlands,Crysencio Summerville,Netherlands,F,goals,VALUABLE,0.668,2.6,0.7368,0.841,4,True,VOID,0.0,DNP,2026-06-26
2026-06-23,2026-06-23,World Cup,Portugal,Uzbekistan,Renato Veiga,Portugal,M,sot,VALUABLE,0.666,3.25,1.1645,1.3809,5,True,LOSS,-1.0,,2026-06-24
2026-06-23,2026-06-25,World Cup,Curaçao,Ivory Coast,Guéla Doué,Ivory Coast,D,sot,VALUABLE,0.665,2.35,0.5628,0.6565,5,True,VOID,0.0,DNP,2026-06-26
2026-06-23,2026-06-25,World Cup,Tunisia,Netherlands,Tijjani Reijnders,Netherlands,M,goals,VALUABLE,0.661,3.25,1.1482,1.3631,5,True,VOID,0.0,DNP,2026-06-26
2026-06-23,2026-06-24,World Cup,Switzerland,Canada,Rubén Vargas,Switzerland,F,sot,VALUABLE,0.659,1.76,0.1598,0.2294,5,True,WIN,0.76,,2026-06-25
2026-06-23,2026-06-25,World Cup,Ecuador,Germany,Jamie Leweling,Germany,F,sot,VALUABLE,0.657,1.83,0.2023,0.2744,5,True,VOID,0.0,DNP,2026-06-26
2026-06-23,2026-06-25,World Cup,Tunisia,Netherlands,Cody Gakpo,Netherlands,F,goals,VALUABLE,0.656,1.87,0.2267,0.3003,5,True,VOID,0.0,DNP,2026-06-26
2026-06-23,2026-06-25,World Cup,Tunisia,Netherlands,Virgil van Dijk,Netherlands,D,goals,VALUABLE,0.653,4.75,2.1018,2.4119,5,True,VOID,0.0,DNP,2026-06-26
2026-06-23,2026-06-23,World Cup,England,Ghana,Jude Bellingham,England,M,goals,VALUABLE,0.653,3.17,1.07,1.277,5,True,VOID,0.0,DNP,2026-06-24
2026-06-23,2026-06-23,World Cup,Panama,Croatia,Mario Pašalić,Croatia,M,sot,VALUABLE,0.652,1.9,0.2388,0.3131,5,True,VOID,0.0,DNP (0 min),2026-06-24
2026-06-23,2026-06-24,World Cup,Morocco,Haiti,Ismael Saibari,Morocco,F,goals,VALUABLE,0.651,2.17,0.4127,0.4974,5,True,WIN,1.17,,2026-06-25
2026-06-23,2026-06-24,World Cup,Switzerland,Canada,Dan Ndoye,Switzerland,F,goals,VALUABLE,0.651,4.1,1.6691,1.936,5,True,LOSS,-1.0,,2026-06-25
2026-06-23,2026-06-23,World Cup,Portugal,Uzbekistan,Rafael Leão,Portugal,F,goals,VALUABLE,0.649,2.7,0.7523,0.8574,5,True,WIN,1.7,,2026-06-24
2026-06-23,2026-06-25,World Cup,Tunisia,Netherlands,Memphis Depay,Netherlands,F,goals,VALUABLE,0.649,1.87,0.2136,0.2864,5,True,VOID,0.0,DNP,2026-06-26
2026-06-23,2026-06-25,World Cup,Curaçao,Ivory Coast,Bazoumana Touré,Ivory Coast,F,goals,VALUABLE,0.643,3.0,0.929,1.0447,5,True,VOID,0.0,DNP,2026-06-26
2026-06-23,2026-06-23,World Cup,Portugal,Uzbekistan,Gonçalo Guedes,Portugal,F,goals,VALUABLE,0.643,2.1,0.3503,0.4313,5,True,VOID,0.0,DNP (0 min),2026-06-24
2026-06-23,2026-06-25,World Cup,Curaçao,Ivory Coast,Amad Diallo,Ivory Coast,M,goals,VALUABLE,0.642,2.1,0.3482,0.4291,5,True,VOID,0.0,DNP,2026-06-26
2026-06-23,2026-06-25,World Cup,Curaçao,Ivory Coast,Nicolas Pépé,Ivory Coast,F,goals,MARKSMAN,0.641,2.3,0.4743,0.5628,5,True,VOID,0.0,DNP,2026-06-26
2026-06-23,2026-06-25,World Cup,Tunisia,Netherlands,Justin Kluivert,Netherlands,F,goals,VALUABLE,0.64,2.75,0.76,0.8656,5,True,VOID,0.0,DNP,2026-06-26
2026-06-23,2026-06-25,World Cup,Tunisia,Netherlands,Brian Brobbey,Netherlands,F,goals,VALUABLE,0.639,1.91,0.2205,0.2937,5,True,VOID,0.0,DNP,2026-06-26
2026-06-23,2026-06-26,World Cup,Senegal,Iraq,Ismaïla Sarr,Senegal,M,goals,VALUABLE,0.638,2.38,0.5184,0.6095,5,True,WIN,1.38,,2026-06-27
2026-06-23,2026-06-23,World Cup,Portugal,Uzbekistan,Bruno Fernandes,Portugal,M,goals,VALUABLE,0.637,2.7,0.7199,0.8231,5,True,LOSS,-1.0,,2026-06-24
2026-06-23,2026-06-25,World Cup,Curaçao,Ivory Coast,Simon Adingra,Ivory Coast,F,goals,VALUABLE,0.637,2.5,0.5925,0.688,5,True,VOID,0.0,DNP,2026-06-26
2026-06-23,2026-06-25,World Cup,Curaçao,Ivory Coast,Ange-Yoan Bonny,Ivory Coast,F,goals,VALUABLE,0.637,2.02,0.2867,0.3639,5,True,VOID,0.0,DNP,2026-06-26
2026-06-23,2026-06-23,World Cup,England,Ghana,Marcus Rashford,England,M,goals,VALUABLE,0.636,2.99,0.9016,1.0157,5,True,VOID,0.0,DNP,2026-06-24
2026-06-23,2026-06-24,World Cup,Morocco,Haiti,Ayoub El Kaabi,Morocco,F,goals,MARKSMAN,0.635,2.1,0.3335,0.4135,5,True,LOSS,-1.0,,2026-06-25
2026-06-23,2026-06-25,World Cup,Japan,Sweden,Ritsu Doan,Japan,F,sot,VALUABLE,0.633,1.9,0.2027,0.2749,5,True,VOID,0.0,DNP,2026-06-26
2026-06-23,2026-06-23,World Cup,England,Ghana,Bukayo Saka,England,M,goals,VALUABLE,0.632,2.75,0.738,0.8423,5,True,VOID,0.0,DNP,2026-06-24
2026-06-23,2026-06-26,World Cup,Senegal,Iraq,Sadio Mané,Senegal,M,goals,VALUABLE,0.629,2.25,0.4152,0.5002,5,True,LOSS,-1.0,,2026-06-27
2026-06-23,2026-06-26,World Cup,Norway,France,Kylian Mbappé,France,F,goals,VALUABLE,0.628,2.05,0.2874,0.3646,5,True,LOSS,-1.0,,2026-06-27
2026-06-23,2026-06-26,World Cup,Senegal,Iraq,Nicolas Jackson,Senegal,F,goals,VALUABLE,0.628,1.95,0.2246,0.2981,5,True,LOSS,-1.0,,2026-06-27
2026-06-23,2026-06-25,World Cup,Curaçao,Ivory Coast,Franck Kessié,Ivory Coast,M,goals,VALUABLE,0.628,3.5,1.198,1.4178,5,True,VOID,0.0,DNP,2026-06-26
2026-06-23,2026-06-25,World Cup,Ecuador,Germany,Felix Nmecha,Germany,M,sot,VALUABLE,0.627,2.6,0.6302,0.728,5,True,VOID,0.0,DNP,2026-06-26
2026-06-23,2026-06-23,World Cup,England,Ghana,Declan Rice,England,M,goals,VALUABLE,0.627,5.72,2.5864,3.1244,5,True,VOID,0.0,DNP,2026-06-24
2026-06-23,2026-06-23,World Cup,Portugal,Uzbekistan,Francisco Trincão,Portugal,M,goals,VALUABLE,0.627,2.7,0.6929,0.7945,4,True,LOSS,-1.0,,2026-06-24
2026-06-23,2026-06-23,World Cup,Portugal,Uzbekistan,Pedro Neto,Portugal,M,goals,VALUABLE,0.626,3.38,1.1159,1.3275,5,True,LOSS,-1.0,,2026-06-24
2026-06-23,2026-06-24,World Cup,Morocco,Haiti,Soufiane Rahimi,Morocco,F,goals,VALUABLE,0.626,2.3,0.4398,0.5262,5,True,WIN,1.3,,2026-06-25
2026-06-23,2026-06-23,World Cup,England,Ghana,Anthony Gordon,England,M,goals,VALUABLE,0.624,3.37,1.1029,1.3132,5,True,VOID,0.0,DNP,2026-06-24
2026-06-23,2026-06-24,World Cup,Morocco,Haiti,Neil El Aynaoui,Morocco,M,goals,VALUABLE,0.622,4.2,1.6124,1.8736,5,True,LOSS,-1.0,,2026-06-25
2026-06-23,2026-06-24,World Cup,Bosnia & Herzegovina,Qatar,Armin Gigović,Bosnia & Herzegovina,M,sot,VALUABLE,0.621,2.25,0.3973,0.4811,5,True,VOID,0.0,DNP (0 min),2026-06-25
2026-06-23,2026-06-23,World Cup,Portugal,Uzbekistan,Francisco Conceição,Portugal,M,goals,MARKSMAN,0.621,3.35,1.0804,1.2884,5,True,LOSS,-1.0,,2026-06-24
2026-06-23,2026-06-25,World Cup,Curaçao,Ivory Coast,Guéla Doué,Ivory Coast,D,goals,VALUABLE,0.62,7.0,3.34,3.991,5,True,VOID,0.0,DNP,2026-06-26
2026-06-23,2026-06-23,World Cup,Portugal,Uzbekistan,Renato Veiga,Portugal,M,goals,VALUABLE,0.62,8.5,4.27,5.0605,5,True,LOSS,-1.0,,2026-06-24
2026-06-23,2026-06-24,World Cup,Morocco,Haiti,Brahim Díaz,Morocco,M,goals,VALUABLE,0.615,2.36,0.4514,0.5385,5,True,LOSS,-1.0,,2026-06-25
2026-06-23,2026-06-24,World Cup,Scotland,Brazil,Lawrence Shankland,Scotland,F,sot,VALUABLE,0.608,2.45,0.4896,0.579,3,True,LOSS,-1.0,,2026-06-25
2026-06-23,2026-06-24,World Cup,Scotland,Brazil,Vinícius Júnior,Brazil,M,goals,VALUABLE,0.606,2.44,0.4786,0.5674,5,True,WIN,1.44,,2026-06-25
2026-06-23,2026-06-25,World Cup,South Africa,South Korea,Hwang In-beom,South Korea,M,sot,VALUABLE,0.604,2.45,0.4798,0.5686,5,True,LOSS,-1.0,,2026-06-26
2026-06-23,2026-06-27,World Cup,Uruguay,Spain,Mikel Oyarzabal,Spain,F,goals,VALUABLE,0.603,2.25,0.3567,0.4382,5,True,LOSS,-1.0,,2026-06-28
2026-06-23,2026-06-23,World Cup,Panama,Croatia,Ante Budimir,Croatia,F,goals,VALUABLE,0.601,2.43,0.4604,0.5481,5,True,VOID,0.0,DNP (0 min),2026-06-24
2026-06-23,2026-06-26,World Cup,Senegal,Iraq,Assane Diao,Senegal,F,goals,VALUABLE,0.595,2.2,0.309,0.3875,5,True,LOSS,-1.0,,2026-06-27
2026-06-23,2026-06-24,World Cup,Bosnia & Herzegovina,Qatar,Ermedin Demirović,Bosnia & Herzegovina,F,goals,VALUABLE,0.594,2.75,0.6335,0.7315,5,True,LOSS,-1.0,,2026-06-25
2026-06-23,2026-06-24,World Cup,Scotland,Brazil,Bruno Guimarães,Brazil,M,goals,VALUABLE,0.591,8.1,3.7871,4.5052,5,True,LOSS,-1.0,,2026-06-25
2026-06-23,2026-06-24,World Cup,Switzerland,Canada,Jayden Nelson,Canada,F,sot,VALUABLE,0.588,2.15,0.2642,0.3401,3,True,VOID,0.0,DNP (0 min),2026-06-25
2026-06-23,2026-06-26,World Cup,Senegal,Iraq,Ibrahim Mbaye,Senegal,F,goals,VALUABLE,0.586,3.1,0.8166,0.9983,5,True,LOSS,-1.0,,2026-06-27
2026-06-23,2026-06-26,World Cup,Norway,France,Michael Olise,France,M,goals,MARKSMAN,0.581,3.25,0.8882,1.0771,5,True,LOSS,-1.0,,2026-06-27
2026-06-23,2026-06-26,World Cup,Senegal,Iraq,Cherif Ndiaye,Senegal,F,goals,VALUABLE,0.58,2.15,0.247,0.3218,4,True,VOID,0.0,DNP (0 min),2026-06-27
2026-06-23,2026-06-24,World Cup,Bosnia & Herzegovina,Qatar,Edin Džeko,Bosnia & Herzegovina,F,goals,VALUABLE,0.58,2.22,0.2876,0.3649,5,True,LOSS,-1.0,,2026-06-25
2026-06-23,2026-06-24,World Cup,Scotland,Brazil,Matheus Cunha,Brazil,F,goals,VALUABLE,0.579,3.06,0.7717,0.9489,5,True,WIN,2.06,,2026-06-25
2026-06-23,2026-06-26,World Cup,Senegal,Iraq,Habib Diarra,Senegal,F,goals,VALUABLE,0.576,2.9,0.6704,0.7706,5,True,WIN,1.9,,2026-06-27
2026-06-23,2026-06-23,World Cup,Panama,Croatia,Petar Musa,Croatia,F,goals,VALUABLE,0.574,2.63,0.5096,0.6002,3,True,LOSS,-1.0,,2026-06-24
2026-06-23,2026-06-23,World Cup,Panama,Croatia,Kristijan Jakić,Croatia,M,sot,VALUABLE,0.572,2.9,0.6588,0.7583,5,True,VOID,0.0,DNP (0 min),2026-06-24
2026-06-23,2026-06-25,World Cup,Japan,Sweden,Ayase Ueda,Japan,F,goals,MARKSMAN,0.571,2.7,0.5417,0.6342,5,True,VOID,0.0,DNP,2026-06-26
2026-06-23,2026-06-23,World Cup,Panama,Croatia,Ivan Perišić,Croatia,M,goals,VALUABLE,0.569,4.12,1.3443,1.5787,5,True,LOSS,-1.0,,2026-06-24
2026-06-23,2026-06-25,World Cup,Ecuador,Germany,Gonzalo Plata,Ecuador,F,goals,VALUABLE,0.569,5.5,2.1295,2.5989,5,True,VOID,0.0,DNP,2026-06-26
2026-06-23,2026-06-24,World Cup,Scotland,Brazil,Gabriel Martinelli,Brazil,F,goals,VALUABLE,0.568,3.25,0.846,1.0306,5,True,LOSS,-1.0,,2026-06-25
2026-06-23,2026-06-23,World Cup,Panama,Croatia,Joško Gvardiol,Croatia,D,sot,VALUABLE,0.567,2.9,0.6443,0.743,5,True,LOSS,-1.0,,2026-06-24
2026-06-23,2026-06-23,World Cup,Panama,Croatia,Andrej Kramarić,Croatia,F,goals,VALUABLE,0.567,2.55,0.4458,0.5326,5,True,VOID,0.0,DNP (0 min),2026-06-24
2026-06-23,2026-06-24,World Cup,Switzerland,Canada,Nathan-Dylan Saliba,Canada,M,sot,VALUABLE,0.567,2.9,0.6443,0.743,4,True,LOSS,-1.0,,2026-06-25
2026-06-23,2026-06-25,World Cup,Japan,Sweden,Keito Nakamura,Japan,M,goals,VALUABLE,0.566,4.0,1.264,1.4904,5,True,LOSS,-1.0,,2026-06-26
2026-06-23,2026-06-25,World Cup,Ecuador,Germany,Leroy Sané,Germany,M,goals,VALUABLE,0.564,3.75,1.115,1.3265,5,True,VOID,0.0,DNP,2026-06-26
2026-06-23,2026-06-24,World Cup,Scotland,Brazil,Lucas Paquetá,Brazil,M,goals,VALUABLE,0.562,4.17,1.3435,1.5779,5,True,LOSS,-1.0,,2026-06-25
2026-06-23,2026-06-23,World Cup,Panama,Croatia,Toni Fruk,Croatia,M,goals,VALUABLE,0.561,2.75,0.5428,0.6353,3,True,VOID,0.0,DNP (0 min),2026-06-24
2026-06-23,2026-06-23,World Cup,Panama,Croatia,Luka Vušković,Croatia,D,sot,VALUABLE,0.561,3.2,0.7952,0.9747,3,True,VOID,0.0,DNP (0 min),2026-06-24
2026-06-23,2026-06-24,World Cup,Scotland,Brazil,Scott McTominay,Scotland,F,sot,VALUABLE,0.558,2.1,0.1718,0.2421,5,True,WIN,1.1,,2026-06-25
2026-06-23,2026-06-24,World Cup,Bosnia & Herzegovina,Qatar,Esmir Bajraktarević,Bosnia & Herzegovina,F,goals,VALUABLE,0.557,4.2,1.3394,1.5733,5,True,LOSS,-1.0,,2026-06-25
2026-06-23,2026-06-27,World Cup,Uruguay,Spain,Dani Olmo,Spain,F,goals,VALUABLE,0.556,3.3,0.8348,1.0183,5,True,LOSS,-1.0,,2026-06-28
2026-06-23,2026-06-25,World Cup,Ecuador,Germany,Nico Schlotterbeck,Germany,D,sot,VALUABLE,0.555,3.8,1.109,1.3199,5,True,VOID,0.0,DNP,2026-06-26
2026-06-23,2026-06-25,World Cup,Japan,Sweden,Viktor Gyökeres,Sweden,F,goals,VALUABLE,0.554,3.0,0.662,0.7617,5,True,VOID,0.0,DNP,2026-06-26
2026-06-23,2026-06-24,World Cup,Bosnia & Herzegovina,Qatar,Haris Tabaković,Bosnia & Herzegovina,F,goals,VALUABLE,0.552,2.1,0.1592,0.2288,5,True,VOID,0.0,DNP (0 min),2026-06-25
2026-06-23,2026-06-23,World Cup,Panama,Croatia,Igor Matanović,Croatia,F,goals,VALUABLE,0.551,3.2,0.7632,0.9395,4,True,VOID,0.0,DNP (0 min),2026-06-24
2026-06-23,2026-06-24,World Cup,Switzerland,Canada,Breel Embolo,Switzerland,F,goals,VALUABLE,0.55,2.9,0.595,0.6907,5,True,LOSS,-1.0,,2026-06-25
2026-06-23,2026-06-24,World Cup,Bosnia & Herzegovina,Qatar,Kerim Alajbegović,Bosnia & Herzegovina,F,goals,VALUABLE,0.55,3.51,0.9305,1.1236,5,True,WIN,2.51,,2026-06-25
2026-06-23,2026-06-25,World Cup,Ecuador,Germany,Nadiem Amiri,Germany,M,goals,VALUABLE,0.549,5.5,2.0195,2.4724,5,True,VOID,0.0,DNP,2026-06-26
2026-06-23,2026-06-24,World Cup,Bosnia & Herzegovina,Qatar,Armin Gigović,Bosnia & Herzegovina,M,goals,VALUABLE,0.549,5.0,1.745,2.0195,5,True,VOID,0.0,DNP (0 min),2026-06-25
2026-06-23,2026-06-25,World Cup,Ecuador,Germany,Anthony Valencia,Ecuador,F,sot,VALUABLE,0.547,2.25,0.2308,0.3046,3,True,VOID,0.0,DNP,2026-06-26
2026-06-23,2026-06-26,World Cup,Norway,France,Jean-Philippe Mateta,France,F,goals,VALUABLE,0.547,2.62,0.4331,0.5191,5,True,LOSS,-1.0,,2026-06-27
2026-06-23,2026-06-25,World Cup,Ecuador,Germany,Florian Wirtz,Germany,F,goals,VALUABLE,0.546,3.7,1.0202,1.2222,5,True,VOID,0.0,DNP,2026-06-26
2026-06-23,2026-06-23,World Cup,Panama,Croatia,Nikola Vlašić,Croatia,M,goals,VALUABLE,0.546,3.4,0.8564,1.042,5,True,VOID,0.0,DNP (0 min),2026-06-24
2026-06-23,2026-06-27,World Cup,Uruguay,Spain,Nico Williams,Spain,F,goals,VALUABLE,0.545,3.3,0.7985,0.9784,5,True,LOSS,-1.0,,2026-06-28
2026-06-23,2026-06-25,World Cup,Ecuador,Germany,Kai Havertz,Germany,F,goals,VALUABLE,0.544,2.9,0.5776,0.6723,5,True,VOID,0.0,DNP,2026-06-26
2026-06-23,2026-06-23,World Cup,Panama,Croatia,Mario Pašalić,Croatia,M,goals,VALUABLE,0.543,5.8,2.1494,2.6218,5,True,VOID,0.0,DNP (0 min),2026-06-24
2026-06-23,2026-06-23,World Cup,Panama,Croatia,Martin Baturina,Croatia,F,goals,VALUABLE,0.541,4.5,1.4345,1.678,4,True,LOSS,-1.0,,2026-06-24
2026-06-23,2026-06-25,World Cup,Ecuador,Germany,Pervis Estupiñán,Ecuador,M,sot,VALUABLE,0.54,3.0,0.62,0.7172,5,True,VOID,0.0,DNP,2026-06-26
2026-06-23,2026-06-27,World Cup,Uruguay,Spain,Alejandro Baena,Spain,F,goals,MARKSMAN,0.539,3.5,0.8865,1.0752,5,True,VOID,0.0,DNP (0 min),2026-06-28
2026-06-23,2026-06-23,World Cup,Panama,Croatia,José Luis Rodríguez,Panama,F,sot,VALUABLE,0.537,2.25,0.2083,0.2807,4,True,LOSS,-1.0,,2026-06-24
2026-06-23,2026-06-23,World Cup,Panama,Croatia,Kristijan Jakić,Croatia,M,goals,VALUABLE,0.537,7.0,2.759,3.3229,5,True,VOID,0.0,DNP (0 min),2026-06-24
2026-06-23,2026-06-23,World Cup,Panama,Croatia,Luka Modrić,Croatia,M,goals,VALUABLE,0.537,4.81,1.583,1.8413,5,True,LOSS,-1.0,,2026-06-24
2026-06-23,2026-06-23,World Cup,Panama,Croatia,Luka Vušković,Croatia,D,goals,VALUABLE,0.535,10.0,4.35,5.1525,3,True,VOID,0.0,DNP (0 min),2026-06-24
2026-06-23,2026-06-25,World Cup,Ecuador,Germany,Nathaniel Brown,Germany,D,sot,VALUABLE,0.53,3.5,0.855,1.0405,5,True,VOID,0.0,DNP,2026-06-26
2026-06-23,2026-06-26,World Cup,Norway,France,Marcus Thuram,France,F,goals,VALUABLE,0.53,2.75,0.4575,0.545,5,True,VOID,0.0,DNP (0 min),2026-06-27
2026-06-23,2026-06-25,World Cup,Ecuador,Germany,Jamal Musiala,Germany,M,goals,VALUABLE,0.529,3.7,0.9573,1.153,5,True,VOID,0.0,DNP,2026-06-26
2026-06-23,2026-06-25,World Cup,Japan,Sweden,Yasin Ayari,Sweden,M,sot,VALUABLE,0.529,2.25,0.1903,0.2617,5,True,VOID,0.0,DNP,2026-06-26
2026-06-23,2026-06-25,World Cup,Ecuador,Germany,Maximilian Beier,Germany,F,goals,VALUABLE,0.529,3.7,0.9573,1.153,5,True,VOID,0.0,DNP,2026-06-26
2026-06-23,2026-06-24,World Cup,Switzerland,Canada,Granit Xhaka,Switzerland,M,goals,VALUABLE,0.527,7.0,2.689,3.2424,5,True,LOSS,-1.0,,2026-06-25
2026-06-23,2026-06-26,World Cup,Norway,France,Désiré Doué,France,F,goals,VALUABLE,0.526,3.1,0.6306,0.7937,5,True,WIN,2.1,,2026-06-27
2026-06-23,2026-06-23,World Cup,Panama,Croatia,Joško Gvardiol,Croatia,D,goals,VALUABLE,0.524,7.5,2.93,3.5195,5,True,LOSS,-1.0,,2026-06-24
2026-06-23,2026-06-25,World Cup,Curaçao,Ivory Coast,Sontje Hansen,Curaçao,F,sot,VALUABLE,0.524,3.1,0.6244,0.7868,3,True,VOID,0.0,DNP,2026-06-26
2026-06-23,2026-06-25,World Cup,Ecuador,Germany,Jamie Leweling,Germany,F,goals,VALUABLE,0.523,4.5,1.3535,1.5889,5,True,VOID,0.0,DNP,2026-06-26
2026-06-23,2026-06-25,World Cup,Japan,Sweden,Ritsu Doan,Japan,F,goals,MARKSMAN,0.522,4.4,1.2968,1.5265,5,True,VOID,0.0,DNP,2026-06-26
2026-06-23,2026-06-25,World Cup,Japan,Sweden,Koki Ogawa,Japan,F,goals,VALUABLE,0.52,3.1,0.612,0.7732,5,True,LOSS,-1.0,,2026-06-26
2026-06-23,2026-06-26,World Cup,Norway,France,Maghnes Akliouche,France,M,goals,VALUABLE,0.519,4.0,1.076,1.2836,5,True,VOID,0.0,DNP (0 min),2026-06-27
2026-06-23,2026-06-25,World Cup,Japan,Sweden,Takefusa Kubo,Japan,F,goals,VALUABLE,0.518,3.75,0.9425,1.1368,5,True,VOID,0.0,DNP,2026-06-26
2026-06-23,2026-06-25,World Cup,Ecuador,Germany,Felix Nmecha,Germany,M,goals,VALUABLE,0.517,8.0,3.136,3.7564,5,True,VOID,0.0,DNP,2026-06-26
2026-06-23,2026-06-26,World Cup,Norway,France,Bradley Barcola,France,F,goals,VALUABLE,0.516,3.0,0.548,0.6409,5,True,LOSS,-1.0,,2026-06-27
2026-06-23,2026-06-25,World Cup,Tunisia,Netherlands,Hannibal Mejbri,Tunisia,F,sot,VALUABLE,0.516,3.45,0.7802,0.9582,5,True,VOID,0.0,DNP,2026-06-26
2026-06-23,2026-06-24,World Cup,Switzerland,Canada,Johan Manzambi,Switzerland,F,goals,VALUABLE,0.516,4.7,1.4252,1.6677,5,True,WIN,3.7,,2026-06-25
2026-06-23,2026-06-24,World Cup,Switzerland,Canada,Jonathan David,Canada,F,goals,MARKSMAN,0.515,3.2,0.648,0.8128,5,True,LOSS,-1.0,,2026-06-25
2026-06-23,2026-06-24,World Cup,Switzerland,Canada,Christian Fassnacht,Switzerland,M,goals,VALUABLE,0.515,4.33,1.23,1.4529,3,True,LOSS,-1.0,,2026-06-25
2026-06-23,2026-06-26,World Cup,Norway,France,Rayan Cherki,France,M,goals,VALUABLE,0.514,3.25,0.6705,0.8375,5,True,LOSS,-1.0,,2026-06-27
2026-06-23,2026-06-25,World Cup,Japan,Sweden,Shuto Machino,Japan,F,goals,VALUABLE,0.514,3.0,0.542,0.6345,5,True,VOID,0.0,DNP,2026-06-26
2026-06-23,2026-06-24,World Cup,Switzerland,Canada,Rubén Vargas,Switzerland,F,goals,MARKSMAN,0.513,4.3,1.2059,1.4265,5,True,WIN,3.3,,2026-06-25
2026-06-23,2026-06-26,World Cup,Paraguay,Australia,Damián Bobadilla,Paraguay,M,sot,VALUABLE,0.513,2.6,0.3338,0.4138,5,True,LOSS,-1.0,,2026-06-27
2026-06-23,2026-06-25,World Cup,Japan,Sweden,Yuito Suzuki,Japan,F,goals,VALUABLE,0.513,3.4,0.7442,0.9186,3,True,VOID,0.0,DNP,2026-06-26
2026-06-23,2026-06-25,World Cup,Ecuador,Germany,Jordy Alcivar,Ecuador,M,sot,VALUABLE,0.512,4.0,1.048,1.2528,5,True,VOID,0.0,DNP,2026-06-26
2026-06-23,2026-06-25,World Cup,Japan,Sweden,Junya Ito,Japan,M,goals,MARKSMAN,0.512,4.2,1.1504,1.3654,5,True,VOID,0.0,DNP,2026-06-26
2026-06-23,2026-06-26,World Cup,Norway,France,Ousmane Dembélé,France,M,goals,VALUABLE,0.51,2.75,0.4025,0.4867,5,True,WIN,1.75,,2026-06-27
2026-06-23,2026-06-25,World Cup,Ecuador,Germany,Nico Schlotterbeck,Germany,D,goals,VALUABLE,0.51,10.0,4.1,4.865,5,True,VOID,0.0,DNP,2026-06-26
2026-06-23,2026-06-25,World Cup,Ecuador,Germany,Nick Woltemade,Germany,F,goals,MARKSMAN,0.51,3.0,0.53,0.6218,5,True,VOID,0.0,DNP,2026-06-26
2026-06-23,2026-06-25,World Cup,Japan,Sweden,Daichi Kamada,Japan,F,goals,VALUABLE,0.508,5.2,1.6416,2.0378,5,True,VOID,0.0,DNP,2026-06-26
2026-06-23,2026-06-23,World Cup,Panama,Croatia,Jiovany Ramos,Panama,D,sot,VALUABLE,0.507,8.5,3.3095,3.9559,3,True,LOSS,-1.0,,2026-06-24
2026-06-23,2026-06-25,World Cup,Japan,Sweden,Keisuke Goto,Japan,F,goals,VALUABLE,0.506,2.9,0.4674,0.5554,4,True,VOID,0.0,DNP,2026-06-26
2026-06-23,2026-06-25,World Cup,Curaçao,Ivory Coast,Juninho Bacuna,Curaçao,M,sot,VALUABLE,0.503,2.85,0.4336,0.5196,5,True,VOID,0.0,DNP,2026-06-26
2026-06-23,2026-06-25,World Cup,South Africa,South Korea,Tshepang Moremi,South Africa,M,sot,VALUABLE,0.503,2.8,0.4084,0.4929,5,True,LOSS,-1.0,,2026-06-26
2026-06-23,2026-06-25,World Cup,Ecuador,Germany,Nathaniel Brown,Germany,D,goals,VALUABLE,0.502,11.0,4.522,5.3503,5,True,VOID,0.0,DNP,2026-06-26
2026-06-23,2026-06-24,World Cup,Morocco,Haiti,Ruben Providence,Haiti,F,sot,VALUABLE,0.5,3.5,0.75,0.925,5,True,LOSS,-1.0,,2026-06-25
2026-06-23,2026-06-25,World Cup,South Africa,South Korea,Thapelo Maseko,South Africa,F,sot,VALUABLE,0.494,3.4,0.6796,0.8476,3,True,WIN,2.4,,2026-06-26
2026-06-23,2026-06-25,World Cup,Curaçao,Ivory Coast,Livano Comenencia,Curaçao,M,sot,VALUABLE,0.493,3.95,0.9474,1.1421,5,True,VOID,0.0,DNP,2026-06-26
2026-06-23,2026-06-24,World Cup,Switzerland,Canada,Jonathan Osorio,Canada,M,sot,VALUABLE,0.489,2.9,0.4181,0.5032,4,True,VOID,0.0,DNP (0 min),2026-06-25
2026-06-23,2026-06-24,World Cup,Switzerland,Canada,Tani Oluwaseyi,Canada,F,goals,VALUABLE,0.488,3.9,0.9032,1.0935,5,True,LOSS,-1.0,,2026-06-25
2026-06-23,2026-06-25,World Cup,Curaçao,Ivory Coast,Leandro Bacuna,Curaçao,M,sot,VALUABLE,0.485,3.8,0.843,1.0273,5,True,VOID,0.0,DNP,2026-06-26
2026-06-23,2026-06-23,World Cup,Panama,Croatia,Ismael Díaz,Panama,F,goals,VALUABLE,0.482,4.7,1.2654,1.4919,3,True,VOID,0.0,DNP (0 min),2026-06-24
2026-06-23,2026-06-24,World Cup,Switzerland,Canada,Nathan-Dylan Saliba,Canada,M,goals,VALUABLE,0.476,11.5,4.474,5.2951,4,True,LOSS,-1.0,,2026-06-25
2026-06-23,2026-06-24,World Cup,Scotland,Brazil,John McGinn,Scotland,M,sot,VALUABLE,0.474,2.6,0.2324,0.3063,5,True,LOSS,-1.0,,2026-06-25
2026-06-23,2026-06-26,World Cup,Paraguay,Australia,Antonio Sanabria,Paraguay,F,goals,VALUABLE,0.473,3.9,0.8447,1.0292,5,True,VOID,0.0,DNP (0 min),2026-06-27
2026-06-23,2026-06-25,World Cup,Curaçao,Ivory Coast,Kenji Gorré,Curaçao,F,sot,VALUABLE,0.472,2.7,0.2744,0.3509,4,True,VOID,0.0,DNP,2026-06-26
2026-06-23,2026-06-24,World Cup,Switzerland,Canada,Jayden Nelson,Canada,M,goals,VALUABLE,0.47,5.0,1.35,1.585,3,True,VOID,0.0,DNP (0 min),2026-06-25
2026-06-23,2026-06-24,World Cup,Scotland,Brazil,George Hirst,Scotland,F,sot,VALUABLE,0.47,2.45,0.1515,0.2206,5,True,VOID,0.0,DNP (0 min),2026-06-25
2026-06-23,2026-06-26,World Cup,Paraguay,Australia,Damián Bobadilla,Paraguay,M,goals,VALUABLE,0.469,9.0,3.221,3.8541,5,True,LOSS,-1.0,,2026-06-27
2026-06-23,2026-06-24,World Cup,Switzerland,Canada,Cyle Larin,Canada,F,goals,VALUABLE,0.469,3.7,0.7353,0.9088,5,True,LOSS,-1.0,,2026-06-25
2026-06-23,2026-06-23,World Cup,Panama,Croatia,César Blackman,Panama,M,sot,VALUABLE,0.466,4.6,1.1436,1.358,5,True,LOSS,-1.0,,2026-06-24
2026-06-23,2026-06-25,World Cup,Ecuador,Germany,John Yeboah,Ecuador,F,goals,VALUABLE,0.464,6.25,1.9,2.335,5,True,VOID,0.0,DNP,2026-06-26
2026-06-23,2026-06-26,World Cup,Paraguay,Australia,Jordan Bos,Australia,M,sot,VALUABLE,0.462,3.55,0.6401,0.8041,5,True,WIN,2.55,,2026-06-27
2026-06-23,2026-06-24,World Cup,Switzerland,Canada,Jonathan Osorio,Canada,M,goals,VALUABLE,0.459,5.0,1.295,1.5245,4,True,VOID,0.0,DNP (0 min),2026-06-25
2026-06-23,2026-06-24,World Cup,Morocco,Haiti,Wilson Isidor,Haiti,F,sot,MARKSMAN,0.453,3.0,0.359,0.4405,5,True,WIN,2.0,,2026-06-25
2026-06-23,2026-06-26,World Cup,Paraguay,Australia,Mohamed Touré,Australia,F,goals,VALUABLE,0.451,4.7,1.1197,1.3317,5,True,VOID,0.0,DNP (0 min),2026-06-27
2026-06-23,2026-06-23,World Cup,England,Ghana,Jordan Ayew,Ghana,F,sot,VALUABLE,0.451,2.9,0.3079,0.3864,5,True,VOID,0.0,DNP,2026-06-24
2026-06-23,2026-06-23,World Cup,England,Ghana,Abdul Fatawu Issahaku,Ghana,F,sot,VALUABLE,0.449,3.15,0.4143,0.5558,4,True,VOID,0.0,DNP,2026-06-24
2026-06-23,2026-06-25,World Cup,Ecuador,Germany,Jordy Alcivar,Ecuador,M,goals,VALUABLE,0.449,9.7,3.3553,4.0086,5,True,VOID,0.0,DNP,2026-06-26
2026-06-23,2026-06-23,World Cup,England,Ghana,Ernest Nuamah,Ghana,M,sot,VALUABLE,0.449,3.8,0.7062,0.8768,4,True,VOID,0.0,DNP,2026-06-24
2026-06-23,2026-06-24,World Cup,Scotland,Brazil,Ryan Christie,Scotland,M,sot,VALUABLE,0.448,2.9,0.2992,0.3772,5,True,LOSS,-1.0,,2026-06-25
2026-06-23,2026-06-25,World Cup,Ecuador,Germany,Anthony Valencia,Ecuador,F,goals,VALUABLE,0.448,5.5,1.464,1.8336,3,True,VOID,0.0,DNP,2026-06-26
2026-06-23,2026-06-23,World Cup,Panama,Croatia,Carlos Harvey,Panama,M,sot,VALUABLE,0.447,3.3,0.4751,0.6226,5,True,LOSS,-1.0,,2026-06-24
2026-06-23,2026-06-25,World Cup,Ecuador,Germany,Pervis Estupiñán,Ecuador,M,goals,VALUABLE,0.446,14.5,5.467,6.437,5,True,VOID,0.0,DNP,2026-06-26
2026-06-23,2026-06-25,World Cup,Japan,Sweden,Gustaf Lagerbielke,Sweden,D,sot,VALUABLE,0.444,6.0,1.664,2.0636,5,True,VOID,0.0,DNP,2026-06-26
2026-06-23,2026-06-25,World Cup,Curaçao,Ivory Coast,Jeremy Antonisse,Curaçao,F,sot,VALUABLE,0.443,2.75,0.2183,0.2913,4,True,VOID,0.0,DNP,2026-06-26
2026-06-23,2026-06-26,World Cup,Paraguay,Australia,Nestory Irankunda,Australia,F,goals,VALUABLE,0.437,4.8,1.0976,1.3074,5,True,LOSS,-1.0,,2026-06-27
2026-06-23,2026-06-25,World Cup,Ecuador,Germany,Kendry Páez,Ecuador,F,goals,VALUABLE,0.436,4.8,1.0928,1.3021,5,True,VOID,0.0,DNP,2026-06-26
2026-06-23,2026-06-25,World Cup,Curaçao,Ivory Coast,Tahith Chong,Curaçao,M,sot,VALUABLE,0.434,2.65,0.1501,0.2191,5,True,VOID,0.0,DNP,2026-06-26
2026-06-23,2026-06-25,World Cup,South Africa,South Korea,Lyle Foster,South Africa,F,goals,VALUABLE,0.433,5.0,1.165,1.3815,5,True,VOID,0.0,DNP (0 min),2026-06-26
2026-06-23,2026-06-25,World Cup,Japan,Sweden,Alexander Bernhardsson,Sweden,F,goals,VALUABLE,0.433,11.0,3.763,4.4775,5,True,VOID,0.0,DNP,2026-06-26
2026-06-23,2026-06-25,World Cup,Japan,Sweden,Alexander Isak,Sweden,F,goals,MARKSMAN,0.432,3.3,0.4256,0.5682,5,True,VOID,0.0,DNP,2026-06-26
2026-06-23,2026-06-24,World Cup,Scotland,Brazil,Scott McTominay,Scotland,F,goals,VALUABLE,0.429,7.16,2.0716,2.5324,5,True,LOSS,-1.0,,2026-06-25
2026-06-23,2026-06-25,World Cup,Japan,Sweden,Mattias Svanberg,Sweden,F,goals,VALUABLE,0.428,5.5,1.354,1.7071,5,True,VOID,0.0,DNP,2026-06-26
2026-06-23,2026-06-27,World Cup,Uruguay,Spain,Juan Manuel Sanabria,Uruguay,F,sot,VALUABLE,0.428,3.3,0.4124,0.5536,5,True,LOSS,-1.0,,2026-06-28
2026-06-23,2026-06-25,World Cup,Japan,Sweden,Yasin Ayari,Sweden,M,goals,VALUABLE,0.425,9.0,2.825,3.3988,5,True,VOID,0.0,DNP,2026-06-26
2026-06-23,2026-06-26,World Cup,Paraguay,Australia,Jordan Bos,Australia,M,goals,VALUABLE,0.425,12.0,4.1,4.865,5,True,LOSS,-1.0,,2026-06-27
2026-06-23,2026-06-23,World Cup,Portugal,Uzbekistan,Abbosbek Fayzullaev,Uzbekistan,F,sot,VALUABLE,0.423,3.2,0.3536,0.489,3,True,WIN,2.2,,2026-06-24
2026-06-23,2026-06-24,World Cup,Scotland,Brazil,Findlay Curtis,Scotland,F,sot,VALUABLE,0.422,2.8,0.1816,0.2525,3,True,LOSS,-1.0,,2026-06-25
2026-06-23,2026-06-25,World Cup,Japan,Sweden,Gustaf Lagerbielke,Sweden,D,goals,VALUABLE,0.421,14.0,4.894,5.7781,5,True,VOID,0.0,DNP,2026-06-26
2026-06-23,2026-06-25,World Cup,Japan,Sweden,Anthony Elanga,Sweden,F,goals,VALUABLE,0.42,5.0,1.1,1.31,5,True,VOID,0.0,DNP,2026-06-26
2026-06-23,2026-06-24,World Cup,Morocco,Haiti,Louicius Don Deedson,Haiti,F,sot,VALUABLE,0.419,3.5,0.4665,0.6132,4,True,LOSS,-1.0,,2026-06-25
2026-06-23,2026-06-26,World Cup,Norway,France,Antonio Nusa,Norway,F,goals,VALUABLE,0.417,6.5,1.7105,2.1171,5,True,LOSS,-1.0,,2026-06-27
2026-06-23,2026-06-26,World Cup,Norway,France,Andreas Schjelderup,Norway,M,goals,VALUABLE,0.416,6.5,1.704,2.1096,5,True,LOSS,-1.0,,2026-06-27
2026-06-23,2026-06-24,World Cup,Bosnia & Herzegovina,Qatar,Yusuf Abdurisag,Qatar,F,cards,MARKSMAN,0.414,3.15,0.3041,0.4345,3,True,VOID,0.0,DNP (0 min),2026-06-25
2026-06-23,2026-06-25,World Cup,South Africa,South Korea,Hwang In-beom,South Korea,M,goals,VALUABLE,0.413,6.5,1.6845,2.0872,5,True,LOSS,-1.0,,2026-06-26
2026-06-23,2026-06-23,World Cup,Portugal,Uzbekistan,Eldor Shomurodov,Uzbekistan,F,goals,VALUABLE,0.411,5.95,1.4455,1.8123,5,True,LOSS,-1.0,,2026-06-24
2026-06-23,2026-06-25,World Cup,South Africa,South Korea,Mbekezeli Mbokazi,South Africa,D,cards,MARKSMAN,0.405,4.5,0.8225,1.0048,5,True,LOSS,-1.0,,2026-06-26
2026-06-23,2026-06-23,World Cup,England,Ghana,Caleb Yirenkyi,Ghana,M,sot,VALUABLE,0.404,5.75,1.323,1.6715,5,True,LOSS,-1.0,,2026-06-24
2026-06-23,2026-06-24,World Cup,Bosnia & Herzegovina,Qatar,Amar Memić,Bosnia & Herzegovina,M,cards,MARKSMAN,0.402,6.75,1.7135,2.1205,5,True,LOSS,-1.0,,2026-06-25
2026-06-23,2026-06-24,World Cup,Morocco,Haiti,Duckens Nazon,Haiti,F,sot,VALUABLE,0.402,3.0,0.206,0.2784,4,True,LOSS,-1.0,,2026-06-25
2026-06-23,2026-06-25,World Cup,South Africa,South Korea,Teboho Mokoena,South Africa,M,goals,VALUABLE,0.4,9.0,2.6,3.14,5,True,VOID,0.0,DNP,2026-06-26
2026-06-23,2026-06-25,World Cup,South Africa,South Korea,Evidence Makgopa,South Africa,F,goals,VALUABLE,0.399,5.3,1.1147,1.4319,5,True,LOSS,-1.0,,2026-06-26
2026-06-23,2026-06-24,World Cup,Scotland,Brazil,Kieran Tierney,Scotland,M,sot,VALUABLE,0.399,5.8,1.3142,1.6613,5,True,LOSS,-1.0,,2026-06-25
2026-06-23,2026-06-27,World Cup,Uruguay,Spain,Federico Viñas,Uruguay,F,goals,VALUABLE,0.399,4.9,0.9551,1.1506,5,True,LOSS,-1.0,,2026-06-28
2026-06-23,2026-06-25,World Cup,Curaçao,Ivory Coast,Sontje Hansen,Curaçao,F,goals,VALUABLE,0.398,9.2,2.6616,3.2108,3,True,VOID,0.0,DNP,2026-06-26
2026-06-23,2026-06-23,World Cup,Panama,Croatia,José Luis Rodríguez,Panama,F,goals,MARKSMAN,0.397,8.5,2.3745,2.8807,4,True,LOSS,-1.0,,2026-06-24
2026-06-23,2026-06-25,World Cup,South Africa,South Korea,Tshepang Moremi,South Africa,M,goals,VALUABLE,0.397,8.0,2.176,2.6524,5,True,LOSS,-1.0,,2026-06-26
2026-06-23,2026-06-25,World Cup,South Africa,South Korea,Thapelo Maseko,South Africa,F,goals,VALUABLE,0.397,10.0,2.97,3.5655,3,True,WIN,9.0,,2026-06-26
2026-06-23,2026-06-23,World Cup,Panama,Croatia,Cecilio Waterman,Panama,F,goals,VALUABLE,0.397,4.7,0.8659,1.0525,4,True,VOID,0.0,DNP (0 min),2026-06-24
2026-06-23,2026-06-25,World Cup,South Africa,South Korea,Relebohile Mofokeng,South Africa,F,goals,VALUABLE,0.397,8.0,2.176,2.6524,5,True,LOSS,-1.0,,2026-06-26
2026-06-23,2026-06-25,World Cup,South Africa,South Korea,Hwang Hee-chan,South Korea,F,goals,VALUABLE,0.394,3.4,0.3396,0.4736,5,True,LOSS,-1.0,,2026-06-26
2026-06-23,2026-06-24,World Cup,Bosnia & Herzegovina,Qatar,Edmilson Junior,Qatar,F,goals,VALUABLE,0.393,6.3,1.4759,1.8473,3,True,LOSS,-1.0,,2026-06-25
2026-06-23,2026-06-24,World Cup,Scotland,Brazil,Che Adams,Scotland,F,goals,VALUABLE,0.391,6.69,1.6158,2.0082,5,True,LOSS,-1.0,,2026-06-25
2026-06-23,2026-06-25,World Cup,South Africa,South Korea,Oswin Appollis,South Africa,F,goals,VALUABLE,0.391,6.2,1.4242,1.7878,5,True,LOSS,-1.0,,2026-06-26
2026-06-23,2026-06-23,World Cup,Panama,Croatia,César Blackman,Panama,M,goals,VALUABLE,0.391,24.0,8.384,9.7916,5,True,LOSS,-1.0,,2026-06-24
2026-06-23,2026-06-23,World Cup,Panama,Croatia,José Córdoba,Panama,D,sot,VALUABLE,0.388,8.0,2.104,2.5696,5,True,LOSS,-1.0,,2026-06-24
2026-06-23,2026-06-23,World Cup,Panama,Croatia,Jiovany Ramos,Panama,D,goals,VALUABLE,0.386,20.0,6.72,7.878,3,True,LOSS,-1.0,,2026-06-24
2026-06-23,2026-06-27,World Cup,Uruguay,Spain,Agustín Canobbio,Uruguay,F,goals,VALUABLE,0.385,6.5,1.5025,1.8779,4,True,LOSS,-1.0,,2026-06-28
2026-06-23,2026-06-25,World Cup,Tunisia,Netherlands,Omar Rekik,Tunisia,D,sot,VALUABLE,0.382,9.0,2.438,2.9537,4,True,VOID,0.0,DNP,2026-06-26
2026-06-23,2026-06-27,World Cup,Uruguay,Spain,Brian Rodríguez,Uruguay,F,goals,VALUABLE,0.382,5.0,0.91,1.101,5,True,LOSS,-1.0,,2026-06-28
2026-06-23,2026-06-27,World Cup,Uruguay,Spain,Federico Valverde,Uruguay,M,goals,VALUABLE,0.382,7.0,1.674,2.0751,5,True,LOSS,-1.0,,2026-06-28
2026-06-23,2026-06-23,World Cup,Panama,Croatia,Carlos Harvey,Panama,M,goals,VALUABLE,0.382,17.0,5.494,6.4681,5,True,LOSS,-1.0,,2026-06-24
2026-06-23,2026-06-24,World Cup,Morocco,Haiti,Ruben Providence,Haiti,F,goals,VALUABLE,0.381,9.5,2.6195,3.1624,5,True,LOSS,-1.0,,2026-06-25
2026-06-23,2026-06-24,World Cup,Scotland,Brazil,Findlay Curtis,Scotland,F,goals,VALUABLE,0.378,7.0,1.646,2.0429,3,True,LOSS,-1.0,,2026-06-25
2026-06-23,2026-06-24,World Cup,Scotland,Brazil,George Hirst,Scotland,F,goals,VALUABLE,0.378,5.5,1.079,1.3908,5,True,VOID,0.0,DNP (0 min),2026-06-25
2026-06-23,2026-06-23,World Cup,England,Ghana,Antoine Semenyo,Ghana,F,goals,VALUABLE,0.378,6.51,1.4608,1.8299,5,True,VOID,0.0,DNP,2026-06-24
2026-06-23,2026-06-24,World Cup,Scotland,Brazil,John McGinn,Scotland,M,goals,VALUABLE,0.377,8.0,2.016,2.4684,5,True,LOSS,-1.0,,2026-06-25
2026-06-23,2026-06-27,World Cup,Uruguay,Spain,Juan Manuel Sanabria,Uruguay,M,goals,VALUABLE,0.377,19.0,6.163,7.2374,5,True,LOSS,-1.0,,2026-06-28
2026-06-23,2026-06-23,World Cup,Portugal,Uzbekistan,Diogo Dalot,Portugal,D,cards,SNIPER,0.376,6.5,1.444,1.8106,5,True,VOID,0.0,DNP (0 min),2026-06-24
2026-06-23,2026-06-25,World Cup,Curaçao,Ivory Coast,Livano Comenencia,Curaçao,M,goals,VALUABLE,0.375,18.0,5.75,6.7625,5,True,VOID,0.0,DNP,2026-06-26
2026-06-23,2026-06-25,World Cup,Curaçao,Ivory Coast,Kenji Gorré,Curaçao,F,goals,VALUABLE,0.373,9.5,2.5435,3.075,4,True,VOID,0.0,DNP,2026-06-26
2026-06-23,2026-06-24,World Cup,Scotland,Brazil,Ryan Christie,Scotland,M,goals,VALUABLE,0.371,12.0,3.452,4.1198,5,True,LOSS,-1.0,,2026-06-25
2026-06-23,2026-06-26,World Cup,Senegal,Iraq,Aymen Hussein,Iraq,F,goals,VALUABLE,0.371,5.0,0.855,1.0405,3,True,VOID,0.0,DNP (0 min),2026-06-27
2026-06-23,2026-06-25,World Cup,Curaçao,Ivory Coast,Leandro Bacuna,Curaçao,M,goals,VALUABLE,0.37,11.5,3.255,3.8933,5,True,VOID,0.0,DNP,2026-06-26
2026-06-23,2026-06-24,World Cup,Morocco,Haiti,Wilson Isidor,Haiti,F,goals,VALUABLE,0.369,6.5,1.3985,1.7583,5,True,WIN,5.5,,2026-06-25
2026-06-23,2026-06-23,World Cup,England,Ghana,Abdul Fatawu Issahaku,Ghana,F,goals,VALUABLE,0.369,10.0,2.69,3.2435,4,True,VOID,0.0,DNP,2026-06-24
2026-06-23,2026-06-24,World Cup,Scotland,Brazil,Lyndon Dykes,Scotland,F,goals,VALUABLE,0.369,6.75,1.4907,1.8644,5,True,VOID,0.0,DNP (0 min),2026-06-25
2026-06-23,2026-06-23,World Cup,Panama,Croatia,José Córdoba,Panama,D,goals,VALUABLE,0.369,22.0,7.118,8.3357,5,True,LOSS,-1.0,,2026-06-24
2026-06-23,2026-06-23,World Cup,England,Ghana,Jordan Ayew,Ghana,F,goals,VALUABLE,0.367,6.8,1.4956,1.8699,5,True,VOID,0.0,DNP,2026-06-24
2026-06-23,2026-06-25,World Cup,Tunisia,Netherlands,Elias Saad,Tunisia,F,goals,VALUABLE,0.365,7.7,1.8105,2.2321,5,True,VOID,0.0,DNP,2026-06-26
2026-06-23,2026-06-24,World Cup,Scotland,Brazil,Kieran Tierney,Scotland,M,goals,VALUABLE,0.365,20.0,6.3,7.395,5,True,LOSS,-1.0,,2026-06-25
2026-06-23,2026-06-24,World Cup,Morocco,Haiti,Frantzdy Pierrot,Haiti,F,goals,MARKSMAN,0.365,8.3,2.0295,2.4839,5,True,LOSS,-1.0,,2026-06-25
2026-06-23,2026-06-25,World Cup,Curaçao,Ivory Coast,Jürgen Locadia,Curaçao,F,goals,MARKSMAN,0.364,6.3,1.2932,1.6372,5,True,VOID,0.0,DNP,2026-06-26
2026-06-23,2026-06-26,World Cup,Senegal,Iraq,Ali Al-Hamadi,Iraq,F,goals,VALUABLE,0.363,5.5,0.9965,1.296,5,True,LOSS,-1.0,,2026-06-27
2026-06-23,2026-06-23,World Cup,England,Ghana,Ernest Nuamah,Ghana,M,goals,VALUABLE,0.363,9.8,2.5574,3.091,4,True,VOID,0.0,DNP,2026-06-24
2026-06-23,2026-06-25,World Cup,Curaçao,Ivory Coast,Juninho Bacuna,Curaçao,M,goals,VALUABLE,0.363,11.5,3.1745,3.8007,5,True,VOID,0.0,DNP,2026-06-26
2026-06-23,2026-06-23,World Cup,Portugal,Uzbekistan,Abbosbek Fayzullaev,Uzbekistan,F,goals,VALUABLE,0.362,9.0,2.258,2.7467,3,True,LOSS,-1.0,,2026-06-24
2026-06-23,2026-06-25,World Cup,Curaçao,Ivory Coast,Jeremy Antonisse,Curaçao,F,goals,VALUABLE,0.361,9.5,2.4295,2.9439,4,True,VOID,0.0,DNP,2026-06-26
2026-06-23,2026-06-23,World Cup,England,Ghana,Caleb Yirenkyi,Ghana,M,goals,VALUABLE,0.36,15.0,4.4,5.21,5,True,LOSS,-1.0,,2026-06-24
2026-06-23,2026-06-26,World Cup,Senegal,Iraq,Merchas Doski,Iraq,D,goals,VALUABLE,0.359,26.0,8.334,9.7341,3,True,LOSS,-1.0,,2026-06-27
2026-06-23,2026-06-25,World Cup,Tunisia,Netherlands,Hannibal Mejbri,Tunisia,F,goals,VALUABLE,0.359,15.5,4.5645,5.3992,5,True,VOID,0.0,DNP,2026-06-26
2026-06-23,2026-06-25,World Cup,Curaçao,Ivory Coast,Tahith Chong,Curaçao,M,goals,VALUABLE,0.358,11.5,3.117,3.7345,5,True,VOID,0.0,DNP,2026-06-26
2026-06-23,2026-06-25,World Cup,Tunisia,Netherlands,Omar Rekik,Tunisia,D,goals,VALUABLE,0.356,26.0,8.256,9.6444,4,True,VOID,0.0,DNP,2026-06-26
2026-06-23,2026-06-24,World Cup,Morocco,Haiti,Louicius Don Deedson,Haiti,F,goals,VALUABLE,0.355,10.0,2.55,3.0825,4,True,LOSS,-1.0,,2026-06-25
2026-06-23,2026-06-24,World Cup,Morocco,Haiti,Duckens Nazon,Haiti,F,goals,VALUABLE,0.354,6.0,1.124,1.4426,4,True,LOSS,-1.0,,2026-06-25
2026-06-23,2026-06-24,World Cup,Bosnia & Herzegovina,Qatar,Nikola Katić,Bosnia & Herzegovina,D,cards,MARKSMAN,0.3,4.7,0.41,0.551,5,True,LOSS,-1.0,,2026-06-25
2026-06-23,2026-06-24,World Cup,Bosnia & Herzegovina,Qatar,Amar Dedić,Bosnia & Herzegovina,D,cards,MARKSMAN,0.269,5.0,0.345,0.4795,5,True,VOID,0.0,DNP (0 min),2026-06-25
2026-06-23,2026-06-24,World Cup,Scotland,Brazil,Anthony Ralston,Scotland,D,cards,VALUABLE,0.268,4.5,0.206,0.3266,4,True,VOID,0.0,DNP,2026-06-25
2026-06-23,2026-06-23,World Cup,England,Ghana,Thomas Partey,Ghana,M,cards,VALUABLE,0.264,4.6,0.2144,0.3358,5,True,VOID,0.0,DNP (0 min),2026-06-24
2026-06-23,2026-06-23,World Cup,Panama,Croatia,César Blackman,Panama,M,cards,VALUABLE,0.257,4.5,0.1565,0.2722,5,True,LOSS,-1.0,,2026-06-24
2026-06-23,2026-06-24,World Cup,Morocco,Haiti,Neil El Aynaoui,Morocco,M,cards,MARKSMAN,0.219,9.5,1.0805,1.3926,5,True,LOSS,-1.0,,2026-06-25
2026-06-23,2026-06-24,World Cup,Morocco,Haiti,Anass Salah-Eddine,Morocco,D,cards,VALUABLE,0.173,7.0,0.211,0.3926,4,True,LOSS,-1.0,,2026-06-25
2026-06-23,2026-06-24,World Cup,Scotland,Brazil,Lawrence Shankland,Scotland,F,sot2,VALUABLE,0.173,7.0,0.211,0.3926,3,,,,,
2026-06-23,2026-06-25,World Cup,Curaçao,Ivory Coast,Bazoumana Touré,Ivory Coast,M,sot,VALUABLE,0.8,1.44,0.152,0.2211,5,True,VOID,0.0,DNP,2026-06-26
2026-06-23,2026-06-24,World Cup,Switzerland,Canada,Ruben Vargas,Switzerland,F,sot,VALUABLE,0.662,1.74,0.1519,0.221,5,True,WIN,0.74,,2026-06-25
2026-06-23,2026-06-26,World Cup,Senegal,Iraq,Habib Diarra,Senegal,F,sot,VALUABLE,0.651,2.1,0.3671,0.4491,5,True,WIN,1.1,,2026-06-27
2026-06-23,2026-06-23,World Cup,Panama,Croatia,Marco Pašalić,Croatia,F,goals,VALUABLE,0.5,5.4,1.7,2.105,5,True,LOSS,-1.0,,2026-06-24
2026-06-23,2026-06-25,World Cup,Tunisia,Netherlands,Donyell Malen,Netherlands,F,goals,VALUABLE,0.5,2.32,0.16,0.2296,5,True,VOID,0.0,DNP,2026-06-26
2026-06-23,2026-06-25,World Cup,Curaçao,Ivory Coast,Jürgen Locadia,Curaçao,F,sot,MARKSMAN,0.415,3.1,0.2865,0.4152,5,True,VOID,0.0,DNP,2026-06-26
2026-06-23,2026-06-26,World Cup,Senegal,Iraq,Merchas Doski,Iraq,D,sot,VALUABLE,0.371,10.5,2.8955,3.4798,3,True,LOSS,-1.0,,2026-06-27
2026-06-23,2026-06-26,World Cup,Senegal,Iraq,Assane Diao,Senegal,F,sot,VALUABLE,0.8,1.45,0.16,0.2296,5,True,LOSS,-1.0,,2026-06-27
2026-06-23,2026-06-25,World Cup,Japan,Sweden,Junya Ito,Japan,F,sot,VALUABLE,0.627,1.91,0.1976,0.2694,5,True,VOID,0.0,DNP,2026-06-26
2026-06-23,2026-06-25,World Cup,Japan,Sweden,Daichi Kamada,Japan,F,sot,VALUABLE,0.57,3.6,1.052,1.2572,5,True,VOID,0.0,DNP,2026-06-26
2026-06-23,2026-06-25,World Cup,Japan,Sweden,Alexander Bernhardsson,Sweden,F,sot,VALUABLE,0.522,3.1,0.6182,0.78,5,True,VOID,0.0,DNP,2026-06-26
2026-06-23,2026-06-27,World Cup,Uruguay,Spain,Yéremy Pino,Spain,F,goals,VALUABLE,0.5,3.6,0.8,0.98,5,True,LOSS,-1.0,,2026-06-28
2026-06-23,2026-06-27,World Cup,Egypt,Iran,Mohamed Salah,Egypt,F,sot,VALUABLE,0.75,1.6,0.2,0.272,5,True,LOSS,-1.0,,2026-06-28
2026-06-23,2026-06-27,World Cup,Egypt,Iran,Emam Ashour,Egypt,M,sot,VALUABLE,0.727,2.0,0.454,0.5412,5,True,LOSS,-1.0,,2026-06-28
2026-06-23,2026-06-23,World Cup,Panama,Croatia,Luka Modrić,Croatia,M,sot,VALUABLE,0.658,1.75,0.1515,0.2206,5,True,LOSS,-1.0,,2026-06-24
2026-06-23,2026-06-26,World Cup,Paraguay,Australia,Mohamed Touré,Australia,F,sot,VALUABLE,0.547,2.2,0.2034,0.2756,5,True,VOID,0.0,DNP (0 min),2026-06-27
2026-06-23,2026-06-27,World Cup,Egypt,Iran,Mohamed Salah,Egypt,F,goals,VALUABLE,0.5,3.2,0.6,0.76,5,True,LOSS,-1.0,,2026-06-28
2026-06-23,2026-06-27,World Cup,Egypt,Iran,Omar Marmoush,Egypt,F,goals,VALUABLE,0.5,3.75,0.875,1.0625,5,True,LOSS,-1.0,,2026-06-28
2026-06-23,2026-06-27,World Cup,Egypt,Iran,Emam Ashour,Egypt,M,goals,VALUABLE,0.5,8.2,3.1,3.715,5,True,LOSS,-1.0,,2026-06-28
2026-06-23,2026-06-27,World Cup,Egypt,Iran,Ibrahim Adel,Egypt,F,goals,VALUABLE,0.5,4.8,1.4,1.64,4,True,VOID,0.0,DNP (0 min),2026-06-28
2026-06-23,2026-06-27,World Cup,Egypt,Iran,Haissem Hassan,Egypt,F,goals,VALUABLE,0.5,8.5,3.25,3.8875,4,True,VOID,0.0,DNP (0 min),2026-06-28
2026-06-23,2026-06-25,World Cup,Tunisia,Netherlands,Elias Saad,Tunisia,F,sot,VALUABLE,0.451,3.1,0.3981,0.5379,5,True,VOID,0.0,DNP,2026-06-26
2026-06-23,2026-06-27,World Cup,Egypt,Iran,Mehdi Taremi,Iran,F,goals,VALUABLE,0.44,4.1,0.804,0.9844,5,True,LOSS,-1.0,,2026-06-28
2026-06-23,2026-06-25,World Cup,South Africa,South Korea,Jae-sung Lee,South Korea,F,goals,VALUABLE,0.403,4.55,0.8337,1.017,5,True,VOID,0.0,DNP (0 min),2026-06-26
2026-06-23,2026-06-23,World Cup,Panama,Croatia,Martin Baturina,Croatia,F,sot,VALUABLE,0.69,1.67,0.1523,0.2214,4,True,WIN,0.67,,2026-06-24
2026-06-23,2026-06-25,World Cup,Curaçao,Ivory Coast,Deveron Fonville,Curaçao,D,cards,MARKSMAN,0.406,3.8,0.5428,0.6971,3,True,LOSS,-1.0,,2026-06-26
2026-06-23,2026-06-25,World Cup,Curaçao,Ivory Coast,Yan Diomande,Ivory Coast,M,cards,MARKSMAN,0.377,5.4,1.0358,1.3412,5,True,VOID,0.0,DNP,2026-06-26
2026-06-23,2026-06-25,World Cup,Tunisia,Netherlands,Firas Chaouat,Tunisia,F,cards,MARKSMAN,0.365,4.5,0.6425,0.8068,5,True,VOID,0.0,DNP,2026-06-26
2026-06-23,2026-06-25,World Cup,Curaçao,Ivory Coast,Seko Fofana,Ivory Coast,M,cards,MARKSMAN,0.362,6.0,1.172,1.4978,5,True,VOID,0.0,DNP,2026-06-26
2026-06-23,2026-06-25,World Cup,Ecuador,Germany,Deniz Undav,Germany,F,cards,MARKSMAN,0.335,4.9,0.6415,0.8057,5,True,VOID,0.0,DNP,2026-06-26
2026-06-23,2026-06-26,World Cup,Paraguay,Australia,Jacob Italiano,Australia,M,cards,VALUABLE,0.217,5.5,0.1935,0.3725,5,True,VOID,0.0,DNP,2026-06-27
2026-06-23,2026-06-25,World Cup,Japan,Sweden,Tsuyoshi Watanabe,Japan,D,cards,SNIPER,0.192,9.0,0.728,0.9872,5,True,VOID,0.0,DNP,2026-06-26
2026-06-23,2026-06-25,World Cup,Tunisia,Netherlands,Jan Paul van Hecke,Netherlands,D,cards,MARKSMAN,0.181,7.0,0.267,0.457,5,True,VOID,0.0,DNP,2026-06-26
2026-06-23,2026-06-25,World Cup,Tunisia,Netherlands,Justin Kluivert,Netherlands,M,cards,MARKSMAN,0.168,7.5,0.26,0.449,5,True,VOID,0.0,DNP,2026-06-26
2026-06-23,2026-06-25,World Cup,Tunisia,Netherlands,Micky van de Ven,Netherlands,D,cards,MARKSMAN,0.164,8.5,0.394,0.6031,5,True,VOID,0.0,DNP,2026-06-26
2026-06-23,2026-06-25,World Cup,Tunisia,Netherlands,Virgil van Dijk,Netherlands,D,cards,MARKSMAN,0.158,8.5,0.343,0.5444,5,True,VOID,0.0,DNP,2026-06-26
2026-06-23,2026-06-27,World Cup,New Zealand,Belgium,Hans Vanaken,Belgium,M,sot,VALUABLE,0.8,1.45,0.16,0.2296,5,True,LOSS,-1.0,,2026-06-28
2026-06-23,2026-06-27,World Cup,New Zealand,Belgium,Youri Tielemans,Belgium,M,sot,VALUABLE,0.732,1.95,0.4274,0.513,5,True,LOSS,-1.0,,2026-06-28
2026-06-23,2026-06-27,World Cup,New Zealand,Belgium,Nicolas Raskin,Belgium,M,sot,VALUABLE,0.708,1.86,0.3169,0.3959,5,True,LOSS,-1.0,,2026-06-28
2026-06-23,2026-06-27,World Cup,New Zealand,Belgium,Diego Moreira,Belgium,F,sot,VALUABLE,0.691,1.68,0.1609,0.2305,5,True,VOID,0.0,DNP (0 min),2026-06-28
2026-06-23,2026-06-27,World Cup,New Zealand,Belgium,Amadou Onana,Belgium,M,sot,VALUABLE,0.67,2.2,0.474,0.5624,5,True,LOSS,-1.0,,2026-06-28
2026-06-23,2026-06-27,World Cup,New Zealand,Belgium,Hans Vanaken,Belgium,M,goals,VALUABLE,0.5,3.7,0.85,1.035,5,True,LOSS,-1.0,,2026-06-28
2026-06-23,2026-06-27,World Cup,New Zealand,Belgium,Alexis Saelemaekers,Belgium,M,goals,VALUABLE,0.5,4.9,1.45,1.695,5,True,WIN,3.9,,2026-06-28
2026-06-23,2026-06-27,World Cup,New Zealand,Belgium,Leandro Trossard,Belgium,M,goals,VALUABLE,0.5,2.8,0.4,0.484,5,True,WIN,1.8,,2026-06-28
2026-06-23,2026-06-27,World Cup,New Zealand,Belgium,Kevin De Bruyne,Belgium,M,goals,VALUABLE,0.5,2.7,0.35,0.431,5,True,WIN,1.7,,2026-06-28
2026-06-23,2026-06-27,World Cup,New Zealand,Belgium,Charles De Ketelaere,Belgium,F,goals,VALUABLE,0.5,2.5,0.25,0.325,5,True,LOSS,-1.0,,2026-06-28
2026-06-23,2026-06-27,World Cup,New Zealand,Belgium,Amadou Onana,Belgium,M,goals,VALUABLE,0.5,7.5,2.75,3.3125,5,True,LOSS,-1.0,,2026-06-28
2026-06-23,2026-06-27,World Cup,New Zealand,Belgium,Youri Tielemans,Belgium,M,goals,VALUABLE,0.5,4.5,1.25,1.475,5,True,LOSS,-1.0,,2026-06-28
2026-06-23,2026-06-27,World Cup,New Zealand,Belgium,Nicolas Raskin,Belgium,M,goals,VALUABLE,0.5,7.0,2.5,3.025,5,True,LOSS,-1.0,,2026-06-28
2026-06-23,2026-06-27,World Cup,New Zealand,Belgium,Dodi Lukebakio,Belgium,F,goals,VALUABLE,0.5,3.0,0.5,0.59,5,True,VOID,0.0,DNP (0 min),2026-06-28
2026-06-23,2026-06-27,World Cup,New Zealand,Belgium,Diego Moreira,Belgium,F,goals,VALUABLE,0.5,3.6,0.8,0.98,5,True,VOID,0.0,DNP (0 min),2026-06-28
2026-06-23,2026-06-27,World Cup,New Zealand,Belgium,Elijah Just,New Zealand,M,sot,VALUABLE,0.459,2.65,0.2164,0.2893,5,True,WIN,1.65,,2026-06-28
2026-06-23,2026-06-27,World Cup,New Zealand,Belgium,Chris Wood,New Zealand,F,goals,VALUABLE,0.416,6.0,1.496,1.8704,5,True,LOSS,-1.0,,2026-06-28
2026-06-23,2026-06-27,World Cup,New Zealand,Belgium,Finn Surman,New Zealand,D,sot,VALUABLE,0.397,9.5,2.7715,3.3372,5,True,LOSS,-1.0,,2026-06-28
2026-06-23,2026-06-27,World Cup,New Zealand,Belgium,Elijah Just,New Zealand,M,goals,VALUABLE,0.363,8.0,1.904,2.3396,5,True,WIN,7.0,,2026-06-28
2026-06-23,2026-06-27,World Cup,New Zealand,Belgium,Finn Surman,New Zealand,D,goals,VALUABLE,0.359,24.0,7.616,8.9084,5,True,LOSS,-1.0,,2026-06-28
2026-06-23,2026-06-27,World Cup,New Zealand,Belgium,Ben Waine,New Zealand,F,goals,VALUABLE,0.357,6.0,1.142,1.4633,5,True,VOID,0.0,DNP (0 min),2026-06-28
2026-06-23,2026-06-27,World Cup,New Zealand,Belgium,Kosta Barbarouses,New Zealand,F,goals,VALUABLE,0.352,7.5,1.64,2.036,3,True,VOID,0.0,DNP (0 min),2026-06-28
2026-06-23,2026-06-24,World Cup,Switzerland,Canada,Ruben Vargas,Switzerland,F,goals,MARKSMAN,0.5,4.3,1.15,1.365,5,True,WIN,3.3,,2026-06-25
2026-06-23,2026-06-25,World Cup,Ecuador,Germany,John Yeboah,Ecuador,F,sot,VALUABLE,0.646,1.9,0.2274,0.301,5,True,VOID,0.0,DNP,2026-06-26
2026-06-23,2026-06-27,World Cup,New Zealand,Belgium,Jérémy Doku,Belgium,F,goals,VALUABLE,0.5,2.9,0.45,0.537,5,True,LOSS,-1.0,,2026-06-28
2026-06-23,2026-06-26,World Cup,Norway,France,Antonio Nusa,Norway,M,sot,VALUABLE,0.49,2.6,0.274,0.3504,5,True,LOSS,-1.0,,2026-06-27
2026-06-23,2026-06-26,World Cup,Norway,France,Andreas Schjelderup,Norway,F,sot,VALUABLE,0.464,3.1,0.4384,0.5822,5,True,LOSS,-1.0,,2026-06-27
2026-06-24,2026-06-27,World Cup,New Zealand,Belgium,Chris Wood,New Zealand,F,sot,VALUABLE,0.535,2.15,0.1502,0.2193,5,True,LOSS,-1.0,,2026-06-28
2026-06-24,2026-06-26,World Cup,Norway,France,Marcus Pedersen,Norway,D,sot,VALUABLE,0.415,5.0,1.075,1.2825,5,True,LOSS,-1.0,,2026-06-27
2026-06-24,2026-06-26,World Cup,Norway,France,Marcus Pedersen,Norway,D,goals,VALUABLE,0.389,33.0,11.837,13.7625,5,True,LOSS,-1.0,,2026-06-27
2026-06-24,2026-06-25,World Cup,South Africa,South Korea,Tshepang Moremi,South Africa,M,cards,MARKSMAN,0.222,6.0,0.332,0.5318,5,True,LOSS,-1.0,,2026-06-26
2026-06-24,2026-06-24,World Cup,Switzerland,Canada,Liam Millar,Canada,M,cards,VALUABLE,0.19,6.5,0.235,0.4202,4,True,WIN,5.5,,2026-06-25
2026-06-24,2026-06-27,World Cup,Panama,England,Anthony Gordon,England,M,goals,VALUABLE,0.5,2.75,0.375,0.4575,5,True,VOID,0.0,DNP (0 min),2026-06-28
2026-06-24,2026-06-27,World Cup,Panama,England,Jude Bellingham,England,M,goals,VALUABLE,0.5,2.75,0.375,0.4575,5,True,WIN,1.75,,2026-06-28
2026-06-24,2026-06-27,World Cup,Panama,England,Declan Rice,England,M,goals,VALUABLE,0.5,4.6,1.3,1.53,5,True,VOID,0.0,DNP (0 min),2026-06-28
2026-06-24,2026-06-27,World Cup,Panama,England,Marcus Rashford,England,M,goals,VALUABLE,0.5,2.45,0.225,0.2985,5,True,LOSS,-1.0,,2026-06-28
2026-06-24,2026-06-27,World Cup,Panama,England,Bukayo Saka,England,F,goals,VALUABLE,0.5,2.5,0.25,0.325,5,True,LOSS,-1.0,,2026-06-28
2026-06-24,2026-06-27,World Cup,Panama,England,Eberechi Eze,England,M,goals,VALUABLE,0.5,2.9,0.45,0.537,5,True,LOSS,-1.0,,2026-06-28
2026-06-24,2026-06-27,World Cup,Panama,England,Ismael Díaz,Panama,F,goals,VALUABLE,0.423,5.0,1.115,1.3265,3,True,LOSS,-1.0,,2026-06-28
2026-06-24,2026-06-27,World Cup,Panama,England,Cecilio Waterman,Panama,F,goals,VALUABLE,0.378,5.6,1.1168,1.4343,4,True,VOID,0.0,DNP (0 min),2026-06-28
2026-06-24,2026-06-27,World Cup,Panama,England,José Luis Rodríguez,Panama,F,goals,VALUABLE,0.371,8.0,1.968,2.4132,5,True,LOSS,-1.0,,2026-06-28
2026-06-24,2026-06-27,World Cup,Panama,England,Carlos Harvey,Panama,M,goals,VALUABLE,0.357,19.0,5.783,6.8004,5,True,LOSS,-1.0,,2026-06-28
2026-06-24,2026-06-27,World Cup,Panama,England,Jiovany Ramos,Panama,D,goals,VALUABLE,0.352,20.0,6.04,7.096,4,True,VOID,0.0,DNP (0 min),2026-06-28
2026-06-24,2026-06-27,World Cup,Panama,England,José Córdoba,Panama,D,goals,VALUABLE,0.348,26.0,8.048,9.4052,5,True,LOSS,-1.0,,2026-06-28
2026-06-24,2026-06-27,World Cup,Panama,England,Morgan Rogers,England,F,goals,VALUABLE,0.5,2.75,0.375,0.4575,5,True,LOSS,-1.0,,2026-06-28
2026-06-24,2026-06-27,World Cup,Croatia,Ghana,Luka Modrić,Croatia,M,goals,VALUABLE,0.5,4.8,1.4,1.64,5,True,LOSS,-1.0,,2026-06-28
2026-06-24,2026-06-27,World Cup,Croatia,Ghana,Nikola Vlašić,Croatia,M,goals,VALUABLE,0.5,3.8,0.9,1.09,5,True,WIN,2.8,,2026-06-28
2026-06-24,2026-06-27,World Cup,Croatia,Ghana,Mario Pašalić,Croatia,M,goals,VALUABLE,0.5,6.0,2.0,2.45,5,True,LOSS,-1.0,,2026-06-28
2026-06-24,2026-06-27,World Cup,Croatia,Ghana,Martin Baturina,Croatia,M,goals,VALUABLE,0.5,3.7,0.85,1.035,5,True,LOSS,-1.0,,2026-06-28
2026-06-24,2026-06-27,World Cup,Croatia,Ghana,Toni Fruk,Croatia,M,goals,VALUABLE,0.5,3.25,0.625,0.7875,3,True,VOID,0.0,DNP (0 min),2026-06-28
2026-06-24,2026-06-27,World Cup,Croatia,Ghana,Marco Pašalić,Croatia,F,goals,VALUABLE,0.5,3.75,0.875,1.0625,5,True,LOSS,-1.0,,2026-06-28
2026-06-24,2026-06-27,World Cup,Croatia,Ghana,Luka Vušković,Croatia,D,goals,VALUABLE,0.5,8.5,3.25,3.8875,3,True,VOID,0.0,DNP (0 min),2026-06-28
2026-06-24,2026-06-27,World Cup,Croatia,Ghana,Petar Musa,Croatia,F,goals,VALUABLE,0.5,2.62,0.31,0.3886,4,True,VOID,0.0,DNP (0 min),2026-06-28
2026-06-24,2026-06-27,World Cup,Croatia,Ghana,Kristijan Jakić,Croatia,M,goals,VALUABLE,0.5,8.5,3.25,3.8875,5,True,VOID,0.0,DNP (0 min),2026-06-28
2026-06-24,2026-06-27,World Cup,Croatia,Ghana,Ante Budimir,Croatia,F,goals,VALUABLE,0.5,2.45,0.225,0.2985,5,True,LOSS,-1.0,,2026-06-28
2026-06-24,2026-06-27,World Cup,Croatia,Ghana,Igor Matanović,Croatia,F,goals,VALUABLE,0.5,2.75,0.375,0.4575,4,True,LOSS,-1.0,,2026-06-28
2026-06-24,2026-06-27,World Cup,Croatia,Ghana,Abdul Fatawu Issahaku,Ghana,F,goals,VALUABLE,0.398,6.5,1.587,1.975,5,True,LOSS,-1.0,,2026-06-28
2026-06-24,2026-06-27,World Cup,Croatia,Ghana,Jordan Ayew,Ghana,F,goals,VALUABLE,0.397,5.8,1.3026,1.648,5,True,LOSS,-1.0,,2026-06-28
2026-06-24,2026-06-27,World Cup,Croatia,Ghana,Ernest Nuamah,Ghana,M,goals,VALUABLE,0.397,7.0,1.779,2.1959,4,True,LOSS,-1.0,,2026-06-28
2026-06-24,2026-06-27,World Cup,Croatia,Ghana,Caleb Yirenkyi,Ghana,M,goals,VALUABLE,0.393,8.5,2.3405,2.8416,5,True,LOSS,-1.0,,2026-06-28
2026-06-24,2026-06-27,World Cup,Croatia,Ghana,Prince Kwabena Adu,Ghana,F,goals,VALUABLE,0.392,6.0,1.352,1.7048,5,True,VOID,0.0,DNP (0 min),2026-06-28
2026-06-24,2026-06-24,World Cup,Bosnia & Herzegovina,Qatar,Ermedin Demirović,Bosnia & Herzegovina,F,sot,VALUABLE,0.8,1.57,0.256,0.3314,5,True,WIN,0.57,,2026-06-25
2026-06-24,2026-06-24,World Cup,Scotland,Brazil,Lucas Paquetá,Brazil,M,sot,VALUABLE,0.672,1.8,0.2096,0.2822,5,True,LOSS,-1.0,,2026-06-25
2026-06-24,2026-06-24,World Cup,Scotland,Brazil,Che Adams,Scotland,F,sot,VALUABLE,0.508,2.3,0.1684,0.2385,5,True,LOSS,-1.0,,2026-06-25
2026-06-24,2026-06-27,World Cup,Croatia,Ghana,Andrej Kramarić,Croatia,F,goals,VALUABLE,0.5,2.9,0.45,0.537,5,True,VOID,0.0,DNP (0 min),2026-06-28
2026-06-24,2026-06-25,World Cup,South Africa,South Korea,Relebohile Mofokeng,South Africa,F,sot,VALUABLE,0.486,2.55,0.2393,0.3137,5,True,LOSS,-1.0,,2026-06-26
2026-06-24,2026-06-27,World Cup,Panama,England,Declan Rice,England,M,sot,VALUABLE,0.785,1.74,0.3659,0.4479,5,True,VOID,0.0,DNP (0 min),2026-06-28
2026-06-24,2026-06-27,World Cup,Croatia,Ghana,Ivan Perišić,Croatia,F,sot,VALUABLE,0.702,1.83,0.2847,0.3617,5,True,WIN,0.83,,2026-06-28
2026-06-24,2026-06-27,World Cup,Croatia,Ghana,Martin Baturina,Croatia,F,sot,VALUABLE,0.697,1.8,0.2546,0.3299,5,True,LOSS,-1.0,,2026-06-28
2026-06-24,2026-06-26,World Cup,Norway,France,Maghnes Akliouche,France,M,sot,VALUABLE,0.689,1.67,0.1506,0.2197,5,True,VOID,0.0,DNP (0 min),2026-06-27
2026-06-24,2026-06-27,World Cup,Croatia,Ghana,Luka Modrić,Croatia,M,sot,VALUABLE,0.589,2.05,0.2074,0.2799,5,True,LOSS,-1.0,,2026-06-28
2026-06-24,2026-06-27,World Cup,Croatia,Ghana,Kristijan Jakić,Croatia,M,sot,VALUABLE,0.557,3.1,0.7267,0.8994,5,True,VOID,0.0,DNP (0 min),2026-06-28
2026-06-24,2026-06-24,World Cup,Scotland,Brazil,Vinicius Júnior,Brazil,F,goals,VALUABLE,0.5,2.33,0.165,0.2349,5,True,WIN,1.33,,2026-06-25
2026-06-24,2026-06-27,World Cup,Croatia,Ghana,Caleb Yirenkyi,Ghana,M,sot,VALUABLE,0.355,4.4,0.562,0.7182,5,True,LOSS,-1.0,,2026-06-28
2026-06-24,2026-06-27,World Cup,Panama,England,José Córdoba,Panama,D,sot,VALUABLE,0.22,10.0,1.2,1.53,5,True,LOSS,-1.0,,2026-06-28
2026-06-24,2026-06-27,World Cup,New Zealand,Belgium,Romelu Lukaku,Belgium,F,cards,MARKSMAN,0.371,7.0,1.597,1.9865,5,True,LOSS,-1.0,,2026-06-28
2026-06-24,2026-06-27,World Cup,Egypt,Iran,Mohanad Lasheen,Egypt,M,cards,MARKSMAN,0.254,5.5,0.397,0.6066,5,True,WIN,4.5,,2026-06-28
2026-06-24,2026-06-26,World Cup,Norway,France,Aurélien Tchouaméni,France,M,cards,VALUABLE,0.239,5.1,0.2189,0.4017,5,True,WIN,4.1,,2026-06-27
2026-06-24,2026-06-26,World Cup,Norway,France,Adrien Rabiot,France,M,cards,VALUABLE,0.205,5.75,0.1787,0.3556,5,True,VOID,0.0,DNP (0 min),2026-06-27
2026-06-24,2026-06-26,World Cup,Norway,France,Michael Olise,France,M,cards,MARKSMAN,0.166,8.0,0.328,0.5272,5,True,LOSS,-1.0,,2026-06-27
2026-06-24,2026-06-27,World Cup,Colombia,Portugal,Nuno Mendes,Portugal,D,sot,VALUABLE,0.571,2.45,0.3989,0.4829,5,True,LOSS,-1.0,,2026-06-28
2026-06-24,2026-06-27,World Cup,Colombia,Portugal,Bernardo Silva,Portugal,F,sot,VALUABLE,0.557,2.25,0.2533,0.3284,5,True,VOID,0.0,DNP (0 min),2026-06-28
2026-06-24,2026-06-27,World Cup,Colombia,Portugal,Bruno Fernandes,Portugal,M,goals,VALUABLE,0.5,3.8,0.9,1.09,5,True,LOSS,-1.0,,2026-06-28
2026-06-24,2026-06-27,World Cup,Colombia,Portugal,Gonçalo Guedes,Portugal,F,goals,VALUABLE,0.5,3.2,0.6,0.76,5,True,VOID,0.0,DNP (0 min),2026-06-28
2026-06-24,2026-06-27,World Cup,Colombia,Portugal,Pedro Neto,Portugal,M,goals,VALUABLE,0.5,4.9,1.45,1.695,5,True,LOSS,-1.0,,2026-06-28
2026-06-24,2026-06-27,World Cup,Colombia,Portugal,Francisco Conceição,Portugal,F,goals,VALUABLE,0.5,4.4,1.2,1.42,5,True,VOID,0.0,DNP (0 min),2026-06-28
2026-06-24,2026-06-27,World Cup,Colombia,Portugal,Francisco Trincão,Portugal,F,goals,VALUABLE,0.5,4.0,1.0,1.2,5,True,VOID,0.0,DNP (0 min),2026-06-28
2026-06-24,2026-06-27,World Cup,Colombia,Portugal,Rafael Leão,Portugal,F,goals,VALUABLE,0.5,3.6,0.8,0.98,5,True,LOSS,-1.0,,2026-06-28
2026-06-24,2026-06-27,World Cup,Colombia,Portugal,Nuno Mendes,Portugal,D,goals,VALUABLE,0.5,11.0,4.5,5.325,5,True,LOSS,-1.0,,2026-06-28
2026-06-24,2026-06-27,World Cup,Colombia,Portugal,Jefferson Lerma,Colombia,M,sot,VALUABLE,0.405,2.85,0.1543,0.2235,5,True,WIN,1.85,,2026-06-28
2026-06-24,2026-06-27,World Cup,Colombia,Portugal,Daniel Muñoz,Colombia,D,sot,VALUABLE,0.399,3.15,0.2569,0.3825,5,True,LOSS,-1.0,,2026-06-28
2026-06-24,2026-06-27,World Cup,Colombia,Portugal,James Rodríguez,Colombia,F,goals,VALUABLE,0.39,6.0,1.34,1.691,5,True,LOSS,-1.0,,2026-06-28
2026-06-24,2026-06-27,World Cup,Colombia,Portugal,Davinson Sánchez,Colombia,D,sot,VALUABLE,0.387,4.4,0.7028,0.8731,5,True,LOSS,-1.0,,2026-06-28
2026-06-24,2026-06-27,World Cup,Colombia,Portugal,Yerry Mina,Colombia,D,sot,VALUABLE,0.381,3.4,0.2954,0.4249,5,True,VOID,0.0,DNP (0 min),2026-06-28
2026-06-24,2026-06-27,World Cup,Colombia,Portugal,Jhon Arias,Colombia,M,goals,VALUABLE,0.377,7.7,1.9029,2.3383,5,True,LOSS,-1.0,,2026-06-28
2026-06-24,2026-06-27,World Cup,Colombia,Portugal,Daniel Muñoz,Colombia,D,goals,VALUABLE,0.367,16.5,5.0555,5.9638,5,True,LOSS,-1.0,,2026-06-28
2026-06-24,2026-06-27,World Cup,Colombia,Portugal,Jefferson Lerma,Colombia,M,goals,VALUABLE,0.366,13.0,3.758,4.4717,5,True,LOSS,-1.0,,2026-06-28
2026-06-24,2026-06-27,World Cup,Colombia,Portugal,Davinson Sánchez,Colombia,D,goals,VALUABLE,0.362,20.0,6.24,7.326,5,True,LOSS,-1.0,,2026-06-28
2026-06-24,2026-06-27,World Cup,Colombia,Portugal,Yerry Mina,Colombia,D,goals,VALUABLE,0.361,17.0,5.137,6.0575,5,True,VOID,0.0,DNP (0 min),2026-06-28
2026-06-24,2026-06-28,World Cup,Jordan,Argentina,Leandro Paredes,Argentina,M,sot,VALUABLE,0.8,2.05,0.64,0.7384,5,True,LOSS,-1.0,,2026-06-29
2026-06-24,2026-06-28,World Cup,Jordan,Argentina,Giuliano Simeone,Argentina,M,sot,VALUABLE,0.793,1.51,0.1974,0.2693,5,True,LOSS,-1.0,,2026-06-29
2026-06-24,2026-06-28,World Cup,Jordan,Argentina,Valentín Barco,Argentina,M,sot,VALUABLE,0.678,2.2,0.4916,0.5811,5,True,LOSS,-1.0,,2026-06-29
2026-06-24,2026-06-28,World Cup,Algeria,Austria,Stefan Posch,Austria,D,sot,VALUABLE,0.512,3.55,0.8176,0.9994,5,True,LOSS,-1.0,,2026-06-29
2026-06-24,2026-06-28,World Cup,Jordan,Argentina,Thiago Almada,Argentina,M,goals,VALUABLE,0.5,3.0,0.5,0.59,5,True,LOSS,-1.0,,2026-06-29
2026-06-24,2026-06-28,World Cup,Jordan,Argentina,Leandro Paredes,Argentina,M,goals,VALUABLE,0.5,4.8,1.4,1.64,5,True,LOSS,-1.0,,2026-06-29
2026-06-24,2026-06-28,World Cup,Jordan,Argentina,Valentín Barco,Argentina,M,goals,VALUABLE,0.5,4.0,1.0,1.2,5,True,LOSS,-1.0,,2026-06-29
2026-06-24,2026-06-28,World Cup,Jordan,Argentina,Giuliano Simeone,Argentina,M,goals,VALUABLE,0.5,2.8,0.4,0.484,5,True,LOSS,-1.0,,2026-06-29
2026-06-24,2026-06-28,World Cup,Algeria,Austria,Nicolas Seiwald,Austria,M,sot,VALUABLE,0.479,3.35,0.6046,0.7651,5,True,LOSS,-1.0,,2026-06-29
2026-06-24,2026-06-28,World Cup,Algeria,Austria,Michael Gregoritsch,Austria,F,goals,VALUABLE,0.477,3.5,0.6695,0.8365,5,True,LOSS,-1.0,,2026-06-29
2026-06-24,2026-06-28,World Cup,Algeria,Austria,Marko Arnautović,Austria,F,goals,VALUABLE,0.469,3.3,0.5477,0.7025,5,True,WIN,2.3,,2026-06-29
2026-06-24,2026-06-28,World Cup,Algeria,Austria,Romano Schmid,Austria,M,goals,VALUABLE,0.457,5.5,1.5135,1.8905,5,True,LOSS,-1.0,,2026-06-29
2026-06-24,2026-06-28,World Cup,Algeria,Austria,Marcel Sabitzer,Austria,M,goals,VALUABLE,0.453,4.5,1.0385,1.2424,5,True,WIN,3.5,,2026-06-29
2026-06-24,2026-06-28,World Cup,Algeria,Austria,Stefan Posch,Austria,D,goals,VALUABLE,0.449,12.0,4.388,5.1962,5,True,LOSS,-1.0,,2026-06-29
2026-06-24,2026-06-28,World Cup,Algeria,Austria,Nicolas Seiwald,Austria,M,goals,VALUABLE,0.447,12.0,4.364,5.1686,5,True,LOSS,-1.0,,2026-06-29
2026-06-24,2026-06-28,World Cup,Algeria,Austria,Amine Gouiri,Algeria,F,goals,VALUABLE,0.394,3.75,0.4775,0.6253,5,True,LOSS,-1.0,,2026-06-29
2026-06-24,2026-06-28,World Cup,Algeria,Austria,Zineddine Belaid,Algeria,D,sot,VALUABLE,0.386,7.0,1.702,2.1073,5,True,LOSS,-1.0,,2026-06-29
2026-06-24,2026-06-28,World Cup,Algeria,Austria,Farès Chaïbi,Algeria,F,goals,VALUABLE,0.382,8.5,2.247,2.734,5,True,LOSS,-1.0,,2026-06-29
2026-06-24,2026-06-28,World Cup,Algeria,Austria,Ibrahim Maza,Algeria,F,goals,VALUABLE,0.381,5.5,1.0955,1.4098,5,True,LOSS,-1.0,,2026-06-29
2026-06-24,2026-06-28,World Cup,Algeria,Austria,Anis Hadj Moussa,Algeria,F,goals,VALUABLE,0.375,5.5,1.0625,1.3719,5,True,VOID,0.0,DNP (0 min),2026-06-29
2026-06-24,2026-06-28,World Cup,Algeria,Austria,Riyad Mahrez,Algeria,F,goals,VALUABLE,0.368,3.9,0.4352,0.5787,5,True,WIN,2.9,,2026-06-29
2026-06-24,2026-06-28,World Cup,Algeria,Austria,Zineddine Belaid,Algeria,D,goals,VALUABLE,0.366,15.0,4.49,5.3135,5,True,LOSS,-1.0,,2026-06-29
2026-06-25,2026-06-27,World Cup,Panama,England,Carlos Harvey,Panama,M,sot,VALUABLE,0.243,5.5,0.3365,0.537,5,True,LOSS,-1.0,,2026-06-28
2026-06-25,2026-06-27,World Cup,Colombia,Portugal,Bernardo Silva,Portugal,F,goals,VALUABLE,0.497,5.0,1.485,1.7335,5,True,VOID,0.0,DNP (0 min),2026-06-28
2026-06-25,2026-06-28,World Cup,South Africa,Canada,Jonathan David,Canada,F,goals,VALUABLE,0.5,2.45,0.225,0.2985,5,True,LOSS,-1.0,,2026-06-29
2026-06-25,2026-06-28,World Cup,South Africa,Canada,Tani Oluwaseyi,Canada,F,goals,VALUABLE,0.5,3.1,0.55,0.705,5,True,LOSS,-1.0,,2026-06-29
2026-06-25,2026-06-28,World Cup,South Africa,Canada,Evidence Makgopa,South Africa,F,goals,VALUABLE,0.5,5.5,1.75,2.1625,5,True,LOSS,-1.0,,2026-06-29
2026-06-25,2026-06-28,World Cup,South Africa,Canada,Oswin Appollis,South Africa,F,goals,MARKSMAN,0.5,6.1,2.05,2.5075,5,True,LOSS,-1.0,,2026-06-29
2026-06-25,2026-06-28,World Cup,South Africa,Canada,Lyle Foster,South Africa,F,goals,VALUABLE,0.5,4.2,1.1,1.31,5,True,VOID,0.0,DNP (0 min),2026-06-29
2026-06-25,2026-06-28,World Cup,South Africa,Canada,Tshepang Moremi,South Africa,M,goals,VALUABLE,0.5,7.5,2.75,3.3125,5,True,LOSS,-1.0,,2026-06-29
2026-06-25,2026-06-28,World Cup,South Africa,Canada,Cyle Larin,Canada,F,goals,VALUABLE,0.5,2.75,0.375,0.4575,5,True,VOID,0.0,DNP (0 min),2026-06-29
2026-06-25,2026-06-28,World Cup,South Africa,Canada,Teboho Mokoena,South Africa,M,goals,VALUABLE,0.5,6.5,2.25,2.7375,5,True,LOSS,-1.0,,2026-06-29
2026-06-25,2026-06-28,World Cup,South Africa,Canada,Relebohile Mofokeng,South Africa,F,goals,VALUABLE,0.5,8.0,3.0,3.6,5,True,LOSS,-1.0,,2026-06-29
2026-06-25,2026-06-27,World Cup,Croatia,Ghana,Ivan Perišić,Croatia,F,goals,VALUABLE,0.5,4.5,1.25,1.475,5,True,LOSS,-1.0,,2026-06-28
2026-06-25,2026-06-28,World Cup,South Africa,Canada,Nathan-Dylan Saliba,Canada,M,goals,VALUABLE,0.293,7.1,1.0803,1.3923,5,True,LOSS,-1.0,,2026-06-29
2026-06-25,2026-06-27,World Cup,New Zealand,Belgium,Kevin De Bruyne,Belgium,M,sot,VALUABLE,0.8,1.44,0.152,0.2211,5,True,WIN,0.44,,2026-06-28
2026-06-25,2026-06-26,World Cup,Senegal,Iraq,Ismaïla Sarr,Senegal,M,sot,VALUABLE,0.8,1.44,0.152,0.2211,5,True,WIN,0.44,,2026-06-27
2026-06-25,2026-06-26,World Cup,Senegal,Iraq,Sadio Mané,Senegal,M,sot,VALUABLE,0.8,1.44,0.152,0.2211,5,True,WIN,0.44,,2026-06-27
2026-06-25,2026-06-27,World Cup,New Zealand,Belgium,Alexis Saelemaekers,Belgium,F,sot,VALUABLE,0.8,1.61,0.288,0.3653,5,True,WIN,0.61,,2026-06-28
2026-06-25,2026-06-27,World Cup,New Zealand,Belgium,Leandro Trossard,Belgium,M,sot,VALUABLE,0.8,1.44,0.152,0.2211,5,True,WIN,0.44,,2026-06-28
2026-06-25,2026-06-27,World Cup,Panama,England,Morgan Rogers,England,F,sot,VALUABLE,0.788,1.5,0.182,0.2529,5,True,LOSS,-1.0,,2026-06-28
2026-06-25,2026-06-25,World Cup,Ecuador,Germany,Jamal Musiala,Germany,M,sot,VALUABLE,0.745,1.55,0.1547,0.224,5,True,VOID,0.0,DNP,2026-06-26
2026-06-25,2026-06-27,World Cup,Croatia,Ghana,Mario Pašalić,Croatia,M,sot,VALUABLE,0.628,2.25,0.413,0.4978,5,True,WIN,1.25,,2026-06-28
2026-06-25,2026-06-28,World Cup,South Africa,Canada,Relebohile Mofokeng,South Africa,F,sot,VALUABLE,0.42,2.75,0.155,0.2243,5,True,LOSS,-1.0,,2026-06-29
2026-06-25,2026-06-28,World Cup,South Africa,Canada,Teboho Mokoena,South Africa,M,sot,VALUABLE,0.412,2.9,0.1948,0.2665,5,True,WIN,1.9,,2026-06-29
2026-06-26,2026-06-28,World Cup,South Africa,Canada,Mbekezeli Mbokazi,South Africa,D,goals,VALUABLE,0.311,19.0,4.909,5.7954,5,True,LOSS,-1.0,,2026-06-29
2026-06-26,2026-06-29,World Cup,Brazil,Japan,Daichi Kamada,Japan,M,goals,VALUABLE,0.5,8.5,3.25,3.8875,5,True,LOSS,-1.0,,2026-06-30
2026-06-26,2026-06-29,World Cup,Brazil,Japan,Junya Ito,Japan,M,goals,VALUABLE,0.5,5.5,1.75,2.1625,5,True,LOSS,-1.0,,2026-06-30
2026-06-26,2026-06-29,World Cup,Brazil,Japan,Lucas Paquetá,Brazil,M,goals,VALUABLE,0.5,4.5,1.25,1.475,5,True,LOSS,-1.0,,2026-06-30
2026-06-26,2026-06-29,World Cup,Brazil,Japan,Ayase Ueda,Japan,F,goals,VALUABLE,0.5,3.9,0.95,1.145,5,True,LOSS,-1.0,,2026-06-30
2026-06-26,2026-06-29,World Cup,Brazil,Japan,Shuto Machino,Japan,F,goals,VALUABLE,0.5,4.8,1.4,1.64,5,True,LOSS,-1.0,,2026-06-30
2026-06-26,2026-06-29,World Cup,Brazil,Japan,Bruno Guimarães,Brazil,M,goals,VALUABLE,0.5,7.5,2.75,3.3125,5,True,LOSS,-1.0,,2026-06-30
2026-06-26,2026-06-29,World Cup,Brazil,Japan,Keito Nakamura,Japan,M,goals,VALUABLE,0.5,7.0,2.5,3.025,5,True,LOSS,-1.0,,2026-06-30
2026-06-26,2026-06-29,World Cup,Brazil,Japan,Koki Ogawa,Japan,F,goals,VALUABLE,0.5,4.4,1.2,1.42,5,True,LOSS,-1.0,,2026-06-30
2026-06-26,2026-06-29,World Cup,Brazil,Japan,Takefusa Kubo,Japan,F,goals,VALUABLE,0.5,6.0,2.0,2.45,5,True,VOID,0.0,DNP (0 min),2026-06-30
2026-06-26,2026-07-02,World Cup,USA,Bosnia & Herzegovina,Christian Pulišić,USA,F,goals,VALUABLE,0.5,2.38,0.19,0.2614,5,True,LOSS,-1.0,,2026-07-03
2026-06-26,2026-07-02,World Cup,USA,Bosnia & Herzegovina,Sergiño Dest,USA,M,goals,VALUABLE,0.5,5.0,1.5,1.75,5,True,LOSS,-1.0,,2026-07-03
2026-06-26,2026-07-02,World Cup,USA,Bosnia & Herzegovina,Antonee Robinson,USA,M,goals,VALUABLE,0.5,7.0,2.5,3.025,5,True,LOSS,-1.0,,2026-07-03
2026-06-26,2026-07-02,World Cup,USA,Bosnia & Herzegovina,Haji Wright,USA,F,goals,VALUABLE,0.5,2.45,0.225,0.2985,5,True,VOID,0.0,DNP (0 min),2026-07-03
2026-06-26,2026-06-27,World Cup,Uruguay,Spain,Borja Iglesias,Spain,F,goals,VALUABLE,0.5,2.3,0.15,0.219,5,True,VOID,0.0,DNP (0 min),2026-06-28
2026-06-26,2026-06-30,World Cup,Netherlands,Morocco,Achraf Hakimi,Morocco,D,goals,VALUABLE,0.5,8.0,3.0,3.6,5,,,,,
2026-06-26,2026-06-30,World Cup,Netherlands,Morocco,Brahim Díaz,Morocco,M,goals,VALUABLE,0.5,4.5,1.25,1.475,5,,,,,
2026-06-26,2026-06-30,World Cup,Netherlands,Morocco,Soufiane Rahimi,Morocco,F,goals,VALUABLE,0.5,4.2,1.1,1.31,5,,,,,
2026-06-26,2026-06-30,World Cup,Netherlands,Morocco,Ismael Saibari,Morocco,M,goals,VALUABLE,0.5,3.6,0.8,0.98,5,,,,,
2026-06-26,2026-06-30,World Cup,Netherlands,Morocco,Neil El Aynaoui,Morocco,M,goals,VALUABLE,0.5,8.0,3.0,3.6,5,,,,,
2026-06-26,2026-07-02,World Cup,USA,Bosnia & Herzegovina,Giovanni Reyna,USA,M,goals,VALUABLE,0.5,2.9,0.45,0.537,5,True,LOSS,-1.0,,2026-07-03
2026-06-26,2026-06-30,World Cup,Netherlands,Morocco,Cody Gakpo,Netherlands,F,goals,VALUABLE,0.5,3.0,0.5,0.59,5,,,,,
2026-06-26,2026-06-30,World Cup,Netherlands,Morocco,Virgil van Dijk,Netherlands,D,goals,VALUABLE,0.5,8.0,3.0,3.6,5,,,,,
2026-06-26,2026-06-30,World Cup,Netherlands,Morocco,Crysencio Summerville,Netherlands,F,goals,VALUABLE,0.5,4.4,1.2,1.42,5,,,,,
2026-06-26,2026-06-30,World Cup,Netherlands,Morocco,Jan Paul van Hecke,Netherlands,D,goals,VALUABLE,0.5,11.0,4.5,5.325,5,,,,,
2026-06-26,2026-06-30,World Cup,Netherlands,Morocco,Brian Brobbey,Netherlands,F,goals,VALUABLE,0.5,3.25,0.625,0.7875,5,,,,,
2026-06-26,2026-06-30,World Cup,Netherlands,Morocco,Justin Kluivert,Netherlands,F,goals,VALUABLE,0.5,4.75,1.375,1.6125,5,,,,,
2026-06-26,2026-06-30,World Cup,Netherlands,Morocco,Memphis Depay,Netherlands,F,goals,MARKSMAN,0.479,3.1,0.4849,0.6334,5,,,,,
2026-06-26,2026-07-02,World Cup,USA,Bosnia & Herzegovina,Ermedin Demirović,Bosnia & Herzegovina,F,goals,VALUABLE,0.34,5.0,0.7,0.87,5,True,LOSS,-1.0,,2026-07-03
2026-06-26,2026-07-02,World Cup,USA,Bosnia & Herzegovina,Edin Džeko,Bosnia & Herzegovina,F,goals,VALUABLE,0.316,4.0,0.264,0.3904,5,True,LOSS,-1.0,,2026-07-03
2026-06-26,2026-07-02,World Cup,USA,Bosnia & Herzegovina,Kerim Alajbegović,Bosnia & Herzegovina,F,goals,VALUABLE,0.308,6.5,1.002,1.3023,5,True,LOSS,-1.0,,2026-07-03
2026-06-26,2026-07-02,World Cup,USA,Bosnia & Herzegovina,Haris Tabaković,Bosnia & Herzegovina,F,goals,VALUABLE,0.306,4.75,0.4535,0.5989,5,True,LOSS,-1.0,,2026-07-03
2026-06-26,2026-07-02,World Cup,USA,Bosnia & Herzegovina,Armin Gigović,Bosnia & Herzegovina,M,goals,VALUABLE,0.304,10.0,2.04,2.496,5,True,LOSS,-1.0,,2026-07-03
2026-06-26,2026-06-29,World Cup,Brazil,Japan,Gabriel Martinelli,Brazil,F,goals,VALUABLE,0.291,4.2,0.2222,0.3444,5,True,WIN,3.2,,2026-06-30
2026-06-26,2026-07-02,World Cup,USA,Bosnia & Herzegovina,Folarin Balogun,USA,F,goals,VALUABLE,0.5,2.42,0.21,0.2826,5,True,WIN,1.42,,2026-07-03
2026-06-26,2026-06-27,World Cup,Panama,England,Harry Kane,England,F,goals,VALUABLE,0.5,2.37,0.185,0.2561,5,True,WIN,1.37,,2026-06-28
2026-06-26,2026-06-30,World Cup,Netherlands,Morocco,Donyell Malen,Netherlands,F,goals,VALUABLE,0.5,3.8,0.9,1.09,5,,,,,
2026-06-26,2026-06-27,World Cup,Colombia,Portugal,Cristiano Ronaldo,Portugal,F,goals,VALUABLE,0.5,2.31,0.155,0.2243,5,True,LOSS,-1.0,,2026-06-28
2026-06-26,2026-06-29,World Cup,Brazil,Japan,Ritsu Doan,Japan,F,goals,VALUABLE,0.332,7.5,1.49,1.8635,5,True,LOSS,-1.0,,2026-06-30
2026-06-26,2026-07-02,World Cup,USA,Bosnia & Herzegovina,Malik Tillman,USA,F,goals,VALUABLE,0.5,4.4,1.2,1.42,5,True,WIN,3.4,,2026-07-03
2026-06-26,2026-07-02,World Cup,USA,Bosnia & Herzegovina,Esmir Bajraktarević,Bosnia & Herzegovina,F,goals,VALUABLE,0.259,9.2,1.3828,1.7402,5,True,LOSS,-1.0,,2026-07-03
2026-06-27,2026-07-02,World Cup,USA,Bosnia & Herzegovina,Sebastian Berhalter,USA,M,goals,VALUABLE,0.5,5.0,1.5,1.75,5,True,LOSS,-1.0,,2026-07-03
2026-06-27,2026-07-02,World Cup,USA,Bosnia & Herzegovina,Auston Trusty,USA,D,goals,VALUABLE,0.31,9.5,1.945,2.3868,5,True,VOID,0.0,DNP (0 min),2026-07-03
2026-06-27,2026-06-30,World Cup,Ivory Coast,Norway,Antonio Nusa,Norway,M,goals,VALUABLE,0.5,4.8,1.4,1.64,5,True,WIN,3.8,,2026-07-01
2026-06-27,2026-06-30,World Cup,Ivory Coast,Norway,Evann Guessand,Ivory Coast,F,goals,VALUABLE,0.397,3.8,0.5086,0.6595,5,True,LOSS,-1.0,,2026-07-01
2026-06-27,2026-06-30,World Cup,Ivory Coast,Norway,Bazoumana Touré,Ivory Coast,F,goals,VALUABLE,0.382,6.0,1.292,1.6358,5,True,LOSS,-1.0,,2026-07-01
2026-06-27,2026-06-30,World Cup,Ivory Coast,Norway,Nicolas Pépé,Ivory Coast,F,goals,VALUABLE,0.381,4.6,0.7526,0.9279,5,True,LOSS,-1.0,,2026-07-01
2026-06-27,2026-06-30,World Cup,Ivory Coast,Norway,Simon Adingra,Ivory Coast,F,goals,VALUABLE,0.379,4.8,0.8192,1.0011,5,True,VOID,0.0,DNP (0 min),2026-07-01
2026-06-27,2026-06-30,World Cup,Ivory Coast,Norway,Ange-Yoan Bonny,Ivory Coast,F,goals,VALUABLE,0.376,3.8,0.4288,0.5717,5,True,LOSS,-1.0,,2026-07-01
2026-06-27,2026-06-30,World Cup,Ivory Coast,Norway,Franck Kessié,Ivory Coast,M,goals,VALUABLE,0.374,7.0,1.618,2.0107,5,True,LOSS,-1.0,,2026-07-01
2026-06-27,2026-06-30,World Cup,Ivory Coast,Norway,Amad Diallo,Ivory Coast,M,goals,VALUABLE,0.374,4.2,0.5708,0.7279,5,True,WIN,3.2,,2026-07-01
2026-06-27,2026-06-30,World Cup,Ivory Coast,Norway,Marcus Pedersen,Norway,D,goals,VALUABLE,0.279,12.0,2.348,2.8502,5,True,LOSS,-1.0,,2026-07-01
2026-06-27,2026-06-30,World Cup,Ivory Coast,Norway,Thelo Aasgaard,Norway,M,goals,VALUABLE,0.259,4.5,0.1655,0.2821,5,True,VOID,0.0,DNP (0 min),2026-07-01
2026-06-27,2026-06-30,World Cup,Ivory Coast,Norway,Guéla Doué,Ivory Coast,D,goals,VALUABLE,0.216,13.0,1.808,2.2292,5,True,LOSS,-1.0,,2026-07-01
2026-06-27,2026-06-29,World Cup,Germany,Paraguay,Florian Wirtz,Germany,M,goals,VALUABLE,0.5,2.75,0.375,0.4575,5,,,,,
2026-06-27,2026-06-29,World Cup,Germany,Paraguay,Felix Nmecha,Germany,M,goals,VALUABLE,0.5,6.5,2.25,2.7375,5,,,,,
2026-06-27,2026-06-29,World Cup,Germany,Paraguay,Leroy Sané,Germany,M,goals,VALUABLE,0.5,3.2,0.6,0.76,5,,,,,
2026-06-27,2026-06-29,World Cup,Germany,Paraguay,Damián Bobadilla,Paraguay,M,goals,VALUABLE,0.5,10.0,4.0,4.75,5,,,,,
2026-06-27,2026-06-29,World Cup,Germany,Paraguay,Jamal Musiala,Germany,M,goals,VALUABLE,0.5,2.8,0.4,0.484,5,,,,,
2026-06-27,2026-06-29,World Cup,Germany,Paraguay,Jamie Leweling,Germany,F,goals,VALUABLE,0.5,3.75,0.875,1.0625,5,,,,,
2026-06-27,2026-06-29,World Cup,Germany,Paraguay,Deniz Undav,Germany,F,goals,VALUABLE,0.5,2.3,0.15,0.219,5,,,,,
2026-06-27,2026-06-29,World Cup,Germany,Paraguay,Antonio Sanabria,Paraguay,F,goals,VALUABLE,0.5,4.75,1.375,1.6125,5,,,,,
2026-06-27,2026-06-29,World Cup,Germany,Paraguay,Kai Havertz,Germany,F,goals,VALUABLE,0.5,2.3,0.15,0.219,5,,,,,
2026-06-27,2026-06-29,World Cup,Germany,Paraguay,Nadiem Amiri,Germany,M,goals,VALUABLE,0.5,4.75,1.375,1.6125,5,,,,,
2026-06-27,2026-06-29,World Cup,Germany,Paraguay,Nick Woltemade,Germany,F,goals,MARKSMAN,0.5,2.5,0.25,0.325,5,,,,,
2026-06-27,2026-07-03,World Cup,Australia,Egypt,Nestory Irankunda,Australia,F,goals,VALUABLE,0.5,3.9,0.95,1.145,5,,,,,
2026-06-27,2026-07-03,World Cup,Australia,Egypt,Mohamed Touré,Australia,F,goals,VALUABLE,0.5,3.9,0.95,1.145,5,,,,,
2026-06-27,2026-07-03,World Cup,Australia,Egypt,Omar Marmoush,Egypt,F,goals,VALUABLE,0.5,3.8,0.9,1.09,5,,,,,
2026-06-27,2026-07-03,World Cup,Australia,Egypt,Emam Ashour,Egypt,M,goals,VALUABLE,0.5,8.0,3.0,3.6,5,,,,,
2026-06-27,2026-07-03,World Cup,Australia,Egypt,Mohamed Salah,Egypt,F,goals,VALUABLE,0.5,3.1,0.55,0.705,5,,,,,
2026-06-27,2026-07-03,World Cup,Argentina,Cape Verde Islands,Thiago Almada,Argentina,M,goals,VALUABLE,0.5,3.5,0.75,0.925,5,,,,,
2026-06-27,2026-07-03,World Cup,Argentina,Cape Verde Islands,Giuliano Simeone,Argentina,M,goals,VALUABLE,0.5,3.0,0.5,0.59,5,,,,,
2026-06-27,2026-07-03,World Cup,Argentina,Cape Verde Islands,Valentín Barco,Argentina,M,goals,VALUABLE,0.5,7.5,2.75,3.3125,5,,,,,
2026-06-27,2026-07-03,World Cup,Argentina,Cape Verde Islands,Leandro Paredes,Argentina,M,goals,VALUABLE,0.5,8.0,3.0,3.6,5,,,,,
2026-06-27,2026-06-29,World Cup,Germany,Paraguay,Nathaniel Brown,Germany,D,goals,VALUABLE,0.499,7.5,2.7425,3.3039,5,,,,,
2026-06-27,2026-07-03,World Cup,Argentina,Cape Verde Islands,Julián Alvarez,Argentina,F,cards,MARKSMAN,0.255,7.0,0.785,1.0527,5,,,,,
2026-06-27,2026-07-03,World Cup,Argentina,Cape Verde Islands,Enzo Fernández,Argentina,M,cards,VALUABLE,0.196,6.0,0.176,0.3524,5,,,,,
2026-06-27,2026-06-30,World Cup,France,Sweden,Désiré Doué,France,M,goals,MARKSMAN,0.5,2.7,0.35,0.431,5,True,LOSS,-1.0,,2026-07-01
2026-06-27,2026-06-30,World Cup,France,Sweden,Yasin Ayari,Sweden,M,goals,VALUABLE,0.5,10.0,4.0,4.75,5,True,LOSS,-1.0,,2026-07-01
2026-06-27,2026-06-30,World Cup,France,Sweden,Bradley Barcola,France,F,goals,VALUABLE,0.5,2.9,0.45,0.537,5,True,WIN,1.9,,2026-07-01
2026-06-27,2026-06-30,World Cup,France,Sweden,Anthony Elanga,Sweden,F,goals,VALUABLE,0.5,8.0,3.0,3.6,5,True,LOSS,-1.0,,2026-07-01
2026-06-27,2026-06-30,World Cup,France,Sweden,Mattias Svanberg,Sweden,M,goals,VALUABLE,0.5,8.0,3.0,3.6,5,True,LOSS,-1.0,,2026-07-01
2026-06-27,2026-06-30,World Cup,France,Sweden,Michael Olise,France,M,goals,VALUABLE,0.5,2.75,0.375,0.4575,5,True,LOSS,-1.0,,2026-07-01
2026-06-27,2026-06-30,World Cup,France,Sweden,Viktor Gyökeres,Sweden,F,goals,VALUABLE,0.5,4.0,1.0,1.2,5,True,LOSS,-1.0,,2026-07-01
2026-06-27,2026-06-30,World Cup,France,Sweden,Alexander Isak,Sweden,F,goals,VALUABLE,0.5,4.6,1.3,1.53,5,True,LOSS,-1.0,,2026-07-01
2026-06-27,2026-06-30,World Cup,France,Sweden,Rayan Cherki,France,M,goals,VALUABLE,0.5,2.75,0.375,0.4575,5,True,LOSS,-1.0,,2026-07-01
2026-06-27,2026-06-30,World Cup,France,Sweden,Ousmane Dembélé,France,M,goals,VALUABLE,0.5,2.42,0.21,0.2826,5,True,LOSS,-1.0,,2026-07-01
2026-06-27,2026-06-30,World Cup,France,Sweden,Maghnes Akliouche,France,M,goals,VALUABLE,0.5,3.4,0.7,0.87,5,True,VOID,0.0,DNP (0 min),2026-07-01
2026-06-27,2026-06-30,World Cup,France,Sweden,Marcus Thuram,France,M,goals,VALUABLE,0.5,2.38,0.19,0.2614,5,True,VOID,0.0,DNP (0 min),2026-07-01
2026-06-27,2026-06-30,World Cup,France,Sweden,Alexander Bernhardsson,Sweden,F,goals,VALUABLE,0.249,13.0,2.237,2.7225,5,True,VOID,0.0,DNP (0 min),2026-07-01
2026-06-27,2026-06-30,World Cup,Ivory Coast,Norway,Oscar Bobb,Norway,F,goals,MARKSMAN,0.5,4.4,1.2,1.42,5,True,LOSS,-1.0,,2026-07-01
2026-06-27,2026-06-30,World Cup,Netherlands,Morocco,Memphis Depay,Netherlands,F,cards,MARKSMAN,0.361,5.0,0.805,0.9855,5,,,,,
2026-06-28,2026-06-29,World Cup,Germany,Paraguay,Jonathan Tah,Germany,D,cards,MARKSMAN,0.425,5.0,1.125,1.3375,5,,,,,
2026-06-28,2026-06-29,World Cup,Brazil,Japan,Koki Ogawa,Japan,F,cards,MARKSMAN,0.337,6.5,1.1905,1.5191,5,True,LOSS,-1.0,,2026-06-30
2026-06-28,2026-06-29,World Cup,Germany,Paraguay,Deniz Undav,Germany,F,cards,MARKSMAN,0.331,6.5,1.1515,1.4742,5,,,,,
2026-06-28,2026-06-28,World Cup,Jordan,Argentina,Julián Alvarez,Argentina,F,cards,MARKSMAN,0.316,7.0,1.212,1.5438,5,True,LOSS,-1.0,,2026-06-29
2026-06-28,2026-06-28,World Cup,Algeria,Austria,Amine Gouiri,Algeria,F,cards,MARKSMAN,0.251,7.5,0.8825,1.1649,5,True,LOSS,-1.0,,2026-06-29
2026-06-28,2026-07-03,World Cup,Argentina,Cape Verde Islands,Leandro Paredes,Argentina,M,cards,VALUABLE,0.188,6.25,0.175,0.3513,5,,,,,
2026-06-28,2026-07-01,World Cup,Belgium,Senegal,Nicolas Jackson,Senegal,F,goals,VALUABLE,0.5,4.0,1.0,1.2,5,,,,,
2026-06-28,2026-07-01,World Cup,Belgium,Senegal,Charles De Ketelaere,Belgium,F,goals,VALUABLE,0.5,4.0,1.0,1.2,5,,,,,
2026-06-28,2026-07-01,World Cup,Belgium,Senegal,Dodi Lukebakio,Belgium,F,goals,VALUABLE,0.5,4.8,1.4,1.64,5,,,,,
2026-06-28,2026-07-01,World Cup,Belgium,Senegal,Youri Tielemans,Belgium,M,goals,VALUABLE,0.5,6.0,2.0,2.45,5,,,,,
2026-06-28,2026-07-01,World Cup,Belgium,Senegal,Ismaïla Sarr,Senegal,M,goals,VALUABLE,0.5,4.5,1.25,1.475,5,,,,,
2026-06-28,2026-07-01,World Cup,Belgium,Senegal,Leandro Trossard,Belgium,M,goals,VALUABLE,0.5,4.33,1.165,1.3815,5,,,,,
2026-06-28,2026-07-01,World Cup,Belgium,Senegal,Alexis Saelemaekers,Belgium,M,goals,VALUABLE,0.5,7.0,2.5,3.025,5,,,,,
2026-06-28,2026-07-01,World Cup,Belgium,Senegal,Habib Diarra,Senegal,M,goals,VALUABLE,0.5,5.8,1.9,2.335,5,,,,,
2026-06-28,2026-07-01,World Cup,Belgium,Senegal,Kevin De Bruyne,Belgium,M,goals,VALUABLE,0.5,4.33,1.165,1.3815,5,,,,,
2026-06-28,2026-07-01,World Cup,Belgium,Senegal,Sadio Mané,Senegal,M,goals,VALUABLE,0.5,4.5,1.25,1.475,5,,,,,
2026-06-28,2026-07-01,World Cup,Belgium,Senegal,Ibrahim Mbaye,Senegal,F,goals,VALUABLE,0.5,5.5,1.75,2.1625,5,,,,,
2026-06-28,2026-07-01,World Cup,Belgium,Senegal,Diego Moreira,Belgium,F,goals,VALUABLE,0.5,6.0,2.0,2.45,5,,,,,
2026-06-28,2026-07-01,World Cup,Mexico,Ecuador,Álvaro Fidalgo,Mexico,M,goals,VALUABLE,0.5,6.5,2.25,2.7375,5,True,VOID,0.0,DNP (0 min),2026-07-02
2026-06-28,2026-07-01,World Cup,Mexico,Ecuador,Brian Gutiérrez,Mexico,M,goals,VALUABLE,0.5,5.0,1.5,1.75,5,True,LOSS,-1.0,,2026-07-02
2026-06-28,2026-07-01,World Cup,Mexico,Ecuador,Santiago Giménez,Mexico,F,goals,VALUABLE,0.5,3.4,0.7,0.87,5,True,LOSS,-1.0,,2026-07-02
2026-06-28,2026-07-01,World Cup,Mexico,Ecuador,Julián Quiñones,Mexico,F,goals,VALUABLE,0.5,3.75,0.875,1.0625,5,True,WIN,2.75,,2026-07-02
2026-06-28,2026-07-01,World Cup,Mexico,Ecuador,Raúl Jiménez,Mexico,F,goals,VALUABLE,0.5,3.0,0.5,0.59,5,True,WIN,2.0,,2026-07-02
2026-06-28,2026-07-01,World Cup,Mexico,Ecuador,Roberto Alvarado,Mexico,F,goals,VALUABLE,0.5,5.5,1.75,2.1625,5,True,LOSS,-1.0,,2026-07-02
2026-06-28,2026-07-03,World Cup,Switzerland,Algeria,Farès Chaïbi,Algeria,F,goals,VALUABLE,0.5,6.5,2.25,2.7375,5,True,LOSS,-1.0,,2026-07-04
2026-06-28,2026-07-03,World Cup,Switzerland,Algeria,Dan Ndoye,Switzerland,F,goals,VALUABLE,0.5,3.5,0.75,0.925,5,True,WIN,2.5,,2026-07-04
2026-06-28,2026-07-03,World Cup,Switzerland,Algeria,Rubén Vargas,Switzerland,M,goals,VALUABLE,0.5,3.8,0.9,1.09,5,True,LOSS,-1.0,,2026-07-04
2026-06-28,2026-07-03,World Cup,Switzerland,Algeria,Granit Xhaka,Switzerland,M,goals,VALUABLE,0.5,4.8,1.4,1.64,5,True,LOSS,-1.0,,2026-07-04
2026-06-28,2026-07-03,World Cup,Switzerland,Algeria,Breel Embolo,Switzerland,F,goals,VALUABLE,0.5,2.5,0.25,0.325,5,True,WIN,1.5,,2026-07-04
2026-06-28,2026-07-03,World Cup,Switzerland,Algeria,Amine Gouiri,Algeria,F,goals,VALUABLE,0.5,3.6,0.8,0.98,5,True,LOSS,-1.0,,2026-07-04
2026-06-28,2026-07-03,World Cup,Switzerland,Algeria,Riyad Mahrez,Algeria,F,goals,VALUABLE,0.5,3.75,0.875,1.0625,5,True,LOSS,-1.0,,2026-07-04
2026-06-28,2026-07-03,World Cup,Switzerland,Algeria,Johan Manzambi,Switzerland,M,goals,VALUABLE,0.5,3.6,0.8,0.98,5,True,LOSS,-1.0,,2026-07-04
2026-06-28,2026-07-03,World Cup,Switzerland,Algeria,Anis Hadj Moussa,Algeria,F,goals,VALUABLE,0.5,5.5,1.75,2.1625,5,True,LOSS,-1.0,,2026-07-04
2026-06-28,2026-07-02,World Cup,Spain,Austria,Nico Williams,Spain,F,goals,VALUABLE,0.5,3.25,0.625,0.7875,5,True,VOID,0.0,DNP (0 min),2026-07-03
2026-06-28,2026-07-02,World Cup,Spain,Austria,Lamine Yamal,Spain,M,goals,VALUABLE,0.5,2.4,0.2,0.272,5,True,LOSS,-1.0,,2026-07-03
2026-06-28,2026-07-02,World Cup,Spain,Austria,Marcel Sabitzer,Austria,M,goals,VALUABLE,0.5,5.5,1.75,2.1625,5,True,LOSS,-1.0,,2026-07-03
2026-06-28,2026-07-02,World Cup,Spain,Austria,Michael Gregoritsch,Austria,F,goals,VALUABLE,0.5,4.8,1.4,1.64,5,True,LOSS,-1.0,,2026-07-03
2026-06-28,2026-07-02,World Cup,Spain,Austria,Marko Arnautović,Austria,F,goals,VALUABLE,0.5,4.6,1.3,1.53,5,True,LOSS,-1.0,,2026-07-03
2026-06-28,2026-07-02,World Cup,Spain,Austria,Romano Schmid,Austria,M,goals,VALUABLE,0.5,7.5,2.75,3.3125,5,True,LOSS,-1.0,,2026-07-03
2026-06-28,2026-07-02,World Cup,Spain,Austria,Alejandro Baena,Spain,M,goals,VALUABLE,0.5,3.75,0.875,1.0625,5,True,VOID,0.0,DNP (0 min),2026-07-03
2026-06-28,2026-07-01,World Cup,Mexico,Ecuador,Johan Vásquez,Mexico,D,goals,VALUABLE,0.499,13.0,5.487,6.46,5,True,LOSS,-1.0,,2026-07-02
2026-06-28,2026-07-03,World Cup,Switzerland,Algeria,Zineddine Belaid,Algeria,D,goals,VALUABLE,0.499,15.0,6.485,7.6078,5,True,VOID,0.0,DNP (0 min),2026-07-04
2026-06-28,2026-07-02,World Cup,Spain,Austria,Stefan Posch,Austria,D,goals,VALUABLE,0.497,15.0,6.455,7.5732,5,True,LOSS,-1.0,,2026-07-03
2026-06-28,2026-07-02,World Cup,Spain,Austria,Nicolas Seiwald,Austria,M,goals,VALUABLE,0.495,15.0,6.425,7.5388,5,True,LOSS,-1.0,,2026-07-03
2026-06-28,2026-07-01,World Cup,Mexico,Ecuador,Jordy Alcivar,Ecuador,M,goals,VALUABLE,0.375,10.0,2.75,3.3125,5,True,VOID,0.0,DNP (0 min),2026-07-02
2026-06-28,2026-07-01,World Cup,Mexico,Ecuador,Kendry Páez,Ecuador,F,goals,VALUABLE,0.364,6.0,1.184,1.5116,5,True,LOSS,-1.0,,2026-07-02
2026-06-28,2026-06-28,World Cup,South Africa,Canada,Jayden Adams,South Africa,M,cards,VALUABLE,0.329,4.2,0.3818,0.52,5,True,VOID,0.0,DNP (0 min),2026-06-29
2026-06-28,2026-07-01,World Cup,Belgium,Senegal,Assane Diao,Senegal,F,goals,VALUABLE,0.274,4.33,0.1864,0.3051,5,,,,,
2026-06-28,2026-07-01,World Cup,Mexico,Ecuador,John Yeboah,Ecuador,F,goals,VALUABLE,0.192,6.0,0.152,0.3248,5,True,LOSS,-1.0,,2026-07-02
2026-06-28,2026-07-01,World Cup,Mexico,Ecuador,Pervis Estupiñán,Ecuador,M,goals,VALUABLE,0.183,11.0,1.013,1.3149,5,True,VOID,0.0,DNP (0 min),2026-07-02
2026-06-28,2026-07-02,World Cup,Portugal,Croatia,Luka Modrić,Croatia,M,goals,VALUABLE,0.5,7.3,2.65,3.1975,5,True,LOSS,-1.0,,2026-07-03
2026-06-28,2026-07-02,World Cup,Portugal,Croatia,Petar Sučić,Croatia,M,goals,VALUABLE,0.5,19.0,8.5,9.925,5,True,LOSS,-1.0,,2026-07-03
2026-06-28,2026-07-02,World Cup,Portugal,Croatia,Pedro Neto,Portugal,M,goals,VALUABLE,0.5,4.9,1.45,1.695,5,True,LOSS,-1.0,,2026-07-03
2026-06-28,2026-07-02,World Cup,Portugal,Croatia,Bruno Fernandes,Portugal,M,goals,VALUABLE,0.5,3.7,0.85,1.035,5,True,LOSS,-1.0,,2026-07-03
2026-06-28,2026-07-02,World Cup,Portugal,Croatia,Nuno Mendes,Portugal,D,goals,VALUABLE,0.5,11.5,4.75,5.6125,5,True,LOSS,-1.0,,2026-07-03
2026-06-28,2026-07-02,World Cup,Portugal,Croatia,Martin Baturina,Croatia,M,goals,VALUABLE,0.5,8.8,3.4,4.06,5,True,LOSS,-1.0,,2026-07-03
2026-06-28,2026-07-02,World Cup,Portugal,Croatia,Nikola Vlašić,Croatia,M,goals,VALUABLE,0.498,8.2,3.0836,3.6961,5,True,LOSS,-1.0,,2026-07-03
2026-06-28,2026-07-04,World Cup,Colombia,Ghana,Jhon Arias,Colombia,M,goals,VALUABLE,0.31,5.2,0.612,0.8538,5,True,WIN,4.2,,2026-07-05
2026-06-28,2026-07-01,World Cup,Mexico,Ecuador,Enner Valencia,Ecuador,F,goals,VALUABLE,0.295,3.9,0.1505,0.2655,5,True,LOSS,-1.0,,2026-07-02
2026-06-28,2026-07-04,World Cup,Colombia,Ghana,James Rodríguez,Colombia,F,goals,VALUABLE,0.293,4.0,0.172,0.2892,5,True,LOSS,-1.0,,2026-07-05
2026-06-28,2026-07-04,World Cup,Colombia,Ghana,Davinson Sánchez,Colombia,D,goals,VALUABLE,0.292,13.5,2.942,3.5333,5,True,LOSS,-1.0,,2026-07-05
2026-06-28,2026-07-01,World Cup,Mexico,Ecuador,Gonzalo Plata,Ecuador,F,goals,VALUABLE,0.223,6.5,0.4495,0.6669,5,True,LOSS,-1.0,,2026-07-02
2026-06-28,2026-06-30,World Cup,Netherlands,Morocco,Azzedine Ounahi,Morocco,M,cards,VALUABLE,0.4,4.5,0.8,0.98,5,,,,,
2026-06-28,2026-06-30,World Cup,Netherlands,Morocco,Ismael Saibari,Morocco,F,cards,VALUABLE,0.4,5.8,1.32,1.668,5,,,,,
2026-06-28,2026-06-30,World Cup,Netherlands,Morocco,Zakaria El Ouahdi,Morocco,D,cards,VALUABLE,0.4,4.0,0.6,0.76,5,,,,,
2026-06-28,2026-06-30,World Cup,Netherlands,Morocco,Anass Salah-Eddine,Morocco,D,cards,VALUABLE,0.4,4.3,0.72,0.892,5,,,,,
2026-06-28,2026-06-30,World Cup,Netherlands,Morocco,Tijjani Reijnders,Netherlands,M,cards,VALUABLE,0.4,6.0,1.4,1.76,5,,,,,
2026-06-28,2026-06-30,World Cup,Netherlands,Morocco,Crysencio Summerville,Netherlands,F,cards,VALUABLE,0.4,4.5,0.8,0.98,5,,,,,
2026-06-28,2026-06-30,World Cup,Netherlands,Morocco,Soufiane Rahimi,Morocco,F,cards,VALUABLE,0.4,5.0,1.0,1.2,5,,,,,
2026-06-28,2026-06-30,World Cup,Netherlands,Morocco,Issa Diop,Morocco,D,cards,VALUABLE,0.4,3.6,0.44,0.584,5,,,,,
2026-06-28,2026-06-30,World Cup,Netherlands,Morocco,Achraf Hakimi,Morocco,D,cards,VALUABLE,0.4,4.0,0.6,0.76,5,,,,,
2026-06-28,2026-06-30,World Cup,Netherlands,Morocco,Brahim Díaz,Morocco,M,cards,VALUABLE,0.4,5.3,1.12,1.438,5,,,,,
2026-06-28,2026-06-30,World Cup,Netherlands,Morocco,Sofyan Amrabat,Morocco,M,cards,VALUABLE,0.4,3.1,0.24,0.364,5,,,,,
2026-06-28,2026-06-30,World Cup,Netherlands,Morocco,Ayoub El Kaabi,Morocco,F,cards,VALUABLE,0.4,6.0,1.4,1.76,5,,,,,
2026-06-28,2026-06-28,World Cup,South Africa,Canada,Jonathan David,Canada,F,cards,VALUABLE,0.4,8.0,2.2,2.68,5,True,LOSS,-1.0,,2026-06-29
2026-06-28,2026-06-28,World Cup,South Africa,Canada,Tajon Buchanan,Canada,M,cards,VALUABLE,0.4,4.7,0.88,1.068,5,True,LOSS,-1.0,,2026-06-29
2026-06-28,2026-06-29,World Cup,Brazil,Japan,Junya Ito,Japan,F,cards,VALUABLE,0.4,7.0,1.8,2.22,5,True,LOSS,-1.0,,2026-06-30
2026-06-28,2026-06-29,World Cup,Brazil,Japan,Lucas Paquetá,Brazil,M,cards,VALUABLE,0.4,4.0,0.6,0.76,5,True,LOSS,-1.0,,2026-06-30
2026-06-28,2026-06-29,World Cup,Brazil,Japan,Ritsu Doan,Japan,M,cards,VALUABLE,0.4,5.5,1.2,1.53,5,True,LOSS,-1.0,,2026-06-30
2026-06-28,2026-06-29,World Cup,Brazil,Japan,Daichi Kamada,Japan,M,cards,VALUABLE,0.4,5.5,1.2,1.53,5,True,WIN,4.5,,2026-06-30
2026-06-28,2026-06-29,World Cup,Brazil,Japan,Kaishu Sano,Japan,M,cards,VALUABLE,0.4,5.3,1.12,1.438,5,True,WIN,4.3,,2026-06-30
2026-06-28,2026-06-29,World Cup,Brazil,Japan,Ko Itakura,Japan,D,cards,VALUABLE,0.4,4.1,0.64,0.804,5,True,VOID,0.0,DNP (0 min),2026-06-30
2026-06-28,2026-06-29,World Cup,Brazil,Japan,Ayase Ueda,Japan,F,cards,MARKSMAN,0.4,4.6,0.84,1.024,5,True,LOSS,-1.0,,2026-06-30
2026-06-28,2026-06-29,World Cup,Brazil,Japan,Vinícius Júnior,Brazil,M,cards,VALUABLE,0.4,5.0,1.0,1.2,5,True,LOSS,-1.0,,2026-06-30
2026-06-28,2026-06-29,World Cup,Brazil,Japan,Tsuyoshi Watanabe,Japan,D,cards,MARKSMAN,0.4,6.0,1.4,1.76,5,True,VOID,0.0,DNP (0 min),2026-06-30
2026-06-28,2026-06-29,World Cup,Brazil,Japan,Ayumu Seko,Japan,D,cards,VALUABLE,0.4,4.6,0.84,1.024,5,True,VOID,0.0,DNP (0 min),2026-06-30
2026-06-28,2026-06-29,World Cup,Brazil,Japan,Daizen Maeda,Japan,M,cards,VALUABLE,0.4,5.1,1.04,1.346,5,True,LOSS,-1.0,,2026-06-30
2026-06-28,2026-06-29,World Cup,Brazil,Japan,Hiroki Itō,Japan,D,cards,VALUABLE,0.4,5.5,1.2,1.53,5,True,LOSS,-1.0,,2026-06-30
2026-06-28,2026-06-28,World Cup,South Africa,Canada,Richie Laryea,Canada,D,cards,MARKSMAN,0.4,4.6,0.84,1.024,5,True,LOSS,-1.0,,2026-06-29
2026-06-28,2026-06-28,World Cup,South Africa,Canada,Lyle Foster,South Africa,F,cards,VALUABLE,0.4,5.0,1.0,1.2,5,True,VOID,0.0,DNP (0 min),2026-06-29
2026-06-28,2026-06-28,World Cup,South Africa,Canada,Liam Millar,Canada,M,cards,VALUABLE,0.4,4.3,0.72,0.892,5,True,LOSS,-1.0,,2026-06-29
2026-06-28,2026-06-28,World Cup,South Africa,Canada,Thalente Mbatha,South Africa,M,cards,VALUABLE,0.4,4.0,0.6,0.76,5,True,LOSS,-1.0,,2026-06-29
2026-06-28,2026-06-28,World Cup,South Africa,Canada,Teboho Mokoena,South Africa,M,cards,VALUABLE,0.4,3.5,0.4,0.54,5,True,LOSS,-1.0,,2026-06-29
2026-06-28,2026-06-28,World Cup,South Africa,Canada,Ali Ahmed,Canada,M,cards,VALUABLE,0.4,5.0,1.0,1.2,5,True,VOID,0.0,DNP (0 min),2026-06-29
2026-06-28,2026-06-28,World Cup,South Africa,Canada,Moise Bombito,Canada,D,cards,VALUABLE,0.4,5.0,1.0,1.2,5,True,LOSS,-1.0,,2026-06-29
2026-06-28,2026-06-28,World Cup,South Africa,Canada,Mbekezeli Mbokazi,South Africa,D,cards,VALUABLE,0.4,4.3,0.72,0.892,5,True,LOSS,-1.0,,2026-06-29
2026-06-28,2026-06-28,World Cup,South Africa,Canada,Cyle Larin,Canada,F,cards,VALUABLE,0.4,5.5,1.2,1.53,5,True,VOID,0.0,DNP (0 min),2026-06-29
2026-06-28,2026-06-28,World Cup,South Africa,Canada,Luc De Fougerolles,Canada,D,cards,VALUABLE,0.4,5.25,1.1,1.415,5,True,LOSS,-1.0,,2026-06-29
2026-06-28,2026-06-28,World Cup,South Africa,Canada,Relebohile Mofokeng,South Africa,F,cards,VALUABLE,0.4,6.5,1.6,1.99,5,True,LOSS,-1.0,,2026-06-29
2026-06-28,2026-06-29,World Cup,Germany,Paraguay,Aleksandar Pavlović,Germany,M,cards,VALUABLE,0.4,4.4,0.76,0.936,5,,,,,
2026-06-28,2026-06-29,World Cup,Germany,Paraguay,Florian Wirtz,Germany,M,cards,VALUABLE,0.4,7.5,2.0,2.45,5,,,,,
2026-06-28,2026-06-30,World Cup,Netherlands,Morocco,Frenkie de Jong,Netherlands,M,cards,VALUABLE,0.4,5.0,1.0,1.2,5,,,,,
2026-06-28,2026-06-30,World Cup,Netherlands,Morocco,Cody Gakpo,Netherlands,F,cards,VALUABLE,0.4,6.0,1.4,1.76,5,,,,,
2026-06-28,2026-06-30,World Cup,Netherlands,Morocco,Donyell Malen,Netherlands,F,cards,VALUABLE,0.4,6.0,1.4,1.76,5,,,,,
2026-06-28,2026-06-29,World Cup,Germany,Paraguay,Damián Bobadilla,Paraguay,M,cards,VALUABLE,0.4,4.0,0.6,0.76,5,,,,,
2026-06-28,2026-06-29,World Cup,Germany,Paraguay,Jamal Musiala,Germany,M,cards,VALUABLE,0.4,7.0,1.8,2.22,5,,,,,
2026-06-28,2026-06-29,World Cup,Germany,Paraguay,Omar Alderete,Paraguay,D,cards,VALUABLE,0.4,4.2,0.68,0.848,5,,,,,
2026-06-28,2026-06-29,World Cup,Germany,Paraguay,David Raum,Germany,D,cards,VALUABLE,0.4,5.5,1.2,1.53,5,,,,,
2026-06-28,2026-06-29,World Cup,Germany,Paraguay,Kai Havertz,Germany,F,cards,VALUABLE,0.4,4.3,0.72,0.892,5,,,,,
2026-06-28,2026-06-29,World Cup,Germany,Paraguay,Junior Alonso,Paraguay,D,cards,VALUABLE,0.4,3.9,0.56,0.716,5,,,,,
2026-06-28,2026-06-30,World Cup,Ivory Coast,Norway,Christopher Operi,Ivory Coast,D,goals,VALUABLE,0.386,15.5,4.983,5.8804,5,True,VOID,0.0,DNP (0 min),2026-07-01
2026-06-28,2026-07-02,World Cup,Portugal,Croatia,Rafael Leão,Portugal,F,goals,VALUABLE,0.386,3.5,0.351,0.4861,5,True,LOSS,-1.0,,2026-07-03
2026-06-28,2026-06-30,World Cup,Ivory Coast,Norway,Jens Petter Hauge,Norway,M,goals,VALUABLE,0.386,3.75,0.4475,0.5923,5,True,VOID,0.0,DNP (0 min),2026-07-01
2026-06-28,2026-07-02,World Cup,Spain,Austria,Victor Muñoz,Spain,F,goals,VALUABLE,0.386,3.3,0.2738,0.4012,5,True,VOID,0.0,DNP (0 min),2026-07-03
2026-06-28,2026-07-02,World Cup,Spain,Austria,Marc Pubill,Spain,D,goals,VALUABLE,0.386,11.0,3.246,3.8829,5,True,LOSS,-1.0,,2026-07-03
2026-06-28,2026-07-02,World Cup,Portugal,Croatia,Francisco Conceição,Portugal,F,goals,VALUABLE,0.386,4.0,0.544,0.6984,5,True,LOSS,-1.0,,2026-07-03
2026-06-28,2026-06-30,World Cup,Netherlands,Morocco,Zakaria El Ouahdi,Morocco,D,goals,VALUABLE,0.386,12.0,3.632,4.3268,5,,,,,
2026-06-28,2026-07-03,World Cup,Switzerland,Algeria,Noah Okafor,Switzerland,F,goals,VALUABLE,0.386,3.4,0.3124,0.4436,5,True,LOSS,-1.0,,2026-07-04
2026-06-28,2026-07-03,World Cup,Australia,Egypt,Haissem Hassan,Egypt,F,goals,VALUABLE,0.386,8.5,2.281,2.7731,5,,,,,
2026-06-28,2026-07-02,World Cup,Portugal,Croatia,Ante Budimir,Croatia,F,goals,VALUABLE,0.386,4.1,0.5826,0.7409,5,True,LOSS,-1.0,,2026-07-03
2026-06-28,2026-07-02,World Cup,Portugal,Croatia,Igor Matanović,Croatia,F,goals,VALUABLE,0.386,4.5,0.737,0.9107,5,True,LOSS,-1.0,,2026-07-03
2026-06-28,2026-07-02,World Cup,Portugal,Croatia,Francisco Trincão,Portugal,F,goals,VALUABLE,0.386,3.8,0.4668,0.6135,5,True,VOID,0.0,DNP (0 min),2026-07-03
2026-06-28,2026-07-01,World Cup,Mexico,Ecuador,Jeremy Arevalo,Ecuador,F,goals,VALUABLE,0.386,4.5,0.737,0.9107,5,True,VOID,0.0,DNP (0 min),2026-07-02
2026-06-28,2026-07-03,World Cup,Switzerland,Algeria,Ramy Bensebaini,Algeria,D,goals,VALUABLE,0.385,17.0,5.545,6.5267,5,True,LOSS,-1.0,,2026-07-04
2026-06-28,2026-07-03,World Cup,Switzerland,Algeria,Ibrahim Maza,Algeria,F,goals,VALUABLE,0.384,5.8,1.2272,1.5613,5,True,LOSS,-1.0,,2026-07-04
2026-06-28,2026-07-02,World Cup,Portugal,Croatia,Ivan Perišić,Croatia,F,goals,VALUABLE,0.342,6.2,1.1204,1.4385,5,True,WIN,5.2,,2026-07-03
2026-06-28,2026-07-01,World Cup,Mexico,Ecuador,Julián Quiñones,Mexico,F,sot2,VALUABLE,0.337,3.7,0.2469,0.3716,5,True,VOID,0.0,DNP,2026-07-21
2026-06-28,2026-06-29,World Cup,Brazil,Japan,Tsuyoshi Watanabe,Japan,D,goals,VALUABLE,0.326,18.0,4.868,5.7482,5,True,VOID,0.0,DNP (0 min),2026-06-30
2026-06-28,2026-06-29,World Cup,Brazil,Japan,Bruno Guimarães,Brazil,M,cards,VALUABLE,0.32,4.0,0.28,0.408,5,True,LOSS,-1.0,,2026-06-30
2026-06-28,2026-07-01,World Cup,Belgium,Senegal,Cherif Ndiaye,Senegal,F,goals,VALUABLE,0.32,4.4,0.408,0.5488,5,,,,,
2026-06-28,2026-07-02,World Cup,Portugal,Croatia,Bernardo Silva,Portugal,F,goals,VALUABLE,0.311,5.3,0.6483,0.8955,5,True,LOSS,-1.0,,2026-07-03
2026-06-28,2026-07-04,World Cup,Colombia,Ghana,Jordan Ayew,Ghana,F,goals,MARKSMAN,0.29,5.8,0.682,0.9343,5,True,LOSS,-1.0,,2026-07-05
2026-06-28,2026-06-29,World Cup,Brazil,Japan,Yuito Suzuki,Japan,F,goals,VALUABLE,0.279,4.8,0.3392,0.4731,5,True,VOID,0.0,DNP (0 min),2026-06-30
2026-06-28,2026-06-29,World Cup,Germany,Paraguay,Gustavo Caballero,Paraguay,F,goals,VALUABLE,0.275,6.5,0.7875,1.0556,5,,,,,
2026-06-28,2026-06-30,World Cup,Ivory Coast,Norway,Yan Diomande,Ivory Coast,F,sot2,VALUABLE,0.274,5.25,0.4385,0.6543,5,,,,,
2026-06-28,2026-06-29,World Cup,Germany,Paraguay,Miguel Almirón,Paraguay,M,cards,VALUABLE,0.27,5.0,0.35,0.485,5,,,,,
2026-06-28,2026-06-29,World Cup,Brazil,Japan,Keito Nakamura,Japan,M,cards,VALUABLE,0.244,6.25,0.525,0.7537,5,True,LOSS,-1.0,,2026-06-30
2026-06-28,2026-07-02,World Cup,Spain,Austria,Xaver Schlager,Austria,M,goals,VALUABLE,0.242,21.0,4.082,4.8443,5,True,LOSS,-1.0,,2026-07-03
2026-06-28,2026-06-28,World Cup,South Africa,Canada,Tshepang Moremi,South Africa,M,cards,MARKSMAN,0.226,6.5,0.469,0.6893,5,True,LOSS,-1.0,,2026-06-29
2026-06-28,2026-06-29,World Cup,Germany,Paraguay,Joshua Kimmich,Germany,D,cards,VALUABLE,0.213,5.4,0.1502,0.3227,5,,,,,
2026-06-28,2026-06-28,World Cup,South Africa,Canada,Alistair Johnston,Canada,D,cards,VALUABLE,0.195,6.5,0.2675,0.4576,5,True,LOSS,-1.0,,2026-06-29
2026-06-28,2026-07-02,World Cup,Spain,Austria,Phillipp Mwene,Austria,D,goals,VALUABLE,0.183,42.0,6.686,7.8389,5,True,VOID,0.0,DNP (0 min),2026-07-03
2026-06-28,2026-07-02,World Cup,Spain,Austria,Florian Grillitsch,Austria,M,goals,VALUABLE,0.178,21.0,2.738,3.2987,5,True,LOSS,-1.0,,2026-07-03
2026-06-28,2026-07-04,World Cup,Colombia,Ghana,Daniel Muñoz,Colombia,D,goals,VALUABLE,0.176,8.0,0.408,0.6192,5,True,LOSS,-1.0,,2026-07-05
2026-06-28,2026-07-02,World Cup,Spain,Austria,Dani Olmo,Spain,F,goals,VALUABLE,0.386,3.3,0.2738,0.4012,5,True,LOSS,-1.0,,2026-07-03
2026-06-28,2026-07-01,World Cup,Mexico,Ecuador,Brian Gutierrez,Mexico,M,goals,VALUABLE,0.386,5.6,1.1616,1.4858,5,True,LOSS,-1.0,,2026-07-02
2026-06-28,2026-07-01,World Cup,Belgium,Senegal,Jérémy Doku,Belgium,F,goals,VALUABLE,0.386,5.0,0.93,1.123,5,,,,,
2026-06-28,2026-07-03,World Cup,Switzerland,Algeria,Ruben Vargas,Switzerland,F,goals,MARKSMAN,0.386,4.2,0.6212,0.7833,5,True,LOSS,-1.0,,2026-07-04
2026-06-28,2026-06-29,World Cup,Brazil,Japan,Matheus Cunha,Brazil,F,goals,VALUABLE,0.386,3.01,0.1619,0.278,5,True,LOSS,-1.0,,2026-06-30
2026-06-29,2026-06-29,World Cup,Germany,Paraguay,Nathaniel Brown,Germany,D,cards,VALUABLE,0.4,6.5,1.6,1.99,5,,,,,
2026-06-29,2026-06-29,World Cup,Germany,Paraguay,Felix Nmecha,Germany,M,cards,VALUABLE,0.4,7.5,2.0,2.45,5,,,,,
2026-06-29,2026-06-29,World Cup,Germany,Paraguay,Leroy Sané,Germany,M,cards,VALUABLE,0.4,5.5,1.2,1.53,5,,,,,
2026-06-29,2026-06-29,World Cup,Germany,Paraguay,Angelo Stiller,Germany,M,cards,VALUABLE,0.4,5.2,1.08,1.392,5,,,,,
2026-06-29,2026-06-29,World Cup,Brazil,Japan,Yukinari Sugawara,Japan,D,cards,VALUABLE,0.4,5.0,1.0,1.2,5,True,LOSS,-1.0,,2026-06-30
2026-06-29,2026-06-29,World Cup,Brazil,Japan,Shogo Taniguchi,Japan,D,cards,MARKSMAN,0.4,5.0,1.0,1.2,5,True,LOSS,-1.0,,2026-06-30
2026-06-29,2026-06-30,World Cup,Netherlands,Morocco,Denzel Dumfries,Netherlands,D,cards,VALUABLE,0.4,4.0,0.6,0.76,5,,,,,
2026-06-29,2026-06-30,World Cup,Netherlands,Morocco,Brian Brobbey,Netherlands,F,cards,VALUABLE,0.4,4.0,0.6,0.76,5,,,,,
2026-06-29,2026-06-30,World Cup,Netherlands,Morocco,Ryan Gravenberch,Netherlands,M,cards,VALUABLE,0.4,4.0,0.6,0.76,5,,,,,
2026-06-29,2026-07-01,World Cup,Belgium,Senegal,Kevin De Bruyne,Belgium,M,sot2,VALUABLE,0.337,4.9,0.6513,0.8164,5,,,,,
2026-06-29,2026-06-29,World Cup,Brazil,Japan,Matheus Cunha,Brazil,F,cards,VALUABLE,0.299,7.5,1.2425,1.5789,5,True,LOSS,-1.0,,2026-06-30
2026-06-29,2026-06-30,World Cup,Netherlands,Morocco,Jan Paul van Hecke,Netherlands,D,cards,VALUABLE,0.293,4.4,0.2892,0.4181,5,,,,,
2026-06-29,2026-07-04,World Cup,Colombia,Ghana,Ernest Nuamah,Ghana,F,goals,VALUABLE,0.287,8.0,1.296,1.6404,5,True,LOSS,-1.0,,2026-07-05
2026-06-29,2026-07-02,World Cup,USA,Bosnia & Herzegovina,Weston McKennie,USA,F,goals,VALUABLE,0.237,5.1,0.2087,0.39,5,True,LOSS,-1.0,,2026-07-03
2026-06-29,2026-06-30,World Cup,France,Sweden,Daniel Svensson,Sweden,M,cards,SNIPER,0.4,6.5,1.6,1.99,5,True,LOSS,-1.0,,2026-07-01
2026-06-29,2026-06-30,World Cup,France,Sweden,Taha Abdi Ali,Sweden,M,cards,MARKSMAN,0.4,5.25,1.1,1.415,5,True,LOSS,-1.0,,2026-07-01
2026-06-29,2026-06-30,World Cup,France,Sweden,Malo Gusto,France,D,cards,MARKSMAN,0.4,5.25,1.1,1.415,5,True,LOSS,-1.0,,2026-07-01
2026-06-29,2026-06-30,World Cup,France,Sweden,Gabriel Gudmundsson,Sweden,M,cards,MARKSMAN,0.4,5.0,1.0,1.2,5,True,LOSS,-1.0,,2026-07-01
2026-06-29,2026-06-30,World Cup,France,Sweden,Carl Starfelt,Sweden,D,cards,MARKSMAN,0.4,4.2,0.68,0.848,5,True,VOID,0.0,DNP (0 min),2026-07-01
2026-06-29,2026-06-30,World Cup,France,Sweden,Benjamin Nygren,Sweden,F,cards,SNIPER,0.4,4.75,0.9,1.09,5,True,LOSS,-1.0,,2026-07-01
2026-06-29,2026-06-30,World Cup,France,Sweden,Jacob Widell Zetterström,Sweden,G,cards,MARKSMAN,0.4,8.0,2.2,2.68,5,True,LOSS,-1.0,,2026-07-01
2026-06-29,2026-06-30,World Cup,France,Sweden,Jesper Karlström,Sweden,M,cards,MARKSMAN,0.4,3.25,0.3,0.43,5,True,VOID,0.0,DNP (0 min),2026-07-01
2026-06-29,2026-06-30,World Cup,France,Sweden,Gustaf Lagerbielke,Sweden,D,cards,MARKSMAN,0.4,3.9,0.56,0.716,5,True,LOSS,-1.0,,2026-07-01
2026-06-29,2026-06-30,World Cup,France,Sweden,Alexander Bernhardsson,Sweden,F,cards,MARKSMAN,0.4,4.33,0.732,0.9052,5,True,VOID,0.0,DNP (0 min),2026-07-01
2026-06-29,2026-06-30,World Cup,France,Sweden,Hjalmar Ekdal,Sweden,D,cards,MARKSMAN,0.4,4.8,0.92,1.112,5,True,VOID,0.0,DNP (0 min),2026-07-01
2026-06-29,2026-06-30,World Cup,France,Sweden,Rayan Cherki,France,M,cards,MARKSMAN,0.4,7.0,1.8,2.22,5,True,LOSS,-1.0,,2026-07-01
2026-06-29,2026-06-30,World Cup,France,Sweden,Viktor Johansson,Sweden,G,cards,MARKSMAN,0.4,8.0,2.2,2.68,5,True,VOID,0.0,DNP (0 min),2026-07-01
2026-06-29,2026-07-01,World Cup,Mexico,Ecuador,Pedro Vite,Ecuador,M,cards,MARKSMAN,0.4,5.5,1.2,1.53,5,True,LOSS,-1.0,,2026-07-02
2026-06-29,2026-07-01,World Cup,Mexico,Ecuador,Gonzalo Plata,Ecuador,F,cards,MARKSMAN,0.4,4.8,0.92,1.112,5,True,LOSS,-1.0,,2026-07-02
2026-06-29,2026-07-01,World Cup,Mexico,Ecuador,Hernán Galíndez,Ecuador,G,cards,MARKSMAN,0.4,7.5,2.0,2.45,5,True,LOSS,-1.0,,2026-07-02
2026-06-29,2026-07-01,World Cup,Mexico,Ecuador,John Yeboah,Ecuador,M,cards,MARKSMAN,0.4,4.8,0.92,1.112,5,True,LOSS,-1.0,,2026-07-02
2026-06-29,2026-07-01,World Cup,Mexico,Ecuador,Julián Quiñones,Mexico,F,cards,MARKSMAN,0.4,5.0,1.0,1.2,5,True,LOSS,-1.0,,2026-07-02
2026-06-29,2026-07-01,World Cup,Mexico,Ecuador,Enner Valencia,Ecuador,F,cards,MARKSMAN,0.4,4.8,0.92,1.112,5,True,LOSS,-1.0,,2026-07-02
2026-06-29,2026-07-01,World Cup,Mexico,Ecuador,Johan Vásquez,Mexico,D,cards,MARKSMAN,0.4,4.7,0.88,1.068,5,True,LOSS,-1.0,,2026-07-02
2026-06-29,2026-07-01,World Cup,Mexico,Ecuador,Pervis Estupiñán,Ecuador,M,cards,MARKSMAN,0.4,3.9,0.56,0.716,5,True,VOID,0.0,DNP (0 min),2026-07-02
2026-06-29,2026-07-01,World Cup,Mexico,Ecuador,Santiago Giménez,Mexico,F,cards,MARKSMAN,0.4,4.2,0.68,0.848,5,True,LOSS,-1.0,,2026-07-02
2026-06-29,2026-07-01,World Cup,Mexico,Ecuador,Piero Hincapié,Ecuador,D,cards,MARKSMAN,0.4,3.5,0.4,0.54,5,True,LOSS,-1.0,,2026-07-02
2026-06-29,2026-06-30,World Cup,France,Sweden,Désiré Doué,France,M,cards,MARKSMAN,0.4,6.0,1.4,1.76,5,True,LOSS,-1.0,,2026-07-01
2026-06-29,2026-07-01,World Cup,Mexico,Ecuador,Ángelo Preciado,Ecuador,D,cards,MARKSMAN,0.4,3.4,0.36,0.496,5,True,LOSS,-1.0,,2026-07-02
2026-06-29,2026-06-30,World Cup,France,Sweden,Michael Olise,France,M,cards,MARKSMAN,0.4,7.0,1.8,2.22,5,True,LOSS,-1.0,,2026-07-01
2026-06-29,2026-06-30,World Cup,France,Sweden,Maxence Lacroix,France,D,cards,MARKSMAN,0.4,5.5,1.2,1.53,5,True,VOID,0.0,DNP (0 min),2026-07-01
2026-06-29,2026-07-01,World Cup,Mexico,Ecuador,Edson Álvarez,Mexico,M,cards,MARKSMAN,0.4,3.7,0.48,0.628,5,True,VOID,0.0,DNP (0 min),2026-07-02
2026-06-29,2026-07-01,World Cup,Mexico,Ecuador,Jesús Gallardo,Mexico,D,cards,SNIPER,0.4,4.5,0.8,0.98,5,True,LOSS,-1.0,,2026-07-02
2026-06-29,2026-07-01,World Cup,Mexico,Ecuador,Raúl Jiménez,Mexico,F,cards,SNIPER,0.4,5.8,1.32,1.668,5,True,LOSS,-1.0,,2026-07-02
2026-06-29,2026-07-01,World Cup,Mexico,Ecuador,César Montes,Mexico,D,cards,MARKSMAN,0.4,7.0,1.8,2.22,5,True,LOSS,-1.0,,2026-07-02
2026-06-29,2026-07-01,World Cup,Mexico,Ecuador,Brian Gutiérrez,Mexico,M,cards,MARKSMAN,0.4,5.8,1.32,1.668,5,True,LOSS,-1.0,,2026-07-02
2026-06-29,2026-07-01,World Cup,Mexico,Ecuador,Erik Lira,Mexico,M,cards,SNIPER,0.4,4.8,0.92,1.112,5,True,LOSS,-1.0,,2026-07-02
2026-06-29,2026-07-01,World Cup,Mexico,Ecuador,Álvaro Fidalgo,Mexico,M,cards,MARKSMAN,0.4,7.0,1.8,2.22,5,True,VOID,0.0,DNP (0 min),2026-07-02
2026-06-29,2026-06-30,World Cup,France,Sweden,Maghnes Akliouche,France,M,cards,MARKSMAN,0.4,5.25,1.1,1.415,5,True,VOID,0.0,DNP (0 min),2026-07-01
2026-06-29,2026-06-30,World Cup,France,Sweden,Warren Zaïre-Emery,France,M,cards,SNIPER,0.4,7.0,1.8,2.22,5,True,VOID,0.0,DNP (0 min),2026-07-01
2026-06-29,2026-06-30,World Cup,France,Sweden,Lucas Bergvall,Sweden,M,cards,SNIPER,0.4,4.3,0.72,0.892,5,True,LOSS,-1.0,,2026-07-01
2026-06-29,2026-06-30,World Cup,France,Sweden,Yasin Ayari,Sweden,M,cards,MARKSMAN,0.4,3.9,0.56,0.716,5,True,LOSS,-1.0,,2026-07-01
2026-06-29,2026-06-30,World Cup,France,Sweden,Dayot Upamecano,France,D,cards,MARKSMAN,0.4,4.75,0.9,1.09,5,True,LOSS,-1.0,,2026-07-01
2026-06-29,2026-06-30,World Cup,France,Sweden,Jules Koundé,France,D,cards,MARKSMAN,0.4,7.0,1.8,2.22,5,True,LOSS,-1.0,,2026-07-01
2026-06-29,2026-06-30,World Cup,France,Sweden,Aurélien Tchouaméni,France,M,cards,MARKSMAN,0.4,4.8,0.92,1.112,5,True,LOSS,-1.0,,2026-07-01
2026-06-29,2026-06-30,World Cup,France,Sweden,Manu Koné,France,M,cards,SNIPER,0.4,4.75,0.9,1.09,5,True,VOID,0.0,DNP (0 min),2026-07-01
2026-06-29,2026-06-30,World Cup,France,Sweden,Mike Maignan,France,G,cards,MARKSMAN,0.4,10.0,3.0,3.6,5,True,LOSS,-1.0,,2026-07-01
2026-06-29,2026-06-30,World Cup,France,Sweden,Theo Hernández,France,D,cards,MARKSMAN,0.4,4.75,0.9,1.09,5,True,LOSS,-1.0,,2026-07-01
2026-06-29,2026-06-30,World Cup,France,Sweden,Besfort Zeneli,Sweden,M,cards,MARKSMAN,0.4,5.25,1.1,1.415,5,True,LOSS,-1.0,,2026-07-01
2026-06-29,2026-06-30,World Cup,France,Sweden,Ousmane Dembélé,France,M,cards,MARKSMAN,0.4,6.5,1.6,1.99,5,True,LOSS,-1.0,,2026-07-01
2026-06-29,2026-06-30,World Cup,France,Sweden,Kylian Mbappé,France,F,cards,MARKSMAN,0.4,7.0,1.8,2.22,5,True,LOSS,-1.0,,2026-07-01
2026-06-29,2026-06-30,World Cup,Ivory Coast,Norway,Marcus Pedersen,Norway,D,cards,MARKSMAN,0.4,4.8,0.92,1.112,5,True,LOSS,-1.0,,2026-07-01
2026-06-29,2026-06-30,World Cup,Ivory Coast,Norway,Oscar Bobb,Norway,F,cards,SNIPER,0.4,5.8,1.32,1.668,5,True,LOSS,-1.0,,2026-07-01
2026-06-29,2026-06-30,World Cup,Ivory Coast,Norway,Andreas Schjelderup,Norway,F,cards,SNIPER,0.4,7.0,1.8,2.22,5,True,LOSS,-1.0,,2026-07-01
2026-06-29,2026-06-30,World Cup,Ivory Coast,Norway,Patrick Berg,Norway,M,cards,MARKSMAN,0.4,4.6,0.84,1.024,5,True,LOSS,-1.0,,2026-07-01
2026-06-29,2026-06-30,World Cup,Ivory Coast,Norway,Antonio Nusa,Norway,F,cards,MARKSMAN,0.4,7.0,1.8,2.22,5,True,WIN,6.0,,2026-07-01
2026-06-29,2026-06-30,World Cup,France,Sweden,Alexander Isak,Sweden,F,cards,MARKSMAN,0.4,7.5,2.0,2.45,5,True,LOSS,-1.0,,2026-07-01
2026-06-29,2026-06-30,World Cup,France,Sweden,Viktor Gyökeres,Sweden,F,cards,MARKSMAN,0.4,5.0,1.0,1.2,5,True,LOSS,-1.0,,2026-07-01
2026-06-29,2026-06-30,World Cup,France,Sweden,William Saliba,France,D,cards,MARKSMAN,0.4,7.5,2.0,2.45,5,True,LOSS,-1.0,,2026-07-01
2026-06-29,2026-06-30,World Cup,France,Sweden,Adrien Rabiot,France,M,cards,MARKSMAN,0.4,5.5,1.2,1.53,5,True,LOSS,-1.0,,2026-07-01
2026-06-29,2026-06-30,World Cup,France,Sweden,Victor Lindelöf,Sweden,D,cards,MARKSMAN,0.4,5.3,1.12,1.438,5,True,LOSS,-1.0,,2026-07-01
2026-06-29,2026-06-30,World Cup,France,Sweden,Kristoffer Nordfeldt,Sweden,G,cards,MARKSMAN,0.4,8.0,2.2,2.68,5,True,VOID,0.0,DNP (0 min),2026-07-01
2026-06-29,2026-06-30,World Cup,Ivory Coast,Norway,David Möller Wolfe,Norway,D,cards,MARKSMAN,0.4,4.5,0.8,0.98,5,True,LOSS,-1.0,,2026-07-01
2026-06-29,2026-06-30,World Cup,Ivory Coast,Norway,Ange-Yoan Bonny,Ivory Coast,F,cards,MARKSMAN,0.4,5.0,1.0,1.2,5,True,LOSS,-1.0,,2026-07-01
2026-06-29,2026-06-30,World Cup,Ivory Coast,Norway,Yan Diomande,Ivory Coast,F,cards,MARKSMAN,0.4,4.3,0.72,0.892,5,True,LOSS,-1.0,,2026-07-01
2026-06-29,2026-06-30,World Cup,Ivory Coast,Norway,Kristoffer Ajer,Norway,D,cards,MARKSMAN,0.4,4.5,0.8,0.98,5,True,LOSS,-1.0,,2026-07-01
2026-06-29,2026-06-30,World Cup,Ivory Coast,Norway,Sander Berge,Norway,M,cards,MARKSMAN,0.4,4.7,0.88,1.068,5,True,LOSS,-1.0,,2026-07-01
2026-06-29,2026-06-30,World Cup,Ivory Coast,Norway,Ousmane Diomande,Ivory Coast,D,cards,MARKSMAN,0.4,3.9,0.56,0.716,5,True,VOID,0.0,DNP (0 min),2026-07-01
2026-06-29,2026-06-30,World Cup,France,Sweden,Ken Sema,Sweden,M,cards,MARKSMAN,0.4,4.4,0.76,0.936,5,True,VOID,0.0,DNP (0 min),2026-07-01
2026-06-29,2026-06-30,World Cup,France,Sweden,Lucas Digne,France,D,cards,MARKSMAN,0.4,5.5,1.2,1.53,5,True,LOSS,-1.0,,2026-07-01
2026-06-29,2026-06-30,World Cup,France,Sweden,Eric Smith,Sweden,D,cards,MARKSMAN,0.4,3.9,0.56,0.716,5,True,VOID,0.0,DNP (0 min),2026-07-01
2026-06-29,2026-06-30,World Cup,France,Sweden,Jean-Philippe Mateta,France,F,cards,SNIPER,0.4,7.5,2.0,2.45,5,True,LOSS,-1.0,,2026-07-01
2026-06-29,2026-06-30,World Cup,France,Sweden,Mattias Svanberg,Sweden,F,cards,MARKSMAN,0.4,3.9,0.56,0.716,5,True,LOSS,-1.0,,2026-07-01
2026-06-29,2026-06-30,World Cup,France,Sweden,Marcus Thuram,France,F,cards,MARKSMAN,0.4,6.5,1.6,1.99,5,True,VOID,0.0,DNP (0 min),2026-07-01
2026-06-29,2026-06-30,World Cup,France,Sweden,Brice Samba,France,G,cards,MARKSMAN,0.4,8.0,2.2,2.68,5,True,VOID,0.0,DNP (0 min),2026-07-01
2026-06-29,2026-07-01,World Cup,Mexico,Ecuador,Jordy Alcivar,Ecuador,M,cards,MARKSMAN,0.4,3.4,0.36,0.496,5,True,VOID,0.0,DNP (0 min),2026-07-02
2026-06-29,2026-07-01,World Cup,Mexico,Ecuador,Orbelín Pineda,Mexico,M,cards,MARKSMAN,0.4,5.8,1.32,1.668,5,True,LOSS,-1.0,,2026-07-02
2026-06-29,2026-07-01,World Cup,Mexico,Ecuador,Denil Castillo,Ecuador,M,cards,MARKSMAN,0.4,3.4,0.36,0.496,5,True,VOID,0.0,DNP (0 min),2026-07-02
2026-06-29,2026-07-01,World Cup,Mexico,Ecuador,Joel Ordóñez,Ecuador,D,cards,MARKSMAN,0.4,5.0,1.0,1.2,5,True,LOSS,-1.0,,2026-07-02
2026-06-29,2026-07-01,World Cup,Mexico,Ecuador,Jeremy Arevalo,Ecuador,F,cards,MARKSMAN,0.4,5.8,1.32,1.668,5,True,VOID,0.0,DNP (0 min),2026-07-02
2026-06-29,2026-07-01,World Cup,Mexico,Ecuador,Kendry Páez,Ecuador,F,cards,MARKSMAN,0.4,4.4,0.76,0.936,5,True,WIN,3.4,,2026-07-02
2026-06-29,2026-07-01,World Cup,Mexico,Ecuador,Obed Vargas,Mexico,M,cards,MARKSMAN,0.4,5.8,1.32,1.668,5,True,LOSS,-1.0,,2026-07-02
2026-06-29,2026-07-01,World Cup,Mexico,Ecuador,Yaimar Medina,Ecuador,D,cards,MARKSMAN,0.4,3.4,0.36,0.496,5,True,LOSS,-1.0,,2026-07-02
2026-06-29,2026-06-29,World Cup,Germany,Paraguay,Orlando Gill,Paraguay,G,cards,VALUABLE,0.4,8.0,2.2,2.68,5,,,,,
2026-06-29,2026-06-29,World Cup,Germany,Paraguay,Jamie Leweling,Germany,F,cards,VALUABLE,0.4,4.75,0.9,1.09,5,,,,,
2026-06-29,2026-06-29,World Cup,Germany,Paraguay,Antonio Sanabria,Paraguay,F,cards,VALUABLE,0.4,5.8,1.32,1.668,5,,,,,
2026-06-29,2026-06-29,World Cup,Germany,Paraguay,Alexander Nübel,Germany,G,cards,VALUABLE,0.4,9.5,2.8,3.37,5,,,,,
2026-06-29,2026-06-29,World Cup,Brazil,Japan,Kento Shiogai,Japan,F,cards,VALUABLE,0.4,4.2,0.68,0.848,5,True,VOID,0.0,DNP (0 min),2026-06-30
2026-06-29,2026-06-29,World Cup,Brazil,Japan,Gabriel Martinelli,Brazil,F,cards,VALUABLE,0.4,9.5,2.8,3.37,5,True,LOSS,-1.0,,2026-06-30
2026-06-29,2026-06-29,World Cup,Brazil,Japan,Junnosuke Suzuki,Japan,D,cards,MARKSMAN,0.4,3.8,0.52,0.672,5,True,WIN,2.8,,2026-06-30
2026-06-29,2026-06-29,World Cup,Germany,Paraguay,Manuel Neuer,Germany,G,cards,VALUABLE,0.4,9.5,2.8,3.37,5,,,,,
2026-06-29,2026-06-29,World Cup,Germany,Paraguay,Nadiem Amiri,Germany,M,cards,VALUABLE,0.4,4.2,0.68,0.848,5,,,,,
2026-06-29,2026-06-29,World Cup,Germany,Paraguay,Nick Woltemade,Germany,F,cards,MARKSMAN,0.4,6.5,1.6,1.99,5,,,,,
2026-06-29,2026-06-29,World Cup,Germany,Paraguay,Maximilian Beier,Germany,F,cards,VALUABLE,0.4,6.0,1.4,1.76,5,,,,,
2026-06-29,2026-06-29,World Cup,Germany,Paraguay,Gustavo Caballero,Paraguay,F,cards,VALUABLE,0.4,4.6,0.84,1.024,5,,,,,
2026-06-29,2026-06-29,World Cup,Germany,Paraguay,Oliver Baumann,Germany,G,cards,VALUABLE,0.4,9.5,2.8,3.37,5,,,,,
2026-06-29,2026-06-29,World Cup,Brazil,Japan,Takefusa Kubo,Japan,F,cards,VALUABLE,0.4,3.9,0.56,0.716,5,True,VOID,0.0,DNP (0 min),2026-06-30
2026-06-29,2026-06-29,World Cup,Brazil,Japan,Zion Suzuki,Japan,G,cards,VALUABLE,0.4,9.5,2.8,3.37,5,True,LOSS,-1.0,,2026-06-30
2026-06-29,2026-06-29,World Cup,Brazil,Japan,Shuto Machino,Japan,F,cards,VALUABLE,0.4,4.8,0.92,1.112,5,True,LOSS,-1.0,,2026-06-30
2026-06-29,2026-06-29,World Cup,Brazil,Japan,Yuito Suzuki,Japan,F,cards,VALUABLE,0.4,5.25,1.1,1.415,5,True,VOID,0.0,DNP (0 min),2026-06-30
2026-06-29,2026-06-30,World Cup,Ivory Coast,Norway,Franck Kessié,Ivory Coast,M,cards,MARKSMAN,0.4,4.2,0.68,0.848,5,True,LOSS,-1.0,,2026-07-01
2026-06-29,2026-06-30,World Cup,Ivory Coast,Norway,Nicolas Pépé,Ivory Coast,F,cards,MARKSMAN,0.4,6.0,1.4,1.76,5,True,LOSS,-1.0,,2026-07-01
2026-06-29,2026-06-30,World Cup,Ivory Coast,Norway,Ibrahim Sangaré,Ivory Coast,M,cards,MARKSMAN,0.4,3.5,0.4,0.54,5,True,LOSS,-1.0,,2026-07-01
2026-06-29,2026-06-30,World Cup,Ivory Coast,Norway,Seko Fofana,Ivory Coast,M,cards,SNIPER,0.4,4.6,0.84,1.024,5,True,VOID,0.0,DNP (0 min),2026-07-01
2026-06-29,2026-06-30,World Cup,Ivory Coast,Norway,Odilon Kossounou,Ivory Coast,D,cards,MARKSMAN,0.4,4.2,0.68,0.848,5,True,LOSS,-1.0,,2026-07-01
2026-06-29,2026-06-30,World Cup,Ivory Coast,Norway,Emmanuel Agbadou,Ivory Coast,D,cards,MARKSMAN,0.4,4.5,0.8,0.98,5,True,LOSS,-1.0,,2026-07-01
2026-06-29,2026-06-30,World Cup,Ivory Coast,Norway,Amad Diallo,Ivory Coast,F,cards,MARKSMAN,0.4,5.2,1.08,1.392,5,True,LOSS,-1.0,,2026-07-01
2026-06-29,2026-06-30,World Cup,Ivory Coast,Norway,Guéla Doué,Ivory Coast,D,cards,MARKSMAN,0.4,3.9,0.56,0.716,5,True,LOSS,-1.0,,2026-07-01
2026-06-29,2026-06-30,World Cup,Netherlands,Morocco,Chemsdine Talbi,Morocco,M,cards,MARKSMAN,0.4,6.5,1.6,1.99,5,,,,,
2026-06-29,2026-06-30,World Cup,Netherlands,Morocco,Yassine Bounou,Morocco,G,cards,VALUABLE,0.4,5.8,1.32,1.668,5,,,,,
2026-06-29,2026-06-30,World Cup,Netherlands,Morocco,Gessime Yassine,Morocco,M,cards,VALUABLE,0.4,4.4,0.76,0.936,5,,,,,
2026-06-29,2026-06-30,World Cup,Ivory Coast,Norway,Christopher Operi,Ivory Coast,D,cards,MARKSMAN,0.4,4.5,0.8,0.98,5,True,VOID,0.0,DNP (0 min),2026-07-01
2026-06-29,2026-06-30,World Cup,Netherlands,Morocco,Teun Koopmeiners,Netherlands,M,cards,VALUABLE,0.4,4.5,0.8,0.98,5,,,,,
2026-06-29,2026-06-30,World Cup,Netherlands,Morocco,Bart Verbruggen,Netherlands,G,cards,VALUABLE,0.4,5.8,1.32,1.668,5,,,,,
2026-06-29,2026-06-30,World Cup,Netherlands,Morocco,Quinten Timber,Netherlands,M,cards,VALUABLE,0.4,4.75,0.9,1.09,5,,,,,
2026-06-29,2026-06-30,World Cup,Netherlands,Morocco,Guus Til,Netherlands,M,cards,VALUABLE,0.4,6.0,1.4,1.76,5,,,,,
2026-06-29,2026-06-30,World Cup,Netherlands,Morocco,Lutsharel Geertruida,Netherlands,D,cards,VALUABLE,0.4,5.8,1.32,1.668,5,,,,,
2026-06-29,2026-06-30,World Cup,Netherlands,Morocco,Mats Wieffer,Netherlands,D,cards,VALUABLE,0.4,3.6,0.44,0.584,5,,,,,
2026-06-29,2026-06-30,World Cup,Netherlands,Morocco,Justin Kluivert,Netherlands,M,cards,MARKSMAN,0.4,4.75,0.9,1.09,5,,,,,
2026-06-29,2026-06-30,World Cup,Netherlands,Morocco,Wout Weghorst,Netherlands,F,cards,VALUABLE,0.4,4.6,0.84,1.024,5,,,,,
2026-06-29,2026-06-30,World Cup,Netherlands,Morocco,Mark Flekken,Netherlands,G,cards,VALUABLE,0.4,9.5,2.8,3.37,5,,,,,
2026-06-29,2026-06-30,World Cup,Netherlands,Morocco,Marten de Roon,Netherlands,M,cards,VALUABLE,0.4,3.3,0.32,0.452,5,,,,,
2026-06-29,2026-07-02,World Cup,Portugal,Croatia,Gonçalo Guedes,Portugal,F,goals,VALUABLE,0.384,3.0,0.152,0.2211,5,True,VOID,0.0,DNP (0 min),2026-07-03
2026-06-29,2026-06-30,World Cup,Ivory Coast,Norway,Fredrik Aursnes,Norway,M,cards,MARKSMAN,0.346,5.4,0.8684,1.1487,5,True,LOSS,-1.0,,2026-07-01
2026-06-29,2026-07-02,World Cup,Portugal,Croatia,Marco Pašalić,Croatia,F,goals,VALUABLE,0.342,5.8,0.9836,1.2811,5,True,VOID,0.0,DNP (0 min),2026-07-03
2026-06-29,2026-07-01,World Cup,Mexico,Ecuador,Israel Reyes,Mexico,D,cards,SNIPER,0.323,5.2,0.6796,0.9315,5,True,LOSS,-1.0,,2026-07-02
2026-06-29,2026-07-02,World Cup,Portugal,Croatia,Luka Vušković,Croatia,D,goals,VALUABLE,0.308,13.0,3.004,3.6046,5,True,VOID,0.0,DNP (0 min),2026-07-03
2026-06-29,2026-07-01,World Cup,Mexico,Ecuador,Roberto Alvarado,Mexico,M,cards,MARKSMAN,0.307,5.5,0.6885,0.9418,5,True,LOSS,-1.0,,2026-07-02
2026-06-29,2026-07-02,World Cup,Portugal,Croatia,Toni Fruk,Croatia,M,goals,VALUABLE,0.253,5.0,0.265,0.3915,5,True,VOID,0.0,DNP (0 min),2026-07-03
2026-06-29,2026-06-30,World Cup,France,Sweden,Anthony Elanga,Sweden,M,cards,SNIPER,0.223,7.0,0.561,0.7952,5,True,LOSS,-1.0,,2026-07-01
2026-06-29,2026-07-01,World Cup,Mexico,Ecuador,Brian Gutierrez,Mexico,M,cards,MARKSMAN,0.4,5.8,1.32,1.668,5,True,LOSS,-1.0,,2026-07-02
2026-06-30,2026-07-02,World Cup,USA,Bosnia & Herzegovina,Ermedin Demirović,Bosnia & Herzegovina,F,cards,VALUABLE,0.4,3.3,0.32,0.452,5,True,LOSS,-1.0,,2026-07-03
2026-06-30,2026-07-01,World Cup,Belgium,Senegal,Kalidou Koulibaly,Senegal,D,cards,VALUABLE,0.4,4.0,0.6,0.76,5,,,,,
2026-06-30,2026-07-01,World Cup,Belgium,Senegal,Nathan Ngoy,Belgium,D,cards,VALUABLE,0.4,3.5,0.4,0.54,5,,,,,
2026-06-30,2026-07-02,World Cup,USA,Bosnia & Herzegovina,Antonee Robinson,USA,D,cards,VALUABLE,0.4,4.2,0.68,0.848,5,True,LOSS,-1.0,,2026-07-03
2026-06-30,2026-07-02,World Cup,USA,Bosnia & Herzegovina,Chris Richards,USA,D,cards,VALUABLE,0.4,3.4,0.36,0.496,5,True,LOSS,-1.0,,2026-07-03
2026-06-30,2026-07-02,World Cup,USA,Bosnia & Herzegovina,Nikola Katić,Bosnia & Herzegovina,D,cards,VALUABLE,0.4,3.7,0.48,0.628,5,True,LOSS,-1.0,,2026-07-03
2026-06-30,2026-07-02,World Cup,USA,Bosnia & Herzegovina,Tarik Muharemović,Bosnia & Herzegovina,D,cards,VALUABLE,0.4,3.5,0.4,0.54,5,True,LOSS,-1.0,,2026-07-03
2026-06-30,2026-07-03,World Cup,Switzerland,Algeria,Granit Xhaka,Switzerland,M,cards,VALUABLE,0.4,4.4,0.76,0.936,5,True,LOSS,-1.0,,2026-07-04
2026-06-30,2026-07-02,World Cup,USA,Bosnia & Herzegovina,Haris Tabaković,Bosnia & Herzegovina,F,cards,VALUABLE,0.4,4.6,0.84,1.024,5,True,LOSS,-1.0,,2026-07-03
2026-06-30,2026-07-02,World Cup,USA,Bosnia & Herzegovina,Dennis Hadžikadunić,Bosnia & Herzegovina,D,cards,VALUABLE,0.4,3.75,0.5,0.65,5,True,VOID,0.0,DNP (0 min),2026-07-03
2026-06-30,2026-07-02,World Cup,Spain,Austria,Pedro Porro,Spain,D,cards,VALUABLE,0.4,5.25,1.1,1.415,5,True,LOSS,-1.0,,2026-07-03
2026-06-30,2026-07-02,World Cup,Spain,Austria,Marcel Sabitzer,Austria,M,cards,VALUABLE,0.4,4.8,0.92,1.112,5,True,LOSS,-1.0,,2026-07-03
2026-06-30,2026-07-02,World Cup,Spain,Austria,Konrad Laimer,Austria,M,cards,VALUABLE,0.4,3.75,0.5,0.65,5,True,LOSS,-1.0,,2026-07-03
2026-06-30,2026-07-02,World Cup,Spain,Austria,Marcos Llorente,Spain,D,cards,VALUABLE,0.4,5.8,1.32,1.668,5,True,VOID,0.0,DNP (0 min),2026-07-03
2026-06-30,2026-07-02,World Cup,USA,Bosnia & Herzegovina,Stjepan Radeljić,Bosnia & Herzegovina,D,cards,VALUABLE,0.4,4.2,0.68,0.848,5,True,WIN,3.2,,2026-07-03
2026-07-02,2026-07-04,World Cup,Colombia,Ghana,Kojo Peprah Oppong,Ghana,D,cards,VALUABLE,0.4,5.5,1.2,1.53,5,True,VOID,0.0,DNP (0 min),2026-07-05
2026-07-02,2026-07-03,World Cup,Australia,Egypt,Mathew Ryan,Australia,G,cards,VALUABLE,0.4,9.5,2.8,3.37,5,,,,,
2026-07-03,2026-07-06,World Cup,Mexico,England,Declan Rice,England,M,cards,MARKSMAN,0.4,4.8,0.92,1.112,5,True,WIN,3.8,,2026-07-07
2026-07-03,2026-07-07,World Cup,USA,Belgium,Nathan Ngoy,Belgium,D,cards,MARKSMAN,0.4,3.6,0.44,0.584,5,True,LOSS,-1.0,,2026-07-08
2026-07-03,2026-07-04,World Cup,Paraguay,France,Adrien Rabiot,France,M,cards,MARKSMAN,0.4,5.3,1.12,1.438,5,True,LOSS,-1.0,,2026-07-05
2026-07-03,2026-07-04,World Cup,Canada,Morocco,Issa Diop,Morocco,D,cards,MARKSMAN,0.4,4.0,0.6,0.76,5,True,LOSS,-1.0,,2026-07-05
2026-07-03,2026-07-07,World Cup,USA,Belgium,Antonee Robinson,USA,M,cards,MARKSMAN,0.4,4.8,0.92,1.112,5,True,LOSS,-1.0,,2026-07-08
2026-07-03,2026-07-07,World Cup,USA,Belgium,Chris Richards,USA,D,cards,MARKSMAN,0.39,3.9,0.521,0.6731,5,True,LOSS,-1.0,,2026-07-08
2026-07-03,2026-07-04,World Cup,Paraguay,France,Miguel Almirón,Paraguay,M,cards,MARKSMAN,0.221,6.25,0.3813,0.5884,5,True,LOSS,-1.0,,2026-07-05
2026-07-05,2026-07-06,World Cup,Portugal,Spain,Marcos Llorente,Spain,D,cards,MARKSMAN,0.256,5.5,0.408,0.6192,5,True,VOID,0.0,DNP (0 min),2026-07-07
2026-07-05,2026-07-07,World Cup,Argentina,Egypt,Yasser Ibrahim,Egypt,D,cards,MARKSMAN,0.252,5.0,0.26,0.386,5,True,LOSS,-1.0,,2026-07-08
2026-07-05,2026-07-07,World Cup,Argentina,Egypt,Mohanad Lasheen,Egypt,M,cards,MARKSMAN,0.246,5.8,0.4268,0.6408,5,True,LOSS,-1.0,,2026-07-08
2026-07-07,2026-07-11,Norway Eliteserien,Fredrikstad FK,Lillestrom,Ayyoub Bouaddi,Lille,M,cards,MARKSMAN,0.378,3.4,0.2852,0.4137,5,,,,,
2026-07-07,2026-07-07,World Cup,Argentina,Egypt,Hamdy Fathy,Egypt,D,cards,VALUABLE,0.378,3.7,0.3986,0.5385,5,True,WIN,2.7,,2026-07-08
2026-07-07,2026-07-09,World Cup,France,Morocco,Issa Diop,Morocco,D,cards,VALUABLE,0.378,3.3,0.2474,0.3721,5,True,WIN,2.3,,2026-07-10
2026-07-07,2026-07-07,World Cup,Switzerland,Colombia,Granit Xhaka,Switzerland,M,cards,VALUABLE,0.378,3.9,0.4742,0.6216,5,,,,,
2026-07-07,2026-07-11,Norway Eliteserien,Fredrikstad FK,Lillestrom,Nathan Ngoy,Lille,D,cards,VALUABLE,0.378,3.3,0.2474,0.3721,5,,,,,
2026-07-08,2026-07-12,World Cup,Argentina,Switzerland,Granit Xhaka,Switzerland,M,cards,MARKSMAN,0.378,3.6,0.3608,0.4969,5,,,,,
2026-07-08,2026-07-12,World Cup,Argentina,Switzerland,Facundo Medina,Argentina,D,cards,MARKSMAN,0.378,3.9,0.4742,0.6216,5,,,,,
2026-07-08,2026-07-12,World Cup,Argentina,Switzerland,Denis Zakaria,Switzerland,D,cards,MARKSMAN,0.378,4.0,0.512,0.6632,5,,,,,
2026-07-08,2026-07-09,World Cup,France,Morocco,Marcus Thuram,France,M,cards,MARKSMAN,0.378,6.0,1.268,1.6082,5,True,VOID,0.0,DNP (0 min),2026-07-10
2026-07-08,2026-07-09,World Cup,France,Morocco,Aurélien Tchouaméni,France,M,cards,MARKSMAN,0.378,4.2,0.5876,0.7464,5,True,VOID,0.0,DNP (0 min),2026-07-10
2026-07-08,2026-07-11,World Cup,Norway,England,Declan Rice,England,M,cards,MARKSMAN,0.378,4.3,0.6254,0.7879,5,,,,,
2026-07-08,2026-07-10,World Cup,Spain,Belgium,Alejandro Baena,Spain,M,cards,MARKSMAN,0.378,4.0,0.512,0.6632,5,True,VOID,0.0,DNP (0 min),2026-07-11
2026-07-09,2026-07-10,World Cup,Spain,Belgium,Marcos Llorente,Spain,D,cards,MARKSMAN,0.378,4.75,0.7955,0.9751,5,True,VOID,0.0,DNP (0 min),2026-07-11
2026-07-14,2026-07-21,Brazil Serie A,Atletico Mineiro,Bahia,Giuliano Simeone,Atletico Madrid,F,goals,VALUABLE,0.22,5.5,0.21,0.3915,5,,,,,
2026-07-15,2026-07-21,Brazil Serie A,Atletico Mineiro,Bahia,Alejandro Baena,Atletico Madrid,F,goals,VALUABLE,0.338,6.2,1.0956,1.4099,5,,,,,
2026-07-16,2026-07-23,Brazil Serie A,Sao Paulo,Atletico Paranaense,Alejandro Baena,Atletico Madrid,F,goals,VALUABLE,0.267,6.2,0.6554,0.9037,5,,,,,
2026-07-16,2026-07-21,Brazil Serie A,Atletico Mineiro,Bahia,Alejandro Baena,Atletico Madrid,F,sot,VALUABLE,0.601,1.95,0.1719,0.2423,5,,,,,
2026-07-16,2026-07-23,Brazil Serie A,Sao Paulo,Atletico Paranaense,Alejandro Baena,Atletico Madrid,F,sot,VALUABLE,0.548,2.2,0.2056,0.2779,5,,,,,
2026-07-16,2026-07-21,Brazil Serie A,Atletico Mineiro,Bahia,Giuliano Simeone,Atletico Madrid,F,sot,VALUABLE,0.496,2.38,0.1805,0.2513,5,,,,,
2026-07-16,2026-07-18,World Cup,France,England,Marcus Thuram,France,F,cards,VALUABLE,0.172,7.0,0.204,0.3846,5,True,VOID,0.0,DNP (0 min),2026-07-19
2026-07-16,2026-07-17,China Super League,Qingdao West Coast FC,Chengdu Rongcheng FC,Marcus Thuram,Borussia Monchengladbach,F,cards,VALUABLE,0.17,7.0,0.19,0.3685,5,,,,,
2026-07-16,2026-07-23,USA MLS,Los Angeles FC,Real Salt Lake,Victor Muñoz,Real Madrid,F,sot,VALUABLE,0.641,2.0,0.282,0.3589,5,,,,,
2026-07-16,2026-07-23,USA MLS,Los Angeles FC,Real Salt Lake,Jude Bellingham,Real Madrid,F,goals,VALUABLE,0.385,3.6,0.386,0.5246,5,,,,,
2026-07-16,2026-07-23,USA MLS,Los Angeles FC,Real Salt Lake,Victor Muñoz,Real Madrid,F,goals,VALUABLE,0.385,5.0,0.925,1.1175,5,,,,,
2026-07-18,2026-07-23,Argentina Primera Division,Sarmiento de Junin,Argentinos Juniors,Lionel Messi,Argentina,F,goals,VALUABLE,0.385,3.05,0.1743,0.2917,5,,,,,
2026-07-18,2026-07-25,Brazil Serie A,Atletico Paranaense,Internacional,Alejandro Baena,Atletico Madrid,F,sot,VALUABLE,0.601,2.2,0.3222,0.4015,5,,,,,
2026-07-18,2026-07-25,Brazil Serie A,Atletico Paranaense,Internacional,Giuliano Simeone,Atletico Madrid,F,sot,VALUABLE,0.496,2.38,0.1805,0.2513,5,,,,,
2026-07-18,2026-07-25,Brazil Serie A,Atletico Paranaense,Internacional,Alejandro Baena,Atletico Madrid,F,goals,VALUABLE,0.338,5.9,0.9942,1.2933,5,,,,,
2026-07-18,2026-07-25,Brazil Serie A,Atletico Paranaense,Internacional,Giuliano Simeone,Atletico Madrid,F,goals,VALUABLE,0.22,6.0,0.32,0.518,5,,,,,
2026-08-13,2026-08-15,Bundesliga 2,Hertha BSC,1. FC Heidenheim,Fabian Reese,Hertha BSC,F,sot,AVOID,0.675,,,,5,,,,,
2026-08-13,2026-08-15,La Liga,Alaves,Getafe,Mason Greenwood,Getafe,F,sot,AVOID,0.675,,,,5,,,,,
2026-08-13,2026-08-15,Championship,Norwich,West Brom,Borja Sainz,Norwich,F,sot,AVOID,0.675,,,,5,,,,,
2026-08-13,2026-08-15,Bundesliga 2,SpVgg Greuther Fürth,1. FC Nürnberg,Stefanos Tzimas,1. FC Nürnberg,F,sot,AVOID,0.675,,,,5,,,,,
2026-08-13,2026-08-15,Bundesliga 2,SpVgg Greuther Fürth,1. FC Nürnberg,Felix Klaus,SpVgg Greuther Fürth,F,sot,AVOID,0.675,,,,5,,,,,
2026-08-13,2026-08-16,La Liga 2,Girona FC,Leganés,Joel Roca,Girona,F,sot,AVOID,0.675,,,,5,,,,,
2026-08-13,2026-08-16,La Liga,Espanyol,Levante,Javi Puado,Espanyol,F,sot,AVOID,0.675,,,,5,,,,,
2026-08-13,2026-08-16,La Liga 2,Girona FC,Leganés,Valentin Castellanos,Girona,F,sot,AVOID,0.675,,,,5,,,,,
2026-08-13,2026-08-15,La Liga,Alaves,Getafe,Toni Martínez,Alaves,F,sot,AVOID,0.674,,,,5,,,,,
2026-08-13,2026-08-15,Bundesliga 2,SpVgg Greuther Fürth,1. FC Nürnberg,Noel Futkeu,SpVgg Greuther Fürth,F,sot,AVOID,0.669,,,,5,,,,,
2026-08-13,2026-08-15,Bundesliga 2,SpVgg Greuther Fürth,1. FC Nürnberg,Branimir Hrgota,SpVgg Greuther Fürth,F,sot,AVOID,0.657,,,,5,,,,,
2026-08-13,2026-08-15,La Liga,Alaves,Getafe,Carlos Vicente,Alaves,D,sot,AVOID,0.656,,,,5,,,,,
2026-08-13,2026-08-15,Bundesliga 2,SpVgg Greuther Fürth,1. FC Nürnberg,Mohamed Ali Zoma,1. FC Nürnberg,F,sot,AVOID,0.654,,,,5,,,,,
2026-08-13,2026-08-15,Bundesliga 2,VfL Osnabrück,1. FC Magdeburg,Mateusz Żukowski,1. FC Magdeburg,F,sot,AVOID,0.653,,,,5,,,,,
2026-08-13,2026-08-15,Austrian Bundesliga,Austria Lustenau,Wolfsberger AC,Omar Marmoush,VfL Wolfsburg,F,sot,AVOID,0.652,,,,5,,,,,
2026-08-13,2026-08-15,Championship,Bristol City,Millwall,Scott Twine,Bristol City,F,sot,AVOID,0.65,,,,5,,,,,
2026-08-13,2026-08-16,La Liga,Espanyol,Levante,Carlos Espí,Levante,F,sot,AVOID,0.647,,,,5,,,,,
2026-08-13,2026-08-15,La Liga,Sevilla,Rayo Vallecano,Lucas Ocampos,Sevilla,D,sot,AVOID,0.636,,,,5,,,,,
2026-08-13,2026-08-16,La Liga,Celta Vigo,Osasuna,Victor Muñoz,Osasuna,F,sot,AVOID,0.626,,,,5,,,,,
2026-08-13,2026-08-14,Bundesliga 2,Holstein Kiel,FC St. Pauli,Adrián Kaprálik,Holstein Kiel,F,sot,AVOID,0.625,,,,5,,,,,
2026-08-13,2026-08-16,La Liga,Celta Vigo,Osasuna,Gabri Veiga,Celta Vigo,F,sot,AVOID,0.619,,,,5,,,,,
2026-08-13,2026-08-16,La Liga,Celta Vigo,Osasuna,Gabriel Veiga,Celta Vigo,F,sot,AVOID,0.618,,,,5,,,,,
2026-08-13,2026-08-15,League One,Reading,Luton,Jordan Clark,Luton,F,sot,AVOID,0.617,,,,5,,,,,
2026-08-13,2026-08-14,Championship,Wolves,Blackburn,Raúl Jiménez,Wolves,F,sot,AVOID,0.606,,,,5,,,,,
2026-08-13,2026-08-16,La Liga,Celta Vigo,Osasuna,Bryan Zaragoza,Osasuna,F,sot,AVOID,0.604,,,,5,,,,,
2026-08-13,2026-08-15,Bundesliga 2,Hertha BSC,1. FC Heidenheim,Michaël Cuisance,Hertha BSC,F,sot,AVOID,0.602,,,,5,,,,,
2026-08-13,2026-08-14,Bundesliga 2,Eintracht Braunschweig,VfL Bochum,Philipp Hofmann,VfL BOCHUM,F,sot,AVOID,0.598,,,,5,,,,,
2026-08-13,2026-08-15,Bundesliga 2,SpVgg Greuther Fürth,1. FC Nürnberg,Julian Justvan,1. FC Nürnberg,F,sot,AVOID,0.598,,,,5,,,,,
2026-08-13,2026-08-15,Championship,Norwich,West Brom,Josh Sargent,Norwich,F,sot,AVOID,0.594,,,,5,,,,,
2026-08-13,2026-08-15,La Liga,Sevilla,Rayo Vallecano,Youssef En-Nesyri,Sevilla,F,sot,AVOID,0.592,,,,5,,,,,
2026-08-13,2026-08-16,La Liga,Espanyol,Levante,Joselu,Espanyol,F,sot,AVOID,0.586,,,,5,,,,,
2026-08-13,2026-08-16,La Liga,Celta Vigo,Osasuna,Jonathan Bamba,Celta Vigo,F,sot,AVOID,0.585,,,,5,,,,,
2026-08-13,2026-08-16,La Liga,Espanyol,Levante,Nicolás Melamed,Espanyol,F,sot,AVOID,0.583,,,,5,,,,,
2026-08-13,2026-08-15,Austrian Bundesliga,Austria Lustenau,Wolfsberger AC,Jordan Bos,Australia,D,sot,AVOID,0.581,,,,5,,,,,
2026-08-13,2026-08-14,Bundesliga 2,Eintracht Braunschweig,VfL Bochum,Lino Tempelmann,Eintracht Braunschweig,F,sot,AVOID,0.58,,,,5,,,,,
2026-08-13,2026-08-15,La Liga,Alaves,Getafe,Martín Satriano,Getafe,F,sot,PAPER,0.578,1.67,-0.0347,0.0232,5,,,,,
2026-08-13,2026-08-14,Championship,Wolves,Blackburn,Mateus Mané,Wolves,F,sot,AVOID,0.576,,,,5,,,,,
2026-08-13,2026-08-15,La Liga,Sevilla,Rayo Vallecano,Isi Palazón,Rayo Vallecano,F,sot,PAPER,0.575,1.91,0.0982,0.1641,5,,,,,
2026-08-13,2026-08-15,Championship,Norwich,West Brom,Ante Crnac,Norwich,F,sot,AVOID,0.573,,,,5,,,,,
2026-08-13,2026-08-16,La Liga 2,Girona FC,Leganés,Artem Dovbyk,Girona,F,sot,AVOID,0.566,,,,5,,,,,
2026-08-13,2026-08-15,Austrian Bundesliga,Austria Lustenau,Wolfsberger AC,Jakub Kamiński,VfL Wolfsburg,D,sot,AVOID,0.565,,,,5,,,,,
2026-08-13,2026-08-15,Bundesliga 2,Hertha BSC,1. FC Heidenheim,Budu Zivzivadze,1. FC Heidenheim,F,sot,AVOID,0.565,,,,5,,,,,
2026-08-13,2026-08-16,La Liga 2,Girona FC,Leganés,Pablo Torre,Girona,F,sot,AVOID,0.564,,,,5,,,,,
2026-08-13,2026-08-15,Argentina Primera Division,San Lorenzo,Union Santa Fe,Andrej Ilić,Union Berlin,F,sot,AVOID,0.563,,,,5,,,,,
2026-08-13,2026-08-13,Conference League,Flora Tallinn,Inter Club d'Escaldes,Federico Dimarco,Inter,D,sot,AVOID,0.559,,,,5,True,VOID,0.0,DNP,2026-08-14
2026-08-13,2026-08-14,Championship,Wolves,Blackburn,Morgan Gibbs-White,Wolves,M,sot,AVOID,0.559,,,,5,,,,,
2026-08-13,2026-08-19,USA MLS,Philadelphia Union,Inter Miami CF,Federico Dimarco,Inter,D,sot,AVOID,0.559,,,,5,,,,,
2026-08-13,2026-08-16,La Liga,Racing Santander,Villarreal,Alejandro Baena,Villarreal,F,sot,AVOID,0.557,,,,5,,,,,
2026-08-13,2026-08-16,La Liga,Espanyol,Levante,Walid Cheddira,Espanyol,F,sot,AVOID,0.557,,,,5,,,,,
2026-08-13,2026-08-15,League One,Oxford United,Milton Keynes Dons,Matt Phillips,Oxford United,D,sot,AVOID,0.556,,,,5,,,,,
2026-08-13,2026-08-15,La Liga 2,Cádiz CF,Celta Vigo,Gabri Veiga,Celta Vigo,F,sot,AVOID,0.553,,,,5,,,,,
2026-08-13,2026-08-15,La Liga 2,Cádiz CF,Celta Vigo,Gabriel Veiga,Celta Vigo,F,sot,AVOID,0.552,,,,5,,,,,
2026-08-13,2026-08-15,La Liga,Alaves,Getafe,Abderrahman Rebbach,Alaves,D,sot,AVOID,0.552,,,,5,,,,,
2026-08-13,2026-08-15,League One,Oxford United,Milton Keynes Dons,Tyler Goodrham,Oxford United,F,sot,AVOID,0.551,,,,5,,,,,
2026-08-13,2026-08-19,USA MLS,Philadelphia Union,Inter Miami CF,Denzel Dumfries,Inter,D,sot,AVOID,0.548,,,,5,,,,,
2026-08-13,2026-08-13,Conference League,Flora Tallinn,Inter Club d'Escaldes,Denzel Dumfries,Inter,D,sot,AVOID,0.548,,,,5,True,VOID,0.0,DNP,2026-08-14
2026-08-13,2026-08-15,La Liga,Sevilla,Rayo Vallecano,Álvaro García,Rayo Vallecano,F,sot,PAPER,0.548,1.67,-0.0848,-0.0299,5,,,,,
2026-08-13,2026-08-15,China Super League,Zhejiang,Chengdu Rongcheng FC,Tim Kleindienst,Borussia Mönchengladbach,F,sot,AVOID,0.547,,,,5,,,,,
2026-08-13,2026-08-14,Championship,Wolves,Blackburn,Mario Lemina,Wolves,D,sot,AVOID,0.547,,,,5,,,,,
2026-08-13,2026-08-16,La Liga 2,Girona FC,Leganés,Juan Cruz,Leganes,D,sot,AVOID,0.545,,,,5,,,,,
2026-08-13,2026-08-15,Championship,Norwich,West Brom,Isaac Price,West Brom,D,sot,AVOID,0.545,,,,5,,,,,
2026-08-13,2026-08-15,League One,Oxford United,Milton Keynes Dons,Rúben Rodrigues,Oxford United,F,sot,AVOID,0.544,,,,5,,,,,
2026-08-13,2026-08-14,Bundesliga 2,Eintracht Braunschweig,VfL Bochum,Johan Arath Gomez,Eintracht Braunschweig,D,sot,AVOID,0.543,,,,5,,,,,
2026-08-13,2026-08-16,La Liga 2,Girona FC,Leganés,Joel Roca Casals,Girona,M,sot,AVOID,0.542,,,,5,,,,,
2026-08-13,2026-08-15,Championship,Bolton,Preston,Rúben Rodrigues,Bolton,F,sot,AVOID,0.542,,,,5,,,,,
2026-08-13,2026-08-15,La Liga 2,Cádiz CF,Celta Vigo,Jonathan Bamba,Celta Vigo,F,sot,AVOID,0.541,,,,5,,,,,
2026-08-13,2026-08-13,Conference League,Qarabag,Dynamo Kyiv,Vincent Vermeij,Dynamo Dresden,F,sot,AVOID,0.54,,,,5,True,VOID,0.0,DNP,2026-08-14
2026-08-13,2026-08-15,Bundesliga 2,Hertha BSC,1. FC Heidenheim,Ibrahim Maza,Hertha BSC,F,sot,AVOID,0.539,,,,5,,,,,
2026-08-13,2026-08-14,Bundesliga 2,Holstein Kiel,FC St. Pauli,Phil Harres,Holstein Kiel,F,sot,AVOID,0.537,,,,5,,,,,
2026-08-13,2026-08-15,Championship,Norwich,West Brom,Liam Gibbs,Norwich,D,sot,AVOID,0.537,,,,5,,,,,
2026-08-13,2026-08-14,Championship,Wolves,Blackburn,Rodrigo Gomes,Wolves,D,sot,AVOID,0.537,,,,5,,,,,
2026-08-13,2026-08-15,Austrian Bundesliga,Austria Lustenau,Wolfsberger AC,Josip Brekalo,VfL Wolfsburg,F,sot,AVOID,0.537,,,,5,,,,,
2026-08-13,2026-08-15,La Liga,Sevilla,Rayo Vallecano,Marcos Acuña,Sevilla,D,sot,AVOID,0.531,,,,5,,,,,
2026-08-13,2026-08-15,League One,Huddersfield,AFC Wimbledon,Marcus Harness,Huddersfield,F,sot,AVOID,0.53,,,,5,,,,,
2026-08-13,2026-08-16,La Liga 2,Girona FC,Leganés,Miguel Gutiérrez,Girona,D,sot,AVOID,0.527,,,,5,,,,,
2026-08-13,2026-08-16,La Liga,Celta Vigo,Osasuna,Renato Tapia,Celta Vigo,D,sot,AVOID,0.525,,,,5,,,,,
2026-08-13,2026-08-15,Bundesliga 2,Hertha BSC,1. FC Heidenheim,Eren Dinkçi,1. FC Heidenheim,F,sot,AVOID,0.524,,,,5,,,,,
2026-08-13,2026-08-15,Championship,Bristol City,Millwall,Jason Knight,Bristol City,D,sot,AVOID,0.521,,,,5,,,,,
2026-08-13,2026-08-16,La Liga,Celta Vigo,Osasuna,Anastasios Douvikas,Celta Vigo,F,sot,AVOID,0.521,,,,5,,,,,
2026-08-13,2026-08-15,Argentina Primera Division,San Lorenzo,Union Santa Fe,Oliver Burke,Union Berlin,F,sot,AVOID,0.52,,,,5,,,,,
2026-08-13,2026-08-15,La Liga,Sevilla,Rayo Vallecano,Suso,Sevilla,F,sot,AVOID,0.52,,,,5,,,,,
2026-08-13,2026-08-15,League One,Oxford United,Milton Keynes Dons,Will Lankshear,Oxford United,F,sot,AVOID,0.519,,,,5,,,,,
2026-08-13,2026-08-14,Championship,Wolves,Blackburn,Callum Brittain,Blackburn,D,sot,AVOID,0.518,,,,5,,,,,
2026-08-13,2026-08-16,La Liga,Espanyol,Levante,Edu Expósito,Espanyol,F,sot,AVOID,0.518,,,,5,,,,,
2026-08-13,2026-08-15,La Liga,Sevilla,Rayo Vallecano,Oso,Sevilla,D,sot,AVOID,0.518,,,,5,,,,,
2026-08-13,2026-08-15,Bundesliga 2,Hertha BSC,1. FC Heidenheim,Jonjoe Kenny,Hertha BSC,D,sot,AVOID,0.517,,,,5,,,,,
2026-08-13,2026-08-15,League One,Huddersfield,AFC Wimbledon,Lynden Gooch,Huddersfield,D,sot,AVOID,0.516,,,,5,,,,,
2026-08-13,2026-08-15,Austrian Bundesliga,Austria Lustenau,Wolfsberger AC,Joakim Mæhle,VfL Wolfsburg,D,sot,AVOID,0.515,,,,5,,,,,
2026-08-13,2026-08-15,La Liga,Alaves,Getafe,Ángel Pérez,Alaves,D,sot,AVOID,0.515,,,,5,,,,,
2026-08-13,2026-08-15,La Liga 2,Cádiz CF,Celta Vigo,Renato Tapia,Celta Vigo,D,sot,AVOID,0.512,,,,5,,,,,
2026-08-13,2026-08-15,League One,Notts County,Leicester,Kiernan Dewsbury-Hall,Leicester,F,sot,AVOID,0.51,,,,5,,,,,
2026-08-13,2026-08-15,League One,Notts County,Leicester,James Justin,Leicester,D,sot,AVOID,0.508,,,,5,,,,,
2026-08-13,2026-08-16,La Liga,Celta Vigo,Osasuna,Sergio Carreira,Celta Vigo,D,sot,AVOID,0.508,,,,5,,,,,
2026-08-13,2026-08-13,Conference League,Qarabag,Dynamo Kyiv,Ben Justus Bobzien,Dynamo Dresden,M,sot,AVOID,0.508,,,,5,True,VOID,0.0,DNP,2026-08-14
2026-08-13,2026-08-15,China Super League,Zhejiang,Chengdu Rongcheng FC,Shio Fukuda,Borussia Monchengladbach,F,sot,AVOID,0.507,,,,5,,,,,
2026-08-13,2026-08-13,Conference League,Qarabag,Dynamo Kyiv,Ben Bobzien,Dynamo Dresden,M,sot,AVOID,0.506,,,,5,True,VOID,0.0,DNP,2026-08-14
2026-08-13,2026-08-14,Bundesliga 2,Eintracht Braunschweig,VfL Bochum,Felix Passlack,Vfl Bochum,D,sot,AVOID,0.504,,,,5,,,,,
2026-08-13,2026-08-15,Austrian Bundesliga,Austria Lustenau,Wolfsberger AC,Aaron Zehnter,VfL Wolfsburg,D,sot,AVOID,0.504,,,,5,,,,,
2026-08-13,2026-08-15,Bundesliga 2,SpVgg Greuther Fürth,1. FC Nürnberg,Simon Asta,SpVgg Greuther Fürth,D,sot,AVOID,0.504,,,,5,,,,,
2026-08-13,2026-08-14,Bundesliga 2,Eintracht Braunschweig,VfL Bochum,Marvin Rittmüller,Eintracht Braunschweig,D,sot,AVOID,0.504,,,,5,,,,,
2026-08-13,2026-08-16,La Liga,Espanyol,Levante,Iván Romero,Levante,F,sot,PAPER,0.504,2.0,0.008,0.0685,5,,,,,
2026-08-13,2026-08-16,La Liga 2,Girona FC,Leganés,Renato Tapia,Leganes,D,sot,AVOID,0.503,,,,5,,,,,
2026-08-13,2026-08-15,La Liga,Alaves,Getafe,Mauro Arambarri,Getafe,F,sot,AVOID,0.503,,,,5,,,,,
2026-08-13,2026-08-15,League One,Plymouth Argyle,Stockport County FC,Ben Osborn,Stockport County,D,sot,AVOID,0.501,,,,5,,,,,
2026-08-13,2026-08-15,La Liga,Sevilla,Rayo Vallecano,Ivan Rakitić,Sevilla,F,sot,AVOID,0.5,,,,5,,,,,
2026-08-13,2026-08-15,League One,Reading,Luton,Daniel Kyerewaa,Reading,F,sot,AVOID,0.5,,,,5,,,,,
2026-08-13,2026-08-14,Bundesliga 2,Eintracht Braunschweig,VfL Bochum,Jannis Nikolaou,Eintracht Braunschweig,D,sot,AVOID,0.5,,,,5,,,,,
2026-08-13,2026-08-15,League One,Notts County,Leicester,Patson Daka,Leicester,F,sot,AVOID,0.499,,,,5,,,,,
2026-08-13,2026-08-15,China Super League,Zhejiang,Chengdu Rongcheng FC,Philipp Sander,Borussia Mönchengladbach,D,sot,AVOID,0.499,,,,5,,,,,
2026-08-13,2026-08-15,Championship,Middlesbrough,Lincoln,Matt Targett,Middlesbrough,D,sot,AVOID,0.497,,,,5,,,,,
2026-08-13,2026-08-15,Championship,Middlesbrough,Lincoln City,Matt Targett,Middlesbrough,D,sot,AVOID,0.497,,,,5,,,,,
2026-08-13,2026-08-15,Bundesliga 2,Hertha BSC,1. FC Heidenheim,Frans Krätzig,1. FC Heidenheim,D,sot,AVOID,0.497,,,,5,,,,,
2026-08-13,2026-08-15,Austrian Bundesliga,Austria Lustenau,Wolfsberger AC,Christian Eriksen,VfL Wolfsburg,F,sot,AVOID,0.496,,,,5,,,,,
2026-08-13,2026-08-16,La Liga,Racing Santander,Villarreal,Georges Mikautadze,Villarreal,F,sot,AVOID,0.496,,,,5,,,,,
2026-08-13,2026-08-16,La Liga 2,Girona FC,Leganés,Yan Diomande,Leganes,F,sot,AVOID,0.496,,,,5,,,,,
2026-08-13,2026-08-15,La Liga,Alaves,Getafe,Christantus Uche,Getafe,F,sot,AVOID,0.495,,,,5,,,,,
2026-08-13,2026-08-15,Austrian Bundesliga,Austria Lustenau,Wolfsberger AC,Dženan Pejčinović,VfL Wolfsburg,F,sot,AVOID,0.495,,,,5,,,,,
2026-08-13,2026-08-16,La Liga,Celta Vigo,Osasuna,Fer López,Celta Vigo,F,sot,AVOID,0.495,,,,5,,,,,
2026-08-13,2026-08-15,La Liga 2,Cádiz CF,Celta Vigo,Sergio Carreira,Celta Vigo,D,sot,AVOID,0.494,,,,5,,,,,
2026-08-13,2026-08-16,La Liga 2,Girona FC,Leganés,Azzedine Ounahi,Girona,F,sot,AVOID,0.491,,,,5,,,,,
2026-08-13,2026-08-15,League One,Reading,Luton,Tahith Chong,Luton,F,sot,AVOID,0.49,,,,5,,,,,
2026-08-13,2026-08-15,League One,Notts County,Leicester,Conor Coady,Leicester,D,sot,AVOID,0.49,,,,5,,,,,
2026-08-13,2026-08-16,La Liga,Celta Vigo,Osasuna,Javier Rueda,Celta Vigo,D,sot,AVOID,0.49,,,,5,,,,,
2026-08-13,2026-08-15,China Super League,Zhejiang,Chengdu Rongcheng FC,Rocco Reitz,Borussia Monchengladbach,F,sot,AVOID,0.49,,,,5,,,,,
2026-08-13,2026-08-15,Championship,Norwich,West Brom,Ousmane Diakité,West Brom,D,sot,AVOID,0.489,,,,5,,,,,
2026-08-13,2026-08-15,League One,Reading,Luton,Issa Kaboré,Luton,D,sot,AVOID,0.489,,,,5,,,,,
2026-08-13,2026-08-14,Championship,Wolves,Blackburn,Pedro Neto,Wolves,F,sot,AVOID,0.489,,,,5,,,,,
2026-08-13,2026-08-15,Bundesliga 2,Hertha BSC,1. FC Heidenheim,Pascal Klemens,Hertha BSC,D,sot,AVOID,0.487,,,,5,,,,,
2026-08-13,2026-08-16,La Liga,Racing Santander,Villarreal,Ilias Akhomach,Villarreal,F,sot,AVOID,0.487,,,,5,,,,,
2026-08-13,2026-08-16,La Liga,Espanyol,Levante,Sergi Darder,Espanyol,F,sot,AVOID,0.486,,,,5,,,,,
2026-08-13,2026-08-15,Bundesliga 2,VfL Osnabrück,1. FC Magdeburg,Barış Atik,1. FC Magdeburg,F,sot,AVOID,0.485,,,,5,,,,,
2026-08-13,2026-08-15,Austrian Bundesliga,Austria Lustenau,Wolfsberger AC,Micky van de Ven,VfL Wolfsburg,D,sot,AVOID,0.485,,,,5,,,,,
2026-08-13,2026-08-15,Bundesliga 2,Hertha BSC,1. FC Heidenheim,Marten Winkler,Hertha BSC,F,sot,AVOID,0.484,,,,5,,,,,
2026-08-13,2026-08-15,Argentina Primera Division,San Lorenzo,Union Santa Fe,Benedict Hollerbach,Union Berlin,F,sot,AVOID,0.484,,,,5,,,,,
2026-08-13,2026-08-15,Bundesliga 2,VfL Osnabrück,1. FC Magdeburg,Baris Atik,1. FC Magdeburg,F,sot,AVOID,0.484,,,,5,,,,,
2026-08-13,2026-08-15,Championship,Middlesbrough,Lincoln City,David Strelec,Middlesbrough,F,sot,AVOID,0.483,,,,5,,,,,
2026-08-13,2026-08-15,Championship,Middlesbrough,Lincoln,David Strelec,Middlesbrough,F,sot,AVOID,0.483,,,,5,,,,,
2026-08-13,2026-08-14,Bundesliga 2,Eintracht Braunschweig,VfL Bochum,Johan Gomez,Eintracht Braunschweig,F,sot,AVOID,0.483,,,,5,,,,,
2026-08-13,2026-08-14,Championship,Wolves,Blackburn,Adam Armstrong,Wolves,F,sot,AVOID,0.481,,,,5,,,,,
2026-08-13,2026-08-14,Bundesliga 2,Eintracht Braunschweig,VfL Bochum,Max Marie,Eintracht Braunschweig,F,sot,AVOID,0.481,,,,5,,,,,
2026-08-13,2026-08-15,La Liga,Sevilla,Rayo Vallecano,Fernando,Sevilla,D,sot,AVOID,0.48,,,,5,,,,,
2026-08-13,2026-08-16,La Liga,Racing Santander,Villarreal,Juan Bernat,Villarreal,D,sot,AVOID,0.48,,,,5,,,,,
2026-08-13,2026-08-15,League One,Notts County,Leicester,Bilal El Khannouss,Leicester,F,sot,AVOID,0.48,,,,5,,,,,
2026-08-13,2026-08-16,La Liga 2,Girona FC,Leganés,Viktor Tsygankov,Girona,F,sot,AVOID,0.479,,,,5,,,,,
2026-08-13,2026-08-16,La Liga,Celta Vigo,Osasuna,Jon Moncayola,Osasuna,D,sot,AVOID,0.479,,,,5,,,,,
2026-08-13,2026-08-15,La Liga 2,Cádiz CF,Celta Vigo,Javier Rueda,Celta Vigo,D,sot,AVOID,0.477,,,,5,,,,,
2026-08-13,2026-08-14,Championship,Wolves,Blackburn,Jean-Ricner Bellegarde,Wolves,F,sot,AVOID,0.476,,,,5,,,,,
2026-08-13,2026-08-14,Bundesliga 2,Eintracht Braunschweig,VfL Bochum,Koji Miyoshi,VfL Bochum,F,sot,AVOID,0.475,,,,5,,,,,
2026-08-13,2026-08-15,Bundesliga 2,SpVgg Greuther Fürth,1. FC Nürnberg,Marco Meyerhofer,SpVgg Greuther Fürth,D,sot,AVOID,0.474,,,,5,,,,,
2026-08-13,2026-08-15,La Liga,Sevilla,Rayo Vallecano,Ilias Akhomach,Rayo Vallecano,F,sot,AVOID,0.474,,,,5,,,,,
2026-08-13,2026-08-15,League One,Notts County,Leicester,Hamza Choudhury,Leicester,D,sot,AVOID,0.474,,,,5,,,,,
2026-08-13,2026-08-15,Argentina Primera Division,San Lorenzo,Union Santa Fe,Janik Haberer,Union Berlin,D,sot,AVOID,0.474,,,,5,,,,,
2026-08-13,2026-08-15,Bundesliga 2,SpVgg Greuther Fürth,1. FC Nürnberg,Rafael Lubach,1. FC Nürnberg,F,sot,AVOID,0.472,,,,5,,,,,
2026-08-13,2026-08-15,La Liga,Alaves,Getafe,Juan Bernat,Getafe,D,sot,AVOID,0.471,,,,5,,,,,
2026-08-13,2026-08-15,La Liga,Alaves,Getafe,Giuliano Simeone,Alaves,F,sot,AVOID,0.471,,,,5,,,,,
2026-08-13,2026-08-15,Austrian Bundesliga,Austria Lustenau,Wolfsberger AC,Saël Kumbedi,VfL Wolfsburg,D,sot,AVOID,0.468,,,,5,,,,,
2026-08-13,2026-08-15,Bundesliga 2,SpVgg Greuther Fürth,1. FC Nürnberg,Maximilian Dietz,SpVgg Greuther Fürth,D,sot,AVOID,0.467,,,,5,,,,,
2026-08-13,2026-08-16,La Liga 2,Girona FC,Leganés,Borja García,Girona,F,sot,AVOID,0.465,,,,5,,,,,
2026-08-13,2026-08-15,Bundesliga 2,VfL Osnabrück,1. FC Magdeburg,Jason Ceka,1. FC Magdeburg,F,sot,AVOID,0.465,,,,5,,,,,
2026-08-13,2026-08-15,Argentina Primera Division,San Lorenzo,Union Santa Fe,Sheraldo Becker,Union Berlin,F,sot,AVOID,0.465,,,,5,,,,,
2026-08-13,2026-08-15,Austrian Bundesliga,Austria Lustenau,Wolfsberger AC,Nestory Irankunda,Australia,F,sot,AVOID,0.465,,,,5,,,,,
2026-08-13,2026-08-14,Bundesliga 2,Eintracht Braunschweig,VfL Bochum,Myron Boadu,VfL Bochum,F,sot,AVOID,0.463,,,,5,,,,,
2026-08-13,2026-08-15,Championship,Norwich,West Brom,Jayson Molumby,West Brom,F,sot,AVOID,0.461,,,,5,,,,,
2026-08-13,2026-08-14,Bundesliga 2,Holstein Kiel,FC St. Pauli,Jonas Therkelsen,Holstein Kiel,M,sot,AVOID,0.461,,,,5,,,,,
2026-08-13,2026-08-15,League One,Reading,Luton,Amari'i Bell,Luton,D,sot,AVOID,0.459,,,,5,,,,,
2026-08-13,2026-08-15,Bundesliga 2,VfL Osnabrück,1. FC Magdeburg,Alexander Nollenberger,1. FC Magdeburg,D,sot,AVOID,0.459,,,,5,,,,,
2026-08-13,2026-08-15,China Super League,Zhejiang,Chengdu Rongcheng FC,Kevin Stöger,Borussia Mönchengladbach,F,sot,AVOID,0.458,,,,5,,,,,
2026-08-13,2026-08-15,Championship,Middlesbrough,Lincoln,Samuel Iling Junior,Middlesbrough,D,sot,AVOID,0.457,,,,5,,,,,
2026-08-13,2026-08-15,Championship,Middlesbrough,Lincoln City,Samuel Iling Junior,Middlesbrough,D,sot,AVOID,0.457,,,,5,,,,,
2026-08-13,2026-08-14,Bundesliga 2,Holstein Kiel,FC St. Pauli,Alexander Bernhardsson,Holstein Kiel,F,sot,AVOID,0.456,,,,5,,,,,
2026-08-13,2026-08-15,La Liga,Sevilla,Rayo Vallecano,Rafa Mir,Sevilla,F,sot,AVOID,0.456,,,,5,,,,,
2026-08-13,2026-08-14,Championship,Wolves,Blackburn,Marshall Munetsi,Wolves,F,sot,AVOID,0.456,,,,5,,,,,
2026-08-13,2026-08-14,Bundesliga 2,Eintracht Braunschweig,VfL Bochum,Jovan Mijatović,Eintracht Braunschweig,F,sot,AVOID,0.452,,,,5,,,,,
2026-08-13,2026-08-14,Championship,Wolves,Blackburn,Yuri Ribeiro,Blackburn,D,sot,AVOID,0.451,,,,5,,,,,
2026-08-13,2026-08-15,La Liga 2,Cádiz CF,Celta Vigo,Anastasios Douvikas,Celta Vigo,F,sot,AVOID,0.451,,,,5,,,,,
2026-08-13,2026-08-16,La Liga,Racing Santander,Villarreal,Ben Brereton Díaz,Villarreal,F,sot,AVOID,0.45,,,,5,,,,,
2026-08-13,2026-08-15,La Liga,Alaves,Getafe,Álvaro Rodriguez,Getafe,F,sot,AVOID,0.45,,,,5,,,,,
2026-08-13,2026-08-15,La Liga,Alaves,Getafe,Luis Rioja,Alaves,F,sot,AVOID,0.449,,,,5,,,,,
2026-08-13,2026-08-16,La Liga,Celta Vigo,Osasuna,Rubén García,Osasuna,F,sot,AVOID,0.449,,,,5,,,,,
2026-08-13,2026-08-15,Championship,Norwich,West Brom,Lewis Dobbin,Norwich,F,sot,AVOID,0.449,,,,5,,,,,
2026-08-13,2026-08-16,La Liga,Racing Santander,Villarreal,Gerard Moreno,Villarreal,F,sot,AVOID,0.449,,,,5,,,,,
2026-08-13,2026-08-14,Championship,Wolves,Blackburn,Kristi Montgomery,Blackburn,D,sot,AVOID,0.444,,,,5,,,,,
2026-08-13,2026-08-14,Championship,Wolves,Blackburn,Todd Cantwell,Blackburn,F,sot,AVOID,0.444,,,,5,,,,,
2026-08-13,2026-08-14,Bundesliga 2,Eintracht Braunschweig,VfL Bochum,Kevin Stöger,Vfl Bochum,F,sot,AVOID,0.443,,,,5,,,,,
2026-08-13,2026-08-15,La Liga,Alaves,Getafe,Jon Guridi,Alaves,F,sot,AVOID,0.441,1.83,-0.193,-0.1445,5,,,,,
2026-08-13,2026-08-15,Bundesliga 2,Hertha BSC,1. FC Heidenheim,Marvin Pieringer,1. FC Heidenheim,F,sot,AVOID,0.441,,,,5,,,,,
2026-08-13,2026-08-15,La Liga,Alaves,Getafe,Mario Martín,Getafe,F,sot,AVOID,0.438,,,,5,,,,,
2026-08-13,2026-08-15,Bundesliga 2,VfL Osnabrück,1. FC Magdeburg,Mo El Hankouri,1. FC Magdeburg,F,sot,AVOID,0.437,,,,5,,,,,
2026-08-13,2026-08-16,La Liga 2,Girona FC,Leganés,Dani Raba,Leganes,F,sot,AVOID,0.436,,,,5,,,,,
2026-08-13,2026-08-16,La Liga,Espanyol,Levante,Jon Ander Olasagasti,Levante,F,sot,VALUABLE,0.436,4.0,0.744,0.9184,5,,,,,
2026-08-13,2026-08-15,Austrian Bundesliga,Austria Lustenau,Wolfsberger AC,Adam Daghim,VfL Wolfsburg,F,sot,AVOID,0.435,,,,5,,,,,
2026-08-13,2026-08-14,Championship,Wolves,Blackburn,Moussa Baradji,Blackburn,F,sot,AVOID,0.434,,,,5,,,,,
2026-08-13,2026-08-14,Championship,Wolves,Blackburn,João Gomes,Wolves,F,sot,AVOID,0.433,,,,5,,,,,
2026-08-13,2026-08-15,Championship,Bolton,Preston,Mason Burstow,Bolton,F,sot,AVOID,0.433,,,,5,,,,,
2026-08-13,2026-08-14,Bundesliga 2,Eintracht Braunschweig,VfL Bochum,Giorgos Masouras,VfL Bochum,F,sot,AVOID,0.427,,,,5,,,,,
2026-08-13,2026-08-14,Bundesliga 2,Eintracht Braunschweig,VfL Bochum,Philipp Förster,Vfl Bochum,F,sot,AVOID,0.425,,,,5,,,,,
2026-08-13,2026-08-15,League One,Notts County,Leicester,Jamie Vardy,Leicester,F,sot,AVOID,0.424,,,,5,,,,,
2026-08-13,2026-08-15,Bundesliga 2,Hertha BSC,1. FC Heidenheim,Arijon Ibrahimović,1. FC Heidenheim,F,sot,AVOID,0.423,,,,5,,,,,
2026-08-13,2026-08-16,La Liga 2,Girona FC,Leganés,Seydouba Cisse,Leganes,F,sot,AVOID,0.42,,,,5,,,,,
2026-08-13,2026-08-13,Conference League,Flora Tallinn,Inter Club d'Escaldes,Nicola Zalewski,Inter,F,sot,AVOID,0.42,,,,5,True,VOID,0.0,DNP,2026-08-14
2026-08-13,2026-08-19,USA MLS,Philadelphia Union,Inter Miami CF,Nicola Zalewski,Inter,F,sot,AVOID,0.42,,,,5,,,,,
2026-08-13,2026-08-15,La Liga,Sevilla,Rayo Vallecano,Neal Maupay,Sevilla,F,sot,AVOID,0.419,,,,5,,,,,
2026-08-13,2026-08-15,Championship,Bolton,Preston,Ibrahim Cissoko,Bolton,F,sot,AVOID,0.419,,,,5,,,,,
2026-08-13,2026-08-16,La Liga,Racing Santander,Villarreal,Tajon Buchanan,Villarreal,F,sot,AVOID,0.419,,,,5,,,,,
2026-08-13,2026-08-15,La Liga 2,Cádiz CF,Celta Vigo,Fer López,Celta Vigo,F,sot,AVOID,0.419,,,,5,,,,,
2026-08-13,2026-08-15,Championship,Bristol City,Millwall,Max Bird,Bristol City,F,sot,AVOID,0.416,,,,5,,,,,
2026-08-13,2026-08-16,La Liga,Espanyol,Levante,Roberto Fernández,Espanyol,F,sot,AVOID,0.415,,,,5,,,,,
2026-08-13,2026-08-14,Bundesliga 2,Holstein Kiel,FC St. Pauli,Carlo Boukhalfa,FC St. Pauli,F,sot,AVOID,0.415,,,,5,,,,,
2026-08-13,2026-08-15,La Liga,Alaves,Getafe,Lucas Boyé,Alaves,F,sot,AVOID,0.412,1.4,-0.4232,-0.3886,5,,,,,
2026-08-13,2026-08-15,League One,Reading,Luton,Carlton Morris,Luton,F,sot,AVOID,0.412,,,,5,,,,,
2026-08-13,2026-08-15,Championship,Norwich,West Brom,Will Lankshear,West Brom,F,sot,AVOID,0.412,,,,5,,,,,
2026-08-13,2026-08-16,La Liga,Celta Vigo,Osasuna,Jørgen Strand Larsen,Celta Vigo,F,sot,AVOID,0.411,,,,5,,,,,
2026-08-13,2026-08-15,Bundesliga 2,SpVgg Greuther Fürth,1. FC Nürnberg,Janis Antiste,1. FC Nürnberg,F,sot,AVOID,0.411,,,,5,,,,,
2026-08-13,2026-08-14,Bundesliga 2,Holstein Kiel,FC St. Pauli,Joel Chima Fujita,FC St. Pauli,F,sot,AVOID,0.41,,,,5,,,,,
2026-08-13,2026-08-15,Championship,Norwich,West Brom,Adam Armstrong,West Brom,F,sot,AVOID,0.409,,,,5,,,,,
2026-08-13,2026-08-15,Bundesliga 2,Hertha BSC,1. FC Heidenheim,Leo Scienza,1. FC Heidenheim,F,sot,AVOID,0.409,,,,5,,,,,
2026-08-13,2026-08-15,Argentina Primera Division,San Lorenzo,Union Santa Fe,Lucas Tousart,Union Berlin,F,sot,AVOID,0.407,,,,5,,,,,
2026-08-13,2026-08-15,Austrian Bundesliga,Austria Lustenau,Wolfsberger AC,Christoph Baumgartner,Austria,M,sot,AVOID,0.407,,,,5,,,,,
2026-08-13,2026-08-15,League One,Barnsley,Bromley,Tom Bradshaw,Barnsley,F,sot,AVOID,0.406,,,,5,,,,,
2026-08-13,2026-08-15,La Liga,Sevilla,Rayo Vallecano,Sergio Camello,Rayo Vallecano,F,sot,AVOID,0.406,1.53,-0.3788,-0.3415,5,,,,,
2026-08-13,2026-08-15,League One,Oxford United,Milton Keynes Dons,Tom Bradshaw,Oxford United,F,sot,AVOID,0.406,,,,5,,,,,
2026-08-13,2026-08-14,Championship,Wolves,Blackburn,Amario Cozier-Duberry,Blackburn,M,sot,AVOID,0.406,,,,5,,,,,
2026-08-13,2026-08-16,La Liga 2,Girona FC,Leganés,Iván Martín,Girona,F,sot,AVOID,0.405,,,,5,,,,,
2026-08-13,2026-08-14,Bundesliga 2,Holstein Kiel,FC St. Pauli,Kasper Davidsen,Holstein Kiel,M,sot,AVOID,0.404,,,,5,,,,,
2026-08-13,2026-08-14,Championship,Wolves,Blackburn,Ryoya Morishita,Blackburn,F,sot,AVOID,0.403,,,,5,,,,,
2026-08-13,2026-08-14,Championship,Wolves,Blackburn,Jørgen Strand Larsen,Wolves,F,sot,AVOID,0.399,,,,5,,,,,
2026-08-13,2026-08-14,Bundesliga 2,Holstein Kiel,FC St. Pauli,Morgan Guilavogui,FC St. Pauli,F,sot,AVOID,0.397,,,,5,,,,,
2026-08-13,2026-08-15,La Liga,Alaves,Getafe,Nemanja Maksimović,Getafe,F,sot,AVOID,0.396,,,,5,,,,,
2026-08-13,2026-08-14,Championship,Wolves,Blackburn,Yuki Ohashi,Blackburn,F,sot,AVOID,0.395,,,,5,,,,,
2026-08-13,2026-08-15,La Liga,Alaves,Getafe,Ilaix Moriba,Getafe,F,sot,AVOID,0.395,,,,5,,,,,
2026-08-13,2026-08-15,League One,Huddersfield,AFC Wimbledon,Ryan Ledson,Huddersfield,M,sot,AVOID,0.391,,,,5,,,,,
2026-08-13,2026-08-15,La Liga,Sevilla,Rayo Vallecano,Óliver Torres,Sevilla,F,sot,AVOID,0.39,,,,5,,,,,
2026-08-13,2026-08-15,Championship,Norwich,West Brom,Borja Sainz,Norwich,F,goals,AVOID,0.385,,,,5,,,,,
2026-08-13,2026-08-15,Bundesliga 2,Hertha BSC,1. FC Heidenheim,Fabian Reese,Hertha BSC,F,goals,AVOID,0.385,,,,5,,,,,
2026-08-13,2026-08-15,La Liga,Alaves,Getafe,Mason Greenwood,Getafe,F,goals,AVOID,0.385,,,,5,,,,,
2026-08-13,2026-08-15,Bundesliga 2,SpVgg Greuther Fürth,1. FC Nürnberg,Felix Klaus,SpVgg Greuther Fürth,F,goals,AVOID,0.385,,,,5,,,,,
2026-08-13,2026-08-16,La Liga 2,Girona FC,Leganés,Pablo Torre,Girona,F,goals,AVOID,0.385,,,,5,,,,,
2026-08-13,2026-08-16,La Liga 2,Girona FC,Leganés,Juan Cruz,Leganes,D,goals,AVOID,0.385,,,,5,,,,,
2026-08-13,2026-08-15,La Liga,Alaves,Getafe,Carlos Vicente,Alaves,D,goals,AVOID,0.385,,,,5,,,,,
2026-08-13,2026-08-16,La Liga,Espanyol,Levante,Javi Puado,Espanyol,F,goals,AVOID,0.385,,,,5,,,,,
2026-08-13,2026-08-15,Austrian Bundesliga,Austria Lustenau,Wolfsberger AC,Jordan Bos,Australia,D,goals,AVOID,0.385,,,,5,,,,,
2026-08-13,2026-08-15,League One,Oxford United,Milton Keynes Dons,Matt Phillips,Oxford United,D,goals,AVOID,0.385,,,,5,,,,,
2026-08-13,2026-08-16,La Liga 2,Girona FC,Leganés,Joel Roca,Girona,F,goals,AVOID,0.385,,,,5,,,,,
2026-08-13,2026-08-15,Austrian Bundesliga,Austria Lustenau,Wolfsberger AC,Omar Marmoush,VfL Wolfsburg,F,goals,AVOID,0.385,,,,5,,,,,
2026-08-13,2026-08-16,La Liga,Celta Vigo,Osasuna,Victor Muñoz,Osasuna,F,goals,AVOID,0.385,,,,5,,,,,
2026-08-13,2026-08-15,Championship,Bristol City,Millwall,Jason Knight,Bristol City,D,goals,AVOID,0.385,,,,5,,,,,
2026-08-13,2026-08-15,Bundesliga 2,SpVgg Greuther Fürth,1. FC Nürnberg,Branimir Hrgota,SpVgg Greuther Fürth,F,goals,AVOID,0.385,,,,5,,,,,
2026-08-13,2026-08-15,Championship,Bristol City,Millwall,Nahki Wells,Bristol City,F,sot,AVOID,0.378,,,,5,,,,,
2026-08-13,2026-08-13,Europa League,Universitatea Craiova,KuPS,Mohamed Toure,KuPS,F,sot,AVOID,0.374,,,,5,True,VOID,0.0,DNP,2026-08-14
2026-08-13,2026-08-14,Championship,Wolves,Blackburn,Diego Costa,Wolves,F,sot,AVOID,0.373,,,,5,,,,,
2026-08-13,2026-08-15,Bundesliga 2,Hertha BSC,1. FC Heidenheim,Haris Tabaković,Hertha BSC,F,sot,AVOID,0.372,,,,5,,,,,
2026-08-13,2026-08-14,Championship,Wolves,Blackburn,Rodrigo Gomes,Wolves,D,goals,AVOID,0.37,,,,5,,,,,
2026-08-13,2026-08-15,La Liga,Alaves,Getafe,Portu,Getafe,D,sot,AVOID,0.364,,,,5,,,,,
2026-08-13,2026-08-15,Championship,Bristol City,Millwall,Femi Azeez,Millwall,F,sot,AVOID,0.363,,,,5,,,,,
2026-08-13,2026-08-15,La Liga 2,Cádiz CF,Celta Vigo,Gabri Veiga,Celta Vigo,F,goals,AVOID,0.361,,,,5,,,,,
2026-08-13,2026-08-15,La Liga 2,Cádiz CF,Celta Vigo,Sergio Carreira,Celta Vigo,D,goals,AVOID,0.361,,,,5,,,,,
2026-08-13,2026-08-15,Bundesliga 2,Hertha BSC,1. FC Heidenheim,Josip Brekalo,Hertha BSC,M,sot,AVOID,0.36,,,,5,,,,,
2026-08-13,2026-08-16,La Liga,Celta Vigo,Osasuna,Gabri Veiga,Celta Vigo,F,goals,AVOID,0.358,,,,5,,,,,
2026-08-13,2026-08-15,La Liga 2,Cádiz CF,Celta Vigo,Gabriel Veiga,Celta Vigo,F,goals,AVOID,0.358,,,,5,,,,,
2026-08-13,2026-08-15,Austrian Bundesliga,Austria Lustenau,Wolfsberger AC,Jakub Kamiński,VfL Wolfsburg,D,goals,AVOID,0.358,,,,5,,,,,
2026-08-13,2026-08-15,Championship,Norwich,West Brom,Isaac Price,West Brom,D,goals,AVOID,0.358,,,,5,,,,,
2026-08-13,2026-08-15,League One,Plymouth Argyle,Stockport County FC,Lorent Tolaj,Plymouth,F,sot,AVOID,0.358,,,,5,,,,,
2026-08-13,2026-08-15,League One,Plymouth Argyle,Stockport County FC,Morgan Whittaker,Plymouth,F,sot,AVOID,0.357,,,,5,,,,,
2026-08-13,2026-08-16,La Liga,Celta Vigo,Osasuna,Gabriel Veiga,Celta Vigo,F,goals,AVOID,0.356,,,,5,,,,,
2026-08-13,2026-08-15,League One,Oxford United,Milton Keynes Dons,Alex Matos,Oxford United,F,sot,AVOID,0.355,,,,5,,,,,
2026-08-13,2026-08-14,Championship,Wolves,Blackburn,Mario Lemina,Wolves,D,goals,AVOID,0.355,,,,5,,,,,
2026-08-13,2026-08-15,Championship,Middlesbrough,Lincoln City,Morgan Whittaker,Middlesbrough,F,sot,AVOID,0.35,,,,5,,,,,
2026-08-13,2026-08-15,Championship,Middlesbrough,Lincoln,Morgan Whittaker,Middlesbrough,F,sot,AVOID,0.35,,,,5,,,,,
2026-08-13,2026-08-15,League One,Oxford United,Milton Keynes Dons,Tyler Goodrham,Oxford United,F,goals,AVOID,0.349,,,,5,,,,,
2026-08-13,2026-08-15,League One,Reading,Luton,Jordan Clark,Luton,F,goals,AVOID,0.349,,,,5,,,,,
2026-08-13,2026-08-15,La Liga 2,Cádiz CF,Celta Vigo,Jørgen Strand Larsen,Celta Vigo,F,sot,AVOID,0.349,,,,5,,,,,
2026-08-13,2026-08-15,League One,Huddersfield,AFC Wimbledon,Lynden Gooch,Huddersfield,D,goals,AVOID,0.348,,,,5,,,,,
2026-08-13,2026-08-15,Championship,Bristol City,Millwall,Scott Twine,Bristol City,F,goals,AVOID,0.346,,,,5,,,,,
2026-08-13,2026-08-15,League One,Oxford United,Milton Keynes Dons,Owen Dale,Oxford United,F,sot,AVOID,0.346,,,,5,,,,,
2026-08-13,2026-08-19,USA MLS,Philadelphia Union,Inter Miami CF,Denzel Dumfries,Inter,D,goals,AVOID,0.345,,,,5,,,,,
2026-08-13,2026-08-15,Bundesliga 2,SpVgg Greuther Fürth,1. FC Nürnberg,Stefanos Tzimas,1. FC Nürnberg,F,goals,AVOID,0.345,,,,5,,,,,
2026-08-13,2026-08-13,Conference League,Flora Tallinn,Inter Club d'Escaldes,Denzel Dumfries,Inter,D,goals,AVOID,0.345,,,,5,True,VOID,0.0,DNP,2026-08-14
2026-08-13,2026-08-14,Bundesliga 2,Eintracht Braunschweig,VfL Bochum,Marvin Rittmüller,Eintracht Braunschweig,D,goals,AVOID,0.344,,,,5,,,,,
2026-08-13,2026-08-15,League One,Notts County,Leicester,Conor Coady,Leicester,D,goals,AVOID,0.343,,,,5,,,,,
2026-08-13,2026-08-15,League One,Notts County,Leicester,James Justin,Leicester,D,goals,AVOID,0.343,,,,5,,,,,
2026-08-13,2026-08-16,La Liga,Espanyol,Levante,Tyrhys Dolan,Espanyol,F,sot,AVOID,0.343,1.71,-0.4135,-0.3783,5,,,,,
2026-08-13,2026-08-15,La Liga,Sevilla,Rayo Vallecano,Jorge de Frutos,Rayo Vallecano,F,sot,AVOID,0.342,1.44,-0.5075,-0.478,5,,,,,
2026-08-13,2026-08-15,China Super League,Zhejiang,Chengdu Rongcheng FC,Alassane Pléa,Borussia Monchengladbach,F,sot,AVOID,0.342,,,,5,,,,,
2026-08-13,2026-08-15,La Liga,Alaves,Getafe,Juanmi Latasa,Getafe,F,sot,AVOID,0.34,,,,5,,,,,
2026-08-13,2026-08-14,Bundesliga 2,Eintracht Braunschweig,VfL Bochum,Johan Arath Gomez,Eintracht Braunschweig,D,goals,AVOID,0.34,,,,5,,,,,
2026-08-13,2026-08-15,La Liga 2,Cádiz CF,Celta Vigo,Renato Tapia,Celta Vigo,D,goals,AVOID,0.337,,,,5,,,,,
2026-08-13,2026-08-15,Championship,Norwich,West Brom,Liam Gibbs,Norwich,D,goals,AVOID,0.337,,,,5,,,,,
2026-08-13,2026-08-15,Austrian Bundesliga,Austria Lustenau,Wolfsberger AC,Michael Gregoritsch,Austria,F,sot,AVOID,0.335,,,,5,,,,,
2026-08-13,2026-08-14,Bundesliga 2,Eintracht Braunschweig,VfL Bochum,Lino Tempelmann,Eintracht Braunschweig,F,goals,AVOID,0.335,,,,5,,,,,
2026-08-13,2026-08-19,USA MLS,Philadelphia Union,Inter Miami CF,Mehdi Taremi,Inter,F,sot,AVOID,0.334,,,,5,,,,,
2026-08-13,2026-08-13,Conference League,Flora Tallinn,Inter Club d'Escaldes,Mehdi Taremi,Inter,F,sot,AVOID,0.334,,,,5,True,VOID,0.0,DNP,2026-08-14
2026-08-13,2026-08-15,Bundesliga 2,Hertha BSC,1. FC Heidenheim,Michaël Cuisance,Hertha BSC,F,goals,AVOID,0.333,,,,5,,,,,
2026-08-13,2026-08-15,Bundesliga 2,SpVgg Greuther Fürth,1. FC Nürnberg,Noel Futkeu,SpVgg Greuther Fürth,F,goals,AVOID,0.332,,,,5,,,,,
2026-08-13,2026-08-16,La Liga 2,Girona FC,Leganés,Iván Martín,Girona,F,goals,AVOID,0.332,,,,5,,,,,
2026-08-13,2026-08-15,China Super League,Zhejiang,Chengdu Rongcheng FC,Haris Tabaković,Borussia Mönchengladbach,F,sot,AVOID,0.332,,,,5,,,,,
2026-08-13,2026-08-13,Europa League,Universitatea Craiova,KuPS,Mohamed Toure,KuPS,F,goals,AVOID,0.331,,,,5,True,VOID,0.0,DNP,2026-08-14
2026-08-13,2026-08-16,La Liga,Celta Vigo,Osasuna,Sergio Carreira,Celta Vigo,D,goals,AVOID,0.328,,,,5,,,,,
2026-08-13,2026-08-15,Championship,Bristol City,Millwall,Camiel Neghli,Millwall,F,sot,AVOID,0.327,,,,5,,,,,
2026-08-13,2026-08-15,La Liga,Sevilla,Rayo Vallecano,Marcos Acuña,Sevilla,D,goals,AVOID,0.324,,,,5,,,,,
2026-08-13,2026-08-15,La Liga,Alaves,Getafe,Anthony Lozano,Getafe,F,sot,AVOID,0.323,,,,5,,,,,
2026-08-13,2026-08-14,Bundesliga 2,Holstein Kiel,FC St. Pauli,Adrián Kaprálik,Holstein Kiel,F,goals,AVOID,0.321,,,,5,,,,,
2026-08-13,2026-08-16,La Liga,Celta Vigo,Osasuna,Renato Tapia,Celta Vigo,D,goals,AVOID,0.32,,,,5,,,,,
2026-08-13,2026-08-15,Championship,Middlesbrough,Lincoln City,Emmanuel Latte Lath,Middlesbrough,F,sot,AVOID,0.32,,,,5,,,,,
2026-08-13,2026-08-15,Championship,Middlesbrough,Lincoln,Emmanuel Latte Lath,Middlesbrough,F,sot,AVOID,0.32,,,,5,,,,,
2026-08-13,2026-08-16,La Liga 2,Girona FC,Leganés,Viktor Tsyhankov,Girona,M,sot,AVOID,0.32,,,,5,,,,,
2026-08-13,2026-08-15,La Liga,Alaves,Getafe,Ángel Pérez,Alaves,D,goals,AVOID,0.32,,,,5,,,,,
2026-08-13,2026-08-15,Championship,Bolton,Preston,Johnny Kenny,Bolton,F,sot,AVOID,0.319,,,,5,,,,,
2026-08-13,2026-08-15,Argentina Primera Division,San Lorenzo,Union Santa Fe,Jordan Siebatcheu,Union Berlin,F,sot,AVOID,0.315,,,,5,,,,,
2026-08-13,2026-08-15,League One,Reading,Luton,Cauley Woodrow,Luton,F,sot,AVOID,0.314,,,,5,,,,,
2026-08-13,2026-08-14,Bundesliga 2,Eintracht Braunschweig,VfL Bochum,Matúš Bero,Vfl Bochum,F,sot,AVOID,0.314,,,,5,,,,,
2026-08-13,2026-08-15,Championship,Norwich,West Brom,Edmond-Paris Maghoma,Norwich,M,sot,AVOID,0.314,,,,5,,,,,
2026-08-13,2026-08-15,China Super League,Zhejiang,Chengdu Rongcheng FC,Philipp Sander,Borussia Mönchengladbach,D,goals,AVOID,0.313,,,,5,,,,,
2026-08-13,2026-08-15,China Super League,Zhejiang,Chengdu Rongcheng FC,Marcus Thuram,Borussia Monchengladbach,F,sot,AVOID,0.312,,,,5,,,,,
2026-08-13,2026-08-19,USA MLS,Philadelphia Union,Inter Miami CF,Marcus Thuram,Inter,F,sot,AVOID,0.312,,,,5,,,,,
2026-08-13,2026-08-13,Conference League,Flora Tallinn,Inter Club d'Escaldes,Marcus Thuram,Inter,F,sot,AVOID,0.312,,,,5,True,VOID,0.0,DNP,2026-08-14
2026-08-13,2026-08-15,La Liga,Alaves,Getafe,Toni Martínez,Alaves,F,goals,AVOID,0.312,,,,5,,,,,
2026-08-13,2026-08-15,Championship,Norwich,West Brom,Borja Sainz,Norwich,F,sot2,AVOID,0.311,,,,5,,,,,
2026-08-13,2026-08-15,Bundesliga 2,Hertha BSC,1. FC Heidenheim,Fabian Reese,Hertha BSC,F,sot2,AVOID,0.311,,,,5,,,,,
2026-08-13,2026-08-15,Bundesliga 2,SpVgg Greuther Fürth,1. FC Nürnberg,Felix Klaus,SpVgg Greuther Fürth,F,sot2,AVOID,0.311,,,,5,,,,,
2026-08-13,2026-08-16,La Liga,Espanyol,Levante,Javi Puado,Espanyol,F,sot2,AVOID,0.311,,,,5,,,,,
2026-08-13,2026-08-15,China Super League,Zhejiang,Chengdu Rongcheng FC,Jordan Siebatcheu,Borussia Monchengladbach,F,sot,AVOID,0.311,,,,5,,,,,
2026-08-13,2026-08-15,La Liga,Alaves,Getafe,Mason Greenwood,Getafe,F,sot2,AVOID,0.311,,,,5,,,,,
2026-08-13,2026-08-13,Europa League,Omonia Nicosia,Lincoln Red Imps FC,Jack Moylan,Lincoln,F,sot,AVOID,0.31,,,,5,True,VOID,0.0,DNP,2026-08-14
2026-08-13,2026-08-16,La Liga,Racing Santander,Villarreal,Alexander Sørloth,Villarreal,F,sot,AVOID,0.308,,,,5,,,,,
2026-08-13,2026-08-13,Conference League,Ilves,HNK Rijeka,Maksim Stjopin,Ilves,F,sot,AVOID,0.308,,,,5,True,VOID,0.0,DNP,2026-08-14
2026-08-13,2026-08-15,Championship,Norwich,West Brom,Paris Maghoma,Norwich,M,sot,AVOID,0.308,,,,5,,,,,
2026-08-13,2026-08-15,League One,Notts County,Leicester,Divine Mukasa,Leicester,M,sot,AVOID,0.306,,,,5,,,,,
2026-08-13,2026-08-16,La Liga,Celta Vigo,Osasuna,Bryan Zaragoza,Osasuna,F,goals,AVOID,0.306,,,,5,,,,,
2026-08-13,2026-08-14,Championship,Wolves,Blackburn,Cauley Woodrow,Blackburn,F,sot,AVOID,0.306,,,,5,,,,,
2026-08-13,2026-08-16,La Liga,Espanyol,Levante,Irvin Cardona,Espanyol,F,sot,AVOID,0.306,,,,5,,,,,
2026-08-13,2026-08-16,La Liga,Racing Santander,Villarreal,Juan Bernat,Villarreal,D,goals,AVOID,0.303,,,,5,,,,,
2026-08-13,2026-08-15,Championship,Bristol City,Millwall,George Honeyman,Millwall,F,sot,AVOID,0.301,,,,5,,,,,
2026-08-13,2026-08-15,League One,Plymouth Argyle,Stockport County FC,Bali Mumba,Plymouth,D,sot,AVOID,0.299,,,,5,,,,,
2026-08-13,2026-08-15,League One,Oxford United,Milton Keynes Dons,Stanley Mills,Oxford United,M,sot,AVOID,0.299,,,,5,,,,,
2026-08-13,2026-08-15,Austrian Bundesliga,Austria Lustenau,Wolfsberger AC,Marcel Sabitzer,Austria,M,sot,AVOID,0.299,,,,5,,,,,
2026-08-13,2026-08-15,Championship,Norwich,West Brom,Ante Crnac,Norwich,F,goals,AVOID,0.298,,,,5,,,,,
2026-08-13,2026-08-15,Championship,Bolton,Preston,Amario Cozier-Duberry,Bolton,M,sot,AVOID,0.298,,,,5,,,,,
2026-08-13,2026-08-15,Championship,Middlesbrough,Lincoln City,Callum Brittain,Middlesbrough,D,sot,AVOID,0.295,,,,5,,,,,
2026-08-13,2026-08-15,Championship,Middlesbrough,Lincoln,Callum Brittain,Middlesbrough,D,sot,AVOID,0.295,,,,5,,,,,
2026-08-13,2026-08-15,Championship,Norwich,West Brom,Josh Sargent,Norwich,F,goals,AVOID,0.294,,,,5,,,,,
2026-08-13,2026-08-15,La Liga,Sevilla,Rayo Vallecano,Isi Palazón,Rayo Vallecano,F,goals,VALUABLE,0.294,6.0,0.764,1.0286,5,,,,,
2026-08-13,2026-08-13,Conference League,Ilves,HNK Rijeka,Maksim Stjopin,Ilves,F,goals,AVOID,0.294,,,,5,True,VOID,0.0,DNP,2026-08-14
2026-08-13,2026-08-15,League One,Reading,Luton,Issa Kaboré,Luton,D,goals,AVOID,0.293,,,,5,,,,,
2026-08-13,2026-08-15,League One,Barnsley,Bromley,Fabio Jaló,Barnsley,F,sot,AVOID,0.291,,,,5,,,,,
2026-08-13,2026-08-15,Bundesliga 2,VfL Osnabrück,1. FC Magdeburg,Laurin Ulrich,1. FC Magdeburg,M,sot,AVOID,0.291,,,,5,,,,,
2026-08-13,2026-08-15,League One,Oxford United,Milton Keynes Dons,Rúben Rodrigues,Oxford United,F,goals,AVOID,0.289,,,,5,,,,,
2026-08-13,2026-08-15,League One,Plymouth Argyle,Stockport County FC,Lorent Tolaj,Plymouth,F,sot2,AVOID,0.289,,,,5,,,,,
2026-08-13,2026-08-15,Championship,Norwich,West Brom,Pelle Mattsson,Norwich,M,sot,AVOID,0.288,,,,5,,,,,
2026-08-13,2026-08-15,La Liga 2,Cádiz CF,Celta Vigo,Javier Rueda,Celta Vigo,D,goals,AVOID,0.287,,,,5,,,,,
2026-08-13,2026-08-14,Bundesliga 2,Eintracht Braunschweig,VfL Bochum,Jannis Nikolaou,Eintracht Braunschweig,D,goals,AVOID,0.286,,,,5,,,,,
2026-08-13,2026-08-16,La Liga 2,Girona FC,Leganés,Artem Dovbyk,Girona,F,goals,AVOID,0.286,,,,5,,,,,
2026-08-13,2026-08-14,Bundesliga 2,Eintracht Braunschweig,VfL Bochum,Matúš Bero,Vfl Bochum,F,cards,AVOID,0.286,,,,5,,,,,
2026-08-13,2026-08-15,Championship,Bolton,Preston,Johnny Kenny,Bolton,F,goals,AVOID,0.285,,,,5,,,,,
2026-08-13,2026-08-15,League One,Barnsley,Bromley,Kyran Lofthouse,Barnsley,D,sot,AVOID,0.284,,,,5,,,,,
2026-08-13,2026-08-14,Bundesliga 2,Holstein Kiel,FC St. Pauli,Phil Harres,Holstein Kiel,F,goals,AVOID,0.284,,,,5,,,,,
2026-08-13,2026-08-15,Bundesliga 2,Hertha BSC,1. FC Heidenheim,Jonjoe Kenny,Hertha BSC,D,goals,AVOID,0.284,,,,5,,,,,
2026-08-13,2026-08-15,League One,Notts County,Leicester,Youri Tielemans,Leicester,M,sot,AVOID,0.284,,,,5,,,,,
2026-08-13,2026-08-15,Argentina Primera Division,San Lorenzo,Union Santa Fe,Oliver Burke,Union Berlin,F,goals,AVOID,0.284,,,,5,,,,,
2026-08-13,2026-08-19,USA MLS,Philadelphia Union,Inter Miami CF,Hakan Çalhanoğlu,Inter,M,sot,AVOID,0.283,,,,5,,,,,
2026-08-13,2026-08-13,Conference League,Flora Tallinn,Inter Club d'Escaldes,Hakan Çalhanoğlu,Inter,M,sot,AVOID,0.283,,,,5,True,VOID,0.0,DNP,2026-08-14
2026-08-13,2026-08-13,Conference League,Ilves,HNK Rijeka,Marius Söderbäck,Ilves,F,sot,AVOID,0.283,,,,5,True,VOID,0.0,DNP,2026-08-14
2026-08-13,2026-08-15,League One,Huddersfield,AFC Wimbledon,Lasse Sørensen,Huddersfield,D,sot,AVOID,0.281,,,,5,,,,,
2026-08-13,2026-08-13,Europa League,Omonia Nicosia,Lincoln Red Imps FC,Reeco Hackett-Fairchild,Lincoln,F,sot,AVOID,0.28,,,,5,True,VOID,0.0,DNP,2026-08-14
2026-08-13,2026-08-16,La Liga,Racing Santander,Villarreal,Alejandro Baena,Villarreal,F,goals,AVOID,0.279,,,,5,,,,,
2026-08-13,2026-08-15,Championship,Bristol City,Millwall,Zak Vyner,Bristol City,D,sot,AVOID,0.278,,,,5,,,,,
2026-08-13,2026-08-15,League One,Burton Albion,Stevenage,Charlie Webster,Burton Albion,F,sot,AVOID,0.278,,,,5,,,,,
2026-08-13,2026-08-15,Bundesliga 2,VfL Osnabrück,1. FC Magdeburg,Mateusz Żukowski,1. FC Magdeburg,F,goals,AVOID,0.277,,,,5,,,,,
2026-08-13,2026-08-15,League One,Notts County,Leicester,Jake Evans,Leicester,F,sot,AVOID,0.277,,,,5,,,,,
2026-08-13,2026-08-15,League One,Reading,Luton,Kasey Palmer,Luton,M,sot,AVOID,0.276,,,,5,,,,,
2026-08-13,2026-08-15,La Liga,Alaves,Getafe,Abderrahman Rebbach,Alaves,D,goals,AVOID,0.276,,,,5,,,,,
2026-08-13,2026-08-13,Conference League,Flora Tallinn,Inter Club d'Escaldes,Federico Dimarco,Inter,D,goals,AVOID,0.275,,,,5,True,VOID,0.0,DNP,2026-08-14
2026-08-13,2026-08-19,USA MLS,Philadelphia Union,Inter Miami CF,Federico Dimarco,Inter,D,goals,AVOID,0.275,,,,5,,,,,
2026-08-13,2026-08-14,Championship,Wolves,Blackburn,Tyrhys Dolan,Blackburn,F,sot,AVOID,0.274,1.71,-0.5315,-0.5033,5,,,,,
2026-08-13,2026-08-16,La Liga 2,Girona FC,Leganés,Renato Tapia,Leganes,D,goals,AVOID,0.274,,,,5,,,,,
2026-08-13,2026-08-15,La Liga,Alaves,Getafe,Ilaix Moriba,Getafe,F,cards,AVOID,0.274,,,,5,,,,,
2026-08-13,2026-08-14,Bundesliga 2,Holstein Kiel,FC St. Pauli,Mathias Pereira Lage,FC St. Pauli,F,sot,AVOID,0.274,,,,5,,,,,
2026-08-13,2026-08-15,La Liga 2,Cádiz CF,Celta Vigo,Jonathan Bamba,Celta Vigo,F,goals,AVOID,0.273,,,,5,,,,,
2026-08-13,2026-08-15,Austrian Bundesliga,Austria Lustenau,Wolfsberger AC,Omar Marmoush,VfL Wolfsburg,F,sot2,AVOID,0.273,,,,5,,,,,
2026-08-13,2026-08-15,League One,Huddersfield,AFC Wimbledon,Alfie May,Huddersfield,F,sot,AVOID,0.272,,,,5,,,,,
2026-08-13,2026-08-15,La Liga 2,Cádiz CF,Celta Vigo,Ilaix Moriba,Celta Vigo,M,cards,AVOID,0.271,,,,5,,,,,
2026-08-13,2026-08-15,La Liga,Sevilla,Rayo Vallecano,Youssef En-Nesyri,Sevilla,F,goals,AVOID,0.271,,,,5,,,,,
2026-08-13,2026-08-15,League One,Reading,Luton,Ross Barkley,Luton,M,sot,AVOID,0.27,,,,5,,,,,
2026-08-13,2026-08-13,Conference League,Flora Tallinn,Inter Club d'Escaldes,Christian Ouguehi Legbo,Inter Turku,F,sot,AVOID,0.27,,,,5,True,VOID,0.0,DNP,2026-08-14
2026-08-13,2026-08-19,USA MLS,Philadelphia Union,Inter Miami CF,Christian Ouguehi Legbo,Inter Turku,F,sot,AVOID,0.27,,,,5,,,,,
2026-08-13,2026-08-19,USA MLS,Philadelphia Union,Inter Miami CF,Antoin Loic Essomba,Inter Turku,D,sot,AVOID,0.266,,,,5,,,,,
2026-08-13,2026-08-13,Conference League,Flora Tallinn,Inter Club d'Escaldes,Antoin Loic Essomba,Inter Turku,D,sot,AVOID,0.266,,,,5,True,VOID,0.0,DNP,2026-08-14
2026-08-13,2026-08-14,Bundesliga 2,Holstein Kiel,FC St. Pauli,Danel Sinani,FC St. Pauli,F,sot,AVOID,0.265,,,,5,,,,,
2026-08-13,2026-08-14,Championship,Wolves,Blackburn,Harry Leonard,Blackburn,F,sot,AVOID,0.264,,,,5,,,,,
2026-08-13,2026-08-15,League One,Huddersfield,AFC Wimbledon,Joe Taylor,Huddersfield,F,sot,AVOID,0.264,,,,5,,,,,
2026-08-13,2026-08-15,Argentina Primera Division,San Lorenzo,Union Santa Fe,Brenden Aaronson,Union Berlin,F,sot,AVOID,0.263,,,,5,,,,,
2026-08-13,2026-08-15,Bundesliga 2,SpVgg Greuther Fürth,1. FC Nürnberg,Noel Futkeu,SpVgg Greuther Fürth,F,sot2,AVOID,0.263,,,,5,,,,,
2026-08-13,2026-08-15,Championship,Norwich,West Brom,Ousmane Diakité,West Brom,D,goals,AVOID,0.262,,,,5,,,,,
2026-08-13,2026-08-15,Bundesliga 2,SpVgg Greuther Fürth,1. FC Nürnberg,Julian Justvan,1. FC Nürnberg,F,goals,AVOID,0.261,,,,5,,,,,
2026-08-13,2026-08-15,League One,Plymouth Argyle,Stockport County FC,Lorent Tolaj,Plymouth,F,goals,AVOID,0.261,,,,5,,,,,
2026-08-13,2026-08-13,Europa League,Universitatea Craiova,KuPS,Jaakko Oksanen,KuPS,D,sot,AVOID,0.26,,,,5,True,VOID,0.0,DNP,2026-08-14
2026-08-13,2026-08-16,La Liga,Racing Santander,Villarreal,Ilias Akhomach,Villarreal,F,goals,AVOID,0.26,,,,5,,,,,
2026-08-13,2026-08-19,USA MLS,Philadelphia Union,Inter Miami CF,Christian Ouguehi Legbo,Inter Turku,F,goals,AVOID,0.259,,,,5,,,,,
2026-08-13,2026-08-13,Conference League,Flora Tallinn,Inter Club d'Escaldes,Christian Ouguehi Legbo,Inter Turku,F,goals,AVOID,0.259,,,,5,True,VOID,0.0,DNP,2026-08-14
2026-08-13,2026-08-15,League One,Burton Albion,Stevenage,Matt Phillips,Stevenage,F,sot,AVOID,0.257,,,,5,,,,,
2026-08-13,2026-08-13,Conference League,Flora Tallinn,Inter Club d'Escaldes,Joaquín Correa,Inter,F,sot,AVOID,0.256,,,,5,True,VOID,0.0,DNP,2026-08-14
2026-08-13,2026-08-19,USA MLS,Philadelphia Union,Inter Miami CF,Joaquín Correa,Inter,F,sot,AVOID,0.256,,,,5,,,,,
2026-08-13,2026-08-15,League One,Oxford United,Milton Keynes Dons,Myles Peart-Harris,Oxford United,M,sot,AVOID,0.256,,,,5,,,,,
2026-08-13,2026-08-15,Championship,Bolton,Preston,Rúben Rodrigues,Bolton,F,goals,AVOID,0.255,,,,5,,,,,
2026-08-13,2026-08-15,Championship,Middlesbrough,Lincoln,Ryan Giles,Middlesbrough,D,sot,AVOID,0.255,,,,5,,,,,
2026-08-13,2026-08-15,Championship,Middlesbrough,Lincoln City,Ryan Giles,Middlesbrough,D,sot,AVOID,0.255,,,,5,,,,,
2026-08-13,2026-08-14,Bundesliga 2,Eintracht Braunschweig,VfL Bochum,Felix Passlack,VfL Bochum,D,goals,AVOID,0.255,,,,5,,,,,
2026-08-13,2026-08-15,Championship,Bolton,Preston,Aaron Collins,Bolton,F,sot,AVOID,0.254,,,,5,,,,,
2026-08-13,2026-08-15,League One,Barnsley,Bromley,Stephen Humphrys,Barnsley,F,sot,AVOID,0.254,,,,5,,,,,
2026-08-13,2026-08-16,La Liga,Celta Vigo,Osasuna,Jonathan Bamba,Celta Vigo,F,goals,AVOID,0.254,,,,5,,,,,
2026-08-13,2026-08-15,Austrian Bundesliga,Austria Lustenau,Wolfsberger AC,Felix Nmecha,VfL Wolfsburg,M,sot,AVOID,0.254,,,,5,,,,,
2026-08-13,2026-08-14,Bundesliga 2,Holstein Kiel,FC St. Pauli,Andreas Hountondji,FC St. Pauli,F,sot,AVOID,0.253,,,,5,,,,,
2026-08-13,2026-08-15,Argentina Primera Division,San Lorenzo,Union Santa Fe,Jamie Leweling,Union Berlin,F,sot,AVOID,0.253,,,,5,,,,,
2026-08-13,2026-08-16,La Liga 2,Girona FC,Leganés,Aleix García,Girona,M,sot,AVOID,0.252,,,,5,,,,,
2026-08-13,2026-08-15,Championship,Bolton,Preston,Johnny Kenny,Bolton,F,sot2,AVOID,0.25,,,,5,,,,,
2026-08-13,2026-08-15,Championship,Bolton,Preston,Szabolcs Schön,Bolton,D,sot,AVOID,0.249,,,,5,,,,,
2026-08-13,2026-08-15,Championship,Bristol City,Millwall,Scott Twine,Bristol City,F,sot2,AVOID,0.249,,,,5,,,,,
2026-08-13,2026-08-16,La Liga,Celta Vigo,Osasuna,Ilaix Moriba,Celta Vigo,M,cards,AVOID,0.249,,,,5,,,,,
2026-08-13,2026-08-13,Europa League,Omonia Nicosia,Lincoln Red Imps FC,Ben House,Lincoln,F,sot,AVOID,0.249,,,,5,True,VOID,0.0,DNP,2026-08-14
2026-08-13,2026-08-16,La Liga,Celta Vigo,Osasuna,Javier Rueda,Celta Vigo,D,goals,AVOID,0.249,,,,5,,,,,
2026-08-13,2026-08-16,La Liga 2,Girona FC,Leganés,Yáser Asprilla,Girona,F,sot,AVOID,0.249,,,,5,,,,,
2026-08-13,2026-08-15,Championship,Bolton,Preston,George Thomason,Bolton,D,sot,AVOID,0.249,,,,5,,,,,
2026-08-13,2026-08-16,La Liga,Celta Vigo,Osasuna,Anastasios Douvikas,Celta Vigo,F,goals,AVOID,0.248,,,,5,,,,,
2026-08-13,2026-08-19,USA MLS,Philadelphia Union,Inter Miami CF,Axel Kouame,Inter Turku,M,sot,AVOID,0.248,,,,5,,,,,
2026-08-13,2026-08-15,Argentina Primera Division,San Lorenzo,Union Santa Fe,Janik Haberer,Union Berlin,D,goals,AVOID,0.248,,,,5,,,,,
2026-08-13,2026-08-13,Conference League,Flora Tallinn,Inter Club d'Escaldes,Axel Kouame,Inter Turku,M,sot,AVOID,0.248,,,,5,True,VOID,0.0,DNP,2026-08-14
2026-08-13,2026-08-15,Argentina Primera Division,San Lorenzo,Union Santa Fe,Marin Ljubičić,Union Berlin,F,sot,AVOID,0.248,,,,5,,,,,
2026-08-13,2026-08-15,Championship,Middlesbrough,Lincoln,Jack Moylan,Lincoln,F,sot,AVOID,0.246,,,,5,,,,,
2026-08-13,2026-08-13,Conference League,Ilves,HNK Rijeka,Teemu Hytönen,Ilves,F,sot,AVOID,0.246,,,,5,True,VOID,0.0,DNP,2026-08-14
2026-08-13,2026-08-15,League One,Reading,Luton,Ryan Giles,Luton,D,sot,AVOID,0.245,,,,5,,,,,
2026-08-13,2026-08-13,Conference League,Ilves,HNK Rijeka,T. Hytönen,Ilves,F,sot,AVOID,0.244,,,,5,True,VOID,0.0,DNP,2026-08-14
2026-08-13,2026-08-15,Bundesliga 2,SpVgg Greuther Fürth,1. FC Nürnberg,Branimir Hrgota,SpVgg Greuther Fürth,F,sot2,AVOID,0.244,,,,5,,,,,
2026-08-13,2026-08-15,League One,Oxford United,Milton Keynes Dons,Siriki Dembélé,Oxford United,M,sot,AVOID,0.244,,,,5,,,,,
2026-08-13,2026-08-15,League One,Huddersfield,AFC Wimbledon,Ben Wiles,Huddersfield,F,sot,AVOID,0.244,,,,5,,,,,
2026-08-13,2026-08-15,League One,Plymouth Argyle,Stockport County FC,Ibrahim Cissoko,Plymouth,F,sot,AVOID,0.244,,,,5,,,,,
2026-08-13,2026-08-15,Championship,Middlesbrough,Lincoln City,Tommy Conway,Middlesbrough,F,sot,AVOID,0.242,,,,5,,,,,
2026-08-13,2026-08-15,League One,Reading,Luton,Tahith Chong,Luton,F,goals,AVOID,0.242,,,,5,,,,,
2026-08-13,2026-08-15,Austrian Bundesliga,Austria Lustenau,Wolfsberger AC,Connor Metcalfe,Australia,F,sot,AVOID,0.242,,,,5,,,,,
2026-08-13,2026-08-15,League One,Notts County,Leicester,Jordan Ayew,Leicester,F,sot,AVOID,0.242,,,,5,,,,,
2026-08-13,2026-08-15,Championship,Middlesbrough,Lincoln,Tommy Conway,Middlesbrough,F,sot,AVOID,0.242,,,,5,,,,,
2026-08-13,2026-08-15,League One,Oxford United,Milton Keynes Dons,Cameron Brannagan,Oxford United,M,sot,AVOID,0.241,,,,5,,,,,
2026-08-13,2026-08-15,Austrian Bundesliga,Austria Lustenau,Wolfsberger AC,Romano Schmid,Austria,M,sot,AVOID,0.24,,,,5,,,,,
2026-08-13,2026-08-14,Championship,Wolves,Blackburn,Raúl Jiménez,Wolves,F,goals,AVOID,0.239,,,,5,,,,,
2026-08-13,2026-08-16,La Liga 2,Girona FC,Leganés,Portu,Girona,F,sot,AVOID,0.239,,,,5,,,,,
2026-08-13,2026-08-15,Championship,Bolton,Preston,Brad Potts,Preston,D,sot,AVOID,0.239,,,,5,,,,,
2026-08-13,2026-08-13,Conference League,Flora Tallinn,Inter Club d'Escaldes,Johannes Yli-Kokko,Inter Turku,F,sot,AVOID,0.238,,,,5,True,VOID,0.0,DNP,2026-08-14
2026-08-13,2026-08-19,USA MLS,Philadelphia Union,Inter Miami CF,Johannes Yli-Kokko,Inter Turku,F,sot,AVOID,0.238,,,,5,,,,,
2026-08-13,2026-08-13,Europa League,Omonia Nicosia,Lincoln Red Imps FC,Jack Moylan,Lincoln,F,goals,AVOID,0.238,,,,5,True,VOID,0.0,DNP,2026-08-14
2026-08-13,2026-08-16,La Liga,Racing Santander,Villarreal,Alberto Moleiro,Villarreal,M,sot,AVOID,0.238,,,,5,,,,,
2026-08-13,2026-08-15,League One,Barnsley,Bromley,Jon Russell,Barnsley,F,sot,AVOID,0.237,,,,5,,,,,
2026-08-13,2026-08-15,League One,Plymouth Argyle,Stockport County FC,Louie Barry,Stockport County,F,sot,AVOID,0.236,,,,5,,,,,
2026-08-13,2026-08-15,Bundesliga 2,Hertha BSC,1. FC Heidenheim,Frans Krätzig,1. FC Heidenheim,D,goals,AVOID,0.236,,,,5,,,,,
2026-08-13,2026-08-15,League One,Barnsley,Bromley,Reyes Cleary,Barnsley,F,sot,AVOID,0.236,,,,5,,,,,
2026-08-13,2026-08-13,Conference League,Flora Tallinn,Inter Club d'Escaldes,Nicolò Barella,Inter,M,sot,AVOID,0.234,,,,5,True,VOID,0.0,DNP,2026-08-14
2026-08-13,2026-08-15,League One,Notts County,Leicester,Kiernan Dewsbury-Hall,Leicester,F,goals,AVOID,0.234,,,,5,,,,,
2026-08-13,2026-08-19,USA MLS,Philadelphia Union,Inter Miami CF,Nicolò Barella,Inter,M,sot,AVOID,0.234,,,,5,,,,,
2026-08-13,2026-08-15,China Super League,Zhejiang,Chengdu Rongcheng FC,Tim Kleindienst,Borussia Mönchengladbach,F,goals,AVOID,0.234,,,,5,,,,,
2026-08-13,2026-08-15,League One,Plymouth Argyle,Stockport County FC,Bali Mumba,Plymouth,D,goals,AVOID,0.234,,,,5,,,,,
2026-08-13,2026-08-15,Bundesliga 2,Hertha BSC,1. FC Heidenheim,Jan Schöppner,1. FC Heidenheim,M,sot,AVOID,0.234,,,,5,,,,,
2026-08-13,2026-08-15,League One,Plymouth Argyle,Stockport County FC,Ryan Hardie,Plymouth,F,sot,AVOID,0.233,,,,5,,,,,
2026-08-13,2026-08-15,Bundesliga 2,SpVgg Greuther Fürth,1. FC Nürnberg,Felix Klaus,SpVgg Greuther Fürth,F,assists,AVOID,0.233,,,,5,,,,,
2026-08-13,2026-08-15,Championship,Norwich,West Brom,Borja Sainz,Norwich,F,assists,AVOID,0.233,,,,5,,,,,
2026-08-13,2026-08-15,Bundesliga 2,Hertha BSC,1. FC Heidenheim,Frans Krätzig,1. FC Heidenheim,D,assists,AVOID,0.233,,,,5,,,,,
2026-08-13,2026-08-15,Bundesliga 2,SpVgg Greuther Fürth,1. FC Nürnberg,Branimir Hrgota,SpVgg Greuther Fürth,F,assists,AVOID,0.233,,,,5,,,,,
2026-08-13,2026-08-15,League One,Burton Albion,Stevenage,Kyran Lofthouse,Burton Albion,D,assists,AVOID,0.233,,,,5,,,,,
2026-08-13,2026-08-15,Championship,Middlesbrough,Lincoln,Matt Targett,Middlesbrough,D,assists,AVOID,0.233,,,,5,,,,,
2026-08-13,2026-08-15,League One,Barnsley,Bromley,Kyran Lofthouse,Barnsley,D,assists,AVOID,0.233,,,,5,,,,,
2026-08-13,2026-08-15,Championship,Norwich,West Brom,Isaac Price,West Brom,D,assists,AVOID,0.233,,,,5,,,,,
2026-08-13,2026-08-15,Championship,Middlesbrough,Lincoln City,Matt Targett,Middlesbrough,D,assists,AVOID,0.233,,,,5,,,,,
2026-08-13,2026-08-15,Championship,Middlesbrough,Lincoln,Reeco Hackett-Fairchild,Lincoln,F,sot,AVOID,0.232,,,,5,,,,,
2026-08-13,2026-08-15,Championship,Middlesbrough,Lincoln,Riley McGree,Middlesbrough,F,sot,AVOID,0.23,,,,5,,,,,
2026-08-13,2026-08-15,Championship,Middlesbrough,Lincoln City,Riley McGree,Middlesbrough,F,sot,AVOID,0.23,,,,5,,,,,
2026-08-13,2026-08-15,Argentina Primera Division,San Lorenzo,Union Santa Fe,Andrej Ilić,Union Berlin,F,goals,AVOID,0.23,,,,5,,,,,
2026-08-13,2026-08-16,La Liga 2,Girona FC,Leganés,Valentin Castellanos,Girona,F,goals,AVOID,0.229,,,,5,,,,,
2026-08-13,2026-08-15,League One,Burton Albion,Stevenage,Kyran Lofthouse,Burton Albion,D,sot,AVOID,0.229,,,,5,,,,,
2026-08-13,2026-08-13,Conference League,Qarabag,Dynamo Kyiv,Jason Ceka,Dynamo Dresden,M,sot,AVOID,0.228,,,,5,True,VOID,0.0,DNP,2026-08-14
2026-08-13,2026-08-19,USA MLS,Philadelphia Union,Inter Miami CF,Federico Dimarco,Inter,D,assists,AVOID,0.228,,,,5,,,,,
2026-08-13,2026-08-15,Bundesliga 2,SpVgg Greuther Fürth,1. FC Nürnberg,Maximilian Dietz,SpVgg Greuther Fürth,D,goals,AVOID,0.228,,,,5,,,,,
2026-08-13,2026-08-15,Championship,Middlesbrough,Lincoln City,Alexander Gilbert,Middlesbrough,F,sot,AVOID,0.228,,,,5,,,,,
2026-08-13,2026-08-13,Conference League,Flora Tallinn,Inter Club d'Escaldes,Antoin Loic Essomba,Inter Turku,D,goals,AVOID,0.228,,,,5,True,VOID,0.0,DNP,2026-08-14
2026-08-13,2026-08-16,La Liga,Espanyol,Levante,Carlos Espí,Levante,F,goals,AVOID,0.228,,,,5,,,,,
2026-08-13,2026-08-15,La Liga,Alaves,Getafe,Carlos Vicente,Alaves,D,assists,AVOID,0.228,,,,5,,,,,
2026-08-13,2026-08-13,Conference League,Flora Tallinn,Inter Club d'Escaldes,Federico Dimarco,Inter,D,assists,AVOID,0.228,,,,5,True,VOID,0.0,DNP,2026-08-14
2026-08-13,2026-08-19,USA MLS,Philadelphia Union,Inter Miami CF,Antoin Loic Essomba,Inter Turku,D,goals,AVOID,0.228,,,,5,,,,,
2026-08-13,2026-08-15,Championship,Bolton,Preston,Jayden Meghoma,Preston,D,sot,AVOID,0.228,,,,5,,,,,
2026-08-13,2026-08-15,Championship,Middlesbrough,Lincoln,Alexander Gilbert,Middlesbrough,F,sot,AVOID,0.228,,,,5,,,,,
2026-08-13,2026-08-14,Bundesliga 2,Holstein Kiel,FC St. Pauli,Umut Tohumcu,Holstein Kiel,M,sot,AVOID,0.227,,,,5,,,,,
2026-08-13,2026-08-16,La Liga,Racing Santander,Villarreal,Georges Mikautadze,Villarreal,F,goals,AVOID,0.227,,,,5,,,,,
2026-08-13,2026-08-15,League One,Notts County,Leicester,Hamza Choudhury,Leicester,D,goals,AVOID,0.227,,,,5,,,,,
2026-08-13,2026-08-16,La Liga 2,Girona FC,Leganés,Azzedine Ounahi,Girona,F,goals,AVOID,0.224,,,,5,,,,,
2026-08-13,2026-08-15,League One,Notts County,Leicester,Wilfred Ndidi,Leicester,D,sot,AVOID,0.224,,,,5,,,,,
2026-08-13,2026-08-15,League One,Barnsley,Bromley,Jonathan Bland,Barnsley,D,sot,AVOID,0.223,,,,5,,,,,
2026-08-13,2026-08-13,Europa League,Omonia Nicosia,Lincoln Red Imps FC,Jovon Makama,Lincoln,F,sot,AVOID,0.223,,,,5,True,VOID,0.0,DNP,2026-08-14
2026-08-13,2026-08-15,Championship,Middlesbrough,Lincoln,Ben House,Lincoln,F,cards,AVOID,0.222,,,,5,,,,,
2026-08-13,2026-08-15,La Liga,Alaves,Getafe,Juan Bernat,Getafe,D,goals,AVOID,0.222,,,,5,,,,,
2026-08-13,2026-08-15,Austrian Bundesliga,Austria Lustenau,Wolfsberger AC,Joakim Mæhle,VfL Wolfsburg,D,goals,AVOID,0.221,,,,5,,,,,
2026-08-13,2026-08-15,Argentina Primera Division,San Lorenzo,Union Santa Fe,Leopold Querfeld,Union Berlin,D,cards,AVOID,0.22,,,,5,,,,,
2026-08-13,2026-08-16,La Liga,Espanyol,Levante,Iván Romero,Levante,F,goals,AVOID,0.22,3.8,-0.164,-0.0804,5,,,,,
2026-08-13,2026-08-16,La Liga 2,Girona FC,Leganés,Joel Roca,Girona,F,sot2,AVOID,0.22,,,,5,,,,,
2026-08-13,2026-08-14,Bundesliga 2,Holstein Kiel,FC St. Pauli,James Sands,FC St. Pauli,M,cards,AVOID,0.219,,,,5,,,,,
2026-08-13,2026-08-15,League One,Reading,Luton,Jayden Wareham,Reading,F,sot,AVOID,0.219,,,,5,,,,,
2026-08-13,2026-08-13,Conference League,Qarabag,Dynamo Kyiv,Niklas Hauptmann,Dynamo Dresden,M,sot,AVOID,0.219,,,,5,True,VOID,0.0,DNP,2026-08-14
2026-08-13,2026-08-15,Bundesliga 2,SpVgg Greuther Fürth,1. FC Nürnberg,Simon Asta,SpVgg Greuther Fürth,D,goals,AVOID,0.218,,,,5,,,,,
2026-08-13,2026-08-14,Bundesliga 2,Eintracht Braunschweig,VfL Bochum,Lukas Frenkert,Eintracht Braunschweig,D,sot,AVOID,0.218,,,,5,,,,,
2026-08-13,2026-08-15,Championship,Middlesbrough,Lincoln,Luke Ayling,Middlesbrough,D,sot,AVOID,0.217,,,,5,,,,,
2026-08-13,2026-08-15,Championship,Middlesbrough,Lincoln City,Luke Ayling,Middlesbrough,D,sot,AVOID,0.217,,,,5,,,,,
2026-08-13,2026-08-15,League One,Huddersfield,AFC Wimbledon,Marcus Harness,Huddersfield,F,goals,AVOID,0.217,,,,5,,,,,
2026-08-13,2026-08-13,Conference League,Qarabag,Dynamo Kyiv,Vincent Vermeij,Dynamo Dresden,F,goals,AVOID,0.217,,,,5,True,VOID,0.0,DNP,2026-08-14
2026-08-13,2026-08-15,La Liga,Alaves,Getafe,Mauro Arambarri,Getafe,F,goals,AVOID,0.216,,,,5,,,,,
2026-08-13,2026-08-15,Championship,Norwich,West Brom,Liam Gibbs,Norwich,D,assists,AVOID,0.216,,,,5,,,,,
2026-08-13,2026-08-16,La Liga,Celta Vigo,Osasuna,Gabri Veiga,Celta Vigo,F,sot2,AVOID,0.215,,,,5,,,,,
2026-08-13,2026-08-16,La Liga,Espanyol,Levante,Edu Expósito,Espanyol,F,goals,AVOID,0.214,,,,5,,,,,
2026-08-13,2026-08-15,Championship,Bolton,Preston,Aaron Morley,Bolton,F,sot,AVOID,0.214,,,,5,,,,,
2026-08-13,2026-08-16,La Liga,Espanyol,Levante,Joselu,Espanyol,F,goals,AVOID,0.213,,,,5,,,,,
2026-08-13,2026-08-14,Bundesliga 2,Eintracht Braunschweig,VfL Bochum,Philipp Hofmann,VfL BOCHUM,F,goals,AVOID,0.213,,,,5,,,,,
2026-08-13,2026-08-14,Bundesliga 2,Eintracht Braunschweig,VfL Bochum,Max Marie,Eintracht Braunschweig,F,cards,AVOID,0.213,,,,5,,,,,
2026-08-13,2026-08-15,League One,Barnsley,Bromley,Kyran Lofthouse,Barnsley,D,goals,AVOID,0.213,,,,5,,,,,
2026-08-13,2026-08-16,La Liga,Espanyol,Levante,Nicolás Melamed,Espanyol,F,goals,AVOID,0.213,,,,5,,,,,
2026-08-13,2026-08-15,Championship,Bristol City,Millwall,Josh Coburn,Millwall,F,sot,AVOID,0.212,,,,5,,,,,
2026-08-13,2026-08-16,La Liga,Celta Vigo,Osasuna,Gabriel Veiga,Celta Vigo,F,sot2,AVOID,0.212,,,,5,,,,,
2026-08-13,2026-08-14,Championship,Wolves,Blackburn,Mateus Mané,Wolves,F,goals,AVOID,0.212,,,,5,,,,,
2026-08-13,2026-08-15,League One,Reading,Luton,Chem Campbell,Reading,F,sot,AVOID,0.212,,,,5,,,,,
2026-08-13,2026-08-14,Bundesliga 2,Holstein Kiel,FC St. Pauli,Connor Metcalfe,FC St. Pauli,F,sot,AVOID,0.212,,,,5,,,,,
2026-08-13,2026-08-16,La Liga,Espanyol,Levante,Kervin Arriaga,Levante,M,sot,AVOID,0.212,,,,5,,,,,
2026-08-13,2026-08-15,Championship,Bristol City,Millwall,Femi Azeez,Millwall,F,cards,AVOID,0.211,,,,5,,,,,
2026-08-13,2026-08-15,League One,Reading,Luton,Isaiah Jones,Luton,F,cards,AVOID,0.211,,,,5,,,,,
2026-08-13,2026-08-15,La Liga,Alaves,Getafe,Mario Martín,Getafe,F,cards,AVOID,0.211,,,,5,,,,,
2026-08-13,2026-08-15,China Super League,Zhejiang,Chengdu Rongcheng FC,Rocco Reitz,Borussia Monchengladbach,F,goals,AVOID,0.21,,,,5,,,,,
2026-08-13,2026-08-15,Bundesliga 2,SpVgg Greuther Fürth,1. FC Nürnberg,Stefanos Tzimas,1. FC Nürnberg,F,sot2,AVOID,0.21,,,,5,,,,,
2026-08-13,2026-08-15,League One,Burton Albion,Stevenage,Daniel Kemp,Stevenage,F,sot,AVOID,0.21,,,,5,,,,,
2026-08-13,2026-08-14,Championship,Wolves,Blackburn,João Gomes,Wolves,F,cards,AVOID,0.209,,,,5,,,,,
2026-08-13,2026-08-15,Championship,Norwich,West Brom,Josh Sargent,Norwich,F,sot2,AVOID,0.209,,,,5,,,,,
2026-08-13,2026-08-15,Argentina Primera Division,San Lorenzo,Union Santa Fe,Benedict Hollerbach,Union Berlin,F,goals,AVOID,0.209,,,,5,,,,,
2026-08-13,2026-08-15,Bundesliga 2,VfL Osnabrück,1. FC Magdeburg,Jason Ceka,1. FC Magdeburg,F,goals,AVOID,0.209,,,,5,,,,,
2026-08-13,2026-08-14,Championship,Wolves,Blackburn,Pedro Neto,Wolves,F,goals,AVOID,0.209,,,,5,,,,,
2026-08-13,2026-08-15,Bundesliga 2,SpVgg Greuther Fürth,1. FC Nürnberg,Mohamed Ali Zoma,1. FC Nürnberg,F,goals,AVOID,0.208,,,,5,,,,,
2026-08-13,2026-08-14,Bundesliga 2,Eintracht Braunschweig,VfL Bochum,Max Marie,Eintracht Braunschweig,F,goals,AVOID,0.208,,,,5,,,,,
2026-08-13,2026-08-16,La Liga,Racing Santander,Villarreal,Gerard Moreno,Villarreal,F,goals,AVOID,0.207,,,,5,,,,,
2026-08-13,2026-08-15,Bundesliga 2,SpVgg Greuther Fürth,1. FC Nürnberg,Marco Meyerhofer,SpVgg Greuther Fürth,D,goals,AVOID,0.207,,,,5,,,,,
2026-08-13,2026-08-14,Bundesliga 2,Eintracht Braunschweig,VfL Bochum,Oliver Olsen,VfL Bochum,D,cards,AVOID,0.205,,,,5,,,,,
2026-08-13,2026-08-13,Conference League,Qarabag,Dynamo Kyiv,Ben Justus Bobzien,Dynamo Dresden,M,goals,AVOID,0.205,,,,5,True,VOID,0.0,DNP,2026-08-14
2026-08-13,2026-08-15,La Liga,Alaves,Getafe,Carlos Vicente,Alaves,D,sot2,AVOID,0.205,,,,5,,,,,
2026-08-13,2026-08-13,Conference League,Qarabag,Dynamo Kyiv,Ben Bobzien,Dynamo Dresden,M,goals,AVOID,0.204,,,,5,True,VOID,0.0,DNP,2026-08-14
2026-08-13,2026-08-13,Europa League,Omonia Nicosia,Lincoln Red Imps FC,James Collins,Lincoln,F,sot,AVOID,0.204,,,,5,True,VOID,0.0,DNP,2026-08-14
2026-08-13,2026-08-15,Championship,Bolton,Preston,George Thomason,Bolton,D,assists,AVOID,0.204,,,,5,,,,,
2026-08-13,2026-08-15,Championship,Bristol City,Millwall,George Honeyman,Millwall,F,cards,AVOID,0.204,,,,5,,,,,
2026-08-13,2026-08-16,La Liga,Espanyol,Levante,Walid Cheddira,Espanyol,F,goals,AVOID,0.204,,,,5,,,,,
2026-08-13,2026-08-15,League One,Plymouth Argyle,Stockport County FC,Darko Gyabi,Plymouth,M,sot,AVOID,0.203,,,,5,,,,,
2026-08-13,2026-08-19,USA MLS,Philadelphia Union,Inter Miami CF,Tajon Buchanan,Inter,M,sot,AVOID,0.203,,,,5,,,,,
2026-08-13,2026-08-15,Championship,Norwich,West Brom,Harry Darling,Norwich,D,sot,AVOID,0.203,,,,5,,,,,
2026-08-13,2026-08-15,La Liga,Alaves,Getafe,Mauro Arambarri,Getafe,F,cards,AVOID,0.203,,,,5,,,,,
2026-08-13,2026-08-19,USA MLS,Philadelphia Union,Inter Miami CF,Roberto Gagliardini,Inter,M,cards,AVOID,0.203,,,,5,,,,,
2026-08-13,2026-08-13,Conference League,Flora Tallinn,Inter Club d'Escaldes,Tajon Buchanan,Inter,M,sot,AVOID,0.203,,,,5,True,VOID,0.0,DNP,2026-08-14
2026-08-13,2026-08-13,Conference League,Flora Tallinn,Inter Club d'Escaldes,Roberto Gagliardini,Inter,M,cards,AVOID,0.203,,,,5,True,VOID,0.0,DNP,2026-08-14
2026-08-13,2026-08-16,La Liga,Celta Vigo,Osasuna,Abdessamad Ezzalzouli,Osasuna,F,sot,AVOID,0.203,,,,5,,,,,
2026-08-13,2026-08-15,League One,Plymouth Argyle,Stockport County FC,Josh Stokes,Stockport County,F,sot,AVOID,0.202,,,,5,,,,,
2026-08-13,2026-08-15,La Liga 2,Cádiz CF,Celta Vigo,Anastasios Douvikas,Celta Vigo,F,goals,AVOID,0.202,,,,5,,,,,
2026-08-13,2026-08-15,League One,Plymouth Argyle,Stockport County FC,Tayo Adaramola,Stockport County,D,sot,AVOID,0.202,,,,5,,,,,
2026-08-13,2026-08-15,Championship,Bolton,Preston,Alistair McCann,Preston,M,cards,AVOID,0.201,,,,5,,,,,
2026-08-13,2026-08-15,Bundesliga 2,SpVgg Greuther Fürth,1. FC Nürnberg,Adam Markhiev,1. FC Nürnberg,M,sot,AVOID,0.201,,,,5,,,,,
2026-08-13,2026-08-13,Conference League,Flora Tallinn,Inter Club d'Escaldes,Momodou Sarr,Inter Turku,F,sot,AVOID,0.201,,,,5,True,VOID,0.0,DNP,2026-08-14
2026-08-13,2026-08-15,League One,Notts County,Leicester,Harry Winks,Leicester,M,sot,AVOID,0.201,,,,5,,,,,
2026-08-13,2026-08-15,La Liga,Sevilla,Rayo Vallecano,Marcos Acuña,Sevilla,D,assists,AVOID,0.201,,,,5,,,,,
2026-08-13,2026-08-19,USA MLS,Philadelphia Union,Inter Miami CF,Momodou Sarr,Inter Turku,F,sot,AVOID,0.201,,,,5,,,,,
2026-08-13,2026-08-15,League One,Reading,Luton,Charlie Savage,Reading,F,sot,AVOID,0.201,,,,5,,,,,
2026-08-13,2026-08-15,Championship,Middlesbrough,Lincoln City,Finn Azaz,Middlesbrough,M,sot,AVOID,0.2,,,,5,,,,,
2026-08-13,2026-08-15,Championship,Middlesbrough,Lincoln,Finn Azaz,Middlesbrough,M,sot,AVOID,0.2,,,,5,,,,,
2026-08-13,2026-08-15,China Super League,Zhejiang,Chengdu Rongcheng FC,Yannik Engelhardt,Borussia Mönchengladbach,M,cards,AVOID,0.2,,,,5,,,,,
2026-08-13,2026-08-15,China Super League,Zhejiang,Chengdu Rongcheng FC,Yannick Engelhardt,Borussia Mönchengladbach,M,cards,AVOID,0.2,,,,5,,,,,
2026-08-13,2026-08-14,Bundesliga 2,Eintracht Braunschweig,VfL Bochum,Francis Onyeka,VfL Bochum,M,sot,AVOID,0.199,,,,5,,,,,
2026-08-13,2026-08-15,League One,Plymouth Argyle,Stockport County FC,Odin Bailey,Stockport County,F,sot,AVOID,0.199,,,,5,,,,,
2026-08-13,2026-08-16,La Liga,Espanyol,Levante,Carlos Romero,Espanyol,D,sot,AVOID,0.199,,,,5,,,,,
2026-08-13,2026-08-15,League One,Notts County,Leicester,Patson Daka,Leicester,F,goals,AVOID,0.199,,,,5,,,,,
2026-08-13,2026-08-13,Conference League,Flora Tallinn,Inter Club d'Escaldes,Marcus Thuram,Inter,F,goals,AVOID,0.199,,,,5,True,VOID,0.0,DNP,2026-08-14
2026-08-13,2026-08-15,Championship,Norwich,West Brom,Jayson Molumby,West Brom,F,goals,AVOID,0.199,,,,5,,,,,
2026-08-13,2026-08-15,League One,Burton Albion,Stevenage,Saxon Earley,Stevenage,D,cards,AVOID,0.199,,,,5,,,,,
2026-08-13,2026-08-16,La Liga,Racing Santander,Villarreal,Ben Brereton Díaz,Villarreal,F,goals,AVOID,0.199,,,,5,,,,,
2026-08-13,2026-08-19,USA MLS,Philadelphia Union,Inter Miami CF,Marcus Thuram,Inter,F,goals,AVOID,0.199,,,,5,,,,,
2026-08-13,2026-08-15,China Super League,Zhejiang,Chengdu Rongcheng FC,Marcus Thuram,Borussia Monchengladbach,F,goals,AVOID,0.199,,,,5,,,,,
2026-08-13,2026-08-15,Austrian Bundesliga,Austria Lustenau,Wolfsberger AC,Josip Brekalo,VfL Wolfsburg,F,goals,AVOID,0.199,,,,5,,,,,
2026-08-13,2026-08-15,Austrian Bundesliga,Austria Lustenau,Wolfsberger AC,Xaver Schlager,Austria,M,cards,AVOID,0.199,,,,5,,,,,
2026-08-13,2026-08-15,League One,Reading,Luton,Millenic Alli,Luton,F,sot,AVOID,0.198,,,,5,,,,,
2026-08-13,2026-08-15,La Liga,Alaves,Getafe,Juan Iglesias,Getafe,M,cards,AVOID,0.198,,,,5,,,,,
2026-08-13,2026-08-16,La Liga 2,Girona FC,Leganés,Yan Diomande,Leganes,F,goals,AVOID,0.198,,,,5,,,,,
2026-08-13,2026-08-15,Bundesliga 2,Hertha BSC,1. FC Heidenheim,Pascal Klemens,Hertha BSC,D,goals,AVOID,0.198,,,,5,,,,,
2026-08-13,2026-08-15,Championship,Middlesbrough,Lincoln,David Strelec,Middlesbrough,F,goals,AVOID,0.197,,,,5,,,,,
2026-08-13,2026-08-15,Championship,Bristol City,Millwall,Femi Azeez,Millwall,F,goals,AVOID,0.197,,,,5,,,,,
2026-08-13,2026-08-15,La Liga,Sevilla,Rayo Vallecano,Ilias Akhomach,Rayo Vallecano,F,goals,AVOID,0.197,,,,5,,,,,
2026-08-13,2026-08-15,China Super League,Zhejiang,Chengdu Rongcheng FC,Kouadio Koné,Borussia Monchengladbach,M,sot,AVOID,0.197,,,,5,,,,,
2026-08-13,2026-08-15,Championship,Middlesbrough,Lincoln City,David Strelec,Middlesbrough,F,goals,AVOID,0.197,,,,5,,,,,
2026-08-13,2026-08-19,USA MLS,Philadelphia Union,Inter Miami CF,Petar Sučić,Inter,M,sot,AVOID,0.197,,,,5,,,,,
2026-08-13,2026-08-13,Conference League,Flora Tallinn,Inter Club d'Escaldes,Petar Sučić,Inter,M,sot,AVOID,0.197,,,,5,True,VOID,0.0,DNP,2026-08-14
2026-08-13,2026-08-15,China Super League,Zhejiang,Chengdu Rongcheng FC,Manu Koné,Borussia Monchengladbach,M,sot,AVOID,0.196,,,,5,,,,,
2026-08-13,2026-08-15,League One,Huddersfield,AFC Wimbledon,Lasse Sørensen,Huddersfield,D,goals,AVOID,0.196,,,,5,,,,,
2026-08-13,2026-08-16,La Liga,Celta Vigo,Osasuna,Lucas Torró,Osasuna,M,cards,AVOID,0.195,,,,5,,,,,
2026-08-13,2026-08-14,Championship,Wolves,Blackburn,Lewis Travis,Blackburn,M,cards,AVOID,0.195,,,,5,,,,,
2026-08-13,2026-08-16,La Liga 2,Girona FC,Leganés,Ladislav Krejčí,Girona,D,sot,AVOID,0.195,,,,5,,,,,
2026-08-13,2026-08-15,La Liga,Sevilla,Rayo Vallecano,Florian Lejeune,Rayo Vallecano,D,sot,AVOID,0.195,2.3,-0.5515,-0.5246,5,,,,,
2026-08-13,2026-08-14,Bundesliga 2,Eintracht Braunschweig,VfL Bochum,Johan Gomez,Eintracht Braunschweig,F,goals,AVOID,0.195,,,,5,,,,,
2026-08-13,2026-08-14,Bundesliga 2,Eintracht Braunschweig,VfL Bochum,Philipp Strompf,VfL Bochum,D,cards,AVOID,0.194,,,,5,,,,,
2026-08-13,2026-08-15,Bundesliga 2,VfL Osnabrück,1. FC Magdeburg,Mateusz Żukowski,1. FC Magdeburg,F,sot2,AVOID,0.194,,,,5,,,,,
2026-08-13,2026-08-15,La Liga,Sevilla,Rayo Vallecano,Lucas Ocampos,Sevilla,D,goals,AVOID,0.194,,,,5,,,,,
2026-08-13,2026-08-15,Championship,Bristol City,Millwall,Camiel Neghli,Millwall,F,goals,AVOID,0.194,,,,5,,,,,
2026-08-13,2026-08-14,Championship,Wolves,Blackburn,Adam Armstrong,Wolves,F,goals,AVOID,0.194,,,,5,,,,,
2026-08-13,2026-08-13,Europa League,Omonia Nicosia,Lincoln Red Imps FC,Ben House,Lincoln,F,cards,AVOID,0.193,,,,5,True,VOID,0.0,DNP,2026-08-14
2026-08-13,2026-08-15,Bundesliga 2,Hertha BSC,1. FC Heidenheim,Budu Zivzivadze,1. FC Heidenheim,F,goals,AVOID,0.193,,,,5,,,,,
2026-08-13,2026-08-16,La Liga,Celta Vigo,Osasuna,Lucas Torró,Osasuna,M,sot,AVOID,0.193,,,,5,,,,,
2026-08-13,2026-08-15,Austrian Bundesliga,Austria Lustenau,Wolfsberger AC,Jordan Bos,Australia,D,assists,AVOID,0.192,,,,5,,,,,
2026-08-13,2026-08-15,Championship,Bristol City,Millwall,Adam Randell,Bristol City,M,sot,AVOID,0.191,,,,5,,,,,
2026-08-13,2026-08-15,La Liga,Sevilla,Rayo Vallecano,Suso,Sevilla,F,goals,AVOID,0.191,,,,5,,,,,
2026-08-13,2026-08-15,League One,Notts County,Leicester,Bilal El Khannouss,Leicester,F,goals,AVOID,0.191,,,,5,,,,,
2026-08-13,2026-08-15,Championship,Bolton,Preston,Andrew Hughes,Preston,M,cards,AVOID,0.19,,,,5,,,,,
2026-08-13,2026-08-15,League One,Burton Albion,Stevenage,Jake Beesley,Burton Albion,F,sot,AVOID,0.19,,,,5,,,,,
2026-08-13,2026-08-15,La Liga,Sevilla,Rayo Vallecano,Ivan Rakitić,Sevilla,F,goals,AVOID,0.19,,,,5,,,,,
2026-08-13,2026-08-15,Bundesliga 2,Hertha BSC,1. FC Heidenheim,Eren Dinkçi,1. FC Heidenheim,F,goals,AVOID,0.189,,,,5,,,,,
2026-08-13,2026-08-16,La Liga,Celta Vigo,Osasuna,Jon Moncayola,Osasuna,D,goals,AVOID,0.189,,,,5,,,,,
2026-08-13,2026-08-14,Bundesliga 2,Eintracht Braunschweig,VfL Bochum,Mehmet Aydın,Eintracht Braunschweig,D,sot,AVOID,0.189,,,,5,,,,,
2026-08-13,2026-08-16,La Liga,Espanyol,Levante,Sergi Darder,Espanyol,F,goals,AVOID,0.188,,,,5,,,,,
2026-08-13,2026-08-15,Championship,Middlesbrough,Lincoln,Ben House,Lincoln,F,sot,AVOID,0.188,,,,5,,,,,
2026-08-13,2026-08-15,Bundesliga 2,Hertha BSC,1. FC Heidenheim,Paul Seguin,Hertha BSC,M,sot,AVOID,0.188,,,,5,,,,,
2026-08-13,2026-08-15,League One,Plymouth Argyle,Stockport County FC,Adam Randell,Plymouth,M,sot,AVOID,0.187,,,,5,,,,,
2026-08-13,2026-08-15,League One,Plymouth Argyle,Stockport County FC,Maksym Talovierov,Plymouth,D,cards,AVOID,0.187,,,,5,,,,,
2026-08-13,2026-08-16,La Liga,Celta Vigo,Osasuna,Rubén García,Osasuna,F,goals,AVOID,0.186,,,,5,,,,,
2026-08-13,2026-08-15,La Liga,Sevilla,Rayo Vallecano,Álvaro García,Rayo Vallecano,F,goals,PAPER,0.186,4.75,-0.1165,-0.0281,5,,,,,
2026-08-13,2026-08-16,La Liga,Espanyol,Levante,Carlos Espí,Levante,F,cards,AVOID,0.186,,,,5,,,,,
2026-08-13,2026-08-15,Bundesliga 2,Hertha BSC,1. FC Heidenheim,Fabian Reese,Hertha BSC,F,assists,AVOID,0.186,,,,5,,,,,
2026-08-13,2026-08-15,League One,Huddersfield,AFC Wimbledon,Lynden Gooch,Huddersfield,D,assists,AVOID,0.185,,,,5,,,,,
2026-08-13,2026-08-15,League One,Burton Albion,Stevenage,Jordan Roberts,Stevenage,F,cards,AVOID,0.185,,,,5,,,,,
2026-08-13,2026-08-14,Bundesliga 2,Eintracht Braunschweig,VfL Bochum,Florian Flick,Eintracht Braunschweig,M,sot,AVOID,0.185,,,,5,,,,,
2026-08-13,2026-08-15,League One,Reading,Luton,Paddy Lane,Reading,F,sot,AVOID,0.185,,,,5,,,,,
2026-08-13,2026-08-15,League One,Huddersfield,AFC Wimbledon,Alfie May,Huddersfield,F,assists,AVOID,0.184,,,,5,,,,,
2026-08-13,2026-08-15,La Liga,Alaves,Getafe,Zaid Romero,Getafe,D,sot,VALUABLE,0.184,7.0,0.288,0.4812,5,,,,,
2026-08-13,2026-08-16,La Liga 2,Girona FC,Leganés,Javier Hernández,Girona,D,sot,AVOID,0.184,,,,5,,,,,
2026-08-13,2026-08-13,Europa League,Universitatea Craiova,KuPS,Jerry Voutilainen,KuPS,F,sot,AVOID,0.184,,,,5,True,VOID,0.0,DNP,2026-08-14
2026-08-13,2026-08-15,Championship,Bristol City,Millwall,Ryan Wintle,Millwall,M,sot,AVOID,0.184,,,,5,,,,,
2026-08-13,2026-08-15,Bundesliga 2,SpVgg Greuther Fürth,1. FC Nürnberg,Luka Lochoshvili,1. FC Nürnberg,D,cards,AVOID,0.184,,,,5,,,,,
2026-08-13,2026-08-15,League One,Plymouth Argyle,Stockport County FC,Ben Osborn,Stockport County,D,goals,AVOID,0.184,,,,5,,,,,
2026-08-13,2026-08-13,Conference League,Flora Tallinn,Inter Club d'Escaldes,Andy Diouf,Inter,M,sot,AVOID,0.184,,,,5,True,VOID,0.0,DNP,2026-08-14
2026-08-13,2026-08-19,USA MLS,Philadelphia Union,Inter Miami CF,Andy Diouf,Inter,M,sot,AVOID,0.184,,,,5,,,,,
2026-08-13,2026-08-16,La Liga,Celta Vigo,Osasuna,Ilaix Moriba,Celta Vigo,M,sot,AVOID,0.183,,,,5,,,,,
2026-08-13,2026-08-15,Championship,Bolton,Preston,Lewis Dobbin,Preston,F,sot,AVOID,0.183,,,,5,,,,,
2026-08-13,2026-08-15,Championship,Middlesbrough,Lincoln City,Isaiah Jones,Middlesbrough,F,cards,AVOID,0.183,,,,5,,,,,
2026-08-13,2026-08-15,League One,Plymouth Argyle,Stockport County FC,Will Collar,Stockport County,F,sot,AVOID,0.183,,,,5,,,,,
2026-08-13,2026-08-15,League One,Huddersfield,AFC Wimbledon,Bojan Radulović,Huddersfield,F,sot,AVOID,0.183,,,,5,,,,,
2026-08-13,2026-08-15,Championship,Middlesbrough,Lincoln,Isaiah Jones,Middlesbrough,F,cards,AVOID,0.183,,,,5,,,,,
2026-08-13,2026-08-15,Championship,Bristol City,Millwall,Luke McNally,Bristol City,D,sot,AVOID,0.183,,,,5,,,,,
2026-08-13,2026-08-16,La Liga,Celta Vigo,Osasuna,Victor Muñoz,Osasuna,F,sot2,AVOID,0.183,,,,5,,,,,
2026-08-13,2026-08-15,La Liga,Sevilla,Rayo Vallecano,Gabriel Suazo,Sevilla,D,cards,AVOID,0.182,,,,5,,,,,
2026-08-13,2026-08-15,Championship,Norwich,West Brom,Callum Doyle,Norwich,D,cards,AVOID,0.181,,,,5,,,,,
2026-08-13,2026-08-15,China Super League,Zhejiang,Chengdu Rongcheng FC,Philipp Sander,Borussia Mönchengladbach,D,cards,AVOID,0.181,,,,5,,,,,
2026-08-13,2026-08-15,League One,Barnsley,Bromley,Fabio Jaló,Barnsley,F,goals,AVOID,0.181,,,,5,,,,,
2026-08-13,2026-08-15,Austrian Bundesliga,Austria Lustenau,Wolfsberger AC,Aaron Zehnter,VfL Wolfsburg,D,goals,AVOID,0.181,,,,5,,,,,
2026-08-13,2026-08-15,League One,Notts County,Leicester,Wilfred Ndidi,Leicester,F,cards,AVOID,0.181,,,,5,,,,,
2026-08-13,2026-08-15,La Liga 2,Cádiz CF,Celta Vigo,Hugo Sotelo,Celta Vigo,M,cards,AVOID,0.18,,,,5,,,,,
2026-08-13,2026-08-15,La Liga 2,Cádiz CF,Celta Vigo,Yoel Lago,Celta Vigo,D,cards,AVOID,0.18,,,,5,,,,,
2026-08-13,2026-08-15,League One,Burton Albion,Stevenage,Daniel Kemp,Stevenage,F,cards,AVOID,0.18,,,,5,,,,,
2026-08-13,2026-08-14,Championship,Wolves,Blackburn,André,Wolves,M,cards,AVOID,0.179,,,,5,,,,,
2026-08-13,2026-08-15,League One,Oxford United,Milton Keynes Dons,Alex Matos,Oxford United,M,cards,AVOID,0.179,,,,5,,,,,
2026-08-13,2026-08-19,USA MLS,Philadelphia Union,Inter Miami CF,Nicola Zalewski,Inter,F,goals,AVOID,0.179,,,,5,,,,,
2026-08-13,2026-08-13,Conference League,Flora Tallinn,Inter Club d'Escaldes,Nicola Zalewski,Inter,F,goals,AVOID,0.179,,,,5,True,VOID,0.0,DNP,2026-08-14
2026-08-13,2026-08-16,La Liga 2,Girona FC,Leganés,Miguel Gutiérrez,Girona,D,goals,AVOID,0.178,,,,5,,,,,
2026-08-13,2026-08-15,Championship,Bolton,Preston,Johnny Kenny,Bolton,F,assists,AVOID,0.178,,,,5,,,,,
2026-08-13,2026-08-15,League One,Oxford United,Milton Keynes Dons,Owen Dale,Oxford United,F,goals,AVOID,0.178,,,,5,,,,,
2026-08-13,2026-08-14,Championship,Wolves,Blackburn,Dion Sanderson,Blackburn,D,cards,AVOID,0.178,,,,5,,,,,
2026-08-13,2026-08-16,La Liga 2,Girona FC,Leganés,Borja García,Girona,F,goals,AVOID,0.178,,,,5,,,,,
2026-08-13,2026-08-14,Championship,Wolves,Blackburn,Jean-Ricner Bellegarde,Wolves,F,goals,AVOID,0.178,,,,5,,,,,
2026-08-13,2026-08-13,Conference League,Flora Tallinn,Inter Club d'Escaldes,Marcelo Brozović,Inter,M,sot,AVOID,0.178,,,,5,True,VOID,0.0,DNP,2026-08-14
2026-08-13,2026-08-15,Argentina Primera Division,San Lorenzo,Union Santa Fe,Paul Seguin,Union Berlin,M,sot,AVOID,0.178,,,,5,,,,,
2026-08-13,2026-08-15,Argentina Primera Division,San Lorenzo,Union Santa Fe,Lucas Tousart,Union Berlin,F,goals,AVOID,0.178,,,,5,,,,,
2026-08-13,2026-08-19,USA MLS,Philadelphia Union,Inter Miami CF,Marcelo Brozović,Inter,M,sot,AVOID,0.178,,,,5,,,,,
2026-08-13,2026-08-15,League One,Reading,Luton,Daniel Kyerewaa,Reading,F,goals,AVOID,0.178,,,,5,,,,,
2026-08-13,2026-08-14,Bundesliga 2,Eintracht Braunschweig,VfL Bochum,Vasilis Lampropoulos,VfL BOCHUM,D,cards,AVOID,0.178,,,,5,,,,,
2026-08-13,2026-08-14,Championship,Wolves,Blackburn,Ladislav Krejčí,Wolves,D,sot,AVOID,0.178,,,,5,,,,,
2026-08-13,2026-08-15,Championship,Bristol City,Millwall,Sam Morsy,Bristol City,M,sot,AVOID,0.178,,,,5,,,,,
2026-08-13,2026-08-16,La Liga,Celta Vigo,Osasuna,Hugo Sotelo,Celta Vigo,M,cards,AVOID,0.177,,,,5,,,,,
2026-08-13,2026-08-15,Bundesliga 2,Hertha BSC,1. FC Heidenheim,Jonjoe Kenny,Hertha BSC,D,assists,AVOID,0.177,,,,5,,,,,
2026-08-13,2026-08-15,Argentina Primera Division,San Lorenzo,Union Santa Fe,Julian Ryerson,Union Berlin,D,cards,AVOID,0.177,,,,5,,,,,
2026-08-13,2026-08-16,La Liga 2,Girona FC,Leganés,Bernardo Espinosa,Girona,D,sot,AVOID,0.177,,,,5,,,,,
2026-08-13,2026-08-15,League One,Huddersfield,AFC Wimbledon,Bali Mumba,Huddersfield,M,sot,AVOID,0.177,,,,5,,,,,
2026-08-13,2026-08-15,Bundesliga 2,VfL Osnabrück,1. FC Magdeburg,Barış Atik,1. FC Magdeburg,F,goals,AVOID,0.177,,,,5,,,,,
2026-08-13,2026-08-13,Europa League,Omonia Nicosia,Lincoln Red Imps FC,Reeco Hackett-Fairchild,Lincoln,F,goals,AVOID,0.177,,,,5,True,VOID,0.0,DNP,2026-08-14
2026-08-13,2026-08-14,Bundesliga 2,Holstein Kiel,FC St. Pauli,Marko Ivezić,Holstein Kiel,M,cards,AVOID,0.176,,,,5,,,,,
2026-08-13,2026-08-15,Bundesliga 2,SpVgg Greuther Fürth,1. FC Nürnberg,Tim Janisch,1. FC Nürnberg,M,cards,AVOID,0.176,,,,5,,,,,
2026-08-13,2026-08-15,Bundesliga 2,VfL Osnabrück,1. FC Magdeburg,Baris Atik,1. FC Magdeburg,F,goals,AVOID,0.176,,,,5,,,,,
2026-08-13,2026-08-16,La Liga,Racing Santander,Villarreal,Carlos Romero,Villarreal,D,sot,AVOID,0.176,,,,5,,,,,
2026-08-13,2026-08-15,Austrian Bundesliga,Austria Lustenau,Wolfsberger AC,Christian Eriksen,VfL Wolfsburg,F,goals,AVOID,0.176,,,,5,,,,,
2026-08-13,2026-08-15,Championship,Norwich,West Brom,Shane Duffy,Norwich,D,sot,AVOID,0.175,,,,5,,,,,
2026-08-13,2026-08-15,Championship,Middlesbrough,Lincoln,Conor McGrandles,Lincoln,M,cards,AVOID,0.175,,,,5,,,,,
2026-08-13,2026-08-15,Championship,Norwich,West Brom,Alex Mowatt,West Brom,M,sot,AVOID,0.175,,,,5,,,,,
2026-08-13,2026-08-15,Championship,Bristol City,Millwall,Caleb Taylor,Millwall,D,cards,AVOID,0.175,,,,5,,,,,
2026-08-13,2026-08-15,Bundesliga 2,SpVgg Greuther Fürth,1. FC Nürnberg,Paul Will,SpVgg Greuther Fürth,M,sot,AVOID,0.175,,,,5,,,,,
2026-08-13,2026-08-15,Championship,Middlesbrough,Lincoln,Jovon Makama,Lincoln,F,sot,AVOID,0.175,,,,5,,,,,
2026-08-13,2026-08-15,Championship,Norwich,West Brom,Will Lankshear,West Brom,F,cards,AVOID,0.174,,,,5,,,,,
2026-08-13,2026-08-15,Bundesliga 2,SpVgg Greuther Fürth,1. FC Nürnberg,Javier Fernandez,1. FC Nürnberg,M,sot,AVOID,0.174,,,,5,,,,,
2026-08-13,2026-08-16,La Liga,Celta Vigo,Osasuna,Fer López,Celta Vigo,F,goals,AVOID,0.174,,,,5,,,,,
2026-08-13,2026-08-15,League One,Plymouth Argyle,Stockport County FC,Ibou Touray,Stockport County,D,sot,AVOID,0.173,,,,5,,,,,
2026-08-13,2026-08-15,League One,Reading,Luton,Jayden Wareham,Reading,F,cards,AVOID,0.173,,,,5,,,,,
2026-08-13,2026-08-15,Bundesliga 2,VfL Osnabrück,1. FC Magdeburg,Falko Michel,1. FC Magdeburg,M,cards,AVOID,0.173,,,,5,,,,,
2026-08-13,2026-08-15,La Liga,Alaves,Getafe,Giuliano Simeone,Alaves,F,goals,AVOID,0.173,,,,5,,,,,
2026-08-13,2026-08-13,Europa League,Omonia Nicosia,Lincoln Red Imps FC,Conor McGrandles,Lincoln,M,cards,AVOID,0.173,,,,5,True,VOID,0.0,DNP,2026-08-14
2026-08-13,2026-08-15,Austrian Bundesliga,Austria Lustenau,Wolfsberger AC,Aiden O'Neill,Australia,M,sot,AVOID,0.173,,,,5,,,,,
2026-08-13,2026-08-15,Austrian Bundesliga,Austria Lustenau,Wolfsberger AC,Nicolas Seiwald,Austria,M,cards,AVOID,0.173,,,,5,,,,,
2026-08-13,2026-08-15,League One,Reading,Luton,Nahki Wells,Luton,F,sot,AVOID,0.173,,,,5,,,,,
2026-08-13,2026-08-13,Europa League,Omonia Nicosia,Lincoln Red Imps FC,Paudie O’Connor,Lincoln,D,cards,AVOID,0.172,,,,5,True,VOID,0.0,DNP,2026-08-14
2026-08-13,2026-08-16,La Liga 2,Girona FC,Leganés,Renato Tapia,Leganes,M,cards,AVOID,0.172,,,,5,,,,,
2026-08-13,2026-08-15,Bundesliga 2,SpVgg Greuther Fürth,1. FC Nürnberg,Finn Ole Becker,1. FC Nürnberg,M,sot,AVOID,0.172,,,,5,,,,,
2026-08-13,2026-08-15,League One,Reading,Luton,Joe Taylor,Luton,F,sot,AVOID,0.172,,,,5,,,,,
2026-08-13,2026-08-13,Conference League,Flora Tallinn,Inter Club d'Escaldes,Petar Sučić,Inter,M,cards,AVOID,0.172,,,,5,True,VOID,0.0,DNP,2026-08-14
2026-08-13,2026-08-15,China Super League,Zhejiang,Chengdu Rongcheng FC,Shio Fukuda,Borussia Monchengladbach,F,goals,AVOID,0.172,,,,5,,,,,
2026-08-13,2026-08-19,USA MLS,Philadelphia Union,Inter Miami CF,Petar Sučić,Inter,M,cards,AVOID,0.172,,,,5,,,,,
2026-08-13,2026-08-16,La Liga 2,Girona FC,Leganés,Dani Raba,Leganes,F,goals,AVOID,0.171,,,,5,,,,,
2026-08-13,2026-08-15,Championship,Bolton,Preston,Szabolcs Schön,Bolton,D,assists,AVOID,0.171,,,,5,,,,,
2026-08-13,2026-08-14,Championship,Wolves,Blackburn,Ladislav Krejčí,Wolves,D,cards,AVOID,0.171,,,,5,,,,,
2026-08-13,2026-08-15,Bundesliga 2,SpVgg Greuther Fürth,1. FC Nürnberg,Berkay Yılmaz,1. FC Nürnberg,D,cards,AVOID,0.171,,,,5,,,,,
2026-08-13,2026-08-15,League One,Huddersfield,AFC Wimbledon,Cameron Humphreys,Huddersfield,F,sot,AVOID,0.171,,,,5,,,,,
2026-08-13,2026-08-15,Bundesliga 2,SpVgg Greuther Fürth,1. FC Nürnberg,Berkay Yilmaz,1. FC Nürnberg,D,cards,AVOID,0.171,,,,5,,,,,
2026-08-13,2026-08-15,League One,Reading,Luton,Charlie Savage,Reading,F,cards,AVOID,0.171,,,,5,,,,,
2026-08-13,2026-08-15,Bundesliga 2,Hertha BSC,1. FC Heidenheim,Niklas Dorsch,1. FC Heidenheim,M,cards,AVOID,0.17,,,,5,,,,,
2026-08-13,2026-08-13,Conference League,Flora Tallinn,Inter Club d'Escaldes,Marcus Thuram,Inter,F,cards,AVOID,0.17,,,,5,True,VOID,0.0,DNP,2026-08-14
2026-08-13,2026-08-19,USA MLS,Philadelphia Union,Inter Miami CF,Marcus Thuram,Inter,F,cards,AVOID,0.17,,,,5,,,,,
2026-08-13,2026-08-16,La Liga 2,Girona FC,Leganés,Alejandro Francés,Girona,D,cards,AVOID,0.17,,,,5,,,,,
2026-08-13,2026-08-15,Argentina Primera Division,San Lorenzo,Union Santa Fe,Danilho Doekhi,Union Berlin,D,sot,AVOID,0.17,,,,5,,,,,
2026-08-13,2026-08-15,La Liga,Alaves,Getafe,Luis Milla,Getafe,M,sot,AVOID,0.17,,,,5,,,,,
2026-08-13,2026-08-15,China Super League,Zhejiang,Chengdu Rongcheng FC,Marcus Thuram,Borussia Monchengladbach,F,cards,AVOID,0.17,,,,5,,,,,
2026-08-13,2026-08-14,Championship,Wolves,Blackburn,David Møller Wolfe,Wolves,D,cards,AVOID,0.17,,,,5,,,,,
2026-08-13,2026-08-14,Bundesliga 2,Eintracht Braunschweig,VfL Bochum,Koji Miyoshi,VfL Bochum,F,goals,AVOID,0.17,,,,5,,,,,
2026-08-13,2026-08-15,Austrian Bundesliga,Austria Lustenau,Wolfsberger AC,Konstantinos Koulierakis,VfL Wolfsburg,D,sot,AVOID,0.169,,,,5,,,,,
2026-08-13,2026-08-14,Bundesliga 2,Holstein Kiel,FC St. Pauli,Morgan Guilavogui,FC St. Pauli,M,cards,AVOID,0.169,,,,5,,,,,
2026-08-13,2026-08-15,La Liga,Alaves,Getafe,Álvaro Rodríguez,Getafe,F,cards,AVOID,0.169,,,,5,,,,,
2026-08-13,2026-08-14,Championship,Wolves,Blackburn,Hayden Carter,Blackburn,D,cards,AVOID,0.169,,,,5,,,,,
2026-08-13,2026-08-14,Championship,Wolves,Blackburn,Nathan Collins,Wolves,D,sot,AVOID,0.169,,,,5,,,,,
2026-08-13,2026-08-16,La Liga,Espanyol,Levante,Iván Romero,Levante,F,cards,AVOID,0.169,,,,5,,,,,
2026-08-13,2026-08-14,Championship,Wolves,Blackburn,Todd Cantwell,Blackburn,F,cards,AVOID,0.168,,,,5,,,,,
2026-08-13,2026-08-16,La Liga 2,Girona FC,Leganés,Ladislav Krejčí,Girona,D,cards,AVOID,0.168,,,,5,,,,,
2026-08-13,2026-08-13,Conference League,Qarabag,Dynamo Kyiv,Robert Wagner,Dynamo Dresden,M,cards,AVOID,0.168,,,,5,True,VOID,0.0,DNP,2026-08-14
2026-08-13,2026-08-14,Bundesliga 2,Eintracht Braunschweig,VfL Bochum,Robin Krausse,Eintracht Braunschweig,M,sot,AVOID,0.168,,,,5,,,,,
2026-08-13,2026-08-15,League One,Oxford United,Milton Keynes Dons,Will Lankshear,Oxford United,F,goals,AVOID,0.168,,,,5,,,,,
2026-08-13,2026-08-13,Europa League,Universitatea Craiova,KuPS,Jaakko Oksanen,KuPS,D,goals,AVOID,0.168,,,,5,True,VOID,0.0,DNP,2026-08-14
2026-08-13,2026-08-15,Argentina Primera Division,San Lorenzo,Union Santa Fe,Aljoscha Kemlein,Union Berlin,M,sot,AVOID,0.168,,,,5,,,,,
2026-08-13,2026-08-15,League One,Burton Albion,Stevenage,Kgagelo Chauke,Burton Albion,F,cards,AVOID,0.168,,,,5,,,,,
2026-08-13,2026-08-15,La Liga 2,Cádiz CF,Celta Vigo,Ilaix Moriba,Celta Vigo,M,sot,AVOID,0.167,,,,5,,,,,
2026-08-13,2026-08-15,La Liga,Alaves,Getafe,Antonio Blanco,Alaves,M,sot,AVOID,0.167,2.25,-0.6242,-0.6017,5,,,,,
2026-08-13,2026-08-15,La Liga,Alaves,Getafe,Christantus Uche,Getafe,M,cards,AVOID,0.167,,,,5,,,,,
2026-08-13,2026-08-14,Bundesliga 2,Holstein Kiel,FC St. Pauli,Nicolai Remberg,Holstein Kiel,M,cards,AVOID,0.167,,,,5,,,,,
2026-08-13,2026-08-16,La Liga,Celta Vigo,Osasuna,Joseph Aidoo,Celta Vigo,D,cards,AVOID,0.167,,,,5,,,,,
2026-08-13,2026-08-15,La Liga 2,Cádiz CF,Celta Vigo,Fer López,Celta Vigo,M,cards,AVOID,0.167,,,,5,,,,,
2026-08-13,2026-08-15,Championship,Bristol City,Millwall,Billy Mitchell,Millwall,M,cards,AVOID,0.167,,,,5,,,,,
2026-08-13,2026-08-14,Bundesliga 2,Eintracht Braunschweig,VfL Bochum,Giorgos Masouras,VfL Bochum,F,goals,AVOID,0.167,,,,5,,,,,
2026-08-13,2026-08-15,League One,Plymouth Argyle,Stockport County FC,Adama Sidibeh,Stockport County,F,sot,AVOID,0.167,,,,5,,,,,
2026-08-13,2026-08-15,League One,Burton Albion,Stevenage,Charlie Webster,Burton Albion,F,goals,AVOID,0.167,,,,5,,,,,
2026-08-13,2026-08-15,Championship,Norwich,West Brom,Ante Crnac,Norwich,F,sot2,AVOID,0.166,,,,5,,,,,
2026-08-13,2026-08-14,Bundesliga 2,Eintracht Braunschweig,VfL Bochum,Myron Boadu,VfL Bochum,F,goals,AVOID,0.166,,,,5,,,,,
2026-08-13,2026-08-16,La Liga,Celta Vigo,Osasuna,Renato Tapia,Celta Vigo,M,cards,AVOID,0.166,,,,5,,,,,
2026-08-13,2026-08-15,League One,Reading,Luton,Sam Smith,Reading,F,sot,AVOID,0.166,,,,5,,,,,
2026-08-13,2026-08-16,La Liga,Espanyol,Levante,Vinícius Souza,Espanyol,M,sot,AVOID,0.166,,,,5,,,,,
2026-08-13,2026-08-15,Championship,Bristol City,Millwall,Derek Mazou-Sacko,Millwall,M,sot,AVOID,0.166,,,,5,,,,,
2026-08-13,2026-08-15,Championship,Bolton,Preston,Ryan Ledson,Preston,M,sot,AVOID,0.166,,,,5,,,,,
2026-08-13,2026-08-16,La Liga,Racing Santander,Villarreal,Manuel Morlanes,Villarreal,M,cards,AVOID,0.166,,,,5,,,,,
2026-08-13,2026-08-14,Bundesliga 2,Holstein Kiel,FC St. Pauli,Alexander Bernhardsson,Holstein Kiel,F,goals,AVOID,0.166,,,,5,,,,,
2026-08-13,2026-08-15,La Liga,Alaves,Getafe,Antonio Blanco,Alaves,M,cards,AVOID,0.165,,,,5,,,,,
2026-08-13,2026-08-15,Championship,Bolton,Preston,Alistair McCann,Preston,F,sot,AVOID,0.165,,,,5,,,,,
2026-08-13,2026-08-14,Championship,Wolves,Blackburn,Moussa Baradji,Blackburn,F,goals,AVOID,0.165,,,,5,,,,,
2026-08-13,2026-08-16,La Liga,Celta Vigo,Osasuna,Fer López,Celta Vigo,F,cards,AVOID,0.165,,,,5,,,,,
2026-08-13,2026-08-14,Championship,Wolves,Blackburn,Yuki Ohashi,Blackburn,F,cards,AVOID,0.165,,,,5,,,,,
2026-08-13,2026-08-14,Bundesliga 2,Holstein Kiel,FC St. Pauli,Robert Wagner,FC St. Pauli,M,cards,AVOID,0.165,,,,5,,,,,
2026-08-13,2026-08-15,League One,Huddersfield,AFC Wimbledon,Cameron Humphreys,Huddersfield,F,cards,AVOID,0.165,,,,5,,,,,
2026-08-13,2026-08-16,La Liga,Racing Santander,Villarreal,Tajon Buchanan,Villarreal,F,goals,AVOID,0.165,,,,5,,,,,
2026-08-13,2026-08-13,Conference League,Ilves,HNK Rijeka,Marius Söderbäck,Ilves,F,goals,AVOID,0.165,,,,5,True,VOID,0.0,DNP,2026-08-14
2026-08-13,2026-08-15,La Liga,Alaves,Getafe,Gonzalo Villar,Getafe,M,cards,AVOID,0.165,,,,5,,,,,
2026-08-13,2026-08-15,La Liga,Alaves,Getafe,Jordan Amavi,Getafe,D,cards,AVOID,0.164,,,,5,,,,,
2026-08-13,2026-08-15,Championship,Norwich,West Brom,Darnell Furlong,West Brom,D,sot,AVOID,0.164,,,,5,,,,,
2026-08-13,2026-08-14,Championship,Wolves,Blackburn,André,Wolves,M,sot,AVOID,0.164,,,,5,,,,,
2026-08-13,2026-08-15,Bundesliga 2,Hertha BSC,1. FC Heidenheim,Jonas Föhrenbach,1. FC Heidenheim,M,cards,AVOID,0.164,,,,5,,,,,
2026-08-13,2026-08-15,La Liga,Sevilla,Rayo Vallecano,Gerard Gumbau,Rayo Vallecano,M,sot,AVOID,0.163,,,,5,,,,,
2026-08-13,2026-08-15,Championship,Norwich,West Brom,Tom Fellows,West Brom,M,sot,AVOID,0.163,,,,5,,,,,
2026-08-13,2026-08-15,Championship,Middlesbrough,Lincoln,Hayden Hackney,Middlesbrough,M,sot,AVOID,0.163,,,,5,,,,,
2026-08-13,2026-08-15,League One,Burton Albion,Stevenage,Elliot Watt,Burton Albion,M,cards,AVOID,0.163,,,,5,,,,,
2026-08-13,2026-08-15,Championship,Middlesbrough,Lincoln City,Hayden Hackney,Middlesbrough,M,sot,AVOID,0.163,,,,5,,,,,
2026-08-13,2026-08-15,La Liga,Alaves,Getafe,Abderrahman Rebbach,Alaves,F,cards,AVOID,0.163,,,,5,,,,,
2026-08-13,2026-08-15,League One,Huddersfield,AFC Wimbledon,Marcus Harness,Huddersfield,F,cards,AVOID,0.163,,,,5,,,,,
2026-08-13,2026-08-16,La Liga,Espanyol,Levante,Urko González,Espanyol,M,cards,AVOID,0.163,,,,5,,,,,
2026-08-13,2026-08-15,China Super League,Zhejiang,Chengdu Rongcheng FC,Kevin Stöger,Borussia Mönchengladbach,F,goals,AVOID,0.163,,,,5,,,,,
2026-08-13,2026-08-15,Championship,Bristol City,Millwall,Thierno Ballo,Millwall,M,sot,AVOID,0.163,,,,5,,,,,
2026-08-13,2026-08-15,La Liga,Alaves,Getafe,Mason Greenwood,Getafe,F,assists,AVOID,0.162,,,,5,,,,,
2026-08-13,2026-08-15,Championship,Norwich,West Brom,Nathaniel Phillips,West Brom,D,cards,AVOID,0.162,,,,5,,,,,
2026-08-13,2026-08-16,La Liga,Racing Santander,Villarreal,Yerson Mosquera,Villarreal,D,cards,AVOID,0.162,,,,5,,,,,
2026-08-13,2026-08-15,La Liga 2,Cádiz CF,Celta Vigo,Renato Tapia,Celta Vigo,M,cards,AVOID,0.162,,,,5,,,,,
2026-08-13,2026-08-15,Championship,Norwich,West Brom,Jayson Molumby,West Brom,F,cards,AVOID,0.162,,,,5,,,,,
2026-08-13,2026-08-14,Bundesliga 2,Holstein Kiel,FC St. Pauli,Mathias Rasmussen,FC St. Pauli,M,cards,AVOID,0.162,,,,5,,,,,
2026-08-13,2026-08-16,La Liga,Racing Santander,Villarreal,Alejandro Baena,Villarreal,F,cards,AVOID,0.162,,,,5,,,,,
2026-08-13,2026-08-15,Austrian Bundesliga,Austria Lustenau,Wolfsberger AC,Aster Vranckx,VfL Wolfsburg,M,cards,AVOID,0.162,,,,5,,,,,
2026-08-13,2026-08-16,La Liga 2,Girona FC,Leganés,Jorge Sáenz,Leganes,D,cards,AVOID,0.162,,,,5,,,,,
2026-08-13,2026-08-15,La Liga 2,Cádiz CF,Celta Vigo,Fer López,Celta Vigo,F,goals,AVOID,0.162,,,,5,,,,,
2026-08-13,2026-08-15,La Liga,Alaves,Getafe,Christantus Uche,Getafe,F,goals,AVOID,0.162,,,,5,,,,,
2026-08-13,2026-08-15,Championship,Bolton,Preston,Ryan Porteous,Preston,D,cards,AVOID,0.161,,,,5,,,,,
2026-08-13,2026-08-15,Championship,Bolton,Preston,George Thomason,Bolton,M,cards,AVOID,0.161,,,,5,,,,,
2026-08-13,2026-08-15,La Liga,Alaves,Getafe,Martín Satriano,Getafe,F,goals,AVOID,0.161,2.9,-0.5331,-0.5051,5,,,,,
2026-08-13,2026-08-15,Austrian Bundesliga,Austria Lustenau,Wolfsberger AC,Rogério,VfL Wolfsburg,D,cards,AVOID,0.161,,,,5,,,,,
2026-08-13,2026-08-15,China Super League,Zhejiang,Chengdu Rongcheng FC,Rocco Reitz,Borussia Monchengladbach,M,cards,AVOID,0.161,,,,5,,,,,
2026-08-13,2026-08-16,La Liga,Espanyol,Levante,Jon Ander Olasagasti,Levante,F,goals,VALUABLE,0.161,8.5,0.3685,0.5738,5,,,,,
2026-08-13,2026-08-15,Argentina Primera Division,San Lorenzo,Union Santa Fe,Robert Skov,Union Berlin,D,sot,AVOID,0.161,,,,5,,,,,
2026-08-13,2026-08-15,Austrian Bundesliga,Austria Lustenau,Wolfsberger AC,Christoph Baumgartner,Austria,M,cards,AVOID,0.161,,,,5,,,,,
2026-08-13,2026-08-15,League One,Plymouth Argyle,Stockport County FC,Callum Wright,Plymouth,F,sot,AVOID,0.16,,,,5,,,,,
2026-08-13,2026-08-15,League One,Plymouth Argyle,Stockport County FC,Owen Dale,Plymouth,M,sot,AVOID,0.16,,,,5,,,,,
2026-08-13,2026-08-14,Championship,Wolves,Blackburn,Dominic Hyam,Blackburn,D,cards,AVOID,0.16,,,,5,,,,,
2026-08-13,2026-08-14,Bundesliga 2,Holstein Kiel,FC St. Pauli,Adam Dźwigała,FC St. Pauli,D,cards,AVOID,0.16,,,,5,,,,,
2026-08-13,2026-08-15,League One,Plymouth Argyle,Stockport County FC,Brad Hills,Stockport County,M,cards,AVOID,0.16,,,,5,,,,,
2026-08-13,2026-08-15,League One,Oxford United,Milton Keynes Dons,Michał Helik,Oxford United,D,sot,AVOID,0.159,,,,5,,,,,
2026-08-13,2026-08-15,League One,Plymouth Argyle,Stockport County FC,Louie Barry,Stockport County,F,goals,AVOID,0.159,,,,5,,,,,
2026-08-13,2026-08-15,League One,Oxford United,Milton Keynes Dons,Idris El Mizouni,Oxford United,M,cards,AVOID,0.159,,,,5,,,,,
2026-08-13,2026-08-13,Conference League,Flora Tallinn,Inter Club d'Escaldes,Kristjan Asllani,Inter,M,sot,AVOID,0.159,,,,5,True,VOID,0.0,DNP,2026-08-14
2026-08-13,2026-08-19,USA MLS,Philadelphia Union,Inter Miami CF,Kristjan Asllani,Inter,M,sot,AVOID,0.159,,,,5,,,,,
2026-08-13,2026-08-15,League One,Oxford United,Milton Keynes Dons,Michal Helik,Oxford United,D,sot,AVOID,0.159,,,,5,,,,,
2026-08-13,2026-08-15,China Super League,Zhejiang,Chengdu Rongcheng FC,Kevin Stöger,Borussia Mönchengladbach,M,cards,AVOID,0.158,,,,5,,,,,
2026-08-13,2026-08-16,La Liga 2,Girona FC,Leganés,Vitor Reis,Girona,D,sot,AVOID,0.158,,,,5,,,,,
2026-08-13,2026-08-16,La Liga,Racing Santander,Villarreal,Manu Morlanes,Villarreal,M,cards,AVOID,0.158,,,,5,,,,,
2026-08-13,2026-08-16,La Liga,Celta Vigo,Osasuna,Hugo Mallo,Celta Vigo,D,sot,AVOID,0.158,,,,5,,,,,
2026-08-13,2026-08-16,La Liga,Espanyol,Levante,Joselu,Espanyol,F,sot2,AVOID,0.157,,,,5,,,,,
2026-08-13,2026-08-15,La Liga,Sevilla,Rayo Vallecano,Albert Sambi Lokonga,Sevilla,M,sot,AVOID,0.157,,,,5,,,,,
2026-08-13,2026-08-15,League One,Reading,Luton,Ben Elliott,Reading,M,cards,AVOID,0.157,,,,5,,,,,
2026-08-13,2026-08-15,Bundesliga 2,SpVgg Greuther Fürth,1. FC Nürnberg,Noel Futkeu,SpVgg Greuther Fürth,F,cards,AVOID,0.157,,,,5,,,,,
2026-08-13,2026-08-15,League One,Oxford United,Milton Keynes Dons,Owen Dale,Oxford United,F,assists,AVOID,0.157,,,,5,,,,,
2026-08-13,2026-08-15,Bundesliga 2,SpVgg Greuther Fürth,1. FC Nürnberg,Adam Markhiev,1. FC Nürnberg,M,cards,AVOID,0.157,,,,5,,,,,
2026-08-13,2026-08-16,La Liga,Celta Vigo,Osasuna,Hugo Mallo,Celta Vigo,M,cards,AVOID,0.157,,,,5,,,,,
2026-08-13,2026-08-15,La Liga,Sevilla,Rayo Vallecano,Santi Comesaña,Rayo Vallecano,M,cards,AVOID,0.157,,,,5,,,,,
2026-08-13,2026-08-15,League One,Barnsley,Bromley,Connor Barratt,Barnsley,D,sot,AVOID,0.157,,,,5,,,,,
2026-08-13,2026-08-14,Bundesliga 2,Eintracht Braunschweig,VfL Bochum,Saidy Janko,VfL BOCHUM,D,cards,AVOID,0.157,,,,5,,,,,
2026-08-13,2026-08-16,La Liga 2,Girona FC,Leganés,Viktor Tsygankov,Girona,F,goals,AVOID,0.156,,,,5,,,,,
2026-08-13,2026-08-15,Bundesliga 2,VfL Osnabrück,1. FC Magdeburg,Silas Gnaka,1. FC Magdeburg,M,sot,AVOID,0.156,,,,5,,,,,
2026-08-13,2026-08-16,La Liga,Celta Vigo,Osasuna,Yoel Lago,Celta Vigo,D,cards,AVOID,0.156,,,,5,,,,,
2026-08-13,2026-08-15,League One,Notts County,Leicester,Jannik Vestergaard,Leicester,D,sot,AVOID,0.156,,,,5,,,,,
2026-08-13,2026-08-16,La Liga,Celta Vigo,Osasuna,Jon Moncayola,Osasuna,F,cards,AVOID,0.156,,,,5,,,,,
2026-08-13,2026-08-15,Bundesliga 2,Hertha BSC,1. FC Heidenheim,Ibrahim Maza,Hertha BSC,F,goals,AVOID,0.156,,,,5,,,,,
2026-08-13,2026-08-15,League One,Barnsley,Bromley,Jonathan Bland,Barnsley,D,goals,AVOID,0.156,,,,5,,,,,
2026-08-13,2026-08-14,Championship,Wolves,Blackburn,Yuri Ribeiro,Blackburn,D,goals,AVOID,0.155,,,,5,,,,,
2026-08-13,2026-08-15,Argentina Primera Division,San Lorenzo,Union Santa Fe,Tom Rothe,Union Berlin,D,sot,AVOID,0.155,,,,5,,,,,
2026-08-13,2026-08-15,Austrian Bundesliga,Austria Lustenau,Wolfsberger AC,Cedric Zesiger,VfL Wolfsburg,D,cards,AVOID,0.155,,,,5,,,,,
2026-08-13,2026-08-15,Argentina Primera Division,San Lorenzo,Union Santa Fe,Janik Haberer,Union Berlin,D,cards,AVOID,0.155,,,,5,,,,,
2026-08-13,2026-08-16,La Liga 2,Girona FC,Leganés,Artem Dovbyk,Girona,F,sot2,AVOID,0.155,,,,5,,,,,
2026-08-13,2026-08-15,Argentina Primera Division,San Lorenzo,Union Santa Fe,Tom Alexander Rothe,Union Berlin,D,sot,AVOID,0.155,,,,5,,,,,
2026-08-13,2026-08-15,League One,Burton Albion,Stevenage,Jordan Roberts,Stevenage,F,sot,AVOID,0.155,,,,5,,,,,
2026-08-13,2026-08-14,Bundesliga 2,Holstein Kiel,FC St. Pauli,Philipp Treu,FC St. Pauli,M,cards,AVOID,0.155,,,,5,,,,,
2026-08-13,2026-08-13,Conference League,Qarabag,Dynamo Kyiv,Kofi Jeremy Amoako,Dynamo Dresden,M,sot,AVOID,0.154,,,,5,True,VOID,0.0,DNP,2026-08-14
2026-08-13,2026-08-16,La Liga,Racing Santander,Villarreal,Matteo Gabbia,Villarreal,D,cards,AVOID,0.154,,,,5,,,,,
2026-08-13,2026-08-15,Championship,Middlesbrough,Lincoln City,Morgan Whittaker,Middlesbrough,F,goals,AVOID,0.154,,,,5,,,,,
2026-08-13,2026-08-15,League One,Huddersfield,AFC Wimbledon,Lasse Sørensen,Huddersfield,D,assists,AVOID,0.154,,,,5,,,,,
2026-08-13,2026-08-15,Championship,Middlesbrough,Lincoln,Morgan Whittaker,Middlesbrough,F,goals,AVOID,0.154,,,,5,,,,,
2026-08-13,2026-08-13,Conference League,Flora Tallinn,Inter Club d'Escaldes,Hakan Çalhanoğlu,Inter,M,cards,AVOID,0.153,,,,5,True,VOID,0.0,DNP,2026-08-14
2026-08-13,2026-08-15,La Liga,Sevilla,Rayo Vallecano,Óscar Valentín,Rayo Vallecano,M,cards,AVOID,0.153,,,,5,,,,,
2026-08-13,2026-08-15,League One,Huddersfield,AFC Wimbledon,Brodie Spencer,Huddersfield,M,cards,AVOID,0.153,,,,5,,,,,
2026-08-13,2026-08-15,Austrian Bundesliga,Austria Lustenau,Wolfsberger AC,Alessandro Circati,Australia,D,cards,AVOID,0.153,,,,5,,,,,
2026-08-13,2026-08-15,Bundesliga 2,SpVgg Greuther Fürth,1. FC Nürnberg,Florian Flick,1. FC Nürnberg,M,sot,AVOID,0.153,,,,5,,,,,
2026-08-13,2026-08-15,Austrian Bundesliga,Austria Lustenau,Wolfsberger AC,Nestory Irankunda,Australia,F,goals,AVOID,0.153,,,,5,,,,,
2026-08-13,2026-08-19,USA MLS,Philadelphia Union,Inter Miami CF,Hakan Çalhanoğlu,Inter,M,cards,AVOID,0.153,,,,5,,,,,
2026-08-13,2026-08-15,La Liga,Alaves,Getafe,Martín Satriano,Getafe,F,cards,AVOID,0.153,,,,5,,,,,
2026-08-13,2026-08-16,La Liga,Espanyol,Levante,Walid Cheddira,Espanyol,F,sot2,AVOID,0.153,,,,5,,,,,
2026-08-13,2026-08-15,Bundesliga 2,SpVgg Greuther Fürth,1. FC Nürnberg,Rafael Lubach,1. FC Nürnberg,F,goals,AVOID,0.153,,,,5,,,,,
2026-08-13,2026-08-16,La Liga,Espanyol,Levante,Adrián de la Fuente,Levante,D,sot,AVOID,0.153,,,,5,,,,,
2026-08-13,2026-08-15,League One,Burton Albion,Stevenage,Carl Piergianni,Stevenage,D,cards,AVOID,0.152,,,,5,,,,,
2026-08-13,2026-08-14,Championship,Wolves,Blackburn,Rayan Aït Nouri,Wolves,D,sot,AVOID,0.152,,,,5,,,,,
2026-08-13,2026-08-15,League One,Burton Albion,Stevenage,Matt Phillips,Stevenage,M,cards,AVOID,0.152,,,,5,,,,,
2026-08-13,2026-08-15,Bundesliga 2,Hertha BSC,1. FC Heidenheim,Tim Siersleben,1. FC Heidenheim,D,cards,AVOID,0.152,,,,5,,,,,
2026-08-13,2026-08-14,Championship,Wolves,Blackburn,Mario Lemina,Wolves,D,cards,AVOID,0.152,,,,5,,,,,
2026-08-13,2026-08-16,La Liga 2,Girona FC,Leganés,Joel Roca Casals,Girona,M,goals,AVOID,0.152,,,,5,,,,,
2026-08-13,2026-08-16,La Liga,Racing Santander,Villarreal,Santi Comesaña,Villarreal,M,sot,AVOID,0.152,,,,5,,,,,
2026-08-13,2026-08-14,Bundesliga 2,Eintracht Braunschweig,VfL Bochum,Robin Krausse,Eintracht Braunschweig,M,cards,AVOID,0.152,,,,5,,,,,
2026-08-13,2026-08-15,League One,Oxford United,Milton Keynes Dons,Matt Phillips,Oxford United,D,sot2,AVOID,0.152,,,,5,,,,,
2026-08-13,2026-08-15,Championship,Bristol City,Millwall,Kal Naismith,Bristol City,D,sot,AVOID,0.152,,,,5,,,,,
2026-08-13,2026-08-14,Bundesliga 2,Holstein Kiel,FC St. Pauli,David Zec,Holstein Kiel,D,sot,AVOID,0.152,,,,5,,,,,
2026-08-13,2026-08-15,Championship,Bolton,Preston,Ibrahim Cissoko,Bolton,F,goals,AVOID,0.152,,,,5,,,,,
2026-08-13,2026-08-16,La Liga 2,Girona FC,Leganés,Arthur,Girona,M,sot,AVOID,0.152,,,,5,,,,,
2026-08-13,2026-08-15,League One,Plymouth Argyle,Stockport County FC,Darko Gyabi,Plymouth,M,cards,AVOID,0.151,,,,5,,,,,
2026-08-13,2026-08-15,League One,Plymouth Argyle,Stockport County FC,Morgan Whittaker,Plymouth,F,goals,AVOID,0.151,,,,5,,,,,
2026-08-13,2026-08-16,La Liga 2,Girona FC,Leganés,Seydouba Cisse,Leganes,F,goals,AVOID,0.151,,,,5,,,,,
2026-08-13,2026-08-15,Austrian Bundesliga,Austria Lustenau,Wolfsberger AC,Maxence Lacroix,VfL Wolfsburg,D,cards,AVOID,0.151,,,,5,,,,,
2026-08-13,2026-08-15,Championship,Bristol City,Millwall,Tom Bradshaw,Millwall,F,sot,AVOID,0.151,,,,5,,,,,
2026-08-13,2026-08-15,Bundesliga 2,Hertha BSC,1. FC Heidenheim,Michaël Cuisance,Hertha BSC,F,cards,AVOID,0.151,,,,5,,,,,
2026-08-13,2026-08-14,Bundesliga 2,Eintracht Braunschweig,VfL Bochum,Jannis Nikolaou,Eintracht Braunschweig,D,cards,AVOID,0.151,,,,5,,,,,
2026-08-13,2026-08-15,La Liga,Sevilla,Rayo Vallecano,Kike Salas,Sevilla,D,sot,AVOID,0.151,2.88,-0.5651,-0.539,5,,,,,
2026-08-13,2026-08-15,Austrian Bundesliga,Austria Lustenau,Wolfsberger AC,Bartol Franjić,VfL Wolfsburg,M,cards,AVOID,0.151,,,,5,,,,,
2026-08-13,2026-08-15,League One,Reading,Luton,Emilio Lawrence,Luton,M,sot,AVOID,0.151,,,,5,,,,,
2026-08-13,2026-08-15,Championship,Bolton,Preston,Brad Potts,Preston,D,cards,AVOID,0.151,,,,5,,,,,
2026-08-13,2026-08-15,Bundesliga 2,SpVgg Greuther Fürth,1. FC Nürnberg,Branimir Hrgota,SpVgg Greuther Fürth,F,cards,AVOID,0.15,,,,5,,,,,
2026-08-13,2026-08-15,Championship,Middlesbrough,Lincoln,Paudie O’Connor,Lincoln,D,cards,AVOID,0.15,,,,5,,,,,
2026-08-13,2026-08-16,La Liga,Espanyol,Levante,César Montes,Espanyol,D,cards,AVOID,0.15,,,,5,,,,,
2026-08-13,2026-08-14,Championship,Wolves,Blackburn,Yerson Mosquera,Wolves,D,sot,AVOID,0.15,,,,5,,,,,
2026-08-13,2026-08-14,Bundesliga 2,Holstein Kiel,FC St. Pauli,Nicolai Remberg,Holstein Kiel,M,sot,AVOID,0.15,,,,5,,,,,
2026-08-13,2026-08-15,La Liga,Sevilla,Rayo Vallecano,Hannibal Mejbri,Sevilla,M,cards,AVOID,0.15,,,,5,,,,,
2026-08-13,2026-08-15,La Liga,Alaves,Getafe,Nahuel Tenaglia,Alaves,D,sot,AVOID,0.15,,,,5,,,,,
2026-08-13,2026-08-15,Bundesliga 2,VfL Osnabrück,1. FC Magdeburg,Falko Michel,1. FC Magdeburg,M,sot,AVOID,0.15,,,,5,,,,,
2026-08-13,2026-08-13,Europa League,Universitatea Craiova,KuPS,Jaakko Oksanen,KuPS,D,assists,AVOID,0.15,,,,5,True,VOID,0.0,DNP,2026-08-14
2026-08-13,2026-08-15,La Liga,Alaves,Getafe,Álvaro Rodriguez,Getafe,F,cards,AVOID,0.169,,,,5,,,,,
2026-08-13,2026-08-13,Europa League,Egnatia Rrogozhinë,Shamrock Rovers,Joshua Honohan,Shamrock Rovers,D,assists,AVOID,0.232,,,,5,True,VOID,0.0,DNP,2026-08-14
2026-08-13,2026-08-13,Europa League,Egnatia Rrogozhinë,Shamrock Rovers,Adam Brennan,Shamrock Rovers,D,sot,AVOID,0.175,,,,5,True,VOID,0.0,DNP,2026-08-14
2026-08-13,2026-08-13,Europa League,Egnatia Rrogozhinë,Shamrock Rovers,Joshua Honohan,Shamrock Rovers,D,sot,AVOID,0.156,,,,5,True,VOID,0.0,DNP,2026-08-14
2026-08-13,2026-08-13,Europa League,Egnatia Rrogozhinë,Shamrock Rovers,Adam Brennan,Shamrock Rovers,D,assists,AVOID,0.154,,,,5,True,VOID,0.0,DNP,2026-08-14
2026-08-13,2026-08-13,Europa League,Egnatia Rrogozhinë,Shamrock Rovers,Daniel Grant,Shamrock Rovers,D,sot,AVOID,0.152,,,,5,True,VOID,0.0,DNP,2026-08-14
2026-08-14,2026-08-18,Champions League,Fenerbahçe,Lyon,Alexandre Lacazette,Lyon,F,sot,AVOID,0.668,,,,5,,,,,
2026-08-14,2026-08-18,Champions League,Fenerbahçe,Lyon,Corentin Tolisso,Lyon,D,sot,AVOID,0.612,,,,5,,,,,
2026-08-14,2026-08-18,Champions League,Fenerbahçe,Lyon,Afonso Moreira,Lyon,F,sot,AVOID,0.6,,,,5,,,,,
2026-08-14,2026-08-17,La Liga,Deportivo La Coruna,Elche,Tete Morente,Elche,D,sot,AVOID,0.525,,,,5,,,,,
2026-08-14,2026-08-18,Champions League,Fenerbahçe,Lyon,Abner Vinícius,Lyon,D,sot,AVOID,0.502,,,,5,,,,,
2026-08-14,2026-08-18,Champions League,Fenerbahçe,Lyon,Georges Mikautadze,Lyon,F,sot,AVOID,0.493,,,,5,,,,,
2026-08-14,2026-08-18,Champions League,Fenerbahçe,Lyon,Sael Kumbedi,Lyon,D,sot,AVOID,0.487,,,,5,,,,,
2026-08-14,2026-08-17,La Liga,Deportivo La Coruna,Elche,Álvaro Rodriguez,Elche,F,sot,AVOID,0.464,,,,5,,,,,
2026-08-14,2026-08-17,La Liga,Deportivo La Coruna,Elche,Germán Valera,Elche,F,sot,AVOID,0.449,,,,5,,,,,
2026-08-14,2026-08-17,La Liga,Deportivo La Coruna,Elche,André Silva,Elche,F,sot,AVOID,0.448,,,,5,,,,,
2026-08-14,2026-08-18,Champions League,Fenerbahçe,Lyon,Roman Yaremchuk,Lyon,F,sot,AVOID,0.447,,,,5,,,,,
2026-08-14,2026-08-17,La Liga,Deportivo La Coruna,Elche,Fidel,Elche,F,sot,AVOID,0.437,,,,5,,,,,
2026-08-14,2026-08-17,La Liga,Deportivo La Coruna,Elche,Rafa Mir,Elche,F,sot,AVOID,0.4,,,,5,,,,,
2026-08-14,2026-08-18,Champions League,Fenerbahçe,Lyon,Karl Toko Ekambi,Lyon,F,sot,AVOID,0.387,,,,5,,,,,
2026-08-14,2026-08-18,Champions League,Fenerbahçe,Lyon,Corentin Tolisso,Lyon,D,goals,AVOID,0.385,,,,5,,,,,
2026-08-14,2026-08-17,La Liga,Deportivo La Coruna,Elche,Gonzalo Villar,Elche,F,sot,AVOID,0.374,,,,5,,,,,
2026-08-14,2026-08-17,La Liga,Deportivo La Coruna,Elche,Lucas Boyé,Elche,F,sot,AVOID,0.357,1.51,-0.4609,-0.4286,5,,,,,
2026-08-14,2026-08-17,La Liga,Deportivo La Coruna,Elche,Tete Morente,Elche,D,goals,AVOID,0.339,,,,5,,,,,
2026-08-14,2026-08-18,Champions League,Fenerbahçe,Lyon,Gift Orban,Lyon,F,sot,AVOID,0.331,,,,5,,,,,
2026-08-14,2026-08-18,Champions League,Fenerbahçe,Lyon,Alexandre Lacazette,Lyon,F,goals,AVOID,0.318,,,,5,,,,,
2026-08-14,2026-08-18,Champions League,Fenerbahçe,Lyon,Abner Vinícius,Lyon,D,goals,AVOID,0.284,,,,5,,,,,
2026-08-14,2026-08-18,Champions League,Fenerbahçe,Lyon,Romain Faivre,Lyon,M,sot,AVOID,0.254,,,,5,,,,,
2026-08-14,2026-08-18,Champions League,Fenerbahçe,Lyon,Malick Fofana,Lyon,F,sot,AVOID,0.248,,,,5,,,,,
2026-08-14,2026-08-18,Champions League,Fenerbahçe,Lyon,Pavel Šulc,Lyon,F,sot,AVOID,0.238,,,,5,,,,,
2026-08-14,2026-08-18,Champions League,Fenerbahçe,Lyon,Afonso Moreira,Lyon,F,goals,AVOID,0.225,,,,5,,,,,
2026-08-14,2026-08-17,La Liga,Deportivo La Coruna,Elche,Fidel,Elche,F,goals,AVOID,0.223,,,,5,,,,,
2026-08-14,2026-08-18,Champions League,Fenerbahçe,Lyon,Georges Mikautadze,Lyon,F,goals,AVOID,0.223,,,,5,,,,,
2026-08-14,2026-08-18,Champions League,Fenerbahçe,Lyon,Sael Kumbedi,Lyon,D,goals,AVOID,0.213,,,,5,,,,,
2026-08-14,2026-08-17,La Liga,Deportivo La Coruna,Elche,Gerard Gumbau,Elche,M,sot,AVOID,0.211,,,,5,,,,,
2026-08-14,2026-08-18,Champions League,Fenerbahçe,Lyon,Afonso Moreira,Lyon,F,cards,AVOID,0.201,,,,5,,,,,
2026-08-14,2026-08-17,La Liga,Deportivo La Coruna,Elche,Gonzalo Villar,Elche,F,goals,AVOID,0.196,,,,5,,,,,
2026-08-14,2026-08-17,La Liga,Deportivo La Coruna,Elche,Germán Valera,Elche,F,goals,AVOID,0.187,,,,5,,,,,
2026-08-14,2026-08-18,Champions League,Fenerbahçe,Lyon,Corentin Tolisso,Lyon,F,cards,AVOID,0.18,,,,5,,,,,
2026-08-14,2026-08-17,La Liga,Deportivo La Coruna,Elche,Álvaro Rodriguez,Elche,F,goals,AVOID,0.169,,,,5,,,,,
2026-08-14,2026-08-17,La Liga,Deportivo La Coruna,Elche,Pedro Bigas,Elche,D,cards,AVOID,0.16,,,,5,,,,,
2026-08-14,2026-08-17,La Liga,Deportivo La Coruna,Elche,Aleix Febas,Elche,M,cards,AVOID,0.16,,,,5,,,,,
2026-08-14,2026-08-18,Champions League,Fenerbahçe,Lyon,Sinaly Diomandé,Lyon,D,cards,AVOID,0.16,,,,5,,,,,
2026-08-14,2026-08-18,Champions League,Fenerbahçe,Lyon,Corentin Tolisso,Lyon,D,sot2,AVOID,0.159,,,,5,,,,,
2026-08-14,2026-08-17,La Liga,Deportivo La Coruna,Elche,Omar Mascarell,Elche,M,cards,AVOID,0.155,,,,5,,,,,
2026-08-14,2026-08-18,Champions League,Fenerbahçe,Lyon,Tyler Morton,Lyon,M,sot,AVOID,0.154,,,,5,,,,,
2026-08-14,2026-08-18,Champions League,Fenerbahçe,Lyon,Alexandre Lacazette,Lyon,F,sot2,AVOID,0.152,,,,5,,,,,
2026-08-14,2026-08-17,La Liga,Deportivo La Coruna,Elche,Gonzalo Villar,Elche,F,cards,AVOID,0.151,,,,5,,,,,
