snapshot_date,snapshot_ts,match_date,league,match,player,market,odds
2026-06-28,2026-06-28T16:13:59Z,2026-06-28,World Cup,South Africa vs Canada,jayden nelson,goals,4.0
2026-06-28,2026-06-28T16:13:59Z,2026-06-28,World Cup,South Africa vs Canada,jonathan osorio,goals,4.33
2026-06-28,2026-06-28T16:13:59Z,2026-06-28,World Cup,South Africa vs Canada,kamogelo sebelebele,goals,9.5
2026-06-28,2026-06-28T16:13:59Z,2026-06-28,World Cup,South Africa vs Canada,niko kristian sigur,goals,9.5
2026-06-28,2026-06-28T16:13:59Z,2026-06-28,World Cup,South Africa vs Canada,alfie jones,goals,10.0
2026-06-28,2026-06-28T16:13:59Z,2026-06-28,World Cup,South Africa vs Canada,tholo thabang matuludi,goals,11.0
2026-06-28,2026-06-28T16:13:59Z,2026-06-28,World Cup,South Africa vs Canada,joel waterman,goals,13.0
2026-06-28,2026-06-28T16:13:59Z,2026-06-28,World Cup,South Africa vs Canada,samukelo kabini,goals,21.0
2026-06-28,2026-06-28T16:13:59Z,2026-06-28,World Cup,South Africa vs Canada,bradley cross,goals,21.0
2026-06-28,2026-06-28T16:13:59Z,2026-06-28,World Cup,South Africa vs Canada,khulumani ndamane,goals,34.0
2026-06-28,2026-06-28T16:13:59Z,2026-06-28,World Cup,South Africa vs Canada,jonathan osorio,sot,2.6
2026-06-28,2026-06-28T16:13:59Z,2026-06-28,World Cup,South Africa vs Canada,cyle larin,sot,1.45
2026-06-28,2026-06-28T16:13:59Z,2026-06-28,World Cup,South Africa vs Canada,alfie jones,sot,4.8
2026-06-28,2026-06-28T16:13:59Z,2026-06-28,World Cup,South Africa vs Canada,mathieu choiniere,sot,3.1
2026-06-28,2026-06-28T16:13:59Z,2026-06-28,World Cup,South Africa vs Canada,jacob shaffelburg,sot,1.95
2026-06-28,2026-06-28T16:13:59Z,2026-06-28,World Cup,South Africa vs Canada,alphonso davies,sot,1.76
2026-06-28,2026-06-28T16:13:59Z,2026-06-28,World Cup,South Africa vs Canada,lyle foster,sot,2.0
2026-06-28,2026-06-28T16:13:59Z,2026-06-28,World Cup,South Africa vs Canada,joel waterman,sot,5.0
2026-06-28,2026-06-28T16:13:59Z,2026-06-28,World Cup,South Africa vs Canada,jayden nelson,sot,1.91
2026-06-28,2026-06-28T16:13:59Z,2026-06-28,World Cup,South Africa vs Canada,nkosinathi sibisi,sot,6.0
2026-06-28,2026-06-28T16:13:59Z,2026-06-28,World Cup,South Africa vs Canada,ali ahmed,sot,2.6
2026-06-28,2026-06-28T16:13:59Z,2026-06-28,World Cup,South Africa vs Canada,niko kristian sigur,sot,4.2
2026-06-28,2026-06-28T16:13:59Z,2026-06-28,World Cup,South Africa vs Canada,olwethu makhanya,sot,7.5
2026-06-28,2026-06-28T16:13:59Z,2026-06-28,World Cup,South Africa vs Canada,luc de fougerolles,sot,6.0
2026-06-28,2026-06-28T16:13:59Z,2026-06-28,World Cup,South Africa vs Canada,bradley cross,sot,7.0
2026-06-28,2026-06-28T16:13:59Z,2026-06-28,World Cup,South Africa vs Canada,jayden adams,sot,5.0
2026-06-28,2026-06-28T16:13:59Z,2026-06-28,World Cup,South Africa vs Canada,iqraam rayners,sot,2.0
2026-06-28,2026-06-28T16:13:59Z,2026-06-28,World Cup,South Africa vs Canada,promise oluwatobi emmanuel david,sot,1.36
2026-06-28,2026-06-28T16:13:59Z,2026-06-28,World Cup,South Africa vs Canada,thalente mbatha,sot,3.75
2026-06-28,2026-06-28T16:13:59Z,2026-06-28,World Cup,South Africa vs Canada,kamogelo sebelebele,sot,2.8
2026-06-28,2026-06-28T16:13:59Z,2026-06-28,World Cup,South Africa vs Canada,khulumani ndamane,sot,9.0
2026-06-28,2026-06-28T16:13:59Z,2026-06-28,World Cup,South Africa vs Canada,tholo thabang matuludi,sot,7.0
2026-06-28,2026-06-28T16:13:59Z,2026-06-28,World Cup,South Africa vs Canada,tshepang moremi,sot,2.6
2026-06-28,2026-06-28T16:13:59Z,2026-06-28,World Cup,South Africa vs Canada,samukelo kabini,sot,6.5
2026-06-28,2026-06-28T16:13:59Z,2026-06-28,World Cup,South Africa vs Canada,jonathan osorio,sot2,9.0
2026-06-28,2026-06-28T16:13:59Z,2026-06-28,World Cup,South Africa vs Canada,cyle larin,sot2,3.0
2026-06-28,2026-06-28T16:13:59Z,2026-06-28,World Cup,South Africa vs Canada,mathieu choiniere,sot2,13.0
2026-06-28,2026-06-28T16:13:59Z,2026-06-28,World Cup,South Africa vs Canada,jacob shaffelburg,sot2,6.0
2026-06-28,2026-06-28T16:13:59Z,2026-06-28,World Cup,South Africa vs Canada,alphonso davies,sot2,4.9
2026-06-28,2026-06-28T16:13:59Z,2026-06-28,World Cup,South Africa vs Canada,lyle foster,sot2,5.0
2026-06-28,2026-06-28T16:13:59Z,2026-06-28,World Cup,South Africa vs Canada,jayden nelson,sot2,4.7
2026-06-28,2026-06-28T16:13:59Z,2026-06-28,World Cup,South Africa vs Canada,ali ahmed,sot2,5.75
2026-06-28,2026-06-28T16:13:59Z,2026-06-28,World Cup,South Africa vs Canada,niko kristian sigur,sot2,29.0
2026-06-28,2026-06-28T16:13:59Z,2026-06-28,World Cup,South Africa vs Canada,jayden adams,sot2,23.0
2026-06-28,2026-06-28T16:13:59Z,2026-06-28,World Cup,South Africa vs Canada,iqraam rayners,sot2,5.0
2026-06-28,2026-06-28T16:13:59Z,2026-06-28,World Cup,South Africa vs Canada,promise oluwatobi emmanuel david,sot2,2.65
2026-06-28,2026-06-28T16:13:59Z,2026-06-28,World Cup,South Africa vs Canada,thalente mbatha,sot2,23.0
2026-06-28,2026-06-28T16:13:59Z,2026-06-28,World Cup,South Africa vs Canada,kamogelo sebelebele,sot2,7.5
2026-06-28,2026-06-28T16:13:59Z,2026-06-28,World Cup,South Africa vs Canada,tshepang moremi,sot2,8.0
2026-06-28,2026-06-28T16:13:59Z,2026-06-28,World Cup,South Africa vs Canada,cyle larin,sot3,6.5
2026-06-28,2026-06-28T16:13:59Z,2026-06-28,World Cup,South Africa vs Canada,jacob shaffelburg,sot3,26.0
2026-06-28,2026-06-28T16:13:59Z,2026-06-28,World Cup,South Africa vs Canada,alphonso davies,sot3,18.0
2026-06-28,2026-06-28T16:13:59Z,2026-06-28,World Cup,South Africa vs Canada,lyle foster,sot3,18.0
2026-06-28,2026-06-28T16:13:59Z,2026-06-28,World Cup,South Africa vs Canada,jayden nelson,sot3,16.0
2026-06-28,2026-06-28T16:13:59Z,2026-06-28,World Cup,South Africa vs Canada,ali ahmed,sot3,23.0
2026-06-28,2026-06-28T16:13:59Z,2026-06-28,World Cup,South Africa vs Canada,iqraam rayners,sot3,18.0
2026-06-28,2026-06-28T16:13:59Z,2026-06-28,World Cup,South Africa vs Canada,promise oluwatobi emmanuel david,sot3,6.5
2026-06-28,2026-06-28T18:25:06Z,2026-06-28,World Cup,South Africa vs Canada,jonathan david,goals,2.68
2026-06-28,2026-06-28T18:25:06Z,2026-06-28,World Cup,South Africa vs Canada,promise oluwatobi emmanuel david,goals,2.9
2026-06-28,2026-06-28T18:25:06Z,2026-06-28,World Cup,South Africa vs Canada,cyle larin,goals,3.2
2026-06-28,2026-06-28T18:25:06Z,2026-06-28,World Cup,South Africa vs Canada,tani oluwaseyi,goals,3.25
2026-06-28,2026-06-28T18:25:06Z,2026-06-28,World Cup,South Africa vs Canada,jacob shaffelburg,goals,4.75
2026-06-28,2026-06-28T18:25:06Z,2026-06-28,World Cup,South Africa vs Canada,tajon buchanan,goals,5.0
2026-06-28,2026-06-28T18:25:06Z,2026-06-28,World Cup,South Africa vs Canada,evidence makgopa,goals,6.0
2026-06-28,2026-06-28T18:25:06Z,2026-06-28,World Cup,South Africa vs Canada,alphonso davies,goals,5.5
2026-06-28,2026-06-28T18:25:06Z,2026-06-28,World Cup,South Africa vs Canada,lyle foster,goals,5.0
2026-06-28,2026-06-28T18:25:06Z,2026-06-28,World Cup,South Africa vs Canada,iqraam rayners,goals,5.0
2026-06-28,2026-06-28T18:25:06Z,2026-06-28,World Cup,South Africa vs Canada,liam millar,goals,5.3
2026-06-28,2026-06-28T18:25:06Z,2026-06-28,World Cup,South Africa vs Canada,ali ahmed,goals,5.5
2026-06-28,2026-06-28T18:25:06Z,2026-06-28,World Cup,South Africa vs Canada,oswin appollis,goals,7.97
2026-06-28,2026-06-28T18:25:06Z,2026-06-28,World Cup,South Africa vs Canada,mathieu choiniere,goals,8.5
2026-06-28,2026-06-28T18:25:06Z,2026-06-28,World Cup,South Africa vs Canada,tshepang moremi,goals,7.5
2026-06-28,2026-06-28T18:25:06Z,2026-06-28,World Cup,South Africa vs Canada,teboho mokoena,goals,8.0
2026-06-28,2026-06-28T18:25:06Z,2026-06-28,World Cup,South Africa vs Canada,nathan-dylan saliba,goals,7.6
2026-06-28,2026-06-28T18:25:06Z,2026-06-28,World Cup,South Africa vs Canada,relebohile mofokeng,goals,8.0
2026-06-28,2026-06-28T18:25:06Z,2026-06-28,World Cup,South Africa vs Canada,thapelo maseko,goals,8.43
2026-06-28,2026-06-28T18:25:06Z,2026-06-28,World Cup,South Africa vs Canada,stephen eustaquio,goals,9.8
2026-06-28,2026-06-28T18:25:06Z,2026-06-28,World Cup,South Africa vs Canada,richie laryea,goals,11.5
2026-06-28,2026-06-28T18:25:06Z,2026-06-28,World Cup,South Africa vs Canada,alistair johnston,goals,13.0
2026-06-28,2026-06-28T18:25:06Z,2026-06-28,World Cup,South Africa vs Canada,sphephelo sithole,goals,17.0
2026-06-28,2026-06-28T18:25:06Z,2026-06-28,World Cup,South Africa vs Canada,derek cornelius,goals,13.0
2026-06-28,2026-06-28T18:25:06Z,2026-06-28,World Cup,South Africa vs Canada,moise bombito,goals,13.0
2026-06-28,2026-06-28T18:25:06Z,2026-06-28,World Cup,South Africa vs Canada,aubrey modiba,goals,16.0
2026-06-28,2026-06-28T18:25:06Z,2026-06-28,World Cup,South Africa vs Canada,luc de fougerolles,goals,15.0
2026-06-28,2026-06-28T18:25:06Z,2026-06-28,World Cup,South Africa vs Canada,jayden adams,goals,15.0
2026-06-28,2026-06-28T18:25:06Z,2026-06-28,World Cup,South Africa vs Canada,thalente mbatha,goals,15.0
2026-06-28,2026-06-28T18:25:06Z,2026-06-28,World Cup,South Africa vs Canada,nkosinathi sibisi,goals,21.0
2026-06-28,2026-06-28T18:25:06Z,2026-06-28,World Cup,South Africa vs Canada,olwethu makhanya,goals,21.0
2026-06-28,2026-06-28T18:25:06Z,2026-06-28,World Cup,South Africa vs Canada,khuliso mudau,goals,20.0
2026-06-28,2026-06-28T18:25:06Z,2026-06-28,World Cup,South Africa vs Canada,ime okon,goals,20.0
2026-06-28,2026-06-28T18:25:06Z,2026-06-28,World Cup,South Africa vs Canada,mbekezeli mbokazi,goals,20.0
2026-06-28,2026-06-28T18:25:06Z,2026-06-28,World Cup,South Africa vs Canada,richie laryea,sot,3.4
2026-06-28,2026-06-28T18:25:06Z,2026-06-28,World Cup,South Africa vs Canada,aubrey modiba,sot,5.25
2026-06-28,2026-06-28T18:25:06Z,2026-06-28,World Cup,South Africa vs Canada,stephen eustaquio,sot,3.55
2026-06-28,2026-06-28T18:25:06Z,2026-06-28,World Cup,South Africa vs Canada,jonathan david,sot,1.35
2026-06-28,2026-06-28T18:25:06Z,2026-06-28,World Cup,South Africa vs Canada,liam millar,sot,1.91
2026-06-28,2026-06-28T18:25:06Z,2026-06-28,World Cup,South Africa vs Canada,derek cornelius,sot,4.4
2026-06-28,2026-06-28T18:25:06Z,2026-06-28,World Cup,South Africa vs Canada,tajon buchanan,sot,2.0
2026-06-28,2026-06-28T18:25:06Z,2026-06-28,World Cup,South Africa vs Canada,alistair johnston,sot,4.2
2026-06-28,2026-06-28T18:25:06Z,2026-06-28,World Cup,South Africa vs Canada,nathan-dylan saliba,sot,3.5
2026-06-28,2026-06-28T18:25:06Z,2026-06-28,World Cup,South Africa vs Canada,teboho mokoena,sot,2.6
2026-06-28,2026-06-28T18:25:06Z,2026-06-28,World Cup,South Africa vs Canada,evidence makgopa,sot,2.45
2026-06-28,2026-06-28T18:25:06Z,2026-06-28,World Cup,South Africa vs Canada,tani oluwaseyi,sot,1.4
2026-06-28,2026-06-28T18:25:06Z,2026-06-28,World Cup,South Africa vs Canada,moise bombito,sot,5.5
2026-06-28,2026-06-28T18:25:06Z,2026-06-28,World Cup,South Africa vs Canada,oswin appollis,sot,2.15
2026-06-28,2026-06-28T18:25:06Z,2026-06-28,World Cup,South Africa vs Canada,thapelo maseko,sot,2.2
2026-06-28,2026-06-28T18:25:06Z,2026-06-28,World Cup,South Africa vs Canada,sphephelo sithole,sot,4.3
2026-06-28,2026-06-28T18:25:06Z,2026-06-28,World Cup,South Africa vs Canada,relebohile mofokeng,sot,2.75
2026-06-28,2026-06-28T18:25:06Z,2026-06-28,World Cup,South Africa vs Canada,ime okon,sot,8.5
2026-06-28,2026-06-28T18:25:06Z,2026-06-28,World Cup,South Africa vs Canada,mbekezeli mbokazi,sot,4.7
2026-06-28,2026-06-28T18:25:06Z,2026-06-28,World Cup,South Africa vs Canada,khuliso mudau,sot,9.5
2026-06-28,2026-06-28T18:25:06Z,2026-06-28,World Cup,South Africa vs Canada,richie laryea,sot2,18.0
2026-06-28,2026-06-28T18:25:06Z,2026-06-28,World Cup,South Africa vs Canada,stephen eustaquio,sot2,16.0
2026-06-28,2026-06-28T18:25:06Z,2026-06-28,World Cup,South Africa vs Canada,jonathan david,sot2,2.35
2026-06-28,2026-06-28T18:25:06Z,2026-06-28,World Cup,South Africa vs Canada,liam millar,sot2,5.0
2026-06-28,2026-06-28T18:25:06Z,2026-06-28,World Cup,South Africa vs Canada,derek cornelius,sot2,31.0
2026-06-28,2026-06-28T18:25:06Z,2026-06-28,World Cup,South Africa vs Canada,tajon buchanan,sot2,4.8
2026-06-28,2026-06-28T18:25:06Z,2026-06-28,World Cup,South Africa vs Canada,alistair johnston,sot2,29.0
2026-06-28,2026-06-28T18:25:06Z,2026-06-28,World Cup,South Africa vs Canada,nathan-dylan saliba,sot2,8.5
2026-06-28,2026-06-28T18:25:06Z,2026-06-28,World Cup,South Africa vs Canada,teboho mokoena,sot2,11.0
2026-06-28,2026-06-28T18:25:06Z,2026-06-28,World Cup,South Africa vs Canada,evidence makgopa,sot2,6.0
2026-06-28,2026-06-28T18:25:06Z,2026-06-28,World Cup,South Africa vs Canada,tani oluwaseyi,sot2,2.6
2026-06-28,2026-06-28T18:25:06Z,2026-06-28,World Cup,South Africa vs Canada,oswin appollis,sot2,6.0
2026-06-28,2026-06-28T18:25:06Z,2026-06-28,World Cup,South Africa vs Canada,thapelo maseko,sot2,7.5
2026-06-28,2026-06-28T18:25:06Z,2026-06-28,World Cup,South Africa vs Canada,sphephelo sithole,sot2,31.0
2026-06-28,2026-06-28T18:25:06Z,2026-06-28,World Cup,South Africa vs Canada,relebohile mofokeng,sot2,10.0
2026-06-28,2026-06-28T18:25:06Z,2026-06-28,World Cup,South Africa vs Canada,jonathan david,sot3,6.5
2026-06-28,2026-06-28T18:25:06Z,2026-06-28,World Cup,South Africa vs Canada,liam millar,sot3,18.0
2026-06-28,2026-06-28T18:25:06Z,2026-06-28,World Cup,South Africa vs Canada,tajon buchanan,sot3,17.0
2026-06-28,2026-06-28T18:25:06Z,2026-06-28,World Cup,South Africa vs Canada,evidence makgopa,sot3,26.0
2026-06-28,2026-06-28T18:25:06Z,2026-06-28,World Cup,South Africa vs Canada,tani oluwaseyi,sot3,6.5
2026-06-28,2026-06-28T18:25:06Z,2026-06-28,World Cup,South Africa vs Canada,oswin appollis,sot3,26.0
2026-06-28,2026-06-28T18:25:06Z,2026-06-28,World Cup,South Africa vs Canada,sphephelo sithole,cards,2.75
2026-06-28,2026-06-28T18:25:06Z,2026-06-28,World Cup,South Africa vs Canada,olwethu makhanya,cards,3.05
2026-06-28,2026-06-28T18:25:06Z,2026-06-28,World Cup,South Africa vs Canada,teboho mokoena,cards,2.99
2026-06-28,2026-06-28T18:25:06Z,2026-06-28,World Cup,South Africa vs Canada,derek cornelius,cards,3.8
2026-06-28,2026-06-28T18:25:06Z,2026-06-28,World Cup,South Africa vs Canada,khuliso mudau,cards,3.75
2026-06-28,2026-06-28T18:25:06Z,2026-06-28,World Cup,South Africa vs Canada,thalente mbatha,cards,4.0
2026-06-28,2026-06-28T18:25:06Z,2026-06-28,World Cup,South Africa vs Canada,jayden adams,cards,4.2
2026-06-28,2026-06-28T18:25:06Z,2026-06-28,World Cup,South Africa vs Canada,nkosinathi sibisi,cards,4.2
2026-06-28,2026-06-28T18:25:06Z,2026-06-28,World Cup,South Africa vs Canada,aubrey modiba,cards,3.5
2026-06-28,2026-06-28T18:25:06Z,2026-06-28,World Cup,South Africa vs Canada,mbekezeli mbokazi,cards,4.3
2026-06-28,2026-06-28T18:25:06Z,2026-06-28,World Cup,South Africa vs Canada,liam millar,cards,4.3
2026-06-28,2026-06-28T18:25:06Z,2026-06-28,World Cup,South Africa vs Canada,iqraam rayners,cards,4.3
2026-06-28,2026-06-28T18:25:06Z,2026-06-28,World Cup,South Africa vs Canada,tajon buchanan,cards,4.7
2026-06-28,2026-06-28T18:25:06Z,2026-06-28,World Cup,South Africa vs Canada,richie laryea,cards,4.6
2026-06-28,2026-06-28T18:25:06Z,2026-06-28,World Cup,South Africa vs Canada,ime okon,cards,4.3
2026-06-28,2026-06-28T18:25:06Z,2026-06-28,World Cup,South Africa vs Canada,ali ahmed,cards,5.0
2026-06-28,2026-06-28T18:25:06Z,2026-06-28,World Cup,South Africa vs Canada,mathieu choiniere,cards,5.5
2026-06-28,2026-06-28T18:25:06Z,2026-06-28,World Cup,South Africa vs Canada,moise bombito,cards,5.0
2026-06-28,2026-06-28T18:25:06Z,2026-06-28,World Cup,South Africa vs Canada,nathan-dylan saliba,cards,5.25
2026-06-28,2026-06-28T18:25:06Z,2026-06-28,World Cup,South Africa vs Canada,luc de fougerolles,cards,5.25
2026-06-28,2026-06-28T18:25:06Z,2026-06-28,World Cup,South Africa vs Canada,thapelo maseko,cards,5.25
2026-06-28,2026-06-28T18:25:06Z,2026-06-28,World Cup,South Africa vs Canada,jacob shaffelburg,cards,5.5
2026-06-28,2026-06-28T18:25:06Z,2026-06-28,World Cup,South Africa vs Canada,cyle larin,cards,5.5
2026-06-28,2026-06-28T18:25:06Z,2026-06-28,World Cup,South Africa vs Canada,alphonso davies,cards,5.5
2026-06-28,2026-06-28T18:25:06Z,2026-06-28,World Cup,South Africa vs Canada,lyle foster,cards,5.0
2026-06-28,2026-06-28T18:25:06Z,2026-06-28,World Cup,South Africa vs Canada,oswin appollis,cards,5.5
2026-06-28,2026-06-28T18:25:06Z,2026-06-28,World Cup,South Africa vs Canada,alistair johnston,cards,6.5
2026-06-28,2026-06-28T18:25:06Z,2026-06-28,World Cup,South Africa vs Canada,promise oluwatobi emmanuel david,cards,6.5
2026-06-28,2026-06-28T18:25:06Z,2026-06-28,World Cup,South Africa vs Canada,evidence makgopa,cards,6.5
2026-06-28,2026-06-28T18:25:06Z,2026-06-28,World Cup,South Africa vs Canada,tshepang moremi,cards,6.5
2026-06-28,2026-06-28T18:25:06Z,2026-06-28,World Cup,South Africa vs Canada,relebohile mofokeng,cards,6.5
2026-06-28,2026-06-28T18:25:06Z,2026-06-28,World Cup,South Africa vs Canada,jonathan david,cards,8.0
2026-06-28,2026-06-28T18:25:06Z,2026-06-29,World Cup,Brazil vs Japan,magalhaes gabriel,sot2,14.0
2026-06-28,2026-06-28T18:25:06Z,2026-06-29,World Cup,Brazil vs Japan,takehiro tomiyasu,sot2,26.0
2026-06-28,2026-06-28T18:25:06Z,2026-06-29,World Cup,Brazil vs Japan,hiroki ito,sot2,26.0
2026-06-28,2026-06-28T18:25:06Z,2026-06-29,World Cup,Brazil vs Japan,keito nakamura,sot3,15.0
2026-06-28,2026-06-28T18:25:06Z,2026-06-29,World Cup,Germany vs Paraguay,gustavo gomez,sot2,23.0
2026-06-28,2026-06-28T18:25:06Z,2026-06-29,World Cup,Germany vs Paraguay,antonio sanabria,sot3,26.0
2026-06-28,2026-06-28T18:25:06Z,2026-06-29,World Cup,Germany vs Paraguay,gabriel avalos,sot3,21.0
2026-06-28,2026-06-28T18:25:06Z,2026-06-29,World Cup,Germany vs Paraguay,alex adrian arce barrios,sot3,20.0
2026-06-28,2026-06-28T22:05:45Z,2026-06-30,World Cup,Netherlands vs Morocco,anass salah-eddine,sot2,23.0
2026-06-28,2026-06-28T22:05:45Z,2026-06-30,World Cup,Netherlands vs Morocco,ayyoub bouaddi,sot2,19.0
2026-06-28,2026-06-28T22:05:45Z,2026-06-30,World Cup,Netherlands vs Morocco,achraf hakimi,sot3,31.0
2026-06-28,2026-06-28T23:11:54Z,2026-06-29,World Cup,Brazil vs Japan,vinicius junior,goals,2.54
2026-06-28,2026-06-28T23:11:54Z,2026-06-29,World Cup,Brazil vs Japan,endrick felipe moreira de sousa,goals,2.9
2026-06-28,2026-06-28T23:11:54Z,2026-06-29,World Cup,Brazil vs Japan,igor thiago nascimento rodrigues,goals,2.8
2026-06-28,2026-06-28T23:11:54Z,2026-06-29,World Cup,Brazil vs Japan,neymar,goals,2.8
2026-06-28,2026-06-28T23:11:54Z,2026-06-29,World Cup,Brazil vs Japan,matheus cunha,goals,3.01
2026-06-28,2026-06-28T23:11:54Z,2026-06-29,World Cup,Brazil vs Japan,luiz henrique andre rosa da silva,goals,3.8
2026-06-28,2026-06-28T23:11:54Z,2026-06-29,World Cup,Brazil vs Japan,rayan vitor,goals,3.93
2026-06-28,2026-06-28T23:11:54Z,2026-06-29,World Cup,Brazil vs Japan,koki ogawa,goals,4.5
2026-06-28,2026-06-28T23:11:54Z,2026-06-29,World Cup,Brazil vs Japan,lucas paqueta,goals,4.5
2026-06-28,2026-06-28T23:11:54Z,2026-06-29,World Cup,Brazil vs Japan,gabriel martinelli,goals,4.2
2026-06-28,2026-06-28T23:11:54Z,2026-06-29,World Cup,Brazil vs Japan,ayase ueda,goals,4.42
2026-06-28,2026-06-28T23:11:54Z,2026-06-29,World Cup,Brazil vs Japan,ederson jose dos santos lourenco da silva,goals,4.5
2026-06-28,2026-06-28T23:11:54Z,2026-06-29,World Cup,Brazil vs Japan,kento shiogai,goals,4.6
2026-06-28,2026-06-28T23:11:54Z,2026-06-29,World Cup,Brazil vs Japan,yuito suzuki,goals,5.0
2026-06-28,2026-06-28T23:11:54Z,2026-06-29,World Cup,Brazil vs Japan,keisuke goto,goals,5.0
2026-06-28,2026-06-28T23:11:54Z,2026-06-29,World Cup,Brazil vs Japan,shuto machino,goals,5.0
2026-06-28,2026-06-28T23:11:54Z,2026-06-29,World Cup,Brazil vs Japan,junya ito,goals,6.0
2026-06-28,2026-06-28T23:11:54Z,2026-06-29,World Cup,Brazil vs Japan,daizen maeda,goals,6.0
2026-06-28,2026-06-28T23:11:54Z,2026-06-29,World Cup,Brazil vs Japan,takefusa kubo,goals,5.8
2026-06-28,2026-06-28T23:11:54Z,2026-06-29,World Cup,Brazil vs Japan,carlos casemiro,goals,8.0
2026-06-28,2026-06-28T23:11:54Z,2026-06-29,World Cup,Brazil vs Japan,keito nakamura,goals,7.1
2026-06-28,2026-06-28T23:11:54Z,2026-06-29,World Cup,Brazil vs Japan,ritsu doan,goals,7.5
2026-06-28,2026-06-28T23:11:54Z,2026-06-29,World Cup,Brazil vs Japan,ao tanaka,goals,11.0
2026-06-28,2026-06-28T23:11:54Z,2026-06-29,World Cup,Brazil vs Japan,gleison bremer silva nascimento,goals,9.0
2026-06-28,2026-06-28T23:11:54Z,2026-06-29,World Cup,Brazil vs Japan,daichi kamada,goals,9.3
2026-06-28,2026-06-28T23:11:54Z,2026-06-29,World Cup,Brazil vs Japan,bruno guimaraes,goals,9.9
2026-06-28,2026-06-28T23:11:54Z,2026-06-29,World Cup,Brazil vs Japan,roger ibanez da silva,goals,11.0
2026-06-28,2026-06-28T23:11:54Z,2026-06-29,World Cup,Brazil vs Japan,fabio henrique tavares,goals,10.0
2026-06-28,2026-06-28T23:11:54Z,2026-06-29,World Cup,Brazil vs Japan,leonardo pereira,goals,10.0
2026-06-28,2026-06-28T23:11:54Z,2026-06-29,World Cup,Brazil vs Japan,alex sandro lobo,goals,11.0
2026-06-28,2026-06-28T23:11:54Z,2026-06-29,World Cup,Brazil vs Japan,ederson moraes,goals,12.0
2026-06-28,2026-06-28T23:11:54Z,2026-06-29,World Cup,Brazil vs Japan,yuto nagatomo,goals,12.0
2026-06-28,2026-06-28T23:11:54Z,2026-06-29,World Cup,Brazil vs Japan,tsuyoshi watanabe,goals,18.0
2026-06-28,2026-06-28T23:11:54Z,2026-06-29,World Cup,Brazil vs Japan,magalhaes gabriel,goals,13.0
2026-06-28,2026-06-28T23:11:54Z,2026-06-29,World Cup,Brazil vs Japan,danilo luiz da silva,goals,13.0
2026-06-28,2026-06-28T23:11:54Z,2026-06-29,World Cup,Brazil vs Japan,ko itakura,goals,17.0
2026-06-28,2026-06-28T23:11:54Z,2026-06-29,World Cup,Brazil vs Japan,kaishu sano,goals,17.0
2026-06-28,2026-06-28T23:11:54Z,2026-06-29,World Cup,Brazil vs Japan,yukinari sugawara,goals,15.5
2026-06-28,2026-06-28T23:11:54Z,2026-06-29,World Cup,Brazil vs Japan,douglas santos de melo,goals,16.5
2026-06-28,2026-06-28T23:11:54Z,2026-06-29,World Cup,Brazil vs Japan,marcos aoas correa,goals,16.5
2026-06-28,2026-06-28T23:11:54Z,2026-06-29,World Cup,Brazil vs Japan,junnosuke suzuki,goals,19.0
2026-06-28,2026-06-28T23:11:54Z,2026-06-29,World Cup,Brazil vs Japan,shogo taniguchi,goals,21.0
2026-06-28,2026-06-28T23:11:54Z,2026-06-29,World Cup,Brazil vs Japan,ayumu seko,goals,26.0
2026-06-28,2026-06-28T23:11:54Z,2026-06-29,World Cup,Brazil vs Japan,hiroki ito,goals,23.0
2026-06-28,2026-06-28T23:11:54Z,2026-06-29,World Cup,Brazil vs Japan,takehiro tomiyasu,goals,27.0
2026-06-28,2026-06-28T23:11:54Z,2026-06-29,World Cup,Brazil vs Japan,yuto nagatomo,sot,7.0
2026-06-28,2026-06-28T23:11:54Z,2026-06-29,World Cup,Brazil vs Japan,neymar,sot,1.44
2026-06-28,2026-06-28T23:11:54Z,2026-06-29,World Cup,Brazil vs Japan,leonardo pereira,sot,3.8
2026-06-28,2026-06-28T23:11:54Z,2026-06-29,World Cup,Brazil vs Japan,fabio henrique tavares,sot,3.15
2026-06-28,2026-06-28T23:11:54Z,2026-06-29,World Cup,Brazil vs Japan,marcos aoas correa,sot,3.7
2026-06-28,2026-06-28T23:11:54Z,2026-06-29,World Cup,Brazil vs Japan,carlos casemiro,sot,3.2
2026-06-28,2026-06-28T23:11:54Z,2026-06-29,World Cup,Brazil vs Japan,danilo luiz da silva,sot,4.1
2026-06-28,2026-06-28T23:11:54Z,2026-06-29,World Cup,Brazil vs Japan,daichi kamada,sot,3.6
2026-06-28,2026-06-28T23:11:54Z,2026-06-29,World Cup,Brazil vs Japan,magalhaes gabriel,sot,4.7
2026-06-28,2026-06-28T23:11:54Z,2026-06-29,World Cup,Brazil vs Japan,ritsu doan,sot,4.0
2026-06-28,2026-06-28T23:11:54Z,2026-06-29,World Cup,Brazil vs Japan,vinicius junior,sot,1.3
2026-06-28,2026-06-28T23:11:54Z,2026-06-29,World Cup,Brazil vs Japan,lucas paqueta,sot,2.25
2026-06-28,2026-06-28T23:11:54Z,2026-06-29,World Cup,Brazil vs Japan,gleison bremer silva nascimento,sot,4.2
2026-06-28,2026-06-28T23:11:54Z,2026-06-29,World Cup,Brazil vs Japan,shogo taniguchi,sot,7.0
2026-06-28,2026-06-28T23:11:54Z,2026-06-29,World Cup,Brazil vs Japan,alex sandro lobo,sot,5.75
2026-06-28,2026-06-28T23:11:54Z,2026-06-29,World Cup,Brazil vs Japan,takehiro tomiyasu,sot,7.0
2026-06-28,2026-06-28T23:11:54Z,2026-06-29,World Cup,Brazil vs Japan,matheus cunha,sot,1.43
2026-06-28,2026-06-28T23:11:54Z,2026-06-29,World Cup,Brazil vs Japan,ederson jose dos santos lourenco da silva,sot,2.4
2026-06-28,2026-06-28T23:11:54Z,2026-06-29,World Cup,Brazil vs Japan,junya ito,sot,2.45
2026-06-28,2026-06-28T23:11:54Z,2026-06-29,World Cup,Brazil vs Japan,ko itakura,sot,6.5
2026-06-28,2026-06-28T23:11:54Z,2026-06-29,World Cup,Brazil vs Japan,roger ibanez da silva,sot,3.7
2026-06-28,2026-06-28T23:11:54Z,2026-06-29,World Cup,Brazil vs Japan,douglas santos de melo,sot,3.85
2026-06-28,2026-06-28T23:11:54Z,2026-06-29,World Cup,Brazil vs Japan,daizen maeda,sot,2.55
2026-06-28,2026-06-28T23:11:54Z,2026-06-29,World Cup,Brazil vs Japan,ayase ueda,sot,1.65
2026-06-28,2026-06-28T23:11:54Z,2026-06-29,World Cup,Brazil vs Japan,takefusa kubo,sot,2.1
2026-06-28,2026-06-28T23:11:54Z,2026-06-29,World Cup,Brazil vs Japan,gabriel martinelli,sot,1.67
2026-06-28,2026-06-28T23:11:54Z,2026-06-29,World Cup,Brazil vs Japan,ao tanaka,sot,3.4
2026-06-28,2026-06-28T23:11:54Z,2026-06-29,World Cup,Brazil vs Japan,yukinari sugawara,sot,5.8
2026-06-28,2026-06-28T23:11:54Z,2026-06-29,World Cup,Brazil vs Japan,keito nakamura,sot,2.2
2026-06-28,2026-06-28T23:11:54Z,2026-06-29,World Cup,Brazil vs Japan,ayumu seko,sot,7.5
2026-06-28,2026-06-28T23:11:54Z,2026-06-29,World Cup,Brazil vs Japan,tsuyoshi watanabe,sot,7.0
2026-06-28,2026-06-28T23:11:54Z,2026-06-29,World Cup,Brazil vs Japan,hiroki ito,sot,7.0
2026-06-28,2026-06-28T23:11:54Z,2026-06-29,World Cup,Brazil vs Japan,yuito suzuki,sot,2.8
2026-06-28,2026-06-28T23:11:54Z,2026-06-29,World Cup,Brazil vs Japan,bruno guimaraes,sot,2.8
2026-06-28,2026-06-28T23:11:54Z,2026-06-29,World Cup,Brazil vs Japan,danilo dos santos de oliveira,sot,1.76
2026-06-28,2026-06-28T23:11:54Z,2026-06-29,World Cup,Brazil vs Japan,shuto machino,sot,1.83
2026-06-28,2026-06-28T23:11:54Z,2026-06-29,World Cup,Brazil vs Japan,luiz henrique andre rosa da silva,sot,1.6
2026-06-28,2026-06-28T23:11:54Z,2026-06-29,World Cup,Brazil vs Japan,junnosuke suzuki,sot,7.0
2026-06-28,2026-06-28T23:11:54Z,2026-06-29,World Cup,Brazil vs Japan,endrick felipe moreira de sousa,sot,1.4
2026-06-28,2026-06-28T23:11:54Z,2026-06-29,World Cup,Brazil vs Japan,koki ogawa,sot,1.76
2026-06-28,2026-06-28T23:11:54Z,2026-06-29,World Cup,Brazil vs Japan,kaishu sano,sot,6.5
2026-06-28,2026-06-28T23:11:54Z,2026-06-29,World Cup,Brazil vs Japan,rayan vitor,sot,1.6
2026-06-28,2026-06-28T23:11:54Z,2026-06-29,World Cup,Brazil vs Japan,kento shiogai,sot,1.91
2026-06-28,2026-06-28T23:11:54Z,2026-06-29,World Cup,Brazil vs Japan,keisuke goto,sot,1.83
2026-06-28,2026-06-28T23:11:54Z,2026-06-29,World Cup,Brazil vs Japan,igor thiago nascimento rodrigues,sot,1.44
2026-06-28,2026-06-28T23:11:54Z,2026-06-29,World Cup,Brazil vs Japan,yuto nagatomo,sot2,23.0
2026-06-28,2026-06-28T23:11:54Z,2026-06-29,World Cup,Brazil vs Japan,neymar,sot2,2.35
2026-06-28,2026-06-28T23:11:54Z,2026-06-29,World Cup,Brazil vs Japan,leonardo pereira,sot2,23.0
2026-06-28,2026-06-28T23:11:54Z,2026-06-29,World Cup,Brazil vs Japan,fabio henrique tavares,sot2,16.0
2026-06-28,2026-06-28T23:11:54Z,2026-06-29,World Cup,Brazil vs Japan,marcos aoas correa,sot2,21.0
2026-06-28,2026-06-28T23:11:54Z,2026-06-29,World Cup,Brazil vs Japan,carlos casemiro,sot2,15.0
2026-06-28,2026-06-28T23:11:54Z,2026-06-29,World Cup,Brazil vs Japan,danilo luiz da silva,sot2,26.0
2026-06-28,2026-06-28T23:11:54Z,2026-06-29,World Cup,Brazil vs Japan,daichi kamada,sot2,20.0
2026-06-28,2026-06-28T23:11:54Z,2026-06-29,World Cup,Brazil vs Japan,ritsu doan,sot2,13.0
2026-06-28,2026-06-28T23:11:54Z,2026-06-29,World Cup,Brazil vs Japan,vinicius junior,sot2,1.85
2026-06-28,2026-06-28T23:11:54Z,2026-06-29,World Cup,Brazil vs Japan,lucas paqueta,sot2,7.0
2026-06-28,2026-06-28T23:11:54Z,2026-06-29,World Cup,Brazil vs Japan,gleison bremer silva nascimento,sot2,29.0
2026-06-28,2026-06-28T23:11:54Z,2026-06-29,World Cup,Brazil vs Japan,matheus cunha,sot2,2.3
2026-06-28,2026-06-28T23:11:54Z,2026-06-29,World Cup,Brazil vs Japan,ederson jose dos santos lourenco da silva,sot2,7.0
2026-06-28,2026-06-28T23:11:54Z,2026-06-29,World Cup,Brazil vs Japan,junya ito,sot2,8.0
2026-06-28,2026-06-28T23:11:54Z,2026-06-29,World Cup,Brazil vs Japan,roger ibanez da silva,sot2,21.0
2026-06-28,2026-06-28T23:11:54Z,2026-06-29,World Cup,Brazil vs Japan,douglas santos de melo,sot2,23.0
2026-06-28,2026-06-28T23:11:54Z,2026-06-29,World Cup,Brazil vs Japan,daizen maeda,sot2,8.0
2026-06-28,2026-06-28T23:11:54Z,2026-06-29,World Cup,Brazil vs Japan,ayase ueda,sot2,4.3
2026-06-28,2026-06-28T23:11:54Z,2026-06-29,World Cup,Brazil vs Japan,takefusa kubo,sot2,7.0
2026-06-28,2026-06-28T23:11:54Z,2026-06-29,World Cup,Brazil vs Japan,gabriel martinelli,sot2,3.85
2026-06-28,2026-06-28T23:11:54Z,2026-06-29,World Cup,Brazil vs Japan,ao tanaka,sot2,19.0
2026-06-28,2026-06-28T23:11:54Z,2026-06-29,World Cup,Brazil vs Japan,yukinari sugawara,sot2,29.0
2026-06-28,2026-06-28T23:11:54Z,2026-06-29,World Cup,Brazil vs Japan,keito nakamura,sot2,7.5
2026-06-28,2026-06-28T23:11:54Z,2026-06-29,World Cup,Brazil vs Japan,yuito suzuki,sot2,5.5
2026-06-28,2026-06-28T23:11:54Z,2026-06-29,World Cup,Brazil vs Japan,bruno guimaraes,sot2,10.0
2026-06-28,2026-06-28T23:11:54Z,2026-06-29,World Cup,Brazil vs Japan,danilo dos santos de oliveira,sot2,5.0
2026-06-28,2026-06-28T23:11:54Z,2026-06-29,World Cup,Brazil vs Japan,shuto machino,sot2,4.8
2026-06-28,2026-06-28T23:11:54Z,2026-06-29,World Cup,Brazil vs Japan,luiz henrique andre rosa da silva,sot2,3.95
2026-06-28,2026-06-28T23:11:54Z,2026-06-29,World Cup,Brazil vs Japan,junnosuke suzuki,sot2,21.0
2026-06-28,2026-06-28T23:11:54Z,2026-06-29,World Cup,Brazil vs Japan,endrick felipe moreira de sousa,sot2,2.85
2026-06-28,2026-06-28T23:11:54Z,2026-06-29,World Cup,Brazil vs Japan,koki ogawa,sot2,4.8
2026-06-28,2026-06-28T23:11:54Z,2026-06-29,World Cup,Brazil vs Japan,rayan vitor,sot2,3.8
2026-06-28,2026-06-28T23:11:54Z,2026-06-29,World Cup,Brazil vs Japan,kento shiogai,sot2,5.75
2026-06-28,2026-06-28T23:11:54Z,2026-06-29,World Cup,Brazil vs Japan,keisuke goto,sot2,4.9
2026-06-28,2026-06-28T23:11:54Z,2026-06-29,World Cup,Brazil vs Japan,neymar,sot3,5.5
2026-06-28,2026-06-28T23:11:54Z,2026-06-29,World Cup,Brazil vs Japan,vinicius junior,sot3,5.5
2026-06-28,2026-06-28T23:11:54Z,2026-06-29,World Cup,Brazil vs Japan,lucas paqueta,sot3,31.0
2026-06-28,2026-06-28T23:11:54Z,2026-06-29,World Cup,Brazil vs Japan,matheus cunha,sot3,8.0
2026-06-28,2026-06-28T23:11:54Z,2026-06-29,World Cup,Brazil vs Japan,ederson jose dos santos lourenco da silva,sot3,31.0
2026-06-28,2026-06-28T23:11:54Z,2026-06-29,World Cup,Brazil vs Japan,ayase ueda,sot3,14.0
2026-06-28,2026-06-28T23:11:54Z,2026-06-29,World Cup,Brazil vs Japan,takefusa kubo,sot3,31.0
2026-06-28,2026-06-28T23:11:54Z,2026-06-29,World Cup,Brazil vs Japan,gabriel martinelli,sot3,12.0
2026-06-28,2026-06-28T23:11:54Z,2026-06-29,World Cup,Brazil vs Japan,yuito suzuki,sot3,21.0
2026-06-28,2026-06-28T23:11:54Z,2026-06-29,World Cup,Brazil vs Japan,danilo dos santos de oliveira,sot3,18.0
2026-06-28,2026-06-28T23:11:54Z,2026-06-29,World Cup,Brazil vs Japan,shuto machino,sot3,17.0
2026-06-28,2026-06-28T23:11:54Z,2026-06-29,World Cup,Brazil vs Japan,luiz henrique andre rosa da silva,sot3,13.0
2026-06-28,2026-06-28T23:11:54Z,2026-06-29,World Cup,Brazil vs Japan,endrick felipe moreira de sousa,sot3,7.5
2026-06-28,2026-06-28T23:11:54Z,2026-06-29,World Cup,Brazil vs Japan,koki ogawa,sot3,17.0
2026-06-28,2026-06-28T23:11:54Z,2026-06-29,World Cup,Brazil vs Japan,rayan vitor,sot3,12.0
2026-06-28,2026-06-28T23:11:54Z,2026-06-29,World Cup,Brazil vs Japan,kento shiogai,sot3,23.0
2026-06-28,2026-06-28T23:11:54Z,2026-06-29,World Cup,Brazil vs Japan,keisuke goto,sot3,18.0
2026-06-28,2026-06-28T23:11:54Z,2026-06-29,World Cup,Brazil vs Japan,ko itakura,cards,4.1
2026-06-28,2026-06-28T23:11:54Z,2026-06-29,World Cup,Brazil vs Japan,carlos casemiro,cards,4.0
2026-06-28,2026-06-28T23:11:54Z,2026-06-29,World Cup,Brazil vs Japan,ao tanaka,cards,5.0
2026-06-28,2026-06-28T23:11:54Z,2026-06-29,World Cup,Brazil vs Japan,lucas paqueta,cards,4.0
2026-06-28,2026-06-28T23:11:54Z,2026-06-29,World Cup,Brazil vs Japan,bruno guimaraes,cards,4.0
2026-06-28,2026-06-28T23:11:54Z,2026-06-29,World Cup,Brazil vs Japan,vinicius junior,cards,5.0
2026-06-28,2026-06-28T23:11:54Z,2026-06-29,World Cup,Brazil vs Japan,igor thiago nascimento rodrigues,cards,4.2
2026-06-28,2026-06-28T23:11:54Z,2026-06-29,World Cup,Brazil vs Japan,endrick felipe moreira de sousa,cards,4.5
2026-06-28,2026-06-28T23:11:54Z,2026-06-29,World Cup,Brazil vs Japan,neymar,cards,4.2
2026-06-28,2026-06-28T23:11:54Z,2026-06-29,World Cup,Brazil vs Japan,daichi kamada,cards,5.5
2026-06-28,2026-06-28T23:11:54Z,2026-06-29,World Cup,Brazil vs Japan,takehiro tomiyasu,cards,5.0
2026-06-28,2026-06-28T23:11:54Z,2026-06-29,World Cup,Brazil vs Japan,shogo taniguchi,cards,5.0
2026-06-28,2026-06-28T23:11:54Z,2026-06-29,World Cup,Brazil vs Japan,ayumu seko,cards,4.6
2026-06-28,2026-06-28T23:11:54Z,2026-06-29,World Cup,Brazil vs Japan,ayase ueda,cards,4.6
2026-06-28,2026-06-28T23:11:54Z,2026-06-29,World Cup,Brazil vs Japan,hiroki ito,cards,5.5
2026-06-28,2026-06-28T23:11:54Z,2026-06-29,World Cup,Brazil vs Japan,magalhaes gabriel,cards,7.0
2026-06-28,2026-06-28T23:11:54Z,2026-06-29,World Cup,Brazil vs Japan,yukinari sugawara,cards,5.0
2026-06-28,2026-06-28T23:11:54Z,2026-06-29,World Cup,Brazil vs Japan,koki ogawa,cards,6.5
2026-06-28,2026-06-28T23:11:54Z,2026-06-29,World Cup,Brazil vs Japan,roger ibanez da silva,cards,5.0
2026-06-28,2026-06-28T23:11:54Z,2026-06-29,World Cup,Brazil vs Japan,luiz henrique andre rosa da silva,cards,5.0
2026-06-28,2026-06-28T23:11:54Z,2026-06-29,World Cup,Brazil vs Japan,daizen maeda,cards,5.1
2026-06-28,2026-06-28T23:11:54Z,2026-06-29,World Cup,Brazil vs Japan,kaishu sano,cards,5.3
2026-06-28,2026-06-28T23:11:54Z,2026-06-29,World Cup,Brazil vs Japan,danilo luiz da silva,cards,5.3
2026-06-28,2026-06-28T23:11:54Z,2026-06-29,World Cup,Brazil vs Japan,matheus cunha,cards,7.5
2026-06-28,2026-06-28T23:11:54Z,2026-06-29,World Cup,Brazil vs Japan,alex sandro lobo,cards,5.5
2026-06-28,2026-06-28T23:11:54Z,2026-06-29,World Cup,Brazil vs Japan,ritsu doan,cards,5.5
2026-06-28,2026-06-28T23:11:54Z,2026-06-29,World Cup,Brazil vs Japan,douglas santos de melo,cards,6.0
2026-06-28,2026-06-28T23:11:54Z,2026-06-29,World Cup,Brazil vs Japan,keito nakamura,cards,6.25
2026-06-28,2026-06-28T23:11:54Z,2026-06-29,World Cup,Brazil vs Japan,rayan vitor,cards,6.5
2026-06-28,2026-06-28T23:11:54Z,2026-06-29,World Cup,Brazil vs Japan,junya ito,cards,7.0
2026-06-28,2026-06-28T23:11:54Z,2026-06-29,World Cup,Brazil vs Japan,tsuyoshi watanabe,cards,6.0
2026-06-28,2026-06-28T23:11:54Z,2026-06-29,World Cup,Germany vs Paraguay,deniz undav,goals,2.25
2026-06-28,2026-06-28T23:11:54Z,2026-06-29,World Cup,Germany vs Paraguay,kai havertz,goals,2.37
2026-06-28,2026-06-28T23:11:54Z,2026-06-29,World Cup,Germany vs Paraguay,nick woltemade,goals,2.3
2026-06-28,2026-06-28T23:11:54Z,2026-06-29,World Cup,Germany vs Paraguay,maximilian beier,goals,2.5
2026-06-28,2026-06-28T23:11:54Z,2026-06-29,World Cup,Germany vs Paraguay,jamal musiala,goals,3.0
2026-06-28,2026-06-28T23:11:54Z,2026-06-29,World Cup,Germany vs Paraguay,florian wirtz,goals,3.16
2026-06-28,2026-06-28T23:11:54Z,2026-06-29,World Cup,Germany vs Paraguay,leroy sane,goals,3.37
2026-06-28,2026-06-28T23:11:54Z,2026-06-29,World Cup,Germany vs Paraguay,jamie leweling,goals,3.25
2026-06-28,2026-06-28T23:11:54Z,2026-06-29,World Cup,Germany vs Paraguay,forzan assan ouedraogo,goals,3.5
2026-06-28,2026-06-28T23:11:54Z,2026-06-29,World Cup,Germany vs Paraguay,nadiem amiri,goals,4.33
2026-06-28,2026-06-28T23:11:54Z,2026-06-29,World Cup,Germany vs Paraguay,leon goretzka,goals,5.5
2026-06-28,2026-06-28T23:11:54Z,2026-06-29,World Cup,Germany vs Paraguay,isidro pitta,goals,5.7
2026-06-28,2026-06-28T23:11:54Z,2026-06-29,World Cup,Germany vs Paraguay,felix nmecha,goals,6.0
2026-06-28,2026-06-28T23:11:54Z,2026-06-29,World Cup,Germany vs Paraguay,alex adrian arce barrios,goals,5.5
2026-06-28,2026-06-28T23:11:54Z,2026-06-29,World Cup,Germany vs Paraguay,antonio sanabria,goals,5.7
2026-06-28,2026-06-28T23:11:54Z,2026-06-29,World Cup,Germany vs Paraguay,alejandro romero gamarra,goals,6.0
2026-06-28,2026-06-28T23:11:54Z,2026-06-29,World Cup,Germany vs Paraguay,pascal gross,goals,6.0
2026-06-28,2026-06-28T23:11:54Z,2026-06-29,World Cup,Germany vs Paraguay,joshua kimmich,goals,7.0
2026-06-28,2026-06-28T23:11:54Z,2026-06-29,World Cup,Germany vs Paraguay,miguel almiron,goals,7.5
2026-06-28,2026-06-28T23:11:54Z,2026-06-29,World Cup,Germany vs Paraguay,gabriel avalos,goals,6.4
2026-06-28,2026-06-28T23:11:54Z,2026-06-29,World Cup,Germany vs Paraguay,ramon sosa acosta,goals,6.5
2026-06-28,2026-06-28T23:11:54Z,2026-06-29,World Cup,Germany vs Paraguay,gustavo caballero,goals,6.5
2026-06-28,2026-06-28T23:11:54Z,2026-06-29,World Cup,Germany vs Paraguay,nathaniel brown,goals,8.5
2026-06-28,2026-06-28T23:11:54Z,2026-06-29,World Cup,Germany vs Paraguay,julio cesar enciso,goals,6.7
2026-06-28,2026-06-28T23:11:54Z,2026-06-29,World Cup,Germany vs Paraguay,matias galarza fonda,goals,11.0
2026-06-28,2026-06-28T23:11:54Z,2026-06-29,World Cup,Germany vs Paraguay,david raum,goals,10.0
2026-06-28,2026-06-28T23:11:54Z,2026-06-29,World Cup,Germany vs Paraguay,aleksandar pavlovic,goals,9.5
2026-06-28,2026-06-28T23:11:54Z,2026-06-29,World Cup,Germany vs Paraguay,diego alexander gomez amarilla,goals,7.5
2026-06-28,2026-06-28T23:11:54Z,2026-06-29,World Cup,Germany vs Paraguay,mauricio magalhaes prado,goals,10.5
2026-06-28,2026-06-28T23:11:54Z,2026-06-29,World Cup,Germany vs Paraguay,jonathan tah,goals,10.0
2026-06-28,2026-06-28T23:11:54Z,2026-06-29,World Cup,Germany vs Paraguay,antonio rudiger,goals,11.0
2026-06-28,2026-06-28T23:11:54Z,2026-06-29,World Cup,Germany vs Paraguay,angelo stiller,goals,9.0
2026-06-28,2026-06-28T23:11:54Z,2026-06-29,World Cup,Germany vs Paraguay,damian bobadilla,goals,12.5
2026-06-28,2026-06-28T23:11:54Z,2026-06-29,World Cup,Germany vs Paraguay,malick thiaw,goals,10.0
2026-06-28,2026-06-28T23:11:54Z,2026-06-29,World Cup,Germany vs Paraguay,alexandro maidana,goals,18.0
2026-06-28,2026-06-28T23:11:54Z,2026-06-29,World Cup,Germany vs Paraguay,waldemar anton,goals,11.0
2026-06-28,2026-06-28T23:11:54Z,2026-06-29,World Cup,Germany vs Paraguay,braian ojeda,goals,13.0
2026-06-28,2026-06-28T23:11:54Z,2026-06-29,World Cup,Germany vs Paraguay,gustavo gomez,goals,14.0
2026-06-28,2026-06-28T23:11:54Z,2026-06-29,World Cup,Germany vs Paraguay,jose maria canale dominguez,goals,17.0
2026-06-28,2026-06-28T23:11:54Z,2026-06-29,World Cup,Germany vs Paraguay,fabian balbuena,goals,17.0
2026-06-28,2026-06-28T23:11:54Z,2026-06-29,World Cup,Germany vs Paraguay,juan jose caceres,goals,26.0
2026-06-28,2026-06-28T23:11:54Z,2026-06-29,World Cup,Germany vs Paraguay,omar alderete,goals,21.0
2026-06-28,2026-06-28T23:11:54Z,2026-06-29,World Cup,Germany vs Paraguay,victor gustavo velazquez,goals,24.0
2026-06-28,2026-06-28T23:11:54Z,2026-06-29,World Cup,Germany vs Paraguay,junior alonso,goals,24.0
2026-06-28,2026-06-28T23:11:54Z,2026-06-29,World Cup,Germany vs Paraguay,adrian cubas,goals,24.0
2026-06-28,2026-06-28T23:11:54Z,2026-06-29,World Cup,Germany vs Paraguay,antonio sanabria,sot,2.5
2026-06-28,2026-06-28T23:11:54Z,2026-06-29,World Cup,Germany vs Paraguay,gustavo gomez,sot,6.0
2026-06-28,2026-06-28T23:11:54Z,2026-06-29,World Cup,Germany vs Paraguay,antonio rudiger,sot,4.33
2026-06-28,2026-06-28T23:11:54Z,2026-06-29,World Cup,Germany vs Paraguay,leroy sane,sot,1.73
2026-06-28,2026-06-28T23:11:54Z,2026-06-29,World Cup,Germany vs Paraguay,leon goretzka,sot,2.15
2026-06-28,2026-06-28T23:11:54Z,2026-06-29,World Cup,Germany vs Paraguay,nathaniel brown,sot,3.4
2026-06-28,2026-06-28T23:11:54Z,2026-06-29,World Cup,Germany vs Paraguay,nadiem amiri,sot,1.8
2026-06-28,2026-06-28T23:11:54Z,2026-06-29,World Cup,Germany vs Paraguay,adrian cubas,sot,6.5
2026-06-28,2026-06-28T23:11:54Z,2026-06-29,World Cup,Germany vs Paraguay,fabian balbuena,sot,9.5
2026-06-28,2026-06-28T23:11:54Z,2026-06-29,World Cup,Germany vs Paraguay,waldemar anton,sot,4.0
2026-06-28,2026-06-28T23:11:54Z,2026-06-29,World Cup,Germany vs Paraguay,miguel almiron,sot,2.9
2026-06-28,2026-06-28T23:11:54Z,2026-06-29,World Cup,Germany vs Paraguay,jonathan tah,sot,3.8
2026-06-28,2026-06-28T23:11:54Z,2026-06-29,World Cup,Germany vs Paraguay,junior alonso,sot,8.5
2026-06-28,2026-06-28T23:11:54Z,2026-06-29,World Cup,Germany vs Paraguay,alejandro romero gamarra,sot,2.9
2026-06-28,2026-06-28T23:11:54Z,2026-06-29,World Cup,Germany vs Paraguay,joshua kimmich,sot,2.5
2026-06-28,2026-06-28T23:11:54Z,2026-06-29,World Cup,Germany vs Paraguay,felix nmecha,sot,2.3
2026-06-28,2026-06-28T23:11:54Z,2026-06-29,World Cup,Germany vs Paraguay,victor gustavo velazquez,sot,7.0
2026-06-28,2026-06-28T23:11:54Z,2026-06-29,World Cup,Germany vs Paraguay,angelo stiller,sot,3.1
2026-06-28,2026-06-28T23:11:54Z,2026-06-29,World Cup,Germany vs Paraguay,jamie leweling,sot,1.5
2026-06-28,2026-06-28T23:11:54Z,2026-06-29,World Cup,Germany vs Paraguay,omar alderete,sot,4.5
2026-06-28,2026-06-28T23:11:54Z,2026-06-29,World Cup,Germany vs Paraguay,nick woltemade,sot,1.33
2026-06-28,2026-06-28T23:11:54Z,2026-06-29,World Cup,Germany vs Paraguay,malick thiaw,sot,3.6
2026-06-28,2026-06-28T23:11:54Z,2026-06-29,World Cup,Germany vs Paraguay,florian wirtz,sot,1.67
2026-06-28,2026-06-28T23:11:54Z,2026-06-29,World Cup,Germany vs Paraguay,jamal musiala,sot,1.45
2026-06-28,2026-06-28T23:11:54Z,2026-06-29,World Cup,Germany vs Paraguay,mauricio magalhaes prado,sot,3.45
2026-06-28,2026-06-28T23:11:54Z,2026-06-29,World Cup,Germany vs Paraguay,julio cesar enciso,sot,1.9
2026-06-28,2026-06-28T23:11:54Z,2026-06-29,World Cup,Germany vs Paraguay,juan jose caceres,sot,8.5
2026-06-28,2026-06-28T23:11:54Z,2026-06-29,World Cup,Germany vs Paraguay,david raum,sot,3.4
2026-06-28,2026-06-28T23:11:54Z,2026-06-29,World Cup,Germany vs Paraguay,deniz undav,sot,1.21
2026-06-28,2026-06-28T23:11:54Z,2026-06-29,World Cup,Germany vs Paraguay,kai havertz,sot,1.3
2026-06-28,2026-06-28T23:11:54Z,2026-06-29,World Cup,Germany vs Paraguay,gabriel avalos,sot,2.25
2026-06-28,2026-06-28T23:11:54Z,2026-06-29,World Cup,Germany vs Paraguay,braian ojeda,sot,5.0
2026-06-28,2026-06-28T23:11:54Z,2026-06-29,World Cup,Germany vs Paraguay,isidro pitta,sot,2.7
2026-06-28,2026-06-28T23:11:54Z,2026-06-29,World Cup,Germany vs Paraguay,ramon sosa acosta,sot,2.45
2026-06-28,2026-06-28T23:11:54Z,2026-06-29,World Cup,Germany vs Paraguay,damian bobadilla,sot,3.4
2026-06-28,2026-06-28T23:11:54Z,2026-06-29,World Cup,Germany vs Paraguay,jose maria canale dominguez,sot,9.5
2026-06-28,2026-06-28T23:11:54Z,2026-06-29,World Cup,Germany vs Paraguay,pascal gross,sot,2.6
2026-06-28,2026-06-28T23:11:54Z,2026-06-29,World Cup,Germany vs Paraguay,maximilian beier,sot,1.37
2026-06-28,2026-06-28T23:11:54Z,2026-06-29,World Cup,Germany vs Paraguay,aleksandar pavlovic,sot,3.6
2026-06-28,2026-06-28T23:11:54Z,2026-06-29,World Cup,Germany vs Paraguay,forzan assan ouedraogo,sot,1.8
2026-06-28,2026-06-28T23:11:54Z,2026-06-29,World Cup,Germany vs Paraguay,alex adrian arce barrios,sot,2.15
2026-06-28,2026-06-28T23:11:54Z,2026-06-29,World Cup,Germany vs Paraguay,gustavo caballero,sot,2.9
2026-06-28,2026-06-28T23:11:54Z,2026-06-29,World Cup,Germany vs Paraguay,matias galarza fonda,sot,3.3
2026-06-28,2026-06-28T23:11:54Z,2026-06-29,World Cup,Germany vs Paraguay,alexandro maidana,sot,5.75
2026-06-28,2026-06-28T23:11:54Z,2026-06-29,World Cup,Germany vs Paraguay,antonio sanabria,sot2,10.0
2026-06-28,2026-06-28T23:11:54Z,2026-06-29,World Cup,Germany vs Paraguay,antonio rudiger,sot2,26.0
2026-06-28,2026-06-28T23:11:54Z,2026-06-29,World Cup,Germany vs Paraguay,leroy sane,sot2,3.85
2026-06-28,2026-06-28T23:11:54Z,2026-06-29,World Cup,Germany vs Paraguay,leon goretzka,sot2,7.5
2026-06-28,2026-06-28T23:11:54Z,2026-06-29,World Cup,Germany vs Paraguay,nathaniel brown,sot2,13.0
2026-06-28,2026-06-28T23:11:54Z,2026-06-29,World Cup,Germany vs Paraguay,nadiem amiri,sot2,4.6
2026-06-28,2026-06-28T23:11:54Z,2026-06-29,World Cup,Germany vs Paraguay,waldemar anton,sot2,21.0
2026-06-28,2026-06-28T23:11:54Z,2026-06-29,World Cup,Germany vs Paraguay,miguel almiron,sot2,14.0
2026-06-28,2026-06-28T23:11:54Z,2026-06-29,World Cup,Germany vs Paraguay,jonathan tah,sot2,23.0
2026-06-28,2026-06-28T23:11:54Z,2026-06-29,World Cup,Germany vs Paraguay,alejandro romero gamarra,sot2,11.0
2026-06-28,2026-06-28T23:11:54Z,2026-06-29,World Cup,Germany vs Paraguay,joshua kimmich,sot2,10.0
2026-06-28,2026-06-28T23:11:54Z,2026-06-29,World Cup,Germany vs Paraguay,felix nmecha,sot2,8.0
2026-06-28,2026-06-28T23:11:54Z,2026-06-29,World Cup,Germany vs Paraguay,angelo stiller,sot2,10.5
2026-06-28,2026-06-28T23:11:54Z,2026-06-29,World Cup,Germany vs Paraguay,jamie leweling,sot2,3.0
2026-06-28,2026-06-28T23:11:54Z,2026-06-29,World Cup,Germany vs Paraguay,omar alderete,sot2,31.0
2026-06-28,2026-06-28T23:11:54Z,2026-06-29,World Cup,Germany vs Paraguay,nick woltemade,sot2,2.5
2026-06-28,2026-06-28T23:11:54Z,2026-06-29,World Cup,Germany vs Paraguay,malick thiaw,sot2,14.0
2026-06-28,2026-06-28T23:11:54Z,2026-06-29,World Cup,Germany vs Paraguay,florian wirtz,sot2,3.75
2026-06-28,2026-06-28T23:11:54Z,2026-06-29,World Cup,Germany vs Paraguay,jamal musiala,sot2,3.15
2026-06-28,2026-06-28T23:11:54Z,2026-06-29,World Cup,Germany vs Paraguay,mauricio magalhaes prado,sot2,19.0
2026-06-28,2026-06-28T23:11:54Z,2026-06-29,World Cup,Germany vs Paraguay,julio cesar enciso,sot2,7.0
2026-06-28,2026-06-28T23:11:54Z,2026-06-29,World Cup,Germany vs Paraguay,david raum,sot2,18.0
2026-06-28,2026-06-28T23:11:54Z,2026-06-29,World Cup,Germany vs Paraguay,deniz undav,sot2,1.8
2026-06-28,2026-06-28T23:11:54Z,2026-06-29,World Cup,Germany vs Paraguay,kai havertz,sot2,2.3
2026-06-28,2026-06-28T23:11:54Z,2026-06-29,World Cup,Germany vs Paraguay,gabriel avalos,sot2,9.0
2026-06-28,2026-06-28T23:11:54Z,2026-06-29,World Cup,Germany vs Paraguay,braian ojeda,sot2,29.0
2026-06-28,2026-06-28T23:11:54Z,2026-06-29,World Cup,Germany vs Paraguay,isidro pitta,sot2,12.0
2026-06-28,2026-06-28T23:11:54Z,2026-06-29,World Cup,Germany vs Paraguay,ramon sosa acosta,sot2,7.5
2026-06-28,2026-06-28T23:11:54Z,2026-06-29,World Cup,Germany vs Paraguay,damian bobadilla,sot2,8.5
2026-06-28,2026-06-28T23:11:54Z,2026-06-29,World Cup,Germany vs Paraguay,pascal gross,sot2,8.5
2026-06-28,2026-06-28T23:11:54Z,2026-06-29,World Cup,Germany vs Paraguay,maximilian beier,sot2,2.7
2026-06-28,2026-06-28T23:11:54Z,2026-06-29,World Cup,Germany vs Paraguay,aleksandar pavlovic,sot2,17.0
2026-06-28,2026-06-28T23:11:54Z,2026-06-29,World Cup,Germany vs Paraguay,forzan assan ouedraogo,sot2,2.7
2026-06-28,2026-06-28T23:11:54Z,2026-06-29,World Cup,Germany vs Paraguay,alex adrian arce barrios,sot2,8.5
2026-06-28,2026-06-28T23:11:54Z,2026-06-29,World Cup,Germany vs Paraguay,gustavo caballero,sot2,9.0
2026-06-28,2026-06-28T23:11:54Z,2026-06-29,World Cup,Germany vs Paraguay,matias galarza fonda,sot2,17.0
2026-06-28,2026-06-28T23:11:54Z,2026-06-29,World Cup,Germany vs Paraguay,leroy sane,sot3,12.0
2026-06-28,2026-06-28T23:11:54Z,2026-06-29,World Cup,Germany vs Paraguay,nadiem amiri,sot3,16.0
2026-06-28,2026-06-28T23:11:54Z,2026-06-29,World Cup,Germany vs Paraguay,jamie leweling,sot3,8.0
2026-06-28,2026-06-28T23:11:54Z,2026-06-29,World Cup,Germany vs Paraguay,nick woltemade,sot3,6.0
2026-06-28,2026-06-28T23:11:54Z,2026-06-29,World Cup,Germany vs Paraguay,florian wirtz,sot3,11.0
2026-06-28,2026-06-28T23:11:54Z,2026-06-29,World Cup,Germany vs Paraguay,jamal musiala,sot3,9.0
2026-06-28,2026-06-28T23:11:54Z,2026-06-29,World Cup,Germany vs Paraguay,julio cesar enciso,sot3,29.0
2026-06-28,2026-06-28T23:11:54Z,2026-06-29,World Cup,Germany vs Paraguay,deniz undav,sot3,3.95
2026-06-28,2026-06-28T23:11:54Z,2026-06-29,World Cup,Germany vs Paraguay,kai havertz,sot3,4.9
2026-06-28,2026-06-28T23:11:54Z,2026-06-29,World Cup,Germany vs Paraguay,ramon sosa acosta,sot3,31.0
2026-06-28,2026-06-28T23:11:54Z,2026-06-29,World Cup,Germany vs Paraguay,maximilian beier,sot3,7.0
2026-06-28,2026-06-28T23:11:54Z,2026-06-29,World Cup,Germany vs Paraguay,forzan assan ouedraogo,sot3,7.0
2026-06-28,2026-06-28T23:11:54Z,2026-06-29,World Cup,Germany vs Paraguay,gustavo gomez,cards,4.0
2026-06-28,2026-06-28T23:11:54Z,2026-06-29,World Cup,Germany vs Paraguay,adrian cubas,cards,3.0
2026-06-28,2026-06-28T23:11:54Z,2026-06-29,World Cup,Germany vs Paraguay,isidro pitta,cards,5.0
2026-06-28,2026-06-28T23:11:54Z,2026-06-29,World Cup,Germany vs Paraguay,omar alderete,cards,4.2
2026-06-28,2026-06-28T23:11:54Z,2026-06-29,World Cup,Germany vs Paraguay,matias galarza fonda,cards,4.0
2026-06-28,2026-06-28T23:11:54Z,2026-06-29,World Cup,Germany vs Paraguay,alexandro maidana,cards,3.7
2026-06-28,2026-06-28T23:11:54Z,2026-06-29,World Cup,Germany vs Paraguay,junior alonso,cards,3.9
2026-06-28,2026-06-28T23:11:54Z,2026-06-29,World Cup,Germany vs Paraguay,damian bobadilla,cards,4.0
2026-06-28,2026-06-28T23:11:54Z,2026-06-29,World Cup,Germany vs Paraguay,juan jose caceres,cards,3.9
2026-06-28,2026-06-28T23:11:54Z,2026-06-29,World Cup,Germany vs Paraguay,gabriel avalos,cards,5.0
2026-06-28,2026-06-28T23:11:54Z,2026-06-29,World Cup,Germany vs Paraguay,julio cesar enciso,cards,5.0
2026-06-28,2026-06-28T23:11:54Z,2026-06-29,World Cup,Germany vs Paraguay,antonio rudiger,cards,5.0
2026-06-28,2026-06-28T23:11:54Z,2026-06-29,World Cup,Germany vs Paraguay,kai havertz,cards,4.3
2026-06-28,2026-06-28T23:11:54Z,2026-06-29,World Cup,Germany vs Paraguay,victor gustavo velazquez,cards,4.3
2026-06-28,2026-06-28T23:11:54Z,2026-06-29,World Cup,Germany vs Paraguay,aleksandar pavlovic,cards,4.4
2026-06-28,2026-06-28T23:11:54Z,2026-06-29,World Cup,Germany vs Paraguay,mauricio magalhaes prado,cards,4.5
2026-06-28,2026-06-28T23:11:54Z,2026-06-29,World Cup,Germany vs Paraguay,waldemar anton,cards,6.5
2026-06-28,2026-06-28T23:11:54Z,2026-06-29,World Cup,Germany vs Paraguay,david raum,cards,5.5
2026-06-28,2026-06-28T23:11:54Z,2026-06-29,World Cup,Germany vs Paraguay,alex adrian arce barrios,cards,5.5
2026-06-28,2026-06-28T23:11:54Z,2026-06-29,World Cup,Germany vs Paraguay,deniz undav,cards,6.5
2026-06-28,2026-06-28T23:11:54Z,2026-06-29,World Cup,Germany vs Paraguay,leon goretzka,cards,8.0
2026-06-28,2026-06-28T23:11:54Z,2026-06-29,World Cup,Germany vs Paraguay,felix nmecha,cards,7.5
2026-06-28,2026-06-28T23:11:54Z,2026-06-29,World Cup,Germany vs Paraguay,jonathan tah,cards,5.0
2026-06-28,2026-06-28T23:11:54Z,2026-06-29,World Cup,Germany vs Paraguay,miguel almiron,cards,5.0
2026-06-28,2026-06-28T23:11:54Z,2026-06-29,World Cup,Germany vs Paraguay,nathaniel brown,cards,6.5
2026-06-28,2026-06-28T23:11:54Z,2026-06-29,World Cup,Germany vs Paraguay,angelo stiller,cards,5.2
2026-06-28,2026-06-28T23:11:54Z,2026-06-29,World Cup,Germany vs Paraguay,joshua kimmich,cards,5.4
2026-06-28,2026-06-28T23:11:54Z,2026-06-29,World Cup,Germany vs Paraguay,leroy sane,cards,5.5
2026-06-28,2026-06-28T23:11:54Z,2026-06-29,World Cup,Germany vs Paraguay,jamal musiala,cards,7.0
2026-06-28,2026-06-28T23:11:54Z,2026-06-29,World Cup,Germany vs Paraguay,florian wirtz,cards,7.5
2026-06-28,2026-06-28T23:11:54Z,2026-06-30,World Cup,Netherlands vs Morocco,memphis depay,goals,3.3
2026-06-28,2026-06-28T23:11:54Z,2026-06-30,World Cup,Netherlands vs Morocco,wout weghorst,goals,3.25
2026-06-28,2026-06-28T23:11:54Z,2026-06-30,World Cup,Netherlands vs Morocco,brian brobbey,goals,3.42
2026-06-28,2026-06-28T23:11:54Z,2026-06-30,World Cup,Netherlands vs Morocco,cody gakpo,goals,3.52
2026-06-28,2026-06-28T23:11:54Z,2026-06-30,World Cup,Netherlands vs Morocco,guus til,goals,3.8
2026-06-28,2026-06-28T23:11:54Z,2026-06-30,World Cup,Netherlands vs Morocco,donyell malen,goals,3.88
2026-06-28,2026-06-28T23:11:54Z,2026-06-30,World Cup,Netherlands vs Morocco,soufiane rahimi,goals,4.15
2026-06-28,2026-06-28T23:11:54Z,2026-06-30,World Cup,Netherlands vs Morocco,ayoub el kaabi,goals,4.1
2026-06-28,2026-06-28T23:11:54Z,2026-06-30,World Cup,Netherlands vs Morocco,ismael saibari,goals,4.19
2026-06-28,2026-06-28T23:11:54Z,2026-06-30,World Cup,Netherlands vs Morocco,crysencio summerville,goals,4.33
2026-06-28,2026-06-28T23:11:54Z,2026-06-30,World Cup,Netherlands vs Morocco,justin kluivert,goals,4.4
2026-06-28,2026-06-28T23:11:54Z,2026-06-30,World Cup,Netherlands vs Morocco,brahim diaz,goals,4.78
2026-06-28,2026-06-28T23:11:54Z,2026-06-30,World Cup,Netherlands vs Morocco,noa lang,goals,4.5
2026-06-28,2026-06-28T23:11:54Z,2026-06-30,World Cup,Netherlands vs Morocco,mohamed amine sbai,goals,5.0
2026-06-28,2026-06-28T23:11:54Z,2026-06-30,World Cup,Netherlands vs Morocco,teun koopmeiners,goals,5.0
2026-06-28,2026-06-28T23:11:54Z,2026-06-30,World Cup,Netherlands vs Morocco,ayoube amaimouni-echghouyab,goals,5.5
2026-06-28,2026-06-28T23:11:54Z,2026-06-30,World Cup,Netherlands vs Morocco,gessime yassine,goals,6.0
2026-06-28,2026-06-28T23:11:54Z,2026-06-30,World Cup,Netherlands vs Morocco,chemsdine talbi,goals,6.0
2026-06-28,2026-06-28T23:11:54Z,2026-06-30,World Cup,Netherlands vs Morocco,azzedine ounahi,goals,7.5
2026-06-28,2026-06-28T23:11:54Z,2026-06-30,World Cup,Netherlands vs Morocco,tijjani reijnders,goals,6.3
2026-06-28,2026-06-28T23:11:54Z,2026-06-30,World Cup,Netherlands vs Morocco,quinten timber,goals,8.5
2026-06-28,2026-06-28T23:11:54Z,2026-06-30,World Cup,Netherlands vs Morocco,mats wieffer,goals,8.5
2026-06-28,2026-06-28T23:11:54Z,2026-06-30,World Cup,Netherlands vs Morocco,bilal el khannous,goals,8.8
2026-06-28,2026-06-28T23:11:54Z,2026-06-30,World Cup,Netherlands vs Morocco,samir el mourabet,goals,9.0
2026-06-28,2026-06-28T23:11:54Z,2026-06-30,World Cup,Netherlands vs Morocco,neil el aynaoui,goals,9.2
2026-06-28,2026-06-28T23:11:54Z,2026-06-30,World Cup,Netherlands vs Morocco,achraf hakimi,goals,10.0
2026-06-28,2026-06-28T23:11:54Z,2026-06-30,World Cup,Netherlands vs Morocco,marten de roon,goals,11.0
2026-06-28,2026-06-28T23:11:54Z,2026-06-30,World Cup,Netherlands vs Morocco,virgil van dijk,goals,11.0
2026-06-28,2026-06-28T23:11:54Z,2026-06-30,World Cup,Netherlands vs Morocco,sofyan amrabat,goals,15.0
2026-06-28,2026-06-28T23:11:54Z,2026-06-30,World Cup,Netherlands vs Morocco,denzel dumfries,goals,11.0
2026-06-28,2026-06-28T23:11:54Z,2026-06-30,World Cup,Netherlands vs Morocco,lutsharel geertruida,goals,11.0
2026-06-28,2026-06-28T23:11:54Z,2026-06-30,World Cup,Netherlands vs Morocco,zakaria el ouahdi,goals,12.0
2026-06-28,2026-06-28T23:11:54Z,2026-06-30,World Cup,Netherlands vs Morocco,jorrel hato,goals,12.0
2026-06-28,2026-06-28T23:11:54Z,2026-06-30,World Cup,Netherlands vs Morocco,micky van de ven,goals,13.0
2026-06-28,2026-06-28T23:11:54Z,2026-06-30,World Cup,Netherlands vs Morocco,marwane saadane,goals,13.0
2026-06-28,2026-06-28T23:11:54Z,2026-06-30,World Cup,Netherlands vs Morocco,youssef belammari,goals,13.0
2026-06-28,2026-06-28T23:11:54Z,2026-06-30,World Cup,Netherlands vs Morocco,ayyoub bouaddi,goals,15.0
2026-06-28,2026-06-28T23:11:54Z,2026-06-30,World Cup,Netherlands vs Morocco,noussair mazraoui,goals,19.0
2026-06-28,2026-06-28T23:11:54Z,2026-06-30,World Cup,Netherlands vs Morocco,nathan ake,goals,15.5
2026-06-28,2026-06-28T23:11:54Z,2026-06-30,World Cup,Netherlands vs Morocco,ryan gravenberch,goals,15.5
2026-06-28,2026-06-28T23:11:54Z,2026-06-30,World Cup,Netherlands vs Morocco,frenkie de jong,goals,15.5
2026-06-28,2026-06-28T23:11:54Z,2026-06-30,World Cup,Netherlands vs Morocco,anass salah-eddine,goals,21.0
2026-06-28,2026-06-28T23:11:54Z,2026-06-30,World Cup,Netherlands vs Morocco,redouane halhal,goals,19.0
2026-06-28,2026-06-28T23:11:54Z,2026-06-30,World Cup,Netherlands vs Morocco,issa diop,goals,21.0
2026-06-28,2026-06-28T23:11:54Z,2026-06-30,World Cup,Netherlands vs Morocco,jan paul van hecke,goals,19.0
2026-06-28,2026-06-28T23:11:54Z,2026-06-30,World Cup,Netherlands vs Morocco,chadi riad,goals,21.0
2026-06-28,2026-06-28T23:11:54Z,2026-06-30,World Cup,Netherlands vs Morocco,virgil van dijk,sot,3.55
2026-06-28,2026-06-28T23:11:54Z,2026-06-30,World Cup,Netherlands vs Morocco,nathan ake,sot,5.75
2026-06-28,2026-06-28T23:11:54Z,2026-06-30,World Cup,Netherlands vs Morocco,memphis depay,sot,1.4
2026-06-28,2026-06-28T23:11:54Z,2026-06-30,World Cup,Netherlands vs Morocco,sofyan amrabat,sot,5.5
2026-06-28,2026-06-28T23:11:54Z,2026-06-30,World Cup,Netherlands vs Morocco,frenkie de jong,sot,3.4
2026-06-28,2026-06-28T23:11:54Z,2026-06-30,World Cup,Netherlands vs Morocco,marten de roon,sot,4.1
2026-06-28,2026-06-28T23:11:54Z,2026-06-30,World Cup,Netherlands vs Morocco,issa diop,sot,7.0
2026-06-28,2026-06-28T23:11:54Z,2026-06-30,World Cup,Netherlands vs Morocco,achraf hakimi,sot,2.95
2026-06-28,2026-06-28T23:11:54Z,2026-06-30,World Cup,Netherlands vs Morocco,denzel dumfries,sot,3.3
2026-06-28,2026-06-28T23:11:54Z,2026-06-30,World Cup,Netherlands vs Morocco,guus til,sot,1.67
2026-06-28,2026-06-28T23:11:54Z,2026-06-30,World Cup,Netherlands vs Morocco,wout weghorst,sot,1.6
2026-06-28,2026-06-28T23:11:54Z,2026-06-30,World Cup,Netherlands vs Morocco,brahim diaz,sot,2.05
2026-06-28,2026-06-28T23:11:54Z,2026-06-30,World Cup,Netherlands vs Morocco,marwane saadane,sot,4.5
2026-06-28,2026-06-28T23:11:54Z,2026-06-30,World Cup,Netherlands vs Morocco,donyell malen,sot,1.55
2026-06-28,2026-06-28T23:11:54Z,2026-06-30,World Cup,Netherlands vs Morocco,teun koopmeiners,sot,1.91
2026-06-28,2026-06-28T23:11:54Z,2026-06-30,World Cup,Netherlands vs Morocco,lutsharel geertruida,sot,4.8
2026-06-28,2026-06-28T23:11:54Z,2026-06-30,World Cup,Netherlands vs Morocco,noussair mazraoui,sot,7.5
2026-06-28,2026-06-28T23:11:54Z,2026-06-30,World Cup,Netherlands vs Morocco,cody gakpo,sot,1.45
2026-06-28,2026-06-28T23:11:54Z,2026-06-30,World Cup,Netherlands vs Morocco,noa lang,sot,1.85
2026-06-28,2026-06-28T23:11:54Z,2026-06-30,World Cup,Netherlands vs Morocco,ayoub el kaabi,sot,1.8
2026-06-28,2026-06-28T23:11:54Z,2026-06-30,World Cup,Netherlands vs Morocco,ryan gravenberch,sot,3.6
2026-06-28,2026-06-28T23:11:54Z,2026-06-30,World Cup,Netherlands vs Morocco,jan paul van hecke,sot,5.5
2026-06-28,2026-06-28T23:11:54Z,2026-06-30,World Cup,Netherlands vs Morocco,mats wieffer,sot,3.5
2026-06-28,2026-06-28T23:11:54Z,2026-06-30,World Cup,Netherlands vs Morocco,azzedine ounahi,sot,2.5
2026-06-28,2026-06-28T23:11:54Z,2026-06-30,World Cup,Netherlands vs Morocco,justin kluivert,sot,1.74
2026-06-28,2026-06-28T23:11:54Z,2026-06-30,World Cup,Netherlands vs Morocco,chadi riad,sot,6.5
2026-06-28,2026-06-28T23:11:54Z,2026-06-30,World Cup,Netherlands vs Morocco,ismael saibari,sot,1.72
2026-06-28,2026-06-28T23:11:54Z,2026-06-30,World Cup,Netherlands vs Morocco,brian brobbey,sot,1.45
2026-06-28,2026-06-28T23:11:54Z,2026-06-30,World Cup,Netherlands vs Morocco,quinten timber,sot,2.45
2026-06-28,2026-06-28T23:11:54Z,2026-06-30,World Cup,Netherlands vs Morocco,neil el aynaoui,sot,3.65
2026-06-28,2026-06-28T23:11:54Z,2026-06-30,World Cup,Netherlands vs Morocco,micky van de ven,sot,5.25
2026-06-28,2026-06-28T23:11:54Z,2026-06-30,World Cup,Netherlands vs Morocco,redouane halhal,sot,6.5
2026-06-28,2026-06-28T23:11:54Z,2026-06-30,World Cup,Netherlands vs Morocco,crysencio summerville,sot,1.71
2026-06-28,2026-06-28T23:11:54Z,2026-06-30,World Cup,Netherlands vs Morocco,soufiane rahimi,sot,1.73
2026-06-28,2026-06-28T23:11:54Z,2026-06-30,World Cup,Netherlands vs Morocco,bilal el khannous,sot,3.6
2026-06-28,2026-06-28T23:11:54Z,2026-06-30,World Cup,Netherlands vs Morocco,anass salah-eddine,sot,7.0
2026-06-28,2026-06-28T23:11:54Z,2026-06-30,World Cup,Netherlands vs Morocco,mohamed amine sbai,sot,2.15
2026-06-28,2026-06-28T23:11:54Z,2026-06-30,World Cup,Netherlands vs Morocco,jorrel hato,sot,4.4
2026-06-28,2026-06-28T23:11:54Z,2026-06-30,World Cup,Netherlands vs Morocco,tijjani reijnders,sot,2.15
2026-06-28,2026-06-28T23:11:54Z,2026-06-30,World Cup,Netherlands vs Morocco,chemsdine talbi,sot,2.45
2026-06-28,2026-06-28T23:11:54Z,2026-06-30,World Cup,Netherlands vs Morocco,zakaria el ouahdi,sot,3.6
2026-06-28,2026-06-28T23:11:54Z,2026-06-30,World Cup,Netherlands vs Morocco,ayyoub bouaddi,sot,5.75
2026-06-28,2026-06-28T23:11:54Z,2026-06-30,World Cup,Netherlands vs Morocco,samir el mourabet,sot,3.6
2026-06-28,2026-06-28T23:11:54Z,2026-06-30,World Cup,Netherlands vs Morocco,gessime yassine,sot,2.6
2026-06-28,2026-06-28T23:11:54Z,2026-06-30,World Cup,Netherlands vs Morocco,youssef belammari,sot,5.0
2026-06-28,2026-06-28T23:11:54Z,2026-06-30,World Cup,Netherlands vs Morocco,ayoube amaimouni-echghouyab,sot,1.8
2026-06-28,2026-06-28T23:11:54Z,2026-06-30,World Cup,Netherlands vs Morocco,virgil van dijk,sot2,23.0
2026-06-28,2026-06-28T23:11:54Z,2026-06-30,World Cup,Netherlands vs Morocco,memphis depay,sot2,2.85
2026-06-28,2026-06-28T23:11:54Z,2026-06-30,World Cup,Netherlands vs Morocco,frenkie de jong,sot2,15.0
2026-06-28,2026-06-28T23:11:54Z,2026-06-30,World Cup,Netherlands vs Morocco,marten de roon,sot2,26.0
2026-06-28,2026-06-28T23:11:54Z,2026-06-30,World Cup,Netherlands vs Morocco,achraf hakimi,sot2,12.0
2026-06-28,2026-06-28T23:11:54Z,2026-06-30,World Cup,Netherlands vs Morocco,denzel dumfries,sot2,18.0
2026-06-28,2026-06-28T23:11:54Z,2026-06-30,World Cup,Netherlands vs Morocco,guus til,sot2,2.95
2026-06-28,2026-06-28T23:11:54Z,2026-06-30,World Cup,Netherlands vs Morocco,wout weghorst,sot2,3.3
2026-06-28,2026-06-28T23:11:54Z,2026-06-30,World Cup,Netherlands vs Morocco,brahim diaz,sot2,6.5
2026-06-28,2026-06-28T23:11:54Z,2026-06-30,World Cup,Netherlands vs Morocco,marwane saadane,sot2,31.0
2026-06-28,2026-06-28T23:11:54Z,2026-06-30,World Cup,Netherlands vs Morocco,donyell malen,sot2,3.85
2026-06-28,2026-06-28T23:11:54Z,2026-06-30,World Cup,Netherlands vs Morocco,teun koopmeiners,sot2,5.5
2026-06-28,2026-06-28T23:11:54Z,2026-06-30,World Cup,Netherlands vs Morocco,cody gakpo,sot2,3.15
2026-06-28,2026-06-28T23:11:54Z,2026-06-30,World Cup,Netherlands vs Morocco,noa lang,sot2,4.5
2026-06-28,2026-06-28T23:11:54Z,2026-06-30,World Cup,Netherlands vs Morocco,ayoub el kaabi,sot2,5.0
2026-06-28,2026-06-28T23:11:54Z,2026-06-30,World Cup,Netherlands vs Morocco,ryan gravenberch,sot2,17.0
2026-06-28,2026-06-28T23:11:54Z,2026-06-30,World Cup,Netherlands vs Morocco,mats wieffer,sot2,20.0
2026-06-28,2026-06-28T23:11:54Z,2026-06-30,World Cup,Netherlands vs Morocco,azzedine ounahi,sot2,10.5
2026-06-28,2026-06-28T23:11:54Z,2026-06-30,World Cup,Netherlands vs Morocco,justin kluivert,sot2,4.7
2026-06-28,2026-06-28T23:11:54Z,2026-06-30,World Cup,Netherlands vs Morocco,ismael saibari,sot2,4.5
2026-06-28,2026-06-28T23:11:54Z,2026-06-30,World Cup,Netherlands vs Morocco,brian brobbey,sot2,3.6
2026-06-28,2026-06-28T23:11:54Z,2026-06-30,World Cup,Netherlands vs Morocco,quinten timber,sot2,10.0
2026-06-28,2026-06-28T23:11:54Z,2026-06-30,World Cup,Netherlands vs Morocco,neil el aynaoui,sot2,21.0
2026-06-28,2026-06-28T23:11:54Z,2026-06-30,World Cup,Netherlands vs Morocco,crysencio summerville,sot2,4.6
2026-06-28,2026-06-28T23:11:54Z,2026-06-30,World Cup,Netherlands vs Morocco,soufiane rahimi,sot2,4.4
2026-06-28,2026-06-28T23:11:54Z,2026-06-30,World Cup,Netherlands vs Morocco,bilal el khannous,sot2,12.0
2026-06-28,2026-06-28T23:11:54Z,2026-06-30,World Cup,Netherlands vs Morocco,mohamed amine sbai,sot2,5.75
2026-06-28,2026-06-28T23:11:54Z,2026-06-30,World Cup,Netherlands vs Morocco,jorrel hato,sot2,31.0
2026-06-28,2026-06-28T23:11:54Z,2026-06-30,World Cup,Netherlands vs Morocco,tijjani reijnders,sot2,7.5
2026-06-28,2026-06-28T23:11:54Z,2026-06-30,World Cup,Netherlands vs Morocco,chemsdine talbi,sot2,7.5
2026-06-28,2026-06-28T23:11:54Z,2026-06-30,World Cup,Netherlands vs Morocco,zakaria el ouahdi,sot2,10.0
2026-06-28,2026-06-28T23:11:54Z,2026-06-30,World Cup,Netherlands vs Morocco,samir el mourabet,sot2,18.0
2026-06-28,2026-06-28T23:11:54Z,2026-06-30,World Cup,Netherlands vs Morocco,gessime yassine,sot2,6.5
2026-06-28,2026-06-28T23:11:54Z,2026-06-30,World Cup,Netherlands vs Morocco,ayoube amaimouni-echghouyab,sot2,4.4
2026-06-28,2026-06-28T23:11:54Z,2026-06-30,World Cup,Netherlands vs Morocco,memphis depay,sot3,7.5
2026-06-28,2026-06-28T23:11:54Z,2026-06-30,World Cup,Netherlands vs Morocco,guus til,sot3,8.0
2026-06-28,2026-06-28T23:11:54Z,2026-06-30,World Cup,Netherlands vs Morocco,wout weghorst,sot3,9.5
2026-06-28,2026-06-28T23:11:54Z,2026-06-30,World Cup,Netherlands vs Morocco,brahim diaz,sot3,29.0
2026-06-28,2026-06-28T23:11:54Z,2026-06-30,World Cup,Netherlands vs Morocco,donyell malen,sot3,12.0
2026-06-28,2026-06-28T23:11:54Z,2026-06-30,World Cup,Netherlands vs Morocco,teun koopmeiners,sot3,20.0
2026-06-28,2026-06-28T23:11:54Z,2026-06-30,World Cup,Netherlands vs Morocco,cody gakpo,sot3,8.5
2026-06-28,2026-06-28T23:11:54Z,2026-06-30,World Cup,Netherlands vs Morocco,noa lang,sot3,16.0
2026-06-28,2026-06-28T23:11:54Z,2026-06-30,World Cup,Netherlands vs Morocco,ayoub el kaabi,sot3,19.0
2026-06-28,2026-06-28T23:11:54Z,2026-06-30,World Cup,Netherlands vs Morocco,justin kluivert,sot3,16.0
2026-06-28,2026-06-28T23:11:54Z,2026-06-30,World Cup,Netherlands vs Morocco,ismael saibari,sot3,15.0
2026-06-28,2026-06-28T23:11:54Z,2026-06-30,World Cup,Netherlands vs Morocco,brian brobbey,sot3,11.0
2026-06-28,2026-06-28T23:11:54Z,2026-06-30,World Cup,Netherlands vs Morocco,crysencio summerville,sot3,16.0
2026-06-28,2026-06-28T23:11:54Z,2026-06-30,World Cup,Netherlands vs Morocco,soufiane rahimi,sot3,15.0
2026-06-28,2026-06-28T23:11:54Z,2026-06-30,World Cup,Netherlands vs Morocco,mohamed amine sbai,sot3,23.0
2026-06-28,2026-06-28T23:11:54Z,2026-06-30,World Cup,Netherlands vs Morocco,tijjani reijnders,sot3,31.0
2026-06-28,2026-06-28T23:11:54Z,2026-06-30,World Cup,Netherlands vs Morocco,gessime yassine,sot3,26.0
2026-06-28,2026-06-28T23:11:54Z,2026-06-30,World Cup,Netherlands vs Morocco,ayoube amaimouni-echghouyab,sot3,15.0
2026-06-28,2026-06-28T23:11:54Z,2026-06-30,World Cup,Netherlands vs Morocco,sofyan amrabat,cards,3.1
2026-06-28,2026-06-28T23:11:54Z,2026-06-30,World Cup,Netherlands vs Morocco,zakaria el ouahdi,cards,4.0
2026-06-28,2026-06-28T23:11:54Z,2026-06-30,World Cup,Netherlands vs Morocco,achraf hakimi,cards,4.0
2026-06-28,2026-06-28T23:11:54Z,2026-06-30,World Cup,Netherlands vs Morocco,ryan gravenberch,cards,4.0
2026-06-28,2026-06-28T23:11:54Z,2026-06-30,World Cup,Netherlands vs Morocco,soufiane rahimi,cards,5.0
2026-06-28,2026-06-28T23:11:54Z,2026-06-30,World Cup,Netherlands vs Morocco,issa diop,cards,3.6
2026-06-28,2026-06-28T23:11:54Z,2026-06-30,World Cup,Netherlands vs Morocco,frenkie de jong,cards,5.0
2026-06-28,2026-06-28T23:11:54Z,2026-06-30,World Cup,Netherlands vs Morocco,denzel dumfries,cards,4.0
2026-06-28,2026-06-28T23:11:54Z,2026-06-30,World Cup,Netherlands vs Morocco,noussair mazraoui,cards,4.5
2026-06-28,2026-06-28T23:11:54Z,2026-06-30,World Cup,Netherlands vs Morocco,ayyoub bouaddi,cards,3.8
2026-06-28,2026-06-28T23:11:54Z,2026-06-30,World Cup,Netherlands vs Morocco,azzedine ounahi,cards,4.5
2026-06-28,2026-06-28T23:11:54Z,2026-06-30,World Cup,Netherlands vs Morocco,brian brobbey,cards,4.0
2026-06-28,2026-06-28T23:11:54Z,2026-06-30,World Cup,Netherlands vs Morocco,ayoub el kaabi,cards,6.0
2026-06-28,2026-06-28T23:11:54Z,2026-06-30,World Cup,Netherlands vs Morocco,memphis depay,cards,5.0
2026-06-28,2026-06-28T23:11:54Z,2026-06-30,World Cup,Netherlands vs Morocco,neil el aynaoui,cards,4.2
2026-06-28,2026-06-28T23:11:54Z,2026-06-30,World Cup,Netherlands vs Morocco,anass salah-eddine,cards,4.3
2026-06-28,2026-06-28T23:11:54Z,2026-06-30,World Cup,Netherlands vs Morocco,jan paul van hecke,cards,4.4
2026-06-28,2026-06-28T23:11:54Z,2026-06-30,World Cup,Netherlands vs Morocco,crysencio summerville,cards,4.5
2026-06-28,2026-06-28T23:11:54Z,2026-06-30,World Cup,Netherlands vs Morocco,micky van de ven,cards,4.6
2026-06-28,2026-06-28T23:11:54Z,2026-06-30,World Cup,Netherlands vs Morocco,cody gakpo,cards,6.0
2026-06-28,2026-06-28T23:11:54Z,2026-06-30,World Cup,Netherlands vs Morocco,bilal el khannous,cards,4.8
2026-06-28,2026-06-28T23:11:54Z,2026-06-30,World Cup,Netherlands vs Morocco,tijjani reijnders,cards,6.0
2026-06-28,2026-06-28T23:11:54Z,2026-06-30,World Cup,Netherlands vs Morocco,nathan ake,cards,6.0
2026-06-28,2026-06-28T23:11:54Z,2026-06-30,World Cup,Netherlands vs Morocco,virgil van dijk,cards,5.2
2026-06-28,2026-06-28T23:11:54Z,2026-06-30,World Cup,Netherlands vs Morocco,brahim diaz,cards,5.3
2026-06-28,2026-06-28T23:11:54Z,2026-06-30,World Cup,Netherlands vs Morocco,chadi riad,cards,5.3
2026-06-28,2026-06-28T23:11:54Z,2026-06-30,World Cup,Netherlands vs Morocco,redouane halhal,cards,5.4
2026-06-28,2026-06-28T23:11:54Z,2026-06-30,World Cup,Netherlands vs Morocco,donyell malen,cards,6.0
2026-06-28,2026-06-28T23:11:54Z,2026-06-30,World Cup,Netherlands vs Morocco,ismael saibari,cards,5.8
2026-06-28,2026-06-28T23:11:54Z,2026-06-30,World Cup,Ivory Coast vs Norway,erling braut haaland,goals,1.85
2026-06-28,2026-06-28T23:11:54Z,2026-06-30,World Cup,Ivory Coast vs Norway,alexander sorloth,goals,3.2
2026-06-28,2026-06-28T23:11:54Z,2026-06-30,World Cup,Ivory Coast vs Norway,yan diomande,goals,5.0
2026-06-28,2026-06-28T23:11:54Z,2026-06-30,World Cup,Ivory Coast vs Norway,nicolas pepe,goals,4.5
2026-06-28,2026-06-28T23:11:54Z,2026-06-30,World Cup,Ivory Coast vs Norway,sepe elye wahi,goals,4.2
2026-06-28,2026-06-28T23:11:54Z,2026-06-30,World Cup,Ivory Coast vs Norway,amad diallo,goals,4.5
2026-06-28,2026-06-28T23:11:54Z,2026-06-30,World Cup,Ivory Coast vs Norway,ange-yoan bonny,goals,4.0
2026-06-28,2026-06-28T23:11:54Z,2026-06-30,World Cup,Ivory Coast vs Norway,antonio nusa,goals,5.6
2026-06-28,2026-06-28T23:11:54Z,2026-06-30,World Cup,Ivory Coast vs Norway,andreas schjelderup,goals,4.9
2026-06-28,2026-06-28T23:11:54Z,2026-06-30,World Cup,Ivory Coast vs Norway,oscar bobb,goals,5.0
2026-06-28,2026-06-28T23:11:54Z,2026-06-30,World Cup,Ivory Coast vs Norway,martin odegaard,goals,6.5
2026-06-28,2026-06-28T23:11:54Z,2026-06-30,World Cup,Ivory Coast vs Norway,franck kessie,goals,6.6
2026-06-28,2026-06-28T23:11:54Z,2026-06-30,World Cup,Ivory Coast vs Norway,patrick berg,goals,8.0
2026-06-28,2026-06-28T23:11:54Z,2026-06-30,World Cup,Ivory Coast vs Norway,seko fofana,goals,8.5
2026-06-28,2026-06-28T23:11:54Z,2026-06-30,World Cup,Ivory Coast vs Norway,ibrahim sangare,goals,10.0
2026-06-28,2026-06-28T23:11:54Z,2026-06-30,World Cup,Ivory Coast vs Norway,fredrik aursnes,goals,9.6
2026-06-28,2026-06-28T23:11:54Z,2026-06-30,World Cup,Ivory Coast vs Norway,christ ravynel inao oulai,goals,9.0
2026-06-28,2026-06-28T23:11:54Z,2026-06-30,World Cup,Ivory Coast vs Norway,sander berge,goals,11.0
2026-06-28,2026-06-28T23:11:54Z,2026-06-30,World Cup,Ivory Coast vs Norway,kristoffer ajer,goals,17.0
2026-06-28,2026-06-28T23:11:54Z,2026-06-30,World Cup,Ivory Coast vs Norway,leo skiri ostigard,goals,15.0
2026-06-28,2026-06-28T23:11:54Z,2026-06-30,World Cup,Ivory Coast vs Norway,torbjorn lysaker heggem,goals,13.5
2026-06-28,2026-06-28T23:11:54Z,2026-06-30,World Cup,Ivory Coast vs Norway,marcus pedersen,goals,12.0
2026-06-28,2026-06-28T23:11:54Z,2026-06-30,World Cup,Ivory Coast vs Norway,david moller wolfe,goals,13.5
2026-06-28,2026-06-28T23:11:54Z,2026-06-30,World Cup,Ivory Coast vs Norway,guela doue,goals,19.0
2026-06-28,2026-06-28T23:11:54Z,2026-06-30,World Cup,Ivory Coast vs Norway,christopher operi,goals,15.5
2026-06-28,2026-06-28T23:11:54Z,2026-06-30,World Cup,Ivory Coast vs Norway,wilfried stephane singo,goals,15.0
2026-06-28,2026-06-28T23:11:54Z,2026-06-30,World Cup,Ivory Coast vs Norway,odilon kossounou,goals,17.0
2026-06-28,2026-06-28T23:11:54Z,2026-06-30,World Cup,Ivory Coast vs Norway,emmanuel agbadou,goals,14.0
2026-06-28,2026-06-28T23:11:54Z,2026-06-30,World Cup,Ivory Coast vs Norway,ghislain niclomande konan,goals,14.0
2026-06-28,2026-06-28T23:11:54Z,2026-06-30,World Cup,Ivory Coast vs Norway,ousmane diomande,goals,16.0
2026-06-28,2026-06-28T23:11:54Z,2026-06-30,World Cup,Ivory Coast vs Norway,jorgen strand larsen,goals,2.88
2026-06-28,2026-06-28T23:11:54Z,2026-06-30,World Cup,Ivory Coast vs Norway,evann guessand,goals,3.5
2026-06-28,2026-06-28T23:11:54Z,2026-06-30,World Cup,Ivory Coast vs Norway,oumar diakite,goals,3.75
2026-06-28,2026-06-28T23:11:54Z,2026-06-30,World Cup,Ivory Coast vs Norway,jens petter hauge,goals,3.75
2026-06-28,2026-06-28T23:11:54Z,2026-06-30,World Cup,Ivory Coast vs Norway,thelo aasgaard,goals,4.33
2026-06-28,2026-06-28T23:11:54Z,2026-06-30,World Cup,Ivory Coast vs Norway,parfait guiagon,goals,4.33
2026-06-28,2026-06-28T23:11:54Z,2026-06-30,World Cup,Ivory Coast vs Norway,kristian thorstvedt,goals,4.33
2026-06-28,2026-06-28T23:11:54Z,2026-06-30,World Cup,Ivory Coast vs Norway,simon adingra,goals,4.5
2026-06-28,2026-06-28T23:11:54Z,2026-06-30,World Cup,Ivory Coast vs Norway,bazoumana toure,goals,5.0
2026-06-28,2026-06-28T23:11:54Z,2026-06-30,World Cup,Ivory Coast vs Norway,morten thorsby,goals,6.0
2026-06-28,2026-06-28T23:11:54Z,2026-06-30,World Cup,Ivory Coast vs Norway,jean michael seri,goals,8.5
2026-06-28,2026-06-28T23:11:54Z,2026-06-30,World Cup,Ivory Coast vs Norway,henrik falchener,goals,9.5
2026-06-28,2026-06-28T23:11:54Z,2026-06-30,World Cup,Ivory Coast vs Norway,fredrik andre bjorkan,goals,10.0
2026-06-28,2026-06-28T23:11:54Z,2026-06-30,World Cup,Ivory Coast vs Norway,julian ryerson,goals,13.0
2026-06-28,2026-06-28T23:11:54Z,2026-06-30,World Cup,Ivory Coast vs Norway,sondre klinge langas,goals,13.0
2026-06-28,2026-06-28T23:11:54Z,2026-06-30,World Cup,Ivory Coast vs Norway,evan ndicka,goals,13.0
2026-06-28,2026-06-28T23:11:54Z,2026-06-30,World Cup,Ivory Coast vs Norway,marcus pedersen,sot,4.0
2026-06-28,2026-06-28T23:11:54Z,2026-06-30,World Cup,Ivory Coast vs Norway,kristoffer ajer,sot,5.75
2026-06-28,2026-06-28T23:11:54Z,2026-06-30,World Cup,Ivory Coast vs Norway,alexander sorloth,sot,1.47
2026-06-28,2026-06-28T23:11:54Z,2026-06-30,World Cup,Ivory Coast vs Norway,seko fofana,sot,2.9
2026-06-28,2026-06-28T23:11:54Z,2026-06-30,World Cup,Ivory Coast vs Norway,sander berge,sot,3.9
2026-06-28,2026-06-28T23:11:54Z,2026-06-30,World Cup,Ivory Coast vs Norway,patrick berg,sot,2.7
2026-06-28,2026-06-28T23:11:54Z,2026-06-30,World Cup,Ivory Coast vs Norway,martin odegaard,sot,2.1
2026-06-28,2026-06-28T23:11:54Z,2026-06-30,World Cup,Ivory Coast vs Norway,julian ryerson,sot,4.0
2026-06-28,2026-06-28T23:11:54Z,2026-06-30,World Cup,Ivory Coast vs Norway,fredrik andre bjorkan,sot,4.8
2026-06-28,2026-06-28T23:11:54Z,2026-06-30,World Cup,Ivory Coast vs Norway,jens petter hauge,sot,1.71
2026-06-28,2026-06-28T23:11:54Z,2026-06-30,World Cup,Ivory Coast vs Norway,ibrahim sangare,sot,3.9
2026-06-28,2026-06-28T23:11:54Z,2026-06-30,World Cup,Ivory Coast vs Norway,nicolas pepe,sot,1.86
2026-06-28,2026-06-28T23:11:54Z,2026-06-30,World Cup,Ivory Coast vs Norway,christopher operi,sot,4.9
2026-06-28,2026-06-28T23:11:54Z,2026-06-30,World Cup,Ivory Coast vs Norway,morten thorsby,sot,2.15
2026-06-28,2026-06-28T23:11:54Z,2026-06-30,World Cup,Ivory Coast vs Norway,leo skiri ostigard,sot,4.2
2026-06-28,2026-06-28T23:11:54Z,2026-06-30,World Cup,Ivory Coast vs Norway,franck kessie,sot,2.45
2026-06-28,2026-06-28T23:11:54Z,2026-06-30,World Cup,Ivory Coast vs Norway,evan ndicka,sot,5.8
2026-06-28,2026-06-28T23:11:54Z,2026-06-30,World Cup,Ivory Coast vs Norway,jean michael seri,sot,3.75
2026-06-28,2026-06-28T23:11:54Z,2026-06-30,World Cup,Ivory Coast vs Norway,torbjorn lysaker heggem,sot,5.8
2026-06-28,2026-06-28T23:11:54Z,2026-06-30,World Cup,Ivory Coast vs Norway,ghislain niclomande konan,sot,5.0
2026-06-28,2026-06-28T23:11:54Z,2026-06-30,World Cup,Ivory Coast vs Norway,wilfried stephane singo,sot,5.0
2026-06-28,2026-06-28T23:11:54Z,2026-06-30,World Cup,Ivory Coast vs Norway,odilon kossounou,sot,5.8
2026-06-28,2026-06-28T23:11:54Z,2026-06-30,World Cup,Ivory Coast vs Norway,kristian thorstvedt,sot,1.91
2026-06-28,2026-06-28T23:11:54Z,2026-06-30,World Cup,Ivory Coast vs Norway,evann guessand,sot,1.95
2026-06-28,2026-06-28T23:11:54Z,2026-06-30,World Cup,Ivory Coast vs Norway,henrik falchener,sot,4.1
2026-06-28,2026-06-28T23:11:54Z,2026-06-30,World Cup,Ivory Coast vs Norway,emmanuel agbadou,sot,4.1
2026-06-28,2026-06-28T23:11:54Z,2026-06-30,World Cup,Ivory Coast vs Norway,ange-yoan bonny,sot,1.64
2026-06-28,2026-06-28T23:11:54Z,2026-06-30,World Cup,Ivory Coast vs Norway,sepe elye wahi,sot,1.67
2026-06-28,2026-06-28T23:11:54Z,2026-06-30,World Cup,Ivory Coast vs Norway,andreas schjelderup,sot,1.8
2026-06-28,2026-06-28T23:11:54Z,2026-06-30,World Cup,Ivory Coast vs Norway,amad diallo,sot,1.71
2026-06-28,2026-06-28T23:11:54Z,2026-06-30,World Cup,Ivory Coast vs Norway,erling braut haaland,sot,1.18
2026-06-28,2026-06-28T23:11:54Z,2026-06-30,World Cup,Ivory Coast vs Norway,fredrik aursnes,sot,2.9
2026-06-28,2026-06-28T23:11:54Z,2026-06-30,World Cup,Ivory Coast vs Norway,simon adingra,sot,1.95
2026-06-28,2026-06-28T23:11:54Z,2026-06-30,World Cup,Ivory Coast vs Norway,david moller wolfe,sot,4.6
2026-06-28,2026-06-28T23:11:54Z,2026-06-30,World Cup,Ivory Coast vs Norway,antonio nusa,sot,1.73
2026-06-28,2026-06-28T23:11:54Z,2026-06-30,World Cup,Ivory Coast vs Norway,oscar bobb,sot,1.86
2026-06-28,2026-06-28T23:11:54Z,2026-06-30,World Cup,Ivory Coast vs Norway,ousmane diomande,sot,5.75
2026-06-28,2026-06-28T23:11:54Z,2026-06-30,World Cup,Ivory Coast vs Norway,parfait guiagon,sot,2.25
2026-06-28,2026-06-28T23:11:54Z,2026-06-30,World Cup,Ivory Coast vs Norway,oumar diakite,sot,1.8
2026-06-28,2026-06-28T23:11:54Z,2026-06-30,World Cup,Ivory Coast vs Norway,guela doue,sot,4.0
2026-06-28,2026-06-28T23:11:54Z,2026-06-30,World Cup,Ivory Coast vs Norway,bazoumana toure,sot,2.0
2026-06-28,2026-06-28T23:11:54Z,2026-06-30,World Cup,Ivory Coast vs Norway,christ ravynel inao oulai,sot,3.4
2026-06-28,2026-06-28T23:11:54Z,2026-06-30,World Cup,Ivory Coast vs Norway,jorgen strand larsen,sot,1.37
2026-06-28,2026-06-28T23:11:54Z,2026-06-30,World Cup,Ivory Coast vs Norway,yan diomande,sot,1.85
2026-06-28,2026-06-28T23:11:54Z,2026-06-30,World Cup,Ivory Coast vs Norway,thelo aasgaard,sot,1.67
2026-06-28,2026-06-28T23:11:54Z,2026-06-30,World Cup,Ivory Coast vs Norway,sondre klinge langas,sot,5.0
2026-06-28,2026-06-28T23:11:54Z,2026-06-30,World Cup,Ivory Coast vs Norway,marcus pedersen,sot2,26.0
2026-06-28,2026-06-28T23:11:54Z,2026-06-30,World Cup,Ivory Coast vs Norway,alexander sorloth,sot2,3.25
2026-06-28,2026-06-28T23:11:54Z,2026-06-30,World Cup,Ivory Coast vs Norway,seko fofana,sot2,14.0
2026-06-28,2026-06-28T23:11:54Z,2026-06-30,World Cup,Ivory Coast vs Norway,sander berge,sot2,19.0
2026-06-28,2026-06-28T23:11:54Z,2026-06-30,World Cup,Ivory Coast vs Norway,patrick berg,sot2,10.0
2026-06-28,2026-06-28T23:11:54Z,2026-06-30,World Cup,Ivory Coast vs Norway,martin odegaard,sot2,7.0
2026-06-28,2026-06-28T23:11:54Z,2026-06-30,World Cup,Ivory Coast vs Norway,julian ryerson,sot2,15.0
2026-06-28,2026-06-28T23:11:54Z,2026-06-30,World Cup,Ivory Coast vs Norway,jens petter hauge,sot2,4.6
2026-06-28,2026-06-28T23:11:54Z,2026-06-30,World Cup,Ivory Coast vs Norway,ibrahim sangare,sot2,10.5
2026-06-28,2026-06-28T23:11:54Z,2026-06-30,World Cup,Ivory Coast vs Norway,nicolas pepe,sot2,5.75
2026-06-28,2026-06-28T23:11:54Z,2026-06-30,World Cup,Ivory Coast vs Norway,morten thorsby,sot2,7.0
2026-06-28,2026-06-28T23:11:54Z,2026-06-30,World Cup,Ivory Coast vs Norway,leo skiri ostigard,sot2,29.0
2026-06-28,2026-06-28T23:11:54Z,2026-06-30,World Cup,Ivory Coast vs Norway,franck kessie,sot2,10.0
2026-06-28,2026-06-28T23:11:54Z,2026-06-30,World Cup,Ivory Coast vs Norway,jean michael seri,sot2,14.0
2026-06-28,2026-06-28T23:11:54Z,2026-06-30,World Cup,Ivory Coast vs Norway,torbjorn lysaker heggem,sot2,29.0
2026-06-28,2026-06-28T23:11:54Z,2026-06-30,World Cup,Ivory Coast vs Norway,ghislain niclomande konan,sot2,31.0
2026-06-28,2026-06-28T23:11:54Z,2026-06-30,World Cup,Ivory Coast vs Norway,wilfried stephane singo,sot2,21.0
2026-06-28,2026-06-28T23:11:54Z,2026-06-30,World Cup,Ivory Coast vs Norway,kristian thorstvedt,sot2,5.75
2026-06-28,2026-06-28T23:11:54Z,2026-06-30,World Cup,Ivory Coast vs Norway,evann guessand,sot2,6.0
2026-06-28,2026-06-28T23:11:54Z,2026-06-30,World Cup,Ivory Coast vs Norway,henrik falchener,sot2,26.0
2026-06-28,2026-06-28T23:11:54Z,2026-06-30,World Cup,Ivory Coast vs Norway,emmanuel agbadou,sot2,26.0
2026-06-28,2026-06-28T23:11:54Z,2026-06-30,World Cup,Ivory Coast vs Norway,ange-yoan bonny,sot2,4.2
2026-06-28,2026-06-28T23:11:54Z,2026-06-30,World Cup,Ivory Coast vs Norway,sepe elye wahi,sot2,3.85
2026-06-28,2026-06-28T23:11:54Z,2026-06-30,World Cup,Ivory Coast vs Norway,andreas schjelderup,sot2,4.2
2026-06-28,2026-06-28T23:11:54Z,2026-06-30,World Cup,Ivory Coast vs Norway,amad diallo,sot2,4.5
2026-06-28,2026-06-28T23:11:54Z,2026-06-30,World Cup,Ivory Coast vs Norway,erling braut haaland,sot2,1.83
2026-06-28,2026-06-28T23:11:54Z,2026-06-30,World Cup,Ivory Coast vs Norway,fredrik aursnes,sot2,11.0
2026-06-28,2026-06-28T23:11:54Z,2026-06-30,World Cup,Ivory Coast vs Norway,simon adingra,sot2,6.0
2026-06-28,2026-06-28T23:11:54Z,2026-06-30,World Cup,Ivory Coast vs Norway,david moller wolfe,sot2,29.0
2026-06-28,2026-06-28T23:11:54Z,2026-06-30,World Cup,Ivory Coast vs Norway,antonio nusa,sot2,4.3
2026-06-28,2026-06-28T23:11:54Z,2026-06-30,World Cup,Ivory Coast vs Norway,oscar bobb,sot2,5.5
2026-06-28,2026-06-28T23:11:54Z,2026-06-30,World Cup,Ivory Coast vs Norway,parfait guiagon,sot2,6.0
2026-06-28,2026-06-28T23:11:54Z,2026-06-30,World Cup,Ivory Coast vs Norway,oumar diakite,sot2,4.3
2026-06-28,2026-06-28T23:11:54Z,2026-06-30,World Cup,Ivory Coast vs Norway,guela doue,sot2,26.0
2026-06-28,2026-06-28T23:11:54Z,2026-06-30,World Cup,Ivory Coast vs Norway,bazoumana toure,sot2,6.5
2026-06-28,2026-06-28T23:11:54Z,2026-06-30,World Cup,Ivory Coast vs Norway,christ ravynel inao oulai,sot2,8.5
2026-06-28,2026-06-28T23:11:54Z,2026-06-30,World Cup,Ivory Coast vs Norway,jorgen strand larsen,sot2,2.65
2026-06-28,2026-06-28T23:11:54Z,2026-06-30,World Cup,Ivory Coast vs Norway,yan diomande,sot2,5.25
2026-06-28,2026-06-28T23:11:54Z,2026-06-30,World Cup,Ivory Coast vs Norway,thelo aasgaard,sot2,4.1
2026-06-28,2026-06-28T23:11:54Z,2026-06-30,World Cup,Ivory Coast vs Norway,alexander sorloth,sot3,9.0
2026-06-28,2026-06-28T23:11:54Z,2026-06-30,World Cup,Ivory Coast vs Norway,martin odegaard,sot3,31.0
2026-06-28,2026-06-28T23:11:54Z,2026-06-30,World Cup,Ivory Coast vs Norway,jens petter hauge,sot3,16.0
2026-06-28,2026-06-28T23:11:54Z,2026-06-30,World Cup,Ivory Coast vs Norway,nicolas pepe,sot3,21.0
2026-06-28,2026-06-28T23:11:54Z,2026-06-30,World Cup,Ivory Coast vs Norway,morten thorsby,sot3,29.0
2026-06-28,2026-06-28T23:11:54Z,2026-06-30,World Cup,Ivory Coast vs Norway,kristian thorstvedt,sot3,23.0
2026-06-28,2026-06-28T23:11:54Z,2026-06-30,World Cup,Ivory Coast vs Norway,evann guessand,sot3,26.0
2026-06-28,2026-06-28T23:11:54Z,2026-06-30,World Cup,Ivory Coast vs Norway,ange-yoan bonny,sot3,14.0
2026-06-28,2026-06-28T23:11:54Z,2026-06-30,World Cup,Ivory Coast vs Norway,sepe elye wahi,sot3,12.0
2026-06-28,2026-06-28T23:11:54Z,2026-06-30,World Cup,Ivory Coast vs Norway,andreas schjelderup,sot3,14.0
2026-06-28,2026-06-28T23:11:54Z,2026-06-30,World Cup,Ivory Coast vs Norway,amad diallo,sot3,16.0
2026-06-28,2026-06-28T23:11:54Z,2026-06-30,World Cup,Ivory Coast vs Norway,erling braut haaland,sot3,3.6
2026-06-28,2026-06-28T23:11:54Z,2026-06-30,World Cup,Ivory Coast vs Norway,simon adingra,sot3,26.0
2026-06-28,2026-06-28T23:11:54Z,2026-06-30,World Cup,Ivory Coast vs Norway,antonio nusa,sot3,15.0
2026-06-28,2026-06-28T23:11:54Z,2026-06-30,World Cup,Ivory Coast vs Norway,oscar bobb,sot3,21.0
2026-06-28,2026-06-28T23:11:54Z,2026-06-30,World Cup,Ivory Coast vs Norway,parfait guiagon,sot3,26.0
2026-06-28,2026-06-28T23:11:54Z,2026-06-30,World Cup,Ivory Coast vs Norway,oumar diakite,sot3,14.0
2026-06-28,2026-06-28T23:11:54Z,2026-06-30,World Cup,Ivory Coast vs Norway,bazoumana toure,sot3,29.0
2026-06-28,2026-06-28T23:11:54Z,2026-06-30,World Cup,Ivory Coast vs Norway,jorgen strand larsen,sot3,6.5
2026-06-28,2026-06-28T23:11:54Z,2026-06-30,World Cup,Ivory Coast vs Norway,yan diomande,sot3,19.0
2026-06-28,2026-06-28T23:11:54Z,2026-06-30,World Cup,Ivory Coast vs Norway,thelo aasgaard,sot3,13.0
2026-06-28,2026-06-28T23:11:54Z,2026-06-30,World Cup,France vs Sweden,kylian mbappe,goals,1.68
2026-06-28,2026-06-28T23:11:54Z,2026-06-30,World Cup,France vs Sweden,marcus thuram,goals,2.1
2026-06-28,2026-06-28T23:11:54Z,2026-06-30,World Cup,France vs Sweden,jean-philippe mateta,goals,2.15
2026-06-28,2026-06-28T23:11:54Z,2026-06-30,World Cup,France vs Sweden,ousmane dembele,goals,2.34
2026-06-28,2026-06-28T23:11:54Z,2026-06-30,World Cup,France vs Sweden,desire doue,goals,2.8
2026-06-28,2026-06-28T23:11:54Z,2026-06-30,World Cup,France vs Sweden,michael olise,goals,2.7
2026-06-28,2026-06-28T23:11:54Z,2026-06-30,World Cup,France vs Sweden,rayan cherki,goals,2.65
2026-06-28,2026-06-28T23:11:54Z,2026-06-30,World Cup,France vs Sweden,bradley barcola,goals,2.8
2026-06-28,2026-06-28T23:11:54Z,2026-06-30,World Cup,France vs Sweden,maghnes akliouche,goals,3.1
2026-06-28,2026-06-28T23:11:54Z,2026-06-30,World Cup,France vs Sweden,viktor gyokeres,goals,4.5
2026-06-28,2026-06-28T23:11:54Z,2026-06-30,World Cup,France vs Sweden,alexander isak,goals,4.33
2026-06-28,2026-06-28T23:11:54Z,2026-06-30,World Cup,France vs Sweden,adrien rabiot,goals,5.4
2026-06-28,2026-06-28T23:11:54Z,2026-06-30,World Cup,France vs Sweden,gustaf nilsson,goals,5.0
2026-06-28,2026-06-28T23:11:54Z,2026-06-30,World Cup,France vs Sweden,warren zaire-emery,goals,5.5
2026-06-28,2026-06-28T23:11:54Z,2026-06-30,World Cup,France vs Sweden,n'golo kante,goals,5.5
2026-06-28,2026-06-28T23:11:54Z,2026-06-30,World Cup,France vs Sweden,anthony elanga,goals,7.0
2026-06-28,2026-06-28T23:11:54Z,2026-06-30,World Cup,France vs Sweden,mattias svanberg,goals,11.0
2026-06-28,2026-06-28T23:11:54Z,2026-06-30,World Cup,France vs Sweden,jules kounde,goals,11.0
2026-06-28,2026-06-28T23:11:54Z,2026-06-30,World Cup,France vs Sweden,theo hernandez,goals,8.0
2026-06-28,2026-06-28T23:11:54Z,2026-06-30,World Cup,France vs Sweden,aurelien tchouameni,goals,8.5
2026-06-28,2026-06-28T23:11:54Z,2026-06-30,World Cup,France vs Sweden,manu kone,goals,7.4
2026-06-28,2026-06-28T23:11:54Z,2026-06-30,World Cup,France vs Sweden,yasin ayari,goals,11.5
2026-06-28,2026-06-28T23:11:54Z,2026-06-30,World Cup,France vs Sweden,benjamin nygren,goals,8.0
2026-06-28,2026-06-28T23:11:54Z,2026-06-30,World Cup,France vs Sweden,alexander bernhardsson,goals,13.0
2026-06-28,2026-06-28T23:11:54Z,2026-06-30,World Cup,France vs Sweden,taha abdi ali,goals,8.5
2026-06-28,2026-06-28T23:11:54Z,2026-06-30,World Cup,France vs Sweden,elliot stroud,goals,11.0
2026-06-28,2026-06-28T23:11:54Z,2026-06-30,World Cup,France vs Sweden,dayot upamecano,goals,9.5
2026-06-28,2026-06-28T23:11:54Z,2026-06-30,World Cup,France vs Sweden,besfort zeneli,goals,10.0
2026-06-28,2026-06-28T23:11:54Z,2026-06-30,World Cup,France vs Sweden,malo gusto,goals,10.0
2026-06-28,2026-06-28T23:11:54Z,2026-06-30,World Cup,France vs Sweden,lucas digne,goals,10.0
2026-06-28,2026-06-28T23:11:54Z,2026-06-30,World Cup,France vs Sweden,lucas bergvall,goals,11.5
2026-06-28,2026-06-28T23:11:54Z,2026-06-30,World Cup,France vs Sweden,herman johansson,goals,12.0
2026-06-28,2026-06-28T23:11:54Z,2026-06-30,World Cup,France vs Sweden,ken sema,goals,12.0
2026-06-28,2026-06-28T23:11:54Z,2026-06-30,World Cup,France vs Sweden,lucas hernandez,goals,12.0
2026-06-28,2026-06-28T23:11:54Z,2026-06-30,World Cup,France vs Sweden,ibrahim konate,goals,12.0
2026-06-28,2026-06-28T23:11:54Z,2026-06-30,World Cup,France vs Sweden,william saliba,goals,13.0
2026-06-28,2026-06-28T23:11:54Z,2026-06-30,World Cup,France vs Sweden,maxence lacroix,goals,16.5
2026-06-28,2026-06-28T23:11:54Z,2026-06-30,World Cup,France vs Sweden,gustaf lagerbielke,goals,21.0
2026-06-28,2026-06-28T23:11:54Z,2026-06-30,World Cup,France vs Sweden,eric smith,goals,19.0
2026-06-28,2026-06-28T23:11:54Z,2026-06-30,World Cup,France vs Sweden,daniel svensson,goals,19.0
2026-06-28,2026-06-28T23:11:54Z,2026-06-30,World Cup,France vs Sweden,gabriel gudmundsson,goals,21.0
2026-06-28,2026-06-28T23:11:54Z,2026-06-30,World Cup,France vs Sweden,carl starfelt,goals,23.0
2026-06-28,2026-06-28T23:11:54Z,2026-06-30,World Cup,France vs Sweden,jesper karlstrom,goals,23.0
2026-06-28,2026-06-28T23:11:54Z,2026-06-30,World Cup,France vs Sweden,hjalmar ekdal,goals,23.0
2026-06-28,2026-06-28T23:11:54Z,2026-06-30,World Cup,France vs Sweden,victor lindelof,goals,34.0
2026-06-28,2026-06-28T23:11:54Z,2026-06-30,World Cup,France vs Sweden,isak hien,goals,31.0
2026-06-28,2026-06-28T23:11:54Z,2026-06-30,World Cup,France vs Sweden,ken sema,sot,4.0
2026-06-28,2026-06-28T23:11:54Z,2026-06-30,World Cup,France vs Sweden,eric smith,sot,6.5
2026-06-28,2026-06-28T23:11:54Z,2026-06-30,World Cup,France vs Sweden,adrien rabiot,sot,2.0
2026-06-28,2026-06-28T23:11:54Z,2026-06-30,World Cup,France vs Sweden,lucas digne,sot,3.75
2026-06-28,2026-06-28T23:11:54Z,2026-06-30,World Cup,France vs Sweden,gustaf nilsson,sot,1.91
2026-06-28,2026-06-28T23:11:54Z,2026-06-30,World Cup,France vs Sweden,mattias svanberg,sot,2.7
2026-06-28,2026-06-28T23:11:54Z,2026-06-30,World Cup,France vs Sweden,ousmane dembele,sot,1.26
2026-06-28,2026-06-28T23:11:54Z,2026-06-30,World Cup,France vs Sweden,jules kounde,sot,4.4
2026-06-28,2026-06-28T23:11:54Z,2026-06-30,World Cup,France vs Sweden,alexander isak,sot,1.86
2026-06-28,2026-06-28T23:11:54Z,2026-06-30,World Cup,France vs Sweden,victor lindelof,sot,6.5
2026-06-28,2026-06-28T23:11:54Z,2026-06-30,World Cup,France vs Sweden,dayot upamecano,sot,3.75
2026-06-28,2026-06-28T23:11:54Z,2026-06-30,World Cup,France vs Sweden,jean-philippe mateta,sot,1.2
2026-06-28,2026-06-28T23:11:54Z,2026-06-30,World Cup,France vs Sweden,marcus thuram,sot,1.27
2026-06-28,2026-06-28T23:11:54Z,2026-06-30,World Cup,France vs Sweden,gabriel gudmundsson,sot,5.8
2026-06-28,2026-06-28T23:11:54Z,2026-06-30,World Cup,France vs Sweden,ibrahim konate,sot,4.0
2026-06-28,2026-06-28T23:11:54Z,2026-06-30,World Cup,France vs Sweden,theo hernandez,sot,2.7
2026-06-28,2026-06-28T23:11:54Z,2026-06-30,World Cup,France vs Sweden,aurelien tchouameni,sot,2.6
2026-06-28,2026-06-28T23:11:54Z,2026-06-30,World Cup,France vs Sweden,kylian mbappe,sot,1.12
2026-06-28,2026-06-28T23:11:54Z,2026-06-30,World Cup,France vs Sweden,n'golo kante,sot,2.9
2026-06-28,2026-06-28T23:11:54Z,2026-06-30,World Cup,France vs Sweden,lucas hernandez,sot,5.0
2026-06-28,2026-06-28T23:11:54Z,2026-06-30,World Cup,France vs Sweden,william saliba,sot,4.6
2026-06-28,2026-06-28T23:11:54Z,2026-06-30,World Cup,France vs Sweden,maxence lacroix,sot,3.1
2026-06-28,2026-06-28T23:11:54Z,2026-06-30,World Cup,France vs Sweden,michael olise,sot,1.33
2026-06-28,2026-06-28T23:11:54Z,2026-06-30,World Cup,France vs Sweden,hjalmar ekdal,sot,9.0
2026-06-28,2026-06-28T23:11:54Z,2026-06-30,World Cup,France vs Sweden,benjamin nygren,sot,2.45
2026-06-28,2026-06-28T23:11:54Z,2026-06-30,World Cup,France vs Sweden,bradley barcola,sot,1.35
2026-06-28,2026-06-28T23:11:54Z,2026-06-30,World Cup,France vs Sweden,rayan cherki,sot,1.44
2026-06-28,2026-06-28T23:11:54Z,2026-06-30,World Cup,France vs Sweden,carl starfelt,sot,6.5
2026-06-28,2026-06-28T23:11:54Z,2026-06-30,World Cup,France vs Sweden,alexander bernhardsson,sot,3.4
2026-06-28,2026-06-28T23:11:54Z,2026-06-30,World Cup,France vs Sweden,yasin ayari,sot,2.7
2026-06-28,2026-06-28T23:11:54Z,2026-06-30,World Cup,France vs Sweden,anthony elanga,sot,2.5
2026-06-28,2026-06-28T23:11:54Z,2026-06-30,World Cup,France vs Sweden,malo gusto,sot,3.75
2026-06-28,2026-06-28T23:11:54Z,2026-06-30,World Cup,France vs Sweden,daniel svensson,sot,5.8
2026-06-28,2026-06-28T23:11:54Z,2026-06-30,World Cup,France vs Sweden,herman johansson,sot,3.75
2026-06-28,2026-06-28T23:11:54Z,2026-06-30,World Cup,France vs Sweden,taha abdi ali,sot,3.4
2026-06-28,2026-06-28T23:11:54Z,2026-06-30,World Cup,France vs Sweden,maghnes akliouche,sot,1.39
2026-06-28,2026-06-28T23:11:54Z,2026-06-30,World Cup,France vs Sweden,gustaf lagerbielke,sot,8.0
2026-06-28,2026-06-28T23:11:54Z,2026-06-30,World Cup,France vs Sweden,desire doue,sot,1.3
2026-06-28,2026-06-28T23:11:54Z,2026-06-30,World Cup,France vs Sweden,besfort zeneli,sot,3.6
2026-06-28,2026-06-28T23:11:54Z,2026-06-30,World Cup,France vs Sweden,lucas bergvall,sot,3.4
2026-06-28,2026-06-28T23:11:54Z,2026-06-30,World Cup,France vs Sweden,warren zaire-emery,sot,2.45
2026-06-28,2026-06-28T23:11:54Z,2026-06-30,World Cup,France vs Sweden,viktor gyokeres,sot,1.8
2026-06-28,2026-06-28T23:11:54Z,2026-06-30,World Cup,France vs Sweden,elliot stroud,sot,3.75
2026-06-28,2026-06-28T23:11:54Z,2026-06-30,World Cup,France vs Sweden,manu kone,sot,2.25
2026-06-28,2026-06-28T23:11:54Z,2026-06-30,World Cup,France vs Sweden,jesper karlstrom,sot,6.5
2026-06-28,2026-06-28T23:11:54Z,2026-06-30,World Cup,France vs Sweden,ken sema,sot2,23.0
2026-06-28,2026-06-28T23:11:54Z,2026-06-30,World Cup,France vs Sweden,adrien rabiot,sot2,5.75
2026-06-28,2026-06-28T23:11:54Z,2026-06-30,World Cup,France vs Sweden,lucas digne,sot2,17.0
2026-06-28,2026-06-28T23:11:54Z,2026-06-30,World Cup,France vs Sweden,gustaf nilsson,sot2,6.0
2026-06-28,2026-06-28T23:11:54Z,2026-06-30,World Cup,France vs Sweden,mattias svanberg,sot2,12.0
2026-06-28,2026-06-28T23:11:54Z,2026-06-30,World Cup,France vs Sweden,ousmane dembele,sot2,2.2
2026-06-28,2026-06-28T23:11:54Z,2026-06-30,World Cup,France vs Sweden,jules kounde,sot2,31.0
2026-06-28,2026-06-28T23:11:54Z,2026-06-30,World Cup,France vs Sweden,alexander isak,sot2,5.5
2026-06-28,2026-06-28T23:11:54Z,2026-06-30,World Cup,France vs Sweden,dayot upamecano,sot2,21.0
2026-06-28,2026-06-28T23:11:54Z,2026-06-30,World Cup,France vs Sweden,jean-philippe mateta,sot2,1.8
2026-06-28,2026-06-28T23:11:54Z,2026-06-30,World Cup,France vs Sweden,marcus thuram,sot2,2.2
2026-06-28,2026-06-28T23:11:54Z,2026-06-30,World Cup,France vs Sweden,gabriel gudmundsson,sot2,13.0
2026-06-28,2026-06-28T23:11:54Z,2026-06-30,World Cup,France vs Sweden,ibrahim konate,sot2,23.0
2026-06-28,2026-06-28T23:11:54Z,2026-06-30,World Cup,France vs Sweden,theo hernandez,sot2,5.75
2026-06-28,2026-06-28T23:11:54Z,2026-06-30,World Cup,France vs Sweden,aurelien tchouameni,sot2,11.0
2026-06-28,2026-06-28T23:11:54Z,2026-06-30,World Cup,France vs Sweden,kylian mbappe,sot2,1.57
2026-06-28,2026-06-28T23:11:54Z,2026-06-30,World Cup,France vs Sweden,n'golo kante,sot2,9.0
2026-06-28,2026-06-28T23:11:54Z,2026-06-30,World Cup,France vs Sweden,lucas hernandez,sot2,16.0
2026-06-28,2026-06-28T23:11:54Z,2026-06-30,World Cup,France vs Sweden,william saliba,sot2,20.0
2026-06-28,2026-06-28T23:11:54Z,2026-06-30,World Cup,France vs Sweden,maxence lacroix,sot2,16.0
2026-06-28,2026-06-28T23:11:54Z,2026-06-30,World Cup,France vs Sweden,michael olise,sot2,2.5
2026-06-28,2026-06-28T23:11:54Z,2026-06-30,World Cup,France vs Sweden,benjamin nygren,sot2,5.25
2026-06-28,2026-06-28T23:11:54Z,2026-06-30,World Cup,France vs Sweden,bradley barcola,sot2,2.45
2026-06-28,2026-06-28T23:11:54Z,2026-06-30,World Cup,France vs Sweden,rayan cherki,sot2,3.05
2026-06-28,2026-06-28T23:11:54Z,2026-06-30,World Cup,France vs Sweden,alexander bernhardsson,sot2,10.0
2026-06-28,2026-06-28T23:11:54Z,2026-06-30,World Cup,France vs Sweden,yasin ayari,sot2,10.5
2026-06-28,2026-06-28T23:11:54Z,2026-06-30,World Cup,France vs Sweden,anthony elanga,sot2,10.0
2026-06-28,2026-06-28T23:11:54Z,2026-06-30,World Cup,France vs Sweden,malo gusto,sot2,14.0
2026-06-28,2026-06-28T23:11:54Z,2026-06-30,World Cup,France vs Sweden,daniel svensson,sot2,26.0
2026-06-28,2026-06-28T23:11:54Z,2026-06-30,World Cup,France vs Sweden,herman johansson,sot2,12.0
2026-06-28,2026-06-28T23:11:54Z,2026-06-30,World Cup,France vs Sweden,taha abdi ali,sot2,6.0
2026-06-28,2026-06-28T23:11:54Z,2026-06-30,World Cup,France vs Sweden,maghnes akliouche,sot2,2.75
2026-06-28,2026-06-28T23:11:54Z,2026-06-30,World Cup,France vs Sweden,desire doue,sot2,2.35
2026-06-28,2026-06-28T23:11:54Z,2026-06-30,World Cup,France vs Sweden,besfort zeneli,sot2,21.0
2026-06-28,2026-06-28T23:11:54Z,2026-06-30,World Cup,France vs Sweden,lucas bergvall,sot2,13.0
2026-06-28,2026-06-28T23:11:54Z,2026-06-30,World Cup,France vs Sweden,warren zaire-emery,sot2,9.0
2026-06-28,2026-06-28T23:11:54Z,2026-06-30,World Cup,France vs Sweden,viktor gyokeres,sot2,4.8
2026-06-28,2026-06-28T23:11:54Z,2026-06-30,World Cup,France vs Sweden,elliot stroud,sot2,13.0
2026-06-28,2026-06-28T23:11:54Z,2026-06-30,World Cup,France vs Sweden,manu kone,sot2,7.0
2026-06-28,2026-06-28T23:11:54Z,2026-06-30,World Cup,France vs Sweden,adrien rabiot,sot3,21.0
2026-06-28,2026-06-28T23:11:54Z,2026-06-30,World Cup,France vs Sweden,gustaf nilsson,sot3,23.0
2026-06-28,2026-06-28T23:11:54Z,2026-06-30,World Cup,France vs Sweden,ousmane dembele,sot3,4.9
2026-06-28,2026-06-28T23:11:54Z,2026-06-30,World Cup,France vs Sweden,alexander isak,sot3,21.0
2026-06-28,2026-06-28T23:11:54Z,2026-06-30,World Cup,France vs Sweden,jean-philippe mateta,sot3,3.5
2026-06-28,2026-06-28T23:11:54Z,2026-06-30,World Cup,France vs Sweden,marcus thuram,sot3,5.0
2026-06-28,2026-06-28T23:11:54Z,2026-06-30,World Cup,France vs Sweden,theo hernandez,sot3,23.0
2026-06-28,2026-06-28T23:11:54Z,2026-06-30,World Cup,France vs Sweden,kylian mbappe,sot3,2.75
2026-06-28,2026-06-28T23:11:54Z,2026-06-30,World Cup,France vs Sweden,michael olise,sot3,6.0
2026-06-28,2026-06-28T23:11:54Z,2026-06-30,World Cup,France vs Sweden,benjamin nygren,sot3,20.0
2026-06-28,2026-06-28T23:11:54Z,2026-06-30,World Cup,France vs Sweden,bradley barcola,sot3,6.0
2026-06-28,2026-06-28T23:11:54Z,2026-06-30,World Cup,France vs Sweden,rayan cherki,sot3,8.5
2026-06-28,2026-06-28T23:11:54Z,2026-06-30,World Cup,France vs Sweden,taha abdi ali,sot3,26.0
2026-06-28,2026-06-28T23:11:54Z,2026-06-30,World Cup,France vs Sweden,maghnes akliouche,sot3,7.0
2026-06-28,2026-06-28T23:11:54Z,2026-06-30,World Cup,France vs Sweden,desire doue,sot3,5.5
2026-06-28,2026-06-28T23:11:54Z,2026-06-30,World Cup,France vs Sweden,viktor gyokeres,sot3,17.0
2026-06-28,2026-06-28T23:11:54Z,2026-06-30,World Cup,France vs Sweden,manu kone,sot3,29.0
2026-06-28,2026-06-28T23:11:54Z,2026-07-01,World Cup,Mexico vs Ecuador,raul jimenez,goals,3.25
2026-06-28,2026-06-28T23:11:54Z,2026-07-01,World Cup,Mexico vs Ecuador,armando gonzalez alba,goals,3.25
2026-06-28,2026-06-28T23:11:54Z,2026-07-01,World Cup,Mexico vs Ecuador,guillermo martinez,goals,3.5
2026-06-28,2026-06-28T23:11:54Z,2026-07-01,World Cup,Mexico vs Ecuador,santiago gimenez,goals,3.5
2026-06-28,2026-06-28T23:11:54Z,2026-07-01,World Cup,Mexico vs Ecuador,enner valencia,goals,3.9
2026-06-28,2026-06-28T23:11:54Z,2026-07-01,World Cup,Mexico vs Ecuador,kevin jose rodriguez cortez,goals,4.0
2026-06-28,2026-06-28T23:11:54Z,2026-07-01,World Cup,Mexico vs Ecuador,julian quinones,goals,4.0
2026-06-28,2026-06-28T23:11:54Z,2026-07-01,World Cup,Mexico vs Ecuador,orbelin pineda,goals,4.5
2026-06-28,2026-06-28T23:11:54Z,2026-07-01,World Cup,Mexico vs Ecuador,jeremy arevalo,goals,4.5
2026-06-28,2026-06-28T23:11:54Z,2026-07-01,World Cup,Mexico vs Ecuador,gilberto rafael mora zambrano,goals,4.5
2026-06-28,2026-06-28T23:11:54Z,2026-07-01,World Cup,Mexico vs Ecuador,jordy josue caicedo medina,goals,5.0
2026-06-28,2026-06-28T23:11:54Z,2026-07-01,World Cup,Mexico vs Ecuador,cesar saul huerta valera,goals,5.0
2026-06-28,2026-06-28T23:11:54Z,2026-07-01,World Cup,Mexico vs Ecuador,ernesto alexis vega,goals,5.0
2026-06-28,2026-06-28T23:11:54Z,2026-07-01,World Cup,Mexico vs Ecuador,brian gutierrez,goals,5.6
2026-06-28,2026-06-28T23:11:54Z,2026-07-01,World Cup,Mexico vs Ecuador,kendry paez,goals,6.0
2026-06-28,2026-06-28T23:11:54Z,2026-07-01,World Cup,Mexico vs Ecuador,roberto alvarado,goals,6.0
2026-06-28,2026-06-28T23:11:54Z,2026-07-01,World Cup,Mexico vs Ecuador,alan steve minda garcia,goals,6.5
2026-06-28,2026-06-28T23:11:54Z,2026-07-01,World Cup,Mexico vs Ecuador,anthony valencia,goals,6.5
2026-06-28,2026-06-28T23:11:54Z,2026-07-01,World Cup,Mexico vs Ecuador,alvaro fidalgo,goals,6.5
2026-06-28,2026-06-28T23:11:54Z,2026-07-01,World Cup,Mexico vs Ecuador,gonzalo plata,goals,6.5
2026-06-28,2026-06-28T23:11:54Z,2026-07-01,World Cup,Mexico vs Ecuador,john yeboah,goals,7.0
2026-06-28,2026-06-28T23:11:54Z,2026-07-01,World Cup,Mexico vs Ecuador,luis chavez,goals,7.0
2026-06-28,2026-06-28T23:11:54Z,2026-07-01,World Cup,Mexico vs Ecuador,nilson david angulo ramirez,goals,7.9
2026-06-28,2026-06-28T23:11:54Z,2026-07-01,World Cup,Mexico vs Ecuador,luis francisco romo barron,goals,9.0
2026-06-28,2026-06-28T23:11:54Z,2026-07-01,World Cup,Mexico vs Ecuador,cesar montes,goals,9.5
2026-06-28,2026-06-28T23:11:54Z,2026-07-01,World Cup,Mexico vs Ecuador,jordy alcivar,goals,9.5
2026-06-28,2026-06-28T23:11:54Z,2026-07-01,World Cup,Mexico vs Ecuador,pedro vite,goals,11.0
2026-06-28,2026-06-28T23:11:54Z,2026-07-01,World Cup,Mexico vs Ecuador,angelo preciado,goals,10.0
2026-06-28,2026-06-28T23:11:54Z,2026-07-01,World Cup,Mexico vs Ecuador,erik lira,goals,23.0
2026-06-28,2026-06-28T23:11:54Z,2026-07-01,World Cup,Mexico vs Ecuador,pervis estupinan,goals,11.0
2026-06-28,2026-06-28T23:11:54Z,2026-07-01,World Cup,Mexico vs Ecuador,edson alvarez,goals,12.0
2026-06-28,2026-06-28T23:11:54Z,2026-07-01,World Cup,Mexico vs Ecuador,denil castillo,goals,12.0
2026-06-28,2026-06-28T23:11:54Z,2026-07-01,World Cup,Mexico vs Ecuador,israel reyes,goals,12.5
2026-06-28,2026-06-28T23:11:54Z,2026-07-01,World Cup,Mexico vs Ecuador,alan steven franco palma,goals,14.5
2026-06-28,2026-06-28T23:11:54Z,2026-07-01,World Cup,Mexico vs Ecuador,johan vasquez,goals,16.5
2026-06-28,2026-06-28T23:11:54Z,2026-07-01,World Cup,Mexico vs Ecuador,jesus gallardo,goals,16.5
2026-06-28,2026-06-28T23:11:54Z,2026-07-01,World Cup,Mexico vs Ecuador,moises caicedo,goals,16.5
2026-06-28,2026-06-28T23:11:54Z,2026-07-01,World Cup,Mexico vs Ecuador,jorge eduardo sanchez ramos,goals,17.0
2026-06-28,2026-06-28T23:11:54Z,2026-07-01,World Cup,Mexico vs Ecuador,mateo chavez garcia,goals,17.0
2026-06-28,2026-06-28T23:11:54Z,2026-07-01,World Cup,Mexico vs Ecuador,yaimar medina,goals,17.0
2026-06-28,2026-06-28T23:11:54Z,2026-07-01,World Cup,Mexico vs Ecuador,jackson gabriel porozo vernaza,goals,17.0
2026-06-28,2026-06-28T23:11:54Z,2026-07-01,World Cup,Mexico vs Ecuador,obed vargas,goals,17.0
2026-06-28,2026-06-28T23:11:54Z,2026-07-01,World Cup,Mexico vs Ecuador,joel ordonez,goals,19.0
2026-06-28,2026-06-28T23:11:54Z,2026-07-01,World Cup,Mexico vs Ecuador,piero hincapie,goals,21.0
2026-06-28,2026-06-28T23:11:54Z,2026-07-01,World Cup,Mexico vs Ecuador,felix torres,goals,23.0
2026-06-28,2026-06-28T23:11:54Z,2026-07-01,World Cup,Mexico vs Ecuador,william joel pacho tenorio,goals,28.0
2026-06-28,2026-06-28T23:11:54Z,2026-07-01,World Cup,Mexico vs Ecuador,raul jimenez,sot,1.5
2026-06-28,2026-06-28T23:11:54Z,2026-07-01,World Cup,Mexico vs Ecuador,enner valencia,sot,1.62
2026-06-28,2026-06-28T23:11:54Z,2026-07-01,World Cup,Mexico vs Ecuador,orbelin pineda,sot,2.9
2026-06-28,2026-06-28T23:11:54Z,2026-07-01,World Cup,Mexico vs Ecuador,cesar montes,sot,4.0
2026-06-28,2026-06-28T23:11:54Z,2026-07-01,World Cup,Mexico vs Ecuador,luis chavez,sot,2.45
2026-06-28,2026-06-28T23:11:54Z,2026-07-01,World Cup,Mexico vs Ecuador,roberto alvarado,sot,2.0
2026-06-28,2026-06-28T23:11:54Z,2026-07-01,World Cup,Mexico vs Ecuador,pervis estupinan,sot,5.8
2026-06-28,2026-06-28T23:11:54Z,2026-07-01,World Cup,Mexico vs Ecuador,jesus gallardo,sot,3.9
2026-06-28,2026-06-28T23:11:54Z,2026-07-01,World Cup,Mexico vs Ecuador,edson alvarez,sot,4.2
2026-06-28,2026-06-28T23:11:54Z,2026-07-01,World Cup,Mexico vs Ecuador,ernesto alexis vega,sot,1.8
2026-06-28,2026-06-28T23:11:54Z,2026-07-01,World Cup,Mexico vs Ecuador,felix torres,sot,7.0
2026-06-28,2026-06-28T23:11:54Z,2026-07-01,World Cup,Mexico vs Ecuador,john yeboah,sot,2.05
2026-06-28,2026-06-28T23:11:54Z,2026-07-01,World Cup,Mexico vs Ecuador,santiago gimenez,sot,1.55
2026-06-28,2026-06-28T23:11:54Z,2026-07-01,World Cup,Mexico vs Ecuador,cesar saul huerta valera,sot,1.91
2026-06-28,2026-06-28T23:11:54Z,2026-07-01,World Cup,Mexico vs Ecuador,angelo preciado,sot,3.9
2026-06-28,2026-06-28T23:11:54Z,2026-07-01,World Cup,Mexico vs Ecuador,gonzalo plata,sot,2.0
2026-06-28,2026-06-28T23:11:54Z,2026-07-01,World Cup,Mexico vs Ecuador,alvaro fidalgo,sot,2.9
2026-06-28,2026-06-28T23:11:54Z,2026-07-01,World Cup,Mexico vs Ecuador,israel reyes,sot,5.8
2026-06-28,2026-06-28T23:11:54Z,2026-07-01,World Cup,Mexico vs Ecuador,jordy alcivar,sot,4.2
2026-06-28,2026-06-28T23:11:54Z,2026-07-01,World Cup,Mexico vs Ecuador,moises caicedo,sot,4.6
2026-06-28,2026-06-28T23:11:54Z,2026-07-01,World Cup,Mexico vs Ecuador,brian gutierrez,sot,1.86
2026-06-28,2026-06-28T23:11:54Z,2026-07-01,World Cup,Mexico vs Ecuador,erik lira,sot,5.8
2026-06-28,2026-06-28T23:11:54Z,2026-07-01,World Cup,Mexico vs Ecuador,jorge eduardo sanchez ramos,sot,6.0
2026-06-28,2026-06-28T23:11:54Z,2026-07-01,World Cup,Mexico vs Ecuador,william joel pacho tenorio,sot,8.0
2026-06-28,2026-06-28T23:11:54Z,2026-07-01,World Cup,Mexico vs Ecuador,julian quinones,sot,1.57
2026-06-28,2026-06-28T23:11:54Z,2026-07-01,World Cup,Mexico vs Ecuador,jordy josue caicedo medina,sot,1.68
2026-06-28,2026-06-28T23:11:54Z,2026-07-01,World Cup,Mexico vs Ecuador,guillermo martinez,sot,1.67
2026-06-28,2026-06-28T23:11:54Z,2026-07-01,World Cup,Mexico vs Ecuador,piero hincapie,sot,8.0
2026-06-28,2026-06-28T23:11:54Z,2026-07-01,World Cup,Mexico vs Ecuador,obed vargas,sot,3.7
2026-06-28,2026-06-28T23:11:54Z,2026-07-01,World Cup,Mexico vs Ecuador,luis francisco romo barron,sot,3.1
2026-06-28,2026-06-28T23:11:54Z,2026-07-01,World Cup,Mexico vs Ecuador,jackson gabriel porozo vernaza,sot,7.5
2026-06-28,2026-06-28T23:11:54Z,2026-07-01,World Cup,Mexico vs Ecuador,pedro vite,sot,3.2
2026-06-28,2026-06-28T23:11:54Z,2026-07-01,World Cup,Mexico vs Ecuador,nilson david angulo ramirez,sot,2.45
2026-06-28,2026-06-28T23:11:54Z,2026-07-01,World Cup,Mexico vs Ecuador,alan steven franco palma,sot,4.0
2026-06-28,2026-06-28T23:11:54Z,2026-07-01,World Cup,Mexico vs Ecuador,johan vasquez,sot,5.0
2026-06-28,2026-06-28T23:11:54Z,2026-07-01,World Cup,Mexico vs Ecuador,anthony valencia,sot,2.7
2026-06-28,2026-06-28T23:11:54Z,2026-07-01,World Cup,Mexico vs Ecuador,joel ordonez,sot,7.5
2026-06-28,2026-06-28T23:11:54Z,2026-07-01,World Cup,Mexico vs Ecuador,alan steve minda garcia,sot,2.15
2026-06-28,2026-06-28T23:11:54Z,2026-07-01,World Cup,Mexico vs Ecuador,yaimar medina,sot,3.9
2026-06-28,2026-06-28T23:11:54Z,2026-07-01,World Cup,Mexico vs Ecuador,kevin jose rodriguez cortez,sot,1.8
2026-06-28,2026-06-28T23:11:54Z,2026-07-01,World Cup,Mexico vs Ecuador,kendry paez,sot,2.45
2026-06-28,2026-06-28T23:11:54Z,2026-07-01,World Cup,Mexico vs Ecuador,jeremy arevalo,sot,2.0
2026-06-28,2026-06-28T23:11:54Z,2026-07-01,World Cup,Mexico vs Ecuador,mateo chavez garcia,sot,5.0
2026-06-28,2026-06-28T23:11:54Z,2026-07-01,World Cup,Mexico vs Ecuador,gilberto rafael mora zambrano,sot,2.15
2026-06-28,2026-06-28T23:11:54Z,2026-07-01,World Cup,Mexico vs Ecuador,armando gonzalez alba,sot,1.6
2026-06-28,2026-06-28T23:11:54Z,2026-07-01,World Cup,Mexico vs Ecuador,denil castillo,sot,3.4
2026-06-28,2026-06-28T23:11:54Z,2026-07-01,World Cup,Mexico vs Ecuador,raul jimenez,sot2,3.3
2026-06-28,2026-06-28T23:11:54Z,2026-07-01,World Cup,Mexico vs Ecuador,enner valencia,sot2,4.1
2026-06-28,2026-06-28T23:11:54Z,2026-07-01,World Cup,Mexico vs Ecuador,orbelin pineda,sot2,12.0
2026-06-28,2026-06-28T23:11:54Z,2026-07-01,World Cup,Mexico vs Ecuador,cesar montes,sot2,26.0
2026-06-28,2026-06-28T23:11:54Z,2026-07-01,World Cup,Mexico vs Ecuador,luis chavez,sot2,10.0
2026-06-28,2026-06-28T23:11:54Z,2026-07-01,World Cup,Mexico vs Ecuador,roberto alvarado,sot2,4.4
2026-06-28,2026-06-28T23:11:54Z,2026-07-01,World Cup,Mexico vs Ecuador,pervis estupinan,sot2,11.0
2026-06-28,2026-06-28T23:11:54Z,2026-07-01,World Cup,Mexico vs Ecuador,jesus gallardo,sot2,21.0
2026-06-28,2026-06-28T23:11:54Z,2026-07-01,World Cup,Mexico vs Ecuador,edson alvarez,sot2,29.0
2026-06-28,2026-06-28T23:11:54Z,2026-07-01,World Cup,Mexico vs Ecuador,ernesto alexis vega,sot2,3.5
2026-06-28,2026-06-28T23:11:54Z,2026-07-01,World Cup,Mexico vs Ecuador,john yeboah,sot2,6.5
2026-06-28,2026-06-28T23:11:54Z,2026-07-01,World Cup,Mexico vs Ecuador,santiago gimenez,sot2,3.25
2026-06-28,2026-06-28T23:11:54Z,2026-07-01,World Cup,Mexico vs Ecuador,cesar saul huerta valera,sot2,4.8
2026-06-28,2026-06-28T23:11:54Z,2026-07-01,World Cup,Mexico vs Ecuador,angelo preciado,sot2,23.0
2026-06-28,2026-06-28T23:11:54Z,2026-07-01,World Cup,Mexico vs Ecuador,gonzalo plata,sot2,6.5
2026-06-28,2026-06-28T23:11:54Z,2026-07-01,World Cup,Mexico vs Ecuador,alvaro fidalgo,sot2,7.0
2026-06-28,2026-06-28T23:11:54Z,2026-07-01,World Cup,Mexico vs Ecuador,jordy alcivar,sot2,29.0
2026-06-28,2026-06-28T23:11:54Z,2026-07-01,World Cup,Mexico vs Ecuador,moises caicedo,sot2,26.0
2026-06-28,2026-06-28T23:11:54Z,2026-07-01,World Cup,Mexico vs Ecuador,brian gutierrez,sot2,5.5
2026-06-28,2026-06-28T23:11:54Z,2026-07-01,World Cup,Mexico vs Ecuador,erik lira,sot2,29.0
2026-06-28,2026-06-28T23:11:54Z,2026-07-01,World Cup,Mexico vs Ecuador,julian quinones,sot2,3.7
2026-06-28,2026-06-28T23:11:54Z,2026-07-01,World Cup,Mexico vs Ecuador,jordy josue caicedo medina,sot2,4.4
2026-06-28,2026-06-28T23:11:54Z,2026-07-01,World Cup,Mexico vs Ecuador,guillermo martinez,sot2,3.15
2026-06-28,2026-06-28T23:11:54Z,2026-07-01,World Cup,Mexico vs Ecuador,obed vargas,sot2,21.0
2026-06-28,2026-06-28T23:11:54Z,2026-07-01,World Cup,Mexico vs Ecuador,luis francisco romo barron,sot2,13.0
2026-06-28,2026-06-28T23:11:54Z,2026-07-01,World Cup,Mexico vs Ecuador,pedro vite,sot2,17.0
2026-06-28,2026-06-28T23:11:54Z,2026-07-01,World Cup,Mexico vs Ecuador,nilson david angulo ramirez,sot2,7.0
2026-06-28,2026-06-28T23:11:54Z,2026-07-01,World Cup,Mexico vs Ecuador,alan steven franco palma,sot2,16.0
2026-06-28,2026-06-28T23:11:54Z,2026-07-01,World Cup,Mexico vs Ecuador,johan vasquez,sot2,19.0
2026-06-28,2026-06-28T23:11:54Z,2026-07-01,World Cup,Mexico vs Ecuador,anthony valencia,sot2,8.5
2026-06-28,2026-06-28T23:11:54Z,2026-07-01,World Cup,Mexico vs Ecuador,alan steve minda garcia,sot2,7.5
2026-06-28,2026-06-28T23:11:54Z,2026-07-01,World Cup,Mexico vs Ecuador,yaimar medina,sot2,10.5
2026-06-28,2026-06-28T23:11:54Z,2026-07-01,World Cup,Mexico vs Ecuador,kevin jose rodriguez cortez,sot2,5.25
2026-06-28,2026-06-28T23:11:54Z,2026-07-01,World Cup,Mexico vs Ecuador,kendry paez,sot2,7.0
2026-06-28,2026-06-28T23:11:54Z,2026-07-01,World Cup,Mexico vs Ecuador,jeremy arevalo,sot2,4.0
2026-06-28,2026-06-28T23:11:54Z,2026-07-01,World Cup,Mexico vs Ecuador,gilberto rafael mora zambrano,sot2,5.0
2026-06-28,2026-06-28T23:11:54Z,2026-07-01,World Cup,Mexico vs Ecuador,armando gonzalez alba,sot2,3.05
2026-06-28,2026-06-28T23:11:54Z,2026-07-01,World Cup,Mexico vs Ecuador,denil castillo,sot2,14.0
2026-06-28,2026-06-28T23:11:54Z,2026-07-01,World Cup,Mexico vs Ecuador,raul jimenez,sot3,9.5
2026-06-28,2026-06-28T23:11:54Z,2026-07-01,World Cup,Mexico vs Ecuador,enner valencia,sot3,13.0
2026-06-28,2026-06-28T23:11:54Z,2026-07-01,World Cup,Mexico vs Ecuador,roberto alvarado,sot3,15.0
2026-06-28,2026-06-28T23:11:54Z,2026-07-01,World Cup,Mexico vs Ecuador,ernesto alexis vega,sot3,10.5
2026-06-28,2026-06-28T23:11:54Z,2026-07-01,World Cup,Mexico vs Ecuador,john yeboah,sot3,26.0
2026-06-28,2026-06-28T23:11:54Z,2026-07-01,World Cup,Mexico vs Ecuador,santiago gimenez,sot3,9.0
2026-06-28,2026-06-28T23:11:54Z,2026-07-01,World Cup,Mexico vs Ecuador,cesar saul huerta valera,sot3,17.0
2026-06-28,2026-06-28T23:11:54Z,2026-07-01,World Cup,Mexico vs Ecuador,gonzalo plata,sot3,26.0
2026-06-28,2026-06-28T23:11:54Z,2026-07-01,World Cup,Mexico vs Ecuador,alvaro fidalgo,sot3,31.0
2026-06-28,2026-06-28T23:11:54Z,2026-07-01,World Cup,Mexico vs Ecuador,brian gutierrez,sot3,21.0
2026-06-28,2026-06-28T23:11:54Z,2026-07-01,World Cup,Mexico vs Ecuador,julian quinones,sot3,11.0
2026-06-28,2026-06-28T23:11:54Z,2026-07-01,World Cup,Mexico vs Ecuador,jordy josue caicedo medina,sot3,14.0
2026-06-28,2026-06-28T23:11:54Z,2026-07-01,World Cup,Mexico vs Ecuador,guillermo martinez,sot3,9.0
2026-06-28,2026-06-28T23:11:54Z,2026-07-01,World Cup,Mexico vs Ecuador,nilson david angulo ramirez,sot3,29.0
2026-06-28,2026-06-28T23:11:54Z,2026-07-01,World Cup,Mexico vs Ecuador,alan steve minda garcia,sot3,31.0
2026-06-28,2026-06-28T23:11:54Z,2026-07-01,World Cup,Mexico vs Ecuador,kevin jose rodriguez cortez,sot3,19.0
2026-06-28,2026-06-28T23:11:54Z,2026-07-01,World Cup,Mexico vs Ecuador,kendry paez,sot3,31.0
2026-06-28,2026-06-28T23:11:54Z,2026-07-01,World Cup,Mexico vs Ecuador,jeremy arevalo,sot3,12.0
2026-06-28,2026-06-28T23:11:54Z,2026-07-01,World Cup,Mexico vs Ecuador,gilberto rafael mora zambrano,sot3,18.0
2026-06-28,2026-06-28T23:11:54Z,2026-07-01,World Cup,Mexico vs Ecuador,armando gonzalez alba,sot3,8.5
2026-06-28,2026-06-28T23:11:54Z,2026-07-01,World Cup,Belgium vs Senegal,romelu lukaku,goals,2.6
2026-06-28,2026-06-28T23:11:54Z,2026-07-01,World Cup,Belgium vs Senegal,kevin de bruyne,goals,4.33
2026-06-28,2026-06-28T23:11:54Z,2026-07-01,World Cup,Belgium vs Senegal,nicolas jackson,goals,4.0
2026-06-28,2026-06-28T23:11:54Z,2026-07-01,World Cup,Belgium vs Senegal,matias fernandez pardo,goals,4.0
2026-06-28,2026-06-28T23:11:54Z,2026-07-01,World Cup,Belgium vs Senegal,charles de ketelaere,goals,4.0
2026-06-28,2026-06-28T23:11:54Z,2026-07-01,World Cup,Belgium vs Senegal,jeremy doku,goals,5.0
2026-06-28,2026-06-28T23:11:54Z,2026-07-01,World Cup,Belgium vs Senegal,leandro trossard,goals,4.33
2026-06-28,2026-06-28T23:11:54Z,2026-07-01,World Cup,Belgium vs Senegal,sadio mane,goals,4.5
2026-06-28,2026-06-28T23:11:54Z,2026-07-01,World Cup,Belgium vs Senegal,assane diao,goals,4.33
2026-06-28,2026-06-28T23:11:54Z,2026-07-01,World Cup,Belgium vs Senegal,cheikh ahmadou bamba mbacke dieng,goals,4.33
2026-06-28,2026-06-28T23:11:54Z,2026-07-01,World Cup,Belgium vs Senegal,maxim de cuyper,goals,7.5
2026-06-28,2026-06-28T23:11:54Z,2026-07-01,World Cup,Belgium vs Senegal,cherif ndiaye,goals,4.4
2026-06-28,2026-06-28T23:11:54Z,2026-07-01,World Cup,Belgium vs Senegal,ismaila sarr,goals,4.8
2026-06-28,2026-06-28T23:11:54Z,2026-07-01,World Cup,Belgium vs Senegal,iliman-cheikh ndiaye,goals,5.0
2026-06-28,2026-06-28T23:11:54Z,2026-07-01,World Cup,Belgium vs Senegal,dodi lukebakio,goals,5.0
2026-06-28,2026-06-28T23:11:54Z,2026-07-01,World Cup,Belgium vs Senegal,hans vanaken,goals,5.0
2026-06-28,2026-06-28T23:11:54Z,2026-07-01,World Cup,Belgium vs Senegal,youri tielemans,goals,6.0
2026-06-28,2026-06-28T23:11:54Z,2026-07-01,World Cup,Belgium vs Senegal,ibrahim mbaye,goals,5.9
2026-06-28,2026-06-28T23:11:54Z,2026-07-01,World Cup,Belgium vs Senegal,diego moreira,goals,6.0
2026-06-28,2026-06-28T23:11:54Z,2026-07-01,World Cup,Belgium vs Senegal,thomas meunier,goals,8.0
2026-06-28,2026-06-28T23:11:54Z,2026-07-01,World Cup,Belgium vs Senegal,nicolas raskin,goals,9.5
2026-06-28,2026-06-28T23:11:54Z,2026-07-01,World Cup,Belgium vs Senegal,habib diarra,goals,8.0
2026-06-28,2026-06-28T23:11:54Z,2026-07-01,World Cup,Belgium vs Senegal,krepin diatta,goals,13.0
2026-06-28,2026-06-28T23:11:54Z,2026-07-01,World Cup,Belgium vs Senegal,alexis saelemaekers,goals,8.5
2026-06-28,2026-06-28T23:11:54Z,2026-07-01,World Cup,Belgium vs Senegal,bara ndiaye,goals,9.0
2026-06-28,2026-06-28T23:11:54Z,2026-07-01,World Cup,Belgium vs Senegal,pape sarr,goals,9.5
2026-06-28,2026-06-28T23:11:54Z,2026-07-01,World Cup,Belgium vs Senegal,axel witsel,goals,10.0
2026-06-28,2026-06-28T23:11:54Z,2026-07-01,World Cup,Belgium vs Senegal,amadou onana,goals,10.0
2026-06-28,2026-06-28T23:11:54Z,2026-07-01,World Cup,Belgium vs Senegal,pape alassane gueye,goals,11.0
2026-06-28,2026-06-28T23:11:54Z,2026-07-01,World Cup,Belgium vs Senegal,brandon mechele,goals,12.0
2026-06-28,2026-06-28T23:11:54Z,2026-07-01,World Cup,Belgium vs Senegal,el hadji diouf,goals,11.0
2026-06-28,2026-06-28T23:11:54Z,2026-07-01,World Cup,Belgium vs Senegal,pathe ciss,goals,11.0
2026-06-28,2026-06-28T23:11:54Z,2026-07-01,World Cup,Belgium vs Senegal,lamine camara,goals,11.5
2026-06-28,2026-06-28T23:11:54Z,2026-07-01,World Cup,Belgium vs Senegal,abdoulaye seck,goals,15.0
2026-06-28,2026-06-28T23:11:54Z,2026-07-01,World Cup,Belgium vs Senegal,joaquin seys,goals,12.0
2026-06-28,2026-06-28T23:11:54Z,2026-07-01,World Cup,Belgium vs Senegal,kalidou koulibaly,goals,13.0
2026-06-28,2026-06-28T23:11:54Z,2026-07-01,World Cup,Belgium vs Senegal,koni de winter,goals,15.0
2026-06-28,2026-06-28T23:11:54Z,2026-07-01,World Cup,Belgium vs Senegal,ismail jacobs,goals,15.0
2026-06-28,2026-06-28T23:11:54Z,2026-07-01,World Cup,Belgium vs Senegal,idrissa gana gueye,goals,17.0
2026-06-28,2026-06-28T23:11:54Z,2026-07-01,World Cup,Belgium vs Senegal,nathan ngoy,goals,17.0
2026-06-28,2026-06-28T23:11:54Z,2026-07-01,World Cup,Belgium vs Senegal,timothy castagne,goals,17.0
2026-06-28,2026-06-28T23:11:54Z,2026-07-01,World Cup,Belgium vs Senegal,mamodou sarr,goals,19.0
2026-06-28,2026-06-28T23:11:54Z,2026-07-01,World Cup,Belgium vs Senegal,antoine mendy,goals,19.0
2026-06-28,2026-06-28T23:11:54Z,2026-07-01,World Cup,Belgium vs Senegal,arthur theate,goals,20.0
2026-06-28,2026-06-28T23:11:54Z,2026-07-01,World Cup,Belgium vs Senegal,zeno debast,goals,21.0
2026-06-28,2026-06-28T23:11:54Z,2026-07-01,World Cup,Belgium vs Senegal,moussa niakhate,goals,23.0
2026-06-28,2026-06-28T23:11:54Z,2026-07-01,World Cup,Belgium vs Senegal,sadio mane,sot,1.74
2026-06-28,2026-06-28T23:11:54Z,2026-07-01,World Cup,Belgium vs Senegal,romelu lukaku,sot,1.39
2026-06-28,2026-06-28T23:11:54Z,2026-07-01,World Cup,Belgium vs Senegal,kevin de bruyne,sot,1.83
2026-06-28,2026-06-28T23:11:54Z,2026-07-01,World Cup,Belgium vs Senegal,axel witsel,sot,4.7
2026-06-28,2026-06-28T23:11:54Z,2026-07-01,World Cup,Belgium vs Senegal,kalidou koulibaly,sot,6.5
2026-06-28,2026-06-28T23:11:54Z,2026-07-01,World Cup,Belgium vs Senegal,hans vanaken,sot,2.55
2026-06-28,2026-06-28T23:11:54Z,2026-07-01,World Cup,Belgium vs Senegal,youri tielemans,sot,2.75
2026-06-28,2026-06-28T23:11:54Z,2026-07-01,World Cup,Belgium vs Senegal,thomas meunier,sot,4.5
2026-06-28,2026-06-28T23:11:54Z,2026-07-01,World Cup,Belgium vs Senegal,brandon mechele,sot,5.0
2026-06-28,2026-06-28T23:11:54Z,2026-07-01,World Cup,Belgium vs Senegal,antoine mendy,sot,6.0
2026-06-28,2026-06-28T23:11:54Z,2026-07-01,World Cup,Belgium vs Senegal,dodi lukebakio,sot,1.57
2026-06-28,2026-06-28T23:11:54Z,2026-07-01,World Cup,Belgium vs Senegal,timothy castagne,sot,5.0
2026-06-28,2026-06-28T23:11:54Z,2026-07-01,World Cup,Belgium vs Senegal,leandro trossard,sot,1.71
2026-06-28,2026-06-28T23:11:54Z,2026-07-01,World Cup,Belgium vs Senegal,ismaila sarr,sot,1.9
2026-06-28,2026-06-28T23:11:54Z,2026-07-01,World Cup,Belgium vs Senegal,pape sarr,sot,2.2
2026-06-28,2026-06-28T23:11:54Z,2026-07-01,World Cup,Belgium vs Senegal,moussa niakhate,sot,7.0
2026-06-28,2026-06-28T23:11:54Z,2026-07-01,World Cup,Belgium vs Senegal,cherif ndiaye,sot,1.68
2026-06-28,2026-06-28T23:11:54Z,2026-07-01,World Cup,Belgium vs Senegal,abdoulaye seck,sot,5.0
2026-06-28,2026-06-28T23:11:54Z,2026-07-01,World Cup,Belgium vs Senegal,krepin diatta,sot,4.1
2026-06-28,2026-06-28T23:11:54Z,2026-07-01,World Cup,Belgium vs Senegal,nicolas raskin,sot,2.5
2026-06-28,2026-06-28T23:11:54Z,2026-07-01,World Cup,Belgium vs Senegal,ismail jacobs,sot,5.5
2026-06-28,2026-06-28T23:11:54Z,2026-07-01,World Cup,Belgium vs Senegal,pape alassane gueye,sot,2.5
2026-06-28,2026-06-28T23:11:54Z,2026-07-01,World Cup,Belgium vs Senegal,alexis saelemaekers,sot,1.9
2026-06-28,2026-06-28T23:11:54Z,2026-07-01,World Cup,Belgium vs Senegal,iliman-cheikh ndiaye,sot,2.05
2026-06-28,2026-06-28T23:11:54Z,2026-07-01,World Cup,Belgium vs Senegal,jeremy doku,sot,1.74
2026-06-28,2026-06-28T23:11:54Z,2026-07-01,World Cup,Belgium vs Senegal,pathe ciss,sot,2.9
2026-06-28,2026-06-28T23:11:54Z,2026-07-01,World Cup,Belgium vs Senegal,charles de ketelaere,sot,1.42
2026-06-28,2026-06-28T23:11:54Z,2026-07-01,World Cup,Belgium vs Senegal,maxim de cuyper,sot,2.4
2026-06-28,2026-06-28T23:11:54Z,2026-07-01,World Cup,Belgium vs Senegal,arthur theate,sot,3.45
2026-06-28,2026-06-28T23:11:54Z,2026-07-01,World Cup,Belgium vs Senegal,amadou onana,sot,3.15
2026-06-28,2026-06-28T23:11:54Z,2026-07-01,World Cup,Belgium vs Senegal,nicolas jackson,sot,1.64
2026-06-28,2026-06-28T23:11:54Z,2026-07-01,World Cup,Belgium vs Senegal,koni de winter,sot,6.0
2026-06-28,2026-06-28T23:11:54Z,2026-07-01,World Cup,Belgium vs Senegal,cheikh ahmadou bamba mbacke dieng,sot,1.58
2026-06-28,2026-06-28T23:11:54Z,2026-07-01,World Cup,Belgium vs Senegal,nathan ngoy,sot,5.25
2026-06-28,2026-06-28T23:11:54Z,2026-07-01,World Cup,Belgium vs Senegal,zeno debast,sot,4.6
2026-06-28,2026-06-28T23:11:54Z,2026-07-01,World Cup,Belgium vs Senegal,habib diarra,sot,2.6
2026-06-28,2026-06-28T23:11:54Z,2026-07-01,World Cup,Belgium vs Senegal,diego moreira,sot,2.35
2026-06-28,2026-06-28T23:11:54Z,2026-07-01,World Cup,Belgium vs Senegal,mamodou sarr,sot,6.5
2026-06-28,2026-06-28T23:11:54Z,2026-07-01,World Cup,Belgium vs Senegal,matias fernandez pardo,sot,1.68
2026-06-28,2026-06-28T23:11:54Z,2026-07-01,World Cup,Belgium vs Senegal,el hadji diouf,sot,4.5
2026-06-28,2026-06-28T23:11:54Z,2026-07-01,World Cup,Belgium vs Senegal,joaquin seys,sot,3.35
2026-06-28,2026-06-28T23:11:54Z,2026-07-01,World Cup,Belgium vs Senegal,assane diao,sot,2.1
2026-06-28,2026-06-28T23:11:54Z,2026-07-01,World Cup,Belgium vs Senegal,ibrahim mbaye,sot,1.95
2026-06-28,2026-06-28T23:11:54Z,2026-07-01,World Cup,Belgium vs Senegal,idrissa gana gueye,sot,2.85
2026-06-28,2026-06-28T23:11:54Z,2026-07-01,World Cup,Belgium vs Senegal,bara ndiaye,sot,3.6
2026-06-28,2026-06-28T23:11:54Z,2026-07-01,World Cup,Belgium vs Senegal,lamine camara,sot,3.1
2026-06-28,2026-06-28T23:11:54Z,2026-07-01,World Cup,Belgium vs Senegal,sadio mane,sot2,4.8
2026-06-28,2026-06-28T23:11:54Z,2026-07-01,World Cup,Belgium vs Senegal,romelu lukaku,sot2,2.8
2026-06-28,2026-06-28T23:11:54Z,2026-07-01,World Cup,Belgium vs Senegal,kevin de bruyne,sot2,5.0
2026-06-28,2026-06-28T23:11:54Z,2026-07-01,World Cup,Belgium vs Senegal,hans vanaken,sot2,10.5
2026-06-28,2026-06-28T23:11:54Z,2026-07-01,World Cup,Belgium vs Senegal,youri tielemans,sot2,13.0
2026-06-28,2026-06-28T23:11:54Z,2026-07-01,World Cup,Belgium vs Senegal,thomas meunier,sot2,31.0
2026-06-28,2026-06-28T23:11:54Z,2026-07-01,World Cup,Belgium vs Senegal,dodi lukebakio,sot2,3.75
2026-06-28,2026-06-28T23:11:54Z,2026-07-01,World Cup,Belgium vs Senegal,leandro trossard,sot2,4.6
2026-06-28,2026-06-28T23:11:54Z,2026-07-01,World Cup,Belgium vs Senegal,ismaila sarr,sot2,5.75
2026-06-28,2026-06-28T23:11:54Z,2026-07-01,World Cup,Belgium vs Senegal,pape sarr,sot2,8.0
2026-06-28,2026-06-28T23:11:54Z,2026-07-01,World Cup,Belgium vs Senegal,cherif ndiaye,sot2,4.6
2026-06-28,2026-06-28T23:11:54Z,2026-07-01,World Cup,Belgium vs Senegal,krepin diatta,sot2,26.0
2026-06-28,2026-06-28T23:11:54Z,2026-07-01,World Cup,Belgium vs Senegal,nicolas raskin,sot2,10.5
2026-06-28,2026-06-28T23:11:54Z,2026-07-01,World Cup,Belgium vs Senegal,pape alassane gueye,sot2,10.5
2026-06-28,2026-06-28T23:11:54Z,2026-07-01,World Cup,Belgium vs Senegal,alexis saelemaekers,sot2,5.5
2026-06-28,2026-06-28T23:11:54Z,2026-07-01,World Cup,Belgium vs Senegal,iliman-cheikh ndiaye,sot2,7.0
2026-06-28,2026-06-28T23:11:54Z,2026-07-01,World Cup,Belgium vs Senegal,jeremy doku,sot2,4.8
2026-06-28,2026-06-28T23:11:54Z,2026-07-01,World Cup,Belgium vs Senegal,pathe ciss,sot2,14.0
2026-06-28,2026-06-28T23:11:54Z,2026-07-01,World Cup,Belgium vs Senegal,charles de ketelaere,sot2,2.95
2026-06-28,2026-06-28T23:11:54Z,2026-07-01,World Cup,Belgium vs Senegal,maxim de cuyper,sot2,9.5
2026-06-28,2026-06-28T23:11:54Z,2026-07-01,World Cup,Belgium vs Senegal,arthur theate,sot2,19.0
2026-06-28,2026-06-28T23:11:54Z,2026-07-01,World Cup,Belgium vs Senegal,amadou onana,sot2,16.0
2026-06-28,2026-06-28T23:11:54Z,2026-07-01,World Cup,Belgium vs Senegal,nicolas jackson,sot2,4.4
2026-06-28,2026-06-28T23:11:54Z,2026-07-01,World Cup,Belgium vs Senegal,cheikh ahmadou bamba mbacke dieng,sot2,4.0
2026-06-28,2026-06-28T23:11:54Z,2026-07-01,World Cup,Belgium vs Senegal,habib diarra,sot2,11.0
2026-06-28,2026-06-28T23:11:54Z,2026-07-01,World Cup,Belgium vs Senegal,diego moreira,sot2,8.5
2026-06-28,2026-06-28T23:11:54Z,2026-07-01,World Cup,Belgium vs Senegal,matias fernandez pardo,sot2,4.3
2026-06-28,2026-06-28T23:11:54Z,2026-07-01,World Cup,Belgium vs Senegal,el hadji diouf,sot2,31.0
2026-06-28,2026-06-28T23:11:54Z,2026-07-01,World Cup,Belgium vs Senegal,joaquin seys,sot2,18.0
2026-06-28,2026-06-28T23:11:54Z,2026-07-01,World Cup,Belgium vs Senegal,assane diao,sot2,7.5
2026-06-28,2026-06-28T23:11:54Z,2026-07-01,World Cup,Belgium vs Senegal,ibrahim mbaye,sot2,6.0
2026-06-28,2026-06-28T23:11:54Z,2026-07-01,World Cup,Belgium vs Senegal,idrissa gana gueye,sot2,13.0
2026-06-28,2026-06-28T23:11:54Z,2026-07-01,World Cup,Belgium vs Senegal,bara ndiaye,sot2,21.0
2026-06-28,2026-06-28T23:11:54Z,2026-07-01,World Cup,Belgium vs Senegal,lamine camara,sot2,16.0
2026-06-28,2026-06-28T23:11:54Z,2026-07-01,World Cup,Belgium vs Senegal,sadio mane,sot3,17.0
2026-06-28,2026-06-28T23:11:54Z,2026-07-01,World Cup,Belgium vs Senegal,romelu lukaku,sot3,7.0
2026-06-28,2026-06-28T23:11:54Z,2026-07-01,World Cup,Belgium vs Senegal,kevin de bruyne,sot3,19.0
2026-06-28,2026-06-28T23:11:54Z,2026-07-01,World Cup,Belgium vs Senegal,dodi lukebakio,sot3,11.0
2026-06-28,2026-06-28T23:11:54Z,2026-07-01,World Cup,Belgium vs Senegal,leandro trossard,sot3,16.0
2026-06-28,2026-06-28T23:11:54Z,2026-07-01,World Cup,Belgium vs Senegal,ismaila sarr,sot3,23.0
2026-06-28,2026-06-28T23:11:54Z,2026-07-01,World Cup,Belgium vs Senegal,cherif ndiaye,sot3,16.0
2026-06-28,2026-06-28T23:11:54Z,2026-07-01,World Cup,Belgium vs Senegal,alexis saelemaekers,sot3,23.0
2026-06-28,2026-06-28T23:11:54Z,2026-07-01,World Cup,Belgium vs Senegal,iliman-cheikh ndiaye,sot3,26.0
2026-06-28,2026-06-28T23:11:54Z,2026-07-01,World Cup,Belgium vs Senegal,jeremy doku,sot3,17.0
2026-06-28,2026-06-28T23:11:54Z,2026-07-01,World Cup,Belgium vs Senegal,charles de ketelaere,sot3,8.0
2026-06-28,2026-06-28T23:11:54Z,2026-07-01,World Cup,Belgium vs Senegal,nicolas jackson,sot3,15.0
2026-06-28,2026-06-28T23:11:54Z,2026-07-01,World Cup,Belgium vs Senegal,cheikh ahmadou bamba mbacke dieng,sot3,13.0
2026-06-28,2026-06-28T23:11:54Z,2026-07-01,World Cup,Belgium vs Senegal,matias fernandez pardo,sot3,14.0
2026-06-28,2026-06-28T23:11:54Z,2026-07-01,World Cup,Belgium vs Senegal,assane diao,sot3,31.0
2026-06-28,2026-06-28T23:11:54Z,2026-07-01,World Cup,Belgium vs Senegal,ibrahim mbaye,sot3,23.0
2026-06-28,2026-06-28T23:11:54Z,2026-07-02,World Cup,USA vs Bosnia & Herzegovina,haji wright,goals,2.2
2026-06-28,2026-06-28T23:11:54Z,2026-07-02,World Cup,USA vs Bosnia & Herzegovina,ricardo pepi,goals,2.5
2026-06-28,2026-06-28T23:11:54Z,2026-07-02,World Cup,USA vs Bosnia & Herzegovina,folarin balogun,goals,2.42
2026-06-28,2026-06-28T23:11:54Z,2026-07-02,World Cup,USA vs Bosnia & Herzegovina,christian pulisic,goals,2.6
2026-06-28,2026-06-28T23:11:54Z,2026-07-02,World Cup,USA vs Bosnia & Herzegovina,giovanni reyna,goals,4.0
2026-06-28,2026-06-28T23:11:54Z,2026-07-02,World Cup,USA vs Bosnia & Herzegovina,alejandro zendejas,goals,2.88
2026-06-28,2026-06-28T23:11:54Z,2026-07-02,World Cup,USA vs Bosnia & Herzegovina,brendan aaronson,goals,3.0
2026-06-28,2026-06-28T23:11:54Z,2026-07-02,World Cup,USA vs Bosnia & Herzegovina,timothy weah,goals,4.1
2026-06-28,2026-06-28T23:11:54Z,2026-07-02,World Cup,USA vs Bosnia & Herzegovina,malik tillman,goals,4.5
2026-06-28,2026-06-28T23:11:54Z,2026-07-02,World Cup,USA vs Bosnia & Herzegovina,haris tabakovic,goals,4.5
2026-06-28,2026-06-28T23:11:54Z,2026-07-02,World Cup,USA vs Bosnia & Herzegovina,edin dzeko,goals,4.9
2026-06-28,2026-06-28T23:11:54Z,2026-07-02,World Cup,USA vs Bosnia & Herzegovina,jovo lukic,goals,6.25
2026-06-28,2026-06-28T23:11:54Z,2026-07-02,World Cup,USA vs Bosnia & Herzegovina,sebastian berhalter,goals,5.0
2026-06-28,2026-06-28T23:11:54Z,2026-07-02,World Cup,USA vs Bosnia & Herzegovina,weston mckennie,goals,5.1
2026-06-28,2026-06-28T23:11:54Z,2026-07-02,World Cup,USA vs Bosnia & Herzegovina,ermedin demirovic,goals,5.8
2026-06-28,2026-06-28T23:11:54Z,2026-07-02,World Cup,USA vs Bosnia & Herzegovina,ermin mahmic,goals,8.0
2026-06-28,2026-06-28T23:11:54Z,2026-07-02,World Cup,USA vs Bosnia & Herzegovina,maximilian arfsten,goals,6.0
2026-06-28,2026-06-28T23:11:54Z,2026-07-02,World Cup,USA vs Bosnia & Herzegovina,samed bazdar,goals,6.0
2026-06-28,2026-06-28T23:11:54Z,2026-07-02,World Cup,USA vs Bosnia & Herzegovina,cristian roldan,goals,7.0
2026-06-28,2026-06-28T23:11:54Z,2026-07-02,World Cup,USA vs Bosnia & Herzegovina,kerim alajbegovic,goals,7.5
2026-06-28,2026-06-28T23:11:54Z,2026-07-02,World Cup,USA vs Bosnia & Herzegovina,auston trusty,goals,8.5
2026-06-28,2026-06-28T23:11:54Z,2026-07-02,World Cup,USA vs Bosnia & Herzegovina,esmir bajraktarevic,goals,9.2
2026-06-28,2026-06-28T23:11:54Z,2026-07-02,World Cup,USA vs Bosnia & Herzegovina,tyler adams,goals,9.4
2026-06-28,2026-06-28T23:11:54Z,2026-07-02,World Cup,USA vs Bosnia & Herzegovina,timothy ream,goals,15.0
2026-06-28,2026-06-28T23:11:54Z,2026-07-02,World Cup,USA vs Bosnia & Herzegovina,antonee robinson,goals,9.4
2026-06-28,2026-06-28T23:11:54Z,2026-07-02,World Cup,USA vs Bosnia & Herzegovina,chris richards,goals,9.5
2026-06-28,2026-06-28T23:11:54Z,2026-07-02,World Cup,USA vs Bosnia & Herzegovina,sergino dest,goals,9.4
2026-06-28,2026-06-28T23:11:54Z,2026-07-02,World Cup,USA vs Bosnia & Herzegovina,alex freeman,goals,9.4
2026-06-28,2026-06-28T23:11:54Z,2026-07-02,World Cup,USA vs Bosnia & Herzegovina,armin gigovic,goals,9.5
2026-06-28,2026-06-28T23:11:54Z,2026-07-02,World Cup,USA vs Bosnia & Herzegovina,joseph scally,goals,10.0
2026-06-28,2026-06-28T23:11:54Z,2026-07-02,World Cup,USA vs Bosnia & Herzegovina,amar memic,goals,13.0
2026-06-28,2026-06-28T23:11:54Z,2026-07-02,World Cup,USA vs Bosnia & Herzegovina,mark alexander mckenzie,goals,11.0
2026-06-28,2026-06-28T23:11:54Z,2026-07-02,World Cup,USA vs Bosnia & Herzegovina,miles robinson,goals,11.0
2026-06-28,2026-06-28T23:11:54Z,2026-07-02,World Cup,USA vs Bosnia & Herzegovina,benjamin tahirovic,goals,14.0
2026-06-28,2026-06-28T23:11:54Z,2026-07-02,World Cup,USA vs Bosnia & Herzegovina,dzenis burnic,goals,12.0
2026-06-28,2026-06-28T23:11:54Z,2026-07-02,World Cup,USA vs Bosnia & Herzegovina,amar dedic,goals,19.0
2026-06-28,2026-06-28T23:11:54Z,2026-07-02,World Cup,USA vs Bosnia & Herzegovina,ivan sunjic,goals,16.5
2026-06-28,2026-06-28T23:11:54Z,2026-07-02,World Cup,USA vs Bosnia & Herzegovina,ivan basic,goals,16.5
2026-06-28,2026-06-28T23:11:54Z,2026-07-02,World Cup,USA vs Bosnia & Herzegovina,arjan malic,goals,18.0
2026-06-28,2026-06-28T23:11:54Z,2026-07-02,World Cup,USA vs Bosnia & Herzegovina,amir hadziahmetovic,goals,17.0
2026-06-28,2026-06-28T23:11:54Z,2026-07-02,World Cup,USA vs Bosnia & Herzegovina,nikola katic,goals,20.0
2026-06-28,2026-06-28T23:11:54Z,2026-07-02,World Cup,USA vs Bosnia & Herzegovina,dennis hadzikadunic,goals,19.0
2026-06-28,2026-06-28T23:11:54Z,2026-07-02,World Cup,USA vs Bosnia & Herzegovina,nihad mujakic,goals,23.0
2026-06-28,2026-06-28T23:11:54Z,2026-07-02,World Cup,USA vs Bosnia & Herzegovina,tarik muharemovic,goals,20.0
2026-06-28,2026-06-28T23:11:54Z,2026-07-02,World Cup,USA vs Bosnia & Herzegovina,stjepan radeljic,goals,21.0
2026-06-28,2026-06-28T23:11:54Z,2026-07-02,World Cup,USA vs Bosnia & Herzegovina,sead kolasinac,goals,23.0
2026-06-28,2026-06-28T23:11:54Z,2026-07-02,World Cup,USA vs Bosnia & Herzegovina,haris tabakovic,sot,1.76
2026-06-28,2026-06-28T23:11:54Z,2026-07-02,World Cup,USA vs Bosnia & Herzegovina,edin dzeko,sot,1.76
2026-06-28,2026-06-28T23:11:54Z,2026-07-02,World Cup,USA vs Bosnia & Herzegovina,timothy ream,sot,4.3
2026-06-28,2026-06-28T23:11:54Z,2026-07-02,World Cup,USA vs Bosnia & Herzegovina,alejandro zendejas,sot,1.58
2026-06-28,2026-06-28T23:11:54Z,2026-07-02,World Cup,USA vs Bosnia & Herzegovina,cristian roldan,sot,2.05
2026-06-28,2026-06-28T23:11:54Z,2026-07-02,World Cup,USA vs Bosnia & Herzegovina,tyler adams,sot,3.55
2026-06-28,2026-06-28T23:11:54Z,2026-07-02,World Cup,USA vs Bosnia & Herzegovina,sead kolasinac,sot,4.1
2026-06-28,2026-06-28T23:11:54Z,2026-07-02,World Cup,USA vs Bosnia & Herzegovina,haji wright,sot,1.28
2026-06-28,2026-06-28T23:11:54Z,2026-07-02,World Cup,USA vs Bosnia & Herzegovina,auston trusty,sot,4.0
2026-06-28,2026-06-28T23:11:54Z,2026-07-02,World Cup,USA vs Bosnia & Herzegovina,amir hadziahmetovic,sot,5.5
2026-06-28,2026-06-28T23:11:54Z,2026-07-02,World Cup,USA vs Bosnia & Herzegovina,stjepan radeljic,sot,7.0
2026-06-28,2026-06-28T23:11:54Z,2026-07-02,World Cup,USA vs Bosnia & Herzegovina,dzenis burnic,sot,3.85
2026-06-28,2026-06-28T23:11:54Z,2026-07-02,World Cup,USA vs Bosnia & Herzegovina,miles robinson,sot,3.8
2026-06-28,2026-06-28T23:11:54Z,2026-07-02,World Cup,USA vs Bosnia & Herzegovina,christian pulisic,sot,1.37
2026-06-28,2026-06-28T23:11:54Z,2026-07-02,World Cup,USA vs Bosnia & Herzegovina,antonee robinson,sot,5.25
2026-06-28,2026-06-28T23:11:54Z,2026-07-02,World Cup,USA vs Bosnia & Herzegovina,weston mckennie,sot,1.55
2026-06-28,2026-06-28T23:11:54Z,2026-07-02,World Cup,USA vs Bosnia & Herzegovina,ermedin demirovic,sot,2.25
2026-06-28,2026-06-28T23:11:54Z,2026-07-02,World Cup,USA vs Bosnia & Herzegovina,timothy weah,sot,1.52
2026-06-28,2026-06-28T23:11:54Z,2026-07-02,World Cup,USA vs Bosnia & Herzegovina,chris richards,sot,4.7
2026-06-28,2026-06-28T23:11:54Z,2026-07-02,World Cup,USA vs Bosnia & Herzegovina,nikola katic,sot,6.5
2026-06-28,2026-06-28T23:11:54Z,2026-07-02,World Cup,USA vs Bosnia & Herzegovina,joseph scally,sot,4.5
2026-06-28,2026-06-28T23:11:54Z,2026-07-02,World Cup,USA vs Bosnia & Herzegovina,ivan sunjic,sot,5.0
2026-06-28,2026-06-28T23:11:54Z,2026-07-02,World Cup,USA vs Bosnia & Herzegovina,dennis hadzikadunic,sot,7.0
2026-06-28,2026-06-28T23:11:54Z,2026-07-02,World Cup,USA vs Bosnia & Herzegovina,brendan aaronson,sot,1.57
2026-06-28,2026-06-28T23:11:54Z,2026-07-02,World Cup,USA vs Bosnia & Herzegovina,armin gigovic,sot,2.7
2026-06-28,2026-06-28T23:11:54Z,2026-07-02,World Cup,USA vs Bosnia & Herzegovina,ricardo pepi,sot,1.29
2026-06-28,2026-06-28T23:11:54Z,2026-07-02,World Cup,USA vs Bosnia & Herzegovina,giovanni reyna,sot,1.71
2026-06-28,2026-06-28T23:11:54Z,2026-07-02,World Cup,USA vs Bosnia & Herzegovina,nihad mujakic,sot,7.0
2026-06-28,2026-06-28T23:11:54Z,2026-07-02,World Cup,USA vs Bosnia & Herzegovina,sergino dest,sot,1.86
2026-06-28,2026-06-28T23:11:54Z,2026-07-02,World Cup,USA vs Bosnia & Herzegovina,malik tillman,sot,1.68
2026-06-28,2026-06-28T23:11:54Z,2026-07-02,World Cup,USA vs Bosnia & Herzegovina,sebastian berhalter,sot,1.62
2026-06-28,2026-06-28T23:11:54Z,2026-07-02,World Cup,USA vs Bosnia & Herzegovina,amar dedic,sot,5.0
2026-06-28,2026-06-28T23:11:54Z,2026-07-02,World Cup,USA vs Bosnia & Herzegovina,folarin balogun,sot,1.23
2026-06-28,2026-06-28T23:11:54Z,2026-07-02,World Cup,USA vs Bosnia & Herzegovina,tarik muharemovic,sot,4.9
2026-06-28,2026-06-28T23:11:54Z,2026-07-02,World Cup,USA vs Bosnia & Herzegovina,samed bazdar,sot,1.83
2026-06-28,2026-06-28T23:11:54Z,2026-07-02,World Cup,USA vs Bosnia & Herzegovina,alex freeman,sot,3.0
2026-06-28,2026-06-28T23:11:54Z,2026-07-02,World Cup,USA vs Bosnia & Herzegovina,esmir bajraktarevic,sot,2.45
2026-06-28,2026-06-28T23:11:54Z,2026-07-02,World Cup,USA vs Bosnia & Herzegovina,ivan basic,sot,4.0
2026-06-28,2026-06-28T23:11:54Z,2026-07-02,World Cup,USA vs Bosnia & Herzegovina,benjamin tahirovic,sot,5.25
2026-06-28,2026-06-28T23:11:54Z,2026-07-02,World Cup,USA vs Bosnia & Herzegovina,maximilian arfsten,sot,2.3
2026-06-28,2026-06-28T23:11:54Z,2026-07-02,World Cup,USA vs Bosnia & Herzegovina,jovo lukic,sot,1.76
2026-06-28,2026-06-28T23:11:54Z,2026-07-02,World Cup,USA vs Bosnia & Herzegovina,amar memic,sot,2.5
2026-06-28,2026-06-28T23:11:54Z,2026-07-02,World Cup,USA vs Bosnia & Herzegovina,arjan malic,sot,6.5
2026-06-28,2026-06-28T23:11:54Z,2026-07-02,World Cup,USA vs Bosnia & Herzegovina,kerim alajbegovic,sot,2.1
2026-06-28,2026-06-28T23:11:54Z,2026-07-02,World Cup,USA vs Bosnia & Herzegovina,ermin mahmic,sot,2.4
2026-06-28,2026-06-28T23:11:54Z,2026-07-02,World Cup,USA vs Bosnia & Herzegovina,mark alexander mckenzie,sot,4.1
2026-06-28,2026-06-28T23:11:54Z,2026-07-02,World Cup,USA vs Bosnia & Herzegovina,haris tabakovic,sot2,4.8
2026-06-28,2026-06-28T23:11:54Z,2026-07-02,World Cup,USA vs Bosnia & Herzegovina,edin dzeko,sot2,4.7
2026-06-28,2026-06-28T23:11:54Z,2026-07-02,World Cup,USA vs Bosnia & Herzegovina,timothy ream,sot2,29.0
2026-06-28,2026-06-28T23:11:54Z,2026-07-02,World Cup,USA vs Bosnia & Herzegovina,alejandro zendejas,sot2,3.7
2026-06-28,2026-06-28T23:11:54Z,2026-07-02,World Cup,USA vs Bosnia & Herzegovina,cristian roldan,sot2,6.5
2026-06-28,2026-06-28T23:11:54Z,2026-07-02,World Cup,USA vs Bosnia & Herzegovina,tyler adams,sot2,21.0
2026-06-28,2026-06-28T23:11:54Z,2026-07-02,World Cup,USA vs Bosnia & Herzegovina,sead kolasinac,sot2,26.0
2026-06-28,2026-06-28T23:11:54Z,2026-07-02,World Cup,USA vs Bosnia & Herzegovina,haji wright,sot2,2.2
2026-06-28,2026-06-28T23:11:54Z,2026-07-02,World Cup,USA vs Bosnia & Herzegovina,auston trusty,sot2,26.0
2026-06-28,2026-06-28T23:11:54Z,2026-07-02,World Cup,USA vs Bosnia & Herzegovina,dzenis burnic,sot2,23.0
2026-06-28,2026-06-28T23:11:54Z,2026-07-02,World Cup,USA vs Bosnia & Herzegovina,miles robinson,sot2,23.0
2026-06-28,2026-06-28T23:11:54Z,2026-07-02,World Cup,USA vs Bosnia & Herzegovina,christian pulisic,sot2,2.75
2026-06-28,2026-06-28T23:11:54Z,2026-07-02,World Cup,USA vs Bosnia & Herzegovina,weston mckennie,sot2,3.7
2026-06-28,2026-06-28T23:11:54Z,2026-07-02,World Cup,USA vs Bosnia & Herzegovina,ermedin demirovic,sot2,8.5
2026-06-28,2026-06-28T23:11:54Z,2026-07-02,World Cup,USA vs Bosnia & Herzegovina,timothy weah,sot2,3.4
2026-06-28,2026-06-28T23:11:54Z,2026-07-02,World Cup,USA vs Bosnia & Herzegovina,brendan aaronson,sot2,3.65
2026-06-28,2026-06-28T23:11:54Z,2026-07-02,World Cup,USA vs Bosnia & Herzegovina,armin gigovic,sot2,11.0
2026-06-28,2026-06-28T23:11:54Z,2026-07-02,World Cup,USA vs Bosnia & Herzegovina,ricardo pepi,sot2,2.25
2026-06-28,2026-06-28T23:11:54Z,2026-07-02,World Cup,USA vs Bosnia & Herzegovina,giovanni reyna,sot2,4.4
2026-06-28,2026-06-28T23:11:54Z,2026-07-02,World Cup,USA vs Bosnia & Herzegovina,sergino dest,sot2,5.5
2026-06-28,2026-06-28T23:11:54Z,2026-07-02,World Cup,USA vs Bosnia & Herzegovina,malik tillman,sot2,4.4
2026-06-28,2026-06-28T23:11:54Z,2026-07-02,World Cup,USA vs Bosnia & Herzegovina,sebastian berhalter,sot2,4.1
2026-06-28,2026-06-28T23:11:54Z,2026-07-02,World Cup,USA vs Bosnia & Herzegovina,folarin balogun,sot2,2.05
2026-06-28,2026-06-28T23:11:54Z,2026-07-02,World Cup,USA vs Bosnia & Herzegovina,samed bazdar,sot2,5.0
2026-06-28,2026-06-28T23:11:54Z,2026-07-02,World Cup,USA vs Bosnia & Herzegovina,alex freeman,sot2,15.0
2026-06-28,2026-06-28T23:11:54Z,2026-07-02,World Cup,USA vs Bosnia & Herzegovina,esmir bajraktarevic,sot2,10.0
2026-06-28,2026-06-28T23:11:54Z,2026-07-02,World Cup,USA vs Bosnia & Herzegovina,ivan basic,sot2,26.0
2026-06-28,2026-06-28T23:11:54Z,2026-07-02,World Cup,USA vs Bosnia & Herzegovina,maximilian arfsten,sot2,8.5
2026-06-28,2026-06-28T23:11:54Z,2026-07-02,World Cup,USA vs Bosnia & Herzegovina,jovo lukic,sot2,4.7
2026-06-28,2026-06-28T23:11:54Z,2026-07-02,World Cup,USA vs Bosnia & Herzegovina,amar memic,sot2,10.0
2026-06-28,2026-06-28T23:11:54Z,2026-07-02,World Cup,USA vs Bosnia & Herzegovina,kerim alajbegovic,sot2,6.5
2026-06-28,2026-06-28T23:11:54Z,2026-07-02,World Cup,USA vs Bosnia & Herzegovina,ermin mahmic,sot2,9.0
2026-06-28,2026-06-28T23:11:54Z,2026-07-02,World Cup,USA vs Bosnia & Herzegovina,mark alexander mckenzie,sot2,26.0
2026-06-28,2026-06-28T23:11:54Z,2026-07-02,World Cup,USA vs Bosnia & Herzegovina,haris tabakovic,sot3,18.0
2026-06-28,2026-06-28T23:11:54Z,2026-07-02,World Cup,USA vs Bosnia & Herzegovina,edin dzeko,sot3,17.0
2026-06-28,2026-06-28T23:11:54Z,2026-07-02,World Cup,USA vs Bosnia & Herzegovina,alejandro zendejas,sot3,11.0
2026-06-28,2026-06-28T23:11:54Z,2026-07-02,World Cup,USA vs Bosnia & Herzegovina,cristian roldan,sot3,26.0
2026-06-28,2026-06-28T23:11:54Z,2026-07-02,World Cup,USA vs Bosnia & Herzegovina,haji wright,sot3,5.0
2026-06-28,2026-06-28T23:11:54Z,2026-07-02,World Cup,USA vs Bosnia & Herzegovina,christian pulisic,sot3,7.0
2026-06-28,2026-06-28T23:11:54Z,2026-07-02,World Cup,USA vs Bosnia & Herzegovina,weston mckennie,sot3,11.0
2026-06-28,2026-06-28T23:11:54Z,2026-07-02,World Cup,USA vs Bosnia & Herzegovina,timothy weah,sot3,10.0
2026-06-28,2026-06-28T23:11:54Z,2026-07-02,World Cup,USA vs Bosnia & Herzegovina,brendan aaronson,sot3,11.0
2026-06-28,2026-06-28T23:11:54Z,2026-07-02,World Cup,USA vs Bosnia & Herzegovina,ricardo pepi,sot3,5.0
2026-06-28,2026-06-28T23:11:54Z,2026-07-02,World Cup,USA vs Bosnia & Herzegovina,giovanni reyna,sot3,15.0
2026-06-28,2026-06-28T23:11:54Z,2026-07-02,World Cup,USA vs Bosnia & Herzegovina,sergino dest,sot3,21.0
2026-06-28,2026-06-28T23:11:54Z,2026-07-02,World Cup,USA vs Bosnia & Herzegovina,malik tillman,sot3,15.0
2026-06-28,2026-06-28T23:11:54Z,2026-07-02,World Cup,USA vs Bosnia & Herzegovina,sebastian berhalter,sot3,13.0
2026-06-28,2026-06-28T23:11:54Z,2026-07-02,World Cup,USA vs Bosnia & Herzegovina,folarin balogun,sot3,4.3
2026-06-28,2026-06-28T23:11:54Z,2026-07-02,World Cup,USA vs Bosnia & Herzegovina,samed bazdar,sot3,19.0
2026-06-28,2026-06-28T23:11:54Z,2026-07-02,World Cup,USA vs Bosnia & Herzegovina,jovo lukic,sot3,17.0
2026-06-28,2026-06-28T23:11:54Z,2026-07-02,World Cup,USA vs Bosnia & Herzegovina,kerim alajbegovic,sot3,29.0
2026-06-28,2026-06-28T23:11:54Z,2026-07-02,World Cup,Spain vs Austria,mikel oyarzabal,goals,2.0
2026-06-28,2026-06-28T23:11:54Z,2026-07-02,World Cup,Spain vs Austria,lamine yamal,goals,2.25
2026-06-28,2026-06-28T23:11:54Z,2026-07-02,World Cup,Spain vs Austria,borja iglesias,goals,2.1
2026-06-28,2026-06-28T23:11:54Z,2026-07-02,World Cup,Spain vs Austria,ferran torres garcia,goals,2.38
2026-06-28,2026-06-28T23:11:54Z,2026-07-02,World Cup,Spain vs Austria,dani olmo,goals,3.25
2026-06-28,2026-06-28T23:11:54Z,2026-07-02,World Cup,Spain vs Austria,nico williams,goals,3.1
2026-06-28,2026-06-28T23:11:54Z,2026-07-02,World Cup,Spain vs Austria,mikel merino,goals,3.75
2026-06-28,2026-06-28T23:11:54Z,2026-07-02,World Cup,Spain vs Austria,victor munoz,goals,3.25
2026-06-28,2026-06-28T23:11:54Z,2026-07-02,World Cup,Spain vs Austria,yeremy pino,goals,3.75
2026-06-28,2026-06-28T23:11:54Z,2026-07-02,World Cup,Spain vs Austria,alejandro baena,goals,3.9
2026-06-28,2026-06-28T23:11:54Z,2026-07-02,World Cup,Spain vs Austria,fabian ruiz,goals,4.5
2026-06-28,2026-06-28T23:11:54Z,2026-07-02,World Cup,Spain vs Austria,pedro gonzalez lopez,goals,5.5
2026-06-28,2026-06-28T23:11:54Z,2026-07-02,World Cup,Spain vs Austria,rodri,goals,6.0
2026-06-28,2026-06-28T23:11:54Z,2026-07-02,World Cup,Spain vs Austria,sasa kalajdzic,goals,6.0
2026-06-28,2026-06-28T23:11:54Z,2026-07-02,World Cup,Spain vs Austria,martin zubimendi ibanez,goals,6.0
2026-06-28,2026-06-28T23:11:54Z,2026-07-02,World Cup,Spain vs Austria,pablo martin paez gavira,goals,6.0
2026-06-28,2026-06-28T23:11:54Z,2026-07-02,World Cup,Spain vs Austria,marko arnautovic,goals,6.5
2026-06-28,2026-06-28T23:11:54Z,2026-07-02,World Cup,Spain vs Austria,michael gregoritsch,goals,7.4
2026-06-28,2026-06-28T23:11:54Z,2026-07-02,World Cup,Spain vs Austria,pau cubarsi,goals,13.0
2026-06-28,2026-06-28T23:11:54Z,2026-07-02,World Cup,Spain vs Austria,marcos llorente,goals,11.0
2026-06-28,2026-06-28T23:11:54Z,2026-07-02,World Cup,Spain vs Austria,alex grimaldo,goals,8.5
2026-06-28,2026-06-28T23:11:54Z,2026-07-02,World Cup,Spain vs Austria,dejan ljubicic,goals,9.0
2026-06-28,2026-06-28T23:11:54Z,2026-07-02,World Cup,Spain vs Austria,carney chukwuemeka,goals,9.0
2026-06-28,2026-06-28T23:11:54Z,2026-07-02,World Cup,Spain vs Austria,pedro porro,goals,9.5
2026-06-28,2026-06-28T23:11:54Z,2026-07-02,World Cup,Spain vs Austria,eric garcia martret,goals,9.5
2026-06-28,2026-06-28T23:11:54Z,2026-07-02,World Cup,Spain vs Austria,marc cucurella,goals,10.0
2026-06-28,2026-06-28T23:11:54Z,2026-07-02,World Cup,Spain vs Austria,alessandro schopf,goals,10.0
2026-06-28,2026-06-28T23:11:54Z,2026-07-02,World Cup,Spain vs Austria,aymeric laporte,goals,11.0
2026-06-28,2026-06-28T23:11:54Z,2026-07-02,World Cup,Spain vs Austria,romano schmid,goals,10.5
2026-06-28,2026-06-28T23:11:54Z,2026-07-02,World Cup,Spain vs Austria,marcel sabitzer,goals,10.5
2026-06-28,2026-06-28T23:11:54Z,2026-07-02,World Cup,Spain vs Austria,patrick wimmer,goals,11.0
2026-06-28,2026-06-28T23:11:54Z,2026-07-02,World Cup,Spain vs Austria,marc pubill,goals,11.0
2026-06-28,2026-06-28T23:11:54Z,2026-07-02,World Cup,Spain vs Austria,paul wanner,goals,13.0
2026-06-28,2026-06-28T23:11:54Z,2026-07-02,World Cup,Spain vs Austria,michael svoboda,goals,19.0
2026-06-28,2026-06-28T23:11:54Z,2026-07-02,World Cup,Spain vs Austria,alexander prass,goals,19.0
2026-06-28,2026-06-28T23:11:54Z,2026-07-02,World Cup,Spain vs Austria,florian grillitsch,goals,19.0
2026-06-28,2026-06-28T23:11:54Z,2026-07-02,World Cup,Spain vs Austria,xaver schlager,goals,21.0
2026-06-28,2026-06-28T23:11:54Z,2026-07-02,World Cup,Spain vs Austria,david alaba,goals,23.0
2026-06-28,2026-06-28T23:11:54Z,2026-07-02,World Cup,Spain vs Austria,marco friedl,goals,26.0
2026-06-28,2026-06-28T23:11:54Z,2026-07-02,World Cup,Spain vs Austria,kevin danso,goals,26.0
2026-06-28,2026-06-28T23:11:54Z,2026-07-02,World Cup,Spain vs Austria,david affengruber,goals,26.0
2026-06-28,2026-06-28T23:11:54Z,2026-07-02,World Cup,Spain vs Austria,stefan posch,goals,26.0
2026-06-28,2026-06-28T23:11:54Z,2026-07-02,World Cup,Spain vs Austria,philipp lienhart,goals,26.0
2026-06-28,2026-06-28T23:11:54Z,2026-07-02,World Cup,Spain vs Austria,konrad laimer,goals,26.0
2026-06-28,2026-06-28T23:11:54Z,2026-07-02,World Cup,Spain vs Austria,nicolas seiwald,goals,26.0
2026-06-28,2026-06-28T23:11:54Z,2026-07-02,World Cup,Spain vs Austria,phillipp mwene,goals,42.0
2026-06-28,2026-06-28T23:11:54Z,2026-07-02,World Cup,Spain vs Austria,rodri,sot,2.35
2026-06-28,2026-06-28T23:11:54Z,2026-07-02,World Cup,Spain vs Austria,marko arnautovic,sot,2.25
2026-06-28,2026-06-28T23:11:54Z,2026-07-02,World Cup,Spain vs Austria,david alaba,sot,3.5
2026-06-28,2026-06-28T23:11:54Z,2026-07-02,World Cup,Spain vs Austria,aymeric laporte,sot,4.3
2026-06-28,2026-06-28T23:11:54Z,2026-07-02,World Cup,Spain vs Austria,konrad laimer,sot,3.55
2026-06-28,2026-06-28T23:11:54Z,2026-07-02,World Cup,Spain vs Austria,michael gregoritsch,sot,2.2
2026-06-28,2026-06-28T23:11:54Z,2026-07-02,World Cup,Spain vs Austria,borja iglesias,sot,1.35
2026-06-28,2026-06-28T23:11:54Z,2026-07-02,World Cup,Spain vs Austria,marcel sabitzer,sot,2.65
2026-06-28,2026-06-28T23:11:54Z,2026-07-02,World Cup,Spain vs Austria,marcos llorente,sot,2.8
2026-06-28,2026-06-28T23:11:54Z,2026-07-02,World Cup,Spain vs Austria,florian grillitsch,sot,3.65
2026-06-28,2026-06-28T23:11:54Z,2026-07-02,World Cup,Spain vs Austria,mikel oyarzabal,sot,1.27
2026-06-28,2026-06-28T23:11:54Z,2026-07-02,World Cup,Spain vs Austria,alex grimaldo,sot,1.64
2026-06-28,2026-06-28T23:11:54Z,2026-07-02,World Cup,Spain vs Austria,xaver schlager,sot,6.5
2026-06-28,2026-06-28T23:11:54Z,2026-07-02,World Cup,Spain vs Austria,philipp lienhart,sot,9.0
2026-06-28,2026-06-28T23:11:54Z,2026-07-02,World Cup,Spain vs Austria,mikel merino,sot,1.52
2026-06-28,2026-06-28T23:11:54Z,2026-07-02,World Cup,Spain vs Austria,dani olmo,sot,1.5
2026-06-28,2026-06-28T23:11:54Z,2026-07-02,World Cup,Spain vs Austria,phillipp mwene,sot,6.5
2026-06-28,2026-06-28T23:11:54Z,2026-07-02,World Cup,Spain vs Austria,kevin danso,sot,7.5
2026-06-28,2026-06-28T23:11:54Z,2026-07-02,World Cup,Spain vs Austria,marco friedl,sot,10.0
2026-06-28,2026-06-28T23:11:54Z,2026-07-02,World Cup,Spain vs Austria,stefan posch,sot,4.8
2026-06-28,2026-06-28T23:11:54Z,2026-07-02,World Cup,Spain vs Austria,romano schmid,sot,3.2
2026-06-28,2026-06-28T23:11:54Z,2026-07-02,World Cup,Spain vs Austria,sasa kalajdzic,sot,2.35
2026-06-28,2026-06-28T23:11:54Z,2026-07-02,World Cup,Spain vs Austria,dejan ljubicic,sot,3.25
2026-06-28,2026-06-28T23:11:54Z,2026-07-02,World Cup,Spain vs Austria,pedro porro,sot,2.15
2026-06-28,2026-06-28T23:11:54Z,2026-07-02,World Cup,Spain vs Austria,ferran torres garcia,sot,1.38
2026-06-28,2026-06-28T23:11:54Z,2026-07-02,World Cup,Spain vs Austria,eric garcia martret,sot,3.35
2026-06-28,2026-06-28T23:11:54Z,2026-07-02,World Cup,Spain vs Austria,fabian ruiz,sot,1.8
2026-06-28,2026-06-28T23:11:54Z,2026-07-02,World Cup,Spain vs Austria,marc cucurella,sot,2.95
2026-06-28,2026-06-28T23:11:54Z,2026-07-02,World Cup,Spain vs Austria,martin zubimendi ibanez,sot,3.05
2026-06-28,2026-06-28T23:11:54Z,2026-07-02,World Cup,Spain vs Austria,michael svoboda,sot,6.0
2026-06-28,2026-06-28T23:11:54Z,2026-07-02,World Cup,Spain vs Austria,pedro gonzalez lopez,sot,2.2
2026-06-28,2026-06-28T23:11:54Z,2026-07-02,World Cup,Spain vs Austria,patrick wimmer,sot,3.2
2026-06-28,2026-06-28T23:11:54Z,2026-07-02,World Cup,Spain vs Austria,alejandro baena,sot,1.57
2026-06-28,2026-06-28T23:11:54Z,2026-07-02,World Cup,Spain vs Austria,yeremy pino,sot,1.57
2026-06-28,2026-06-28T23:11:54Z,2026-07-02,World Cup,Spain vs Austria,nico williams,sot,1.4
2026-06-28,2026-06-28T23:11:54Z,2026-07-02,World Cup,Spain vs Austria,carney chukwuemeka,sot,3.55
2026-06-28,2026-06-28T23:11:54Z,2026-07-02,World Cup,Spain vs Austria,david affengruber,sot,9.0
2026-06-28,2026-06-28T23:11:54Z,2026-07-02,World Cup,Spain vs Austria,alexander prass,sot,5.25
2026-06-28,2026-06-28T23:11:54Z,2026-07-02,World Cup,Spain vs Austria,pablo martin paez gavira,sot,1.71
2026-06-28,2026-06-28T23:11:54Z,2026-07-02,World Cup,Spain vs Austria,marc pubill,sot,3.45
2026-06-28,2026-06-28T23:11:54Z,2026-07-02,World Cup,Spain vs Austria,paul wanner,sot,3.2
2026-06-28,2026-06-28T23:11:54Z,2026-07-02,World Cup,Spain vs Austria,nicolas seiwald,sot,4.8
2026-06-28,2026-06-28T23:11:54Z,2026-07-02,World Cup,Spain vs Austria,pau cubarsi,sot,2.6
2026-06-28,2026-06-28T23:11:54Z,2026-07-02,World Cup,Spain vs Austria,lamine yamal,sot,1.27
2026-06-28,2026-06-28T23:11:54Z,2026-07-02,World Cup,Spain vs Austria,victor munoz,sot,1.37
2026-06-28,2026-06-28T23:11:54Z,2026-07-02,World Cup,Spain vs Austria,alessandro schopf,sot,3.95
2026-06-28,2026-06-28T23:11:54Z,2026-07-02,World Cup,Spain vs Austria,rodri,sot2,9.0
2026-06-28,2026-06-28T23:11:54Z,2026-07-02,World Cup,Spain vs Austria,marko arnautovic,sot2,8.0
2026-06-28,2026-06-28T23:11:54Z,2026-07-02,World Cup,Spain vs Austria,david alaba,sot2,20.0
2026-06-28,2026-06-28T23:11:54Z,2026-07-02,World Cup,Spain vs Austria,aymeric laporte,sot2,29.0
2026-06-28,2026-06-28T23:11:54Z,2026-07-02,World Cup,Spain vs Austria,konrad laimer,sot2,20.0
2026-06-28,2026-06-28T23:11:54Z,2026-07-02,World Cup,Spain vs Austria,michael gregoritsch,sot2,8.0
2026-06-28,2026-06-28T23:11:54Z,2026-07-02,World Cup,Spain vs Austria,borja iglesias,sot2,2.55
2026-06-28,2026-06-28T23:11:54Z,2026-07-02,World Cup,Spain vs Austria,marcel sabitzer,sot2,11.0
2026-06-28,2026-06-28T23:11:54Z,2026-07-02,World Cup,Spain vs Austria,marcos llorente,sot2,13.0
2026-06-28,2026-06-28T23:11:54Z,2026-07-02,World Cup,Spain vs Austria,florian grillitsch,sot2,21.0
2026-06-28,2026-06-28T23:11:54Z,2026-07-02,World Cup,Spain vs Austria,mikel oyarzabal,sot2,2.25
2026-06-28,2026-06-28T23:11:54Z,2026-07-02,World Cup,Spain vs Austria,alex grimaldo,sot2,4.1
2026-06-28,2026-06-28T23:11:54Z,2026-07-02,World Cup,Spain vs Austria,mikel merino,sot2,3.45
2026-06-28,2026-06-28T23:11:54Z,2026-07-02,World Cup,Spain vs Austria,dani olmo,sot2,3.3
2026-06-28,2026-06-28T23:11:54Z,2026-07-02,World Cup,Spain vs Austria,romano schmid,sot2,17.0
2026-06-28,2026-06-28T23:11:54Z,2026-07-02,World Cup,Spain vs Austria,sasa kalajdzic,sot2,9.0
2026-06-28,2026-06-28T23:11:54Z,2026-07-02,World Cup,Spain vs Austria,dejan ljubicic,sot2,17.0
2026-06-28,2026-06-28T23:11:54Z,2026-07-02,World Cup,Spain vs Austria,pedro porro,sot2,7.5
2026-06-28,2026-06-28T23:11:54Z,2026-07-02,World Cup,Spain vs Austria,ferran torres garcia,sot2,2.75
2026-06-28,2026-06-28T23:11:54Z,2026-07-02,World Cup,Spain vs Austria,eric garcia martret,sot2,17.0
2026-06-28,2026-06-28T23:11:54Z,2026-07-02,World Cup,Spain vs Austria,fabian ruiz,sot2,5.25
2026-06-28,2026-06-28T23:11:54Z,2026-07-02,World Cup,Spain vs Austria,marc cucurella,sot2,14.0
2026-06-28,2026-06-28T23:11:54Z,2026-07-02,World Cup,Spain vs Austria,martin zubimendi ibanez,sot2,14.0
2026-06-28,2026-06-28T23:11:54Z,2026-07-02,World Cup,Spain vs Austria,pedro gonzalez lopez,sot2,8.0
2026-06-28,2026-06-28T23:11:54Z,2026-07-02,World Cup,Spain vs Austria,patrick wimmer,sot2,17.0
2026-06-28,2026-06-28T23:11:54Z,2026-07-02,World Cup,Spain vs Austria,alejandro baena,sot2,3.5
2026-06-28,2026-06-28T23:11:54Z,2026-07-02,World Cup,Spain vs Austria,yeremy pino,sot2,3.5
2026-06-28,2026-06-28T23:11:54Z,2026-07-02,World Cup,Spain vs Austria,nico williams,sot2,2.9
2026-06-28,2026-06-28T23:11:54Z,2026-07-02,World Cup,Spain vs Austria,carney chukwuemeka,sot2,21.0
2026-06-28,2026-06-28T23:11:54Z,2026-07-02,World Cup,Spain vs Austria,pablo martin paez gavira,sot2,4.6
2026-06-28,2026-06-28T23:11:54Z,2026-07-02,World Cup,Spain vs Austria,marc pubill,sot2,20.0
2026-06-28,2026-06-28T23:11:54Z,2026-07-02,World Cup,Spain vs Austria,paul wanner,sot2,17.0
2026-06-28,2026-06-28T23:11:54Z,2026-07-02,World Cup,Spain vs Austria,pau cubarsi,sot2,11.0
2026-06-28,2026-06-28T23:11:54Z,2026-07-02,World Cup,Spain vs Austria,lamine yamal,sot2,2.2
2026-06-28,2026-06-28T23:11:54Z,2026-07-02,World Cup,Spain vs Austria,victor munoz,sot2,2.55
2026-06-28,2026-06-28T23:11:54Z,2026-07-02,World Cup,Spain vs Austria,alessandro schopf,sot2,26.0
2026-06-28,2026-06-28T23:11:54Z,2026-07-02,World Cup,Spain vs Austria,borja iglesias,sot3,6.5
2026-06-28,2026-06-28T23:11:54Z,2026-07-02,World Cup,Spain vs Austria,mikel oyarzabal,sot3,5.0
2026-06-28,2026-06-28T23:11:54Z,2026-07-02,World Cup,Spain vs Austria,alex grimaldo,sot3,13.0
2026-06-28,2026-06-28T23:11:54Z,2026-07-02,World Cup,Spain vs Austria,mikel merino,sot3,10.0
2026-06-28,2026-06-28T23:11:54Z,2026-07-02,World Cup,Spain vs Austria,dani olmo,sot3,9.5
2026-06-28,2026-06-28T23:11:54Z,2026-07-02,World Cup,Spain vs Austria,pedro porro,sot3,31.0
2026-06-28,2026-06-28T23:11:54Z,2026-07-02,World Cup,Spain vs Austria,ferran torres garcia,sot3,7.0
2026-06-28,2026-06-28T23:11:54Z,2026-07-02,World Cup,Spain vs Austria,fabian ruiz,sot3,19.0
2026-06-28,2026-06-28T23:11:54Z,2026-07-02,World Cup,Spain vs Austria,alejandro baena,sot3,10.5
2026-06-28,2026-06-28T23:11:54Z,2026-07-02,World Cup,Spain vs Austria,yeremy pino,sot3,10.5
2026-06-28,2026-06-28T23:11:54Z,2026-07-02,World Cup,Spain vs Austria,nico williams,sot3,7.5
2026-06-28,2026-06-28T23:11:54Z,2026-07-02,World Cup,Spain vs Austria,pablo martin paez gavira,sot3,16.0
2026-06-28,2026-06-28T23:11:54Z,2026-07-02,World Cup,Spain vs Austria,lamine yamal,sot3,5.0
2026-06-28,2026-06-28T23:11:54Z,2026-07-02,World Cup,Spain vs Austria,victor munoz,sot3,6.0
2026-06-28,2026-06-28T23:11:54Z,2026-07-02,World Cup,Portugal vs Croatia,cristiano ronaldo,goals,2.17
2026-06-28,2026-06-28T23:11:54Z,2026-07-02,World Cup,Portugal vs Croatia,rafael leao,goals,3.5
2026-06-28,2026-06-28T23:11:54Z,2026-07-02,World Cup,Portugal vs Croatia,bruno fernandes,goals,3.7
2026-06-28,2026-06-28T23:11:54Z,2026-07-02,World Cup,Portugal vs Croatia,joao felix sequeira,goals,3.7
2026-06-28,2026-06-28T23:11:54Z,2026-07-02,World Cup,Portugal vs Croatia,francisco trincao,goals,3.8
2026-06-28,2026-06-28T23:11:54Z,2026-07-02,World Cup,Portugal vs Croatia,francisco conceicao,goals,4.0
2026-06-28,2026-06-28T23:11:54Z,2026-07-02,World Cup,Portugal vs Croatia,ante budimir,goals,4.1
2026-06-28,2026-06-28T23:11:54Z,2026-07-02,World Cup,Portugal vs Croatia,andrej kramaric,goals,4.5
2026-06-28,2026-06-28T23:11:54Z,2026-07-02,World Cup,Portugal vs Croatia,petar musa,goals,4.5
2026-06-28,2026-06-28T23:11:54Z,2026-07-02,World Cup,Portugal vs Croatia,igor matanovic,goals,4.5
2026-06-28,2026-06-28T23:11:54Z,2026-07-02,World Cup,Portugal vs Croatia,pedro neto,goals,4.9
2026-06-28,2026-06-28T23:11:54Z,2026-07-02,World Cup,Portugal vs Croatia,bernardo silva,goals,5.3
2026-06-28,2026-06-28T23:11:54Z,2026-07-02,World Cup,Portugal vs Croatia,ivan perisic,goals,6.2
2026-06-28,2026-06-28T23:11:54Z,2026-07-02,World Cup,Portugal vs Croatia,joao pedro goncalves neves,goals,7.0
2026-06-28,2026-06-28T23:11:54Z,2026-07-02,World Cup,Portugal vs Croatia,luka modric,goals,7.3
2026-06-28,2026-06-28T23:11:54Z,2026-07-02,World Cup,Portugal vs Croatia,nikola vlasic,goals,8.2
2026-06-28,2026-06-28T23:11:54Z,2026-07-02,World Cup,Portugal vs Croatia,martin baturina,goals,8.8
2026-06-28,2026-06-28T23:11:54Z,2026-07-02,World Cup,Portugal vs Croatia,ruben neves,goals,9.7
2026-06-28,2026-06-28T23:11:54Z,2026-07-02,World Cup,Portugal vs Croatia,joao cancelo,goals,9.7
2026-06-28,2026-06-28T23:11:54Z,2026-07-02,World Cup,Portugal vs Croatia,ruben dias,goals,9.7
2026-06-28,2026-06-28T23:11:54Z,2026-07-02,World Cup,Portugal vs Croatia,vitor ferreira,goals,9.7
2026-06-28,2026-06-28T23:11:54Z,2026-07-02,World Cup,Portugal vs Croatia,nuno mendes,goals,11.5
2026-06-28,2026-06-28T23:11:54Z,2026-07-02,World Cup,Portugal vs Croatia,renato veiga,goals,11.5
2026-06-28,2026-06-28T23:11:54Z,2026-07-02,World Cup,Portugal vs Croatia,josko gvardiol,goals,12.0
2026-06-28,2026-06-28T23:11:54Z,2026-07-02,World Cup,Portugal vs Croatia,mateo kovacic,goals,13.5
2026-06-28,2026-06-28T23:11:54Z,2026-07-02,World Cup,Portugal vs Croatia,petar sucic,goals,19.0
2026-06-28,2026-06-28T23:11:54Z,2026-07-02,World Cup,Portugal vs Croatia,josip stanisic,goals,20.0
2026-06-28,2026-06-28T23:11:54Z,2026-07-02,World Cup,Portugal vs Croatia,marin pongracic,goals,22.0
2026-06-28,2026-06-28T23:11:54Z,2026-07-02,World Cup,Portugal vs Croatia,josip sutalo,goals,25.0
2026-06-28,2026-06-28T23:11:54Z,2026-07-03,World Cup,Switzerland vs Algeria,breel embolo,goals,2.62
2026-06-28,2026-06-28T23:11:54Z,2026-07-03,World Cup,Switzerland vs Algeria,cedric itten,goals,2.75
2026-06-28,2026-06-28T23:11:54Z,2026-07-03,World Cup,Switzerland vs Algeria,mohamed zeki amdouni,goals,2.88
2026-06-28,2026-06-28T23:11:54Z,2026-07-03,World Cup,Switzerland vs Algeria,dan ndoye,goals,3.5
2026-06-28,2026-06-28T23:11:54Z,2026-07-03,World Cup,Switzerland vs Algeria,noah okafor,goals,3.5
2026-06-28,2026-06-28T23:11:54Z,2026-07-03,World Cup,Switzerland vs Algeria,amine gouiri,goals,4.0
2026-06-28,2026-06-28T23:11:54Z,2026-07-03,World Cup,Switzerland vs Algeria,adil boulbina,goals,3.9
2026-06-28,2026-06-28T23:11:54Z,2026-07-03,World Cup,Switzerland vs Algeria,riyad mahrez,goals,3.9
2026-06-28,2026-06-28T23:11:54Z,2026-07-03,World Cup,Switzerland vs Algeria,mohamed el amine amoura,goals,4.0
2026-06-28,2026-06-28T23:11:54Z,2026-07-03,World Cup,Switzerland vs Algeria,christian fassnacht,goals,4.0
2026-06-28,2026-06-28T23:11:54Z,2026-07-03,World Cup,Switzerland vs Algeria,ruben vargas,goals,4.2
2026-06-28,2026-06-28T23:11:54Z,2026-07-03,World Cup,Switzerland vs Algeria,johan manzambi,goals,4.3
2026-06-28,2026-06-28T23:11:54Z,2026-07-03,World Cup,Switzerland vs Algeria,ahmed nadhir benbouali,goals,4.5
2026-06-28,2026-06-28T23:11:54Z,2026-07-03,World Cup,Switzerland vs Algeria,fares ghedjemis,goals,5.0
2026-06-28,2026-06-28T23:11:54Z,2026-07-03,World Cup,Switzerland vs Algeria,houssem aouar,goals,5.0
2026-06-28,2026-06-28T23:11:54Z,2026-07-03,World Cup,Switzerland vs Algeria,granit xhaka,goals,5.2
2026-06-28,2026-06-28T23:11:54Z,2026-07-03,World Cup,Switzerland vs Algeria,fabian rieder,goals,5.8
2026-06-28,2026-06-28T23:11:54Z,2026-07-03,World Cup,Switzerland vs Algeria,ibrahim maza,goals,6.0
2026-06-28,2026-06-28T23:11:54Z,2026-07-03,World Cup,Switzerland vs Algeria,anis hadj moussa,goals,6.0
2026-06-28,2026-06-28T23:11:54Z,2026-07-03,World Cup,Switzerland vs Algeria,remo freuler,goals,6.5
2026-06-28,2026-06-28T23:11:54Z,2026-07-03,World Cup,Switzerland vs Algeria,djibril sow,goals,8.0
2026-06-28,2026-06-28T23:11:54Z,2026-07-03,World Cup,Switzerland vs Algeria,fares chaibi,goals,8.5
2026-06-28,2026-06-28T23:11:54Z,2026-07-03,World Cup,Switzerland vs Algeria,yassine titraoui,goals,8.5
2026-06-28,2026-06-28T23:11:54Z,2026-07-03,World Cup,Switzerland vs Algeria,silvan widmer,goals,9.5
2026-06-28,2026-06-28T23:11:54Z,2026-07-03,World Cup,Switzerland vs Algeria,michel aebischer,goals,8.6
2026-06-28,2026-06-28T23:11:54Z,2026-07-03,World Cup,Switzerland vs Algeria,denis zakaria,goals,9.5
2026-06-28,2026-06-28T23:11:54Z,2026-07-03,World Cup,Switzerland vs Algeria,ricardo rodriguez,goals,12.0
2026-06-28,2026-06-28T23:11:54Z,2026-07-03,World Cup,Switzerland vs Algeria,jaouen hadjam,goals,10.0
2026-06-28,2026-06-28T23:11:54Z,2026-07-03,World Cup,Switzerland vs Algeria,ardon jashari,goals,11.0
2026-06-28,2026-06-28T23:11:54Z,2026-07-03,World Cup,Switzerland vs Algeria,manuel akanji,goals,11.0
2026-06-28,2026-06-28T23:11:54Z,2026-07-03,World Cup,Switzerland vs Algeria,nico elvedi,goals,13.0
2026-06-28,2026-06-28T23:11:54Z,2026-07-03,World Cup,Switzerland vs Algeria,nabil bentaleb,goals,12.0
2026-06-28,2026-06-28T23:11:54Z,2026-07-03,World Cup,Switzerland vs Algeria,ramiz zerrouki,goals,12.0
2026-06-28,2026-06-28T23:11:54Z,2026-07-03,World Cup,Switzerland vs Algeria,hicham boudaoui,goals,12.5
2026-06-28,2026-06-28T23:11:54Z,2026-07-03,World Cup,Switzerland vs Algeria,luca jaquez,goals,13.0
2026-06-28,2026-06-28T23:11:54Z,2026-07-03,World Cup,Switzerland vs Algeria,mohamed amine tougai,goals,13.0
2026-06-28,2026-06-28T23:11:54Z,2026-07-03,World Cup,Switzerland vs Algeria,miro muheim,goals,13.0
2026-06-28,2026-06-28T23:11:54Z,2026-07-03,World Cup,Switzerland vs Algeria,eray cumart,goals,13.0
2026-06-28,2026-06-28T23:11:54Z,2026-07-03,World Cup,Switzerland vs Algeria,rafik belghali,goals,14.5
2026-06-28,2026-06-28T23:11:54Z,2026-07-03,World Cup,Switzerland vs Algeria,zineddine belaid,goals,15.0
2026-06-28,2026-06-28T23:11:54Z,2026-07-03,World Cup,Switzerland vs Algeria,aurele amenda,goals,15.0
2026-06-28,2026-06-28T23:11:54Z,2026-07-03,World Cup,Switzerland vs Algeria,samir chergui,goals,15.0
2026-06-28,2026-06-28T23:11:54Z,2026-07-03,World Cup,Switzerland vs Algeria,rayan ait nouri,goals,17.0
2026-06-28,2026-06-28T23:11:54Z,2026-07-03,World Cup,Switzerland vs Algeria,aissa mandi,goals,17.0
2026-06-28,2026-06-28T23:11:54Z,2026-07-03,World Cup,Switzerland vs Algeria,ramy bensebaini,goals,17.0
2026-06-28,2026-06-28T23:11:54Z,2026-07-03,World Cup,Switzerland vs Algeria,achref abada,goals,21.0
2026-06-28,2026-06-28T23:11:54Z,2026-07-03,World Cup,Switzerland vs Algeria,ricardo rodriguez,sot,3.9
2026-06-28,2026-06-28T23:11:54Z,2026-07-03,World Cup,Switzerland vs Algeria,aissa mandi,sot,6.5
2026-06-28,2026-06-28T23:11:54Z,2026-07-03,World Cup,Switzerland vs Algeria,silvan widmer,sot,3.3
2026-06-28,2026-06-28T23:11:54Z,2026-07-03,World Cup,Switzerland vs Algeria,nabil bentaleb,sot,3.1
2026-06-28,2026-06-28T23:11:54Z,2026-07-03,World Cup,Switzerland vs Algeria,riyad mahrez,sot,2.0
2026-06-28,2026-06-28T23:11:54Z,2026-07-03,World Cup,Switzerland vs Algeria,nico elvedi,sot,5.25
2026-06-28,2026-06-28T23:11:54Z,2026-07-03,World Cup,Switzerland vs Algeria,breel embolo,sot,1.35
2026-06-28,2026-06-28T23:11:54Z,2026-07-03,World Cup,Switzerland vs Algeria,granit xhaka,sot,2.3
2026-06-28,2026-06-28T23:11:54Z,2026-07-03,World Cup,Switzerland vs Algeria,ramy bensebaini,sot,6.5
2026-06-28,2026-06-28T23:11:54Z,2026-07-03,World Cup,Switzerland vs Algeria,denis zakaria,sot,3.2
2026-06-28,2026-06-28T23:11:54Z,2026-07-03,World Cup,Switzerland vs Algeria,djibril sow,sot,2.3
2026-06-28,2026-06-28T23:11:54Z,2026-07-03,World Cup,Switzerland vs Algeria,remo freuler,sot,2.65
2026-06-28,2026-06-28T23:11:54Z,2026-07-03,World Cup,Switzerland vs Algeria,cedric itten,sot,1.33
2026-06-28,2026-06-28T23:11:54Z,2026-07-03,World Cup,Switzerland vs Algeria,michel aebischer,sot,2.9
2026-06-28,2026-06-28T23:11:54Z,2026-07-03,World Cup,Switzerland vs Algeria,eray cumart,sot,2.85
2026-06-28,2026-06-28T23:11:54Z,2026-07-03,World Cup,Switzerland vs Algeria,houssem aouar,sot,2.65
2026-06-28,2026-06-28T23:11:54Z,2026-07-03,World Cup,Switzerland vs Algeria,amine gouiri,sot,1.64
2026-06-28,2026-06-28T23:11:54Z,2026-07-03,World Cup,Switzerland vs Algeria,christian fassnacht,sot,1.62
2026-06-28,2026-06-28T23:11:54Z,2026-07-03,World Cup,Switzerland vs Algeria,rayan ait nouri,sot,4.3
2026-06-28,2026-06-28T23:11:54Z,2026-07-03,World Cup,Switzerland vs Algeria,manuel akanji,sot,5.0
2026-06-28,2026-06-28T23:11:54Z,2026-07-03,World Cup,Switzerland vs Algeria,samir chergui,sot,7.5
2026-06-28,2026-06-28T23:11:54Z,2026-07-03,World Cup,Switzerland vs Algeria,noah okafor,sot,1.64
2026-06-28,2026-06-28T23:11:54Z,2026-07-03,World Cup,Switzerland vs Algeria,hicham boudaoui,sot,3.35
2026-06-28,2026-06-28T23:11:54Z,2026-07-03,World Cup,Switzerland vs Algeria,ramiz zerrouki,sot,2.95
2026-06-28,2026-06-28T23:11:54Z,2026-07-03,World Cup,Switzerland vs Algeria,ruben vargas,sot,1.66
2026-06-28,2026-06-28T23:11:54Z,2026-07-03,World Cup,Switzerland vs Algeria,dan ndoye,sot,1.5
2026-06-28,2026-06-28T23:11:54Z,2026-07-03,World Cup,Switzerland vs Algeria,jaouen hadjam,sot,6.0
2026-06-28,2026-06-28T23:11:54Z,2026-07-03,World Cup,Switzerland vs Algeria,fabian rieder,sot,1.83
2026-06-28,2026-06-28T23:11:54Z,2026-07-03,World Cup,Switzerland vs Algeria,miro muheim,sot,3.45
2026-06-28,2026-06-28T23:11:54Z,2026-07-03,World Cup,Switzerland vs Algeria,aurele amenda,sot,5.75
2026-06-28,2026-06-28T23:11:54Z,2026-07-03,World Cup,Switzerland vs Algeria,mohamed amine tougai,sot,5.5
2026-06-28,2026-06-28T23:11:54Z,2026-07-03,World Cup,Switzerland vs Algeria,mohamed el amine amoura,sot,1.95
2026-06-28,2026-06-28T23:11:54Z,2026-07-03,World Cup,Switzerland vs Algeria,fares chaibi,sot,2.3
2026-06-28,2026-06-28T23:11:54Z,2026-07-03,World Cup,Switzerland vs Algeria,mohamed zeki amdouni,sot,1.57
2026-06-28,2026-06-28T23:11:54Z,2026-07-03,World Cup,Switzerland vs Algeria,ahmed nadhir benbouali,sot,1.68
2026-06-28,2026-06-28T23:11:54Z,2026-07-03,World Cup,Switzerland vs Algeria,ardon jashari,sot,2.5
2026-06-28,2026-06-28T23:11:54Z,2026-07-03,World Cup,Switzerland vs Algeria,ibrahim maza,sot,2.1
2026-06-28,2026-06-28T23:11:54Z,2026-07-03,World Cup,Switzerland vs Algeria,rafik belghali,sot,3.4
2026-06-28,2026-06-28T23:11:54Z,2026-07-03,World Cup,Switzerland vs Algeria,luca jaquez,sot,3.85
2026-06-28,2026-06-28T23:11:54Z,2026-07-03,World Cup,Switzerland vs Algeria,fares ghedjemis,sot,2.0
2026-06-28,2026-06-28T23:11:54Z,2026-07-03,World Cup,Switzerland vs Algeria,zineddine belaid,sot,7.0
2026-06-28,2026-06-28T23:11:54Z,2026-07-03,World Cup,Switzerland vs Algeria,anis hadj moussa,sot,2.0
2026-06-28,2026-06-28T23:11:54Z,2026-07-03,World Cup,Switzerland vs Algeria,johan manzambi,sot,1.62
2026-06-28,2026-06-28T23:11:54Z,2026-07-03,World Cup,Switzerland vs Algeria,yassine titraoui,sot,3.45
2026-06-28,2026-06-28T23:11:54Z,2026-07-03,World Cup,Switzerland vs Algeria,adil boulbina,sot,2.05
2026-06-28,2026-06-28T23:11:54Z,2026-07-03,World Cup,Switzerland vs Algeria,achref abada,sot,7.0
2026-06-28,2026-06-28T23:11:54Z,2026-07-03,World Cup,Switzerland vs Algeria,ricardo rodriguez,sot2,23.0
2026-06-28,2026-06-28T23:11:54Z,2026-07-03,World Cup,Switzerland vs Algeria,silvan widmer,sot2,18.0
2026-06-28,2026-06-28T23:11:54Z,2026-07-03,World Cup,Switzerland vs Algeria,nabil bentaleb,sot2,16.0
2026-06-28,2026-06-28T23:11:54Z,2026-07-03,World Cup,Switzerland vs Algeria,riyad mahrez,sot2,6.5
2026-06-28,2026-06-28T23:11:54Z,2026-07-03,World Cup,Switzerland vs Algeria,breel embolo,sot2,2.6
2026-06-28,2026-06-28T23:11:54Z,2026-07-03,World Cup,Switzerland vs Algeria,granit xhaka,sot2,8.5
2026-06-28,2026-06-28T23:11:54Z,2026-07-03,World Cup,Switzerland vs Algeria,denis zakaria,sot2,17.0
2026-06-28,2026-06-28T23:11:54Z,2026-07-03,World Cup,Switzerland vs Algeria,djibril sow,sot2,8.5
2026-06-28,2026-06-28T23:11:54Z,2026-07-03,World Cup,Switzerland vs Algeria,remo freuler,sot2,11.0
2026-06-28,2026-06-28T23:11:54Z,2026-07-03,World Cup,Switzerland vs Algeria,cedric itten,sot2,2.5
2026-06-28,2026-06-28T23:11:54Z,2026-07-03,World Cup,Switzerland vs Algeria,michel aebischer,sot2,14.0
2026-06-28,2026-06-28T23:11:54Z,2026-07-03,World Cup,Switzerland vs Algeria,eray cumart,sot2,13.0
2026-06-28,2026-06-28T23:11:54Z,2026-07-03,World Cup,Switzerland vs Algeria,houssem aouar,sot2,11.0
2026-06-28,2026-06-28T23:11:54Z,2026-07-03,World Cup,Switzerland vs Algeria,amine gouiri,sot2,4.1
2026-06-28,2026-06-28T23:11:54Z,2026-07-03,World Cup,Switzerland vs Algeria,christian fassnacht,sot2,4.0
2026-06-28,2026-06-28T23:11:54Z,2026-07-03,World Cup,Switzerland vs Algeria,rayan ait nouri,sot2,29.0
2026-06-28,2026-06-28T23:11:54Z,2026-07-03,World Cup,Switzerland vs Algeria,noah okafor,sot2,4.1
2026-06-28,2026-06-28T23:11:54Z,2026-07-03,World Cup,Switzerland vs Algeria,hicham boudaoui,sot2,19.0
2026-06-28,2026-06-28T23:11:54Z,2026-07-03,World Cup,Switzerland vs Algeria,ramiz zerrouki,sot2,14.0
2026-06-28,2026-06-28T23:11:54Z,2026-07-03,World Cup,Switzerland vs Algeria,ruben vargas,sot2,4.2
2026-06-28,2026-06-28T23:11:54Z,2026-07-03,World Cup,Switzerland vs Algeria,dan ndoye,sot2,3.35
2026-06-28,2026-06-28T23:11:54Z,2026-07-03,World Cup,Switzerland vs Algeria,fabian rieder,sot2,5.25
2026-06-28,2026-06-28T23:11:54Z,2026-07-03,World Cup,Switzerland vs Algeria,miro muheim,sot2,20.0
2026-06-28,2026-06-28T23:11:54Z,2026-07-03,World Cup,Switzerland vs Algeria,mohamed el amine amoura,sot2,6.0
2026-06-28,2026-06-28T23:11:54Z,2026-07-03,World Cup,Switzerland vs Algeria,fares chaibi,sot2,8.5
2026-06-28,2026-06-28T23:11:54Z,2026-07-03,World Cup,Switzerland vs Algeria,mohamed zeki amdouni,sot2,3.75
2026-06-28,2026-06-28T23:11:54Z,2026-07-03,World Cup,Switzerland vs Algeria,ahmed nadhir benbouali,sot2,4.4
2026-06-28,2026-06-28T23:11:54Z,2026-07-03,World Cup,Switzerland vs Algeria,ardon jashari,sot2,10.5
2026-06-28,2026-06-28T23:11:54Z,2026-07-03,World Cup,Switzerland vs Algeria,ibrahim maza,sot2,7.0
2026-06-28,2026-06-28T23:11:54Z,2026-07-03,World Cup,Switzerland vs Algeria,rafik belghali,sot2,19.0
2026-06-28,2026-06-28T23:11:54Z,2026-07-03,World Cup,Switzerland vs Algeria,luca jaquez,sot2,23.0
2026-06-28,2026-06-28T23:11:54Z,2026-07-03,World Cup,Switzerland vs Algeria,fares ghedjemis,sot2,6.5
2026-06-28,2026-06-28T23:11:54Z,2026-07-03,World Cup,Switzerland vs Algeria,anis hadj moussa,sot2,6.5
2026-06-28,2026-06-28T23:11:54Z,2026-07-03,World Cup,Switzerland vs Algeria,johan manzambi,sot2,4.0
2026-06-28,2026-06-28T23:11:54Z,2026-07-03,World Cup,Switzerland vs Algeria,yassine titraoui,sot2,20.0
2026-06-28,2026-06-28T23:11:54Z,2026-07-03,World Cup,Switzerland vs Algeria,adil boulbina,sot2,7.0
2026-06-28,2026-06-28T23:11:54Z,2026-07-03,World Cup,Switzerland vs Algeria,riyad mahrez,sot3,26.0
2026-06-28,2026-06-28T23:11:54Z,2026-07-03,World Cup,Switzerland vs Algeria,breel embolo,sot3,6.5
2026-06-28,2026-06-28T23:11:54Z,2026-07-03,World Cup,Switzerland vs Algeria,cedric itten,sot3,6.0
2026-06-28,2026-06-28T23:11:54Z,2026-07-03,World Cup,Switzerland vs Algeria,amine gouiri,sot3,13.0
2026-06-28,2026-06-28T23:11:54Z,2026-07-03,World Cup,Switzerland vs Algeria,christian fassnacht,sot3,13.0
2026-06-28,2026-06-28T23:11:54Z,2026-07-03,World Cup,Switzerland vs Algeria,noah okafor,sot3,13.0
2026-06-28,2026-06-28T23:11:54Z,2026-07-03,World Cup,Switzerland vs Algeria,ruben vargas,sot3,14.0
2026-06-28,2026-06-28T23:11:54Z,2026-07-03,World Cup,Switzerland vs Algeria,dan ndoye,sot3,9.5
2026-06-28,2026-06-28T23:11:54Z,2026-07-03,World Cup,Switzerland vs Algeria,fabian rieder,sot3,20.0
2026-06-28,2026-06-28T23:11:54Z,2026-07-03,World Cup,Switzerland vs Algeria,mohamed el amine amoura,sot3,23.0
2026-06-28,2026-06-28T23:11:54Z,2026-07-03,World Cup,Switzerland vs Algeria,mohamed zeki amdouni,sot3,12.0
2026-06-28,2026-06-28T23:11:54Z,2026-07-03,World Cup,Switzerland vs Algeria,ahmed nadhir benbouali,sot3,14.0
2026-06-28,2026-06-28T23:11:54Z,2026-07-03,World Cup,Switzerland vs Algeria,ibrahim maza,sot3,29.0
2026-06-28,2026-06-28T23:11:54Z,2026-07-03,World Cup,Switzerland vs Algeria,fares ghedjemis,sot3,26.0
2026-06-28,2026-06-28T23:11:54Z,2026-07-03,World Cup,Switzerland vs Algeria,anis hadj moussa,sot3,26.0
2026-06-28,2026-06-28T23:11:54Z,2026-07-03,World Cup,Switzerland vs Algeria,johan manzambi,sot3,13.0
2026-06-28,2026-06-28T23:11:54Z,2026-07-03,World Cup,Switzerland vs Algeria,adil boulbina,sot3,29.0
2026-06-28,2026-06-28T23:11:54Z,2026-07-03,World Cup,Australia vs Egypt,mohamed salah,goals,3.1
2026-06-28,2026-06-28T23:11:54Z,2026-07-03,World Cup,Australia vs Egypt,mahmoud hassan,goals,3.75
2026-06-28,2026-06-28T23:11:54Z,2026-07-03,World Cup,Australia vs Egypt,mohamed toure,goals,3.75
2026-06-28,2026-06-28T23:11:54Z,2026-07-03,World Cup,Australia vs Egypt,omar marmoush,goals,3.9
2026-06-28,2026-06-28T23:11:54Z,2026-07-03,World Cup,Australia vs Egypt,tete yengi,goals,4.0
2026-06-28,2026-06-28T23:11:54Z,2026-07-03,World Cup,Australia vs Egypt,hamza abdelkarim,goals,4.5
2026-06-28,2026-06-28T23:11:54Z,2026-07-03,World Cup,Australia vs Egypt,nestory irankunda,goals,4.5
2026-06-28,2026-06-28T23:11:54Z,2026-07-03,World Cup,Australia vs Egypt,mostafa ziko,goals,4.8
2026-06-28,2026-06-28T23:11:54Z,2026-07-03,World Cup,Australia vs Egypt,ajdin hrustic,goals,5.0
2026-06-28,2026-06-28T23:11:54Z,2026-07-03,World Cup,Australia vs Egypt,mathew leckie,goals,5.0
2026-06-28,2026-06-28T23:11:54Z,2026-07-03,World Cup,Australia vs Egypt,awer mabil,goals,5.0
2026-06-28,2026-06-28T23:11:54Z,2026-07-03,World Cup,Australia vs Egypt,ibrahim adel,goals,5.0
2026-06-28,2026-06-28T23:11:54Z,2026-07-03,World Cup,Australia vs Egypt,nishan velupillay,goals,5.0
2026-06-28,2026-06-28T23:11:54Z,2026-07-03,World Cup,Australia vs Egypt,ahmed zizo,goals,5.5
2026-06-28,2026-06-28T23:11:54Z,2026-07-03,World Cup,Australia vs Egypt,mahmoud saber,goals,6.0
2026-06-28,2026-06-28T23:11:54Z,2026-07-03,World Cup,Australia vs Egypt,cristian volpato,goals,8.3
2026-06-28,2026-06-28T23:11:54Z,2026-07-03,World Cup,Australia vs Egypt,haissem hassan,goals,8.5
2026-06-28,2026-06-28T23:11:54Z,2026-07-03,World Cup,Australia vs Egypt,emam ashour,goals,8.7
2026-06-28,2026-06-28T23:11:54Z,2026-07-03,World Cup,Australia vs Egypt,conor metcalfe,goals,9.0
2026-06-28,2026-06-28T23:11:54Z,2026-07-03,World Cup,Australia vs Egypt,mohamed abdelmonem,goals,9.5
2026-06-28,2026-06-28T23:11:54Z,2026-07-03,World Cup,Australia vs Egypt,jackson irvine,goals,9.7
2026-06-28,2026-06-28T23:11:54Z,2026-07-03,World Cup,Australia vs Egypt,ramy rabia,goals,10.0
2026-06-28,2026-06-28T23:11:54Z,2026-07-03,World Cup,Australia vs Egypt,jordan bos,goals,10.0
2026-06-28,2026-06-28T23:11:54Z,2026-07-03,World Cup,Australia vs Egypt,aziz eraltay behich,goals,10.0
2026-06-28,2026-06-28T23:11:54Z,2026-07-03,World Cup,Australia vs Egypt,hamdy fathy,goals,10.0
2026-06-28,2026-06-28T23:11:54Z,2026-07-03,World Cup,Australia vs Egypt,jacob italiano,goals,10.0
2026-06-28,2026-06-28T23:11:54Z,2026-07-03,World Cup,Australia vs Egypt,hossam abdelmaguid abdelsalam,goals,11.0
2026-06-28,2026-06-28T23:11:54Z,2026-07-03,World Cup,Australia vs Egypt,kai trewin,goals,11.0
2026-06-28,2026-06-28T23:11:54Z,2026-07-03,World Cup,Australia vs Egypt,nabil emad dunga,goals,11.0
2026-06-28,2026-06-28T23:11:54Z,2026-07-03,World Cup,Australia vs Egypt,cameron devlin,goals,11.0
2026-06-28,2026-06-28T23:11:54Z,2026-07-03,World Cup,Australia vs Egypt,karim hafez,goals,11.0
2026-06-28,2026-06-28T23:11:54Z,2026-07-03,World Cup,Australia vs Egypt,tarek alaa,goals,12.0
2026-06-28,2026-06-28T23:11:54Z,2026-07-03,World Cup,Australia vs Egypt,lucas herrington,goals,12.0
2026-06-28,2026-06-28T23:11:54Z,2026-07-03,World Cup,Australia vs Egypt,paul okon,goals,12.0
2026-06-28,2026-06-28T23:11:54Z,2026-07-03,World Cup,Australia vs Egypt,marwan attia,goals,14.5
2026-06-28,2026-06-28T23:11:54Z,2026-07-03,World Cup,Australia vs Egypt,yasser ibrahim,goals,14.5
2026-06-28,2026-06-28T23:11:54Z,2026-07-03,World Cup,Australia vs Egypt,aiden o'neill,goals,15.0
2026-06-28,2026-06-28T23:11:54Z,2026-07-03,World Cup,Australia vs Egypt,milos degenek,goals,17.0
2026-06-28,2026-06-28T23:11:54Z,2026-07-03,World Cup,Australia vs Egypt,jason geria,goals,17.0
2026-06-28,2026-06-28T23:11:54Z,2026-07-03,World Cup,Australia vs Egypt,alessandro circati,goals,18.0
2026-06-28,2026-06-28T23:11:54Z,2026-07-03,World Cup,Australia vs Egypt,ahmed aboul-fetouh,goals,18.0
2026-06-28,2026-06-28T23:11:54Z,2026-07-03,World Cup,Australia vs Egypt,harry souttar,goals,18.0
2026-06-28,2026-06-28T23:11:54Z,2026-07-03,World Cup,Australia vs Egypt,cameron burgess,goals,19.0
2026-06-28,2026-06-28T23:11:54Z,2026-07-03,World Cup,Australia vs Egypt,mohamed hany,goals,26.0
2026-06-28,2026-06-28T23:11:54Z,2026-07-03,World Cup,Australia vs Egypt,aziz eraltay behich,sot,4.8
2026-06-28,2026-06-28T23:11:54Z,2026-07-03,World Cup,Australia vs Egypt,ramy rabia,sot,5.75
2026-06-28,2026-06-28T23:11:54Z,2026-07-03,World Cup,Australia vs Egypt,awer mabil,sot,2.35
2026-06-28,2026-06-28T23:11:54Z,2026-07-03,World Cup,Australia vs Egypt,jason geria,sot,5.0
2026-06-28,2026-06-28T23:11:54Z,2026-07-03,World Cup,Australia vs Egypt,cameron burgess,sot,7.0
2026-06-28,2026-06-28T23:11:54Z,2026-07-03,World Cup,Australia vs Egypt,mohamed salah,sot,1.76
2026-06-28,2026-06-28T23:11:54Z,2026-07-03,World Cup,Australia vs Egypt,harry souttar,sot,4.5
2026-06-28,2026-06-28T23:11:54Z,2026-07-03,World Cup,Australia vs Egypt,jackson irvine,sot,2.85
2026-06-28,2026-06-28T23:11:54Z,2026-07-03,World Cup,Australia vs Egypt,aiden o'neill,sot,4.8
2026-06-28,2026-06-28T23:11:54Z,2026-07-03,World Cup,Australia vs Egypt,mohamed toure,sot,1.66
2026-06-28,2026-06-28T23:11:54Z,2026-07-03,World Cup,Australia vs Egypt,karim hafez,sot,4.8
2026-06-28,2026-06-28T23:11:54Z,2026-07-03,World Cup,Australia vs Egypt,ajdin hrustic,sot,2.35
2026-06-28,2026-06-28T23:11:54Z,2026-07-03,World Cup,Australia vs Egypt,milos degenek,sot,6.5
2026-06-28,2026-06-28T23:11:54Z,2026-07-03,World Cup,Australia vs Egypt,conor metcalfe,sot,2.4
2026-06-28,2026-06-28T23:11:54Z,2026-07-03,World Cup,Australia vs Egypt,paul okon,sot,5.25
2026-06-28,2026-06-28T23:11:54Z,2026-07-03,World Cup,Australia vs Egypt,cameron devlin,sot,5.5
2026-06-28,2026-06-28T23:11:54Z,2026-07-03,World Cup,Australia vs Egypt,haissem hassan,sot,2.1
2026-06-28,2026-06-28T23:11:54Z,2026-07-03,World Cup,Australia vs Egypt,kai trewin,sot,4.2
2026-06-28,2026-06-28T23:11:54Z,2026-07-03,World Cup,Australia vs Egypt,omar marmoush,sot,1.8
2026-06-28,2026-06-28T23:11:54Z,2026-07-03,World Cup,Australia vs Egypt,tete yengi,sot,1.86
2026-06-28,2026-06-28T23:11:54Z,2026-07-03,World Cup,Australia vs Egypt,jordan bos,sot,3.55
2026-06-28,2026-06-28T23:11:54Z,2026-07-03,World Cup,Australia vs Egypt,mohamed hany,sot,5.75
2026-06-28,2026-06-28T23:11:54Z,2026-07-03,World Cup,Australia vs Egypt,hamdy fathy,sot,4.8
2026-06-28,2026-06-28T23:11:54Z,2026-07-03,World Cup,Australia vs Egypt,yasser ibrahim,sot,6.5
2026-06-28,2026-06-28T23:11:54Z,2026-07-03,World Cup,Australia vs Egypt,nishan velupillay,sot,2.15
2026-06-28,2026-06-28T23:11:54Z,2026-07-03,World Cup,Australia vs Egypt,ibrahim adel,sot,2.3
2026-06-28,2026-06-28T23:11:54Z,2026-07-03,World Cup,Australia vs Egypt,emam ashour,sot,2.25
2026-06-28,2026-06-28T23:11:54Z,2026-07-03,World Cup,Australia vs Egypt,cristian volpato,sot,2.6
2026-06-28,2026-06-28T23:11:54Z,2026-07-03,World Cup,Australia vs Egypt,nestory irankunda,sot,1.8
2026-06-28,2026-06-28T23:11:54Z,2026-07-03,World Cup,Australia vs Egypt,alessandro circati,sot,4.7
2026-06-28,2026-06-28T23:11:54Z,2026-07-03,World Cup,Australia vs Egypt,mohamed abdelmonem,sot,4.6
2026-06-28,2026-06-28T23:11:54Z,2026-07-03,World Cup,Australia vs Egypt,ahmed zizo,sot,2.0
2026-06-28,2026-06-28T23:11:54Z,2026-07-03,World Cup,Australia vs Egypt,marwan attia,sot,2.35
2026-06-28,2026-06-28T23:11:54Z,2026-07-03,World Cup,Australia vs Egypt,hossam abdelmaguid abdelsalam,sot,7.0
2026-06-28,2026-06-28T23:11:54Z,2026-07-03,World Cup,Australia vs Egypt,mahmoud saber,sot,3.05
2026-06-28,2026-06-28T23:11:54Z,2026-07-03,World Cup,Australia vs Egypt,lucas herrington,sot,7.0
2026-06-28,2026-06-28T23:11:54Z,2026-07-03,World Cup,Australia vs Egypt,mostafa ziko,sot,1.95
2026-06-28,2026-06-28T23:11:54Z,2026-07-03,World Cup,Australia vs Egypt,tarek alaa,sot,2.75
2026-06-28,2026-06-28T23:11:54Z,2026-07-03,World Cup,Australia vs Egypt,hamza abdelkarim,sot,1.95
2026-06-28,2026-06-28T23:11:54Z,2026-07-03,World Cup,Australia vs Egypt,awer mabil,sot2,9.0
2026-06-28,2026-06-28T23:11:54Z,2026-07-03,World Cup,Australia vs Egypt,mohamed salah,sot2,4.9
2026-06-28,2026-06-28T23:11:54Z,2026-07-03,World Cup,Australia vs Egypt,harry souttar,sot2,31.0
2026-06-28,2026-06-28T23:11:54Z,2026-07-03,World Cup,Australia vs Egypt,jackson irvine,sot2,13.0
2026-06-28,2026-06-28T23:11:54Z,2026-07-03,World Cup,Australia vs Egypt,mohamed toure,sot2,4.3
2026-06-28,2026-06-28T23:11:54Z,2026-07-03,World Cup,Australia vs Egypt,ajdin hrustic,sot2,9.0
2026-06-28,2026-06-28T23:11:54Z,2026-07-03,World Cup,Australia vs Egypt,conor metcalfe,sot2,9.0
2026-06-28,2026-06-28T23:11:54Z,2026-07-03,World Cup,Australia vs Egypt,haissem hassan,sot2,7.0
2026-06-28,2026-06-28T23:11:54Z,2026-07-03,World Cup,Australia vs Egypt,kai trewin,sot2,29.0
2026-06-28,2026-06-28T23:11:54Z,2026-07-03,World Cup,Australia vs Egypt,omar marmoush,sot2,5.0
2026-06-28,2026-06-28T23:11:54Z,2026-07-03,World Cup,Australia vs Egypt,tete yengi,sot2,5.5
2026-06-28,2026-06-28T23:11:54Z,2026-07-03,World Cup,Australia vs Egypt,jordan bos,sot2,21.0
2026-06-28,2026-06-28T23:11:54Z,2026-07-03,World Cup,Australia vs Egypt,nishan velupillay,sot2,7.5
2026-06-28,2026-06-28T23:11:54Z,2026-07-03,World Cup,Australia vs Egypt,ibrahim adel,sot2,8.5
2026-06-28,2026-06-28T23:11:54Z,2026-07-03,World Cup,Australia vs Egypt,emam ashour,sot2,8.0
2026-06-28,2026-06-28T23:11:54Z,2026-07-03,World Cup,Australia vs Egypt,cristian volpato,sot2,11.0
2026-06-28,2026-06-28T23:11:54Z,2026-07-03,World Cup,Australia vs Egypt,nestory irankunda,sot2,5.25
2026-06-28,2026-06-28T23:11:54Z,2026-07-03,World Cup,Australia vs Egypt,ahmed zizo,sot2,6.0
2026-06-28,2026-06-28T23:11:54Z,2026-07-03,World Cup,Australia vs Egypt,marwan attia,sot2,9.0
2026-06-28,2026-06-28T23:11:54Z,2026-07-03,World Cup,Australia vs Egypt,mahmoud saber,sot2,15.0
2026-06-28,2026-06-28T23:11:54Z,2026-07-03,World Cup,Australia vs Egypt,mostafa ziko,sot2,6.0
2026-06-28,2026-06-28T23:11:54Z,2026-07-03,World Cup,Australia vs Egypt,tarek alaa,sot2,13.0
2026-06-28,2026-06-28T23:11:54Z,2026-07-03,World Cup,Australia vs Egypt,hamza abdelkarim,sot2,6.0
2026-06-28,2026-06-28T23:11:54Z,2026-07-03,World Cup,Australia vs Egypt,mohamed salah,sot3,17.0
2026-06-28,2026-06-28T23:11:54Z,2026-07-03,World Cup,Australia vs Egypt,mohamed toure,sot3,14.0
2026-06-28,2026-06-28T23:11:54Z,2026-07-03,World Cup,Australia vs Egypt,haissem hassan,sot3,29.0
2026-06-28,2026-06-28T23:11:54Z,2026-07-03,World Cup,Australia vs Egypt,omar marmoush,sot3,19.0
2026-06-28,2026-06-28T23:11:54Z,2026-07-03,World Cup,Australia vs Egypt,tete yengi,sot3,21.0
2026-06-28,2026-06-28T23:11:54Z,2026-07-03,World Cup,Australia vs Egypt,nestory irankunda,sot3,19.0
2026-06-28,2026-06-28T23:11:54Z,2026-07-03,World Cup,Australia vs Egypt,ahmed zizo,sot3,26.0
2026-06-28,2026-06-28T23:11:54Z,2026-07-03,World Cup,Australia vs Egypt,mostafa ziko,sot3,23.0
2026-06-28,2026-06-28T23:11:54Z,2026-07-03,World Cup,Australia vs Egypt,hamza abdelkarim,sot3,23.0
2026-06-28,2026-06-28T23:11:54Z,2026-07-04,World Cup,Colombia vs Ghana,luis fernando diaz marulanda,goals,2.55
2026-06-28,2026-06-28T23:11:54Z,2026-07-04,World Cup,Colombia vs Ghana,jhon cordoba,goals,2.8
2026-06-28,2026-06-28T23:11:54Z,2026-07-04,World Cup,Colombia vs Ghana,luis javier suarez charris,goals,2.8
2026-06-28,2026-06-28T23:11:54Z,2026-07-04,World Cup,Colombia vs Ghana,jaminton campaz,goals,3.8
2026-06-28,2026-06-28T23:11:54Z,2026-07-04,World Cup,Colombia vs Ghana,james rodriguez,goals,4.0
2026-06-28,2026-06-28T23:11:54Z,2026-07-04,World Cup,Colombia vs Ghana,jhon arias,goals,5.2
2026-06-28,2026-06-28T23:11:54Z,2026-07-04,World Cup,Colombia vs Ghana,antoine semenyo,goals,5.2
2026-06-28,2026-06-28T23:11:54Z,2026-07-04,World Cup,Colombia vs Ghana,jordan ayew,goals,5.8
2026-06-28,2026-06-28T23:11:54Z,2026-07-04,World Cup,Colombia vs Ghana,inaki williams,goals,6.0
2026-06-28,2026-06-28T23:11:54Z,2026-07-04,World Cup,Colombia vs Ghana,gustavo puerta,goals,7.4
2026-06-28,2026-06-28T23:11:54Z,2026-07-04,World Cup,Colombia vs Ghana,jefferson lerma,goals,7.4
2026-06-28,2026-06-28T23:11:54Z,2026-07-04,World Cup,Colombia vs Ghana,ernest nuamah,goals,8.0
2026-06-28,2026-06-28T23:11:54Z,2026-07-04,World Cup,Colombia vs Ghana,daniel munoz,goals,8.0
2026-06-28,2026-06-28T23:11:54Z,2026-07-04,World Cup,Colombia vs Ghana,deiver machado,goals,11.0
2026-06-28,2026-06-28T23:11:54Z,2026-07-04,World Cup,Colombia vs Ghana,santiago arias,goals,11.0
2026-06-28,2026-06-28T23:11:54Z,2026-07-04,World Cup,Colombia vs Ghana,kamal-deen sulemana,goals,11.5
2026-06-28,2026-06-28T23:11:54Z,2026-07-04,World Cup,Colombia vs Ghana,thomas partey,goals,11.5
2026-06-28,2026-06-28T23:11:54Z,2026-07-04,World Cup,Colombia vs Ghana,johan mojica,goals,12.0
2026-06-28,2026-06-28T23:11:54Z,2026-07-04,World Cup,Colombia vs Ghana,caleb yirenkyi,goals,12.0
2026-06-28,2026-06-28T23:11:54Z,2026-07-04,World Cup,Colombia vs Ghana,jhon lucumi,goals,13.5
2026-06-28,2026-06-28T23:11:54Z,2026-07-04,World Cup,Colombia vs Ghana,davinson sanchez,goals,13.5
2026-06-28,2026-06-28T23:11:54Z,2026-07-04,World Cup,Colombia vs Ghana,kwasi sibo,goals,18.0
2026-06-28,2026-06-28T23:11:54Z,2026-07-04,World Cup,Colombia vs Ghana,jerome opoku,goals,20.0
2026-06-28,2026-06-28T23:11:54Z,2026-07-04,World Cup,Colombia vs Ghana,marvin senaya,goals,22.0
2026-06-28,2026-06-28T23:11:54Z,2026-07-04,World Cup,Colombia vs Ghana,jonas adjetey,goals,26.0
2026-06-28,2026-06-28T23:11:54Z,2026-07-04,World Cup,Colombia vs Ghana,gideon mensah,goals,26.0
2026-06-28,2026-06-28T23:11:54Z,2026-07-04,World Cup,Colombia vs Ghana,derrick luckassen,goals,26.0
2026-06-28,2026-06-28T23:11:54Z,2026-07-04,World Cup,Colombia vs Ghana,elisha owusu,goals,29.0
2026-06-29,2026-06-29T09:01:50Z,2026-06-30,World Cup,Ivory Coast vs Norway,torbjorn lysaker heggem,sot2,29.0
2026-06-29,2026-06-29T09:01:50Z,2026-06-30,World Cup,Ivory Coast vs Norway,ghislain niclomande konan,sot2,31.0
2026-06-29,2026-06-29T09:01:50Z,2026-06-30,World Cup,Ivory Coast vs Norway,wilfried stephane singo,sot2,21.0
2026-06-29,2026-06-29T09:01:50Z,2026-06-30,World Cup,Ivory Coast vs Norway,emmanuel agbadou,sot2,26.0
2026-06-29,2026-06-29T09:01:50Z,2026-06-30,World Cup,Ivory Coast vs Norway,guela doue,sot2,26.0
2026-06-29,2026-06-29T09:01:50Z,2026-06-30,World Cup,France vs Sweden,gabriel gudmundsson,sot2,12.0
2026-06-29,2026-06-29T09:01:50Z,2026-06-30,World Cup,France vs Sweden,adrien rabiot,sot3,21.0
2026-06-29,2026-06-29T09:01:50Z,2026-06-30,World Cup,France vs Sweden,theo hernandez,sot3,23.0
2026-06-29,2026-06-29T09:01:50Z,2026-06-30,World Cup,France vs Sweden,manu kone,sot3,29.0
2026-06-29,2026-06-29T09:01:50Z,2026-07-01,World Cup,Mexico vs Ecuador,jesus gallardo,sot2,21.0
2026-06-29,2026-06-29T09:01:50Z,2026-07-01,World Cup,Mexico vs Ecuador,moises caicedo,sot2,26.0
2026-06-29,2026-06-29T09:01:50Z,2026-07-01,World Cup,Mexico vs Ecuador,erik lira,sot2,29.0
2026-06-29,2026-06-29T09:01:50Z,2026-07-01,World Cup,Mexico vs Ecuador,alan steven franco palma,sot2,16.0
2026-06-29,2026-06-29T09:01:50Z,2026-07-01,World Cup,Mexico vs Ecuador,johan vasquez,sot2,19.0
2026-06-29,2026-06-29T09:01:50Z,2026-07-01,World Cup,Mexico vs Ecuador,roberto alvarado,sot3,15.0
2026-06-29,2026-06-29T09:01:50Z,2026-07-01,World Cup,Mexico vs Ecuador,alvaro fidalgo,sot3,29.0
2026-06-29,2026-06-29T09:01:50Z,2026-07-01,World Cup,Mexico vs Ecuador,nilson david angulo ramirez,sot3,26.0
2026-06-29,2026-06-29T09:01:50Z,2026-07-01,World Cup,Mexico vs Ecuador,alan steve minda garcia,sot3,29.0
2026-06-29,2026-06-29T09:01:50Z,2026-07-01,World Cup,Mexico vs Ecuador,gilberto rafael mora zambrano,sot3,17.0
2026-06-29,2026-06-29T13:07:45Z,2026-06-29,World Cup,Brazil vs Japan,kento shiogai,goals,4.5
2026-06-29,2026-06-29T13:07:45Z,2026-06-29,World Cup,Brazil vs Japan,ederson jose dos santos lourenco da silva,goals,5.0
2026-06-29,2026-06-29T13:07:45Z,2026-06-29,World Cup,Brazil vs Japan,yuito suzuki,goals,5.0
2026-06-29,2026-06-29T13:07:45Z,2026-06-29,World Cup,Brazil vs Japan,shuto machino,goals,5.0
2026-06-29,2026-06-29T13:07:45Z,2026-06-29,World Cup,Brazil vs Japan,keisuke goto,goals,5.0
2026-06-29,2026-06-29T13:07:45Z,2026-06-29,World Cup,Brazil vs Japan,takefusa kubo,goals,6.0
2026-06-29,2026-06-29T13:07:45Z,2026-06-29,World Cup,Brazil vs Japan,gleison bremer silva nascimento,goals,9.0
2026-06-29,2026-06-29T13:07:45Z,2026-06-29,World Cup,Brazil vs Japan,leonardo pereira,goals,10.0
2026-06-29,2026-06-29T13:07:45Z,2026-06-29,World Cup,Brazil vs Japan,yuto nagatomo,goals,12.0
2026-06-29,2026-06-29T13:07:45Z,2026-06-29,World Cup,Brazil vs Japan,junnosuke suzuki,goals,19.0
2026-06-29,2026-06-29T13:07:45Z,2026-06-29,World Cup,Brazil vs Japan,yuto nagatomo,sot,7.0
2026-06-29,2026-06-29T13:07:45Z,2026-06-29,World Cup,Brazil vs Japan,neymar,sot,1.44
2026-06-29,2026-06-29T13:07:45Z,2026-06-29,World Cup,Brazil vs Japan,leonardo pereira,sot,3.8
2026-06-29,2026-06-29T13:07:45Z,2026-06-29,World Cup,Brazil vs Japan,fabio henrique tavares,sot,3.15
2026-06-29,2026-06-29T13:07:45Z,2026-06-29,World Cup,Brazil vs Japan,gleison bremer silva nascimento,sot,4.2
2026-06-29,2026-06-29T13:07:45Z,2026-06-29,World Cup,Brazil vs Japan,alex sandro lobo,sot,5.75
2026-06-29,2026-06-29T13:07:45Z,2026-06-29,World Cup,Brazil vs Japan,ederson jose dos santos lourenco da silva,sot,2.4
2026-06-29,2026-06-29T13:07:45Z,2026-06-29,World Cup,Brazil vs Japan,ko itakura,sot,6.5
2026-06-29,2026-06-29T13:07:45Z,2026-06-29,World Cup,Brazil vs Japan,roger ibanez da silva,sot,3.7
2026-06-29,2026-06-29T13:07:45Z,2026-06-29,World Cup,Brazil vs Japan,takefusa kubo,sot,2.1
2026-06-29,2026-06-29T13:07:45Z,2026-06-29,World Cup,Brazil vs Japan,gabriel martinelli,sot,1.67
2026-06-29,2026-06-29T13:07:45Z,2026-06-29,World Cup,Brazil vs Japan,ao tanaka,sot,3.4
2026-06-29,2026-06-29T13:07:45Z,2026-06-29,World Cup,Brazil vs Japan,yukinari sugawara,sot,5.8
2026-06-29,2026-06-29T13:07:45Z,2026-06-29,World Cup,Brazil vs Japan,ayumu seko,sot,7.5
2026-06-29,2026-06-29T13:07:45Z,2026-06-29,World Cup,Brazil vs Japan,tsuyoshi watanabe,sot,7.0
2026-06-29,2026-06-29T13:07:45Z,2026-06-29,World Cup,Brazil vs Japan,yuito suzuki,sot,2.8
2026-06-29,2026-06-29T13:07:45Z,2026-06-29,World Cup,Brazil vs Japan,danilo dos santos de oliveira,sot,1.76
2026-06-29,2026-06-29T13:07:45Z,2026-06-29,World Cup,Brazil vs Japan,shuto machino,sot,1.83
2026-06-29,2026-06-29T13:07:45Z,2026-06-29,World Cup,Brazil vs Japan,luiz henrique andre rosa da silva,sot,1.6
2026-06-29,2026-06-29T13:07:45Z,2026-06-29,World Cup,Brazil vs Japan,junnosuke suzuki,sot,7.0
2026-06-29,2026-06-29T13:07:45Z,2026-06-29,World Cup,Brazil vs Japan,endrick felipe moreira de sousa,sot,1.4
2026-06-29,2026-06-29T13:07:45Z,2026-06-29,World Cup,Brazil vs Japan,koki ogawa,sot,1.76
2026-06-29,2026-06-29T13:07:45Z,2026-06-29,World Cup,Brazil vs Japan,kento shiogai,sot,1.91
2026-06-29,2026-06-29T13:07:45Z,2026-06-29,World Cup,Brazil vs Japan,keisuke goto,sot,1.83
2026-06-29,2026-06-29T13:07:45Z,2026-06-29,World Cup,Brazil vs Japan,igor thiago nascimento rodrigues,sot,1.44
2026-06-29,2026-06-29T13:07:45Z,2026-06-29,World Cup,Brazil vs Japan,yuto nagatomo,sot2,23.0
2026-06-29,2026-06-29T13:07:45Z,2026-06-29,World Cup,Brazil vs Japan,neymar,sot2,2.4
2026-06-29,2026-06-29T13:07:45Z,2026-06-29,World Cup,Brazil vs Japan,leonardo pereira,sot2,23.0
2026-06-29,2026-06-29T13:07:45Z,2026-06-29,World Cup,Brazil vs Japan,fabio henrique tavares,sot2,16.0
2026-06-29,2026-06-29T13:07:45Z,2026-06-29,World Cup,Brazil vs Japan,gleison bremer silva nascimento,sot2,29.0
2026-06-29,2026-06-29T13:07:45Z,2026-06-29,World Cup,Brazil vs Japan,ederson jose dos santos lourenco da silva,sot2,7.0
2026-06-29,2026-06-29T13:07:45Z,2026-06-29,World Cup,Brazil vs Japan,roger ibanez da silva,sot2,21.0
2026-06-29,2026-06-29T13:07:45Z,2026-06-29,World Cup,Brazil vs Japan,takefusa kubo,sot2,7.0
2026-06-29,2026-06-29T13:07:45Z,2026-06-29,World Cup,Brazil vs Japan,gabriel martinelli,sot2,3.85
2026-06-29,2026-06-29T13:07:45Z,2026-06-29,World Cup,Brazil vs Japan,ao tanaka,sot2,19.0
2026-06-29,2026-06-29T13:07:45Z,2026-06-29,World Cup,Brazil vs Japan,yukinari sugawara,sot2,29.0
2026-06-29,2026-06-29T13:07:45Z,2026-06-29,World Cup,Brazil vs Japan,yuito suzuki,sot2,5.25
2026-06-29,2026-06-29T13:07:45Z,2026-06-29,World Cup,Brazil vs Japan,danilo dos santos de oliveira,sot2,5.0
2026-06-29,2026-06-29T13:07:45Z,2026-06-29,World Cup,Brazil vs Japan,shuto machino,sot2,4.6
2026-06-29,2026-06-29T13:07:45Z,2026-06-29,World Cup,Brazil vs Japan,luiz henrique andre rosa da silva,sot2,3.95
2026-06-29,2026-06-29T13:07:45Z,2026-06-29,World Cup,Brazil vs Japan,junnosuke suzuki,sot2,21.0
2026-06-29,2026-06-29T13:07:45Z,2026-06-29,World Cup,Brazil vs Japan,endrick felipe moreira de sousa,sot2,2.85
2026-06-29,2026-06-29T13:07:45Z,2026-06-29,World Cup,Brazil vs Japan,koki ogawa,sot2,4.6
2026-06-29,2026-06-29T13:07:45Z,2026-06-29,World Cup,Brazil vs Japan,kento shiogai,sot2,5.5
2026-06-29,2026-06-29T13:07:45Z,2026-06-29,World Cup,Brazil vs Japan,keisuke goto,sot2,4.7
2026-06-29,2026-06-29T13:07:45Z,2026-06-29,World Cup,Brazil vs Japan,neymar,sot3,5.75
2026-06-29,2026-06-29T13:07:45Z,2026-06-29,World Cup,Brazil vs Japan,ederson jose dos santos lourenco da silva,sot3,31.0
2026-06-29,2026-06-29T13:07:45Z,2026-06-29,World Cup,Brazil vs Japan,takefusa kubo,sot3,29.0
2026-06-29,2026-06-29T13:07:45Z,2026-06-29,World Cup,Brazil vs Japan,gabriel martinelli,sot3,12.0
2026-06-29,2026-06-29T13:07:45Z,2026-06-29,World Cup,Brazil vs Japan,yuito suzuki,sot3,20.0
2026-06-29,2026-06-29T13:07:45Z,2026-06-29,World Cup,Brazil vs Japan,danilo dos santos de oliveira,sot3,18.0
2026-06-29,2026-06-29T13:07:45Z,2026-06-29,World Cup,Brazil vs Japan,shuto machino,sot3,16.0
2026-06-29,2026-06-29T13:07:45Z,2026-06-29,World Cup,Brazil vs Japan,luiz henrique andre rosa da silva,sot3,13.0
2026-06-29,2026-06-29T13:07:45Z,2026-06-29,World Cup,Brazil vs Japan,endrick felipe moreira de sousa,sot3,7.5
2026-06-29,2026-06-29T13:07:45Z,2026-06-29,World Cup,Brazil vs Japan,koki ogawa,sot3,16.0
2026-06-29,2026-06-29T13:07:45Z,2026-06-29,World Cup,Brazil vs Japan,kento shiogai,sot3,21.0
2026-06-29,2026-06-29T13:07:45Z,2026-06-29,World Cup,Brazil vs Japan,keisuke goto,sot3,16.0
2026-06-29,2026-06-29T13:07:45Z,2026-06-29,World Cup,Brazil vs Japan,junnosuke suzuki,cards,3.8
2026-06-29,2026-06-29T13:07:45Z,2026-06-29,World Cup,Brazil vs Japan,takefusa kubo,cards,3.9
2026-06-29,2026-06-29T13:07:45Z,2026-06-29,World Cup,Brazil vs Japan,kento shiogai,cards,4.2
2026-06-29,2026-06-29T13:07:45Z,2026-06-29,World Cup,Brazil vs Japan,yuto nagatomo,cards,4.2
2026-06-29,2026-06-29T13:07:45Z,2026-06-29,World Cup,Brazil vs Japan,keisuke goto,cards,9.5
2026-06-29,2026-06-29T13:07:45Z,2026-06-29,World Cup,Brazil vs Japan,leonardo pereira,cards,5.25
2026-06-29,2026-06-29T13:07:45Z,2026-06-29,World Cup,Brazil vs Japan,shuto machino,cards,4.8
2026-06-29,2026-06-29T13:07:45Z,2026-06-29,World Cup,Brazil vs Japan,ederson jose dos santos lourenco da silva,cards,5.25
2026-06-29,2026-06-29T13:07:45Z,2026-06-29,World Cup,Brazil vs Japan,gleison bremer silva nascimento,cards,5.5
2026-06-29,2026-06-29T13:07:45Z,2026-06-29,World Cup,Brazil vs Japan,yuito suzuki,cards,5.25
2026-06-29,2026-06-29T13:07:45Z,2026-06-29,World Cup,Brazil vs Japan,gabriel martinelli,cards,9.5
2026-06-29,2026-06-29T13:07:45Z,2026-06-29,World Cup,Brazil vs Japan,ederson moraes,cards,9.5
2026-06-29,2026-06-29T13:07:45Z,2026-06-29,World Cup,Brazil vs Japan,weverton pereira da silva,cards,9.5
2026-06-29,2026-06-29T13:07:45Z,2026-06-29,World Cup,Brazil vs Japan,tomoki hayakawa,cards,9.5
2026-06-29,2026-06-29T13:07:45Z,2026-06-30,World Cup,France vs Sweden,gustaf nilsson,sot3,21.0
2026-06-29,2026-06-29T13:07:45Z,2026-06-30,World Cup,France vs Sweden,benjamin nygren,sot3,20.0
2026-06-29,2026-06-29T13:07:45Z,2026-06-30,World Cup,France vs Sweden,taha abdi ali,sot3,23.0
2026-06-29,2026-06-29T13:07:45Z,2026-07-02,World Cup,Spain vs Austria,florian grillitsch,sot2,21.0
2026-06-29,2026-06-29T16:57:53Z,2026-06-29,World Cup,Brazil vs Japan,vinicius junior,goals,2.75
2026-06-29,2026-06-29T16:57:53Z,2026-06-29,World Cup,Brazil vs Japan,igor thiago nascimento rodrigues,goals,2.8
2026-06-29,2026-06-29T16:57:53Z,2026-06-29,World Cup,Brazil vs Japan,endrick felipe moreira de sousa,goals,2.9
2026-06-29,2026-06-29T16:57:53Z,2026-06-29,World Cup,Brazil vs Japan,matheus cunha,goals,3.22
2026-06-29,2026-06-29T16:57:53Z,2026-06-29,World Cup,Brazil vs Japan,neymar,goals,3.0
2026-06-29,2026-06-29T16:57:53Z,2026-06-29,World Cup,Brazil vs Japan,rayan vitor,goals,4.34
2026-06-29,2026-06-29T16:57:53Z,2026-06-29,World Cup,Brazil vs Japan,gabriel martinelli,goals,4.0
2026-06-29,2026-06-29T16:57:53Z,2026-06-29,World Cup,Brazil vs Japan,lucas paqueta,goals,5.0
2026-06-29,2026-06-29T16:57:53Z,2026-06-29,World Cup,Brazil vs Japan,luiz henrique andre rosa da silva,goals,4.5
2026-06-29,2026-06-29T16:57:53Z,2026-06-29,World Cup,Brazil vs Japan,koki ogawa,goals,4.5
2026-06-29,2026-06-29T16:57:53Z,2026-06-29,World Cup,Brazil vs Japan,ayase ueda,goals,5.2
2026-06-29,2026-06-29T16:57:53Z,2026-06-29,World Cup,Brazil vs Japan,daizen maeda,goals,6.86
2026-06-29,2026-06-29T16:57:53Z,2026-06-29,World Cup,Brazil vs Japan,carlos casemiro,goals,8.0
2026-06-29,2026-06-29T16:57:53Z,2026-06-29,World Cup,Brazil vs Japan,ritsu doan,goals,8.0
2026-06-29,2026-06-29T16:57:53Z,2026-06-29,World Cup,Brazil vs Japan,junya ito,goals,7.9
2026-06-29,2026-06-29T16:57:53Z,2026-06-29,World Cup,Brazil vs Japan,keito nakamura,goals,8.7
2026-06-29,2026-06-29T16:57:53Z,2026-06-29,World Cup,Brazil vs Japan,bruno guimaraes,goals,10.0
2026-06-29,2026-06-29T16:57:53Z,2026-06-29,World Cup,Brazil vs Japan,daichi kamada,goals,10.0
2026-06-29,2026-06-29T16:57:53Z,2026-06-29,World Cup,Brazil vs Japan,roger ibanez da silva,goals,11.0
2026-06-29,2026-06-29T16:57:53Z,2026-06-29,World Cup,Brazil vs Japan,alex sandro lobo,goals,11.5
2026-06-29,2026-06-29T16:57:53Z,2026-06-29,World Cup,Brazil vs Japan,ederson moraes,goals,12.0
2026-06-29,2026-06-29T16:57:53Z,2026-06-29,World Cup,Brazil vs Japan,fabio henrique tavares,goals,13.0
2026-06-29,2026-06-29T16:57:53Z,2026-06-29,World Cup,Brazil vs Japan,ao tanaka,goals,13.0
2026-06-29,2026-06-29T16:57:53Z,2026-06-29,World Cup,Brazil vs Japan,magalhaes gabriel,goals,13.5
2026-06-29,2026-06-29T16:57:53Z,2026-06-29,World Cup,Brazil vs Japan,danilo luiz da silva,goals,13.5
2026-06-29,2026-06-29T16:57:53Z,2026-06-29,World Cup,Brazil vs Japan,yukinari sugawara,goals,15.0
2026-06-29,2026-06-29T16:57:53Z,2026-06-29,World Cup,Brazil vs Japan,tsuyoshi watanabe,goals,18.0
2026-06-29,2026-06-29T16:57:53Z,2026-06-29,World Cup,Brazil vs Japan,ko itakura,goals,17.0
2026-06-29,2026-06-29T16:57:53Z,2026-06-29,World Cup,Brazil vs Japan,marcos aoas correa,goals,17.0
2026-06-29,2026-06-29T16:57:53Z,2026-06-29,World Cup,Brazil vs Japan,douglas santos de melo,goals,17.0
2026-06-29,2026-06-29T16:57:53Z,2026-06-29,World Cup,Brazil vs Japan,ayumu seko,goals,25.98
2026-06-29,2026-06-29T16:57:53Z,2026-06-29,World Cup,Brazil vs Japan,kaishu sano,goals,20.0
2026-06-29,2026-06-29T16:57:53Z,2026-06-29,World Cup,Brazil vs Japan,shogo taniguchi,goals,23.0
2026-06-29,2026-06-29T16:57:53Z,2026-06-29,World Cup,Brazil vs Japan,hiroki ito,goals,24.0
2026-06-29,2026-06-29T16:57:53Z,2026-06-29,World Cup,Brazil vs Japan,takehiro tomiyasu,goals,29.0
2026-06-29,2026-06-29T16:57:53Z,2026-06-29,World Cup,Brazil vs Japan,marcos aoas correa,sot,3.7
2026-06-29,2026-06-29T16:57:53Z,2026-06-29,World Cup,Brazil vs Japan,carlos casemiro,sot,3.2
2026-06-29,2026-06-29T16:57:53Z,2026-06-29,World Cup,Brazil vs Japan,danilo luiz da silva,sot,4.1
2026-06-29,2026-06-29T16:57:53Z,2026-06-29,World Cup,Brazil vs Japan,daichi kamada,sot,3.6
2026-06-29,2026-06-29T16:57:53Z,2026-06-29,World Cup,Brazil vs Japan,magalhaes gabriel,sot,4.7
2026-06-29,2026-06-29T16:57:53Z,2026-06-29,World Cup,Brazil vs Japan,ritsu doan,sot,4.0
2026-06-29,2026-06-29T16:57:53Z,2026-06-29,World Cup,Brazil vs Japan,vinicius junior,sot,1.22
2026-06-29,2026-06-29T16:57:53Z,2026-06-29,World Cup,Brazil vs Japan,lucas paqueta,sot,2.0
2026-06-29,2026-06-29T16:57:53Z,2026-06-29,World Cup,Brazil vs Japan,shogo taniguchi,sot,7.0
2026-06-29,2026-06-29T16:57:53Z,2026-06-29,World Cup,Brazil vs Japan,takehiro tomiyasu,sot,7.0
2026-06-29,2026-06-29T16:57:53Z,2026-06-29,World Cup,Brazil vs Japan,matheus cunha,sot,1.43
2026-06-29,2026-06-29T16:57:53Z,2026-06-29,World Cup,Brazil vs Japan,junya ito,sot,2.45
2026-06-29,2026-06-29T16:57:53Z,2026-06-29,World Cup,Brazil vs Japan,douglas santos de melo,sot,3.85
2026-06-29,2026-06-29T16:57:53Z,2026-06-29,World Cup,Brazil vs Japan,daizen maeda,sot,2.5
2026-06-29,2026-06-29T16:57:53Z,2026-06-29,World Cup,Brazil vs Japan,ayase ueda,sot,1.65
2026-06-29,2026-06-29T16:57:53Z,2026-06-29,World Cup,Brazil vs Japan,keito nakamura,sot,2.2
2026-06-29,2026-06-29T16:57:53Z,2026-06-29,World Cup,Brazil vs Japan,hiroki ito,sot,7.0
2026-06-29,2026-06-29T16:57:53Z,2026-06-29,World Cup,Brazil vs Japan,bruno guimaraes,sot,2.8
2026-06-29,2026-06-29T16:57:53Z,2026-06-29,World Cup,Brazil vs Japan,kaishu sano,sot,6.5
2026-06-29,2026-06-29T16:57:53Z,2026-06-29,World Cup,Brazil vs Japan,rayan vitor,sot,1.6
2026-06-29,2026-06-29T16:57:53Z,2026-06-29,World Cup,Brazil vs Japan,marcos aoas correa,sot2,21.0
2026-06-29,2026-06-29T16:57:53Z,2026-06-29,World Cup,Brazil vs Japan,carlos casemiro,sot2,15.0
2026-06-29,2026-06-29T16:57:53Z,2026-06-29,World Cup,Brazil vs Japan,danilo luiz da silva,sot2,26.0
2026-06-29,2026-06-29T16:57:53Z,2026-06-29,World Cup,Brazil vs Japan,daichi kamada,sot2,20.0
2026-06-29,2026-06-29T16:57:53Z,2026-06-29,World Cup,Brazil vs Japan,ritsu doan,sot2,13.0
2026-06-29,2026-06-29T16:57:53Z,2026-06-29,World Cup,Brazil vs Japan,vinicius junior,sot2,1.75
2026-06-29,2026-06-29T16:57:53Z,2026-06-29,World Cup,Brazil vs Japan,lucas paqueta,sot2,7.0
2026-06-29,2026-06-29T16:57:53Z,2026-06-29,World Cup,Brazil vs Japan,matheus cunha,sot2,2.3
2026-06-29,2026-06-29T16:57:53Z,2026-06-29,World Cup,Brazil vs Japan,junya ito,sot2,7.5
2026-06-29,2026-06-29T16:57:53Z,2026-06-29,World Cup,Brazil vs Japan,douglas santos de melo,sot2,23.0
2026-06-29,2026-06-29T16:57:53Z,2026-06-29,World Cup,Brazil vs Japan,daizen maeda,sot2,8.0
2026-06-29,2026-06-29T16:57:53Z,2026-06-29,World Cup,Brazil vs Japan,ayase ueda,sot2,4.0
2026-06-29,2026-06-29T16:57:53Z,2026-06-29,World Cup,Brazil vs Japan,keito nakamura,sot2,7.5
2026-06-29,2026-06-29T16:57:53Z,2026-06-29,World Cup,Brazil vs Japan,bruno guimaraes,sot2,10.0
2026-06-29,2026-06-29T16:57:53Z,2026-06-29,World Cup,Brazil vs Japan,rayan vitor,sot2,3.8
2026-06-29,2026-06-29T16:57:53Z,2026-06-29,World Cup,Brazil vs Japan,vinicius junior,sot3,4.1
2026-06-29,2026-06-29T16:57:53Z,2026-06-29,World Cup,Brazil vs Japan,lucas paqueta,sot3,31.0
2026-06-29,2026-06-29T16:57:53Z,2026-06-29,World Cup,Brazil vs Japan,matheus cunha,sot3,8.0
2026-06-29,2026-06-29T16:57:53Z,2026-06-29,World Cup,Brazil vs Japan,junya ito,sot3,31.0
2026-06-29,2026-06-29T16:57:53Z,2026-06-29,World Cup,Brazil vs Japan,ayase ueda,sot3,13.0
2026-06-29,2026-06-29T16:57:53Z,2026-06-29,World Cup,Brazil vs Japan,rayan vitor,sot3,12.0
2026-06-29,2026-06-29T16:57:53Z,2026-06-29,World Cup,Brazil vs Japan,carlos casemiro,cards,3.92
2026-06-29,2026-06-29T16:57:53Z,2026-06-29,World Cup,Brazil vs Japan,lucas paqueta,cards,3.9
2026-06-29,2026-06-29T16:57:53Z,2026-06-29,World Cup,Brazil vs Japan,takehiro tomiyasu,cards,5.0
2026-06-29,2026-06-29T16:57:53Z,2026-06-29,World Cup,Brazil vs Japan,bruno guimaraes,cards,4.33
2026-06-29,2026-06-29T16:57:53Z,2026-06-29,World Cup,Brazil vs Japan,daizen maeda,cards,5.1
2026-06-29,2026-06-29T16:57:53Z,2026-06-29,World Cup,Brazil vs Japan,vinicius junior,cards,5.0
2026-06-29,2026-06-29T16:57:53Z,2026-06-29,World Cup,Brazil vs Japan,danilo luiz da silva,cards,5.3
2026-06-29,2026-06-29T16:57:53Z,2026-06-29,World Cup,Brazil vs Japan,daichi kamada,cards,5.5
2026-06-29,2026-06-29T16:57:53Z,2026-06-29,World Cup,Brazil vs Japan,matheus cunha,cards,7.5
2026-06-29,2026-06-29T16:57:53Z,2026-06-29,World Cup,Brazil vs Japan,hiroki ito,cards,5.4
2026-06-29,2026-06-29T16:57:53Z,2026-06-29,World Cup,Brazil vs Japan,ritsu doan,cards,5.5
2026-06-29,2026-06-29T16:57:53Z,2026-06-29,World Cup,Brazil vs Japan,rayan vitor,cards,6.5
2026-06-29,2026-06-29T16:57:53Z,2026-06-29,World Cup,Brazil vs Japan,magalhaes gabriel,cards,7.0
2026-06-29,2026-06-29T16:57:53Z,2026-06-29,World Cup,Brazil vs Japan,keito nakamura,cards,6.25
2026-06-29,2026-06-29T16:57:53Z,2026-06-29,World Cup,Brazil vs Japan,douglas santos de melo,cards,7.0
2026-06-29,2026-06-29T16:57:53Z,2026-06-29,World Cup,Brazil vs Japan,kaishu sano,cards,5.8
2026-06-29,2026-06-29T16:57:53Z,2026-06-29,World Cup,Brazil vs Japan,shogo taniguchi,cards,5.0
2026-06-29,2026-06-29T16:57:53Z,2026-06-29,World Cup,Brazil vs Japan,junya ito,cards,7.0
2026-06-29,2026-06-29T16:57:53Z,2026-06-29,World Cup,Brazil vs Japan,ayase ueda,cards,7.5
2026-06-29,2026-06-29T16:57:53Z,2026-06-29,World Cup,Brazil vs Japan,zion suzuki,cards,9.5
2026-06-29,2026-06-29T16:57:53Z,2026-06-29,World Cup,Brazil vs Japan,ko itakura,cards,4.1
2026-06-29,2026-06-29T16:57:53Z,2026-06-29,World Cup,Brazil vs Japan,ao tanaka,cards,5.0
2026-06-29,2026-06-29T16:57:53Z,2026-06-29,World Cup,Brazil vs Japan,igor thiago nascimento rodrigues,cards,4.2
2026-06-29,2026-06-29T16:57:53Z,2026-06-29,World Cup,Brazil vs Japan,endrick felipe moreira de sousa,cards,4.5
2026-06-29,2026-06-29T16:57:53Z,2026-06-29,World Cup,Brazil vs Japan,neymar,cards,4.2
2026-06-29,2026-06-29T16:57:53Z,2026-06-29,World Cup,Brazil vs Japan,ayumu seko,cards,4.6
2026-06-29,2026-06-29T16:57:53Z,2026-06-29,World Cup,Brazil vs Japan,yukinari sugawara,cards,5.0
2026-06-29,2026-06-29T16:57:53Z,2026-06-29,World Cup,Brazil vs Japan,koki ogawa,cards,6.5
2026-06-29,2026-06-29T16:57:53Z,2026-06-29,World Cup,Brazil vs Japan,roger ibanez da silva,cards,5.0
2026-06-29,2026-06-29T16:57:53Z,2026-06-29,World Cup,Brazil vs Japan,luiz henrique andre rosa da silva,cards,5.0
2026-06-29,2026-06-29T16:57:53Z,2026-06-29,World Cup,Brazil vs Japan,alex sandro lobo,cards,5.5
2026-06-29,2026-06-29T16:57:53Z,2026-06-29,World Cup,Brazil vs Japan,tsuyoshi watanabe,cards,6.0
2026-06-29,2026-06-29T19:09:40Z,2026-06-29,World Cup,Germany vs Paraguay,deniz undav,goals,2.25
2026-06-29,2026-06-29T19:09:40Z,2026-06-29,World Cup,Germany vs Paraguay,kai havertz,goals,2.45
2026-06-29,2026-06-29T19:09:40Z,2026-06-29,World Cup,Germany vs Paraguay,nick woltemade,goals,2.38
2026-06-29,2026-06-29T19:09:40Z,2026-06-29,World Cup,Germany vs Paraguay,maximilian beier,goals,2.5
2026-06-29,2026-06-29T19:09:40Z,2026-06-29,World Cup,Germany vs Paraguay,florian wirtz,goals,3.35
2026-06-29,2026-06-29T19:09:40Z,2026-06-29,World Cup,Germany vs Paraguay,jamal musiala,goals,3.33
2026-06-29,2026-06-29T19:09:40Z,2026-06-29,World Cup,Germany vs Paraguay,leroy sane,goals,3.78
2026-06-29,2026-06-29T19:09:40Z,2026-06-29,World Cup,Germany vs Paraguay,forzan assan ouedraogo,goals,3.5
2026-06-29,2026-06-29T19:09:40Z,2026-06-29,World Cup,Germany vs Paraguay,jamie leweling,goals,3.5
2026-06-29,2026-06-29T19:09:40Z,2026-06-29,World Cup,Germany vs Paraguay,nadiem amiri,goals,4.33
2026-06-29,2026-06-29T19:09:40Z,2026-06-29,World Cup,Germany vs Paraguay,leon goretzka,goals,5.5
2026-06-29,2026-06-29T19:09:40Z,2026-06-29,World Cup,Germany vs Paraguay,isidro pitta,goals,5.7
2026-06-29,2026-06-29T19:09:40Z,2026-06-29,World Cup,Germany vs Paraguay,alex adrian arce barrios,goals,5.5
2026-06-29,2026-06-29T19:09:40Z,2026-06-29,World Cup,Germany vs Paraguay,felix nmecha,goals,6.0
2026-06-29,2026-06-29T19:09:40Z,2026-06-29,World Cup,Germany vs Paraguay,alejandro romero gamarra,goals,5.5
2026-06-29,2026-06-29T19:09:40Z,2026-06-29,World Cup,Germany vs Paraguay,antonio sanabria,goals,5.6
2026-06-29,2026-06-29T19:09:40Z,2026-06-29,World Cup,Germany vs Paraguay,ramon sosa acosta,goals,6.0
2026-06-29,2026-06-29T19:09:40Z,2026-06-29,World Cup,Germany vs Paraguay,gustavo caballero,goals,6.0
2026-06-29,2026-06-29T19:09:40Z,2026-06-29,World Cup,Germany vs Paraguay,pascal gross,goals,6.0
2026-06-29,2026-06-29T19:09:40Z,2026-06-29,World Cup,Germany vs Paraguay,joshua kimmich,goals,7.0
2026-06-29,2026-06-29T19:09:40Z,2026-06-29,World Cup,Germany vs Paraguay,miguel almiron,goals,7.5
2026-06-29,2026-06-29T19:09:40Z,2026-06-29,World Cup,Germany vs Paraguay,gabriel avalos,goals,6.3
2026-06-29,2026-06-29T19:09:40Z,2026-06-29,World Cup,Germany vs Paraguay,matias galarza fonda,goals,11.0
2026-06-29,2026-06-29T19:09:40Z,2026-06-29,World Cup,Germany vs Paraguay,julio cesar enciso,goals,7.69
2026-06-29,2026-06-29T19:09:40Z,2026-06-29,World Cup,Germany vs Paraguay,nathaniel brown,goals,8.5
2026-06-29,2026-06-29T19:09:40Z,2026-06-29,World Cup,Germany vs Paraguay,david raum,goals,10.0
2026-06-29,2026-06-29T19:09:40Z,2026-06-29,World Cup,Germany vs Paraguay,aleksandar pavlovic,goals,9.5
2026-06-29,2026-06-29T19:09:40Z,2026-06-29,World Cup,Germany vs Paraguay,diego alexander gomez amarilla,goals,7.5
2026-06-29,2026-06-29T19:09:40Z,2026-06-29,World Cup,Germany vs Paraguay,mauricio magalhaes prado,goals,10.5
2026-06-29,2026-06-29T19:09:40Z,2026-06-29,World Cup,Germany vs Paraguay,jonathan tah,goals,10.0
2026-06-29,2026-06-29T19:09:40Z,2026-06-29,World Cup,Germany vs Paraguay,antonio rudiger,goals,11.0
2026-06-29,2026-06-29T19:09:40Z,2026-06-29,World Cup,Germany vs Paraguay,damian bobadilla,goals,12.5
2026-06-29,2026-06-29T19:09:40Z,2026-06-29,World Cup,Germany vs Paraguay,angelo stiller,goals,9.0
2026-06-29,2026-06-29T19:09:40Z,2026-06-29,World Cup,Germany vs Paraguay,malick thiaw,goals,10.0
2026-06-29,2026-06-29T19:09:40Z,2026-06-29,World Cup,Germany vs Paraguay,alexandro maidana,goals,18.0
2026-06-29,2026-06-29T19:09:40Z,2026-06-29,World Cup,Germany vs Paraguay,waldemar anton,goals,11.0
2026-06-29,2026-06-29T19:09:40Z,2026-06-29,World Cup,Germany vs Paraguay,braian ojeda,goals,12.0
2026-06-29,2026-06-29T19:09:40Z,2026-06-29,World Cup,Germany vs Paraguay,gustavo gomez,goals,14.0
2026-06-29,2026-06-29T19:09:40Z,2026-06-29,World Cup,Germany vs Paraguay,fabian balbuena,goals,15.0
2026-06-29,2026-06-29T19:09:40Z,2026-06-29,World Cup,Germany vs Paraguay,jose maria canale dominguez,goals,15.0
2026-06-29,2026-06-29T19:09:40Z,2026-06-29,World Cup,Germany vs Paraguay,juan jose caceres,goals,26.0
2026-06-29,2026-06-29T19:09:40Z,2026-06-29,World Cup,Germany vs Paraguay,omar alderete,goals,21.0
2026-06-29,2026-06-29T19:09:40Z,2026-06-29,World Cup,Germany vs Paraguay,victor gustavo velazquez,goals,24.0
2026-06-29,2026-06-29T19:09:40Z,2026-06-29,World Cup,Germany vs Paraguay,junior alonso,goals,24.0
2026-06-29,2026-06-29T19:09:40Z,2026-06-29,World Cup,Germany vs Paraguay,adrian cubas,goals,24.0
2026-06-29,2026-06-29T19:09:40Z,2026-06-29,World Cup,Germany vs Paraguay,antonio sanabria,sot,2.5
2026-06-29,2026-06-29T19:09:40Z,2026-06-29,World Cup,Germany vs Paraguay,gustavo gomez,sot,6.0
2026-06-29,2026-06-29T19:09:40Z,2026-06-29,World Cup,Germany vs Paraguay,antonio rudiger,sot,4.33
2026-06-29,2026-06-29T19:09:40Z,2026-06-29,World Cup,Germany vs Paraguay,leroy sane,sot,1.73
2026-06-29,2026-06-29T19:09:40Z,2026-06-29,World Cup,Germany vs Paraguay,leon goretzka,sot,2.15
2026-06-29,2026-06-29T19:09:40Z,2026-06-29,World Cup,Germany vs Paraguay,nathaniel brown,sot,3.4
2026-06-29,2026-06-29T19:09:40Z,2026-06-29,World Cup,Germany vs Paraguay,nadiem amiri,sot,1.8
2026-06-29,2026-06-29T19:09:40Z,2026-06-29,World Cup,Germany vs Paraguay,adrian cubas,sot,6.5
2026-06-29,2026-06-29T19:09:40Z,2026-06-29,World Cup,Germany vs Paraguay,fabian balbuena,sot,9.5
2026-06-29,2026-06-29T19:09:40Z,2026-06-29,World Cup,Germany vs Paraguay,waldemar anton,sot,4.0
2026-06-29,2026-06-29T19:09:40Z,2026-06-29,World Cup,Germany vs Paraguay,miguel almiron,sot,2.9
2026-06-29,2026-06-29T19:09:40Z,2026-06-29,World Cup,Germany vs Paraguay,jonathan tah,sot,3.8
2026-06-29,2026-06-29T19:09:40Z,2026-06-29,World Cup,Germany vs Paraguay,junior alonso,sot,8.5
2026-06-29,2026-06-29T19:09:40Z,2026-06-29,World Cup,Germany vs Paraguay,alejandro romero gamarra,sot,2.9
2026-06-29,2026-06-29T19:09:40Z,2026-06-29,World Cup,Germany vs Paraguay,joshua kimmich,sot,2.5
2026-06-29,2026-06-29T19:09:40Z,2026-06-29,World Cup,Germany vs Paraguay,felix nmecha,sot,2.3
2026-06-29,2026-06-29T19:09:40Z,2026-06-29,World Cup,Germany vs Paraguay,victor gustavo velazquez,sot,7.0
2026-06-29,2026-06-29T19:09:40Z,2026-06-29,World Cup,Germany vs Paraguay,angelo stiller,sot,3.1
2026-06-29,2026-06-29T19:09:40Z,2026-06-29,World Cup,Germany vs Paraguay,jamie leweling,sot,1.5
2026-06-29,2026-06-29T19:09:40Z,2026-06-29,World Cup,Germany vs Paraguay,omar alderete,sot,4.5
2026-06-29,2026-06-29T19:09:40Z,2026-06-29,World Cup,Germany vs Paraguay,nick woltemade,sot,1.33
2026-06-29,2026-06-29T19:09:40Z,2026-06-29,World Cup,Germany vs Paraguay,malick thiaw,sot,3.6
2026-06-29,2026-06-29T19:09:40Z,2026-06-29,World Cup,Germany vs Paraguay,florian wirtz,sot,1.67
2026-06-29,2026-06-29T19:09:40Z,2026-06-29,World Cup,Germany vs Paraguay,jamal musiala,sot,1.45
2026-06-29,2026-06-29T19:09:40Z,2026-06-29,World Cup,Germany vs Paraguay,mauricio magalhaes prado,sot,3.45
2026-06-29,2026-06-29T19:09:40Z,2026-06-29,World Cup,Germany vs Paraguay,julio cesar enciso,sot,1.9
2026-06-29,2026-06-29T19:09:40Z,2026-06-29,World Cup,Germany vs Paraguay,juan jose caceres,sot,8.5
2026-06-29,2026-06-29T19:09:40Z,2026-06-29,World Cup,Germany vs Paraguay,david raum,sot,3.4
2026-06-29,2026-06-29T19:09:40Z,2026-06-29,World Cup,Germany vs Paraguay,deniz undav,sot,1.21
2026-06-29,2026-06-29T19:09:40Z,2026-06-29,World Cup,Germany vs Paraguay,kai havertz,sot,1.3
2026-06-29,2026-06-29T19:09:40Z,2026-06-29,World Cup,Germany vs Paraguay,gabriel avalos,sot,2.25
2026-06-29,2026-06-29T19:09:40Z,2026-06-29,World Cup,Germany vs Paraguay,braian ojeda,sot,5.0
2026-06-29,2026-06-29T19:09:40Z,2026-06-29,World Cup,Germany vs Paraguay,isidro pitta,sot,2.7
2026-06-29,2026-06-29T19:09:40Z,2026-06-29,World Cup,Germany vs Paraguay,ramon sosa acosta,sot,2.45
2026-06-29,2026-06-29T19:09:40Z,2026-06-29,World Cup,Germany vs Paraguay,damian bobadilla,sot,3.4
2026-06-29,2026-06-29T19:09:40Z,2026-06-29,World Cup,Germany vs Paraguay,jose maria canale dominguez,sot,9.5
2026-06-29,2026-06-29T19:09:40Z,2026-06-29,World Cup,Germany vs Paraguay,pascal gross,sot,2.6
2026-06-29,2026-06-29T19:09:40Z,2026-06-29,World Cup,Germany vs Paraguay,maximilian beier,sot,1.37
2026-06-29,2026-06-29T19:09:40Z,2026-06-29,World Cup,Germany vs Paraguay,aleksandar pavlovic,sot,3.6
2026-06-29,2026-06-29T19:09:40Z,2026-06-29,World Cup,Germany vs Paraguay,forzan assan ouedraogo,sot,1.8
2026-06-29,2026-06-29T19:09:40Z,2026-06-29,World Cup,Germany vs Paraguay,alex adrian arce barrios,sot,2.15
2026-06-29,2026-06-29T19:09:40Z,2026-06-29,World Cup,Germany vs Paraguay,gustavo caballero,sot,2.9
2026-06-29,2026-06-29T19:09:40Z,2026-06-29,World Cup,Germany vs Paraguay,matias galarza fonda,sot,3.3
2026-06-29,2026-06-29T19:09:40Z,2026-06-29,World Cup,Germany vs Paraguay,alexandro maidana,sot,5.75
2026-06-29,2026-06-29T19:09:40Z,2026-06-29,World Cup,Germany vs Paraguay,antonio sanabria,sot2,10.0
2026-06-29,2026-06-29T19:09:40Z,2026-06-29,World Cup,Germany vs Paraguay,antonio rudiger,sot2,26.0
2026-06-29,2026-06-29T19:09:40Z,2026-06-29,World Cup,Germany vs Paraguay,leroy sane,sot2,3.85
2026-06-29,2026-06-29T19:09:40Z,2026-06-29,World Cup,Germany vs Paraguay,leon goretzka,sot2,7.5
2026-06-29,2026-06-29T19:09:40Z,2026-06-29,World Cup,Germany vs Paraguay,nathaniel brown,sot2,13.0
2026-06-29,2026-06-29T19:09:40Z,2026-06-29,World Cup,Germany vs Paraguay,nadiem amiri,sot2,4.6
2026-06-29,2026-06-29T19:09:40Z,2026-06-29,World Cup,Germany vs Paraguay,waldemar anton,sot2,21.0
2026-06-29,2026-06-29T19:09:40Z,2026-06-29,World Cup,Germany vs Paraguay,miguel almiron,sot2,14.0
2026-06-29,2026-06-29T19:09:40Z,2026-06-29,World Cup,Germany vs Paraguay,jonathan tah,sot2,23.0
2026-06-29,2026-06-29T19:09:40Z,2026-06-29,World Cup,Germany vs Paraguay,alejandro romero gamarra,sot2,11.0
2026-06-29,2026-06-29T19:09:40Z,2026-06-29,World Cup,Germany vs Paraguay,joshua kimmich,sot2,10.0
2026-06-29,2026-06-29T19:09:40Z,2026-06-29,World Cup,Germany vs Paraguay,felix nmecha,sot2,8.0
2026-06-29,2026-06-29T19:09:40Z,2026-06-29,World Cup,Germany vs Paraguay,angelo stiller,sot2,10.5
2026-06-29,2026-06-29T19:09:40Z,2026-06-29,World Cup,Germany vs Paraguay,jamie leweling,sot2,3.0
2026-06-29,2026-06-29T19:09:40Z,2026-06-29,World Cup,Germany vs Paraguay,omar alderete,sot2,31.0
2026-06-29,2026-06-29T19:09:40Z,2026-06-29,World Cup,Germany vs Paraguay,nick woltemade,sot2,2.5
2026-06-29,2026-06-29T19:09:40Z,2026-06-29,World Cup,Germany vs Paraguay,malick thiaw,sot2,14.0
2026-06-29,2026-06-29T19:09:40Z,2026-06-29,World Cup,Germany vs Paraguay,florian wirtz,sot2,3.75
2026-06-29,2026-06-29T19:09:40Z,2026-06-29,World Cup,Germany vs Paraguay,jamal musiala,sot2,3.15
2026-06-29,2026-06-29T19:09:40Z,2026-06-29,World Cup,Germany vs Paraguay,mauricio magalhaes prado,sot2,19.0
2026-06-29,2026-06-29T19:09:40Z,2026-06-29,World Cup,Germany vs Paraguay,julio cesar enciso,sot2,7.0
2026-06-29,2026-06-29T19:09:40Z,2026-06-29,World Cup,Germany vs Paraguay,david raum,sot2,18.0
2026-06-29,2026-06-29T19:09:40Z,2026-06-29,World Cup,Germany vs Paraguay,deniz undav,sot2,1.8
2026-06-29,2026-06-29T19:09:40Z,2026-06-29,World Cup,Germany vs Paraguay,kai havertz,sot2,2.3
2026-06-29,2026-06-29T19:09:40Z,2026-06-29,World Cup,Germany vs Paraguay,gabriel avalos,sot2,9.0
2026-06-29,2026-06-29T19:09:40Z,2026-06-29,World Cup,Germany vs Paraguay,braian ojeda,sot2,29.0
2026-06-29,2026-06-29T19:09:40Z,2026-06-29,World Cup,Germany vs Paraguay,isidro pitta,sot2,12.0
2026-06-29,2026-06-29T19:09:40Z,2026-06-29,World Cup,Germany vs Paraguay,ramon sosa acosta,sot2,7.5
2026-06-29,2026-06-29T19:09:40Z,2026-06-29,World Cup,Germany vs Paraguay,damian bobadilla,sot2,8.5
2026-06-29,2026-06-29T19:09:40Z,2026-06-29,World Cup,Germany vs Paraguay,pascal gross,sot2,8.5
2026-06-29,2026-06-29T19:09:40Z,2026-06-29,World Cup,Germany vs Paraguay,maximilian beier,sot2,2.7
2026-06-29,2026-06-29T19:09:40Z,2026-06-29,World Cup,Germany vs Paraguay,aleksandar pavlovic,sot2,17.0
2026-06-29,2026-06-29T19:09:40Z,2026-06-29,World Cup,Germany vs Paraguay,forzan assan ouedraogo,sot2,2.7
2026-06-29,2026-06-29T19:09:40Z,2026-06-29,World Cup,Germany vs Paraguay,alex adrian arce barrios,sot2,8.5
2026-06-29,2026-06-29T19:09:40Z,2026-06-29,World Cup,Germany vs Paraguay,gustavo caballero,sot2,9.0
2026-06-29,2026-06-29T19:09:40Z,2026-06-29,World Cup,Germany vs Paraguay,matias galarza fonda,sot2,17.0
2026-06-29,2026-06-29T19:09:40Z,2026-06-29,World Cup,Germany vs Paraguay,leroy sane,sot3,12.0
2026-06-29,2026-06-29T19:09:40Z,2026-06-29,World Cup,Germany vs Paraguay,nadiem amiri,sot3,16.0
2026-06-29,2026-06-29T19:09:40Z,2026-06-29,World Cup,Germany vs Paraguay,jamie leweling,sot3,8.0
2026-06-29,2026-06-29T19:09:40Z,2026-06-29,World Cup,Germany vs Paraguay,nick woltemade,sot3,6.0
2026-06-29,2026-06-29T19:09:40Z,2026-06-29,World Cup,Germany vs Paraguay,florian wirtz,sot3,11.0
2026-06-29,2026-06-29T19:09:40Z,2026-06-29,World Cup,Germany vs Paraguay,jamal musiala,sot3,9.0
2026-06-29,2026-06-29T19:09:40Z,2026-06-29,World Cup,Germany vs Paraguay,julio cesar enciso,sot3,29.0
2026-06-29,2026-06-29T19:09:40Z,2026-06-29,World Cup,Germany vs Paraguay,deniz undav,sot3,3.95
2026-06-29,2026-06-29T19:09:40Z,2026-06-29,World Cup,Germany vs Paraguay,kai havertz,sot3,4.9
2026-06-29,2026-06-29T19:09:40Z,2026-06-29,World Cup,Germany vs Paraguay,ramon sosa acosta,sot3,31.0
2026-06-29,2026-06-29T19:09:40Z,2026-06-29,World Cup,Germany vs Paraguay,maximilian beier,sot3,7.0
2026-06-29,2026-06-29T19:09:40Z,2026-06-29,World Cup,Germany vs Paraguay,forzan assan ouedraogo,sot3,7.0
2026-06-29,2026-06-29T19:09:40Z,2026-06-29,World Cup,Germany vs Paraguay,gustavo gomez,cards,4.0
2026-06-29,2026-06-29T19:09:40Z,2026-06-29,World Cup,Germany vs Paraguay,adrian cubas,cards,2.93
2026-06-29,2026-06-29T19:09:40Z,2026-06-29,World Cup,Germany vs Paraguay,isidro pitta,cards,5.25
2026-06-29,2026-06-29T19:09:40Z,2026-06-29,World Cup,Germany vs Paraguay,omar alderete,cards,4.2
2026-06-29,2026-06-29T19:09:40Z,2026-06-29,World Cup,Germany vs Paraguay,matias galarza fonda,cards,4.0
2026-06-29,2026-06-29T19:09:40Z,2026-06-29,World Cup,Germany vs Paraguay,alexandro maidana,cards,4.2
2026-06-29,2026-06-29T19:09:40Z,2026-06-29,World Cup,Germany vs Paraguay,junior alonso,cards,3.9
2026-06-29,2026-06-29T19:09:40Z,2026-06-29,World Cup,Germany vs Paraguay,damian bobadilla,cards,4.0
2026-06-29,2026-06-29T19:09:40Z,2026-06-29,World Cup,Germany vs Paraguay,juan jose caceres,cards,3.9
2026-06-29,2026-06-29T19:09:40Z,2026-06-29,World Cup,Germany vs Paraguay,gabriel avalos,cards,6.5
2026-06-29,2026-06-29T19:09:40Z,2026-06-29,World Cup,Germany vs Paraguay,julio cesar enciso,cards,6.5
2026-06-29,2026-06-29T19:09:40Z,2026-06-29,World Cup,Germany vs Paraguay,antonio rudiger,cards,5.0
2026-06-29,2026-06-29T19:09:40Z,2026-06-29,World Cup,Germany vs Paraguay,kai havertz,cards,5.5
2026-06-29,2026-06-29T19:09:40Z,2026-06-29,World Cup,Germany vs Paraguay,victor gustavo velazquez,cards,4.3
2026-06-29,2026-06-29T19:09:40Z,2026-06-29,World Cup,Germany vs Paraguay,aleksandar pavlovic,cards,4.4
2026-06-29,2026-06-29T19:09:40Z,2026-06-29,World Cup,Germany vs Paraguay,mauricio magalhaes prado,cards,4.75
2026-06-29,2026-06-29T19:09:40Z,2026-06-29,World Cup,Germany vs Paraguay,waldemar anton,cards,6.5
2026-06-29,2026-06-29T19:09:40Z,2026-06-29,World Cup,Germany vs Paraguay,david raum,cards,5.5
2026-06-29,2026-06-29T19:09:40Z,2026-06-29,World Cup,Germany vs Paraguay,alex adrian arce barrios,cards,5.5
2026-06-29,2026-06-29T19:09:40Z,2026-06-29,World Cup,Germany vs Paraguay,deniz undav,cards,6.5
2026-06-29,2026-06-29T19:09:40Z,2026-06-29,World Cup,Germany vs Paraguay,leon goretzka,cards,8.0
2026-06-29,2026-06-29T19:09:40Z,2026-06-29,World Cup,Germany vs Paraguay,felix nmecha,cards,7.5
2026-06-29,2026-06-29T19:09:40Z,2026-06-29,World Cup,Germany vs Paraguay,jonathan tah,cards,6.0
2026-06-29,2026-06-29T19:09:40Z,2026-06-29,World Cup,Germany vs Paraguay,miguel almiron,cards,5.0
2026-06-29,2026-06-29T19:09:40Z,2026-06-29,World Cup,Germany vs Paraguay,nathaniel brown,cards,6.5
2026-06-29,2026-06-29T19:09:40Z,2026-06-29,World Cup,Germany vs Paraguay,angelo stiller,cards,5.5
2026-06-29,2026-06-29T19:09:40Z,2026-06-29,World Cup,Germany vs Paraguay,joshua kimmich,cards,5.4
2026-06-29,2026-06-29T19:09:40Z,2026-06-29,World Cup,Germany vs Paraguay,leroy sane,cards,6.5
2026-06-29,2026-06-29T19:09:40Z,2026-06-29,World Cup,Germany vs Paraguay,jamal musiala,cards,8.5
2026-06-29,2026-06-29T19:09:40Z,2026-06-29,World Cup,Germany vs Paraguay,florian wirtz,cards,7.5
2026-06-29,2026-06-29T19:09:40Z,2026-06-29,World Cup,Germany vs Paraguay,nadiem amiri,cards,4.2
2026-06-29,2026-06-29T19:09:40Z,2026-06-29,World Cup,Germany vs Paraguay,malick thiaw,cards,4.8
2026-06-29,2026-06-29T19:09:40Z,2026-06-29,World Cup,Germany vs Paraguay,jamie leweling,cards,4.75
2026-06-29,2026-06-29T19:09:40Z,2026-06-29,World Cup,Germany vs Paraguay,jose maria canale dominguez,cards,4.2
2026-06-29,2026-06-29T19:09:40Z,2026-06-29,World Cup,Germany vs Paraguay,pascal gross,cards,5.25
2026-06-29,2026-06-29T19:09:40Z,2026-06-29,World Cup,Germany vs Paraguay,braian ojeda,cards,4.6
2026-06-29,2026-06-29T19:09:40Z,2026-06-29,World Cup,Germany vs Paraguay,gustavo caballero,cards,4.6
2026-06-29,2026-06-29T19:09:40Z,2026-06-29,World Cup,Germany vs Paraguay,alejandro romero gamarra,cards,4.75
2026-06-29,2026-06-29T19:09:40Z,2026-06-29,World Cup,Germany vs Paraguay,ramon sosa acosta,cards,4.75
2026-06-29,2026-06-29T19:09:40Z,2026-06-29,World Cup,Germany vs Paraguay,forzan assan ouedraogo,cards,7.0
2026-06-29,2026-06-29T19:09:40Z,2026-06-29,World Cup,Germany vs Paraguay,antonio sanabria,cards,5.8
2026-06-29,2026-06-29T19:09:40Z,2026-06-29,World Cup,Germany vs Paraguay,fabian balbuena,cards,5.8
2026-06-29,2026-06-29T19:09:40Z,2026-06-29,World Cup,Germany vs Paraguay,maximilian beier,cards,6.0
2026-06-29,2026-06-29T19:09:40Z,2026-06-29,World Cup,Germany vs Paraguay,roberto junior fernandez,cards,6.5
2026-06-29,2026-06-29T19:09:40Z,2026-06-29,World Cup,Germany vs Paraguay,nick woltemade,cards,6.5
2026-06-29,2026-06-29T19:09:40Z,2026-06-29,World Cup,Germany vs Paraguay,gaston olveira,cards,6.5
2026-06-29,2026-06-29T19:09:40Z,2026-06-29,World Cup,Germany vs Paraguay,manuel neuer,cards,9.5
2026-06-29,2026-06-29T19:09:40Z,2026-06-29,World Cup,Germany vs Paraguay,alexander nubel,cards,9.5
2026-06-29,2026-06-29T19:09:40Z,2026-06-29,World Cup,Germany vs Paraguay,oliver baumann,cards,9.5
2026-06-29,2026-06-29T19:09:40Z,2026-06-29,World Cup,Germany vs Paraguay,orlando gill,cards,8.0
2026-06-29,2026-06-29T22:58:43Z,2026-06-30,World Cup,Netherlands vs Morocco,cody gakpo,goals,3.7
2026-06-29,2026-06-29T22:58:43Z,2026-06-30,World Cup,Netherlands vs Morocco,brian brobbey,goals,3.55
2026-06-29,2026-06-29T22:58:43Z,2026-06-30,World Cup,Netherlands vs Morocco,wout weghorst,goals,3.25
2026-06-29,2026-06-29T22:58:43Z,2026-06-30,World Cup,Netherlands vs Morocco,memphis depay,goals,3.3
2026-06-29,2026-06-29T22:58:43Z,2026-06-30,World Cup,Netherlands vs Morocco,donyell malen,goals,3.88
2026-06-29,2026-06-29T22:58:43Z,2026-06-30,World Cup,Netherlands vs Morocco,soufiane rahimi,goals,4.14
2026-06-29,2026-06-29T22:58:43Z,2026-06-30,World Cup,Netherlands vs Morocco,guus til,goals,3.75
2026-06-29,2026-06-29T22:58:43Z,2026-06-30,World Cup,Netherlands vs Morocco,ismael saibari,goals,4.32
2026-06-29,2026-06-29T22:58:43Z,2026-06-30,World Cup,Netherlands vs Morocco,ayoub el kaabi,goals,3.8
2026-06-29,2026-06-29T22:58:43Z,2026-06-30,World Cup,Netherlands vs Morocco,brahim diaz,goals,5.09
2026-06-29,2026-06-29T22:58:43Z,2026-06-30,World Cup,Netherlands vs Morocco,crysencio summerville,goals,4.33
2026-06-29,2026-06-29T22:58:43Z,2026-06-30,World Cup,Netherlands vs Morocco,justin kluivert,goals,4.5
2026-06-29,2026-06-29T22:58:43Z,2026-06-30,World Cup,Netherlands vs Morocco,teun koopmeiners,goals,5.0
2026-06-29,2026-06-29T22:58:43Z,2026-06-30,World Cup,Netherlands vs Morocco,noa lang,goals,5.0
2026-06-29,2026-06-29T22:58:43Z,2026-06-30,World Cup,Netherlands vs Morocco,mohamed amine sbai,goals,5.0
2026-06-29,2026-06-29T22:58:43Z,2026-06-30,World Cup,Netherlands vs Morocco,ayoube amaimouni-echghouyab,goals,5.5
2026-06-29,2026-06-29T22:58:43Z,2026-06-30,World Cup,Netherlands vs Morocco,tijjani reijnders,goals,5.7
2026-06-29,2026-06-29T22:58:43Z,2026-06-30,World Cup,Netherlands vs Morocco,azzedine ounahi,goals,7.5
2026-06-29,2026-06-29T22:58:43Z,2026-06-30,World Cup,Netherlands vs Morocco,chemsdine talbi,goals,6.0
2026-06-29,2026-06-29T22:58:43Z,2026-06-30,World Cup,Netherlands vs Morocco,gessime yassine,goals,6.0
2026-06-29,2026-06-29T22:58:43Z,2026-06-30,World Cup,Netherlands vs Morocco,bilal el khannous,goals,8.2
2026-06-29,2026-06-29T22:58:43Z,2026-06-30,World Cup,Netherlands vs Morocco,mats wieffer,goals,8.5
2026-06-29,2026-06-29T22:58:43Z,2026-06-30,World Cup,Netherlands vs Morocco,quinten timber,goals,8.5
2026-06-29,2026-06-29T22:58:43Z,2026-06-30,World Cup,Netherlands vs Morocco,neil el aynaoui,goals,9.0
2026-06-29,2026-06-29T22:58:43Z,2026-06-30,World Cup,Netherlands vs Morocco,virgil van dijk,goals,9.0
2026-06-29,2026-06-29T22:58:43Z,2026-06-30,World Cup,Netherlands vs Morocco,samir el mourabet,goals,9.0
2026-06-29,2026-06-29T22:58:43Z,2026-06-30,World Cup,Netherlands vs Morocco,achraf hakimi,goals,9.3
2026-06-29,2026-06-29T22:58:43Z,2026-06-30,World Cup,Netherlands vs Morocco,denzel dumfries,goals,9.8
2026-06-29,2026-06-29T22:58:43Z,2026-06-30,World Cup,Netherlands vs Morocco,sofyan amrabat,goals,15.0
2026-06-29,2026-06-29T22:58:43Z,2026-06-30,World Cup,Netherlands vs Morocco,lutsharel geertruida,goals,11.0
2026-06-29,2026-06-29T22:58:43Z,2026-06-30,World Cup,Netherlands vs Morocco,marten de roon,goals,11.0
2026-06-29,2026-06-29T22:58:43Z,2026-06-30,World Cup,Netherlands vs Morocco,micky van de ven,goals,13.0
2026-06-29,2026-06-29T22:58:43Z,2026-06-30,World Cup,Netherlands vs Morocco,jorrel hato,goals,12.0
2026-06-29,2026-06-29T22:58:43Z,2026-06-30,World Cup,Netherlands vs Morocco,zakaria el ouahdi,goals,12.0
2026-06-29,2026-06-29T22:58:43Z,2026-06-30,World Cup,Netherlands vs Morocco,youssef belammari,goals,13.0
2026-06-29,2026-06-29T22:58:43Z,2026-06-30,World Cup,Netherlands vs Morocco,ayyoub bouaddi,goals,15.0
2026-06-29,2026-06-29T22:58:43Z,2026-06-30,World Cup,Netherlands vs Morocco,marwane saadane,goals,13.0
2026-06-29,2026-06-29T22:58:43Z,2026-06-30,World Cup,Netherlands vs Morocco,nathan ake,goals,14.0
2026-06-29,2026-06-29T22:58:43Z,2026-06-30,World Cup,Netherlands vs Morocco,frenkie de jong,goals,13.0
2026-06-29,2026-06-29T22:58:43Z,2026-06-30,World Cup,Netherlands vs Morocco,ryan gravenberch,goals,13.0
2026-06-29,2026-06-29T22:58:43Z,2026-06-30,World Cup,Netherlands vs Morocco,noussair mazraoui,goals,19.0
2026-06-29,2026-06-29T22:58:43Z,2026-06-30,World Cup,Netherlands vs Morocco,redouane halhal,goals,19.0
2026-06-29,2026-06-29T22:58:43Z,2026-06-30,World Cup,Netherlands vs Morocco,anass salah-eddine,goals,21.0
2026-06-29,2026-06-29T22:58:43Z,2026-06-30,World Cup,Netherlands vs Morocco,jan paul van hecke,goals,16.0
2026-06-29,2026-06-29T22:58:43Z,2026-06-30,World Cup,Netherlands vs Morocco,issa diop,goals,21.0
2026-06-29,2026-06-29T22:58:43Z,2026-06-30,World Cup,Netherlands vs Morocco,chadi riad,goals,21.0
2026-06-29,2026-06-29T22:58:43Z,2026-06-30,World Cup,Netherlands vs Morocco,virgil van dijk,sot,3.1
2026-06-29,2026-06-29T22:58:43Z,2026-06-30,World Cup,Netherlands vs Morocco,nathan ake,sot,5.75
2026-06-29,2026-06-29T22:58:43Z,2026-06-30,World Cup,Netherlands vs Morocco,memphis depay,sot,1.4
2026-06-29,2026-06-29T22:58:43Z,2026-06-30,World Cup,Netherlands vs Morocco,sofyan amrabat,sot,5.5
2026-06-29,2026-06-29T22:58:43Z,2026-06-30,World Cup,Netherlands vs Morocco,frenkie de jong,sot,3.4
2026-06-29,2026-06-29T22:58:43Z,2026-06-30,World Cup,Netherlands vs Morocco,marten de roon,sot,4.1
2026-06-29,2026-06-29T22:58:43Z,2026-06-30,World Cup,Netherlands vs Morocco,issa diop,sot,7.0
2026-06-29,2026-06-29T22:58:43Z,2026-06-30,World Cup,Netherlands vs Morocco,achraf hakimi,sot,2.55
2026-06-29,2026-06-29T22:58:43Z,2026-06-30,World Cup,Netherlands vs Morocco,denzel dumfries,sot,3.3
2026-06-29,2026-06-29T22:58:43Z,2026-06-30,World Cup,Netherlands vs Morocco,guus til,sot,1.67
2026-06-29,2026-06-29T22:58:43Z,2026-06-30,World Cup,Netherlands vs Morocco,wout weghorst,sot,1.6
2026-06-29,2026-06-29T22:58:43Z,2026-06-30,World Cup,Netherlands vs Morocco,brahim diaz,sot,2.0
2026-06-29,2026-06-29T22:58:43Z,2026-06-30,World Cup,Netherlands vs Morocco,marwane saadane,sot,4.5
2026-06-29,2026-06-29T22:58:43Z,2026-06-30,World Cup,Netherlands vs Morocco,donyell malen,sot,1.55
2026-06-29,2026-06-29T22:58:43Z,2026-06-30,World Cup,Netherlands vs Morocco,teun koopmeiners,sot,1.91
2026-06-29,2026-06-29T22:58:43Z,2026-06-30,World Cup,Netherlands vs Morocco,lutsharel geertruida,sot,4.8
2026-06-29,2026-06-29T22:58:43Z,2026-06-30,World Cup,Netherlands vs Morocco,noussair mazraoui,sot,7.5
2026-06-29,2026-06-29T22:58:43Z,2026-06-30,World Cup,Netherlands vs Morocco,cody gakpo,sot,1.45
2026-06-29,2026-06-29T22:58:43Z,2026-06-30,World Cup,Netherlands vs Morocco,noa lang,sot,1.85
2026-06-29,2026-06-29T22:58:43Z,2026-06-30,World Cup,Netherlands vs Morocco,ayoub el kaabi,sot,1.8
2026-06-29,2026-06-29T22:58:43Z,2026-06-30,World Cup,Netherlands vs Morocco,ryan gravenberch,sot,3.6
2026-06-29,2026-06-29T22:58:43Z,2026-06-30,World Cup,Netherlands vs Morocco,jan paul van hecke,sot,5.5
2026-06-29,2026-06-29T22:58:43Z,2026-06-30,World Cup,Netherlands vs Morocco,mats wieffer,sot,3.5
2026-06-29,2026-06-29T22:58:43Z,2026-06-30,World Cup,Netherlands vs Morocco,azzedine ounahi,sot,2.5
2026-06-29,2026-06-29T22:58:43Z,2026-06-30,World Cup,Netherlands vs Morocco,justin kluivert,sot,1.74
2026-06-29,2026-06-29T22:58:43Z,2026-06-30,World Cup,Netherlands vs Morocco,chadi riad,sot,6.5
2026-06-29,2026-06-29T22:58:43Z,2026-06-30,World Cup,Netherlands vs Morocco,ismael saibari,sot,1.67
2026-06-29,2026-06-29T22:58:43Z,2026-06-30,World Cup,Netherlands vs Morocco,brian brobbey,sot,1.45
2026-06-29,2026-06-29T22:58:43Z,2026-06-30,World Cup,Netherlands vs Morocco,quinten timber,sot,2.45
2026-06-29,2026-06-29T22:58:43Z,2026-06-30,World Cup,Netherlands vs Morocco,neil el aynaoui,sot,3.65
2026-06-29,2026-06-29T22:58:43Z,2026-06-30,World Cup,Netherlands vs Morocco,micky van de ven,sot,5.25
2026-06-29,2026-06-29T22:58:43Z,2026-06-30,World Cup,Netherlands vs Morocco,redouane halhal,sot,6.5
2026-06-29,2026-06-29T22:58:43Z,2026-06-30,World Cup,Netherlands vs Morocco,crysencio summerville,sot,1.71
2026-06-29,2026-06-29T22:58:43Z,2026-06-30,World Cup,Netherlands vs Morocco,soufiane rahimi,sot,1.73
2026-06-29,2026-06-29T22:58:43Z,2026-06-30,World Cup,Netherlands vs Morocco,bilal el khannous,sot,3.6
2026-06-29,2026-06-29T22:58:43Z,2026-06-30,World Cup,Netherlands vs Morocco,anass salah-eddine,sot,7.0
2026-06-29,2026-06-29T22:58:43Z,2026-06-30,World Cup,Netherlands vs Morocco,mohamed amine sbai,sot,2.15
2026-06-29,2026-06-29T22:58:43Z,2026-06-30,World Cup,Netherlands vs Morocco,jorrel hato,sot,4.4
2026-06-29,2026-06-29T22:58:43Z,2026-06-30,World Cup,Netherlands vs Morocco,tijjani reijnders,sot,2.15
2026-06-29,2026-06-29T22:58:43Z,2026-06-30,World Cup,Netherlands vs Morocco,chemsdine talbi,sot,2.45
2026-06-29,2026-06-29T22:58:43Z,2026-06-30,World Cup,Netherlands vs Morocco,zakaria el ouahdi,sot,3.6
2026-06-29,2026-06-29T22:58:43Z,2026-06-30,World Cup,Netherlands vs Morocco,ayyoub bouaddi,sot,5.75
2026-06-29,2026-06-29T22:58:43Z,2026-06-30,World Cup,Netherlands vs Morocco,samir el mourabet,sot,3.6
2026-06-29,2026-06-29T22:58:43Z,2026-06-30,World Cup,Netherlands vs Morocco,gessime yassine,sot,2.6
2026-06-29,2026-06-29T22:58:43Z,2026-06-30,World Cup,Netherlands vs Morocco,youssef belammari,sot,5.0
2026-06-29,2026-06-29T22:58:43Z,2026-06-30,World Cup,Netherlands vs Morocco,ayoube amaimouni-echghouyab,sot,1.8
2026-06-29,2026-06-29T22:58:43Z,2026-06-30,World Cup,Netherlands vs Morocco,virgil van dijk,sot2,23.0
2026-06-29,2026-06-29T22:58:43Z,2026-06-30,World Cup,Netherlands vs Morocco,memphis depay,sot2,2.8
2026-06-29,2026-06-29T22:58:43Z,2026-06-30,World Cup,Netherlands vs Morocco,frenkie de jong,sot2,15.0
2026-06-29,2026-06-29T22:58:43Z,2026-06-30,World Cup,Netherlands vs Morocco,marten de roon,sot2,26.0
2026-06-29,2026-06-29T22:58:43Z,2026-06-30,World Cup,Netherlands vs Morocco,achraf hakimi,sot2,12.0
2026-06-29,2026-06-29T22:58:43Z,2026-06-30,World Cup,Netherlands vs Morocco,denzel dumfries,sot2,18.0
2026-06-29,2026-06-29T22:58:43Z,2026-06-30,World Cup,Netherlands vs Morocco,guus til,sot2,2.95
2026-06-29,2026-06-29T22:58:43Z,2026-06-30,World Cup,Netherlands vs Morocco,wout weghorst,sot2,3.25
2026-06-29,2026-06-29T22:58:43Z,2026-06-30,World Cup,Netherlands vs Morocco,brahim diaz,sot2,6.5
2026-06-29,2026-06-29T22:58:43Z,2026-06-30,World Cup,Netherlands vs Morocco,marwane saadane,sot2,31.0
2026-06-29,2026-06-29T22:58:43Z,2026-06-30,World Cup,Netherlands vs Morocco,donyell malen,sot2,3.85
2026-06-29,2026-06-29T22:58:43Z,2026-06-30,World Cup,Netherlands vs Morocco,teun koopmeiners,sot2,5.5
2026-06-29,2026-06-29T22:58:43Z,2026-06-30,World Cup,Netherlands vs Morocco,cody gakpo,sot2,3.15
2026-06-29,2026-06-29T22:58:43Z,2026-06-30,World Cup,Netherlands vs Morocco,noa lang,sot2,4.5
2026-06-29,2026-06-29T22:58:43Z,2026-06-30,World Cup,Netherlands vs Morocco,ayoub el kaabi,sot2,5.0
2026-06-29,2026-06-29T22:58:43Z,2026-06-30,World Cup,Netherlands vs Morocco,ryan gravenberch,sot2,17.0
2026-06-29,2026-06-29T22:58:43Z,2026-06-30,World Cup,Netherlands vs Morocco,mats wieffer,sot2,20.0
2026-06-29,2026-06-29T22:58:43Z,2026-06-30,World Cup,Netherlands vs Morocco,azzedine ounahi,sot2,10.5
2026-06-29,2026-06-29T22:58:43Z,2026-06-30,World Cup,Netherlands vs Morocco,justin kluivert,sot2,4.7
2026-06-29,2026-06-29T22:58:43Z,2026-06-30,World Cup,Netherlands vs Morocco,ismael saibari,sot2,4.5
2026-06-29,2026-06-29T22:58:43Z,2026-06-30,World Cup,Netherlands vs Morocco,brian brobbey,sot2,3.6
2026-06-29,2026-06-29T22:58:43Z,2026-06-30,World Cup,Netherlands vs Morocco,quinten timber,sot2,10.0
2026-06-29,2026-06-29T22:58:43Z,2026-06-30,World Cup,Netherlands vs Morocco,neil el aynaoui,sot2,21.0
2026-06-29,2026-06-29T22:58:43Z,2026-06-30,World Cup,Netherlands vs Morocco,crysencio summerville,sot2,4.6
2026-06-29,2026-06-29T22:58:43Z,2026-06-30,World Cup,Netherlands vs Morocco,soufiane rahimi,sot2,4.3
2026-06-29,2026-06-29T22:58:43Z,2026-06-30,World Cup,Netherlands vs Morocco,bilal el khannous,sot2,12.0
2026-06-29,2026-06-29T22:58:43Z,2026-06-30,World Cup,Netherlands vs Morocco,mohamed amine sbai,sot2,5.75
2026-06-29,2026-06-29T22:58:43Z,2026-06-30,World Cup,Netherlands vs Morocco,jorrel hato,sot2,31.0
2026-06-29,2026-06-29T22:58:43Z,2026-06-30,World Cup,Netherlands vs Morocco,tijjani reijnders,sot2,7.5
2026-06-29,2026-06-29T22:58:43Z,2026-06-30,World Cup,Netherlands vs Morocco,chemsdine talbi,sot2,7.5
2026-06-29,2026-06-29T22:58:43Z,2026-06-30,World Cup,Netherlands vs Morocco,zakaria el ouahdi,sot2,10.0
2026-06-29,2026-06-29T22:58:43Z,2026-06-30,World Cup,Netherlands vs Morocco,samir el mourabet,sot2,18.0
2026-06-29,2026-06-29T22:58:43Z,2026-06-30,World Cup,Netherlands vs Morocco,gessime yassine,sot2,6.5
2026-06-29,2026-06-29T22:58:43Z,2026-06-30,World Cup,Netherlands vs Morocco,ayoube amaimouni-echghouyab,sot2,4.4
2026-06-29,2026-06-29T22:58:43Z,2026-06-30,World Cup,Netherlands vs Morocco,memphis depay,sot3,7.5
2026-06-29,2026-06-29T22:58:43Z,2026-06-30,World Cup,Netherlands vs Morocco,guus til,sot3,7.5
2026-06-29,2026-06-29T22:58:43Z,2026-06-30,World Cup,Netherlands vs Morocco,wout weghorst,sot3,9.0
2026-06-29,2026-06-29T22:58:43Z,2026-06-30,World Cup,Netherlands vs Morocco,brahim diaz,sot3,29.0
2026-06-29,2026-06-29T22:58:43Z,2026-06-30,World Cup,Netherlands vs Morocco,donyell malen,sot3,12.0
2026-06-29,2026-06-29T22:58:43Z,2026-06-30,World Cup,Netherlands vs Morocco,teun koopmeiners,sot3,20.0
2026-06-29,2026-06-29T22:58:43Z,2026-06-30,World Cup,Netherlands vs Morocco,cody gakpo,sot3,8.5
2026-06-29,2026-06-29T22:58:43Z,2026-06-30,World Cup,Netherlands vs Morocco,noa lang,sot3,16.0
2026-06-29,2026-06-29T22:58:43Z,2026-06-30,World Cup,Netherlands vs Morocco,ayoub el kaabi,sot3,19.0
2026-06-29,2026-06-29T22:58:43Z,2026-06-30,World Cup,Netherlands vs Morocco,justin kluivert,sot3,16.0
2026-06-29,2026-06-29T22:58:43Z,2026-06-30,World Cup,Netherlands vs Morocco,ismael saibari,sot3,15.0
2026-06-29,2026-06-29T22:58:43Z,2026-06-30,World Cup,Netherlands vs Morocco,brian brobbey,sot3,11.0
2026-06-29,2026-06-29T22:58:43Z,2026-06-30,World Cup,Netherlands vs Morocco,crysencio summerville,sot3,16.0
2026-06-29,2026-06-29T22:58:43Z,2026-06-30,World Cup,Netherlands vs Morocco,soufiane rahimi,sot3,14.0
2026-06-29,2026-06-29T22:58:43Z,2026-06-30,World Cup,Netherlands vs Morocco,mohamed amine sbai,sot3,23.0
2026-06-29,2026-06-29T22:58:43Z,2026-06-30,World Cup,Netherlands vs Morocco,tijjani reijnders,sot3,31.0
2026-06-29,2026-06-29T22:58:43Z,2026-06-30,World Cup,Netherlands vs Morocco,gessime yassine,sot3,26.0
2026-06-29,2026-06-29T22:58:43Z,2026-06-30,World Cup,Netherlands vs Morocco,ayoube amaimouni-echghouyab,sot3,15.0
2026-06-29,2026-06-29T22:58:43Z,2026-06-30,World Cup,Netherlands vs Morocco,marten de roon,cards,3.3
2026-06-29,2026-06-29T22:58:43Z,2026-06-30,World Cup,Netherlands vs Morocco,sofyan amrabat,cards,3.1
2026-06-29,2026-06-29T22:58:43Z,2026-06-30,World Cup,Netherlands vs Morocco,jan paul van hecke,cards,4.4
2026-06-29,2026-06-29T22:58:43Z,2026-06-30,World Cup,Netherlands vs Morocco,marwane saadane,cards,3.1
2026-06-29,2026-06-29T22:58:43Z,2026-06-30,World Cup,Netherlands vs Morocco,justin kluivert,cards,4.75
2026-06-29,2026-06-29T22:58:43Z,2026-06-30,World Cup,Netherlands vs Morocco,neil el aynaoui,cards,4.2
2026-06-29,2026-06-29T22:58:43Z,2026-06-30,World Cup,Netherlands vs Morocco,crysencio summerville,cards,4.75
2026-06-29,2026-06-29T22:58:43Z,2026-06-30,World Cup,Netherlands vs Morocco,ayyoub bouaddi,cards,3.9
2026-06-29,2026-06-29T22:58:43Z,2026-06-30,World Cup,Netherlands vs Morocco,micky van de ven,cards,4.4
2026-06-29,2026-06-29T22:58:43Z,2026-06-30,World Cup,Netherlands vs Morocco,zakaria el ouahdi,cards,4.0
2026-06-29,2026-06-29T22:58:43Z,2026-06-30,World Cup,Netherlands vs Morocco,wout weghorst,cards,4.6
2026-06-29,2026-06-29T22:58:43Z,2026-06-30,World Cup,Netherlands vs Morocco,bilal el khannous,cards,4.8
2026-06-29,2026-06-29T22:58:43Z,2026-06-30,World Cup,Netherlands vs Morocco,noa lang,cards,3.75
2026-06-29,2026-06-29T22:58:43Z,2026-06-30,World Cup,Netherlands vs Morocco,azzedine ounahi,cards,4.5
2026-06-29,2026-06-29T22:58:43Z,2026-06-30,World Cup,Netherlands vs Morocco,mats wieffer,cards,3.6
2026-06-29,2026-06-29T22:58:43Z,2026-06-30,World Cup,Netherlands vs Morocco,redouane halhal,cards,5.4
2026-06-29,2026-06-29T22:58:43Z,2026-06-30,World Cup,Netherlands vs Morocco,denzel dumfries,cards,4.4
2026-06-29,2026-06-29T22:58:43Z,2026-06-30,World Cup,Netherlands vs Morocco,achraf hakimi,cards,4.0
2026-06-29,2026-06-29T22:58:43Z,2026-06-30,World Cup,Netherlands vs Morocco,brian brobbey,cards,4.0
2026-06-29,2026-06-29T22:58:43Z,2026-06-30,World Cup,Netherlands vs Morocco,issa diop,cards,3.7
2026-06-29,2026-06-29T22:58:43Z,2026-06-30,World Cup,Netherlands vs Morocco,jorrel hato,cards,4.5
2026-06-29,2026-06-29T22:58:43Z,2026-06-30,World Cup,Netherlands vs Morocco,ayoube amaimouni-echghouyab,cards,4.4
2026-06-29,2026-06-29T22:58:43Z,2026-06-30,World Cup,Netherlands vs Morocco,ryan gravenberch,cards,4.0
2026-06-29,2026-06-29T22:58:43Z,2026-06-30,World Cup,Netherlands vs Morocco,samir el mourabet,cards,3.5
2026-06-29,2026-06-29T22:58:43Z,2026-06-30,World Cup,Netherlands vs Morocco,teun koopmeiners,cards,4.5
2026-06-29,2026-06-29T22:58:43Z,2026-06-30,World Cup,Netherlands vs Morocco,chadi riad,cards,5.18
2026-06-29,2026-06-29T22:58:43Z,2026-06-30,World Cup,Netherlands vs Morocco,frenkie de jong,cards,5.0
2026-06-29,2026-06-29T22:58:43Z,2026-06-30,World Cup,Netherlands vs Morocco,soufiane rahimi,cards,5.0
2026-06-29,2026-06-29T22:58:43Z,2026-06-30,World Cup,Netherlands vs Morocco,quinten timber,cards,4.75
2026-06-29,2026-06-29T22:58:43Z,2026-06-30,World Cup,Netherlands vs Morocco,gessime yassine,cards,4.4
2026-06-29,2026-06-29T22:58:43Z,2026-06-30,World Cup,Netherlands vs Morocco,memphis depay,cards,5.25
2026-06-29,2026-06-29T22:58:43Z,2026-06-30,World Cup,Netherlands vs Morocco,mohamed amine sbai,cards,4.4
2026-06-29,2026-06-29T22:58:43Z,2026-06-30,World Cup,Netherlands vs Morocco,virgil van dijk,cards,5.2
2026-06-29,2026-06-29T22:58:43Z,2026-06-30,World Cup,Netherlands vs Morocco,youssef belammari,cards,4.8
2026-06-29,2026-06-29T22:58:43Z,2026-06-30,World Cup,Netherlands vs Morocco,tijjani reijnders,cards,6.0
2026-06-29,2026-06-29T22:58:43Z,2026-06-30,World Cup,Netherlands vs Morocco,noussair mazraoui,cards,4.6
2026-06-29,2026-06-29T22:58:43Z,2026-06-30,World Cup,Netherlands vs Morocco,donyell malen,cards,6.5
2026-06-29,2026-06-29T22:58:43Z,2026-06-30,World Cup,Netherlands vs Morocco,anass salah-eddine,cards,4.4
2026-06-29,2026-06-29T22:58:43Z,2026-06-30,World Cup,Netherlands vs Morocco,nathan ake,cards,6.0
2026-06-29,2026-06-29T22:58:43Z,2026-06-30,World Cup,Netherlands vs Morocco,ismael saibari,cards,5.8
2026-06-29,2026-06-29T22:58:43Z,2026-06-30,World Cup,Netherlands vs Morocco,guus til,cards,6.0
2026-06-29,2026-06-29T22:58:43Z,2026-06-30,World Cup,Netherlands vs Morocco,brahim diaz,cards,5.8
2026-06-29,2026-06-29T22:58:43Z,2026-06-30,World Cup,Netherlands vs Morocco,lutsharel geertruida,cards,5.8
2026-06-29,2026-06-29T22:58:43Z,2026-06-30,World Cup,Netherlands vs Morocco,ahmed tagnaouti,cards,7.5
2026-06-29,2026-06-29T22:58:43Z,2026-06-30,World Cup,Netherlands vs Morocco,cody gakpo,cards,6.5
2026-06-29,2026-06-29T22:58:43Z,2026-06-30,World Cup,Netherlands vs Morocco,yassine bounou,cards,5.8
2026-06-29,2026-06-29T22:58:43Z,2026-06-30,World Cup,Netherlands vs Morocco,bart verbruggen,cards,5.8
2026-06-29,2026-06-29T22:58:43Z,2026-06-30,World Cup,Netherlands vs Morocco,mark flekken,cards,9.5
2026-06-29,2026-06-29T22:58:43Z,2026-06-30,World Cup,Netherlands vs Morocco,chemsdine talbi,cards,6.5
2026-06-29,2026-06-29T22:58:43Z,2026-06-30,World Cup,Netherlands vs Morocco,robin roefs,cards,9.5
2026-06-29,2026-06-29T22:58:43Z,2026-06-30,World Cup,Netherlands vs Morocco,ayoub el kaabi,cards,6.0
2026-06-29,2026-06-29T22:58:43Z,2026-06-30,World Cup,Ivory Coast vs Norway,erling braut haaland,goals,1.96
2026-06-29,2026-06-29T22:58:43Z,2026-06-30,World Cup,Ivory Coast vs Norway,alexander sorloth,goals,3.63
2026-06-29,2026-06-29T22:58:43Z,2026-06-30,World Cup,Ivory Coast vs Norway,yan diomande,goals,5.0
2026-06-29,2026-06-29T22:58:43Z,2026-06-30,World Cup,Ivory Coast vs Norway,nicolas pepe,goals,4.84
2026-06-29,2026-06-29T22:58:43Z,2026-06-30,World Cup,Ivory Coast vs Norway,sepe elye wahi,goals,4.2
2026-06-29,2026-06-29T22:58:43Z,2026-06-30,World Cup,Ivory Coast vs Norway,amad diallo,goals,4.5
2026-06-29,2026-06-29T22:58:43Z,2026-06-30,World Cup,Ivory Coast vs Norway,ange-yoan bonny,goals,4.0
2026-06-29,2026-06-29T22:58:43Z,2026-06-30,World Cup,Ivory Coast vs Norway,antonio nusa,goals,5.6
2026-06-29,2026-06-29T22:58:43Z,2026-06-30,World Cup,Ivory Coast vs Norway,andreas schjelderup,goals,4.9
2026-06-29,2026-06-29T22:58:43Z,2026-06-30,World Cup,Ivory Coast vs Norway,oscar bobb,goals,5.0
2026-06-29,2026-06-29T22:58:43Z,2026-06-30,World Cup,Ivory Coast vs Norway,martin odegaard,goals,6.5
2026-06-29,2026-06-29T22:58:43Z,2026-06-30,World Cup,Ivory Coast vs Norway,franck kessie,goals,6.6
2026-06-29,2026-06-29T22:58:43Z,2026-06-30,World Cup,Ivory Coast vs Norway,patrick berg,goals,8.0
2026-06-29,2026-06-29T22:58:43Z,2026-06-30,World Cup,Ivory Coast vs Norway,seko fofana,goals,8.5
2026-06-29,2026-06-29T22:58:43Z,2026-06-30,World Cup,Ivory Coast vs Norway,ibrahim sangare,goals,10.0
2026-06-29,2026-06-29T22:58:43Z,2026-06-30,World Cup,Ivory Coast vs Norway,fredrik aursnes,goals,9.6
2026-06-29,2026-06-29T22:58:43Z,2026-06-30,World Cup,Ivory Coast vs Norway,christ ravynel inao oulai,goals,9.0
2026-06-29,2026-06-29T22:58:43Z,2026-06-30,World Cup,Ivory Coast vs Norway,sander berge,goals,11.0
2026-06-29,2026-06-29T22:58:43Z,2026-06-30,World Cup,Ivory Coast vs Norway,kristoffer ajer,goals,17.0
2026-06-29,2026-06-29T22:58:43Z,2026-06-30,World Cup,Ivory Coast vs Norway,leo skiri ostigard,goals,15.0
2026-06-29,2026-06-29T22:58:43Z,2026-06-30,World Cup,Ivory Coast vs Norway,torbjorn lysaker heggem,goals,13.5
2026-06-29,2026-06-29T22:58:43Z,2026-06-30,World Cup,Ivory Coast vs Norway,marcus pedersen,goals,12.0
2026-06-29,2026-06-29T22:58:43Z,2026-06-30,World Cup,Ivory Coast vs Norway,david moller wolfe,goals,13.5
2026-06-29,2026-06-29T22:58:43Z,2026-06-30,World Cup,Ivory Coast vs Norway,guela doue,goals,19.0
2026-06-29,2026-06-29T22:58:43Z,2026-06-30,World Cup,Ivory Coast vs Norway,christopher operi,goals,15.5
2026-06-29,2026-06-29T22:58:43Z,2026-06-30,World Cup,Ivory Coast vs Norway,wilfried stephane singo,goals,15.0
2026-06-29,2026-06-29T22:58:43Z,2026-06-30,World Cup,Ivory Coast vs Norway,odilon kossounou,goals,17.0
2026-06-29,2026-06-29T22:58:43Z,2026-06-30,World Cup,Ivory Coast vs Norway,emmanuel agbadou,goals,14.0
2026-06-29,2026-06-29T22:58:43Z,2026-06-30,World Cup,Ivory Coast vs Norway,ghislain niclomande konan,goals,14.0
2026-06-29,2026-06-29T22:58:43Z,2026-06-30,World Cup,Ivory Coast vs Norway,ousmane diomande,goals,16.0
2026-06-29,2026-06-29T22:58:43Z,2026-06-30,World Cup,Ivory Coast vs Norway,jorgen strand larsen,goals,3.0
2026-06-29,2026-06-29T22:58:43Z,2026-06-30,World Cup,Ivory Coast vs Norway,evann guessand,goals,3.5
2026-06-29,2026-06-29T22:58:43Z,2026-06-30,World Cup,Ivory Coast vs Norway,oumar diakite,goals,3.75
2026-06-29,2026-06-29T22:58:43Z,2026-06-30,World Cup,Ivory Coast vs Norway,jens petter hauge,goals,3.75
2026-06-29,2026-06-29T22:58:43Z,2026-06-30,World Cup,Ivory Coast vs Norway,thelo aasgaard,goals,4.33
2026-06-29,2026-06-29T22:58:43Z,2026-06-30,World Cup,Ivory Coast vs Norway,parfait guiagon,goals,4.33
2026-06-29,2026-06-29T22:58:43Z,2026-06-30,World Cup,Ivory Coast vs Norway,simon adingra,goals,4.5
2026-06-29,2026-06-29T22:58:43Z,2026-06-30,World Cup,Ivory Coast vs Norway,kristian thorstvedt,goals,4.5
2026-06-29,2026-06-29T22:58:43Z,2026-06-30,World Cup,Ivory Coast vs Norway,bazoumana toure,goals,5.0
2026-06-29,2026-06-29T22:58:43Z,2026-06-30,World Cup,Ivory Coast vs Norway,morten thorsby,goals,6.0
2026-06-29,2026-06-29T22:58:43Z,2026-06-30,World Cup,Ivory Coast vs Norway,jean michael seri,goals,8.5
2026-06-29,2026-06-29T22:58:43Z,2026-06-30,World Cup,Ivory Coast vs Norway,henrik falchener,goals,9.5
2026-06-29,2026-06-29T22:58:43Z,2026-06-30,World Cup,Ivory Coast vs Norway,fredrik andre bjorkan,goals,10.0
2026-06-29,2026-06-29T22:58:43Z,2026-06-30,World Cup,Ivory Coast vs Norway,julian ryerson,goals,13.0
2026-06-29,2026-06-29T22:58:43Z,2026-06-30,World Cup,Ivory Coast vs Norway,sondre klinge langas,goals,13.0
2026-06-29,2026-06-29T22:58:43Z,2026-06-30,World Cup,Ivory Coast vs Norway,evan ndicka,goals,13.0
2026-06-29,2026-06-29T22:58:43Z,2026-06-30,World Cup,Ivory Coast vs Norway,marcus pedersen,sot,4.0
2026-06-29,2026-06-29T22:58:43Z,2026-06-30,World Cup,Ivory Coast vs Norway,kristoffer ajer,sot,5.75
2026-06-29,2026-06-29T22:58:43Z,2026-06-30,World Cup,Ivory Coast vs Norway,alexander sorloth,sot,1.42
2026-06-29,2026-06-29T22:58:43Z,2026-06-30,World Cup,Ivory Coast vs Norway,seko fofana,sot,2.9
2026-06-29,2026-06-29T22:58:43Z,2026-06-30,World Cup,Ivory Coast vs Norway,sander berge,sot,4.0
2026-06-29,2026-06-29T22:58:43Z,2026-06-30,World Cup,Ivory Coast vs Norway,patrick berg,sot,2.7
2026-06-29,2026-06-29T22:58:43Z,2026-06-30,World Cup,Ivory Coast vs Norway,martin odegaard,sot,1.91
2026-06-29,2026-06-29T22:58:43Z,2026-06-30,World Cup,Ivory Coast vs Norway,julian ryerson,sot,4.0
2026-06-29,2026-06-29T22:58:43Z,2026-06-30,World Cup,Ivory Coast vs Norway,fredrik andre bjorkan,sot,4.8
2026-06-29,2026-06-29T22:58:43Z,2026-06-30,World Cup,Ivory Coast vs Norway,jens petter hauge,sot,1.68
2026-06-29,2026-06-29T22:58:43Z,2026-06-30,World Cup,Ivory Coast vs Norway,ibrahim sangare,sot,3.9
2026-06-29,2026-06-29T22:58:43Z,2026-06-30,World Cup,Ivory Coast vs Norway,nicolas pepe,sot,1.75
2026-06-29,2026-06-29T22:58:43Z,2026-06-30,World Cup,Ivory Coast vs Norway,christopher operi,sot,5.25
2026-06-29,2026-06-29T22:58:43Z,2026-06-30,World Cup,Ivory Coast vs Norway,morten thorsby,sot,2.15
2026-06-29,2026-06-29T22:58:43Z,2026-06-30,World Cup,Ivory Coast vs Norway,leo skiri ostigard,sot,4.2
2026-06-29,2026-06-29T22:58:43Z,2026-06-30,World Cup,Ivory Coast vs Norway,franck kessie,sot,2.3
2026-06-29,2026-06-29T22:58:43Z,2026-06-30,World Cup,Ivory Coast vs Norway,evan ndicka,sot,5.8
2026-06-29,2026-06-29T22:58:43Z,2026-06-30,World Cup,Ivory Coast vs Norway,jean michael seri,sot,3.75
2026-06-29,2026-06-29T22:58:43Z,2026-06-30,World Cup,Ivory Coast vs Norway,torbjorn lysaker heggem,sot,5.8
2026-06-29,2026-06-29T22:58:43Z,2026-06-30,World Cup,Ivory Coast vs Norway,ghislain niclomande konan,sot,5.0
2026-06-29,2026-06-29T22:58:43Z,2026-06-30,World Cup,Ivory Coast vs Norway,wilfried stephane singo,sot,5.0
2026-06-29,2026-06-29T22:58:43Z,2026-06-30,World Cup,Ivory Coast vs Norway,odilon kossounou,sot,7.0
2026-06-29,2026-06-29T22:58:43Z,2026-06-30,World Cup,Ivory Coast vs Norway,kristian thorstvedt,sot,1.91
2026-06-29,2026-06-29T22:58:43Z,2026-06-30,World Cup,Ivory Coast vs Norway,evann guessand,sot,1.95
2026-06-29,2026-06-29T22:58:43Z,2026-06-30,World Cup,Ivory Coast vs Norway,henrik falchener,sot,3.95
2026-06-29,2026-06-29T22:58:43Z,2026-06-30,World Cup,Ivory Coast vs Norway,emmanuel agbadou,sot,6.0
2026-06-29,2026-06-29T22:58:43Z,2026-06-30,World Cup,Ivory Coast vs Norway,ange-yoan bonny,sot,1.75
2026-06-29,2026-06-29T22:58:43Z,2026-06-30,World Cup,Ivory Coast vs Norway,sepe elye wahi,sot,1.86
2026-06-29,2026-06-29T22:58:43Z,2026-06-30,World Cup,Ivory Coast vs Norway,andreas schjelderup,sot,1.8
2026-06-29,2026-06-29T22:58:43Z,2026-06-30,World Cup,Ivory Coast vs Norway,amad diallo,sot,1.71
2026-06-29,2026-06-29T22:58:43Z,2026-06-30,World Cup,Ivory Coast vs Norway,erling braut haaland,sot,1.16
2026-06-29,2026-06-29T22:58:43Z,2026-06-30,World Cup,Ivory Coast vs Norway,fredrik aursnes,sot,2.9
2026-06-29,2026-06-29T22:58:43Z,2026-06-30,World Cup,Ivory Coast vs Norway,simon adingra,sot,1.95
2026-06-29,2026-06-29T22:58:43Z,2026-06-30,World Cup,Ivory Coast vs Norway,david moller wolfe,sot,4.6
2026-06-29,2026-06-29T22:58:43Z,2026-06-30,World Cup,Ivory Coast vs Norway,antonio nusa,sot,1.75
2026-06-29,2026-06-29T22:58:43Z,2026-06-30,World Cup,Ivory Coast vs Norway,oscar bobb,sot,1.86
2026-06-29,2026-06-29T22:58:43Z,2026-06-30,World Cup,Ivory Coast vs Norway,ousmane diomande,sot,5.75
2026-06-29,2026-06-29T22:58:43Z,2026-06-30,World Cup,Ivory Coast vs Norway,parfait guiagon,sot,2.25
2026-06-29,2026-06-29T22:58:43Z,2026-06-30,World Cup,Ivory Coast vs Norway,oumar diakite,sot,1.8
2026-06-29,2026-06-29T22:58:43Z,2026-06-30,World Cup,Ivory Coast vs Norway,guela doue,sot,5.0
2026-06-29,2026-06-29T22:58:43Z,2026-06-30,World Cup,Ivory Coast vs Norway,bazoumana toure,sot,2.0
2026-06-29,2026-06-29T22:58:43Z,2026-06-30,World Cup,Ivory Coast vs Norway,christ ravynel inao oulai,sot,3.9
2026-06-29,2026-06-29T22:58:43Z,2026-06-30,World Cup,Ivory Coast vs Norway,jorgen strand larsen,sot,1.35
2026-06-29,2026-06-29T22:58:43Z,2026-06-30,World Cup,Ivory Coast vs Norway,yan diomande,sot,2.0
2026-06-29,2026-06-29T22:58:43Z,2026-06-30,World Cup,Ivory Coast vs Norway,thelo aasgaard,sot,1.67
2026-06-29,2026-06-29T22:58:43Z,2026-06-30,World Cup,Ivory Coast vs Norway,sondre klinge langas,sot,5.0
2026-06-29,2026-06-29T22:58:43Z,2026-06-30,World Cup,Ivory Coast vs Norway,marcus pedersen,sot2,26.0
2026-06-29,2026-06-29T22:58:43Z,2026-06-30,World Cup,Ivory Coast vs Norway,alexander sorloth,sot2,3.25
2026-06-29,2026-06-29T22:58:43Z,2026-06-30,World Cup,Ivory Coast vs Norway,seko fofana,sot2,14.0
2026-06-29,2026-06-29T22:58:43Z,2026-06-30,World Cup,Ivory Coast vs Norway,sander berge,sot2,26.0
2026-06-29,2026-06-29T22:58:43Z,2026-06-30,World Cup,Ivory Coast vs Norway,patrick berg,sot2,10.5
2026-06-29,2026-06-29T22:58:43Z,2026-06-30,World Cup,Ivory Coast vs Norway,martin odegaard,sot2,7.0
2026-06-29,2026-06-29T22:58:43Z,2026-06-30,World Cup,Ivory Coast vs Norway,julian ryerson,sot2,15.0
2026-06-29,2026-06-29T22:58:43Z,2026-06-30,World Cup,Ivory Coast vs Norway,jens petter hauge,sot2,4.5
2026-06-29,2026-06-29T22:58:43Z,2026-06-30,World Cup,Ivory Coast vs Norway,ibrahim sangare,sot2,23.0
2026-06-29,2026-06-29T22:58:43Z,2026-06-30,World Cup,Ivory Coast vs Norway,nicolas pepe,sot2,5.75
2026-06-29,2026-06-29T22:58:43Z,2026-06-30,World Cup,Ivory Coast vs Norway,morten thorsby,sot2,6.5
2026-06-29,2026-06-29T22:58:43Z,2026-06-30,World Cup,Ivory Coast vs Norway,leo skiri ostigard,sot2,29.0
2026-06-29,2026-06-29T22:58:43Z,2026-06-30,World Cup,Ivory Coast vs Norway,franck kessie,sot2,11.0
2026-06-29,2026-06-29T22:58:43Z,2026-06-30,World Cup,Ivory Coast vs Norway,jean michael seri,sot2,14.0
2026-06-29,2026-06-29T22:58:43Z,2026-06-30,World Cup,Ivory Coast vs Norway,kristian thorstvedt,sot2,5.75
2026-06-29,2026-06-29T22:58:43Z,2026-06-30,World Cup,Ivory Coast vs Norway,evann guessand,sot2,6.0
2026-06-29,2026-06-29T22:58:43Z,2026-06-30,World Cup,Ivory Coast vs Norway,henrik falchener,sot2,26.0
2026-06-29,2026-06-29T22:58:43Z,2026-06-30,World Cup,Ivory Coast vs Norway,ange-yoan bonny,sot2,5.75
2026-06-29,2026-06-29T22:58:43Z,2026-06-30,World Cup,Ivory Coast vs Norway,sepe elye wahi,sot2,5.5
2026-06-29,2026-06-29T22:58:43Z,2026-06-30,World Cup,Ivory Coast vs Norway,andreas schjelderup,sot2,4.1
2026-06-29,2026-06-29T22:58:43Z,2026-06-30,World Cup,Ivory Coast vs Norway,amad diallo,sot2,4.5
2026-06-29,2026-06-29T22:58:43Z,2026-06-30,World Cup,Ivory Coast vs Norway,erling braut haaland,sot2,1.5
2026-06-29,2026-06-29T22:58:43Z,2026-06-30,World Cup,Ivory Coast vs Norway,fredrik aursnes,sot2,14.0
2026-06-29,2026-06-29T22:58:43Z,2026-06-30,World Cup,Ivory Coast vs Norway,simon adingra,sot2,6.0
2026-06-29,2026-06-29T22:58:43Z,2026-06-30,World Cup,Ivory Coast vs Norway,david moller wolfe,sot2,31.0
2026-06-29,2026-06-29T22:58:43Z,2026-06-30,World Cup,Ivory Coast vs Norway,antonio nusa,sot2,5.25
2026-06-29,2026-06-29T22:58:43Z,2026-06-30,World Cup,Ivory Coast vs Norway,oscar bobb,sot2,5.5
2026-06-29,2026-06-29T22:58:43Z,2026-06-30,World Cup,Ivory Coast vs Norway,parfait guiagon,sot2,6.0
2026-06-29,2026-06-29T22:58:43Z,2026-06-30,World Cup,Ivory Coast vs Norway,oumar diakite,sot2,4.3
2026-06-29,2026-06-29T22:58:43Z,2026-06-30,World Cup,Ivory Coast vs Norway,bazoumana toure,sot2,6.0
2026-06-29,2026-06-29T22:58:43Z,2026-06-30,World Cup,Ivory Coast vs Norway,christ ravynel inao oulai,sot2,23.0
2026-06-29,2026-06-29T22:58:43Z,2026-06-30,World Cup,Ivory Coast vs Norway,jorgen strand larsen,sot2,2.7
2026-06-29,2026-06-29T22:58:43Z,2026-06-30,World Cup,Ivory Coast vs Norway,yan diomande,sot2,6.0
2026-06-29,2026-06-29T22:58:43Z,2026-06-30,World Cup,Ivory Coast vs Norway,thelo aasgaard,sot2,4.0
2026-06-29,2026-06-29T22:58:43Z,2026-06-30,World Cup,Ivory Coast vs Norway,alexander sorloth,sot3,9.0
2026-06-29,2026-06-29T22:58:43Z,2026-06-30,World Cup,Ivory Coast vs Norway,martin odegaard,sot3,31.0
2026-06-29,2026-06-29T22:58:43Z,2026-06-30,World Cup,Ivory Coast vs Norway,jens petter hauge,sot3,15.0
2026-06-29,2026-06-29T22:58:43Z,2026-06-30,World Cup,Ivory Coast vs Norway,nicolas pepe,sot3,21.0
2026-06-29,2026-06-29T22:58:43Z,2026-06-30,World Cup,Ivory Coast vs Norway,morten thorsby,sot3,26.0
2026-06-29,2026-06-29T22:58:43Z,2026-06-30,World Cup,Ivory Coast vs Norway,kristian thorstvedt,sot3,21.0
2026-06-29,2026-06-29T22:58:43Z,2026-06-30,World Cup,Ivory Coast vs Norway,evann guessand,sot3,23.0
2026-06-29,2026-06-29T22:58:43Z,2026-06-30,World Cup,Ivory Coast vs Norway,ange-yoan bonny,sot3,21.0
2026-06-29,2026-06-29T22:58:43Z,2026-06-30,World Cup,Ivory Coast vs Norway,sepe elye wahi,sot3,21.0
2026-06-29,2026-06-29T22:58:43Z,2026-06-30,World Cup,Ivory Coast vs Norway,andreas schjelderup,sot3,13.0
2026-06-29,2026-06-29T22:58:43Z,2026-06-30,World Cup,Ivory Coast vs Norway,amad diallo,sot3,16.0
2026-06-29,2026-06-29T22:58:43Z,2026-06-30,World Cup,Ivory Coast vs Norway,erling braut haaland,sot3,3.35
2026-06-29,2026-06-29T22:58:43Z,2026-06-30,World Cup,Ivory Coast vs Norway,simon adingra,sot3,23.0
2026-06-29,2026-06-29T22:58:43Z,2026-06-30,World Cup,Ivory Coast vs Norway,antonio nusa,sot3,20.0
2026-06-29,2026-06-29T22:58:43Z,2026-06-30,World Cup,Ivory Coast vs Norway,oscar bobb,sot3,21.0
2026-06-29,2026-06-29T22:58:43Z,2026-06-30,World Cup,Ivory Coast vs Norway,parfait guiagon,sot3,23.0
2026-06-29,2026-06-29T22:58:43Z,2026-06-30,World Cup,Ivory Coast vs Norway,oumar diakite,sot3,14.0
2026-06-29,2026-06-29T22:58:43Z,2026-06-30,World Cup,Ivory Coast vs Norway,bazoumana toure,sot3,26.0
2026-06-29,2026-06-29T22:58:43Z,2026-06-30,World Cup,Ivory Coast vs Norway,jorgen strand larsen,sot3,6.5
2026-06-29,2026-06-29T22:58:43Z,2026-06-30,World Cup,Ivory Coast vs Norway,yan diomande,sot3,23.0
2026-06-29,2026-06-29T22:58:43Z,2026-06-30,World Cup,Ivory Coast vs Norway,thelo aasgaard,sot3,13.0
2026-06-29,2026-06-29T22:58:43Z,2026-06-30,World Cup,Ivory Coast vs Norway,ibrahim sangare,cards,3.7
2026-06-29,2026-06-29T22:58:43Z,2026-06-30,World Cup,Ivory Coast vs Norway,alexander sorloth,cards,4.75
2026-06-29,2026-06-29T22:58:43Z,2026-06-30,World Cup,Ivory Coast vs Norway,guela doue,cards,4.33
2026-06-29,2026-06-29T22:58:43Z,2026-06-30,World Cup,Ivory Coast vs Norway,ousmane diomande,cards,4.0
2026-06-29,2026-06-29T22:58:43Z,2026-06-30,World Cup,Ivory Coast vs Norway,christ ravynel inao oulai,cards,4.0
2026-06-29,2026-06-29T22:58:43Z,2026-06-30,World Cup,Ivory Coast vs Norway,odilon kossounou,cards,4.75
2026-06-29,2026-06-29T22:58:43Z,2026-06-30,World Cup,Ivory Coast vs Norway,franck kessie,cards,4.75
2026-06-29,2026-06-29T22:58:43Z,2026-06-30,World Cup,Ivory Coast vs Norway,yan diomande,cards,5.0
2026-06-29,2026-06-29T22:58:43Z,2026-06-30,World Cup,Ivory Coast vs Norway,torbjorn lysaker heggem,cards,6.5
2026-06-29,2026-06-29T22:58:43Z,2026-06-30,World Cup,Ivory Coast vs Norway,sepe elye wahi,cards,4.33
2026-06-29,2026-06-29T22:58:43Z,2026-06-30,World Cup,Ivory Coast vs Norway,kristoffer ajer,cards,4.8
2026-06-29,2026-06-29T22:58:43Z,2026-06-30,World Cup,Ivory Coast vs Norway,david moller wolfe,cards,4.8
2026-06-29,2026-06-29T22:58:43Z,2026-06-30,World Cup,Ivory Coast vs Norway,emmanuel agbadou,cards,4.75
2026-06-29,2026-06-29T22:58:43Z,2026-06-30,World Cup,Ivory Coast vs Norway,christopher operi,cards,4.6
2026-06-29,2026-06-29T22:58:43Z,2026-06-30,World Cup,Ivory Coast vs Norway,ghislain niclomande konan,cards,6.5
2026-06-29,2026-06-29T22:58:43Z,2026-06-30,World Cup,Ivory Coast vs Norway,seko fofana,cards,6.5
2026-06-29,2026-06-29T22:58:43Z,2026-06-30,World Cup,Ivory Coast vs Norway,patrick berg,cards,4.75
2026-06-29,2026-06-29T22:58:43Z,2026-06-30,World Cup,Ivory Coast vs Norway,sander berge,cards,4.8
2026-06-29,2026-06-29T22:58:43Z,2026-06-30,World Cup,Ivory Coast vs Norway,marcus pedersen,cards,4.8
2026-06-29,2026-06-29T22:58:43Z,2026-06-30,World Cup,Ivory Coast vs Norway,ange-yoan bonny,cards,5.0
2026-06-29,2026-06-29T22:58:43Z,2026-06-30,World Cup,Ivory Coast vs Norway,leo skiri ostigard,cards,5.2
2026-06-29,2026-06-29T22:58:43Z,2026-06-30,World Cup,Ivory Coast vs Norway,amad diallo,cards,5.2
2026-06-29,2026-06-29T22:58:43Z,2026-06-30,World Cup,Ivory Coast vs Norway,fredrik aursnes,cards,5.4
2026-06-29,2026-06-29T22:58:43Z,2026-06-30,World Cup,Ivory Coast vs Norway,erling braut haaland,cards,6.5
2026-06-29,2026-06-29T22:58:43Z,2026-06-30,World Cup,Ivory Coast vs Norway,martin odegaard,cards,7.0
2026-06-29,2026-06-29T22:58:43Z,2026-06-30,World Cup,Ivory Coast vs Norway,oscar bobb,cards,8.5
2026-06-29,2026-06-29T22:58:43Z,2026-06-30,World Cup,Ivory Coast vs Norway,nicolas pepe,cards,7.0
2026-06-29,2026-06-29T22:58:43Z,2026-06-30,World Cup,Ivory Coast vs Norway,andreas schjelderup,cards,7.0
2026-06-29,2026-06-29T22:58:43Z,2026-06-30,World Cup,Ivory Coast vs Norway,antonio nusa,cards,9.0
2026-06-29,2026-06-29T22:58:43Z,2026-06-30,World Cup,Ivory Coast vs Norway,morten thorsby,cards,3.25
2026-06-29,2026-06-29T22:58:43Z,2026-06-30,World Cup,Ivory Coast vs Norway,kristian thorstvedt,cards,3.5
2026-06-29,2026-06-29T22:58:43Z,2026-06-30,World Cup,Ivory Coast vs Norway,wilfried stephane singo,cards,4.33
2026-06-29,2026-06-29T22:58:43Z,2026-06-30,World Cup,Ivory Coast vs Norway,julian ryerson,cards,3.9
2026-06-29,2026-06-29T22:58:43Z,2026-06-30,World Cup,Ivory Coast vs Norway,jean michael seri,cards,4.2
2026-06-29,2026-06-29T22:58:43Z,2026-06-30,World Cup,Ivory Coast vs Norway,sondre klinge langas,cards,4.33
2026-06-29,2026-06-29T22:58:43Z,2026-06-30,World Cup,Ivory Coast vs Norway,oumar diakite,cards,4.8
2026-06-29,2026-06-29T22:58:43Z,2026-06-30,World Cup,Ivory Coast vs Norway,jorgen strand larsen,cards,4.75
2026-06-29,2026-06-29T22:58:43Z,2026-06-30,World Cup,Ivory Coast vs Norway,parfait guiagon,cards,4.75
2026-06-29,2026-06-29T22:58:43Z,2026-06-30,World Cup,Ivory Coast vs Norway,jens petter hauge,cards,4.75
2026-06-29,2026-06-29T22:58:43Z,2026-06-30,World Cup,Ivory Coast vs Norway,henrik falchener,cards,4.75
2026-06-29,2026-06-29T22:58:43Z,2026-06-30,World Cup,Ivory Coast vs Norway,thelo aasgaard,cards,5.25
2026-06-29,2026-06-29T22:58:43Z,2026-06-30,World Cup,Ivory Coast vs Norway,evan ndicka,cards,5.5
2026-06-29,2026-06-29T22:58:43Z,2026-06-30,World Cup,Ivory Coast vs Norway,bazoumana toure,cards,5.5
2026-06-29,2026-06-29T22:58:43Z,2026-06-30,World Cup,Ivory Coast vs Norway,yahia fofana,cards,6.5
2026-06-29,2026-06-29T22:58:43Z,2026-06-30,World Cup,Ivory Coast vs Norway,fredrik andre bjorkan,cards,5.8
2026-06-29,2026-06-29T22:58:43Z,2026-06-30,World Cup,Ivory Coast vs Norway,sander tangvik,cards,7.0
2026-06-29,2026-06-29T22:58:43Z,2026-06-30,World Cup,Ivory Coast vs Norway,simon adingra,cards,6.0
2026-06-29,2026-06-29T22:58:43Z,2026-06-30,World Cup,Ivory Coast vs Norway,egil selvik,cards,7.5
2026-06-29,2026-06-29T22:58:43Z,2026-06-30,World Cup,Ivory Coast vs Norway,evann guessand,cards,6.5
2026-06-29,2026-06-29T22:58:43Z,2026-06-30,World Cup,Ivory Coast vs Norway,alban lafont,cards,8.0
2026-06-29,2026-06-29T22:58:43Z,2026-06-30,World Cup,Ivory Coast vs Norway,orjan nyland,cards,9.5
2026-06-29,2026-06-29T22:58:43Z,2026-06-30,World Cup,Ivory Coast vs Norway,mohamed kone,cards,8.0
2026-06-29,2026-06-29T22:58:43Z,2026-06-30,World Cup,France vs Sweden,kylian mbappe,goals,2.16
2026-06-29,2026-06-29T22:58:43Z,2026-06-30,World Cup,France vs Sweden,marcus thuram,goals,2.1
2026-06-29,2026-06-29T22:58:43Z,2026-06-30,World Cup,France vs Sweden,jean-philippe mateta,goals,2.1
2026-06-29,2026-06-29T22:58:43Z,2026-06-30,World Cup,France vs Sweden,ousmane dembele,goals,2.4
2026-06-29,2026-06-29T22:58:43Z,2026-06-30,World Cup,France vs Sweden,michael olise,goals,3.12
2026-06-29,2026-06-29T22:58:43Z,2026-06-30,World Cup,France vs Sweden,desire doue,goals,2.8
2026-06-29,2026-06-29T22:58:43Z,2026-06-30,World Cup,France vs Sweden,rayan cherki,goals,2.65
2026-06-29,2026-06-29T22:58:43Z,2026-06-30,World Cup,France vs Sweden,bradley barcola,goals,3.29
2026-06-29,2026-06-29T22:58:43Z,2026-06-30,World Cup,France vs Sweden,maghnes akliouche,goals,3.0
2026-06-29,2026-06-29T22:58:43Z,2026-06-30,World Cup,France vs Sweden,viktor gyokeres,goals,4.53
2026-06-29,2026-06-29T22:58:43Z,2026-06-30,World Cup,France vs Sweden,alexander isak,goals,5.24
2026-06-29,2026-06-29T22:58:43Z,2026-06-30,World Cup,France vs Sweden,adrien rabiot,goals,5.4
2026-06-29,2026-06-29T22:58:43Z,2026-06-30,World Cup,France vs Sweden,gustaf nilsson,goals,5.0
2026-06-29,2026-06-29T22:58:43Z,2026-06-30,World Cup,France vs Sweden,warren zaire-emery,goals,5.5
2026-06-29,2026-06-29T22:58:43Z,2026-06-30,World Cup,France vs Sweden,n'golo kante,goals,5.5
2026-06-29,2026-06-29T22:58:43Z,2026-06-30,World Cup,France vs Sweden,mattias svanberg,goals,11.0
2026-06-29,2026-06-29T22:58:43Z,2026-06-30,World Cup,France vs Sweden,anthony elanga,goals,7.0
2026-06-29,2026-06-29T22:58:43Z,2026-06-30,World Cup,France vs Sweden,theo hernandez,goals,8.0
2026-06-29,2026-06-29T22:58:43Z,2026-06-30,World Cup,France vs Sweden,aurelien tchouameni,goals,8.5
2026-06-29,2026-06-29T22:58:43Z,2026-06-30,World Cup,France vs Sweden,manu kone,goals,7.4
2026-06-29,2026-06-29T22:58:43Z,2026-06-30,World Cup,France vs Sweden,jules kounde,goals,11.0
2026-06-29,2026-06-29T22:58:43Z,2026-06-30,World Cup,France vs Sweden,benjamin nygren,goals,7.5
2026-06-29,2026-06-29T22:58:43Z,2026-06-30,World Cup,France vs Sweden,yasin ayari,goals,11.5
2026-06-29,2026-06-29T22:58:43Z,2026-06-30,World Cup,France vs Sweden,alexander bernhardsson,goals,12.0
2026-06-29,2026-06-29T22:58:43Z,2026-06-30,World Cup,France vs Sweden,taha abdi ali,goals,8.5
2026-06-29,2026-06-29T22:58:43Z,2026-06-30,World Cup,France vs Sweden,elliot stroud,goals,11.0
2026-06-29,2026-06-29T22:58:43Z,2026-06-30,World Cup,France vs Sweden,dayot upamecano,goals,9.5
2026-06-29,2026-06-29T22:58:43Z,2026-06-30,World Cup,France vs Sweden,malo gusto,goals,10.0
2026-06-29,2026-06-29T22:58:43Z,2026-06-30,World Cup,France vs Sweden,besfort zeneli,goals,10.0
2026-06-29,2026-06-29T22:58:43Z,2026-06-30,World Cup,France vs Sweden,lucas digne,goals,10.0
2026-06-29,2026-06-29T22:58:43Z,2026-06-30,World Cup,France vs Sweden,herman johansson,goals,11.0
2026-06-29,2026-06-29T22:58:43Z,2026-06-30,World Cup,France vs Sweden,lucas bergvall,goals,11.5
2026-06-29,2026-06-29T22:58:43Z,2026-06-30,World Cup,France vs Sweden,lucas hernandez,goals,12.0
2026-06-29,2026-06-29T22:58:43Z,2026-06-30,World Cup,France vs Sweden,ibrahim konate,goals,12.0
2026-06-29,2026-06-29T22:58:43Z,2026-06-30,World Cup,France vs Sweden,ken sema,goals,12.0
2026-06-29,2026-06-29T22:58:43Z,2026-06-30,World Cup,France vs Sweden,william saliba,goals,13.0
2026-06-29,2026-06-29T22:58:43Z,2026-06-30,World Cup,France vs Sweden,maxence lacroix,goals,16.5
2026-06-29,2026-06-29T22:58:43Z,2026-06-30,World Cup,France vs Sweden,daniel svensson,goals,17.0
2026-06-29,2026-06-29T22:58:43Z,2026-06-30,World Cup,France vs Sweden,eric smith,goals,17.0
2026-06-29,2026-06-29T22:58:43Z,2026-06-30,World Cup,France vs Sweden,gustaf lagerbielke,goals,21.0
2026-06-29,2026-06-29T22:58:43Z,2026-06-30,World Cup,France vs Sweden,carl starfelt,goals,23.0
2026-06-29,2026-06-29T22:58:43Z,2026-06-30,World Cup,France vs Sweden,gabriel gudmundsson,goals,21.0
2026-06-29,2026-06-29T22:58:43Z,2026-06-30,World Cup,France vs Sweden,jesper karlstrom,goals,23.0
2026-06-29,2026-06-29T22:58:43Z,2026-06-30,World Cup,France vs Sweden,hjalmar ekdal,goals,23.0
2026-06-29,2026-06-29T22:58:43Z,2026-06-30,World Cup,France vs Sweden,victor lindelof,goals,34.0
2026-06-29,2026-06-29T22:58:43Z,2026-06-30,World Cup,France vs Sweden,isak hien,goals,31.0
2026-06-29,2026-06-29T22:58:43Z,2026-06-30,World Cup,France vs Sweden,ken sema,sot,4.0
2026-06-29,2026-06-29T22:58:43Z,2026-06-30,World Cup,France vs Sweden,eric smith,sot,6.5
2026-06-29,2026-06-29T22:58:43Z,2026-06-30,World Cup,France vs Sweden,adrien rabiot,sot,2.4
2026-06-29,2026-06-29T22:58:43Z,2026-06-30,World Cup,France vs Sweden,lucas digne,sot,3.75
2026-06-29,2026-06-29T22:58:43Z,2026-06-30,World Cup,France vs Sweden,gustaf nilsson,sot,2.2
2026-06-29,2026-06-29T22:58:43Z,2026-06-30,World Cup,France vs Sweden,mattias svanberg,sot,2.7
2026-06-29,2026-06-29T22:58:43Z,2026-06-30,World Cup,France vs Sweden,ousmane dembele,sot,1.26
2026-06-29,2026-06-29T22:58:43Z,2026-06-30,World Cup,France vs Sweden,jules kounde,sot,4.4
2026-06-29,2026-06-29T22:58:43Z,2026-06-30,World Cup,France vs Sweden,alexander isak,sot,1.9
2026-06-29,2026-06-29T22:58:43Z,2026-06-30,World Cup,France vs Sweden,victor lindelof,sot,7.5
2026-06-29,2026-06-29T22:58:43Z,2026-06-30,World Cup,France vs Sweden,dayot upamecano,sot,4.1
2026-06-29,2026-06-29T22:58:43Z,2026-06-30,World Cup,France vs Sweden,jean-philippe mateta,sot,1.2
2026-06-29,2026-06-29T22:58:43Z,2026-06-30,World Cup,France vs Sweden,marcus thuram,sot,1.27
2026-06-29,2026-06-29T22:58:43Z,2026-06-30,World Cup,France vs Sweden,gabriel gudmundsson,sot,7.5
2026-06-29,2026-06-29T22:58:43Z,2026-06-30,World Cup,France vs Sweden,ibrahim konate,sot,4.0
2026-06-29,2026-06-29T22:58:43Z,2026-06-30,World Cup,France vs Sweden,theo hernandez,sot,2.7
2026-06-29,2026-06-29T22:58:43Z,2026-06-30,World Cup,France vs Sweden,aurelien tchouameni,sot,3.1
2026-06-29,2026-06-29T22:58:43Z,2026-06-30,World Cup,France vs Sweden,kylian mbappe,sot,1.11
2026-06-29,2026-06-29T22:58:43Z,2026-06-30,World Cup,France vs Sweden,n'golo kante,sot,2.9
2026-06-29,2026-06-29T22:58:43Z,2026-06-30,World Cup,France vs Sweden,lucas hernandez,sot,5.0
2026-06-29,2026-06-29T22:58:43Z,2026-06-30,World Cup,France vs Sweden,william saliba,sot,4.6
2026-06-29,2026-06-29T22:58:43Z,2026-06-30,World Cup,France vs Sweden,maxence lacroix,sot,3.1
2026-06-29,2026-06-29T22:58:43Z,2026-06-30,World Cup,France vs Sweden,michael olise,sot,1.37
2026-06-29,2026-06-29T22:58:43Z,2026-06-30,World Cup,France vs Sweden,hjalmar ekdal,sot,9.0
2026-06-29,2026-06-29T22:58:43Z,2026-06-30,World Cup,France vs Sweden,benjamin nygren,sot,2.45
2026-06-29,2026-06-29T22:58:43Z,2026-06-30,World Cup,France vs Sweden,bradley barcola,sot,1.4
2026-06-29,2026-06-29T22:58:43Z,2026-06-30,World Cup,France vs Sweden,rayan cherki,sot,1.44
2026-06-29,2026-06-29T22:58:43Z,2026-06-30,World Cup,France vs Sweden,carl starfelt,sot,7.5
2026-06-29,2026-06-29T22:58:43Z,2026-06-30,World Cup,France vs Sweden,alexander bernhardsson,sot,3.75
2026-06-29,2026-06-29T22:58:43Z,2026-06-30,World Cup,France vs Sweden,yasin ayari,sot,3.0
2026-06-29,2026-06-29T22:58:43Z,2026-06-30,World Cup,France vs Sweden,anthony elanga,sot,2.7
2026-06-29,2026-06-29T22:58:43Z,2026-06-30,World Cup,France vs Sweden,malo gusto,sot,3.75
2026-06-29,2026-06-29T22:58:43Z,2026-06-30,World Cup,France vs Sweden,daniel svensson,sot,5.8
2026-06-29,2026-06-29T22:58:43Z,2026-06-30,World Cup,France vs Sweden,herman johansson,sot,3.75
2026-06-29,2026-06-29T22:58:43Z,2026-06-30,World Cup,France vs Sweden,taha abdi ali,sot,3.4
2026-06-29,2026-06-29T22:58:43Z,2026-06-30,World Cup,France vs Sweden,maghnes akliouche,sot,1.39
2026-06-29,2026-06-29T22:58:43Z,2026-06-30,World Cup,France vs Sweden,gustaf lagerbielke,sot,8.0
2026-06-29,2026-06-29T22:58:43Z,2026-06-30,World Cup,France vs Sweden,desire doue,sot,1.4
2026-06-29,2026-06-29T22:58:43Z,2026-06-30,World Cup,France vs Sweden,besfort zeneli,sot,3.6
2026-06-29,2026-06-29T22:58:43Z,2026-06-30,World Cup,France vs Sweden,lucas bergvall,sot,3.5
2026-06-29,2026-06-29T22:58:43Z,2026-06-30,World Cup,France vs Sweden,warren zaire-emery,sot,2.45
2026-06-29,2026-06-29T22:58:43Z,2026-06-30,World Cup,France vs Sweden,viktor gyokeres,sot,1.8
2026-06-29,2026-06-29T22:58:43Z,2026-06-30,World Cup,France vs Sweden,elliot stroud,sot,3.9
2026-06-29,2026-06-29T22:58:43Z,2026-06-30,World Cup,France vs Sweden,manu kone,sot,2.45
2026-06-29,2026-06-29T22:58:43Z,2026-06-30,World Cup,France vs Sweden,jesper karlstrom,sot,7.0
2026-06-29,2026-06-29T22:58:43Z,2026-06-30,World Cup,France vs Sweden,ken sema,sot2,23.0
2026-06-29,2026-06-29T22:58:43Z,2026-06-30,World Cup,France vs Sweden,adrien rabiot,sot2,8.0
2026-06-29,2026-06-29T22:58:43Z,2026-06-30,World Cup,France vs Sweden,lucas digne,sot2,23.0
2026-06-29,2026-06-29T22:58:43Z,2026-06-30,World Cup,France vs Sweden,gustaf nilsson,sot2,7.5
2026-06-29,2026-06-29T22:58:43Z,2026-06-30,World Cup,France vs Sweden,mattias svanberg,sot2,12.0
2026-06-29,2026-06-29T22:58:43Z,2026-06-30,World Cup,France vs Sweden,ousmane dembele,sot2,2.05
2026-06-29,2026-06-29T22:58:43Z,2026-06-30,World Cup,France vs Sweden,jules kounde,sot2,31.0
2026-06-29,2026-06-29T22:58:43Z,2026-06-30,World Cup,France vs Sweden,alexander isak,sot2,7.0
2026-06-29,2026-06-29T22:58:43Z,2026-06-30,World Cup,France vs Sweden,dayot upamecano,sot2,26.0
2026-06-29,2026-06-29T22:58:43Z,2026-06-30,World Cup,France vs Sweden,jean-philippe mateta,sot2,1.8
2026-06-29,2026-06-29T22:58:43Z,2026-06-30,World Cup,France vs Sweden,marcus thuram,sot2,2.2
2026-06-29,2026-06-29T22:58:43Z,2026-06-30,World Cup,France vs Sweden,ibrahim konate,sot2,23.0
2026-06-29,2026-06-29T22:58:43Z,2026-06-30,World Cup,France vs Sweden,theo hernandez,sot2,11.0
2026-06-29,2026-06-29T22:58:43Z,2026-06-30,World Cup,France vs Sweden,aurelien tchouameni,sot2,16.0
2026-06-29,2026-06-29T22:58:43Z,2026-06-30,World Cup,France vs Sweden,kylian mbappe,sot2,1.47
2026-06-29,2026-06-29T22:58:43Z,2026-06-30,World Cup,France vs Sweden,n'golo kante,sot2,9.0
2026-06-29,2026-06-29T22:58:43Z,2026-06-30,World Cup,France vs Sweden,lucas hernandez,sot2,16.0
2026-06-29,2026-06-29T22:58:43Z,2026-06-30,World Cup,France vs Sweden,william saliba,sot2,31.0
2026-06-29,2026-06-29T22:58:43Z,2026-06-30,World Cup,France vs Sweden,maxence lacroix,sot2,16.0
2026-06-29,2026-06-29T22:58:43Z,2026-06-30,World Cup,France vs Sweden,michael olise,sot2,2.9
2026-06-29,2026-06-29T22:58:43Z,2026-06-30,World Cup,France vs Sweden,benjamin nygren,sot2,10.0
2026-06-29,2026-06-29T22:58:43Z,2026-06-30,World Cup,France vs Sweden,bradley barcola,sot2,2.45
2026-06-29,2026-06-29T22:58:43Z,2026-06-30,World Cup,France vs Sweden,rayan cherki,sot2,3.05
2026-06-29,2026-06-29T22:58:43Z,2026-06-30,World Cup,France vs Sweden,alexander bernhardsson,sot2,23.0
2026-06-29,2026-06-29T22:58:43Z,2026-06-30,World Cup,France vs Sweden,yasin ayari,sot2,17.0
2026-06-29,2026-06-29T22:58:43Z,2026-06-30,World Cup,France vs Sweden,anthony elanga,sot2,12.0
2026-06-29,2026-06-29T22:58:43Z,2026-06-30,World Cup,France vs Sweden,malo gusto,sot2,14.0
2026-06-29,2026-06-29T22:58:43Z,2026-06-30,World Cup,France vs Sweden,daniel svensson,sot2,26.0
2026-06-29,2026-06-29T22:58:43Z,2026-06-30,World Cup,France vs Sweden,herman johansson,sot2,12.0
2026-06-29,2026-06-29T22:58:43Z,2026-06-30,World Cup,France vs Sweden,taha abdi ali,sot2,18.0
2026-06-29,2026-06-29T22:58:43Z,2026-06-30,World Cup,France vs Sweden,maghnes akliouche,sot2,2.75
2026-06-29,2026-06-29T22:58:43Z,2026-06-30,World Cup,France vs Sweden,desire doue,sot2,3.35
2026-06-29,2026-06-29T22:58:43Z,2026-06-30,World Cup,France vs Sweden,besfort zeneli,sot2,21.0
2026-06-29,2026-06-29T22:58:43Z,2026-06-30,World Cup,France vs Sweden,lucas bergvall,sot2,20.0
2026-06-29,2026-06-29T22:58:43Z,2026-06-30,World Cup,France vs Sweden,warren zaire-emery,sot2,9.0
2026-06-29,2026-06-29T22:58:43Z,2026-06-30,World Cup,France vs Sweden,viktor gyokeres,sot2,4.9
2026-06-29,2026-06-29T22:58:43Z,2026-06-30,World Cup,France vs Sweden,elliot stroud,sot2,23.0
2026-06-29,2026-06-29T22:58:43Z,2026-06-30,World Cup,France vs Sweden,manu kone,sot2,9.5
2026-06-29,2026-06-29T22:58:43Z,2026-06-30,World Cup,France vs Sweden,ousmane dembele,sot3,4.9
2026-06-29,2026-06-29T22:58:43Z,2026-06-30,World Cup,France vs Sweden,alexander isak,sot3,31.0
2026-06-29,2026-06-29T22:58:43Z,2026-06-30,World Cup,France vs Sweden,jean-philippe mateta,sot3,3.5
2026-06-29,2026-06-29T22:58:43Z,2026-06-30,World Cup,France vs Sweden,marcus thuram,sot3,5.0
2026-06-29,2026-06-29T22:58:43Z,2026-06-30,World Cup,France vs Sweden,kylian mbappe,sot3,2.6
2026-06-29,2026-06-29T22:58:43Z,2026-06-30,World Cup,France vs Sweden,michael olise,sot3,7.5
2026-06-29,2026-06-29T22:58:43Z,2026-06-30,World Cup,France vs Sweden,bradley barcola,sot3,6.0
2026-06-29,2026-06-29T22:58:43Z,2026-06-30,World Cup,France vs Sweden,rayan cherki,sot3,8.5
2026-06-29,2026-06-29T22:58:43Z,2026-06-30,World Cup,France vs Sweden,maghnes akliouche,sot3,7.0
2026-06-29,2026-06-29T22:58:43Z,2026-06-30,World Cup,France vs Sweden,desire doue,sot3,10.0
2026-06-29,2026-06-29T22:58:43Z,2026-06-30,World Cup,France vs Sweden,viktor gyokeres,sot3,18.0
2026-06-29,2026-06-29T22:58:43Z,2026-06-30,World Cup,France vs Sweden,aurelien tchouameni,cards,4.8
2026-06-29,2026-06-29T22:58:43Z,2026-06-30,World Cup,France vs Sweden,mattias svanberg,cards,3.9
2026-06-29,2026-06-29T22:58:43Z,2026-06-30,World Cup,France vs Sweden,manu kone,cards,4.75
2026-06-29,2026-06-29T22:58:43Z,2026-06-30,World Cup,France vs Sweden,herman johansson,cards,4.8
2026-06-29,2026-06-29T22:58:43Z,2026-06-30,World Cup,France vs Sweden,theo hernandez,cards,4.75
2026-06-29,2026-06-29T22:58:43Z,2026-06-30,World Cup,France vs Sweden,lucas bergvall,cards,4.3
2026-06-29,2026-06-29T22:58:43Z,2026-06-30,World Cup,France vs Sweden,dayot upamecano,cards,4.75
2026-06-29,2026-06-29T22:58:43Z,2026-06-30,World Cup,France vs Sweden,jesper karlstrom,cards,3.25
2026-06-29,2026-06-29T22:58:43Z,2026-06-30,World Cup,France vs Sweden,lucas hernandez,cards,4.8
2026-06-29,2026-06-29T22:58:43Z,2026-06-30,World Cup,France vs Sweden,eric smith,cards,3.9
2026-06-29,2026-06-29T22:58:43Z,2026-06-30,World Cup,France vs Sweden,ibrahim konate,cards,4.8
2026-06-29,2026-06-29T22:58:43Z,2026-06-30,World Cup,France vs Sweden,yasin ayari,cards,3.9
2026-06-29,2026-06-29T22:58:43Z,2026-06-30,World Cup,France vs Sweden,adrien rabiot,cards,5.5
2026-06-29,2026-06-29T22:58:43Z,2026-06-30,World Cup,France vs Sweden,gustaf lagerbielke,cards,3.9
2026-06-29,2026-06-29T22:58:43Z,2026-06-30,World Cup,France vs Sweden,malo gusto,cards,5.25
2026-06-29,2026-06-29T22:58:43Z,2026-06-30,World Cup,France vs Sweden,ken sema,cards,4.4
2026-06-29,2026-06-29T22:58:43Z,2026-06-30,World Cup,France vs Sweden,maghnes akliouche,cards,5.25
2026-06-29,2026-06-29T22:58:43Z,2026-06-30,World Cup,France vs Sweden,carl starfelt,cards,4.2
2026-06-29,2026-06-29T22:58:43Z,2026-06-30,World Cup,France vs Sweden,lucas digne,cards,5.5
2026-06-29,2026-06-29T22:58:43Z,2026-06-30,World Cup,France vs Sweden,alexander bernhardsson,cards,4.33
2026-06-29,2026-06-29T22:58:43Z,2026-06-30,World Cup,France vs Sweden,maxence lacroix,cards,5.5
2026-06-29,2026-06-29T22:58:43Z,2026-06-30,World Cup,France vs Sweden,gabriel gudmundsson,cards,5.0
2026-06-29,2026-06-29T22:58:43Z,2026-06-30,World Cup,France vs Sweden,n'golo kante,cards,5.8
2026-06-29,2026-06-29T22:58:43Z,2026-06-30,World Cup,France vs Sweden,gustaf nilsson,cards,4.2
2026-06-29,2026-06-29T22:58:43Z,2026-06-30,World Cup,France vs Sweden,desire doue,cards,6.0
2026-06-29,2026-06-29T22:58:43Z,2026-06-30,World Cup,France vs Sweden,benjamin nygren,cards,4.75
2026-06-29,2026-06-29T22:58:43Z,2026-06-30,World Cup,France vs Sweden,kylian mbappe,cards,7.0
2026-06-29,2026-06-29T22:58:43Z,2026-06-30,World Cup,France vs Sweden,victor lindelof,cards,5.3
2026-06-29,2026-06-29T22:58:43Z,2026-06-30,World Cup,France vs Sweden,ousmane dembele,cards,6.5
2026-06-29,2026-06-29T22:58:43Z,2026-06-30,World Cup,France vs Sweden,viktor gyokeres,cards,5.0
2026-06-29,2026-06-29T22:58:43Z,2026-06-30,World Cup,France vs Sweden,michael olise,cards,7.0
2026-06-29,2026-06-29T22:58:43Z,2026-06-30,World Cup,France vs Sweden,elliot stroud,cards,4.75
2026-06-29,2026-06-29T22:58:43Z,2026-06-30,World Cup,France vs Sweden,bradley barcola,cards,6.5
2026-06-29,2026-06-29T22:58:43Z,2026-06-30,World Cup,France vs Sweden,hjalmar ekdal,cards,4.8
2026-06-29,2026-06-29T22:58:43Z,2026-06-30,World Cup,France vs Sweden,jules kounde,cards,7.0
2026-06-29,2026-06-29T22:58:43Z,2026-06-30,World Cup,France vs Sweden,besfort zeneli,cards,5.25
2026-06-29,2026-06-29T22:58:43Z,2026-06-30,World Cup,France vs Sweden,marcus thuram,cards,6.5
2026-06-29,2026-06-29T22:58:43Z,2026-06-30,World Cup,France vs Sweden,taha abdi ali,cards,5.25
2026-06-29,2026-06-29T22:58:43Z,2026-06-30,World Cup,France vs Sweden,rayan cherki,cards,7.0
2026-06-29,2026-06-29T22:58:43Z,2026-06-30,World Cup,France vs Sweden,alexander isak,cards,7.5
2026-06-29,2026-06-29T22:58:43Z,2026-06-30,World Cup,France vs Sweden,jean-philippe mateta,cards,7.5
2026-06-29,2026-06-29T22:58:43Z,2026-06-30,World Cup,France vs Sweden,daniel svensson,cards,6.5
2026-06-29,2026-06-29T22:58:43Z,2026-06-30,World Cup,France vs Sweden,william saliba,cards,7.5
2026-06-29,2026-06-29T22:58:43Z,2026-06-30,World Cup,France vs Sweden,viktor johansson,cards,8.0
2026-06-29,2026-06-29T22:58:43Z,2026-06-30,World Cup,France vs Sweden,warren zaire-emery,cards,7.0
2026-06-29,2026-06-29T22:58:43Z,2026-06-30,World Cup,France vs Sweden,jacob widell zetterstrom,cards,8.0
2026-06-29,2026-06-29T22:58:43Z,2026-06-30,World Cup,France vs Sweden,brice samba,cards,8.0
2026-06-29,2026-06-29T22:58:43Z,2026-06-30,World Cup,France vs Sweden,anthony elanga,cards,7.0
2026-06-29,2026-06-29T22:58:43Z,2026-06-30,World Cup,France vs Sweden,robin risser,cards,10.0
2026-06-29,2026-06-29T22:58:43Z,2026-06-30,World Cup,France vs Sweden,kristoffer nordfeldt,cards,8.0
2026-06-29,2026-06-29T22:58:43Z,2026-06-30,World Cup,France vs Sweden,mike maignan,cards,10.0
2026-06-29,2026-06-29T22:58:43Z,2026-07-01,World Cup,Mexico vs Ecuador,raul jimenez,goals,3.87
2026-06-29,2026-06-29T22:58:43Z,2026-07-01,World Cup,Mexico vs Ecuador,santiago gimenez,goals,3.4
2026-06-29,2026-06-29T22:58:43Z,2026-07-01,World Cup,Mexico vs Ecuador,guillermo martinez,goals,3.4
2026-06-29,2026-06-29T22:58:43Z,2026-07-01,World Cup,Mexico vs Ecuador,armando gonzalez alba,goals,3.5
2026-06-29,2026-06-29T22:58:43Z,2026-07-01,World Cup,Mexico vs Ecuador,enner valencia,goals,4.15
2026-06-29,2026-06-29T22:58:43Z,2026-07-01,World Cup,Mexico vs Ecuador,julian quinones,goals,4.35
2026-06-29,2026-06-29T22:58:43Z,2026-07-01,World Cup,Mexico vs Ecuador,kevin jose rodriguez cortez,goals,5.5
2026-06-29,2026-06-29T22:58:43Z,2026-07-01,World Cup,Mexico vs Ecuador,jeremy arevalo,goals,4.5
2026-06-29,2026-06-29T22:58:43Z,2026-07-01,World Cup,Mexico vs Ecuador,gilberto rafael mora zambrano,goals,6.75
2026-06-29,2026-06-29T22:58:43Z,2026-07-01,World Cup,Mexico vs Ecuador,ernesto alexis vega,goals,5.0
2026-06-29,2026-06-29T22:58:43Z,2026-07-01,World Cup,Mexico vs Ecuador,cesar saul huerta valera,goals,5.0
2026-06-29,2026-06-29T22:58:43Z,2026-07-01,World Cup,Mexico vs Ecuador,jordy josue caicedo medina,goals,5.0
2026-06-29,2026-06-29T22:58:43Z,2026-07-01,World Cup,Mexico vs Ecuador,orbelin pineda,goals,5.0
2026-06-29,2026-06-29T22:58:43Z,2026-07-01,World Cup,Mexico vs Ecuador,brian gutierrez,goals,5.6
2026-06-29,2026-06-29T22:58:43Z,2026-07-01,World Cup,Mexico vs Ecuador,roberto alvarado,goals,6.0
2026-06-29,2026-06-29T22:58:43Z,2026-07-01,World Cup,Mexico vs Ecuador,kendry paez,goals,9.0
2026-06-29,2026-06-29T22:58:43Z,2026-07-01,World Cup,Mexico vs Ecuador,gonzalo plata,goals,6.5
2026-06-29,2026-06-29T22:58:43Z,2026-07-01,World Cup,Mexico vs Ecuador,alvaro fidalgo,goals,9.0
2026-06-29,2026-06-29T22:58:43Z,2026-07-01,World Cup,Mexico vs Ecuador,john yeboah,goals,7.0
2026-06-29,2026-06-29T22:58:43Z,2026-07-01,World Cup,Mexico vs Ecuador,luis chavez,goals,7.0
2026-06-29,2026-06-29T22:58:43Z,2026-07-01,World Cup,Mexico vs Ecuador,anthony valencia,goals,7.0
2026-06-29,2026-06-29T22:58:43Z,2026-07-01,World Cup,Mexico vs Ecuador,alan steve minda garcia,goals,8.5
2026-06-29,2026-06-29T22:58:43Z,2026-07-01,World Cup,Mexico vs Ecuador,nilson david angulo ramirez,goals,7.9
2026-06-29,2026-06-29T22:58:43Z,2026-07-01,World Cup,Mexico vs Ecuador,luis francisco romo barron,goals,9.5
2026-06-29,2026-06-29T22:58:43Z,2026-07-01,World Cup,Mexico vs Ecuador,jordy alcivar,goals,9.5
2026-06-29,2026-06-29T22:58:43Z,2026-07-01,World Cup,Mexico vs Ecuador,cesar montes,goals,14.0
2026-06-29,2026-06-29T22:58:43Z,2026-07-01,World Cup,Mexico vs Ecuador,pedro vite,goals,11.0
2026-06-29,2026-06-29T22:58:43Z,2026-07-01,World Cup,Mexico vs Ecuador,angelo preciado,goals,15.0
2026-06-29,2026-06-29T22:58:43Z,2026-07-01,World Cup,Mexico vs Ecuador,erik lira,goals,23.0
2026-06-29,2026-06-29T22:58:43Z,2026-07-01,World Cup,Mexico vs Ecuador,pervis estupinan,goals,13.0
2026-06-29,2026-06-29T22:58:43Z,2026-07-01,World Cup,Mexico vs Ecuador,edson alvarez,goals,14.0
2026-06-29,2026-06-29T22:58:43Z,2026-07-01,World Cup,Mexico vs Ecuador,denil castillo,goals,12.0
2026-06-29,2026-06-29T22:58:43Z,2026-07-01,World Cup,Mexico vs Ecuador,israel reyes,goals,13.0
2026-06-29,2026-06-29T22:58:43Z,2026-07-01,World Cup,Mexico vs Ecuador,alan steven franco palma,goals,20.0
2026-06-29,2026-06-29T22:58:43Z,2026-07-01,World Cup,Mexico vs Ecuador,moises caicedo,goals,17.0
2026-06-29,2026-06-29T22:58:43Z,2026-07-01,World Cup,Mexico vs Ecuador,johan vasquez,goals,16.5
2026-06-29,2026-06-29T22:58:43Z,2026-07-01,World Cup,Mexico vs Ecuador,jesus gallardo,goals,16.5
2026-06-29,2026-06-29T22:58:43Z,2026-07-01,World Cup,Mexico vs Ecuador,yaimar medina,goals,17.0
2026-06-29,2026-06-29T22:58:43Z,2026-07-01,World Cup,Mexico vs Ecuador,jorge eduardo sanchez ramos,goals,17.0
2026-06-29,2026-06-29T22:58:43Z,2026-07-01,World Cup,Mexico vs Ecuador,obed vargas,goals,17.0
2026-06-29,2026-06-29T22:58:43Z,2026-07-01,World Cup,Mexico vs Ecuador,jackson gabriel porozo vernaza,goals,17.0
2026-06-29,2026-06-29T22:58:43Z,2026-07-01,World Cup,Mexico vs Ecuador,mateo chavez garcia,goals,17.0
2026-06-29,2026-06-29T22:58:43Z,2026-07-01,World Cup,Mexico vs Ecuador,joel ordonez,goals,19.0
2026-06-29,2026-06-29T22:58:43Z,2026-07-01,World Cup,Mexico vs Ecuador,piero hincapie,goals,21.0
2026-06-29,2026-06-29T22:58:43Z,2026-07-01,World Cup,Mexico vs Ecuador,felix torres,goals,23.0
2026-06-29,2026-06-29T22:58:43Z,2026-07-01,World Cup,Mexico vs Ecuador,william joel pacho tenorio,goals,28.0
2026-06-29,2026-06-29T22:58:43Z,2026-07-01,World Cup,Mexico vs Ecuador,raul jimenez,sot,1.42
2026-06-29,2026-06-29T22:58:43Z,2026-07-01,World Cup,Mexico vs Ecuador,enner valencia,sot,1.62
2026-06-29,2026-06-29T22:58:43Z,2026-07-01,World Cup,Mexico vs Ecuador,orbelin pineda,sot,2.9
2026-06-29,2026-06-29T22:58:43Z,2026-07-01,World Cup,Mexico vs Ecuador,cesar montes,sot,4.3
2026-06-29,2026-06-29T22:58:43Z,2026-07-01,World Cup,Mexico vs Ecuador,luis chavez,sot,2.45
2026-06-29,2026-06-29T22:58:43Z,2026-07-01,World Cup,Mexico vs Ecuador,roberto alvarado,sot,2.2
2026-06-29,2026-06-29T22:58:43Z,2026-07-01,World Cup,Mexico vs Ecuador,pervis estupinan,sot,5.8
2026-06-29,2026-06-29T22:58:43Z,2026-07-01,World Cup,Mexico vs Ecuador,jesus gallardo,sot,5.0
2026-06-29,2026-06-29T22:58:43Z,2026-07-01,World Cup,Mexico vs Ecuador,edson alvarez,sot,4.2
2026-06-29,2026-06-29T22:58:43Z,2026-07-01,World Cup,Mexico vs Ecuador,ernesto alexis vega,sot,1.8
2026-06-29,2026-06-29T22:58:43Z,2026-07-01,World Cup,Mexico vs Ecuador,felix torres,sot,6.5
2026-06-29,2026-06-29T22:58:43Z,2026-07-01,World Cup,Mexico vs Ecuador,john yeboah,sot,2.1
2026-06-29,2026-06-29T22:58:43Z,2026-07-01,World Cup,Mexico vs Ecuador,santiago gimenez,sot,1.55
2026-06-29,2026-06-29T22:58:43Z,2026-07-01,World Cup,Mexico vs Ecuador,cesar saul huerta valera,sot,1.91
2026-06-29,2026-06-29T22:58:43Z,2026-07-01,World Cup,Mexico vs Ecuador,angelo preciado,sot,3.9
2026-06-29,2026-06-29T22:58:43Z,2026-07-01,World Cup,Mexico vs Ecuador,gonzalo plata,sot,1.85
2026-06-29,2026-06-29T22:58:43Z,2026-07-01,World Cup,Mexico vs Ecuador,alvaro fidalgo,sot,2.95
2026-06-29,2026-06-29T22:58:43Z,2026-07-01,World Cup,Mexico vs Ecuador,israel reyes,sot,5.8
2026-06-29,2026-06-29T22:58:43Z,2026-07-01,World Cup,Mexico vs Ecuador,jordy alcivar,sot,4.1
2026-06-29,2026-06-29T22:58:43Z,2026-07-01,World Cup,Mexico vs Ecuador,moises caicedo,sot,4.8
2026-06-29,2026-06-29T22:58:43Z,2026-07-01,World Cup,Mexico vs Ecuador,brian gutierrez,sot,2.05
2026-06-29,2026-06-29T22:58:43Z,2026-07-01,World Cup,Mexico vs Ecuador,erik lira,sot,5.8
2026-06-29,2026-06-29T22:58:43Z,2026-07-01,World Cup,Mexico vs Ecuador,jorge eduardo sanchez ramos,sot,5.75
2026-06-29,2026-06-29T22:58:43Z,2026-07-01,World Cup,Mexico vs Ecuador,william joel pacho tenorio,sot,8.0
2026-06-29,2026-06-29T22:58:43Z,2026-07-01,World Cup,Mexico vs Ecuador,julian quinones,sot,1.57
2026-06-29,2026-06-29T22:58:43Z,2026-07-01,World Cup,Mexico vs Ecuador,jordy josue caicedo medina,sot,1.67
2026-06-29,2026-06-29T22:58:43Z,2026-07-01,World Cup,Mexico vs Ecuador,guillermo martinez,sot,1.67
2026-06-29,2026-06-29T22:58:43Z,2026-07-01,World Cup,Mexico vs Ecuador,piero hincapie,sot,7.5
2026-06-29,2026-06-29T22:58:43Z,2026-07-01,World Cup,Mexico vs Ecuador,obed vargas,sot,3.7
2026-06-29,2026-06-29T22:58:43Z,2026-07-01,World Cup,Mexico vs Ecuador,luis francisco romo barron,sot,3.1
2026-06-29,2026-06-29T22:58:43Z,2026-07-01,World Cup,Mexico vs Ecuador,jackson gabriel porozo vernaza,sot,7.0
2026-06-29,2026-06-29T22:58:43Z,2026-07-01,World Cup,Mexico vs Ecuador,pedro vite,sot,3.85
2026-06-29,2026-06-29T22:58:43Z,2026-07-01,World Cup,Mexico vs Ecuador,nilson david angulo ramirez,sot,2.55
2026-06-29,2026-06-29T22:58:43Z,2026-07-01,World Cup,Mexico vs Ecuador,alan steven franco palma,sot,6.0
2026-06-29,2026-06-29T22:58:43Z,2026-07-01,World Cup,Mexico vs Ecuador,johan vasquez,sot,5.5
2026-06-29,2026-06-29T22:58:43Z,2026-07-01,World Cup,Mexico vs Ecuador,anthony valencia,sot,2.7
2026-06-29,2026-06-29T22:58:43Z,2026-07-01,World Cup,Mexico vs Ecuador,joel ordonez,sot,7.5
2026-06-29,2026-06-29T22:58:43Z,2026-07-01,World Cup,Mexico vs Ecuador,alan steve minda garcia,sot,2.5
2026-06-29,2026-06-29T22:58:43Z,2026-07-01,World Cup,Mexico vs Ecuador,yaimar medina,sot,3.9
2026-06-29,2026-06-29T22:58:43Z,2026-07-01,World Cup,Mexico vs Ecuador,kevin jose rodriguez cortez,sot,1.8
2026-06-29,2026-06-29T22:58:43Z,2026-07-01,World Cup,Mexico vs Ecuador,kendry paez,sot,2.45
2026-06-29,2026-06-29T22:58:43Z,2026-07-01,World Cup,Mexico vs Ecuador,jeremy arevalo,sot,2.0
2026-06-29,2026-06-29T22:58:43Z,2026-07-01,World Cup,Mexico vs Ecuador,mateo chavez garcia,sot,5.0
2026-06-29,2026-06-29T22:58:43Z,2026-07-01,World Cup,Mexico vs Ecuador,gilberto rafael mora zambrano,sot,2.35
2026-06-29,2026-06-29T22:58:43Z,2026-07-01,World Cup,Mexico vs Ecuador,armando gonzalez alba,sot,1.6
2026-06-29,2026-06-29T22:58:43Z,2026-07-01,World Cup,Mexico vs Ecuador,denil castillo,sot,3.4
2026-06-29,2026-06-29T22:58:43Z,2026-07-01,World Cup,Mexico vs Ecuador,raul jimenez,sot2,3.3
2026-06-29,2026-06-29T22:58:43Z,2026-07-01,World Cup,Mexico vs Ecuador,enner valencia,sot2,4.1
2026-06-29,2026-06-29T22:58:43Z,2026-07-01,World Cup,Mexico vs Ecuador,orbelin pineda,sot2,12.0
2026-06-29,2026-06-29T22:58:43Z,2026-07-01,World Cup,Mexico vs Ecuador,cesar montes,sot2,29.0
2026-06-29,2026-06-29T22:58:43Z,2026-07-01,World Cup,Mexico vs Ecuador,luis chavez,sot2,10.0
2026-06-29,2026-06-29T22:58:43Z,2026-07-01,World Cup,Mexico vs Ecuador,roberto alvarado,sot2,7.5
2026-06-29,2026-06-29T22:58:43Z,2026-07-01,World Cup,Mexico vs Ecuador,pervis estupinan,sot2,11.0
2026-06-29,2026-06-29T22:58:43Z,2026-07-01,World Cup,Mexico vs Ecuador,edson alvarez,sot2,29.0
2026-06-29,2026-06-29T22:58:43Z,2026-07-01,World Cup,Mexico vs Ecuador,ernesto alexis vega,sot2,3.5
2026-06-29,2026-06-29T22:58:43Z,2026-07-01,World Cup,Mexico vs Ecuador,john yeboah,sot2,7.0
2026-06-29,2026-06-29T22:58:43Z,2026-07-01,World Cup,Mexico vs Ecuador,santiago gimenez,sot2,3.25
2026-06-29,2026-06-29T22:58:43Z,2026-07-01,World Cup,Mexico vs Ecuador,cesar saul huerta valera,sot2,4.7
2026-06-29,2026-06-29T22:58:43Z,2026-07-01,World Cup,Mexico vs Ecuador,angelo preciado,sot2,23.0
2026-06-29,2026-06-29T22:58:43Z,2026-07-01,World Cup,Mexico vs Ecuador,gonzalo plata,sot2,6.5
2026-06-29,2026-06-29T22:58:43Z,2026-07-01,World Cup,Mexico vs Ecuador,alvaro fidalgo,sot2,14.0
2026-06-29,2026-06-29T22:58:43Z,2026-07-01,World Cup,Mexico vs Ecuador,jordy alcivar,sot2,26.0
2026-06-29,2026-06-29T22:58:43Z,2026-07-01,World Cup,Mexico vs Ecuador,brian gutierrez,sot2,6.5
2026-06-29,2026-06-29T22:58:43Z,2026-07-01,World Cup,Mexico vs Ecuador,julian quinones,sot2,3.7
2026-06-29,2026-06-29T22:58:43Z,2026-07-01,World Cup,Mexico vs Ecuador,jordy josue caicedo medina,sot2,4.2
2026-06-29,2026-06-29T22:58:43Z,2026-07-01,World Cup,Mexico vs Ecuador,guillermo martinez,sot2,3.15
2026-06-29,2026-06-29T22:58:43Z,2026-07-01,World Cup,Mexico vs Ecuador,obed vargas,sot2,21.0
2026-06-29,2026-06-29T22:58:43Z,2026-07-01,World Cup,Mexico vs Ecuador,luis francisco romo barron,sot2,14.0
2026-06-29,2026-06-29T22:58:43Z,2026-07-01,World Cup,Mexico vs Ecuador,pedro vite,sot2,23.0
2026-06-29,2026-06-29T22:58:43Z,2026-07-01,World Cup,Mexico vs Ecuador,nilson david angulo ramirez,sot2,10.5
2026-06-29,2026-06-29T22:58:43Z,2026-07-01,World Cup,Mexico vs Ecuador,anthony valencia,sot2,8.0
2026-06-29,2026-06-29T22:58:43Z,2026-07-01,World Cup,Mexico vs Ecuador,alan steve minda garcia,sot2,10.5
2026-06-29,2026-06-29T22:58:43Z,2026-07-01,World Cup,Mexico vs Ecuador,yaimar medina,sot2,10.5
2026-06-29,2026-06-29T22:58:43Z,2026-07-01,World Cup,Mexico vs Ecuador,kevin jose rodriguez cortez,sot2,5.25
2026-06-29,2026-06-29T22:58:43Z,2026-07-01,World Cup,Mexico vs Ecuador,kendry paez,sot2,7.0
2026-06-29,2026-06-29T22:58:43Z,2026-07-01,World Cup,Mexico vs Ecuador,jeremy arevalo,sot2,3.9
2026-06-29,2026-06-29T22:58:43Z,2026-07-01,World Cup,Mexico vs Ecuador,gilberto rafael mora zambrano,sot2,9.0
2026-06-29,2026-06-29T22:58:43Z,2026-07-01,World Cup,Mexico vs Ecuador,armando gonzalez alba,sot2,3.05
2026-06-29,2026-06-29T22:58:43Z,2026-07-01,World Cup,Mexico vs Ecuador,denil castillo,sot2,14.0
2026-06-29,2026-06-29T22:58:43Z,2026-07-01,World Cup,Mexico vs Ecuador,raul jimenez,sot3,9.5
2026-06-29,2026-06-29T22:58:43Z,2026-07-01,World Cup,Mexico vs Ecuador,enner valencia,sot3,13.0
2026-06-29,2026-06-29T22:58:43Z,2026-07-01,World Cup,Mexico vs Ecuador,ernesto alexis vega,sot3,10.5
2026-06-29,2026-06-29T22:58:43Z,2026-07-01,World Cup,Mexico vs Ecuador,john yeboah,sot3,31.0
2026-06-29,2026-06-29T22:58:43Z,2026-07-01,World Cup,Mexico vs Ecuador,santiago gimenez,sot3,9.0
2026-06-29,2026-06-29T22:58:43Z,2026-07-01,World Cup,Mexico vs Ecuador,cesar saul huerta valera,sot3,16.0
2026-06-29,2026-06-29T22:58:43Z,2026-07-01,World Cup,Mexico vs Ecuador,gonzalo plata,sot3,26.0
2026-06-29,2026-06-29T22:58:43Z,2026-07-01,World Cup,Mexico vs Ecuador,brian gutierrez,sot3,29.0
2026-06-29,2026-06-29T22:58:43Z,2026-07-01,World Cup,Mexico vs Ecuador,julian quinones,sot3,11.0
2026-06-29,2026-06-29T22:58:43Z,2026-07-01,World Cup,Mexico vs Ecuador,jordy josue caicedo medina,sot3,14.0
2026-06-29,2026-06-29T22:58:43Z,2026-07-01,World Cup,Mexico vs Ecuador,guillermo martinez,sot3,9.0
2026-06-29,2026-06-29T22:58:43Z,2026-07-01,World Cup,Mexico vs Ecuador,kevin jose rodriguez cortez,sot3,19.0
2026-06-29,2026-06-29T22:58:43Z,2026-07-01,World Cup,Mexico vs Ecuador,kendry paez,sot3,31.0
2026-06-29,2026-06-29T22:58:43Z,2026-07-01,World Cup,Mexico vs Ecuador,jeremy arevalo,sot3,12.0
2026-06-29,2026-06-29T22:58:43Z,2026-07-01,World Cup,Mexico vs Ecuador,armando gonzalez alba,sot3,8.5
2026-06-29,2026-06-29T22:58:43Z,2026-07-01,World Cup,Mexico vs Ecuador,mateo chavez garcia,cards,2.9
2026-06-29,2026-06-29T22:58:43Z,2026-07-01,World Cup,Mexico vs Ecuador,moises caicedo,cards,2.8
2026-06-29,2026-06-29T22:58:43Z,2026-07-01,World Cup,Mexico vs Ecuador,cesar saul huerta valera,cards,3.2
2026-06-29,2026-06-29T22:58:43Z,2026-07-01,World Cup,Mexico vs Ecuador,jackson gabriel porozo vernaza,cards,2.8
2026-06-29,2026-06-29T22:58:43Z,2026-07-01,World Cup,Mexico vs Ecuador,edson alvarez,cards,3.7
2026-06-29,2026-06-29T22:58:43Z,2026-07-01,World Cup,Mexico vs Ecuador,angelo preciado,cards,3.4
2026-06-29,2026-06-29T22:58:43Z,2026-07-01,World Cup,Mexico vs Ecuador,guillermo martinez,cards,3.9
2026-06-29,2026-06-29T22:58:43Z,2026-07-01,World Cup,Mexico vs Ecuador,nilson david angulo ramirez,cards,4.3
2026-06-29,2026-06-29T22:58:43Z,2026-07-01,World Cup,Mexico vs Ecuador,johan vasquez,cards,4.7
2026-06-29,2026-06-29T22:58:43Z,2026-07-01,World Cup,Mexico vs Ecuador,jordy alcivar,cards,3.4
2026-06-29,2026-06-29T22:58:43Z,2026-07-01,World Cup,Mexico vs Ecuador,santiago gimenez,cards,4.2
2026-06-29,2026-06-29T22:58:43Z,2026-07-01,World Cup,Mexico vs Ecuador,yaimar medina,cards,3.4
2026-06-29,2026-06-29T22:58:43Z,2026-07-01,World Cup,Mexico vs Ecuador,jesus gallardo,cards,4.5
2026-06-29,2026-06-29T22:58:43Z,2026-07-01,World Cup,Mexico vs Ecuador,piero hincapie,cards,3.5
2026-06-29,2026-06-29T22:58:43Z,2026-07-01,World Cup,Mexico vs Ecuador,cesar montes,cards,7.0
2026-06-29,2026-06-29T22:58:43Z,2026-07-01,World Cup,Mexico vs Ecuador,jordy josue caicedo medina,cards,3.4
2026-06-29,2026-06-29T22:58:43Z,2026-07-01,World Cup,Mexico vs Ecuador,ernesto alexis vega,cards,4.8
2026-06-29,2026-06-29T22:58:43Z,2026-07-01,World Cup,Mexico vs Ecuador,denil castillo,cards,3.4
2026-06-29,2026-06-29T22:58:43Z,2026-07-01,World Cup,Mexico vs Ecuador,jorge eduardo sanchez ramos,cards,6.25
2026-06-29,2026-06-29T22:58:43Z,2026-07-01,World Cup,Mexico vs Ecuador,alan steven franco palma,cards,3.75
2026-06-29,2026-06-29T22:58:43Z,2026-07-01,World Cup,Mexico vs Ecuador,armando gonzalez alba,cards,4.8
2026-06-29,2026-06-29T22:58:43Z,2026-07-01,World Cup,Mexico vs Ecuador,pervis estupinan,cards,3.9
2026-06-29,2026-06-29T22:58:43Z,2026-07-01,World Cup,Mexico vs Ecuador,israel reyes,cards,5.2
2026-06-29,2026-06-29T22:58:43Z,2026-07-01,World Cup,Mexico vs Ecuador,felix torres,cards,4.2
2026-06-29,2026-06-29T22:58:43Z,2026-07-01,World Cup,Mexico vs Ecuador,julian quinones,cards,5.0
2026-06-29,2026-06-29T22:58:43Z,2026-07-01,World Cup,Mexico vs Ecuador,kevin jose rodriguez cortez,cards,4.5
2026-06-29,2026-06-29T22:58:43Z,2026-07-01,World Cup,Mexico vs Ecuador,luis francisco romo barron,cards,5.0
2026-06-29,2026-06-29T22:58:43Z,2026-07-01,World Cup,Mexico vs Ecuador,kendry paez,cards,4.4
2026-06-29,2026-06-29T22:58:43Z,2026-07-01,World Cup,Mexico vs Ecuador,luis chavez,cards,5.0
2026-06-29,2026-06-29T22:58:43Z,2026-07-01,World Cup,Mexico vs Ecuador,john yeboah,cards,4.8
2026-06-29,2026-06-29T22:58:43Z,2026-07-01,World Cup,Mexico vs Ecuador,erik lira,cards,4.8
2026-06-29,2026-06-29T22:58:43Z,2026-07-01,World Cup,Mexico vs Ecuador,gonzalo plata,cards,4.8
2026-06-29,2026-06-29T22:58:43Z,2026-07-01,World Cup,Mexico vs Ecuador,brian gutierrez,cards,5.8
2026-06-29,2026-06-29T22:58:43Z,2026-07-01,World Cup,Mexico vs Ecuador,moises ramirez,cards,4.8
2026-06-29,2026-06-29T22:58:43Z,2026-07-01,World Cup,Mexico vs Ecuador,gilberto rafael mora zambrano,cards,6.5
2026-06-29,2026-06-29T22:58:43Z,2026-07-01,World Cup,Mexico vs Ecuador,enner valencia,cards,4.8
2026-06-29,2026-06-29T22:58:43Z,2026-07-01,World Cup,Mexico vs Ecuador,obed vargas,cards,5.8
2026-06-29,2026-06-29T22:58:43Z,2026-07-01,World Cup,Mexico vs Ecuador,anthony valencia,cards,4.8
2026-06-29,2026-06-29T22:58:43Z,2026-07-01,World Cup,Mexico vs Ecuador,raul jimenez,cards,5.8
2026-06-29,2026-06-29T22:58:43Z,2026-07-01,World Cup,Mexico vs Ecuador,joel ordonez,cards,5.0
2026-06-29,2026-06-29T22:58:43Z,2026-07-01,World Cup,Mexico vs Ecuador,roberto alvarado,cards,5.5
2026-06-29,2026-06-29T22:58:43Z,2026-07-01,World Cup,Mexico vs Ecuador,jeremy arevalo,cards,5.8
2026-06-29,2026-06-29T22:58:43Z,2026-07-01,World Cup,Mexico vs Ecuador,orbelin pineda,cards,5.8
2026-06-29,2026-06-29T22:58:43Z,2026-07-01,World Cup,Mexico vs Ecuador,pedro vite,cards,5.5
2026-06-29,2026-06-29T22:58:43Z,2026-07-01,World Cup,Mexico vs Ecuador,jose raul rangel aguilar,cards,7.0
2026-06-29,2026-06-29T22:58:43Z,2026-07-01,World Cup,Mexico vs Ecuador,william joel pacho tenorio,cards,6.0
2026-06-29,2026-06-29T22:58:43Z,2026-07-01,World Cup,Mexico vs Ecuador,alvaro fidalgo,cards,7.0
2026-06-29,2026-06-29T22:58:43Z,2026-07-01,World Cup,Mexico vs Ecuador,alan steve minda garcia,cards,6.5
2026-06-29,2026-06-29T22:58:43Z,2026-07-01,World Cup,Mexico vs Ecuador,guillermo ochoa,cards,9.0
2026-06-29,2026-06-29T22:58:43Z,2026-07-01,World Cup,Mexico vs Ecuador,gonzalo roberto valle bustamante,cards,7.5
2026-06-29,2026-06-29T22:58:43Z,2026-07-01,World Cup,Mexico vs Ecuador,carlos acevedo,cards,9.0
2026-06-29,2026-06-29T22:58:43Z,2026-07-01,World Cup,Mexico vs Ecuador,hernan galindez,cards,7.5
2026-06-29,2026-06-29T22:58:43Z,2026-07-01,World Cup,Belgium vs Senegal,romelu lukaku,goals,2.75
2026-06-29,2026-06-29T22:58:43Z,2026-07-01,World Cup,Belgium vs Senegal,ismaila sarr,goals,4.8
2026-06-29,2026-06-29T22:58:43Z,2026-07-01,World Cup,Belgium vs Senegal,charles de ketelaere,goals,4.0
2026-06-29,2026-06-29T22:58:43Z,2026-07-01,World Cup,Belgium vs Senegal,nicolas jackson,goals,4.0
2026-06-29,2026-06-29T22:58:43Z,2026-07-01,World Cup,Belgium vs Senegal,leandro trossard,goals,4.33
2026-06-29,2026-06-29T22:58:43Z,2026-07-01,World Cup,Belgium vs Senegal,kevin de bruyne,goals,4.33
2026-06-29,2026-06-29T22:58:43Z,2026-07-01,World Cup,Belgium vs Senegal,sadio mane,goals,4.2
2026-06-29,2026-06-29T22:58:43Z,2026-07-01,World Cup,Belgium vs Senegal,jeremy doku,goals,5.2
2026-06-29,2026-06-29T22:58:43Z,2026-07-01,World Cup,Belgium vs Senegal,iliman-cheikh ndiaye,goals,5.0
2026-06-29,2026-06-29T22:58:43Z,2026-07-01,World Cup,Belgium vs Senegal,hans vanaken,goals,5.5
2026-06-29,2026-06-29T22:58:43Z,2026-07-01,World Cup,Belgium vs Senegal,pape alassane gueye,goals,11.0
2026-06-29,2026-06-29T22:58:43Z,2026-07-01,World Cup,Belgium vs Senegal,alexis saelemaekers,goals,8.5
2026-06-29,2026-06-29T22:58:43Z,2026-07-01,World Cup,Belgium vs Senegal,youri tielemans,goals,8.0
2026-06-29,2026-06-29T22:58:43Z,2026-07-01,World Cup,Belgium vs Senegal,habib diarra,goals,8.0
2026-06-29,2026-06-29T22:58:43Z,2026-07-01,World Cup,Belgium vs Senegal,maxim de cuyper,goals,8.0
2026-06-29,2026-06-29T22:58:43Z,2026-07-01,World Cup,Belgium vs Senegal,lamine camara,goals,11.5
2026-06-29,2026-06-29T22:58:43Z,2026-07-01,World Cup,Belgium vs Senegal,amadou onana,goals,12.5
2026-06-29,2026-06-29T22:58:43Z,2026-07-01,World Cup,Belgium vs Senegal,nathan ngoy,goals,18.0
2026-06-29,2026-06-29T22:58:43Z,2026-07-01,World Cup,Belgium vs Senegal,brandon mechele,goals,13.5
2026-06-29,2026-06-29T22:58:43Z,2026-07-01,World Cup,Belgium vs Senegal,timothy castagne,goals,18.0
2026-06-29,2026-06-29T22:58:43Z,2026-07-01,World Cup,Belgium vs Senegal,arthur theate,goals,20.0
2026-06-29,2026-06-29T22:58:43Z,2026-07-01,World Cup,Belgium vs Senegal,moussa niakhate,goals,23.0
2026-06-29,2026-06-29T22:58:43Z,2026-07-01,World Cup,Belgium vs Senegal,krepin diatta,goals,14.0
2026-06-29,2026-06-29T22:58:43Z,2026-07-01,World Cup,Belgium vs Senegal,kalidou koulibaly,goals,15.0
2026-06-29,2026-06-29T22:58:43Z,2026-07-01,World Cup,Belgium vs Senegal,idrissa gana gueye,goals,17.0
2026-06-29,2026-06-29T22:58:43Z,2026-07-01,World Cup,Belgium vs Senegal,ismail jacobs,goals,15.0
2026-06-29,2026-06-29T22:58:43Z,2026-07-01,World Cup,Belgium vs Senegal,abdoulaye seck,goals,15.0
2026-06-29,2026-06-29T22:58:43Z,2026-07-01,World Cup,Belgium vs Senegal,cheikh ahmadou bamba mbacke dieng,goals,3.75
2026-06-29,2026-06-29T22:58:43Z,2026-07-01,World Cup,Belgium vs Senegal,assane diao,goals,3.75
2026-06-29,2026-06-29T22:58:43Z,2026-07-01,World Cup,Belgium vs Senegal,matias fernandez pardo,goals,3.75
2026-06-29,2026-06-29T22:58:43Z,2026-07-01,World Cup,Belgium vs Senegal,cherif ndiaye,goals,4.4
2026-06-29,2026-06-29T22:58:43Z,2026-07-01,World Cup,Belgium vs Senegal,dodi lukebakio,goals,5.0
2026-06-29,2026-06-29T22:58:43Z,2026-07-01,World Cup,Belgium vs Senegal,diego moreira,goals,5.0
2026-06-29,2026-06-29T22:58:43Z,2026-07-01,World Cup,Belgium vs Senegal,ibrahim mbaye,goals,5.9
2026-06-29,2026-06-29T22:58:43Z,2026-07-01,World Cup,Belgium vs Senegal,bara ndiaye,goals,7.0
2026-06-29,2026-06-29T22:58:43Z,2026-07-01,World Cup,Belgium vs Senegal,thomas meunier,goals,7.6
2026-06-29,2026-06-29T22:58:43Z,2026-07-01,World Cup,Belgium vs Senegal,nicolas raskin,goals,9.0
2026-06-29,2026-06-29T22:58:43Z,2026-07-01,World Cup,Belgium vs Senegal,pape sarr,goals,8.0
2026-06-29,2026-06-29T22:58:43Z,2026-07-01,World Cup,Belgium vs Senegal,pathe ciss,goals,9.0
2026-06-29,2026-06-29T22:58:43Z,2026-07-01,World Cup,Belgium vs Senegal,axel witsel,goals,9.5
2026-06-29,2026-06-29T22:58:43Z,2026-07-01,World Cup,Belgium vs Senegal,el hadji diouf,goals,9.5
2026-06-29,2026-06-29T22:58:43Z,2026-07-01,World Cup,Belgium vs Senegal,joaquin seys,goals,10.0
2026-06-29,2026-06-29T22:58:43Z,2026-07-01,World Cup,Belgium vs Senegal,antoine mendy,goals,13.0
2026-06-29,2026-06-29T22:58:43Z,2026-07-01,World Cup,Belgium vs Senegal,koni de winter,goals,15.0
2026-06-29,2026-06-29T22:58:43Z,2026-07-01,World Cup,Belgium vs Senegal,mamodou sarr,goals,15.0
2026-06-29,2026-06-29T22:58:43Z,2026-07-01,World Cup,Belgium vs Senegal,zeno debast,goals,17.0
2026-06-29,2026-06-29T22:58:43Z,2026-07-01,World Cup,Belgium vs Senegal,sadio mane,sot,1.74
2026-06-29,2026-06-29T22:58:43Z,2026-07-01,World Cup,Belgium vs Senegal,romelu lukaku,sot,1.4
2026-06-29,2026-06-29T22:58:43Z,2026-07-01,World Cup,Belgium vs Senegal,kevin de bruyne,sot,1.66
2026-06-29,2026-06-29T22:58:43Z,2026-07-01,World Cup,Belgium vs Senegal,axel witsel,sot,4.5
2026-06-29,2026-06-29T22:58:43Z,2026-07-01,World Cup,Belgium vs Senegal,kalidou koulibaly,sot,6.5
2026-06-29,2026-06-29T22:58:43Z,2026-07-01,World Cup,Belgium vs Senegal,hans vanaken,sot,2.55
2026-06-29,2026-06-29T22:58:43Z,2026-07-01,World Cup,Belgium vs Senegal,youri tielemans,sot,2.65
2026-06-29,2026-06-29T22:58:43Z,2026-07-01,World Cup,Belgium vs Senegal,thomas meunier,sot,4.5
2026-06-29,2026-06-29T22:58:43Z,2026-07-01,World Cup,Belgium vs Senegal,brandon mechele,sot,5.0
2026-06-29,2026-06-29T22:58:43Z,2026-07-01,World Cup,Belgium vs Senegal,antoine mendy,sot,6.0
2026-06-29,2026-06-29T22:58:43Z,2026-07-01,World Cup,Belgium vs Senegal,dodi lukebakio,sot,1.7
2026-06-29,2026-06-29T22:58:43Z,2026-07-01,World Cup,Belgium vs Senegal,timothy castagne,sot,5.0
2026-06-29,2026-06-29T22:58:43Z,2026-07-01,World Cup,Belgium vs Senegal,leandro trossard,sot,1.71
2026-06-29,2026-06-29T22:58:43Z,2026-07-01,World Cup,Belgium vs Senegal,ismaila sarr,sot,1.9
2026-06-29,2026-06-29T22:58:43Z,2026-07-01,World Cup,Belgium vs Senegal,pape sarr,sot,2.6
2026-06-29,2026-06-29T22:58:43Z,2026-07-01,World Cup,Belgium vs Senegal,moussa niakhate,sot,7.0
2026-06-29,2026-06-29T22:58:43Z,2026-07-01,World Cup,Belgium vs Senegal,cherif ndiaye,sot,1.7
2026-06-29,2026-06-29T22:58:43Z,2026-07-01,World Cup,Belgium vs Senegal,abdoulaye seck,sot,5.5
2026-06-29,2026-06-29T22:58:43Z,2026-07-01,World Cup,Belgium vs Senegal,krepin diatta,sot,4.1
2026-06-29,2026-06-29T22:58:43Z,2026-07-01,World Cup,Belgium vs Senegal,nicolas raskin,sot,3.75
2026-06-29,2026-06-29T22:58:43Z,2026-07-01,World Cup,Belgium vs Senegal,ismail jacobs,sot,5.5
2026-06-29,2026-06-29T22:58:43Z,2026-07-01,World Cup,Belgium vs Senegal,pape alassane gueye,sot,2.5
2026-06-29,2026-06-29T22:58:43Z,2026-07-01,World Cup,Belgium vs Senegal,alexis saelemaekers,sot,2.0
2026-06-29,2026-06-29T22:58:43Z,2026-07-01,World Cup,Belgium vs Senegal,iliman-cheikh ndiaye,sot,2.05
2026-06-29,2026-06-29T22:58:43Z,2026-07-01,World Cup,Belgium vs Senegal,jeremy doku,sot,1.91
2026-06-29,2026-06-29T22:58:43Z,2026-07-01,World Cup,Belgium vs Senegal,pathe ciss,sot,3.4
2026-06-29,2026-06-29T22:58:43Z,2026-07-01,World Cup,Belgium vs Senegal,charles de ketelaere,sot,1.44
2026-06-29,2026-06-29T22:58:43Z,2026-07-01,World Cup,Belgium vs Senegal,maxim de cuyper,sot,2.45
2026-06-29,2026-06-29T22:58:43Z,2026-07-01,World Cup,Belgium vs Senegal,arthur theate,sot,5.0
2026-06-29,2026-06-29T22:58:43Z,2026-07-01,World Cup,Belgium vs Senegal,amadou onana,sot,3.9
2026-06-29,2026-06-29T22:58:43Z,2026-07-01,World Cup,Belgium vs Senegal,nicolas jackson,sot,1.66
2026-06-29,2026-06-29T22:58:43Z,2026-07-01,World Cup,Belgium vs Senegal,koni de winter,sot,5.75
2026-06-29,2026-06-29T22:58:43Z,2026-07-01,World Cup,Belgium vs Senegal,cheikh ahmadou bamba mbacke dieng,sot,1.6
2026-06-29,2026-06-29T22:58:43Z,2026-07-01,World Cup,Belgium vs Senegal,nathan ngoy,sot,5.0
2026-06-29,2026-06-29T22:58:43Z,2026-07-01,World Cup,Belgium vs Senegal,zeno debast,sot,7.0
2026-06-29,2026-06-29T22:58:43Z,2026-07-01,World Cup,Belgium vs Senegal,habib diarra,sot,2.88
2026-06-29,2026-06-29T22:58:43Z,2026-07-01,World Cup,Belgium vs Senegal,diego moreira,sot,2.7
2026-06-29,2026-06-29T22:58:43Z,2026-07-01,World Cup,Belgium vs Senegal,mamodou sarr,sot,6.5
2026-06-29,2026-06-29T22:58:43Z,2026-07-01,World Cup,Belgium vs Senegal,matias fernandez pardo,sot,1.64
2026-06-29,2026-06-29T22:58:43Z,2026-07-01,World Cup,Belgium vs Senegal,el hadji diouf,sot,4.5
2026-06-29,2026-06-29T22:58:43Z,2026-07-01,World Cup,Belgium vs Senegal,joaquin seys,sot,3.9
2026-06-29,2026-06-29T22:58:43Z,2026-07-01,World Cup,Belgium vs Senegal,assane diao,sot,2.1
2026-06-29,2026-06-29T22:58:43Z,2026-07-01,World Cup,Belgium vs Senegal,ibrahim mbaye,sot,2.0
2026-06-29,2026-06-29T22:58:43Z,2026-07-01,World Cup,Belgium vs Senegal,idrissa gana gueye,sot,4.6
2026-06-29,2026-06-29T22:58:43Z,2026-07-01,World Cup,Belgium vs Senegal,bara ndiaye,sot,3.6
2026-06-29,2026-06-29T22:58:43Z,2026-07-01,World Cup,Belgium vs Senegal,lamine camara,sot,3.1
2026-06-29,2026-06-29T22:58:43Z,2026-07-01,World Cup,Belgium vs Senegal,sadio mane,sot2,4.8
2026-06-29,2026-06-29T22:58:43Z,2026-07-01,World Cup,Belgium vs Senegal,romelu lukaku,sot2,2.8
2026-06-29,2026-06-29T22:58:43Z,2026-07-01,World Cup,Belgium vs Senegal,kevin de bruyne,sot2,4.1
2026-06-29,2026-06-29T22:58:43Z,2026-07-01,World Cup,Belgium vs Senegal,axel witsel,sot2,31.0
2026-06-29,2026-06-29T22:58:43Z,2026-07-01,World Cup,Belgium vs Senegal,hans vanaken,sot2,10.5
2026-06-29,2026-06-29T22:58:43Z,2026-07-01,World Cup,Belgium vs Senegal,youri tielemans,sot2,12.0
2026-06-29,2026-06-29T22:58:43Z,2026-07-01,World Cup,Belgium vs Senegal,thomas meunier,sot2,31.0
2026-06-29,2026-06-29T22:58:43Z,2026-07-01,World Cup,Belgium vs Senegal,dodi lukebakio,sot2,3.75
2026-06-29,2026-06-29T22:58:43Z,2026-07-01,World Cup,Belgium vs Senegal,leandro trossard,sot2,4.6
2026-06-29,2026-06-29T22:58:43Z,2026-07-01,World Cup,Belgium vs Senegal,ismaila sarr,sot2,5.75
2026-06-29,2026-06-29T22:58:43Z,2026-07-01,World Cup,Belgium vs Senegal,pape sarr,sot2,8.0
2026-06-29,2026-06-29T22:58:43Z,2026-07-01,World Cup,Belgium vs Senegal,cherif ndiaye,sot2,4.6
2026-06-29,2026-06-29T22:58:43Z,2026-07-01,World Cup,Belgium vs Senegal,krepin diatta,sot2,26.0
2026-06-29,2026-06-29T22:58:43Z,2026-07-01,World Cup,Belgium vs Senegal,nicolas raskin,sot2,10.5
2026-06-29,2026-06-29T22:58:43Z,2026-07-01,World Cup,Belgium vs Senegal,pape alassane gueye,sot2,10.5
2026-06-29,2026-06-29T22:58:43Z,2026-07-01,World Cup,Belgium vs Senegal,alexis saelemaekers,sot2,5.25
2026-06-29,2026-06-29T22:58:43Z,2026-07-01,World Cup,Belgium vs Senegal,iliman-cheikh ndiaye,sot2,7.0
2026-06-29,2026-06-29T22:58:43Z,2026-07-01,World Cup,Belgium vs Senegal,jeremy doku,sot2,4.8
2026-06-29,2026-06-29T22:58:43Z,2026-07-01,World Cup,Belgium vs Senegal,pathe ciss,sot2,14.0
2026-06-29,2026-06-29T22:58:43Z,2026-07-01,World Cup,Belgium vs Senegal,charles de ketelaere,sot2,2.95
2026-06-29,2026-06-29T22:58:43Z,2026-07-01,World Cup,Belgium vs Senegal,maxim de cuyper,sot2,9.5
2026-06-29,2026-06-29T22:58:43Z,2026-07-01,World Cup,Belgium vs Senegal,arthur theate,sot2,19.0
2026-06-29,2026-06-29T22:58:43Z,2026-07-01,World Cup,Belgium vs Senegal,amadou onana,sot2,16.0
2026-06-29,2026-06-29T22:58:43Z,2026-07-01,World Cup,Belgium vs Senegal,nicolas jackson,sot2,4.3
2026-06-29,2026-06-29T22:58:43Z,2026-07-01,World Cup,Belgium vs Senegal,cheikh ahmadou bamba mbacke dieng,sot2,3.9
2026-06-29,2026-06-29T22:58:43Z,2026-07-01,World Cup,Belgium vs Senegal,habib diarra,sot2,11.0
2026-06-29,2026-06-29T22:58:43Z,2026-07-01,World Cup,Belgium vs Senegal,diego moreira,sot2,8.0
2026-06-29,2026-06-29T22:58:43Z,2026-07-01,World Cup,Belgium vs Senegal,matias fernandez pardo,sot2,4.2
2026-06-29,2026-06-29T22:58:43Z,2026-07-01,World Cup,Belgium vs Senegal,el hadji diouf,sot2,31.0
2026-06-29,2026-06-29T22:58:43Z,2026-07-01,World Cup,Belgium vs Senegal,joaquin seys,sot2,18.0
2026-06-29,2026-06-29T22:58:43Z,2026-07-01,World Cup,Belgium vs Senegal,assane diao,sot2,7.5
2026-06-29,2026-06-29T22:58:43Z,2026-07-01,World Cup,Belgium vs Senegal,ibrahim mbaye,sot2,6.0
2026-06-29,2026-06-29T22:58:43Z,2026-07-01,World Cup,Belgium vs Senegal,idrissa gana gueye,sot2,13.0
2026-06-29,2026-06-29T22:58:43Z,2026-07-01,World Cup,Belgium vs Senegal,bara ndiaye,sot2,21.0
2026-06-29,2026-06-29T22:58:43Z,2026-07-01,World Cup,Belgium vs Senegal,lamine camara,sot2,16.0
2026-06-29,2026-06-29T22:58:43Z,2026-07-01,World Cup,Belgium vs Senegal,sadio mane,sot3,17.0
2026-06-29,2026-06-29T22:58:43Z,2026-07-01,World Cup,Belgium vs Senegal,romelu lukaku,sot3,7.0
2026-06-29,2026-06-29T22:58:43Z,2026-07-01,World Cup,Belgium vs Senegal,kevin de bruyne,sot3,13.0
2026-06-29,2026-06-29T22:58:43Z,2026-07-01,World Cup,Belgium vs Senegal,dodi lukebakio,sot3,11.0
2026-06-29,2026-06-29T22:58:43Z,2026-07-01,World Cup,Belgium vs Senegal,leandro trossard,sot3,16.0
2026-06-29,2026-06-29T22:58:43Z,2026-07-01,World Cup,Belgium vs Senegal,ismaila sarr,sot3,23.0
2026-06-29,2026-06-29T22:58:43Z,2026-07-01,World Cup,Belgium vs Senegal,cherif ndiaye,sot3,16.0
2026-06-29,2026-06-29T22:58:43Z,2026-07-01,World Cup,Belgium vs Senegal,alexis saelemaekers,sot3,19.0
2026-06-29,2026-06-29T22:58:43Z,2026-07-01,World Cup,Belgium vs Senegal,iliman-cheikh ndiaye,sot3,26.0
2026-06-29,2026-06-29T22:58:43Z,2026-07-01,World Cup,Belgium vs Senegal,jeremy doku,sot3,17.0
2026-06-29,2026-06-29T22:58:43Z,2026-07-01,World Cup,Belgium vs Senegal,charles de ketelaere,sot3,8.0
2026-06-29,2026-06-29T22:58:43Z,2026-07-01,World Cup,Belgium vs Senegal,nicolas jackson,sot3,15.0
2026-06-29,2026-06-29T22:58:43Z,2026-07-01,World Cup,Belgium vs Senegal,cheikh ahmadou bamba mbacke dieng,sot3,13.0
2026-06-29,2026-06-29T22:58:43Z,2026-07-01,World Cup,Belgium vs Senegal,matias fernandez pardo,sot3,14.0
2026-06-29,2026-06-29T22:58:43Z,2026-07-01,World Cup,Belgium vs Senegal,assane diao,sot3,31.0
2026-06-29,2026-06-29T22:58:43Z,2026-07-01,World Cup,Belgium vs Senegal,ibrahim mbaye,sot3,23.0
2026-06-29,2026-06-29T22:58:43Z,2026-07-02,World Cup,USA vs Bosnia & Herzegovina,haji wright,goals,2.2
2026-06-29,2026-06-29T22:58:43Z,2026-07-02,World Cup,USA vs Bosnia & Herzegovina,ricardo pepi,goals,2.5
2026-06-29,2026-06-29T22:58:43Z,2026-07-02,World Cup,USA vs Bosnia & Herzegovina,folarin balogun,goals,2.42
2026-06-29,2026-06-29T22:58:43Z,2026-07-02,World Cup,USA vs Bosnia & Herzegovina,christian pulisic,goals,2.6
2026-06-29,2026-06-29T22:58:43Z,2026-07-02,World Cup,USA vs Bosnia & Herzegovina,giovanni reyna,goals,4.0
2026-06-29,2026-06-29T22:58:43Z,2026-07-02,World Cup,USA vs Bosnia & Herzegovina,alejandro zendejas,goals,2.88
2026-06-29,2026-06-29T22:58:43Z,2026-07-02,World Cup,USA vs Bosnia & Herzegovina,brendan aaronson,goals,3.0
2026-06-29,2026-06-29T22:58:43Z,2026-07-02,World Cup,USA vs Bosnia & Herzegovina,timothy weah,goals,4.1
2026-06-29,2026-06-29T22:58:43Z,2026-07-02,World Cup,USA vs Bosnia & Herzegovina,malik tillman,goals,4.43
2026-06-29,2026-06-29T22:58:43Z,2026-07-02,World Cup,USA vs Bosnia & Herzegovina,haris tabakovic,goals,4.5
2026-06-29,2026-06-29T22:58:43Z,2026-07-02,World Cup,USA vs Bosnia & Herzegovina,edin dzeko,goals,4.9
2026-06-29,2026-06-29T22:58:43Z,2026-07-02,World Cup,USA vs Bosnia & Herzegovina,sebastian berhalter,goals,5.0
2026-06-29,2026-06-29T22:58:43Z,2026-07-02,World Cup,USA vs Bosnia & Herzegovina,jovo lukic,goals,6.25
2026-06-29,2026-06-29T22:58:43Z,2026-07-02,World Cup,USA vs Bosnia & Herzegovina,weston mckennie,goals,5.1
2026-06-29,2026-06-29T22:58:43Z,2026-07-02,World Cup,USA vs Bosnia & Herzegovina,ermedin demirovic,goals,5.8
2026-06-29,2026-06-29T22:58:43Z,2026-07-02,World Cup,USA vs Bosnia & Herzegovina,ermin mahmic,goals,8.0
2026-06-29,2026-06-29T22:58:43Z,2026-07-02,World Cup,USA vs Bosnia & Herzegovina,maximilian arfsten,goals,6.0
2026-06-29,2026-06-29T22:58:43Z,2026-07-02,World Cup,USA vs Bosnia & Herzegovina,samed bazdar,goals,6.0
2026-06-29,2026-06-29T22:58:43Z,2026-07-02,World Cup,USA vs Bosnia & Herzegovina,cristian roldan,goals,7.0
2026-06-29,2026-06-29T22:58:43Z,2026-07-02,World Cup,USA vs Bosnia & Herzegovina,kerim alajbegovic,goals,7.5
2026-06-29,2026-06-29T22:58:43Z,2026-07-02,World Cup,USA vs Bosnia & Herzegovina,auston trusty,goals,8.5
2026-06-29,2026-06-29T22:58:43Z,2026-07-02,World Cup,USA vs Bosnia & Herzegovina,esmir bajraktarevic,goals,9.2
2026-06-29,2026-06-29T22:58:43Z,2026-07-02,World Cup,USA vs Bosnia & Herzegovina,timothy ream,goals,15.0
2026-06-29,2026-06-29T22:58:43Z,2026-07-02,World Cup,USA vs Bosnia & Herzegovina,alex freeman,goals,9.4
2026-06-29,2026-06-29T22:58:43Z,2026-07-02,World Cup,USA vs Bosnia & Herzegovina,sergino dest,goals,9.4
2026-06-29,2026-06-29T22:58:43Z,2026-07-02,World Cup,USA vs Bosnia & Herzegovina,antonee robinson,goals,9.4
2026-06-29,2026-06-29T22:58:43Z,2026-07-02,World Cup,USA vs Bosnia & Herzegovina,tyler adams,goals,9.4
2026-06-29,2026-06-29T22:58:43Z,2026-07-02,World Cup,USA vs Bosnia & Herzegovina,chris richards,goals,9.5
2026-06-29,2026-06-29T22:58:43Z,2026-07-02,World Cup,USA vs Bosnia & Herzegovina,armin gigovic,goals,9.5
2026-06-29,2026-06-29T22:58:43Z,2026-07-02,World Cup,USA vs Bosnia & Herzegovina,joseph scally,goals,10.0
2026-06-29,2026-06-29T22:58:43Z,2026-07-02,World Cup,USA vs Bosnia & Herzegovina,amar memic,goals,13.0
2026-06-29,2026-06-29T22:58:43Z,2026-07-02,World Cup,USA vs Bosnia & Herzegovina,mark alexander mckenzie,goals,11.0
2026-06-29,2026-06-29T22:58:43Z,2026-07-02,World Cup,USA vs Bosnia & Herzegovina,miles robinson,goals,11.0
2026-06-29,2026-06-29T22:58:43Z,2026-07-02,World Cup,USA vs Bosnia & Herzegovina,dzenis burnic,goals,12.0
2026-06-29,2026-06-29T22:58:43Z,2026-07-02,World Cup,USA vs Bosnia & Herzegovina,benjamin tahirovic,goals,14.0
2026-06-29,2026-06-29T22:58:43Z,2026-07-02,World Cup,USA vs Bosnia & Herzegovina,amar dedic,goals,19.0
2026-06-29,2026-06-29T22:58:43Z,2026-07-02,World Cup,USA vs Bosnia & Herzegovina,ivan basic,goals,16.5
2026-06-29,2026-06-29T22:58:43Z,2026-07-02,World Cup,USA vs Bosnia & Herzegovina,ivan sunjic,goals,16.5
2026-06-29,2026-06-29T22:58:43Z,2026-07-02,World Cup,USA vs Bosnia & Herzegovina,arjan malic,goals,18.0
2026-06-29,2026-06-29T22:58:43Z,2026-07-02,World Cup,USA vs Bosnia & Herzegovina,amir hadziahmetovic,goals,17.0
2026-06-29,2026-06-29T22:58:43Z,2026-07-02,World Cup,USA vs Bosnia & Herzegovina,nikola katic,goals,20.0
2026-06-29,2026-06-29T22:58:43Z,2026-07-02,World Cup,USA vs Bosnia & Herzegovina,dennis hadzikadunic,goals,19.0
2026-06-29,2026-06-29T22:58:43Z,2026-07-02,World Cup,USA vs Bosnia & Herzegovina,nihad mujakic,goals,23.0
2026-06-29,2026-06-29T22:58:43Z,2026-07-02,World Cup,USA vs Bosnia & Herzegovina,tarik muharemovic,goals,20.0
2026-06-29,2026-06-29T22:58:43Z,2026-07-02,World Cup,USA vs Bosnia & Herzegovina,stjepan radeljic,goals,21.0
2026-06-29,2026-06-29T22:58:43Z,2026-07-02,World Cup,USA vs Bosnia & Herzegovina,sead kolasinac,goals,23.0
2026-06-29,2026-06-29T22:58:43Z,2026-07-02,World Cup,USA vs Bosnia & Herzegovina,haris tabakovic,sot,2.2
2026-06-29,2026-06-29T22:58:43Z,2026-07-02,World Cup,USA vs Bosnia & Herzegovina,edin dzeko,sot,1.73
2026-06-29,2026-06-29T22:58:43Z,2026-07-02,World Cup,USA vs Bosnia & Herzegovina,timothy ream,sot,5.0
2026-06-29,2026-06-29T22:58:43Z,2026-07-02,World Cup,USA vs Bosnia & Herzegovina,alejandro zendejas,sot,1.57
2026-06-29,2026-06-29T22:58:43Z,2026-07-02,World Cup,USA vs Bosnia & Herzegovina,cristian roldan,sot,2.38
2026-06-29,2026-06-29T22:58:43Z,2026-07-02,World Cup,USA vs Bosnia & Herzegovina,tyler adams,sot,4.33
2026-06-29,2026-06-29T22:58:43Z,2026-07-02,World Cup,USA vs Bosnia & Herzegovina,sead kolasinac,sot,9.0
2026-06-29,2026-06-29T22:58:43Z,2026-07-02,World Cup,USA vs Bosnia & Herzegovina,haji wright,sot,1.3
2026-06-29,2026-06-29T22:58:43Z,2026-07-02,World Cup,USA vs Bosnia & Herzegovina,auston trusty,sot,4.0
2026-06-29,2026-06-29T22:58:43Z,2026-07-02,World Cup,USA vs Bosnia & Herzegovina,amir hadziahmetovic,sot,5.25
2026-06-29,2026-06-29T22:58:43Z,2026-07-02,World Cup,USA vs Bosnia & Herzegovina,stjepan radeljic,sot,7.0
2026-06-29,2026-06-29T22:58:43Z,2026-07-02,World Cup,USA vs Bosnia & Herzegovina,dzenis burnic,sot,5.0
2026-06-29,2026-06-29T22:58:43Z,2026-07-02,World Cup,USA vs Bosnia & Herzegovina,miles robinson,sot,4.0
2026-06-29,2026-06-29T22:58:43Z,2026-07-02,World Cup,USA vs Bosnia & Herzegovina,christian pulisic,sot,1.53
2026-06-29,2026-06-29T22:58:43Z,2026-07-02,World Cup,USA vs Bosnia & Herzegovina,antonee robinson,sot,5.25
2026-06-29,2026-06-29T22:58:43Z,2026-07-02,World Cup,USA vs Bosnia & Herzegovina,weston mckennie,sot,2.38
2026-06-29,2026-06-29T22:58:43Z,2026-07-02,World Cup,USA vs Bosnia & Herzegovina,ermedin demirovic,sot,2.25
2026-06-29,2026-06-29T22:58:43Z,2026-07-02,World Cup,USA vs Bosnia & Herzegovina,timothy weah,sot,1.73
2026-06-29,2026-06-29T22:58:43Z,2026-07-02,World Cup,USA vs Bosnia & Herzegovina,chris richards,sot,4.7
2026-06-29,2026-06-29T22:58:43Z,2026-07-02,World Cup,USA vs Bosnia & Herzegovina,nikola katic,sot,6.5
2026-06-29,2026-06-29T22:58:43Z,2026-07-02,World Cup,USA vs Bosnia & Herzegovina,joseph scally,sot,4.5
2026-06-29,2026-06-29T22:58:43Z,2026-07-02,World Cup,USA vs Bosnia & Herzegovina,ivan sunjic,sot,6.0
2026-06-29,2026-06-29T22:58:43Z,2026-07-02,World Cup,USA vs Bosnia & Herzegovina,dennis hadzikadunic,sot,9.0
2026-06-29,2026-06-29T22:58:43Z,2026-07-02,World Cup,USA vs Bosnia & Herzegovina,brendan aaronson,sot,1.65
2026-06-29,2026-06-29T22:58:43Z,2026-07-02,World Cup,USA vs Bosnia & Herzegovina,armin gigovic,sot,5.0
2026-06-29,2026-06-29T22:58:43Z,2026-07-02,World Cup,USA vs Bosnia & Herzegovina,ricardo pepi,sot,1.3
2026-06-29,2026-06-29T22:58:43Z,2026-07-02,World Cup,USA vs Bosnia & Herzegovina,giovanni reyna,sot,1.68
2026-06-29,2026-06-29T22:58:43Z,2026-07-02,World Cup,USA vs Bosnia & Herzegovina,nihad mujakic,sot,7.0
2026-06-29,2026-06-29T22:58:43Z,2026-07-02,World Cup,USA vs Bosnia & Herzegovina,sergino dest,sot,2.62
2026-06-29,2026-06-29T22:58:43Z,2026-07-02,World Cup,USA vs Bosnia & Herzegovina,malik tillman,sot,1.73
2026-06-29,2026-06-29T22:58:43Z,2026-07-02,World Cup,USA vs Bosnia & Herzegovina,sebastian berhalter,sot,1.73
2026-06-29,2026-06-29T22:58:43Z,2026-07-02,World Cup,USA vs Bosnia & Herzegovina,amar dedic,sot,7.0
2026-06-29,2026-06-29T22:58:43Z,2026-07-02,World Cup,USA vs Bosnia & Herzegovina,folarin balogun,sot,1.3
2026-06-29,2026-06-29T22:58:43Z,2026-07-02,World Cup,USA vs Bosnia & Herzegovina,tarik muharemovic,sot,9.0
2026-06-29,2026-06-29T22:58:43Z,2026-07-02,World Cup,USA vs Bosnia & Herzegovina,samed bazdar,sot,2.62
2026-06-29,2026-06-29T22:58:43Z,2026-07-02,World Cup,USA vs Bosnia & Herzegovina,alex freeman,sot,3.5
2026-06-29,2026-06-29T22:58:43Z,2026-07-02,World Cup,USA vs Bosnia & Herzegovina,esmir bajraktarevic,sot,2.62
2026-06-29,2026-06-29T22:58:43Z,2026-07-02,World Cup,USA vs Bosnia & Herzegovina,ivan basic,sot,5.0
2026-06-29,2026-06-29T22:58:43Z,2026-07-02,World Cup,USA vs Bosnia & Herzegovina,benjamin tahirovic,sot,5.0
2026-06-29,2026-06-29T22:58:43Z,2026-07-02,World Cup,USA vs Bosnia & Herzegovina,maximilian arfsten,sot,2.3
2026-06-29,2026-06-29T22:58:43Z,2026-07-02,World Cup,USA vs Bosnia & Herzegovina,jovo lukic,sot,2.4
2026-06-29,2026-06-29T22:58:43Z,2026-07-02,World Cup,USA vs Bosnia & Herzegovina,amar memic,sot,5.0
2026-06-29,2026-06-29T22:58:43Z,2026-07-02,World Cup,USA vs Bosnia & Herzegovina,arjan malic,sot,6.5
2026-06-29,2026-06-29T22:58:43Z,2026-07-02,World Cup,USA vs Bosnia & Herzegovina,kerim alajbegovic,sot,2.1
2026-06-29,2026-06-29T22:58:43Z,2026-07-02,World Cup,USA vs Bosnia & Herzegovina,ermin mahmic,sot,3.5
2026-06-29,2026-06-29T22:58:43Z,2026-07-02,World Cup,USA vs Bosnia & Herzegovina,mark alexander mckenzie,sot,4.1
2026-06-29,2026-06-29T22:58:43Z,2026-07-02,World Cup,USA vs Bosnia & Herzegovina,haris tabakovic,sot2,4.8
2026-06-29,2026-06-29T22:58:43Z,2026-07-02,World Cup,USA vs Bosnia & Herzegovina,edin dzeko,sot2,4.7
2026-06-29,2026-06-29T22:58:43Z,2026-07-02,World Cup,USA vs Bosnia & Herzegovina,timothy ream,sot2,29.0
2026-06-29,2026-06-29T22:58:43Z,2026-07-02,World Cup,USA vs Bosnia & Herzegovina,alejandro zendejas,sot2,3.7
2026-06-29,2026-06-29T22:58:43Z,2026-07-02,World Cup,USA vs Bosnia & Herzegovina,cristian roldan,sot2,6.5
2026-06-29,2026-06-29T22:58:43Z,2026-07-02,World Cup,USA vs Bosnia & Herzegovina,tyler adams,sot2,21.0
2026-06-29,2026-06-29T22:58:43Z,2026-07-02,World Cup,USA vs Bosnia & Herzegovina,sead kolasinac,sot2,26.0
2026-06-29,2026-06-29T22:58:43Z,2026-07-02,World Cup,USA vs Bosnia & Herzegovina,haji wright,sot2,2.2
2026-06-29,2026-06-29T22:58:43Z,2026-07-02,World Cup,USA vs Bosnia & Herzegovina,auston trusty,sot2,26.0
2026-06-29,2026-06-29T22:58:43Z,2026-07-02,World Cup,USA vs Bosnia & Herzegovina,dzenis burnic,sot2,23.0
2026-06-29,2026-06-29T22:58:43Z,2026-07-02,World Cup,USA vs Bosnia & Herzegovina,miles robinson,sot2,23.0
2026-06-29,2026-06-29T22:58:43Z,2026-07-02,World Cup,USA vs Bosnia & Herzegovina,christian pulisic,sot2,2.75
2026-06-29,2026-06-29T22:58:43Z,2026-07-02,World Cup,USA vs Bosnia & Herzegovina,weston mckennie,sot2,3.7
2026-06-29,2026-06-29T22:58:43Z,2026-07-02,World Cup,USA vs Bosnia & Herzegovina,ermedin demirovic,sot2,8.5
2026-06-29,2026-06-29T22:58:43Z,2026-07-02,World Cup,USA vs Bosnia & Herzegovina,timothy weah,sot2,3.4
2026-06-29,2026-06-29T22:58:43Z,2026-07-02,World Cup,USA vs Bosnia & Herzegovina,brendan aaronson,sot2,3.65
2026-06-29,2026-06-29T22:58:43Z,2026-07-02,World Cup,USA vs Bosnia & Herzegovina,armin gigovic,sot2,11.0
2026-06-29,2026-06-29T22:58:43Z,2026-07-02,World Cup,USA vs Bosnia & Herzegovina,ricardo pepi,sot2,2.25
2026-06-29,2026-06-29T22:58:43Z,2026-07-02,World Cup,USA vs Bosnia & Herzegovina,giovanni reyna,sot2,4.4
2026-06-29,2026-06-29T22:58:43Z,2026-07-02,World Cup,USA vs Bosnia & Herzegovina,sergino dest,sot2,5.5
2026-06-29,2026-06-29T22:58:43Z,2026-07-02,World Cup,USA vs Bosnia & Herzegovina,malik tillman,sot2,4.4
2026-06-29,2026-06-29T22:58:43Z,2026-07-02,World Cup,USA vs Bosnia & Herzegovina,sebastian berhalter,sot2,4.1
2026-06-29,2026-06-29T22:58:43Z,2026-07-02,World Cup,USA vs Bosnia & Herzegovina,folarin balogun,sot2,2.05
2026-06-29,2026-06-29T22:58:43Z,2026-07-02,World Cup,USA vs Bosnia & Herzegovina,samed bazdar,sot2,5.0
2026-06-29,2026-06-29T22:58:43Z,2026-07-02,World Cup,USA vs Bosnia & Herzegovina,alex freeman,sot2,15.0
2026-06-29,2026-06-29T22:58:43Z,2026-07-02,World Cup,USA vs Bosnia & Herzegovina,esmir bajraktarevic,sot2,10.0
2026-06-29,2026-06-29T22:58:43Z,2026-07-02,World Cup,USA vs Bosnia & Herzegovina,ivan basic,sot2,26.0
2026-06-29,2026-06-29T22:58:43Z,2026-07-02,World Cup,USA vs Bosnia & Herzegovina,maximilian arfsten,sot2,8.5
2026-06-29,2026-06-29T22:58:43Z,2026-07-02,World Cup,USA vs Bosnia & Herzegovina,jovo lukic,sot2,4.7
2026-06-29,2026-06-29T22:58:43Z,2026-07-02,World Cup,USA vs Bosnia & Herzegovina,amar memic,sot2,10.0
2026-06-29,2026-06-29T22:58:43Z,2026-07-02,World Cup,USA vs Bosnia & Herzegovina,kerim alajbegovic,sot2,6.5
2026-06-29,2026-06-29T22:58:43Z,2026-07-02,World Cup,USA vs Bosnia & Herzegovina,ermin mahmic,sot2,9.0
2026-06-29,2026-06-29T22:58:43Z,2026-07-02,World Cup,USA vs Bosnia & Herzegovina,mark alexander mckenzie,sot2,26.0
2026-06-29,2026-06-29T22:58:43Z,2026-07-02,World Cup,USA vs Bosnia & Herzegovina,haris tabakovic,sot3,16.0
2026-06-29,2026-06-29T22:58:43Z,2026-07-02,World Cup,USA vs Bosnia & Herzegovina,edin dzeko,sot3,16.0
2026-06-29,2026-06-29T22:58:43Z,2026-07-02,World Cup,USA vs Bosnia & Herzegovina,alejandro zendejas,sot3,11.0
2026-06-29,2026-06-29T22:58:43Z,2026-07-02,World Cup,USA vs Bosnia & Herzegovina,cristian roldan,sot3,26.0
2026-06-29,2026-06-29T22:58:43Z,2026-07-02,World Cup,USA vs Bosnia & Herzegovina,haji wright,sot3,5.0
2026-06-29,2026-06-29T22:58:43Z,2026-07-02,World Cup,USA vs Bosnia & Herzegovina,christian pulisic,sot3,7.0
2026-06-29,2026-06-29T22:58:43Z,2026-07-02,World Cup,USA vs Bosnia & Herzegovina,weston mckennie,sot3,11.0
2026-06-29,2026-06-29T22:58:43Z,2026-07-02,World Cup,USA vs Bosnia & Herzegovina,timothy weah,sot3,10.0
2026-06-29,2026-06-29T22:58:43Z,2026-07-02,World Cup,USA vs Bosnia & Herzegovina,brendan aaronson,sot3,11.0
2026-06-29,2026-06-29T22:58:43Z,2026-07-02,World Cup,USA vs Bosnia & Herzegovina,ricardo pepi,sot3,5.25
2026-06-29,2026-06-29T22:58:43Z,2026-07-02,World Cup,USA vs Bosnia & Herzegovina,giovanni reyna,sot3,15.0
2026-06-29,2026-06-29T22:58:43Z,2026-07-02,World Cup,USA vs Bosnia & Herzegovina,sergino dest,sot3,21.0
2026-06-29,2026-06-29T22:58:43Z,2026-07-02,World Cup,USA vs Bosnia & Herzegovina,malik tillman,sot3,15.0
2026-06-29,2026-06-29T22:58:43Z,2026-07-02,World Cup,USA vs Bosnia & Herzegovina,sebastian berhalter,sot3,13.0
2026-06-29,2026-06-29T22:58:43Z,2026-07-02,World Cup,USA vs Bosnia & Herzegovina,folarin balogun,sot3,4.3
2026-06-29,2026-06-29T22:58:43Z,2026-07-02,World Cup,USA vs Bosnia & Herzegovina,samed bazdar,sot3,18.0
2026-06-29,2026-06-29T22:58:43Z,2026-07-02,World Cup,USA vs Bosnia & Herzegovina,jovo lukic,sot3,16.0
2026-06-29,2026-06-29T22:58:43Z,2026-07-02,World Cup,USA vs Bosnia & Herzegovina,kerim alajbegovic,sot3,26.0
2026-06-29,2026-06-29T22:58:43Z,2026-07-02,World Cup,Spain vs Austria,mikel oyarzabal,goals,2.0
2026-06-29,2026-06-29T22:58:43Z,2026-07-02,World Cup,Spain vs Austria,lamine yamal,goals,2.25
2026-06-29,2026-06-29T22:58:43Z,2026-07-02,World Cup,Spain vs Austria,borja iglesias,goals,2.1
2026-06-29,2026-06-29T22:58:43Z,2026-07-02,World Cup,Spain vs Austria,ferran torres garcia,goals,2.3
2026-06-29,2026-06-29T22:58:43Z,2026-07-02,World Cup,Spain vs Austria,nico williams,goals,2.9
2026-06-29,2026-06-29T22:58:43Z,2026-07-02,World Cup,Spain vs Austria,dani olmo,goals,3.25
2026-06-29,2026-06-29T22:58:43Z,2026-07-02,World Cup,Spain vs Austria,mikel merino,goals,3.75
2026-06-29,2026-06-29T22:58:43Z,2026-07-02,World Cup,Spain vs Austria,victor munoz,goals,3.25
2026-06-29,2026-06-29T22:58:43Z,2026-07-02,World Cup,Spain vs Austria,alejandro baena,goals,3.9
2026-06-29,2026-06-29T22:58:43Z,2026-07-02,World Cup,Spain vs Austria,yeremy pino,goals,4.0
2026-06-29,2026-06-29T22:58:43Z,2026-07-02,World Cup,Spain vs Austria,fabian ruiz,goals,4.5
2026-06-29,2026-06-29T22:58:43Z,2026-07-02,World Cup,Spain vs Austria,sasa kalajdzic,goals,4.8
2026-06-29,2026-06-29T22:58:43Z,2026-07-02,World Cup,Spain vs Austria,pablo martin paez gavira,goals,5.5
2026-06-29,2026-06-29T22:58:43Z,2026-07-02,World Cup,Spain vs Austria,pedro gonzalez lopez,goals,5.5
2026-06-29,2026-06-29T22:58:43Z,2026-07-02,World Cup,Spain vs Austria,rodri,goals,6.0
2026-06-29,2026-06-29T22:58:43Z,2026-07-02,World Cup,Spain vs Austria,martin zubimendi ibanez,goals,6.0
2026-06-29,2026-06-29T22:58:43Z,2026-07-02,World Cup,Spain vs Austria,marko arnautovic,goals,6.5
2026-06-29,2026-06-29T22:58:43Z,2026-07-02,World Cup,Spain vs Austria,michael gregoritsch,goals,7.4
2026-06-29,2026-06-29T22:58:43Z,2026-07-02,World Cup,Spain vs Austria,marcos llorente,goals,10.0
2026-06-29,2026-06-29T22:58:43Z,2026-07-02,World Cup,Spain vs Austria,pau cubarsi,goals,13.0
2026-06-29,2026-06-29T22:58:43Z,2026-07-02,World Cup,Spain vs Austria,carney chukwuemeka,goals,8.5
2026-06-29,2026-06-29T22:58:43Z,2026-07-02,World Cup,Spain vs Austria,eric garcia martret,goals,8.5
2026-06-29,2026-06-29T22:58:43Z,2026-07-02,World Cup,Spain vs Austria,pedro porro,goals,8.5
2026-06-29,2026-06-29T22:58:43Z,2026-07-02,World Cup,Spain vs Austria,dejan ljubicic,goals,8.5
2026-06-29,2026-06-29T22:58:43Z,2026-07-02,World Cup,Spain vs Austria,alex grimaldo,goals,8.5
2026-06-29,2026-06-29T22:58:43Z,2026-07-02,World Cup,Spain vs Austria,patrick wimmer,goals,9.5
2026-06-29,2026-06-29T22:58:43Z,2026-07-02,World Cup,Spain vs Austria,marc pubill,goals,9.5
2026-06-29,2026-06-29T22:58:43Z,2026-07-02,World Cup,Spain vs Austria,alessandro schopf,goals,9.5
2026-06-29,2026-06-29T22:58:43Z,2026-07-02,World Cup,Spain vs Austria,paul wanner,goals,10.0
2026-06-29,2026-06-29T22:58:43Z,2026-07-02,World Cup,Spain vs Austria,aymeric laporte,goals,11.0
2026-06-29,2026-06-29T22:58:43Z,2026-07-02,World Cup,Spain vs Austria,marc cucurella,goals,10.0
2026-06-29,2026-06-29T22:58:43Z,2026-07-02,World Cup,Spain vs Austria,marcel sabitzer,goals,10.5
2026-06-29,2026-06-29T22:58:43Z,2026-07-02,World Cup,Spain vs Austria,romano schmid,goals,10.5
2026-06-29,2026-06-29T22:58:43Z,2026-07-02,World Cup,Spain vs Austria,michael svoboda,goals,15.0
2026-06-29,2026-06-29T22:58:43Z,2026-07-02,World Cup,Spain vs Austria,florian grillitsch,goals,15.0
2026-06-29,2026-06-29T22:58:43Z,2026-07-02,World Cup,Spain vs Austria,alexander prass,goals,17.0
2026-06-29,2026-06-29T22:58:43Z,2026-07-02,World Cup,Spain vs Austria,marco friedl,goals,21.0
2026-06-29,2026-06-29T22:58:43Z,2026-07-02,World Cup,Spain vs Austria,xaver schlager,goals,21.0
2026-06-29,2026-06-29T22:58:43Z,2026-07-02,World Cup,Spain vs Austria,david alaba,goals,22.0
2026-06-29,2026-06-29T22:58:43Z,2026-07-02,World Cup,Spain vs Austria,david affengruber,goals,23.0
2026-06-29,2026-06-29T22:58:43Z,2026-07-02,World Cup,Spain vs Austria,kevin danso,goals,23.0
2026-06-29,2026-06-29T22:58:43Z,2026-07-02,World Cup,Spain vs Austria,nicolas seiwald,goals,26.0
2026-06-29,2026-06-29T22:58:43Z,2026-07-02,World Cup,Spain vs Austria,konrad laimer,goals,26.0
2026-06-29,2026-06-29T22:58:43Z,2026-07-02,World Cup,Spain vs Austria,philipp lienhart,goals,26.0
2026-06-29,2026-06-29T22:58:43Z,2026-07-02,World Cup,Spain vs Austria,stefan posch,goals,26.0
2026-06-29,2026-06-29T22:58:43Z,2026-07-02,World Cup,Spain vs Austria,phillipp mwene,goals,42.0
2026-06-29,2026-06-29T22:58:43Z,2026-07-02,World Cup,Spain vs Austria,rodri,sot,2.45
2026-06-29,2026-06-29T22:58:43Z,2026-07-02,World Cup,Spain vs Austria,marko arnautovic,sot,2.15
2026-06-29,2026-06-29T22:58:43Z,2026-07-02,World Cup,Spain vs Austria,david alaba,sot,5.8
2026-06-29,2026-06-29T22:58:43Z,2026-07-02,World Cup,Spain vs Austria,aymeric laporte,sot,4.2
2026-06-29,2026-06-29T22:58:43Z,2026-07-02,World Cup,Spain vs Austria,konrad laimer,sot,3.9
2026-06-29,2026-06-29T22:58:43Z,2026-07-02,World Cup,Spain vs Austria,michael gregoritsch,sot,2.25
2026-06-29,2026-06-29T22:58:43Z,2026-07-02,World Cup,Spain vs Austria,borja iglesias,sot,1.35
2026-06-29,2026-06-29T22:58:43Z,2026-07-02,World Cup,Spain vs Austria,marcel sabitzer,sot,2.65
2026-06-29,2026-06-29T22:58:43Z,2026-07-02,World Cup,Spain vs Austria,marcos llorente,sot,3.4
2026-06-29,2026-06-29T22:58:43Z,2026-07-02,World Cup,Spain vs Austria,florian grillitsch,sot,7.0
2026-06-29,2026-06-29T22:58:43Z,2026-07-02,World Cup,Spain vs Austria,mikel oyarzabal,sot,1.27
2026-06-29,2026-06-29T22:58:43Z,2026-07-02,World Cup,Spain vs Austria,alex grimaldo,sot,1.64
2026-06-29,2026-06-29T22:58:43Z,2026-07-02,World Cup,Spain vs Austria,xaver schlager,sot,6.0
2026-06-29,2026-06-29T22:58:43Z,2026-07-02,World Cup,Spain vs Austria,philipp lienhart,sot,9.0
2026-06-29,2026-06-29T22:58:43Z,2026-07-02,World Cup,Spain vs Austria,mikel merino,sot,1.52
2026-06-29,2026-06-29T22:58:43Z,2026-07-02,World Cup,Spain vs Austria,dani olmo,sot,1.5
2026-06-29,2026-06-29T22:58:43Z,2026-07-02,World Cup,Spain vs Austria,phillipp mwene,sot,6.0
2026-06-29,2026-06-29T22:58:43Z,2026-07-02,World Cup,Spain vs Austria,kevin danso,sot,7.5
2026-06-29,2026-06-29T22:58:43Z,2026-07-02,World Cup,Spain vs Austria,marco friedl,sot,9.5
2026-06-29,2026-06-29T22:58:43Z,2026-07-02,World Cup,Spain vs Austria,stefan posch,sot,5.8
2026-06-29,2026-06-29T22:58:43Z,2026-07-02,World Cup,Spain vs Austria,romano schmid,sot,3.05
2026-06-29,2026-06-29T22:58:43Z,2026-07-02,World Cup,Spain vs Austria,sasa kalajdzic,sot,2.25
2026-06-29,2026-06-29T22:58:43Z,2026-07-02,World Cup,Spain vs Austria,dejan ljubicic,sot,3.1
2026-06-29,2026-06-29T22:58:43Z,2026-07-02,World Cup,Spain vs Austria,pedro porro,sot,2.9
2026-06-29,2026-06-29T22:58:43Z,2026-07-02,World Cup,Spain vs Austria,ferran torres garcia,sot,1.38
2026-06-29,2026-06-29T22:58:43Z,2026-07-02,World Cup,Spain vs Austria,eric garcia martret,sot,3.4
2026-06-29,2026-06-29T22:58:43Z,2026-07-02,World Cup,Spain vs Austria,fabian ruiz,sot,1.85
2026-06-29,2026-06-29T22:58:43Z,2026-07-02,World Cup,Spain vs Austria,marc cucurella,sot,3.4
2026-06-29,2026-06-29T22:58:43Z,2026-07-02,World Cup,Spain vs Austria,martin zubimendi ibanez,sot,3.0
2026-06-29,2026-06-29T22:58:43Z,2026-07-02,World Cup,Spain vs Austria,michael svoboda,sot,6.5
2026-06-29,2026-06-29T22:58:43Z,2026-07-02,World Cup,Spain vs Austria,pedro gonzalez lopez,sot,2.2
2026-06-29,2026-06-29T22:58:43Z,2026-07-02,World Cup,Spain vs Austria,patrick wimmer,sot,3.75
2026-06-29,2026-06-29T22:58:43Z,2026-07-02,World Cup,Spain vs Austria,alejandro baena,sot,1.54
2026-06-29,2026-06-29T22:58:43Z,2026-07-02,World Cup,Spain vs Austria,yeremy pino,sot,1.54
2026-06-29,2026-06-29T22:58:43Z,2026-07-02,World Cup,Spain vs Austria,nico williams,sot,1.4
2026-06-29,2026-06-29T22:58:43Z,2026-07-02,World Cup,Spain vs Austria,carney chukwuemeka,sot,3.45
2026-06-29,2026-06-29T22:58:43Z,2026-07-02,World Cup,Spain vs Austria,david affengruber,sot,8.5
2026-06-29,2026-06-29T22:58:43Z,2026-07-02,World Cup,Spain vs Austria,alexander prass,sot,5.25
2026-06-29,2026-06-29T22:58:43Z,2026-07-02,World Cup,Spain vs Austria,pablo martin paez gavira,sot,1.8
2026-06-29,2026-06-29T22:58:43Z,2026-07-02,World Cup,Spain vs Austria,marc pubill,sot,3.75
2026-06-29,2026-06-29T22:58:43Z,2026-07-02,World Cup,Spain vs Austria,paul wanner,sot,3.75
2026-06-29,2026-06-29T22:58:43Z,2026-07-02,World Cup,Spain vs Austria,nicolas seiwald,sot,4.8
2026-06-29,2026-06-29T22:58:43Z,2026-07-02,World Cup,Spain vs Austria,pau cubarsi,sot,4.0
2026-06-29,2026-06-29T22:58:43Z,2026-07-02,World Cup,Spain vs Austria,lamine yamal,sot,1.27
2026-06-29,2026-06-29T22:58:43Z,2026-07-02,World Cup,Spain vs Austria,victor munoz,sot,1.36
2026-06-29,2026-06-29T22:58:43Z,2026-07-02,World Cup,Spain vs Austria,alessandro schopf,sot,3.95
2026-06-29,2026-06-29T22:58:43Z,2026-07-02,World Cup,Spain vs Austria,rodri,sot2,9.0
2026-06-29,2026-06-29T22:58:43Z,2026-07-02,World Cup,Spain vs Austria,marko arnautovic,sot2,7.5
2026-06-29,2026-06-29T22:58:43Z,2026-07-02,World Cup,Spain vs Austria,david alaba,sot2,20.0
2026-06-29,2026-06-29T22:58:43Z,2026-07-02,World Cup,Spain vs Austria,aymeric laporte,sot2,26.0
2026-06-29,2026-06-29T22:58:43Z,2026-07-02,World Cup,Spain vs Austria,konrad laimer,sot2,19.0
2026-06-29,2026-06-29T22:58:43Z,2026-07-02,World Cup,Spain vs Austria,michael gregoritsch,sot2,7.5
2026-06-29,2026-06-29T22:58:43Z,2026-07-02,World Cup,Spain vs Austria,borja iglesias,sot2,2.55
2026-06-29,2026-06-29T22:58:43Z,2026-07-02,World Cup,Spain vs Austria,marcel sabitzer,sot2,11.0
2026-06-29,2026-06-29T22:58:43Z,2026-07-02,World Cup,Spain vs Austria,marcos llorente,sot2,13.0
2026-06-29,2026-06-29T22:58:43Z,2026-07-02,World Cup,Spain vs Austria,mikel oyarzabal,sot2,2.25
2026-06-29,2026-06-29T22:58:43Z,2026-07-02,World Cup,Spain vs Austria,alex grimaldo,sot2,4.1
2026-06-29,2026-06-29T22:58:43Z,2026-07-02,World Cup,Spain vs Austria,mikel merino,sot2,3.45
2026-06-29,2026-06-29T22:58:43Z,2026-07-02,World Cup,Spain vs Austria,dani olmo,sot2,3.3
2026-06-29,2026-06-29T22:58:43Z,2026-07-02,World Cup,Spain vs Austria,romano schmid,sot2,15.0
2026-06-29,2026-06-29T22:58:43Z,2026-07-02,World Cup,Spain vs Austria,sasa kalajdzic,sot2,8.5
2026-06-29,2026-06-29T22:58:43Z,2026-07-02,World Cup,Spain vs Austria,dejan ljubicic,sot2,16.0
2026-06-29,2026-06-29T22:58:43Z,2026-07-02,World Cup,Spain vs Austria,pedro porro,sot2,7.5
2026-06-29,2026-06-29T22:58:43Z,2026-07-02,World Cup,Spain vs Austria,ferran torres garcia,sot2,2.75
2026-06-29,2026-06-29T22:58:43Z,2026-07-02,World Cup,Spain vs Austria,eric garcia martret,sot2,17.0
2026-06-29,2026-06-29T22:58:43Z,2026-07-02,World Cup,Spain vs Austria,fabian ruiz,sot2,5.25
2026-06-29,2026-06-29T22:58:43Z,2026-07-02,World Cup,Spain vs Austria,marc cucurella,sot2,14.0
2026-06-29,2026-06-29T22:58:43Z,2026-07-02,World Cup,Spain vs Austria,martin zubimendi ibanez,sot2,15.0
2026-06-29,2026-06-29T22:58:43Z,2026-07-02,World Cup,Spain vs Austria,pedro gonzalez lopez,sot2,8.0
2026-06-29,2026-06-29T22:58:43Z,2026-07-02,World Cup,Spain vs Austria,patrick wimmer,sot2,15.0
2026-06-29,2026-06-29T22:58:43Z,2026-07-02,World Cup,Spain vs Austria,alejandro baena,sot2,3.55
2026-06-29,2026-06-29T22:58:43Z,2026-07-02,World Cup,Spain vs Austria,yeremy pino,sot2,3.55
2026-06-29,2026-06-29T22:58:43Z,2026-07-02,World Cup,Spain vs Austria,nico williams,sot2,2.9
2026-06-29,2026-06-29T22:58:43Z,2026-07-02,World Cup,Spain vs Austria,carney chukwuemeka,sot2,19.0
2026-06-29,2026-06-29T22:58:43Z,2026-07-02,World Cup,Spain vs Austria,pablo martin paez gavira,sot2,4.6
2026-06-29,2026-06-29T22:58:43Z,2026-07-02,World Cup,Spain vs Austria,marc pubill,sot2,19.0
2026-06-29,2026-06-29T22:58:43Z,2026-07-02,World Cup,Spain vs Austria,paul wanner,sot2,15.0
2026-06-29,2026-06-29T22:58:43Z,2026-07-02,World Cup,Spain vs Austria,pau cubarsi,sot2,11.0
2026-06-29,2026-06-29T22:58:43Z,2026-07-02,World Cup,Spain vs Austria,lamine yamal,sot2,2.2
2026-06-29,2026-06-29T22:58:43Z,2026-07-02,World Cup,Spain vs Austria,victor munoz,sot2,2.55
2026-06-29,2026-06-29T22:58:43Z,2026-07-02,World Cup,Spain vs Austria,alessandro schopf,sot2,26.0
2026-06-29,2026-06-29T22:58:43Z,2026-07-02,World Cup,Spain vs Austria,marko arnautovic,sot3,31.0
2026-06-29,2026-06-29T22:58:43Z,2026-07-02,World Cup,Spain vs Austria,michael gregoritsch,sot3,31.0
2026-06-29,2026-06-29T22:58:43Z,2026-07-02,World Cup,Spain vs Austria,borja iglesias,sot3,6.5
2026-06-29,2026-06-29T22:58:43Z,2026-07-02,World Cup,Spain vs Austria,mikel oyarzabal,sot3,5.0
2026-06-29,2026-06-29T22:58:43Z,2026-07-02,World Cup,Spain vs Austria,alex grimaldo,sot3,13.0
2026-06-29,2026-06-29T22:58:43Z,2026-07-02,World Cup,Spain vs Austria,mikel merino,sot3,10.0
2026-06-29,2026-06-29T22:58:43Z,2026-07-02,World Cup,Spain vs Austria,dani olmo,sot3,9.5
2026-06-29,2026-06-29T22:58:43Z,2026-07-02,World Cup,Spain vs Austria,pedro porro,sot3,31.0
2026-06-29,2026-06-29T22:58:43Z,2026-07-02,World Cup,Spain vs Austria,ferran torres garcia,sot3,7.0
2026-06-29,2026-06-29T22:58:43Z,2026-07-02,World Cup,Spain vs Austria,fabian ruiz,sot3,19.0
2026-06-29,2026-06-29T22:58:43Z,2026-07-02,World Cup,Spain vs Austria,alejandro baena,sot3,10.5
2026-06-29,2026-06-29T22:58:43Z,2026-07-02,World Cup,Spain vs Austria,yeremy pino,sot3,10.5
2026-06-29,2026-06-29T22:58:43Z,2026-07-02,World Cup,Spain vs Austria,nico williams,sot3,7.5
2026-06-29,2026-06-29T22:58:43Z,2026-07-02,World Cup,Spain vs Austria,pablo martin paez gavira,sot3,16.0
2026-06-29,2026-06-29T22:58:43Z,2026-07-02,World Cup,Spain vs Austria,lamine yamal,sot3,5.0
2026-06-29,2026-06-29T22:58:43Z,2026-07-02,World Cup,Spain vs Austria,victor munoz,sot3,6.5
2026-06-29,2026-06-29T22:58:43Z,2026-07-02,World Cup,Portugal vs Croatia,cristiano ronaldo,goals,2.17
2026-06-29,2026-06-29T22:58:43Z,2026-07-02,World Cup,Portugal vs Croatia,goncalo matias ramos,goals,2.5
2026-06-29,2026-06-29T22:58:43Z,2026-07-02,World Cup,Portugal vs Croatia,goncalo guedes,goals,3.0
2026-06-29,2026-06-29T22:58:43Z,2026-07-02,World Cup,Portugal vs Croatia,rafael leao,goals,3.5
2026-06-29,2026-06-29T22:58:43Z,2026-07-02,World Cup,Portugal vs Croatia,joao felix sequeira,goals,3.75
2026-06-29,2026-06-29T22:58:43Z,2026-07-02,World Cup,Portugal vs Croatia,bruno fernandes,goals,4.0
2026-06-29,2026-06-29T22:58:43Z,2026-07-02,World Cup,Portugal vs Croatia,francisco trincao,goals,4.0
2026-06-29,2026-06-29T22:58:43Z,2026-07-02,World Cup,Portugal vs Croatia,petar musa,goals,4.0
2026-06-29,2026-06-29T22:58:43Z,2026-07-02,World Cup,Portugal vs Croatia,ante budimir,goals,4.1
2026-06-29,2026-06-29T22:58:43Z,2026-07-02,World Cup,Portugal vs Croatia,igor matanovic,goals,4.33
2026-06-29,2026-06-29T22:58:43Z,2026-07-02,World Cup,Portugal vs Croatia,francisco conceicao,goals,4.33
2026-06-29,2026-06-29T22:58:43Z,2026-07-02,World Cup,Portugal vs Croatia,pedro neto,goals,5.0
2026-06-29,2026-06-29T22:58:43Z,2026-07-02,World Cup,Portugal vs Croatia,andrej kramaric,goals,5.0
2026-06-29,2026-06-29T22:58:43Z,2026-07-02,World Cup,Portugal vs Croatia,toni fruk,goals,5.0
2026-06-29,2026-06-29T22:58:43Z,2026-07-02,World Cup,Portugal vs Croatia,bernardo silva,goals,5.0
2026-06-29,2026-06-29T22:58:43Z,2026-07-02,World Cup,Portugal vs Croatia,samuel almeida costa,goals,5.5
2026-06-29,2026-06-29T22:58:43Z,2026-07-02,World Cup,Portugal vs Croatia,marco pasalic,goals,6.0
2026-06-29,2026-06-29T22:58:43Z,2026-07-02,World Cup,Portugal vs Croatia,ivan perisic,goals,8.0
2026-06-29,2026-06-29T22:58:43Z,2026-07-02,World Cup,Portugal vs Croatia,luka modric,goals,8.0
2026-06-29,2026-06-29T22:58:43Z,2026-07-02,World Cup,Portugal vs Croatia,joao pedro goncalves neves,goals,7.5
2026-06-29,2026-06-29T22:58:43Z,2026-07-02,World Cup,Portugal vs Croatia,luka sucic,goals,7.5
2026-06-29,2026-06-29T22:58:43Z,2026-07-02,World Cup,Portugal vs Croatia,nikola vlasic,goals,8.2
2026-06-29,2026-06-29T22:58:43Z,2026-07-02,World Cup,Portugal vs Croatia,martin baturina,goals,8.8
2026-06-29,2026-06-29T22:58:43Z,2026-07-02,World Cup,Portugal vs Croatia,mario pasalic,goals,9.5
2026-06-29,2026-06-29T22:58:43Z,2026-07-02,World Cup,Portugal vs Croatia,ruben dias,goals,12.0
2026-06-29,2026-06-29T22:58:43Z,2026-07-02,World Cup,Portugal vs Croatia,vitor ferreira,goals,9.7
2026-06-29,2026-06-29T22:58:43Z,2026-07-02,World Cup,Portugal vs Croatia,joao cancelo,goals,11.0
2026-06-29,2026-06-29T22:58:43Z,2026-07-02,World Cup,Portugal vs Croatia,ruben neves,goals,9.7
2026-06-29,2026-06-29T22:58:43Z,2026-07-02,World Cup,Portugal vs Croatia,nuno mendes,goals,11.5
2026-06-29,2026-06-29T22:58:43Z,2026-07-02,World Cup,Portugal vs Croatia,renato veiga,goals,13.0
2026-06-29,2026-06-29T22:58:43Z,2026-07-02,World Cup,Portugal vs Croatia,tomas araujo,goals,12.0
2026-06-29,2026-06-29T22:58:43Z,2026-07-02,World Cup,Portugal vs Croatia,goncalo inacio,goals,12.0
2026-06-29,2026-06-29T22:58:43Z,2026-07-02,World Cup,Portugal vs Croatia,matheus luiz nunes,goals,12.0
2026-06-29,2026-06-29T22:58:43Z,2026-07-02,World Cup,Portugal vs Croatia,kristijan jakic,goals,13.0
2026-06-29,2026-06-29T22:58:43Z,2026-07-02,World Cup,Portugal vs Croatia,luka vuskovic,goals,13.0
2026-06-29,2026-06-29T22:58:43Z,2026-07-02,World Cup,Portugal vs Croatia,diogo dalot,goals,13.0
2026-06-29,2026-06-29T22:58:43Z,2026-07-02,World Cup,Portugal vs Croatia,nikola moro,goals,13.0
2026-06-29,2026-06-29T22:58:43Z,2026-07-02,World Cup,Portugal vs Croatia,mateo kovacic,goals,13.5
2026-06-29,2026-06-29T22:58:43Z,2026-07-02,World Cup,Portugal vs Croatia,josko gvardiol,goals,15.0
2026-06-29,2026-06-29T22:58:43Z,2026-07-02,World Cup,Portugal vs Croatia,nelson semedo,goals,15.0
2026-06-29,2026-06-29T22:58:43Z,2026-07-02,World Cup,Portugal vs Croatia,petar sucic,goals,19.0
2026-06-29,2026-06-29T22:58:43Z,2026-07-02,World Cup,Portugal vs Croatia,duje caleta car,goals,19.0
2026-06-29,2026-06-29T22:58:43Z,2026-07-02,World Cup,Portugal vs Croatia,martin erlich,goals,19.0
2026-06-29,2026-06-29T22:58:43Z,2026-07-02,World Cup,Portugal vs Croatia,josip stanisic,goals,20.0
2026-06-29,2026-06-29T22:58:43Z,2026-07-02,World Cup,Portugal vs Croatia,marin pongracic,goals,23.0
2026-06-29,2026-06-29T22:58:43Z,2026-07-02,World Cup,Portugal vs Croatia,josip sutalo,goals,25.0
2026-06-29,2026-06-29T22:58:43Z,2026-07-02,World Cup,Portugal vs Croatia,luka modric,sot,2.5
2026-06-29,2026-06-29T22:58:43Z,2026-07-02,World Cup,Portugal vs Croatia,cristiano ronaldo,sot,1.25
2026-06-29,2026-06-29T22:58:43Z,2026-07-02,World Cup,Portugal vs Croatia,ivan perisic,sot,2.55
2026-06-29,2026-06-29T22:58:43Z,2026-07-02,World Cup,Portugal vs Croatia,andrej kramaric,sot,1.95
2026-06-29,2026-06-29T22:58:43Z,2026-07-02,World Cup,Portugal vs Croatia,mateo kovacic,sot,3.35
2026-06-29,2026-06-29T22:58:43Z,2026-07-02,World Cup,Portugal vs Croatia,mario pasalic,sot,2.4
2026-06-29,2026-06-29T22:58:43Z,2026-07-02,World Cup,Portugal vs Croatia,bruno fernandes,sot,1.62
2026-06-29,2026-06-29T22:58:43Z,2026-07-02,World Cup,Portugal vs Croatia,ante budimir,sot,1.8
2026-06-29,2026-06-29T22:58:43Z,2026-07-02,World Cup,Portugal vs Croatia,ruben neves,sot,3.45
2026-06-29,2026-06-29T22:58:43Z,2026-07-02,World Cup,Portugal vs Croatia,martin erlich,sot,7.5
2026-06-29,2026-06-29T22:58:43Z,2026-07-02,World Cup,Portugal vs Croatia,nelson semedo,sot,3.9
2026-06-29,2026-06-29T22:58:43Z,2026-07-02,World Cup,Portugal vs Croatia,goncalo guedes,sot,1.71
2026-06-29,2026-06-29T22:58:43Z,2026-07-02,World Cup,Portugal vs Croatia,joao cancelo,sot,3.25
2026-06-29,2026-06-29T22:58:43Z,2026-07-02,World Cup,Portugal vs Croatia,nikola moro,sot,4.3
2026-06-29,2026-06-29T22:58:43Z,2026-07-02,World Cup,Portugal vs Croatia,diogo dalot,sot,5.5
2026-06-29,2026-06-29T22:58:43Z,2026-07-02,World Cup,Portugal vs Croatia,marin pongracic,sot,8.0
2026-06-29,2026-06-29T22:58:43Z,2026-07-02,World Cup,Portugal vs Croatia,rafael leao,sot,1.52
2026-06-29,2026-06-29T22:58:43Z,2026-07-02,World Cup,Portugal vs Croatia,nikola vlasic,sot,2.3
2026-06-29,2026-06-29T22:58:43Z,2026-07-02,World Cup,Portugal vs Croatia,ruben dias,sot,4.5
2026-06-29,2026-06-29T22:58:43Z,2026-07-02,World Cup,Portugal vs Croatia,pedro neto,sot,1.95
2026-06-29,2026-06-29T22:58:43Z,2026-07-02,World Cup,Portugal vs Croatia,duje caleta car,sot,7.5
2026-06-29,2026-06-29T22:58:43Z,2026-07-02,World Cup,Portugal vs Croatia,bernardo silva,sot,2.35
2026-06-29,2026-06-29T22:58:43Z,2026-07-02,World Cup,Portugal vs Croatia,josip stanisic,sot,3.65
2026-06-29,2026-06-29T22:58:43Z,2026-07-02,World Cup,Portugal vs Croatia,joao felix sequeira,sot,1.57
2026-06-29,2026-06-29T22:58:43Z,2026-07-02,World Cup,Portugal vs Croatia,nuno mendes,sot,2.1
2026-06-29,2026-06-29T22:58:43Z,2026-07-02,World Cup,Portugal vs Croatia,francisco trincao,sot,1.66
2026-06-29,2026-06-29T22:58:43Z,2026-07-02,World Cup,Portugal vs Croatia,josko gvardiol,sot,3.2
2026-06-29,2026-06-29T22:58:43Z,2026-07-02,World Cup,Portugal vs Croatia,vitor ferreira,sot,2.85
2026-06-29,2026-06-29T22:58:43Z,2026-07-02,World Cup,Portugal vs Croatia,samuel almeida costa,sot,2.05
2026-06-29,2026-06-29T22:58:43Z,2026-07-02,World Cup,Portugal vs Croatia,petar musa,sot,1.62
2026-06-29,2026-06-29T22:58:43Z,2026-07-02,World Cup,Portugal vs Croatia,kristijan jakic,sot,4.5
2026-06-29,2026-06-29T22:58:43Z,2026-07-02,World Cup,Portugal vs Croatia,matheus luiz nunes,sot,2.9
2026-06-29,2026-06-29T22:58:43Z,2026-07-02,World Cup,Portugal vs Croatia,josip sutalo,sot,7.0
2026-06-29,2026-06-29T22:58:43Z,2026-07-02,World Cup,Portugal vs Croatia,goncalo inacio,sot,5.75
2026-06-29,2026-06-29T22:58:43Z,2026-07-02,World Cup,Portugal vs Croatia,goncalo matias ramos,sot,1.41
2026-06-29,2026-06-29T22:58:43Z,2026-07-02,World Cup,Portugal vs Croatia,luka sucic,sot,2.15
2026-06-29,2026-06-29T22:58:43Z,2026-07-02,World Cup,Portugal vs Croatia,igor matanovic,sot,1.74
2026-06-29,2026-06-29T22:58:43Z,2026-07-02,World Cup,Portugal vs Croatia,martin baturina,sot,2.45
2026-06-29,2026-06-29T22:58:43Z,2026-07-02,World Cup,Portugal vs Croatia,francisco conceicao,sot,1.64
2026-06-29,2026-06-29T22:58:43Z,2026-07-02,World Cup,Portugal vs Croatia,tomas araujo,sot,4.9
2026-06-29,2026-06-29T22:58:43Z,2026-07-02,World Cup,Portugal vs Croatia,marco pasalic,sot,2.1
2026-06-29,2026-06-29T22:58:43Z,2026-07-02,World Cup,Portugal vs Croatia,renato veiga,sot,3.8
2026-06-29,2026-06-29T22:58:43Z,2026-07-02,World Cup,Portugal vs Croatia,petar sucic,sot,2.7
2026-06-29,2026-06-29T22:58:43Z,2026-07-02,World Cup,Portugal vs Croatia,toni fruk,sot,2.1
2026-06-29,2026-06-29T22:58:43Z,2026-07-02,World Cup,Portugal vs Croatia,joao pedro goncalves neves,sot,2.3
2026-06-29,2026-06-29T22:58:43Z,2026-07-02,World Cup,Portugal vs Croatia,luka vuskovic,sot,4.6
2026-06-29,2026-06-29T22:58:43Z,2026-07-02,World Cup,Portugal vs Croatia,luka modric,sot2,10.5
2026-06-29,2026-06-29T22:58:43Z,2026-07-02,World Cup,Portugal vs Croatia,cristiano ronaldo,sot2,2.1
2026-06-29,2026-06-29T22:58:43Z,2026-07-02,World Cup,Portugal vs Croatia,ivan perisic,sot2,10.5
2026-06-29,2026-06-29T22:58:43Z,2026-07-02,World Cup,Portugal vs Croatia,andrej kramaric,sot2,6.0
2026-06-29,2026-06-29T22:58:43Z,2026-07-02,World Cup,Portugal vs Croatia,mateo kovacic,sot2,18.0
2026-06-29,2026-06-29T22:58:43Z,2026-07-02,World Cup,Portugal vs Croatia,mario pasalic,sot2,9.5
2026-06-29,2026-06-29T22:58:43Z,2026-07-02,World Cup,Portugal vs Croatia,bruno fernandes,sot2,4.0
2026-06-29,2026-06-29T22:58:43Z,2026-07-02,World Cup,Portugal vs Croatia,ante budimir,sot2,5.0
2026-06-29,2026-06-29T22:58:43Z,2026-07-02,World Cup,Portugal vs Croatia,ruben neves,sot2,19.0
2026-06-29,2026-06-29T22:58:43Z,2026-07-02,World Cup,Portugal vs Croatia,nelson semedo,sot2,23.0
2026-06-29,2026-06-29T22:58:43Z,2026-07-02,World Cup,Portugal vs Croatia,goncalo guedes,sot2,4.5
2026-06-29,2026-06-29T22:58:43Z,2026-07-02,World Cup,Portugal vs Croatia,joao cancelo,sot2,17.0
2026-06-29,2026-06-29T22:58:43Z,2026-07-02,World Cup,Portugal vs Croatia,nikola moro,sot2,29.0
2026-06-29,2026-06-29T22:58:43Z,2026-07-02,World Cup,Portugal vs Croatia,rafael leao,sot2,3.45
2026-06-29,2026-06-29T22:58:43Z,2026-07-02,World Cup,Portugal vs Croatia,nikola vlasic,sot2,8.5
2026-06-29,2026-06-29T22:58:43Z,2026-07-02,World Cup,Portugal vs Croatia,ruben dias,sot2,31.0
2026-06-29,2026-06-29T22:58:43Z,2026-07-02,World Cup,Portugal vs Croatia,pedro neto,sot2,6.0
2026-06-29,2026-06-29T22:58:43Z,2026-07-02,World Cup,Portugal vs Croatia,bernardo silva,sot2,9.0
2026-06-29,2026-06-29T22:58:43Z,2026-07-02,World Cup,Portugal vs Croatia,josip stanisic,sot2,21.0
2026-06-29,2026-06-29T22:58:43Z,2026-07-02,World Cup,Portugal vs Croatia,joao felix sequeira,sot2,3.75
2026-06-29,2026-06-29T22:58:43Z,2026-07-02,World Cup,Portugal vs Croatia,nuno mendes,sot2,7.0
2026-06-29,2026-06-29T22:58:43Z,2026-07-02,World Cup,Portugal vs Croatia,francisco trincao,sot2,4.3
2026-06-29,2026-06-29T22:58:43Z,2026-07-02,World Cup,Portugal vs Croatia,josko gvardiol,sot2,17.0
2026-06-29,2026-06-29T22:58:43Z,2026-07-02,World Cup,Portugal vs Croatia,vitor ferreira,sot2,13.0
2026-06-29,2026-06-29T22:58:43Z,2026-07-02,World Cup,Portugal vs Croatia,samuel almeida costa,sot2,6.5
2026-06-29,2026-06-29T22:58:43Z,2026-07-02,World Cup,Portugal vs Croatia,petar musa,sot2,4.1
2026-06-29,2026-06-29T22:58:43Z,2026-07-02,World Cup,Portugal vs Croatia,kristijan jakic,sot2,31.0
2026-06-29,2026-06-29T22:58:43Z,2026-07-02,World Cup,Portugal vs Croatia,matheus luiz nunes,sot2,14.0
2026-06-29,2026-06-29T22:58:43Z,2026-07-02,World Cup,Portugal vs Croatia,goncalo matias ramos,sot2,2.95
2026-06-29,2026-06-29T22:58:43Z,2026-07-02,World Cup,Portugal vs Croatia,luka sucic,sot2,7.5
2026-06-29,2026-06-29T22:58:43Z,2026-07-02,World Cup,Portugal vs Croatia,igor matanovic,sot2,4.7
2026-06-29,2026-06-29T22:58:43Z,2026-07-02,World Cup,Portugal vs Croatia,martin baturina,sot2,10.0
2026-06-29,2026-06-29T22:58:43Z,2026-07-02,World Cup,Portugal vs Croatia,francisco conceicao,sot2,4.2
2026-06-29,2026-06-29T22:58:43Z,2026-07-02,World Cup,Portugal vs Croatia,marco pasalic,sot2,7.0
2026-06-29,2026-06-29T22:58:43Z,2026-07-02,World Cup,Portugal vs Croatia,renato veiga,sot2,23.0
2026-06-29,2026-06-29T22:58:43Z,2026-07-02,World Cup,Portugal vs Croatia,petar sucic,sot2,12.0
2026-06-29,2026-06-29T22:58:43Z,2026-07-02,World Cup,Portugal vs Croatia,toni fruk,sot2,7.0
2026-06-29,2026-06-29T22:58:43Z,2026-07-02,World Cup,Portugal vs Croatia,joao pedro goncalves neves,sot2,9.0
2026-06-29,2026-06-29T22:58:43Z,2026-07-02,World Cup,Portugal vs Croatia,cristiano ronaldo,sot3,4.6
2026-06-29,2026-06-29T22:58:43Z,2026-07-02,World Cup,Portugal vs Croatia,andrej kramaric,sot3,23.0
2026-06-29,2026-06-29T22:58:43Z,2026-07-02,World Cup,Portugal vs Croatia,bruno fernandes,sot3,13.0
2026-06-29,2026-06-29T22:58:43Z,2026-07-02,World Cup,Portugal vs Croatia,ante budimir,sot3,19.0
2026-06-29,2026-06-29T22:58:43Z,2026-07-02,World Cup,Portugal vs Croatia,goncalo guedes,sot3,15.0
2026-06-29,2026-06-29T22:58:43Z,2026-07-02,World Cup,Portugal vs Croatia,rafael leao,sot3,10.0
2026-06-29,2026-06-29T22:58:43Z,2026-07-02,World Cup,Portugal vs Croatia,pedro neto,sot3,23.0
2026-06-29,2026-06-29T22:58:43Z,2026-07-02,World Cup,Portugal vs Croatia,joao felix sequeira,sot3,12.0
2026-06-29,2026-06-29T22:58:43Z,2026-07-02,World Cup,Portugal vs Croatia,nuno mendes,sot3,29.0
2026-06-29,2026-06-29T22:58:43Z,2026-07-02,World Cup,Portugal vs Croatia,francisco trincao,sot3,14.0
2026-06-29,2026-06-29T22:58:43Z,2026-07-02,World Cup,Portugal vs Croatia,samuel almeida costa,sot3,29.0
2026-06-29,2026-06-29T22:58:43Z,2026-07-02,World Cup,Portugal vs Croatia,petar musa,sot3,13.0
2026-06-29,2026-06-29T22:58:43Z,2026-07-02,World Cup,Portugal vs Croatia,goncalo matias ramos,sot3,7.5
2026-06-29,2026-06-29T22:58:43Z,2026-07-02,World Cup,Portugal vs Croatia,igor matanovic,sot3,16.0
2026-06-29,2026-06-29T22:58:43Z,2026-07-02,World Cup,Portugal vs Croatia,francisco conceicao,sot3,14.0
2026-06-29,2026-06-29T22:58:43Z,2026-07-02,World Cup,Portugal vs Croatia,marco pasalic,sot3,31.0
2026-06-29,2026-06-29T22:58:43Z,2026-07-02,World Cup,Portugal vs Croatia,toni fruk,sot3,31.0
2026-06-29,2026-06-29T22:58:43Z,2026-07-03,World Cup,Switzerland vs Algeria,breel embolo,goals,2.65
2026-06-29,2026-06-29T22:58:43Z,2026-07-03,World Cup,Switzerland vs Algeria,cedric itten,goals,2.88
2026-06-29,2026-06-29T22:58:43Z,2026-07-03,World Cup,Switzerland vs Algeria,mohamed zeki amdouni,goals,3.0
2026-06-29,2026-06-29T22:58:43Z,2026-07-03,World Cup,Switzerland vs Algeria,noah okafor,goals,3.5
2026-06-29,2026-06-29T22:58:43Z,2026-07-03,World Cup,Switzerland vs Algeria,dan ndoye,goals,3.7
2026-06-29,2026-06-29T22:58:43Z,2026-07-03,World Cup,Switzerland vs Algeria,amine gouiri,goals,4.0
2026-06-29,2026-06-29T22:58:43Z,2026-07-03,World Cup,Switzerland vs Algeria,riyad mahrez,goals,4.0
2026-06-29,2026-06-29T22:58:43Z,2026-07-03,World Cup,Switzerland vs Algeria,adil boulbina,goals,4.0
2026-06-29,2026-06-29T22:58:43Z,2026-07-03,World Cup,Switzerland vs Algeria,mohamed el amine amoura,goals,4.0
2026-06-29,2026-06-29T22:58:43Z,2026-07-03,World Cup,Switzerland vs Algeria,christian fassnacht,goals,4.0
2026-06-29,2026-06-29T22:58:43Z,2026-07-03,World Cup,Switzerland vs Algeria,ahmed nadhir benbouali,goals,4.4
2026-06-29,2026-06-29T22:58:43Z,2026-07-03,World Cup,Switzerland vs Algeria,ruben vargas,goals,4.5
2026-06-29,2026-06-29T22:58:43Z,2026-07-03,World Cup,Switzerland vs Algeria,johan manzambi,goals,4.6
2026-06-29,2026-06-29T22:58:43Z,2026-07-03,World Cup,Switzerland vs Algeria,fares ghedjemis,goals,5.5
2026-06-29,2026-06-29T22:58:43Z,2026-07-03,World Cup,Switzerland vs Algeria,houssem aouar,goals,5.5
2026-06-29,2026-06-29T22:58:43Z,2026-07-03,World Cup,Switzerland vs Algeria,granit xhaka,goals,5.6
2026-06-29,2026-06-29T22:58:43Z,2026-07-03,World Cup,Switzerland vs Algeria,fabian rieder,goals,6.0
2026-06-29,2026-06-29T22:58:43Z,2026-07-03,World Cup,Switzerland vs Algeria,anis hadj moussa,goals,6.0
2026-06-29,2026-06-29T22:58:43Z,2026-07-03,World Cup,Switzerland vs Algeria,ibrahim maza,goals,6.0
2026-06-29,2026-06-29T22:58:43Z,2026-07-03,World Cup,Switzerland vs Algeria,remo freuler,goals,7.0
2026-06-29,2026-06-29T22:58:43Z,2026-07-03,World Cup,Switzerland vs Algeria,djibril sow,goals,8.0
2026-06-29,2026-06-29T22:58:43Z,2026-07-03,World Cup,Switzerland vs Algeria,fares chaibi,goals,8.3
2026-06-29,2026-06-29T22:58:43Z,2026-07-03,World Cup,Switzerland vs Algeria,yassine titraoui,goals,9.0
2026-06-29,2026-06-29T22:58:43Z,2026-07-03,World Cup,Switzerland vs Algeria,michel aebischer,goals,9.3
2026-06-29,2026-06-29T22:58:43Z,2026-07-03,World Cup,Switzerland vs Algeria,silvan widmer,goals,9.5
2026-06-29,2026-06-29T22:58:43Z,2026-07-03,World Cup,Switzerland vs Algeria,denis zakaria,goals,9.5
2026-06-29,2026-06-29T22:58:43Z,2026-07-03,World Cup,Switzerland vs Algeria,jaouen hadjam,goals,10.0
2026-06-29,2026-06-29T22:58:43Z,2026-07-03,World Cup,Switzerland vs Algeria,ricardo rodriguez,goals,12.0
2026-06-29,2026-06-29T22:58:43Z,2026-07-03,World Cup,Switzerland vs Algeria,ardon jashari,goals,11.0
2026-06-29,2026-06-29T22:58:43Z,2026-07-03,World Cup,Switzerland vs Algeria,manuel akanji,goals,11.5
2026-06-29,2026-06-29T22:58:43Z,2026-07-03,World Cup,Switzerland vs Algeria,nabil bentaleb,goals,11.5
2026-06-29,2026-06-29T22:58:43Z,2026-07-03,World Cup,Switzerland vs Algeria,ramiz zerrouki,goals,12.0
2026-06-29,2026-06-29T22:58:43Z,2026-07-03,World Cup,Switzerland vs Algeria,hicham boudaoui,goals,12.5
2026-06-29,2026-06-29T22:58:43Z,2026-07-03,World Cup,Switzerland vs Algeria,eray cumart,goals,13.0
2026-06-29,2026-06-29T22:58:43Z,2026-07-03,World Cup,Switzerland vs Algeria,mohamed amine tougai,goals,13.0
2026-06-29,2026-06-29T22:58:43Z,2026-07-03,World Cup,Switzerland vs Algeria,miro muheim,goals,13.0
2026-06-29,2026-06-29T22:58:43Z,2026-07-03,World Cup,Switzerland vs Algeria,luca jaquez,goals,13.0
2026-06-29,2026-06-29T22:58:43Z,2026-07-03,World Cup,Switzerland vs Algeria,nico elvedi,goals,13.0
2026-06-29,2026-06-29T22:58:43Z,2026-07-03,World Cup,Switzerland vs Algeria,rafik belghali,goals,14.0
2026-06-29,2026-06-29T22:58:43Z,2026-07-03,World Cup,Switzerland vs Algeria,zineddine belaid,goals,15.0
2026-06-29,2026-06-29T22:58:43Z,2026-07-03,World Cup,Switzerland vs Algeria,aurele amenda,goals,15.0
2026-06-29,2026-06-29T22:58:43Z,2026-07-03,World Cup,Switzerland vs Algeria,samir chergui,goals,15.0
2026-06-29,2026-06-29T22:58:43Z,2026-07-03,World Cup,Switzerland vs Algeria,rayan ait nouri,goals,16.5
2026-06-29,2026-06-29T22:58:43Z,2026-07-03,World Cup,Switzerland vs Algeria,ramy bensebaini,goals,16.5
2026-06-29,2026-06-29T22:58:43Z,2026-07-03,World Cup,Switzerland vs Algeria,aissa mandi,goals,16.5
2026-06-29,2026-06-29T22:58:43Z,2026-07-03,World Cup,Switzerland vs Algeria,achref abada,goals,21.0
2026-06-29,2026-06-29T22:58:43Z,2026-07-03,World Cup,Switzerland vs Algeria,ricardo rodriguez,sot,3.9
2026-06-29,2026-06-29T22:58:43Z,2026-07-03,World Cup,Switzerland vs Algeria,aissa mandi,sot,6.5
2026-06-29,2026-06-29T22:58:43Z,2026-07-03,World Cup,Switzerland vs Algeria,silvan widmer,sot,3.2
2026-06-29,2026-06-29T22:58:43Z,2026-07-03,World Cup,Switzerland vs Algeria,nabil bentaleb,sot,2.9
2026-06-29,2026-06-29T22:58:43Z,2026-07-03,World Cup,Switzerland vs Algeria,riyad mahrez,sot,2.0
2026-06-29,2026-06-29T22:58:43Z,2026-07-03,World Cup,Switzerland vs Algeria,nico elvedi,sot,5.25
2026-06-29,2026-06-29T22:58:43Z,2026-07-03,World Cup,Switzerland vs Algeria,breel embolo,sot,1.35
2026-06-29,2026-06-29T22:58:43Z,2026-07-03,World Cup,Switzerland vs Algeria,granit xhaka,sot,2.3
2026-06-29,2026-06-29T22:58:43Z,2026-07-03,World Cup,Switzerland vs Algeria,ramy bensebaini,sot,6.0
2026-06-29,2026-06-29T22:58:43Z,2026-07-03,World Cup,Switzerland vs Algeria,denis zakaria,sot,3.2
2026-06-29,2026-06-29T22:58:43Z,2026-07-03,World Cup,Switzerland vs Algeria,djibril sow,sot,2.3
2026-06-29,2026-06-29T22:58:43Z,2026-07-03,World Cup,Switzerland vs Algeria,remo freuler,sot,2.65
2026-06-29,2026-06-29T22:58:43Z,2026-07-03,World Cup,Switzerland vs Algeria,cedric itten,sot,1.31
2026-06-29,2026-06-29T22:58:43Z,2026-07-03,World Cup,Switzerland vs Algeria,michel aebischer,sot,2.85
2026-06-29,2026-06-29T22:58:43Z,2026-07-03,World Cup,Switzerland vs Algeria,eray cumart,sot,2.85
2026-06-29,2026-06-29T22:58:43Z,2026-07-03,World Cup,Switzerland vs Algeria,houssem aouar,sot,2.5
2026-06-29,2026-06-29T22:58:43Z,2026-07-03,World Cup,Switzerland vs Algeria,amine gouiri,sot,1.57
2026-06-29,2026-06-29T22:58:43Z,2026-07-03,World Cup,Switzerland vs Algeria,christian fassnacht,sot,1.58
2026-06-29,2026-06-29T22:58:43Z,2026-07-03,World Cup,Switzerland vs Algeria,rayan ait nouri,sot,4.0
2026-06-29,2026-06-29T22:58:43Z,2026-07-03,World Cup,Switzerland vs Algeria,manuel akanji,sot,5.0
2026-06-29,2026-06-29T22:58:43Z,2026-07-03,World Cup,Switzerland vs Algeria,samir chergui,sot,7.0
2026-06-29,2026-06-29T22:58:43Z,2026-07-03,World Cup,Switzerland vs Algeria,noah okafor,sot,1.64
2026-06-29,2026-06-29T22:58:43Z,2026-07-03,World Cup,Switzerland vs Algeria,hicham boudaoui,sot,3.15
2026-06-29,2026-06-29T22:58:43Z,2026-07-03,World Cup,Switzerland vs Algeria,ramiz zerrouki,sot,2.95
2026-06-29,2026-06-29T22:58:43Z,2026-07-03,World Cup,Switzerland vs Algeria,ruben vargas,sot,1.62
2026-06-29,2026-06-29T22:58:43Z,2026-07-03,World Cup,Switzerland vs Algeria,dan ndoye,sot,1.5
2026-06-29,2026-06-29T22:58:43Z,2026-07-03,World Cup,Switzerland vs Algeria,jaouen hadjam,sot,5.75
2026-06-29,2026-06-29T22:58:43Z,2026-07-03,World Cup,Switzerland vs Algeria,fabian rieder,sot,1.8
2026-06-29,2026-06-29T22:58:43Z,2026-07-03,World Cup,Switzerland vs Algeria,miro muheim,sot,3.35
2026-06-29,2026-06-29T22:58:43Z,2026-07-03,World Cup,Switzerland vs Algeria,aurele amenda,sot,5.5
2026-06-29,2026-06-29T22:58:43Z,2026-07-03,World Cup,Switzerland vs Algeria,mohamed amine tougai,sot,5.5
2026-06-29,2026-06-29T22:58:43Z,2026-07-03,World Cup,Switzerland vs Algeria,mohamed el amine amoura,sot,1.95
2026-06-29,2026-06-29T22:58:43Z,2026-07-03,World Cup,Switzerland vs Algeria,fares chaibi,sot,2.2
2026-06-29,2026-06-29T22:58:43Z,2026-07-03,World Cup,Switzerland vs Algeria,mohamed zeki amdouni,sot,1.57
2026-06-29,2026-06-29T22:58:43Z,2026-07-03,World Cup,Switzerland vs Algeria,ahmed nadhir benbouali,sot,1.62
2026-06-29,2026-06-29T22:58:43Z,2026-07-03,World Cup,Switzerland vs Algeria,ardon jashari,sot,2.5
2026-06-29,2026-06-29T22:58:43Z,2026-07-03,World Cup,Switzerland vs Algeria,ibrahim maza,sot,2.1
2026-06-29,2026-06-29T22:58:43Z,2026-07-03,World Cup,Switzerland vs Algeria,rafik belghali,sot,3.4
2026-06-29,2026-06-29T22:58:43Z,2026-07-03,World Cup,Switzerland vs Algeria,luca jaquez,sot,3.85
2026-06-29,2026-06-29T22:58:43Z,2026-07-03,World Cup,Switzerland vs Algeria,fares ghedjemis,sot,1.86
2026-06-29,2026-06-29T22:58:43Z,2026-07-03,World Cup,Switzerland vs Algeria,zineddine belaid,sot,6.5
2026-06-29,2026-06-29T22:58:43Z,2026-07-03,World Cup,Switzerland vs Algeria,anis hadj moussa,sot,1.9
2026-06-29,2026-06-29T22:58:43Z,2026-07-03,World Cup,Switzerland vs Algeria,johan manzambi,sot,1.6
2026-06-29,2026-06-29T22:58:43Z,2026-07-03,World Cup,Switzerland vs Algeria,yassine titraoui,sot,3.25
2026-06-29,2026-06-29T22:58:43Z,2026-07-03,World Cup,Switzerland vs Algeria,adil boulbina,sot,2.05
2026-06-29,2026-06-29T22:58:43Z,2026-07-03,World Cup,Switzerland vs Algeria,achref abada,sot,7.0
2026-06-29,2026-06-29T22:58:43Z,2026-07-03,World Cup,Switzerland vs Algeria,ricardo rodriguez,sot2,23.0
2026-06-29,2026-06-29T22:58:43Z,2026-07-03,World Cup,Switzerland vs Algeria,silvan widmer,sot2,17.0
2026-06-29,2026-06-29T22:58:43Z,2026-07-03,World Cup,Switzerland vs Algeria,nabil bentaleb,sot2,14.0
2026-06-29,2026-06-29T22:58:43Z,2026-07-03,World Cup,Switzerland vs Algeria,riyad mahrez,sot2,6.5
2026-06-29,2026-06-29T22:58:43Z,2026-07-03,World Cup,Switzerland vs Algeria,breel embolo,sot2,2.6
2026-06-29,2026-06-29T22:58:43Z,2026-07-03,World Cup,Switzerland vs Algeria,granit xhaka,sot2,8.5
2026-06-29,2026-06-29T22:58:43Z,2026-07-03,World Cup,Switzerland vs Algeria,denis zakaria,sot2,17.0
2026-06-29,2026-06-29T22:58:43Z,2026-07-03,World Cup,Switzerland vs Algeria,djibril sow,sot2,8.0
2026-06-29,2026-06-29T22:58:43Z,2026-07-03,World Cup,Switzerland vs Algeria,remo freuler,sot2,11.0
2026-06-29,2026-06-29T22:58:43Z,2026-07-03,World Cup,Switzerland vs Algeria,cedric itten,sot2,2.4
2026-06-29,2026-06-29T22:58:43Z,2026-07-03,World Cup,Switzerland vs Algeria,michel aebischer,sot2,13.0
2026-06-29,2026-06-29T22:58:43Z,2026-07-03,World Cup,Switzerland vs Algeria,eray cumart,sot2,13.0
2026-06-29,2026-06-29T22:58:43Z,2026-07-03,World Cup,Switzerland vs Algeria,houssem aouar,sot2,10.0
2026-06-29,2026-06-29T22:58:43Z,2026-07-03,World Cup,Switzerland vs Algeria,amine gouiri,sot2,3.75
2026-06-29,2026-06-29T22:58:43Z,2026-07-03,World Cup,Switzerland vs Algeria,christian fassnacht,sot2,3.85
2026-06-29,2026-06-29T22:58:43Z,2026-07-03,World Cup,Switzerland vs Algeria,rayan ait nouri,sot2,26.0
2026-06-29,2026-06-29T22:58:43Z,2026-07-03,World Cup,Switzerland vs Algeria,noah okafor,sot2,4.1
2026-06-29,2026-06-29T22:58:43Z,2026-07-03,World Cup,Switzerland vs Algeria,hicham boudaoui,sot2,16.0
2026-06-29,2026-06-29T22:58:43Z,2026-07-03,World Cup,Switzerland vs Algeria,ramiz zerrouki,sot2,14.0
2026-06-29,2026-06-29T22:58:43Z,2026-07-03,World Cup,Switzerland vs Algeria,ruben vargas,sot2,4.0
2026-06-29,2026-06-29T22:58:43Z,2026-07-03,World Cup,Switzerland vs Algeria,dan ndoye,sot2,3.35
2026-06-29,2026-06-29T22:58:43Z,2026-07-03,World Cup,Switzerland vs Algeria,fabian rieder,sot2,5.0
2026-06-29,2026-06-29T22:58:43Z,2026-07-03,World Cup,Switzerland vs Algeria,miro muheim,sot2,19.0
2026-06-29,2026-06-29T22:58:43Z,2026-07-03,World Cup,Switzerland vs Algeria,mohamed el amine amoura,sot2,6.0
2026-06-29,2026-06-29T22:58:43Z,2026-07-03,World Cup,Switzerland vs Algeria,fares chaibi,sot2,7.5
2026-06-29,2026-06-29T22:58:43Z,2026-07-03,World Cup,Switzerland vs Algeria,mohamed zeki amdouni,sot2,3.75
2026-06-29,2026-06-29T22:58:43Z,2026-07-03,World Cup,Switzerland vs Algeria,ahmed nadhir benbouali,sot2,4.0
2026-06-29,2026-06-29T22:58:43Z,2026-07-03,World Cup,Switzerland vs Algeria,ardon jashari,sot2,10.5
2026-06-29,2026-06-29T22:58:43Z,2026-07-03,World Cup,Switzerland vs Algeria,ibrahim maza,sot2,7.0
2026-06-29,2026-06-29T22:58:43Z,2026-07-03,World Cup,Switzerland vs Algeria,rafik belghali,sot2,19.0
2026-06-29,2026-06-29T22:58:43Z,2026-07-03,World Cup,Switzerland vs Algeria,luca jaquez,sot2,23.0
2026-06-29,2026-06-29T22:58:43Z,2026-07-03,World Cup,Switzerland vs Algeria,fares ghedjemis,sot2,5.5
2026-06-29,2026-06-29T22:58:43Z,2026-07-03,World Cup,Switzerland vs Algeria,anis hadj moussa,sot2,5.75
2026-06-29,2026-06-29T22:58:43Z,2026-07-03,World Cup,Switzerland vs Algeria,johan manzambi,sot2,3.9
2026-06-29,2026-06-29T22:58:43Z,2026-07-03,World Cup,Switzerland vs Algeria,yassine titraoui,sot2,17.0
2026-06-29,2026-06-29T22:58:43Z,2026-07-03,World Cup,Switzerland vs Algeria,adil boulbina,sot2,7.0
2026-06-29,2026-06-29T22:58:43Z,2026-07-03,World Cup,Switzerland vs Algeria,riyad mahrez,sot3,26.0
2026-06-29,2026-06-29T22:58:43Z,2026-07-03,World Cup,Switzerland vs Algeria,breel embolo,sot3,6.5
2026-06-29,2026-06-29T22:58:43Z,2026-07-03,World Cup,Switzerland vs Algeria,cedric itten,sot3,5.75
2026-06-29,2026-06-29T22:58:43Z,2026-07-03,World Cup,Switzerland vs Algeria,amine gouiri,sot3,11.0
2026-06-29,2026-06-29T22:58:43Z,2026-07-03,World Cup,Switzerland vs Algeria,christian fassnacht,sot3,12.0
2026-06-29,2026-06-29T22:58:43Z,2026-07-03,World Cup,Switzerland vs Algeria,noah okafor,sot3,13.0
2026-06-29,2026-06-29T22:58:43Z,2026-07-03,World Cup,Switzerland vs Algeria,ruben vargas,sot3,13.0
2026-06-29,2026-06-29T22:58:43Z,2026-07-03,World Cup,Switzerland vs Algeria,dan ndoye,sot3,9.5
2026-06-29,2026-06-29T22:58:43Z,2026-07-03,World Cup,Switzerland vs Algeria,fabian rieder,sot3,18.0
2026-06-29,2026-06-29T22:58:43Z,2026-07-03,World Cup,Switzerland vs Algeria,mohamed el amine amoura,sot3,23.0
2026-06-29,2026-06-29T22:58:43Z,2026-07-03,World Cup,Switzerland vs Algeria,mohamed zeki amdouni,sot3,12.0
2026-06-29,2026-06-29T22:58:43Z,2026-07-03,World Cup,Switzerland vs Algeria,ahmed nadhir benbouali,sot3,13.0
2026-06-29,2026-06-29T22:58:43Z,2026-07-03,World Cup,Switzerland vs Algeria,ibrahim maza,sot3,29.0
2026-06-29,2026-06-29T22:58:43Z,2026-07-03,World Cup,Switzerland vs Algeria,fares ghedjemis,sot3,21.0
2026-06-29,2026-06-29T22:58:43Z,2026-07-03,World Cup,Switzerland vs Algeria,anis hadj moussa,sot3,23.0
2026-06-29,2026-06-29T22:58:43Z,2026-07-03,World Cup,Switzerland vs Algeria,johan manzambi,sot3,12.0
2026-06-29,2026-06-29T22:58:43Z,2026-07-03,World Cup,Switzerland vs Algeria,adil boulbina,sot3,29.0
2026-06-29,2026-06-29T22:58:43Z,2026-07-03,World Cup,Australia vs Egypt,mohamed salah,goals,3.1
2026-06-29,2026-06-29T22:58:43Z,2026-07-03,World Cup,Australia vs Egypt,mahmoud hassan,goals,3.75
2026-06-29,2026-06-29T22:58:43Z,2026-07-03,World Cup,Australia vs Egypt,mohamed toure,goals,3.75
2026-06-29,2026-06-29T22:58:43Z,2026-07-03,World Cup,Australia vs Egypt,omar marmoush,goals,3.9
2026-06-29,2026-06-29T22:58:43Z,2026-07-03,World Cup,Australia vs Egypt,tete yengi,goals,4.0
2026-06-29,2026-06-29T22:58:43Z,2026-07-03,World Cup,Australia vs Egypt,nestory irankunda,goals,4.5
2026-06-29,2026-06-29T22:58:43Z,2026-07-03,World Cup,Australia vs Egypt,hamza abdelkarim,goals,4.5
2026-06-29,2026-06-29T22:58:43Z,2026-07-03,World Cup,Australia vs Egypt,mostafa ziko,goals,4.8
2026-06-29,2026-06-29T22:58:43Z,2026-07-03,World Cup,Australia vs Egypt,awer mabil,goals,5.0
2026-06-29,2026-06-29T22:58:43Z,2026-07-03,World Cup,Australia vs Egypt,ibrahim adel,goals,5.0
2026-06-29,2026-06-29T22:58:43Z,2026-07-03,World Cup,Australia vs Egypt,nishan velupillay,goals,5.0
2026-06-29,2026-06-29T22:58:43Z,2026-07-03,World Cup,Australia vs Egypt,mathew leckie,goals,5.0
2026-06-29,2026-06-29T22:58:43Z,2026-07-03,World Cup,Australia vs Egypt,ajdin hrustic,goals,5.0
2026-06-29,2026-06-29T22:58:43Z,2026-07-03,World Cup,Australia vs Egypt,ahmed zizo,goals,5.5
2026-06-29,2026-06-29T22:58:43Z,2026-07-03,World Cup,Australia vs Egypt,mahmoud saber,goals,6.0
2026-06-29,2026-06-29T22:58:43Z,2026-07-03,World Cup,Australia vs Egypt,cristian volpato,goals,8.3
2026-06-29,2026-06-29T22:58:43Z,2026-07-03,World Cup,Australia vs Egypt,haissem hassan,goals,8.5
2026-06-29,2026-06-29T22:58:43Z,2026-07-03,World Cup,Australia vs Egypt,emam ashour,goals,8.7
2026-06-29,2026-06-29T22:58:43Z,2026-07-03,World Cup,Australia vs Egypt,conor metcalfe,goals,9.0
2026-06-29,2026-06-29T22:58:43Z,2026-07-03,World Cup,Australia vs Egypt,mohamed abdelmonem,goals,9.5
2026-06-29,2026-06-29T22:58:43Z,2026-07-03,World Cup,Australia vs Egypt,ramy rabia,goals,10.0
2026-06-29,2026-06-29T22:58:43Z,2026-07-03,World Cup,Australia vs Egypt,jackson irvine,goals,9.7
2026-06-29,2026-06-29T22:58:43Z,2026-07-03,World Cup,Australia vs Egypt,jordan bos,goals,10.0
2026-06-29,2026-06-29T22:58:43Z,2026-07-03,World Cup,Australia vs Egypt,aziz eraltay behich,goals,10.0
2026-06-29,2026-06-29T22:58:43Z,2026-07-03,World Cup,Australia vs Egypt,hamdy fathy,goals,10.0
2026-06-29,2026-06-29T22:58:43Z,2026-07-03,World Cup,Australia vs Egypt,jacob italiano,goals,10.0
2026-06-29,2026-06-29T22:58:43Z,2026-07-03,World Cup,Australia vs Egypt,hossam abdelmaguid abdelsalam,goals,11.0
2026-06-29,2026-06-29T22:58:43Z,2026-07-03,World Cup,Australia vs Egypt,kai trewin,goals,11.0
2026-06-29,2026-06-29T22:58:43Z,2026-07-03,World Cup,Australia vs Egypt,nabil emad dunga,goals,11.0
2026-06-29,2026-06-29T22:58:43Z,2026-07-03,World Cup,Australia vs Egypt,cameron devlin,goals,11.0
2026-06-29,2026-06-29T22:58:43Z,2026-07-03,World Cup,Australia vs Egypt,karim hafez,goals,11.0
2026-06-29,2026-06-29T22:58:43Z,2026-07-03,World Cup,Australia vs Egypt,lucas herrington,goals,12.0
2026-06-29,2026-06-29T22:58:43Z,2026-07-03,World Cup,Australia vs Egypt,tarek alaa,goals,12.0
2026-06-29,2026-06-29T22:58:43Z,2026-07-03,World Cup,Australia vs Egypt,paul okon,goals,12.0
2026-06-29,2026-06-29T22:58:43Z,2026-07-03,World Cup,Australia vs Egypt,yasser ibrahim,goals,14.5
2026-06-29,2026-06-29T22:58:43Z,2026-07-03,World Cup,Australia vs Egypt,marwan attia,goals,14.5
2026-06-29,2026-06-29T22:58:43Z,2026-07-03,World Cup,Australia vs Egypt,aiden o'neill,goals,15.0
2026-06-29,2026-06-29T22:58:43Z,2026-07-03,World Cup,Australia vs Egypt,milos degenek,goals,17.0
2026-06-29,2026-06-29T22:58:43Z,2026-07-03,World Cup,Australia vs Egypt,jason geria,goals,17.0
2026-06-29,2026-06-29T22:58:43Z,2026-07-03,World Cup,Australia vs Egypt,ahmed aboul-fetouh,goals,18.0
2026-06-29,2026-06-29T22:58:43Z,2026-07-03,World Cup,Australia vs Egypt,alessandro circati,goals,18.0
2026-06-29,2026-06-29T22:58:43Z,2026-07-03,World Cup,Australia vs Egypt,harry souttar,goals,18.0
2026-06-29,2026-06-29T22:58:43Z,2026-07-03,World Cup,Australia vs Egypt,cameron burgess,goals,19.0
2026-06-29,2026-06-29T22:58:43Z,2026-07-03,World Cup,Australia vs Egypt,mohamed hany,goals,26.0
2026-06-29,2026-06-29T22:58:43Z,2026-07-03,World Cup,Australia vs Egypt,aziz eraltay behich,sot,4.8
2026-06-29,2026-06-29T22:58:43Z,2026-07-03,World Cup,Australia vs Egypt,ramy rabia,sot,5.75
2026-06-29,2026-06-29T22:58:43Z,2026-07-03,World Cup,Australia vs Egypt,awer mabil,sot,2.35
2026-06-29,2026-06-29T22:58:43Z,2026-07-03,World Cup,Australia vs Egypt,jason geria,sot,5.0
2026-06-29,2026-06-29T22:58:43Z,2026-07-03,World Cup,Australia vs Egypt,cameron burgess,sot,7.0
2026-06-29,2026-06-29T22:58:43Z,2026-07-03,World Cup,Australia vs Egypt,mohamed salah,sot,1.76
2026-06-29,2026-06-29T22:58:43Z,2026-07-03,World Cup,Australia vs Egypt,harry souttar,sot,4.5
2026-06-29,2026-06-29T22:58:43Z,2026-07-03,World Cup,Australia vs Egypt,jackson irvine,sot,2.85
2026-06-29,2026-06-29T22:58:43Z,2026-07-03,World Cup,Australia vs Egypt,aiden o'neill,sot,4.8
2026-06-29,2026-06-29T22:58:43Z,2026-07-03,World Cup,Australia vs Egypt,mohamed toure,sot,1.66
2026-06-29,2026-06-29T22:58:43Z,2026-07-03,World Cup,Australia vs Egypt,karim hafez,sot,4.8
2026-06-29,2026-06-29T22:58:43Z,2026-07-03,World Cup,Australia vs Egypt,ajdin hrustic,sot,2.35
2026-06-29,2026-06-29T22:58:43Z,2026-07-03,World Cup,Australia vs Egypt,milos degenek,sot,6.5
2026-06-29,2026-06-29T22:58:43Z,2026-07-03,World Cup,Australia vs Egypt,conor metcalfe,sot,2.4
2026-06-29,2026-06-29T22:58:43Z,2026-07-03,World Cup,Australia vs Egypt,paul okon,sot,5.25
2026-06-29,2026-06-29T22:58:43Z,2026-07-03,World Cup,Australia vs Egypt,cameron devlin,sot,5.5
2026-06-29,2026-06-29T22:58:43Z,2026-07-03,World Cup,Australia vs Egypt,haissem hassan,sot,2.1
2026-06-29,2026-06-29T22:58:43Z,2026-07-03,World Cup,Australia vs Egypt,kai trewin,sot,4.2
2026-06-29,2026-06-29T22:58:43Z,2026-07-03,World Cup,Australia vs Egypt,omar marmoush,sot,1.8
2026-06-29,2026-06-29T22:58:43Z,2026-07-03,World Cup,Australia vs Egypt,tete yengi,sot,1.86
2026-06-29,2026-06-29T22:58:43Z,2026-07-03,World Cup,Australia vs Egypt,jordan bos,sot,3.55
2026-06-29,2026-06-29T22:58:43Z,2026-07-03,World Cup,Australia vs Egypt,mohamed hany,sot,5.75
2026-06-29,2026-06-29T22:58:43Z,2026-07-03,World Cup,Australia vs Egypt,hamdy fathy,sot,4.8
2026-06-29,2026-06-29T22:58:43Z,2026-07-03,World Cup,Australia vs Egypt,yasser ibrahim,sot,6.5
2026-06-29,2026-06-29T22:58:43Z,2026-07-03,World Cup,Australia vs Egypt,nishan velupillay,sot,2.15
2026-06-29,2026-06-29T22:58:43Z,2026-07-03,World Cup,Australia vs Egypt,ibrahim adel,sot,2.3
2026-06-29,2026-06-29T22:58:43Z,2026-07-03,World Cup,Australia vs Egypt,emam ashour,sot,2.25
2026-06-29,2026-06-29T22:58:43Z,2026-07-03,World Cup,Australia vs Egypt,cristian volpato,sot,2.6
2026-06-29,2026-06-29T22:58:43Z,2026-07-03,World Cup,Australia vs Egypt,nestory irankunda,sot,1.8
2026-06-29,2026-06-29T22:58:43Z,2026-07-03,World Cup,Australia vs Egypt,alessandro circati,sot,4.7
2026-06-29,2026-06-29T22:58:43Z,2026-07-03,World Cup,Australia vs Egypt,mohamed abdelmonem,sot,4.6
2026-06-29,2026-06-29T22:58:43Z,2026-07-03,World Cup,Australia vs Egypt,ahmed zizo,sot,2.0
2026-06-29,2026-06-29T22:58:43Z,2026-07-03,World Cup,Australia vs Egypt,marwan attia,sot,2.35
2026-06-29,2026-06-29T22:58:43Z,2026-07-03,World Cup,Australia vs Egypt,hossam abdelmaguid abdelsalam,sot,7.0
2026-06-29,2026-06-29T22:58:43Z,2026-07-03,World Cup,Australia vs Egypt,mahmoud saber,sot,3.05
2026-06-29,2026-06-29T22:58:43Z,2026-07-03,World Cup,Australia vs Egypt,lucas herrington,sot,7.0
2026-06-29,2026-06-29T22:58:43Z,2026-07-03,World Cup,Australia vs Egypt,mostafa ziko,sot,1.95
2026-06-29,2026-06-29T22:58:43Z,2026-07-03,World Cup,Australia vs Egypt,tarek alaa,sot,2.75
2026-06-29,2026-06-29T22:58:43Z,2026-07-03,World Cup,Australia vs Egypt,hamza abdelkarim,sot,1.95
2026-06-29,2026-06-29T22:58:43Z,2026-07-03,World Cup,Australia vs Egypt,awer mabil,sot2,9.0
2026-06-29,2026-06-29T22:58:43Z,2026-07-03,World Cup,Australia vs Egypt,mohamed salah,sot2,4.9
2026-06-29,2026-06-29T22:58:43Z,2026-07-03,World Cup,Australia vs Egypt,harry souttar,sot2,31.0
2026-06-29,2026-06-29T22:58:43Z,2026-07-03,World Cup,Australia vs Egypt,jackson irvine,sot2,13.0
2026-06-29,2026-06-29T22:58:43Z,2026-07-03,World Cup,Australia vs Egypt,mohamed toure,sot2,4.3
2026-06-29,2026-06-29T22:58:43Z,2026-07-03,World Cup,Australia vs Egypt,ajdin hrustic,sot2,9.0
2026-06-29,2026-06-29T22:58:43Z,2026-07-03,World Cup,Australia vs Egypt,conor metcalfe,sot2,9.0
2026-06-29,2026-06-29T22:58:43Z,2026-07-03,World Cup,Australia vs Egypt,haissem hassan,sot2,7.0
2026-06-29,2026-06-29T22:58:43Z,2026-07-03,World Cup,Australia vs Egypt,kai trewin,sot2,29.0
2026-06-29,2026-06-29T22:58:43Z,2026-07-03,World Cup,Australia vs Egypt,omar marmoush,sot2,5.0
2026-06-29,2026-06-29T22:58:43Z,2026-07-03,World Cup,Australia vs Egypt,tete yengi,sot2,5.5
2026-06-29,2026-06-29T22:58:43Z,2026-07-03,World Cup,Australia vs Egypt,jordan bos,sot2,21.0
2026-06-29,2026-06-29T22:58:43Z,2026-07-03,World Cup,Australia vs Egypt,nishan velupillay,sot2,7.5
2026-06-29,2026-06-29T22:58:43Z,2026-07-03,World Cup,Australia vs Egypt,ibrahim adel,sot2,8.5
2026-06-29,2026-06-29T22:58:43Z,2026-07-03,World Cup,Australia vs Egypt,emam ashour,sot2,8.0
2026-06-29,2026-06-29T22:58:43Z,2026-07-03,World Cup,Australia vs Egypt,cristian volpato,sot2,11.0
2026-06-29,2026-06-29T22:58:43Z,2026-07-03,World Cup,Australia vs Egypt,nestory irankunda,sot2,5.25
2026-06-29,2026-06-29T22:58:43Z,2026-07-03,World Cup,Australia vs Egypt,ahmed zizo,sot2,6.0
2026-06-29,2026-06-29T22:58:43Z,2026-07-03,World Cup,Australia vs Egypt,marwan attia,sot2,9.0
2026-06-29,2026-06-29T22:58:43Z,2026-07-03,World Cup,Australia vs Egypt,mahmoud saber,sot2,15.0
2026-06-29,2026-06-29T22:58:43Z,2026-07-03,World Cup,Australia vs Egypt,mostafa ziko,sot2,6.0
2026-06-29,2026-06-29T22:58:43Z,2026-07-03,World Cup,Australia vs Egypt,tarek alaa,sot2,13.0
2026-06-29,2026-06-29T22:58:43Z,2026-07-03,World Cup,Australia vs Egypt,hamza abdelkarim,sot2,6.0
2026-06-29,2026-06-29T22:58:43Z,2026-07-03,World Cup,Australia vs Egypt,mohamed salah,sot3,17.0
2026-06-29,2026-06-29T22:58:43Z,2026-07-03,World Cup,Australia vs Egypt,mohamed toure,sot3,14.0
2026-06-29,2026-06-29T22:58:43Z,2026-07-03,World Cup,Australia vs Egypt,haissem hassan,sot3,29.0
2026-06-29,2026-06-29T22:58:43Z,2026-07-03,World Cup,Australia vs Egypt,omar marmoush,sot3,19.0
2026-06-29,2026-06-29T22:58:43Z,2026-07-03,World Cup,Australia vs Egypt,tete yengi,sot3,21.0
2026-06-29,2026-06-29T22:58:43Z,2026-07-03,World Cup,Australia vs Egypt,nishan velupillay,sot3,31.0
2026-06-29,2026-06-29T22:58:43Z,2026-07-03,World Cup,Australia vs Egypt,nestory irankunda,sot3,19.0
2026-06-29,2026-06-29T22:58:43Z,2026-07-03,World Cup,Australia vs Egypt,ahmed zizo,sot3,26.0
2026-06-29,2026-06-29T22:58:43Z,2026-07-03,World Cup,Australia vs Egypt,mostafa ziko,sot3,23.0
2026-06-29,2026-06-29T22:58:43Z,2026-07-03,World Cup,Australia vs Egypt,hamza abdelkarim,sot3,23.0
2026-06-29,2026-06-29T22:58:43Z,2026-07-04,World Cup,Colombia vs Ghana,luis fernando diaz marulanda,goals,2.62
2026-06-29,2026-06-29T22:58:43Z,2026-07-04,World Cup,Colombia vs Ghana,juan camilo hernandez suarez,goals,2.62
2026-06-29,2026-06-29T22:58:43Z,2026-07-04,World Cup,Colombia vs Ghana,jhon cordoba,goals,2.8
2026-06-29,2026-06-29T22:58:43Z,2026-07-04,World Cup,Colombia vs Ghana,luis javier suarez charris,goals,2.8
2026-06-29,2026-06-29T22:58:43Z,2026-07-04,World Cup,Colombia vs Ghana,carlos andres gomez,goals,3.5
2026-06-29,2026-06-29T22:58:43Z,2026-07-04,World Cup,Colombia vs Ghana,james rodriguez,goals,4.0
2026-06-29,2026-06-29T22:58:43Z,2026-07-04,World Cup,Colombia vs Ghana,jaminton campaz,goals,4.0
2026-06-29,2026-06-29T22:58:43Z,2026-07-04,World Cup,Colombia vs Ghana,jorge carrascal,goals,4.33
2026-06-29,2026-06-29T22:58:43Z,2026-07-04,World Cup,Colombia vs Ghana,juan quintero,goals,4.33
2026-06-29,2026-06-29T22:58:43Z,2026-07-04,World Cup,Colombia vs Ghana,antoine semenyo,goals,5.2
2026-06-29,2026-06-29T22:58:43Z,2026-07-04,World Cup,Colombia vs Ghana,jhon arias,goals,5.2
2026-06-29,2026-06-29T22:58:43Z,2026-07-04,World Cup,Colombia vs Ghana,brandon thomas-asante,goals,5.5
2026-06-29,2026-06-29T22:58:43Z,2026-07-04,World Cup,Colombia vs Ghana,jordan ayew,goals,6.0
2026-06-29,2026-06-29T22:58:43Z,2026-07-04,World Cup,Colombia vs Ghana,juan camilo portilla,goals,6.5
2026-06-29,2026-06-29T22:58:43Z,2026-07-04,World Cup,Colombia vs Ghana,daniel munoz,goals,6.5
2026-06-29,2026-06-29T22:58:43Z,2026-07-04,World Cup,Colombia vs Ghana,prince kwabena adu,goals,7.0
2026-06-29,2026-06-29T22:58:43Z,2026-07-04,World Cup,Colombia vs Ghana,gustavo puerta,goals,7.4
2026-06-29,2026-06-29T22:58:43Z,2026-07-04,World Cup,Colombia vs Ghana,jefferson lerma,goals,10.0
2026-06-29,2026-06-29T22:58:43Z,2026-07-04,World Cup,Colombia vs Ghana,augustine boakye,goals,7.5
2026-06-29,2026-06-29T22:58:43Z,2026-07-04,World Cup,Colombia vs Ghana,inaki williams,goals,7.5
2026-06-29,2026-06-29T22:58:43Z,2026-07-04,World Cup,Colombia vs Ghana,ernest nuamah,goals,8.0
2026-06-29,2026-06-29T22:58:43Z,2026-07-04,World Cup,Colombia vs Ghana,abdul fatawu issahaku,goals,8.0
2026-06-29,2026-06-29T22:58:43Z,2026-07-04,World Cup,Colombia vs Ghana,kevin castano,goals,8.0
2026-06-29,2026-06-29T22:58:43Z,2026-07-04,World Cup,Colombia vs Ghana,richard rios montoya,goals,8.0
2026-06-29,2026-06-29T22:58:43Z,2026-07-04,World Cup,Colombia vs Ghana,caleb yirenkyi,goals,9.5
2026-06-29,2026-06-29T22:58:43Z,2026-07-04,World Cup,Colombia vs Ghana,christopher bonsu baah,goals,11.0
2026-06-29,2026-06-29T22:58:43Z,2026-07-04,World Cup,Colombia vs Ghana,deiver machado,goals,11.0
2026-06-29,2026-06-29T22:58:43Z,2026-07-04,World Cup,Colombia vs Ghana,santiago arias,goals,15.0
2026-06-29,2026-06-29T22:58:43Z,2026-07-04,World Cup,Colombia vs Ghana,kamal-deen sulemana,goals,11.5
2026-06-29,2026-06-29T22:58:43Z,2026-07-04,World Cup,Colombia vs Ghana,thomas partey,goals,11.5
2026-06-29,2026-06-29T22:58:43Z,2026-07-04,World Cup,Colombia vs Ghana,yerry mina,goals,12.0
2026-06-29,2026-06-29T22:58:43Z,2026-07-04,World Cup,Colombia vs Ghana,johan mojica,goals,12.0
2026-06-29,2026-06-29T22:58:43Z,2026-07-04,World Cup,Colombia vs Ghana,davinson sanchez,goals,13.5
2026-06-29,2026-06-29T22:58:43Z,2026-07-04,World Cup,Colombia vs Ghana,jhon lucumi,goals,15.0
2026-06-29,2026-06-29T22:58:43Z,2026-07-04,World Cup,Colombia vs Ghana,willer ditta,goals,15.0
2026-06-29,2026-06-29T22:58:43Z,2026-07-04,World Cup,Colombia vs Ghana,kwasi sibo,goals,21.0
2026-06-29,2026-06-29T22:58:43Z,2026-07-04,World Cup,Colombia vs Ghana,jerome opoku,goals,19.0
2026-06-29,2026-06-29T22:58:43Z,2026-07-04,World Cup,Colombia vs Ghana,abdul rahman baba,goals,21.0
2026-06-29,2026-06-29T22:58:43Z,2026-07-04,World Cup,Colombia vs Ghana,marvin senaya,goals,22.0
2026-06-29,2026-06-29T22:58:43Z,2026-07-04,World Cup,Colombia vs Ghana,abdul mumin,goals,23.0
2026-06-29,2026-06-29T22:58:43Z,2026-07-04,World Cup,Colombia vs Ghana,jonas adjetey,goals,26.0
2026-06-29,2026-06-29T22:58:43Z,2026-07-04,World Cup,Colombia vs Ghana,kojo peprah oppong,goals,26.0
2026-06-29,2026-06-29T22:58:43Z,2026-07-04,World Cup,Colombia vs Ghana,derrick luckassen,goals,26.0
2026-06-29,2026-06-29T22:58:43Z,2026-07-04,World Cup,Colombia vs Ghana,gideon mensah,goals,41.0
2026-06-29,2026-06-29T22:58:43Z,2026-07-04,World Cup,Colombia vs Ghana,alidu seidu,goals,29.0
2026-06-29,2026-06-29T22:58:43Z,2026-07-04,World Cup,Colombia vs Ghana,elisha owusu,goals,29.0
2026-06-29,2026-06-29T22:58:43Z,2026-07-04,World Cup,Colombia vs Ghana,abdul rahman baba,sot,8.5
2026-06-29,2026-06-29T22:58:43Z,2026-07-04,World Cup,Colombia vs Ghana,jordan ayew,sot,2.1
2026-06-29,2026-06-29T22:58:43Z,2026-07-04,World Cup,Colombia vs Ghana,james rodriguez,sot,1.54
2026-06-29,2026-06-29T22:58:43Z,2026-07-04,World Cup,Colombia vs Ghana,juan quintero,sot,1.62
2026-06-29,2026-06-29T22:58:43Z,2026-07-04,World Cup,Colombia vs Ghana,santiago arias,sot,3.85
2026-06-29,2026-06-29T22:58:43Z,2026-07-04,World Cup,Colombia vs Ghana,derrick luckassen,sot,6.0
2026-06-29,2026-06-29T22:58:43Z,2026-07-04,World Cup,Colombia vs Ghana,jefferson lerma,sot,2.5
2026-06-29,2026-06-29T22:58:43Z,2026-07-04,World Cup,Colombia vs Ghana,johan mojica,sot,3.7
2026-06-29,2026-06-29T22:58:43Z,2026-07-04,World Cup,Colombia vs Ghana,jhon cordoba,sot,1.32
2026-06-29,2026-06-29T22:58:43Z,2026-07-04,World Cup,Colombia vs Ghana,inaki williams,sot,2.4
2026-06-29,2026-06-29T22:58:43Z,2026-07-04,World Cup,Colombia vs Ghana,yerry mina,sot,3.0
2026-06-29,2026-06-29T22:58:43Z,2026-07-04,World Cup,Colombia vs Ghana,deiver machado,sot,2.7
2026-06-29,2026-06-29T22:58:43Z,2026-07-04,World Cup,Colombia vs Ghana,davinson sanchez,sot,3.8
2026-06-29,2026-06-29T22:58:43Z,2026-07-04,World Cup,Colombia vs Ghana,abdul mumin,sot,7.0
2026-06-29,2026-06-29T22:58:43Z,2026-07-04,World Cup,Colombia vs Ghana,brandon thomas-asante,sot,2.45
2026-06-29,2026-06-29T22:58:43Z,2026-07-04,World Cup,Colombia vs Ghana,gideon mensah,sot,10.5
2026-06-29,2026-06-29T22:58:43Z,2026-07-04,World Cup,Colombia vs Ghana,elisha owusu,sot,7.0
2026-06-29,2026-06-29T22:58:43Z,2026-07-04,World Cup,Colombia vs Ghana,jorge carrascal,sot,1.68
2026-06-29,2026-06-29T22:58:43Z,2026-07-04,World Cup,Colombia vs Ghana,jhon lucumi,sot,4.8
2026-06-29,2026-06-29T22:58:43Z,2026-07-04,World Cup,Colombia vs Ghana,thomas partey,sot,3.8
2026-06-29,2026-06-29T22:58:43Z,2026-07-04,World Cup,Colombia vs Ghana,kwasi sibo,sot,4.7
2026-06-29,2026-06-29T22:58:43Z,2026-07-04,World Cup,Colombia vs Ghana,luis javier suarez charris,sot,1.4
2026-06-29,2026-06-29T22:58:43Z,2026-07-04,World Cup,Colombia vs Ghana,jerome opoku,sot,7.5
2026-06-29,2026-06-29T22:58:43Z,2026-07-04,World Cup,Colombia vs Ghana,kamal-deen sulemana,sot,2.7
2026-06-29,2026-06-29T22:58:43Z,2026-07-04,World Cup,Colombia vs Ghana,luis fernando diaz marulanda,sot,1.4
2026-06-29,2026-06-29T22:58:43Z,2026-07-04,World Cup,Colombia vs Ghana,daniel munoz,sot,2.6
2026-06-29,2026-06-29T22:58:43Z,2026-07-04,World Cup,Colombia vs Ghana,alidu seidu,sot,5.75
2026-06-29,2026-06-29T22:58:43Z,2026-07-04,World Cup,Colombia vs Ghana,marvin senaya,sot,5.5
2026-06-29,2026-06-29T22:58:43Z,2026-07-04,World Cup,Colombia vs Ghana,antoine semenyo,sot,2.15
2026-06-29,2026-06-29T22:58:43Z,2026-07-04,World Cup,Colombia vs Ghana,richard rios montoya,sot,1.83
2026-06-29,2026-06-29T22:58:43Z,2026-07-04,World Cup,Colombia vs Ghana,jaminton campaz,sot,1.68
2026-06-29,2026-06-29T22:58:43Z,2026-07-04,World Cup,Colombia vs Ghana,jhon arias,sot,1.76
2026-06-29,2026-06-29T22:58:43Z,2026-07-04,World Cup,Colombia vs Ghana,augustine boakye,sot,2.4
2026-06-29,2026-06-29T22:58:43Z,2026-07-04,World Cup,Colombia vs Ghana,willer ditta,sot,6.0
2026-06-29,2026-06-29T22:58:43Z,2026-07-04,World Cup,Colombia vs Ghana,juan camilo portilla,sot,2.85
2026-06-29,2026-06-29T22:58:43Z,2026-07-04,World Cup,Colombia vs Ghana,kevin castano,sot,3.4
2026-06-29,2026-06-29T22:58:43Z,2026-07-04,World Cup,Colombia vs Ghana,carlos andres gomez,sot,1.41
2026-06-29,2026-06-29T22:58:43Z,2026-07-04,World Cup,Colombia vs Ghana,abdul fatawu issahaku,sot,2.6
2026-06-29,2026-06-29T22:58:43Z,2026-07-04,World Cup,Colombia vs Ghana,ernest nuamah,sot,2.35
2026-06-29,2026-06-29T22:58:43Z,2026-07-04,World Cup,Colombia vs Ghana,gustavo puerta,sot,2.05
2026-06-29,2026-06-29T22:58:43Z,2026-07-04,World Cup,Colombia vs Ghana,kojo peprah oppong,sot,8.5
2026-06-29,2026-06-29T22:58:43Z,2026-07-04,World Cup,Colombia vs Ghana,christopher bonsu baah,sot,3.0
2026-06-29,2026-06-29T22:58:43Z,2026-07-04,World Cup,Colombia vs Ghana,prince kwabena adu,sot,1.9
2026-06-29,2026-06-29T22:58:43Z,2026-07-04,World Cup,Colombia vs Ghana,caleb yirenkyi,sot,4.8
2026-06-29,2026-06-29T22:58:43Z,2026-07-04,World Cup,Colombia vs Ghana,jonas adjetey,sot,10.0
2026-06-29,2026-06-29T22:58:43Z,2026-07-04,World Cup,Colombia vs Ghana,juan camilo hernandez suarez,sot,1.35
2026-06-29,2026-06-29T22:58:43Z,2026-07-04,World Cup,Colombia vs Ghana,jordan ayew,sot2,7.0
2026-06-29,2026-06-29T22:58:43Z,2026-07-04,World Cup,Colombia vs Ghana,james rodriguez,sot2,3.55
2026-06-29,2026-06-29T22:58:43Z,2026-07-04,World Cup,Colombia vs Ghana,juan quintero,sot2,4.0
2026-06-29,2026-06-29T22:58:43Z,2026-07-04,World Cup,Colombia vs Ghana,santiago arias,sot2,23.0
2026-06-29,2026-06-29T22:58:43Z,2026-07-04,World Cup,Colombia vs Ghana,jefferson lerma,sot2,10.0
2026-06-29,2026-06-29T22:58:43Z,2026-07-04,World Cup,Colombia vs Ghana,johan mojica,sot2,21.0
2026-06-29,2026-06-29T22:58:43Z,2026-07-04,World Cup,Colombia vs Ghana,jhon cordoba,sot2,2.45
2026-06-29,2026-06-29T22:58:43Z,2026-07-04,World Cup,Colombia vs Ghana,inaki williams,sot2,9.5
2026-06-29,2026-06-29T22:58:43Z,2026-07-04,World Cup,Colombia vs Ghana,yerry mina,sot2,15.0
2026-06-29,2026-06-29T22:58:43Z,2026-07-04,World Cup,Colombia vs Ghana,deiver machado,sot2,12.0
2026-06-29,2026-06-29T22:58:43Z,2026-07-04,World Cup,Colombia vs Ghana,davinson sanchez,sot2,23.0
2026-06-29,2026-06-29T22:58:43Z,2026-07-04,World Cup,Colombia vs Ghana,brandon thomas-asante,sot2,10.0
2026-06-29,2026-06-29T22:58:43Z,2026-07-04,World Cup,Colombia vs Ghana,jorge carrascal,sot2,4.4
2026-06-29,2026-06-29T22:58:43Z,2026-07-04,World Cup,Colombia vs Ghana,thomas partey,sot2,23.0
2026-06-29,2026-06-29T22:58:43Z,2026-07-04,World Cup,Colombia vs Ghana,luis javier suarez charris,sot2,2.8
2026-06-29,2026-06-29T22:58:43Z,2026-07-04,World Cup,Colombia vs Ghana,kamal-deen sulemana,sot2,12.0
2026-06-29,2026-06-29T22:58:43Z,2026-07-04,World Cup,Colombia vs Ghana,luis fernando diaz marulanda,sot2,2.85
2026-06-29,2026-06-29T22:58:43Z,2026-07-04,World Cup,Colombia vs Ghana,daniel munoz,sot2,11.0
2026-06-29,2026-06-29T22:58:43Z,2026-07-04,World Cup,Colombia vs Ghana,antoine semenyo,sot2,7.5
2026-06-29,2026-06-29T22:58:43Z,2026-07-04,World Cup,Colombia vs Ghana,richard rios montoya,sot2,5.25
2026-06-29,2026-06-29T22:58:43Z,2026-07-04,World Cup,Colombia vs Ghana,jaminton campaz,sot2,4.4
2026-06-29,2026-06-29T22:58:43Z,2026-07-04,World Cup,Colombia vs Ghana,jhon arias,sot2,5.0
2026-06-29,2026-06-29T22:58:43Z,2026-07-04,World Cup,Colombia vs Ghana,augustine boakye,sot2,9.0
2026-06-29,2026-06-29T22:58:43Z,2026-07-04,World Cup,Colombia vs Ghana,juan camilo portilla,sot2,13.0
2026-06-29,2026-06-29T22:58:43Z,2026-07-04,World Cup,Colombia vs Ghana,kevin castano,sot2,19.0
2026-06-29,2026-06-29T22:58:43Z,2026-07-04,World Cup,Colombia vs Ghana,carlos andres gomez,sot2,2.9
2026-06-29,2026-06-29T22:58:43Z,2026-07-04,World Cup,Colombia vs Ghana,abdul fatawu issahaku,sot2,11.0
2026-06-29,2026-06-29T22:58:43Z,2026-07-04,World Cup,Colombia vs Ghana,ernest nuamah,sot2,9.0
2026-06-29,2026-06-29T22:58:43Z,2026-07-04,World Cup,Colombia vs Ghana,gustavo puerta,sot2,6.5
2026-06-29,2026-06-29T22:58:43Z,2026-07-04,World Cup,Colombia vs Ghana,christopher bonsu baah,sot2,15.0
2026-06-29,2026-06-29T22:58:43Z,2026-07-04,World Cup,Colombia vs Ghana,prince kwabena adu,sot2,5.75
2026-06-29,2026-06-29T22:58:43Z,2026-07-04,World Cup,Colombia vs Ghana,juan camilo hernandez suarez,sot2,2.6
2026-06-29,2026-06-29T22:58:43Z,2026-07-04,World Cup,Colombia vs Ghana,jordan ayew,sot3,31.0
2026-06-29,2026-06-29T22:58:43Z,2026-07-04,World Cup,Colombia vs Ghana,james rodriguez,sot3,10.5
2026-06-29,2026-06-29T22:58:43Z,2026-07-04,World Cup,Colombia vs Ghana,juan quintero,sot3,13.0
2026-06-29,2026-06-29T22:58:43Z,2026-07-04,World Cup,Colombia vs Ghana,jhon cordoba,sot3,5.75
2026-06-29,2026-06-29T22:58:43Z,2026-07-04,World Cup,Colombia vs Ghana,jorge carrascal,sot3,15.0
2026-06-29,2026-06-29T22:58:43Z,2026-07-04,World Cup,Colombia vs Ghana,luis javier suarez charris,sot3,7.5
2026-06-29,2026-06-29T22:58:43Z,2026-07-04,World Cup,Colombia vs Ghana,luis fernando diaz marulanda,sot3,7.5
2026-06-29,2026-06-29T22:58:43Z,2026-07-04,World Cup,Colombia vs Ghana,antoine semenyo,sot3,31.0
2026-06-29,2026-06-29T22:58:43Z,2026-07-04,World Cup,Colombia vs Ghana,richard rios montoya,sot3,20.0
2026-06-29,2026-06-29T22:58:43Z,2026-07-04,World Cup,Colombia vs Ghana,jaminton campaz,sot3,15.0
2026-06-29,2026-06-29T22:58:43Z,2026-07-04,World Cup,Colombia vs Ghana,jhon arias,sot3,18.0
2026-06-29,2026-06-29T22:58:43Z,2026-07-04,World Cup,Colombia vs Ghana,carlos andres gomez,sot3,8.0
2026-06-29,2026-06-29T22:58:43Z,2026-07-04,World Cup,Colombia vs Ghana,gustavo puerta,sot3,26.0
2026-06-29,2026-06-29T22:58:43Z,2026-07-04,World Cup,Colombia vs Ghana,prince kwabena adu,sot3,21.0
2026-06-29,2026-06-29T22:58:43Z,2026-07-04,World Cup,Colombia vs Ghana,juan camilo hernandez suarez,sot3,6.5
2026-06-30,2026-06-30T00:05:54Z,2026-06-30,World Cup,Netherlands vs Morocco,memphis depay,goals,3.29
2026-06-30,2026-06-30T00:05:54Z,2026-06-30,World Cup,Netherlands vs Morocco,cody gakpo,goals,3.68
2026-06-30,2026-06-30T00:05:54Z,2026-06-30,World Cup,Netherlands vs Morocco,brian brobbey,goals,3.53
2026-06-30,2026-06-30T00:05:54Z,2026-06-30,World Cup,Netherlands vs Morocco,wout weghorst,goals,3.4
2026-06-30,2026-06-30T00:05:54Z,2026-06-30,World Cup,Netherlands vs Morocco,donyell malen,goals,3.64
2026-06-30,2026-06-30T00:05:54Z,2026-06-30,World Cup,Netherlands vs Morocco,ismael saibari,goals,4.22
2026-06-30,2026-06-30T00:05:54Z,2026-06-30,World Cup,Netherlands vs Morocco,ayoub el kaabi,goals,3.8
2026-06-30,2026-06-30T00:05:54Z,2026-06-30,World Cup,Netherlands vs Morocco,guus til,goals,4.0
2026-06-30,2026-06-30T00:05:54Z,2026-06-30,World Cup,Netherlands vs Morocco,brahim diaz,goals,4.96
2026-06-30,2026-06-30T00:05:54Z,2026-06-30,World Cup,Netherlands vs Morocco,soufiane rahimi,goals,4.2
2026-06-30,2026-06-30T00:05:54Z,2026-06-30,World Cup,Netherlands vs Morocco,crysencio summerville,goals,4.33
2026-06-30,2026-06-30T00:05:54Z,2026-06-30,World Cup,Netherlands vs Morocco,justin kluivert,goals,4.5
2026-06-30,2026-06-30T00:05:54Z,2026-06-30,World Cup,Netherlands vs Morocco,noa lang,goals,5.0
2026-06-30,2026-06-30T00:05:54Z,2026-06-30,World Cup,Netherlands vs Morocco,teun koopmeiners,goals,5.0
2026-06-30,2026-06-30T00:05:54Z,2026-06-30,World Cup,Netherlands vs Morocco,tijjani reijnders,goals,5.7
2026-06-30,2026-06-30T00:05:54Z,2026-06-30,World Cup,Netherlands vs Morocco,azzedine ounahi,goals,7.5
2026-06-30,2026-06-30T00:05:54Z,2026-06-30,World Cup,Netherlands vs Morocco,gessime yassine,goals,6.5
2026-06-30,2026-06-30T00:05:54Z,2026-06-30,World Cup,Netherlands vs Morocco,ayoube amaimouni-echghouyab,goals,6.5
2026-06-30,2026-06-30T00:05:54Z,2026-06-30,World Cup,Netherlands vs Morocco,chemsdine talbi,goals,7.0
2026-06-30,2026-06-30T00:05:54Z,2026-06-30,World Cup,Netherlands vs Morocco,quinten timber,goals,7.5
2026-06-30,2026-06-30T00:05:54Z,2026-06-30,World Cup,Netherlands vs Morocco,bilal el khannous,goals,8.2
2026-06-30,2026-06-30T00:05:54Z,2026-06-30,World Cup,Netherlands vs Morocco,neil el aynaoui,goals,9.0
2026-06-30,2026-06-30T00:05:54Z,2026-06-30,World Cup,Netherlands vs Morocco,virgil van dijk,goals,8.7
2026-06-30,2026-06-30T00:05:54Z,2026-06-30,World Cup,Netherlands vs Morocco,achraf hakimi,goals,9.3
2026-06-30,2026-06-30T00:05:54Z,2026-06-30,World Cup,Netherlands vs Morocco,samir el mourabet,goals,9.5
2026-06-30,2026-06-30T00:05:54Z,2026-06-30,World Cup,Netherlands vs Morocco,denzel dumfries,goals,9.8
2026-06-30,2026-06-30T00:05:54Z,2026-06-30,World Cup,Netherlands vs Morocco,zakaria el ouahdi,goals,10.0
2026-06-30,2026-06-30T00:05:54Z,2026-06-30,World Cup,Netherlands vs Morocco,micky van de ven,goals,13.0
2026-06-30,2026-06-30T00:05:54Z,2026-06-30,World Cup,Netherlands vs Morocco,sofyan amrabat,goals,15.0
2026-06-30,2026-06-30T00:05:54Z,2026-06-30,World Cup,Netherlands vs Morocco,ayyoub bouaddi,goals,15.0
2026-06-30,2026-06-30T00:05:54Z,2026-06-30,World Cup,Netherlands vs Morocco,nathan ake,goals,14.0
2026-06-30,2026-06-30T00:05:54Z,2026-06-30,World Cup,Netherlands vs Morocco,frenkie de jong,goals,13.0
2026-06-30,2026-06-30T00:05:54Z,2026-06-30,World Cup,Netherlands vs Morocco,ryan gravenberch,goals,13.0
2026-06-30,2026-06-30T00:05:54Z,2026-06-30,World Cup,Netherlands vs Morocco,noussair mazraoui,goals,19.0
2026-06-30,2026-06-30T00:05:54Z,2026-06-30,World Cup,Netherlands vs Morocco,anass salah-eddine,goals,21.0
2026-06-30,2026-06-30T00:05:54Z,2026-06-30,World Cup,Netherlands vs Morocco,redouane halhal,goals,18.0
2026-06-30,2026-06-30T00:05:54Z,2026-06-30,World Cup,Netherlands vs Morocco,jan paul van hecke,goals,16.0
2026-06-30,2026-06-30T00:05:54Z,2026-06-30,World Cup,Netherlands vs Morocco,issa diop,goals,21.0
2026-06-30,2026-06-30T00:05:54Z,2026-06-30,World Cup,Netherlands vs Morocco,chadi riad,goals,21.0
2026-06-30,2026-06-30T00:05:54Z,2026-06-30,World Cup,Netherlands vs Morocco,virgil van dijk,sot,3.1
2026-06-30,2026-06-30T00:05:54Z,2026-06-30,World Cup,Netherlands vs Morocco,nathan ake,sot,5.75
2026-06-30,2026-06-30T00:05:54Z,2026-06-30,World Cup,Netherlands vs Morocco,frenkie de jong,sot,3.4
2026-06-30,2026-06-30T00:05:54Z,2026-06-30,World Cup,Netherlands vs Morocco,issa diop,sot,6.5
2026-06-30,2026-06-30T00:05:54Z,2026-06-30,World Cup,Netherlands vs Morocco,achraf hakimi,sot,2.45
2026-06-30,2026-06-30T00:05:54Z,2026-06-30,World Cup,Netherlands vs Morocco,denzel dumfries,sot,2.95
2026-06-30,2026-06-30T00:05:54Z,2026-06-30,World Cup,Netherlands vs Morocco,brahim diaz,sot,2.0
2026-06-30,2026-06-30T00:05:54Z,2026-06-30,World Cup,Netherlands vs Morocco,donyell malen,sot,1.55
2026-06-30,2026-06-30T00:05:54Z,2026-06-30,World Cup,Netherlands vs Morocco,noussair mazraoui,sot,7.0
2026-06-30,2026-06-30T00:05:54Z,2026-06-30,World Cup,Netherlands vs Morocco,cody gakpo,sot,1.45
2026-06-30,2026-06-30T00:05:54Z,2026-06-30,World Cup,Netherlands vs Morocco,ryan gravenberch,sot,3.6
2026-06-30,2026-06-30T00:05:54Z,2026-06-30,World Cup,Netherlands vs Morocco,jan paul van hecke,sot,5.25
2026-06-30,2026-06-30T00:05:54Z,2026-06-30,World Cup,Netherlands vs Morocco,azzedine ounahi,sot,2.5
2026-06-30,2026-06-30T00:05:54Z,2026-06-30,World Cup,Netherlands vs Morocco,chadi riad,sot,5.0
2026-06-30,2026-06-30T00:05:54Z,2026-06-30,World Cup,Netherlands vs Morocco,ismael saibari,sot,1.67
2026-06-30,2026-06-30T00:05:54Z,2026-06-30,World Cup,Netherlands vs Morocco,brian brobbey,sot,1.45
2026-06-30,2026-06-30T00:05:54Z,2026-06-30,World Cup,Netherlands vs Morocco,neil el aynaoui,sot,3.65
2026-06-30,2026-06-30T00:05:54Z,2026-06-30,World Cup,Netherlands vs Morocco,micky van de ven,sot,4.8
2026-06-30,2026-06-30T00:05:54Z,2026-06-30,World Cup,Netherlands vs Morocco,crysencio summerville,sot,1.71
2026-06-30,2026-06-30T00:05:54Z,2026-06-30,World Cup,Netherlands vs Morocco,bilal el khannous,sot,3.6
2026-06-30,2026-06-30T00:05:54Z,2026-06-30,World Cup,Netherlands vs Morocco,ayyoub bouaddi,sot,5.75
2026-06-30,2026-06-30T00:05:54Z,2026-06-30,World Cup,Netherlands vs Morocco,virgil van dijk,sot2,23.0
2026-06-30,2026-06-30T00:05:54Z,2026-06-30,World Cup,Netherlands vs Morocco,frenkie de jong,sot2,15.0
2026-06-30,2026-06-30T00:05:54Z,2026-06-30,World Cup,Netherlands vs Morocco,achraf hakimi,sot2,9.0
2026-06-30,2026-06-30T00:05:54Z,2026-06-30,World Cup,Netherlands vs Morocco,denzel dumfries,sot2,14.0
2026-06-30,2026-06-30T00:05:54Z,2026-06-30,World Cup,Netherlands vs Morocco,brahim diaz,sot2,6.0
2026-06-30,2026-06-30T00:05:54Z,2026-06-30,World Cup,Netherlands vs Morocco,cody gakpo,sot2,3.15
2026-06-30,2026-06-30T00:05:54Z,2026-06-30,World Cup,Netherlands vs Morocco,ryan gravenberch,sot2,17.0
2026-06-30,2026-06-30T00:05:54Z,2026-06-30,World Cup,Netherlands vs Morocco,azzedine ounahi,sot2,10.5
2026-06-30,2026-06-30T00:05:54Z,2026-06-30,World Cup,Netherlands vs Morocco,ismael saibari,sot2,4.5
2026-06-30,2026-06-30T00:05:54Z,2026-06-30,World Cup,Netherlands vs Morocco,brian brobbey,sot2,3.6
2026-06-30,2026-06-30T00:05:54Z,2026-06-30,World Cup,Netherlands vs Morocco,neil el aynaoui,sot2,21.0
2026-06-30,2026-06-30T00:05:54Z,2026-06-30,World Cup,Netherlands vs Morocco,crysencio summerville,sot2,4.6
2026-06-30,2026-06-30T00:05:54Z,2026-06-30,World Cup,Netherlands vs Morocco,bilal el khannous,sot2,8.5
2026-06-30,2026-06-30T00:05:54Z,2026-06-30,World Cup,Netherlands vs Morocco,brahim diaz,sot3,26.0
2026-06-30,2026-06-30T00:05:54Z,2026-06-30,World Cup,Netherlands vs Morocco,cody gakpo,sot3,8.5
2026-06-30,2026-06-30T00:05:54Z,2026-06-30,World Cup,Netherlands vs Morocco,ismael saibari,sot3,15.0
2026-06-30,2026-06-30T00:05:54Z,2026-06-30,World Cup,Netherlands vs Morocco,brian brobbey,sot3,11.0
2026-06-30,2026-06-30T00:05:54Z,2026-06-30,World Cup,Netherlands vs Morocco,crysencio summerville,sot3,16.0
2026-06-30,2026-06-30T00:05:54Z,2026-06-30,World Cup,Netherlands vs Morocco,jan paul van hecke,cards,4.4
2026-06-30,2026-06-30T00:05:54Z,2026-06-30,World Cup,Netherlands vs Morocco,neil el aynaoui,cards,4.2
2026-06-30,2026-06-30T00:05:54Z,2026-06-30,World Cup,Netherlands vs Morocco,crysencio summerville,cards,4.75
2026-06-30,2026-06-30T00:05:54Z,2026-06-30,World Cup,Netherlands vs Morocco,ayyoub bouaddi,cards,3.9
2026-06-30,2026-06-30T00:05:54Z,2026-06-30,World Cup,Netherlands vs Morocco,micky van de ven,cards,4.4
2026-06-30,2026-06-30T00:05:54Z,2026-06-30,World Cup,Netherlands vs Morocco,bilal el khannous,cards,4.8
2026-06-30,2026-06-30T00:05:54Z,2026-06-30,World Cup,Netherlands vs Morocco,azzedine ounahi,cards,4.5
2026-06-30,2026-06-30T00:05:54Z,2026-06-30,World Cup,Netherlands vs Morocco,denzel dumfries,cards,4.4
2026-06-30,2026-06-30T00:05:54Z,2026-06-30,World Cup,Netherlands vs Morocco,achraf hakimi,cards,4.0
2026-06-30,2026-06-30T00:05:54Z,2026-06-30,World Cup,Netherlands vs Morocco,brian brobbey,cards,4.0
2026-06-30,2026-06-30T00:05:54Z,2026-06-30,World Cup,Netherlands vs Morocco,issa diop,cards,3.7
2026-06-30,2026-06-30T00:05:54Z,2026-06-30,World Cup,Netherlands vs Morocco,ryan gravenberch,cards,4.0
2026-06-30,2026-06-30T00:05:54Z,2026-06-30,World Cup,Netherlands vs Morocco,chadi riad,cards,5.18
2026-06-30,2026-06-30T00:05:54Z,2026-06-30,World Cup,Netherlands vs Morocco,frenkie de jong,cards,5.0
2026-06-30,2026-06-30T00:05:54Z,2026-06-30,World Cup,Netherlands vs Morocco,virgil van dijk,cards,4.8
2026-06-30,2026-06-30T00:05:54Z,2026-06-30,World Cup,Netherlands vs Morocco,noussair mazraoui,cards,4.6
2026-06-30,2026-06-30T00:05:54Z,2026-06-30,World Cup,Netherlands vs Morocco,nathan ake,cards,5.94
2026-06-30,2026-06-30T00:05:54Z,2026-06-30,World Cup,Netherlands vs Morocco,ismael saibari,cards,5.8
2026-06-30,2026-06-30T00:05:54Z,2026-06-30,World Cup,Netherlands vs Morocco,brahim diaz,cards,5.8
2026-06-30,2026-06-30T00:05:54Z,2026-06-30,World Cup,Netherlands vs Morocco,cody gakpo,cards,6.5
2026-06-30,2026-06-30T00:05:54Z,2026-06-30,World Cup,Netherlands vs Morocco,yassine bounou,cards,5.8
2026-06-30,2026-06-30T00:05:54Z,2026-06-30,World Cup,Netherlands vs Morocco,bart verbruggen,cards,5.8
2026-06-30,2026-06-30T00:05:54Z,2026-06-30,World Cup,Netherlands vs Morocco,sofyan amrabat,cards,3.1
2026-06-30,2026-06-30T00:05:54Z,2026-06-30,World Cup,Netherlands vs Morocco,zakaria el ouahdi,cards,4.0
2026-06-30,2026-06-30T00:05:54Z,2026-06-30,World Cup,Netherlands vs Morocco,soufiane rahimi,cards,5.0
2026-06-30,2026-06-30T00:05:54Z,2026-06-30,World Cup,Netherlands vs Morocco,ayoub el kaabi,cards,6.0
2026-06-30,2026-06-30T00:05:54Z,2026-06-30,World Cup,Netherlands vs Morocco,memphis depay,cards,5.0
2026-06-30,2026-06-30T00:05:54Z,2026-06-30,World Cup,Netherlands vs Morocco,anass salah-eddine,cards,4.3
2026-06-30,2026-06-30T00:05:54Z,2026-06-30,World Cup,Netherlands vs Morocco,tijjani reijnders,cards,6.0
2026-06-30,2026-06-30T00:05:54Z,2026-06-30,World Cup,Netherlands vs Morocco,redouane halhal,cards,5.4
2026-06-30,2026-06-30T00:05:54Z,2026-06-30,World Cup,Netherlands vs Morocco,donyell malen,cards,6.0
2026-06-30,2026-06-30T08:02:52Z,2026-06-30,World Cup,France vs Sweden,isak hien,goals,31.0
2026-06-30,2026-06-30T08:02:52Z,2026-07-01,World Cup,Belgium vs Senegal,krepin diatta,sot2,26.0
2026-06-30,2026-06-30T08:02:52Z,2026-07-01,World Cup,Belgium vs Senegal,arthur theate,sot2,19.0
2026-06-30,2026-06-30T08:02:52Z,2026-07-01,World Cup,Belgium vs Senegal,el hadji diouf,sot2,31.0
2026-06-30,2026-06-30T08:02:52Z,2026-07-01,World Cup,Belgium vs Senegal,iliman-cheikh ndiaye,sot3,26.0
2026-06-30,2026-06-30T08:02:52Z,2026-07-01,World Cup,Belgium vs Senegal,ibrahim mbaye,sot3,23.0
2026-06-30,2026-06-30T08:02:52Z,2026-07-02,World Cup,USA vs Bosnia & Herzegovina,timothy ream,sot2,29.0
2026-06-30,2026-06-30T08:02:52Z,2026-07-02,World Cup,USA vs Bosnia & Herzegovina,sead kolasinac,sot2,26.0
2026-06-30,2026-06-30T12:25:28Z,2026-07-02,World Cup,Spain vs Austria,david alaba,sot2,20.0
2026-06-30,2026-06-30T12:25:28Z,2026-07-02,World Cup,Spain vs Austria,pau cubarsi,sot2,11.0
2026-06-30,2026-06-30T12:25:28Z,2026-07-02,World Cup,Spain vs Austria,michael gregoritsch,sot3,31.0
2026-06-30,2026-06-30T12:25:28Z,2026-07-02,World Cup,Spain vs Austria,pedro porro,sot3,31.0
2026-06-30,2026-06-30T12:25:28Z,2026-07-02,World Cup,Spain vs Austria,fabian ruiz,sot3,19.0
2026-06-30,2026-06-30T13:14:16Z,2026-06-30,World Cup,Ivory Coast vs Norway,erling braut haaland,goals,1.97
2026-06-30,2026-06-30T13:14:16Z,2026-06-30,World Cup,Ivory Coast vs Norway,alexander sorloth,goals,3.72
2026-06-30,2026-06-30T13:14:16Z,2026-06-30,World Cup,Ivory Coast vs Norway,yan diomande,goals,5.0
2026-06-30,2026-06-30T13:14:16Z,2026-06-30,World Cup,Ivory Coast vs Norway,nicolas pepe,goals,5.17
2026-06-30,2026-06-30T13:14:16Z,2026-06-30,World Cup,Ivory Coast vs Norway,sepe elye wahi,goals,4.2
2026-06-30,2026-06-30T13:14:16Z,2026-06-30,World Cup,Ivory Coast vs Norway,amad diallo,goals,5.27
2026-06-30,2026-06-30T13:14:16Z,2026-06-30,World Cup,Ivory Coast vs Norway,ange-yoan bonny,goals,4.0
2026-06-30,2026-06-30T13:14:16Z,2026-06-30,World Cup,Ivory Coast vs Norway,antonio nusa,goals,5.6
2026-06-30,2026-06-30T13:14:16Z,2026-06-30,World Cup,Ivory Coast vs Norway,andreas schjelderup,goals,4.9
2026-06-30,2026-06-30T13:14:16Z,2026-06-30,World Cup,Ivory Coast vs Norway,oscar bobb,goals,5.0
2026-06-30,2026-06-30T13:14:16Z,2026-06-30,World Cup,Ivory Coast vs Norway,martin odegaard,goals,6.5
2026-06-30,2026-06-30T13:14:16Z,2026-06-30,World Cup,Ivory Coast vs Norway,franck kessie,goals,6.6
2026-06-30,2026-06-30T13:14:16Z,2026-06-30,World Cup,Ivory Coast vs Norway,patrick berg,goals,8.0
2026-06-30,2026-06-30T13:14:16Z,2026-06-30,World Cup,Ivory Coast vs Norway,seko fofana,goals,8.5
2026-06-30,2026-06-30T13:14:16Z,2026-06-30,World Cup,Ivory Coast vs Norway,ibrahim sangare,goals,10.0
2026-06-30,2026-06-30T13:14:16Z,2026-06-30,World Cup,Ivory Coast vs Norway,fredrik aursnes,goals,9.6
2026-06-30,2026-06-30T13:14:16Z,2026-06-30,World Cup,Ivory Coast vs Norway,christ ravynel inao oulai,goals,9.0
2026-06-30,2026-06-30T13:14:16Z,2026-06-30,World Cup,Ivory Coast vs Norway,sander berge,goals,11.0
2026-06-30,2026-06-30T13:14:16Z,2026-06-30,World Cup,Ivory Coast vs Norway,kristoffer ajer,goals,17.0
2026-06-30,2026-06-30T13:14:16Z,2026-06-30,World Cup,Ivory Coast vs Norway,leo skiri ostigard,goals,15.0
2026-06-30,2026-06-30T13:14:16Z,2026-06-30,World Cup,Ivory Coast vs Norway,torbjorn lysaker heggem,goals,13.5
2026-06-30,2026-06-30T13:14:16Z,2026-06-30,World Cup,Ivory Coast vs Norway,marcus pedersen,goals,12.0
2026-06-30,2026-06-30T13:14:16Z,2026-06-30,World Cup,Ivory Coast vs Norway,david moller wolfe,goals,13.5
2026-06-30,2026-06-30T13:14:16Z,2026-06-30,World Cup,Ivory Coast vs Norway,guela doue,goals,19.0
2026-06-30,2026-06-30T13:14:16Z,2026-06-30,World Cup,Ivory Coast vs Norway,christopher operi,goals,15.5
2026-06-30,2026-06-30T13:14:16Z,2026-06-30,World Cup,Ivory Coast vs Norway,wilfried stephane singo,goals,15.0
2026-06-30,2026-06-30T13:14:16Z,2026-06-30,World Cup,Ivory Coast vs Norway,odilon kossounou,goals,17.0
2026-06-30,2026-06-30T13:14:16Z,2026-06-30,World Cup,Ivory Coast vs Norway,emmanuel agbadou,goals,14.0
2026-06-30,2026-06-30T13:14:16Z,2026-06-30,World Cup,Ivory Coast vs Norway,ghislain niclomande konan,goals,14.0
2026-06-30,2026-06-30T13:14:16Z,2026-06-30,World Cup,Ivory Coast vs Norway,ousmane diomande,goals,16.0
2026-06-30,2026-06-30T13:14:16Z,2026-06-30,World Cup,Ivory Coast vs Norway,jorgen strand larsen,goals,3.1
2026-06-30,2026-06-30T13:14:16Z,2026-06-30,World Cup,Ivory Coast vs Norway,evann guessand,goals,3.5
2026-06-30,2026-06-30T13:14:16Z,2026-06-30,World Cup,Ivory Coast vs Norway,jens petter hauge,goals,3.8
2026-06-30,2026-06-30T13:14:16Z,2026-06-30,World Cup,Ivory Coast vs Norway,oumar diakite,goals,4.0
2026-06-30,2026-06-30T13:14:16Z,2026-06-30,World Cup,Ivory Coast vs Norway,parfait guiagon,goals,4.33
2026-06-30,2026-06-30T13:14:16Z,2026-06-30,World Cup,Ivory Coast vs Norway,thelo aasgaard,goals,4.4
2026-06-30,2026-06-30T13:14:16Z,2026-06-30,World Cup,Ivory Coast vs Norway,kristian thorstvedt,goals,4.6
2026-06-30,2026-06-30T13:14:16Z,2026-06-30,World Cup,Ivory Coast vs Norway,simon adingra,goals,4.5
2026-06-30,2026-06-30T13:14:16Z,2026-06-30,World Cup,Ivory Coast vs Norway,bazoumana toure,goals,5.0
2026-06-30,2026-06-30T13:14:16Z,2026-06-30,World Cup,Ivory Coast vs Norway,morten thorsby,goals,6.0
2026-06-30,2026-06-30T13:14:16Z,2026-06-30,World Cup,Ivory Coast vs Norway,jean michael seri,goals,8.5
2026-06-30,2026-06-30T13:14:16Z,2026-06-30,World Cup,Ivory Coast vs Norway,henrik falchener,goals,10.0
2026-06-30,2026-06-30T13:14:16Z,2026-06-30,World Cup,Ivory Coast vs Norway,fredrik andre bjorkan,goals,10.0
2026-06-30,2026-06-30T13:14:16Z,2026-06-30,World Cup,Ivory Coast vs Norway,julian ryerson,goals,13.0
2026-06-30,2026-06-30T13:14:16Z,2026-06-30,World Cup,Ivory Coast vs Norway,evan ndicka,goals,12.0
2026-06-30,2026-06-30T13:14:16Z,2026-06-30,World Cup,Ivory Coast vs Norway,sondre klinge langas,goals,13.0
2026-06-30,2026-06-30T13:14:16Z,2026-06-30,World Cup,Ivory Coast vs Norway,marcus pedersen,sot,4.0
2026-06-30,2026-06-30T13:14:16Z,2026-06-30,World Cup,Ivory Coast vs Norway,kristoffer ajer,sot,5.75
2026-06-30,2026-06-30T13:14:16Z,2026-06-30,World Cup,Ivory Coast vs Norway,alexander sorloth,sot,1.42
2026-06-30,2026-06-30T13:14:16Z,2026-06-30,World Cup,Ivory Coast vs Norway,seko fofana,sot,2.9
2026-06-30,2026-06-30T13:14:16Z,2026-06-30,World Cup,Ivory Coast vs Norway,sander berge,sot,4.0
2026-06-30,2026-06-30T13:14:16Z,2026-06-30,World Cup,Ivory Coast vs Norway,patrick berg,sot,2.7
2026-06-30,2026-06-30T13:14:16Z,2026-06-30,World Cup,Ivory Coast vs Norway,martin odegaard,sot,1.91
2026-06-30,2026-06-30T13:14:16Z,2026-06-30,World Cup,Ivory Coast vs Norway,julian ryerson,sot,4.0
2026-06-30,2026-06-30T13:14:16Z,2026-06-30,World Cup,Ivory Coast vs Norway,fredrik andre bjorkan,sot,4.8
2026-06-30,2026-06-30T13:14:16Z,2026-06-30,World Cup,Ivory Coast vs Norway,jens petter hauge,sot,1.68
2026-06-30,2026-06-30T13:14:16Z,2026-06-30,World Cup,Ivory Coast vs Norway,ibrahim sangare,sot,3.9
2026-06-30,2026-06-30T13:14:16Z,2026-06-30,World Cup,Ivory Coast vs Norway,nicolas pepe,sot,1.75
2026-06-30,2026-06-30T13:14:16Z,2026-06-30,World Cup,Ivory Coast vs Norway,christopher operi,sot,5.25
2026-06-30,2026-06-30T13:14:16Z,2026-06-30,World Cup,Ivory Coast vs Norway,morten thorsby,sot,2.15
2026-06-30,2026-06-30T13:14:16Z,2026-06-30,World Cup,Ivory Coast vs Norway,leo skiri ostigard,sot,4.2
2026-06-30,2026-06-30T13:14:16Z,2026-06-30,World Cup,Ivory Coast vs Norway,franck kessie,sot,2.3
2026-06-30,2026-06-30T13:14:16Z,2026-06-30,World Cup,Ivory Coast vs Norway,evan ndicka,sot,5.8
2026-06-30,2026-06-30T13:14:16Z,2026-06-30,World Cup,Ivory Coast vs Norway,jean michael seri,sot,3.75
2026-06-30,2026-06-30T13:14:16Z,2026-06-30,World Cup,Ivory Coast vs Norway,torbjorn lysaker heggem,sot,5.8
2026-06-30,2026-06-30T13:14:16Z,2026-06-30,World Cup,Ivory Coast vs Norway,ghislain niclomande konan,sot,5.0
2026-06-30,2026-06-30T13:14:16Z,2026-06-30,World Cup,Ivory Coast vs Norway,wilfried stephane singo,sot,5.0
2026-06-30,2026-06-30T13:14:16Z,2026-06-30,World Cup,Ivory Coast vs Norway,odilon kossounou,sot,7.0
2026-06-30,2026-06-30T13:14:16Z,2026-06-30,World Cup,Ivory Coast vs Norway,kristian thorstvedt,sot,1.91
2026-06-30,2026-06-30T13:14:16Z,2026-06-30,World Cup,Ivory Coast vs Norway,evann guessand,sot,1.95
2026-06-30,2026-06-30T13:14:16Z,2026-06-30,World Cup,Ivory Coast vs Norway,henrik falchener,sot,3.95
2026-06-30,2026-06-30T13:14:16Z,2026-06-30,World Cup,Ivory Coast vs Norway,emmanuel agbadou,sot,6.0
2026-06-30,2026-06-30T13:14:16Z,2026-06-30,World Cup,Ivory Coast vs Norway,ange-yoan bonny,sot,1.75
2026-06-30,2026-06-30T13:14:16Z,2026-06-30,World Cup,Ivory Coast vs Norway,sepe elye wahi,sot,1.86
2026-06-30,2026-06-30T13:14:16Z,2026-06-30,World Cup,Ivory Coast vs Norway,andreas schjelderup,sot,1.8
2026-06-30,2026-06-30T13:14:16Z,2026-06-30,World Cup,Ivory Coast vs Norway,amad diallo,sot,1.71
2026-06-30,2026-06-30T13:14:16Z,2026-06-30,World Cup,Ivory Coast vs Norway,erling braut haaland,sot,1.16
2026-06-30,2026-06-30T13:14:16Z,2026-06-30,World Cup,Ivory Coast vs Norway,fredrik aursnes,sot,2.9
2026-06-30,2026-06-30T13:14:16Z,2026-06-30,World Cup,Ivory Coast vs Norway,simon adingra,sot,1.95
2026-06-30,2026-06-30T13:14:16Z,2026-06-30,World Cup,Ivory Coast vs Norway,david moller wolfe,sot,4.6
2026-06-30,2026-06-30T13:14:16Z,2026-06-30,World Cup,Ivory Coast vs Norway,antonio nusa,sot,1.75
2026-06-30,2026-06-30T13:14:16Z,2026-06-30,World Cup,Ivory Coast vs Norway,oscar bobb,sot,1.86
2026-06-30,2026-06-30T13:14:16Z,2026-06-30,World Cup,Ivory Coast vs Norway,ousmane diomande,sot,5.75
2026-06-30,2026-06-30T13:14:16Z,2026-06-30,World Cup,Ivory Coast vs Norway,parfait guiagon,sot,2.25
2026-06-30,2026-06-30T13:14:16Z,2026-06-30,World Cup,Ivory Coast vs Norway,oumar diakite,sot,1.8
2026-06-30,2026-06-30T13:14:16Z,2026-06-30,World Cup,Ivory Coast vs Norway,guela doue,sot,5.0
2026-06-30,2026-06-30T13:14:16Z,2026-06-30,World Cup,Ivory Coast vs Norway,bazoumana toure,sot,2.0
2026-06-30,2026-06-30T13:14:16Z,2026-06-30,World Cup,Ivory Coast vs Norway,christ ravynel inao oulai,sot,3.9
2026-06-30,2026-06-30T13:14:16Z,2026-06-30,World Cup,Ivory Coast vs Norway,jorgen strand larsen,sot,1.35
2026-06-30,2026-06-30T13:14:16Z,2026-06-30,World Cup,Ivory Coast vs Norway,yan diomande,sot,2.0
2026-06-30,2026-06-30T13:14:16Z,2026-06-30,World Cup,Ivory Coast vs Norway,thelo aasgaard,sot,1.67
2026-06-30,2026-06-30T13:14:16Z,2026-06-30,World Cup,Ivory Coast vs Norway,sondre klinge langas,sot,5.0
2026-06-30,2026-06-30T13:14:16Z,2026-06-30,World Cup,Ivory Coast vs Norway,marcus pedersen,sot2,26.0
2026-06-30,2026-06-30T13:14:16Z,2026-06-30,World Cup,Ivory Coast vs Norway,alexander sorloth,sot2,3.25
2026-06-30,2026-06-30T13:14:16Z,2026-06-30,World Cup,Ivory Coast vs Norway,seko fofana,sot2,14.0
2026-06-30,2026-06-30T13:14:16Z,2026-06-30,World Cup,Ivory Coast vs Norway,sander berge,sot2,26.0
2026-06-30,2026-06-30T13:14:16Z,2026-06-30,World Cup,Ivory Coast vs Norway,patrick berg,sot2,10.5
2026-06-30,2026-06-30T13:14:16Z,2026-06-30,World Cup,Ivory Coast vs Norway,martin odegaard,sot2,7.0
2026-06-30,2026-06-30T13:14:16Z,2026-06-30,World Cup,Ivory Coast vs Norway,julian ryerson,sot2,15.0
2026-06-30,2026-06-30T13:14:16Z,2026-06-30,World Cup,Ivory Coast vs Norway,jens petter hauge,sot2,4.5
2026-06-30,2026-06-30T13:14:16Z,2026-06-30,World Cup,Ivory Coast vs Norway,ibrahim sangare,sot2,23.0
2026-06-30,2026-06-30T13:14:16Z,2026-06-30,World Cup,Ivory Coast vs Norway,nicolas pepe,sot2,5.75
2026-06-30,2026-06-30T13:14:16Z,2026-06-30,World Cup,Ivory Coast vs Norway,morten thorsby,sot2,6.5
2026-06-30,2026-06-30T13:14:16Z,2026-06-30,World Cup,Ivory Coast vs Norway,leo skiri ostigard,sot2,29.0
2026-06-30,2026-06-30T13:14:16Z,2026-06-30,World Cup,Ivory Coast vs Norway,franck kessie,sot2,11.0
2026-06-30,2026-06-30T13:14:16Z,2026-06-30,World Cup,Ivory Coast vs Norway,jean michael seri,sot2,14.0
2026-06-30,2026-06-30T13:14:16Z,2026-06-30,World Cup,Ivory Coast vs Norway,kristian thorstvedt,sot2,5.75
2026-06-30,2026-06-30T13:14:16Z,2026-06-30,World Cup,Ivory Coast vs Norway,evann guessand,sot2,6.0
2026-06-30,2026-06-30T13:14:16Z,2026-06-30,World Cup,Ivory Coast vs Norway,henrik falchener,sot2,26.0
2026-06-30,2026-06-30T13:14:16Z,2026-06-30,World Cup,Ivory Coast vs Norway,ange-yoan bonny,sot2,5.75
2026-06-30,2026-06-30T13:14:16Z,2026-06-30,World Cup,Ivory Coast vs Norway,sepe elye wahi,sot2,5.5
2026-06-30,2026-06-30T13:14:16Z,2026-06-30,World Cup,Ivory Coast vs Norway,andreas schjelderup,sot2,4.1
2026-06-30,2026-06-30T13:14:16Z,2026-06-30,World Cup,Ivory Coast vs Norway,amad diallo,sot2,4.5
2026-06-30,2026-06-30T13:14:16Z,2026-06-30,World Cup,Ivory Coast vs Norway,erling braut haaland,sot2,1.5
2026-06-30,2026-06-30T13:14:16Z,2026-06-30,World Cup,Ivory Coast vs Norway,fredrik aursnes,sot2,14.0
2026-06-30,2026-06-30T13:14:16Z,2026-06-30,World Cup,Ivory Coast vs Norway,simon adingra,sot2,6.0
2026-06-30,2026-06-30T13:14:16Z,2026-06-30,World Cup,Ivory Coast vs Norway,david moller wolfe,sot2,31.0
2026-06-30,2026-06-30T13:14:16Z,2026-06-30,World Cup,Ivory Coast vs Norway,antonio nusa,sot2,5.25
2026-06-30,2026-06-30T13:14:16Z,2026-06-30,World Cup,Ivory Coast vs Norway,oscar bobb,sot2,5.5
2026-06-30,2026-06-30T13:14:16Z,2026-06-30,World Cup,Ivory Coast vs Norway,parfait guiagon,sot2,6.0
2026-06-30,2026-06-30T13:14:16Z,2026-06-30,World Cup,Ivory Coast vs Norway,oumar diakite,sot2,4.3
2026-06-30,2026-06-30T13:14:16Z,2026-06-30,World Cup,Ivory Coast vs Norway,bazoumana toure,sot2,6.0
2026-06-30,2026-06-30T13:14:16Z,2026-06-30,World Cup,Ivory Coast vs Norway,christ ravynel inao oulai,sot2,23.0
2026-06-30,2026-06-30T13:14:16Z,2026-06-30,World Cup,Ivory Coast vs Norway,jorgen strand larsen,sot2,2.7
2026-06-30,2026-06-30T13:14:16Z,2026-06-30,World Cup,Ivory Coast vs Norway,yan diomande,sot2,6.0
2026-06-30,2026-06-30T13:14:16Z,2026-06-30,World Cup,Ivory Coast vs Norway,thelo aasgaard,sot2,4.0
2026-06-30,2026-06-30T13:14:16Z,2026-06-30,World Cup,Ivory Coast vs Norway,alexander sorloth,sot3,9.0
2026-06-30,2026-06-30T13:14:16Z,2026-06-30,World Cup,Ivory Coast vs Norway,martin odegaard,sot3,31.0
2026-06-30,2026-06-30T13:14:16Z,2026-06-30,World Cup,Ivory Coast vs Norway,jens petter hauge,sot3,15.0
2026-06-30,2026-06-30T13:14:16Z,2026-06-30,World Cup,Ivory Coast vs Norway,nicolas pepe,sot3,21.0
2026-06-30,2026-06-30T13:14:16Z,2026-06-30,World Cup,Ivory Coast vs Norway,morten thorsby,sot3,26.0
2026-06-30,2026-06-30T13:14:16Z,2026-06-30,World Cup,Ivory Coast vs Norway,kristian thorstvedt,sot3,21.0
2026-06-30,2026-06-30T13:14:16Z,2026-06-30,World Cup,Ivory Coast vs Norway,evann guessand,sot3,23.0
2026-06-30,2026-06-30T13:14:16Z,2026-06-30,World Cup,Ivory Coast vs Norway,ange-yoan bonny,sot3,21.0
2026-06-30,2026-06-30T13:14:16Z,2026-06-30,World Cup,Ivory Coast vs Norway,sepe elye wahi,sot3,21.0
2026-06-30,2026-06-30T13:14:16Z,2026-06-30,World Cup,Ivory Coast vs Norway,andreas schjelderup,sot3,13.0
2026-06-30,2026-06-30T13:14:16Z,2026-06-30,World Cup,Ivory Coast vs Norway,amad diallo,sot3,16.0
2026-06-30,2026-06-30T13:14:16Z,2026-06-30,World Cup,Ivory Coast vs Norway,erling braut haaland,sot3,3.35
2026-06-30,2026-06-30T13:14:16Z,2026-06-30,World Cup,Ivory Coast vs Norway,simon adingra,sot3,23.0
2026-06-30,2026-06-30T13:14:16Z,2026-06-30,World Cup,Ivory Coast vs Norway,antonio nusa,sot3,20.0
2026-06-30,2026-06-30T13:14:16Z,2026-06-30,World Cup,Ivory Coast vs Norway,oscar bobb,sot3,21.0
2026-06-30,2026-06-30T13:14:16Z,2026-06-30,World Cup,Ivory Coast vs Norway,parfait guiagon,sot3,23.0
2026-06-30,2026-06-30T13:14:16Z,2026-06-30,World Cup,Ivory Coast vs Norway,oumar diakite,sot3,14.0
2026-06-30,2026-06-30T13:14:16Z,2026-06-30,World Cup,Ivory Coast vs Norway,bazoumana toure,sot3,26.0
2026-06-30,2026-06-30T13:14:16Z,2026-06-30,World Cup,Ivory Coast vs Norway,jorgen strand larsen,sot3,6.5
2026-06-30,2026-06-30T13:14:16Z,2026-06-30,World Cup,Ivory Coast vs Norway,yan diomande,sot3,23.0
2026-06-30,2026-06-30T13:14:16Z,2026-06-30,World Cup,Ivory Coast vs Norway,thelo aasgaard,sot3,13.0
2026-06-30,2026-06-30T13:14:16Z,2026-06-30,World Cup,Ivory Coast vs Norway,ibrahim sangare,cards,3.7
2026-06-30,2026-06-30T13:14:16Z,2026-06-30,World Cup,Ivory Coast vs Norway,alexander sorloth,cards,4.75
2026-06-30,2026-06-30T13:14:16Z,2026-06-30,World Cup,Ivory Coast vs Norway,guela doue,cards,4.33
2026-06-30,2026-06-30T13:14:16Z,2026-06-30,World Cup,Ivory Coast vs Norway,ousmane diomande,cards,4.0
2026-06-30,2026-06-30T13:14:16Z,2026-06-30,World Cup,Ivory Coast vs Norway,christ ravynel inao oulai,cards,4.0
2026-06-30,2026-06-30T13:14:16Z,2026-06-30,World Cup,Ivory Coast vs Norway,odilon kossounou,cards,4.75
2026-06-30,2026-06-30T13:14:16Z,2026-06-30,World Cup,Ivory Coast vs Norway,franck kessie,cards,4.75
2026-06-30,2026-06-30T13:14:16Z,2026-06-30,World Cup,Ivory Coast vs Norway,yan diomande,cards,5.0
2026-06-30,2026-06-30T13:14:16Z,2026-06-30,World Cup,Ivory Coast vs Norway,torbjorn lysaker heggem,cards,6.5
2026-06-30,2026-06-30T13:14:16Z,2026-06-30,World Cup,Ivory Coast vs Norway,sepe elye wahi,cards,4.33
2026-06-30,2026-06-30T13:14:16Z,2026-06-30,World Cup,Ivory Coast vs Norway,kristoffer ajer,cards,4.8
2026-06-30,2026-06-30T13:14:16Z,2026-06-30,World Cup,Ivory Coast vs Norway,david moller wolfe,cards,4.8
2026-06-30,2026-06-30T13:14:16Z,2026-06-30,World Cup,Ivory Coast vs Norway,emmanuel agbadou,cards,4.75
2026-06-30,2026-06-30T13:14:16Z,2026-06-30,World Cup,Ivory Coast vs Norway,christopher operi,cards,4.6
2026-06-30,2026-06-30T13:14:16Z,2026-06-30,World Cup,Ivory Coast vs Norway,ghislain niclomande konan,cards,6.5
2026-06-30,2026-06-30T13:14:16Z,2026-06-30,World Cup,Ivory Coast vs Norway,seko fofana,cards,6.5
2026-06-30,2026-06-30T13:14:16Z,2026-06-30,World Cup,Ivory Coast vs Norway,patrick berg,cards,4.75
2026-06-30,2026-06-30T13:14:16Z,2026-06-30,World Cup,Ivory Coast vs Norway,sander berge,cards,4.8
2026-06-30,2026-06-30T13:14:16Z,2026-06-30,World Cup,Ivory Coast vs Norway,marcus pedersen,cards,4.8
2026-06-30,2026-06-30T13:14:16Z,2026-06-30,World Cup,Ivory Coast vs Norway,ange-yoan bonny,cards,5.0
2026-06-30,2026-06-30T13:14:16Z,2026-06-30,World Cup,Ivory Coast vs Norway,leo skiri ostigard,cards,5.2
2026-06-30,2026-06-30T13:14:16Z,2026-06-30,World Cup,Ivory Coast vs Norway,amad diallo,cards,5.2
2026-06-30,2026-06-30T13:14:16Z,2026-06-30,World Cup,Ivory Coast vs Norway,fredrik aursnes,cards,5.4
2026-06-30,2026-06-30T13:14:16Z,2026-06-30,World Cup,Ivory Coast vs Norway,erling braut haaland,cards,6.5
2026-06-30,2026-06-30T13:14:16Z,2026-06-30,World Cup,Ivory Coast vs Norway,martin odegaard,cards,7.0
2026-06-30,2026-06-30T13:14:16Z,2026-06-30,World Cup,Ivory Coast vs Norway,oscar bobb,cards,8.5
2026-06-30,2026-06-30T13:14:16Z,2026-06-30,World Cup,Ivory Coast vs Norway,nicolas pepe,cards,7.0
2026-06-30,2026-06-30T13:14:16Z,2026-06-30,World Cup,Ivory Coast vs Norway,andreas schjelderup,cards,7.0
2026-06-30,2026-06-30T13:14:16Z,2026-06-30,World Cup,Ivory Coast vs Norway,antonio nusa,cards,9.0
2026-06-30,2026-06-30T13:14:16Z,2026-06-30,World Cup,Ivory Coast vs Norway,morten thorsby,cards,3.25
2026-06-30,2026-06-30T13:14:16Z,2026-06-30,World Cup,Ivory Coast vs Norway,kristian thorstvedt,cards,3.5
2026-06-30,2026-06-30T13:14:16Z,2026-06-30,World Cup,Ivory Coast vs Norway,wilfried stephane singo,cards,4.33
2026-06-30,2026-06-30T13:14:16Z,2026-06-30,World Cup,Ivory Coast vs Norway,julian ryerson,cards,3.9
2026-06-30,2026-06-30T13:14:16Z,2026-06-30,World Cup,Ivory Coast vs Norway,jean michael seri,cards,4.2
2026-06-30,2026-06-30T13:14:16Z,2026-06-30,World Cup,Ivory Coast vs Norway,sondre klinge langas,cards,4.33
2026-06-30,2026-06-30T13:14:16Z,2026-06-30,World Cup,Ivory Coast vs Norway,oumar diakite,cards,4.8
2026-06-30,2026-06-30T13:14:16Z,2026-06-30,World Cup,Ivory Coast vs Norway,jorgen strand larsen,cards,4.75
2026-06-30,2026-06-30T13:14:16Z,2026-06-30,World Cup,Ivory Coast vs Norway,parfait guiagon,cards,4.75
2026-06-30,2026-06-30T13:14:16Z,2026-06-30,World Cup,Ivory Coast vs Norway,jens petter hauge,cards,4.75
2026-06-30,2026-06-30T13:14:16Z,2026-06-30,World Cup,Ivory Coast vs Norway,henrik falchener,cards,4.75
2026-06-30,2026-06-30T13:14:16Z,2026-06-30,World Cup,Ivory Coast vs Norway,thelo aasgaard,cards,5.25
2026-06-30,2026-06-30T13:14:16Z,2026-06-30,World Cup,Ivory Coast vs Norway,evan ndicka,cards,5.5
2026-06-30,2026-06-30T13:14:16Z,2026-06-30,World Cup,Ivory Coast vs Norway,bazoumana toure,cards,5.5
2026-06-30,2026-06-30T13:14:16Z,2026-06-30,World Cup,Ivory Coast vs Norway,yahia fofana,cards,6.5
2026-06-30,2026-06-30T13:14:16Z,2026-06-30,World Cup,Ivory Coast vs Norway,fredrik andre bjorkan,cards,5.8
2026-06-30,2026-06-30T13:14:16Z,2026-06-30,World Cup,Ivory Coast vs Norway,sander tangvik,cards,7.0
2026-06-30,2026-06-30T13:14:16Z,2026-06-30,World Cup,Ivory Coast vs Norway,simon adingra,cards,6.0
2026-06-30,2026-06-30T13:14:16Z,2026-06-30,World Cup,Ivory Coast vs Norway,egil selvik,cards,7.5
2026-06-30,2026-06-30T13:14:16Z,2026-06-30,World Cup,Ivory Coast vs Norway,evann guessand,cards,6.5
2026-06-30,2026-06-30T13:14:16Z,2026-06-30,World Cup,Ivory Coast vs Norway,alban lafont,cards,8.0
2026-06-30,2026-06-30T13:14:16Z,2026-06-30,World Cup,Ivory Coast vs Norway,orjan nyland,cards,9.5
2026-06-30,2026-06-30T13:14:16Z,2026-06-30,World Cup,Ivory Coast vs Norway,mohamed kone,cards,8.0
2026-06-30,2026-06-30T13:14:16Z,2026-06-30,World Cup,France vs Sweden,kylian mbappe,goals,2.18
2026-06-30,2026-06-30T13:14:16Z,2026-06-30,World Cup,France vs Sweden,marcus thuram,goals,2.1
2026-06-30,2026-06-30T13:14:16Z,2026-06-30,World Cup,France vs Sweden,jean-philippe mateta,goals,2.1
2026-06-30,2026-06-30T13:14:16Z,2026-06-30,World Cup,France vs Sweden,ousmane dembele,goals,2.4
2026-06-30,2026-06-30T13:14:16Z,2026-06-30,World Cup,France vs Sweden,michael olise,goals,3.12
2026-06-30,2026-06-30T13:14:16Z,2026-06-30,World Cup,France vs Sweden,desire doue,goals,2.8
2026-06-30,2026-06-30T13:14:16Z,2026-06-30,World Cup,France vs Sweden,rayan cherki,goals,2.65
2026-06-30,2026-06-30T13:14:16Z,2026-06-30,World Cup,France vs Sweden,bradley barcola,goals,3.44
2026-06-30,2026-06-30T13:14:16Z,2026-06-30,World Cup,France vs Sweden,maghnes akliouche,goals,3.0
2026-06-30,2026-06-30T13:14:16Z,2026-06-30,World Cup,France vs Sweden,viktor gyokeres,goals,4.47
2026-06-30,2026-06-30T13:14:16Z,2026-06-30,World Cup,France vs Sweden,alexander isak,goals,4.98
2026-06-30,2026-06-30T13:14:16Z,2026-06-30,World Cup,France vs Sweden,adrien rabiot,goals,5.4
2026-06-30,2026-06-30T13:14:16Z,2026-06-30,World Cup,France vs Sweden,gustaf nilsson,goals,5.0
2026-06-30,2026-06-30T13:14:16Z,2026-06-30,World Cup,France vs Sweden,warren zaire-emery,goals,5.5
2026-06-30,2026-06-30T13:14:16Z,2026-06-30,World Cup,France vs Sweden,n'golo kante,goals,5.5
2026-06-30,2026-06-30T13:14:16Z,2026-06-30,World Cup,France vs Sweden,mattias svanberg,goals,11.0
2026-06-30,2026-06-30T13:14:16Z,2026-06-30,World Cup,France vs Sweden,anthony elanga,goals,8.79
2026-06-30,2026-06-30T13:14:16Z,2026-06-30,World Cup,France vs Sweden,benjamin nygren,goals,7.5
2026-06-30,2026-06-30T13:14:16Z,2026-06-30,World Cup,France vs Sweden,jules kounde,goals,11.0
2026-06-30,2026-06-30T13:14:16Z,2026-06-30,World Cup,France vs Sweden,theo hernandez,goals,8.0
2026-06-30,2026-06-30T13:14:16Z,2026-06-30,World Cup,France vs Sweden,aurelien tchouameni,goals,8.5
2026-06-30,2026-06-30T13:14:16Z,2026-06-30,World Cup,France vs Sweden,manu kone,goals,7.4
2026-06-30,2026-06-30T13:14:16Z,2026-06-30,World Cup,France vs Sweden,taha abdi ali,goals,7.5
2026-06-30,2026-06-30T13:14:16Z,2026-06-30,World Cup,France vs Sweden,yasin ayari,goals,11.5
2026-06-30,2026-06-30T13:14:16Z,2026-06-30,World Cup,France vs Sweden,alexander bernhardsson,goals,12.0
2026-06-30,2026-06-30T13:14:16Z,2026-06-30,World Cup,France vs Sweden,elliot stroud,goals,11.0
2026-06-30,2026-06-30T13:14:16Z,2026-06-30,World Cup,France vs Sweden,dayot upamecano,goals,9.5
2026-06-30,2026-06-30T13:14:16Z,2026-06-30,World Cup,France vs Sweden,besfort zeneli,goals,9.5
2026-06-30,2026-06-30T13:14:16Z,2026-06-30,World Cup,France vs Sweden,lucas digne,goals,10.0
2026-06-30,2026-06-30T13:14:16Z,2026-06-30,World Cup,France vs Sweden,lucas bergvall,goals,11.5
2026-06-30,2026-06-30T13:14:16Z,2026-06-30,World Cup,France vs Sweden,malo gusto,goals,10.0
2026-06-30,2026-06-30T13:14:16Z,2026-06-30,World Cup,France vs Sweden,ken sema,goals,11.0
2026-06-30,2026-06-30T13:14:16Z,2026-06-30,World Cup,France vs Sweden,herman johansson,goals,11.0
2026-06-30,2026-06-30T13:14:16Z,2026-06-30,World Cup,France vs Sweden,lucas hernandez,goals,12.0
2026-06-30,2026-06-30T13:14:16Z,2026-06-30,World Cup,France vs Sweden,ibrahim konate,goals,12.0
2026-06-30,2026-06-30T13:14:16Z,2026-06-30,World Cup,France vs Sweden,william saliba,goals,13.0
2026-06-30,2026-06-30T13:14:16Z,2026-06-30,World Cup,France vs Sweden,eric smith,goals,15.0
2026-06-30,2026-06-30T13:14:16Z,2026-06-30,World Cup,France vs Sweden,daniel svensson,goals,15.0
2026-06-30,2026-06-30T13:14:16Z,2026-06-30,World Cup,France vs Sweden,maxence lacroix,goals,16.5
2026-06-30,2026-06-30T13:14:16Z,2026-06-30,World Cup,France vs Sweden,gustaf lagerbielke,goals,21.0
2026-06-30,2026-06-30T13:14:16Z,2026-06-30,World Cup,France vs Sweden,jesper karlstrom,goals,23.0
2026-06-30,2026-06-30T13:14:16Z,2026-06-30,World Cup,France vs Sweden,carl starfelt,goals,23.0
2026-06-30,2026-06-30T13:14:16Z,2026-06-30,World Cup,France vs Sweden,gabriel gudmundsson,goals,21.0
2026-06-30,2026-06-30T13:14:16Z,2026-06-30,World Cup,France vs Sweden,hjalmar ekdal,goals,21.0
2026-06-30,2026-06-30T13:14:16Z,2026-06-30,World Cup,France vs Sweden,victor lindelof,goals,29.0
2026-06-30,2026-06-30T13:14:16Z,2026-06-30,World Cup,France vs Sweden,ken sema,sot,4.0
2026-06-30,2026-06-30T13:14:16Z,2026-06-30,World Cup,France vs Sweden,eric smith,sot,6.5
2026-06-30,2026-06-30T13:14:16Z,2026-06-30,World Cup,France vs Sweden,adrien rabiot,sot,2.4
2026-06-30,2026-06-30T13:14:16Z,2026-06-30,World Cup,France vs Sweden,lucas digne,sot,3.75
2026-06-30,2026-06-30T13:14:16Z,2026-06-30,World Cup,France vs Sweden,gustaf nilsson,sot,2.2
2026-06-30,2026-06-30T13:14:16Z,2026-06-30,World Cup,France vs Sweden,mattias svanberg,sot,2.7
2026-06-30,2026-06-30T13:14:16Z,2026-06-30,World Cup,France vs Sweden,ousmane dembele,sot,1.26
2026-06-30,2026-06-30T13:14:16Z,2026-06-30,World Cup,France vs Sweden,jules kounde,sot,4.4
2026-06-30,2026-06-30T13:14:16Z,2026-06-30,World Cup,France vs Sweden,alexander isak,sot,1.9
2026-06-30,2026-06-30T13:14:16Z,2026-06-30,World Cup,France vs Sweden,victor lindelof,sot,7.5
2026-06-30,2026-06-30T13:14:16Z,2026-06-30,World Cup,France vs Sweden,dayot upamecano,sot,4.1
2026-06-30,2026-06-30T13:14:16Z,2026-06-30,World Cup,France vs Sweden,jean-philippe mateta,sot,1.2
2026-06-30,2026-06-30T13:14:16Z,2026-06-30,World Cup,France vs Sweden,marcus thuram,sot,1.27
2026-06-30,2026-06-30T13:14:16Z,2026-06-30,World Cup,France vs Sweden,gabriel gudmundsson,sot,7.5
2026-06-30,2026-06-30T13:14:16Z,2026-06-30,World Cup,France vs Sweden,ibrahim konate,sot,4.0
2026-06-30,2026-06-30T13:14:16Z,2026-06-30,World Cup,France vs Sweden,theo hernandez,sot,2.7
2026-06-30,2026-06-30T13:14:16Z,2026-06-30,World Cup,France vs Sweden,aurelien tchouameni,sot,3.1
2026-06-30,2026-06-30T13:14:16Z,2026-06-30,World Cup,France vs Sweden,kylian mbappe,sot,1.11
2026-06-30,2026-06-30T13:14:16Z,2026-06-30,World Cup,France vs Sweden,n'golo kante,sot,2.9
2026-06-30,2026-06-30T13:14:16Z,2026-06-30,World Cup,France vs Sweden,lucas hernandez,sot,5.0
2026-06-30,2026-06-30T13:14:16Z,2026-06-30,World Cup,France vs Sweden,william saliba,sot,4.6
2026-06-30,2026-06-30T13:14:16Z,2026-06-30,World Cup,France vs Sweden,maxence lacroix,sot,3.1
2026-06-30,2026-06-30T13:14:16Z,2026-06-30,World Cup,France vs Sweden,michael olise,sot,1.37
2026-06-30,2026-06-30T13:14:16Z,2026-06-30,World Cup,France vs Sweden,hjalmar ekdal,sot,9.0
2026-06-30,2026-06-30T13:14:16Z,2026-06-30,World Cup,France vs Sweden,benjamin nygren,sot,2.45
2026-06-30,2026-06-30T13:14:16Z,2026-06-30,World Cup,France vs Sweden,bradley barcola,sot,1.4
2026-06-30,2026-06-30T13:14:16Z,2026-06-30,World Cup,France vs Sweden,rayan cherki,sot,1.44
2026-06-30,2026-06-30T13:14:16Z,2026-06-30,World Cup,France vs Sweden,carl starfelt,sot,7.5
2026-06-30,2026-06-30T13:14:16Z,2026-06-30,World Cup,France vs Sweden,alexander bernhardsson,sot,3.75
2026-06-30,2026-06-30T13:14:16Z,2026-06-30,World Cup,France vs Sweden,yasin ayari,sot,3.0
2026-06-30,2026-06-30T13:14:16Z,2026-06-30,World Cup,France vs Sweden,anthony elanga,sot,2.7
2026-06-30,2026-06-30T13:14:16Z,2026-06-30,World Cup,France vs Sweden,malo gusto,sot,3.75
2026-06-30,2026-06-30T13:14:16Z,2026-06-30,World Cup,France vs Sweden,daniel svensson,sot,5.8
2026-06-30,2026-06-30T13:14:16Z,2026-06-30,World Cup,France vs Sweden,herman johansson,sot,3.75
2026-06-30,2026-06-30T13:14:16Z,2026-06-30,World Cup,France vs Sweden,taha abdi ali,sot,3.4
2026-06-30,2026-06-30T13:14:16Z,2026-06-30,World Cup,France vs Sweden,maghnes akliouche,sot,1.39
2026-06-30,2026-06-30T13:14:16Z,2026-06-30,World Cup,France vs Sweden,gustaf lagerbielke,sot,8.0
2026-06-30,2026-06-30T13:14:16Z,2026-06-30,World Cup,France vs Sweden,desire doue,sot,1.4
2026-06-30,2026-06-30T13:14:16Z,2026-06-30,World Cup,France vs Sweden,besfort zeneli,sot,3.6
2026-06-30,2026-06-30T13:14:16Z,2026-06-30,World Cup,France vs Sweden,lucas bergvall,sot,3.5
2026-06-30,2026-06-30T13:14:16Z,2026-06-30,World Cup,France vs Sweden,warren zaire-emery,sot,2.45
2026-06-30,2026-06-30T13:14:16Z,2026-06-30,World Cup,France vs Sweden,viktor gyokeres,sot,1.8
2026-06-30,2026-06-30T13:14:16Z,2026-06-30,World Cup,France vs Sweden,elliot stroud,sot,3.9
2026-06-30,2026-06-30T13:14:16Z,2026-06-30,World Cup,France vs Sweden,manu kone,sot,2.45
2026-06-30,2026-06-30T13:14:16Z,2026-06-30,World Cup,France vs Sweden,jesper karlstrom,sot,7.0
2026-06-30,2026-06-30T13:14:16Z,2026-06-30,World Cup,France vs Sweden,ken sema,sot2,23.0
2026-06-30,2026-06-30T13:14:16Z,2026-06-30,World Cup,France vs Sweden,adrien rabiot,sot2,8.0
2026-06-30,2026-06-30T13:14:16Z,2026-06-30,World Cup,France vs Sweden,lucas digne,sot2,23.0
2026-06-30,2026-06-30T13:14:16Z,2026-06-30,World Cup,France vs Sweden,gustaf nilsson,sot2,7.5
2026-06-30,2026-06-30T13:14:16Z,2026-06-30,World Cup,France vs Sweden,mattias svanberg,sot2,12.0
2026-06-30,2026-06-30T13:14:16Z,2026-06-30,World Cup,France vs Sweden,ousmane dembele,sot2,2.0
2026-06-30,2026-06-30T13:14:16Z,2026-06-30,World Cup,France vs Sweden,jules kounde,sot2,31.0
2026-06-30,2026-06-30T13:14:16Z,2026-06-30,World Cup,France vs Sweden,alexander isak,sot2,7.0
2026-06-30,2026-06-30T13:14:16Z,2026-06-30,World Cup,France vs Sweden,dayot upamecano,sot2,26.0
2026-06-30,2026-06-30T13:14:16Z,2026-06-30,World Cup,France vs Sweden,jean-philippe mateta,sot2,1.8
2026-06-30,2026-06-30T13:14:16Z,2026-06-30,World Cup,France vs Sweden,marcus thuram,sot2,2.2
2026-06-30,2026-06-30T13:14:16Z,2026-06-30,World Cup,France vs Sweden,ibrahim konate,sot2,23.0
2026-06-30,2026-06-30T13:14:16Z,2026-06-30,World Cup,France vs Sweden,theo hernandez,sot2,11.0
2026-06-30,2026-06-30T13:14:16Z,2026-06-30,World Cup,France vs Sweden,aurelien tchouameni,sot2,16.0
2026-06-30,2026-06-30T13:14:16Z,2026-06-30,World Cup,France vs Sweden,kylian mbappe,sot2,1.45
2026-06-30,2026-06-30T13:14:16Z,2026-06-30,World Cup,France vs Sweden,n'golo kante,sot2,9.0
2026-06-30,2026-06-30T13:14:16Z,2026-06-30,World Cup,France vs Sweden,lucas hernandez,sot2,16.0
2026-06-30,2026-06-30T13:14:16Z,2026-06-30,World Cup,France vs Sweden,william saliba,sot2,31.0
2026-06-30,2026-06-30T13:14:16Z,2026-06-30,World Cup,France vs Sweden,maxence lacroix,sot2,16.0
2026-06-30,2026-06-30T13:14:16Z,2026-06-30,World Cup,France vs Sweden,michael olise,sot2,2.9
2026-06-30,2026-06-30T13:14:16Z,2026-06-30,World Cup,France vs Sweden,benjamin nygren,sot2,10.0
2026-06-30,2026-06-30T13:14:16Z,2026-06-30,World Cup,France vs Sweden,bradley barcola,sot2,2.45
2026-06-30,2026-06-30T13:14:16Z,2026-06-30,World Cup,France vs Sweden,rayan cherki,sot2,3.05
2026-06-30,2026-06-30T13:14:16Z,2026-06-30,World Cup,France vs Sweden,alexander bernhardsson,sot2,23.0
2026-06-30,2026-06-30T13:14:16Z,2026-06-30,World Cup,France vs Sweden,yasin ayari,sot2,17.0
2026-06-30,2026-06-30T13:14:16Z,2026-06-30,World Cup,France vs Sweden,anthony elanga,sot2,12.0
2026-06-30,2026-06-30T13:14:16Z,2026-06-30,World Cup,France vs Sweden,malo gusto,sot2,14.0
2026-06-30,2026-06-30T13:14:16Z,2026-06-30,World Cup,France vs Sweden,daniel svensson,sot2,26.0
2026-06-30,2026-06-30T13:14:16Z,2026-06-30,World Cup,France vs Sweden,herman johansson,sot2,12.0
2026-06-30,2026-06-30T13:14:16Z,2026-06-30,World Cup,France vs Sweden,taha abdi ali,sot2,18.0
2026-06-30,2026-06-30T13:14:16Z,2026-06-30,World Cup,France vs Sweden,maghnes akliouche,sot2,2.8
2026-06-30,2026-06-30T13:14:16Z,2026-06-30,World Cup,France vs Sweden,desire doue,sot2,2.8
2026-06-30,2026-06-30T13:14:16Z,2026-06-30,World Cup,France vs Sweden,besfort zeneli,sot2,21.0
2026-06-30,2026-06-30T13:14:16Z,2026-06-30,World Cup,France vs Sweden,lucas bergvall,sot2,20.0
2026-06-30,2026-06-30T13:14:16Z,2026-06-30,World Cup,France vs Sweden,warren zaire-emery,sot2,9.0
2026-06-30,2026-06-30T13:14:16Z,2026-06-30,World Cup,France vs Sweden,viktor gyokeres,sot2,4.9
2026-06-30,2026-06-30T13:14:16Z,2026-06-30,World Cup,France vs Sweden,elliot stroud,sot2,23.0
2026-06-30,2026-06-30T13:14:16Z,2026-06-30,World Cup,France vs Sweden,manu kone,sot2,9.5
2026-06-30,2026-06-30T13:14:16Z,2026-06-30,World Cup,France vs Sweden,ousmane dembele,sot3,4.9
2026-06-30,2026-06-30T13:14:16Z,2026-06-30,World Cup,France vs Sweden,alexander isak,sot3,31.0
2026-06-30,2026-06-30T13:14:16Z,2026-06-30,World Cup,France vs Sweden,jean-philippe mateta,sot3,3.5
2026-06-30,2026-06-30T13:14:16Z,2026-06-30,World Cup,France vs Sweden,marcus thuram,sot3,4.8
2026-06-30,2026-06-30T13:14:16Z,2026-06-30,World Cup,France vs Sweden,kylian mbappe,sot3,2.45
2026-06-30,2026-06-30T13:14:16Z,2026-06-30,World Cup,France vs Sweden,michael olise,sot3,7.5
2026-06-30,2026-06-30T13:14:16Z,2026-06-30,World Cup,France vs Sweden,bradley barcola,sot3,6.0
2026-06-30,2026-06-30T13:14:16Z,2026-06-30,World Cup,France vs Sweden,rayan cherki,sot3,8.5
2026-06-30,2026-06-30T13:14:16Z,2026-06-30,World Cup,France vs Sweden,maghnes akliouche,sot3,7.0
2026-06-30,2026-06-30T13:14:16Z,2026-06-30,World Cup,France vs Sweden,desire doue,sot3,7.5
2026-06-30,2026-06-30T13:14:16Z,2026-06-30,World Cup,France vs Sweden,viktor gyokeres,sot3,18.0
2026-06-30,2026-06-30T13:14:16Z,2026-06-30,World Cup,France vs Sweden,aurelien tchouameni,cards,4.8
2026-06-30,2026-06-30T13:14:16Z,2026-06-30,World Cup,France vs Sweden,mattias svanberg,cards,3.9
2026-06-30,2026-06-30T13:14:16Z,2026-06-30,World Cup,France vs Sweden,manu kone,cards,4.75
2026-06-30,2026-06-30T13:14:16Z,2026-06-30,World Cup,France vs Sweden,herman johansson,cards,4.8
2026-06-30,2026-06-30T13:14:16Z,2026-06-30,World Cup,France vs Sweden,theo hernandez,cards,4.75
2026-06-30,2026-06-30T13:14:16Z,2026-06-30,World Cup,France vs Sweden,lucas bergvall,cards,4.3
2026-06-30,2026-06-30T13:14:16Z,2026-06-30,World Cup,France vs Sweden,dayot upamecano,cards,4.75
2026-06-30,2026-06-30T13:14:16Z,2026-06-30,World Cup,France vs Sweden,jesper karlstrom,cards,3.25
2026-06-30,2026-06-30T13:14:16Z,2026-06-30,World Cup,France vs Sweden,lucas hernandez,cards,4.8
2026-06-30,2026-06-30T13:14:16Z,2026-06-30,World Cup,France vs Sweden,eric smith,cards,3.9
2026-06-30,2026-06-30T13:14:16Z,2026-06-30,World Cup,France vs Sweden,ibrahim konate,cards,4.8
2026-06-30,2026-06-30T13:14:16Z,2026-06-30,World Cup,France vs Sweden,yasin ayari,cards,3.9
2026-06-30,2026-06-30T13:14:16Z,2026-06-30,World Cup,France vs Sweden,adrien rabiot,cards,5.5
2026-06-30,2026-06-30T13:14:16Z,2026-06-30,World Cup,France vs Sweden,gustaf lagerbielke,cards,3.9
2026-06-30,2026-06-30T13:14:16Z,2026-06-30,World Cup,France vs Sweden,malo gusto,cards,5.25
2026-06-30,2026-06-30T13:14:16Z,2026-06-30,World Cup,France vs Sweden,ken sema,cards,4.4
2026-06-30,2026-06-30T13:14:16Z,2026-06-30,World Cup,France vs Sweden,maghnes akliouche,cards,5.25
2026-06-30,2026-06-30T13:14:16Z,2026-06-30,World Cup,France vs Sweden,carl starfelt,cards,4.2
2026-06-30,2026-06-30T13:14:16Z,2026-06-30,World Cup,France vs Sweden,lucas digne,cards,5.5
2026-06-30,2026-06-30T13:14:16Z,2026-06-30,World Cup,France vs Sweden,alexander bernhardsson,cards,4.33
2026-06-30,2026-06-30T13:14:16Z,2026-06-30,World Cup,France vs Sweden,maxence lacroix,cards,5.5
2026-06-30,2026-06-30T13:14:16Z,2026-06-30,World Cup,France vs Sweden,gabriel gudmundsson,cards,5.0
2026-06-30,2026-06-30T13:14:16Z,2026-06-30,World Cup,France vs Sweden,n'golo kante,cards,5.8
2026-06-30,2026-06-30T13:14:16Z,2026-06-30,World Cup,France vs Sweden,gustaf nilsson,cards,4.2
2026-06-30,2026-06-30T13:14:16Z,2026-06-30,World Cup,France vs Sweden,desire doue,cards,6.0
2026-06-30,2026-06-30T13:14:16Z,2026-06-30,World Cup,France vs Sweden,benjamin nygren,cards,4.75
2026-06-30,2026-06-30T13:14:16Z,2026-06-30,World Cup,France vs Sweden,kylian mbappe,cards,7.0
2026-06-30,2026-06-30T13:14:16Z,2026-06-30,World Cup,France vs Sweden,victor lindelof,cards,5.3
2026-06-30,2026-06-30T13:14:16Z,2026-06-30,World Cup,France vs Sweden,ousmane dembele,cards,6.5
2026-06-30,2026-06-30T13:14:16Z,2026-06-30,World Cup,France vs Sweden,viktor gyokeres,cards,5.0
2026-06-30,2026-06-30T13:14:16Z,2026-06-30,World Cup,France vs Sweden,michael olise,cards,7.0
2026-06-30,2026-06-30T13:14:16Z,2026-06-30,World Cup,France vs Sweden,elliot stroud,cards,4.75
2026-06-30,2026-06-30T13:14:16Z,2026-06-30,World Cup,France vs Sweden,bradley barcola,cards,6.5
2026-06-30,2026-06-30T13:14:16Z,2026-06-30,World Cup,France vs Sweden,hjalmar ekdal,cards,4.8
2026-06-30,2026-06-30T13:14:16Z,2026-06-30,World Cup,France vs Sweden,jules kounde,cards,7.0
2026-06-30,2026-06-30T13:14:16Z,2026-06-30,World Cup,France vs Sweden,besfort zeneli,cards,5.25
2026-06-30,2026-06-30T13:14:16Z,2026-06-30,World Cup,France vs Sweden,marcus thuram,cards,6.5
2026-06-30,2026-06-30T13:14:16Z,2026-06-30,World Cup,France vs Sweden,taha abdi ali,cards,5.25
2026-06-30,2026-06-30T13:14:16Z,2026-06-30,World Cup,France vs Sweden,rayan cherki,cards,7.0
2026-06-30,2026-06-30T13:14:16Z,2026-06-30,World Cup,France vs Sweden,alexander isak,cards,7.5
2026-06-30,2026-06-30T13:14:16Z,2026-06-30,World Cup,France vs Sweden,jean-philippe mateta,cards,7.5
2026-06-30,2026-06-30T13:14:16Z,2026-06-30,World Cup,France vs Sweden,daniel svensson,cards,6.5
2026-06-30,2026-06-30T13:14:16Z,2026-06-30,World Cup,France vs Sweden,william saliba,cards,7.5
2026-06-30,2026-06-30T13:14:16Z,2026-06-30,World Cup,France vs Sweden,viktor johansson,cards,8.0
2026-06-30,2026-06-30T13:14:16Z,2026-06-30,World Cup,France vs Sweden,warren zaire-emery,cards,7.0
2026-06-30,2026-06-30T13:14:16Z,2026-06-30,World Cup,France vs Sweden,jacob widell zetterstrom,cards,8.0
2026-06-30,2026-06-30T13:14:16Z,2026-06-30,World Cup,France vs Sweden,brice samba,cards,8.0
2026-06-30,2026-06-30T13:14:16Z,2026-06-30,World Cup,France vs Sweden,anthony elanga,cards,7.0
2026-06-30,2026-06-30T13:14:16Z,2026-06-30,World Cup,France vs Sweden,robin risser,cards,10.0
2026-06-30,2026-06-30T13:14:16Z,2026-06-30,World Cup,France vs Sweden,kristoffer nordfeldt,cards,8.0
2026-06-30,2026-06-30T13:14:16Z,2026-06-30,World Cup,France vs Sweden,mike maignan,cards,10.0
2026-06-30,2026-06-30T13:14:16Z,2026-07-01,World Cup,Mexico vs Ecuador,raul jimenez,goals,3.5
2026-06-30,2026-06-30T13:14:16Z,2026-07-01,World Cup,Mexico vs Ecuador,santiago gimenez,goals,3.4
2026-06-30,2026-06-30T13:14:16Z,2026-07-01,World Cup,Mexico vs Ecuador,guillermo martinez,goals,3.4
2026-06-30,2026-06-30T13:14:16Z,2026-07-01,World Cup,Mexico vs Ecuador,armando gonzalez alba,goals,3.5
2026-06-30,2026-06-30T13:14:16Z,2026-07-01,World Cup,Mexico vs Ecuador,enner valencia,goals,4.36
2026-06-30,2026-06-30T13:14:16Z,2026-07-01,World Cup,Mexico vs Ecuador,kevin jose rodriguez cortez,goals,5.5
2026-06-30,2026-06-30T13:14:16Z,2026-07-01,World Cup,Mexico vs Ecuador,julian quinones,goals,4.13
2026-06-30,2026-06-30T13:14:16Z,2026-07-01,World Cup,Mexico vs Ecuador,gilberto rafael mora zambrano,goals,6.75
2026-06-30,2026-06-30T13:14:16Z,2026-07-01,World Cup,Mexico vs Ecuador,jeremy arevalo,goals,4.5
2026-06-30,2026-06-30T13:14:16Z,2026-07-01,World Cup,Mexico vs Ecuador,cesar saul huerta valera,goals,5.0
2026-06-30,2026-06-30T13:14:16Z,2026-07-01,World Cup,Mexico vs Ecuador,ernesto alexis vega,goals,5.0
2026-06-30,2026-06-30T13:14:16Z,2026-07-01,World Cup,Mexico vs Ecuador,orbelin pineda,goals,5.0
2026-06-30,2026-06-30T13:14:16Z,2026-07-01,World Cup,Mexico vs Ecuador,jordy josue caicedo medina,goals,5.0
2026-06-30,2026-06-30T13:14:16Z,2026-07-01,World Cup,Mexico vs Ecuador,brian gutierrez,goals,5.8
2026-06-30,2026-06-30T13:14:16Z,2026-07-01,World Cup,Mexico vs Ecuador,kendry paez,goals,9.0
2026-06-30,2026-06-30T13:14:16Z,2026-07-01,World Cup,Mexico vs Ecuador,roberto alvarado,goals,6.2
2026-06-30,2026-06-30T13:14:16Z,2026-07-01,World Cup,Mexico vs Ecuador,alvaro fidalgo,goals,9.0
2026-06-30,2026-06-30T13:14:16Z,2026-07-01,World Cup,Mexico vs Ecuador,alan steve minda garcia,goals,8.5
2026-06-30,2026-06-30T13:14:16Z,2026-07-01,World Cup,Mexico vs Ecuador,anthony valencia,goals,6.5
2026-06-30,2026-06-30T13:14:16Z,2026-07-01,World Cup,Mexico vs Ecuador,gonzalo plata,goals,6.79
2026-06-30,2026-06-30T13:14:16Z,2026-07-01,World Cup,Mexico vs Ecuador,luis chavez,goals,7.0
2026-06-30,2026-06-30T13:14:16Z,2026-07-01,World Cup,Mexico vs Ecuador,john yeboah,goals,7.55
2026-06-30,2026-06-30T13:14:16Z,2026-07-01,World Cup,Mexico vs Ecuador,nilson david angulo ramirez,goals,7.9
2026-06-30,2026-06-30T13:14:16Z,2026-07-01,World Cup,Mexico vs Ecuador,cesar montes,goals,14.0
2026-06-30,2026-06-30T13:14:16Z,2026-07-01,World Cup,Mexico vs Ecuador,jordy alcivar,goals,9.5
2026-06-30,2026-06-30T13:14:16Z,2026-07-01,World Cup,Mexico vs Ecuador,pedro vite,goals,11.0
2026-06-30,2026-06-30T13:14:16Z,2026-07-01,World Cup,Mexico vs Ecuador,angelo preciado,goals,15.0
2026-06-30,2026-06-30T13:14:16Z,2026-07-01,World Cup,Mexico vs Ecuador,luis francisco romo barron,goals,10.0
2026-06-30,2026-06-30T13:14:16Z,2026-07-01,World Cup,Mexico vs Ecuador,pervis estupinan,goals,13.0
2026-06-30,2026-06-30T13:14:16Z,2026-07-01,World Cup,Mexico vs Ecuador,erik lira,goals,23.0
2026-06-30,2026-06-30T13:14:16Z,2026-07-01,World Cup,Mexico vs Ecuador,denil castillo,goals,12.0
2026-06-30,2026-06-30T13:14:16Z,2026-07-01,World Cup,Mexico vs Ecuador,edson alvarez,goals,14.0
2026-06-30,2026-06-30T13:14:16Z,2026-07-01,World Cup,Mexico vs Ecuador,israel reyes,goals,13.0
2026-06-30,2026-06-30T13:14:16Z,2026-07-01,World Cup,Mexico vs Ecuador,alan steven franco palma,goals,20.0
2026-06-30,2026-06-30T13:14:16Z,2026-07-01,World Cup,Mexico vs Ecuador,moises caicedo,goals,17.0
2026-06-30,2026-06-30T13:14:16Z,2026-07-01,World Cup,Mexico vs Ecuador,jesus gallardo,goals,17.0
2026-06-30,2026-06-30T13:14:16Z,2026-07-01,World Cup,Mexico vs Ecuador,yaimar medina,goals,17.0
2026-06-30,2026-06-30T13:14:16Z,2026-07-01,World Cup,Mexico vs Ecuador,mateo chavez garcia,goals,17.0
2026-06-30,2026-06-30T13:14:16Z,2026-07-01,World Cup,Mexico vs Ecuador,jorge eduardo sanchez ramos,goals,17.0
2026-06-30,2026-06-30T13:14:16Z,2026-07-01,World Cup,Mexico vs Ecuador,jackson gabriel porozo vernaza,goals,17.0
2026-06-30,2026-06-30T13:14:16Z,2026-07-01,World Cup,Mexico vs Ecuador,obed vargas,goals,17.0
2026-06-30,2026-06-30T13:14:16Z,2026-07-01,World Cup,Mexico vs Ecuador,johan vasquez,goals,17.0
2026-06-30,2026-06-30T13:14:16Z,2026-07-01,World Cup,Mexico vs Ecuador,joel ordonez,goals,19.0
2026-06-30,2026-06-30T13:14:16Z,2026-07-01,World Cup,Mexico vs Ecuador,piero hincapie,goals,21.0
2026-06-30,2026-06-30T13:14:16Z,2026-07-01,World Cup,Mexico vs Ecuador,felix torres,goals,23.0
2026-06-30,2026-06-30T13:14:16Z,2026-07-01,World Cup,Mexico vs Ecuador,william joel pacho tenorio,goals,29.0
2026-06-30,2026-06-30T13:14:16Z,2026-07-01,World Cup,Mexico vs Ecuador,raul jimenez,sot,1.42
2026-06-30,2026-06-30T13:14:16Z,2026-07-01,World Cup,Mexico vs Ecuador,enner valencia,sot,1.57
2026-06-30,2026-06-30T13:14:16Z,2026-07-01,World Cup,Mexico vs Ecuador,orbelin pineda,sot,2.9
2026-06-30,2026-06-30T13:14:16Z,2026-07-01,World Cup,Mexico vs Ecuador,cesar montes,sot,4.3
2026-06-30,2026-06-30T13:14:16Z,2026-07-01,World Cup,Mexico vs Ecuador,luis chavez,sot,2.45
2026-06-30,2026-06-30T13:14:16Z,2026-07-01,World Cup,Mexico vs Ecuador,roberto alvarado,sot,2.1
2026-06-30,2026-06-30T13:14:16Z,2026-07-01,World Cup,Mexico vs Ecuador,pervis estupinan,sot,5.8
2026-06-30,2026-06-30T13:14:16Z,2026-07-01,World Cup,Mexico vs Ecuador,jesus gallardo,sot,5.0
2026-06-30,2026-06-30T13:14:16Z,2026-07-01,World Cup,Mexico vs Ecuador,edson alvarez,sot,4.2
2026-06-30,2026-06-30T13:14:16Z,2026-07-01,World Cup,Mexico vs Ecuador,ernesto alexis vega,sot,1.8
2026-06-30,2026-06-30T13:14:16Z,2026-07-01,World Cup,Mexico vs Ecuador,felix torres,sot,6.5
2026-06-30,2026-06-30T13:14:16Z,2026-07-01,World Cup,Mexico vs Ecuador,john yeboah,sot,2.03
2026-06-30,2026-06-30T13:14:16Z,2026-07-01,World Cup,Mexico vs Ecuador,santiago gimenez,sot,1.55
2026-06-30,2026-06-30T13:14:16Z,2026-07-01,World Cup,Mexico vs Ecuador,cesar saul huerta valera,sot,1.91
2026-06-30,2026-06-30T13:14:16Z,2026-07-01,World Cup,Mexico vs Ecuador,angelo preciado,sot,3.9
2026-06-30,2026-06-30T13:14:16Z,2026-07-01,World Cup,Mexico vs Ecuador,gonzalo plata,sot,1.96
2026-06-30,2026-06-30T13:14:16Z,2026-07-01,World Cup,Mexico vs Ecuador,alvaro fidalgo,sot,2.95
2026-06-30,2026-06-30T13:14:16Z,2026-07-01,World Cup,Mexico vs Ecuador,israel reyes,sot,5.8
2026-06-30,2026-06-30T13:14:16Z,2026-07-01,World Cup,Mexico vs Ecuador,jordy alcivar,sot,4.1
2026-06-30,2026-06-30T13:14:16Z,2026-07-01,World Cup,Mexico vs Ecuador,moises caicedo,sot,4.8
2026-06-30,2026-06-30T13:14:16Z,2026-07-01,World Cup,Mexico vs Ecuador,brian gutierrez,sot,2.05
2026-06-30,2026-06-30T13:14:16Z,2026-07-01,World Cup,Mexico vs Ecuador,erik lira,sot,5.8
2026-06-30,2026-06-30T13:14:16Z,2026-07-01,World Cup,Mexico vs Ecuador,jorge eduardo sanchez ramos,sot,5.75
2026-06-30,2026-06-30T13:14:16Z,2026-07-01,World Cup,Mexico vs Ecuador,william joel pacho tenorio,sot,8.0
2026-06-30,2026-06-30T13:14:16Z,2026-07-01,World Cup,Mexico vs Ecuador,julian quinones,sot,1.55
2026-06-30,2026-06-30T13:14:16Z,2026-07-01,World Cup,Mexico vs Ecuador,jordy josue caicedo medina,sot,1.67
2026-06-30,2026-06-30T13:14:16Z,2026-07-01,World Cup,Mexico vs Ecuador,guillermo martinez,sot,1.67
2026-06-30,2026-06-30T13:14:16Z,2026-07-01,World Cup,Mexico vs Ecuador,piero hincapie,sot,7.5
2026-06-30,2026-06-30T13:14:16Z,2026-07-01,World Cup,Mexico vs Ecuador,obed vargas,sot,3.7
2026-06-30,2026-06-30T13:14:16Z,2026-07-01,World Cup,Mexico vs Ecuador,luis francisco romo barron,sot,3.1
2026-06-30,2026-06-30T13:14:16Z,2026-07-01,World Cup,Mexico vs Ecuador,jackson gabriel porozo vernaza,sot,7.0
2026-06-30,2026-06-30T13:14:16Z,2026-07-01,World Cup,Mexico vs Ecuador,pedro vite,sot,3.75
2026-06-30,2026-06-30T13:14:16Z,2026-07-01,World Cup,Mexico vs Ecuador,nilson david angulo ramirez,sot,2.55
2026-06-30,2026-06-30T13:14:16Z,2026-07-01,World Cup,Mexico vs Ecuador,alan steven franco palma,sot,5.75
2026-06-30,2026-06-30T13:14:16Z,2026-07-01,World Cup,Mexico vs Ecuador,johan vasquez,sot,5.5
2026-06-30,2026-06-30T13:14:16Z,2026-07-01,World Cup,Mexico vs Ecuador,anthony valencia,sot,2.7
2026-06-30,2026-06-30T13:14:16Z,2026-07-01,World Cup,Mexico vs Ecuador,joel ordonez,sot,7.5
2026-06-30,2026-06-30T13:14:16Z,2026-07-01,World Cup,Mexico vs Ecuador,alan steve minda garcia,sot,2.5
2026-06-30,2026-06-30T13:14:16Z,2026-07-01,World Cup,Mexico vs Ecuador,yaimar medina,sot,3.9
2026-06-30,2026-06-30T13:14:16Z,2026-07-01,World Cup,Mexico vs Ecuador,kevin jose rodriguez cortez,sot,1.8
2026-06-30,2026-06-30T13:14:16Z,2026-07-01,World Cup,Mexico vs Ecuador,kendry paez,sot,2.45
2026-06-30,2026-06-30T13:14:16Z,2026-07-01,World Cup,Mexico vs Ecuador,jeremy arevalo,sot,2.0
2026-06-30,2026-06-30T13:14:16Z,2026-07-01,World Cup,Mexico vs Ecuador,mateo chavez garcia,sot,5.0
2026-06-30,2026-06-30T13:14:16Z,2026-07-01,World Cup,Mexico vs Ecuador,gilberto rafael mora zambrano,sot,2.35
2026-06-30,2026-06-30T13:14:16Z,2026-07-01,World Cup,Mexico vs Ecuador,armando gonzalez alba,sot,1.6
2026-06-30,2026-06-30T13:14:16Z,2026-07-01,World Cup,Mexico vs Ecuador,denil castillo,sot,3.4
2026-06-30,2026-06-30T13:14:16Z,2026-07-01,World Cup,Mexico vs Ecuador,raul jimenez,sot2,3.3
2026-06-30,2026-06-30T13:14:16Z,2026-07-01,World Cup,Mexico vs Ecuador,enner valencia,sot2,4.1
2026-06-30,2026-06-30T13:14:16Z,2026-07-01,World Cup,Mexico vs Ecuador,orbelin pineda,sot2,12.0
2026-06-30,2026-06-30T13:14:16Z,2026-07-01,World Cup,Mexico vs Ecuador,cesar montes,sot2,29.0
2026-06-30,2026-06-30T13:14:16Z,2026-07-01,World Cup,Mexico vs Ecuador,luis chavez,sot2,10.0
2026-06-30,2026-06-30T13:14:16Z,2026-07-01,World Cup,Mexico vs Ecuador,roberto alvarado,sot2,7.5
2026-06-30,2026-06-30T13:14:16Z,2026-07-01,World Cup,Mexico vs Ecuador,pervis estupinan,sot2,11.0
2026-06-30,2026-06-30T13:14:16Z,2026-07-01,World Cup,Mexico vs Ecuador,edson alvarez,sot2,29.0
2026-06-30,2026-06-30T13:14:16Z,2026-07-01,World Cup,Mexico vs Ecuador,ernesto alexis vega,sot2,3.5
2026-06-30,2026-06-30T13:14:16Z,2026-07-01,World Cup,Mexico vs Ecuador,john yeboah,sot2,7.0
2026-06-30,2026-06-30T13:14:16Z,2026-07-01,World Cup,Mexico vs Ecuador,santiago gimenez,sot2,3.25
2026-06-30,2026-06-30T13:14:16Z,2026-07-01,World Cup,Mexico vs Ecuador,cesar saul huerta valera,sot2,4.7
2026-06-30,2026-06-30T13:14:16Z,2026-07-01,World Cup,Mexico vs Ecuador,angelo preciado,sot2,23.0
2026-06-30,2026-06-30T13:14:16Z,2026-07-01,World Cup,Mexico vs Ecuador,gonzalo plata,sot2,6.5
2026-06-30,2026-06-30T13:14:16Z,2026-07-01,World Cup,Mexico vs Ecuador,alvaro fidalgo,sot2,14.0
2026-06-30,2026-06-30T13:14:16Z,2026-07-01,World Cup,Mexico vs Ecuador,jordy alcivar,sot2,26.0
2026-06-30,2026-06-30T13:14:16Z,2026-07-01,World Cup,Mexico vs Ecuador,brian gutierrez,sot2,6.5
2026-06-30,2026-06-30T13:14:16Z,2026-07-01,World Cup,Mexico vs Ecuador,julian quinones,sot2,3.7
2026-06-30,2026-06-30T13:14:16Z,2026-07-01,World Cup,Mexico vs Ecuador,jordy josue caicedo medina,sot2,4.2
2026-06-30,2026-06-30T13:14:16Z,2026-07-01,World Cup,Mexico vs Ecuador,guillermo martinez,sot2,3.15
2026-06-30,2026-06-30T13:14:16Z,2026-07-01,World Cup,Mexico vs Ecuador,obed vargas,sot2,21.0
2026-06-30,2026-06-30T13:14:16Z,2026-07-01,World Cup,Mexico vs Ecuador,luis francisco romo barron,sot2,14.0
2026-06-30,2026-06-30T13:14:16Z,2026-07-01,World Cup,Mexico vs Ecuador,pedro vite,sot2,23.0
2026-06-30,2026-06-30T13:14:16Z,2026-07-01,World Cup,Mexico vs Ecuador,nilson david angulo ramirez,sot2,10.5
2026-06-30,2026-06-30T13:14:16Z,2026-07-01,World Cup,Mexico vs Ecuador,anthony valencia,sot2,8.0
2026-06-30,2026-06-30T13:14:16Z,2026-07-01,World Cup,Mexico vs Ecuador,alan steve minda garcia,sot2,10.5
2026-06-30,2026-06-30T13:14:16Z,2026-07-01,World Cup,Mexico vs Ecuador,yaimar medina,sot2,10.5
2026-06-30,2026-06-30T13:14:16Z,2026-07-01,World Cup,Mexico vs Ecuador,kevin jose rodriguez cortez,sot2,5.25
2026-06-30,2026-06-30T13:14:16Z,2026-07-01,World Cup,Mexico vs Ecuador,kendry paez,sot2,7.0
2026-06-30,2026-06-30T13:14:16Z,2026-07-01,World Cup,Mexico vs Ecuador,jeremy arevalo,sot2,3.9
2026-06-30,2026-06-30T13:14:16Z,2026-07-01,World Cup,Mexico vs Ecuador,gilberto rafael mora zambrano,sot2,9.0
2026-06-30,2026-06-30T13:14:16Z,2026-07-01,World Cup,Mexico vs Ecuador,armando gonzalez alba,sot2,3.05
2026-06-30,2026-06-30T13:14:16Z,2026-07-01,World Cup,Mexico vs Ecuador,denil castillo,sot2,14.0
2026-06-30,2026-06-30T13:14:16Z,2026-07-01,World Cup,Mexico vs Ecuador,raul jimenez,sot3,9.5
2026-06-30,2026-06-30T13:14:16Z,2026-07-01,World Cup,Mexico vs Ecuador,enner valencia,sot3,13.0
2026-06-30,2026-06-30T13:14:16Z,2026-07-01,World Cup,Mexico vs Ecuador,ernesto alexis vega,sot3,10.5
2026-06-30,2026-06-30T13:14:16Z,2026-07-01,World Cup,Mexico vs Ecuador,john yeboah,sot3,31.0
2026-06-30,2026-06-30T13:14:16Z,2026-07-01,World Cup,Mexico vs Ecuador,santiago gimenez,sot3,9.0
2026-06-30,2026-06-30T13:14:16Z,2026-07-01,World Cup,Mexico vs Ecuador,cesar saul huerta valera,sot3,16.0
2026-06-30,2026-06-30T13:14:16Z,2026-07-01,World Cup,Mexico vs Ecuador,gonzalo plata,sot3,26.0
2026-06-30,2026-06-30T13:14:16Z,2026-07-01,World Cup,Mexico vs Ecuador,brian gutierrez,sot3,29.0
2026-06-30,2026-06-30T13:14:16Z,2026-07-01,World Cup,Mexico vs Ecuador,julian quinones,sot3,11.0
2026-06-30,2026-06-30T13:14:16Z,2026-07-01,World Cup,Mexico vs Ecuador,jordy josue caicedo medina,sot3,14.0
2026-06-30,2026-06-30T13:14:16Z,2026-07-01,World Cup,Mexico vs Ecuador,guillermo martinez,sot3,9.0
2026-06-30,2026-06-30T13:14:16Z,2026-07-01,World Cup,Mexico vs Ecuador,kevin jose rodriguez cortez,sot3,19.0
2026-06-30,2026-06-30T13:14:16Z,2026-07-01,World Cup,Mexico vs Ecuador,kendry paez,sot3,31.0
2026-06-30,2026-06-30T13:14:16Z,2026-07-01,World Cup,Mexico vs Ecuador,jeremy arevalo,sot3,12.0
2026-06-30,2026-06-30T13:14:16Z,2026-07-01,World Cup,Mexico vs Ecuador,armando gonzalez alba,sot3,8.5
2026-06-30,2026-06-30T13:14:16Z,2026-07-01,World Cup,Mexico vs Ecuador,mateo chavez garcia,cards,2.9
2026-06-30,2026-06-30T13:14:16Z,2026-07-01,World Cup,Mexico vs Ecuador,moises caicedo,cards,2.8
2026-06-30,2026-06-30T13:14:16Z,2026-07-01,World Cup,Mexico vs Ecuador,cesar saul huerta valera,cards,3.2
2026-06-30,2026-06-30T13:14:16Z,2026-07-01,World Cup,Mexico vs Ecuador,jackson gabriel porozo vernaza,cards,2.8
2026-06-30,2026-06-30T13:14:16Z,2026-07-01,World Cup,Mexico vs Ecuador,edson alvarez,cards,3.7
2026-06-30,2026-06-30T13:14:16Z,2026-07-01,World Cup,Mexico vs Ecuador,angelo preciado,cards,3.4
2026-06-30,2026-06-30T13:14:16Z,2026-07-01,World Cup,Mexico vs Ecuador,guillermo martinez,cards,3.9
2026-06-30,2026-06-30T13:14:16Z,2026-07-01,World Cup,Mexico vs Ecuador,nilson david angulo ramirez,cards,4.3
2026-06-30,2026-06-30T13:14:16Z,2026-07-01,World Cup,Mexico vs Ecuador,johan vasquez,cards,4.7
2026-06-30,2026-06-30T13:14:16Z,2026-07-01,World Cup,Mexico vs Ecuador,jordy alcivar,cards,3.4
2026-06-30,2026-06-30T13:14:16Z,2026-07-01,World Cup,Mexico vs Ecuador,santiago gimenez,cards,4.2
2026-06-30,2026-06-30T13:14:16Z,2026-07-01,World Cup,Mexico vs Ecuador,yaimar medina,cards,3.4
2026-06-30,2026-06-30T13:14:16Z,2026-07-01,World Cup,Mexico vs Ecuador,jesus gallardo,cards,4.5
2026-06-30,2026-06-30T13:14:16Z,2026-07-01,World Cup,Mexico vs Ecuador,piero hincapie,cards,3.5
2026-06-30,2026-06-30T13:14:16Z,2026-07-01,World Cup,Mexico vs Ecuador,cesar montes,cards,7.0
2026-06-30,2026-06-30T13:14:16Z,2026-07-01,World Cup,Mexico vs Ecuador,jordy josue caicedo medina,cards,3.4
2026-06-30,2026-06-30T13:14:16Z,2026-07-01,World Cup,Mexico vs Ecuador,ernesto alexis vega,cards,4.8
2026-06-30,2026-06-30T13:14:16Z,2026-07-01,World Cup,Mexico vs Ecuador,denil castillo,cards,3.4
2026-06-30,2026-06-30T13:14:16Z,2026-07-01,World Cup,Mexico vs Ecuador,jorge eduardo sanchez ramos,cards,6.25
2026-06-30,2026-06-30T13:14:16Z,2026-07-01,World Cup,Mexico vs Ecuador,alan steven franco palma,cards,3.75
2026-06-30,2026-06-30T13:14:16Z,2026-07-01,World Cup,Mexico vs Ecuador,armando gonzalez alba,cards,4.8
2026-06-30,2026-06-30T13:14:16Z,2026-07-01,World Cup,Mexico vs Ecuador,pervis estupinan,cards,3.9
2026-06-30,2026-06-30T13:14:16Z,2026-07-01,World Cup,Mexico vs Ecuador,israel reyes,cards,5.2
2026-06-30,2026-06-30T13:14:16Z,2026-07-01,World Cup,Mexico vs Ecuador,felix torres,cards,4.2
2026-06-30,2026-06-30T13:14:16Z,2026-07-01,World Cup,Mexico vs Ecuador,julian quinones,cards,5.0
2026-06-30,2026-06-30T13:14:16Z,2026-07-01,World Cup,Mexico vs Ecuador,kevin jose rodriguez cortez,cards,4.5
2026-06-30,2026-06-30T13:14:16Z,2026-07-01,World Cup,Mexico vs Ecuador,luis francisco romo barron,cards,5.0
2026-06-30,2026-06-30T13:14:16Z,2026-07-01,World Cup,Mexico vs Ecuador,kendry paez,cards,4.4
2026-06-30,2026-06-30T13:14:16Z,2026-07-01,World Cup,Mexico vs Ecuador,luis chavez,cards,5.0
2026-06-30,2026-06-30T13:14:16Z,2026-07-01,World Cup,Mexico vs Ecuador,john yeboah,cards,4.8
2026-06-30,2026-06-30T13:14:16Z,2026-07-01,World Cup,Mexico vs Ecuador,erik lira,cards,4.8
2026-06-30,2026-06-30T13:14:16Z,2026-07-01,World Cup,Mexico vs Ecuador,gonzalo plata,cards,4.8
2026-06-30,2026-06-30T13:14:16Z,2026-07-01,World Cup,Mexico vs Ecuador,brian gutierrez,cards,5.8
2026-06-30,2026-06-30T13:14:16Z,2026-07-01,World Cup,Mexico vs Ecuador,moises ramirez,cards,4.8
2026-06-30,2026-06-30T13:14:16Z,2026-07-01,World Cup,Mexico vs Ecuador,gilberto rafael mora zambrano,cards,6.5
2026-06-30,2026-06-30T13:14:16Z,2026-07-01,World Cup,Mexico vs Ecuador,enner valencia,cards,4.8
2026-06-30,2026-06-30T13:14:16Z,2026-07-01,World Cup,Mexico vs Ecuador,obed vargas,cards,5.8
2026-06-30,2026-06-30T13:14:16Z,2026-07-01,World Cup,Mexico vs Ecuador,anthony valencia,cards,4.8
2026-06-30,2026-06-30T13:14:16Z,2026-07-01,World Cup,Mexico vs Ecuador,raul jimenez,cards,5.8
2026-06-30,2026-06-30T13:14:16Z,2026-07-01,World Cup,Mexico vs Ecuador,joel ordonez,cards,5.0
2026-06-30,2026-06-30T13:14:16Z,2026-07-01,World Cup,Mexico vs Ecuador,roberto alvarado,cards,5.5
2026-06-30,2026-06-30T13:14:16Z,2026-07-01,World Cup,Mexico vs Ecuador,jeremy arevalo,cards,5.8
2026-06-30,2026-06-30T13:14:16Z,2026-07-01,World Cup,Mexico vs Ecuador,orbelin pineda,cards,5.8
2026-06-30,2026-06-30T13:14:16Z,2026-07-01,World Cup,Mexico vs Ecuador,pedro vite,cards,5.5
2026-06-30,2026-06-30T13:14:16Z,2026-07-01,World Cup,Mexico vs Ecuador,jose raul rangel aguilar,cards,7.0
2026-06-30,2026-06-30T13:14:16Z,2026-07-01,World Cup,Mexico vs Ecuador,william joel pacho tenorio,cards,6.0
2026-06-30,2026-06-30T13:14:16Z,2026-07-01,World Cup,Mexico vs Ecuador,alvaro fidalgo,cards,7.0
2026-06-30,2026-06-30T13:14:16Z,2026-07-01,World Cup,Mexico vs Ecuador,alan steve minda garcia,cards,6.5
2026-06-30,2026-06-30T13:14:16Z,2026-07-01,World Cup,Mexico vs Ecuador,guillermo ochoa,cards,9.0
2026-06-30,2026-06-30T13:14:16Z,2026-07-01,World Cup,Mexico vs Ecuador,gonzalo roberto valle bustamante,cards,7.5
2026-06-30,2026-06-30T13:14:16Z,2026-07-01,World Cup,Mexico vs Ecuador,carlos acevedo,cards,9.0
2026-06-30,2026-06-30T13:14:16Z,2026-07-01,World Cup,Mexico vs Ecuador,hernan galindez,cards,7.5
2026-06-30,2026-06-30T13:14:16Z,2026-07-01,World Cup,Belgium vs Senegal,romelu lukaku,goals,3.11
2026-06-30,2026-06-30T13:14:16Z,2026-07-01,World Cup,Belgium vs Senegal,charles de ketelaere,goals,4.0
2026-06-30,2026-06-30T13:14:16Z,2026-07-01,World Cup,Belgium vs Senegal,ismaila sarr,goals,4.8
2026-06-30,2026-06-30T13:14:16Z,2026-07-01,World Cup,Belgium vs Senegal,sadio mane,goals,4.2
2026-06-30,2026-06-30T13:14:16Z,2026-07-01,World Cup,Belgium vs Senegal,nicolas jackson,goals,4.0
2026-06-30,2026-06-30T13:14:16Z,2026-07-01,World Cup,Belgium vs Senegal,leandro trossard,goals,4.33
2026-06-30,2026-06-30T13:14:16Z,2026-07-01,World Cup,Belgium vs Senegal,kevin de bruyne,goals,4.33
2026-06-30,2026-06-30T13:14:16Z,2026-07-01,World Cup,Belgium vs Senegal,jeremy doku,goals,5.2
2026-06-30,2026-06-30T13:14:16Z,2026-07-01,World Cup,Belgium vs Senegal,iliman-cheikh ndiaye,goals,5.0
2026-06-30,2026-06-30T13:14:16Z,2026-07-01,World Cup,Belgium vs Senegal,hans vanaken,goals,5.5
2026-06-30,2026-06-30T13:14:16Z,2026-07-01,World Cup,Belgium vs Senegal,pape alassane gueye,goals,11.0
2026-06-30,2026-06-30T13:14:16Z,2026-07-01,World Cup,Belgium vs Senegal,alexis saelemaekers,goals,8.5
2026-06-30,2026-06-30T13:14:16Z,2026-07-01,World Cup,Belgium vs Senegal,youri tielemans,goals,8.0
2026-06-30,2026-06-30T13:14:16Z,2026-07-01,World Cup,Belgium vs Senegal,habib diarra,goals,8.0
2026-06-30,2026-06-30T13:14:16Z,2026-07-01,World Cup,Belgium vs Senegal,maxim de cuyper,goals,8.0
2026-06-30,2026-06-30T13:14:16Z,2026-07-01,World Cup,Belgium vs Senegal,lamine camara,goals,11.5
2026-06-30,2026-06-30T13:14:16Z,2026-07-01,World Cup,Belgium vs Senegal,amadou onana,goals,12.5
2026-06-30,2026-06-30T13:14:16Z,2026-07-01,World Cup,Belgium vs Senegal,nathan ngoy,goals,18.0
2026-06-30,2026-06-30T13:14:16Z,2026-07-01,World Cup,Belgium vs Senegal,brandon mechele,goals,13.5
2026-06-30,2026-06-30T13:14:16Z,2026-07-01,World Cup,Belgium vs Senegal,timothy castagne,goals,18.0
2026-06-30,2026-06-30T13:14:16Z,2026-07-01,World Cup,Belgium vs Senegal,arthur theate,goals,20.0
2026-06-30,2026-06-30T13:14:16Z,2026-07-01,World Cup,Belgium vs Senegal,moussa niakhate,goals,23.0
2026-06-30,2026-06-30T13:14:16Z,2026-07-01,World Cup,Belgium vs Senegal,krepin diatta,goals,14.0
2026-06-30,2026-06-30T13:14:16Z,2026-07-01,World Cup,Belgium vs Senegal,kalidou koulibaly,goals,15.0
2026-06-30,2026-06-30T13:14:16Z,2026-07-01,World Cup,Belgium vs Senegal,idrissa gana gueye,goals,17.0
2026-06-30,2026-06-30T13:14:16Z,2026-07-01,World Cup,Belgium vs Senegal,ismail jacobs,goals,15.0
2026-06-30,2026-06-30T13:14:16Z,2026-07-01,World Cup,Belgium vs Senegal,abdoulaye seck,goals,15.0
2026-06-30,2026-06-30T13:14:16Z,2026-07-01,World Cup,Belgium vs Senegal,assane diao,goals,3.75
2026-06-30,2026-06-30T13:14:16Z,2026-07-01,World Cup,Belgium vs Senegal,matias fernandez pardo,goals,3.75
2026-06-30,2026-06-30T13:14:16Z,2026-07-01,World Cup,Belgium vs Senegal,cheikh ahmadou bamba mbacke dieng,goals,3.75
2026-06-30,2026-06-30T13:14:16Z,2026-07-01,World Cup,Belgium vs Senegal,cherif ndiaye,goals,4.4
2026-06-30,2026-06-30T13:14:16Z,2026-07-01,World Cup,Belgium vs Senegal,diego moreira,goals,5.0
2026-06-30,2026-06-30T13:14:16Z,2026-07-01,World Cup,Belgium vs Senegal,dodi lukebakio,goals,5.0
2026-06-30,2026-06-30T13:14:16Z,2026-07-01,World Cup,Belgium vs Senegal,ibrahim mbaye,goals,5.9
2026-06-30,2026-06-30T13:14:16Z,2026-07-01,World Cup,Belgium vs Senegal,bara ndiaye,goals,7.0
2026-06-30,2026-06-30T13:14:16Z,2026-07-01,World Cup,Belgium vs Senegal,thomas meunier,goals,7.6
2026-06-30,2026-06-30T13:14:16Z,2026-07-01,World Cup,Belgium vs Senegal,nicolas raskin,goals,8.5
2026-06-30,2026-06-30T13:14:16Z,2026-07-01,World Cup,Belgium vs Senegal,pape sarr,goals,8.0
2026-06-30,2026-06-30T13:14:16Z,2026-07-01,World Cup,Belgium vs Senegal,axel witsel,goals,9.0
2026-06-30,2026-06-30T13:14:16Z,2026-07-01,World Cup,Belgium vs Senegal,pathe ciss,goals,9.5
2026-06-30,2026-06-30T13:14:16Z,2026-07-01,World Cup,Belgium vs Senegal,joaquin seys,goals,10.0
2026-06-30,2026-06-30T13:14:16Z,2026-07-01,World Cup,Belgium vs Senegal,el hadji diouf,goals,10.0
2026-06-30,2026-06-30T13:14:16Z,2026-07-01,World Cup,Belgium vs Senegal,antoine mendy,goals,13.0
2026-06-30,2026-06-30T13:14:16Z,2026-07-01,World Cup,Belgium vs Senegal,mamodou sarr,goals,15.0
2026-06-30,2026-06-30T13:14:16Z,2026-07-01,World Cup,Belgium vs Senegal,koni de winter,goals,15.0
2026-06-30,2026-06-30T13:14:16Z,2026-07-01,World Cup,Belgium vs Senegal,zeno debast,goals,17.0
2026-06-30,2026-06-30T13:14:16Z,2026-07-01,World Cup,Belgium vs Senegal,sadio mane,sot,2.05
2026-06-30,2026-06-30T13:14:16Z,2026-07-01,World Cup,Belgium vs Senegal,romelu lukaku,sot,1.4
2026-06-30,2026-06-30T13:14:16Z,2026-07-01,World Cup,Belgium vs Senegal,kevin de bruyne,sot,1.57
2026-06-30,2026-06-30T13:14:16Z,2026-07-01,World Cup,Belgium vs Senegal,axel witsel,sot,4.5
2026-06-30,2026-06-30T13:14:16Z,2026-07-01,World Cup,Belgium vs Senegal,kalidou koulibaly,sot,6.0
2026-06-30,2026-06-30T13:14:16Z,2026-07-01,World Cup,Belgium vs Senegal,hans vanaken,sot,2.3
2026-06-30,2026-06-30T13:14:16Z,2026-07-01,World Cup,Belgium vs Senegal,youri tielemans,sot,2.35
2026-06-30,2026-06-30T13:14:16Z,2026-07-01,World Cup,Belgium vs Senegal,thomas meunier,sot,4.5
2026-06-30,2026-06-30T13:14:16Z,2026-07-01,World Cup,Belgium vs Senegal,brandon mechele,sot,5.0
2026-06-30,2026-06-30T13:14:16Z,2026-07-01,World Cup,Belgium vs Senegal,antoine mendy,sot,6.0
2026-06-30,2026-06-30T13:14:16Z,2026-07-01,World Cup,Belgium vs Senegal,dodi lukebakio,sot,1.7
2026-06-30,2026-06-30T13:14:16Z,2026-07-01,World Cup,Belgium vs Senegal,timothy castagne,sot,5.0
2026-06-30,2026-06-30T13:14:16Z,2026-07-01,World Cup,Belgium vs Senegal,leandro trossard,sot,1.71
2026-06-30,2026-06-30T13:14:16Z,2026-07-01,World Cup,Belgium vs Senegal,ismaila sarr,sot,1.9
2026-06-30,2026-06-30T13:14:16Z,2026-07-01,World Cup,Belgium vs Senegal,pape sarr,sot,2.6
2026-06-30,2026-06-30T13:14:16Z,2026-07-01,World Cup,Belgium vs Senegal,moussa niakhate,sot,7.0
2026-06-30,2026-06-30T13:14:16Z,2026-07-01,World Cup,Belgium vs Senegal,cherif ndiaye,sot,1.7
2026-06-30,2026-06-30T13:14:16Z,2026-07-01,World Cup,Belgium vs Senegal,abdoulaye seck,sot,5.5
2026-06-30,2026-06-30T13:14:16Z,2026-07-01,World Cup,Belgium vs Senegal,krepin diatta,sot,6.5
2026-06-30,2026-06-30T13:14:16Z,2026-07-01,World Cup,Belgium vs Senegal,nicolas raskin,sot,3.75
2026-06-30,2026-06-30T13:14:16Z,2026-07-01,World Cup,Belgium vs Senegal,ismail jacobs,sot,4.6
2026-06-30,2026-06-30T13:14:16Z,2026-07-01,World Cup,Belgium vs Senegal,pape alassane gueye,sot,2.9
2026-06-30,2026-06-30T13:14:16Z,2026-07-01,World Cup,Belgium vs Senegal,alexis saelemaekers,sot,2.0
2026-06-30,2026-06-30T13:14:16Z,2026-07-01,World Cup,Belgium vs Senegal,iliman-cheikh ndiaye,sot,2.4
2026-06-30,2026-06-30T13:14:16Z,2026-07-01,World Cup,Belgium vs Senegal,jeremy doku,sot,2.0
2026-06-30,2026-06-30T13:14:16Z,2026-07-01,World Cup,Belgium vs Senegal,pathe ciss,sot,3.4
2026-06-30,2026-06-30T13:14:16Z,2026-07-01,World Cup,Belgium vs Senegal,charles de ketelaere,sot,1.62
2026-06-30,2026-06-30T13:14:16Z,2026-07-01,World Cup,Belgium vs Senegal,maxim de cuyper,sot,2.7
2026-06-30,2026-06-30T13:14:16Z,2026-07-01,World Cup,Belgium vs Senegal,arthur theate,sot,5.0
2026-06-30,2026-06-30T13:14:16Z,2026-07-01,World Cup,Belgium vs Senegal,amadou onana,sot,3.9
2026-06-30,2026-06-30T13:14:16Z,2026-07-01,World Cup,Belgium vs Senegal,nicolas jackson,sot,1.74
2026-06-30,2026-06-30T13:14:16Z,2026-07-01,World Cup,Belgium vs Senegal,koni de winter,sot,5.75
2026-06-30,2026-06-30T13:14:16Z,2026-07-01,World Cup,Belgium vs Senegal,cheikh ahmadou bamba mbacke dieng,sot,1.6
2026-06-30,2026-06-30T13:14:16Z,2026-07-01,World Cup,Belgium vs Senegal,nathan ngoy,sot,5.0
2026-06-30,2026-06-30T13:14:16Z,2026-07-01,World Cup,Belgium vs Senegal,zeno debast,sot,7.0
2026-06-30,2026-06-30T13:14:16Z,2026-07-01,World Cup,Belgium vs Senegal,habib diarra,sot,3.5
2026-06-30,2026-06-30T13:14:16Z,2026-07-01,World Cup,Belgium vs Senegal,diego moreira,sot,2.7
2026-06-30,2026-06-30T13:14:16Z,2026-07-01,World Cup,Belgium vs Senegal,mamodou sarr,sot,6.5
2026-06-30,2026-06-30T13:14:16Z,2026-07-01,World Cup,Belgium vs Senegal,matias fernandez pardo,sot,1.62
2026-06-30,2026-06-30T13:14:16Z,2026-07-01,World Cup,Belgium vs Senegal,el hadji diouf,sot,4.8
2026-06-30,2026-06-30T13:14:16Z,2026-07-01,World Cup,Belgium vs Senegal,joaquin seys,sot,3.9
2026-06-30,2026-06-30T13:14:16Z,2026-07-01,World Cup,Belgium vs Senegal,assane diao,sot,2.1
2026-06-30,2026-06-30T13:14:16Z,2026-07-01,World Cup,Belgium vs Senegal,ibrahim mbaye,sot,2.45
2026-06-30,2026-06-30T13:14:16Z,2026-07-01,World Cup,Belgium vs Senegal,idrissa gana gueye,sot,4.6
2026-06-30,2026-06-30T13:14:16Z,2026-07-01,World Cup,Belgium vs Senegal,bara ndiaye,sot,3.6
2026-06-30,2026-06-30T13:14:16Z,2026-07-01,World Cup,Belgium vs Senegal,lamine camara,sot,3.6
2026-06-30,2026-06-30T13:14:16Z,2026-07-01,World Cup,Belgium vs Senegal,sadio mane,sot2,6.5
2026-06-30,2026-06-30T13:14:16Z,2026-07-01,World Cup,Belgium vs Senegal,romelu lukaku,sot2,2.85
2026-06-30,2026-06-30T13:14:16Z,2026-07-01,World Cup,Belgium vs Senegal,kevin de bruyne,sot2,3.55
2026-06-30,2026-06-30T13:14:16Z,2026-07-01,World Cup,Belgium vs Senegal,axel witsel,sot2,31.0
2026-06-30,2026-06-30T13:14:16Z,2026-07-01,World Cup,Belgium vs Senegal,hans vanaken,sot2,8.5
2026-06-30,2026-06-30T13:14:16Z,2026-07-01,World Cup,Belgium vs Senegal,youri tielemans,sot2,9.0
2026-06-30,2026-06-30T13:14:16Z,2026-07-01,World Cup,Belgium vs Senegal,thomas meunier,sot2,31.0
2026-06-30,2026-06-30T13:14:16Z,2026-07-01,World Cup,Belgium vs Senegal,dodi lukebakio,sot2,3.75
2026-06-30,2026-06-30T13:14:16Z,2026-07-01,World Cup,Belgium vs Senegal,leandro trossard,sot2,4.6
2026-06-30,2026-06-30T13:14:16Z,2026-07-01,World Cup,Belgium vs Senegal,ismaila sarr,sot2,5.75
2026-06-30,2026-06-30T13:14:16Z,2026-07-01,World Cup,Belgium vs Senegal,pape sarr,sot2,8.0
2026-06-30,2026-06-30T13:14:16Z,2026-07-01,World Cup,Belgium vs Senegal,cherif ndiaye,sot2,4.3
2026-06-30,2026-06-30T13:14:16Z,2026-07-01,World Cup,Belgium vs Senegal,nicolas raskin,sot2,10.5
2026-06-30,2026-06-30T13:14:16Z,2026-07-01,World Cup,Belgium vs Senegal,pape alassane gueye,sot2,14.0
2026-06-30,2026-06-30T13:14:16Z,2026-07-01,World Cup,Belgium vs Senegal,alexis saelemaekers,sot2,5.25
2026-06-30,2026-06-30T13:14:16Z,2026-07-01,World Cup,Belgium vs Senegal,iliman-cheikh ndiaye,sot2,9.0
2026-06-30,2026-06-30T13:14:16Z,2026-07-01,World Cup,Belgium vs Senegal,jeremy doku,sot2,6.0
2026-06-30,2026-06-30T13:14:16Z,2026-07-01,World Cup,Belgium vs Senegal,pathe ciss,sot2,14.0
2026-06-30,2026-06-30T13:14:16Z,2026-07-01,World Cup,Belgium vs Senegal,charles de ketelaere,sot2,4.1
2026-06-30,2026-06-30T13:14:16Z,2026-07-01,World Cup,Belgium vs Senegal,maxim de cuyper,sot2,12.0
2026-06-30,2026-06-30T13:14:16Z,2026-07-01,World Cup,Belgium vs Senegal,amadou onana,sot2,21.0
2026-06-30,2026-06-30T13:14:16Z,2026-07-01,World Cup,Belgium vs Senegal,nicolas jackson,sot2,4.7
2026-06-30,2026-06-30T13:14:16Z,2026-07-01,World Cup,Belgium vs Senegal,cheikh ahmadou bamba mbacke dieng,sot2,3.8
2026-06-30,2026-06-30T13:14:16Z,2026-07-01,World Cup,Belgium vs Senegal,habib diarra,sot2,20.0
2026-06-30,2026-06-30T13:14:16Z,2026-07-01,World Cup,Belgium vs Senegal,diego moreira,sot2,8.0
2026-06-30,2026-06-30T13:14:16Z,2026-07-01,World Cup,Belgium vs Senegal,matias fernandez pardo,sot2,4.0
2026-06-30,2026-06-30T13:14:16Z,2026-07-01,World Cup,Belgium vs Senegal,joaquin seys,sot2,18.0
2026-06-30,2026-06-30T13:14:16Z,2026-07-01,World Cup,Belgium vs Senegal,assane diao,sot2,7.0
2026-06-30,2026-06-30T13:14:16Z,2026-07-01,World Cup,Belgium vs Senegal,ibrahim mbaye,sot2,10.0
2026-06-30,2026-06-30T13:14:16Z,2026-07-01,World Cup,Belgium vs Senegal,idrissa gana gueye,sot2,26.0
2026-06-30,2026-06-30T13:14:16Z,2026-07-01,World Cup,Belgium vs Senegal,bara ndiaye,sot2,21.0
2026-06-30,2026-06-30T13:14:16Z,2026-07-01,World Cup,Belgium vs Senegal,lamine camara,sot2,21.0
2026-06-30,2026-06-30T13:14:16Z,2026-07-01,World Cup,Belgium vs Senegal,sadio mane,sot3,29.0
2026-06-30,2026-06-30T13:14:16Z,2026-07-01,World Cup,Belgium vs Senegal,romelu lukaku,sot3,7.5
2026-06-30,2026-06-30T13:14:16Z,2026-07-01,World Cup,Belgium vs Senegal,kevin de bruyne,sot3,11.0
2026-06-30,2026-06-30T13:14:16Z,2026-07-01,World Cup,Belgium vs Senegal,dodi lukebakio,sot3,11.0
2026-06-30,2026-06-30T13:14:16Z,2026-07-01,World Cup,Belgium vs Senegal,leandro trossard,sot3,16.0
2026-06-30,2026-06-30T13:14:16Z,2026-07-01,World Cup,Belgium vs Senegal,ismaila sarr,sot3,23.0
2026-06-30,2026-06-30T13:14:16Z,2026-07-01,World Cup,Belgium vs Senegal,cherif ndiaye,sot3,14.0
2026-06-30,2026-06-30T13:14:16Z,2026-07-01,World Cup,Belgium vs Senegal,alexis saelemaekers,sot3,19.0
2026-06-30,2026-06-30T13:14:16Z,2026-07-01,World Cup,Belgium vs Senegal,jeremy doku,sot3,26.0
2026-06-30,2026-06-30T13:14:16Z,2026-07-01,World Cup,Belgium vs Senegal,charles de ketelaere,sot3,13.0
2026-06-30,2026-06-30T13:14:16Z,2026-07-01,World Cup,Belgium vs Senegal,nicolas jackson,sot3,16.0
2026-06-30,2026-06-30T13:14:16Z,2026-07-01,World Cup,Belgium vs Senegal,cheikh ahmadou bamba mbacke dieng,sot3,12.0
2026-06-30,2026-06-30T13:14:16Z,2026-07-01,World Cup,Belgium vs Senegal,matias fernandez pardo,sot3,13.0
2026-06-30,2026-06-30T13:14:16Z,2026-07-01,World Cup,Belgium vs Senegal,assane diao,sot3,29.0
2026-06-30,2026-06-30T13:14:16Z,2026-07-01,World Cup,Belgium vs Senegal,idrissa gana gueye,cards,4.4
2026-06-30,2026-06-30T13:14:16Z,2026-07-01,World Cup,Belgium vs Senegal,moussa niakhate,cards,5.0
2026-06-30,2026-06-30T13:14:16Z,2026-07-01,World Cup,Belgium vs Senegal,nathan ngoy,cards,3.5
2026-06-30,2026-06-30T13:14:16Z,2026-07-01,World Cup,Belgium vs Senegal,lamine camara,cards,3.75
2026-06-30,2026-06-30T13:14:16Z,2026-07-01,World Cup,Belgium vs Senegal,amadou onana,cards,3.8
2026-06-30,2026-06-30T13:14:16Z,2026-07-01,World Cup,Belgium vs Senegal,nicolas jackson,cards,3.9
2026-06-30,2026-06-30T13:14:16Z,2026-07-01,World Cup,Belgium vs Senegal,pape alassane gueye,cards,3.9
2026-06-30,2026-06-30T13:14:16Z,2026-07-01,World Cup,Belgium vs Senegal,sadio mane,cards,5.0
2026-06-30,2026-06-30T13:14:16Z,2026-07-01,World Cup,Belgium vs Senegal,kalidou koulibaly,cards,4.0
2026-06-30,2026-06-30T13:14:16Z,2026-07-01,World Cup,Belgium vs Senegal,abdoulaye seck,cards,4.2
2026-06-30,2026-06-30T13:14:16Z,2026-07-01,World Cup,Belgium vs Senegal,krepin diatta,cards,5.0
2026-06-30,2026-06-30T13:14:16Z,2026-07-01,World Cup,Belgium vs Senegal,alexis saelemaekers,cards,4.3
2026-06-30,2026-06-30T13:14:16Z,2026-07-01,World Cup,Belgium vs Senegal,maxim de cuyper,cards,4.3
2026-06-30,2026-06-30T13:14:16Z,2026-07-01,World Cup,Belgium vs Senegal,youri tielemans,cards,5.0
2026-06-30,2026-06-30T13:14:16Z,2026-07-01,World Cup,Belgium vs Senegal,brandon mechele,cards,5.5
2026-06-30,2026-06-30T13:14:16Z,2026-07-01,World Cup,Belgium vs Senegal,hans vanaken,cards,4.75
2026-06-30,2026-06-30T13:14:16Z,2026-07-01,World Cup,Belgium vs Senegal,jeremy doku,cards,6.5
2026-06-30,2026-06-30T13:14:16Z,2026-07-01,World Cup,Belgium vs Senegal,habib diarra,cards,4.8
2026-06-30,2026-06-30T13:14:16Z,2026-07-01,World Cup,Belgium vs Senegal,timothy castagne,cards,5.8
2026-06-30,2026-06-30T13:14:16Z,2026-07-01,World Cup,Belgium vs Senegal,iliman-cheikh ndiaye,cards,5.8
2026-06-30,2026-06-30T13:14:16Z,2026-07-01,World Cup,Belgium vs Senegal,ismail jacobs,cards,5.3
2026-06-30,2026-06-30T13:14:16Z,2026-07-01,World Cup,Belgium vs Senegal,charles de ketelaere,cards,7.0
2026-06-30,2026-06-30T13:14:16Z,2026-07-01,World Cup,Belgium vs Senegal,leandro trossard,cards,7.0
2026-06-30,2026-06-30T13:14:16Z,2026-07-01,World Cup,Belgium vs Senegal,ismaila sarr,cards,6.5
2026-06-30,2026-06-30T13:14:16Z,2026-07-01,World Cup,Belgium vs Senegal,arthur theate,cards,6.0
2026-06-30,2026-06-30T13:14:16Z,2026-07-01,World Cup,Belgium vs Senegal,kevin de bruyne,cards,6.1
2026-06-30,2026-06-30T13:14:16Z,2026-07-01,World Cup,Belgium vs Senegal,romelu lukaku,cards,6.75
2026-06-30,2026-06-30T13:14:16Z,2026-07-01,World Cup,Belgium vs Senegal,pathe ciss,cards,2.6
2026-06-30,2026-06-30T13:14:16Z,2026-07-01,World Cup,Belgium vs Senegal,diego moreira,cards,3.5
2026-06-30,2026-06-30T13:14:16Z,2026-07-01,World Cup,Belgium vs Senegal,nicolas raskin,cards,3.7
2026-06-30,2026-06-30T13:14:16Z,2026-07-01,World Cup,Belgium vs Senegal,pape sarr,cards,3.8
2026-06-30,2026-06-30T13:14:16Z,2026-07-01,World Cup,Belgium vs Senegal,zeno debast,cards,3.75
2026-06-30,2026-06-30T13:14:16Z,2026-07-01,World Cup,Belgium vs Senegal,koni de winter,cards,3.9
2026-06-30,2026-06-30T13:14:16Z,2026-07-01,World Cup,Belgium vs Senegal,matias fernandez pardo,cards,4.2
2026-06-30,2026-06-30T13:14:16Z,2026-07-01,World Cup,Belgium vs Senegal,el hadji diouf,cards,4.33
2026-06-30,2026-06-30T13:14:16Z,2026-07-01,World Cup,Belgium vs Senegal,thomas meunier,cards,4.33
2026-06-30,2026-06-30T13:14:16Z,2026-07-01,World Cup,Belgium vs Senegal,antoine mendy,cards,4.2
2026-06-30,2026-06-30T13:14:16Z,2026-07-01,World Cup,Belgium vs Senegal,dodi lukebakio,cards,4.33
2026-06-30,2026-06-30T13:14:16Z,2026-07-01,World Cup,Belgium vs Senegal,bara ndiaye,cards,4.2
2026-06-30,2026-06-30T13:14:16Z,2026-07-01,World Cup,Belgium vs Senegal,axel witsel,cards,4.75
2026-06-30,2026-06-30T13:14:16Z,2026-07-01,World Cup,Belgium vs Senegal,cheikh ahmadou bamba mbacke dieng,cards,4.6
2026-06-30,2026-06-30T13:14:16Z,2026-07-01,World Cup,Belgium vs Senegal,cherif ndiaye,cards,4.75
2026-06-30,2026-06-30T13:14:16Z,2026-07-01,World Cup,Belgium vs Senegal,assane diao,cards,4.6
2026-06-30,2026-06-30T13:14:16Z,2026-07-01,World Cup,Belgium vs Senegal,joaquin seys,cards,5.25
2026-06-30,2026-06-30T13:14:16Z,2026-07-01,World Cup,Belgium vs Senegal,mamodou sarr,cards,5.25
2026-06-30,2026-06-30T13:14:16Z,2026-07-01,World Cup,Belgium vs Senegal,mike penders,cards,7.0
2026-06-30,2026-06-30T13:14:16Z,2026-07-01,World Cup,Belgium vs Senegal,yehvann diouf,cards,8.0
2026-06-30,2026-06-30T13:14:16Z,2026-07-01,World Cup,Belgium vs Senegal,ibrahim mbaye,cards,7.5
2026-06-30,2026-06-30T13:14:16Z,2026-07-01,World Cup,Belgium vs Senegal,thibaut courtois,cards,9.5
2026-06-30,2026-06-30T13:14:16Z,2026-07-01,World Cup,Belgium vs Senegal,mory diaw,cards,8.0
2026-06-30,2026-06-30T13:14:16Z,2026-07-01,World Cup,Belgium vs Senegal,senne lammens,cards,9.5
2026-06-30,2026-06-30T13:14:16Z,2026-07-01,World Cup,Belgium vs Senegal,edouard mendy,cards,8.0
2026-06-30,2026-06-30T13:14:16Z,2026-07-02,World Cup,USA vs Bosnia & Herzegovina,haji wright,goals,2.25
2026-06-30,2026-06-30T13:14:16Z,2026-07-02,World Cup,USA vs Bosnia & Herzegovina,ricardo pepi,goals,2.5
2026-06-30,2026-06-30T13:14:16Z,2026-07-02,World Cup,USA vs Bosnia & Herzegovina,folarin balogun,goals,2.42
2026-06-30,2026-06-30T13:14:16Z,2026-07-02,World Cup,USA vs Bosnia & Herzegovina,christian pulisic,goals,2.6
2026-06-30,2026-06-30T13:14:16Z,2026-07-02,World Cup,USA vs Bosnia & Herzegovina,giovanni reyna,goals,4.0
2026-06-30,2026-06-30T13:14:16Z,2026-07-02,World Cup,USA vs Bosnia & Herzegovina,alejandro zendejas,goals,2.88
2026-06-30,2026-06-30T13:14:16Z,2026-07-02,World Cup,USA vs Bosnia & Herzegovina,brendan aaronson,goals,3.0
2026-06-30,2026-06-30T13:14:16Z,2026-07-02,World Cup,USA vs Bosnia & Herzegovina,timothy weah,goals,4.1
2026-06-30,2026-06-30T13:14:16Z,2026-07-02,World Cup,USA vs Bosnia & Herzegovina,malik tillman,goals,4.43
2026-06-30,2026-06-30T13:14:16Z,2026-07-02,World Cup,USA vs Bosnia & Herzegovina,haris tabakovic,goals,4.5
2026-06-30,2026-06-30T13:14:16Z,2026-07-02,World Cup,USA vs Bosnia & Herzegovina,edin dzeko,goals,4.9
2026-06-30,2026-06-30T13:14:16Z,2026-07-02,World Cup,USA vs Bosnia & Herzegovina,sebastian berhalter,goals,5.0
2026-06-30,2026-06-30T13:14:16Z,2026-07-02,World Cup,USA vs Bosnia & Herzegovina,jovo lukic,goals,6.25
2026-06-30,2026-06-30T13:14:16Z,2026-07-02,World Cup,USA vs Bosnia & Herzegovina,weston mckennie,goals,5.1
2026-06-30,2026-06-30T13:14:16Z,2026-07-02,World Cup,USA vs Bosnia & Herzegovina,ermedin demirovic,goals,5.9
2026-06-30,2026-06-30T13:14:16Z,2026-07-02,World Cup,USA vs Bosnia & Herzegovina,samed bazdar,goals,6.0
2026-06-30,2026-06-30T13:14:16Z,2026-07-02,World Cup,USA vs Bosnia & Herzegovina,maximilian arfsten,goals,6.0
2026-06-30,2026-06-30T13:14:16Z,2026-07-02,World Cup,USA vs Bosnia & Herzegovina,ermin mahmic,goals,8.0
2026-06-30,2026-06-30T13:14:16Z,2026-07-02,World Cup,USA vs Bosnia & Herzegovina,cristian roldan,goals,7.0
2026-06-30,2026-06-30T13:14:16Z,2026-07-02,World Cup,USA vs Bosnia & Herzegovina,kerim alajbegovic,goals,7.5
2026-06-30,2026-06-30T13:14:16Z,2026-07-02,World Cup,USA vs Bosnia & Herzegovina,auston trusty,goals,8.5
2026-06-30,2026-06-30T13:14:16Z,2026-07-02,World Cup,USA vs Bosnia & Herzegovina,esmir bajraktarevic,goals,9.2
2026-06-30,2026-06-30T13:14:16Z,2026-07-02,World Cup,USA vs Bosnia & Herzegovina,timothy ream,goals,15.0
2026-06-30,2026-06-30T13:14:16Z,2026-07-02,World Cup,USA vs Bosnia & Herzegovina,tyler adams,goals,9.4
2026-06-30,2026-06-30T13:14:16Z,2026-07-02,World Cup,USA vs Bosnia & Herzegovina,antonee robinson,goals,9.4
2026-06-30,2026-06-30T13:14:16Z,2026-07-02,World Cup,USA vs Bosnia & Herzegovina,chris richards,goals,9.5
2026-06-30,2026-06-30T13:14:16Z,2026-07-02,World Cup,USA vs Bosnia & Herzegovina,sergino dest,goals,9.4
2026-06-30,2026-06-30T13:14:16Z,2026-07-02,World Cup,USA vs Bosnia & Herzegovina,alex freeman,goals,9.4
2026-06-30,2026-06-30T13:14:16Z,2026-07-02,World Cup,USA vs Bosnia & Herzegovina,armin gigovic,goals,9.5
2026-06-30,2026-06-30T13:14:16Z,2026-07-02,World Cup,USA vs Bosnia & Herzegovina,joseph scally,goals,10.0
2026-06-30,2026-06-30T13:14:16Z,2026-07-02,World Cup,USA vs Bosnia & Herzegovina,amar memic,goals,13.0
2026-06-30,2026-06-30T13:14:16Z,2026-07-02,World Cup,USA vs Bosnia & Herzegovina,mark alexander mckenzie,goals,11.0
2026-06-30,2026-06-30T13:14:16Z,2026-07-02,World Cup,USA vs Bosnia & Herzegovina,miles robinson,goals,11.0
2026-06-30,2026-06-30T13:14:16Z,2026-07-02,World Cup,USA vs Bosnia & Herzegovina,amar dedic,goals,19.0
2026-06-30,2026-06-30T13:14:16Z,2026-07-02,World Cup,USA vs Bosnia & Herzegovina,benjamin tahirovic,goals,14.0
2026-06-30,2026-06-30T13:14:16Z,2026-07-02,World Cup,USA vs Bosnia & Herzegovina,dzenis burnic,goals,12.0
2026-06-30,2026-06-30T13:14:16Z,2026-07-02,World Cup,USA vs Bosnia & Herzegovina,ivan sunjic,goals,16.5
2026-06-30,2026-06-30T13:14:16Z,2026-07-02,World Cup,USA vs Bosnia & Herzegovina,ivan basic,goals,16.5
2026-06-30,2026-06-30T13:14:16Z,2026-07-02,World Cup,USA vs Bosnia & Herzegovina,arjan malic,goals,18.0
2026-06-30,2026-06-30T13:14:16Z,2026-07-02,World Cup,USA vs Bosnia & Herzegovina,amir hadziahmetovic,goals,17.0
2026-06-30,2026-06-30T13:14:16Z,2026-07-02,World Cup,USA vs Bosnia & Herzegovina,nikola katic,goals,20.0
2026-06-30,2026-06-30T13:14:16Z,2026-07-02,World Cup,USA vs Bosnia & Herzegovina,nihad mujakic,goals,23.0
2026-06-30,2026-06-30T13:14:16Z,2026-07-02,World Cup,USA vs Bosnia & Herzegovina,dennis hadzikadunic,goals,19.0
2026-06-30,2026-06-30T13:14:16Z,2026-07-02,World Cup,USA vs Bosnia & Herzegovina,tarik muharemovic,goals,20.0
2026-06-30,2026-06-30T13:14:16Z,2026-07-02,World Cup,USA vs Bosnia & Herzegovina,stjepan radeljic,goals,21.0
2026-06-30,2026-06-30T13:14:16Z,2026-07-02,World Cup,USA vs Bosnia & Herzegovina,sead kolasinac,goals,23.0
2026-06-30,2026-06-30T13:14:16Z,2026-07-02,World Cup,USA vs Bosnia & Herzegovina,haris tabakovic,sot,2.2
2026-06-30,2026-06-30T13:14:16Z,2026-07-02,World Cup,USA vs Bosnia & Herzegovina,edin dzeko,sot,1.73
2026-06-30,2026-06-30T13:14:16Z,2026-07-02,World Cup,USA vs Bosnia & Herzegovina,timothy ream,sot,5.0
2026-06-30,2026-06-30T13:14:16Z,2026-07-02,World Cup,USA vs Bosnia & Herzegovina,alejandro zendejas,sot,1.57
2026-06-30,2026-06-30T13:14:16Z,2026-07-02,World Cup,USA vs Bosnia & Herzegovina,cristian roldan,sot,2.38
2026-06-30,2026-06-30T13:14:16Z,2026-07-02,World Cup,USA vs Bosnia & Herzegovina,tyler adams,sot,4.33
2026-06-30,2026-06-30T13:14:16Z,2026-07-02,World Cup,USA vs Bosnia & Herzegovina,sead kolasinac,sot,9.0
2026-06-30,2026-06-30T13:14:16Z,2026-07-02,World Cup,USA vs Bosnia & Herzegovina,haji wright,sot,1.3
2026-06-30,2026-06-30T13:14:16Z,2026-07-02,World Cup,USA vs Bosnia & Herzegovina,auston trusty,sot,4.0
2026-06-30,2026-06-30T13:14:16Z,2026-07-02,World Cup,USA vs Bosnia & Herzegovina,amir hadziahmetovic,sot,5.25
2026-06-30,2026-06-30T13:14:16Z,2026-07-02,World Cup,USA vs Bosnia & Herzegovina,stjepan radeljic,sot,7.0
2026-06-30,2026-06-30T13:14:16Z,2026-07-02,World Cup,USA vs Bosnia & Herzegovina,dzenis burnic,sot,5.0
2026-06-30,2026-06-30T13:14:16Z,2026-07-02,World Cup,USA vs Bosnia & Herzegovina,miles robinson,sot,4.0
2026-06-30,2026-06-30T13:14:16Z,2026-07-02,World Cup,USA vs Bosnia & Herzegovina,christian pulisic,sot,1.53
2026-06-30,2026-06-30T13:14:16Z,2026-07-02,World Cup,USA vs Bosnia & Herzegovina,antonee robinson,sot,4.4
2026-06-30,2026-06-30T13:14:16Z,2026-07-02,World Cup,USA vs Bosnia & Herzegovina,weston mckennie,sot,2.38
2026-06-30,2026-06-30T13:14:16Z,2026-07-02,World Cup,USA vs Bosnia & Herzegovina,ermedin demirovic,sot,1.8
2026-06-30,2026-06-30T13:14:16Z,2026-07-02,World Cup,USA vs Bosnia & Herzegovina,timothy weah,sot,1.73
2026-06-30,2026-06-30T13:14:16Z,2026-07-02,World Cup,USA vs Bosnia & Herzegovina,chris richards,sot,4.7
2026-06-30,2026-06-30T13:14:16Z,2026-07-02,World Cup,USA vs Bosnia & Herzegovina,nikola katic,sot,5.75
2026-06-30,2026-06-30T13:14:16Z,2026-07-02,World Cup,USA vs Bosnia & Herzegovina,joseph scally,sot,4.5
2026-06-30,2026-06-30T13:14:16Z,2026-07-02,World Cup,USA vs Bosnia & Herzegovina,ivan sunjic,sot,6.0
2026-06-30,2026-06-30T13:14:16Z,2026-07-02,World Cup,USA vs Bosnia & Herzegovina,dennis hadzikadunic,sot,9.0
2026-06-30,2026-06-30T13:14:16Z,2026-07-02,World Cup,USA vs Bosnia & Herzegovina,brendan aaronson,sot,1.65
2026-06-30,2026-06-30T13:14:16Z,2026-07-02,World Cup,USA vs Bosnia & Herzegovina,armin gigovic,sot,5.0
2026-06-30,2026-06-30T13:14:16Z,2026-07-02,World Cup,USA vs Bosnia & Herzegovina,ricardo pepi,sot,1.35
2026-06-30,2026-06-30T13:14:16Z,2026-07-02,World Cup,USA vs Bosnia & Herzegovina,giovanni reyna,sot,1.68
2026-06-30,2026-06-30T13:14:16Z,2026-07-02,World Cup,USA vs Bosnia & Herzegovina,nihad mujakic,sot,7.0
2026-06-30,2026-06-30T13:14:16Z,2026-07-02,World Cup,USA vs Bosnia & Herzegovina,sergino dest,sot,2.62
2026-06-30,2026-06-30T13:14:16Z,2026-07-02,World Cup,USA vs Bosnia & Herzegovina,malik tillman,sot,1.83
2026-06-30,2026-06-30T13:14:16Z,2026-07-02,World Cup,USA vs Bosnia & Herzegovina,sebastian berhalter,sot,2.15
2026-06-30,2026-06-30T13:14:16Z,2026-07-02,World Cup,USA vs Bosnia & Herzegovina,amar dedic,sot,7.0
2026-06-30,2026-06-30T13:14:16Z,2026-07-02,World Cup,USA vs Bosnia & Herzegovina,folarin balogun,sot,1.3
2026-06-30,2026-06-30T13:14:16Z,2026-07-02,World Cup,USA vs Bosnia & Herzegovina,tarik muharemovic,sot,9.0
2026-06-30,2026-06-30T13:14:16Z,2026-07-02,World Cup,USA vs Bosnia & Herzegovina,samed bazdar,sot,2.25
2026-06-30,2026-06-30T13:14:16Z,2026-07-02,World Cup,USA vs Bosnia & Herzegovina,alex freeman,sot,3.55
2026-06-30,2026-06-30T13:14:16Z,2026-07-02,World Cup,USA vs Bosnia & Herzegovina,esmir bajraktarevic,sot,2.62
2026-06-30,2026-06-30T13:14:16Z,2026-07-02,World Cup,USA vs Bosnia & Herzegovina,ivan basic,sot,5.0
2026-06-30,2026-06-30T13:14:16Z,2026-07-02,World Cup,USA vs Bosnia & Herzegovina,benjamin tahirovic,sot,5.0
2026-06-30,2026-06-30T13:14:16Z,2026-07-02,World Cup,USA vs Bosnia & Herzegovina,maximilian arfsten,sot,2.3
2026-06-30,2026-06-30T13:14:16Z,2026-07-02,World Cup,USA vs Bosnia & Herzegovina,jovo lukic,sot,2.4
2026-06-30,2026-06-30T13:14:16Z,2026-07-02,World Cup,USA vs Bosnia & Herzegovina,amar memic,sot,5.0
2026-06-30,2026-06-30T13:14:16Z,2026-07-02,World Cup,USA vs Bosnia & Herzegovina,arjan malic,sot,6.5
2026-06-30,2026-06-30T13:14:16Z,2026-07-02,World Cup,USA vs Bosnia & Herzegovina,kerim alajbegovic,sot,2.1
2026-06-30,2026-06-30T13:14:16Z,2026-07-02,World Cup,USA vs Bosnia & Herzegovina,ermin mahmic,sot,3.5
2026-06-30,2026-06-30T13:14:16Z,2026-07-02,World Cup,USA vs Bosnia & Herzegovina,mark alexander mckenzie,sot,4.1
2026-06-30,2026-06-30T13:14:16Z,2026-07-02,World Cup,USA vs Bosnia & Herzegovina,haris tabakovic,sot2,4.6
2026-06-30,2026-06-30T13:14:16Z,2026-07-02,World Cup,USA vs Bosnia & Herzegovina,edin dzeko,sot2,4.6
2026-06-30,2026-06-30T13:14:16Z,2026-07-02,World Cup,USA vs Bosnia & Herzegovina,alejandro zendejas,sot2,3.7
2026-06-30,2026-06-30T13:14:16Z,2026-07-02,World Cup,USA vs Bosnia & Herzegovina,cristian roldan,sot2,6.5
2026-06-30,2026-06-30T13:14:16Z,2026-07-02,World Cup,USA vs Bosnia & Herzegovina,tyler adams,sot2,23.0
2026-06-30,2026-06-30T13:14:16Z,2026-07-02,World Cup,USA vs Bosnia & Herzegovina,haji wright,sot2,2.2
2026-06-30,2026-06-30T13:14:16Z,2026-07-02,World Cup,USA vs Bosnia & Herzegovina,auston trusty,sot2,26.0
2026-06-30,2026-06-30T13:14:16Z,2026-07-02,World Cup,USA vs Bosnia & Herzegovina,dzenis burnic,sot2,23.0
2026-06-30,2026-06-30T13:14:16Z,2026-07-02,World Cup,USA vs Bosnia & Herzegovina,miles robinson,sot2,23.0
2026-06-30,2026-06-30T13:14:16Z,2026-07-02,World Cup,USA vs Bosnia & Herzegovina,christian pulisic,sot2,2.8
2026-06-30,2026-06-30T13:14:16Z,2026-07-02,World Cup,USA vs Bosnia & Herzegovina,antonee robinson,sot2,31.0
2026-06-30,2026-06-30T13:14:16Z,2026-07-02,World Cup,USA vs Bosnia & Herzegovina,weston mckennie,sot2,6.5
2026-06-30,2026-06-30T13:14:16Z,2026-07-02,World Cup,USA vs Bosnia & Herzegovina,ermedin demirovic,sot2,5.0
2026-06-30,2026-06-30T13:14:16Z,2026-07-02,World Cup,USA vs Bosnia & Herzegovina,timothy weah,sot2,3.4
2026-06-30,2026-06-30T13:14:16Z,2026-07-02,World Cup,USA vs Bosnia & Herzegovina,brendan aaronson,sot2,3.65
2026-06-30,2026-06-30T13:14:16Z,2026-07-02,World Cup,USA vs Bosnia & Herzegovina,armin gigovic,sot2,11.0
2026-06-30,2026-06-30T13:14:16Z,2026-07-02,World Cup,USA vs Bosnia & Herzegovina,ricardo pepi,sot2,2.6
2026-06-30,2026-06-30T13:14:16Z,2026-07-02,World Cup,USA vs Bosnia & Herzegovina,giovanni reyna,sot2,4.4
2026-06-30,2026-06-30T13:14:16Z,2026-07-02,World Cup,USA vs Bosnia & Herzegovina,sergino dest,sot2,6.0
2026-06-30,2026-06-30T13:14:16Z,2026-07-02,World Cup,USA vs Bosnia & Herzegovina,malik tillman,sot2,5.5
2026-06-30,2026-06-30T13:14:16Z,2026-07-02,World Cup,USA vs Bosnia & Herzegovina,sebastian berhalter,sot2,7.5
2026-06-30,2026-06-30T13:14:16Z,2026-07-02,World Cup,USA vs Bosnia & Herzegovina,folarin balogun,sot2,2.2
2026-06-30,2026-06-30T13:14:16Z,2026-07-02,World Cup,USA vs Bosnia & Herzegovina,samed bazdar,sot2,5.0
2026-06-30,2026-06-30T13:14:16Z,2026-07-02,World Cup,USA vs Bosnia & Herzegovina,alex freeman,sot2,21.0
2026-06-30,2026-06-30T13:14:16Z,2026-07-02,World Cup,USA vs Bosnia & Herzegovina,esmir bajraktarevic,sot2,9.0
2026-06-30,2026-06-30T13:14:16Z,2026-07-02,World Cup,USA vs Bosnia & Herzegovina,ivan basic,sot2,26.0
2026-06-30,2026-06-30T13:14:16Z,2026-07-02,World Cup,USA vs Bosnia & Herzegovina,maximilian arfsten,sot2,8.5
2026-06-30,2026-06-30T13:14:16Z,2026-07-02,World Cup,USA vs Bosnia & Herzegovina,jovo lukic,sot2,4.6
2026-06-30,2026-06-30T13:14:16Z,2026-07-02,World Cup,USA vs Bosnia & Herzegovina,amar memic,sot2,18.0
2026-06-30,2026-06-30T13:14:16Z,2026-07-02,World Cup,USA vs Bosnia & Herzegovina,kerim alajbegovic,sot2,6.5
2026-06-30,2026-06-30T13:14:16Z,2026-07-02,World Cup,USA vs Bosnia & Herzegovina,ermin mahmic,sot2,11.0
2026-06-30,2026-06-30T13:14:16Z,2026-07-02,World Cup,USA vs Bosnia & Herzegovina,mark alexander mckenzie,sot2,26.0
2026-06-30,2026-06-30T13:14:16Z,2026-07-02,World Cup,USA vs Bosnia & Herzegovina,haris tabakovic,sot3,16.0
2026-06-30,2026-06-30T13:14:16Z,2026-07-02,World Cup,USA vs Bosnia & Herzegovina,edin dzeko,sot3,16.0
2026-06-30,2026-06-30T13:14:16Z,2026-07-02,World Cup,USA vs Bosnia & Herzegovina,alejandro zendejas,sot3,11.0
2026-06-30,2026-06-30T13:14:16Z,2026-07-02,World Cup,USA vs Bosnia & Herzegovina,cristian roldan,sot3,26.0
2026-06-30,2026-06-30T13:14:16Z,2026-07-02,World Cup,USA vs Bosnia & Herzegovina,haji wright,sot3,5.0
2026-06-30,2026-06-30T13:14:16Z,2026-07-02,World Cup,USA vs Bosnia & Herzegovina,christian pulisic,sot3,7.5
2026-06-30,2026-06-30T13:14:16Z,2026-07-02,World Cup,USA vs Bosnia & Herzegovina,weston mckennie,sot3,26.0
2026-06-30,2026-06-30T13:14:16Z,2026-07-02,World Cup,USA vs Bosnia & Herzegovina,ermedin demirovic,sot3,18.0
2026-06-30,2026-06-30T13:14:16Z,2026-07-02,World Cup,USA vs Bosnia & Herzegovina,timothy weah,sot3,10.0
2026-06-30,2026-06-30T13:14:16Z,2026-07-02,World Cup,USA vs Bosnia & Herzegovina,brendan aaronson,sot3,11.0
2026-06-30,2026-06-30T13:14:16Z,2026-07-02,World Cup,USA vs Bosnia & Herzegovina,ricardo pepi,sot3,6.5
2026-06-30,2026-06-30T13:14:16Z,2026-07-02,World Cup,USA vs Bosnia & Herzegovina,giovanni reyna,sot3,15.0
2026-06-30,2026-06-30T13:14:16Z,2026-07-02,World Cup,USA vs Bosnia & Herzegovina,sergino dest,sot3,26.0
2026-06-30,2026-06-30T13:14:16Z,2026-07-02,World Cup,USA vs Bosnia & Herzegovina,malik tillman,sot3,20.0
2026-06-30,2026-06-30T13:14:16Z,2026-07-02,World Cup,USA vs Bosnia & Herzegovina,sebastian berhalter,sot3,31.0
2026-06-30,2026-06-30T13:14:16Z,2026-07-02,World Cup,USA vs Bosnia & Herzegovina,folarin balogun,sot3,4.9
2026-06-30,2026-06-30T13:14:16Z,2026-07-02,World Cup,USA vs Bosnia & Herzegovina,samed bazdar,sot3,18.0
2026-06-30,2026-06-30T13:14:16Z,2026-07-02,World Cup,USA vs Bosnia & Herzegovina,jovo lukic,sot3,16.0
2026-06-30,2026-06-30T13:14:16Z,2026-07-02,World Cup,USA vs Bosnia & Herzegovina,kerim alajbegovic,sot3,26.0
2026-06-30,2026-06-30T13:14:16Z,2026-07-02,World Cup,USA vs Bosnia & Herzegovina,ivan basic,cards,3.0
2026-06-30,2026-06-30T13:14:16Z,2026-07-02,World Cup,USA vs Bosnia & Herzegovina,sead kolasinac,cards,3.1
2026-06-30,2026-06-30T13:14:16Z,2026-07-02,World Cup,USA vs Bosnia & Herzegovina,tyler adams,cards,3.1
2026-06-30,2026-06-30T13:14:16Z,2026-07-02,World Cup,USA vs Bosnia & Herzegovina,ivan sunjic,cards,3.15
2026-06-30,2026-06-30T13:14:16Z,2026-07-02,World Cup,USA vs Bosnia & Herzegovina,benjamin tahirovic,cards,3.2
2026-06-30,2026-06-30T13:14:16Z,2026-07-02,World Cup,USA vs Bosnia & Herzegovina,ermedin demirovic,cards,3.3
2026-06-30,2026-06-30T13:14:16Z,2026-07-02,World Cup,USA vs Bosnia & Herzegovina,chris richards,cards,3.4
2026-06-30,2026-06-30T13:14:16Z,2026-07-02,World Cup,USA vs Bosnia & Herzegovina,malik tillman,cards,3.5
2026-06-30,2026-06-30T13:14:16Z,2026-07-02,World Cup,USA vs Bosnia & Herzegovina,tarik muharemovic,cards,3.5
2026-06-30,2026-06-30T13:14:16Z,2026-07-02,World Cup,USA vs Bosnia & Herzegovina,amar dedic,cards,3.6
2026-06-30,2026-06-30T13:14:16Z,2026-07-02,World Cup,USA vs Bosnia & Herzegovina,ermin mahmic,cards,3.6
2026-06-30,2026-06-30T13:14:16Z,2026-07-02,World Cup,USA vs Bosnia & Herzegovina,nikola katic,cards,3.7
2026-06-30,2026-06-30T13:14:16Z,2026-07-02,World Cup,USA vs Bosnia & Herzegovina,weston mckennie,cards,4.0
2026-06-30,2026-06-30T13:14:16Z,2026-07-02,World Cup,USA vs Bosnia & Herzegovina,giovanni reyna,cards,4.2
2026-06-30,2026-06-30T13:14:16Z,2026-07-02,World Cup,USA vs Bosnia & Herzegovina,antonee robinson,cards,4.2
2026-06-30,2026-06-30T13:14:16Z,2026-07-02,World Cup,USA vs Bosnia & Herzegovina,edin dzeko,cards,4.5
2026-06-30,2026-06-30T13:14:16Z,2026-07-02,World Cup,USA vs Bosnia & Herzegovina,alex freeman,cards,4.5
2026-06-30,2026-06-30T13:14:16Z,2026-07-02,World Cup,USA vs Bosnia & Herzegovina,sergino dest,cards,4.8
2026-06-30,2026-06-30T13:14:16Z,2026-07-02,World Cup,USA vs Bosnia & Herzegovina,christian pulisic,cards,5.2
2026-06-30,2026-06-30T13:14:16Z,2026-07-02,World Cup,USA vs Bosnia & Herzegovina,amar memic,cards,5.3
2026-06-30,2026-06-30T13:14:16Z,2026-07-02,World Cup,USA vs Bosnia & Herzegovina,ricardo pepi,cards,5.5
2026-06-30,2026-06-30T13:14:16Z,2026-07-02,World Cup,USA vs Bosnia & Herzegovina,esmir bajraktarevic,cards,5.5
2026-06-30,2026-06-30T13:14:16Z,2026-07-02,World Cup,USA vs Bosnia & Herzegovina,kerim alajbegovic,cards,5.75
2026-06-30,2026-06-30T13:14:16Z,2026-07-02,World Cup,USA vs Bosnia & Herzegovina,timothy ream,cards,6.25
2026-06-30,2026-06-30T13:14:16Z,2026-07-02,World Cup,USA vs Bosnia & Herzegovina,folarin balogun,cards,7.0
2026-06-30,2026-06-30T13:14:16Z,2026-07-02,World Cup,Spain vs Austria,mikel oyarzabal,goals,2.0
2026-06-30,2026-06-30T13:14:16Z,2026-07-02,World Cup,Spain vs Austria,lamine yamal,goals,2.3
2026-06-30,2026-06-30T13:14:16Z,2026-07-02,World Cup,Spain vs Austria,borja iglesias,goals,2.1
2026-06-30,2026-06-30T13:14:16Z,2026-07-02,World Cup,Spain vs Austria,ferran torres garcia,goals,2.38
2026-06-30,2026-06-30T13:14:16Z,2026-07-02,World Cup,Spain vs Austria,dani olmo,goals,3.25
2026-06-30,2026-06-30T13:14:16Z,2026-07-02,World Cup,Spain vs Austria,nico williams,goals,3.0
2026-06-30,2026-06-30T13:14:16Z,2026-07-02,World Cup,Spain vs Austria,mikel merino,goals,3.75
2026-06-30,2026-06-30T13:14:16Z,2026-07-02,World Cup,Spain vs Austria,victor munoz,goals,3.25
2026-06-30,2026-06-30T13:14:16Z,2026-07-02,World Cup,Spain vs Austria,alejandro baena,goals,3.9
2026-06-30,2026-06-30T13:14:16Z,2026-07-02,World Cup,Spain vs Austria,yeremy pino,goals,4.1
2026-06-30,2026-06-30T13:14:16Z,2026-07-02,World Cup,Spain vs Austria,fabian ruiz,goals,4.5
2026-06-30,2026-06-30T13:14:16Z,2026-07-02,World Cup,Spain vs Austria,sasa kalajdzic,goals,5.0
2026-06-30,2026-06-30T13:14:16Z,2026-07-02,World Cup,Spain vs Austria,pedro gonzalez lopez,goals,5.5
2026-06-30,2026-06-30T13:14:16Z,2026-07-02,World Cup,Spain vs Austria,pablo martin paez gavira,goals,5.5
2026-06-30,2026-06-30T13:14:16Z,2026-07-02,World Cup,Spain vs Austria,rodri,goals,6.5
2026-06-30,2026-06-30T13:14:16Z,2026-07-02,World Cup,Spain vs Austria,martin zubimendi ibanez,goals,6.0
2026-06-30,2026-06-30T13:14:16Z,2026-07-02,World Cup,Spain vs Austria,marko arnautovic,goals,6.5
2026-06-30,2026-06-30T13:14:16Z,2026-07-02,World Cup,Spain vs Austria,michael gregoritsch,goals,7.4
2026-06-30,2026-06-30T13:14:16Z,2026-07-02,World Cup,Spain vs Austria,pau cubarsi,goals,13.0
2026-06-30,2026-06-30T13:14:16Z,2026-07-02,World Cup,Spain vs Austria,marcos llorente,goals,10.0
2026-06-30,2026-06-30T13:14:16Z,2026-07-02,World Cup,Spain vs Austria,alex grimaldo,goals,8.5
2026-06-30,2026-06-30T13:14:16Z,2026-07-02,World Cup,Spain vs Austria,eric garcia martret,goals,8.5
2026-06-30,2026-06-30T13:14:16Z,2026-07-02,World Cup,Spain vs Austria,pedro porro,goals,8.5
2026-06-30,2026-06-30T13:14:16Z,2026-07-02,World Cup,Spain vs Austria,dejan ljubicic,goals,9.0
2026-06-30,2026-06-30T13:14:16Z,2026-07-02,World Cup,Spain vs Austria,carney chukwuemeka,goals,9.0
2026-06-30,2026-06-30T13:14:16Z,2026-07-02,World Cup,Spain vs Austria,marc pubill,goals,9.5
2026-06-30,2026-06-30T13:14:16Z,2026-07-02,World Cup,Spain vs Austria,marc cucurella,goals,10.0
2026-06-30,2026-06-30T13:14:16Z,2026-07-02,World Cup,Spain vs Austria,alessandro schopf,goals,10.0
2026-06-30,2026-06-30T13:14:16Z,2026-07-02,World Cup,Spain vs Austria,paul wanner,goals,10.0
2026-06-30,2026-06-30T13:14:16Z,2026-07-02,World Cup,Spain vs Austria,aymeric laporte,goals,12.0
2026-06-30,2026-06-30T13:14:16Z,2026-07-02,World Cup,Spain vs Austria,patrick wimmer,goals,10.0
2026-06-30,2026-06-30T13:14:16Z,2026-07-02,World Cup,Spain vs Austria,romano schmid,goals,10.5
2026-06-30,2026-06-30T13:14:16Z,2026-07-02,World Cup,Spain vs Austria,marcel sabitzer,goals,10.5
2026-06-30,2026-06-30T13:14:16Z,2026-07-02,World Cup,Spain vs Austria,florian grillitsch,goals,13.0
2026-06-30,2026-06-30T13:14:16Z,2026-07-02,World Cup,Spain vs Austria,michael svoboda,goals,13.0
2026-06-30,2026-06-30T13:14:16Z,2026-07-02,World Cup,Spain vs Austria,alexander prass,goals,17.0
2026-06-30,2026-06-30T13:14:16Z,2026-07-02,World Cup,Spain vs Austria,marco friedl,goals,21.0
2026-06-30,2026-06-30T13:14:16Z,2026-07-02,World Cup,Spain vs Austria,xaver schlager,goals,21.0
2026-06-30,2026-06-30T13:14:16Z,2026-07-02,World Cup,Spain vs Austria,david alaba,goals,22.0
2026-06-30,2026-06-30T13:14:16Z,2026-07-02,World Cup,Spain vs Austria,kevin danso,goals,23.0
2026-06-30,2026-06-30T13:14:16Z,2026-07-02,World Cup,Spain vs Austria,david affengruber,goals,23.0
2026-06-30,2026-06-30T13:14:16Z,2026-07-02,World Cup,Spain vs Austria,stefan posch,goals,26.0
2026-06-30,2026-06-30T13:14:16Z,2026-07-02,World Cup,Spain vs Austria,nicolas seiwald,goals,26.0
2026-06-30,2026-06-30T13:14:16Z,2026-07-02,World Cup,Spain vs Austria,philipp lienhart,goals,26.0
2026-06-30,2026-06-30T13:14:16Z,2026-07-02,World Cup,Spain vs Austria,konrad laimer,goals,26.0
2026-06-30,2026-06-30T13:14:16Z,2026-07-02,World Cup,Spain vs Austria,phillipp mwene,goals,42.0
2026-06-30,2026-06-30T13:14:16Z,2026-07-02,World Cup,Spain vs Austria,rodri,sot,2.9
2026-06-30,2026-06-30T13:14:16Z,2026-07-02,World Cup,Spain vs Austria,marko arnautovic,sot,2.1
2026-06-30,2026-06-30T13:14:16Z,2026-07-02,World Cup,Spain vs Austria,david alaba,sot,8.0
2026-06-30,2026-06-30T13:14:16Z,2026-07-02,World Cup,Spain vs Austria,aymeric laporte,sot,4.2
2026-06-30,2026-06-30T13:14:16Z,2026-07-02,World Cup,Spain vs Austria,konrad laimer,sot,4.0
2026-06-30,2026-06-30T13:14:16Z,2026-07-02,World Cup,Spain vs Austria,michael gregoritsch,sot,2.3
2026-06-30,2026-06-30T13:14:16Z,2026-07-02,World Cup,Spain vs Austria,borja iglesias,sot,1.35
2026-06-30,2026-06-30T13:14:16Z,2026-07-02,World Cup,Spain vs Austria,marcel sabitzer,sot,2.65
2026-06-30,2026-06-30T13:14:16Z,2026-07-02,World Cup,Spain vs Austria,marcos llorente,sot,4.1
2026-06-30,2026-06-30T13:14:16Z,2026-07-02,World Cup,Spain vs Austria,florian grillitsch,sot,7.0
2026-06-30,2026-06-30T13:14:16Z,2026-07-02,World Cup,Spain vs Austria,mikel oyarzabal,sot,1.25
2026-06-30,2026-06-30T13:14:16Z,2026-07-02,World Cup,Spain vs Austria,alex grimaldo,sot,1.64
2026-06-30,2026-06-30T13:14:16Z,2026-07-02,World Cup,Spain vs Austria,xaver schlager,sot,6.0
2026-06-30,2026-06-30T13:14:16Z,2026-07-02,World Cup,Spain vs Austria,philipp lienhart,sot,9.0
2026-06-30,2026-06-30T13:14:16Z,2026-07-02,World Cup,Spain vs Austria,mikel merino,sot,1.57
2026-06-30,2026-06-30T13:14:16Z,2026-07-02,World Cup,Spain vs Austria,dani olmo,sot,1.54
2026-06-30,2026-06-30T13:14:16Z,2026-07-02,World Cup,Spain vs Austria,phillipp mwene,sot,7.5
2026-06-30,2026-06-30T13:14:16Z,2026-07-02,World Cup,Spain vs Austria,kevin danso,sot,7.5
2026-06-30,2026-06-30T13:14:16Z,2026-07-02,World Cup,Spain vs Austria,marco friedl,sot,9.5
2026-06-30,2026-06-30T13:14:16Z,2026-07-02,World Cup,Spain vs Austria,stefan posch,sot,8.0
2026-06-30,2026-06-30T13:14:16Z,2026-07-02,World Cup,Spain vs Austria,romano schmid,sot,3.35
2026-06-30,2026-06-30T13:14:16Z,2026-07-02,World Cup,Spain vs Austria,sasa kalajdzic,sot,2.2
2026-06-30,2026-06-30T13:14:16Z,2026-07-02,World Cup,Spain vs Austria,dejan ljubicic,sot,3.1
2026-06-30,2026-06-30T13:14:16Z,2026-07-02,World Cup,Spain vs Austria,pedro porro,sot,2.9
2026-06-30,2026-06-30T13:14:16Z,2026-07-02,World Cup,Spain vs Austria,ferran torres garcia,sot,1.38
2026-06-30,2026-06-30T13:14:16Z,2026-07-02,World Cup,Spain vs Austria,eric garcia martret,sot,3.4
2026-06-30,2026-06-30T13:14:16Z,2026-07-02,World Cup,Spain vs Austria,fabian ruiz,sot,2.35
2026-06-30,2026-06-30T13:14:16Z,2026-07-02,World Cup,Spain vs Austria,marc cucurella,sot,4.2
2026-06-30,2026-06-30T13:14:16Z,2026-07-02,World Cup,Spain vs Austria,martin zubimendi ibanez,sot,3.0
2026-06-30,2026-06-30T13:14:16Z,2026-07-02,World Cup,Spain vs Austria,michael svoboda,sot,6.5
2026-06-30,2026-06-30T13:14:16Z,2026-07-02,World Cup,Spain vs Austria,pedro gonzalez lopez,sot,2.6
2026-06-30,2026-06-30T13:14:16Z,2026-07-02,World Cup,Spain vs Austria,patrick wimmer,sot,3.75
2026-06-30,2026-06-30T13:14:16Z,2026-07-02,World Cup,Spain vs Austria,alejandro baena,sot,1.66
2026-06-30,2026-06-30T13:14:16Z,2026-07-02,World Cup,Spain vs Austria,yeremy pino,sot,1.54
2026-06-30,2026-06-30T13:14:16Z,2026-07-02,World Cup,Spain vs Austria,nico williams,sot,1.4
2026-06-30,2026-06-30T13:14:16Z,2026-07-02,World Cup,Spain vs Austria,carney chukwuemeka,sot,3.4
2026-06-30,2026-06-30T13:14:16Z,2026-07-02,World Cup,Spain vs Austria,david affengruber,sot,8.5
2026-06-30,2026-06-30T13:14:16Z,2026-07-02,World Cup,Spain vs Austria,alexander prass,sot,5.25
2026-06-30,2026-06-30T13:14:16Z,2026-07-02,World Cup,Spain vs Austria,pablo martin paez gavira,sot,1.8
2026-06-30,2026-06-30T13:14:16Z,2026-07-02,World Cup,Spain vs Austria,marc pubill,sot,3.75
2026-06-30,2026-06-30T13:14:16Z,2026-07-02,World Cup,Spain vs Austria,paul wanner,sot,4.0
2026-06-30,2026-06-30T13:14:16Z,2026-07-02,World Cup,Spain vs Austria,nicolas seiwald,sot,6.0
2026-06-30,2026-06-30T13:14:16Z,2026-07-02,World Cup,Spain vs Austria,pau cubarsi,sot,4.6
2026-06-30,2026-06-30T13:14:16Z,2026-07-02,World Cup,Spain vs Austria,lamine yamal,sot,1.27
2026-06-30,2026-06-30T13:14:16Z,2026-07-02,World Cup,Spain vs Austria,victor munoz,sot,1.36
2026-06-30,2026-06-30T13:14:16Z,2026-07-02,World Cup,Spain vs Austria,alessandro schopf,sot,3.95
2026-06-30,2026-06-30T13:14:16Z,2026-07-02,World Cup,Spain vs Austria,rodri,sot2,14.0
2026-06-30,2026-06-30T13:14:16Z,2026-07-02,World Cup,Spain vs Austria,marko arnautovic,sot2,7.0
2026-06-30,2026-06-30T13:14:16Z,2026-07-02,World Cup,Spain vs Austria,aymeric laporte,sot2,26.0
2026-06-30,2026-06-30T13:14:16Z,2026-07-02,World Cup,Spain vs Austria,konrad laimer,sot2,26.0
2026-06-30,2026-06-30T13:14:16Z,2026-07-02,World Cup,Spain vs Austria,michael gregoritsch,sot2,8.5
2026-06-30,2026-06-30T13:14:16Z,2026-07-02,World Cup,Spain vs Austria,borja iglesias,sot2,2.55
2026-06-30,2026-06-30T13:14:16Z,2026-07-02,World Cup,Spain vs Austria,marcel sabitzer,sot2,11.0
2026-06-30,2026-06-30T13:14:16Z,2026-07-02,World Cup,Spain vs Austria,marcos llorente,sot2,26.0
2026-06-30,2026-06-30T13:14:16Z,2026-07-02,World Cup,Spain vs Austria,mikel oyarzabal,sot2,2.1
2026-06-30,2026-06-30T13:14:16Z,2026-07-02,World Cup,Spain vs Austria,alex grimaldo,sot2,4.1
2026-06-30,2026-06-30T13:14:16Z,2026-07-02,World Cup,Spain vs Austria,mikel merino,sot2,3.75
2026-06-30,2026-06-30T13:14:16Z,2026-07-02,World Cup,Spain vs Austria,dani olmo,sot2,3.55
2026-06-30,2026-06-30T13:14:16Z,2026-07-02,World Cup,Spain vs Austria,romano schmid,sot2,19.0
2026-06-30,2026-06-30T13:14:16Z,2026-07-02,World Cup,Spain vs Austria,sasa kalajdzic,sot2,8.0
2026-06-30,2026-06-30T13:14:16Z,2026-07-02,World Cup,Spain vs Austria,dejan ljubicic,sot2,15.0
2026-06-30,2026-06-30T13:14:16Z,2026-07-02,World Cup,Spain vs Austria,pedro porro,sot2,12.0
2026-06-30,2026-06-30T13:14:16Z,2026-07-02,World Cup,Spain vs Austria,ferran torres garcia,sot2,2.75
2026-06-30,2026-06-30T13:14:16Z,2026-07-02,World Cup,Spain vs Austria,eric garcia martret,sot2,17.0
2026-06-30,2026-06-30T13:14:16Z,2026-07-02,World Cup,Spain vs Austria,fabian ruiz,sot2,9.0
2026-06-30,2026-06-30T13:14:16Z,2026-07-02,World Cup,Spain vs Austria,marc cucurella,sot2,29.0
2026-06-30,2026-06-30T13:14:16Z,2026-07-02,World Cup,Spain vs Austria,martin zubimendi ibanez,sot2,15.0
2026-06-30,2026-06-30T13:14:16Z,2026-07-02,World Cup,Spain vs Austria,pedro gonzalez lopez,sot2,11.0
2026-06-30,2026-06-30T13:14:16Z,2026-07-02,World Cup,Spain vs Austria,patrick wimmer,sot2,15.0
2026-06-30,2026-06-30T13:14:16Z,2026-07-02,World Cup,Spain vs Austria,alejandro baena,sot2,4.3
2026-06-30,2026-06-30T13:14:16Z,2026-07-02,World Cup,Spain vs Austria,yeremy pino,sot2,3.55
2026-06-30,2026-06-30T13:14:16Z,2026-07-02,World Cup,Spain vs Austria,nico williams,sot2,2.9
2026-06-30,2026-06-30T13:14:16Z,2026-07-02,World Cup,Spain vs Austria,carney chukwuemeka,sot2,18.0
2026-06-30,2026-06-30T13:14:16Z,2026-07-02,World Cup,Spain vs Austria,pablo martin paez gavira,sot2,4.6
2026-06-30,2026-06-30T13:14:16Z,2026-07-02,World Cup,Spain vs Austria,marc pubill,sot2,19.0
2026-06-30,2026-06-30T13:14:16Z,2026-07-02,World Cup,Spain vs Austria,paul wanner,sot2,26.0
2026-06-30,2026-06-30T13:14:16Z,2026-07-02,World Cup,Spain vs Austria,lamine yamal,sot2,2.2
2026-06-30,2026-06-30T13:14:16Z,2026-07-02,World Cup,Spain vs Austria,victor munoz,sot2,2.55
2026-06-30,2026-06-30T13:14:16Z,2026-07-02,World Cup,Spain vs Austria,alessandro schopf,sot2,26.0
2026-06-30,2026-06-30T13:14:16Z,2026-07-02,World Cup,Spain vs Austria,marko arnautovic,sot3,31.0
2026-06-30,2026-06-30T13:14:16Z,2026-07-02,World Cup,Spain vs Austria,borja iglesias,sot3,6.5
2026-06-30,2026-06-30T13:14:16Z,2026-07-02,World Cup,Spain vs Austria,mikel oyarzabal,sot3,4.5
2026-06-30,2026-06-30T13:14:16Z,2026-07-02,World Cup,Spain vs Austria,alex grimaldo,sot3,13.0
2026-06-30,2026-06-30T13:14:16Z,2026-07-02,World Cup,Spain vs Austria,mikel merino,sot3,11.0
2026-06-30,2026-06-30T13:14:16Z,2026-07-02,World Cup,Spain vs Austria,dani olmo,sot3,10.5
2026-06-30,2026-06-30T13:14:16Z,2026-07-02,World Cup,Spain vs Austria,ferran torres garcia,sot3,7.0
2026-06-30,2026-06-30T13:14:16Z,2026-07-02,World Cup,Spain vs Austria,alejandro baena,sot3,14.0
2026-06-30,2026-06-30T13:14:16Z,2026-07-02,World Cup,Spain vs Austria,yeremy pino,sot3,10.5
2026-06-30,2026-06-30T13:14:16Z,2026-07-02,World Cup,Spain vs Austria,nico williams,sot3,7.5
2026-06-30,2026-06-30T13:14:16Z,2026-07-02,World Cup,Spain vs Austria,pablo martin paez gavira,sot3,16.0
2026-06-30,2026-06-30T13:14:16Z,2026-07-02,World Cup,Spain vs Austria,lamine yamal,sot3,5.0
2026-06-30,2026-06-30T13:14:16Z,2026-07-02,World Cup,Spain vs Austria,victor munoz,sot3,6.5
2026-06-30,2026-06-30T13:14:16Z,2026-07-02,World Cup,Portugal vs Croatia,cristiano ronaldo,goals,2.17
2026-06-30,2026-06-30T13:14:16Z,2026-07-02,World Cup,Portugal vs Croatia,goncalo matias ramos,goals,2.5
2026-06-30,2026-06-30T13:14:16Z,2026-07-02,World Cup,Portugal vs Croatia,goncalo guedes,goals,2.88
2026-06-30,2026-06-30T13:14:16Z,2026-07-02,World Cup,Portugal vs Croatia,rafael leao,goals,3.5
2026-06-30,2026-06-30T13:14:16Z,2026-07-02,World Cup,Portugal vs Croatia,bruno fernandes,goals,4.0
2026-06-30,2026-06-30T13:14:16Z,2026-07-02,World Cup,Portugal vs Croatia,joao felix sequeira,goals,3.75
2026-06-30,2026-06-30T13:14:16Z,2026-07-02,World Cup,Portugal vs Croatia,francisco trincao,goals,4.0
2026-06-30,2026-06-30T13:14:16Z,2026-07-02,World Cup,Portugal vs Croatia,ante budimir,goals,4.1
2026-06-30,2026-06-30T13:14:16Z,2026-07-02,World Cup,Portugal vs Croatia,igor matanovic,goals,4.33
2026-06-30,2026-06-30T13:14:16Z,2026-07-02,World Cup,Portugal vs Croatia,petar musa,goals,4.33
2026-06-30,2026-06-30T13:14:16Z,2026-07-02,World Cup,Portugal vs Croatia,francisco conceicao,goals,4.33
2026-06-30,2026-06-30T13:14:16Z,2026-07-02,World Cup,Portugal vs Croatia,bernardo silva,goals,4.75
2026-06-30,2026-06-30T13:14:16Z,2026-07-02,World Cup,Portugal vs Croatia,samuel almeida costa,goals,4.8
2026-06-30,2026-06-30T13:14:16Z,2026-07-02,World Cup,Portugal vs Croatia,pedro neto,goals,4.9
2026-06-30,2026-06-30T13:14:16Z,2026-07-02,World Cup,Portugal vs Croatia,andrej kramaric,goals,5.0
2026-06-30,2026-06-30T13:14:16Z,2026-07-02,World Cup,Portugal vs Croatia,toni fruk,goals,5.0
2026-06-30,2026-06-30T13:14:16Z,2026-07-02,World Cup,Portugal vs Croatia,marco pasalic,goals,6.0
2026-06-30,2026-06-30T13:14:16Z,2026-07-02,World Cup,Portugal vs Croatia,ivan perisic,goals,7.5
2026-06-30,2026-06-30T13:14:16Z,2026-07-02,World Cup,Portugal vs Croatia,luka sucic,goals,7.0
2026-06-30,2026-06-30T13:14:16Z,2026-07-02,World Cup,Portugal vs Croatia,luka modric,goals,8.0
2026-06-30,2026-06-30T13:14:16Z,2026-07-02,World Cup,Portugal vs Croatia,joao pedro goncalves neves,goals,7.5
2026-06-30,2026-06-30T13:14:16Z,2026-07-02,World Cup,Portugal vs Croatia,nikola vlasic,goals,8.2
2026-06-30,2026-06-30T13:14:16Z,2026-07-02,World Cup,Portugal vs Croatia,martin baturina,goals,8.8
2026-06-30,2026-06-30T13:14:16Z,2026-07-02,World Cup,Portugal vs Croatia,mario pasalic,goals,9.0
2026-06-30,2026-06-30T13:14:16Z,2026-07-02,World Cup,Portugal vs Croatia,vitor ferreira,goals,9.7
2026-06-30,2026-06-30T13:14:16Z,2026-07-02,World Cup,Portugal vs Croatia,joao cancelo,goals,11.0
2026-06-30,2026-06-30T13:14:16Z,2026-07-02,World Cup,Portugal vs Croatia,ruben neves,goals,9.7
2026-06-30,2026-06-30T13:14:16Z,2026-07-02,World Cup,Portugal vs Croatia,ruben dias,goals,11.0
2026-06-30,2026-06-30T13:14:16Z,2026-07-02,World Cup,Portugal vs Croatia,matheus luiz nunes,goals,10.0
2026-06-30,2026-06-30T13:14:16Z,2026-07-02,World Cup,Portugal vs Croatia,tomas araujo,goals,10.0
2026-06-30,2026-06-30T13:14:16Z,2026-07-02,World Cup,Portugal vs Croatia,nikola moro,goals,11.0
2026-06-30,2026-06-30T13:14:16Z,2026-07-02,World Cup,Portugal vs Croatia,diogo dalot,goals,11.0
2026-06-30,2026-06-30T13:14:16Z,2026-07-02,World Cup,Portugal vs Croatia,renato veiga,goals,11.5
2026-06-30,2026-06-30T13:14:16Z,2026-07-02,World Cup,Portugal vs Croatia,nuno mendes,goals,11.5
2026-06-30,2026-06-30T13:14:16Z,2026-07-02,World Cup,Portugal vs Croatia,kristijan jakic,goals,12.0
2026-06-30,2026-06-30T13:14:16Z,2026-07-02,World Cup,Portugal vs Croatia,goncalo inacio,goals,12.0
2026-06-30,2026-06-30T13:14:16Z,2026-07-02,World Cup,Portugal vs Croatia,luka vuskovic,goals,12.0
2026-06-30,2026-06-30T13:14:16Z,2026-07-02,World Cup,Portugal vs Croatia,josko gvardiol,goals,12.0
2026-06-30,2026-06-30T13:14:16Z,2026-07-02,World Cup,Portugal vs Croatia,mateo kovacic,goals,13.5
2026-06-30,2026-06-30T13:14:16Z,2026-07-02,World Cup,Portugal vs Croatia,martin erlich,goals,15.0
2026-06-30,2026-06-30T13:14:16Z,2026-07-02,World Cup,Portugal vs Croatia,duje caleta car,goals,15.0
2026-06-30,2026-06-30T13:14:16Z,2026-07-02,World Cup,Portugal vs Croatia,nelson semedo,goals,15.0
2026-06-30,2026-06-30T13:14:16Z,2026-07-02,World Cup,Portugal vs Croatia,petar sucic,goals,19.0
2026-06-30,2026-06-30T13:14:16Z,2026-07-02,World Cup,Portugal vs Croatia,josip stanisic,goals,20.0
2026-06-30,2026-06-30T13:14:16Z,2026-07-02,World Cup,Portugal vs Croatia,marin pongracic,goals,22.0
2026-06-30,2026-06-30T13:14:16Z,2026-07-02,World Cup,Portugal vs Croatia,josip sutalo,goals,25.0
2026-06-30,2026-06-30T13:14:16Z,2026-07-02,World Cup,Portugal vs Croatia,luka modric,sot,3.4
2026-06-30,2026-06-30T13:14:16Z,2026-07-02,World Cup,Portugal vs Croatia,cristiano ronaldo,sot,1.25
2026-06-30,2026-06-30T13:14:16Z,2026-07-02,World Cup,Portugal vs Croatia,ivan perisic,sot,2.7
2026-06-30,2026-06-30T13:14:16Z,2026-07-02,World Cup,Portugal vs Croatia,andrej kramaric,sot,1.95
2026-06-30,2026-06-30T13:14:16Z,2026-07-02,World Cup,Portugal vs Croatia,mateo kovacic,sot,3.6
2026-06-30,2026-06-30T13:14:16Z,2026-07-02,World Cup,Portugal vs Croatia,mario pasalic,sot,3.3
2026-06-30,2026-06-30T13:14:16Z,2026-07-02,World Cup,Portugal vs Croatia,bruno fernandes,sot,1.62
2026-06-30,2026-06-30T13:14:16Z,2026-07-02,World Cup,Portugal vs Croatia,ante budimir,sot,1.8
2026-06-30,2026-06-30T13:14:16Z,2026-07-02,World Cup,Portugal vs Croatia,ruben neves,sot,3.45
2026-06-30,2026-06-30T13:14:16Z,2026-07-02,World Cup,Portugal vs Croatia,martin erlich,sot,7.5
2026-06-30,2026-06-30T13:14:16Z,2026-07-02,World Cup,Portugal vs Croatia,nelson semedo,sot,4.0
2026-06-30,2026-06-30T13:14:16Z,2026-07-02,World Cup,Portugal vs Croatia,goncalo guedes,sot,1.71
2026-06-30,2026-06-30T13:14:16Z,2026-07-02,World Cup,Portugal vs Croatia,joao cancelo,sot,3.3
2026-06-30,2026-06-30T13:14:16Z,2026-07-02,World Cup,Portugal vs Croatia,nikola moro,sot,4.3
2026-06-30,2026-06-30T13:14:16Z,2026-07-02,World Cup,Portugal vs Croatia,diogo dalot,sot,5.5
2026-06-30,2026-06-30T13:14:16Z,2026-07-02,World Cup,Portugal vs Croatia,marin pongracic,sot,8.0
2026-06-30,2026-06-30T13:14:16Z,2026-07-02,World Cup,Portugal vs Croatia,rafael leao,sot,1.52
2026-06-30,2026-06-30T13:14:16Z,2026-07-02,World Cup,Portugal vs Croatia,nikola vlasic,sot,2.3
2026-06-30,2026-06-30T13:14:16Z,2026-07-02,World Cup,Portugal vs Croatia,ruben dias,sot,4.5
2026-06-30,2026-06-30T13:14:16Z,2026-07-02,World Cup,Portugal vs Croatia,pedro neto,sot,1.95
2026-06-30,2026-06-30T13:14:16Z,2026-07-02,World Cup,Portugal vs Croatia,duje caleta car,sot,7.5
2026-06-30,2026-06-30T13:14:16Z,2026-07-02,World Cup,Portugal vs Croatia,bernardo silva,sot,2.35
2026-06-30,2026-06-30T13:14:16Z,2026-07-02,World Cup,Portugal vs Croatia,josip stanisic,sot,5.8
2026-06-30,2026-06-30T13:14:16Z,2026-07-02,World Cup,Portugal vs Croatia,joao felix sequeira,sot,1.57
2026-06-30,2026-06-30T13:14:16Z,2026-07-02,World Cup,Portugal vs Croatia,nuno mendes,sot,3.1
2026-06-30,2026-06-30T13:14:16Z,2026-07-02,World Cup,Portugal vs Croatia,francisco trincao,sot,1.66
2026-06-30,2026-06-30T13:14:16Z,2026-07-02,World Cup,Portugal vs Croatia,josko gvardiol,sot,4.0
2026-06-30,2026-06-30T13:14:16Z,2026-07-02,World Cup,Portugal vs Croatia,vitor ferreira,sot,2.9
2026-06-30,2026-06-30T13:14:16Z,2026-07-02,World Cup,Portugal vs Croatia,samuel almeida costa,sot,2.15
2026-06-30,2026-06-30T13:14:16Z,2026-07-02,World Cup,Portugal vs Croatia,petar musa,sot,1.67
2026-06-30,2026-06-30T13:14:16Z,2026-07-02,World Cup,Portugal vs Croatia,kristijan jakic,sot,4.5
2026-06-30,2026-06-30T13:14:16Z,2026-07-02,World Cup,Portugal vs Croatia,matheus luiz nunes,sot,3.3
2026-06-30,2026-06-30T13:14:16Z,2026-07-02,World Cup,Portugal vs Croatia,josip sutalo,sot,7.0
2026-06-30,2026-06-30T13:14:16Z,2026-07-02,World Cup,Portugal vs Croatia,goncalo inacio,sot,5.75
2026-06-30,2026-06-30T13:14:16Z,2026-07-02,World Cup,Portugal vs Croatia,goncalo matias ramos,sot,1.41
2026-06-30,2026-06-30T13:14:16Z,2026-07-02,World Cup,Portugal vs Croatia,luka sucic,sot,3.3
2026-06-30,2026-06-30T13:14:16Z,2026-07-02,World Cup,Portugal vs Croatia,igor matanovic,sot,1.8
2026-06-30,2026-06-30T13:14:16Z,2026-07-02,World Cup,Portugal vs Croatia,martin baturina,sot,2.45
2026-06-30,2026-06-30T13:14:16Z,2026-07-02,World Cup,Portugal vs Croatia,francisco conceicao,sot,1.67
2026-06-30,2026-06-30T13:14:16Z,2026-07-02,World Cup,Portugal vs Croatia,tomas araujo,sot,4.9
2026-06-30,2026-06-30T13:14:16Z,2026-07-02,World Cup,Portugal vs Croatia,marco pasalic,sot,2.6
2026-06-30,2026-06-30T13:14:16Z,2026-07-02,World Cup,Portugal vs Croatia,renato veiga,sot,3.8
2026-06-30,2026-06-30T13:14:16Z,2026-07-02,World Cup,Portugal vs Croatia,petar sucic,sot,2.5
2026-06-30,2026-06-30T13:14:16Z,2026-07-02,World Cup,Portugal vs Croatia,toni fruk,sot,2.1
2026-06-30,2026-06-30T13:14:16Z,2026-07-02,World Cup,Portugal vs Croatia,joao pedro goncalves neves,sot,3.1
2026-06-30,2026-06-30T13:14:16Z,2026-07-02,World Cup,Portugal vs Croatia,luka vuskovic,sot,4.6
2026-06-30,2026-06-30T13:14:16Z,2026-07-02,World Cup,Portugal vs Croatia,luka modric,sot2,10.5
2026-06-30,2026-06-30T13:14:16Z,2026-07-02,World Cup,Portugal vs Croatia,cristiano ronaldo,sot2,2.1
2026-06-30,2026-06-30T13:14:16Z,2026-07-02,World Cup,Portugal vs Croatia,ivan perisic,sot2,10.5
2026-06-30,2026-06-30T13:14:16Z,2026-07-02,World Cup,Portugal vs Croatia,andrej kramaric,sot2,6.0
2026-06-30,2026-06-30T13:14:16Z,2026-07-02,World Cup,Portugal vs Croatia,mateo kovacic,sot2,18.0
2026-06-30,2026-06-30T13:14:16Z,2026-07-02,World Cup,Portugal vs Croatia,mario pasalic,sot2,9.5
2026-06-30,2026-06-30T13:14:16Z,2026-07-02,World Cup,Portugal vs Croatia,bruno fernandes,sot2,4.0
2026-06-30,2026-06-30T13:14:16Z,2026-07-02,World Cup,Portugal vs Croatia,ante budimir,sot2,5.0
2026-06-30,2026-06-30T13:14:16Z,2026-07-02,World Cup,Portugal vs Croatia,ruben neves,sot2,19.0
2026-06-30,2026-06-30T13:14:16Z,2026-07-02,World Cup,Portugal vs Croatia,nelson semedo,sot2,23.0
2026-06-30,2026-06-30T13:14:16Z,2026-07-02,World Cup,Portugal vs Croatia,goncalo guedes,sot2,4.3
2026-06-30,2026-06-30T13:14:16Z,2026-07-02,World Cup,Portugal vs Croatia,joao cancelo,sot2,17.0
2026-06-30,2026-06-30T13:14:16Z,2026-07-02,World Cup,Portugal vs Croatia,nikola moro,sot2,29.0
2026-06-30,2026-06-30T13:14:16Z,2026-07-02,World Cup,Portugal vs Croatia,rafael leao,sot2,3.45
2026-06-30,2026-06-30T13:14:16Z,2026-07-02,World Cup,Portugal vs Croatia,nikola vlasic,sot2,8.5
2026-06-30,2026-06-30T13:14:16Z,2026-07-02,World Cup,Portugal vs Croatia,ruben dias,sot2,31.0
2026-06-30,2026-06-30T13:14:16Z,2026-07-02,World Cup,Portugal vs Croatia,pedro neto,sot2,6.0
2026-06-30,2026-06-30T13:14:16Z,2026-07-02,World Cup,Portugal vs Croatia,bernardo silva,sot2,9.0
2026-06-30,2026-06-30T13:14:16Z,2026-07-02,World Cup,Portugal vs Croatia,josip stanisic,sot2,21.0
2026-06-30,2026-06-30T13:14:16Z,2026-07-02,World Cup,Portugal vs Croatia,joao felix sequeira,sot2,3.75
2026-06-30,2026-06-30T13:14:16Z,2026-07-02,World Cup,Portugal vs Croatia,nuno mendes,sot2,7.0
2026-06-30,2026-06-30T13:14:16Z,2026-07-02,World Cup,Portugal vs Croatia,francisco trincao,sot2,4.3
2026-06-30,2026-06-30T13:14:16Z,2026-07-02,World Cup,Portugal vs Croatia,josko gvardiol,sot2,17.0
2026-06-30,2026-06-30T13:14:16Z,2026-07-02,World Cup,Portugal vs Croatia,vitor ferreira,sot2,13.0
2026-06-30,2026-06-30T13:14:16Z,2026-07-02,World Cup,Portugal vs Croatia,samuel almeida costa,sot2,6.5
2026-06-30,2026-06-30T13:14:16Z,2026-07-02,World Cup,Portugal vs Croatia,petar musa,sot2,4.1
2026-06-30,2026-06-30T13:14:16Z,2026-07-02,World Cup,Portugal vs Croatia,kristijan jakic,sot2,31.0
2026-06-30,2026-06-30T13:14:16Z,2026-07-02,World Cup,Portugal vs Croatia,matheus luiz nunes,sot2,14.0
2026-06-30,2026-06-30T13:14:16Z,2026-07-02,World Cup,Portugal vs Croatia,goncalo matias ramos,sot2,2.8
2026-06-30,2026-06-30T13:14:16Z,2026-07-02,World Cup,Portugal vs Croatia,luka sucic,sot2,7.5
2026-06-30,2026-06-30T13:14:16Z,2026-07-02,World Cup,Portugal vs Croatia,igor matanovic,sot2,4.7
2026-06-30,2026-06-30T13:14:16Z,2026-07-02,World Cup,Portugal vs Croatia,martin baturina,sot2,10.0
2026-06-30,2026-06-30T13:14:16Z,2026-07-02,World Cup,Portugal vs Croatia,francisco conceicao,sot2,4.2
2026-06-30,2026-06-30T13:14:16Z,2026-07-02,World Cup,Portugal vs Croatia,marco pasalic,sot2,7.0
2026-06-30,2026-06-30T13:14:16Z,2026-07-02,World Cup,Portugal vs Croatia,renato veiga,sot2,23.0
2026-06-30,2026-06-30T13:14:16Z,2026-07-02,World Cup,Portugal vs Croatia,petar sucic,sot2,11.0
2026-06-30,2026-06-30T13:14:16Z,2026-07-02,World Cup,Portugal vs Croatia,toni fruk,sot2,7.0
2026-06-30,2026-06-30T13:14:16Z,2026-07-02,World Cup,Portugal vs Croatia,joao pedro goncalves neves,sot2,9.0
2026-06-30,2026-06-30T13:14:16Z,2026-07-02,World Cup,Portugal vs Croatia,cristiano ronaldo,sot3,4.6
2026-06-30,2026-06-30T13:14:16Z,2026-07-02,World Cup,Portugal vs Croatia,andrej kramaric,sot3,23.0
2026-06-30,2026-06-30T13:14:16Z,2026-07-02,World Cup,Portugal vs Croatia,bruno fernandes,sot3,13.0
2026-06-30,2026-06-30T13:14:16Z,2026-07-02,World Cup,Portugal vs Croatia,ante budimir,sot3,19.0
2026-06-30,2026-06-30T13:14:16Z,2026-07-02,World Cup,Portugal vs Croatia,goncalo guedes,sot3,15.0
2026-06-30,2026-06-30T13:14:16Z,2026-07-02,World Cup,Portugal vs Croatia,rafael leao,sot3,10.0
2026-06-30,2026-06-30T13:14:16Z,2026-07-02,World Cup,Portugal vs Croatia,pedro neto,sot3,23.0
2026-06-30,2026-06-30T13:14:16Z,2026-07-02,World Cup,Portugal vs Croatia,joao felix sequeira,sot3,12.0
2026-06-30,2026-06-30T13:14:16Z,2026-07-02,World Cup,Portugal vs Croatia,nuno mendes,sot3,29.0
2026-06-30,2026-06-30T13:14:16Z,2026-07-02,World Cup,Portugal vs Croatia,francisco trincao,sot3,14.0
2026-06-30,2026-06-30T13:14:16Z,2026-07-02,World Cup,Portugal vs Croatia,samuel almeida costa,sot3,29.0
2026-06-30,2026-06-30T13:14:16Z,2026-07-02,World Cup,Portugal vs Croatia,petar musa,sot3,13.0
2026-06-30,2026-06-30T13:14:16Z,2026-07-02,World Cup,Portugal vs Croatia,goncalo matias ramos,sot3,7.5
2026-06-30,2026-06-30T13:14:16Z,2026-07-02,World Cup,Portugal vs Croatia,igor matanovic,sot3,16.0
2026-06-30,2026-06-30T13:14:16Z,2026-07-02,World Cup,Portugal vs Croatia,francisco conceicao,sot3,14.0
2026-06-30,2026-06-30T13:14:16Z,2026-07-02,World Cup,Portugal vs Croatia,marco pasalic,sot3,31.0
2026-06-30,2026-06-30T13:14:16Z,2026-07-02,World Cup,Portugal vs Croatia,toni fruk,sot3,31.0
2026-06-30,2026-06-30T13:14:16Z,2026-07-03,World Cup,Switzerland vs Algeria,breel embolo,goals,2.7
2026-06-30,2026-06-30T13:14:16Z,2026-07-03,World Cup,Switzerland vs Algeria,cedric itten,goals,2.88
2026-06-30,2026-06-30T13:14:16Z,2026-07-03,World Cup,Switzerland vs Algeria,mohamed zeki amdouni,goals,3.25
2026-06-30,2026-06-30T13:14:16Z,2026-07-03,World Cup,Switzerland vs Algeria,dan ndoye,goals,3.75
2026-06-30,2026-06-30T13:14:16Z,2026-07-03,World Cup,Switzerland vs Algeria,amine gouiri,goals,4.0
2026-06-30,2026-06-30T13:14:16Z,2026-07-03,World Cup,Switzerland vs Algeria,noah okafor,goals,3.75
2026-06-30,2026-06-30T13:14:16Z,2026-07-03,World Cup,Switzerland vs Algeria,riyad mahrez,goals,4.0
2026-06-30,2026-06-30T13:14:16Z,2026-07-03,World Cup,Switzerland vs Algeria,christian fassnacht,goals,4.0
2026-06-30,2026-06-30T13:14:16Z,2026-07-03,World Cup,Switzerland vs Algeria,mohamed el amine amoura,goals,4.0
2026-06-30,2026-06-30T13:14:16Z,2026-07-03,World Cup,Switzerland vs Algeria,adil boulbina,goals,4.0
2026-06-30,2026-06-30T13:14:16Z,2026-07-03,World Cup,Switzerland vs Algeria,ahmed nadhir benbouali,goals,4.4
2026-06-30,2026-06-30T13:14:16Z,2026-07-03,World Cup,Switzerland vs Algeria,ruben vargas,goals,4.5
2026-06-30,2026-06-30T13:14:16Z,2026-07-03,World Cup,Switzerland vs Algeria,johan manzambi,goals,4.6
2026-06-30,2026-06-30T13:14:16Z,2026-07-03,World Cup,Switzerland vs Algeria,fares ghedjemis,goals,4.8
2026-06-30,2026-06-30T13:14:16Z,2026-07-03,World Cup,Switzerland vs Algeria,houssem aouar,goals,5.0
2026-06-30,2026-06-30T13:14:16Z,2026-07-03,World Cup,Switzerland vs Algeria,granit xhaka,goals,5.6
2026-06-30,2026-06-30T13:14:16Z,2026-07-03,World Cup,Switzerland vs Algeria,fabian rieder,goals,6.0
2026-06-30,2026-06-30T13:14:16Z,2026-07-03,World Cup,Switzerland vs Algeria,anis hadj moussa,goals,6.0
2026-06-30,2026-06-30T13:14:16Z,2026-07-03,World Cup,Switzerland vs Algeria,ibrahim maza,goals,6.0
2026-06-30,2026-06-30T13:14:16Z,2026-07-03,World Cup,Switzerland vs Algeria,remo freuler,goals,7.0
2026-06-30,2026-06-30T13:14:16Z,2026-07-03,World Cup,Switzerland vs Algeria,yassine titraoui,goals,7.5
2026-06-30,2026-06-30T13:14:16Z,2026-07-03,World Cup,Switzerland vs Algeria,djibril sow,goals,7.7
2026-06-30,2026-06-30T13:14:16Z,2026-07-03,World Cup,Switzerland vs Algeria,fares chaibi,goals,8.3
2026-06-30,2026-06-30T13:14:16Z,2026-07-03,World Cup,Switzerland vs Algeria,jaouen hadjam,goals,9.0
2026-06-30,2026-06-30T13:14:16Z,2026-07-03,World Cup,Switzerland vs Algeria,silvan widmer,goals,9.3
2026-06-30,2026-06-30T13:14:16Z,2026-07-03,World Cup,Switzerland vs Algeria,michel aebischer,goals,9.3
2026-06-30,2026-06-30T13:14:16Z,2026-07-03,World Cup,Switzerland vs Algeria,denis zakaria,goals,9.5
2026-06-30,2026-06-30T13:14:16Z,2026-07-03,World Cup,Switzerland vs Algeria,ardon jashari,goals,10.0
2026-06-30,2026-06-30T13:14:16Z,2026-07-03,World Cup,Switzerland vs Algeria,ricardo rodriguez,goals,11.0
2026-06-30,2026-06-30T13:14:16Z,2026-07-03,World Cup,Switzerland vs Algeria,ramiz zerrouki,goals,11.0
2026-06-30,2026-06-30T13:14:16Z,2026-07-03,World Cup,Switzerland vs Algeria,eray cumart,goals,11.0
2026-06-30,2026-06-30T13:14:16Z,2026-07-03,World Cup,Switzerland vs Algeria,luca jaquez,goals,11.0
2026-06-30,2026-06-30T13:14:16Z,2026-07-03,World Cup,Switzerland vs Algeria,mohamed amine tougai,goals,11.0
2026-06-30,2026-06-30T13:14:16Z,2026-07-03,World Cup,Switzerland vs Algeria,manuel akanji,goals,11.5
2026-06-30,2026-06-30T13:14:16Z,2026-07-03,World Cup,Switzerland vs Algeria,nabil bentaleb,goals,11.5
2026-06-30,2026-06-30T13:14:16Z,2026-07-03,World Cup,Switzerland vs Algeria,samir chergui,goals,12.0
2026-06-30,2026-06-30T13:14:16Z,2026-07-03,World Cup,Switzerland vs Algeria,miro muheim,goals,12.0
2026-06-30,2026-06-30T13:14:16Z,2026-07-03,World Cup,Switzerland vs Algeria,hicham boudaoui,goals,12.5
2026-06-30,2026-06-30T13:14:16Z,2026-07-03,World Cup,Switzerland vs Algeria,nico elvedi,goals,13.0
2026-06-30,2026-06-30T13:14:16Z,2026-07-03,World Cup,Switzerland vs Algeria,zineddine belaid,goals,13.0
2026-06-30,2026-06-30T13:14:16Z,2026-07-03,World Cup,Switzerland vs Algeria,rafik belghali,goals,14.0
2026-06-30,2026-06-30T13:14:16Z,2026-07-03,World Cup,Switzerland vs Algeria,ramy bensebaini,goals,16.5
2026-06-30,2026-06-30T13:14:16Z,2026-07-03,World Cup,Switzerland vs Algeria,aissa mandi,goals,16.5
2026-06-30,2026-06-30T13:14:16Z,2026-07-03,World Cup,Switzerland vs Algeria,rayan ait nouri,goals,16.5
2026-06-30,2026-06-30T13:14:16Z,2026-07-03,World Cup,Switzerland vs Algeria,aurele amenda,goals,17.0
2026-06-30,2026-06-30T13:14:16Z,2026-07-03,World Cup,Switzerland vs Algeria,achref abada,goals,19.0
2026-06-30,2026-06-30T13:14:16Z,2026-07-03,World Cup,Switzerland vs Algeria,ricardo rodriguez,sot,3.9
2026-06-30,2026-06-30T13:14:16Z,2026-07-03,World Cup,Switzerland vs Algeria,aissa mandi,sot,6.5
2026-06-30,2026-06-30T13:14:16Z,2026-07-03,World Cup,Switzerland vs Algeria,silvan widmer,sot,3.2
2026-06-30,2026-06-30T13:14:16Z,2026-07-03,World Cup,Switzerland vs Algeria,nabil bentaleb,sot,2.9
2026-06-30,2026-06-30T13:14:16Z,2026-07-03,World Cup,Switzerland vs Algeria,riyad mahrez,sot,2.0
2026-06-30,2026-06-30T13:14:16Z,2026-07-03,World Cup,Switzerland vs Algeria,nico elvedi,sot,5.25
2026-06-30,2026-06-30T13:14:16Z,2026-07-03,World Cup,Switzerland vs Algeria,breel embolo,sot,1.35
2026-06-30,2026-06-30T13:14:16Z,2026-07-03,World Cup,Switzerland vs Algeria,granit xhaka,sot,2.3
2026-06-30,2026-06-30T13:14:16Z,2026-07-03,World Cup,Switzerland vs Algeria,ramy bensebaini,sot,6.0
2026-06-30,2026-06-30T13:14:16Z,2026-07-03,World Cup,Switzerland vs Algeria,denis zakaria,sot,3.2
2026-06-30,2026-06-30T13:14:16Z,2026-07-03,World Cup,Switzerland vs Algeria,djibril sow,sot,2.3
2026-06-30,2026-06-30T13:14:16Z,2026-07-03,World Cup,Switzerland vs Algeria,remo freuler,sot,2.65
2026-06-30,2026-06-30T13:14:16Z,2026-07-03,World Cup,Switzerland vs Algeria,cedric itten,sot,1.31
2026-06-30,2026-06-30T13:14:16Z,2026-07-03,World Cup,Switzerland vs Algeria,michel aebischer,sot,2.85
2026-06-30,2026-06-30T13:14:16Z,2026-07-03,World Cup,Switzerland vs Algeria,eray cumart,sot,2.85
2026-06-30,2026-06-30T13:14:16Z,2026-07-03,World Cup,Switzerland vs Algeria,houssem aouar,sot,2.5
2026-06-30,2026-06-30T13:14:16Z,2026-07-03,World Cup,Switzerland vs Algeria,amine gouiri,sot,1.57
2026-06-30,2026-06-30T13:14:16Z,2026-07-03,World Cup,Switzerland vs Algeria,christian fassnacht,sot,1.58
2026-06-30,2026-06-30T13:14:16Z,2026-07-03,World Cup,Switzerland vs Algeria,rayan ait nouri,sot,4.0
2026-06-30,2026-06-30T13:14:16Z,2026-07-03,World Cup,Switzerland vs Algeria,manuel akanji,sot,5.0
2026-06-30,2026-06-30T13:14:16Z,2026-07-03,World Cup,Switzerland vs Algeria,samir chergui,sot,7.0
2026-06-30,2026-06-30T13:14:16Z,2026-07-03,World Cup,Switzerland vs Algeria,noah okafor,sot,1.64
2026-06-30,2026-06-30T13:14:16Z,2026-07-03,World Cup,Switzerland vs Algeria,hicham boudaoui,sot,3.15
2026-06-30,2026-06-30T13:14:16Z,2026-07-03,World Cup,Switzerland vs Algeria,ramiz zerrouki,sot,2.95
2026-06-30,2026-06-30T13:14:16Z,2026-07-03,World Cup,Switzerland vs Algeria,ruben vargas,sot,1.62
2026-06-30,2026-06-30T13:14:16Z,2026-07-03,World Cup,Switzerland vs Algeria,dan ndoye,sot,1.5
2026-06-30,2026-06-30T13:14:16Z,2026-07-03,World Cup,Switzerland vs Algeria,jaouen hadjam,sot,5.75
2026-06-30,2026-06-30T13:14:16Z,2026-07-03,World Cup,Switzerland vs Algeria,fabian rieder,sot,1.8
2026-06-30,2026-06-30T13:14:16Z,2026-07-03,World Cup,Switzerland vs Algeria,miro muheim,sot,3.35
2026-06-30,2026-06-30T13:14:16Z,2026-07-03,World Cup,Switzerland vs Algeria,aurele amenda,sot,5.5
2026-06-30,2026-06-30T13:14:16Z,2026-07-03,World Cup,Switzerland vs Algeria,mohamed amine tougai,sot,5.5
2026-06-30,2026-06-30T13:14:16Z,2026-07-03,World Cup,Switzerland vs Algeria,mohamed el amine amoura,sot,1.95
2026-06-30,2026-06-30T13:14:16Z,2026-07-03,World Cup,Switzerland vs Algeria,fares chaibi,sot,2.2
2026-06-30,2026-06-30T13:14:16Z,2026-07-03,World Cup,Switzerland vs Algeria,mohamed zeki amdouni,sot,1.57
2026-06-30,2026-06-30T13:14:16Z,2026-07-03,World Cup,Switzerland vs Algeria,ahmed nadhir benbouali,sot,1.62
2026-06-30,2026-06-30T13:14:16Z,2026-07-03,World Cup,Switzerland vs Algeria,ardon jashari,sot,2.5
2026-06-30,2026-06-30T13:14:16Z,2026-07-03,World Cup,Switzerland vs Algeria,ibrahim maza,sot,2.1
2026-06-30,2026-06-30T13:14:16Z,2026-07-03,World Cup,Switzerland vs Algeria,rafik belghali,sot,3.4
2026-06-30,2026-06-30T13:14:16Z,2026-07-03,World Cup,Switzerland vs Algeria,luca jaquez,sot,3.85
2026-06-30,2026-06-30T13:14:16Z,2026-07-03,World Cup,Switzerland vs Algeria,fares ghedjemis,sot,1.86
2026-06-30,2026-06-30T13:14:16Z,2026-07-03,World Cup,Switzerland vs Algeria,zineddine belaid,sot,6.5
2026-06-30,2026-06-30T13:14:16Z,2026-07-03,World Cup,Switzerland vs Algeria,anis hadj moussa,sot,1.9
2026-06-30,2026-06-30T13:14:16Z,2026-07-03,World Cup,Switzerland vs Algeria,johan manzambi,sot,1.6
2026-06-30,2026-06-30T13:14:16Z,2026-07-03,World Cup,Switzerland vs Algeria,yassine titraoui,sot,3.25
2026-06-30,2026-06-30T13:14:16Z,2026-07-03,World Cup,Switzerland vs Algeria,adil boulbina,sot,2.05
2026-06-30,2026-06-30T13:14:16Z,2026-07-03,World Cup,Switzerland vs Algeria,achref abada,sot,7.0
2026-06-30,2026-06-30T13:14:16Z,2026-07-03,World Cup,Switzerland vs Algeria,ricardo rodriguez,sot2,23.0
2026-06-30,2026-06-30T13:14:16Z,2026-07-03,World Cup,Switzerland vs Algeria,silvan widmer,sot2,17.0
2026-06-30,2026-06-30T13:14:16Z,2026-07-03,World Cup,Switzerland vs Algeria,nabil bentaleb,sot2,14.0
2026-06-30,2026-06-30T13:14:16Z,2026-07-03,World Cup,Switzerland vs Algeria,riyad mahrez,sot2,6.5
2026-06-30,2026-06-30T13:14:16Z,2026-07-03,World Cup,Switzerland vs Algeria,breel embolo,sot2,2.6
2026-06-30,2026-06-30T13:14:16Z,2026-07-03,World Cup,Switzerland vs Algeria,granit xhaka,sot2,8.5
2026-06-30,2026-06-30T13:14:16Z,2026-07-03,World Cup,Switzerland vs Algeria,denis zakaria,sot2,17.0
2026-06-30,2026-06-30T13:14:16Z,2026-07-03,World Cup,Switzerland vs Algeria,djibril sow,sot2,8.0
2026-06-30,2026-06-30T13:14:16Z,2026-07-03,World Cup,Switzerland vs Algeria,remo freuler,sot2,11.0
2026-06-30,2026-06-30T13:14:16Z,2026-07-03,World Cup,Switzerland vs Algeria,cedric itten,sot2,2.4
2026-06-30,2026-06-30T13:14:16Z,2026-07-03,World Cup,Switzerland vs Algeria,michel aebischer,sot2,13.0
2026-06-30,2026-06-30T13:14:16Z,2026-07-03,World Cup,Switzerland vs Algeria,eray cumart,sot2,13.0
2026-06-30,2026-06-30T13:14:16Z,2026-07-03,World Cup,Switzerland vs Algeria,houssem aouar,sot2,10.0
2026-06-30,2026-06-30T13:14:16Z,2026-07-03,World Cup,Switzerland vs Algeria,amine gouiri,sot2,3.75
2026-06-30,2026-06-30T13:14:16Z,2026-07-03,World Cup,Switzerland vs Algeria,christian fassnacht,sot2,3.85
2026-06-30,2026-06-30T13:14:16Z,2026-07-03,World Cup,Switzerland vs Algeria,rayan ait nouri,sot2,26.0
2026-06-30,2026-06-30T13:14:16Z,2026-07-03,World Cup,Switzerland vs Algeria,noah okafor,sot2,4.1
2026-06-30,2026-06-30T13:14:16Z,2026-07-03,World Cup,Switzerland vs Algeria,hicham boudaoui,sot2,16.0
2026-06-30,2026-06-30T13:14:16Z,2026-07-03,World Cup,Switzerland vs Algeria,ramiz zerrouki,sot2,14.0
2026-06-30,2026-06-30T13:14:16Z,2026-07-03,World Cup,Switzerland vs Algeria,ruben vargas,sot2,4.0
2026-06-30,2026-06-30T13:14:16Z,2026-07-03,World Cup,Switzerland vs Algeria,dan ndoye,sot2,3.35
2026-06-30,2026-06-30T13:14:16Z,2026-07-03,World Cup,Switzerland vs Algeria,fabian rieder,sot2,5.0
2026-06-30,2026-06-30T13:14:16Z,2026-07-03,World Cup,Switzerland vs Algeria,miro muheim,sot2,19.0
2026-06-30,2026-06-30T13:14:16Z,2026-07-03,World Cup,Switzerland vs Algeria,mohamed el amine amoura,sot2,6.0
2026-06-30,2026-06-30T13:14:16Z,2026-07-03,World Cup,Switzerland vs Algeria,fares chaibi,sot2,7.5
2026-06-30,2026-06-30T13:14:16Z,2026-07-03,World Cup,Switzerland vs Algeria,mohamed zeki amdouni,sot2,3.75
2026-06-30,2026-06-30T13:14:16Z,2026-07-03,World Cup,Switzerland vs Algeria,ahmed nadhir benbouali,sot2,4.0
2026-06-30,2026-06-30T13:14:16Z,2026-07-03,World Cup,Switzerland vs Algeria,ardon jashari,sot2,10.5
2026-06-30,2026-06-30T13:14:16Z,2026-07-03,World Cup,Switzerland vs Algeria,ibrahim maza,sot2,7.0
2026-06-30,2026-06-30T13:14:16Z,2026-07-03,World Cup,Switzerland vs Algeria,rafik belghali,sot2,19.0
2026-06-30,2026-06-30T13:14:16Z,2026-07-03,World Cup,Switzerland vs Algeria,luca jaquez,sot2,23.0
2026-06-30,2026-06-30T13:14:16Z,2026-07-03,World Cup,Switzerland vs Algeria,fares ghedjemis,sot2,5.5
2026-06-30,2026-06-30T13:14:16Z,2026-07-03,World Cup,Switzerland vs Algeria,anis hadj moussa,sot2,5.75
2026-06-30,2026-06-30T13:14:16Z,2026-07-03,World Cup,Switzerland vs Algeria,johan manzambi,sot2,3.9
2026-06-30,2026-06-30T13:14:16Z,2026-07-03,World Cup,Switzerland vs Algeria,yassine titraoui,sot2,17.0
2026-06-30,2026-06-30T13:14:16Z,2026-07-03,World Cup,Switzerland vs Algeria,adil boulbina,sot2,7.0
2026-06-30,2026-06-30T13:14:16Z,2026-07-03,World Cup,Switzerland vs Algeria,riyad mahrez,sot3,26.0
2026-06-30,2026-06-30T13:14:16Z,2026-07-03,World Cup,Switzerland vs Algeria,breel embolo,sot3,6.5
2026-06-30,2026-06-30T13:14:16Z,2026-07-03,World Cup,Switzerland vs Algeria,cedric itten,sot3,5.75
2026-06-30,2026-06-30T13:14:16Z,2026-07-03,World Cup,Switzerland vs Algeria,amine gouiri,sot3,12.0
2026-06-30,2026-06-30T13:14:16Z,2026-07-03,World Cup,Switzerland vs Algeria,christian fassnacht,sot3,12.0
2026-06-30,2026-06-30T13:14:16Z,2026-07-03,World Cup,Switzerland vs Algeria,noah okafor,sot3,13.0
2026-06-30,2026-06-30T13:14:16Z,2026-07-03,World Cup,Switzerland vs Algeria,ruben vargas,sot3,13.0
2026-06-30,2026-06-30T13:14:16Z,2026-07-03,World Cup,Switzerland vs Algeria,dan ndoye,sot3,9.5
2026-06-30,2026-06-30T13:14:16Z,2026-07-03,World Cup,Switzerland vs Algeria,fabian rieder,sot3,18.0
2026-06-30,2026-06-30T13:14:16Z,2026-07-03,World Cup,Switzerland vs Algeria,mohamed el amine amoura,sot3,23.0
2026-06-30,2026-06-30T13:14:16Z,2026-07-03,World Cup,Switzerland vs Algeria,mohamed zeki amdouni,sot3,12.0
2026-06-30,2026-06-30T13:14:16Z,2026-07-03,World Cup,Switzerland vs Algeria,ahmed nadhir benbouali,sot3,13.0
2026-06-30,2026-06-30T13:14:16Z,2026-07-03,World Cup,Switzerland vs Algeria,ibrahim maza,sot3,29.0
2026-06-30,2026-06-30T13:14:16Z,2026-07-03,World Cup,Switzerland vs Algeria,fares ghedjemis,sot3,21.0
2026-06-30,2026-06-30T13:14:16Z,2026-07-03,World Cup,Switzerland vs Algeria,anis hadj moussa,sot3,23.0
2026-06-30,2026-06-30T13:14:16Z,2026-07-03,World Cup,Switzerland vs Algeria,johan manzambi,sot3,12.0
2026-06-30,2026-06-30T13:14:16Z,2026-07-03,World Cup,Switzerland vs Algeria,adil boulbina,sot3,29.0
2026-06-30,2026-06-30T13:14:16Z,2026-07-03,World Cup,Australia vs Egypt,mohamed salah,goals,3.1
2026-06-30,2026-06-30T13:14:16Z,2026-07-03,World Cup,Australia vs Egypt,mohamed toure,goals,3.75
2026-06-30,2026-06-30T13:14:16Z,2026-07-03,World Cup,Australia vs Egypt,mahmoud hassan,goals,3.75
2026-06-30,2026-06-30T13:14:16Z,2026-07-03,World Cup,Australia vs Egypt,omar marmoush,goals,3.9
2026-06-30,2026-06-30T13:14:16Z,2026-07-03,World Cup,Australia vs Egypt,tete yengi,goals,4.0
2026-06-30,2026-06-30T13:14:16Z,2026-07-03,World Cup,Australia vs Egypt,nestory irankunda,goals,4.5
2026-06-30,2026-06-30T13:14:16Z,2026-07-03,World Cup,Australia vs Egypt,hamza abdelkarim,goals,4.5
2026-06-30,2026-06-30T13:14:16Z,2026-07-03,World Cup,Australia vs Egypt,mostafa ziko,goals,4.8
2026-06-30,2026-06-30T13:14:16Z,2026-07-03,World Cup,Australia vs Egypt,ibrahim adel,goals,5.0
2026-06-30,2026-06-30T13:14:16Z,2026-07-03,World Cup,Australia vs Egypt,nishan velupillay,goals,5.0
2026-06-30,2026-06-30T13:14:16Z,2026-07-03,World Cup,Australia vs Egypt,ajdin hrustic,goals,5.0
2026-06-30,2026-06-30T13:14:16Z,2026-07-03,World Cup,Australia vs Egypt,awer mabil,goals,5.0
2026-06-30,2026-06-30T13:14:16Z,2026-07-03,World Cup,Australia vs Egypt,mathew leckie,goals,5.0
2026-06-30,2026-06-30T13:14:16Z,2026-07-03,World Cup,Australia vs Egypt,ahmed zizo,goals,5.5
2026-06-30,2026-06-30T13:14:16Z,2026-07-03,World Cup,Australia vs Egypt,mahmoud saber,goals,6.0
2026-06-30,2026-06-30T13:14:16Z,2026-07-03,World Cup,Australia vs Egypt,cristian volpato,goals,8.3
2026-06-30,2026-06-30T13:14:16Z,2026-07-03,World Cup,Australia vs Egypt,haissem hassan,goals,8.5
2026-06-30,2026-06-30T13:14:16Z,2026-07-03,World Cup,Australia vs Egypt,emam ashour,goals,8.7
2026-06-30,2026-06-30T13:14:16Z,2026-07-03,World Cup,Australia vs Egypt,conor metcalfe,goals,9.0
2026-06-30,2026-06-30T13:14:16Z,2026-07-03,World Cup,Australia vs Egypt,mohamed abdelmonem,goals,9.5
2026-06-30,2026-06-30T13:14:16Z,2026-07-03,World Cup,Australia vs Egypt,jackson irvine,goals,9.7
2026-06-30,2026-06-30T13:14:16Z,2026-07-03,World Cup,Australia vs Egypt,ramy rabia,goals,10.0
2026-06-30,2026-06-30T13:14:16Z,2026-07-03,World Cup,Australia vs Egypt,jordan bos,goals,10.0
2026-06-30,2026-06-30T13:14:16Z,2026-07-03,World Cup,Australia vs Egypt,aziz eraltay behich,goals,10.0
2026-06-30,2026-06-30T13:14:16Z,2026-07-03,World Cup,Australia vs Egypt,hamdy fathy,goals,10.0
2026-06-30,2026-06-30T13:14:16Z,2026-07-03,World Cup,Australia vs Egypt,jacob italiano,goals,10.0
2026-06-30,2026-06-30T13:14:16Z,2026-07-03,World Cup,Australia vs Egypt,hossam abdelmaguid abdelsalam,goals,11.0
2026-06-30,2026-06-30T13:14:16Z,2026-07-03,World Cup,Australia vs Egypt,kai trewin,goals,11.0
2026-06-30,2026-06-30T13:14:16Z,2026-07-03,World Cup,Australia vs Egypt,nabil emad dunga,goals,11.0
2026-06-30,2026-06-30T13:14:16Z,2026-07-03,World Cup,Australia vs Egypt,cameron devlin,goals,11.0
2026-06-30,2026-06-30T13:14:16Z,2026-07-03,World Cup,Australia vs Egypt,karim hafez,goals,11.0
2026-06-30,2026-06-30T13:14:16Z,2026-07-03,World Cup,Australia vs Egypt,tarek alaa,goals,12.0
2026-06-30,2026-06-30T13:14:16Z,2026-07-03,World Cup,Australia vs Egypt,paul okon,goals,12.0
2026-06-30,2026-06-30T13:14:16Z,2026-07-03,World Cup,Australia vs Egypt,lucas herrington,goals,12.0
2026-06-30,2026-06-30T13:14:16Z,2026-07-03,World Cup,Australia vs Egypt,yasser ibrahim,goals,14.5
2026-06-30,2026-06-30T13:14:16Z,2026-07-03,World Cup,Australia vs Egypt,marwan attia,goals,14.5
2026-06-30,2026-06-30T13:14:16Z,2026-07-03,World Cup,Australia vs Egypt,aiden o'neill,goals,15.0
2026-06-30,2026-06-30T13:14:16Z,2026-07-03,World Cup,Australia vs Egypt,milos degenek,goals,17.0
2026-06-30,2026-06-30T13:14:16Z,2026-07-03,World Cup,Australia vs Egypt,jason geria,goals,17.0
2026-06-30,2026-06-30T13:14:16Z,2026-07-03,World Cup,Australia vs Egypt,ahmed aboul-fetouh,goals,18.0
2026-06-30,2026-06-30T13:14:16Z,2026-07-03,World Cup,Australia vs Egypt,alessandro circati,goals,18.0
2026-06-30,2026-06-30T13:14:16Z,2026-07-03,World Cup,Australia vs Egypt,harry souttar,goals,18.0
2026-06-30,2026-06-30T13:14:16Z,2026-07-03,World Cup,Australia vs Egypt,cameron burgess,goals,19.0
2026-06-30,2026-06-30T13:14:16Z,2026-07-03,World Cup,Australia vs Egypt,mohamed hany,goals,26.0
2026-06-30,2026-06-30T13:14:16Z,2026-07-03,World Cup,Australia vs Egypt,aziz eraltay behich,sot,4.8
2026-06-30,2026-06-30T13:14:16Z,2026-07-03,World Cup,Australia vs Egypt,ramy rabia,sot,5.75
2026-06-30,2026-06-30T13:14:16Z,2026-07-03,World Cup,Australia vs Egypt,awer mabil,sot,2.35
2026-06-30,2026-06-30T13:14:16Z,2026-07-03,World Cup,Australia vs Egypt,jason geria,sot,5.0
2026-06-30,2026-06-30T13:14:16Z,2026-07-03,World Cup,Australia vs Egypt,cameron burgess,sot,7.0
2026-06-30,2026-06-30T13:14:16Z,2026-07-03,World Cup,Australia vs Egypt,mohamed salah,sot,1.76
2026-06-30,2026-06-30T13:14:16Z,2026-07-03,World Cup,Australia vs Egypt,harry souttar,sot,4.5
2026-06-30,2026-06-30T13:14:16Z,2026-07-03,World Cup,Australia vs Egypt,jackson irvine,sot,2.85
2026-06-30,2026-06-30T13:14:16Z,2026-07-03,World Cup,Australia vs Egypt,aiden o'neill,sot,4.8
2026-06-30,2026-06-30T13:14:16Z,2026-07-03,World Cup,Australia vs Egypt,mohamed toure,sot,1.66
2026-06-30,2026-06-30T13:14:16Z,2026-07-03,World Cup,Australia vs Egypt,karim hafez,sot,4.8
2026-06-30,2026-06-30T13:14:16Z,2026-07-03,World Cup,Australia vs Egypt,ajdin hrustic,sot,2.35
2026-06-30,2026-06-30T13:14:16Z,2026-07-03,World Cup,Australia vs Egypt,milos degenek,sot,6.5
2026-06-30,2026-06-30T13:14:16Z,2026-07-03,World Cup,Australia vs Egypt,conor metcalfe,sot,2.4
2026-06-30,2026-06-30T13:14:16Z,2026-07-03,World Cup,Australia vs Egypt,paul okon,sot,5.25
2026-06-30,2026-06-30T13:14:16Z,2026-07-03,World Cup,Australia vs Egypt,cameron devlin,sot,5.5
2026-06-30,2026-06-30T13:14:16Z,2026-07-03,World Cup,Australia vs Egypt,haissem hassan,sot,2.1
2026-06-30,2026-06-30T13:14:16Z,2026-07-03,World Cup,Australia vs Egypt,kai trewin,sot,4.2
2026-06-30,2026-06-30T13:14:16Z,2026-07-03,World Cup,Australia vs Egypt,omar marmoush,sot,1.8
2026-06-30,2026-06-30T13:14:16Z,2026-07-03,World Cup,Australia vs Egypt,tete yengi,sot,1.86
2026-06-30,2026-06-30T13:14:16Z,2026-07-03,World Cup,Australia vs Egypt,jordan bos,sot,3.55
2026-06-30,2026-06-30T13:14:16Z,2026-07-03,World Cup,Australia vs Egypt,mohamed hany,sot,5.75
2026-06-30,2026-06-30T13:14:16Z,2026-07-03,World Cup,Australia vs Egypt,hamdy fathy,sot,4.8
2026-06-30,2026-06-30T13:14:16Z,2026-07-03,World Cup,Australia vs Egypt,yasser ibrahim,sot,6.5
2026-06-30,2026-06-30T13:14:16Z,2026-07-03,World Cup,Australia vs Egypt,nishan velupillay,sot,2.15
2026-06-30,2026-06-30T13:14:16Z,2026-07-03,World Cup,Australia vs Egypt,ibrahim adel,sot,2.3
2026-06-30,2026-06-30T13:14:16Z,2026-07-03,World Cup,Australia vs Egypt,emam ashour,sot,2.25
2026-06-30,2026-06-30T13:14:16Z,2026-07-03,World Cup,Australia vs Egypt,cristian volpato,sot,2.6
2026-06-30,2026-06-30T13:14:16Z,2026-07-03,World Cup,Australia vs Egypt,nestory irankunda,sot,1.8
2026-06-30,2026-06-30T13:14:16Z,2026-07-03,World Cup,Australia vs Egypt,alessandro circati,sot,4.7
2026-06-30,2026-06-30T13:14:16Z,2026-07-03,World Cup,Australia vs Egypt,mohamed abdelmonem,sot,4.6
2026-06-30,2026-06-30T13:14:16Z,2026-07-03,World Cup,Australia vs Egypt,ahmed zizo,sot,2.0
2026-06-30,2026-06-30T13:14:16Z,2026-07-03,World Cup,Australia vs Egypt,marwan attia,sot,2.35
2026-06-30,2026-06-30T13:14:16Z,2026-07-03,World Cup,Australia vs Egypt,hossam abdelmaguid abdelsalam,sot,7.0
2026-06-30,2026-06-30T13:14:16Z,2026-07-03,World Cup,Australia vs Egypt,mahmoud saber,sot,3.05
2026-06-30,2026-06-30T13:14:16Z,2026-07-03,World Cup,Australia vs Egypt,lucas herrington,sot,7.0
2026-06-30,2026-06-30T13:14:16Z,2026-07-03,World Cup,Australia vs Egypt,mostafa ziko,sot,1.95
2026-06-30,2026-06-30T13:14:16Z,2026-07-03,World Cup,Australia vs Egypt,tarek alaa,sot,2.75
2026-06-30,2026-06-30T13:14:16Z,2026-07-03,World Cup,Australia vs Egypt,hamza abdelkarim,sot,1.95
2026-06-30,2026-06-30T13:14:16Z,2026-07-03,World Cup,Australia vs Egypt,awer mabil,sot2,9.0
2026-06-30,2026-06-30T13:14:16Z,2026-07-03,World Cup,Australia vs Egypt,mohamed salah,sot2,4.9
2026-06-30,2026-06-30T13:14:16Z,2026-07-03,World Cup,Australia vs Egypt,harry souttar,sot2,31.0
2026-06-30,2026-06-30T13:14:16Z,2026-07-03,World Cup,Australia vs Egypt,jackson irvine,sot2,13.0
2026-06-30,2026-06-30T13:14:16Z,2026-07-03,World Cup,Australia vs Egypt,mohamed toure,sot2,4.3
2026-06-30,2026-06-30T13:14:16Z,2026-07-03,World Cup,Australia vs Egypt,ajdin hrustic,sot2,9.0
2026-06-30,2026-06-30T13:14:16Z,2026-07-03,World Cup,Australia vs Egypt,conor metcalfe,sot2,9.0
2026-06-30,2026-06-30T13:14:16Z,2026-07-03,World Cup,Australia vs Egypt,haissem hassan,sot2,7.0
2026-06-30,2026-06-30T13:14:16Z,2026-07-03,World Cup,Australia vs Egypt,kai trewin,sot2,29.0
2026-06-30,2026-06-30T13:14:16Z,2026-07-03,World Cup,Australia vs Egypt,omar marmoush,sot2,5.0
2026-06-30,2026-06-30T13:14:16Z,2026-07-03,World Cup,Australia vs Egypt,tete yengi,sot2,5.5
2026-06-30,2026-06-30T13:14:16Z,2026-07-03,World Cup,Australia vs Egypt,jordan bos,sot2,21.0
2026-06-30,2026-06-30T13:14:16Z,2026-07-03,World Cup,Australia vs Egypt,nishan velupillay,sot2,7.5
2026-06-30,2026-06-30T13:14:16Z,2026-07-03,World Cup,Australia vs Egypt,ibrahim adel,sot2,8.5
2026-06-30,2026-06-30T13:14:16Z,2026-07-03,World Cup,Australia vs Egypt,emam ashour,sot2,8.0
2026-06-30,2026-06-30T13:14:16Z,2026-07-03,World Cup,Australia vs Egypt,cristian volpato,sot2,11.0
2026-06-30,2026-06-30T13:14:16Z,2026-07-03,World Cup,Australia vs Egypt,nestory irankunda,sot2,5.25
2026-06-30,2026-06-30T13:14:16Z,2026-07-03,World Cup,Australia vs Egypt,ahmed zizo,sot2,6.0
2026-06-30,2026-06-30T13:14:16Z,2026-07-03,World Cup,Australia vs Egypt,marwan attia,sot2,9.0
2026-06-30,2026-06-30T13:14:16Z,2026-07-03,World Cup,Australia vs Egypt,mahmoud saber,sot2,15.0
2026-06-30,2026-06-30T13:14:16Z,2026-07-03,World Cup,Australia vs Egypt,mostafa ziko,sot2,6.0
2026-06-30,2026-06-30T13:14:16Z,2026-07-03,World Cup,Australia vs Egypt,tarek alaa,sot2,13.0
2026-06-30,2026-06-30T13:14:16Z,2026-07-03,World Cup,Australia vs Egypt,hamza abdelkarim,sot2,6.0
2026-06-30,2026-06-30T13:14:16Z,2026-07-03,World Cup,Australia vs Egypt,mohamed salah,sot3,17.0
2026-06-30,2026-06-30T13:14:16Z,2026-07-03,World Cup,Australia vs Egypt,mohamed toure,sot3,14.0
2026-06-30,2026-06-30T13:14:16Z,2026-07-03,World Cup,Australia vs Egypt,haissem hassan,sot3,29.0
2026-06-30,2026-06-30T13:14:16Z,2026-07-03,World Cup,Australia vs Egypt,omar marmoush,sot3,19.0
2026-06-30,2026-06-30T13:14:16Z,2026-07-03,World Cup,Australia vs Egypt,tete yengi,sot3,21.0
2026-06-30,2026-06-30T13:14:16Z,2026-07-03,World Cup,Australia vs Egypt,nestory irankunda,sot3,19.0
2026-06-30,2026-06-30T13:14:16Z,2026-07-03,World Cup,Australia vs Egypt,ahmed zizo,sot3,26.0
2026-06-30,2026-06-30T13:14:16Z,2026-07-03,World Cup,Australia vs Egypt,mostafa ziko,sot3,23.0
2026-06-30,2026-06-30T13:14:16Z,2026-07-03,World Cup,Australia vs Egypt,hamza abdelkarim,sot3,23.0
2026-06-30,2026-06-30T13:14:16Z,2026-07-04,World Cup,Colombia vs Ghana,luis fernando diaz marulanda,goals,2.62
2026-06-30,2026-06-30T13:14:16Z,2026-07-04,World Cup,Colombia vs Ghana,juan camilo hernandez suarez,goals,2.7
2026-06-30,2026-06-30T13:14:16Z,2026-07-04,World Cup,Colombia vs Ghana,jhon cordoba,goals,2.8
2026-06-30,2026-06-30T13:14:16Z,2026-07-04,World Cup,Colombia vs Ghana,luis javier suarez charris,goals,2.8
2026-06-30,2026-06-30T13:14:16Z,2026-07-04,World Cup,Colombia vs Ghana,carlos andres gomez,goals,3.5
2026-06-30,2026-06-30T13:14:16Z,2026-07-04,World Cup,Colombia vs Ghana,james rodriguez,goals,4.0
2026-06-30,2026-06-30T13:14:16Z,2026-07-04,World Cup,Colombia vs Ghana,jaminton campaz,goals,4.0
2026-06-30,2026-06-30T13:14:16Z,2026-07-04,World Cup,Colombia vs Ghana,juan quintero,goals,4.33
2026-06-30,2026-06-30T13:14:16Z,2026-07-04,World Cup,Colombia vs Ghana,jorge carrascal,goals,4.33
2026-06-30,2026-06-30T13:14:16Z,2026-07-04,World Cup,Colombia vs Ghana,jhon arias,goals,5.2
2026-06-30,2026-06-30T13:14:16Z,2026-07-04,World Cup,Colombia vs Ghana,antoine semenyo,goals,5.2
2026-06-30,2026-06-30T13:14:16Z,2026-07-04,World Cup,Colombia vs Ghana,brandon thomas-asante,goals,5.5
2026-06-30,2026-06-30T13:14:16Z,2026-07-04,World Cup,Colombia vs Ghana,jordan ayew,goals,6.0
2026-06-30,2026-06-30T13:14:16Z,2026-07-04,World Cup,Colombia vs Ghana,daniel munoz,goals,6.5
2026-06-30,2026-06-30T13:14:16Z,2026-07-04,World Cup,Colombia vs Ghana,juan camilo portilla,goals,6.5
2026-06-30,2026-06-30T13:14:16Z,2026-07-04,World Cup,Colombia vs Ghana,prince kwabena adu,goals,7.0
2026-06-30,2026-06-30T13:14:16Z,2026-07-04,World Cup,Colombia vs Ghana,inaki williams,goals,7.0
2026-06-30,2026-06-30T13:14:16Z,2026-07-04,World Cup,Colombia vs Ghana,augustine boakye,goals,7.0
2026-06-30,2026-06-30T13:14:16Z,2026-07-04,World Cup,Colombia vs Ghana,gustavo puerta,goals,7.4
2026-06-30,2026-06-30T13:14:16Z,2026-07-04,World Cup,Colombia vs Ghana,jefferson lerma,goals,10.0
2026-06-30,2026-06-30T13:14:16Z,2026-07-04,World Cup,Colombia vs Ghana,abdul fatawu issahaku,goals,7.5
2026-06-30,2026-06-30T13:14:16Z,2026-07-04,World Cup,Colombia vs Ghana,ernest nuamah,goals,8.0
2026-06-30,2026-06-30T13:14:16Z,2026-07-04,World Cup,Colombia vs Ghana,kevin castano,goals,8.5
2026-06-30,2026-06-30T13:14:16Z,2026-07-04,World Cup,Colombia vs Ghana,richard rios montoya,goals,8.5
2026-06-30,2026-06-30T13:14:16Z,2026-07-04,World Cup,Colombia vs Ghana,caleb yirenkyi,goals,9.5
2026-06-30,2026-06-30T13:14:16Z,2026-07-04,World Cup,Colombia vs Ghana,christopher bonsu baah,goals,10.0
2026-06-30,2026-06-30T13:14:16Z,2026-07-04,World Cup,Colombia vs Ghana,santiago arias,goals,15.0
2026-06-30,2026-06-30T13:14:16Z,2026-07-04,World Cup,Colombia vs Ghana,deiver machado,goals,11.0
2026-06-30,2026-06-30T13:14:16Z,2026-07-04,World Cup,Colombia vs Ghana,kamal-deen sulemana,goals,11.5
2026-06-30,2026-06-30T13:14:16Z,2026-07-04,World Cup,Colombia vs Ghana,thomas partey,goals,11.5
2026-06-30,2026-06-30T13:14:16Z,2026-07-04,World Cup,Colombia vs Ghana,johan mojica,goals,12.0
2026-06-30,2026-06-30T13:14:16Z,2026-07-04,World Cup,Colombia vs Ghana,yerry mina,goals,12.0
2026-06-30,2026-06-30T13:14:16Z,2026-07-04,World Cup,Colombia vs Ghana,jhon lucumi,goals,15.0
2026-06-30,2026-06-30T13:14:16Z,2026-07-04,World Cup,Colombia vs Ghana,davinson sanchez,goals,13.5
2026-06-30,2026-06-30T13:14:16Z,2026-07-04,World Cup,Colombia vs Ghana,willer ditta,goals,15.0
2026-06-30,2026-06-30T13:14:16Z,2026-07-04,World Cup,Colombia vs Ghana,kwasi sibo,goals,21.0
2026-06-30,2026-06-30T13:14:16Z,2026-07-04,World Cup,Colombia vs Ghana,jerome opoku,goals,19.0
2026-06-30,2026-06-30T13:14:16Z,2026-07-04,World Cup,Colombia vs Ghana,abdul rahman baba,goals,21.0
2026-06-30,2026-06-30T13:14:16Z,2026-07-04,World Cup,Colombia vs Ghana,marvin senaya,goals,22.0
2026-06-30,2026-06-30T13:14:16Z,2026-07-04,World Cup,Colombia vs Ghana,abdul mumin,goals,23.0
2026-06-30,2026-06-30T13:14:16Z,2026-07-04,World Cup,Colombia vs Ghana,gideon mensah,goals,41.0
2026-06-30,2026-06-30T13:14:16Z,2026-07-04,World Cup,Colombia vs Ghana,jonas adjetey,goals,26.0
2026-06-30,2026-06-30T13:14:16Z,2026-07-04,World Cup,Colombia vs Ghana,derrick luckassen,goals,26.0
2026-06-30,2026-06-30T13:14:16Z,2026-07-04,World Cup,Colombia vs Ghana,kojo peprah oppong,goals,26.0
2026-06-30,2026-06-30T13:14:16Z,2026-07-04,World Cup,Colombia vs Ghana,elisha owusu,goals,29.0
2026-06-30,2026-06-30T13:14:16Z,2026-07-04,World Cup,Colombia vs Ghana,alidu seidu,goals,29.0
2026-06-30,2026-06-30T13:14:16Z,2026-07-04,World Cup,Colombia vs Ghana,abdul rahman baba,sot,8.5
2026-06-30,2026-06-30T13:14:16Z,2026-07-04,World Cup,Colombia vs Ghana,jordan ayew,sot,2.1
2026-06-30,2026-06-30T13:14:16Z,2026-07-04,World Cup,Colombia vs Ghana,james rodriguez,sot,1.54
2026-06-30,2026-06-30T13:14:16Z,2026-07-04,World Cup,Colombia vs Ghana,juan quintero,sot,1.62
2026-06-30,2026-06-30T13:14:16Z,2026-07-04,World Cup,Colombia vs Ghana,santiago arias,sot,3.85
2026-06-30,2026-06-30T13:14:16Z,2026-07-04,World Cup,Colombia vs Ghana,derrick luckassen,sot,6.0
2026-06-30,2026-06-30T13:14:16Z,2026-07-04,World Cup,Colombia vs Ghana,jefferson lerma,sot,2.5
2026-06-30,2026-06-30T13:14:16Z,2026-07-04,World Cup,Colombia vs Ghana,johan mojica,sot,3.7
2026-06-30,2026-06-30T13:14:16Z,2026-07-04,World Cup,Colombia vs Ghana,jhon cordoba,sot,1.32
2026-06-30,2026-06-30T13:14:16Z,2026-07-04,World Cup,Colombia vs Ghana,inaki williams,sot,2.4
2026-06-30,2026-06-30T13:14:16Z,2026-07-04,World Cup,Colombia vs Ghana,yerry mina,sot,3.0
2026-06-30,2026-06-30T13:14:16Z,2026-07-04,World Cup,Colombia vs Ghana,deiver machado,sot,2.7
2026-06-30,2026-06-30T13:14:16Z,2026-07-04,World Cup,Colombia vs Ghana,davinson sanchez,sot,3.8
2026-06-30,2026-06-30T13:14:16Z,2026-07-04,World Cup,Colombia vs Ghana,abdul mumin,sot,7.0
2026-06-30,2026-06-30T13:14:16Z,2026-07-04,World Cup,Colombia vs Ghana,brandon thomas-asante,sot,2.45
2026-06-30,2026-06-30T13:14:16Z,2026-07-04,World Cup,Colombia vs Ghana,gideon mensah,sot,10.5
2026-06-30,2026-06-30T13:14:16Z,2026-07-04,World Cup,Colombia vs Ghana,elisha owusu,sot,7.0
2026-06-30,2026-06-30T13:14:16Z,2026-07-04,World Cup,Colombia vs Ghana,jorge carrascal,sot,1.68
2026-06-30,2026-06-30T13:14:16Z,2026-07-04,World Cup,Colombia vs Ghana,jhon lucumi,sot,4.8
2026-06-30,2026-06-30T13:14:16Z,2026-07-04,World Cup,Colombia vs Ghana,thomas partey,sot,3.8
2026-06-30,2026-06-30T13:14:16Z,2026-07-04,World Cup,Colombia vs Ghana,kwasi sibo,sot,4.7
2026-06-30,2026-06-30T13:14:16Z,2026-07-04,World Cup,Colombia vs Ghana,luis javier suarez charris,sot,1.4
2026-06-30,2026-06-30T13:14:16Z,2026-07-04,World Cup,Colombia vs Ghana,jerome opoku,sot,7.5
2026-06-30,2026-06-30T13:14:16Z,2026-07-04,World Cup,Colombia vs Ghana,kamal-deen sulemana,sot,2.7
2026-06-30,2026-06-30T13:14:16Z,2026-07-04,World Cup,Colombia vs Ghana,luis fernando diaz marulanda,sot,1.4
2026-06-30,2026-06-30T13:14:16Z,2026-07-04,World Cup,Colombia vs Ghana,daniel munoz,sot,2.6
2026-06-30,2026-06-30T13:14:16Z,2026-07-04,World Cup,Colombia vs Ghana,alidu seidu,sot,5.75
2026-06-30,2026-06-30T13:14:16Z,2026-07-04,World Cup,Colombia vs Ghana,marvin senaya,sot,5.5
2026-06-30,2026-06-30T13:14:16Z,2026-07-04,World Cup,Colombia vs Ghana,antoine semenyo,sot,2.15
2026-06-30,2026-06-30T13:14:16Z,2026-07-04,World Cup,Colombia vs Ghana,richard rios montoya,sot,1.83
2026-06-30,2026-06-30T13:14:16Z,2026-07-04,World Cup,Colombia vs Ghana,jaminton campaz,sot,1.68
2026-06-30,2026-06-30T13:14:16Z,2026-07-04,World Cup,Colombia vs Ghana,jhon arias,sot,1.76
2026-06-30,2026-06-30T13:14:16Z,2026-07-04,World Cup,Colombia vs Ghana,augustine boakye,sot,2.4
2026-06-30,2026-06-30T13:14:16Z,2026-07-04,World Cup,Colombia vs Ghana,willer ditta,sot,6.0
2026-06-30,2026-06-30T13:14:16Z,2026-07-04,World Cup,Colombia vs Ghana,juan camilo portilla,sot,2.85
2026-06-30,2026-06-30T13:14:16Z,2026-07-04,World Cup,Colombia vs Ghana,kevin castano,sot,3.4
2026-06-30,2026-06-30T13:14:16Z,2026-07-04,World Cup,Colombia vs Ghana,carlos andres gomez,sot,1.41
2026-06-30,2026-06-30T13:14:16Z,2026-07-04,World Cup,Colombia vs Ghana,abdul fatawu issahaku,sot,2.6
2026-06-30,2026-06-30T13:14:16Z,2026-07-04,World Cup,Colombia vs Ghana,ernest nuamah,sot,2.35
2026-06-30,2026-06-30T13:14:16Z,2026-07-04,World Cup,Colombia vs Ghana,gustavo puerta,sot,2.05
2026-06-30,2026-06-30T13:14:16Z,2026-07-04,World Cup,Colombia vs Ghana,kojo peprah oppong,sot,8.5
2026-06-30,2026-06-30T13:14:16Z,2026-07-04,World Cup,Colombia vs Ghana,christopher bonsu baah,sot,3.0
2026-06-30,2026-06-30T13:14:16Z,2026-07-04,World Cup,Colombia vs Ghana,prince kwabena adu,sot,1.9
2026-06-30,2026-06-30T13:14:16Z,2026-07-04,World Cup,Colombia vs Ghana,caleb yirenkyi,sot,4.8
2026-06-30,2026-06-30T13:14:16Z,2026-07-04,World Cup,Colombia vs Ghana,jonas adjetey,sot,10.0
2026-06-30,2026-06-30T13:14:16Z,2026-07-04,World Cup,Colombia vs Ghana,juan camilo hernandez suarez,sot,1.35
2026-06-30,2026-06-30T13:14:16Z,2026-07-04,World Cup,Colombia vs Ghana,jordan ayew,sot2,7.0
2026-06-30,2026-06-30T13:14:16Z,2026-07-04,World Cup,Colombia vs Ghana,james rodriguez,sot2,3.55
2026-06-30,2026-06-30T13:14:16Z,2026-07-04,World Cup,Colombia vs Ghana,juan quintero,sot2,4.0
2026-06-30,2026-06-30T13:14:16Z,2026-07-04,World Cup,Colombia vs Ghana,santiago arias,sot2,23.0
2026-06-30,2026-06-30T13:14:16Z,2026-07-04,World Cup,Colombia vs Ghana,jefferson lerma,sot2,10.0
2026-06-30,2026-06-30T13:14:16Z,2026-07-04,World Cup,Colombia vs Ghana,johan mojica,sot2,21.0
2026-06-30,2026-06-30T13:14:16Z,2026-07-04,World Cup,Colombia vs Ghana,jhon cordoba,sot2,2.35
2026-06-30,2026-06-30T13:14:16Z,2026-07-04,World Cup,Colombia vs Ghana,inaki williams,sot2,9.5
2026-06-30,2026-06-30T13:14:16Z,2026-07-04,World Cup,Colombia vs Ghana,yerry mina,sot2,15.0
2026-06-30,2026-06-30T13:14:16Z,2026-07-04,World Cup,Colombia vs Ghana,deiver machado,sot2,12.0
2026-06-30,2026-06-30T13:14:16Z,2026-07-04,World Cup,Colombia vs Ghana,davinson sanchez,sot2,23.0
2026-06-30,2026-06-30T13:14:16Z,2026-07-04,World Cup,Colombia vs Ghana,brandon thomas-asante,sot2,10.0
2026-06-30,2026-06-30T13:14:16Z,2026-07-04,World Cup,Colombia vs Ghana,jorge carrascal,sot2,4.2
2026-06-30,2026-06-30T13:14:16Z,2026-07-04,World Cup,Colombia vs Ghana,thomas partey,sot2,23.0
2026-06-30,2026-06-30T13:14:16Z,2026-07-04,World Cup,Colombia vs Ghana,luis javier suarez charris,sot2,2.8
2026-06-30,2026-06-30T13:14:16Z,2026-07-04,World Cup,Colombia vs Ghana,kamal-deen sulemana,sot2,12.0
2026-06-30,2026-06-30T13:14:16Z,2026-07-04,World Cup,Colombia vs Ghana,luis fernando diaz marulanda,sot2,2.85
2026-06-30,2026-06-30T13:14:16Z,2026-07-04,World Cup,Colombia vs Ghana,daniel munoz,sot2,11.0
2026-06-30,2026-06-30T13:14:16Z,2026-07-04,World Cup,Colombia vs Ghana,antoine semenyo,sot2,7.5
2026-06-30,2026-06-30T13:14:16Z,2026-07-04,World Cup,Colombia vs Ghana,richard rios montoya,sot2,5.25
2026-06-30,2026-06-30T13:14:16Z,2026-07-04,World Cup,Colombia vs Ghana,jaminton campaz,sot2,4.3
2026-06-30,2026-06-30T13:14:16Z,2026-07-04,World Cup,Colombia vs Ghana,jhon arias,sot2,4.8
2026-06-30,2026-06-30T13:14:16Z,2026-07-04,World Cup,Colombia vs Ghana,augustine boakye,sot2,9.0
2026-06-30,2026-06-30T13:14:16Z,2026-07-04,World Cup,Colombia vs Ghana,juan camilo portilla,sot2,13.0
2026-06-30,2026-06-30T13:14:16Z,2026-07-04,World Cup,Colombia vs Ghana,kevin castano,sot2,19.0
2026-06-30,2026-06-30T13:14:16Z,2026-07-04,World Cup,Colombia vs Ghana,carlos andres gomez,sot2,2.9
2026-06-30,2026-06-30T13:14:16Z,2026-07-04,World Cup,Colombia vs Ghana,abdul fatawu issahaku,sot2,11.0
2026-06-30,2026-06-30T13:14:16Z,2026-07-04,World Cup,Colombia vs Ghana,ernest nuamah,sot2,9.0
2026-06-30,2026-06-30T13:14:16Z,2026-07-04,World Cup,Colombia vs Ghana,gustavo puerta,sot2,6.5
2026-06-30,2026-06-30T13:14:16Z,2026-07-04,World Cup,Colombia vs Ghana,christopher bonsu baah,sot2,15.0
2026-06-30,2026-06-30T13:14:16Z,2026-07-04,World Cup,Colombia vs Ghana,prince kwabena adu,sot2,5.75
2026-06-30,2026-06-30T13:14:16Z,2026-07-04,World Cup,Colombia vs Ghana,juan camilo hernandez suarez,sot2,2.6
2026-06-30,2026-06-30T13:14:16Z,2026-07-04,World Cup,Colombia vs Ghana,jordan ayew,sot3,31.0
2026-06-30,2026-06-30T13:14:16Z,2026-07-04,World Cup,Colombia vs Ghana,james rodriguez,sot3,10.5
2026-06-30,2026-06-30T13:14:16Z,2026-07-04,World Cup,Colombia vs Ghana,juan quintero,sot3,13.0
2026-06-30,2026-06-30T13:14:16Z,2026-07-04,World Cup,Colombia vs Ghana,jhon cordoba,sot3,5.75
2026-06-30,2026-06-30T13:14:16Z,2026-07-04,World Cup,Colombia vs Ghana,jorge carrascal,sot3,14.0
2026-06-30,2026-06-30T13:14:16Z,2026-07-04,World Cup,Colombia vs Ghana,luis javier suarez charris,sot3,7.5
2026-06-30,2026-06-30T13:14:16Z,2026-07-04,World Cup,Colombia vs Ghana,luis fernando diaz marulanda,sot3,7.5
2026-06-30,2026-06-30T13:14:16Z,2026-07-04,World Cup,Colombia vs Ghana,antoine semenyo,sot3,31.0
2026-06-30,2026-06-30T13:14:16Z,2026-07-04,World Cup,Colombia vs Ghana,richard rios montoya,sot3,20.0
2026-06-30,2026-06-30T13:14:16Z,2026-07-04,World Cup,Colombia vs Ghana,jaminton campaz,sot3,14.0
2026-06-30,2026-06-30T13:14:16Z,2026-07-04,World Cup,Colombia vs Ghana,jhon arias,sot3,17.0
2026-06-30,2026-06-30T13:14:16Z,2026-07-04,World Cup,Colombia vs Ghana,carlos andres gomez,sot3,8.0
2026-06-30,2026-06-30T13:14:16Z,2026-07-04,World Cup,Colombia vs Ghana,gustavo puerta,sot3,26.0
2026-06-30,2026-06-30T13:14:16Z,2026-07-04,World Cup,Colombia vs Ghana,prince kwabena adu,sot3,21.0
2026-06-30,2026-06-30T13:14:16Z,2026-07-04,World Cup,Colombia vs Ghana,juan camilo hernandez suarez,sot3,6.5
2026-06-30,2026-06-30T13:14:16Z,2026-07-04,World Cup,Canada vs Morocco,ayoub el kaabi,goals,2.88
2026-06-30,2026-06-30T13:14:16Z,2026-07-04,World Cup,Canada vs Morocco,ismael saibari,goals,2.85
2026-06-30,2026-06-30T13:14:16Z,2026-07-04,World Cup,Canada vs Morocco,soufiane rahimi,goals,2.9
2026-06-30,2026-06-30T13:14:16Z,2026-07-04,World Cup,Canada vs Morocco,brahim diaz,goals,3.25
2026-06-30,2026-06-30T13:14:16Z,2026-07-04,World Cup,Canada vs Morocco,mohamed amine sbai,goals,4.0
2026-06-30,2026-06-30T13:14:16Z,2026-07-04,World Cup,Canada vs Morocco,jonathan david,goals,4.3
2026-06-30,2026-06-30T13:14:16Z,2026-07-04,World Cup,Canada vs Morocco,azzedine ounahi,goals,4.6
2026-06-30,2026-06-30T13:14:16Z,2026-07-04,World Cup,Canada vs Morocco,chemsdine talbi,goals,4.8
2026-06-30,2026-06-30T13:14:16Z,2026-07-04,World Cup,Canada vs Morocco,promise oluwatobi emmanuel david,goals,4.8
2026-06-30,2026-06-30T13:14:16Z,2026-07-04,World Cup,Canada vs Morocco,ayoube amaimouni-echghouyab,goals,4.8
2026-06-30,2026-06-30T13:14:16Z,2026-07-04,World Cup,Canada vs Morocco,gessime yassine,goals,5.0
2026-06-30,2026-06-30T13:14:16Z,2026-07-04,World Cup,Canada vs Morocco,cyle larin,goals,5.0
2026-06-30,2026-06-30T13:14:16Z,2026-07-04,World Cup,Canada vs Morocco,tani oluwaseyi,goals,5.2
2026-06-30,2026-06-30T13:14:16Z,2026-07-04,World Cup,Canada vs Morocco,bilal el khannous,goals,5.9
2026-06-30,2026-06-30T13:14:16Z,2026-07-04,World Cup,Canada vs Morocco,neil el aynaoui,goals,6.2
2026-06-30,2026-06-30T13:14:16Z,2026-07-04,World Cup,Canada vs Morocco,alphonso davies,goals,6.5
2026-06-30,2026-06-30T13:14:16Z,2026-07-04,World Cup,Canada vs Morocco,achraf hakimi,goals,6.8
2026-06-30,2026-06-30T13:14:16Z,2026-07-04,World Cup,Canada vs Morocco,jacob shaffelburg,goals,7.0
2026-06-30,2026-06-30T13:14:16Z,2026-07-04,World Cup,Canada vs Morocco,jayden nelson,goals,7.0
2026-06-30,2026-06-30T13:14:16Z,2026-07-04,World Cup,Canada vs Morocco,tajon buchanan,goals,7.1
2026-06-30,2026-06-30T13:14:16Z,2026-07-04,World Cup,Canada vs Morocco,jonathan osorio,goals,7.5
2026-06-30,2026-06-30T13:14:16Z,2026-07-04,World Cup,Canada vs Morocco,sofyan amrabat,goals,10.0
2026-06-30,2026-06-30T13:14:16Z,2026-07-04,World Cup,Canada vs Morocco,samir el mourabet,goals,8.0
2026-06-30,2026-06-30T13:14:16Z,2026-07-04,World Cup,Canada vs Morocco,liam millar,goals,9.1
2026-06-30,2026-06-30T13:14:16Z,2026-07-04,World Cup,Canada vs Morocco,zakaria el ouahdi,goals,10.0
2026-06-30,2026-06-30T13:14:16Z,2026-07-04,World Cup,Canada vs Morocco,ayyoub bouaddi,goals,10.0
2026-06-30,2026-06-30T13:14:16Z,2026-07-04,World Cup,Canada vs Morocco,ali ahmed,goals,11.0
2026-06-30,2026-06-30T13:14:16Z,2026-07-04,World Cup,Canada vs Morocco,redouane halhal,goals,15.0
2026-06-30,2026-06-30T13:14:16Z,2026-07-04,World Cup,Canada vs Morocco,anass salah-eddine,goals,15.0
2026-06-30,2026-06-30T13:14:16Z,2026-07-04,World Cup,Canada vs Morocco,marwane saadane,goals,12.0
2026-06-30,2026-06-30T13:14:16Z,2026-07-04,World Cup,Canada vs Morocco,noussair mazraoui,goals,12.0
2026-06-30,2026-06-30T13:14:16Z,2026-07-04,World Cup,Canada vs Morocco,youssef belammari,goals,12.0
2026-06-30,2026-06-30T13:14:16Z,2026-07-04,World Cup,Canada vs Morocco,nathan-dylan saliba,goals,13.0
2026-06-30,2026-06-30T13:14:16Z,2026-07-04,World Cup,Canada vs Morocco,mathieu choiniere,goals,13.5
2026-06-30,2026-06-30T13:14:16Z,2026-07-04,World Cup,Canada vs Morocco,chadi riad,goals,15.0
2026-06-30,2026-06-30T13:14:16Z,2026-07-04,World Cup,Canada vs Morocco,alfie jones,goals,15.0
2026-06-30,2026-06-30T13:14:16Z,2026-07-04,World Cup,Canada vs Morocco,niko kristian sigur,goals,15.0
2026-06-30,2026-06-30T13:14:16Z,2026-07-04,World Cup,Canada vs Morocco,issa diop,goals,15.0
2026-06-30,2026-06-30T13:14:16Z,2026-07-04,World Cup,Canada vs Morocco,stephen eustaquio,goals,16.5
2026-06-30,2026-06-30T13:14:16Z,2026-07-04,World Cup,Canada vs Morocco,richie laryea,goals,19.0
2026-06-30,2026-06-30T13:14:16Z,2026-07-04,World Cup,Canada vs Morocco,alistair johnston,goals,19.0
2026-06-30,2026-06-30T13:14:16Z,2026-07-04,World Cup,Canada vs Morocco,joel waterman,goals,21.0
2026-06-30,2026-06-30T13:14:16Z,2026-07-04,World Cup,Canada vs Morocco,derek cornelius,goals,21.0
2026-06-30,2026-06-30T13:14:16Z,2026-07-04,World Cup,Canada vs Morocco,moise bombito,goals,21.0
2026-06-30,2026-06-30T13:14:16Z,2026-07-04,World Cup,Canada vs Morocco,luc de fougerolles,goals,26.0
2026-06-30,2026-06-30T13:14:16Z,2026-07-04,World Cup,Canada vs Morocco,jonathan osorio,sot,3.1
2026-06-30,2026-06-30T13:14:16Z,2026-07-04,World Cup,Canada vs Morocco,sofyan amrabat,sot,4.5
2026-06-30,2026-06-30T13:14:16Z,2026-07-04,World Cup,Canada vs Morocco,cyle larin,sot,1.95
2026-06-30,2026-06-30T13:14:16Z,2026-07-04,World Cup,Canada vs Morocco,issa diop,sot,5.75
2026-06-30,2026-06-30T13:14:16Z,2026-07-04,World Cup,Canada vs Morocco,richie laryea,sot,4.2
2026-06-30,2026-06-30T13:14:16Z,2026-07-04,World Cup,Canada vs Morocco,achraf hakimi,sot,2.1
2026-06-30,2026-06-30T13:14:16Z,2026-07-04,World Cup,Canada vs Morocco,brahim diaz,sot,1.76
2026-06-30,2026-06-30T13:14:16Z,2026-07-04,World Cup,Canada vs Morocco,marwane saadane,sot,3.75
2026-06-30,2026-06-30T13:14:16Z,2026-07-04,World Cup,Canada vs Morocco,alfie jones,sot,7.0
2026-06-30,2026-06-30T13:14:16Z,2026-07-04,World Cup,Canada vs Morocco,noussair mazraoui,sot,6.0
2026-06-30,2026-06-30T13:14:16Z,2026-07-04,World Cup,Canada vs Morocco,stephen eustaquio,sot,4.6
2026-06-30,2026-06-30T13:14:16Z,2026-07-04,World Cup,Canada vs Morocco,ayoub el kaabi,sot,1.51
2026-06-30,2026-06-30T13:14:16Z,2026-07-04,World Cup,Canada vs Morocco,jonathan david,sot,1.8
2026-06-30,2026-06-30T13:14:16Z,2026-07-04,World Cup,Canada vs Morocco,mathieu choiniere,sot,4.0
2026-06-30,2026-06-30T13:14:16Z,2026-07-04,World Cup,Canada vs Morocco,liam millar,sot,2.5
2026-06-30,2026-06-30T13:14:16Z,2026-07-04,World Cup,Canada vs Morocco,derek cornelius,sot,6.5
2026-06-30,2026-06-30T13:14:16Z,2026-07-04,World Cup,Canada vs Morocco,jacob shaffelburg,sot,2.75
2026-06-30,2026-06-30T13:14:16Z,2026-07-04,World Cup,Canada vs Morocco,tajon buchanan,sot,2.45
2026-06-30,2026-06-30T13:14:16Z,2026-07-04,World Cup,Canada vs Morocco,alphonso davies,sot,3.4
2026-06-30,2026-06-30T13:14:16Z,2026-07-04,World Cup,Canada vs Morocco,azzedine ounahi,sot,2.05
2026-06-30,2026-06-30T13:14:16Z,2026-07-04,World Cup,Canada vs Morocco,joel waterman,sot,5.75
2026-06-30,2026-06-30T13:14:16Z,2026-07-04,World Cup,Canada vs Morocco,jayden nelson,sot,2.4
2026-06-30,2026-06-30T13:14:16Z,2026-07-04,World Cup,Canada vs Morocco,alistair johnston,sot,5.25
2026-06-30,2026-06-30T13:14:16Z,2026-07-04,World Cup,Canada vs Morocco,chadi riad,sot,4.2
2026-06-30,2026-06-30T13:14:16Z,2026-07-04,World Cup,Canada vs Morocco,ismael saibari,sot,1.32
2026-06-30,2026-06-30T13:14:16Z,2026-07-04,World Cup,Canada vs Morocco,nathan-dylan saliba,sot,2.95
2026-06-30,2026-06-30T13:14:16Z,2026-07-04,World Cup,Canada vs Morocco,neil el aynaoui,sot,2.8
2026-06-30,2026-06-30T13:14:16Z,2026-07-04,World Cup,Canada vs Morocco,redouane halhal,sot,5.25
2026-06-30,2026-06-30T13:14:16Z,2026-07-04,World Cup,Canada vs Morocco,soufiane rahimi,sot,1.46
2026-06-30,2026-06-30T13:14:16Z,2026-07-04,World Cup,Canada vs Morocco,tani oluwaseyi,sot,1.76
2026-06-30,2026-06-30T13:14:16Z,2026-07-04,World Cup,Canada vs Morocco,bilal el khannous,sot,1.95
2026-06-30,2026-06-30T13:14:16Z,2026-07-04,World Cup,Canada vs Morocco,anass salah-eddine,sot,5.75
2026-06-30,2026-06-30T13:14:16Z,2026-07-04,World Cup,Canada vs Morocco,ali ahmed,sot,2.85
2026-06-30,2026-06-30T13:14:16Z,2026-07-04,World Cup,Canada vs Morocco,mohamed amine sbai,sot,1.66
2026-06-30,2026-06-30T13:14:16Z,2026-07-04,World Cup,Canada vs Morocco,moise bombito,sot,8.0
2026-06-30,2026-06-30T13:14:16Z,2026-07-04,World Cup,Canada vs Morocco,chemsdine talbi,sot,1.83
2026-06-30,2026-06-30T13:14:16Z,2026-07-04,World Cup,Canada vs Morocco,niko kristian sigur,sot,5.25
2026-06-30,2026-06-30T13:14:16Z,2026-07-04,World Cup,Canada vs Morocco,luc de fougerolles,sot,9.5
2026-06-30,2026-06-30T13:14:16Z,2026-07-04,World Cup,Canada vs Morocco,zakaria el ouahdi,sot,2.15
2026-06-30,2026-06-30T13:14:16Z,2026-07-04,World Cup,Canada vs Morocco,ayyoub bouaddi,sot,4.4
2026-06-30,2026-06-30T13:14:16Z,2026-07-04,World Cup,Canada vs Morocco,samir el mourabet,sot,3.05
2026-06-30,2026-06-30T13:14:16Z,2026-07-04,World Cup,Canada vs Morocco,gessime yassine,sot,1.71
2026-06-30,2026-06-30T13:14:16Z,2026-07-04,World Cup,Canada vs Morocco,promise oluwatobi emmanuel david,sot,1.76
2026-06-30,2026-06-30T13:14:16Z,2026-07-04,World Cup,Canada vs Morocco,youssef belammari,sot,4.4
2026-06-30,2026-06-30T13:14:16Z,2026-07-04,World Cup,Canada vs Morocco,ayoube amaimouni-echghouyab,sot,1.47
2026-06-30,2026-06-30T13:14:16Z,2026-07-04,World Cup,Canada vs Morocco,jonathan osorio,sot2,16.0
2026-06-30,2026-06-30T13:14:16Z,2026-07-04,World Cup,Canada vs Morocco,sofyan amrabat,sot2,31.0
2026-06-30,2026-06-30T13:14:16Z,2026-07-04,World Cup,Canada vs Morocco,cyle larin,sot2,6.0
2026-06-30,2026-06-30T13:14:16Z,2026-07-04,World Cup,Canada vs Morocco,richie laryea,sot2,29.0
2026-06-30,2026-06-30T13:14:16Z,2026-07-04,World Cup,Canada vs Morocco,achraf hakimi,sot2,7.0
2026-06-30,2026-06-30T13:14:16Z,2026-07-04,World Cup,Canada vs Morocco,brahim diaz,sot2,4.7
2026-06-30,2026-06-30T13:14:16Z,2026-07-04,World Cup,Canada vs Morocco,marwane saadane,sot2,23.0
2026-06-30,2026-06-30T13:14:16Z,2026-07-04,World Cup,Canada vs Morocco,ayoub el kaabi,sot2,3.45
2026-06-30,2026-06-30T13:14:16Z,2026-07-04,World Cup,Canada vs Morocco,jonathan david,sot2,5.0
2026-06-30,2026-06-30T13:14:16Z,2026-07-04,World Cup,Canada vs Morocco,mathieu choiniere,sot2,26.0
2026-06-30,2026-06-30T13:14:16Z,2026-07-04,World Cup,Canada vs Morocco,liam millar,sot2,10.0
2026-06-30,2026-06-30T13:14:16Z,2026-07-04,World Cup,Canada vs Morocco,jacob shaffelburg,sot2,13.0
2026-06-30,2026-06-30T13:14:16Z,2026-07-04,World Cup,Canada vs Morocco,tajon buchanan,sot2,9.5
2026-06-30,2026-06-30T13:14:16Z,2026-07-04,World Cup,Canada vs Morocco,alphonso davies,sot2,19.0
2026-06-30,2026-06-30T13:14:16Z,2026-07-04,World Cup,Canada vs Morocco,azzedine ounahi,sot2,7.0
2026-06-30,2026-06-30T13:14:16Z,2026-07-04,World Cup,Canada vs Morocco,jayden nelson,sot2,9.5
2026-06-30,2026-06-30T13:14:16Z,2026-07-04,World Cup,Canada vs Morocco,chadi riad,sot2,29.0
2026-06-30,2026-06-30T13:14:16Z,2026-07-04,World Cup,Canada vs Morocco,ismael saibari,sot2,2.45
2026-06-30,2026-06-30T13:14:16Z,2026-07-04,World Cup,Canada vs Morocco,nathan-dylan saliba,sot2,14.0
2026-06-30,2026-06-30T13:14:16Z,2026-07-04,World Cup,Canada vs Morocco,neil el aynaoui,sot2,13.0
2026-06-30,2026-06-30T13:14:16Z,2026-07-04,World Cup,Canada vs Morocco,soufiane rahimi,sot2,3.15
2026-06-30,2026-06-30T13:14:16Z,2026-07-04,World Cup,Canada vs Morocco,tani oluwaseyi,sot2,4.9
2026-06-30,2026-06-30T13:14:16Z,2026-07-04,World Cup,Canada vs Morocco,bilal el khannous,sot2,6.0
2026-06-30,2026-06-30T13:14:16Z,2026-07-04,World Cup,Canada vs Morocco,ali ahmed,sot2,13.0
2026-06-30,2026-06-30T13:14:16Z,2026-07-04,World Cup,Canada vs Morocco,mohamed amine sbai,sot2,4.1
2026-06-30,2026-06-30T13:14:16Z,2026-07-04,World Cup,Canada vs Morocco,chemsdine talbi,sot2,5.25
2026-06-30,2026-06-30T13:14:16Z,2026-07-04,World Cup,Canada vs Morocco,zakaria el ouahdi,sot2,7.5
2026-06-30,2026-06-30T13:14:16Z,2026-07-04,World Cup,Canada vs Morocco,ayyoub bouaddi,sot2,31.0
2026-06-30,2026-06-30T13:14:16Z,2026-07-04,World Cup,Canada vs Morocco,samir el mourabet,sot2,15.0
2026-06-30,2026-06-30T13:14:16Z,2026-07-04,World Cup,Canada vs Morocco,gessime yassine,sot2,4.6
2026-06-30,2026-06-30T13:14:16Z,2026-07-04,World Cup,Canada vs Morocco,promise oluwatobi emmanuel david,sot2,5.0
2026-06-30,2026-06-30T13:14:16Z,2026-07-04,World Cup,Canada vs Morocco,youssef belammari,sot2,31.0
2026-06-30,2026-06-30T13:14:16Z,2026-07-04,World Cup,Canada vs Morocco,ayoube amaimouni-echghouyab,sot2,3.2
2026-06-30,2026-06-30T13:14:16Z,2026-07-04,World Cup,Canada vs Morocco,cyle larin,sot3,23.0
2026-06-30,2026-06-30T13:14:16Z,2026-07-04,World Cup,Canada vs Morocco,achraf hakimi,sot3,31.0
2026-06-30,2026-06-30T13:14:16Z,2026-07-04,World Cup,Canada vs Morocco,brahim diaz,sot3,17.0
2026-06-30,2026-06-30T13:14:16Z,2026-07-04,World Cup,Canada vs Morocco,ayoub el kaabi,sot3,10.0
2026-06-30,2026-06-30T13:14:16Z,2026-07-04,World Cup,Canada vs Morocco,jonathan david,sot3,19.0
2026-06-30,2026-06-30T13:14:16Z,2026-07-04,World Cup,Canada vs Morocco,azzedine ounahi,sot3,29.0
2026-06-30,2026-06-30T13:14:16Z,2026-07-04,World Cup,Canada vs Morocco,ismael saibari,sot3,6.0
2026-06-30,2026-06-30T13:14:16Z,2026-07-04,World Cup,Canada vs Morocco,soufiane rahimi,sot3,9.0
2026-06-30,2026-06-30T13:14:16Z,2026-07-04,World Cup,Canada vs Morocco,tani oluwaseyi,sot3,17.0
2026-06-30,2026-06-30T13:14:16Z,2026-07-04,World Cup,Canada vs Morocco,bilal el khannous,sot3,23.0
2026-06-30,2026-06-30T13:14:16Z,2026-07-04,World Cup,Canada vs Morocco,mohamed amine sbai,sot3,14.0
2026-06-30,2026-06-30T13:14:16Z,2026-07-04,World Cup,Canada vs Morocco,chemsdine talbi,sot3,21.0
2026-06-30,2026-06-30T13:14:16Z,2026-07-04,World Cup,Canada vs Morocco,gessime yassine,sot3,16.0
2026-06-30,2026-06-30T13:14:16Z,2026-07-04,World Cup,Canada vs Morocco,promise oluwatobi emmanuel david,sot3,18.0
2026-06-30,2026-06-30T13:14:16Z,2026-07-04,World Cup,Canada vs Morocco,ayoube amaimouni-echghouyab,sot3,9.0
