snapshot_date,snapshot_ts,match_date,league,match,market,odds
2026-08-09,2026-08-09T10:55:35,2026-08-09,Bundesliga 2,1. FC Nürnberg vs Dynamo Dresden,over25,1.72
2026-08-09,2026-08-09T10:55:35,2026-08-09,Bundesliga 2,1. FC Nürnberg vs Dynamo Dresden,under25,2.05
2026-08-09,2026-08-09T10:55:35,2026-08-09,Bundesliga 2,FC Energie Cottbus vs Hannover 96,over25,1.54
2026-08-09,2026-08-09T10:55:35,2026-08-09,Bundesliga 2,FC Energie Cottbus vs Hannover 96,over35,2.2
2026-08-09,2026-08-09T10:55:35,2026-08-09,Bundesliga 2,FC Energie Cottbus vs Hannover 96,under25,2.27
2026-08-09,2026-08-09T10:55:35,2026-08-09,Bundesliga 2,FC St. Pauli vs Greuther Fürth,over25,1.62
2026-08-09,2026-08-09T10:55:35,2026-08-09,Bundesliga 2,FC St. Pauli vs Greuther Fürth,under25,2.25
2026-08-09,2026-08-09T10:55:35,2026-08-14,Bundesliga 2,Eintracht Braunschweig vs VfL Bochum,over25,1.82
2026-08-09,2026-08-09T10:55:35,2026-08-14,Bundesliga 2,Eintracht Braunschweig vs VfL Bochum,under25,1.85
2026-08-09,2026-08-09T10:55:35,2026-08-14,La Liga 2,Real Sociedad B vs CD Castellón,over25,1.65
2026-08-09,2026-08-09T10:55:35,2026-08-14,La Liga 2,Real Sociedad B vs CD Castellón,under25,2.3
2026-08-09,2026-08-09T10:55:35,2026-08-14,Championship,Wolverhampton Wanderers vs Blackburn Rovers,over25,1.79
2026-08-09,2026-08-09T10:55:35,2026-08-14,Championship,Wolverhampton Wanderers vs Blackburn Rovers,under25,1.99
2026-08-09,2026-08-09T10:55:35,2026-08-15,Bundesliga 2,1. FC Kaiserslautern vs Karlsruher SC,over25,1.49
2026-08-09,2026-08-09T10:55:35,2026-08-15,Bundesliga 2,1. FC Kaiserslautern vs Karlsruher SC,under25,2.42
2026-08-09,2026-08-09T10:55:35,2026-08-15,League Two,Accrington Stanley vs Colchester United,over25,2.05
2026-08-09,2026-08-09T10:55:35,2026-08-15,League Two,Accrington Stanley vs Colchester United,under25,1.73
2026-08-09,2026-08-09T10:55:35,2026-08-15,La Liga 2,Andorra CF vs AD Ceuta FC,over25,1.67
2026-08-09,2026-08-09T10:55:35,2026-08-15,La Liga 2,Andorra CF vs AD Ceuta FC,under25,2.05
2026-08-09,2026-08-09T10:55:35,2026-08-15,League Two,Barnet vs Salford City,over25,1.92
2026-08-09,2026-08-09T10:55:35,2026-08-15,League Two,Barnet vs Salford City,under25,1.76
2026-08-09,2026-08-09T10:55:35,2026-08-15,League One,Barnsley vs Bromley FC,over25,1.88
2026-08-09,2026-08-09T10:55:35,2026-08-15,League One,Barnsley vs Bromley FC,under25,1.89
2026-08-09,2026-08-09T10:55:35,2026-08-15,League One,Blackpool vs Wycombe Wanderers,over25,1.93
2026-08-09,2026-08-09T10:55:35,2026-08-15,League One,Blackpool vs Wycombe Wanderers,under25,1.84
2026-08-09,2026-08-09T10:55:35,2026-08-15,Championship,Bolton Wanderers vs Preston North End,over25,1.98
2026-08-09,2026-08-09T10:55:35,2026-08-15,Championship,Bolton Wanderers vs Preston North End,under25,1.8
2026-08-09,2026-08-09T10:55:35,2026-08-15,League One,Bradford City vs Peterborough United,over25,1.8
2026-08-09,2026-08-09T10:55:35,2026-08-15,League One,Bradford City vs Peterborough United,under25,1.98
2026-08-09,2026-08-09T10:55:35,2026-08-15,Championship,Bristol City vs Millwall,over25,1.92
2026-08-09,2026-08-09T10:55:35,2026-08-15,Championship,Bristol City vs Millwall,under25,1.85
2026-08-09,2026-08-09T10:55:35,2026-08-15,League One,Burton Albion vs Stevenage,over25,2.4
2026-08-09,2026-08-09T10:55:35,2026-08-15,League One,Burton Albion vs Stevenage,under25,1.55
2026-08-09,2026-08-09T10:55:35,2026-08-15,League One,Cambridge United vs Wigan Athletic,over25,2.23
2026-08-09,2026-08-09T10:55:35,2026-08-15,League One,Cambridge United vs Wigan Athletic,under25,1.63
2026-08-09,2026-08-09T10:55:35,2026-08-15,Championship,Charlton Athletic vs Derby County,over25,2.0
2026-08-09,2026-08-09T10:55:35,2026-08-15,Championship,Charlton Athletic vs Derby County,under25,1.78
2026-08-09,2026-08-09T10:55:35,2026-08-15,League Two,Cheltenham Town vs Rotherham United,over25,1.89
2026-08-09,2026-08-09T10:55:35,2026-08-15,League Two,Cheltenham Town vs Rotherham United,under25,1.86
2026-08-09,2026-08-09T10:55:35,2026-08-15,League Two,Chesterfield FC vs Fleetwood Town,over25,2.01
2026-08-09,2026-08-09T10:55:35,2026-08-15,League Two,Chesterfield FC vs Fleetwood Town,under25,1.76
2026-08-09,2026-08-09T10:55:35,2026-08-15,League Two,Crawley Town vs Crewe Alexandra,over25,1.88
2026-08-09,2026-08-09T10:55:35,2026-08-15,League Two,Crawley Town vs Crewe Alexandra,under25,1.76
2026-08-09,2026-08-09T10:55:35,2026-08-15,La Liga 2,Cádiz CF vs Celta Vigo,over25,2.0
2026-08-09,2026-08-09T10:55:35,2026-08-15,La Liga 2,Cádiz CF vs Celta Vigo,under25,1.83
2026-08-09,2026-08-09T10:55:35,2026-08-15,League Two,Gillingham vs Walsall,over25,1.98
2026-08-09,2026-08-09T10:55:35,2026-08-15,League Two,Gillingham vs Walsall,under25,1.78
2026-08-09,2026-08-09T10:55:35,2026-08-15,League Two,Grimsby Town vs Exeter City,over25,1.8
2026-08-09,2026-08-09T10:55:35,2026-08-15,League Two,Grimsby Town vs Exeter City,under25,1.84
2026-08-09,2026-08-09T10:55:35,2026-08-15,League One,Huddersfield Town vs Wimbledon,over25,1.65
2026-08-09,2026-08-09T10:55:35,2026-08-15,League One,Huddersfield Town vs Wimbledon,under25,2.02
2026-08-09,2026-08-09T10:55:35,2026-08-15,League One,Leyton Orient vs Sheffield Wednesday,over25,1.88
2026-08-09,2026-08-09T10:55:35,2026-08-15,League One,Leyton Orient vs Sheffield Wednesday,under25,1.89
2026-08-09,2026-08-09T10:55:35,2026-08-15,La Liga 2,Mallorca vs Real Valladolid CF,over25,1.88
2026-08-09,2026-08-09T10:55:35,2026-08-15,La Liga 2,Mallorca vs Real Valladolid CF,under25,1.97
2026-08-09,2026-08-09T10:55:35,2026-08-15,League One,Mansfield Town vs Doncaster Rovers,over25,1.9
2026-08-09,2026-08-09T10:55:35,2026-08-15,League One,Mansfield Town vs Doncaster Rovers,under25,1.87
2026-08-09,2026-08-09T10:55:35,2026-08-15,Championship,Middlesbrough vs Lincoln City,over25,1.64
2026-08-09,2026-08-09T10:55:35,2026-08-15,Championship,Middlesbrough vs Lincoln City,under25,2.21
2026-08-09,2026-08-09T10:55:35,2026-08-15,League Two,Newport County vs Rochdale,over25,1.93
2026-08-09,2026-08-09T10:55:35,2026-08-15,League Two,Newport County vs Rochdale,under25,1.75
2026-08-09,2026-08-09T10:55:35,2026-08-15,League Two,Northampton Town vs Swindon Town,over25,1.9
2026-08-09,2026-08-09T10:55:35,2026-08-15,League Two,Northampton Town vs Swindon Town,under25,1.85
2026-08-09,2026-08-09T10:55:35,2026-08-15,Championship,Norwich City vs West Bromwich Albion,over25,1.9
2026-08-09,2026-08-09T10:55:35,2026-08-15,Championship,Norwich City vs West Bromwich Albion,under25,1.87
2026-08-09,2026-08-09T10:55:35,2026-08-15,League One,Notts County vs Leicester City,over25,1.99
2026-08-09,2026-08-09T10:55:35,2026-08-15,League One,Notts County vs Leicester City,under25,1.79
2026-08-09,2026-08-09T10:55:35,2026-08-15,League Two,Oldham Athletic vs Port Vale,over25,2.08
2026-08-09,2026-08-09T10:55:35,2026-08-15,League Two,Oldham Athletic vs Port Vale,under25,1.64
2026-08-09,2026-08-09T10:55:35,2026-08-15,La Liga 2,Oviedo vs Granada CF,over25,1.94
2026-08-09,2026-08-09T10:55:35,2026-08-15,La Liga 2,Oviedo vs Granada CF,under25,1.91
2026-08-09,2026-08-09T10:55:35,2026-08-15,League One,Oxford United vs Milton Keynes Dons,over25,2.1
2026-08-09,2026-08-09T10:55:35,2026-08-15,League One,Oxford United vs Milton Keynes Dons,under25,1.71
2026-08-09,2026-08-09T10:55:35,2026-08-15,League One,Plymouth Argyle vs Stockport County FC,over25,1.75
2026-08-09,2026-08-09T10:55:35,2026-08-15,League One,Plymouth Argyle vs Stockport County FC,under25,2.04
2026-08-09,2026-08-09T10:55:35,2026-08-15,Championship,Portsmouth vs Queens Park Rangers,over25,1.85
2026-08-09,2026-08-09T10:55:35,2026-08-15,Championship,Portsmouth vs Queens Park Rangers,under25,1.92
2026-08-09,2026-08-09T10:55:35,2026-08-15,League One,Reading vs Luton,over25,1.86
2026-08-09,2026-08-09T10:55:35,2026-08-15,League One,Reading vs Luton,under25,1.91
2026-08-09,2026-08-09T10:55:35,2026-08-15,Championship,Sheffield United vs Birmingham City,over25,1.99
2026-08-09,2026-08-09T10:55:35,2026-08-15,Championship,Sheffield United vs Birmingham City,under25,1.79
2026-08-09,2026-08-09T10:55:35,2026-08-15,Championship,Stoke City vs Swansea City,over25,2.1
2026-08-09,2026-08-09T10:55:35,2026-08-15,Championship,Stoke City vs Swansea City,under25,1.71
2026-08-09,2026-08-09T10:55:35,2026-08-15,League Two,Tranmere Rovers vs Shrewsbury Town,over25,2.09
2026-08-09,2026-08-09T10:55:35,2026-08-15,League Two,Tranmere Rovers vs Shrewsbury Town,under25,1.7
2026-08-09,2026-08-09T10:55:35,2026-08-15,League Two,York City vs Bristol Rovers,over25,2.04
2026-08-09,2026-08-09T10:55:35,2026-08-15,League Two,York City vs Bristol Rovers,under25,1.74
2026-08-09,2026-08-09T11:17:40,2026-08-09,Bundesliga 2,FC Energie Cottbus vs Hannover 96,over25,1.52
2026-08-09,2026-08-09T11:17:40,2026-08-09,Bundesliga 2,FC Energie Cottbus vs Hannover 96,under25,2.35
2026-08-09,2026-08-09T13:49:36,2026-08-15,League One,Bradford City vs Peterborough United,over25,1.81
2026-08-09,2026-08-09T13:49:36,2026-08-15,League One,Bradford City vs Peterborough United,under25,1.97
2026-08-09,2026-08-09T13:49:36,2026-08-15,Bundesliga 2,Greuther Fürth vs 1. FC Nürnberg,over25,1.68
2026-08-09,2026-08-09T13:49:36,2026-08-15,Bundesliga 2,Greuther Fürth vs 1. FC Nürnberg,under25,2.14
2026-08-09,2026-08-09T13:49:36,2026-08-15,Championship,Middlesbrough vs Lincoln City,over25,1.65
2026-08-09,2026-08-09T13:49:36,2026-08-15,Championship,Middlesbrough vs Lincoln City,under25,2.19
2026-08-09,2026-08-09T13:49:36,2026-08-16,Bundesliga 2,Dynamo Dresden vs SV Darmstadt 98,over25,1.59
2026-08-09,2026-08-09T13:49:36,2026-08-16,Bundesliga 2,Dynamo Dresden vs SV Darmstadt 98,under25,2.17
2026-08-09,2026-08-09T13:49:36,2026-08-16,Championship,Watford vs Southampton,over25,1.75
2026-08-09,2026-08-09T13:49:36,2026-08-16,Championship,Watford vs Southampton,under25,2.04
2026-08-09,2026-08-09T15:00:55,2026-08-16,Championship,Burnley vs West Ham United,over25,1.73
2026-08-09,2026-08-09T15:00:55,2026-08-16,Championship,Burnley vs West Ham United,under25,2.07
2026-08-09,2026-08-09T15:00:55,2026-08-16,La Liga 2,SD Eibar vs Tenerife,over25,2.2
2026-08-09,2026-08-09T15:00:55,2026-08-16,La Liga 2,SD Eibar vs Tenerife,under25,1.7
2026-08-09,2026-08-09T15:42:10,2026-08-15,League One,Barnsley vs Bromley FC,over25,1.89
2026-08-09,2026-08-09T17:00:36,2026-08-15,Championship,Norwich City vs West Bromwich Albion,over25,1.89
2026-08-09,2026-08-09T17:00:36,2026-08-15,Championship,Norwich City vs West Bromwich Albion,under25,1.88
2026-08-09,2026-08-09T17:00:36,2026-08-16,La Liga 2,Burgos CF vs Córdoba,over25,2.17
2026-08-09,2026-08-09T17:00:36,2026-08-16,La Liga 2,Burgos CF vs Córdoba,under25,1.72
2026-08-09,2026-08-09T17:00:36,2026-08-16,La Liga 2,Girona FC vs Leganés,over25,2.03
2026-08-09,2026-08-09T17:00:36,2026-08-16,La Liga 2,Girona FC vs Leganés,under25,1.82
2026-08-09,2026-08-09T18:17:35,2026-08-15,League One,Plymouth Argyle vs Stockport County FC,over25,1.76
2026-08-09,2026-08-09T18:17:35,2026-08-15,League One,Plymouth Argyle vs Stockport County FC,under25,2.03
2026-08-09,2026-08-09T19:09:27,2026-08-15,League One,Plymouth Argyle vs Stockport County FC,over25,1.75
2026-08-09,2026-08-09T19:09:27,2026-08-15,League One,Plymouth Argyle vs Stockport County FC,under25,2.04
2026-08-09,2026-08-09T19:50:02,2026-08-16,La Liga 2,Las Palmas vs Albacete,over25,1.91
2026-08-09,2026-08-09T19:50:02,2026-08-16,La Liga 2,Las Palmas vs Albacete,under25,1.94
2026-08-10,2026-08-10T09:43:30,2026-08-14,Bundesliga 2,Holstein Kiel vs FC St. Pauli,over25,1.7
2026-08-10,2026-08-10T09:43:30,2026-08-14,Bundesliga 2,Holstein Kiel vs FC St. Pauli,under25,2.1
2026-08-10,2026-08-10T09:43:30,2026-08-15,Bundesliga 2,Hertha Berlin vs 1. FC Heidenheim,over25,1.55
2026-08-10,2026-08-10T09:43:30,2026-08-15,Bundesliga 2,Hertha Berlin vs 1. FC Heidenheim,under25,2.28
2026-08-10,2026-08-10T09:43:30,2026-08-15,Bundesliga 2,VfL Osnabrück vs 1. FC Magdeburg,over25,1.52
2026-08-10,2026-08-10T09:43:30,2026-08-15,Bundesliga 2,VfL Osnabrück vs 1. FC Magdeburg,over35,2.3
2026-08-10,2026-08-10T09:43:30,2026-08-15,Bundesliga 2,VfL Osnabrück vs 1. FC Magdeburg,under25,2.32
2026-08-10,2026-08-10T09:43:30,2026-08-16,Bundesliga 2,Arminia Bielefeld vs FC Energie Cottbus,over25,1.55
2026-08-10,2026-08-10T09:43:30,2026-08-16,Bundesliga 2,Arminia Bielefeld vs FC Energie Cottbus,under25,2.32
2026-08-10,2026-08-10T10:51:34,2026-08-15,Bundesliga 2,Greuther Fürth vs 1. FC Nürnberg,under25,2.15
2026-08-10,2026-08-10T11:43:53,2026-08-14,Bundesliga 2,Holstein Kiel vs FC St. Pauli,over25,1.77
2026-08-10,2026-08-10T11:43:53,2026-08-14,Bundesliga 2,Holstein Kiel vs FC St. Pauli,under25,2.0
2026-08-10,2026-08-10T11:43:53,2026-08-15,Bundesliga 2,Hertha Berlin vs 1. FC Heidenheim,over25,1.6
2026-08-10,2026-08-10T11:43:53,2026-08-15,Bundesliga 2,Hertha Berlin vs 1. FC Heidenheim,under25,2.2
2026-08-10,2026-08-10T11:43:53,2026-08-15,Bundesliga 2,VfL Osnabrück vs 1. FC Magdeburg,over25,1.6
2026-08-10,2026-08-10T11:43:53,2026-08-15,Bundesliga 2,VfL Osnabrück vs 1. FC Magdeburg,under25,2.3
2026-08-10,2026-08-10T11:43:53,2026-08-16,Bundesliga 2,Arminia Bielefeld vs FC Energie Cottbus,under25,2.25
2026-08-10,2026-08-10T12:36:57,2026-08-15,Bundesliga 2,1. FC Kaiserslautern vs Karlsruher SC,over25,1.5
2026-08-10,2026-08-10T14:07:05,2026-08-14,La Liga 2,Real Sociedad B vs CD Castellón,over25,1.67
2026-08-10,2026-08-10T14:07:05,2026-08-14,La Liga 2,Real Sociedad B vs CD Castellón,under25,2.25
2026-08-10,2026-08-10T16:14:51,2026-08-15,League One,Mansfield Town vs Doncaster Rovers,over25,1.89
2026-08-10,2026-08-10T16:14:51,2026-08-15,League One,Mansfield Town vs Doncaster Rovers,under25,1.88
2026-08-10,2026-08-10T17:15:04,2026-08-16,La Liga 2,SD Eibar vs Tenerife,over25,2.23
2026-08-10,2026-08-10T17:15:04,2026-08-16,La Liga 2,SD Eibar vs Tenerife,under25,1.68
2026-08-10,2026-08-10T17:15:04,2026-08-17,La Liga 2,Sporting Gijón vs Sabadell FC,over25,2.15
2026-08-10,2026-08-10T17:15:04,2026-08-17,La Liga 2,Sporting Gijón vs Sabadell FC,under25,1.73
2026-08-10,2026-08-10T18:09:52,2026-08-15,League One,Barnsley vs Bromley FC,over25,1.86
2026-08-10,2026-08-10T18:09:52,2026-08-15,League One,Barnsley vs Bromley FC,under25,1.91
2026-08-10,2026-08-10T18:09:52,2026-08-15,League One,Burton Albion vs Stevenage,over25,2.35
2026-08-10,2026-08-10T18:09:52,2026-08-15,League One,Burton Albion vs Stevenage,under25,1.57
2026-08-10,2026-08-10T19:18:20,2026-08-15,League Two,Accrington Stanley vs Colchester United,over25,2.08
2026-08-10,2026-08-10T19:18:20,2026-08-15,League Two,Accrington Stanley vs Colchester United,under25,1.71
2026-08-10,2026-08-10T19:18:20,2026-08-15,League One,Barnsley vs Bromley FC,over25,1.89
2026-08-10,2026-08-10T19:18:20,2026-08-15,League One,Barnsley vs Bromley FC,under25,1.89
2026-08-10,2026-08-10T19:18:20,2026-08-15,League One,Burton Albion vs Stevenage,over25,2.42
2026-08-10,2026-08-10T19:18:20,2026-08-15,League One,Burton Albion vs Stevenage,under25,1.54
2026-08-10,2026-08-10T19:18:20,2026-08-15,League Two,Northampton Town vs Swindon Town,over25,1.89
2026-08-10,2026-08-10T19:18:20,2026-08-15,League Two,Northampton Town vs Swindon Town,under25,1.86
2026-08-10,2026-08-10T19:18:20,2026-08-15,Championship,Norwich City vs West Bromwich Albion,over25,1.9
2026-08-10,2026-08-10T19:18:20,2026-08-15,Championship,Norwich City vs West Bromwich Albion,under25,1.87
2026-08-10,2026-08-10T19:18:20,2026-08-17,Championship,Cardiff City vs Wrexham AFC,over25,1.74
2026-08-10,2026-08-10T19:18:20,2026-08-17,Championship,Cardiff City vs Wrexham AFC,under25,2.05
2026-08-10,2026-08-10T20:07:16,2026-08-14,Championship,Wolverhampton Wanderers vs Blackburn Rovers,over25,1.8
2026-08-10,2026-08-10T20:07:16,2026-08-14,Championship,Wolverhampton Wanderers vs Blackburn Rovers,under25,1.98
2026-08-10,2026-08-10T20:07:16,2026-08-15,League Two,Northampton Town vs Swindon Town,over25,1.9
2026-08-10,2026-08-10T20:07:16,2026-08-15,League Two,Northampton Town vs Swindon Town,under25,1.85
2026-08-10,2026-08-10T20:07:16,2026-08-17,La Liga 2,Almería vs CD Eldense,over25,1.62
2026-08-10,2026-08-10T20:07:16,2026-08-17,La Liga 2,Almería vs CD Eldense,under25,2.35
2026-08-11,2026-08-11T09:11:10,2026-08-15,Bundesliga 2,1. FC Kaiserslautern vs Karlsruher SC,over25,1.52
2026-08-11,2026-08-11T09:11:10,2026-08-15,Bundesliga 2,1. FC Kaiserslautern vs Karlsruher SC,under25,2.35
2026-08-11,2026-08-11T09:11:10,2026-08-15,League Two,Cheltenham Town vs Rotherham United,over25,1.88
2026-08-11,2026-08-11T09:11:10,2026-08-15,League Two,Cheltenham Town vs Rotherham United,under25,1.87
2026-08-11,2026-08-11T09:11:10,2026-08-15,Bundesliga 2,Greuther Fürth vs 1. FC Nürnberg,under25,2.14
2026-08-11,2026-08-11T10:13:58,2026-08-15,Championship,Charlton Athletic vs Derby County,over25,2.11
2026-08-11,2026-08-11T10:13:58,2026-08-15,Championship,Charlton Athletic vs Derby County,under25,1.7
2026-08-11,2026-08-11T10:13:58,2026-08-15,Bundesliga 2,Greuther Fürth vs 1. FC Nürnberg,over25,1.67
2026-08-11,2026-08-11T10:13:58,2026-08-15,Bundesliga 2,Greuther Fürth vs 1. FC Nürnberg,under25,2.16
2026-08-11,2026-08-11T10:13:58,2026-08-15,Championship,Portsmouth vs Queens Park Rangers,over25,1.9
2026-08-11,2026-08-11T10:13:58,2026-08-15,Championship,Portsmouth vs Queens Park Rangers,under25,1.87
2026-08-11,2026-08-11T10:13:58,2026-08-15,Bundesliga 2,VfL Osnabrück vs 1. FC Magdeburg,over25,1.57
2026-08-11,2026-08-11T10:13:58,2026-08-15,Bundesliga 2,VfL Osnabrück vs 1. FC Magdeburg,under25,2.35
2026-08-11,2026-08-11T11:58:48,2026-08-15,Championship,Portsmouth vs Queens Park Rangers,over25,1.91
2026-08-11,2026-08-11T11:58:48,2026-08-15,Championship,Portsmouth vs Queens Park Rangers,under25,1.86
2026-08-11,2026-08-11T11:58:48,2026-08-16,Bundesliga 2,Hannover 96 vs VfL Wolfsburg,over25,1.65
2026-08-11,2026-08-11T11:58:48,2026-08-16,Bundesliga 2,Hannover 96 vs VfL Wolfsburg,over35,2.2
2026-08-11,2026-08-11T11:58:48,2026-08-16,Bundesliga 2,Hannover 96 vs VfL Wolfsburg,under25,2.15
2026-08-11,2026-08-11T11:58:48,2026-08-16,La Liga 2,Las Palmas vs Albacete,over25,1.9
2026-08-11,2026-08-11T11:58:48,2026-08-16,La Liga 2,Las Palmas vs Albacete,under25,1.95
2026-08-11,2026-08-11T13:25:55,2026-08-15,League One,Barnsley vs Bromley FC,under25,1.88
2026-08-11,2026-08-11T13:25:55,2026-08-16,Bundesliga 2,Hannover 96 vs VfL Wolfsburg,over25,1.66
2026-08-11,2026-08-11T13:25:55,2026-08-16,Bundesliga 2,Hannover 96 vs VfL Wolfsburg,under25,2.18
2026-08-11,2026-08-11T14:39:20,2026-08-15,Championship,Charlton Athletic vs Derby County,over25,2.13
2026-08-11,2026-08-11T14:39:20,2026-08-15,Championship,Charlton Athletic vs Derby County,under25,1.69
2026-08-11,2026-08-11T15:40:56,2026-08-15,Championship,Bristol City vs Millwall,over25,1.91
2026-08-11,2026-08-11T15:40:56,2026-08-15,Championship,Bristol City vs Millwall,under25,1.86
2026-08-11,2026-08-11T15:40:56,2026-08-15,Championship,Middlesbrough vs Lincoln City,over25,1.66
2026-08-11,2026-08-11T15:40:56,2026-08-15,Championship,Middlesbrough vs Lincoln City,under25,2.18
2026-08-11,2026-08-11T15:40:56,2026-08-15,Championship,Norwich City vs West Bromwich Albion,over25,1.89
2026-08-11,2026-08-11T15:40:56,2026-08-15,Championship,Norwich City vs West Bromwich Albion,under25,1.88
2026-08-11,2026-08-11T15:40:56,2026-08-15,Bundesliga 2,VfL Osnabrück vs 1. FC Magdeburg,over25,1.55
2026-08-11,2026-08-11T15:40:56,2026-08-15,Bundesliga 2,VfL Osnabrück vs 1. FC Magdeburg,under25,2.28
2026-08-11,2026-08-11T16:39:34,2026-08-14,Championship,Wolverhampton Wanderers vs Blackburn Rovers,over25,1.79
2026-08-11,2026-08-11T16:39:34,2026-08-14,Championship,Wolverhampton Wanderers vs Blackburn Rovers,under25,1.99
2026-08-11,2026-08-11T16:39:34,2026-08-15,League One,Barnsley vs Bromley FC,over25,1.9
2026-08-11,2026-08-11T16:39:34,2026-08-15,League One,Barnsley vs Bromley FC,under25,1.87
2026-08-11,2026-08-11T16:39:34,2026-08-15,La Liga 2,Oviedo vs Granada CF,over25,1.95
2026-08-11,2026-08-11T16:39:34,2026-08-15,La Liga 2,Oviedo vs Granada CF,under25,1.9
2026-08-11,2026-08-11T17:42:55,2026-08-14,Championship,Wolverhampton Wanderers vs Blackburn Rovers,over25,1.8
2026-08-11,2026-08-11T17:42:55,2026-08-14,Championship,Wolverhampton Wanderers vs Blackburn Rovers,under25,1.98
2026-08-11,2026-08-11T17:42:55,2026-08-15,Bundesliga 2,Greuther Fürth vs 1. FC Nürnberg,over25,1.68
2026-08-11,2026-08-11T17:42:55,2026-08-15,Bundesliga 2,Greuther Fürth vs 1. FC Nürnberg,under25,2.14
2026-08-11,2026-08-11T17:42:55,2026-08-15,La Liga 2,Oviedo vs Granada CF,over25,1.94
2026-08-11,2026-08-11T17:42:55,2026-08-15,La Liga 2,Oviedo vs Granada CF,under25,1.91
2026-08-11,2026-08-11T17:42:55,2026-08-16,La Liga 2,Girona FC vs Leganés,over25,2.04
2026-08-11,2026-08-11T17:42:55,2026-08-16,La Liga 2,Girona FC vs Leganés,under25,1.81
2026-08-11,2026-08-11T18:40:42,2026-08-14,La Liga 2,Real Sociedad B vs CD Castellón,over25,1.65
2026-08-11,2026-08-11T18:40:42,2026-08-14,La Liga 2,Real Sociedad B vs CD Castellón,under25,2.29
2026-08-11,2026-08-11T18:40:42,2026-08-15,League One,Barnsley vs Bromley FC,over25,1.89
2026-08-11,2026-08-11T18:40:42,2026-08-15,League One,Barnsley vs Bromley FC,under25,1.88
2026-08-11,2026-08-11T18:40:42,2026-08-15,Bundesliga 2,Greuther Fürth vs 1. FC Nürnberg,over25,1.67
2026-08-11,2026-08-11T18:40:42,2026-08-15,Bundesliga 2,Greuther Fürth vs 1. FC Nürnberg,under25,2.16
2026-08-11,2026-08-11T18:40:42,2026-08-16,La Liga 2,Girona FC vs Leganés,over25,2.03
2026-08-11,2026-08-11T18:40:42,2026-08-16,La Liga 2,Girona FC vs Leganés,under25,1.82
2026-08-11,2026-08-11T19:49:44,2026-08-15,Championship,Bristol City vs Millwall,over25,1.92
2026-08-11,2026-08-11T19:49:44,2026-08-15,Championship,Bristol City vs Millwall,under25,1.85
2026-08-11,2026-08-11T20:32:17,2026-08-15,Championship,Bristol City vs Millwall,over25,1.91
2026-08-11,2026-08-11T20:32:17,2026-08-15,Championship,Bristol City vs Millwall,under25,1.86
2026-08-11,2026-08-11T21:28:08,2026-08-14,Championship,Wolverhampton Wanderers vs Blackburn Rovers,over25,1.79
2026-08-11,2026-08-11T21:28:08,2026-08-14,Championship,Wolverhampton Wanderers vs Blackburn Rovers,under25,1.99
2026-08-12,2026-08-12T09:21:20,2026-08-15,League Two,Gillingham vs Walsall,over25,2.01
2026-08-12,2026-08-12T09:21:20,2026-08-15,League Two,Gillingham vs Walsall,under25,1.76
2026-08-12,2026-08-12T09:21:20,2026-08-15,Bundesliga 2,Greuther Fürth vs 1. FC Nürnberg,over25,1.68
2026-08-12,2026-08-12T09:21:20,2026-08-15,Bundesliga 2,Greuther Fürth vs 1. FC Nürnberg,under25,2.14
2026-08-12,2026-08-12T09:21:20,2026-08-16,La Liga 2,Las Palmas vs Albacete,over25,1.87
2026-08-12,2026-08-12T09:21:20,2026-08-16,La Liga 2,Las Palmas vs Albacete,under25,1.98
2026-08-12,2026-08-12T10:35:06,2026-08-14,Championship,Wolverhampton Wanderers vs Blackburn Rovers,over25,1.8
2026-08-12,2026-08-12T10:35:06,2026-08-14,Championship,Wolverhampton Wanderers vs Blackburn Rovers,under25,1.98
2026-08-12,2026-08-12T10:35:06,2026-08-15,Bundesliga 2,Greuther Fürth vs 1. FC Nürnberg,over25,1.67
2026-08-12,2026-08-12T10:35:06,2026-08-15,Bundesliga 2,Greuther Fürth vs 1. FC Nürnberg,under25,2.16
2026-08-12,2026-08-12T10:35:06,2026-08-16,La Liga 2,Las Palmas vs Albacete,over25,1.88
2026-08-12,2026-08-12T10:35:06,2026-08-16,La Liga 2,Las Palmas vs Albacete,under25,1.97
2026-08-12,2026-08-12T11:29:42,2026-08-15,Bundesliga 2,Greuther Fürth vs 1. FC Nürnberg,over25,1.68
2026-08-12,2026-08-12T11:29:42,2026-08-15,Bundesliga 2,Greuther Fürth vs 1. FC Nürnberg,under25,2.14
2026-08-12,2026-08-12T12:28:53,2026-08-16,La Liga 2,Las Palmas vs Albacete,over25,1.87
2026-08-12,2026-08-12T12:28:53,2026-08-16,La Liga 2,Las Palmas vs Albacete,under25,1.98
2026-08-12,2026-08-12T14:03:40,2026-08-14,La Liga 2,Real Sociedad B vs CD Castellón,under25,2.3
2026-08-12,2026-08-12T14:03:40,2026-08-15,League Two,Accrington Stanley vs Colchester United,over25,2.05
2026-08-12,2026-08-12T14:03:40,2026-08-15,League Two,Accrington Stanley vs Colchester United,under25,1.73
2026-08-12,2026-08-12T14:03:40,2026-08-16,Bundesliga 2,Hannover 96 vs VfL Wolfsburg,over25,1.65
2026-08-12,2026-08-12T14:03:40,2026-08-16,Bundesliga 2,Hannover 96 vs VfL Wolfsburg,under25,2.2
2026-08-12,2026-08-12T14:03:40,2026-08-16,La Liga 2,Las Palmas vs Albacete,over25,1.89
2026-08-12,2026-08-12T14:03:40,2026-08-16,La Liga 2,Las Palmas vs Albacete,under25,1.96
2026-08-12,2026-08-12T15:12:44,2026-08-14,Championship,Wolverhampton Wanderers vs Blackburn Rovers,over25,1.79
2026-08-12,2026-08-12T15:12:44,2026-08-14,Championship,Wolverhampton Wanderers vs Blackburn Rovers,under25,1.99
2026-08-12,2026-08-12T15:12:44,2026-08-15,League One,Bradford City vs Peterborough United,over25,1.79
2026-08-12,2026-08-12T15:12:44,2026-08-15,League One,Bradford City vs Peterborough United,under25,1.99
2026-08-12,2026-08-12T15:12:44,2026-08-15,League One,Huddersfield Town vs Wimbledon,over25,1.67
2026-08-12,2026-08-12T15:12:44,2026-08-15,League One,Huddersfield Town vs Wimbledon,under25,1.99
2026-08-12,2026-08-12T15:12:44,2026-08-15,League One,Mansfield Town vs Doncaster Rovers,over25,1.88
2026-08-12,2026-08-12T15:12:44,2026-08-15,League One,Mansfield Town vs Doncaster Rovers,under25,1.89
2026-08-12,2026-08-12T15:12:44,2026-08-15,League One,Plymouth Argyle vs Stockport County FC,over25,1.71
2026-08-12,2026-08-12T15:12:44,2026-08-15,League One,Plymouth Argyle vs Stockport County FC,under25,2.1
2026-08-12,2026-08-12T15:12:44,2026-08-15,Championship,Stoke City vs Swansea City,over25,2.07
2026-08-12,2026-08-12T15:12:44,2026-08-15,Championship,Stoke City vs Swansea City,under25,1.73
2026-08-12,2026-08-12T15:12:44,2026-08-15,Bundesliga 2,VfL Osnabrück vs 1. FC Magdeburg,over25,1.52
2026-08-12,2026-08-12T15:12:44,2026-08-15,Bundesliga 2,VfL Osnabrück vs 1. FC Magdeburg,over35,2.25
2026-08-12,2026-08-12T15:12:44,2026-08-15,Bundesliga 2,VfL Osnabrück vs 1. FC Magdeburg,under25,2.32
2026-08-12,2026-08-12T16:13:35,2026-08-14,La Liga 2,Real Sociedad B vs CD Castellón,over25,1.64
2026-08-12,2026-08-12T16:13:35,2026-08-14,La Liga 2,Real Sociedad B vs CD Castellón,under25,2.31
2026-08-12,2026-08-12T16:13:35,2026-08-15,Bundesliga 2,Greuther Fürth vs 1. FC Nürnberg,over25,1.67
2026-08-12,2026-08-12T16:13:35,2026-08-15,Bundesliga 2,Greuther Fürth vs 1. FC Nürnberg,under25,2.16
2026-08-12,2026-08-12T17:18:25,2026-08-15,Championship,Portsmouth vs Queens Park Rangers,over25,1.92
2026-08-12,2026-08-12T17:18:25,2026-08-15,Championship,Portsmouth vs Queens Park Rangers,under25,1.85
2026-08-12,2026-08-12T18:14:14,2026-08-16,La Liga 2,Las Palmas vs Albacete,over25,1.88
2026-08-12,2026-08-12T18:14:14,2026-08-16,La Liga 2,Las Palmas vs Albacete,under25,1.97
2026-08-12,2026-08-12T19:33:03,2026-08-14,Bundesliga 2,Holstein Kiel vs FC St. Pauli,over25,1.75
2026-08-12,2026-08-12T19:33:03,2026-08-14,Bundesliga 2,Holstein Kiel vs FC St. Pauli,under25,2.05
2026-08-12,2026-08-12T21:12:55,2026-08-15,League One,Barnsley vs Bromley FC,over25,1.9
2026-08-12,2026-08-12T21:12:55,2026-08-15,League One,Barnsley vs Bromley FC,under25,1.87
2026-08-12,2026-08-12T22:07:49,2026-08-15,League One,Barnsley vs Bromley FC,over25,1.89
2026-08-12,2026-08-12T22:07:49,2026-08-15,League One,Barnsley vs Bromley FC,under25,1.88
2026-08-12,2026-08-12T23:01:37,2026-08-14,Championship,Wolverhampton Wanderers vs Blackburn Rovers,over25,1.74
2026-08-12,2026-08-12T23:01:37,2026-08-14,Championship,Wolverhampton Wanderers vs Blackburn Rovers,under25,2.05
2026-08-13,2026-08-13T09:22:32,2026-08-15,Championship,Bolton Wanderers vs Preston North End,over25,1.88
2026-08-13,2026-08-13T09:22:32,2026-08-15,Championship,Bolton Wanderers vs Preston North End,under25,1.89
2026-08-13,2026-08-13T09:22:32,2026-08-15,Bundesliga 2,Greuther Fürth vs 1. FC Nürnberg,over25,1.68
2026-08-13,2026-08-13T09:22:32,2026-08-15,Bundesliga 2,Greuther Fürth vs 1. FC Nürnberg,under25,2.14
2026-08-13,2026-08-13T09:22:32,2026-08-15,League One,Plymouth Argyle vs Stockport County FC,over25,1.7
2026-08-13,2026-08-13T09:22:32,2026-08-15,League One,Plymouth Argyle vs Stockport County FC,under25,2.11
2026-08-13,2026-08-13T09:22:32,2026-08-15,Bundesliga 2,VfL Osnabrück vs 1. FC Magdeburg,over35,2.3
2026-08-13,2026-08-13T09:22:32,2026-08-16,Bundesliga 2,Dynamo Dresden vs SV Darmstadt 98,over25,1.57
2026-08-13,2026-08-13T09:22:32,2026-08-16,Bundesliga 2,Dynamo Dresden vs SV Darmstadt 98,under25,2.21
2026-08-13,2026-08-13T09:22:32,2026-08-16,Bundesliga 2,Hannover 96 vs VfL Wolfsburg,over25,1.6
2026-08-13,2026-08-13T09:22:32,2026-08-16,Bundesliga 2,Hannover 96 vs VfL Wolfsburg,under25,2.3
2026-08-13,2026-08-13T10:36:36,2026-08-15,League One,Mansfield Town vs Doncaster Rovers,over25,1.87
2026-08-13,2026-08-13T10:36:36,2026-08-15,League One,Mansfield Town vs Doncaster Rovers,under25,1.9
2026-08-13,2026-08-13T11:28:00,2026-08-15,League Two,Northampton Town vs Swindon Town,over25,1.89
2026-08-13,2026-08-13T11:28:00,2026-08-15,League Two,Northampton Town vs Swindon Town,under25,1.86
2026-08-13,2026-08-13T12:28:28,2026-08-14,Bundesliga 2,Holstein Kiel vs FC St. Pauli,over25,1.72
2026-08-13,2026-08-13T12:28:28,2026-08-14,Bundesliga 2,Holstein Kiel vs FC St. Pauli,under25,2.1
2026-08-13,2026-08-13T12:28:28,2026-08-15,League Two,Northampton Town vs Swindon Town,over25,1.9
2026-08-13,2026-08-13T12:28:28,2026-08-15,League Two,Northampton Town vs Swindon Town,under25,1.85
2026-08-13,2026-08-13T14:03:57,2026-08-14,Bundesliga 2,Holstein Kiel vs FC St. Pauli,over25,1.75
2026-08-13,2026-08-13T14:03:57,2026-08-14,Bundesliga 2,Holstein Kiel vs FC St. Pauli,under25,2.05
2026-08-13,2026-08-13T14:03:57,2026-08-15,Championship,Portsmouth vs Queens Park Rangers,over25,1.94
2026-08-13,2026-08-13T14:03:57,2026-08-15,Championship,Portsmouth vs Queens Park Rangers,under25,1.83
2026-08-13,2026-08-13T14:03:57,2026-08-15,League Two,Tranmere Rovers vs Shrewsbury Town,over25,2.11
2026-08-13,2026-08-13T14:03:57,2026-08-15,League Two,Tranmere Rovers vs Shrewsbury Town,under25,1.69
2026-08-13,2026-08-13T15:12:33,2026-08-14,Championship,Wolverhampton Wanderers vs Blackburn Rovers,over25,1.75
2026-08-13,2026-08-13T15:12:33,2026-08-14,Championship,Wolverhampton Wanderers vs Blackburn Rovers,under25,2.04
2026-08-13,2026-08-13T15:12:33,2026-08-15,La Liga 2,Andorra CF vs AD Ceuta FC,over25,1.7
2026-08-13,2026-08-13T15:12:33,2026-08-15,La Liga 2,Andorra CF vs AD Ceuta FC,under25,2.0
2026-08-13,2026-08-13T15:12:33,2026-08-15,League One,Barnsley vs Bromley FC,over25,1.9
2026-08-13,2026-08-13T15:12:33,2026-08-15,League One,Barnsley vs Bromley FC,under25,1.87
2026-08-13,2026-08-13T15:12:33,2026-08-15,Championship,Bolton Wanderers vs Preston North End,over25,1.89
2026-08-13,2026-08-13T15:12:33,2026-08-15,League Two,Crawley Town vs Crewe Alexandra,over25,1.9
2026-08-13,2026-08-13T15:12:33,2026-08-15,League Two,Crawley Town vs Crewe Alexandra,under25,1.77
2026-08-13,2026-08-13T15:12:33,2026-08-15,League Two,Grimsby Town vs Exeter City,over25,1.81
2026-08-13,2026-08-13T15:12:33,2026-08-15,League Two,Grimsby Town vs Exeter City,under25,1.86
2026-08-13,2026-08-13T15:12:33,2026-08-15,League One,Huddersfield Town vs Wimbledon,over25,1.69
2026-08-13,2026-08-13T15:12:33,2026-08-15,League One,Huddersfield Town vs Wimbledon,under25,2.01
2026-08-13,2026-08-13T15:12:33,2026-08-15,League Two,Tranmere Rovers vs Shrewsbury Town,over25,2.09
2026-08-13,2026-08-13T15:12:33,2026-08-15,League Two,Tranmere Rovers vs Shrewsbury Town,under25,1.7
2026-08-13,2026-08-13T17:18:35,2026-08-14,Championship,Wolverhampton Wanderers vs Blackburn Rovers,over25,1.74
2026-08-13,2026-08-13T17:18:35,2026-08-14,Championship,Wolverhampton Wanderers vs Blackburn Rovers,under25,2.05
2026-08-13,2026-08-13T17:18:35,2026-08-15,Championship,Bolton Wanderers vs Preston North End,over25,1.9
2026-08-13,2026-08-13T17:18:35,2026-08-15,Championship,Bolton Wanderers vs Preston North End,under25,1.87
2026-08-13,2026-08-13T17:18:35,2026-08-16,La Liga 2,Girona FC vs Leganés,over25,2.02
2026-08-13,2026-08-13T17:18:35,2026-08-16,La Liga 2,Girona FC vs Leganés,under25,1.83
2026-08-13,2026-08-13T17:18:35,2026-08-17,La Liga 2,Almería vs CD Eldense,over25,1.61
2026-08-13,2026-08-13T17:18:35,2026-08-17,La Liga 2,Almería vs CD Eldense,under25,2.38
2026-08-13,2026-08-13T18:14:21,2026-08-14,La Liga 2,Real Sociedad B vs CD Castellón,over25,1.62
2026-08-13,2026-08-13T18:14:21,2026-08-14,La Liga 2,Real Sociedad B vs CD Castellón,under25,2.35
2026-08-13,2026-08-13T18:14:21,2026-08-14,Championship,Wolverhampton Wanderers vs Blackburn Rovers,over25,1.75
2026-08-13,2026-08-13T18:14:21,2026-08-14,Championship,Wolverhampton Wanderers vs Blackburn Rovers,under25,2.04
2026-08-13,2026-08-13T18:14:21,2026-08-15,Championship,Bolton Wanderers vs Preston North End,over25,1.89
2026-08-13,2026-08-13T18:14:21,2026-08-15,Championship,Bolton Wanderers vs Preston North End,under25,1.88
2026-08-13,2026-08-13T18:14:21,2026-08-16,La Liga 2,Girona FC vs Leganés,over25,2.03
2026-08-13,2026-08-13T18:14:21,2026-08-16,La Liga 2,Girona FC vs Leganés,under25,1.82
2026-08-13,2026-08-13T19:30:47,2026-08-15,League One,Barnsley vs Bromley FC,over25,1.91
2026-08-13,2026-08-13T19:30:47,2026-08-15,League One,Barnsley vs Bromley FC,under25,1.86
2026-08-13,2026-08-13T19:30:47,2026-08-15,League One,Oxford United vs Milton Keynes Dons,over25,2.08
2026-08-13,2026-08-13T19:30:47,2026-08-15,League One,Oxford United vs Milton Keynes Dons,under25,1.72
2026-08-13,2026-08-13T19:30:47,2026-08-16,La Liga 2,Girona FC vs Leganés,over25,2.02
2026-08-13,2026-08-13T19:30:47,2026-08-16,La Liga 2,Girona FC vs Leganés,under25,1.83
2026-08-13,2026-08-13T20:09:26,2026-08-14,La Liga 2,Real Sociedad B vs CD Castellón,over25,1.61
2026-08-13,2026-08-13T20:09:26,2026-08-14,La Liga 2,Real Sociedad B vs CD Castellón,under25,2.38
2026-08-13,2026-08-13T20:09:26,2026-08-15,Championship,Bolton Wanderers vs Preston North End,over25,1.9
2026-08-13,2026-08-13T20:09:26,2026-08-15,Championship,Bolton Wanderers vs Preston North End,under25,1.87
2026-08-13,2026-08-13T20:09:26,2026-08-16,La Liga 2,Girona FC vs Leganés,over25,2.03
2026-08-13,2026-08-13T20:09:26,2026-08-16,La Liga 2,Girona FC vs Leganés,under25,1.82
2026-08-13,2026-08-13T22:57:23,2026-08-15,Championship,Bolton Wanderers vs Preston North End,over25,1.89
2026-08-13,2026-08-13T22:57:23,2026-08-15,Championship,Bolton Wanderers vs Preston North End,under25,1.88
2026-08-13,2026-08-13T22:57:23,2026-08-15,League One,Bradford City vs Peterborough United,over25,1.78
2026-08-13,2026-08-13T22:57:23,2026-08-15,League One,Bradford City vs Peterborough United,under25,2.0
2026-08-13,2026-08-13T22:57:23,2026-08-15,League Two,Northampton Town vs Swindon Town,over25,1.89
2026-08-13,2026-08-13T22:57:23,2026-08-15,League Two,Northampton Town vs Swindon Town,under25,1.86
2026-08-13,2026-08-13T22:57:23,2026-08-15,Championship,Portsmouth vs Queens Park Rangers,over25,1.95
2026-08-13,2026-08-13T22:57:23,2026-08-15,Championship,Portsmouth vs Queens Park Rangers,under25,1.82
2026-08-13,2026-08-13T22:57:23,2026-08-16,La Liga 2,Las Palmas vs Albacete,over25,1.89
2026-08-13,2026-08-13T22:57:23,2026-08-16,La Liga 2,Las Palmas vs Albacete,under25,1.96
2026-08-13,2026-08-13T23:53:09,2026-08-15,Championship,Bolton Wanderers vs Preston North End,over25,1.9
2026-08-13,2026-08-13T23:53:09,2026-08-15,Championship,Bolton Wanderers vs Preston North End,under25,1.87
2026-08-13,2026-08-13T23:53:09,2026-08-15,League One,Bradford City vs Peterborough United,over25,1.79
2026-08-13,2026-08-13T23:53:09,2026-08-15,League One,Bradford City vs Peterborough United,under25,1.99
2026-08-13,2026-08-13T23:53:09,2026-08-15,La Liga 2,Mallorca vs Real Valladolid CF,over25,1.87
2026-08-13,2026-08-13T23:53:09,2026-08-15,La Liga 2,Mallorca vs Real Valladolid CF,under25,1.98
2026-08-13,2026-08-13T23:53:09,2026-08-15,League Two,Northampton Town vs Swindon Town,over25,1.9
2026-08-13,2026-08-13T23:53:09,2026-08-15,League Two,Northampton Town vs Swindon Town,under25,1.85
2026-08-13,2026-08-13T23:53:09,2026-08-15,Championship,Portsmouth vs Queens Park Rangers,over25,1.94
2026-08-13,2026-08-13T23:53:09,2026-08-15,Championship,Portsmouth vs Queens Park Rangers,under25,1.83
2026-08-13,2026-08-13T23:53:09,2026-08-16,La Liga 2,Las Palmas vs Albacete,over25,1.88
2026-08-13,2026-08-13T23:53:09,2026-08-16,La Liga 2,Las Palmas vs Albacete,under25,1.97
2026-08-14,2026-08-14T01:43:19,2026-08-15,Championship,Bolton Wanderers vs Preston North End,over25,1.89
2026-08-14,2026-08-14T01:43:19,2026-08-15,Championship,Bolton Wanderers vs Preston North End,under25,1.88
2026-08-14,2026-08-14T01:43:19,2026-08-15,La Liga 2,Mallorca vs Real Valladolid CF,over25,1.88
2026-08-14,2026-08-14T01:43:19,2026-08-15,La Liga 2,Mallorca vs Real Valladolid CF,under25,1.97
2026-08-14,2026-08-14T01:43:19,2026-08-15,Championship,Portsmouth vs Queens Park Rangers,over25,1.95
2026-08-14,2026-08-14T01:43:19,2026-08-15,Championship,Portsmouth vs Queens Park Rangers,under25,1.82
2026-08-14,2026-08-14T09:16:22,2026-08-14,Bundesliga 2,Eintracht Braunschweig vs VfL Bochum,over25,1.7
2026-08-14,2026-08-14T09:16:22,2026-08-14,Bundesliga 2,Eintracht Braunschweig vs VfL Bochum,under25,2.02
2026-08-14,2026-08-14T09:16:22,2026-08-14,La Liga 2,Real Sociedad B vs CD Castellón,over25,1.62
2026-08-14,2026-08-14T09:16:22,2026-08-14,La Liga 2,Real Sociedad B vs CD Castellón,under25,2.35
2026-08-14,2026-08-14T09:16:22,2026-08-14,Championship,Wolverhampton Wanderers vs Blackburn Rovers,over25,1.91
2026-08-14,2026-08-14T09:16:22,2026-08-14,Championship,Wolverhampton Wanderers vs Blackburn Rovers,under25,1.98
2026-08-14,2026-08-14T09:16:22,2026-08-15,La Liga 2,Andorra CF vs AD Ceuta FC,over25,1.75
2026-08-14,2026-08-14T09:16:22,2026-08-15,La Liga 2,Andorra CF vs AD Ceuta FC,under25,1.95
2026-08-14,2026-08-14T09:16:22,2026-08-15,League One,Barnsley vs Bromley FC,over25,1.9
2026-08-14,2026-08-14T09:16:22,2026-08-15,League One,Barnsley vs Bromley FC,under25,1.87
2026-08-14,2026-08-14T09:16:22,2026-08-15,Championship,Bolton Wanderers vs Preston North End,over25,1.93
2026-08-14,2026-08-14T09:16:22,2026-08-15,Championship,Bolton Wanderers vs Preston North End,under25,1.84
2026-08-14,2026-08-14T09:16:22,2026-08-15,La Liga 2,Cádiz CF vs Celta Vigo,over25,1.99
2026-08-14,2026-08-14T09:16:22,2026-08-15,La Liga 2,Cádiz CF vs Celta Vigo,under25,1.85
2026-08-14,2026-08-14T09:16:22,2026-08-15,League One,Leyton Orient vs Sheffield Wednesday,over25,1.87
2026-08-14,2026-08-14T09:16:22,2026-08-15,League One,Leyton Orient vs Sheffield Wednesday,under25,1.9
2026-08-14,2026-08-14T09:16:22,2026-08-15,League Two,Northampton Town vs Swindon Town,over25,1.89
2026-08-14,2026-08-14T09:16:22,2026-08-15,League Two,Northampton Town vs Swindon Town,under25,1.86
2026-08-14,2026-08-14T09:16:22,2026-08-15,Championship,Portsmouth vs Queens Park Rangers,over25,1.92
2026-08-14,2026-08-14T09:16:22,2026-08-15,Championship,Portsmouth vs Queens Park Rangers,under25,1.85
2026-08-14,2026-08-14T09:16:22,2026-08-16,La Liga 2,Burgos CF vs Córdoba,over25,2.18
2026-08-14,2026-08-14T09:16:22,2026-08-16,La Liga 2,Burgos CF vs Córdoba,under25,1.71
2026-08-14,2026-08-14T09:16:22,2026-08-16,La Liga 2,Girona FC vs Leganés,over25,2.04
2026-08-14,2026-08-14T09:16:22,2026-08-16,La Liga 2,Girona FC vs Leganés,under25,1.81
2026-08-14,2026-08-14T09:16:22,2026-08-17,La Liga 2,Almería vs CD Eldense,over25,1.62
2026-08-14,2026-08-14T09:16:22,2026-08-17,La Liga 2,Almería vs CD Eldense,under25,2.35
2026-08-14,2026-08-14T10:29:50,2026-08-14,Bundesliga 2,Holstein Kiel vs FC St. Pauli,over25,1.72
2026-08-14,2026-08-14T10:29:50,2026-08-14,La Liga 2,Real Sociedad B vs CD Castellón,over25,1.61
2026-08-14,2026-08-14T10:29:50,2026-08-14,La Liga 2,Real Sociedad B vs CD Castellón,under25,2.38
2026-08-14,2026-08-14T10:29:50,2026-08-14,Championship,Wolverhampton Wanderers vs Blackburn Rovers,over25,1.96
2026-08-14,2026-08-14T10:29:50,2026-08-14,Championship,Wolverhampton Wanderers vs Blackburn Rovers,under25,1.93
2026-08-14,2026-08-14T10:29:50,2026-08-15,Championship,Portsmouth vs Queens Park Rangers,over25,1.95
2026-08-14,2026-08-14T10:29:50,2026-08-15,Championship,Portsmouth vs Queens Park Rangers,under25,1.82
2026-08-14,2026-08-14T10:29:50,2026-08-15,League Two,York City vs Bristol Rovers,over25,2.05
2026-08-14,2026-08-14T10:29:50,2026-08-15,League Two,York City vs Bristol Rovers,under25,1.73
2026-08-14,2026-08-14T10:29:50,2026-08-17,La Liga 2,Almería vs CD Eldense,over25,1.61
2026-08-14,2026-08-14T10:29:50,2026-08-17,La Liga 2,Almería vs CD Eldense,under25,2.38
2026-08-14,2026-08-14T11:24:02,2026-08-14,La Liga 2,Real Sociedad B vs CD Castellón,over25,1.62
2026-08-14,2026-08-14T11:24:02,2026-08-14,La Liga 2,Real Sociedad B vs CD Castellón,under25,2.35
2026-08-14,2026-08-14T11:24:02,2026-08-14,Championship,Wolverhampton Wanderers vs Blackburn Rovers,over25,1.97
2026-08-14,2026-08-14T11:24:02,2026-08-14,Championship,Wolverhampton Wanderers vs Blackburn Rovers,under25,1.92
2026-08-14,2026-08-14T11:24:02,2026-08-15,Bundesliga 2,Greuther Fürth vs 1. FC Nürnberg,over25,1.67
2026-08-14,2026-08-14T11:24:02,2026-08-15,Bundesliga 2,Greuther Fürth vs 1. FC Nürnberg,under25,2.16
2026-08-14,2026-08-14T11:24:02,2026-08-15,League One,Notts County vs Leicester City,over25,1.97
2026-08-14,2026-08-14T11:24:02,2026-08-15,League One,Notts County vs Leicester City,under25,1.81
2026-08-14,2026-08-14T12:09:01,2026-08-14,Championship,Wolverhampton Wanderers vs Blackburn Rovers,over25,1.98
2026-08-14,2026-08-14T12:09:01,2026-08-14,Championship,Wolverhampton Wanderers vs Blackburn Rovers,under25,1.91
2026-08-14,2026-08-14T12:09:01,2026-08-15,League One,Barnsley vs Bromley FC,over25,1.91
2026-08-14,2026-08-14T12:09:01,2026-08-15,League One,Barnsley vs Bromley FC,under25,1.86
2026-08-14,2026-08-14T12:09:01,2026-08-15,Bundesliga 2,Greuther Fürth vs 1. FC Nürnberg,over25,1.68
2026-08-14,2026-08-14T12:09:01,2026-08-15,Bundesliga 2,Greuther Fürth vs 1. FC Nürnberg,under25,2.14
2026-08-14,2026-08-14T12:09:01,2026-08-15,League Two,Northampton Town vs Swindon Town,over25,1.9
2026-08-14,2026-08-14T12:09:01,2026-08-15,League Two,Northampton Town vs Swindon Town,under25,1.85
2026-08-14,2026-08-14T12:09:01,2026-08-15,Championship,Norwich City vs West Bromwich Albion,over25,1.9
2026-08-14,2026-08-14T12:09:01,2026-08-15,Championship,Norwich City vs West Bromwich Albion,under25,1.87
2026-08-14,2026-08-14T12:09:01,2026-08-15,Championship,Sheffield United vs Birmingham City,over25,1.98
2026-08-14,2026-08-14T12:09:01,2026-08-15,Championship,Sheffield United vs Birmingham City,under25,1.8
2026-08-14,2026-08-14T12:09:01,2026-08-15,Bundesliga 2,VfL Osnabrück vs 1. FC Magdeburg,over35,2.2
2026-08-14,2026-08-14T12:09:01,2026-08-16,La Liga 2,Girona FC vs Leganés,over25,2.03
2026-08-14,2026-08-14T12:09:01,2026-08-16,La Liga 2,Girona FC vs Leganés,under25,1.82
2026-08-14,2026-08-14T13:44:57,2026-08-14,Bundesliga 2,Holstein Kiel vs FC St. Pauli,under25,2.1
2026-08-14,2026-08-14T13:44:57,2026-08-14,Championship,Wolverhampton Wanderers vs Blackburn Rovers,over25,1.94
2026-08-14,2026-08-14T13:44:57,2026-08-14,Championship,Wolverhampton Wanderers vs Blackburn Rovers,under25,1.95
2026-08-14,2026-08-14T13:44:57,2026-08-15,La Liga 2,Andorra CF vs AD Ceuta FC,under25,1.93
2026-08-14,2026-08-14T13:44:57,2026-08-15,League One,Barnsley vs Bromley FC,over25,1.89
2026-08-14,2026-08-14T13:44:57,2026-08-15,League One,Barnsley vs Bromley FC,under25,1.88
2026-08-14,2026-08-14T13:44:57,2026-08-15,Bundesliga 2,Greuther Fürth vs 1. FC Nürnberg,over25,1.67
2026-08-14,2026-08-14T13:44:57,2026-08-15,Bundesliga 2,Greuther Fürth vs 1. FC Nürnberg,under25,2.16
2026-08-14,2026-08-14T13:44:57,2026-08-15,League One,Leyton Orient vs Sheffield Wednesday,over25,1.88
2026-08-14,2026-08-14T13:44:57,2026-08-15,League One,Leyton Orient vs Sheffield Wednesday,under25,1.89
2026-08-14,2026-08-14T13:44:57,2026-08-15,La Liga 2,Mallorca vs Real Valladolid CF,over25,1.89
2026-08-14,2026-08-14T13:44:57,2026-08-15,La Liga 2,Mallorca vs Real Valladolid CF,under25,1.96
2026-08-14,2026-08-14T13:44:57,2026-08-15,League Two,Northampton Town vs Swindon Town,over25,1.89
2026-08-14,2026-08-14T13:44:57,2026-08-15,League Two,Northampton Town vs Swindon Town,under25,1.86
2026-08-14,2026-08-14T13:44:57,2026-08-15,Championship,Norwich City vs West Bromwich Albion,over25,1.89
2026-08-14,2026-08-14T13:44:57,2026-08-15,Championship,Norwich City vs West Bromwich Albion,under25,1.88
2026-08-14,2026-08-14T13:44:57,2026-08-15,League Two,Tranmere Rovers vs Shrewsbury Town,over25,2.11
2026-08-14,2026-08-14T13:44:57,2026-08-15,League Two,Tranmere Rovers vs Shrewsbury Town,under25,1.69
2026-08-14,2026-08-14T13:44:57,2026-08-16,La Liga 2,Girona FC vs Leganés,over25,2.04
2026-08-14,2026-08-14T13:44:57,2026-08-16,La Liga 2,Girona FC vs Leganés,under25,1.81
2026-08-14,2026-08-14T14:43:36,2026-08-14,Bundesliga 2,Eintracht Braunschweig vs VfL Bochum,over25,1.65
2026-08-14,2026-08-14T14:43:36,2026-08-14,Bundesliga 2,Eintracht Braunschweig vs VfL Bochum,under25,2.1
2026-08-14,2026-08-14T14:43:36,2026-08-14,Bundesliga 2,Holstein Kiel vs FC St. Pauli,over25,1.7
2026-08-14,2026-08-14T14:43:36,2026-08-15,Championship,Bristol City vs Millwall,over25,1.9
2026-08-14,2026-08-14T14:43:36,2026-08-15,Championship,Bristol City vs Millwall,under25,1.87
2026-08-14,2026-08-14T14:43:36,2026-08-15,Championship,Charlton Athletic vs Derby County,over25,2.14
2026-08-14,2026-08-14T14:43:36,2026-08-15,Championship,Charlton Athletic vs Derby County,under25,1.68
2026-08-14,2026-08-14T14:43:36,2026-08-15,League Two,Northampton Town vs Swindon Town,over25,1.88
2026-08-14,2026-08-14T14:43:36,2026-08-15,League Two,Northampton Town vs Swindon Town,under25,1.87
2026-08-14,2026-08-14T15:38:30,2026-08-14,Bundesliga 2,Holstein Kiel vs FC St. Pauli,over25,1.67
2026-08-14,2026-08-14T15:38:30,2026-08-14,Bundesliga 2,Holstein Kiel vs FC St. Pauli,under25,2.15
2026-08-14,2026-08-14T15:38:30,2026-08-15,Championship,Bolton Wanderers vs Preston North End,over25,2.0
2026-08-14,2026-08-14T15:38:30,2026-08-15,Championship,Bolton Wanderers vs Preston North End,under25,1.78
2026-08-14,2026-08-14T15:38:30,2026-08-15,League One,Burton Albion vs Stevenage,over25,2.44
2026-08-14,2026-08-14T15:38:30,2026-08-15,League One,Burton Albion vs Stevenage,under25,1.53
2026-08-14,2026-08-14T15:38:30,2026-08-15,Bundesliga 2,VfL Osnabrück vs 1. FC Magdeburg,over35,2.3
2026-08-14,2026-08-14T16:33:55,2026-08-14,La Liga 2,Real Sociedad B vs CD Castellón,over25,1.64
2026-08-14,2026-08-14T16:33:55,2026-08-14,La Liga 2,Real Sociedad B vs CD Castellón,under25,2.31
2026-08-14,2026-08-14T16:33:55,2026-08-14,Championship,Wolverhampton Wanderers vs Blackburn Rovers,over25,1.93
2026-08-14,2026-08-14T16:33:55,2026-08-14,Championship,Wolverhampton Wanderers vs Blackburn Rovers,under25,1.96
2026-08-14,2026-08-14T16:33:55,2026-08-15,Championship,Bolton Wanderers vs Preston North End,over25,2.01
2026-08-14,2026-08-14T16:33:55,2026-08-15,Championship,Bolton Wanderers vs Preston North End,under25,1.77
2026-08-14,2026-08-14T16:33:55,2026-08-15,League One,Burton Albion vs Stevenage,over25,2.42
2026-08-14,2026-08-14T16:33:55,2026-08-15,League One,Burton Albion vs Stevenage,under25,1.54
2026-08-14,2026-08-14T16:33:55,2026-08-15,League One,Leyton Orient vs Sheffield Wednesday,over25,1.87
2026-08-14,2026-08-14T16:33:55,2026-08-15,League One,Leyton Orient vs Sheffield Wednesday,under25,1.9
2026-08-14,2026-08-14T16:33:55,2026-08-15,Championship,Middlesbrough vs Lincoln City,over25,1.67
2026-08-14,2026-08-14T16:33:55,2026-08-15,Championship,Middlesbrough vs Lincoln City,under25,2.17
2026-08-14,2026-08-14T16:33:55,2026-08-15,League One,Reading vs Luton,over25,1.85
2026-08-14,2026-08-14T16:33:55,2026-08-15,League One,Reading vs Luton,under25,1.92
2026-08-14,2026-08-14T17:36:43,2026-08-15,League One,Barnsley vs Bromley FC,over25,1.9
2026-08-14,2026-08-14T17:36:43,2026-08-15,League One,Barnsley vs Bromley FC,under25,1.87
2026-08-14,2026-08-14T17:36:43,2026-08-15,Championship,Charlton Athletic vs Derby County,over25,2.13
2026-08-14,2026-08-14T17:36:43,2026-08-15,Championship,Charlton Athletic vs Derby County,under25,1.69
2026-08-14,2026-08-14T17:36:43,2026-08-15,La Liga 2,Cádiz CF vs Celta Vigo,over25,2.0
2026-08-14,2026-08-14T17:36:43,2026-08-15,League One,Notts County vs Leicester City,over25,1.95
2026-08-14,2026-08-14T17:36:43,2026-08-15,League One,Notts County vs Leicester City,under25,1.82
2026-08-14,2026-08-14T17:36:43,2026-08-16,La Liga 2,SD Eibar vs Tenerife,over25,2.22
2026-08-14,2026-08-14T17:36:43,2026-08-16,La Liga 2,SD Eibar vs Tenerife,under25,1.69
2026-08-14,2026-08-14T18:33:09,2026-08-14,Championship,Wolverhampton Wanderers vs Blackburn Rovers,over25,1.94
2026-08-14,2026-08-14T18:33:09,2026-08-14,Championship,Wolverhampton Wanderers vs Blackburn Rovers,under25,1.95
2026-08-14,2026-08-14T18:33:09,2026-08-15,League One,Barnsley vs Bromley FC,over25,1.89
2026-08-14,2026-08-14T18:33:09,2026-08-15,League One,Barnsley vs Bromley FC,under25,1.88
2026-08-14,2026-08-14T18:33:09,2026-08-15,League Two,Chesterfield FC vs Fleetwood Town,over25,1.98
2026-08-14,2026-08-14T18:33:09,2026-08-15,League Two,Chesterfield FC vs Fleetwood Town,under25,1.78
2026-08-14,2026-08-14T19:36:23,2026-08-15,La Liga 2,Cádiz CF vs Celta Vigo,under25,1.86
2026-08-14,2026-08-14T20:13:18,2026-08-15,Bundesliga 2,VfL Osnabrück vs 1. FC Magdeburg,over35,2.25
2026-08-14,2026-08-14T20:50:36,2026-08-15,Bundesliga 2,1. FC Kaiserslautern vs Karlsruher SC,over25,1.5
2026-08-14,2026-08-14T20:50:36,2026-08-15,Bundesliga 2,1. FC Kaiserslautern vs Karlsruher SC,under25,2.4
2026-08-14,2026-08-14T20:50:36,2026-08-15,Bundesliga 2,Greuther Fürth vs 1. FC Nürnberg,over25,1.68
2026-08-14,2026-08-14T20:50:36,2026-08-15,Bundesliga 2,Greuther Fürth vs 1. FC Nürnberg,under25,2.14
2026-08-14,2026-08-14T21:16:21,2026-08-15,League One,Barnsley vs Bromley FC,over25,1.9
2026-08-14,2026-08-14T21:16:21,2026-08-15,League One,Barnsley vs Bromley FC,under25,1.87
2026-08-14,2026-08-14T21:16:21,2026-08-15,League One,Notts County vs Leicester City,over25,1.94
2026-08-14,2026-08-14T21:16:21,2026-08-15,League One,Notts County vs Leicester City,under25,1.83
2026-08-14,2026-08-14T21:47:02,2026-08-15,League One,Barnsley vs Bromley FC,over25,1.89
2026-08-14,2026-08-14T21:47:02,2026-08-15,League One,Barnsley vs Bromley FC,under25,1.88
2026-08-14,2026-08-14T22:40:55,2026-08-15,La Liga 2,Cádiz CF vs Celta Vigo,over25,2.01
2026-08-14,2026-08-14T22:40:55,2026-08-15,La Liga 2,Cádiz CF vs Celta Vigo,under25,1.85
2026-08-14,2026-08-14T22:40:55,2026-08-15,La Liga 2,Oviedo vs Granada CF,over25,1.93
2026-08-14,2026-08-14T22:40:55,2026-08-15,La Liga 2,Oviedo vs Granada CF,under25,1.92
2026-08-14,2026-08-14T23:34:25,2026-08-15,League One,Blackpool vs Wycombe Wanderers,over25,1.94
2026-08-14,2026-08-14T23:34:25,2026-08-15,League One,Blackpool vs Wycombe Wanderers,under25,1.83
2026-08-14,2026-08-14T23:34:25,2026-08-15,League One,Bradford City vs Peterborough United,over25,1.78
2026-08-14,2026-08-14T23:34:25,2026-08-15,League One,Bradford City vs Peterborough United,under25,2.0
2026-08-14,2026-08-14T23:34:25,2026-08-15,Bundesliga 2,Greuther Fürth vs 1. FC Nürnberg,over25,1.67
2026-08-14,2026-08-14T23:34:25,2026-08-15,Bundesliga 2,Greuther Fürth vs 1. FC Nürnberg,under25,2.16
2026-08-14,2026-08-14T23:58:19,2026-08-15,League One,Reading vs Luton,over25,1.84
2026-08-14,2026-08-14T23:58:19,2026-08-15,League One,Reading vs Luton,under25,1.93
2026-08-15,2026-08-15T08:39:56,2026-08-15,League One,Barnsley vs Bromley FC,over25,1.86
2026-08-15,2026-08-15T08:39:56,2026-08-15,League One,Barnsley vs Bromley FC,under25,1.91
2026-08-15,2026-08-15T08:39:56,2026-08-15,League One,Blackpool vs Wycombe Wanderers,over25,1.92
2026-08-15,2026-08-15T08:39:56,2026-08-15,League One,Blackpool vs Wycombe Wanderers,under25,1.85
2026-08-15,2026-08-15T08:39:56,2026-08-15,League One,Bradford City vs Peterborough United,over25,1.76
2026-08-15,2026-08-15T08:39:56,2026-08-15,League One,Bradford City vs Peterborough United,under25,2.03
2026-08-15,2026-08-15T08:39:56,2026-08-15,Championship,Bristol City vs Millwall,over25,1.92
2026-08-15,2026-08-15T08:39:56,2026-08-15,Championship,Bristol City vs Millwall,under25,1.85
2026-08-15,2026-08-15T08:39:56,2026-08-15,League One,Burton Albion vs Stevenage,over25,2.4
2026-08-15,2026-08-15T08:39:56,2026-08-15,League One,Burton Albion vs Stevenage,under25,1.55
2026-08-15,2026-08-15T08:39:56,2026-08-15,League One,Cambridge United vs Wigan Athletic,over25,2.21
2026-08-15,2026-08-15T08:39:56,2026-08-15,League One,Cambridge United vs Wigan Athletic,under25,1.64
2026-08-15,2026-08-15T08:39:56,2026-08-15,League Two,Cheltenham Town vs Rotherham United,over25,1.87
2026-08-15,2026-08-15T08:39:56,2026-08-15,League Two,Cheltenham Town vs Rotherham United,under25,1.88
2026-08-15,2026-08-15T08:39:56,2026-08-15,League Two,Chesterfield FC vs Fleetwood Town,over25,2.01
2026-08-15,2026-08-15T08:39:56,2026-08-15,League Two,Chesterfield FC vs Fleetwood Town,under25,1.76
2026-08-15,2026-08-15T08:39:56,2026-08-15,La Liga 2,Cádiz CF vs Celta Vigo,over25,1.94
2026-08-15,2026-08-15T08:39:56,2026-08-15,La Liga 2,Cádiz CF vs Celta Vigo,under25,1.93
2026-08-15,2026-08-15T08:39:56,2026-08-15,Bundesliga 2,Greuther Fürth vs 1. FC Nürnberg,under25,2.17
2026-08-15,2026-08-15T08:39:56,2026-08-15,League Two,Grimsby Town vs Exeter City,over25,1.84
2026-08-15,2026-08-15T08:39:56,2026-08-15,League Two,Grimsby Town vs Exeter City,under25,1.83
2026-08-15,2026-08-15T08:39:56,2026-08-15,Bundesliga 2,Hertha Berlin vs 1. FC Heidenheim,over25,1.52
2026-08-15,2026-08-15T08:39:56,2026-08-15,Bundesliga 2,Hertha Berlin vs 1. FC Heidenheim,under25,2.32
2026-08-15,2026-08-15T08:39:56,2026-08-15,League One,Leyton Orient vs Sheffield Wednesday,over25,1.88
2026-08-15,2026-08-15T08:39:56,2026-08-15,League One,Leyton Orient vs Sheffield Wednesday,under25,1.89
2026-08-15,2026-08-15T08:39:56,2026-08-15,La Liga 2,Mallorca vs Real Valladolid CF,over25,1.9
2026-08-15,2026-08-15T08:39:56,2026-08-15,La Liga 2,Mallorca vs Real Valladolid CF,under25,1.95
2026-08-15,2026-08-15T08:39:56,2026-08-15,League One,Mansfield Town vs Doncaster Rovers,over25,1.86
2026-08-15,2026-08-15T08:39:56,2026-08-15,League One,Mansfield Town vs Doncaster Rovers,under25,1.91
2026-08-15,2026-08-15T08:39:56,2026-08-15,Championship,Middlesbrough vs Lincoln City,over25,1.71
2026-08-15,2026-08-15T08:39:56,2026-08-15,Championship,Middlesbrough vs Lincoln City,under25,2.1
2026-08-15,2026-08-15T08:39:56,2026-08-15,Championship,Norwich City vs West Bromwich Albion,over25,1.94
2026-08-15,2026-08-15T08:39:56,2026-08-15,Championship,Norwich City vs West Bromwich Albion,under25,1.83
2026-08-15,2026-08-15T08:39:56,2026-08-15,La Liga 2,Oviedo vs Granada CF,over25,2.03
2026-08-15,2026-08-15T08:39:56,2026-08-15,La Liga 2,Oviedo vs Granada CF,under25,1.82
2026-08-15,2026-08-15T08:39:56,2026-08-15,League One,Oxford United vs Milton Keynes Dons,over25,2.07
2026-08-15,2026-08-15T08:39:56,2026-08-15,League One,Oxford United vs Milton Keynes Dons,under25,1.73
2026-08-15,2026-08-15T08:39:56,2026-08-15,Championship,Portsmouth vs Queens Park Rangers,over25,2.1
2026-08-15,2026-08-15T08:39:56,2026-08-15,Championship,Portsmouth vs Queens Park Rangers,under25,1.71
2026-08-15,2026-08-15T08:39:56,2026-08-15,Championship,Sheffield United vs Birmingham City,over25,1.97
2026-08-15,2026-08-15T08:39:56,2026-08-15,Championship,Sheffield United vs Birmingham City,under25,1.81
2026-08-15,2026-08-15T08:39:56,2026-08-15,Championship,Stoke City vs Swansea City,over25,2.03
2026-08-15,2026-08-15T08:39:56,2026-08-15,Championship,Stoke City vs Swansea City,under25,1.76
2026-08-15,2026-08-15T08:39:56,2026-08-15,League Two,York City vs Bristol Rovers,over25,2.04
2026-08-15,2026-08-15T08:39:56,2026-08-15,League Two,York City vs Bristol Rovers,under25,1.74
2026-08-15,2026-08-15T08:39:56,2026-08-16,La Liga 2,Burgos CF vs Córdoba,over25,2.21
2026-08-15,2026-08-15T08:39:56,2026-08-16,La Liga 2,Burgos CF vs Córdoba,under25,1.7
2026-08-15,2026-08-15T08:39:56,2026-08-16,Championship,Burnley vs West Ham United,over25,1.71
2026-08-15,2026-08-15T08:39:56,2026-08-16,Championship,Burnley vs West Ham United,under25,2.1
2026-08-15,2026-08-15T08:39:56,2026-08-16,La Liga 2,Las Palmas vs Albacete,over25,1.89
2026-08-15,2026-08-15T08:39:56,2026-08-16,La Liga 2,Las Palmas vs Albacete,under25,1.96
2026-08-15,2026-08-15T08:39:56,2026-08-16,La Liga 2,SD Eibar vs Tenerife,over25,2.23
2026-08-15,2026-08-15T08:39:56,2026-08-16,La Liga 2,SD Eibar vs Tenerife,under25,1.68
2026-08-15,2026-08-15T09:04:40,2026-08-15,League One,Plymouth Argyle vs Stockport County FC,over25,1.69
2026-08-15,2026-08-15T09:04:40,2026-08-15,League One,Plymouth Argyle vs Stockport County FC,under25,2.13
2026-08-15,2026-08-15T09:04:40,2026-08-15,League One,Reading vs Luton,over25,1.83
2026-08-15,2026-08-15T09:04:40,2026-08-15,League One,Reading vs Luton,under25,1.94
2026-08-15,2026-08-15T09:04:40,2026-08-15,Championship,Stoke City vs Swansea City,over25,2.01
2026-08-15,2026-08-15T09:04:40,2026-08-15,Championship,Stoke City vs Swansea City,under25,1.77
2026-08-15,2026-08-15T09:04:40,2026-08-16,La Liga 2,Las Palmas vs Albacete,over25,1.88
2026-08-15,2026-08-15T09:04:40,2026-08-16,La Liga 2,Las Palmas vs Albacete,under25,1.97
2026-08-15,2026-08-15T09:38:17,2026-08-15,League One,Cambridge United vs Wigan Athletic,over25,2.13
2026-08-15,2026-08-15T09:38:17,2026-08-15,League One,Cambridge United vs Wigan Athletic,under25,1.69
2026-08-15,2026-08-15T09:38:17,2026-08-15,League Two,Northampton Town vs Swindon Town,over25,1.89
2026-08-15,2026-08-15T09:38:17,2026-08-15,League Two,Northampton Town vs Swindon Town,under25,1.86
2026-08-15,2026-08-15T09:38:17,2026-08-15,League One,Plymouth Argyle vs Stockport County FC,over25,1.7
2026-08-15,2026-08-15T09:38:17,2026-08-15,League One,Plymouth Argyle vs Stockport County FC,under25,2.11
2026-08-15,2026-08-15T09:38:17,2026-08-15,League One,Reading vs Luton,over25,1.84
2026-08-15,2026-08-15T09:38:17,2026-08-15,League One,Reading vs Luton,under25,1.93
2026-08-15,2026-08-15T09:38:17,2026-08-15,Championship,Stoke City vs Swansea City,over25,2.03
2026-08-15,2026-08-15T09:38:17,2026-08-15,Championship,Stoke City vs Swansea City,under25,1.76
2026-08-15,2026-08-15T10:00:51,2026-08-15,League Two,Chesterfield FC vs Fleetwood Town,over25,2.0
2026-08-15,2026-08-15T10:00:51,2026-08-15,League Two,Chesterfield FC vs Fleetwood Town,under25,1.77
2026-08-15,2026-08-15T10:00:51,2026-08-15,Bundesliga 2,Greuther Fürth vs 1. FC Nürnberg,over25,1.66
2026-08-15,2026-08-15T10:00:51,2026-08-15,Bundesliga 2,Greuther Fürth vs 1. FC Nürnberg,under25,2.18
2026-08-15,2026-08-15T10:00:51,2026-08-15,Bundesliga 2,Hertha Berlin vs 1. FC Heidenheim,over25,1.55
2026-08-15,2026-08-15T10:00:51,2026-08-15,Bundesliga 2,Hertha Berlin vs 1. FC Heidenheim,under25,2.3
2026-08-15,2026-08-15T10:00:51,2026-08-15,La Liga 2,Mallorca vs Real Valladolid CF,over25,1.89
2026-08-15,2026-08-15T10:00:51,2026-08-15,La Liga 2,Mallorca vs Real Valladolid CF,under25,1.96
2026-08-15,2026-08-15T10:00:51,2026-08-15,League One,Notts County vs Leicester City,over25,1.95
2026-08-15,2026-08-15T10:00:51,2026-08-15,League One,Notts County vs Leicester City,under25,1.82
2026-08-15,2026-08-15T10:00:51,2026-08-15,League One,Plymouth Argyle vs Stockport County FC,over25,1.69
2026-08-15,2026-08-15T10:00:51,2026-08-15,League One,Plymouth Argyle vs Stockport County FC,under25,2.13
2026-08-15,2026-08-15T10:00:51,2026-08-15,Championship,Portsmouth vs Queens Park Rangers,over25,2.11
2026-08-15,2026-08-15T10:00:51,2026-08-15,Championship,Portsmouth vs Queens Park Rangers,under25,1.7
2026-08-15,2026-08-15T10:00:51,2026-08-15,League One,Reading vs Luton,over25,1.83
2026-08-15,2026-08-15T10:00:51,2026-08-15,League One,Reading vs Luton,under25,1.94
2026-08-15,2026-08-15T10:00:51,2026-08-15,Championship,Stoke City vs Swansea City,over25,2.01
2026-08-15,2026-08-15T10:00:51,2026-08-15,Championship,Stoke City vs Swansea City,under25,1.77
2026-08-15,2026-08-15T10:34:35,2026-08-15,League One,Barnsley vs Bromley FC,over25,1.85
2026-08-15,2026-08-15T10:34:35,2026-08-15,League One,Barnsley vs Bromley FC,under25,1.92
2026-08-15,2026-08-15T10:34:35,2026-08-15,League One,Blackpool vs Wycombe Wanderers,over25,1.93
2026-08-15,2026-08-15T10:34:35,2026-08-15,League One,Blackpool vs Wycombe Wanderers,under25,1.84
2026-08-15,2026-08-15T10:34:35,2026-08-15,League One,Bradford City vs Peterborough United,over25,1.74
2026-08-15,2026-08-15T10:34:35,2026-08-15,League One,Bradford City vs Peterborough United,under25,2.05
2026-08-15,2026-08-15T10:34:35,2026-08-15,League Two,Cheltenham Town vs Rotherham United,over25,1.9
2026-08-15,2026-08-15T10:34:35,2026-08-15,League Two,Cheltenham Town vs Rotherham United,under25,1.85
2026-08-15,2026-08-15T10:34:35,2026-08-15,League One,Mansfield Town vs Doncaster Rovers,over25,1.85
2026-08-15,2026-08-15T10:34:35,2026-08-15,League One,Mansfield Town vs Doncaster Rovers,under25,1.92
2026-08-15,2026-08-15T10:34:35,2026-08-15,Championship,Middlesbrough vs Lincoln City,over25,1.7
2026-08-15,2026-08-15T10:34:35,2026-08-15,Championship,Middlesbrough vs Lincoln City,under25,2.11
2026-08-15,2026-08-15T10:34:35,2026-08-15,League One,Plymouth Argyle vs Stockport County FC,over25,1.7
2026-08-15,2026-08-15T10:34:35,2026-08-15,League One,Plymouth Argyle vs Stockport County FC,under25,2.11
2026-08-15,2026-08-15T10:34:35,2026-08-15,Championship,Stoke City vs Swansea City,over25,2.03
2026-08-15,2026-08-15T10:34:35,2026-08-15,Championship,Stoke City vs Swansea City,under25,1.76
2026-08-15,2026-08-15T10:34:35,2026-08-15,Bundesliga 2,VfL Osnabrück vs 1. FC Magdeburg,over35,2.2
2026-08-15,2026-08-15T10:57:25,2026-08-15,League One,Barnsley vs Bromley FC,over25,1.86
2026-08-15,2026-08-15T10:57:25,2026-08-15,League One,Barnsley vs Bromley FC,under25,1.91
2026-08-15,2026-08-15T10:57:25,2026-08-15,Championship,Bolton Wanderers vs Preston North End,over25,2.03
2026-08-15,2026-08-15T10:57:25,2026-08-15,Championship,Bolton Wanderers vs Preston North End,under25,1.76
2026-08-15,2026-08-15T10:57:25,2026-08-15,Bundesliga 2,Greuther Fürth vs 1. FC Nürnberg,over25,1.69
2026-08-15,2026-08-15T10:57:25,2026-08-15,Bundesliga 2,Greuther Fürth vs 1. FC Nürnberg,under25,2.2
2026-08-15,2026-08-15T10:57:25,2026-08-15,Championship,Norwich City vs West Bromwich Albion,over25,1.95
2026-08-15,2026-08-15T10:57:25,2026-08-15,Championship,Norwich City vs West Bromwich Albion,under25,1.82
2026-08-15,2026-08-15T10:57:25,2026-08-15,League One,Notts County vs Leicester City,over25,1.97
2026-08-15,2026-08-15T10:57:25,2026-08-15,League One,Notts County vs Leicester City,under25,1.81
2026-08-15,2026-08-15T10:57:25,2026-08-15,La Liga 2,Oviedo vs Granada CF,over25,2.12
2026-08-15,2026-08-15T10:57:25,2026-08-15,La Liga 2,Oviedo vs Granada CF,under25,1.75
2026-08-15,2026-08-15T10:57:25,2026-08-15,League One,Reading vs Luton,over25,1.84
2026-08-15,2026-08-15T10:57:25,2026-08-15,League One,Reading vs Luton,under25,1.93
2026-08-15,2026-08-15T10:57:25,2026-08-15,Championship,Stoke City vs Swansea City,over25,2.01
2026-08-15,2026-08-15T10:57:25,2026-08-15,Championship,Stoke City vs Swansea City,under25,1.77
2026-08-15,2026-08-15T10:57:25,2026-08-15,Bundesliga 2,VfL Osnabrück vs 1. FC Magdeburg,over35,2.25
2026-08-15,2026-08-15T10:57:25,2026-08-16,La Liga 2,Las Palmas vs Albacete,over25,1.89
2026-08-15,2026-08-15T10:57:25,2026-08-16,La Liga 2,Las Palmas vs Albacete,under25,1.96
2026-08-15,2026-08-15T11:29:02,2026-08-15,League Two,Accrington Stanley vs Colchester United,over25,2.06
2026-08-15,2026-08-15T11:29:02,2026-08-15,League Two,Accrington Stanley vs Colchester United,under25,1.72
2026-08-15,2026-08-15T11:29:02,2026-08-15,Championship,Bolton Wanderers vs Preston North End,over25,2.08
2026-08-15,2026-08-15T11:29:02,2026-08-15,Championship,Bolton Wanderers vs Preston North End,under25,1.8
2026-08-15,2026-08-15T11:29:02,2026-08-15,League One,Bradford City vs Peterborough United,over25,1.7
2026-08-15,2026-08-15T11:29:02,2026-08-15,League One,Bradford City vs Peterborough United,under25,2.11
2026-08-15,2026-08-15T11:29:02,2026-08-15,League One,Mansfield Town vs Doncaster Rovers,over25,1.86
2026-08-15,2026-08-15T11:29:02,2026-08-15,League One,Mansfield Town vs Doncaster Rovers,under25,1.91
2026-08-15,2026-08-15T11:29:02,2026-08-15,Championship,Middlesbrough vs Lincoln City,over25,1.72
2026-08-15,2026-08-15T11:29:02,2026-08-15,Championship,Middlesbrough vs Lincoln City,under25,2.08
2026-08-15,2026-08-15T11:29:02,2026-08-15,League One,Notts County vs Leicester City,under25,1.83
2026-08-15,2026-08-15T11:29:02,2026-08-15,La Liga 2,Oviedo vs Granada CF,over25,2.15
2026-08-15,2026-08-15T11:29:02,2026-08-15,La Liga 2,Oviedo vs Granada CF,under25,1.73
2026-08-15,2026-08-15T11:29:02,2026-08-15,League One,Oxford United vs Milton Keynes Dons,over25,2.11
2026-08-15,2026-08-15T11:29:02,2026-08-15,Championship,Portsmouth vs Queens Park Rangers,over25,2.14
2026-08-15,2026-08-15T11:29:02,2026-08-15,Championship,Portsmouth vs Queens Park Rangers,under25,1.68
2026-08-15,2026-08-15T11:29:02,2026-08-15,League One,Reading vs Luton,over25,1.89
2026-08-15,2026-08-15T11:29:02,2026-08-15,League One,Reading vs Luton,under25,1.91
2026-08-15,2026-08-15T11:29:02,2026-08-16,La Liga 2,Las Palmas vs Albacete,over25,1.86
2026-08-15,2026-08-15T11:29:02,2026-08-16,La Liga 2,Las Palmas vs Albacete,under25,1.98
2026-08-15,2026-08-15T11:52:01,2026-08-15,League One,Barnsley vs Bromley FC,over25,1.81
2026-08-15,2026-08-15T11:52:01,2026-08-15,League One,Barnsley vs Bromley FC,under25,1.97
2026-08-15,2026-08-15T11:52:01,2026-08-15,League One,Blackpool vs Wycombe Wanderers,over25,1.89
2026-08-15,2026-08-15T11:52:01,2026-08-15,League One,Blackpool vs Wycombe Wanderers,under25,1.88
2026-08-15,2026-08-15T11:52:01,2026-08-15,League One,Bradford City vs Peterborough United,over25,1.67
2026-08-15,2026-08-15T11:52:01,2026-08-15,League One,Bradford City vs Peterborough United,under25,2.17
2026-08-15,2026-08-15T11:52:01,2026-08-15,League One,Burton Albion vs Stevenage,over25,2.29
2026-08-15,2026-08-15T11:52:01,2026-08-15,League One,Burton Albion vs Stevenage,under25,1.6
2026-08-15,2026-08-15T11:52:01,2026-08-15,League Two,Cheltenham Town vs Rotherham United,over25,1.94
2026-08-15,2026-08-15T11:52:01,2026-08-15,League Two,Cheltenham Town vs Rotherham United,under25,1.82
2026-08-15,2026-08-15T11:52:01,2026-08-15,La Liga 2,Oviedo vs Granada CF,over25,2.2
2026-08-15,2026-08-15T11:52:01,2026-08-15,La Liga 2,Oviedo vs Granada CF,under25,1.7
2026-08-15,2026-08-15T11:52:01,2026-08-15,Championship,Stoke City vs Swansea City,over25,2.03
2026-08-15,2026-08-15T11:52:01,2026-08-15,Championship,Stoke City vs Swansea City,under25,1.76
2026-08-15,2026-08-15T11:52:01,2026-08-16,La Liga 2,Girona FC vs Leganés,over25,2.03
2026-08-15,2026-08-15T11:52:01,2026-08-16,La Liga 2,Girona FC vs Leganés,under25,1.82
2026-08-15,2026-08-15T11:52:01,2026-08-16,La Liga 2,Las Palmas vs Albacete,over25,1.89
2026-08-15,2026-08-15T11:52:01,2026-08-16,La Liga 2,Las Palmas vs Albacete,under25,1.96
2026-08-15,2026-08-15T11:52:01,2026-08-22,Championship,Birmingham City vs Bristol City,over25,1.75
2026-08-15,2026-08-15T11:52:01,2026-08-22,Championship,Birmingham City vs Bristol City,under25,1.93
2026-08-15,2026-08-15T11:52:01,2026-08-22,Championship,Lincoln City vs Portsmouth,over25,1.75
2026-08-15,2026-08-15T11:52:01,2026-08-22,Championship,Lincoln City vs Portsmouth,under25,1.93
2026-08-15,2026-08-15T11:52:01,2026-08-22,Championship,Millwall vs Norwich City,over25,1.75
2026-08-15,2026-08-15T11:52:01,2026-08-22,Championship,Millwall vs Norwich City,under25,1.93
2026-08-15,2026-08-15T12:23:26,2026-08-15,La Liga 2,Andorra CF vs AD Ceuta FC,over25,1.8
2026-08-15,2026-08-15T12:23:26,2026-08-15,La Liga 2,Andorra CF vs AD Ceuta FC,under25,1.9
2026-08-15,2026-08-15T12:23:26,2026-08-15,League One,Barnsley vs Bromley FC,over25,1.78
2026-08-15,2026-08-15T12:23:26,2026-08-15,League One,Barnsley vs Bromley FC,under25,2.0
2026-08-15,2026-08-15T12:23:26,2026-08-15,League One,Blackpool vs Wycombe Wanderers,over25,1.87
2026-08-15,2026-08-15T12:23:26,2026-08-15,League One,Blackpool vs Wycombe Wanderers,under25,1.9
2026-08-15,2026-08-15T12:23:26,2026-08-15,Championship,Norwich City vs West Bromwich Albion,over25,1.94
2026-08-15,2026-08-15T12:23:26,2026-08-15,Championship,Norwich City vs West Bromwich Albion,under25,1.83
2026-08-15,2026-08-15T12:23:26,2026-08-16,La Liga 2,Girona FC vs Leganés,over25,2.02
2026-08-15,2026-08-15T12:23:26,2026-08-16,La Liga 2,Girona FC vs Leganés,under25,1.83
2026-08-15,2026-08-15T12:23:26,2026-08-16,La Liga 2,Las Palmas vs Albacete,over25,1.9
2026-08-15,2026-08-15T12:23:26,2026-08-16,La Liga 2,Las Palmas vs Albacete,under25,1.95
2026-08-15,2026-08-15T13:09:33,2026-08-15,La Liga 2,Andorra CF vs AD Ceuta FC,over25,1.72
2026-08-15,2026-08-15T13:09:33,2026-08-15,La Liga 2,Andorra CF vs AD Ceuta FC,under25,1.97
2026-08-15,2026-08-15T13:09:33,2026-08-15,League One,Barnsley vs Bromley FC,over25,1.79
2026-08-15,2026-08-15T13:09:33,2026-08-15,League One,Barnsley vs Bromley FC,under25,1.99
2026-08-15,2026-08-15T13:09:33,2026-08-15,League One,Blackpool vs Wycombe Wanderers,over25,1.88
2026-08-15,2026-08-15T13:09:33,2026-08-15,League One,Blackpool vs Wycombe Wanderers,under25,1.89
2026-08-15,2026-08-15T13:09:33,2026-08-15,League Two,Cheltenham Town vs Rotherham United,over25,1.98
2026-08-15,2026-08-15T13:09:33,2026-08-15,League Two,Cheltenham Town vs Rotherham United,under25,1.78
2026-08-15,2026-08-15T13:09:33,2026-08-15,League Two,Chesterfield FC vs Fleetwood Town,over25,2.02
2026-08-15,2026-08-15T13:09:33,2026-08-15,League Two,Chesterfield FC vs Fleetwood Town,under25,1.75
2026-08-15,2026-08-15T13:09:33,2026-08-15,La Liga 2,Cádiz CF vs Celta Vigo,over25,1.95
2026-08-15,2026-08-15T13:09:33,2026-08-15,La Liga 2,Cádiz CF vs Celta Vigo,under25,1.92
2026-08-15,2026-08-15T13:09:33,2026-08-15,League One,Mansfield Town vs Doncaster Rovers,over25,1.83
2026-08-15,2026-08-15T13:09:33,2026-08-15,League One,Mansfield Town vs Doncaster Rovers,under25,1.94
2026-08-15,2026-08-15T13:09:33,2026-08-15,La Liga 2,Oviedo vs Granada CF,over25,2.23
2026-08-15,2026-08-15T13:09:33,2026-08-15,La Liga 2,Oviedo vs Granada CF,under25,1.68
2026-08-15,2026-08-15T13:09:33,2026-08-15,League One,Plymouth Argyle vs Stockport County FC,over25,1.74
2026-08-15,2026-08-15T13:09:33,2026-08-15,League One,Plymouth Argyle vs Stockport County FC,under25,2.05
2026-08-15,2026-08-15T13:09:33,2026-08-15,Championship,Stoke City vs Swansea City,over25,2.01
2026-08-15,2026-08-15T13:09:33,2026-08-15,Championship,Stoke City vs Swansea City,under25,1.77
2026-08-15,2026-08-15T13:09:33,2026-08-16,La Liga 2,Girona FC vs Leganés,over25,2.03
2026-08-15,2026-08-15T13:09:33,2026-08-16,La Liga 2,Girona FC vs Leganés,under25,1.82
2026-08-15,2026-08-15T13:09:33,2026-08-16,La Liga 2,Las Palmas vs Albacete,over25,1.89
2026-08-15,2026-08-15T13:09:33,2026-08-16,La Liga 2,Las Palmas vs Albacete,under25,1.96
2026-08-15,2026-08-15T13:46:01,2026-08-15,League One,Blackpool vs Wycombe Wanderers,over25,1.9
2026-08-15,2026-08-15T13:46:01,2026-08-15,League One,Blackpool vs Wycombe Wanderers,under25,1.87
2026-08-15,2026-08-15T13:46:01,2026-08-15,Championship,Bristol City vs Millwall,over25,1.91
2026-08-15,2026-08-15T13:46:01,2026-08-15,Championship,Bristol City vs Millwall,under25,1.86
2026-08-15,2026-08-15T13:46:01,2026-08-15,League One,Burton Albion vs Stevenage,over25,2.31
2026-08-15,2026-08-15T13:46:01,2026-08-15,League One,Burton Albion vs Stevenage,under25,1.59
2026-08-15,2026-08-15T13:46:01,2026-08-15,Championship,Charlton Athletic vs Derby County,over25,2.21
2026-08-15,2026-08-15T13:46:01,2026-08-15,Championship,Charlton Athletic vs Derby County,under25,1.64
2026-08-15,2026-08-15T13:46:01,2026-08-15,League Two,Cheltenham Town vs Rotherham United,over25,1.97
2026-08-15,2026-08-15T13:46:01,2026-08-15,League Two,Cheltenham Town vs Rotherham United,under25,1.79
2026-08-15,2026-08-15T13:46:01,2026-08-15,League Two,Chesterfield FC vs Fleetwood Town,over25,2.01
2026-08-15,2026-08-15T13:46:01,2026-08-15,League Two,Chesterfield FC vs Fleetwood Town,under25,1.76
2026-08-15,2026-08-15T13:46:01,2026-08-15,La Liga 2,Cádiz CF vs Celta Vigo,over25,1.94
2026-08-15,2026-08-15T13:46:01,2026-08-15,La Liga 2,Cádiz CF vs Celta Vigo,under25,1.93
2026-08-15,2026-08-15T13:46:01,2026-08-15,League Two,Gillingham vs Walsall,over25,2.02
2026-08-15,2026-08-15T13:46:01,2026-08-15,League Two,Gillingham vs Walsall,under25,1.75
2026-08-15,2026-08-15T13:46:01,2026-08-15,La Liga 2,Mallorca vs Real Valladolid CF,over25,1.88
2026-08-15,2026-08-15T13:46:01,2026-08-15,La Liga 2,Mallorca vs Real Valladolid CF,under25,1.97
2026-08-15,2026-08-15T13:46:01,2026-08-15,Championship,Middlesbrough vs Lincoln City,over25,1.77
2026-08-15,2026-08-15T13:46:01,2026-08-15,Championship,Middlesbrough vs Lincoln City,under25,2.01
2026-08-15,2026-08-15T13:46:01,2026-08-15,League One,Plymouth Argyle vs Stockport County FC,over25,1.76
2026-08-15,2026-08-15T13:46:01,2026-08-15,League One,Plymouth Argyle vs Stockport County FC,under25,2.03
2026-08-15,2026-08-15T13:46:01,2026-08-15,Championship,Portsmouth vs Queens Park Rangers,over25,2.19
2026-08-15,2026-08-15T13:46:01,2026-08-15,Championship,Portsmouth vs Queens Park Rangers,under25,1.65
2026-08-15,2026-08-15T13:46:01,2026-08-15,Championship,Stoke City vs Swansea City,over25,1.94
2026-08-15,2026-08-15T13:46:01,2026-08-15,Championship,Stoke City vs Swansea City,under25,1.83
2026-08-15,2026-08-15T13:46:01,2026-08-15,League Two,Tranmere Rovers vs Shrewsbury Town,over25,2.08
2026-08-15,2026-08-15T13:46:01,2026-08-15,League Two,Tranmere Rovers vs Shrewsbury Town,under25,1.71
2026-08-15,2026-08-15T15:31:19,2026-08-15,Bundesliga 2,1. FC Kaiserslautern vs Karlsruher SC,over35,2.2
2026-08-15,2026-08-15T15:31:19,2026-08-15,La Liga 2,Cádiz CF vs Celta Vigo,over25,1.92
2026-08-15,2026-08-15T15:31:19,2026-08-15,La Liga 2,Cádiz CF vs Celta Vigo,under25,1.95
2026-08-15,2026-08-15T15:31:19,2026-08-15,La Liga 2,Mallorca vs Real Valladolid CF,over25,1.9
2026-08-15,2026-08-15T15:31:19,2026-08-15,La Liga 2,Mallorca vs Real Valladolid CF,under25,1.95
2026-08-15,2026-08-15T15:31:19,2026-08-15,La Liga 2,Oviedo vs Granada CF,over25,2.22
2026-08-15,2026-08-15T15:31:19,2026-08-15,La Liga 2,Oviedo vs Granada CF,under25,1.69
2026-08-15,2026-08-15T15:31:19,2026-08-15,Championship,Sheffield United vs Birmingham City,over25,1.99
2026-08-15,2026-08-15T15:31:19,2026-08-15,Championship,Sheffield United vs Birmingham City,under25,1.79
2026-08-15,2026-08-15T15:31:19,2026-08-16,Bundesliga 2,Arminia Bielefeld vs FC Energie Cottbus,over35,2.3
2026-08-15,2026-08-15T15:31:19,2026-08-16,Bundesliga 2,Arminia Bielefeld vs FC Energie Cottbus,under25,2.3
2026-08-15,2026-08-15T15:31:19,2026-08-16,Bundesliga 2,Dynamo Dresden vs SV Darmstadt 98,over25,1.55
2026-08-15,2026-08-15T15:31:19,2026-08-16,Bundesliga 2,Dynamo Dresden vs SV Darmstadt 98,over35,2.3
2026-08-15,2026-08-15T15:31:19,2026-08-16,Bundesliga 2,Dynamo Dresden vs SV Darmstadt 98,under25,2.24
2026-08-15,2026-08-15T15:31:19,2026-08-16,La Liga 2,Las Palmas vs Albacete,over25,1.9
2026-08-15,2026-08-15T15:31:19,2026-08-16,La Liga 2,Las Palmas vs Albacete,under25,1.95
2026-08-15,2026-08-15T15:31:19,2026-08-17,La Liga 2,Almería vs CD Eldense,over25,1.63
2026-08-15,2026-08-15T15:31:19,2026-08-17,La Liga 2,Almería vs CD Eldense,under25,2.33
2026-08-15,2026-08-15T15:31:19,2026-08-22,Serie B,Avellino vs Arezzo,over25,2.18
2026-08-15,2026-08-15T15:31:19,2026-08-22,Serie B,Avellino vs Arezzo,under25,1.62
2026-08-15,2026-08-15T15:31:19,2026-08-22,Serie B,Benevento vs Modena,over25,1.91
2026-08-15,2026-08-15T15:31:19,2026-08-22,Serie B,Benevento vs Modena,under25,1.86
2026-08-15,2026-08-15T15:31:19,2026-08-22,Championship,Blackburn Rovers vs Middlesbrough,over25,1.93
2026-08-15,2026-08-15T15:31:19,2026-08-22,Championship,Blackburn Rovers vs Middlesbrough,under25,1.75
2026-08-15,2026-08-15T15:31:19,2026-08-22,Serie B,Carrarese vs Mantova,over25,1.92
2026-08-15,2026-08-15T15:31:19,2026-08-22,Serie B,Carrarese vs Mantova,under25,1.78
2026-08-15,2026-08-15T15:31:19,2026-08-22,Championship,Derby County vs Cardiff City,over25,1.95
2026-08-15,2026-08-15T15:31:19,2026-08-22,Championship,Derby County vs Cardiff City,under25,1.82
2026-08-15,2026-08-15T15:31:19,2026-08-22,Serie B,Empoli vs Cremonese,over25,2.0
2026-08-15,2026-08-15T15:31:19,2026-08-22,Serie B,Empoli vs Cremonese,under25,1.72
2026-08-15,2026-08-15T15:31:19,2026-08-22,Championship,Preston North End vs Wolverhampton Wanderers,over25,1.75
2026-08-15,2026-08-15T15:31:19,2026-08-22,Championship,Preston North End vs Wolverhampton Wanderers,under25,2.0
2026-08-15,2026-08-15T15:31:19,2026-08-22,Championship,Queens Park Rangers vs Bolton Wanderers,over25,1.88
2026-08-15,2026-08-15T15:31:19,2026-08-22,Championship,Queens Park Rangers vs Bolton Wanderers,under25,1.89
2026-08-15,2026-08-15T15:31:19,2026-08-22,Championship,Southampton vs Stoke City,over25,1.56
2026-08-15,2026-08-15T15:31:19,2026-08-22,Championship,Southampton vs Stoke City,under25,2.23
2026-08-15,2026-08-15T15:31:19,2026-08-22,Championship,Swansea City vs Sheffield United,over25,1.61
2026-08-15,2026-08-15T15:31:19,2026-08-22,Championship,Swansea City vs Sheffield United,under25,2.13
2026-08-15,2026-08-15T15:31:19,2026-08-22,Serie B,Südtirol vs Virtus Entella,over15,1.45
2026-08-15,2026-08-15T15:31:19,2026-08-22,Serie B,Südtirol vs Virtus Entella,over25,2.48
2026-08-15,2026-08-15T15:31:19,2026-08-22,Serie B,Südtirol vs Virtus Entella,under25,1.48
2026-08-15,2026-08-15T15:31:19,2026-08-22,Serie B,Vicenza vs US Catanzaro 1929,over25,2.07
2026-08-15,2026-08-15T15:31:19,2026-08-22,Serie B,Vicenza vs US Catanzaro 1929,under25,1.73
2026-08-15,2026-08-15T15:31:19,2026-08-22,Championship,West Ham United vs Charlton Athletic,over25,1.56
2026-08-15,2026-08-15T15:31:19,2026-08-22,Championship,West Ham United vs Charlton Athletic,under25,2.23
2026-08-15,2026-08-15T15:31:19,2026-08-22,Championship,Wrexham AFC vs Watford,over25,1.75
2026-08-15,2026-08-15T15:31:19,2026-08-22,Championship,Wrexham AFC vs Watford,under25,1.93
2026-08-15,2026-08-15T15:54:05,2026-08-15,Bundesliga 2,1. FC Kaiserslautern vs Karlsruher SC,over25,1.52
2026-08-15,2026-08-15T15:54:05,2026-08-15,Bundesliga 2,1. FC Kaiserslautern vs Karlsruher SC,over35,2.24
2026-08-15,2026-08-15T15:54:05,2026-08-15,Bundesliga 2,1. FC Kaiserslautern vs Karlsruher SC,under25,2.35
2026-08-15,2026-08-15T15:54:05,2026-08-15,La Liga 2,Oviedo vs Granada CF,over25,2.27
2026-08-15,2026-08-15T15:54:05,2026-08-15,La Liga 2,Oviedo vs Granada CF,under25,1.66
2026-08-15,2026-08-15T15:54:05,2026-08-15,Championship,Sheffield United vs Birmingham City,over25,1.98
2026-08-15,2026-08-15T15:54:05,2026-08-15,Championship,Sheffield United vs Birmingham City,under25,1.8
2026-08-15,2026-08-15T15:54:05,2026-08-16,La Liga 2,Burgos CF vs Córdoba,over25,2.22
2026-08-15,2026-08-15T15:54:05,2026-08-16,La Liga 2,Burgos CF vs Córdoba,under25,1.69
2026-08-15,2026-08-15T15:54:05,2026-08-16,La Liga 2,Girona FC vs Leganés,over25,2.0
2026-08-15,2026-08-15T15:54:05,2026-08-16,La Liga 2,Girona FC vs Leganés,under25,1.84
2026-08-15,2026-08-15T15:54:05,2026-08-22,Serie B,Benevento vs Modena,over25,1.9
2026-08-15,2026-08-15T15:54:05,2026-08-22,Serie B,Benevento vs Modena,under25,1.87
2026-08-15,2026-08-15T15:54:05,2026-08-22,Championship,Derby County vs Cardiff City,over25,1.98
2026-08-15,2026-08-15T16:22:46,2026-08-15,La Liga 2,Cádiz CF vs Celta Vigo,over25,1.93
2026-08-15,2026-08-15T16:22:46,2026-08-15,La Liga 2,Cádiz CF vs Celta Vigo,under25,1.94
2026-08-15,2026-08-15T16:22:46,2026-08-15,La Liga 2,Oviedo vs Granada CF,over25,2.31
2026-08-15,2026-08-15T16:22:46,2026-08-15,La Liga 2,Oviedo vs Granada CF,under25,1.64
2026-08-15,2026-08-15T16:22:46,2026-08-15,Championship,Sheffield United vs Birmingham City,over25,2.19
2026-08-15,2026-08-15T16:22:46,2026-08-15,Championship,Sheffield United vs Birmingham City,under25,1.73
2026-08-15,2026-08-15T16:22:46,2026-08-16,Championship,Burnley vs West Ham United,over25,1.69
2026-08-15,2026-08-15T16:22:46,2026-08-16,Championship,Burnley vs West Ham United,under25,2.13
2026-08-15,2026-08-15T16:22:46,2026-08-16,La Liga 2,Girona FC vs Leganés,over25,2.02
2026-08-15,2026-08-15T16:22:46,2026-08-16,La Liga 2,Girona FC vs Leganés,under25,1.83
2026-08-15,2026-08-15T16:22:46,2026-08-17,La Liga 2,Almería vs CD Eldense,over25,1.62
2026-08-15,2026-08-15T16:22:46,2026-08-17,La Liga 2,Almería vs CD Eldense,under25,2.35
2026-08-15,2026-08-15T16:22:46,2026-08-22,Serie B,Benevento vs Modena,over25,1.89
2026-08-15,2026-08-15T16:22:46,2026-08-22,Serie B,Benevento vs Modena,under25,1.88
2026-08-15,2026-08-15T16:22:46,2026-08-22,League Two,Bristol Rovers vs Newport County,over25,1.95
2026-08-15,2026-08-15T16:22:46,2026-08-22,League Two,Bristol Rovers vs Newport County,under25,1.82
2026-08-15,2026-08-15T16:22:46,2026-08-22,League Two,Colchester United vs Oldham Athletic,over25,2.0
2026-08-15,2026-08-15T16:22:46,2026-08-22,League Two,Colchester United vs Oldham Athletic,under25,1.72
2026-08-15,2026-08-15T16:22:46,2026-08-22,Championship,Derby County vs Cardiff City,over25,1.93
2026-08-15,2026-08-15T16:22:46,2026-08-22,Championship,Derby County vs Cardiff City,under25,1.75
2026-08-15,2026-08-15T16:22:46,2026-08-22,League Two,Fleetwood Town vs Gillingham,over25,2.0
2026-08-15,2026-08-15T16:22:46,2026-08-22,League Two,Fleetwood Town vs Gillingham,under25,1.72
2026-08-15,2026-08-15T16:22:46,2026-08-22,Championship,Queens Park Rangers vs Bolton Wanderers,over25,1.91
2026-08-15,2026-08-15T16:22:46,2026-08-22,Championship,Queens Park Rangers vs Bolton Wanderers,under25,1.86
2026-08-15,2026-08-15T16:22:46,2026-08-22,League Two,Salford City vs Chesterfield FC,over25,2.15
2026-08-15,2026-08-15T16:22:46,2026-08-22,League Two,Salford City vs Chesterfield FC,under25,1.63
2026-08-15,2026-08-15T16:22:46,2026-08-22,League Two,Shrewsbury Town vs Barnet,over25,1.9
2026-08-15,2026-08-15T16:22:46,2026-08-22,League Two,Shrewsbury Town vs Barnet,under25,1.8
2026-08-15,2026-08-15T16:22:46,2026-08-22,League Two,Swindon Town vs Cheltenham Town,over25,1.86
2026-08-15,2026-08-15T16:22:46,2026-08-22,League Two,Swindon Town vs Cheltenham Town,under25,1.91
2026-08-15,2026-08-15T16:22:46,2026-08-22,League Two,Walsall vs Grimsby Town,over25,2.15
2026-08-15,2026-08-15T16:22:46,2026-08-22,League Two,Walsall vs Grimsby Town,under25,1.62
2026-08-15,2026-08-15T16:51:02,2026-08-15,La Liga 2,Cádiz CF vs Celta Vigo,over25,1.95
2026-08-15,2026-08-15T16:51:02,2026-08-15,La Liga 2,Cádiz CF vs Celta Vigo,under25,1.92
2026-08-15,2026-08-15T16:51:02,2026-08-15,La Liga 2,Oviedo vs Granada CF,over25,2.4
2026-08-15,2026-08-15T16:51:02,2026-08-15,La Liga 2,Oviedo vs Granada CF,under25,1.6
2026-08-15,2026-08-15T16:51:02,2026-08-16,La Liga 2,Burgos CF vs Córdoba,over25,2.21
2026-08-15,2026-08-15T16:51:02,2026-08-16,La Liga 2,Burgos CF vs Córdoba,under25,1.7
2026-08-15,2026-08-15T16:51:02,2026-08-16,La Liga 2,Girona FC vs Leganés,over25,2.03
2026-08-15,2026-08-15T16:51:02,2026-08-16,La Liga 2,Girona FC vs Leganés,under25,1.82
2026-08-15,2026-08-15T16:51:02,2026-08-17,La Liga 2,Almería vs CD Eldense,over25,1.61
2026-08-15,2026-08-15T16:51:02,2026-08-17,La Liga 2,Almería vs CD Eldense,under25,2.38
2026-08-15,2026-08-15T16:51:02,2026-08-22,League Two,Bristol Rovers vs Newport County,over25,1.75
2026-08-15,2026-08-15T16:51:02,2026-08-22,League Two,Bristol Rovers vs Newport County,under25,1.96
2026-08-15,2026-08-15T16:51:02,2026-08-22,League Two,Colchester United vs Oldham Athletic,over25,1.88
2026-08-15,2026-08-15T16:51:02,2026-08-22,League Two,Colchester United vs Oldham Athletic,under25,1.88
2026-08-15,2026-08-15T16:51:02,2026-08-22,Championship,Derby County vs Cardiff City,over25,1.98
2026-08-15,2026-08-15T16:51:02,2026-08-22,Championship,Derby County vs Cardiff City,under25,1.82
2026-08-15,2026-08-15T16:51:02,2026-08-22,League One,Doncaster Rovers vs Barnsley,over25,1.69
2026-08-15,2026-08-15T16:51:02,2026-08-22,League One,Doncaster Rovers vs Barnsley,under25,1.97
2026-08-15,2026-08-15T16:51:02,2026-08-22,League Two,Fleetwood Town vs Gillingham,under25,1.71
2026-08-15,2026-08-15T16:51:02,2026-08-22,Championship,Millwall vs Norwich City,over25,1.77
2026-08-15,2026-08-15T16:51:02,2026-08-22,Championship,Millwall vs Norwich City,under25,1.9
2026-08-15,2026-08-15T16:51:02,2026-08-22,League One,Peterborough United vs Mansfield Town,over25,1.58
2026-08-15,2026-08-15T16:51:02,2026-08-22,League One,Peterborough United vs Mansfield Town,under25,2.13
2026-08-15,2026-08-15T16:51:02,2026-08-22,League Two,Salford City vs Chesterfield FC,over25,2.14
2026-08-15,2026-08-15T16:51:02,2026-08-22,League Two,Shrewsbury Town vs Barnet,over25,1.94
2026-08-15,2026-08-15T16:51:02,2026-08-22,League Two,Shrewsbury Town vs Barnet,under25,1.83
2026-08-15,2026-08-15T16:51:02,2026-08-22,League One,Stockport County FC vs Blackpool,over25,1.74
2026-08-15,2026-08-15T16:51:02,2026-08-22,League One,Stockport County FC vs Blackpool,under25,1.98
2026-08-15,2026-08-15T16:51:02,2026-08-22,Championship,Swansea City vs Sheffield United,over25,1.64
2026-08-15,2026-08-15T16:51:02,2026-08-22,Championship,Swansea City vs Sheffield United,under25,2.09
2026-08-15,2026-08-15T16:51:02,2026-08-22,League Two,Swindon Town vs Cheltenham Town,over25,1.71
2026-08-15,2026-08-15T16:51:02,2026-08-22,League Two,Swindon Town vs Cheltenham Town,under25,2.02
2026-08-15,2026-08-15T16:51:02,2026-08-22,League Two,Walsall vs Grimsby Town,over25,2.14
2026-08-15,2026-08-15T16:51:02,2026-08-22,League Two,Walsall vs Grimsby Town,under25,1.63
2026-08-15,2026-08-15T16:51:02,2026-08-22,League One,Wigan Athletic vs Leyton Orient,over25,2.03
2026-08-15,2026-08-15T16:51:02,2026-08-22,League One,Wigan Athletic vs Leyton Orient,under25,1.65
2026-08-15,2026-08-15T16:51:02,2026-08-22,League One,Wimbledon vs Reading,over25,1.98
2026-08-15,2026-08-15T16:51:02,2026-08-22,League One,Wimbledon vs Reading,under25,1.73
2026-08-15,2026-08-15T16:51:02,2026-08-22,League One,Wycombe Wanderers vs Plymouth Argyle,over25,1.73
2026-08-15,2026-08-15T16:51:02,2026-08-22,League One,Wycombe Wanderers vs Plymouth Argyle,under25,1.91
2026-08-15,2026-08-15T17:13:39,2026-08-15,Bundesliga 2,1. FC Kaiserslautern vs Karlsruher SC,over35,2.28
2026-08-15,2026-08-15T17:13:39,2026-08-15,Bundesliga 2,1. FC Kaiserslautern vs Karlsruher SC,under25,2.32
2026-08-15,2026-08-15T17:13:39,2026-08-20,League One,Sheffield Wednesday vs Bradford City,over25,1.9
2026-08-15,2026-08-15T17:13:39,2026-08-20,League One,Sheffield Wednesday vs Bradford City,under25,1.8
2026-08-15,2026-08-15T17:13:39,2026-08-22,League Two,Bristol Rovers vs Newport County,over25,1.78
2026-08-15,2026-08-15T17:13:39,2026-08-22,League Two,Bristol Rovers vs Newport County,under25,1.98
2026-08-15,2026-08-15T17:13:39,2026-08-22,League Two,Crewe Alexandra vs Northampton Town,over25,2.1
2026-08-15,2026-08-15T17:13:39,2026-08-22,League Two,Crewe Alexandra vs Northampton Town,under25,1.65
2026-08-15,2026-08-15T17:13:39,2026-08-22,Championship,Derby County vs Cardiff City,over25,1.95
2026-08-15,2026-08-15T17:13:39,2026-08-22,League Two,Exeter City vs Accrington Stanley,over25,2.03
2026-08-15,2026-08-15T17:13:39,2026-08-22,League Two,Exeter City vs Accrington Stanley,under25,1.7
2026-08-15,2026-08-15T17:13:39,2026-08-22,League Two,Fleetwood Town vs Gillingham,over25,2.04
2026-08-15,2026-08-15T17:13:39,2026-08-22,League Two,Fleetwood Town vs Gillingham,under25,1.74
2026-08-15,2026-08-15T17:13:39,2026-08-22,League Two,Port Vale vs Tranmere Rovers,over25,2.04
2026-08-15,2026-08-15T17:13:39,2026-08-22,League Two,Port Vale vs Tranmere Rovers,under25,1.69
2026-08-15,2026-08-15T17:13:39,2026-08-22,League Two,Rochdale vs Crawley Town,over25,1.9
2026-08-15,2026-08-15T17:13:39,2026-08-22,League Two,Rochdale vs Crawley Town,under25,1.8
2026-08-15,2026-08-15T17:13:39,2026-08-22,League Two,Rotherham United vs York City,over25,2.06
2026-08-15,2026-08-15T17:13:39,2026-08-22,League Two,Rotherham United vs York City,under25,1.71
2026-08-15,2026-08-15T17:13:39,2026-08-22,League Two,Salford City vs Chesterfield FC,over25,2.16
2026-08-15,2026-08-15T17:13:39,2026-08-22,League Two,Salford City vs Chesterfield FC,under25,1.66
2026-08-15,2026-08-15T17:13:39,2026-08-22,League One,Stevenage vs Oxford United,over25,1.9
2026-08-15,2026-08-15T17:13:39,2026-08-22,League One,Stevenage vs Oxford United,under25,1.8
2026-08-15,2026-08-15T17:13:39,2026-08-22,Championship,Swansea City vs Sheffield United,over25,1.66
2026-08-15,2026-08-15T17:13:39,2026-08-22,Championship,Swansea City vs Sheffield United,under25,2.05
2026-08-15,2026-08-15T17:13:39,2026-08-22,League Two,Swindon Town vs Cheltenham Town,over25,1.72
2026-08-15,2026-08-15T17:13:39,2026-08-22,League Two,Swindon Town vs Cheltenham Town,under25,2.06
2026-08-15,2026-08-15T17:13:39,2026-08-22,League Two,Walsall vs Grimsby Town,over25,2.17
2026-08-15,2026-08-15T17:13:39,2026-08-22,League Two,Walsall vs Grimsby Town,under25,1.65
2026-08-15,2026-08-15T17:40:51,2026-08-20,League One,Sheffield Wednesday vs Bradford City,over25,1.93
2026-08-15,2026-08-15T17:40:51,2026-08-20,League One,Sheffield Wednesday vs Bradford City,under25,1.84
2026-08-15,2026-08-15T17:40:51,2026-08-22,League Two,Bristol Rovers vs Newport County,over25,1.75
2026-08-15,2026-08-15T17:40:51,2026-08-22,League Two,Bristol Rovers vs Newport County,under25,2.02
2026-08-15,2026-08-15T17:40:51,2026-08-22,League One,Bromley FC vs Cambridge United,over25,2.03
2026-08-15,2026-08-15T17:40:51,2026-08-22,League One,Bromley FC vs Cambridge United,under25,1.73
2026-08-15,2026-08-15T17:40:51,2026-08-22,League Two,Colchester United vs Oldham Athletic,over25,1.9
2026-08-15,2026-08-15T17:40:51,2026-08-22,League Two,Crewe Alexandra vs Northampton Town,over25,2.15
2026-08-15,2026-08-15T17:40:51,2026-08-22,League Two,Crewe Alexandra vs Northampton Town,under25,1.67
2026-08-15,2026-08-15T17:40:51,2026-08-22,League Two,Exeter City vs Accrington Stanley,over25,2.05
2026-08-15,2026-08-15T17:40:51,2026-08-22,League Two,Exeter City vs Accrington Stanley,under25,1.73
2026-08-15,2026-08-15T17:40:51,2026-08-22,League Two,Fleetwood Town vs Gillingham,over25,1.95
2026-08-15,2026-08-15T17:40:51,2026-08-22,League Two,Fleetwood Town vs Gillingham,under25,1.84
2026-08-15,2026-08-15T17:40:51,2026-08-22,League One,Leicester City vs Burton Albion,over25,1.58
2026-08-15,2026-08-15T17:40:51,2026-08-22,League One,Leicester City vs Burton Albion,under25,2.33
2026-08-15,2026-08-15T17:40:51,2026-08-22,Championship,Lincoln City vs Portsmouth,over25,1.77
2026-08-15,2026-08-15T17:40:51,2026-08-22,Championship,Lincoln City vs Portsmouth,under25,1.91
2026-08-15,2026-08-15T17:40:51,2026-08-22,League One,Luton vs Notts County,over25,1.73
2026-08-15,2026-08-15T17:40:51,2026-08-22,League One,Luton vs Notts County,under25,2.07
2026-08-15,2026-08-15T17:40:51,2026-08-22,League One,Milton Keynes Dons vs Huddersfield Town,over25,1.93
2026-08-15,2026-08-15T17:40:51,2026-08-22,League One,Milton Keynes Dons vs Huddersfield Town,under25,1.84
2026-08-15,2026-08-15T17:40:51,2026-08-22,League Two,Port Vale vs Tranmere Rovers,over25,2.03
2026-08-15,2026-08-15T17:40:51,2026-08-22,League Two,Port Vale vs Tranmere Rovers,under25,1.7
2026-08-15,2026-08-15T17:40:51,2026-08-22,League Two,Rochdale vs Crawley Town,over25,1.93
2026-08-15,2026-08-15T17:40:51,2026-08-22,League Two,Rochdale vs Crawley Town,under25,1.83
2026-08-15,2026-08-15T17:40:51,2026-08-22,League Two,Salford City vs Chesterfield FC,over25,2.17
2026-08-15,2026-08-15T17:40:51,2026-08-22,League Two,Salford City vs Chesterfield FC,under25,1.65
2026-08-15,2026-08-15T17:40:51,2026-08-22,League Two,Shrewsbury Town vs Barnet,over25,1.95
2026-08-15,2026-08-15T17:40:51,2026-08-22,League Two,Shrewsbury Town vs Barnet,under25,1.84
2026-08-15,2026-08-15T17:40:51,2026-08-22,League One,Stevenage vs Oxford United,over25,1.94
2026-08-15,2026-08-15T17:40:51,2026-08-22,League One,Stevenage vs Oxford United,under25,1.83
2026-08-15,2026-08-15T17:40:51,2026-08-22,League One,Stockport County FC vs Blackpool,over25,1.78
2026-08-15,2026-08-15T17:40:51,2026-08-22,League One,Stockport County FC vs Blackpool,under25,2.0
2026-08-15,2026-08-15T17:40:51,2026-08-22,League Two,Swindon Town vs Cheltenham Town,over25,1.73
2026-08-15,2026-08-15T17:40:51,2026-08-22,League Two,Swindon Town vs Cheltenham Town,under25,2.05
2026-08-15,2026-08-15T17:40:51,2026-08-22,League One,Wimbledon vs Reading,over25,2.0
2026-08-15,2026-08-15T17:40:51,2026-08-22,League One,Wimbledon vs Reading,under25,1.78
2026-08-15,2026-08-15T17:59:40,2026-08-15,La Liga 2,Mallorca vs Real Valladolid CF,over25,1.89
2026-08-15,2026-08-15T17:59:40,2026-08-15,La Liga 2,Mallorca vs Real Valladolid CF,under25,1.96
2026-08-15,2026-08-15T17:59:40,2026-08-20,League One,Sheffield Wednesday vs Bradford City,over25,1.94
2026-08-15,2026-08-15T17:59:40,2026-08-20,League One,Sheffield Wednesday vs Bradford City,under25,1.83
2026-08-15,2026-08-15T17:59:40,2026-08-22,League One,Leicester City vs Burton Albion,over25,1.57
2026-08-15,2026-08-15T17:59:40,2026-08-22,League One,Leicester City vs Burton Albion,under25,2.35
2026-08-15,2026-08-15T17:59:40,2026-08-22,League Two,Port Vale vs Tranmere Rovers,over25,2.05
2026-08-15,2026-08-15T17:59:40,2026-08-22,League Two,Port Vale vs Tranmere Rovers,under25,1.73
2026-08-15,2026-08-15T17:59:40,2026-08-22,League Two,Rochdale vs Crawley Town,over25,1.81
2026-08-15,2026-08-15T17:59:40,2026-08-22,League Two,Rochdale vs Crawley Town,under25,1.95
2026-08-15,2026-08-15T18:43:09,2026-08-15,La Liga 2,Mallorca vs Real Valladolid CF,over25,1.9
2026-08-15,2026-08-15T18:43:09,2026-08-15,La Liga 2,Mallorca vs Real Valladolid CF,under25,1.95
2026-08-15,2026-08-15T18:43:09,2026-08-22,League One,Bromley FC vs Cambridge United,over25,1.97
2026-08-15,2026-08-15T18:43:09,2026-08-22,League One,Bromley FC vs Cambridge United,under25,1.78
2026-08-15,2026-08-15T18:43:09,2026-08-22,League Two,Crewe Alexandra vs Northampton Town,over25,2.01
2026-08-15,2026-08-15T18:43:09,2026-08-22,League Two,Crewe Alexandra vs Northampton Town,under25,1.76
2026-08-15,2026-08-15T18:43:09,2026-08-22,League Two,Exeter City vs Accrington Stanley,over25,1.92
2026-08-15,2026-08-15T18:43:09,2026-08-22,League Two,Exeter City vs Accrington Stanley,under25,1.83
2026-08-15,2026-08-15T18:43:09,2026-08-22,League One,Leicester City vs Burton Albion,over25,1.65
2026-08-15,2026-08-15T18:43:09,2026-08-22,League One,Leicester City vs Burton Albion,under25,2.19
2026-08-15,2026-08-15T18:43:09,2026-08-22,League Two,Port Vale vs Tranmere Rovers,over25,2.09
2026-08-15,2026-08-15T18:43:09,2026-08-22,League Two,Port Vale vs Tranmere Rovers,under25,1.7
2026-08-15,2026-08-15T18:43:09,2026-08-22,League Two,Rochdale vs Crawley Town,over25,1.83
2026-08-15,2026-08-15T18:43:09,2026-08-22,League Two,Rochdale vs Crawley Town,under25,1.92
2026-08-15,2026-08-15T18:43:09,2026-08-22,League One,Stockport County FC vs Blackpool,over25,1.79
2026-08-15,2026-08-15T18:43:09,2026-08-22,League One,Stockport County FC vs Blackpool,under25,1.99
2026-08-15,2026-08-15T19:09:43,2026-08-15,La Liga 2,Mallorca vs Real Valladolid CF,over25,1.89
2026-08-15,2026-08-15T19:09:43,2026-08-15,La Liga 2,Mallorca vs Real Valladolid CF,under25,1.96
2026-08-15,2026-08-15T19:09:43,2026-08-20,League One,Sheffield Wednesday vs Bradford City,over25,1.93
2026-08-15,2026-08-15T19:09:43,2026-08-20,League One,Sheffield Wednesday vs Bradford City,under25,1.84
2026-08-15,2026-08-15T19:09:43,2026-08-22,League Two,Crewe Alexandra vs Northampton Town,over25,1.98
2026-08-15,2026-08-15T19:09:43,2026-08-22,League Two,Crewe Alexandra vs Northampton Town,under25,1.78
2026-08-15,2026-08-15T19:09:43,2026-08-22,League Two,Port Vale vs Tranmere Rovers,over25,2.05
2026-08-15,2026-08-15T19:09:43,2026-08-22,League Two,Port Vale vs Tranmere Rovers,under25,1.73
2026-08-15,2026-08-15T19:09:43,2026-08-22,League Two,Rotherham United vs York City,over25,1.92
2026-08-15,2026-08-15T19:09:43,2026-08-22,League Two,Rotherham United vs York City,under25,1.82
2026-08-15,2026-08-15T19:09:43,2026-08-22,League One,Stevenage vs Oxford United,over25,2.07
2026-08-15,2026-08-15T19:09:43,2026-08-22,League One,Stevenage vs Oxford United,under25,1.73
2026-08-15,2026-08-15T19:36:11,2026-08-16,Championship,Burnley vs West Ham United,over25,1.7
2026-08-15,2026-08-15T19:36:11,2026-08-16,Championship,Burnley vs West Ham United,under25,2.11
2026-08-15,2026-08-15T19:36:11,2026-08-16,La Liga 2,Girona FC vs Leganés,over25,2.02
2026-08-15,2026-08-15T19:36:11,2026-08-16,La Liga 2,Girona FC vs Leganés,under25,1.83
2026-08-15,2026-08-15T19:36:11,2026-08-20,League One,Sheffield Wednesday vs Bradford City,over25,1.92
2026-08-15,2026-08-15T19:36:11,2026-08-20,League One,Sheffield Wednesday vs Bradford City,under25,1.85
2026-08-15,2026-08-15T19:36:11,2026-08-22,League One,Milton Keynes Dons vs Huddersfield Town,over25,1.85
2026-08-15,2026-08-15T19:36:11,2026-08-22,League One,Milton Keynes Dons vs Huddersfield Town,under25,1.92
2026-08-15,2026-08-15T19:36:11,2026-08-22,League Two,Port Vale vs Tranmere Rovers,over25,2.04
2026-08-15,2026-08-15T19:36:11,2026-08-22,League Two,Port Vale vs Tranmere Rovers,under25,1.74
2026-08-15,2026-08-15T19:55:39,2026-08-16,La Liga 2,Burgos CF vs Córdoba,over25,2.23
2026-08-15,2026-08-15T19:55:39,2026-08-16,La Liga 2,Burgos CF vs Córdoba,under25,1.68
2026-08-15,2026-08-15T19:55:39,2026-08-16,La Liga 2,Girona FC vs Leganés,over25,2.03
2026-08-15,2026-08-15T19:55:39,2026-08-16,La Liga 2,Girona FC vs Leganés,under25,1.82
2026-08-15,2026-08-15T22:00:41,2026-08-16,Championship,Burnley vs West Ham United,over25,1.69
2026-08-15,2026-08-15T22:00:41,2026-08-16,Championship,Burnley vs West Ham United,under25,2.13
2026-08-15,2026-08-15T22:57:30,2026-08-16,La Liga 2,Burgos CF vs Córdoba,over25,2.25
2026-08-15,2026-08-15T22:57:30,2026-08-16,La Liga 2,Burgos CF vs Córdoba,under25,1.67
2026-08-15,2026-08-15T22:57:30,2026-08-16,Championship,Burnley vs West Ham United,over25,1.7
2026-08-15,2026-08-15T22:57:30,2026-08-16,Championship,Burnley vs West Ham United,under25,2.11
2026-08-15,2026-08-15T23:28:59,2026-08-16,Championship,Burnley vs West Ham United,over25,1.69
2026-08-15,2026-08-15T23:28:59,2026-08-16,Championship,Burnley vs West Ham United,under25,2.13
2026-08-15,2026-08-15T23:51:24,2026-08-16,Championship,Burnley vs West Ham United,over25,1.7
2026-08-15,2026-08-15T23:51:24,2026-08-16,Championship,Burnley vs West Ham United,under25,2.11
2026-08-16,2026-08-16T08:40:25,2026-08-16,Bundesliga 2,Arminia Bielefeld vs FC Energie Cottbus,over25,1.5
2026-08-16,2026-08-16T08:40:25,2026-08-16,Bundesliga 2,Arminia Bielefeld vs FC Energie Cottbus,over35,2.2
2026-08-16,2026-08-16T08:40:25,2026-08-16,Bundesliga 2,Arminia Bielefeld vs FC Energie Cottbus,under25,2.4
2026-08-16,2026-08-16T08:40:25,2026-08-16,La Liga 2,Burgos CF vs Córdoba,over25,2.12
2026-08-16,2026-08-16T08:40:25,2026-08-16,La Liga 2,Burgos CF vs Córdoba,under25,1.75
2026-08-16,2026-08-16T08:40:25,2026-08-16,Championship,Burnley vs West Ham United,over25,1.71
2026-08-16,2026-08-16T08:40:25,2026-08-16,Championship,Burnley vs West Ham United,under25,2.1
2026-08-16,2026-08-16T08:40:25,2026-08-16,La Liga 2,Girona FC vs Leganés,over25,1.84
2026-08-16,2026-08-16T08:40:25,2026-08-16,La Liga 2,Girona FC vs Leganés,under25,2.0
2026-08-16,2026-08-16T08:40:25,2026-08-16,Bundesliga 2,Hannover 96 vs VfL Wolfsburg,over25,1.52
2026-08-16,2026-08-16T08:40:25,2026-08-16,Bundesliga 2,Hannover 96 vs VfL Wolfsburg,under25,2.38
2026-08-16,2026-08-16T08:40:25,2026-08-16,La Liga 2,Las Palmas vs Albacete,over25,1.92
2026-08-16,2026-08-16T08:40:25,2026-08-16,La Liga 2,Las Palmas vs Albacete,under25,1.92
2026-08-16,2026-08-16T08:40:25,2026-08-16,La Liga 2,SD Eibar vs Tenerife,over25,2.22
2026-08-16,2026-08-16T08:40:25,2026-08-16,La Liga 2,SD Eibar vs Tenerife,under25,1.69
2026-08-16,2026-08-16T08:40:25,2026-08-16,Championship,Watford vs Southampton,over25,1.74
2026-08-16,2026-08-16T08:40:25,2026-08-16,Championship,Watford vs Southampton,under25,2.05
2026-08-16,2026-08-16T08:40:25,2026-08-17,La Liga 2,Almería vs CD Eldense,over25,1.62
2026-08-16,2026-08-16T08:40:25,2026-08-17,La Liga 2,Almería vs CD Eldense,under25,2.35
2026-08-16,2026-08-16T08:40:25,2026-08-22,League One,Leicester City vs Burton Albion,over25,1.64
2026-08-16,2026-08-16T08:40:25,2026-08-22,League One,Leicester City vs Burton Albion,under25,2.21
2026-08-16,2026-08-16T08:40:25,2026-08-22,Championship,Queens Park Rangers vs Bolton Wanderers,over25,1.9
2026-08-16,2026-08-16T08:40:25,2026-08-22,Championship,Queens Park Rangers vs Bolton Wanderers,under25,1.87
2026-08-16,2026-08-16T08:40:25,2026-08-22,League Two,Shrewsbury Town vs Barnet,over25,1.94
2026-08-16,2026-08-16T08:40:25,2026-08-22,League Two,Shrewsbury Town vs Barnet,under25,1.85
2026-08-16,2026-08-16T09:05:45,2026-08-16,Bundesliga 2,Arminia Bielefeld vs FC Energie Cottbus,over35,2.15
2026-08-16,2026-08-16T09:05:45,2026-08-16,La Liga 2,Burgos CF vs Córdoba,over25,2.08
2026-08-16,2026-08-16T09:05:45,2026-08-16,La Liga 2,Burgos CF vs Córdoba,under25,1.78
2026-08-16,2026-08-16T09:05:45,2026-08-16,Championship,Burnley vs West Ham United,over25,1.73
2026-08-16,2026-08-16T09:05:45,2026-08-16,Championship,Burnley vs West Ham United,under25,2.07
2026-08-16,2026-08-16T09:39:52,2026-08-16,La Liga 2,Burgos CF vs Córdoba,over25,2.09
2026-08-16,2026-08-16T09:39:52,2026-08-16,La Liga 2,Burgos CF vs Córdoba,under25,1.77
2026-08-16,2026-08-16T09:39:52,2026-08-22,Championship,Swansea City vs Sheffield United,over25,1.69
2026-08-16,2026-08-16T09:39:52,2026-08-22,Championship,Swansea City vs Sheffield United,under25,2.01
2026-08-16,2026-08-16T10:02:12,2026-08-16,Championship,Burnley vs West Ham United,over25,1.76
2026-08-16,2026-08-16T10:02:12,2026-08-16,Championship,Burnley vs West Ham United,under25,2.03
2026-08-16,2026-08-16T10:02:12,2026-08-17,Championship,Cardiff City vs Wrexham AFC,over25,1.8
2026-08-16,2026-08-16T10:02:12,2026-08-17,Championship,Cardiff City vs Wrexham AFC,under25,1.98
2026-08-16,2026-08-16T10:02:12,2026-08-22,Championship,Swansea City vs Sheffield United,over25,1.75
2026-08-16,2026-08-16T10:02:12,2026-08-22,Championship,Swansea City vs Sheffield United,under25,1.92
2026-08-16,2026-08-16T10:35:59,2026-08-16,Championship,Burnley vs West Ham United,over25,1.77
2026-08-16,2026-08-16T10:35:59,2026-08-16,Championship,Burnley vs West Ham United,under25,2.01
2026-08-16,2026-08-16T10:35:59,2026-08-16,La Liga 2,Girona FC vs Leganés,over25,1.83
2026-08-16,2026-08-16T10:35:59,2026-08-16,La Liga 2,Girona FC vs Leganés,under25,2.02
2026-08-16,2026-08-16T10:35:59,2026-08-16,La Liga 2,SD Eibar vs Tenerife,over25,2.23
2026-08-16,2026-08-16T10:35:59,2026-08-16,La Liga 2,SD Eibar vs Tenerife,under25,1.68
2026-08-16,2026-08-16T10:59:09,2026-08-16,Championship,Burnley vs West Ham United,over25,1.78
2026-08-16,2026-08-16T10:59:09,2026-08-16,Championship,Burnley vs West Ham United,under25,2.0
2026-08-16,2026-08-16T10:59:09,2026-08-16,Bundesliga 2,Hannover 96 vs VfL Wolfsburg,over25,1.5
2026-08-16,2026-08-16T10:59:09,2026-08-16,Bundesliga 2,Hannover 96 vs VfL Wolfsburg,over35,2.15
2026-08-16,2026-08-16T10:59:09,2026-08-16,Bundesliga 2,Hannover 96 vs VfL Wolfsburg,under25,2.42
2026-08-16,2026-08-16T11:30:36,2026-08-16,Championship,Burnley vs West Ham United,over25,1.8
2026-08-16,2026-08-16T11:30:36,2026-08-16,Championship,Burnley vs West Ham United,under25,1.98
2026-08-16,2026-08-16T11:30:36,2026-08-16,La Liga 2,SD Eibar vs Tenerife,over25,2.22
2026-08-16,2026-08-16T11:30:36,2026-08-16,La Liga 2,SD Eibar vs Tenerife,under25,1.69
2026-08-16,2026-08-16T11:30:36,2026-08-16,Championship,Watford vs Southampton,over25,1.7
2026-08-16,2026-08-16T11:30:36,2026-08-16,Championship,Watford vs Southampton,under25,2.11
2026-08-16,2026-08-16T11:30:36,2026-08-17,La Liga 2,Almería vs CD Eldense,over25,1.64
2026-08-16,2026-08-16T11:30:36,2026-08-17,La Liga 2,Almería vs CD Eldense,under25,2.31
2026-08-16,2026-08-16T11:30:36,2026-08-22,Championship,Queens Park Rangers vs Bolton Wanderers,over25,1.89
2026-08-16,2026-08-16T11:30:36,2026-08-22,Championship,Queens Park Rangers vs Bolton Wanderers,under25,1.88
2026-08-16,2026-08-16T11:30:36,2026-08-22,Championship,Swansea City vs Sheffield United,over25,1.78
2026-08-16,2026-08-16T11:30:36,2026-08-22,Championship,Swansea City vs Sheffield United,under25,1.89
2026-08-16,2026-08-16T11:30:36,2026-08-23,Championship,West Bromwich Albion vs Burnley,over25,2.07
2026-08-16,2026-08-16T11:30:36,2026-08-23,Championship,West Bromwich Albion vs Burnley,under25,1.73
2026-08-16,2026-08-16T11:53:06,2026-08-16,La Liga 2,Girona FC vs Leganés,over25,1.82
2026-08-16,2026-08-16T11:53:06,2026-08-16,La Liga 2,Girona FC vs Leganés,under25,2.03
2026-08-16,2026-08-16T12:33:10,2026-08-16,La Liga 2,Burgos CF vs Córdoba,over25,2.08
2026-08-16,2026-08-16T12:33:10,2026-08-16,La Liga 2,Burgos CF vs Córdoba,under25,1.78
2026-08-16,2026-08-16T12:33:10,2026-08-16,Championship,Burnley vs West Ham United,over25,1.79
2026-08-16,2026-08-16T12:33:10,2026-08-16,Championship,Burnley vs West Ham United,under25,1.99
2026-08-16,2026-08-16T12:33:10,2026-08-17,La Liga 2,Almería vs CD Eldense,over25,1.62
2026-08-16,2026-08-16T12:33:10,2026-08-17,La Liga 2,Almería vs CD Eldense,under25,2.35
2026-08-16,2026-08-16T12:33:10,2026-08-22,Championship,Lincoln City vs Portsmouth,over25,1.8
2026-08-16,2026-08-16T12:33:10,2026-08-22,Championship,Lincoln City vs Portsmouth,under25,1.87
2026-08-16,2026-08-16T12:33:10,2026-08-22,League Two,Port Vale vs Tranmere Rovers,over25,2.08
2026-08-16,2026-08-16T12:33:10,2026-08-22,League Two,Port Vale vs Tranmere Rovers,under25,1.71
2026-08-16,2026-08-16T12:33:10,2026-08-22,League Two,Salford City vs Chesterfield FC,over25,2.08
2026-08-16,2026-08-16T12:33:10,2026-08-22,League Two,Salford City vs Chesterfield FC,under25,1.71
2026-08-16,2026-08-16T12:33:10,2026-08-22,League Two,Swindon Town vs Cheltenham Town,over25,1.75
2026-08-16,2026-08-16T12:33:10,2026-08-22,League Two,Swindon Town vs Cheltenham Town,under25,2.02
2026-08-16,2026-08-16T13:18:13,2026-08-16,Championship,Burnley vs West Ham United,over25,1.78
2026-08-16,2026-08-16T13:18:13,2026-08-16,Championship,Burnley vs West Ham United,under25,2.0
2026-08-16,2026-08-16T13:18:13,2026-08-17,La Liga 2,Almería vs CD Eldense,over25,1.6
2026-08-16,2026-08-16T13:18:13,2026-08-17,La Liga 2,Almería vs CD Eldense,under25,2.4
2026-08-16,2026-08-16T13:18:13,2026-08-17,Championship,Cardiff City vs Wrexham AFC,over25,1.81
2026-08-16,2026-08-16T13:18:13,2026-08-17,Championship,Cardiff City vs Wrexham AFC,under25,1.97
2026-08-16,2026-08-16T13:18:13,2026-08-22,League Two,Exeter City vs Accrington Stanley,under25,1.84
2026-08-16,2026-08-16T13:18:13,2026-08-22,Championship,Millwall vs Norwich City,over25,1.8
2026-08-16,2026-08-16T13:18:13,2026-08-22,Championship,Millwall vs Norwich City,under25,1.87
2026-08-16,2026-08-16T13:18:13,2026-08-22,Championship,Southampton vs Stoke City,over25,1.58
2026-08-16,2026-08-16T13:18:13,2026-08-22,Championship,Southampton vs Stoke City,under25,2.2
2026-08-16,2026-08-16T13:51:03,2026-08-16,La Liga 2,Burgos CF vs Córdoba,over25,2.09
2026-08-16,2026-08-16T13:51:03,2026-08-16,La Liga 2,Burgos CF vs Córdoba,under25,1.77
2026-08-16,2026-08-16T13:51:03,2026-08-16,La Liga 2,Girona FC vs Leganés,over25,1.83
2026-08-16,2026-08-16T13:51:03,2026-08-16,La Liga 2,Girona FC vs Leganés,under25,2.02
2026-08-16,2026-08-16T14:15:00,2026-08-16,Championship,Burnley vs West Ham United,over25,1.77
2026-08-16,2026-08-16T14:15:00,2026-08-16,Championship,Burnley vs West Ham United,under25,2.01
2026-08-16,2026-08-16T14:44:22,2026-08-16,Championship,Burnley vs West Ham United,over25,1.75
2026-08-16,2026-08-16T14:44:22,2026-08-16,Championship,Burnley vs West Ham United,under25,2.04
2026-08-16,2026-08-16T14:44:22,2026-08-16,La Liga 2,Girona FC vs Leganés,over25,1.82
2026-08-16,2026-08-16T14:44:22,2026-08-16,La Liga 2,Girona FC vs Leganés,under25,2.03
2026-08-16,2026-08-16T14:44:22,2026-08-16,La Liga 2,SD Eibar vs Tenerife,over25,2.18
2026-08-16,2026-08-16T14:44:22,2026-08-16,La Liga 2,SD Eibar vs Tenerife,under25,1.71
2026-08-16,2026-08-16T14:44:22,2026-08-22,League Two,Exeter City vs Accrington Stanley,under25,1.83
2026-08-16,2026-08-16T14:44:22,2026-08-22,League Two,Rochdale vs Crawley Town,under25,1.93
2026-08-16,2026-08-16T15:34:53,2026-08-22,League One,Leicester City vs Burton Albion,over25,1.65
2026-08-16,2026-08-16T15:34:53,2026-08-22,League One,Leicester City vs Burton Albion,under25,2.19
2026-08-16,2026-08-16T15:34:53,2026-08-22,League Two,Rochdale vs Crawley Town,under25,1.92
2026-08-16,2026-08-16T15:34:53,2026-08-22,Championship,West Ham United vs Charlton Athletic,over25,1.58
2026-08-16,2026-08-16T15:34:53,2026-08-22,Championship,West Ham United vs Charlton Athletic,under25,2.18
2026-08-16,2026-08-16T15:34:53,2026-08-23,La Liga 2,SD Eibar vs Real Valladolid CF,over25,2.18
2026-08-16,2026-08-16T15:34:53,2026-08-23,La Liga 2,SD Eibar vs Real Valladolid CF,under25,1.62
2026-08-16,2026-08-16T15:56:02,2026-08-23,La Liga 2,SD Eibar vs Real Valladolid CF,over25,2.22
2026-08-16,2026-08-16T15:56:02,2026-08-23,La Liga 2,SD Eibar vs Real Valladolid CF,under25,1.58
2026-08-16,2026-08-16T16:32:10,2026-08-17,Championship,Cardiff City vs Wrexham AFC,over25,1.82
2026-08-16,2026-08-16T16:32:10,2026-08-17,Championship,Cardiff City vs Wrexham AFC,under25,1.95
2026-08-16,2026-08-16T16:32:10,2026-08-22,Championship,West Ham United vs Charlton Athletic,over25,1.6
2026-08-16,2026-08-16T16:32:10,2026-08-22,Championship,West Ham United vs Charlton Athletic,under25,2.14
2026-08-16,2026-08-16T16:58:11,2026-08-16,La Liga 2,Burgos CF vs Córdoba,over25,2.23
2026-08-16,2026-08-16T16:58:11,2026-08-16,La Liga 2,Burgos CF vs Córdoba,under25,1.67
2026-08-16,2026-08-16T16:58:11,2026-08-16,La Liga 2,Girona FC vs Leganés,over25,2.03
2026-08-16,2026-08-16T16:58:11,2026-08-16,La Liga 2,Girona FC vs Leganés,under25,1.8
2026-08-16,2026-08-16T16:58:11,2026-08-22,League Two,Rochdale vs Crawley Town,over25,1.85
2026-08-16,2026-08-16T16:58:11,2026-08-22,League Two,Rochdale vs Crawley Town,under25,1.9
2026-08-16,2026-08-16T17:54:21,2026-08-16,La Liga 2,Las Palmas vs Albacete,under25,1.93
2026-08-16,2026-08-16T17:54:21,2026-08-17,Championship,Cardiff City vs Wrexham AFC,over25,1.81
2026-08-16,2026-08-16T17:54:21,2026-08-17,Championship,Cardiff City vs Wrexham AFC,under25,1.97
2026-08-16,2026-08-16T17:54:21,2026-08-22,Serie B,Südtirol vs Virtus Entella,over15,1.47
2026-08-16,2026-08-16T17:54:21,2026-08-23,Serie B,Hellas Verona vs Ascoli,over25,1.78
2026-08-16,2026-08-16T17:54:21,2026-08-23,Serie B,Hellas Verona vs Ascoli,under25,1.92
2026-08-16,2026-08-16T17:54:21,2026-08-23,Serie B,Pisa vs Padova,over25,2.06
2026-08-16,2026-08-16T17:54:21,2026-08-23,Serie B,Pisa vs Padova,under25,1.68
2026-08-16,2026-08-16T18:19:42,2026-08-22,League Two,Swindon Town vs Cheltenham Town,over25,1.85
2026-08-16,2026-08-16T18:19:42,2026-08-22,League Two,Swindon Town vs Cheltenham Town,under25,1.93
2026-08-16,2026-08-16T18:19:42,2026-08-22,League Two,Walsall vs Grimsby Town,over25,2.06
2026-08-16,2026-08-16T18:19:42,2026-08-22,League Two,Walsall vs Grimsby Town,under25,1.72
2026-08-16,2026-08-16T18:53:12,2026-08-16,La Liga 2,Las Palmas vs Albacete,over25,1.94
2026-08-16,2026-08-16T18:53:12,2026-08-16,La Liga 2,Las Palmas vs Albacete,under25,1.91
2026-08-16,2026-08-16T18:53:12,2026-08-17,Championship,Cardiff City vs Wrexham AFC,over25,1.82
2026-08-16,2026-08-16T18:53:12,2026-08-17,Championship,Cardiff City vs Wrexham AFC,under25,1.95
2026-08-16,2026-08-16T19:20:01,2026-08-16,La Liga 2,Las Palmas vs Albacete,over25,2.03
2026-08-16,2026-08-16T19:20:01,2026-08-16,La Liga 2,Las Palmas vs Albacete,under25,1.8
2026-08-16,2026-08-16T19:20:01,2026-08-17,Championship,Cardiff City vs Wrexham AFC,over25,1.81
2026-08-16,2026-08-16T19:20:01,2026-08-17,Championship,Cardiff City vs Wrexham AFC,under25,1.97
2026-08-16,2026-08-16T19:20:01,2026-08-23,Serie B,Cesena FC vs Sampdoria,over25,2.0
2026-08-16,2026-08-16T19:20:01,2026-08-23,Serie B,Cesena FC vs Sampdoria,under25,1.71
2026-08-16,2026-08-16T19:20:01,2026-08-23,Serie B,Palermo vs Juve Stabia,over25,2.04
2026-08-16,2026-08-16T19:20:01,2026-08-23,Serie B,Palermo vs Juve Stabia,under25,1.7
2026-08-16,2026-08-16T19:59:35,2026-08-22,La Liga 2,AD Ceuta FC vs Las Palmas,over25,1.95
2026-08-16,2026-08-16T19:59:35,2026-08-22,La Liga 2,AD Ceuta FC vs Las Palmas,under25,1.75
2026-08-16,2026-08-16T19:59:35,2026-08-22,La Liga 2,Albacete vs Real Sociedad B,over25,1.82
2026-08-16,2026-08-16T19:59:35,2026-08-22,La Liga 2,Albacete vs Real Sociedad B,under25,1.88
2026-08-16,2026-08-16T20:35:00,2026-08-22,La Liga 2,AD Ceuta FC vs Las Palmas,over25,1.98
2026-08-16,2026-08-16T20:35:00,2026-08-22,La Liga 2,AD Ceuta FC vs Las Palmas,under25,1.72
2026-08-16,2026-08-16T20:56:40,2026-08-22,La Liga 2,AD Ceuta FC vs Las Palmas,over25,1.95
2026-08-16,2026-08-16T20:56:40,2026-08-22,La Liga 2,AD Ceuta FC vs Las Palmas,under25,1.75
2026-08-16,2026-08-16T21:50:07,2026-08-22,Championship,Lincoln City vs Portsmouth,over25,1.82
2026-08-16,2026-08-16T21:50:07,2026-08-22,Championship,Lincoln City vs Portsmouth,under25,1.85
2026-08-16,2026-08-16T22:10:52,2026-08-17,Championship,Cardiff City vs Wrexham AFC,over25,1.79
2026-08-16,2026-08-16T22:10:52,2026-08-17,Championship,Cardiff City vs Wrexham AFC,under25,1.99
2026-08-16,2026-08-16T22:10:52,2026-08-22,League Two,Shrewsbury Town vs Barnet,over25,1.93
2026-08-17,2026-08-17T00:57:37,2026-08-22,League Two,Crewe Alexandra vs Northampton Town,over25,1.96
2026-08-17,2026-08-17T00:57:37,2026-08-22,League Two,Crewe Alexandra vs Northampton Town,under25,1.8
2026-08-17,2026-08-17T00:57:37,2026-08-22,League One,Doncaster Rovers vs Barnsley,over25,1.67
2026-08-17,2026-08-17T00:57:37,2026-08-22,League One,Doncaster Rovers vs Barnsley,under25,2.0
2026-08-17,2026-08-17T00:57:37,2026-08-22,League Two,Exeter City vs Accrington Stanley,under25,1.84
2026-08-17,2026-08-17T00:57:37,2026-08-22,League Two,Rotherham United vs York City,over25,1.87
2026-08-17,2026-08-17T00:57:37,2026-08-22,League Two,Rotherham United vs York City,under25,1.87
2026-08-17,2026-08-17T00:57:37,2026-08-22,League One,Stevenage vs Oxford United,over25,2.08
2026-08-17,2026-08-17T00:57:37,2026-08-22,League One,Stevenage vs Oxford United,under25,1.72
2026-08-17,2026-08-17T08:55:29,2026-08-17,La Liga 2,Almería vs CD Eldense,over25,1.59
2026-08-17,2026-08-17T08:55:29,2026-08-17,La Liga 2,Almería vs CD Eldense,under25,2.42
2026-08-17,2026-08-17T08:55:29,2026-08-17,Championship,Cardiff City vs Wrexham AFC,over25,1.78
2026-08-17,2026-08-17T08:55:29,2026-08-17,Championship,Cardiff City vs Wrexham AFC,under25,2.0
2026-08-17,2026-08-17T08:55:29,2026-08-22,La Liga 2,Albacete vs Real Sociedad B,over25,1.8
2026-08-17,2026-08-17T08:55:29,2026-08-22,La Liga 2,Albacete vs Real Sociedad B,under25,1.9
2026-08-17,2026-08-17T08:55:29,2026-08-22,League One,Bromley FC vs Cambridge United,over25,1.99
2026-08-17,2026-08-17T08:55:29,2026-08-22,League One,Bromley FC vs Cambridge United,under25,1.76
2026-08-17,2026-08-17T08:55:29,2026-08-22,League Two,Exeter City vs Accrington Stanley,over25,1.89
2026-08-17,2026-08-17T08:55:29,2026-08-22,League Two,Exeter City vs Accrington Stanley,under25,1.86
2026-08-17,2026-08-17T08:55:29,2026-08-22,Championship,Lincoln City vs Portsmouth,over25,1.88
2026-08-17,2026-08-17T08:55:29,2026-08-22,Championship,Lincoln City vs Portsmouth,under25,1.79
2026-08-17,2026-08-17T08:55:29,2026-08-22,Championship,Millwall vs Norwich City,over25,1.87
2026-08-17,2026-08-17T08:55:29,2026-08-22,Championship,Millwall vs Norwich City,under25,1.8
2026-08-17,2026-08-17T08:55:29,2026-08-22,League Two,Rochdale vs Crawley Town,over25,1.84
2026-08-17,2026-08-17T08:55:29,2026-08-22,League Two,Rochdale vs Crawley Town,under25,1.92
2026-08-17,2026-08-17T08:55:29,2026-08-22,League One,Stevenage vs Oxford United,over25,2.1
2026-08-17,2026-08-17T08:55:29,2026-08-22,League One,Stevenage vs Oxford United,under25,1.71
2026-08-17,2026-08-17T08:55:29,2026-08-22,Championship,Swansea City vs Sheffield United,over25,1.82
2026-08-17,2026-08-17T08:55:29,2026-08-22,Championship,Swansea City vs Sheffield United,under25,1.85
2026-08-17,2026-08-17T08:55:29,2026-08-22,League Two,Walsall vs Grimsby Town,over25,2.05
2026-08-17,2026-08-17T08:55:29,2026-08-22,League Two,Walsall vs Grimsby Town,under25,1.73
2026-08-17,2026-08-17T08:55:29,2026-08-22,League One,Wimbledon vs Reading,over25,2.01
2026-08-17,2026-08-17T08:55:29,2026-08-22,League One,Wimbledon vs Reading,under25,1.77
2026-08-17,2026-08-17T09:45:56,2026-08-17,La Liga 2,Almería vs CD Eldense,over25,1.58
2026-08-17,2026-08-17T09:45:56,2026-08-17,La Liga 2,Almería vs CD Eldense,under25,2.45
2026-08-17,2026-08-17T09:45:56,2026-08-17,Championship,Cardiff City vs Wrexham AFC,over25,1.77
2026-08-17,2026-08-17T09:45:56,2026-08-17,Championship,Cardiff City vs Wrexham AFC,under25,2.01
2026-08-17,2026-08-17T09:45:56,2026-08-22,League Two,Bristol Rovers vs Newport County,over25,1.76
2026-08-17,2026-08-17T09:45:56,2026-08-22,League Two,Bristol Rovers vs Newport County,under25,2.01
2026-08-17,2026-08-17T09:45:56,2026-08-22,League Two,Exeter City vs Accrington Stanley,over25,1.92
2026-08-17,2026-08-17T09:45:56,2026-08-22,League Two,Exeter City vs Accrington Stanley,under25,1.84
2026-08-17,2026-08-17T09:45:56,2026-08-22,Championship,Southampton vs Stoke City,over25,1.6
2026-08-17,2026-08-17T09:45:56,2026-08-22,Championship,Southampton vs Stoke City,under25,2.16
2026-08-17,2026-08-17T10:19:01,2026-08-17,Championship,Cardiff City vs Wrexham AFC,over25,1.75
2026-08-17,2026-08-17T10:19:01,2026-08-17,Championship,Cardiff City vs Wrexham AFC,under25,2.04
2026-08-17,2026-08-17T10:19:01,2026-08-22,League Two,Bristol Rovers vs Newport County,over25,1.77
2026-08-17,2026-08-17T10:19:01,2026-08-22,League Two,Bristol Rovers vs Newport County,under25,2.0
2026-08-17,2026-08-17T10:54:17,2026-08-17,Championship,Cardiff City vs Wrexham AFC,over25,1.74
2026-08-17,2026-08-17T10:54:17,2026-08-17,Championship,Cardiff City vs Wrexham AFC,under25,2.05
2026-08-17,2026-08-17T10:54:17,2026-08-22,League Two,Bristol Rovers vs Newport County,over25,1.76
2026-08-17,2026-08-17T10:54:17,2026-08-22,League Two,Bristol Rovers vs Newport County,under25,2.01
2026-08-17,2026-08-17T11:25:56,2026-08-17,La Liga 2,Almería vs CD Eldense,over25,1.61
2026-08-17,2026-08-17T11:25:56,2026-08-17,La Liga 2,Almería vs CD Eldense,under25,2.38
2026-08-17,2026-08-17T11:53:28,2026-08-17,La Liga 2,Almería vs CD Eldense,over25,1.62
2026-08-17,2026-08-17T11:53:28,2026-08-17,La Liga 2,Almería vs CD Eldense,under25,2.36
2026-08-17,2026-08-17T11:53:28,2026-08-17,Championship,Cardiff City vs Wrexham AFC,over25,1.75
2026-08-17,2026-08-17T11:53:28,2026-08-17,Championship,Cardiff City vs Wrexham AFC,under25,2.04
2026-08-17,2026-08-17T12:38:26,2026-08-17,La Liga 2,Almería vs CD Eldense,under25,2.35
2026-08-17,2026-08-17T12:38:26,2026-08-17,La Liga 2,Sporting Gijón vs Sabadell FC,over25,2.14
2026-08-17,2026-08-17T12:38:26,2026-08-17,La Liga 2,Sporting Gijón vs Sabadell FC,under25,1.74
2026-08-17,2026-08-17T12:38:26,2026-08-22,League Two,Bristol Rovers vs Newport County,over25,1.77
2026-08-17,2026-08-17T12:38:26,2026-08-22,League Two,Bristol Rovers vs Newport County,under25,2.0
2026-08-17,2026-08-17T13:28:02,2026-08-17,La Liga 2,Almería vs CD Eldense,under25,2.36
2026-08-17,2026-08-17T13:28:02,2026-08-21,La Liga 2,Córdoba vs Girona FC,over25,2.05
2026-08-17,2026-08-17T13:28:02,2026-08-21,La Liga 2,Córdoba vs Girona FC,under25,1.68
2026-08-17,2026-08-17T13:28:02,2026-08-23,La Liga 2,CD Castellón vs Sabadell FC,over25,1.75
2026-08-17,2026-08-17T13:28:02,2026-08-23,La Liga 2,CD Castellón vs Sabadell FC,under25,1.95
2026-08-17,2026-08-17T13:28:02,2026-08-23,La Liga 2,Sporting Gijón vs Burgos CF,over25,2.32
2026-08-17,2026-08-17T13:28:02,2026-08-23,La Liga 2,Sporting Gijón vs Burgos CF,under25,1.55
2026-08-17,2026-08-17T13:28:02,2026-08-23,La Liga 2,Tenerife vs Almería,over25,2.0
2026-08-17,2026-08-17T13:28:02,2026-08-23,La Liga 2,Tenerife vs Almería,under25,1.72
2026-08-17,2026-08-17T14:05:33,2026-08-22,La Liga 2,AD Ceuta FC vs Las Palmas,over25,1.98
2026-08-17,2026-08-17T14:05:33,2026-08-22,La Liga 2,AD Ceuta FC vs Las Palmas,under25,1.72
2026-08-17,2026-08-17T14:05:33,2026-08-22,La Liga 2,Albacete vs Real Sociedad B,over25,1.82
2026-08-17,2026-08-17T14:05:33,2026-08-22,La Liga 2,Albacete vs Real Sociedad B,under25,1.88
2026-08-17,2026-08-17T14:05:33,2026-08-22,La Liga 2,CD Eldense vs Cádiz CF,over25,2.05
2026-08-17,2026-08-17T14:05:33,2026-08-22,La Liga 2,CD Eldense vs Cádiz CF,under25,1.68
2026-08-17,2026-08-17T14:05:33,2026-08-22,La Liga 2,Oviedo vs Leganés,over25,2.05
2026-08-17,2026-08-17T14:05:33,2026-08-22,La Liga 2,Oviedo vs Leganés,under25,1.7
2026-08-17,2026-08-17T14:43:24,2026-08-17,Championship,Cardiff City vs Wrexham AFC,over25,1.74
2026-08-17,2026-08-17T14:43:24,2026-08-17,Championship,Cardiff City vs Wrexham AFC,under25,2.05
2026-08-17,2026-08-17T14:43:24,2026-08-22,League Two,Bristol Rovers vs Newport County,over25,1.76
2026-08-17,2026-08-17T14:43:24,2026-08-22,League Two,Bristol Rovers vs Newport County,under25,2.01
2026-08-17,2026-08-17T14:43:24,2026-08-22,La Liga 2,CD Eldense vs Cádiz CF,over25,2.02
2026-08-17,2026-08-17T14:43:24,2026-08-22,La Liga 2,CD Eldense vs Cádiz CF,under25,1.7
2026-08-17,2026-08-17T14:43:24,2026-08-22,Championship,Queens Park Rangers vs Bolton Wanderers,over25,1.9
2026-08-17,2026-08-17T14:43:24,2026-08-22,Championship,Queens Park Rangers vs Bolton Wanderers,under25,1.87
2026-08-17,2026-08-17T15:09:34,2026-08-17,La Liga 2,Almería vs CD Eldense,over25,1.61
2026-08-17,2026-08-17T15:09:34,2026-08-17,La Liga 2,Almería vs CD Eldense,under25,2.38
2026-08-17,2026-08-17T15:09:34,2026-08-17,Championship,Cardiff City vs Wrexham AFC,over25,1.72
2026-08-17,2026-08-17T15:09:34,2026-08-17,Championship,Cardiff City vs Wrexham AFC,under25,2.08
2026-08-17,2026-08-17T15:42:24,2026-08-17,La Liga 2,Almería vs CD Eldense,over25,1.62
2026-08-17,2026-08-17T15:42:24,2026-08-17,La Liga 2,Almería vs CD Eldense,under25,2.36
2026-08-17,2026-08-17T16:02:26,2026-08-17,La Liga 2,Almería vs CD Eldense,over25,1.61
2026-08-17,2026-08-17T16:02:26,2026-08-17,La Liga 2,Almería vs CD Eldense,under25,2.38
2026-08-17,2026-08-17T16:02:26,2026-08-17,Championship,Cardiff City vs Wrexham AFC,over25,1.71
2026-08-17,2026-08-17T16:02:26,2026-08-17,Championship,Cardiff City vs Wrexham AFC,under25,2.1
2026-08-17,2026-08-17T16:41:39,2026-08-17,La Liga 2,Sporting Gijón vs Sabadell FC,over25,2.17
2026-08-17,2026-08-17T16:41:39,2026-08-17,La Liga 2,Sporting Gijón vs Sabadell FC,under25,1.72
2026-08-17,2026-08-17T17:11:19,2026-08-17,La Liga 2,Almería vs CD Eldense,over25,1.62
2026-08-17,2026-08-17T17:11:19,2026-08-17,La Liga 2,Almería vs CD Eldense,under25,2.36
2026-08-17,2026-08-17T17:11:19,2026-08-24,La Liga 2,Celta Vigo vs Andorra CF,over25,1.9
2026-08-17,2026-08-17T17:11:19,2026-08-24,La Liga 2,Celta Vigo vs Andorra CF,under25,1.8
2026-08-17,2026-08-17T17:48:02,2026-08-17,La Liga 2,Almería vs CD Eldense,over25,1.63
2026-08-17,2026-08-17T17:48:02,2026-08-17,La Liga 2,Almería vs CD Eldense,under25,2.34
2026-08-17,2026-08-17T17:48:02,2026-08-17,Championship,Cardiff City vs Wrexham AFC,over25,1.69
2026-08-17,2026-08-17T17:48:02,2026-08-17,Championship,Cardiff City vs Wrexham AFC,under25,2.13
2026-08-17,2026-08-17T17:48:02,2026-08-23,La Liga 2,CD Castellón vs Sabadell FC,over25,1.65
2026-08-17,2026-08-17T17:48:02,2026-08-23,La Liga 2,CD Castellón vs Sabadell FC,under25,2.08
2026-08-17,2026-08-17T18:18:28,2026-08-17,La Liga 2,Almería vs CD Eldense,over25,1.61
2026-08-17,2026-08-17T18:18:28,2026-08-17,La Liga 2,Almería vs CD Eldense,under25,2.38
2026-08-17,2026-08-17T18:18:28,2026-08-17,Championship,Cardiff City vs Wrexham AFC,over25,1.68
2026-08-17,2026-08-17T18:18:28,2026-08-17,Championship,Cardiff City vs Wrexham AFC,under25,2.14
2026-08-17,2026-08-17T18:18:28,2026-08-22,League Two,Bristol Rovers vs Newport County,over25,1.87
2026-08-17,2026-08-17T18:18:28,2026-08-22,League Two,Bristol Rovers vs Newport County,under25,1.92
2026-08-17,2026-08-17T19:39:51,2026-08-22,Championship,Derby County vs Cardiff City,over25,1.98
2026-08-17,2026-08-17T19:39:51,2026-08-24,La Liga 2,Granada CF vs Mallorca,over25,2.25
2026-08-17,2026-08-17T19:39:51,2026-08-24,La Liga 2,Granada CF vs Mallorca,under25,1.55
2026-08-17,2026-08-17T20:39:49,2026-08-23,La Liga 2,CD Castellón vs Sabadell FC,over25,1.72
2026-08-17,2026-08-17T20:39:49,2026-08-23,La Liga 2,CD Castellón vs Sabadell FC,under25,2.0
2026-08-17,2026-08-17T21:38:43,2026-08-22,Championship,Derby County vs Cardiff City,over25,1.95
2026-08-17,2026-08-17T22:37:55,2026-08-22,Championship,Derby County vs Cardiff City,over25,1.98
2026-08-18,2026-08-18T08:49:34,2026-08-22,La Liga 2,CD Eldense vs Cádiz CF,over25,2.05
2026-08-18,2026-08-18T08:49:34,2026-08-22,La Liga 2,CD Eldense vs Cádiz CF,under25,1.68
2026-08-18,2026-08-18T08:49:34,2026-08-22,League Two,Colchester United vs Oldham Athletic,over25,1.89
2026-08-18,2026-08-18T08:49:34,2026-08-22,League Two,Colchester United vs Oldham Athletic,under25,1.89
2026-08-18,2026-08-18T08:49:34,2026-08-22,League Two,Rochdale vs Crawley Town,over25,1.85
2026-08-18,2026-08-18T08:49:34,2026-08-22,League Two,Rochdale vs Crawley Town,under25,1.9
2026-08-18,2026-08-18T08:49:34,2026-08-22,League Two,Salford City vs Chesterfield FC,over25,1.98
2026-08-18,2026-08-18T08:49:34,2026-08-22,League Two,Salford City vs Chesterfield FC,under25,1.82
2026-08-18,2026-08-18T08:49:34,2026-08-22,Championship,West Ham United vs Charlton Athletic,over25,1.62
2026-08-18,2026-08-18T08:49:34,2026-08-22,Championship,West Ham United vs Charlton Athletic,under25,2.11
2026-08-18,2026-08-18T08:49:34,2026-08-22,Championship,Wrexham AFC vs Watford,over25,1.82
2026-08-18,2026-08-18T08:49:34,2026-08-22,Championship,Wrexham AFC vs Watford,under25,1.85
2026-08-18,2026-08-18T08:49:34,2026-08-23,La Liga 2,Sporting Gijón vs Burgos CF,over25,2.35
2026-08-18,2026-08-18T08:49:34,2026-08-23,La Liga 2,Sporting Gijón vs Burgos CF,under25,1.52
2026-08-18,2026-08-18T08:49:34,2026-08-24,La Liga 2,Celta Fortuna vs Andorra CF,over25,2.01
2026-08-18,2026-08-18T08:49:34,2026-08-24,La Liga 2,Celta Fortuna vs Andorra CF,under25,1.83
2026-08-18,2026-08-18T09:21:02,2026-08-22,League One,Leicester City vs Burton Albion,over25,1.66
2026-08-18,2026-08-18T09:21:02,2026-08-22,League One,Leicester City vs Burton Albion,under25,2.18
2026-08-18,2026-08-18T11:02:49,2026-08-22,Championship,Derby County vs Cardiff City,over25,1.95
2026-08-18,2026-08-18T11:02:49,2026-08-22,League One,Leicester City vs Burton Albion,over25,1.65
2026-08-18,2026-08-18T11:02:49,2026-08-22,League One,Leicester City vs Burton Albion,under25,2.19
2026-08-18,2026-08-18T11:02:49,2026-08-22,La Liga 2,Oviedo vs Leganés,over25,2.08
2026-08-18,2026-08-18T11:02:49,2026-08-22,La Liga 2,Oviedo vs Leganés,under25,1.68
2026-08-18,2026-08-18T11:37:27,2026-08-22,League One,Leicester City vs Burton Albion,over25,1.66
2026-08-18,2026-08-18T11:37:27,2026-08-22,League One,Leicester City vs Burton Albion,under25,2.18
2026-08-18,2026-08-18T12:02:00,2026-08-22,La Liga 2,Oviedo vs Leganés,over25,2.1
2026-08-18,2026-08-18T12:02:00,2026-08-22,La Liga 2,Oviedo vs Leganés,under25,1.65
2026-08-18,2026-08-18T13:06:03,2026-08-21,La Liga 2,Córdoba vs Girona FC,over25,1.95
2026-08-18,2026-08-18T13:06:03,2026-08-21,La Liga 2,Córdoba vs Girona FC,under25,1.75
2026-08-18,2026-08-18T13:06:03,2026-08-22,La Liga 2,Oviedo vs Leganés,over25,2.18
2026-08-18,2026-08-18T13:06:03,2026-08-22,La Liga 2,Oviedo vs Leganés,under25,1.6
2026-08-18,2026-08-18T13:56:52,2026-08-22,La Liga 2,Oviedo vs Leganés,over25,2.22
2026-08-18,2026-08-18T13:56:52,2026-08-22,La Liga 2,Oviedo vs Leganés,under25,1.58
2026-08-18,2026-08-18T13:56:52,2026-08-22,League One,Stevenage vs Oxford United,over25,2.08
2026-08-18,2026-08-18T13:56:52,2026-08-22,League One,Stevenage vs Oxford United,under25,1.72
2026-08-18,2026-08-18T14:43:27,2026-08-22,League Two,Colchester United vs Oldham Athletic,over25,1.88
2026-08-18,2026-08-18T14:43:27,2026-08-22,League Two,Colchester United vs Oldham Athletic,under25,1.91
2026-08-18,2026-08-18T14:43:27,2026-08-22,League One,Wimbledon vs Reading,over25,2.03
2026-08-18,2026-08-18T14:43:27,2026-08-22,League One,Wimbledon vs Reading,under25,1.8
2026-08-18,2026-08-18T15:51:57,2026-08-22,League Two,Fleetwood Town vs Gillingham,over25,1.93
2026-08-18,2026-08-18T15:51:57,2026-08-22,League Two,Fleetwood Town vs Gillingham,under25,1.85
2026-08-18,2026-08-18T15:51:57,2026-08-22,League Two,Walsall vs Grimsby Town,over25,2.06
2026-08-18,2026-08-18T15:51:57,2026-08-22,League Two,Walsall vs Grimsby Town,under25,1.72
2026-08-18,2026-08-18T16:24:55,2026-08-21,La Liga 2,Córdoba vs Girona FC,over25,1.9
2026-08-18,2026-08-18T16:24:55,2026-08-21,La Liga 2,Córdoba vs Girona FC,under25,1.8
2026-08-18,2026-08-18T17:00:14,2026-08-22,League Two,Salford City vs Chesterfield FC,over25,1.97
2026-08-18,2026-08-18T17:00:14,2026-08-22,League Two,Walsall vs Grimsby Town,over25,2.05
2026-08-18,2026-08-18T17:00:14,2026-08-22,League Two,Walsall vs Grimsby Town,under25,1.73
2026-08-18,2026-08-18T18:05:16,2026-08-22,League Two,Walsall vs Grimsby Town,over25,2.06
2026-08-18,2026-08-18T18:05:16,2026-08-22,League Two,Walsall vs Grimsby Town,under25,1.72
2026-08-18,2026-08-18T18:54:53,2026-08-22,League Two,Walsall vs Grimsby Town,over25,2.05
2026-08-18,2026-08-18T18:54:53,2026-08-22,League Two,Walsall vs Grimsby Town,under25,1.73
2026-08-18,2026-08-18T19:53:52,2026-08-22,Championship,Lincoln City vs Portsmouth,over25,1.85
2026-08-18,2026-08-18T19:53:52,2026-08-22,Championship,Lincoln City vs Portsmouth,under25,1.82
2026-08-18,2026-08-18T21:13:05,2026-08-22,League One,Leicester City vs Burton Albion,over25,1.65
2026-08-18,2026-08-18T21:13:05,2026-08-22,League One,Leicester City vs Burton Albion,under25,2.19
2026-08-18,2026-08-18T21:43:39,2026-08-22,League One,Leicester City vs Burton Albion,over25,1.66
2026-08-18,2026-08-18T21:43:39,2026-08-22,League One,Leicester City vs Burton Albion,under25,2.18
2026-08-18,2026-08-18T22:02:35,2026-08-22,League Two,Walsall vs Grimsby Town,over25,2.06
2026-08-18,2026-08-18T22:02:35,2026-08-22,League Two,Walsall vs Grimsby Town,under25,1.72
2026-08-18,2026-08-18T22:38:04,2026-08-22,League Two,Walsall vs Grimsby Town,over25,2.05
2026-08-18,2026-08-18T22:38:04,2026-08-22,League Two,Walsall vs Grimsby Town,under25,1.73
2026-08-18,2026-08-18T23:01:37,2026-08-22,League Two,Walsall vs Grimsby Town,over25,2.06
2026-08-18,2026-08-18T23:01:37,2026-08-22,League Two,Walsall vs Grimsby Town,under25,1.72
2026-08-18,2026-08-18T23:56:37,2026-08-22,League Two,Walsall vs Grimsby Town,over25,2.05
2026-08-18,2026-08-18T23:56:37,2026-08-22,League Two,Walsall vs Grimsby Town,under25,1.73
2026-08-19,2026-08-19T01:42:29,2026-08-21,La Liga 2,Córdoba vs Girona FC,over25,1.85
2026-08-19,2026-08-19T01:42:29,2026-08-21,La Liga 2,Córdoba vs Girona FC,under25,1.82
2026-08-19,2026-08-19T01:42:29,2026-08-23,La Liga 2,Sporting Gijón vs Burgos CF,over25,2.4
2026-08-19,2026-08-19T01:42:29,2026-08-23,La Liga 2,Sporting Gijón vs Burgos CF,under25,1.5
2026-08-19,2026-08-19T09:23:31,2026-08-22,La Liga 2,CD Eldense vs Cádiz CF,over25,2.1
2026-08-19,2026-08-19T09:23:31,2026-08-22,La Liga 2,CD Eldense vs Cádiz CF,under25,1.65
2026-08-19,2026-08-19T09:23:31,2026-08-22,La Liga 2,Oviedo vs Leganés,over15,1.43
2026-08-19,2026-08-19T09:23:31,2026-08-22,La Liga 2,Oviedo vs Leganés,over25,2.28
2026-08-19,2026-08-19T09:23:31,2026-08-22,La Liga 2,Oviedo vs Leganés,under25,1.55
2026-08-19,2026-08-19T09:23:31,2026-08-22,Serie B,Südtirol vs Virtus Entella,over15,1.45
2026-08-19,2026-08-19T09:23:31,2026-08-23,La Liga 2,CD Castellón vs Sabadell FC,over25,1.65
2026-08-19,2026-08-19T09:23:31,2026-08-23,La Liga 2,CD Castellón vs Sabadell FC,under25,2.1
2026-08-19,2026-08-19T10:00:14,2026-08-22,League Two,Rotherham United vs York City,over25,1.89
2026-08-19,2026-08-19T10:00:14,2026-08-22,League Two,Rotherham United vs York City,under25,1.85
2026-08-19,2026-08-19T10:00:14,2026-08-22,League Two,Walsall vs Grimsby Town,over25,2.06
2026-08-19,2026-08-19T10:00:14,2026-08-22,League Two,Walsall vs Grimsby Town,under25,1.72
2026-08-19,2026-08-19T10:00:14,2026-08-23,La Liga 2,Sporting Gijón vs Burgos CF,over15,1.47
2026-08-19,2026-08-19T10:40:12,2026-08-21,La Liga 2,Córdoba vs Girona FC,over25,1.82
2026-08-19,2026-08-19T10:40:12,2026-08-21,La Liga 2,Córdoba vs Girona FC,under25,1.88
2026-08-19,2026-08-19T10:40:12,2026-08-21,Serie B,Vicenza vs US Catanzaro 1929,over25,2.07
2026-08-19,2026-08-19T10:40:12,2026-08-21,Serie B,Vicenza vs US Catanzaro 1929,under25,1.73
2026-08-19,2026-08-19T10:40:12,2026-08-23,Serie B,Cesena FC vs Sampdoria,under25,1.68
2026-08-19,2026-08-19T10:40:12,2026-08-23,Serie B,Hellas Verona vs Ascoli,over25,1.85
2026-08-19,2026-08-19T10:40:12,2026-08-23,Serie B,Hellas Verona vs Ascoli,under25,1.81
2026-08-19,2026-08-19T10:40:12,2026-08-23,Serie B,Palermo vs Juve Stabia,over25,1.95
2026-08-19,2026-08-19T10:40:12,2026-08-23,Serie B,Palermo vs Juve Stabia,under25,1.73
2026-08-19,2026-08-19T10:40:12,2026-08-23,Serie B,Pisa vs Padova,under25,1.65
2026-08-19,2026-08-19T12:02:02,2026-08-22,League Two,Salford City vs Chesterfield FC,over25,2.04
2026-08-19,2026-08-19T12:02:02,2026-08-22,League Two,Salford City vs Chesterfield FC,under25,1.74
2026-08-19,2026-08-19T13:06:36,2026-08-20,League One,Sheffield Wednesday vs Bradford City,over25,1.93
2026-08-19,2026-08-19T13:06:36,2026-08-20,League One,Sheffield Wednesday vs Bradford City,under25,1.84
2026-08-19,2026-08-19T13:06:36,2026-08-22,League Two,Walsall vs Grimsby Town,over25,2.05
2026-08-19,2026-08-19T13:06:36,2026-08-22,League Two,Walsall vs Grimsby Town,under25,1.73
2026-08-19,2026-08-19T13:57:19,2026-08-22,League One,Wycombe Wanderers vs Plymouth Argyle,over25,1.75
2026-08-19,2026-08-19T13:57:19,2026-08-22,League One,Wycombe Wanderers vs Plymouth Argyle,under25,1.89
2026-08-19,2026-08-19T14:43:57,2026-08-22,League Two,Fleetwood Town vs Gillingham,over25,1.91
2026-08-19,2026-08-19T14:43:57,2026-08-22,League Two,Fleetwood Town vs Gillingham,under25,1.88
2026-08-19,2026-08-19T14:43:57,2026-08-22,League One,Milton Keynes Dons vs Huddersfield Town,over35,2.74
2026-08-19,2026-08-19T14:43:57,2026-08-22,League Two,Rotherham United vs York City,over35,2.96
2026-08-19,2026-08-19T14:43:57,2026-08-22,League One,Stevenage vs Oxford United,over35,3.45
2026-08-19,2026-08-19T15:16:29,2026-08-22,La Liga 2,AD Ceuta FC vs Las Palmas,over25,2.02
2026-08-19,2026-08-19T15:16:29,2026-08-22,League Two,Exeter City vs Accrington Stanley,over35,3.1
2026-08-19,2026-08-19T15:16:29,2026-08-22,League One,Wigan Athletic vs Leyton Orient,over15,1.31
2026-08-19,2026-08-19T15:52:54,2026-08-24,La Liga 2,Celta Fortuna vs Andorra CF,over25,1.87
2026-08-19,2026-08-19T15:52:54,2026-08-24,La Liga 2,Celta Fortuna vs Andorra CF,under25,1.96
2026-08-19,2026-08-19T16:59:07,2026-08-21,Serie B,Vicenza vs US Catanzaro 1929,over25,2.15
2026-08-19,2026-08-19T16:59:07,2026-08-21,Serie B,Vicenza vs US Catanzaro 1929,under25,1.68
2026-08-19,2026-08-19T16:59:07,2026-08-22,Championship,Lincoln City vs Portsmouth,over25,1.88
2026-08-19,2026-08-19T16:59:07,2026-08-22,Championship,Lincoln City vs Portsmouth,under25,1.79
2026-08-19,2026-08-19T17:59:12,2026-08-22,Serie B,Südtirol vs Virtus Entella,over35,4.5
2026-08-19,2026-08-19T17:59:12,2026-08-24,La Liga 2,Celta Fortuna vs Andorra CF,over25,1.89
2026-08-19,2026-08-19T17:59:12,2026-08-24,La Liga 2,Celta Fortuna vs Andorra CF,under25,1.94
2026-08-19,2026-08-19T19:19:21,2026-08-21,Serie B,Vicenza vs US Catanzaro 1929,over25,2.08
2026-08-19,2026-08-19T19:19:21,2026-08-22,League One,Leicester City vs Burton Albion,over25,1.65
2026-08-19,2026-08-19T19:19:21,2026-08-22,League One,Leicester City vs Burton Albion,under25,2.19
2026-08-19,2026-08-19T19:47:05,2026-08-21,Serie B,Vicenza vs US Catanzaro 1929,over25,2.15
2026-08-19,2026-08-19T19:47:05,2026-08-22,League One,Leicester City vs Burton Albion,over25,1.66
2026-08-19,2026-08-19T19:47:05,2026-08-22,League One,Leicester City vs Burton Albion,under25,2.18
2026-08-19,2026-08-19T20:12:04,2026-08-22,Serie B,Avellino vs Arezzo,over15,1.33
2026-08-19,2026-08-19T20:49:01,2026-08-20,League One,Sheffield Wednesday vs Bradford City,over25,1.94
2026-08-19,2026-08-19T20:49:01,2026-08-20,League One,Sheffield Wednesday vs Bradford City,under25,1.83
2026-08-19,2026-08-19T23:39:56,2026-08-22,League Two,Rochdale vs Crawley Town,over35,2.78
2026-08-20,2026-08-20T08:51:44,2026-08-22,Championship,Queens Park Rangers vs Bolton Wanderers,over25,1.89
2026-08-20,2026-08-20T08:51:44,2026-08-22,Championship,Queens Park Rangers vs Bolton Wanderers,under25,1.88
2026-08-20,2026-08-20T08:51:44,2026-08-22,Championship,Southampton vs Stoke City,over25,1.68
2026-08-20,2026-08-20T08:51:44,2026-08-22,Championship,Southampton vs Stoke City,under25,2.15
2026-08-20,2026-08-20T09:27:05,2026-08-22,League One,Milton Keynes Dons vs Huddersfield Town,over25,1.84
2026-08-20,2026-08-20T09:27:05,2026-08-22,League One,Milton Keynes Dons vs Huddersfield Town,under25,1.93
2026-08-20,2026-08-20T10:04:14,2026-08-22,League Two,Bristol Rovers vs Newport County,over25,1.86
2026-08-20,2026-08-20T10:04:14,2026-08-22,League Two,Bristol Rovers vs Newport County,under25,1.93
2026-08-20,2026-08-20T10:04:14,2026-08-22,League One,Luton vs Notts County,over25,1.71
2026-08-20,2026-08-20T10:04:14,2026-08-22,League One,Luton vs Notts County,under25,2.1
2026-08-20,2026-08-20T10:46:10,2026-08-22,League Two,Shrewsbury Town vs Barnet,over25,1.92
2026-08-20,2026-08-20T10:46:10,2026-08-22,League Two,Shrewsbury Town vs Barnet,under25,1.87
2026-08-20,2026-08-20T11:48:33,2026-08-22,League One,Doncaster Rovers vs Barnsley,over25,1.68
2026-08-20,2026-08-20T11:48:33,2026-08-22,League One,Doncaster Rovers vs Barnsley,under25,2.02
2026-08-20,2026-08-20T11:48:33,2026-08-22,League Two,Rotherham United vs York City,over35,2.94
2026-08-20,2026-08-20T12:19:22,2026-08-21,La Liga 2,Córdoba vs Girona FC,over25,1.78
2026-08-20,2026-08-20T12:19:22,2026-08-21,La Liga 2,Córdoba vs Girona FC,under25,1.92
2026-08-20,2026-08-20T12:19:22,2026-08-22,League Two,Rochdale vs Crawley Town,over15,1.25
2026-08-20,2026-08-20T13:25:01,2026-08-21,La Liga 2,Córdoba vs Girona FC,over25,1.75
2026-08-20,2026-08-20T13:25:01,2026-08-21,La Liga 2,Córdoba vs Girona FC,under25,1.95
2026-08-20,2026-08-20T14:10:09,2026-08-22,League One,Peterborough United vs Mansfield Town,over25,1.6
2026-08-20,2026-08-20T14:10:09,2026-08-22,League One,Peterborough United vs Mansfield Town,under25,2.16
2026-08-20,2026-08-20T14:10:09,2026-08-22,League One,Wigan Athletic vs Leyton Orient,over25,2.05
2026-08-20,2026-08-20T14:10:09,2026-08-22,League One,Wigan Athletic vs Leyton Orient,under25,1.66
2026-08-20,2026-08-20T14:10:09,2026-08-22,League One,Wycombe Wanderers vs Plymouth Argyle,over25,1.77
2026-08-20,2026-08-20T14:10:09,2026-08-22,League One,Wycombe Wanderers vs Plymouth Argyle,under25,1.9
2026-08-20,2026-08-20T14:57:41,2026-08-20,League One,Sheffield Wednesday vs Bradford City,over25,1.93
2026-08-20,2026-08-20T14:57:41,2026-08-20,League One,Sheffield Wednesday vs Bradford City,under25,1.84
2026-08-20,2026-08-20T14:57:41,2026-08-22,League One,Leicester City vs Burton Albion,over25,1.68
2026-08-20,2026-08-20T14:57:41,2026-08-22,League One,Leicester City vs Burton Albion,under25,2.14
2026-08-20,2026-08-20T14:57:41,2026-08-22,Championship,Queens Park Rangers vs Bolton Wanderers,over25,1.9
2026-08-20,2026-08-20T14:57:41,2026-08-22,Championship,Queens Park Rangers vs Bolton Wanderers,under25,1.87
