snapshot_ts,fixture_id,kickoff_utc,minutes_to_kickoff,ladder_band,league,model_type,home_team,away_team,bookmaker_id,bookmaker,market,side,line,odds,source,obs_reason
2026-10-05T04:51:54Z,1558649,2026-10-11T14:00:00Z,9188.1,FAR,Belgian First Division A,standard,Union St. Gilloise,OH Leuven,7,William Hill,ht_ou,over,1.5,2.0,api_football,open
2026-10-05T04:51:54Z,1558649,2026-10-11T14:00:00Z,9188.1,FAR,Belgian First Division A,standard,Union St. Gilloise,OH Leuven,7,William Hill,ht_ou,under,1.5,1.7,api_football,open
2026-10-05T04:51:54Z,1558649,2026-10-11T14:00:00Z,9188.1,FAR,Belgian First Division A,standard,Union St. Gilloise,OH Leuven,7,William Hill,ht_ou,over,0.5,1.22,api_football,open
2026-10-05T04:51:54Z,1558649,2026-10-11T14:00:00Z,9188.1,FAR,Belgian First Division A,standard,Union St. Gilloise,OH Leuven,7,William Hill,ht_ou,under,0.5,3.9,api_football,open
2026-10-05T04:51:54Z,1558649,2026-10-11T14:00:00Z,9188.1,FAR,Belgian First Division A,standard,Union St. Gilloise,OH Leuven,7,William Hill,btts,yes,,1.83,api_football,open
2026-10-05T04:51:54Z,1558649,2026-10-11T14:00:00Z,9188.1,FAR,Belgian First Division A,standard,Union St. Gilloise,OH Leuven,7,William Hill,btts,no,,1.85,api_football,open
2026-10-05T04:51:54Z,1558649,2026-10-11T14:00:00Z,9188.1,FAR,Belgian First Division A,standard,Union St. Gilloise,OH Leuven,8,Bet365,ou,over,1.5,1.12,api_football,open
2026-10-05T04:51:54Z,1558649,2026-10-11T14:00:00Z,9188.1,FAR,Belgian First Division A,standard,Union St. Gilloise,OH Leuven,8,Bet365,ou,under,1.5,6.0,api_football,open
2026-10-05T04:51:54Z,1558649,2026-10-11T14:00:00Z,9188.1,FAR,Belgian First Division A,standard,Union St. Gilloise,OH Leuven,8,Bet365,ou,over,2.5,1.44,api_football,open
2026-10-05T04:51:54Z,1558649,2026-10-11T14:00:00Z,9188.1,FAR,Belgian First Division A,standard,Union St. Gilloise,OH Leuven,8,Bet365,ou,under,2.5,2.7,api_football,open
2026-10-05T04:51:54Z,1558649,2026-10-11T14:00:00Z,9188.1,FAR,Belgian First Division A,standard,Union St. Gilloise,OH Leuven,8,Bet365,ou,over,3.5,2.1,api_football,open
2026-10-05T04:51:54Z,1558649,2026-10-11T14:00:00Z,9188.1,FAR,Belgian First Division A,standard,Union St. Gilloise,OH Leuven,8,Bet365,ou,under,3.5,1.67,api_football,open
2026-10-05T04:51:54Z,1558649,2026-10-11T14:00:00Z,9188.1,FAR,Belgian First Division A,standard,Union St. Gilloise,OH Leuven,8,Bet365,ht_ou,over,1.5,2.1,api_football,open
2026-10-05T04:51:54Z,1558649,2026-10-11T14:00:00Z,9188.1,FAR,Belgian First Division A,standard,Union St. Gilloise,OH Leuven,8,Bet365,ht_ou,under,1.5,1.67,api_football,open
2026-10-05T04:51:54Z,1558649,2026-10-11T14:00:00Z,9188.1,FAR,Belgian First Division A,standard,Union St. Gilloise,OH Leuven,8,Bet365,ht_ou,over,0.5,1.22,api_football,open
2026-10-05T04:51:54Z,1558649,2026-10-11T14:00:00Z,9188.1,FAR,Belgian First Division A,standard,Union St. Gilloise,OH Leuven,8,Bet365,ht_ou,under,0.5,4.0,api_football,open
2026-10-05T04:51:54Z,1558649,2026-10-11T14:00:00Z,9188.1,FAR,Belgian First Division A,standard,Union St. Gilloise,OH Leuven,8,Bet365,btts,yes,,1.91,api_football,open
2026-10-05T04:51:54Z,1558649,2026-10-11T14:00:00Z,9188.1,FAR,Belgian First Division A,standard,Union St. Gilloise,OH Leuven,8,Bet365,btts,no,,1.91,api_football,open
2026-10-05T04:51:54Z,1558649,2026-10-11T14:00:00Z,9188.1,FAR,Belgian First Division A,standard,Union St. Gilloise,OH Leuven,2,Marathonbet,ou,over,1.5,1.1,api_football,open
2026-10-05T04:51:54Z,1558649,2026-10-11T14:00:00Z,9188.1,FAR,Belgian First Division A,standard,Union St. Gilloise,OH Leuven,2,Marathonbet,ou,under,1.5,5.1,api_football,open
2026-10-05T04:51:54Z,1558649,2026-10-11T14:00:00Z,9188.1,FAR,Belgian First Division A,standard,Union St. Gilloise,OH Leuven,2,Marathonbet,ou,over,2.5,1.41,api_football,open
2026-10-05T04:51:54Z,1558649,2026-10-11T14:00:00Z,9188.1,FAR,Belgian First Division A,standard,Union St. Gilloise,OH Leuven,2,Marathonbet,ou,under,2.5,2.52,api_football,open
2026-10-05T04:51:54Z,1558649,2026-10-11T14:00:00Z,9188.1,FAR,Belgian First Division A,standard,Union St. Gilloise,OH Leuven,2,Marathonbet,ou,over,3.5,2.13,api_football,open
2026-10-05T04:51:54Z,1558649,2026-10-11T14:00:00Z,9188.1,FAR,Belgian First Division A,standard,Union St. Gilloise,OH Leuven,2,Marathonbet,ou,under,3.5,1.67,api_football,open
2026-10-05T04:51:54Z,1558649,2026-10-11T14:00:00Z,9188.1,FAR,Belgian First Division A,standard,Union St. Gilloise,OH Leuven,2,Marathonbet,ht_ou,over,1.5,2.12,api_football,open
2026-10-05T04:51:54Z,1558649,2026-10-11T14:00:00Z,9188.1,FAR,Belgian First Division A,standard,Union St. Gilloise,OH Leuven,2,Marathonbet,ht_ou,under,1.5,1.65,api_football,open
2026-10-05T04:51:54Z,1558649,2026-10-11T14:00:00Z,9188.1,FAR,Belgian First Division A,standard,Union St. Gilloise,OH Leuven,2,Marathonbet,ht_ou,over,0.5,1.21,api_football,open
2026-10-05T04:51:54Z,1558649,2026-10-11T14:00:00Z,9188.1,FAR,Belgian First Division A,standard,Union St. Gilloise,OH Leuven,2,Marathonbet,ht_ou,under,0.5,3.64,api_football,open
2026-10-05T04:51:54Z,1558649,2026-10-11T14:00:00Z,9188.1,FAR,Belgian First Division A,standard,Union St. Gilloise,OH Leuven,2,Marathonbet,btts,yes,,1.85,api_football,open
2026-10-05T04:51:54Z,1558649,2026-10-11T14:00:00Z,9188.1,FAR,Belgian First Division A,standard,Union St. Gilloise,OH Leuven,2,Marathonbet,btts,no,,1.83,api_football,open
2026-10-05T04:51:54Z,1558649,2026-10-11T14:00:00Z,9188.1,FAR,Belgian First Division A,standard,Union St. Gilloise,OH Leuven,3,Betfair,ht_ou,over,1.5,2.1,api_football,open
2026-10-05T04:51:54Z,1558649,2026-10-11T14:00:00Z,9188.1,FAR,Belgian First Division A,standard,Union St. Gilloise,OH Leuven,3,Betfair,ht_ou,under,1.5,1.67,api_football,open
2026-10-05T04:51:54Z,1558649,2026-10-11T14:00:00Z,9188.1,FAR,Belgian First Division A,standard,Union St. Gilloise,OH Leuven,3,Betfair,ht_ou,over,0.5,1.2,api_football,open
2026-10-05T04:51:54Z,1558649,2026-10-11T14:00:00Z,9188.1,FAR,Belgian First Division A,standard,Union St. Gilloise,OH Leuven,3,Betfair,ht_ou,under,0.5,4.0,api_football,open
2026-10-05T04:51:54Z,1558649,2026-10-11T14:00:00Z,9188.1,FAR,Belgian First Division A,standard,Union St. Gilloise,OH Leuven,4,Pinnacle,ou,over,1.5,1.15,api_football,open
2026-10-05T04:51:54Z,1558649,2026-10-11T14:00:00Z,9188.1,FAR,Belgian First Division A,standard,Union St. Gilloise,OH Leuven,4,Pinnacle,ou,under,1.5,5.34,api_football,open
2026-10-05T04:51:54Z,1558649,2026-10-11T14:00:00Z,9188.1,FAR,Belgian First Division A,standard,Union St. Gilloise,OH Leuven,4,Pinnacle,ou,over,2.5,1.46,api_football,open
2026-10-05T04:51:54Z,1558649,2026-10-11T14:00:00Z,9188.1,FAR,Belgian First Division A,standard,Union St. Gilloise,OH Leuven,4,Pinnacle,ou,under,2.5,2.68,api_football,open
2026-10-05T04:51:54Z,1558649,2026-10-11T14:00:00Z,9188.1,FAR,Belgian First Division A,standard,Union St. Gilloise,OH Leuven,4,Pinnacle,ou,over,3.5,2.22,api_football,open
2026-10-05T04:51:54Z,1558649,2026-10-11T14:00:00Z,9188.1,FAR,Belgian First Division A,standard,Union St. Gilloise,OH Leuven,4,Pinnacle,ou,under,3.5,1.67,api_football,open
2026-10-05T04:51:54Z,1558649,2026-10-11T14:00:00Z,9188.1,FAR,Belgian First Division A,standard,Union St. Gilloise,OH Leuven,4,Pinnacle,ht_ou,over,1.5,2.19,api_football,open
2026-10-05T04:51:54Z,1558649,2026-10-11T14:00:00Z,9188.1,FAR,Belgian First Division A,standard,Union St. Gilloise,OH Leuven,4,Pinnacle,ht_ou,under,1.5,1.64,api_football,open
2026-10-05T04:51:54Z,1558649,2026-10-11T14:00:00Z,9188.1,FAR,Belgian First Division A,standard,Union St. Gilloise,OH Leuven,5,SBO,ht_ou,over,1.5,2.08,api_football,open
2026-10-05T04:51:54Z,1558649,2026-10-11T14:00:00Z,9188.1,FAR,Belgian First Division A,standard,Union St. Gilloise,OH Leuven,5,SBO,ht_ou,under,1.5,1.74,api_football,open
2026-10-05T04:51:54Z,1558649,2026-10-11T14:00:00Z,9188.1,FAR,Belgian First Division A,standard,Union St. Gilloise,OH Leuven,11,1xBet,ou,over,1.5,1.1,api_football,open
2026-10-05T04:51:54Z,1558649,2026-10-11T14:00:00Z,9188.1,FAR,Belgian First Division A,standard,Union St. Gilloise,OH Leuven,11,1xBet,ou,under,1.5,5.1,api_football,open
2026-10-05T04:51:54Z,1558649,2026-10-11T14:00:00Z,9188.1,FAR,Belgian First Division A,standard,Union St. Gilloise,OH Leuven,11,1xBet,ou,over,2.5,1.41,api_football,open
2026-10-05T04:51:54Z,1558649,2026-10-11T14:00:00Z,9188.1,FAR,Belgian First Division A,standard,Union St. Gilloise,OH Leuven,11,1xBet,ou,under,2.5,2.52,api_football,open
2026-10-05T04:51:54Z,1558649,2026-10-11T14:00:00Z,9188.1,FAR,Belgian First Division A,standard,Union St. Gilloise,OH Leuven,11,1xBet,ou,over,3.5,2.18,api_football,open
2026-10-05T04:51:54Z,1558649,2026-10-11T14:00:00Z,9188.1,FAR,Belgian First Division A,standard,Union St. Gilloise,OH Leuven,11,1xBet,ou,under,3.5,1.7,api_football,open
2026-10-05T04:51:54Z,1558649,2026-10-11T14:00:00Z,9188.1,FAR,Belgian First Division A,standard,Union St. Gilloise,OH Leuven,11,1xBet,ht_ou,over,1.5,2.12,api_football,open
2026-10-05T04:51:54Z,1558649,2026-10-11T14:00:00Z,9188.1,FAR,Belgian First Division A,standard,Union St. Gilloise,OH Leuven,11,1xBet,ht_ou,under,1.5,1.65,api_football,open
2026-10-05T04:51:54Z,1558649,2026-10-11T14:00:00Z,9188.1,FAR,Belgian First Division A,standard,Union St. Gilloise,OH Leuven,11,1xBet,ht_ou,over,0.5,1.21,api_football,open
2026-10-05T04:51:54Z,1558649,2026-10-11T14:00:00Z,9188.1,FAR,Belgian First Division A,standard,Union St. Gilloise,OH Leuven,11,1xBet,ht_ou,under,0.5,3.64,api_football,open
2026-10-05T04:51:54Z,1558649,2026-10-11T14:00:00Z,9188.1,FAR,Belgian First Division A,standard,Union St. Gilloise,OH Leuven,11,1xBet,btts,yes,,1.85,api_football,open
2026-10-05T04:51:54Z,1558649,2026-10-11T14:00:00Z,9188.1,FAR,Belgian First Division A,standard,Union St. Gilloise,OH Leuven,11,1xBet,btts,no,,1.85,api_football,open
2026-10-05T04:51:54Z,1558649,2026-10-11T14:00:00Z,9188.1,FAR,Belgian First Division A,standard,Union St. Gilloise,OH Leuven,32,Betano,ou,over,1.5,1.15,api_football,open
2026-10-05T04:51:54Z,1558649,2026-10-11T14:00:00Z,9188.1,FAR,Belgian First Division A,standard,Union St. Gilloise,OH Leuven,32,Betano,ou,under,1.5,5.6,api_football,open
2026-10-05T04:51:54Z,1558649,2026-10-11T14:00:00Z,9188.1,FAR,Belgian First Division A,standard,Union St. Gilloise,OH Leuven,32,Betano,ou,over,2.5,1.47,api_football,open
2026-10-05T04:51:54Z,1558649,2026-10-11T14:00:00Z,9188.1,FAR,Belgian First Division A,standard,Union St. Gilloise,OH Leuven,32,Betano,ou,under,2.5,2.77,api_football,open
2026-10-05T04:51:54Z,1558649,2026-10-11T14:00:00Z,9188.1,FAR,Belgian First Division A,standard,Union St. Gilloise,OH Leuven,32,Betano,ou,over,3.5,2.15,api_football,open
2026-10-05T04:51:54Z,1558649,2026-10-11T14:00:00Z,9188.1,FAR,Belgian First Division A,standard,Union St. Gilloise,OH Leuven,32,Betano,ou,under,3.5,1.75,api_football,open
2026-10-05T04:51:54Z,1558649,2026-10-11T14:00:00Z,9188.1,FAR,Belgian First Division A,standard,Union St. Gilloise,OH Leuven,32,Betano,ht_ou,over,1.5,2.18,api_football,open
2026-10-05T04:51:54Z,1558649,2026-10-11T14:00:00Z,9188.1,FAR,Belgian First Division A,standard,Union St. Gilloise,OH Leuven,32,Betano,ht_ou,under,1.5,1.7,api_football,open
2026-10-05T04:51:54Z,1558649,2026-10-11T14:00:00Z,9188.1,FAR,Belgian First Division A,standard,Union St. Gilloise,OH Leuven,32,Betano,ht_ou,over,0.5,1.26,api_football,open
2026-10-05T04:51:54Z,1558649,2026-10-11T14:00:00Z,9188.1,FAR,Belgian First Division A,standard,Union St. Gilloise,OH Leuven,32,Betano,ht_ou,under,0.5,3.7,api_football,open
2026-10-05T04:51:54Z,1558649,2026-10-11T14:00:00Z,9188.1,FAR,Belgian First Division A,standard,Union St. Gilloise,OH Leuven,32,Betano,btts,yes,,1.88,api_football,open
2026-10-05T04:51:54Z,1558649,2026-10-11T14:00:00Z,9188.1,FAR,Belgian First Division A,standard,Union St. Gilloise,OH Leuven,32,Betano,btts,no,,1.87,api_football,open
2026-10-05T04:51:54Z,1558652,2026-10-11T16:30:00Z,9338.1,FAR,Belgian First Division A,standard,KVC Westerlo,Antwerp,7,William Hill,ht_ou,over,1.5,2.15,api_football,open
2026-10-05T04:51:54Z,1558652,2026-10-11T16:30:00Z,9338.1,FAR,Belgian First Division A,standard,KVC Westerlo,Antwerp,7,William Hill,ht_ou,under,1.5,1.62,api_football,open
2026-10-05T04:51:54Z,1558652,2026-10-11T16:30:00Z,9338.1,FAR,Belgian First Division A,standard,KVC Westerlo,Antwerp,7,William Hill,ht_ou,over,0.5,1.22,api_football,open
2026-10-05T04:51:54Z,1558652,2026-10-11T16:30:00Z,9338.1,FAR,Belgian First Division A,standard,KVC Westerlo,Antwerp,7,William Hill,ht_ou,under,0.5,3.8,api_football,open
2026-10-05T04:51:54Z,1558652,2026-10-11T16:30:00Z,9338.1,FAR,Belgian First Division A,standard,KVC Westerlo,Antwerp,7,William Hill,btts,yes,,1.44,api_football,open
2026-10-05T04:51:54Z,1558652,2026-10-11T16:30:00Z,9338.1,FAR,Belgian First Division A,standard,KVC Westerlo,Antwerp,7,William Hill,btts,no,,2.62,api_football,open
2026-10-05T04:51:54Z,1558652,2026-10-11T16:30:00Z,9338.1,FAR,Belgian First Division A,standard,KVC Westerlo,Antwerp,8,Bet365,ou,over,1.5,1.14,api_football,open
2026-10-05T04:51:54Z,1558652,2026-10-11T16:30:00Z,9338.1,FAR,Belgian First Division A,standard,KVC Westerlo,Antwerp,8,Bet365,ou,under,1.5,5.5,api_football,open
2026-10-05T04:51:54Z,1558652,2026-10-11T16:30:00Z,9338.1,FAR,Belgian First Division A,standard,KVC Westerlo,Antwerp,8,Bet365,ou,over,2.5,1.48,api_football,open
2026-10-05T04:51:54Z,1558652,2026-10-11T16:30:00Z,9338.1,FAR,Belgian First Division A,standard,KVC Westerlo,Antwerp,8,Bet365,ou,under,2.5,2.6,api_football,open
2026-10-05T04:51:54Z,1558652,2026-10-11T16:30:00Z,9338.1,FAR,Belgian First Division A,standard,KVC Westerlo,Antwerp,8,Bet365,ou,over,3.5,2.1,api_football,open
2026-10-05T04:51:54Z,1558652,2026-10-11T16:30:00Z,9338.1,FAR,Belgian First Division A,standard,KVC Westerlo,Antwerp,8,Bet365,ou,under,3.5,1.67,api_football,open
2026-10-05T04:51:54Z,1558652,2026-10-11T16:30:00Z,9338.1,FAR,Belgian First Division A,standard,KVC Westerlo,Antwerp,8,Bet365,ht_ou,over,1.5,2.1,api_football,open
2026-10-05T04:51:54Z,1558652,2026-10-11T16:30:00Z,9338.1,FAR,Belgian First Division A,standard,KVC Westerlo,Antwerp,8,Bet365,ht_ou,under,1.5,1.67,api_football,open
2026-10-05T04:51:54Z,1558652,2026-10-11T16:30:00Z,9338.1,FAR,Belgian First Division A,standard,KVC Westerlo,Antwerp,8,Bet365,ht_ou,over,0.5,1.25,api_football,open
2026-10-05T04:51:54Z,1558652,2026-10-11T16:30:00Z,9338.1,FAR,Belgian First Division A,standard,KVC Westerlo,Antwerp,8,Bet365,ht_ou,under,0.5,3.75,api_football,open
2026-10-05T04:51:54Z,1558652,2026-10-11T16:30:00Z,9338.1,FAR,Belgian First Division A,standard,KVC Westerlo,Antwerp,8,Bet365,btts,yes,,1.44,api_football,open
2026-10-05T04:51:54Z,1558652,2026-10-11T16:30:00Z,9338.1,FAR,Belgian First Division A,standard,KVC Westerlo,Antwerp,8,Bet365,btts,no,,2.62,api_football,open
2026-10-05T04:51:54Z,1558652,2026-10-11T16:30:00Z,9338.1,FAR,Belgian First Division A,standard,KVC Westerlo,Antwerp,2,Marathonbet,ou,over,1.5,1.11,api_football,open
2026-10-05T04:51:54Z,1558652,2026-10-11T16:30:00Z,9338.1,FAR,Belgian First Division A,standard,KVC Westerlo,Antwerp,2,Marathonbet,ou,under,1.5,4.95,api_football,open
2026-10-05T04:51:54Z,1558652,2026-10-11T16:30:00Z,9338.1,FAR,Belgian First Division A,standard,KVC Westerlo,Antwerp,2,Marathonbet,ou,over,2.5,1.44,api_football,open
2026-10-05T04:51:54Z,1558652,2026-10-11T16:30:00Z,9338.1,FAR,Belgian First Division A,standard,KVC Westerlo,Antwerp,2,Marathonbet,ou,under,2.5,2.43,api_football,open
2026-10-05T04:51:54Z,1558652,2026-10-11T16:30:00Z,9338.1,FAR,Belgian First Division A,standard,KVC Westerlo,Antwerp,2,Marathonbet,ou,over,3.5,2.19,api_football,open
2026-10-05T04:51:54Z,1558652,2026-10-11T16:30:00Z,9338.1,FAR,Belgian First Division A,standard,KVC Westerlo,Antwerp,2,Marathonbet,ou,under,3.5,1.63,api_football,open
2026-10-05T04:51:54Z,1558652,2026-10-11T16:30:00Z,9338.1,FAR,Belgian First Division A,standard,KVC Westerlo,Antwerp,2,Marathonbet,ht_ou,over,1.5,2.1,api_football,open
2026-10-05T04:51:54Z,1558652,2026-10-11T16:30:00Z,9338.1,FAR,Belgian First Division A,standard,KVC Westerlo,Antwerp,2,Marathonbet,ht_ou,under,1.5,1.67,api_football,open
2026-10-05T04:51:54Z,1558652,2026-10-11T16:30:00Z,9338.1,FAR,Belgian First Division A,standard,KVC Westerlo,Antwerp,2,Marathonbet,ht_ou,over,0.5,1.19,api_football,open
2026-10-05T04:51:54Z,1558652,2026-10-11T16:30:00Z,9338.1,FAR,Belgian First Division A,standard,KVC Westerlo,Antwerp,2,Marathonbet,ht_ou,under,0.5,3.8,api_football,open
2026-10-05T04:51:54Z,1558652,2026-10-11T16:30:00Z,9338.1,FAR,Belgian First Division A,standard,KVC Westerlo,Antwerp,2,Marathonbet,btts,yes,,1.43,api_football,open
2026-10-05T04:51:54Z,1558652,2026-10-11T16:30:00Z,9338.1,FAR,Belgian First Division A,standard,KVC Westerlo,Antwerp,2,Marathonbet,btts,no,,2.58,api_football,open
2026-10-05T04:51:54Z,1558652,2026-10-11T16:30:00Z,9338.1,FAR,Belgian First Division A,standard,KVC Westerlo,Antwerp,3,Betfair,ht_ou,over,1.5,2.2,api_football,open
2026-10-05T04:51:54Z,1558652,2026-10-11T16:30:00Z,9338.1,FAR,Belgian First Division A,standard,KVC Westerlo,Antwerp,3,Betfair,ht_ou,under,1.5,1.62,api_football,open
2026-10-05T04:51:54Z,1558652,2026-10-11T16:30:00Z,9338.1,FAR,Belgian First Division A,standard,KVC Westerlo,Antwerp,3,Betfair,ht_ou,over,0.5,1.22,api_football,open
2026-10-05T04:51:54Z,1558652,2026-10-11T16:30:00Z,9338.1,FAR,Belgian First Division A,standard,KVC Westerlo,Antwerp,3,Betfair,ht_ou,under,0.5,3.75,api_football,open
2026-10-05T04:51:54Z,1558652,2026-10-11T16:30:00Z,9338.1,FAR,Belgian First Division A,standard,KVC Westerlo,Antwerp,4,Pinnacle,ou,over,1.5,1.15,api_football,open
2026-10-05T04:51:54Z,1558652,2026-10-11T16:30:00Z,9338.1,FAR,Belgian First Division A,standard,KVC Westerlo,Antwerp,4,Pinnacle,ou,under,1.5,5.35,api_football,open
2026-10-05T04:51:54Z,1558652,2026-10-11T16:30:00Z,9338.1,FAR,Belgian First Division A,standard,KVC Westerlo,Antwerp,4,Pinnacle,ou,over,2.5,1.48,api_football,open
2026-10-05T04:51:54Z,1558652,2026-10-11T16:30:00Z,9338.1,FAR,Belgian First Division A,standard,KVC Westerlo,Antwerp,4,Pinnacle,ou,under,2.5,2.65,api_football,open
2026-10-05T04:51:54Z,1558652,2026-10-11T16:30:00Z,9338.1,FAR,Belgian First Division A,standard,KVC Westerlo,Antwerp,4,Pinnacle,ou,over,3.5,2.2,api_football,open
2026-10-05T04:51:54Z,1558652,2026-10-11T16:30:00Z,9338.1,FAR,Belgian First Division A,standard,KVC Westerlo,Antwerp,4,Pinnacle,ou,under,3.5,1.68,api_football,open
2026-10-05T04:51:54Z,1558652,2026-10-11T16:30:00Z,9338.1,FAR,Belgian First Division A,standard,KVC Westerlo,Antwerp,4,Pinnacle,ht_ou,over,1.5,2.2,api_football,open
2026-10-05T04:51:54Z,1558652,2026-10-11T16:30:00Z,9338.1,FAR,Belgian First Division A,standard,KVC Westerlo,Antwerp,4,Pinnacle,ht_ou,under,1.5,1.65,api_football,open
2026-10-05T04:51:54Z,1558652,2026-10-11T16:30:00Z,9338.1,FAR,Belgian First Division A,standard,KVC Westerlo,Antwerp,11,1xBet,ou,over,1.5,1.11,api_football,open
2026-10-05T04:51:54Z,1558652,2026-10-11T16:30:00Z,9338.1,FAR,Belgian First Division A,standard,KVC Westerlo,Antwerp,11,1xBet,ou,under,1.5,4.95,api_football,open
2026-10-05T04:51:54Z,1558652,2026-10-11T16:30:00Z,9338.1,FAR,Belgian First Division A,standard,KVC Westerlo,Antwerp,11,1xBet,ou,over,2.5,1.44,api_football,open
2026-10-05T04:51:54Z,1558652,2026-10-11T16:30:00Z,9338.1,FAR,Belgian First Division A,standard,KVC Westerlo,Antwerp,11,1xBet,ou,under,2.5,2.43,api_football,open
2026-10-05T04:51:54Z,1558652,2026-10-11T16:30:00Z,9338.1,FAR,Belgian First Division A,standard,KVC Westerlo,Antwerp,11,1xBet,ou,over,3.5,2.24,api_football,open
2026-10-05T04:51:54Z,1558652,2026-10-11T16:30:00Z,9338.1,FAR,Belgian First Division A,standard,KVC Westerlo,Antwerp,11,1xBet,ou,under,3.5,1.67,api_football,open
2026-10-05T04:51:54Z,1558652,2026-10-11T16:30:00Z,9338.1,FAR,Belgian First Division A,standard,KVC Westerlo,Antwerp,11,1xBet,ht_ou,over,1.5,2.1,api_football,open
2026-10-05T04:51:54Z,1558652,2026-10-11T16:30:00Z,9338.1,FAR,Belgian First Division A,standard,KVC Westerlo,Antwerp,11,1xBet,ht_ou,under,1.5,1.67,api_football,open
2026-10-05T04:51:54Z,1558652,2026-10-11T16:30:00Z,9338.1,FAR,Belgian First Division A,standard,KVC Westerlo,Antwerp,11,1xBet,ht_ou,over,0.5,1.19,api_football,open
2026-10-05T04:51:54Z,1558652,2026-10-11T16:30:00Z,9338.1,FAR,Belgian First Division A,standard,KVC Westerlo,Antwerp,11,1xBet,ht_ou,under,0.5,3.8,api_football,open
2026-10-05T04:51:54Z,1558652,2026-10-11T16:30:00Z,9338.1,FAR,Belgian First Division A,standard,KVC Westerlo,Antwerp,11,1xBet,btts,yes,,1.43,api_football,open
2026-10-05T04:51:54Z,1558652,2026-10-11T16:30:00Z,9338.1,FAR,Belgian First Division A,standard,KVC Westerlo,Antwerp,11,1xBet,btts,no,,2.63,api_football,open
2026-10-05T04:51:54Z,1558652,2026-10-11T16:30:00Z,9338.1,FAR,Belgian First Division A,standard,KVC Westerlo,Antwerp,32,Betano,ou,over,1.5,1.17,api_football,open
2026-10-05T04:51:54Z,1558652,2026-10-11T16:30:00Z,9338.1,FAR,Belgian First Division A,standard,KVC Westerlo,Antwerp,32,Betano,ou,under,1.5,5.1,api_football,open
2026-10-05T04:51:54Z,1558652,2026-10-11T16:30:00Z,9338.1,FAR,Belgian First Division A,standard,KVC Westerlo,Antwerp,32,Betano,ou,over,2.5,1.53,api_football,open
2026-10-05T04:51:54Z,1558652,2026-10-11T16:30:00Z,9338.1,FAR,Belgian First Division A,standard,KVC Westerlo,Antwerp,32,Betano,ou,under,2.5,2.6,api_football,open
2026-10-05T04:51:54Z,1558652,2026-10-11T16:30:00Z,9338.1,FAR,Belgian First Division A,standard,KVC Westerlo,Antwerp,32,Betano,ou,over,3.5,2.27,api_football,open
2026-10-05T04:51:54Z,1558652,2026-10-11T16:30:00Z,9338.1,FAR,Belgian First Division A,standard,KVC Westerlo,Antwerp,32,Betano,ou,under,3.5,1.67,api_football,open
2026-10-05T04:51:54Z,1558652,2026-10-11T16:30:00Z,9338.1,FAR,Belgian First Division A,standard,KVC Westerlo,Antwerp,32,Betano,ht_ou,over,1.5,2.27,api_football,open
2026-10-05T04:51:54Z,1558652,2026-10-11T16:30:00Z,9338.1,FAR,Belgian First Division A,standard,KVC Westerlo,Antwerp,32,Betano,ht_ou,under,1.5,1.65,api_football,open
2026-10-05T04:51:54Z,1558652,2026-10-11T16:30:00Z,9338.1,FAR,Belgian First Division A,standard,KVC Westerlo,Antwerp,32,Betano,ht_ou,over,0.5,1.29,api_football,open
2026-10-05T04:51:54Z,1558652,2026-10-11T16:30:00Z,9338.1,FAR,Belgian First Division A,standard,KVC Westerlo,Antwerp,32,Betano,ht_ou,under,0.5,3.5,api_football,open
2026-10-05T04:51:54Z,1558652,2026-10-11T16:30:00Z,9338.1,FAR,Belgian First Division A,standard,KVC Westerlo,Antwerp,32,Betano,btts,yes,,1.45,api_football,open
2026-10-05T04:51:54Z,1558652,2026-10-11T16:30:00Z,9338.1,FAR,Belgian First Division A,standard,KVC Westerlo,Antwerp,32,Betano,btts,no,,2.62,api_football,open
2026-10-05T04:51:54Z,1552181,2026-10-10T16:45:00Z,7913.1,FAR,Dutch Eredivisie,standard,Feyenoord,AZ Alkmaar,5,SBO,ht_ou,over,1.5,2.04,api_football,open
2026-10-05T04:51:54Z,1552181,2026-10-10T16:45:00Z,7913.1,FAR,Dutch Eredivisie,standard,Feyenoord,AZ Alkmaar,5,SBO,ht_ou,under,1.5,1.78,api_football,open
2026-10-05T04:51:54Z,1552188,2026-10-11T14:45:00Z,9233.1,FAR,Dutch Eredivisie,standard,Excelsior,Groningen,36,BetVictor,ou,over,1.5,1.14,api_football,open
2026-10-05T04:51:54Z,1552188,2026-10-11T14:45:00Z,9233.1,FAR,Dutch Eredivisie,standard,Excelsior,Groningen,36,BetVictor,ou,under,1.5,5.0,api_football,open
2026-10-05T04:51:54Z,1552188,2026-10-11T14:45:00Z,9233.1,FAR,Dutch Eredivisie,standard,Excelsior,Groningen,36,BetVictor,ou,over,2.5,1.52,api_football,open
2026-10-05T04:51:54Z,1552188,2026-10-11T14:45:00Z,9233.1,FAR,Dutch Eredivisie,standard,Excelsior,Groningen,36,BetVictor,ou,under,2.5,2.31,api_football,open
2026-10-05T04:51:54Z,1552188,2026-10-11T14:45:00Z,9233.1,FAR,Dutch Eredivisie,standard,Excelsior,Groningen,36,BetVictor,ou,over,3.5,2.24,api_football,open
2026-10-05T04:51:54Z,1552188,2026-10-11T14:45:00Z,9233.1,FAR,Dutch Eredivisie,standard,Excelsior,Groningen,36,BetVictor,ou,under,3.5,1.55,api_football,open
2026-10-05T04:51:54Z,1552188,2026-10-11T14:45:00Z,9233.1,FAR,Dutch Eredivisie,standard,Excelsior,Groningen,36,BetVictor,ht_ou,over,1.5,2.15,api_football,open
2026-10-05T04:51:54Z,1552188,2026-10-11T14:45:00Z,9233.1,FAR,Dutch Eredivisie,standard,Excelsior,Groningen,36,BetVictor,ht_ou,under,1.5,1.6,api_football,open
2026-10-05T04:51:54Z,1552188,2026-10-11T14:45:00Z,9233.1,FAR,Dutch Eredivisie,standard,Excelsior,Groningen,36,BetVictor,btts,yes,,1.44,api_football,open
2026-10-05T04:51:54Z,1552188,2026-10-11T14:45:00Z,9233.1,FAR,Dutch Eredivisie,standard,Excelsior,Groningen,36,BetVictor,btts,no,,2.55,api_football,open
2026-10-05T04:51:54Z,1569964,2026-10-10T14:15:00Z,7763.1,FAR,La Liga 2,standard,AD Ceuta FC,Sabadell,7,William Hill,ht_ou,over,1.5,2.8,api_football,open
2026-10-05T04:51:54Z,1569964,2026-10-10T14:15:00Z,7763.1,FAR,La Liga 2,standard,AD Ceuta FC,Sabadell,7,William Hill,ht_ou,under,1.5,1.4,api_football,open
2026-10-05T04:51:54Z,1569964,2026-10-10T14:15:00Z,7763.1,FAR,La Liga 2,standard,AD Ceuta FC,Sabadell,7,William Hill,ht_ou,over,0.5,1.36,api_football,open
2026-10-05T04:51:54Z,1569964,2026-10-10T14:15:00Z,7763.1,FAR,La Liga 2,standard,AD Ceuta FC,Sabadell,7,William Hill,ht_ou,under,0.5,2.9,api_football,open
2026-10-05T04:51:54Z,1569964,2026-10-10T14:15:00Z,7763.1,FAR,La Liga 2,standard,AD Ceuta FC,Sabadell,7,William Hill,btts,yes,,1.75,api_football,open
2026-10-05T04:51:54Z,1569964,2026-10-10T14:15:00Z,7763.1,FAR,La Liga 2,standard,AD Ceuta FC,Sabadell,7,William Hill,btts,no,,1.95,api_football,open
2026-10-05T04:51:54Z,1569964,2026-10-10T14:15:00Z,7763.1,FAR,La Liga 2,standard,AD Ceuta FC,Sabadell,2,Marathonbet,ou,over,1.5,1.26,api_football,open
2026-10-05T04:51:54Z,1569964,2026-10-10T14:15:00Z,7763.1,FAR,La Liga 2,standard,AD Ceuta FC,Sabadell,2,Marathonbet,ou,under,1.5,3.2,api_football,open
2026-10-05T04:51:54Z,1569964,2026-10-10T14:15:00Z,7763.1,FAR,La Liga 2,standard,AD Ceuta FC,Sabadell,2,Marathonbet,ou,over,2.5,1.91,api_football,open
2026-10-05T04:51:54Z,1569964,2026-10-10T14:15:00Z,7763.1,FAR,La Liga 2,standard,AD Ceuta FC,Sabadell,2,Marathonbet,ou,under,2.5,1.83,api_football,open
2026-10-05T04:51:54Z,1569964,2026-10-10T14:15:00Z,7763.1,FAR,La Liga 2,standard,AD Ceuta FC,Sabadell,2,Marathonbet,ou,over,3.5,3.2,api_football,open
2026-10-05T04:51:54Z,1569964,2026-10-10T14:15:00Z,7763.1,FAR,La Liga 2,standard,AD Ceuta FC,Sabadell,2,Marathonbet,ou,under,3.5,1.26,api_football,open
2026-10-05T04:51:54Z,1569964,2026-10-10T14:15:00Z,7763.1,FAR,La Liga 2,standard,AD Ceuta FC,Sabadell,2,Marathonbet,ht_ou,over,1.5,2.67,api_football,open
2026-10-05T04:51:54Z,1569964,2026-10-10T14:15:00Z,7763.1,FAR,La Liga 2,standard,AD Ceuta FC,Sabadell,2,Marathonbet,ht_ou,under,1.5,1.4,api_football,open
2026-10-05T04:51:54Z,1569964,2026-10-10T14:15:00Z,7763.1,FAR,La Liga 2,standard,AD Ceuta FC,Sabadell,2,Marathonbet,ht_ou,over,0.5,1.34,api_football,open
2026-10-05T04:51:54Z,1569964,2026-10-10T14:15:00Z,7763.1,FAR,La Liga 2,standard,AD Ceuta FC,Sabadell,2,Marathonbet,ht_ou,under,0.5,2.92,api_football,open
2026-10-05T04:51:54Z,1569964,2026-10-10T14:15:00Z,7763.1,FAR,La Liga 2,standard,AD Ceuta FC,Sabadell,2,Marathonbet,btts,yes,,1.71,api_football,open
2026-10-05T04:51:54Z,1569964,2026-10-10T14:15:00Z,7763.1,FAR,La Liga 2,standard,AD Ceuta FC,Sabadell,2,Marathonbet,btts,no,,1.99,api_football,open
2026-10-05T04:51:54Z,1569964,2026-10-10T14:15:00Z,7763.1,FAR,La Liga 2,standard,AD Ceuta FC,Sabadell,3,Betfair,ht_ou,over,1.5,2.88,api_football,open
2026-10-05T04:51:54Z,1569964,2026-10-10T14:15:00Z,7763.1,FAR,La Liga 2,standard,AD Ceuta FC,Sabadell,3,Betfair,ht_ou,under,1.5,1.36,api_football,open
2026-10-05T04:51:54Z,1569964,2026-10-10T14:15:00Z,7763.1,FAR,La Liga 2,standard,AD Ceuta FC,Sabadell,3,Betfair,ht_ou,over,0.5,1.36,api_football,open
2026-10-05T04:51:54Z,1569964,2026-10-10T14:15:00Z,7763.1,FAR,La Liga 2,standard,AD Ceuta FC,Sabadell,3,Betfair,ht_ou,under,0.5,2.88,api_football,open
2026-10-05T04:51:54Z,1569964,2026-10-10T14:15:00Z,7763.1,FAR,La Liga 2,standard,AD Ceuta FC,Sabadell,3,Betfair,btts,yes,,1.67,api_football,open
2026-10-05T04:51:54Z,1569964,2026-10-10T14:15:00Z,7763.1,FAR,La Liga 2,standard,AD Ceuta FC,Sabadell,3,Betfair,btts,no,,2.1,api_football,open
2026-10-05T04:51:54Z,1569964,2026-10-10T14:15:00Z,7763.1,FAR,La Liga 2,standard,AD Ceuta FC,Sabadell,36,BetVictor,ou,over,1.5,1.3,api_football,open
2026-10-05T04:51:54Z,1569964,2026-10-10T14:15:00Z,7763.1,FAR,La Liga 2,standard,AD Ceuta FC,Sabadell,36,BetVictor,ou,under,1.5,3.3,api_football,open
2026-10-05T04:51:54Z,1569964,2026-10-10T14:15:00Z,7763.1,FAR,La Liga 2,standard,AD Ceuta FC,Sabadell,36,BetVictor,ou,over,2.5,1.91,api_football,open
2026-10-05T04:51:54Z,1569964,2026-10-10T14:15:00Z,7763.1,FAR,La Liga 2,standard,AD Ceuta FC,Sabadell,36,BetVictor,ou,under,2.5,1.77,api_football,open
2026-10-05T04:51:54Z,1569964,2026-10-10T14:15:00Z,7763.1,FAR,La Liga 2,standard,AD Ceuta FC,Sabadell,36,BetVictor,ou,over,3.5,3.5,api_football,open
2026-10-05T04:51:54Z,1569964,2026-10-10T14:15:00Z,7763.1,FAR,La Liga 2,standard,AD Ceuta FC,Sabadell,36,BetVictor,ou,under,3.5,1.25,api_football,open
2026-10-05T04:51:54Z,1569964,2026-10-10T14:15:00Z,7763.1,FAR,La Liga 2,standard,AD Ceuta FC,Sabadell,36,BetVictor,ht_ou,over,1.5,2.66,api_football,open
2026-10-05T04:51:54Z,1569964,2026-10-10T14:15:00Z,7763.1,FAR,La Liga 2,standard,AD Ceuta FC,Sabadell,36,BetVictor,ht_ou,under,1.5,1.4,api_football,open
2026-10-05T04:51:54Z,1569964,2026-10-10T14:15:00Z,7763.1,FAR,La Liga 2,standard,AD Ceuta FC,Sabadell,36,BetVictor,ht_ou,over,0.5,1.4,api_football,open
2026-10-05T04:51:54Z,1569964,2026-10-10T14:15:00Z,7763.1,FAR,La Liga 2,standard,AD Ceuta FC,Sabadell,36,BetVictor,ht_ou,under,0.5,2.66,api_football,open
2026-10-05T04:51:54Z,1569964,2026-10-10T14:15:00Z,7763.1,FAR,La Liga 2,standard,AD Ceuta FC,Sabadell,36,BetVictor,btts,yes,,1.73,api_football,open
2026-10-05T04:51:54Z,1569964,2026-10-10T14:15:00Z,7763.1,FAR,La Liga 2,standard,AD Ceuta FC,Sabadell,36,BetVictor,btts,no,,2.0,api_football,open
2026-10-05T04:51:54Z,1569964,2026-10-10T14:15:00Z,7763.1,FAR,La Liga 2,standard,AD Ceuta FC,Sabadell,4,Pinnacle,ou,over,1.5,1.3,api_football,open
2026-10-05T04:51:54Z,1569964,2026-10-10T14:15:00Z,7763.1,FAR,La Liga 2,standard,AD Ceuta FC,Sabadell,4,Pinnacle,ou,under,1.5,3.49,api_football,open
2026-10-05T04:51:54Z,1569964,2026-10-10T14:15:00Z,7763.1,FAR,La Liga 2,standard,AD Ceuta FC,Sabadell,4,Pinnacle,ou,over,2.5,2.05,api_football,open
2026-10-05T04:51:54Z,1569964,2026-10-10T14:15:00Z,7763.1,FAR,La Liga 2,standard,AD Ceuta FC,Sabadell,4,Pinnacle,ou,under,2.5,1.8,api_football,open
2026-10-05T04:51:54Z,1569964,2026-10-10T14:15:00Z,7763.1,FAR,La Liga 2,standard,AD Ceuta FC,Sabadell,4,Pinnacle,ou,over,3.5,3.57,api_football,open
2026-10-05T04:51:54Z,1569964,2026-10-10T14:15:00Z,7763.1,FAR,La Liga 2,standard,AD Ceuta FC,Sabadell,4,Pinnacle,ou,under,3.5,1.29,api_football,open
2026-10-05T04:51:54Z,1569964,2026-10-10T14:15:00Z,7763.1,FAR,La Liga 2,standard,AD Ceuta FC,Sabadell,4,Pinnacle,ht_ou,over,1.5,2.97,api_football,open
2026-10-05T04:51:54Z,1569964,2026-10-10T14:15:00Z,7763.1,FAR,La Liga 2,standard,AD Ceuta FC,Sabadell,4,Pinnacle,ht_ou,under,1.5,1.37,api_football,open
2026-10-05T04:51:54Z,1569964,2026-10-10T14:15:00Z,7763.1,FAR,La Liga 2,standard,AD Ceuta FC,Sabadell,4,Pinnacle,ht_ou,over,0.5,1.39,api_football,open
2026-10-05T04:51:54Z,1569964,2026-10-10T14:15:00Z,7763.1,FAR,La Liga 2,standard,AD Ceuta FC,Sabadell,4,Pinnacle,ht_ou,under,0.5,2.9,api_football,open
2026-10-05T04:51:54Z,1569964,2026-10-10T14:15:00Z,7763.1,FAR,La Liga 2,standard,AD Ceuta FC,Sabadell,11,1xBet,ou,over,1.5,1.26,api_football,open
2026-10-05T04:51:54Z,1569964,2026-10-10T14:15:00Z,7763.1,FAR,La Liga 2,standard,AD Ceuta FC,Sabadell,11,1xBet,ou,under,1.5,3.2,api_football,open
2026-10-05T04:51:54Z,1569964,2026-10-10T14:15:00Z,7763.1,FAR,La Liga 2,standard,AD Ceuta FC,Sabadell,11,1xBet,ou,over,2.5,1.96,api_football,open
2026-10-05T04:51:54Z,1569964,2026-10-10T14:15:00Z,7763.1,FAR,La Liga 2,standard,AD Ceuta FC,Sabadell,11,1xBet,ou,under,2.5,1.88,api_football,open
2026-10-05T04:51:54Z,1569964,2026-10-10T14:15:00Z,7763.1,FAR,La Liga 2,standard,AD Ceuta FC,Sabadell,11,1xBet,ou,over,3.5,3.2,api_football,open
2026-10-05T04:51:54Z,1569964,2026-10-10T14:15:00Z,7763.1,FAR,La Liga 2,standard,AD Ceuta FC,Sabadell,11,1xBet,ou,under,3.5,1.26,api_football,open
2026-10-05T04:51:54Z,1569964,2026-10-10T14:15:00Z,7763.1,FAR,La Liga 2,standard,AD Ceuta FC,Sabadell,11,1xBet,ht_ou,over,1.5,2.67,api_football,open
2026-10-05T04:51:54Z,1569964,2026-10-10T14:15:00Z,7763.1,FAR,La Liga 2,standard,AD Ceuta FC,Sabadell,11,1xBet,ht_ou,under,1.5,1.4,api_football,open
2026-10-05T04:51:54Z,1569964,2026-10-10T14:15:00Z,7763.1,FAR,La Liga 2,standard,AD Ceuta FC,Sabadell,11,1xBet,ht_ou,over,0.5,1.34,api_football,open
2026-10-05T04:51:54Z,1569964,2026-10-10T14:15:00Z,7763.1,FAR,La Liga 2,standard,AD Ceuta FC,Sabadell,11,1xBet,ht_ou,under,0.5,2.92,api_football,open
2026-10-05T04:51:54Z,1569964,2026-10-10T14:15:00Z,7763.1,FAR,La Liga 2,standard,AD Ceuta FC,Sabadell,11,1xBet,btts,yes,,1.71,api_football,open
2026-10-05T04:51:54Z,1569964,2026-10-10T14:15:00Z,7763.1,FAR,La Liga 2,standard,AD Ceuta FC,Sabadell,11,1xBet,btts,no,,2.02,api_football,open
2026-10-05T04:51:54Z,1569964,2026-10-10T14:15:00Z,7763.1,FAR,La Liga 2,standard,AD Ceuta FC,Sabadell,32,Betano,ou,over,1.5,1.32,api_football,open
2026-10-05T04:51:54Z,1569964,2026-10-10T14:15:00Z,7763.1,FAR,La Liga 2,standard,AD Ceuta FC,Sabadell,32,Betano,ou,under,1.5,3.45,api_football,open
2026-10-05T04:51:54Z,1569964,2026-10-10T14:15:00Z,7763.1,FAR,La Liga 2,standard,AD Ceuta FC,Sabadell,32,Betano,ou,over,2.5,1.95,api_football,open
2026-10-05T04:51:54Z,1569964,2026-10-10T14:15:00Z,7763.1,FAR,La Liga 2,standard,AD Ceuta FC,Sabadell,32,Betano,ou,under,2.5,1.88,api_football,open
2026-10-05T04:51:54Z,1569964,2026-10-10T14:15:00Z,7763.1,FAR,La Liga 2,standard,AD Ceuta FC,Sabadell,32,Betano,ou,over,3.5,3.3,api_football,open
2026-10-05T04:51:54Z,1569964,2026-10-10T14:15:00Z,7763.1,FAR,La Liga 2,standard,AD Ceuta FC,Sabadell,32,Betano,ou,under,3.5,1.34,api_football,open
2026-10-05T04:51:54Z,1569964,2026-10-10T14:15:00Z,7763.1,FAR,La Liga 2,standard,AD Ceuta FC,Sabadell,32,Betano,ht_ou,over,1.5,2.92,api_football,open
2026-10-05T04:51:54Z,1569964,2026-10-10T14:15:00Z,7763.1,FAR,La Liga 2,standard,AD Ceuta FC,Sabadell,32,Betano,ht_ou,under,1.5,1.42,api_football,open
2026-10-05T04:51:54Z,1569964,2026-10-10T14:15:00Z,7763.1,FAR,La Liga 2,standard,AD Ceuta FC,Sabadell,32,Betano,ht_ou,over,0.5,1.45,api_football,open
2026-10-05T04:51:54Z,1569964,2026-10-10T14:15:00Z,7763.1,FAR,La Liga 2,standard,AD Ceuta FC,Sabadell,32,Betano,ht_ou,under,0.5,2.8,api_football,open
2026-10-05T04:51:54Z,1569964,2026-10-10T14:15:00Z,7763.1,FAR,La Liga 2,standard,AD Ceuta FC,Sabadell,32,Betano,btts,yes,,1.72,api_football,open
2026-10-05T04:51:54Z,1569964,2026-10-10T14:15:00Z,7763.1,FAR,La Liga 2,standard,AD Ceuta FC,Sabadell,32,Betano,btts,no,,2.05,api_football,open
2026-10-05T04:51:54Z,1569959,2026-10-11T14:15:00Z,9203.1,FAR,La Liga 2,standard,Almeria,Leganes,7,William Hill,ht_ou,over,1.5,2.5,api_football,open
2026-10-05T04:51:54Z,1569959,2026-10-11T14:15:00Z,9203.1,FAR,La Liga 2,standard,Almeria,Leganes,7,William Hill,ht_ou,under,1.5,1.44,api_football,open
2026-10-05T04:51:54Z,1569959,2026-10-11T14:15:00Z,9203.1,FAR,La Liga 2,standard,Almeria,Leganes,7,William Hill,ht_ou,over,0.5,1.33,api_football,open
2026-10-05T04:51:54Z,1569959,2026-10-11T14:15:00Z,9203.1,FAR,La Liga 2,standard,Almeria,Leganes,7,William Hill,ht_ou,under,0.5,3.1,api_football,open
2026-10-05T04:51:54Z,1569959,2026-10-11T14:15:00Z,9203.1,FAR,La Liga 2,standard,Almeria,Leganes,7,William Hill,btts,yes,,1.75,api_football,open
2026-10-05T04:51:54Z,1569959,2026-10-11T14:15:00Z,9203.1,FAR,La Liga 2,standard,Almeria,Leganes,7,William Hill,btts,no,,2.0,api_football,open
2026-10-05T04:51:54Z,1569966,2026-10-11T16:30:00Z,9338.1,FAR,La Liga 2,standard,Mallorca,Las Palmas,7,William Hill,ht_ou,over,1.5,2.62,api_football,open
2026-10-05T04:51:54Z,1569966,2026-10-11T16:30:00Z,9338.1,FAR,La Liga 2,standard,Mallorca,Las Palmas,7,William Hill,ht_ou,under,1.5,1.44,api_football,open
2026-10-05T04:51:54Z,1569966,2026-10-11T16:30:00Z,9338.1,FAR,La Liga 2,standard,Mallorca,Las Palmas,7,William Hill,ht_ou,over,0.5,1.35,api_football,open
2026-10-05T04:51:54Z,1569966,2026-10-11T16:30:00Z,9338.1,FAR,La Liga 2,standard,Mallorca,Las Palmas,7,William Hill,ht_ou,under,0.5,3.0,api_football,open
2026-10-05T04:51:54Z,1569966,2026-10-11T16:30:00Z,9338.1,FAR,La Liga 2,standard,Mallorca,Las Palmas,7,William Hill,btts,yes,,1.85,api_football,open
2026-10-05T04:51:54Z,1569966,2026-10-11T16:30:00Z,9338.1,FAR,La Liga 2,standard,Mallorca,Las Palmas,7,William Hill,btts,no,,1.85,api_football,open
2026-10-05T04:51:54Z,1569966,2026-10-11T16:30:00Z,9338.1,FAR,La Liga 2,standard,Mallorca,Las Palmas,2,Marathonbet,ou,over,1.5,1.21,api_football,open
2026-10-05T04:51:54Z,1569966,2026-10-11T16:30:00Z,9338.1,FAR,La Liga 2,standard,Mallorca,Las Palmas,2,Marathonbet,ou,under,1.5,3.58,api_football,open
2026-10-05T04:51:54Z,1569966,2026-10-11T16:30:00Z,9338.1,FAR,La Liga 2,standard,Mallorca,Las Palmas,2,Marathonbet,ou,over,2.5,1.8,api_football,open
2026-10-05T04:51:54Z,1569966,2026-10-11T16:30:00Z,9338.1,FAR,La Liga 2,standard,Mallorca,Las Palmas,2,Marathonbet,ou,under,2.5,1.94,api_football,open
2026-10-05T04:51:54Z,1569966,2026-10-11T16:30:00Z,9338.1,FAR,La Liga 2,standard,Mallorca,Las Palmas,2,Marathonbet,ou,over,3.5,2.88,api_football,open
2026-10-05T04:51:54Z,1569966,2026-10-11T16:30:00Z,9338.1,FAR,La Liga 2,standard,Mallorca,Las Palmas,2,Marathonbet,ou,under,3.5,1.32,api_football,open
2026-10-05T04:51:54Z,1569966,2026-10-11T16:30:00Z,9338.1,FAR,La Liga 2,standard,Mallorca,Las Palmas,2,Marathonbet,ht_ou,over,1.5,2.6,api_football,open
2026-10-05T04:51:54Z,1569966,2026-10-11T16:30:00Z,9338.1,FAR,La Liga 2,standard,Mallorca,Las Palmas,2,Marathonbet,ht_ou,under,1.5,1.42,api_football,open
2026-10-05T04:51:54Z,1569966,2026-10-11T16:30:00Z,9338.1,FAR,La Liga 2,standard,Mallorca,Las Palmas,2,Marathonbet,ht_ou,over,0.5,1.33,api_football,open
2026-10-05T04:51:54Z,1569966,2026-10-11T16:30:00Z,9338.1,FAR,La Liga 2,standard,Mallorca,Las Palmas,2,Marathonbet,ht_ou,under,0.5,2.96,api_football,open
2026-10-05T04:51:54Z,1569966,2026-10-11T16:30:00Z,9338.1,FAR,La Liga 2,standard,Mallorca,Las Palmas,2,Marathonbet,btts,yes,,1.81,api_football,open
2026-10-05T04:51:54Z,1569966,2026-10-11T16:30:00Z,9338.1,FAR,La Liga 2,standard,Mallorca,Las Palmas,2,Marathonbet,btts,no,,1.87,api_football,open
2026-10-05T04:51:54Z,1569966,2026-10-11T16:30:00Z,9338.1,FAR,La Liga 2,standard,Mallorca,Las Palmas,3,Betfair,ht_ou,over,1.5,2.75,api_football,open
2026-10-05T04:51:54Z,1569966,2026-10-11T16:30:00Z,9338.1,FAR,La Liga 2,standard,Mallorca,Las Palmas,3,Betfair,ht_ou,under,1.5,1.4,api_football,open
2026-10-05T04:51:54Z,1569966,2026-10-11T16:30:00Z,9338.1,FAR,La Liga 2,standard,Mallorca,Las Palmas,3,Betfair,ht_ou,over,0.5,1.33,api_football,open
2026-10-05T04:51:54Z,1569966,2026-10-11T16:30:00Z,9338.1,FAR,La Liga 2,standard,Mallorca,Las Palmas,3,Betfair,ht_ou,under,0.5,3.0,api_football,open
2026-10-05T04:51:54Z,1569966,2026-10-11T16:30:00Z,9338.1,FAR,La Liga 2,standard,Mallorca,Las Palmas,4,Pinnacle,ou,over,1.5,1.29,api_football,open
2026-10-05T04:51:54Z,1569966,2026-10-11T16:30:00Z,9338.1,FAR,La Liga 2,standard,Mallorca,Las Palmas,4,Pinnacle,ou,under,1.5,3.57,api_football,open
2026-10-05T04:51:54Z,1569966,2026-10-11T16:30:00Z,9338.1,FAR,La Liga 2,standard,Mallorca,Las Palmas,4,Pinnacle,ou,over,2.5,1.91,api_football,open
2026-10-05T04:51:54Z,1569966,2026-10-11T16:30:00Z,9338.1,FAR,La Liga 2,standard,Mallorca,Las Palmas,4,Pinnacle,ou,under,2.5,1.93,api_football,open
2026-10-05T04:51:54Z,1569966,2026-10-11T16:30:00Z,9338.1,FAR,La Liga 2,standard,Mallorca,Las Palmas,4,Pinnacle,ou,over,3.5,3.3,api_football,open
2026-10-05T04:51:54Z,1569966,2026-10-11T16:30:00Z,9338.1,FAR,La Liga 2,standard,Mallorca,Las Palmas,4,Pinnacle,ou,under,3.5,1.33,api_football,open
2026-10-05T04:51:54Z,1569966,2026-10-11T16:30:00Z,9338.1,FAR,La Liga 2,standard,Mallorca,Las Palmas,4,Pinnacle,ht_ou,over,1.5,2.84,api_football,open
2026-10-05T04:51:54Z,1569966,2026-10-11T16:30:00Z,9338.1,FAR,La Liga 2,standard,Mallorca,Las Palmas,4,Pinnacle,ht_ou,under,1.5,1.41,api_football,open
2026-10-05T04:51:54Z,1569966,2026-10-11T16:30:00Z,9338.1,FAR,La Liga 2,standard,Mallorca,Las Palmas,4,Pinnacle,ht_ou,over,0.5,1.36,api_football,open
2026-10-05T04:51:54Z,1569966,2026-10-11T16:30:00Z,9338.1,FAR,La Liga 2,standard,Mallorca,Las Palmas,4,Pinnacle,ht_ou,under,0.5,3.04,api_football,open
2026-10-05T04:51:54Z,1569966,2026-10-11T16:30:00Z,9338.1,FAR,La Liga 2,standard,Mallorca,Las Palmas,11,1xBet,ou,over,1.5,1.21,api_football,open
2026-10-05T04:51:54Z,1569966,2026-10-11T16:30:00Z,9338.1,FAR,La Liga 2,standard,Mallorca,Las Palmas,11,1xBet,ou,under,1.5,3.58,api_football,open
2026-10-05T04:51:54Z,1569966,2026-10-11T16:30:00Z,9338.1,FAR,La Liga 2,standard,Mallorca,Las Palmas,11,1xBet,ou,over,2.5,1.85,api_football,open
2026-10-05T04:51:54Z,1569966,2026-10-11T16:30:00Z,9338.1,FAR,La Liga 2,standard,Mallorca,Las Palmas,11,1xBet,ou,under,2.5,2.0,api_football,open
2026-10-05T04:51:54Z,1569966,2026-10-11T16:30:00Z,9338.1,FAR,La Liga 2,standard,Mallorca,Las Palmas,11,1xBet,ou,over,3.5,2.88,api_football,open
2026-10-05T04:51:54Z,1569966,2026-10-11T16:30:00Z,9338.1,FAR,La Liga 2,standard,Mallorca,Las Palmas,11,1xBet,ou,under,3.5,1.32,api_football,open
2026-10-05T04:51:54Z,1569966,2026-10-11T16:30:00Z,9338.1,FAR,La Liga 2,standard,Mallorca,Las Palmas,11,1xBet,ht_ou,over,1.5,2.6,api_football,open
2026-10-05T04:51:54Z,1569966,2026-10-11T16:30:00Z,9338.1,FAR,La Liga 2,standard,Mallorca,Las Palmas,11,1xBet,ht_ou,under,1.5,1.42,api_football,open
2026-10-05T04:51:54Z,1569966,2026-10-11T16:30:00Z,9338.1,FAR,La Liga 2,standard,Mallorca,Las Palmas,11,1xBet,ht_ou,over,0.5,1.33,api_football,open
2026-10-05T04:51:54Z,1569966,2026-10-11T16:30:00Z,9338.1,FAR,La Liga 2,standard,Mallorca,Las Palmas,11,1xBet,ht_ou,under,0.5,2.96,api_football,open
2026-10-05T04:51:54Z,1569966,2026-10-11T16:30:00Z,9338.1,FAR,La Liga 2,standard,Mallorca,Las Palmas,11,1xBet,btts,yes,,1.81,api_football,open
2026-10-05T04:51:54Z,1569966,2026-10-11T16:30:00Z,9338.1,FAR,La Liga 2,standard,Mallorca,Las Palmas,11,1xBet,btts,no,,1.9,api_football,open
2026-10-05T04:51:54Z,1569966,2026-10-11T16:30:00Z,9338.1,FAR,La Liga 2,standard,Mallorca,Las Palmas,32,Betano,ou,over,1.5,1.29,api_football,open
2026-10-05T04:51:54Z,1569966,2026-10-11T16:30:00Z,9338.1,FAR,La Liga 2,standard,Mallorca,Las Palmas,32,Betano,ou,under,1.5,3.65,api_football,open
2026-10-05T04:51:54Z,1569966,2026-10-11T16:30:00Z,9338.1,FAR,La Liga 2,standard,Mallorca,Las Palmas,32,Betano,ou,over,2.5,1.87,api_football,open
2026-10-05T04:51:54Z,1569966,2026-10-11T16:30:00Z,9338.1,FAR,La Liga 2,standard,Mallorca,Las Palmas,32,Betano,ou,under,2.5,1.98,api_football,open
2026-10-05T04:51:54Z,1569966,2026-10-11T16:30:00Z,9338.1,FAR,La Liga 2,standard,Mallorca,Las Palmas,32,Betano,ou,over,3.5,3.15,api_football,open
2026-10-05T04:51:54Z,1569966,2026-10-11T16:30:00Z,9338.1,FAR,La Liga 2,standard,Mallorca,Las Palmas,32,Betano,ou,under,3.5,1.39,api_football,open
2026-10-05T04:51:54Z,1569966,2026-10-11T16:30:00Z,9338.1,FAR,La Liga 2,standard,Mallorca,Las Palmas,32,Betano,ht_ou,over,1.5,2.8,api_football,open
2026-10-05T04:51:54Z,1569966,2026-10-11T16:30:00Z,9338.1,FAR,La Liga 2,standard,Mallorca,Las Palmas,32,Betano,ht_ou,under,1.5,1.44,api_football,open
2026-10-05T04:51:54Z,1569966,2026-10-11T16:30:00Z,9338.1,FAR,La Liga 2,standard,Mallorca,Las Palmas,32,Betano,ht_ou,over,0.5,1.42,api_football,open
2026-10-05T04:51:54Z,1569966,2026-10-11T16:30:00Z,9338.1,FAR,La Liga 2,standard,Mallorca,Las Palmas,32,Betano,ht_ou,under,0.5,2.92,api_football,open
2026-10-05T04:51:54Z,1569966,2026-10-11T16:30:00Z,9338.1,FAR,La Liga 2,standard,Mallorca,Las Palmas,32,Betano,btts,yes,,1.83,api_football,open
2026-10-05T04:51:54Z,1569966,2026-10-11T16:30:00Z,9338.1,FAR,La Liga 2,standard,Mallorca,Las Palmas,32,Betano,btts,no,,1.91,api_football,open
2026-10-05T04:51:54Z,1569962,2026-10-11T19:00:00Z,9488.1,FAR,La Liga 2,standard,Cadiz,Sporting Gijon,7,William Hill,ht_ou,over,1.5,2.9,api_football,open
2026-10-05T04:51:54Z,1569962,2026-10-11T19:00:00Z,9488.1,FAR,La Liga 2,standard,Cadiz,Sporting Gijon,7,William Hill,ht_ou,under,1.5,1.36,api_football,open
2026-10-05T04:51:54Z,1569962,2026-10-11T19:00:00Z,9488.1,FAR,La Liga 2,standard,Cadiz,Sporting Gijon,7,William Hill,ht_ou,over,0.5,1.4,api_football,open
2026-10-05T04:51:54Z,1569962,2026-10-11T19:00:00Z,9488.1,FAR,La Liga 2,standard,Cadiz,Sporting Gijon,7,William Hill,ht_ou,under,0.5,2.8,api_football,open
2026-10-05T04:51:54Z,1569962,2026-10-11T19:00:00Z,9488.1,FAR,La Liga 2,standard,Cadiz,Sporting Gijon,7,William Hill,btts,yes,,1.8,api_football,open
2026-10-05T04:51:54Z,1569962,2026-10-11T19:00:00Z,9488.1,FAR,La Liga 2,standard,Cadiz,Sporting Gijon,7,William Hill,btts,no,,1.91,api_football,open
2026-10-05T04:51:54Z,1569962,2026-10-11T19:00:00Z,9488.1,FAR,La Liga 2,standard,Cadiz,Sporting Gijon,2,Marathonbet,ou,over,1.5,1.29,api_football,open
2026-10-05T04:51:54Z,1569962,2026-10-11T19:00:00Z,9488.1,FAR,La Liga 2,standard,Cadiz,Sporting Gijon,2,Marathonbet,ou,under,1.5,3.04,api_football,open
2026-10-05T04:51:54Z,1569962,2026-10-11T19:00:00Z,9488.1,FAR,La Liga 2,standard,Cadiz,Sporting Gijon,2,Marathonbet,ou,over,2.5,1.99,api_football,open
2026-10-05T04:51:54Z,1569962,2026-10-11T19:00:00Z,9488.1,FAR,La Liga 2,standard,Cadiz,Sporting Gijon,2,Marathonbet,ou,under,2.5,1.76,api_football,open
2026-10-05T04:51:54Z,1569962,2026-10-11T19:00:00Z,9488.1,FAR,La Liga 2,standard,Cadiz,Sporting Gijon,2,Marathonbet,ou,over,3.5,3.34,api_football,open
2026-10-05T04:51:54Z,1569962,2026-10-11T19:00:00Z,9488.1,FAR,La Liga 2,standard,Cadiz,Sporting Gijon,2,Marathonbet,ou,under,3.5,1.24,api_football,open
2026-10-05T04:51:54Z,1569962,2026-10-11T19:00:00Z,9488.1,FAR,La Liga 2,standard,Cadiz,Sporting Gijon,2,Marathonbet,ht_ou,over,1.5,2.88,api_football,open
2026-10-05T04:51:54Z,1569962,2026-10-11T19:00:00Z,9488.1,FAR,La Liga 2,standard,Cadiz,Sporting Gijon,2,Marathonbet,ht_ou,under,1.5,1.35,api_football,open
2026-10-05T04:51:54Z,1569962,2026-10-11T19:00:00Z,9488.1,FAR,La Liga 2,standard,Cadiz,Sporting Gijon,2,Marathonbet,ht_ou,over,0.5,1.41,api_football,open
2026-10-05T04:51:54Z,1569962,2026-10-11T19:00:00Z,9488.1,FAR,La Liga 2,standard,Cadiz,Sporting Gijon,2,Marathonbet,ht_ou,under,0.5,2.63,api_football,open
2026-10-05T04:51:54Z,1569962,2026-10-11T19:00:00Z,9488.1,FAR,La Liga 2,standard,Cadiz,Sporting Gijon,2,Marathonbet,btts,yes,,1.76,api_football,open
2026-10-05T04:51:54Z,1569962,2026-10-11T19:00:00Z,9488.1,FAR,La Liga 2,standard,Cadiz,Sporting Gijon,2,Marathonbet,btts,no,,1.93,api_football,open
2026-10-05T04:51:54Z,1569962,2026-10-11T19:00:00Z,9488.1,FAR,La Liga 2,standard,Cadiz,Sporting Gijon,3,Betfair,ht_ou,over,1.5,2.88,api_football,open
2026-10-05T04:51:54Z,1569962,2026-10-11T19:00:00Z,9488.1,FAR,La Liga 2,standard,Cadiz,Sporting Gijon,3,Betfair,ht_ou,under,1.5,1.36,api_football,open
2026-10-05T04:51:54Z,1569962,2026-10-11T19:00:00Z,9488.1,FAR,La Liga 2,standard,Cadiz,Sporting Gijon,3,Betfair,ht_ou,over,0.5,1.4,api_football,open
2026-10-05T04:51:54Z,1569962,2026-10-11T19:00:00Z,9488.1,FAR,La Liga 2,standard,Cadiz,Sporting Gijon,3,Betfair,ht_ou,under,0.5,2.75,api_football,open
2026-10-05T04:51:54Z,1569962,2026-10-11T19:00:00Z,9488.1,FAR,La Liga 2,standard,Cadiz,Sporting Gijon,36,BetVictor,ou,over,1.5,1.33,api_football,open
2026-10-05T04:51:54Z,1569962,2026-10-11T19:00:00Z,9488.1,FAR,La Liga 2,standard,Cadiz,Sporting Gijon,36,BetVictor,ou,under,1.5,3.1,api_football,open
2026-10-05T04:51:54Z,1569962,2026-10-11T19:00:00Z,9488.1,FAR,La Liga 2,standard,Cadiz,Sporting Gijon,36,BetVictor,ou,over,2.5,1.99,api_football,open
2026-10-05T04:51:54Z,1569962,2026-10-11T19:00:00Z,9488.1,FAR,La Liga 2,standard,Cadiz,Sporting Gijon,36,BetVictor,ou,under,2.5,1.7,api_football,open
2026-10-05T04:51:54Z,1569962,2026-10-11T19:00:00Z,9488.1,FAR,La Liga 2,standard,Cadiz,Sporting Gijon,36,BetVictor,ou,over,3.5,3.8,api_football,open
2026-10-05T04:51:54Z,1569962,2026-10-11T19:00:00Z,9488.1,FAR,La Liga 2,standard,Cadiz,Sporting Gijon,36,BetVictor,ou,under,3.5,1.22,api_football,open
2026-10-05T04:51:54Z,1569962,2026-10-11T19:00:00Z,9488.1,FAR,La Liga 2,standard,Cadiz,Sporting Gijon,36,BetVictor,ht_ou,over,1.5,2.78,api_football,open
2026-10-05T04:51:54Z,1569962,2026-10-11T19:00:00Z,9488.1,FAR,La Liga 2,standard,Cadiz,Sporting Gijon,36,BetVictor,ht_ou,under,1.5,1.37,api_football,open
2026-10-05T04:51:54Z,1569962,2026-10-11T19:00:00Z,9488.1,FAR,La Liga 2,standard,Cadiz,Sporting Gijon,36,BetVictor,ht_ou,over,0.5,1.43,api_football,open
2026-10-05T04:51:54Z,1569962,2026-10-11T19:00:00Z,9488.1,FAR,La Liga 2,standard,Cadiz,Sporting Gijon,36,BetVictor,ht_ou,under,0.5,2.56,api_football,open
2026-10-05T04:51:54Z,1569962,2026-10-11T19:00:00Z,9488.1,FAR,La Liga 2,standard,Cadiz,Sporting Gijon,36,BetVictor,btts,yes,,1.78,api_football,open
2026-10-05T04:51:54Z,1569962,2026-10-11T19:00:00Z,9488.1,FAR,La Liga 2,standard,Cadiz,Sporting Gijon,36,BetVictor,btts,no,,1.93,api_football,open
2026-10-05T04:51:54Z,1569962,2026-10-11T19:00:00Z,9488.1,FAR,La Liga 2,standard,Cadiz,Sporting Gijon,4,Pinnacle,ou,over,1.5,1.35,api_football,open
2026-10-05T04:51:54Z,1569962,2026-10-11T19:00:00Z,9488.1,FAR,La Liga 2,standard,Cadiz,Sporting Gijon,4,Pinnacle,ou,under,1.5,3.19,api_football,open
2026-10-05T04:51:54Z,1569962,2026-10-11T19:00:00Z,9488.1,FAR,La Liga 2,standard,Cadiz,Sporting Gijon,4,Pinnacle,ou,over,2.5,2.14,api_football,open
2026-10-05T04:51:54Z,1569962,2026-10-11T19:00:00Z,9488.1,FAR,La Liga 2,standard,Cadiz,Sporting Gijon,4,Pinnacle,ou,under,2.5,1.72,api_football,open
2026-10-05T04:51:54Z,1569962,2026-10-11T19:00:00Z,9488.1,FAR,La Liga 2,standard,Cadiz,Sporting Gijon,4,Pinnacle,ou,over,3.5,3.82,api_football,open
2026-10-05T04:51:54Z,1569962,2026-10-11T19:00:00Z,9488.1,FAR,La Liga 2,standard,Cadiz,Sporting Gijon,4,Pinnacle,ou,under,3.5,1.26,api_football,open
2026-10-05T04:51:54Z,1569962,2026-10-11T19:00:00Z,9488.1,FAR,La Liga 2,standard,Cadiz,Sporting Gijon,4,Pinnacle,ht_ou,over,1.5,3.13,api_football,open
2026-10-05T04:51:54Z,1569962,2026-10-11T19:00:00Z,9488.1,FAR,La Liga 2,standard,Cadiz,Sporting Gijon,4,Pinnacle,ht_ou,under,1.5,1.34,api_football,open
2026-10-05T04:51:54Z,1569962,2026-10-11T19:00:00Z,9488.1,FAR,La Liga 2,standard,Cadiz,Sporting Gijon,4,Pinnacle,ht_ou,over,0.5,1.42,api_football,open
2026-10-05T04:51:54Z,1569962,2026-10-11T19:00:00Z,9488.1,FAR,La Liga 2,standard,Cadiz,Sporting Gijon,4,Pinnacle,ht_ou,under,0.5,2.78,api_football,open
2026-10-05T04:51:54Z,1569962,2026-10-11T19:00:00Z,9488.1,FAR,La Liga 2,standard,Cadiz,Sporting Gijon,11,1xBet,ou,over,1.5,1.29,api_football,open
2026-10-05T04:51:54Z,1569962,2026-10-11T19:00:00Z,9488.1,FAR,La Liga 2,standard,Cadiz,Sporting Gijon,11,1xBet,ou,under,1.5,3.04,api_football,open
2026-10-05T04:51:54Z,1569962,2026-10-11T19:00:00Z,9488.1,FAR,La Liga 2,standard,Cadiz,Sporting Gijon,11,1xBet,ou,over,2.5,2.04,api_football,open
2026-10-05T04:51:54Z,1569962,2026-10-11T19:00:00Z,9488.1,FAR,La Liga 2,standard,Cadiz,Sporting Gijon,11,1xBet,ou,under,2.5,1.81,api_football,open
2026-10-05T04:51:54Z,1569962,2026-10-11T19:00:00Z,9488.1,FAR,La Liga 2,standard,Cadiz,Sporting Gijon,11,1xBet,ou,over,3.5,3.34,api_football,open
2026-10-05T04:51:54Z,1569962,2026-10-11T19:00:00Z,9488.1,FAR,La Liga 2,standard,Cadiz,Sporting Gijon,11,1xBet,ou,under,3.5,1.24,api_football,open
2026-10-05T04:51:54Z,1569962,2026-10-11T19:00:00Z,9488.1,FAR,La Liga 2,standard,Cadiz,Sporting Gijon,11,1xBet,ht_ou,over,1.5,2.88,api_football,open
2026-10-05T04:51:54Z,1569962,2026-10-11T19:00:00Z,9488.1,FAR,La Liga 2,standard,Cadiz,Sporting Gijon,11,1xBet,ht_ou,under,1.5,1.35,api_football,open
2026-10-05T04:51:54Z,1569962,2026-10-11T19:00:00Z,9488.1,FAR,La Liga 2,standard,Cadiz,Sporting Gijon,11,1xBet,ht_ou,over,0.5,1.41,api_football,open
2026-10-05T04:51:54Z,1569962,2026-10-11T19:00:00Z,9488.1,FAR,La Liga 2,standard,Cadiz,Sporting Gijon,11,1xBet,ht_ou,under,0.5,2.63,api_football,open
2026-10-05T04:51:54Z,1569962,2026-10-11T19:00:00Z,9488.1,FAR,La Liga 2,standard,Cadiz,Sporting Gijon,11,1xBet,btts,yes,,1.76,api_football,open
2026-10-05T04:51:54Z,1569962,2026-10-11T19:00:00Z,9488.1,FAR,La Liga 2,standard,Cadiz,Sporting Gijon,11,1xBet,btts,no,,1.96,api_football,open
2026-10-05T04:51:54Z,1569962,2026-10-11T19:00:00Z,9488.1,FAR,La Liga 2,standard,Cadiz,Sporting Gijon,32,Betano,ou,over,1.5,1.37,api_football,open
2026-10-05T04:51:54Z,1569962,2026-10-11T19:00:00Z,9488.1,FAR,La Liga 2,standard,Cadiz,Sporting Gijon,32,Betano,ou,under,1.5,3.25,api_football,open
2026-10-05T04:51:54Z,1569962,2026-10-11T19:00:00Z,9488.1,FAR,La Liga 2,standard,Cadiz,Sporting Gijon,32,Betano,ou,over,2.5,2.07,api_football,open
2026-10-05T04:51:54Z,1569962,2026-10-11T19:00:00Z,9488.1,FAR,La Liga 2,standard,Cadiz,Sporting Gijon,32,Betano,ou,under,2.5,1.78,api_football,open
2026-10-05T04:51:54Z,1569962,2026-10-11T19:00:00Z,9488.1,FAR,La Liga 2,standard,Cadiz,Sporting Gijon,32,Betano,ou,over,3.5,3.55,api_football,open
2026-10-05T04:51:54Z,1569962,2026-10-11T19:00:00Z,9488.1,FAR,La Liga 2,standard,Cadiz,Sporting Gijon,32,Betano,ou,under,3.5,1.3,api_football,open
2026-10-05T04:51:54Z,1569962,2026-10-11T19:00:00Z,9488.1,FAR,La Liga 2,standard,Cadiz,Sporting Gijon,32,Betano,ht_ou,over,1.5,3.1,api_football,open
2026-10-05T04:51:54Z,1569962,2026-10-11T19:00:00Z,9488.1,FAR,La Liga 2,standard,Cadiz,Sporting Gijon,32,Betano,ht_ou,under,1.5,1.38,api_football,open
2026-10-05T04:51:54Z,1569962,2026-10-11T19:00:00Z,9488.1,FAR,La Liga 2,standard,Cadiz,Sporting Gijon,32,Betano,ht_ou,over,0.5,1.5,api_football,open
2026-10-05T04:51:54Z,1569962,2026-10-11T19:00:00Z,9488.1,FAR,La Liga 2,standard,Cadiz,Sporting Gijon,32,Betano,ht_ou,under,0.5,2.62,api_football,open
2026-10-05T04:51:54Z,1569962,2026-10-11T19:00:00Z,9488.1,FAR,La Liga 2,standard,Cadiz,Sporting Gijon,32,Betano,btts,yes,,1.75,api_football,open
2026-10-05T04:51:54Z,1569962,2026-10-11T19:00:00Z,9488.1,FAR,La Liga 2,standard,Cadiz,Sporting Gijon,32,Betano,btts,no,,2.0,api_football,open
2026-10-05T04:51:54Z,1564346,2026-10-10T14:00:00Z,7748.1,FAR,League One,standard,Huddersfield,Sheffield Wednesday,36,BetVictor,ou,over,1.5,1.17,api_football,open
2026-10-05T04:51:54Z,1564346,2026-10-10T14:00:00Z,7748.1,FAR,League One,standard,Huddersfield,Sheffield Wednesday,36,BetVictor,ou,under,1.5,4.75,api_football,open
2026-10-05T04:51:54Z,1564346,2026-10-10T14:00:00Z,7748.1,FAR,League One,standard,Huddersfield,Sheffield Wednesday,36,BetVictor,ou,over,2.5,1.58,api_football,open
2026-10-05T04:51:54Z,1564346,2026-10-10T14:00:00Z,7748.1,FAR,League One,standard,Huddersfield,Sheffield Wednesday,36,BetVictor,ou,under,2.5,2.19,api_football,open
2026-10-05T04:51:54Z,1564346,2026-10-10T14:00:00Z,7748.1,FAR,League One,standard,Huddersfield,Sheffield Wednesday,36,BetVictor,ou,over,3.5,2.38,api_football,open
2026-10-05T04:51:54Z,1564346,2026-10-10T14:00:00Z,7748.1,FAR,League One,standard,Huddersfield,Sheffield Wednesday,36,BetVictor,ou,under,3.5,1.49,api_football,open
2026-10-05T04:51:54Z,1564346,2026-10-10T14:00:00Z,7748.1,FAR,League One,standard,Huddersfield,Sheffield Wednesday,36,BetVictor,ht_ou,over,1.5,2.25,api_football,open
2026-10-05T04:51:54Z,1564346,2026-10-10T14:00:00Z,7748.1,FAR,League One,standard,Huddersfield,Sheffield Wednesday,36,BetVictor,ht_ou,under,1.5,1.55,api_football,open
2026-10-05T04:51:54Z,1564346,2026-10-10T14:00:00Z,7748.1,FAR,League One,standard,Huddersfield,Sheffield Wednesday,36,BetVictor,ht_ou,over,0.5,1.29,api_football,open
2026-10-05T04:51:54Z,1564346,2026-10-10T14:00:00Z,7748.1,FAR,League One,standard,Huddersfield,Sheffield Wednesday,36,BetVictor,ht_ou,under,0.5,3.4,api_football,open
2026-10-05T04:51:54Z,1564346,2026-10-10T14:00:00Z,7748.1,FAR,League One,standard,Huddersfield,Sheffield Wednesday,36,BetVictor,btts,yes,,1.53,api_football,open
2026-10-05T04:51:54Z,1564346,2026-10-10T14:00:00Z,7748.1,FAR,League One,standard,Huddersfield,Sheffield Wednesday,36,BetVictor,btts,no,,2.3,api_football,open
2026-10-05T04:51:54Z,1564347,2026-10-10T14:00:00Z,7748.1,FAR,League One,standard,Leicester,Peterborough,36,BetVictor,ou,over,1.5,1.11,api_football,open
2026-10-05T04:51:54Z,1564347,2026-10-10T14:00:00Z,7748.1,FAR,League One,standard,Leicester,Peterborough,36,BetVictor,ou,under,1.5,6.0,api_football,open
2026-10-05T04:51:54Z,1564347,2026-10-10T14:00:00Z,7748.1,FAR,League One,standard,Leicester,Peterborough,36,BetVictor,ou,over,2.5,1.43,api_football,open
2026-10-05T04:51:54Z,1564347,2026-10-10T14:00:00Z,7748.1,FAR,League One,standard,Leicester,Peterborough,36,BetVictor,ou,under,2.5,2.56,api_football,open
2026-10-05T04:51:54Z,1564347,2026-10-10T14:00:00Z,7748.1,FAR,League One,standard,Leicester,Peterborough,36,BetVictor,ou,over,3.5,2.02,api_football,open
2026-10-05T04:51:54Z,1564347,2026-10-10T14:00:00Z,7748.1,FAR,League One,standard,Leicester,Peterborough,36,BetVictor,ou,under,3.5,1.68,api_football,open
2026-10-05T04:51:54Z,1564347,2026-10-10T14:00:00Z,7748.1,FAR,League One,standard,Leicester,Peterborough,36,BetVictor,ht_ou,over,1.5,1.98,api_football,open
2026-10-05T04:51:54Z,1564347,2026-10-10T14:00:00Z,7748.1,FAR,League One,standard,Leicester,Peterborough,36,BetVictor,ht_ou,under,1.5,1.71,api_football,open
2026-10-05T04:51:54Z,1564347,2026-10-10T14:00:00Z,7748.1,FAR,League One,standard,Leicester,Peterborough,36,BetVictor,ht_ou,over,0.5,1.2,api_football,open
2026-10-05T04:51:54Z,1564347,2026-10-10T14:00:00Z,7748.1,FAR,League One,standard,Leicester,Peterborough,36,BetVictor,ht_ou,under,0.5,4.2,api_football,open
2026-10-05T04:51:54Z,1564347,2026-10-10T14:00:00Z,7748.1,FAR,League One,standard,Leicester,Peterborough,36,BetVictor,btts,yes,,1.45,api_football,open
2026-10-05T04:51:54Z,1564347,2026-10-10T14:00:00Z,7748.1,FAR,League One,standard,Leicester,Peterborough,36,BetVictor,btts,no,,2.5,api_football,open
2026-10-05T04:51:54Z,1564343,2026-10-10T14:00:00Z,7748.1,FAR,League One,standard,Bradford,Leyton Orient,36,BetVictor,ou,over,1.5,1.3,api_football,open
2026-10-05T04:51:54Z,1564343,2026-10-10T14:00:00Z,7748.1,FAR,League One,standard,Bradford,Leyton Orient,36,BetVictor,ou,under,1.5,3.1,api_football,open
2026-10-05T04:51:54Z,1564343,2026-10-10T14:00:00Z,7748.1,FAR,League One,standard,Bradford,Leyton Orient,36,BetVictor,ou,over,2.5,1.85,api_football,open
2026-10-05T04:51:54Z,1564343,2026-10-10T14:00:00Z,7748.1,FAR,League One,standard,Bradford,Leyton Orient,36,BetVictor,ou,under,2.5,1.82,api_football,open
2026-10-05T04:51:54Z,1564343,2026-10-10T14:00:00Z,7748.1,FAR,League One,standard,Bradford,Leyton Orient,36,BetVictor,ou,over,3.5,3.0,api_football,open
2026-10-05T04:51:54Z,1564343,2026-10-10T14:00:00Z,7748.1,FAR,League One,standard,Bradford,Leyton Orient,36,BetVictor,ou,under,3.5,1.32,api_football,open
2026-10-05T04:51:54Z,1564343,2026-10-10T14:00:00Z,7748.1,FAR,League One,standard,Bradford,Leyton Orient,36,BetVictor,ht_ou,over,1.5,2.62,api_football,open
2026-10-05T04:51:54Z,1564343,2026-10-10T14:00:00Z,7748.1,FAR,League One,standard,Bradford,Leyton Orient,36,BetVictor,ht_ou,under,1.5,1.41,api_football,open
2026-10-05T04:51:54Z,1564343,2026-10-10T14:00:00Z,7748.1,FAR,League One,standard,Bradford,Leyton Orient,36,BetVictor,ht_ou,over,0.5,1.39,api_football,open
2026-10-05T04:51:54Z,1564343,2026-10-10T14:00:00Z,7748.1,FAR,League One,standard,Bradford,Leyton Orient,36,BetVictor,ht_ou,under,0.5,2.7,api_football,open
2026-10-05T04:51:54Z,1564343,2026-10-10T14:00:00Z,7748.1,FAR,League One,standard,Bradford,Leyton Orient,36,BetVictor,btts,yes,,1.8,api_football,open
2026-10-05T04:51:54Z,1564343,2026-10-10T14:00:00Z,7748.1,FAR,League One,standard,Bradford,Leyton Orient,36,BetVictor,btts,no,,1.9,api_football,open
2026-10-05T04:51:54Z,1564349,2026-10-10T14:00:00Z,7748.1,FAR,League One,standard,Milton Keynes Dons,Reading,36,BetVictor,ou,over,1.5,1.22,api_football,open
2026-10-05T04:51:54Z,1564349,2026-10-10T14:00:00Z,7748.1,FAR,League One,standard,Milton Keynes Dons,Reading,36,BetVictor,ou,under,1.5,3.7,api_football,open
2026-10-05T04:51:54Z,1564349,2026-10-10T14:00:00Z,7748.1,FAR,League One,standard,Milton Keynes Dons,Reading,36,BetVictor,ou,over,2.5,1.65,api_football,open
2026-10-05T04:51:54Z,1564349,2026-10-10T14:00:00Z,7748.1,FAR,League One,standard,Milton Keynes Dons,Reading,36,BetVictor,ou,under,2.5,2.07,api_football,open
2026-10-05T04:51:54Z,1564349,2026-10-10T14:00:00Z,7748.1,FAR,League One,standard,Milton Keynes Dons,Reading,36,BetVictor,ou,over,3.5,2.53,api_football,open
2026-10-05T04:51:54Z,1564349,2026-10-10T14:00:00Z,7748.1,FAR,League One,standard,Milton Keynes Dons,Reading,36,BetVictor,ou,under,3.5,1.44,api_football,open
2026-10-05T04:51:54Z,1564349,2026-10-10T14:00:00Z,7748.1,FAR,League One,standard,Milton Keynes Dons,Reading,36,BetVictor,ht_ou,over,1.5,2.31,api_football,open
2026-10-05T04:51:54Z,1564349,2026-10-10T14:00:00Z,7748.1,FAR,League One,standard,Milton Keynes Dons,Reading,36,BetVictor,ht_ou,under,1.5,1.52,api_football,open
2026-10-05T04:51:54Z,1564349,2026-10-10T14:00:00Z,7748.1,FAR,League One,standard,Milton Keynes Dons,Reading,36,BetVictor,ht_ou,over,0.5,1.3,api_football,open
2026-10-05T04:51:54Z,1564349,2026-10-10T14:00:00Z,7748.1,FAR,League One,standard,Milton Keynes Dons,Reading,36,BetVictor,ht_ou,under,0.5,3.3,api_football,open
2026-10-05T04:51:54Z,1564349,2026-10-10T14:00:00Z,7748.1,FAR,League One,standard,Milton Keynes Dons,Reading,36,BetVictor,btts,yes,,1.53,api_football,open
2026-10-05T04:51:54Z,1564349,2026-10-10T14:00:00Z,7748.1,FAR,League One,standard,Milton Keynes Dons,Reading,36,BetVictor,btts,no,,2.3,api_football,open
2026-10-05T04:51:54Z,1564345,2026-10-10T14:00:00Z,7748.1,FAR,League One,standard,Doncaster,Burton Albion,36,BetVictor,ou,over,1.5,1.25,api_football,open
2026-10-05T04:51:54Z,1564345,2026-10-10T14:00:00Z,7748.1,FAR,League One,standard,Doncaster,Burton Albion,36,BetVictor,ou,under,1.5,3.45,api_football,open
2026-10-05T04:51:54Z,1564345,2026-10-10T14:00:00Z,7748.1,FAR,League One,standard,Doncaster,Burton Albion,36,BetVictor,ou,over,2.5,1.72,api_football,open
2026-10-05T04:51:54Z,1564345,2026-10-10T14:00:00Z,7748.1,FAR,League One,standard,Doncaster,Burton Albion,36,BetVictor,ou,under,2.5,1.96,api_football,open
2026-10-05T04:51:54Z,1564345,2026-10-10T14:00:00Z,7748.1,FAR,League One,standard,Doncaster,Burton Albion,36,BetVictor,ou,over,3.5,2.71,api_football,open
2026-10-05T04:51:54Z,1564345,2026-10-10T14:00:00Z,7748.1,FAR,League One,standard,Doncaster,Burton Albion,36,BetVictor,ou,under,3.5,1.39,api_football,open
2026-10-05T04:51:54Z,1564345,2026-10-10T14:00:00Z,7748.1,FAR,League One,standard,Doncaster,Burton Albion,36,BetVictor,ht_ou,over,1.5,2.47,api_football,open
2026-10-05T04:51:54Z,1564345,2026-10-10T14:00:00Z,7748.1,FAR,League One,standard,Doncaster,Burton Albion,36,BetVictor,ht_ou,under,1.5,1.46,api_football,open
2026-10-05T04:51:54Z,1564345,2026-10-10T14:00:00Z,7748.1,FAR,League One,standard,Doncaster,Burton Albion,36,BetVictor,ht_ou,over,0.5,1.35,api_football,open
2026-10-05T04:51:54Z,1564345,2026-10-10T14:00:00Z,7748.1,FAR,League One,standard,Doncaster,Burton Albion,36,BetVictor,ht_ou,under,0.5,2.86,api_football,open
2026-10-05T04:51:54Z,1564345,2026-10-10T14:00:00Z,7748.1,FAR,League One,standard,Doncaster,Burton Albion,36,BetVictor,btts,yes,,1.7,api_football,open
2026-10-05T04:51:54Z,1564345,2026-10-10T14:00:00Z,7748.1,FAR,League One,standard,Doncaster,Burton Albion,36,BetVictor,btts,no,,2.0,api_football,open
2026-10-05T04:51:54Z,1564354,2026-10-10T14:00:00Z,7748.1,FAR,League One,standard,Wycombe,Luton,36,BetVictor,ou,over,1.5,1.23,api_football,open
2026-10-05T04:51:54Z,1564354,2026-10-10T14:00:00Z,7748.1,FAR,League One,standard,Wycombe,Luton,36,BetVictor,ou,under,1.5,3.6,api_football,open
2026-10-05T04:51:54Z,1564354,2026-10-10T14:00:00Z,7748.1,FAR,League One,standard,Wycombe,Luton,36,BetVictor,ou,over,2.5,1.67,api_football,open
2026-10-05T04:51:54Z,1564354,2026-10-10T14:00:00Z,7748.1,FAR,League One,standard,Wycombe,Luton,36,BetVictor,ou,under,2.5,2.04,api_football,open
2026-10-05T04:51:54Z,1564354,2026-10-10T14:00:00Z,7748.1,FAR,League One,standard,Wycombe,Luton,36,BetVictor,ou,over,3.5,2.58,api_football,open
2026-10-05T04:51:54Z,1564354,2026-10-10T14:00:00Z,7748.1,FAR,League One,standard,Wycombe,Luton,36,BetVictor,ou,under,3.5,1.42,api_football,open
2026-10-05T04:51:54Z,1564354,2026-10-10T14:00:00Z,7748.1,FAR,League One,standard,Wycombe,Luton,36,BetVictor,ht_ou,over,1.5,2.34,api_football,open
2026-10-05T04:51:54Z,1564354,2026-10-10T14:00:00Z,7748.1,FAR,League One,standard,Wycombe,Luton,36,BetVictor,ht_ou,under,1.5,1.51,api_football,open
2026-10-05T04:51:54Z,1564354,2026-10-10T14:00:00Z,7748.1,FAR,League One,standard,Wycombe,Luton,36,BetVictor,ht_ou,over,0.5,1.3,api_football,open
2026-10-05T04:51:54Z,1564354,2026-10-10T14:00:00Z,7748.1,FAR,League One,standard,Wycombe,Luton,36,BetVictor,ht_ou,under,0.5,3.3,api_football,open
2026-10-05T04:51:54Z,1564354,2026-10-10T14:00:00Z,7748.1,FAR,League One,standard,Wycombe,Luton,36,BetVictor,btts,yes,,1.53,api_football,open
2026-10-05T04:51:54Z,1564354,2026-10-10T14:00:00Z,7748.1,FAR,League One,standard,Wycombe,Luton,36,BetVictor,btts,no,,2.3,api_football,open
2026-10-05T04:51:54Z,1564344,2026-10-10T14:00:00Z,7748.1,FAR,League One,standard,Cambridge United,Blackpool,36,BetVictor,ou,over,1.5,1.23,api_football,open
2026-10-05T04:51:54Z,1564344,2026-10-10T14:00:00Z,7748.1,FAR,League One,standard,Cambridge United,Blackpool,36,BetVictor,ou,under,1.5,3.6,api_football,open
2026-10-05T04:51:54Z,1564344,2026-10-10T14:00:00Z,7748.1,FAR,League One,standard,Cambridge United,Blackpool,36,BetVictor,ou,over,2.5,1.66,api_football,open
2026-10-05T04:51:54Z,1564344,2026-10-10T14:00:00Z,7748.1,FAR,League One,standard,Cambridge United,Blackpool,36,BetVictor,ou,under,2.5,2.05,api_football,open
2026-10-05T04:51:54Z,1564344,2026-10-10T14:00:00Z,7748.1,FAR,League One,standard,Cambridge United,Blackpool,36,BetVictor,ou,over,3.5,2.56,api_football,open
2026-10-05T04:51:54Z,1564344,2026-10-10T14:00:00Z,7748.1,FAR,League One,standard,Cambridge United,Blackpool,36,BetVictor,ou,under,3.5,1.43,api_football,open
2026-10-05T04:51:54Z,1564344,2026-10-10T14:00:00Z,7748.1,FAR,League One,standard,Cambridge United,Blackpool,36,BetVictor,ht_ou,over,1.5,2.36,api_football,open
2026-10-05T04:51:54Z,1564344,2026-10-10T14:00:00Z,7748.1,FAR,League One,standard,Cambridge United,Blackpool,36,BetVictor,ht_ou,under,1.5,1.5,api_football,open
2026-10-05T04:51:54Z,1564344,2026-10-10T14:00:00Z,7748.1,FAR,League One,standard,Cambridge United,Blackpool,36,BetVictor,ht_ou,over,0.5,1.3,api_football,open
2026-10-05T04:51:54Z,1564344,2026-10-10T14:00:00Z,7748.1,FAR,League One,standard,Cambridge United,Blackpool,36,BetVictor,ht_ou,under,0.5,3.3,api_football,open
2026-10-05T04:51:54Z,1564344,2026-10-10T14:00:00Z,7748.1,FAR,League One,standard,Cambridge United,Blackpool,36,BetVictor,btts,yes,,1.55,api_football,open
2026-10-05T04:51:54Z,1564344,2026-10-10T14:00:00Z,7748.1,FAR,League One,standard,Cambridge United,Blackpool,36,BetVictor,btts,no,,2.25,api_football,open
2026-10-05T04:51:54Z,1564353,2026-10-10T14:00:00Z,7748.1,FAR,League One,standard,Stockport County,Barnsley,36,BetVictor,ou,over,1.5,1.08,api_football,open
2026-10-05T04:51:54Z,1564353,2026-10-10T14:00:00Z,7748.1,FAR,League One,standard,Stockport County,Barnsley,36,BetVictor,ou,under,1.5,7.0,api_football,open
2026-10-05T04:51:54Z,1564353,2026-10-10T14:00:00Z,7748.1,FAR,League One,standard,Stockport County,Barnsley,36,BetVictor,ou,over,2.5,1.4,api_football,open
2026-10-05T04:51:54Z,1564353,2026-10-10T14:00:00Z,7748.1,FAR,League One,standard,Stockport County,Barnsley,36,BetVictor,ou,under,2.5,2.65,api_football,open
2026-10-05T04:51:54Z,1564353,2026-10-10T14:00:00Z,7748.1,FAR,League One,standard,Stockport County,Barnsley,36,BetVictor,ou,over,3.5,1.97,api_football,open
2026-10-05T04:51:54Z,1564353,2026-10-10T14:00:00Z,7748.1,FAR,League One,standard,Stockport County,Barnsley,36,BetVictor,ou,under,3.5,1.72,api_football,open
2026-10-05T04:51:54Z,1564353,2026-10-10T14:00:00Z,7748.1,FAR,League One,standard,Stockport County,Barnsley,36,BetVictor,ht_ou,over,1.5,1.99,api_football,open
2026-10-05T04:51:54Z,1564353,2026-10-10T14:00:00Z,7748.1,FAR,League One,standard,Stockport County,Barnsley,36,BetVictor,ht_ou,under,1.5,1.7,api_football,open
2026-10-05T04:51:54Z,1564353,2026-10-10T14:00:00Z,7748.1,FAR,League One,standard,Stockport County,Barnsley,36,BetVictor,ht_ou,over,0.5,1.2,api_football,open
2026-10-05T04:51:54Z,1564353,2026-10-10T14:00:00Z,7748.1,FAR,League One,standard,Stockport County,Barnsley,36,BetVictor,ht_ou,under,0.5,4.2,api_football,open
2026-10-05T04:51:54Z,1564353,2026-10-10T14:00:00Z,7748.1,FAR,League One,standard,Stockport County,Barnsley,36,BetVictor,btts,yes,,1.53,api_football,open
2026-10-05T04:51:54Z,1564353,2026-10-10T14:00:00Z,7748.1,FAR,League One,standard,Stockport County,Barnsley,36,BetVictor,btts,no,,2.3,api_football,open
2026-10-05T04:51:54Z,1563796,2026-10-10T11:30:00Z,7598.1,FAR,League Two,standard,Oldham,Accrington ST,36,BetVictor,ou,over,1.5,1.2,api_football,open
2026-10-05T04:51:54Z,1563796,2026-10-10T11:30:00Z,7598.1,FAR,League Two,standard,Oldham,Accrington ST,36,BetVictor,ou,under,1.5,4.0,api_football,open
2026-10-05T04:51:54Z,1563796,2026-10-10T11:30:00Z,7598.1,FAR,League Two,standard,Oldham,Accrington ST,36,BetVictor,ou,over,2.5,1.71,api_football,open
2026-10-05T04:51:54Z,1563796,2026-10-10T11:30:00Z,7598.1,FAR,League Two,standard,Oldham,Accrington ST,36,BetVictor,ou,under,2.5,1.98,api_football,open
2026-10-05T04:51:54Z,1563796,2026-10-10T11:30:00Z,7598.1,FAR,League Two,standard,Oldham,Accrington ST,36,BetVictor,ou,over,3.5,2.67,api_football,open
2026-10-05T04:51:54Z,1563796,2026-10-10T11:30:00Z,7598.1,FAR,League Two,standard,Oldham,Accrington ST,36,BetVictor,ou,under,3.5,1.4,api_football,open
2026-10-05T04:51:54Z,1563796,2026-10-10T11:30:00Z,7598.1,FAR,League Two,standard,Oldham,Accrington ST,36,BetVictor,ht_ou,over,1.5,2.44,api_football,open
2026-10-05T04:51:54Z,1563796,2026-10-10T11:30:00Z,7598.1,FAR,League Two,standard,Oldham,Accrington ST,36,BetVictor,ht_ou,under,1.5,1.47,api_football,open
2026-10-05T04:51:54Z,1563796,2026-10-10T11:30:00Z,7598.1,FAR,League Two,standard,Oldham,Accrington ST,36,BetVictor,ht_ou,over,0.5,1.35,api_football,open
2026-10-05T04:51:54Z,1563796,2026-10-10T11:30:00Z,7598.1,FAR,League Two,standard,Oldham,Accrington ST,36,BetVictor,ht_ou,under,0.5,2.87,api_football,open
2026-10-05T04:51:54Z,1563796,2026-10-10T11:30:00Z,7598.1,FAR,League Two,standard,Oldham,Accrington ST,36,BetVictor,btts,yes,,1.7,api_football,open
2026-10-05T04:51:54Z,1563796,2026-10-10T11:30:00Z,7598.1,FAR,League Two,standard,Oldham,Accrington ST,36,BetVictor,btts,no,,2.0,api_football,open
2026-10-05T04:51:54Z,1563800,2026-10-10T11:30:00Z,7598.1,FAR,League Two,standard,Swindon Town,Crewe,36,BetVictor,ou,over,1.5,1.2,api_football,open
2026-10-05T04:51:54Z,1563800,2026-10-10T11:30:00Z,7598.1,FAR,League Two,standard,Swindon Town,Crewe,36,BetVictor,ou,under,1.5,4.0,api_football,open
2026-10-05T04:51:54Z,1563800,2026-10-10T11:30:00Z,7598.1,FAR,League Two,standard,Swindon Town,Crewe,36,BetVictor,ou,over,2.5,1.7,api_football,open
2026-10-05T04:51:54Z,1563800,2026-10-10T11:30:00Z,7598.1,FAR,League Two,standard,Swindon Town,Crewe,36,BetVictor,ou,under,2.5,1.99,api_football,open
2026-10-05T04:51:54Z,1563800,2026-10-10T11:30:00Z,7598.1,FAR,League Two,standard,Swindon Town,Crewe,36,BetVictor,ou,over,3.5,2.66,api_football,open
2026-10-05T04:51:54Z,1563800,2026-10-10T11:30:00Z,7598.1,FAR,League Two,standard,Swindon Town,Crewe,36,BetVictor,ou,under,3.5,1.4,api_football,open
2026-10-05T04:51:54Z,1563800,2026-10-10T11:30:00Z,7598.1,FAR,League Two,standard,Swindon Town,Crewe,36,BetVictor,ht_ou,over,1.5,2.38,api_football,open
2026-10-05T04:51:54Z,1563800,2026-10-10T11:30:00Z,7598.1,FAR,League Two,standard,Swindon Town,Crewe,36,BetVictor,ht_ou,under,1.5,1.49,api_football,open
2026-10-05T04:51:54Z,1563800,2026-10-10T11:30:00Z,7598.1,FAR,League Two,standard,Swindon Town,Crewe,36,BetVictor,ht_ou,over,0.5,1.3,api_football,open
2026-10-05T04:51:54Z,1563800,2026-10-10T11:30:00Z,7598.1,FAR,League Two,standard,Swindon Town,Crewe,36,BetVictor,ht_ou,under,0.5,3.2,api_football,open
2026-10-05T04:51:54Z,1563800,2026-10-10T11:30:00Z,7598.1,FAR,League Two,standard,Swindon Town,Crewe,36,BetVictor,btts,yes,,1.57,api_football,open
2026-10-05T04:51:54Z,1563800,2026-10-10T11:30:00Z,7598.1,FAR,League Two,standard,Swindon Town,Crewe,36,BetVictor,btts,no,,2.25,api_football,open
2026-10-05T04:51:54Z,1563798,2026-10-10T14:00:00Z,7748.1,FAR,League Two,standard,Rotherham,Gillingham,36,BetVictor,ou,over,1.5,1.29,api_football,open
2026-10-05T04:51:54Z,1563798,2026-10-10T14:00:00Z,7748.1,FAR,League Two,standard,Rotherham,Gillingham,36,BetVictor,ou,under,1.5,3.3,api_football,open
2026-10-05T04:51:54Z,1563798,2026-10-10T14:00:00Z,7748.1,FAR,League Two,standard,Rotherham,Gillingham,36,BetVictor,ou,over,2.5,1.89,api_football,open
2026-10-05T04:51:54Z,1563798,2026-10-10T14:00:00Z,7748.1,FAR,League Two,standard,Rotherham,Gillingham,36,BetVictor,ou,under,2.5,1.78,api_football,open
2026-10-05T04:51:54Z,1563798,2026-10-10T14:00:00Z,7748.1,FAR,League Two,standard,Rotherham,Gillingham,36,BetVictor,ou,over,3.5,3.4,api_football,open
2026-10-05T04:51:54Z,1563798,2026-10-10T14:00:00Z,7748.1,FAR,League Two,standard,Rotherham,Gillingham,36,BetVictor,ou,under,3.5,1.29,api_football,open
2026-10-05T04:51:54Z,1563798,2026-10-10T14:00:00Z,7748.1,FAR,League Two,standard,Rotherham,Gillingham,36,BetVictor,ht_ou,over,1.5,2.65,api_football,open
2026-10-05T04:51:54Z,1563798,2026-10-10T14:00:00Z,7748.1,FAR,League Two,standard,Rotherham,Gillingham,36,BetVictor,ht_ou,under,1.5,1.4,api_football,open
2026-10-05T04:51:54Z,1563798,2026-10-10T14:00:00Z,7748.1,FAR,League Two,standard,Rotherham,Gillingham,36,BetVictor,ht_ou,over,0.5,1.4,api_football,open
2026-10-05T04:51:54Z,1563798,2026-10-10T14:00:00Z,7748.1,FAR,League Two,standard,Rotherham,Gillingham,36,BetVictor,ht_ou,under,0.5,2.67,api_football,open
2026-10-05T04:51:54Z,1563798,2026-10-10T14:00:00Z,7748.1,FAR,League Two,standard,Rotherham,Gillingham,36,BetVictor,btts,yes,,1.78,api_football,open
2026-10-05T04:51:54Z,1563798,2026-10-10T14:00:00Z,7748.1,FAR,League Two,standard,Rotherham,Gillingham,36,BetVictor,btts,no,,1.93,api_football,open
2026-10-05T04:51:54Z,1563791,2026-10-10T14:00:00Z,7748.1,FAR,League Two,standard,Bristol Rovers,Barnet,36,BetVictor,ou,over,1.5,1.2,api_football,open
2026-10-05T04:51:54Z,1563791,2026-10-10T14:00:00Z,7748.1,FAR,League Two,standard,Bristol Rovers,Barnet,36,BetVictor,ou,under,1.5,4.1,api_football,open
2026-10-05T04:51:54Z,1563791,2026-10-10T14:00:00Z,7748.1,FAR,League Two,standard,Bristol Rovers,Barnet,36,BetVictor,ou,over,2.5,1.67,api_football,open
2026-10-05T04:51:54Z,1563791,2026-10-10T14:00:00Z,7748.1,FAR,League Two,standard,Bristol Rovers,Barnet,36,BetVictor,ou,under,2.5,2.04,api_football,open
2026-10-05T04:51:54Z,1563791,2026-10-10T14:00:00Z,7748.1,FAR,League Two,standard,Bristol Rovers,Barnet,36,BetVictor,ou,over,3.5,2.57,api_football,open
2026-10-05T04:51:54Z,1563791,2026-10-10T14:00:00Z,7748.1,FAR,League Two,standard,Bristol Rovers,Barnet,36,BetVictor,ou,under,3.5,1.43,api_football,open
2026-10-05T04:51:54Z,1563791,2026-10-10T14:00:00Z,7748.1,FAR,League Two,standard,Bristol Rovers,Barnet,36,BetVictor,ht_ou,over,1.5,2.37,api_football,open
2026-10-05T04:51:54Z,1563791,2026-10-10T14:00:00Z,7748.1,FAR,League Two,standard,Bristol Rovers,Barnet,36,BetVictor,ht_ou,under,1.5,1.5,api_football,open
2026-10-05T04:51:54Z,1563791,2026-10-10T14:00:00Z,7748.1,FAR,League Two,standard,Bristol Rovers,Barnet,36,BetVictor,ht_ou,over,0.5,1.3,api_football,open
2026-10-05T04:51:54Z,1563791,2026-10-10T14:00:00Z,7748.1,FAR,League Two,standard,Bristol Rovers,Barnet,36,BetVictor,ht_ou,under,0.5,3.2,api_football,open
2026-10-05T04:51:54Z,1563791,2026-10-10T14:00:00Z,7748.1,FAR,League Two,standard,Bristol Rovers,Barnet,36,BetVictor,btts,yes,,1.55,api_football,open
2026-10-05T04:51:54Z,1563791,2026-10-10T14:00:00Z,7748.1,FAR,League Two,standard,Bristol Rovers,Barnet,36,BetVictor,btts,no,,2.25,api_football,open
2026-10-05T04:51:54Z,1563794,2026-10-10T14:00:00Z,7748.1,FAR,League Two,standard,Fleetwood Town,Walsall,36,BetVictor,ou,over,1.5,1.22,api_football,open
2026-10-05T04:51:54Z,1563794,2026-10-10T14:00:00Z,7748.1,FAR,League Two,standard,Fleetwood Town,Walsall,36,BetVictor,ou,under,1.5,3.8,api_football,open
2026-10-05T04:51:54Z,1563794,2026-10-10T14:00:00Z,7748.1,FAR,League Two,standard,Fleetwood Town,Walsall,36,BetVictor,ou,over,2.5,1.76,api_football,open
2026-10-05T04:51:54Z,1563794,2026-10-10T14:00:00Z,7748.1,FAR,League Two,standard,Fleetwood Town,Walsall,36,BetVictor,ou,under,2.5,1.92,api_football,open
2026-10-05T04:51:54Z,1563794,2026-10-10T14:00:00Z,7748.1,FAR,League Two,standard,Fleetwood Town,Walsall,36,BetVictor,ou,over,3.5,3.0,api_football,open
2026-10-05T04:51:54Z,1563794,2026-10-10T14:00:00Z,7748.1,FAR,League Two,standard,Fleetwood Town,Walsall,36,BetVictor,ou,under,3.5,1.33,api_football,open
2026-10-05T04:51:54Z,1563794,2026-10-10T14:00:00Z,7748.1,FAR,League Two,standard,Fleetwood Town,Walsall,36,BetVictor,ht_ou,over,1.5,2.52,api_football,open
2026-10-05T04:51:54Z,1563794,2026-10-10T14:00:00Z,7748.1,FAR,League Two,standard,Fleetwood Town,Walsall,36,BetVictor,ht_ou,under,1.5,1.44,api_football,open
2026-10-05T04:51:54Z,1563794,2026-10-10T14:00:00Z,7748.1,FAR,League Two,standard,Fleetwood Town,Walsall,36,BetVictor,ht_ou,over,0.5,1.37,api_football,open
2026-10-05T04:51:54Z,1563794,2026-10-10T14:00:00Z,7748.1,FAR,League Two,standard,Fleetwood Town,Walsall,36,BetVictor,ht_ou,under,0.5,2.79,api_football,open
2026-10-05T04:51:54Z,1563794,2026-10-10T14:00:00Z,7748.1,FAR,League Two,standard,Fleetwood Town,Walsall,36,BetVictor,btts,yes,,1.62,api_football,open
2026-10-05T04:51:54Z,1563794,2026-10-10T14:00:00Z,7748.1,FAR,League Two,standard,Fleetwood Town,Walsall,36,BetVictor,btts,no,,2.15,api_football,open
2026-10-05T04:51:54Z,1563797,2026-10-10T14:00:00Z,7748.1,FAR,League Two,standard,Port Vale,Grimsby,36,BetVictor,ou,over,1.5,1.25,api_football,open
2026-10-05T04:51:54Z,1563797,2026-10-10T14:00:00Z,7748.1,FAR,League Two,standard,Port Vale,Grimsby,36,BetVictor,ou,under,1.5,3.5,api_football,open
2026-10-05T04:51:54Z,1563797,2026-10-10T14:00:00Z,7748.1,FAR,League Two,standard,Port Vale,Grimsby,36,BetVictor,ou,over,2.5,1.84,api_football,open
2026-10-05T04:51:54Z,1563797,2026-10-10T14:00:00Z,7748.1,FAR,League Two,standard,Port Vale,Grimsby,36,BetVictor,ou,under,2.5,1.83,api_football,open
2026-10-05T04:51:54Z,1563797,2026-10-10T14:00:00Z,7748.1,FAR,League Two,standard,Port Vale,Grimsby,36,BetVictor,ou,over,3.5,3.25,api_football,open
2026-10-05T04:51:54Z,1563797,2026-10-10T14:00:00Z,7748.1,FAR,League Two,standard,Port Vale,Grimsby,36,BetVictor,ou,under,3.5,1.3,api_football,open
2026-10-05T04:51:54Z,1563797,2026-10-10T14:00:00Z,7748.1,FAR,League Two,standard,Port Vale,Grimsby,36,BetVictor,ht_ou,over,1.5,2.59,api_football,open
2026-10-05T04:51:54Z,1563797,2026-10-10T14:00:00Z,7748.1,FAR,League Two,standard,Port Vale,Grimsby,36,BetVictor,ht_ou,under,1.5,1.42,api_football,open
2026-10-05T04:51:54Z,1563797,2026-10-10T14:00:00Z,7748.1,FAR,League Two,standard,Port Vale,Grimsby,36,BetVictor,ht_ou,over,0.5,1.38,api_football,open
2026-10-05T04:51:54Z,1563797,2026-10-10T14:00:00Z,7748.1,FAR,League Two,standard,Port Vale,Grimsby,36,BetVictor,ht_ou,under,0.5,2.73,api_football,open
2026-10-05T04:51:54Z,1563797,2026-10-10T14:00:00Z,7748.1,FAR,League Two,standard,Port Vale,Grimsby,36,BetVictor,btts,yes,,1.67,api_football,open
2026-10-05T04:51:54Z,1563797,2026-10-10T14:00:00Z,7748.1,FAR,League Two,standard,Port Vale,Grimsby,36,BetVictor,btts,no,,2.05,api_football,open
2026-10-05T04:51:54Z,1563799,2026-10-10T14:00:00Z,7748.1,FAR,League Two,standard,Shrewsbury,Exeter City,36,BetVictor,ou,over,1.5,1.37,api_football,open
2026-10-05T04:51:54Z,1563799,2026-10-10T14:00:00Z,7748.1,FAR,League Two,standard,Shrewsbury,Exeter City,36,BetVictor,ou,under,1.5,2.78,api_football,open
2026-10-05T04:51:54Z,1563799,2026-10-10T14:00:00Z,7748.1,FAR,League Two,standard,Shrewsbury,Exeter City,36,BetVictor,ou,over,2.5,2.04,api_football,open
2026-10-05T04:51:54Z,1563799,2026-10-10T14:00:00Z,7748.1,FAR,League Two,standard,Shrewsbury,Exeter City,36,BetVictor,ou,under,2.5,1.67,api_football,open
2026-10-05T04:51:54Z,1563799,2026-10-10T14:00:00Z,7748.1,FAR,League Two,standard,Shrewsbury,Exeter City,36,BetVictor,ou,over,3.5,3.8,api_football,open
2026-10-05T04:51:54Z,1563799,2026-10-10T14:00:00Z,7748.1,FAR,League Two,standard,Shrewsbury,Exeter City,36,BetVictor,ou,under,3.5,1.22,api_football,open
2026-10-05T04:51:54Z,1563799,2026-10-10T14:00:00Z,7748.1,FAR,League Two,standard,Shrewsbury,Exeter City,36,BetVictor,ht_ou,over,1.5,2.83,api_football,open
2026-10-05T04:51:54Z,1563799,2026-10-10T14:00:00Z,7748.1,FAR,League Two,standard,Shrewsbury,Exeter City,36,BetVictor,ht_ou,under,1.5,1.36,api_football,open
2026-10-05T04:51:54Z,1563799,2026-10-10T14:00:00Z,7748.1,FAR,League Two,standard,Shrewsbury,Exeter City,36,BetVictor,ht_ou,over,0.5,1.44,api_football,open
2026-10-05T04:51:54Z,1563799,2026-10-10T14:00:00Z,7748.1,FAR,League Two,standard,Shrewsbury,Exeter City,36,BetVictor,ht_ou,under,0.5,2.53,api_football,open
2026-10-05T04:51:54Z,1563799,2026-10-10T14:00:00Z,7748.1,FAR,League Two,standard,Shrewsbury,Exeter City,36,BetVictor,btts,yes,,1.83,api_football,open
2026-10-05T04:51:54Z,1563799,2026-10-10T14:00:00Z,7748.1,FAR,League Two,standard,Shrewsbury,Exeter City,36,BetVictor,btts,no,,1.87,api_football,open
2026-10-05T04:51:54Z,1563793,2026-10-10T14:00:00Z,7748.1,FAR,League Two,standard,Crawley Town,Chesterfield,36,BetVictor,ou,over,1.5,1.15,api_football,open
2026-10-05T04:51:54Z,1563793,2026-10-10T14:00:00Z,7748.1,FAR,League Two,standard,Crawley Town,Chesterfield,36,BetVictor,ou,under,1.5,4.75,api_football,open
2026-10-05T04:51:54Z,1563793,2026-10-10T14:00:00Z,7748.1,FAR,League Two,standard,Crawley Town,Chesterfield,36,BetVictor,ou,over,2.5,1.56,api_football,open
2026-10-05T04:51:54Z,1563793,2026-10-10T14:00:00Z,7748.1,FAR,League Two,standard,Crawley Town,Chesterfield,36,BetVictor,ou,under,2.5,2.23,api_football,open
2026-10-05T04:51:54Z,1563793,2026-10-10T14:00:00Z,7748.1,FAR,League Two,standard,Crawley Town,Chesterfield,36,BetVictor,ou,over,3.5,2.32,api_football,open
2026-10-05T04:51:54Z,1563793,2026-10-10T14:00:00Z,7748.1,FAR,League Two,standard,Crawley Town,Chesterfield,36,BetVictor,ou,under,3.5,1.52,api_football,open
2026-10-05T04:51:54Z,1563793,2026-10-10T14:00:00Z,7748.1,FAR,League Two,standard,Crawley Town,Chesterfield,36,BetVictor,ht_ou,over,1.5,2.21,api_football,open
2026-10-05T04:51:54Z,1563793,2026-10-10T14:00:00Z,7748.1,FAR,League Two,standard,Crawley Town,Chesterfield,36,BetVictor,ht_ou,under,1.5,1.57,api_football,open
2026-10-05T04:51:54Z,1563793,2026-10-10T14:00:00Z,7748.1,FAR,League Two,standard,Crawley Town,Chesterfield,36,BetVictor,ht_ou,over,0.5,1.25,api_football,open
2026-10-05T04:51:54Z,1563793,2026-10-10T14:00:00Z,7748.1,FAR,League Two,standard,Crawley Town,Chesterfield,36,BetVictor,ht_ou,under,0.5,3.6,api_football,open
2026-10-05T04:51:54Z,1563793,2026-10-10T14:00:00Z,7748.1,FAR,League Two,standard,Crawley Town,Chesterfield,36,BetVictor,btts,yes,,1.55,api_football,open
2026-10-05T04:51:54Z,1563793,2026-10-10T14:00:00Z,7748.1,FAR,League Two,standard,Crawley Town,Chesterfield,36,BetVictor,btts,no,,2.25,api_football,open
2026-10-05T04:51:54Z,1563795,2026-10-10T14:00:00Z,7748.1,FAR,League Two,standard,Newport County,Colchester,36,BetVictor,ou,over,1.5,1.22,api_football,open
2026-10-05T04:51:54Z,1563795,2026-10-10T14:00:00Z,7748.1,FAR,League Two,standard,Newport County,Colchester,36,BetVictor,ou,under,1.5,3.7,api_football,open
2026-10-05T04:51:54Z,1563795,2026-10-10T14:00:00Z,7748.1,FAR,League Two,standard,Newport County,Colchester,36,BetVictor,ou,over,2.5,1.78,api_football,open
2026-10-05T04:51:54Z,1563795,2026-10-10T14:00:00Z,7748.1,FAR,League Two,standard,Newport County,Colchester,36,BetVictor,ou,under,2.5,1.9,api_football,open
2026-10-05T04:51:54Z,1563795,2026-10-10T14:00:00Z,7748.1,FAR,League Two,standard,Newport County,Colchester,36,BetVictor,ou,over,3.5,3.0,api_football,open
2026-10-05T04:51:54Z,1563795,2026-10-10T14:00:00Z,7748.1,FAR,League Two,standard,Newport County,Colchester,36,BetVictor,ou,under,3.5,1.33,api_football,open
2026-10-05T04:51:54Z,1563795,2026-10-10T14:00:00Z,7748.1,FAR,League Two,standard,Newport County,Colchester,36,BetVictor,ht_ou,over,1.5,2.55,api_football,open
2026-10-05T04:51:54Z,1563795,2026-10-10T14:00:00Z,7748.1,FAR,League Two,standard,Newport County,Colchester,36,BetVictor,ht_ou,under,1.5,1.43,api_football,open
2026-10-05T04:51:54Z,1563795,2026-10-10T14:00:00Z,7748.1,FAR,League Two,standard,Newport County,Colchester,36,BetVictor,ht_ou,over,0.5,1.37,api_football,open
2026-10-05T04:51:54Z,1563795,2026-10-10T14:00:00Z,7748.1,FAR,League Two,standard,Newport County,Colchester,36,BetVictor,ht_ou,under,0.5,2.77,api_football,open
2026-10-05T04:51:54Z,1563795,2026-10-10T14:00:00Z,7748.1,FAR,League Two,standard,Newport County,Colchester,36,BetVictor,btts,yes,,1.62,api_football,open
2026-10-05T04:51:54Z,1563795,2026-10-10T14:00:00Z,7748.1,FAR,League Two,standard,Newport County,Colchester,36,BetVictor,btts,no,,2.15,api_football,open
2026-10-05T04:51:54Z,1563801,2026-10-10T14:00:00Z,7748.1,FAR,League Two,standard,Tranmere,Rochdale,8,Bet365,ht_ou,over,1.5,2.62,api_football,open
2026-10-05T04:51:54Z,1563801,2026-10-10T14:00:00Z,7748.1,FAR,League Two,standard,Tranmere,Rochdale,8,Bet365,ht_ou,under,1.5,1.44,api_football,open
2026-10-05T04:51:54Z,1563801,2026-10-10T14:00:00Z,7748.1,FAR,League Two,standard,Tranmere,Rochdale,8,Bet365,ht_ou,over,0.5,1.36,api_football,open
2026-10-05T04:51:54Z,1563801,2026-10-10T14:00:00Z,7748.1,FAR,League Two,standard,Tranmere,Rochdale,8,Bet365,ht_ou,under,0.5,3.0,api_football,open
2026-10-05T04:51:54Z,1563801,2026-10-10T14:00:00Z,7748.1,FAR,League Two,standard,Tranmere,Rochdale,36,BetVictor,ou,over,1.5,1.25,api_football,open
2026-10-05T04:51:54Z,1563801,2026-10-10T14:00:00Z,7748.1,FAR,League Two,standard,Tranmere,Rochdale,36,BetVictor,ou,under,1.5,3.6,api_football,open
2026-10-05T04:51:54Z,1563801,2026-10-10T14:00:00Z,7748.1,FAR,League Two,standard,Tranmere,Rochdale,36,BetVictor,ou,over,2.5,1.82,api_football,open
2026-10-05T04:51:54Z,1563801,2026-10-10T14:00:00Z,7748.1,FAR,League Two,standard,Tranmere,Rochdale,36,BetVictor,ou,under,2.5,1.85,api_football,open
2026-10-05T04:51:54Z,1563801,2026-10-10T14:00:00Z,7748.1,FAR,League Two,standard,Tranmere,Rochdale,36,BetVictor,ou,over,3.5,3.2,api_football,open
2026-10-05T04:51:54Z,1563801,2026-10-10T14:00:00Z,7748.1,FAR,League Two,standard,Tranmere,Rochdale,36,BetVictor,ou,under,3.5,1.3,api_football,open
2026-10-05T04:51:54Z,1563801,2026-10-10T14:00:00Z,7748.1,FAR,League Two,standard,Tranmere,Rochdale,36,BetVictor,ht_ou,over,1.5,2.56,api_football,open
2026-10-05T04:51:54Z,1563801,2026-10-10T14:00:00Z,7748.1,FAR,League Two,standard,Tranmere,Rochdale,36,BetVictor,ht_ou,under,1.5,1.43,api_football,open
2026-10-05T04:51:54Z,1563801,2026-10-10T14:00:00Z,7748.1,FAR,League Two,standard,Tranmere,Rochdale,36,BetVictor,ht_ou,over,0.5,1.38,api_football,open
2026-10-05T04:51:54Z,1563801,2026-10-10T14:00:00Z,7748.1,FAR,League Two,standard,Tranmere,Rochdale,36,BetVictor,ht_ou,under,0.5,2.74,api_football,open
2026-10-05T04:51:54Z,1563801,2026-10-10T14:00:00Z,7748.1,FAR,League Two,standard,Tranmere,Rochdale,36,BetVictor,btts,yes,,1.67,api_football,open
2026-10-05T04:51:54Z,1563801,2026-10-10T14:00:00Z,7748.1,FAR,League Two,standard,Tranmere,Rochdale,36,BetVictor,btts,no,,2.05,api_football,open
2026-10-05T04:51:54Z,1563802,2026-10-10T14:00:00Z,7748.1,FAR,League Two,standard,York,Northampton,36,BetVictor,ou,over,1.5,1.22,api_football,open
2026-10-05T04:51:54Z,1563802,2026-10-10T14:00:00Z,7748.1,FAR,League Two,standard,York,Northampton,36,BetVictor,ou,under,1.5,3.8,api_football,open
2026-10-05T04:51:54Z,1563802,2026-10-10T14:00:00Z,7748.1,FAR,League Two,standard,York,Northampton,36,BetVictor,ou,over,2.5,1.73,api_football,open
2026-10-05T04:51:54Z,1563802,2026-10-10T14:00:00Z,7748.1,FAR,League Two,standard,York,Northampton,36,BetVictor,ou,under,2.5,1.95,api_football,open
2026-10-05T04:51:54Z,1563802,2026-10-10T14:00:00Z,7748.1,FAR,League Two,standard,York,Northampton,36,BetVictor,ou,over,3.5,2.73,api_football,open
2026-10-05T04:51:54Z,1563802,2026-10-10T14:00:00Z,7748.1,FAR,League Two,standard,York,Northampton,36,BetVictor,ou,under,3.5,1.38,api_football,open
2026-10-05T04:51:54Z,1563802,2026-10-10T14:00:00Z,7748.1,FAR,League Two,standard,York,Northampton,36,BetVictor,ht_ou,over,1.5,2.47,api_football,open
2026-10-05T04:51:54Z,1563802,2026-10-10T14:00:00Z,7748.1,FAR,League Two,standard,York,Northampton,36,BetVictor,ht_ou,under,1.5,1.46,api_football,open
2026-10-05T04:51:54Z,1563802,2026-10-10T14:00:00Z,7748.1,FAR,League Two,standard,York,Northampton,36,BetVictor,ht_ou,over,0.5,1.35,api_football,open
2026-10-05T04:51:54Z,1563802,2026-10-10T14:00:00Z,7748.1,FAR,League Two,standard,York,Northampton,36,BetVictor,ht_ou,under,0.5,2.84,api_football,open
2026-10-05T04:51:54Z,1563802,2026-10-10T14:00:00Z,7748.1,FAR,League Two,standard,York,Northampton,36,BetVictor,btts,yes,,1.7,api_football,open
2026-10-05T04:51:54Z,1563802,2026-10-10T14:00:00Z,7748.1,FAR,League Two,standard,York,Northampton,36,BetVictor,btts,no,,2.0,api_football,open
2026-10-05T04:51:54Z,1585291,2026-10-10T14:00:00Z,7748.1,FAR,National League,standard,Worthing,Solihull Moors,8,Bet365,ht_ou,over,1.5,2.1,api_football,open
2026-10-05T04:51:54Z,1585291,2026-10-10T14:00:00Z,7748.1,FAR,National League,standard,Worthing,Solihull Moors,8,Bet365,ht_ou,under,1.5,1.67,api_football,open
2026-10-05T04:51:54Z,1585291,2026-10-10T14:00:00Z,7748.1,FAR,National League,standard,Worthing,Solihull Moors,8,Bet365,ht_ou,over,0.5,1.22,api_football,open
2026-10-05T04:51:54Z,1585291,2026-10-10T14:00:00Z,7748.1,FAR,National League,standard,Worthing,Solihull Moors,8,Bet365,ht_ou,under,0.5,4.0,api_football,open
2026-10-05T07:40:23Z,1493177,2026-10-11T20:00:00Z,9379.6,FAR,Argentina Primera Division,new_format,Rosario Central,Independ. Rivadavia,8,Bet365,ou,over,1.5,1.44,api_football,open
2026-10-05T07:40:23Z,1493177,2026-10-11T20:00:00Z,9379.6,FAR,Argentina Primera Division,new_format,Rosario Central,Independ. Rivadavia,8,Bet365,ou,under,1.5,2.62,api_football,open
2026-10-05T07:40:23Z,1493177,2026-10-11T20:00:00Z,9379.6,FAR,Argentina Primera Division,new_format,Rosario Central,Independ. Rivadavia,8,Bet365,ou,over,2.5,2.35,api_football,open
2026-10-05T07:40:23Z,1493177,2026-10-11T20:00:00Z,9379.6,FAR,Argentina Primera Division,new_format,Rosario Central,Independ. Rivadavia,8,Bet365,ou,under,2.5,1.57,api_football,open
2026-10-05T07:40:23Z,1493177,2026-10-11T20:00:00Z,9379.6,FAR,Argentina Primera Division,new_format,Rosario Central,Independ. Rivadavia,8,Bet365,ou,over,3.5,4.5,api_football,open
2026-10-05T07:40:23Z,1493177,2026-10-11T20:00:00Z,9379.6,FAR,Argentina Primera Division,new_format,Rosario Central,Independ. Rivadavia,8,Bet365,ou,under,3.5,1.18,api_football,open
2026-10-05T07:40:23Z,1493177,2026-10-11T20:00:00Z,9379.6,FAR,Argentina Primera Division,new_format,Rosario Central,Independ. Rivadavia,8,Bet365,ht_ou,over,1.5,3.5,api_football,open
2026-10-05T07:40:23Z,1493177,2026-10-11T20:00:00Z,9379.6,FAR,Argentina Primera Division,new_format,Rosario Central,Independ. Rivadavia,8,Bet365,ht_ou,under,1.5,1.28,api_football,open
2026-10-05T07:40:23Z,1493177,2026-10-11T20:00:00Z,9379.6,FAR,Argentina Primera Division,new_format,Rosario Central,Independ. Rivadavia,8,Bet365,ht_ou,over,0.5,1.5,api_football,open
2026-10-05T07:40:23Z,1493177,2026-10-11T20:00:00Z,9379.6,FAR,Argentina Primera Division,new_format,Rosario Central,Independ. Rivadavia,8,Bet365,ht_ou,under,0.5,2.5,api_football,open
2026-10-05T07:40:23Z,1493177,2026-10-11T20:00:00Z,9379.6,FAR,Argentina Primera Division,new_format,Rosario Central,Independ. Rivadavia,8,Bet365,btts,yes,,2.05,api_football,open
2026-10-05T07:40:23Z,1493177,2026-10-11T20:00:00Z,9379.6,FAR,Argentina Primera Division,new_format,Rosario Central,Independ. Rivadavia,8,Bet365,btts,no,,1.7,api_football,open
2026-10-05T07:40:23Z,1493177,2026-10-11T20:00:00Z,9379.6,FAR,Argentina Primera Division,new_format,Rosario Central,Independ. Rivadavia,2,Marathonbet,ou,over,1.5,1.38,api_football,open
2026-10-05T07:40:23Z,1493177,2026-10-11T20:00:00Z,9379.6,FAR,Argentina Primera Division,new_format,Rosario Central,Independ. Rivadavia,2,Marathonbet,ou,under,1.5,2.62,api_football,open
2026-10-05T07:40:23Z,1493177,2026-10-11T20:00:00Z,9379.6,FAR,Argentina Primera Division,new_format,Rosario Central,Independ. Rivadavia,2,Marathonbet,ou,over,2.5,2.27,api_football,open
2026-10-05T07:40:23Z,1493177,2026-10-11T20:00:00Z,9379.6,FAR,Argentina Primera Division,new_format,Rosario Central,Independ. Rivadavia,2,Marathonbet,ou,under,2.5,1.59,api_football,open
2026-10-05T07:40:23Z,1493177,2026-10-11T20:00:00Z,9379.6,FAR,Argentina Primera Division,new_format,Rosario Central,Independ. Rivadavia,2,Marathonbet,ou,over,3.5,4.0,api_football,open
2026-10-05T07:40:23Z,1493177,2026-10-11T20:00:00Z,9379.6,FAR,Argentina Primera Division,new_format,Rosario Central,Independ. Rivadavia,2,Marathonbet,ou,under,3.5,1.17,api_football,open
2026-10-05T07:40:23Z,1493177,2026-10-11T20:00:00Z,9379.6,FAR,Argentina Primera Division,new_format,Rosario Central,Independ. Rivadavia,2,Marathonbet,ht_ou,over,1.5,3.24,api_football,open
2026-10-05T07:40:23Z,1493177,2026-10-11T20:00:00Z,9379.6,FAR,Argentina Primera Division,new_format,Rosario Central,Independ. Rivadavia,2,Marathonbet,ht_ou,under,1.5,1.28,api_football,open
2026-10-05T07:40:23Z,1493177,2026-10-11T20:00:00Z,9379.6,FAR,Argentina Primera Division,new_format,Rosario Central,Independ. Rivadavia,2,Marathonbet,ht_ou,over,0.5,1.49,api_football,open
2026-10-05T07:40:23Z,1493177,2026-10-11T20:00:00Z,9379.6,FAR,Argentina Primera Division,new_format,Rosario Central,Independ. Rivadavia,2,Marathonbet,ht_ou,under,0.5,2.39,api_football,open
2026-10-05T07:40:23Z,1493177,2026-10-11T20:00:00Z,9379.6,FAR,Argentina Primera Division,new_format,Rosario Central,Independ. Rivadavia,2,Marathonbet,btts,yes,,1.99,api_football,open
2026-10-05T07:40:23Z,1493177,2026-10-11T20:00:00Z,9379.6,FAR,Argentina Primera Division,new_format,Rosario Central,Independ. Rivadavia,2,Marathonbet,btts,no,,1.71,api_football,open
2026-10-05T07:40:23Z,1493177,2026-10-11T20:00:00Z,9379.6,FAR,Argentina Primera Division,new_format,Rosario Central,Independ. Rivadavia,3,Betfair,ou,over,2.5,2.25,api_football,open
2026-10-05T07:40:23Z,1493177,2026-10-11T20:00:00Z,9379.6,FAR,Argentina Primera Division,new_format,Rosario Central,Independ. Rivadavia,3,Betfair,ou,under,2.5,1.57,api_football,open
2026-10-05T07:40:23Z,1493177,2026-10-11T20:00:00Z,9379.6,FAR,Argentina Primera Division,new_format,Rosario Central,Independ. Rivadavia,3,Betfair,ht_ou,over,1.5,3.3,api_football,open
2026-10-05T07:40:23Z,1493177,2026-10-11T20:00:00Z,9379.6,FAR,Argentina Primera Division,new_format,Rosario Central,Independ. Rivadavia,3,Betfair,ht_ou,under,1.5,1.29,api_football,open
2026-10-05T07:40:23Z,1493177,2026-10-11T20:00:00Z,9379.6,FAR,Argentina Primera Division,new_format,Rosario Central,Independ. Rivadavia,3,Betfair,ht_ou,over,0.5,1.45,api_football,open
2026-10-05T07:40:23Z,1493177,2026-10-11T20:00:00Z,9379.6,FAR,Argentina Primera Division,new_format,Rosario Central,Independ. Rivadavia,3,Betfair,ht_ou,under,0.5,2.55,api_football,open
2026-10-05T07:40:23Z,1493177,2026-10-11T20:00:00Z,9379.6,FAR,Argentina Primera Division,new_format,Rosario Central,Independ. Rivadavia,36,BetVictor,ou,over,1.5,1.43,api_football,open
2026-10-05T07:40:23Z,1493177,2026-10-11T20:00:00Z,9379.6,FAR,Argentina Primera Division,new_format,Rosario Central,Independ. Rivadavia,36,BetVictor,ou,under,1.5,2.55,api_football,open
2026-10-05T07:40:23Z,1493177,2026-10-11T20:00:00Z,9379.6,FAR,Argentina Primera Division,new_format,Rosario Central,Independ. Rivadavia,36,BetVictor,ou,over,2.5,2.23,api_football,open
2026-10-05T07:40:23Z,1493177,2026-10-11T20:00:00Z,9379.6,FAR,Argentina Primera Division,new_format,Rosario Central,Independ. Rivadavia,36,BetVictor,ou,under,2.5,1.56,api_football,open
2026-10-05T07:40:23Z,1493177,2026-10-11T20:00:00Z,9379.6,FAR,Argentina Primera Division,new_format,Rosario Central,Independ. Rivadavia,36,BetVictor,ou,over,3.5,5.0,api_football,open
2026-10-05T07:40:23Z,1493177,2026-10-11T20:00:00Z,9379.6,FAR,Argentina Primera Division,new_format,Rosario Central,Independ. Rivadavia,36,BetVictor,ou,under,3.5,1.17,api_football,open
2026-10-05T07:40:23Z,1493177,2026-10-11T20:00:00Z,9379.6,FAR,Argentina Primera Division,new_format,Rosario Central,Independ. Rivadavia,36,BetVictor,ht_ou,over,1.5,3.5,api_football,open
2026-10-05T07:40:23Z,1493177,2026-10-11T20:00:00Z,9379.6,FAR,Argentina Primera Division,new_format,Rosario Central,Independ. Rivadavia,36,BetVictor,ht_ou,under,1.5,1.29,api_football,open
2026-10-05T07:40:23Z,1493177,2026-10-11T20:00:00Z,9379.6,FAR,Argentina Primera Division,new_format,Rosario Central,Independ. Rivadavia,36,BetVictor,ht_ou,over,0.5,1.51,api_football,open
2026-10-05T07:40:23Z,1493177,2026-10-11T20:00:00Z,9379.6,FAR,Argentina Primera Division,new_format,Rosario Central,Independ. Rivadavia,36,BetVictor,ht_ou,under,0.5,2.34,api_football,open
2026-10-05T07:40:23Z,1493177,2026-10-11T20:00:00Z,9379.6,FAR,Argentina Primera Division,new_format,Rosario Central,Independ. Rivadavia,36,BetVictor,btts,yes,,2.0,api_football,open
2026-10-05T07:40:23Z,1493177,2026-10-11T20:00:00Z,9379.6,FAR,Argentina Primera Division,new_format,Rosario Central,Independ. Rivadavia,36,BetVictor,btts,no,,1.7,api_football,open
2026-10-05T07:40:23Z,1493177,2026-10-11T20:00:00Z,9379.6,FAR,Argentina Primera Division,new_format,Rosario Central,Independ. Rivadavia,11,1xBet,ou,over,1.5,1.38,api_football,open
2026-10-05T07:40:23Z,1493177,2026-10-11T20:00:00Z,9379.6,FAR,Argentina Primera Division,new_format,Rosario Central,Independ. Rivadavia,11,1xBet,ou,under,1.5,2.62,api_football,open
2026-10-05T07:40:23Z,1493177,2026-10-11T20:00:00Z,9379.6,FAR,Argentina Primera Division,new_format,Rosario Central,Independ. Rivadavia,11,1xBet,ou,over,2.5,2.31,api_football,open
2026-10-05T07:40:23Z,1493177,2026-10-11T20:00:00Z,9379.6,FAR,Argentina Primera Division,new_format,Rosario Central,Independ. Rivadavia,11,1xBet,ou,under,2.5,1.62,api_football,open
2026-10-05T07:40:23Z,1493177,2026-10-11T20:00:00Z,9379.6,FAR,Argentina Primera Division,new_format,Rosario Central,Independ. Rivadavia,11,1xBet,ou,over,3.5,4.0,api_football,open
2026-10-05T07:40:23Z,1493177,2026-10-11T20:00:00Z,9379.6,FAR,Argentina Primera Division,new_format,Rosario Central,Independ. Rivadavia,11,1xBet,ou,under,3.5,1.17,api_football,open
2026-10-05T07:40:23Z,1493177,2026-10-11T20:00:00Z,9379.6,FAR,Argentina Primera Division,new_format,Rosario Central,Independ. Rivadavia,11,1xBet,ht_ou,over,1.5,3.24,api_football,open
2026-10-05T07:40:23Z,1493177,2026-10-11T20:00:00Z,9379.6,FAR,Argentina Primera Division,new_format,Rosario Central,Independ. Rivadavia,11,1xBet,ht_ou,under,1.5,1.28,api_football,open
2026-10-05T07:40:23Z,1493177,2026-10-11T20:00:00Z,9379.6,FAR,Argentina Primera Division,new_format,Rosario Central,Independ. Rivadavia,11,1xBet,ht_ou,over,0.5,1.49,api_football,open
2026-10-05T07:40:23Z,1493177,2026-10-11T20:00:00Z,9379.6,FAR,Argentina Primera Division,new_format,Rosario Central,Independ. Rivadavia,11,1xBet,ht_ou,under,0.5,2.39,api_football,open
2026-10-05T07:40:23Z,1493177,2026-10-11T20:00:00Z,9379.6,FAR,Argentina Primera Division,new_format,Rosario Central,Independ. Rivadavia,11,1xBet,btts,yes,,1.99,api_football,open
2026-10-05T07:40:23Z,1493177,2026-10-11T20:00:00Z,9379.6,FAR,Argentina Primera Division,new_format,Rosario Central,Independ. Rivadavia,11,1xBet,btts,no,,1.73,api_football,open
2026-10-05T07:40:23Z,1493177,2026-10-11T20:00:00Z,9379.6,FAR,Argentina Primera Division,new_format,Rosario Central,Independ. Rivadavia,32,Betano,ou,over,1.5,1.47,api_football,open
2026-10-05T07:40:23Z,1493177,2026-10-11T20:00:00Z,9379.6,FAR,Argentina Primera Division,new_format,Rosario Central,Independ. Rivadavia,32,Betano,ou,under,1.5,2.8,api_football,open
2026-10-05T07:40:23Z,1493177,2026-10-11T20:00:00Z,9379.6,FAR,Argentina Primera Division,new_format,Rosario Central,Independ. Rivadavia,32,Betano,ou,over,2.5,2.37,api_football,open
2026-10-05T07:40:23Z,1493177,2026-10-11T20:00:00Z,9379.6,FAR,Argentina Primera Division,new_format,Rosario Central,Independ. Rivadavia,32,Betano,ou,under,2.5,1.62,api_football,open
2026-10-05T07:40:23Z,1493177,2026-10-11T20:00:00Z,9379.6,FAR,Argentina Primera Division,new_format,Rosario Central,Independ. Rivadavia,32,Betano,ou,over,3.5,4.25,api_football,open
2026-10-05T07:40:23Z,1493177,2026-10-11T20:00:00Z,9379.6,FAR,Argentina Primera Division,new_format,Rosario Central,Independ. Rivadavia,32,Betano,ou,under,3.5,1.23,api_football,open
2026-10-05T07:40:23Z,1493177,2026-10-11T20:00:00Z,9379.6,FAR,Argentina Primera Division,new_format,Rosario Central,Independ. Rivadavia,32,Betano,ht_ou,over,1.5,3.45,api_football,open
2026-10-05T07:40:23Z,1493177,2026-10-11T20:00:00Z,9379.6,FAR,Argentina Primera Division,new_format,Rosario Central,Independ. Rivadavia,32,Betano,ht_ou,under,1.5,1.32,api_football,open
2026-10-05T07:40:23Z,1493177,2026-10-11T20:00:00Z,9379.6,FAR,Argentina Primera Division,new_format,Rosario Central,Independ. Rivadavia,32,Betano,ht_ou,over,0.5,1.57,api_football,open
2026-10-05T07:40:23Z,1493177,2026-10-11T20:00:00Z,9379.6,FAR,Argentina Primera Division,new_format,Rosario Central,Independ. Rivadavia,32,Betano,ht_ou,under,0.5,2.42,api_football,open
2026-10-05T07:40:23Z,1493177,2026-10-11T20:00:00Z,9379.6,FAR,Argentina Primera Division,new_format,Rosario Central,Independ. Rivadavia,32,Betano,btts,yes,,1.98,api_football,open
2026-10-05T07:40:23Z,1493177,2026-10-11T20:00:00Z,9379.6,FAR,Argentina Primera Division,new_format,Rosario Central,Independ. Rivadavia,32,Betano,btts,no,,1.78,api_football,open
2026-10-05T07:40:23Z,1493174,2026-10-11T20:00:00Z,9379.6,FAR,Argentina Primera Division,new_format,Platense,Argentinos JRS,36,BetVictor,ou,over,1.5,1.53,api_football,open
2026-10-05T07:40:23Z,1493174,2026-10-11T20:00:00Z,9379.6,FAR,Argentina Primera Division,new_format,Platense,Argentinos JRS,36,BetVictor,ou,under,1.5,2.29,api_football,open
2026-10-05T07:40:23Z,1493174,2026-10-11T20:00:00Z,9379.6,FAR,Argentina Primera Division,new_format,Platense,Argentinos JRS,36,BetVictor,ou,over,2.5,2.5,api_football,open
2026-10-05T07:40:23Z,1493174,2026-10-11T20:00:00Z,9379.6,FAR,Argentina Primera Division,new_format,Platense,Argentinos JRS,36,BetVictor,ou,under,2.5,1.45,api_football,open
2026-10-05T07:40:23Z,1493174,2026-10-11T20:00:00Z,9379.6,FAR,Argentina Primera Division,new_format,Platense,Argentinos JRS,36,BetVictor,ou,over,3.5,5.75,api_football,open
2026-10-05T07:40:23Z,1493174,2026-10-11T20:00:00Z,9379.6,FAR,Argentina Primera Division,new_format,Platense,Argentinos JRS,36,BetVictor,ou,under,3.5,1.13,api_football,open
2026-10-05T07:40:23Z,1493174,2026-10-11T20:00:00Z,9379.6,FAR,Argentina Primera Division,new_format,Platense,Argentinos JRS,36,BetVictor,ht_ou,over,1.5,4.1,api_football,open
2026-10-05T07:40:23Z,1493174,2026-10-11T20:00:00Z,9379.6,FAR,Argentina Primera Division,new_format,Platense,Argentinos JRS,36,BetVictor,ht_ou,under,1.5,1.22,api_football,open
2026-10-05T07:40:23Z,1493174,2026-10-11T20:00:00Z,9379.6,FAR,Argentina Primera Division,new_format,Platense,Argentinos JRS,36,BetVictor,ht_ou,over,0.5,1.57,api_football,open
2026-10-05T07:40:23Z,1493174,2026-10-11T20:00:00Z,9379.6,FAR,Argentina Primera Division,new_format,Platense,Argentinos JRS,36,BetVictor,ht_ou,under,0.5,2.2,api_football,open
2026-10-05T07:40:23Z,1493174,2026-10-11T20:00:00Z,9379.6,FAR,Argentina Primera Division,new_format,Platense,Argentinos JRS,36,BetVictor,btts,yes,,2.15,api_football,open
2026-10-05T07:40:23Z,1493174,2026-10-11T20:00:00Z,9379.6,FAR,Argentina Primera Division,new_format,Platense,Argentinos JRS,36,BetVictor,btts,no,,1.62,api_football,open
2026-10-05T07:40:23Z,1493175,2026-10-11T22:15:00Z,9514.6,FAR,Argentina Primera Division,new_format,Racing Club,Belgrano Cordoba,36,BetVictor,ou,over,1.5,1.47,api_football,open
2026-10-05T07:40:23Z,1493175,2026-10-11T22:15:00Z,9514.6,FAR,Argentina Primera Division,new_format,Racing Club,Belgrano Cordoba,36,BetVictor,ou,under,1.5,2.44,api_football,open
2026-10-05T07:40:23Z,1493175,2026-10-11T22:15:00Z,9514.6,FAR,Argentina Primera Division,new_format,Racing Club,Belgrano Cordoba,36,BetVictor,ou,over,2.5,2.34,api_football,open
2026-10-05T07:40:23Z,1493175,2026-10-11T22:15:00Z,9514.6,FAR,Argentina Primera Division,new_format,Racing Club,Belgrano Cordoba,36,BetVictor,ou,under,2.5,1.51,api_football,open
2026-10-05T07:40:23Z,1493175,2026-10-11T22:15:00Z,9514.6,FAR,Argentina Primera Division,new_format,Racing Club,Belgrano Cordoba,36,BetVictor,ou,over,3.5,5.4,api_football,open
2026-10-05T07:40:23Z,1493175,2026-10-11T22:15:00Z,9514.6,FAR,Argentina Primera Division,new_format,Racing Club,Belgrano Cordoba,36,BetVictor,ou,under,3.5,1.14,api_football,open
2026-10-05T07:40:23Z,1493175,2026-10-11T22:15:00Z,9514.6,FAR,Argentina Primera Division,new_format,Racing Club,Belgrano Cordoba,36,BetVictor,ht_ou,over,1.5,3.75,api_football,open
2026-10-05T07:40:23Z,1493175,2026-10-11T22:15:00Z,9514.6,FAR,Argentina Primera Division,new_format,Racing Club,Belgrano Cordoba,36,BetVictor,ht_ou,under,1.5,1.25,api_football,open
2026-10-05T07:40:23Z,1493175,2026-10-11T22:15:00Z,9514.6,FAR,Argentina Primera Division,new_format,Racing Club,Belgrano Cordoba,36,BetVictor,ht_ou,over,0.5,1.53,api_football,open
2026-10-05T07:40:23Z,1493175,2026-10-11T22:15:00Z,9514.6,FAR,Argentina Primera Division,new_format,Racing Club,Belgrano Cordoba,36,BetVictor,ht_ou,under,0.5,2.29,api_football,open
2026-10-05T07:40:23Z,1493175,2026-10-11T22:15:00Z,9514.6,FAR,Argentina Primera Division,new_format,Racing Club,Belgrano Cordoba,36,BetVictor,btts,yes,,2.0,api_football,open
2026-10-05T07:40:23Z,1493175,2026-10-11T22:15:00Z,9514.6,FAR,Argentina Primera Division,new_format,Racing Club,Belgrano Cordoba,36,BetVictor,btts,no,,1.7,api_football,open
2026-10-05T07:40:23Z,1493175,2026-10-11T22:15:00Z,9514.6,FAR,Argentina Primera Division,new_format,Racing Club,Belgrano Cordoba,4,Pinnacle,ou,over,1.5,1.41,api_football,open
2026-10-05T07:40:23Z,1493175,2026-10-11T22:15:00Z,9514.6,FAR,Argentina Primera Division,new_format,Racing Club,Belgrano Cordoba,4,Pinnacle,ou,under,1.5,2.9,api_football,open
2026-10-05T07:40:23Z,1493175,2026-10-11T22:15:00Z,9514.6,FAR,Argentina Primera Division,new_format,Racing Club,Belgrano Cordoba,4,Pinnacle,ou,over,2.5,2.36,api_football,open
2026-10-05T07:40:23Z,1493175,2026-10-11T22:15:00Z,9514.6,FAR,Argentina Primera Division,new_format,Racing Club,Belgrano Cordoba,4,Pinnacle,ou,under,2.5,1.6,api_football,open
2026-10-05T07:40:23Z,1493175,2026-10-11T22:15:00Z,9514.6,FAR,Argentina Primera Division,new_format,Racing Club,Belgrano Cordoba,4,Pinnacle,ou,over,3.5,4.52,api_football,open
2026-10-05T07:40:23Z,1493175,2026-10-11T22:15:00Z,9514.6,FAR,Argentina Primera Division,new_format,Racing Club,Belgrano Cordoba,4,Pinnacle,ou,under,3.5,1.2,api_football,open
2026-10-05T07:40:23Z,1493175,2026-10-11T22:15:00Z,9514.6,FAR,Argentina Primera Division,new_format,Racing Club,Belgrano Cordoba,4,Pinnacle,ht_ou,over,0.5,1.48,api_football,open
2026-10-05T07:40:23Z,1493175,2026-10-11T22:15:00Z,9514.6,FAR,Argentina Primera Division,new_format,Racing Club,Belgrano Cordoba,4,Pinnacle,ht_ou,under,0.5,2.58,api_football,open
2026-10-05T07:40:23Z,1561941,2026-10-10T15:00:00Z,7639.6,FAR,Austrian Bundesliga,new_format,WSG Wattens,Ried,36,BetVictor,ou,over,1.5,1.17,api_football,open
2026-10-05T07:40:23Z,1561941,2026-10-10T15:00:00Z,7639.6,FAR,Austrian Bundesliga,new_format,WSG Wattens,Ried,36,BetVictor,ou,under,1.5,4.6,api_football,open
2026-10-05T07:40:23Z,1561941,2026-10-10T15:00:00Z,7639.6,FAR,Austrian Bundesliga,new_format,WSG Wattens,Ried,36,BetVictor,ou,over,2.5,1.59,api_football,open
2026-10-05T07:40:23Z,1561941,2026-10-10T15:00:00Z,7639.6,FAR,Austrian Bundesliga,new_format,WSG Wattens,Ried,36,BetVictor,ou,under,2.5,2.17,api_football,open
2026-10-05T07:40:23Z,1561941,2026-10-10T15:00:00Z,7639.6,FAR,Austrian Bundesliga,new_format,WSG Wattens,Ried,36,BetVictor,ou,over,3.5,2.39,api_football,open
2026-10-05T07:40:23Z,1561941,2026-10-10T15:00:00Z,7639.6,FAR,Austrian Bundesliga,new_format,WSG Wattens,Ried,36,BetVictor,ou,under,3.5,1.49,api_football,open
2026-10-05T07:40:23Z,1561941,2026-10-10T15:00:00Z,7639.6,FAR,Austrian Bundesliga,new_format,WSG Wattens,Ried,36,BetVictor,ht_ou,over,1.5,2.26,api_football,open
2026-10-05T07:40:23Z,1561941,2026-10-10T15:00:00Z,7639.6,FAR,Austrian Bundesliga,new_format,WSG Wattens,Ried,36,BetVictor,ht_ou,under,1.5,1.54,api_football,open
2026-10-05T07:40:23Z,1561941,2026-10-10T15:00:00Z,7639.6,FAR,Austrian Bundesliga,new_format,WSG Wattens,Ried,36,BetVictor,ht_ou,over,0.5,1.29,api_football,open
2026-10-05T07:40:23Z,1561941,2026-10-10T15:00:00Z,7639.6,FAR,Austrian Bundesliga,new_format,WSG Wattens,Ried,36,BetVictor,ht_ou,under,0.5,3.4,api_football,open
2026-10-05T07:40:23Z,1561941,2026-10-10T15:00:00Z,7639.6,FAR,Austrian Bundesliga,new_format,WSG Wattens,Ried,36,BetVictor,btts,yes,,1.47,api_football,open
2026-10-05T07:40:23Z,1561941,2026-10-10T15:00:00Z,7639.6,FAR,Austrian Bundesliga,new_format,WSG Wattens,Ried,36,BetVictor,btts,no,,2.45,api_football,open
2026-10-05T07:40:23Z,1561937,2026-10-10T17:30:00Z,7789.6,FAR,Austrian Bundesliga,new_format,Austria Vienna,Sturm Graz,36,BetVictor,ou,over,1.5,1.2,api_football,open
2026-10-05T07:40:23Z,1561937,2026-10-10T17:30:00Z,7789.6,FAR,Austrian Bundesliga,new_format,Austria Vienna,Sturm Graz,36,BetVictor,ou,under,1.5,4.1,api_football,open
2026-10-05T07:40:23Z,1561937,2026-10-10T17:30:00Z,7789.6,FAR,Austrian Bundesliga,new_format,Austria Vienna,Sturm Graz,36,BetVictor,ou,over,2.5,1.69,api_football,open
2026-10-05T07:40:23Z,1561937,2026-10-10T17:30:00Z,7789.6,FAR,Austrian Bundesliga,new_format,Austria Vienna,Sturm Graz,36,BetVictor,ou,under,2.5,2.01,api_football,open
2026-10-05T07:40:23Z,1561937,2026-10-10T17:30:00Z,7789.6,FAR,Austrian Bundesliga,new_format,Austria Vienna,Sturm Graz,36,BetVictor,ou,over,3.5,2.75,api_football,open
2026-10-05T07:40:23Z,1561937,2026-10-10T17:30:00Z,7789.6,FAR,Austrian Bundesliga,new_format,Austria Vienna,Sturm Graz,36,BetVictor,ou,under,3.5,1.4,api_football,open
2026-10-05T07:40:23Z,1561937,2026-10-10T17:30:00Z,7789.6,FAR,Austrian Bundesliga,new_format,Austria Vienna,Sturm Graz,36,BetVictor,ht_ou,over,1.5,2.39,api_football,open
2026-10-05T07:40:23Z,1561937,2026-10-10T17:30:00Z,7789.6,FAR,Austrian Bundesliga,new_format,Austria Vienna,Sturm Graz,36,BetVictor,ht_ou,under,1.5,1.49,api_football,open
2026-10-05T07:40:23Z,1561937,2026-10-10T17:30:00Z,7789.6,FAR,Austrian Bundesliga,new_format,Austria Vienna,Sturm Graz,36,BetVictor,ht_ou,over,0.5,1.3,api_football,open
2026-10-05T07:40:23Z,1561937,2026-10-10T17:30:00Z,7789.6,FAR,Austrian Bundesliga,new_format,Austria Vienna,Sturm Graz,36,BetVictor,ht_ou,under,0.5,3.25,api_football,open
2026-10-05T07:40:23Z,1561937,2026-10-10T17:30:00Z,7789.6,FAR,Austrian Bundesliga,new_format,Austria Vienna,Sturm Graz,36,BetVictor,btts,yes,,1.57,api_football,open
2026-10-05T07:40:23Z,1561937,2026-10-10T17:30:00Z,7789.6,FAR,Austrian Bundesliga,new_format,Austria Vienna,Sturm Graz,36,BetVictor,btts,no,,2.25,api_football,open
2026-10-05T07:40:23Z,1561936,2026-10-11T12:30:00Z,8929.6,FAR,Austrian Bundesliga,new_format,SCR Altach,Wolfsberger AC,4,Pinnacle,ou,over,1.5,1.19,api_football,open
2026-10-05T07:40:23Z,1561936,2026-10-11T12:30:00Z,8929.6,FAR,Austrian Bundesliga,new_format,SCR Altach,Wolfsberger AC,4,Pinnacle,ou,under,1.5,4.72,api_football,open
2026-10-05T07:40:23Z,1561936,2026-10-11T12:30:00Z,8929.6,FAR,Austrian Bundesliga,new_format,SCR Altach,Wolfsberger AC,4,Pinnacle,ou,over,2.5,1.62,api_football,open
2026-10-05T07:40:23Z,1561936,2026-10-11T12:30:00Z,8929.6,FAR,Austrian Bundesliga,new_format,SCR Altach,Wolfsberger AC,4,Pinnacle,ou,under,2.5,2.32,api_football,open
2026-10-05T07:40:23Z,1561936,2026-10-11T12:30:00Z,8929.6,FAR,Austrian Bundesliga,new_format,SCR Altach,Wolfsberger AC,4,Pinnacle,ou,over,3.5,2.53,api_football,open
2026-10-05T07:40:23Z,1561936,2026-10-11T12:30:00Z,8929.6,FAR,Austrian Bundesliga,new_format,SCR Altach,Wolfsberger AC,4,Pinnacle,ou,under,3.5,1.53,api_football,open
2026-10-05T07:40:23Z,1561936,2026-10-11T12:30:00Z,8929.6,FAR,Austrian Bundesliga,new_format,SCR Altach,Wolfsberger AC,4,Pinnacle,ht_ou,over,1.5,2.39,api_football,open
2026-10-05T07:40:23Z,1561936,2026-10-11T12:30:00Z,8929.6,FAR,Austrian Bundesliga,new_format,SCR Altach,Wolfsberger AC,4,Pinnacle,ht_ou,under,1.5,1.56,api_football,open
2026-10-05T07:40:23Z,1561936,2026-10-11T12:30:00Z,8929.6,FAR,Austrian Bundesliga,new_format,SCR Altach,Wolfsberger AC,32,Betano,ou,over,1.5,1.21,api_football,open
2026-10-05T07:40:23Z,1561936,2026-10-11T12:30:00Z,8929.6,FAR,Austrian Bundesliga,new_format,SCR Altach,Wolfsberger AC,32,Betano,ou,under,1.5,4.1,api_football,open
2026-10-05T07:40:23Z,1561936,2026-10-11T12:30:00Z,8929.6,FAR,Austrian Bundesliga,new_format,SCR Altach,Wolfsberger AC,32,Betano,ou,over,2.5,1.65,api_football,open
2026-10-05T07:40:23Z,1561936,2026-10-11T12:30:00Z,8929.6,FAR,Austrian Bundesliga,new_format,SCR Altach,Wolfsberger AC,32,Betano,ou,under,2.5,2.22,api_football,open
2026-10-05T07:40:23Z,1561936,2026-10-11T12:30:00Z,8929.6,FAR,Austrian Bundesliga,new_format,SCR Altach,Wolfsberger AC,32,Betano,ou,over,3.5,2.55,api_football,open
2026-10-05T07:40:23Z,1561936,2026-10-11T12:30:00Z,8929.6,FAR,Austrian Bundesliga,new_format,SCR Altach,Wolfsberger AC,32,Betano,ou,under,3.5,1.5,api_football,open
2026-10-05T07:40:23Z,1561936,2026-10-11T12:30:00Z,8929.6,FAR,Austrian Bundesliga,new_format,SCR Altach,Wolfsberger AC,32,Betano,ht_ou,over,1.5,2.47,api_football,open
2026-10-05T07:40:23Z,1561936,2026-10-11T12:30:00Z,8929.6,FAR,Austrian Bundesliga,new_format,SCR Altach,Wolfsberger AC,32,Betano,ht_ou,under,1.5,1.53,api_football,open
2026-10-05T07:40:23Z,1561936,2026-10-11T12:30:00Z,8929.6,FAR,Austrian Bundesliga,new_format,SCR Altach,Wolfsberger AC,32,Betano,ht_ou,over,0.5,1.34,api_football,open
2026-10-05T07:40:23Z,1561936,2026-10-11T12:30:00Z,8929.6,FAR,Austrian Bundesliga,new_format,SCR Altach,Wolfsberger AC,32,Betano,ht_ou,under,0.5,3.1,api_football,open
2026-10-05T07:40:23Z,1561936,2026-10-11T12:30:00Z,8929.6,FAR,Austrian Bundesliga,new_format,SCR Altach,Wolfsberger AC,32,Betano,btts,yes,,1.55,api_football,open
2026-10-05T07:40:23Z,1561936,2026-10-11T12:30:00Z,8929.6,FAR,Austrian Bundesliga,new_format,SCR Altach,Wolfsberger AC,32,Betano,btts,no,,2.3,api_football,open
2026-10-05T07:40:23Z,1561939,2026-10-11T12:30:00Z,8929.6,FAR,Austrian Bundesliga,new_format,TSV Hartberg,Austria Lustenau,4,Pinnacle,ou,over,1.5,1.25,api_football,open
2026-10-05T07:40:23Z,1561939,2026-10-11T12:30:00Z,8929.6,FAR,Austrian Bundesliga,new_format,TSV Hartberg,Austria Lustenau,4,Pinnacle,ou,under,1.5,3.92,api_football,open
2026-10-05T07:40:23Z,1561939,2026-10-11T12:30:00Z,8929.6,FAR,Austrian Bundesliga,new_format,TSV Hartberg,Austria Lustenau,4,Pinnacle,ou,over,2.5,1.81,api_football,open
2026-10-05T07:40:23Z,1561939,2026-10-11T12:30:00Z,8929.6,FAR,Austrian Bundesliga,new_format,TSV Hartberg,Austria Lustenau,4,Pinnacle,ou,under,2.5,2.03,api_football,open
2026-10-05T07:40:23Z,1561939,2026-10-11T12:30:00Z,8929.6,FAR,Austrian Bundesliga,new_format,TSV Hartberg,Austria Lustenau,4,Pinnacle,ou,over,3.5,3.01,api_football,open
2026-10-05T07:40:23Z,1561939,2026-10-11T12:30:00Z,8929.6,FAR,Austrian Bundesliga,new_format,TSV Hartberg,Austria Lustenau,4,Pinnacle,ou,under,3.5,1.38,api_football,open
2026-10-05T07:40:23Z,1561939,2026-10-11T12:30:00Z,8929.6,FAR,Austrian Bundesliga,new_format,TSV Hartberg,Austria Lustenau,4,Pinnacle,ht_ou,over,1.5,2.67,api_football,open
2026-10-05T07:40:23Z,1561939,2026-10-11T12:30:00Z,8929.6,FAR,Austrian Bundesliga,new_format,TSV Hartberg,Austria Lustenau,4,Pinnacle,ht_ou,under,1.5,1.45,api_football,open
2026-10-05T07:40:23Z,1561939,2026-10-11T12:30:00Z,8929.6,FAR,Austrian Bundesliga,new_format,TSV Hartberg,Austria Lustenau,4,Pinnacle,ht_ou,over,0.5,1.33,api_football,open
2026-10-05T07:40:23Z,1561939,2026-10-11T12:30:00Z,8929.6,FAR,Austrian Bundesliga,new_format,TSV Hartberg,Austria Lustenau,4,Pinnacle,ht_ou,under,0.5,3.2,api_football,open
2026-10-05T07:40:23Z,1561939,2026-10-11T12:30:00Z,8929.6,FAR,Austrian Bundesliga,new_format,TSV Hartberg,Austria Lustenau,5,SBO,ou,over,2.5,1.83,api_football,open
2026-10-05T07:40:23Z,1561939,2026-10-11T12:30:00Z,8929.6,FAR,Austrian Bundesliga,new_format,TSV Hartberg,Austria Lustenau,5,SBO,ou,under,2.5,1.99,api_football,open
2026-10-05T07:40:23Z,1561939,2026-10-11T12:30:00Z,8929.6,FAR,Austrian Bundesliga,new_format,TSV Hartberg,Austria Lustenau,32,Betano,ou,over,1.5,1.27,api_football,open
2026-10-05T07:40:23Z,1561939,2026-10-11T12:30:00Z,8929.6,FAR,Austrian Bundesliga,new_format,TSV Hartberg,Austria Lustenau,32,Betano,ou,under,1.5,3.5,api_football,open
2026-10-05T07:40:23Z,1561939,2026-10-11T12:30:00Z,8929.6,FAR,Austrian Bundesliga,new_format,TSV Hartberg,Austria Lustenau,32,Betano,ou,over,2.5,1.83,api_football,open
2026-10-05T07:40:23Z,1561939,2026-10-11T12:30:00Z,8929.6,FAR,Austrian Bundesliga,new_format,TSV Hartberg,Austria Lustenau,32,Betano,ou,under,2.5,1.95,api_football,open
2026-10-05T07:40:23Z,1561939,2026-10-11T12:30:00Z,8929.6,FAR,Austrian Bundesliga,new_format,TSV Hartberg,Austria Lustenau,32,Betano,ou,over,3.5,2.95,api_football,open
2026-10-05T07:40:23Z,1561939,2026-10-11T12:30:00Z,8929.6,FAR,Austrian Bundesliga,new_format,TSV Hartberg,Austria Lustenau,32,Betano,ou,under,3.5,1.37,api_football,open
2026-10-05T07:40:23Z,1561939,2026-10-11T12:30:00Z,8929.6,FAR,Austrian Bundesliga,new_format,TSV Hartberg,Austria Lustenau,32,Betano,ht_ou,over,1.5,2.75,api_football,open
2026-10-05T07:40:23Z,1561939,2026-10-11T12:30:00Z,8929.6,FAR,Austrian Bundesliga,new_format,TSV Hartberg,Austria Lustenau,32,Betano,ht_ou,under,1.5,1.44,api_football,open
2026-10-05T07:40:23Z,1561939,2026-10-11T12:30:00Z,8929.6,FAR,Austrian Bundesliga,new_format,TSV Hartberg,Austria Lustenau,32,Betano,ht_ou,over,0.5,1.4,api_football,open
2026-10-05T07:40:23Z,1561939,2026-10-11T12:30:00Z,8929.6,FAR,Austrian Bundesliga,new_format,TSV Hartberg,Austria Lustenau,32,Betano,ht_ou,under,0.5,2.87,api_football,open
2026-10-05T07:40:23Z,1561939,2026-10-11T12:30:00Z,8929.6,FAR,Austrian Bundesliga,new_format,TSV Hartberg,Austria Lustenau,32,Betano,btts,yes,,1.65,api_football,open
2026-10-05T07:40:23Z,1561939,2026-10-11T12:30:00Z,8929.6,FAR,Austrian Bundesliga,new_format,TSV Hartberg,Austria Lustenau,32,Betano,btts,no,,2.1,api_football,open
2026-10-05T07:40:23Z,1561940,2026-10-11T15:00:00Z,9079.6,FAR,Austrian Bundesliga,new_format,Lask Linz,Rapid Vienna,4,Pinnacle,ou,over,1.5,1.12,api_football,open
2026-10-05T07:40:23Z,1561940,2026-10-11T15:00:00Z,9079.6,FAR,Austrian Bundesliga,new_format,Lask Linz,Rapid Vienna,4,Pinnacle,ou,under,1.5,6.39,api_football,open
2026-10-05T07:40:23Z,1561940,2026-10-11T15:00:00Z,9079.6,FAR,Austrian Bundesliga,new_format,Lask Linz,Rapid Vienna,4,Pinnacle,ou,over,2.5,1.41,api_football,open
2026-10-05T07:40:23Z,1561940,2026-10-11T15:00:00Z,9079.6,FAR,Austrian Bundesliga,new_format,Lask Linz,Rapid Vienna,4,Pinnacle,ou,under,2.5,2.9,api_football,open
2026-10-05T07:40:23Z,1561940,2026-10-11T15:00:00Z,9079.6,FAR,Austrian Bundesliga,new_format,Lask Linz,Rapid Vienna,4,Pinnacle,ou,over,3.5,2.08,api_football,open
2026-10-05T07:40:23Z,1561940,2026-10-11T15:00:00Z,9079.6,FAR,Austrian Bundesliga,new_format,Lask Linz,Rapid Vienna,4,Pinnacle,ou,under,3.5,1.76,api_football,open
2026-10-05T07:40:23Z,1561940,2026-10-11T15:00:00Z,9079.6,FAR,Austrian Bundesliga,new_format,Lask Linz,Rapid Vienna,4,Pinnacle,ht_ou,over,1.5,2.08,api_football,open
2026-10-05T07:40:23Z,1561940,2026-10-11T15:00:00Z,9079.6,FAR,Austrian Bundesliga,new_format,Lask Linz,Rapid Vienna,4,Pinnacle,ht_ou,under,1.5,1.72,api_football,open
2026-10-05T07:40:23Z,1561940,2026-10-11T15:00:00Z,9079.6,FAR,Austrian Bundesliga,new_format,Lask Linz,Rapid Vienna,5,SBO,ht_ou,over,1.5,2.09,api_football,open
2026-10-05T07:40:23Z,1561940,2026-10-11T15:00:00Z,9079.6,FAR,Austrian Bundesliga,new_format,Lask Linz,Rapid Vienna,5,SBO,ht_ou,under,1.5,1.73,api_football,open
2026-10-05T07:40:23Z,1561940,2026-10-11T15:00:00Z,9079.6,FAR,Austrian Bundesliga,new_format,Lask Linz,Rapid Vienna,32,Betano,ou,over,1.5,1.14,api_football,open
2026-10-05T07:40:23Z,1561940,2026-10-11T15:00:00Z,9079.6,FAR,Austrian Bundesliga,new_format,Lask Linz,Rapid Vienna,32,Betano,ou,under,1.5,5.2,api_football,open
2026-10-05T07:40:23Z,1561940,2026-10-11T15:00:00Z,9079.6,FAR,Austrian Bundesliga,new_format,Lask Linz,Rapid Vienna,32,Betano,ou,over,2.5,1.44,api_football,open
2026-10-05T07:40:23Z,1561940,2026-10-11T15:00:00Z,9079.6,FAR,Austrian Bundesliga,new_format,Lask Linz,Rapid Vienna,32,Betano,ou,under,2.5,2.67,api_football,open
2026-10-05T07:40:23Z,1561940,2026-10-11T15:00:00Z,9079.6,FAR,Austrian Bundesliga,new_format,Lask Linz,Rapid Vienna,32,Betano,ou,over,3.5,2.05,api_football,open
2026-10-05T07:40:23Z,1561940,2026-10-11T15:00:00Z,9079.6,FAR,Austrian Bundesliga,new_format,Lask Linz,Rapid Vienna,32,Betano,ou,under,3.5,1.75,api_football,open
2026-10-05T07:40:23Z,1561940,2026-10-11T15:00:00Z,9079.6,FAR,Austrian Bundesliga,new_format,Lask Linz,Rapid Vienna,32,Betano,ht_ou,over,1.5,2.12,api_football,open
2026-10-05T07:40:23Z,1561940,2026-10-11T15:00:00Z,9079.6,FAR,Austrian Bundesliga,new_format,Lask Linz,Rapid Vienna,32,Betano,ht_ou,under,1.5,1.7,api_football,open
2026-10-05T07:40:23Z,1561940,2026-10-11T15:00:00Z,9079.6,FAR,Austrian Bundesliga,new_format,Lask Linz,Rapid Vienna,32,Betano,ht_ou,over,0.5,1.26,api_football,open
2026-10-05T07:40:23Z,1561940,2026-10-11T15:00:00Z,9079.6,FAR,Austrian Bundesliga,new_format,Lask Linz,Rapid Vienna,32,Betano,ht_ou,under,0.5,3.65,api_football,open
2026-10-05T07:40:23Z,1561940,2026-10-11T15:00:00Z,9079.6,FAR,Austrian Bundesliga,new_format,Lask Linz,Rapid Vienna,32,Betano,btts,yes,,1.44,api_football,open
2026-10-05T07:40:23Z,1561940,2026-10-11T15:00:00Z,9079.6,FAR,Austrian Bundesliga,new_format,Lask Linz,Rapid Vienna,32,Betano,btts,no,,2.6,api_football,open
2026-10-05T07:40:23Z,1492395,2026-10-07T22:30:00Z,3769.6,FAR,Brazil Serie A,new_format,Internacional,Corinthians,3,Betfair,ou,over,2.5,2.15,api_football,open
2026-10-05T07:40:23Z,1492395,2026-10-07T22:30:00Z,3769.6,FAR,Brazil Serie A,new_format,Internacional,Corinthians,3,Betfair,ou,under,2.5,1.67,api_football,open
2026-10-05T07:40:23Z,1492395,2026-10-07T22:30:00Z,3769.6,FAR,Brazil Serie A,new_format,Internacional,Corinthians,5,SBO,ou,over,2.5,2.13,api_football,open
2026-10-05T07:40:23Z,1492395,2026-10-07T22:30:00Z,3769.6,FAR,Brazil Serie A,new_format,Internacional,Corinthians,5,SBO,ou,under,2.5,1.7,api_football,open
2026-10-05T07:40:23Z,1492392,2026-10-07T22:30:00Z,3769.6,FAR,Brazil Serie A,new_format,RB Bragantino,Mirassol,3,Betfair,ou,over,2.5,1.75,api_football,open
2026-10-05T07:40:23Z,1492392,2026-10-07T22:30:00Z,3769.6,FAR,Brazil Serie A,new_format,RB Bragantino,Mirassol,3,Betfair,ou,under,2.5,2.05,api_football,open
2026-10-05T07:40:23Z,1492397,2026-10-07T22:30:00Z,3769.6,FAR,Brazil Serie A,new_format,Remo,Gremio,3,Betfair,ou,over,2.5,1.9,api_football,open
2026-10-05T07:40:23Z,1492397,2026-10-07T22:30:00Z,3769.6,FAR,Brazil Serie A,new_format,Remo,Gremio,3,Betfair,ou,under,2.5,1.87,api_football,open
2026-10-05T07:40:23Z,1492399,2026-10-07T23:00:00Z,3799.6,FAR,Brazil Serie A,new_format,Vitoria,Chapecoense-sc,3,Betfair,ou,over,2.5,1.87,api_football,open
2026-10-05T07:40:23Z,1492399,2026-10-07T23:00:00Z,3799.6,FAR,Brazil Serie A,new_format,Vitoria,Chapecoense-sc,3,Betfair,ou,under,2.5,1.9,api_football,open
2026-10-05T07:40:23Z,1492391,2026-10-07T23:30:00Z,3829.6,FAR,Brazil Serie A,new_format,Botafogo,Vasco DA Gama,3,Betfair,ou,over,2.5,1.8,api_football,open
2026-10-05T07:40:23Z,1492391,2026-10-07T23:30:00Z,3829.6,FAR,Brazil Serie A,new_format,Botafogo,Vasco DA Gama,3,Betfair,ou,under,2.5,2.0,api_football,open
2026-10-05T07:40:23Z,1492391,2026-10-07T23:30:00Z,3829.6,FAR,Brazil Serie A,new_format,Botafogo,Vasco DA Gama,5,SBO,ou,over,2.5,1.76,api_football,open
2026-10-05T07:40:23Z,1492391,2026-10-07T23:30:00Z,3829.6,FAR,Brazil Serie A,new_format,Botafogo,Vasco DA Gama,5,SBO,ou,under,2.5,2.06,api_football,open
2026-10-05T07:40:23Z,1492393,2026-10-08T00:30:00Z,3889.6,FAR,Brazil Serie A,new_format,Cruzeiro,Sao Paulo,3,Betfair,ou,over,2.5,1.9,api_football,open
2026-10-05T07:40:23Z,1492393,2026-10-08T00:30:00Z,3889.6,FAR,Brazil Serie A,new_format,Cruzeiro,Sao Paulo,3,Betfair,ou,under,2.5,1.87,api_football,open
2026-10-05T07:40:23Z,1492398,2026-10-08T22:30:00Z,5209.6,FAR,Brazil Serie A,new_format,Santos,Flamengo,5,SBO,ou,over,2.5,1.74,api_football,open
2026-10-05T07:40:23Z,1492398,2026-10-08T22:30:00Z,5209.6,FAR,Brazil Serie A,new_format,Santos,Flamengo,5,SBO,ou,under,2.5,2.08,api_football,open
2026-10-05T07:40:23Z,1492390,2026-10-08T23:00:00Z,5239.6,FAR,Brazil Serie A,new_format,Atletico Paranaense,Atletico-MG,5,SBO,ou,over,2.5,1.99,api_football,open
2026-10-05T07:40:23Z,1492390,2026-10-08T23:00:00Z,5239.6,FAR,Brazil Serie A,new_format,Atletico Paranaense,Atletico-MG,5,SBO,ou,under,2.5,1.83,api_football,open
2026-10-05T07:40:23Z,1492408,2026-10-11T00:00:00Z,8179.6,FAR,Brazil Serie A,new_format,Sao Paulo,Vitoria,7,William Hill,ht_ou,over,1.5,2.75,api_football,open
2026-10-05T07:40:23Z,1492408,2026-10-11T00:00:00Z,8179.6,FAR,Brazil Serie A,new_format,Sao Paulo,Vitoria,7,William Hill,ht_ou,under,1.5,1.4,api_football,open
2026-10-05T07:40:23Z,1492408,2026-10-11T00:00:00Z,8179.6,FAR,Brazil Serie A,new_format,Sao Paulo,Vitoria,7,William Hill,ht_ou,over,0.5,1.36,api_football,open
2026-10-05T07:40:23Z,1492408,2026-10-11T00:00:00Z,8179.6,FAR,Brazil Serie A,new_format,Sao Paulo,Vitoria,7,William Hill,ht_ou,under,0.5,2.9,api_football,open
2026-10-05T07:40:23Z,1492408,2026-10-11T00:00:00Z,8179.6,FAR,Brazil Serie A,new_format,Sao Paulo,Vitoria,7,William Hill,btts,yes,,1.95,api_football,open
2026-10-05T07:40:23Z,1492408,2026-10-11T00:00:00Z,8179.6,FAR,Brazil Serie A,new_format,Sao Paulo,Vitoria,7,William Hill,btts,no,,1.8,api_football,open
2026-10-05T07:40:23Z,1492408,2026-10-11T00:00:00Z,8179.6,FAR,Brazil Serie A,new_format,Sao Paulo,Vitoria,8,Bet365,ou,over,1.5,1.33,api_football,open
2026-10-05T07:40:23Z,1492408,2026-10-11T00:00:00Z,8179.6,FAR,Brazil Serie A,new_format,Sao Paulo,Vitoria,8,Bet365,ou,under,1.5,3.4,api_football,open
2026-10-05T07:40:23Z,1492408,2026-10-11T00:00:00Z,8179.6,FAR,Brazil Serie A,new_format,Sao Paulo,Vitoria,8,Bet365,ou,over,2.5,2.0,api_football,open
2026-10-05T07:40:23Z,1492408,2026-10-11T00:00:00Z,8179.6,FAR,Brazil Serie A,new_format,Sao Paulo,Vitoria,8,Bet365,ou,under,2.5,1.8,api_football,open
2026-10-05T07:40:23Z,1492408,2026-10-11T00:00:00Z,8179.6,FAR,Brazil Serie A,new_format,Sao Paulo,Vitoria,8,Bet365,ou,over,3.5,3.5,api_football,open
2026-10-05T07:40:23Z,1492408,2026-10-11T00:00:00Z,8179.6,FAR,Brazil Serie A,new_format,Sao Paulo,Vitoria,8,Bet365,ou,under,3.5,1.3,api_football,open
2026-10-05T07:40:23Z,1492408,2026-10-11T00:00:00Z,8179.6,FAR,Brazil Serie A,new_format,Sao Paulo,Vitoria,8,Bet365,ht_ou,over,1.5,3.0,api_football,open
2026-10-05T07:40:23Z,1492408,2026-10-11T00:00:00Z,8179.6,FAR,Brazil Serie A,new_format,Sao Paulo,Vitoria,8,Bet365,ht_ou,under,1.5,1.36,api_football,open
2026-10-05T07:40:23Z,1492408,2026-10-11T00:00:00Z,8179.6,FAR,Brazil Serie A,new_format,Sao Paulo,Vitoria,8,Bet365,ht_ou,over,0.5,1.4,api_football,open
2026-10-05T07:40:23Z,1492408,2026-10-11T00:00:00Z,8179.6,FAR,Brazil Serie A,new_format,Sao Paulo,Vitoria,8,Bet365,ht_ou,under,0.5,2.75,api_football,open
2026-10-05T07:40:23Z,1492408,2026-10-11T00:00:00Z,8179.6,FAR,Brazil Serie A,new_format,Sao Paulo,Vitoria,8,Bet365,btts,yes,,2.0,api_football,open
2026-10-05T07:40:23Z,1492408,2026-10-11T00:00:00Z,8179.6,FAR,Brazil Serie A,new_format,Sao Paulo,Vitoria,8,Bet365,btts,no,,1.75,api_football,open
2026-10-05T07:40:23Z,1492408,2026-10-11T00:00:00Z,8179.6,FAR,Brazil Serie A,new_format,Sao Paulo,Vitoria,2,Marathonbet,ou,over,1.5,1.27,api_football,open
2026-10-05T07:40:23Z,1492408,2026-10-11T00:00:00Z,8179.6,FAR,Brazil Serie A,new_format,Sao Paulo,Vitoria,2,Marathonbet,ou,under,1.5,3.14,api_football,open
2026-10-05T07:40:23Z,1492408,2026-10-11T00:00:00Z,8179.6,FAR,Brazil Serie A,new_format,Sao Paulo,Vitoria,2,Marathonbet,ou,over,2.5,1.97,api_football,open
2026-10-05T07:40:23Z,1492408,2026-10-11T00:00:00Z,8179.6,FAR,Brazil Serie A,new_format,Sao Paulo,Vitoria,2,Marathonbet,ou,under,2.5,1.78,api_football,open
2026-10-05T07:40:23Z,1492408,2026-10-11T00:00:00Z,8179.6,FAR,Brazil Serie A,new_format,Sao Paulo,Vitoria,2,Marathonbet,ou,over,3.5,3.34,api_football,open
2026-10-05T07:40:23Z,1492408,2026-10-11T00:00:00Z,8179.6,FAR,Brazil Serie A,new_format,Sao Paulo,Vitoria,2,Marathonbet,ou,under,3.5,1.24,api_football,open
2026-10-05T07:40:23Z,1492408,2026-10-11T00:00:00Z,8179.6,FAR,Brazil Serie A,new_format,Sao Paulo,Vitoria,2,Marathonbet,ht_ou,over,1.5,2.82,api_football,open
2026-10-05T07:40:23Z,1492408,2026-10-11T00:00:00Z,8179.6,FAR,Brazil Serie A,new_format,Sao Paulo,Vitoria,2,Marathonbet,ht_ou,under,1.5,1.36,api_football,open
2026-10-05T07:40:23Z,1492408,2026-10-11T00:00:00Z,8179.6,FAR,Brazil Serie A,new_format,Sao Paulo,Vitoria,2,Marathonbet,ht_ou,over,0.5,1.37,api_football,open
2026-10-05T07:40:23Z,1492408,2026-10-11T00:00:00Z,8179.6,FAR,Brazil Serie A,new_format,Sao Paulo,Vitoria,2,Marathonbet,ht_ou,under,0.5,2.78,api_football,open
2026-10-05T07:40:23Z,1492408,2026-10-11T00:00:00Z,8179.6,FAR,Brazil Serie A,new_format,Sao Paulo,Vitoria,2,Marathonbet,btts,yes,,1.94,api_football,open
2026-10-05T07:40:23Z,1492408,2026-10-11T00:00:00Z,8179.6,FAR,Brazil Serie A,new_format,Sao Paulo,Vitoria,2,Marathonbet,btts,no,,1.75,api_football,open
2026-10-05T07:40:23Z,1492408,2026-10-11T00:00:00Z,8179.6,FAR,Brazil Serie A,new_format,Sao Paulo,Vitoria,3,Betfair,ht_ou,over,1.5,2.88,api_football,open
2026-10-05T07:40:23Z,1492408,2026-10-11T00:00:00Z,8179.6,FAR,Brazil Serie A,new_format,Sao Paulo,Vitoria,3,Betfair,ht_ou,under,1.5,1.36,api_football,open
2026-10-05T07:40:23Z,1492408,2026-10-11T00:00:00Z,8179.6,FAR,Brazil Serie A,new_format,Sao Paulo,Vitoria,3,Betfair,ht_ou,over,0.5,1.36,api_football,open
2026-10-05T07:40:23Z,1492408,2026-10-11T00:00:00Z,8179.6,FAR,Brazil Serie A,new_format,Sao Paulo,Vitoria,3,Betfair,ht_ou,under,0.5,2.88,api_football,open
2026-10-05T07:40:23Z,1492408,2026-10-11T00:00:00Z,8179.6,FAR,Brazil Serie A,new_format,Sao Paulo,Vitoria,36,BetVictor,ou,over,1.5,1.3,api_football,open
2026-10-05T07:40:23Z,1492408,2026-10-11T00:00:00Z,8179.6,FAR,Brazil Serie A,new_format,Sao Paulo,Vitoria,36,BetVictor,ou,under,1.5,3.3,api_football,open
2026-10-05T07:40:23Z,1492408,2026-10-11T00:00:00Z,8179.6,FAR,Brazil Serie A,new_format,Sao Paulo,Vitoria,36,BetVictor,ou,over,2.5,1.92,api_football,open
2026-10-05T07:40:23Z,1492408,2026-10-11T00:00:00Z,8179.6,FAR,Brazil Serie A,new_format,Sao Paulo,Vitoria,36,BetVictor,ou,under,2.5,1.76,api_football,open
2026-10-05T07:40:23Z,1492408,2026-10-11T00:00:00Z,8179.6,FAR,Brazil Serie A,new_format,Sao Paulo,Vitoria,36,BetVictor,ou,over,3.5,3.6,api_football,open
2026-10-05T07:40:23Z,1492408,2026-10-11T00:00:00Z,8179.6,FAR,Brazil Serie A,new_format,Sao Paulo,Vitoria,36,BetVictor,ou,under,3.5,1.25,api_football,open
2026-10-05T07:40:23Z,1492408,2026-10-11T00:00:00Z,8179.6,FAR,Brazil Serie A,new_format,Sao Paulo,Vitoria,36,BetVictor,ht_ou,over,1.5,2.7,api_football,open
2026-10-05T07:40:23Z,1492408,2026-10-11T00:00:00Z,8179.6,FAR,Brazil Serie A,new_format,Sao Paulo,Vitoria,36,BetVictor,ht_ou,under,1.5,1.39,api_football,open
2026-10-05T07:40:23Z,1492408,2026-10-11T00:00:00Z,8179.6,FAR,Brazil Serie A,new_format,Sao Paulo,Vitoria,36,BetVictor,ht_ou,over,0.5,1.41,api_football,open
2026-10-05T07:40:23Z,1492408,2026-10-11T00:00:00Z,8179.6,FAR,Brazil Serie A,new_format,Sao Paulo,Vitoria,36,BetVictor,ht_ou,under,0.5,2.62,api_football,open
2026-10-05T07:40:23Z,1492408,2026-10-11T00:00:00Z,8179.6,FAR,Brazil Serie A,new_format,Sao Paulo,Vitoria,36,BetVictor,btts,yes,,1.93,api_football,open
2026-10-05T07:40:23Z,1492408,2026-10-11T00:00:00Z,8179.6,FAR,Brazil Serie A,new_format,Sao Paulo,Vitoria,36,BetVictor,btts,no,,1.78,api_football,open
2026-10-05T07:40:23Z,1492408,2026-10-11T00:00:00Z,8179.6,FAR,Brazil Serie A,new_format,Sao Paulo,Vitoria,11,1xBet,ou,over,1.5,1.27,api_football,open
2026-10-05T07:40:23Z,1492408,2026-10-11T00:00:00Z,8179.6,FAR,Brazil Serie A,new_format,Sao Paulo,Vitoria,11,1xBet,ou,under,1.5,3.14,api_football,open
2026-10-05T07:40:23Z,1492408,2026-10-11T00:00:00Z,8179.6,FAR,Brazil Serie A,new_format,Sao Paulo,Vitoria,11,1xBet,ou,over,2.5,2.02,api_football,open
2026-10-05T07:40:23Z,1492408,2026-10-11T00:00:00Z,8179.6,FAR,Brazil Serie A,new_format,Sao Paulo,Vitoria,11,1xBet,ou,under,2.5,1.83,api_football,open
2026-10-05T07:40:23Z,1492408,2026-10-11T00:00:00Z,8179.6,FAR,Brazil Serie A,new_format,Sao Paulo,Vitoria,11,1xBet,ou,over,3.5,3.34,api_football,open
2026-10-05T07:40:23Z,1492408,2026-10-11T00:00:00Z,8179.6,FAR,Brazil Serie A,new_format,Sao Paulo,Vitoria,11,1xBet,ou,under,3.5,1.24,api_football,open
2026-10-05T07:40:23Z,1492408,2026-10-11T00:00:00Z,8179.6,FAR,Brazil Serie A,new_format,Sao Paulo,Vitoria,11,1xBet,ht_ou,over,1.5,2.82,api_football,open
2026-10-05T07:40:23Z,1492408,2026-10-11T00:00:00Z,8179.6,FAR,Brazil Serie A,new_format,Sao Paulo,Vitoria,11,1xBet,ht_ou,under,1.5,1.36,api_football,open
2026-10-05T07:40:23Z,1492408,2026-10-11T00:00:00Z,8179.6,FAR,Brazil Serie A,new_format,Sao Paulo,Vitoria,11,1xBet,ht_ou,over,0.5,1.37,api_football,open
2026-10-05T07:40:23Z,1492408,2026-10-11T00:00:00Z,8179.6,FAR,Brazil Serie A,new_format,Sao Paulo,Vitoria,11,1xBet,ht_ou,under,0.5,2.78,api_football,open
2026-10-05T07:40:23Z,1492408,2026-10-11T00:00:00Z,8179.6,FAR,Brazil Serie A,new_format,Sao Paulo,Vitoria,11,1xBet,btts,yes,,1.94,api_football,open
2026-10-05T07:40:23Z,1492408,2026-10-11T00:00:00Z,8179.6,FAR,Brazil Serie A,new_format,Sao Paulo,Vitoria,11,1xBet,btts,no,,1.77,api_football,open
2026-10-05T07:40:23Z,1492408,2026-10-11T00:00:00Z,8179.6,FAR,Brazil Serie A,new_format,Sao Paulo,Vitoria,32,Betano,ou,over,1.5,1.35,api_football,open
2026-10-05T07:40:23Z,1492408,2026-10-11T00:00:00Z,8179.6,FAR,Brazil Serie A,new_format,Sao Paulo,Vitoria,32,Betano,ou,under,1.5,3.25,api_football,open
2026-10-05T07:40:23Z,1492408,2026-10-11T00:00:00Z,8179.6,FAR,Brazil Serie A,new_format,Sao Paulo,Vitoria,32,Betano,ou,over,2.5,2.05,api_football,open
2026-10-05T07:40:23Z,1492408,2026-10-11T00:00:00Z,8179.6,FAR,Brazil Serie A,new_format,Sao Paulo,Vitoria,32,Betano,ou,under,2.5,1.82,api_football,open
2026-10-05T07:40:23Z,1492408,2026-10-11T00:00:00Z,8179.6,FAR,Brazil Serie A,new_format,Sao Paulo,Vitoria,32,Betano,ou,over,3.5,3.5,api_football,open
2026-10-05T07:40:23Z,1492408,2026-10-11T00:00:00Z,8179.6,FAR,Brazil Serie A,new_format,Sao Paulo,Vitoria,32,Betano,ou,under,3.5,1.31,api_football,open
2026-10-05T07:40:23Z,1492408,2026-10-11T00:00:00Z,8179.6,FAR,Brazil Serie A,new_format,Sao Paulo,Vitoria,32,Betano,ht_ou,over,1.5,3.05,api_football,open
2026-10-05T07:40:23Z,1492408,2026-10-11T00:00:00Z,8179.6,FAR,Brazil Serie A,new_format,Sao Paulo,Vitoria,32,Betano,ht_ou,under,1.5,1.39,api_football,open
2026-10-05T07:40:23Z,1492408,2026-10-11T00:00:00Z,8179.6,FAR,Brazil Serie A,new_format,Sao Paulo,Vitoria,32,Betano,ht_ou,over,0.5,1.47,api_football,open
2026-10-05T07:40:23Z,1492408,2026-10-11T00:00:00Z,8179.6,FAR,Brazil Serie A,new_format,Sao Paulo,Vitoria,32,Betano,ht_ou,under,0.5,2.7,api_football,open
2026-10-05T07:40:23Z,1492408,2026-10-11T00:00:00Z,8179.6,FAR,Brazil Serie A,new_format,Sao Paulo,Vitoria,32,Betano,btts,yes,,2.0,api_football,open
2026-10-05T07:40:23Z,1492408,2026-10-11T00:00:00Z,8179.6,FAR,Brazil Serie A,new_format,Sao Paulo,Vitoria,32,Betano,btts,no,,1.75,api_football,open
2026-10-05T07:40:23Z,1492400,2026-10-11T19:00:00Z,9319.6,FAR,Brazil Serie A,new_format,Atletico-MG,Santos,7,William Hill,ht_ou,over,1.5,2.75,api_football,open
2026-10-05T07:40:23Z,1492400,2026-10-11T19:00:00Z,9319.6,FAR,Brazil Serie A,new_format,Atletico-MG,Santos,7,William Hill,ht_ou,under,1.5,1.4,api_football,open
2026-10-05T07:40:23Z,1492400,2026-10-11T19:00:00Z,9319.6,FAR,Brazil Serie A,new_format,Atletico-MG,Santos,7,William Hill,ht_ou,over,0.5,1.36,api_football,open
2026-10-05T07:40:23Z,1492400,2026-10-11T19:00:00Z,9319.6,FAR,Brazil Serie A,new_format,Atletico-MG,Santos,7,William Hill,ht_ou,under,0.5,2.9,api_football,open
2026-10-05T07:40:23Z,1492400,2026-10-11T19:00:00Z,9319.6,FAR,Brazil Serie A,new_format,Atletico-MG,Santos,7,William Hill,btts,yes,,1.75,api_football,open
2026-10-05T07:40:23Z,1492400,2026-10-11T19:00:00Z,9319.6,FAR,Brazil Serie A,new_format,Atletico-MG,Santos,7,William Hill,btts,no,,1.95,api_football,open
2026-10-05T07:40:23Z,1492400,2026-10-11T19:00:00Z,9319.6,FAR,Brazil Serie A,new_format,Atletico-MG,Santos,8,Bet365,ou,over,1.5,1.3,api_football,open
2026-10-05T07:40:23Z,1492400,2026-10-11T19:00:00Z,9319.6,FAR,Brazil Serie A,new_format,Atletico-MG,Santos,8,Bet365,ou,under,1.5,3.5,api_football,open
2026-10-05T07:40:23Z,1492400,2026-10-11T19:00:00Z,9319.6,FAR,Brazil Serie A,new_format,Atletico-MG,Santos,8,Bet365,ou,over,2.5,1.95,api_football,open
2026-10-05T07:40:23Z,1492400,2026-10-11T19:00:00Z,9319.6,FAR,Brazil Serie A,new_format,Atletico-MG,Santos,8,Bet365,ou,under,2.5,1.85,api_football,open
2026-10-05T07:40:23Z,1492400,2026-10-11T19:00:00Z,9319.6,FAR,Brazil Serie A,new_format,Atletico-MG,Santos,8,Bet365,ou,over,3.5,3.4,api_football,open
2026-10-05T07:40:23Z,1492400,2026-10-11T19:00:00Z,9319.6,FAR,Brazil Serie A,new_format,Atletico-MG,Santos,8,Bet365,ou,under,3.5,1.33,api_football,open
2026-10-05T07:40:23Z,1492400,2026-10-11T19:00:00Z,9319.6,FAR,Brazil Serie A,new_format,Atletico-MG,Santos,8,Bet365,ht_ou,over,1.5,2.75,api_football,open
2026-10-05T07:40:23Z,1492400,2026-10-11T19:00:00Z,9319.6,FAR,Brazil Serie A,new_format,Atletico-MG,Santos,8,Bet365,ht_ou,under,1.5,1.4,api_football,open
2026-10-05T07:40:23Z,1492400,2026-10-11T19:00:00Z,9319.6,FAR,Brazil Serie A,new_format,Atletico-MG,Santos,8,Bet365,ht_ou,over,0.5,1.4,api_football,open
2026-10-05T07:40:23Z,1492400,2026-10-11T19:00:00Z,9319.6,FAR,Brazil Serie A,new_format,Atletico-MG,Santos,8,Bet365,ht_ou,under,0.5,2.75,api_football,open
2026-10-05T07:40:23Z,1492400,2026-10-11T19:00:00Z,9319.6,FAR,Brazil Serie A,new_format,Atletico-MG,Santos,8,Bet365,btts,yes,,1.8,api_football,open
2026-10-05T07:40:23Z,1492400,2026-10-11T19:00:00Z,9319.6,FAR,Brazil Serie A,new_format,Atletico-MG,Santos,8,Bet365,btts,no,,1.95,api_football,open
2026-10-05T07:40:23Z,1492400,2026-10-11T19:00:00Z,9319.6,FAR,Brazil Serie A,new_format,Atletico-MG,Santos,2,Marathonbet,ou,over,1.5,1.26,api_football,open
2026-10-05T07:40:23Z,1492400,2026-10-11T19:00:00Z,9319.6,FAR,Brazil Serie A,new_format,Atletico-MG,Santos,2,Marathonbet,ou,under,1.5,3.2,api_football,open
2026-10-05T07:40:23Z,1492400,2026-10-11T19:00:00Z,9319.6,FAR,Brazil Serie A,new_format,Atletico-MG,Santos,2,Marathonbet,ou,over,2.5,1.92,api_football,open
2026-10-05T07:40:23Z,1492400,2026-10-11T19:00:00Z,9319.6,FAR,Brazil Serie A,new_format,Atletico-MG,Santos,2,Marathonbet,ou,under,2.5,1.82,api_football,open
2026-10-05T07:40:23Z,1492400,2026-10-11T19:00:00Z,9319.6,FAR,Brazil Serie A,new_format,Atletico-MG,Santos,2,Marathonbet,ou,over,3.5,3.2,api_football,open
2026-10-05T07:40:23Z,1492400,2026-10-11T19:00:00Z,9319.6,FAR,Brazil Serie A,new_format,Atletico-MG,Santos,2,Marathonbet,ou,under,3.5,1.26,api_football,open
2026-10-05T07:40:23Z,1492400,2026-10-11T19:00:00Z,9319.6,FAR,Brazil Serie A,new_format,Atletico-MG,Santos,2,Marathonbet,ht_ou,over,1.5,2.74,api_football,open
2026-10-05T07:40:23Z,1492400,2026-10-11T19:00:00Z,9319.6,FAR,Brazil Serie A,new_format,Atletico-MG,Santos,2,Marathonbet,ht_ou,under,1.5,1.38,api_football,open
2026-10-05T07:40:23Z,1492400,2026-10-11T19:00:00Z,9319.6,FAR,Brazil Serie A,new_format,Atletico-MG,Santos,2,Marathonbet,ht_ou,over,0.5,1.37,api_football,open
2026-10-05T07:40:23Z,1492400,2026-10-11T19:00:00Z,9319.6,FAR,Brazil Serie A,new_format,Atletico-MG,Santos,2,Marathonbet,ht_ou,under,0.5,2.78,api_football,open
2026-10-05T07:40:23Z,1492400,2026-10-11T19:00:00Z,9319.6,FAR,Brazil Serie A,new_format,Atletico-MG,Santos,2,Marathonbet,btts,yes,,1.76,api_football,open
2026-10-05T07:40:23Z,1492400,2026-10-11T19:00:00Z,9319.6,FAR,Brazil Serie A,new_format,Atletico-MG,Santos,2,Marathonbet,btts,no,,1.93,api_football,open
2026-10-05T07:40:23Z,1492400,2026-10-11T19:00:00Z,9319.6,FAR,Brazil Serie A,new_format,Atletico-MG,Santos,3,Betfair,ht_ou,over,1.5,2.88,api_football,open
2026-10-05T07:40:23Z,1492400,2026-10-11T19:00:00Z,9319.6,FAR,Brazil Serie A,new_format,Atletico-MG,Santos,3,Betfair,ht_ou,under,1.5,1.36,api_football,open
2026-10-05T07:40:23Z,1492400,2026-10-11T19:00:00Z,9319.6,FAR,Brazil Serie A,new_format,Atletico-MG,Santos,3,Betfair,ht_ou,over,0.5,1.33,api_football,open
2026-10-05T07:40:23Z,1492400,2026-10-11T19:00:00Z,9319.6,FAR,Brazil Serie A,new_format,Atletico-MG,Santos,3,Betfair,ht_ou,under,0.5,3.0,api_football,open
2026-10-05T07:40:23Z,1492400,2026-10-11T19:00:00Z,9319.6,FAR,Brazil Serie A,new_format,Atletico-MG,Santos,36,BetVictor,ou,over,1.5,1.29,api_football,open
2026-10-05T07:40:23Z,1492400,2026-10-11T19:00:00Z,9319.6,FAR,Brazil Serie A,new_format,Atletico-MG,Santos,36,BetVictor,ou,under,1.5,3.4,api_football,open
2026-10-05T07:40:23Z,1492400,2026-10-11T19:00:00Z,9319.6,FAR,Brazil Serie A,new_format,Atletico-MG,Santos,36,BetVictor,ou,over,2.5,1.88,api_football,open
2026-10-05T07:40:23Z,1492400,2026-10-11T19:00:00Z,9319.6,FAR,Brazil Serie A,new_format,Atletico-MG,Santos,36,BetVictor,ou,under,2.5,1.79,api_football,open
2026-10-05T07:40:23Z,1492400,2026-10-11T19:00:00Z,9319.6,FAR,Brazil Serie A,new_format,Atletico-MG,Santos,36,BetVictor,ou,over,3.5,3.4,api_football,open
2026-10-05T07:40:23Z,1492400,2026-10-11T19:00:00Z,9319.6,FAR,Brazil Serie A,new_format,Atletico-MG,Santos,36,BetVictor,ou,under,3.5,1.29,api_football,open
2026-10-05T07:40:23Z,1492400,2026-10-11T19:00:00Z,9319.6,FAR,Brazil Serie A,new_format,Atletico-MG,Santos,36,BetVictor,ht_ou,over,1.5,2.66,api_football,open
2026-10-05T07:40:23Z,1492400,2026-10-11T19:00:00Z,9319.6,FAR,Brazil Serie A,new_format,Atletico-MG,Santos,36,BetVictor,ht_ou,under,1.5,1.4,api_football,open
2026-10-05T07:40:23Z,1492400,2026-10-11T19:00:00Z,9319.6,FAR,Brazil Serie A,new_format,Atletico-MG,Santos,36,BetVictor,ht_ou,over,0.5,1.4,api_football,open
2026-10-05T07:40:23Z,1492400,2026-10-11T19:00:00Z,9319.6,FAR,Brazil Serie A,new_format,Atletico-MG,Santos,36,BetVictor,ht_ou,under,0.5,2.66,api_football,open
2026-10-05T07:40:23Z,1492400,2026-10-11T19:00:00Z,9319.6,FAR,Brazil Serie A,new_format,Atletico-MG,Santos,36,BetVictor,btts,yes,,1.73,api_football,open
2026-10-05T07:40:23Z,1492400,2026-10-11T19:00:00Z,9319.6,FAR,Brazil Serie A,new_format,Atletico-MG,Santos,36,BetVictor,btts,no,,1.95,api_football,open
2026-10-05T07:40:23Z,1492400,2026-10-11T19:00:00Z,9319.6,FAR,Brazil Serie A,new_format,Atletico-MG,Santos,11,1xBet,ou,over,1.5,1.26,api_football,open
2026-10-05T07:40:23Z,1492400,2026-10-11T19:00:00Z,9319.6,FAR,Brazil Serie A,new_format,Atletico-MG,Santos,11,1xBet,ou,under,1.5,3.2,api_football,open
2026-10-05T07:40:23Z,1492400,2026-10-11T19:00:00Z,9319.6,FAR,Brazil Serie A,new_format,Atletico-MG,Santos,11,1xBet,ou,over,2.5,1.97,api_football,open
2026-10-05T07:40:23Z,1492400,2026-10-11T19:00:00Z,9319.6,FAR,Brazil Serie A,new_format,Atletico-MG,Santos,11,1xBet,ou,under,2.5,1.87,api_football,open
2026-10-05T07:40:23Z,1492400,2026-10-11T19:00:00Z,9319.6,FAR,Brazil Serie A,new_format,Atletico-MG,Santos,11,1xBet,ou,over,3.5,3.2,api_football,open
2026-10-05T07:40:23Z,1492400,2026-10-11T19:00:00Z,9319.6,FAR,Brazil Serie A,new_format,Atletico-MG,Santos,11,1xBet,ou,under,3.5,1.26,api_football,open
2026-10-05T07:40:23Z,1492400,2026-10-11T19:00:00Z,9319.6,FAR,Brazil Serie A,new_format,Atletico-MG,Santos,11,1xBet,ht_ou,over,1.5,2.74,api_football,open
2026-10-05T07:40:23Z,1492400,2026-10-11T19:00:00Z,9319.6,FAR,Brazil Serie A,new_format,Atletico-MG,Santos,11,1xBet,ht_ou,under,1.5,1.38,api_football,open
2026-10-05T07:40:23Z,1492400,2026-10-11T19:00:00Z,9319.6,FAR,Brazil Serie A,new_format,Atletico-MG,Santos,11,1xBet,ht_ou,over,0.5,1.37,api_football,open
2026-10-05T07:40:23Z,1492400,2026-10-11T19:00:00Z,9319.6,FAR,Brazil Serie A,new_format,Atletico-MG,Santos,11,1xBet,ht_ou,under,0.5,2.78,api_football,open
2026-10-05T07:40:23Z,1492400,2026-10-11T19:00:00Z,9319.6,FAR,Brazil Serie A,new_format,Atletico-MG,Santos,11,1xBet,btts,yes,,1.76,api_football,open
2026-10-05T07:40:23Z,1492400,2026-10-11T19:00:00Z,9319.6,FAR,Brazil Serie A,new_format,Atletico-MG,Santos,11,1xBet,btts,no,,1.96,api_football,open
2026-10-05T07:40:23Z,1492400,2026-10-11T19:00:00Z,9319.6,FAR,Brazil Serie A,new_format,Atletico-MG,Santos,32,Betano,ou,over,1.5,1.32,api_football,open
2026-10-05T07:40:23Z,1492400,2026-10-11T19:00:00Z,9319.6,FAR,Brazil Serie A,new_format,Atletico-MG,Santos,32,Betano,ou,under,1.5,3.4,api_football,open
2026-10-05T07:40:23Z,1492400,2026-10-11T19:00:00Z,9319.6,FAR,Brazil Serie A,new_format,Atletico-MG,Santos,32,Betano,ou,over,2.5,1.98,api_football,open
2026-10-05T07:40:23Z,1492400,2026-10-11T19:00:00Z,9319.6,FAR,Brazil Serie A,new_format,Atletico-MG,Santos,32,Betano,ou,under,2.5,1.87,api_football,open
2026-10-05T07:40:23Z,1492400,2026-10-11T19:00:00Z,9319.6,FAR,Brazil Serie A,new_format,Atletico-MG,Santos,32,Betano,ou,over,3.5,3.3,api_football,open
2026-10-05T07:40:23Z,1492400,2026-10-11T19:00:00Z,9319.6,FAR,Brazil Serie A,new_format,Atletico-MG,Santos,32,Betano,ou,under,3.5,1.34,api_football,open
2026-10-05T07:40:23Z,1492400,2026-10-11T19:00:00Z,9319.6,FAR,Brazil Serie A,new_format,Atletico-MG,Santos,32,Betano,ht_ou,over,1.5,2.95,api_football,open
2026-10-05T07:40:23Z,1492400,2026-10-11T19:00:00Z,9319.6,FAR,Brazil Serie A,new_format,Atletico-MG,Santos,32,Betano,ht_ou,under,1.5,1.4,api_football,open
2026-10-05T07:40:23Z,1492400,2026-10-11T19:00:00Z,9319.6,FAR,Brazil Serie A,new_format,Atletico-MG,Santos,32,Betano,ht_ou,over,0.5,1.45,api_football,open
2026-10-05T07:40:23Z,1492400,2026-10-11T19:00:00Z,9319.6,FAR,Brazil Serie A,new_format,Atletico-MG,Santos,32,Betano,ht_ou,under,0.5,2.77,api_football,open
2026-10-05T07:40:23Z,1492400,2026-10-11T19:00:00Z,9319.6,FAR,Brazil Serie A,new_format,Atletico-MG,Santos,32,Betano,btts,yes,,1.75,api_football,open
2026-10-05T07:40:23Z,1492400,2026-10-11T19:00:00Z,9319.6,FAR,Brazil Serie A,new_format,Atletico-MG,Santos,32,Betano,btts,no,,2.0,api_football,open
2026-10-05T07:40:23Z,1492407,2026-10-11T20:30:00Z,9409.6,FAR,Brazil Serie A,new_format,Palmeiras,Corinthians,7,William Hill,ht_ou,over,1.5,2.75,api_football,open
2026-10-05T07:40:23Z,1492407,2026-10-11T20:30:00Z,9409.6,FAR,Brazil Serie A,new_format,Palmeiras,Corinthians,7,William Hill,ht_ou,under,1.5,1.4,api_football,open
2026-10-05T07:40:23Z,1492407,2026-10-11T20:30:00Z,9409.6,FAR,Brazil Serie A,new_format,Palmeiras,Corinthians,7,William Hill,ht_ou,over,0.5,1.36,api_football,open
2026-10-05T07:40:23Z,1492407,2026-10-11T20:30:00Z,9409.6,FAR,Brazil Serie A,new_format,Palmeiras,Corinthians,7,William Hill,ht_ou,under,0.5,2.9,api_football,open
2026-10-05T07:40:23Z,1492407,2026-10-11T20:30:00Z,9409.6,FAR,Brazil Serie A,new_format,Palmeiras,Corinthians,7,William Hill,btts,yes,,2.05,api_football,open
2026-10-05T07:40:23Z,1492407,2026-10-11T20:30:00Z,9409.6,FAR,Brazil Serie A,new_format,Palmeiras,Corinthians,7,William Hill,btts,no,,1.7,api_football,open
2026-10-05T07:40:23Z,1492407,2026-10-11T20:30:00Z,9409.6,FAR,Brazil Serie A,new_format,Palmeiras,Corinthians,8,Bet365,ou,over,1.5,1.33,api_football,open
2026-10-05T07:40:23Z,1492407,2026-10-11T20:30:00Z,9409.6,FAR,Brazil Serie A,new_format,Palmeiras,Corinthians,8,Bet365,ou,under,1.5,3.4,api_football,open
2026-10-05T07:40:23Z,1492407,2026-10-11T20:30:00Z,9409.6,FAR,Brazil Serie A,new_format,Palmeiras,Corinthians,8,Bet365,ou,over,2.5,2.05,api_football,open
2026-10-05T07:40:23Z,1492407,2026-10-11T20:30:00Z,9409.6,FAR,Brazil Serie A,new_format,Palmeiras,Corinthians,8,Bet365,ou,under,2.5,1.75,api_football,open
2026-10-05T07:40:23Z,1492407,2026-10-11T20:30:00Z,9409.6,FAR,Brazil Serie A,new_format,Palmeiras,Corinthians,8,Bet365,ou,over,3.5,3.75,api_football,open
2026-10-05T07:40:23Z,1492407,2026-10-11T20:30:00Z,9409.6,FAR,Brazil Serie A,new_format,Palmeiras,Corinthians,8,Bet365,ou,under,3.5,1.28,api_football,open
2026-10-05T07:40:23Z,1492407,2026-10-11T20:30:00Z,9409.6,FAR,Brazil Serie A,new_format,Palmeiras,Corinthians,8,Bet365,ht_ou,over,1.5,3.0,api_football,open
2026-10-05T07:40:23Z,1492407,2026-10-11T20:30:00Z,9409.6,FAR,Brazil Serie A,new_format,Palmeiras,Corinthians,8,Bet365,ht_ou,under,1.5,1.36,api_football,open
2026-10-05T07:40:23Z,1492407,2026-10-11T20:30:00Z,9409.6,FAR,Brazil Serie A,new_format,Palmeiras,Corinthians,8,Bet365,ht_ou,over,0.5,1.4,api_football,open
2026-10-05T07:40:23Z,1492407,2026-10-11T20:30:00Z,9409.6,FAR,Brazil Serie A,new_format,Palmeiras,Corinthians,8,Bet365,ht_ou,under,0.5,2.75,api_football,open
2026-10-05T07:40:23Z,1492407,2026-10-11T20:30:00Z,9409.6,FAR,Brazil Serie A,new_format,Palmeiras,Corinthians,8,Bet365,btts,yes,,2.1,api_football,open
2026-10-05T07:40:23Z,1492407,2026-10-11T20:30:00Z,9409.6,FAR,Brazil Serie A,new_format,Palmeiras,Corinthians,8,Bet365,btts,no,,1.67,api_football,open
2026-10-05T07:40:23Z,1492407,2026-10-11T20:30:00Z,9409.6,FAR,Brazil Serie A,new_format,Palmeiras,Corinthians,2,Marathonbet,ou,over,1.5,1.27,api_football,open
2026-10-05T07:40:23Z,1492407,2026-10-11T20:30:00Z,9409.6,FAR,Brazil Serie A,new_format,Palmeiras,Corinthians,2,Marathonbet,ou,under,1.5,3.14,api_football,open
2026-10-05T07:40:23Z,1492407,2026-10-11T20:30:00Z,9409.6,FAR,Brazil Serie A,new_format,Palmeiras,Corinthians,2,Marathonbet,ou,over,2.5,1.98,api_football,open
2026-10-05T07:40:23Z,1492407,2026-10-11T20:30:00Z,9409.6,FAR,Brazil Serie A,new_format,Palmeiras,Corinthians,2,Marathonbet,ou,under,2.5,1.77,api_football,open
2026-10-05T07:40:23Z,1492407,2026-10-11T20:30:00Z,9409.6,FAR,Brazil Serie A,new_format,Palmeiras,Corinthians,2,Marathonbet,ou,over,3.5,3.42,api_football,open
2026-10-05T07:40:23Z,1492407,2026-10-11T20:30:00Z,9409.6,FAR,Brazil Serie A,new_format,Palmeiras,Corinthians,2,Marathonbet,ou,under,3.5,1.23,api_football,open
2026-10-05T07:40:23Z,1492407,2026-10-11T20:30:00Z,9409.6,FAR,Brazil Serie A,new_format,Palmeiras,Corinthians,2,Marathonbet,ht_ou,over,1.5,2.88,api_football,open
2026-10-05T07:40:23Z,1492407,2026-10-11T20:30:00Z,9409.6,FAR,Brazil Serie A,new_format,Palmeiras,Corinthians,2,Marathonbet,ht_ou,under,1.5,1.35,api_football,open
2026-10-05T07:40:23Z,1492407,2026-10-11T20:30:00Z,9409.6,FAR,Brazil Serie A,new_format,Palmeiras,Corinthians,2,Marathonbet,ht_ou,over,0.5,1.38,api_football,open
2026-10-05T07:40:23Z,1492407,2026-10-11T20:30:00Z,9409.6,FAR,Brazil Serie A,new_format,Palmeiras,Corinthians,2,Marathonbet,ht_ou,under,0.5,2.74,api_football,open
2026-10-05T07:40:23Z,1492407,2026-10-11T20:30:00Z,9409.6,FAR,Brazil Serie A,new_format,Palmeiras,Corinthians,2,Marathonbet,btts,yes,,2.03,api_football,open
2026-10-05T07:40:23Z,1492407,2026-10-11T20:30:00Z,9409.6,FAR,Brazil Serie A,new_format,Palmeiras,Corinthians,2,Marathonbet,btts,no,,1.68,api_football,open
2026-10-05T07:40:23Z,1492407,2026-10-11T20:30:00Z,9409.6,FAR,Brazil Serie A,new_format,Palmeiras,Corinthians,3,Betfair,ht_ou,over,1.5,3.0,api_football,open
2026-10-05T07:40:23Z,1492407,2026-10-11T20:30:00Z,9409.6,FAR,Brazil Serie A,new_format,Palmeiras,Corinthians,3,Betfair,ht_ou,under,1.5,1.33,api_football,open
2026-10-05T07:40:23Z,1492407,2026-10-11T20:30:00Z,9409.6,FAR,Brazil Serie A,new_format,Palmeiras,Corinthians,3,Betfair,ht_ou,over,0.5,1.36,api_football,open
2026-10-05T07:40:23Z,1492407,2026-10-11T20:30:00Z,9409.6,FAR,Brazil Serie A,new_format,Palmeiras,Corinthians,3,Betfair,ht_ou,under,0.5,2.88,api_football,open
2026-10-05T07:40:23Z,1492407,2026-10-11T20:30:00Z,9409.6,FAR,Brazil Serie A,new_format,Palmeiras,Corinthians,11,1xBet,ou,over,1.5,1.27,api_football,open
2026-10-05T07:40:23Z,1492407,2026-10-11T20:30:00Z,9409.6,FAR,Brazil Serie A,new_format,Palmeiras,Corinthians,11,1xBet,ou,under,1.5,3.14,api_football,open
2026-10-05T07:40:23Z,1492407,2026-10-11T20:30:00Z,9409.6,FAR,Brazil Serie A,new_format,Palmeiras,Corinthians,11,1xBet,ou,over,2.5,2.03,api_football,open
2026-10-05T07:40:23Z,1492407,2026-10-11T20:30:00Z,9409.6,FAR,Brazil Serie A,new_format,Palmeiras,Corinthians,11,1xBet,ou,under,2.5,1.82,api_football,open
2026-10-05T07:40:23Z,1492407,2026-10-11T20:30:00Z,9409.6,FAR,Brazil Serie A,new_format,Palmeiras,Corinthians,11,1xBet,ou,over,3.5,3.42,api_football,open
2026-10-05T07:40:23Z,1492407,2026-10-11T20:30:00Z,9409.6,FAR,Brazil Serie A,new_format,Palmeiras,Corinthians,11,1xBet,ou,under,3.5,1.23,api_football,open
2026-10-05T07:40:23Z,1492407,2026-10-11T20:30:00Z,9409.6,FAR,Brazil Serie A,new_format,Palmeiras,Corinthians,11,1xBet,ht_ou,over,1.5,2.88,api_football,open
2026-10-05T07:40:23Z,1492407,2026-10-11T20:30:00Z,9409.6,FAR,Brazil Serie A,new_format,Palmeiras,Corinthians,11,1xBet,ht_ou,under,1.5,1.35,api_football,open
2026-10-05T07:40:23Z,1492407,2026-10-11T20:30:00Z,9409.6,FAR,Brazil Serie A,new_format,Palmeiras,Corinthians,11,1xBet,ht_ou,over,0.5,1.38,api_football,open
2026-10-05T07:40:23Z,1492407,2026-10-11T20:30:00Z,9409.6,FAR,Brazil Serie A,new_format,Palmeiras,Corinthians,11,1xBet,ht_ou,under,0.5,2.74,api_football,open
2026-10-05T07:40:23Z,1492407,2026-10-11T20:30:00Z,9409.6,FAR,Brazil Serie A,new_format,Palmeiras,Corinthians,11,1xBet,btts,yes,,2.03,api_football,open
2026-10-05T07:40:23Z,1492407,2026-10-11T20:30:00Z,9409.6,FAR,Brazil Serie A,new_format,Palmeiras,Corinthians,11,1xBet,btts,no,,1.7,api_football,open
2026-10-05T07:40:23Z,1492407,2026-10-11T20:30:00Z,9409.6,FAR,Brazil Serie A,new_format,Palmeiras,Corinthians,32,Betano,ou,over,1.5,1.35,api_football,open
2026-10-05T07:40:23Z,1492407,2026-10-11T20:30:00Z,9409.6,FAR,Brazil Serie A,new_format,Palmeiras,Corinthians,32,Betano,ou,under,1.5,3.25,api_football,open
2026-10-05T07:40:23Z,1492407,2026-10-11T20:30:00Z,9409.6,FAR,Brazil Serie A,new_format,Palmeiras,Corinthians,32,Betano,ou,over,2.5,2.05,api_football,open
2026-10-05T07:40:23Z,1492407,2026-10-11T20:30:00Z,9409.6,FAR,Brazil Serie A,new_format,Palmeiras,Corinthians,32,Betano,ou,under,2.5,1.8,api_football,open
2026-10-05T07:40:23Z,1492407,2026-10-11T20:30:00Z,9409.6,FAR,Brazil Serie A,new_format,Palmeiras,Corinthians,32,Betano,ou,over,3.5,3.55,api_football,open
2026-10-05T07:40:23Z,1492407,2026-10-11T20:30:00Z,9409.6,FAR,Brazil Serie A,new_format,Palmeiras,Corinthians,32,Betano,ou,under,3.5,1.3,api_football,open
2026-10-05T07:40:23Z,1492407,2026-10-11T20:30:00Z,9409.6,FAR,Brazil Serie A,new_format,Palmeiras,Corinthians,32,Betano,ht_ou,over,1.5,3.05,api_football,open
2026-10-05T07:40:23Z,1492407,2026-10-11T20:30:00Z,9409.6,FAR,Brazil Serie A,new_format,Palmeiras,Corinthians,32,Betano,ht_ou,under,1.5,1.39,api_football,open
2026-10-05T07:40:23Z,1492407,2026-10-11T20:30:00Z,9409.6,FAR,Brazil Serie A,new_format,Palmeiras,Corinthians,32,Betano,ht_ou,over,0.5,1.47,api_football,open
2026-10-05T07:40:23Z,1492407,2026-10-11T20:30:00Z,9409.6,FAR,Brazil Serie A,new_format,Palmeiras,Corinthians,32,Betano,ht_ou,under,0.5,2.72,api_football,open
2026-10-05T07:40:23Z,1492407,2026-10-11T20:30:00Z,9409.6,FAR,Brazil Serie A,new_format,Palmeiras,Corinthians,32,Betano,btts,yes,,2.07,api_football,open
2026-10-05T07:40:23Z,1492407,2026-10-11T20:30:00Z,9409.6,FAR,Brazil Serie A,new_format,Palmeiras,Corinthians,32,Betano,btts,no,,1.7,api_football,open
2026-10-05T07:40:23Z,1492405,2026-10-11T20:30:00Z,9409.6,FAR,Brazil Serie A,new_format,Flamengo,Fluminense,7,William Hill,ht_ou,over,1.5,2.38,api_football,open
2026-10-05T07:40:23Z,1492405,2026-10-11T20:30:00Z,9409.6,FAR,Brazil Serie A,new_format,Flamengo,Fluminense,7,William Hill,ht_ou,under,1.5,1.53,api_football,open
2026-10-05T07:40:23Z,1492405,2026-10-11T20:30:00Z,9409.6,FAR,Brazil Serie A,new_format,Flamengo,Fluminense,7,William Hill,ht_ou,over,0.5,1.3,api_football,open
2026-10-05T07:40:23Z,1492405,2026-10-11T20:30:00Z,9409.6,FAR,Brazil Serie A,new_format,Flamengo,Fluminense,7,William Hill,ht_ou,under,0.5,3.3,api_football,open
2026-10-05T07:40:23Z,1492405,2026-10-11T20:30:00Z,9409.6,FAR,Brazil Serie A,new_format,Flamengo,Fluminense,7,William Hill,btts,yes,,2.0,api_football,open
2026-10-05T07:40:23Z,1492405,2026-10-11T20:30:00Z,9409.6,FAR,Brazil Serie A,new_format,Flamengo,Fluminense,7,William Hill,btts,no,,1.75,api_football,open
2026-10-05T07:40:23Z,1492405,2026-10-11T20:30:00Z,9409.6,FAR,Brazil Serie A,new_format,Flamengo,Fluminense,8,Bet365,ou,over,1.5,1.22,api_football,open
2026-10-05T07:40:23Z,1492405,2026-10-11T20:30:00Z,9409.6,FAR,Brazil Serie A,new_format,Flamengo,Fluminense,8,Bet365,ou,under,1.5,4.33,api_football,open
2026-10-05T07:40:23Z,1492405,2026-10-11T20:30:00Z,9409.6,FAR,Brazil Serie A,new_format,Flamengo,Fluminense,8,Bet365,ou,over,2.5,1.73,api_football,open
2026-10-05T07:40:23Z,1492405,2026-10-11T20:30:00Z,9409.6,FAR,Brazil Serie A,new_format,Flamengo,Fluminense,8,Bet365,ou,under,2.5,2.08,api_football,open
2026-10-05T07:40:23Z,1492405,2026-10-11T20:30:00Z,9409.6,FAR,Brazil Serie A,new_format,Flamengo,Fluminense,8,Bet365,ou,over,3.5,2.75,api_football,open
2026-10-05T07:40:23Z,1492405,2026-10-11T20:30:00Z,9409.6,FAR,Brazil Serie A,new_format,Flamengo,Fluminense,8,Bet365,ou,under,3.5,1.44,api_football,open
2026-10-05T07:40:23Z,1492405,2026-10-11T20:30:00Z,9409.6,FAR,Brazil Serie A,new_format,Flamengo,Fluminense,8,Bet365,ht_ou,over,1.5,2.5,api_football,open
2026-10-05T07:40:23Z,1492405,2026-10-11T20:30:00Z,9409.6,FAR,Brazil Serie A,new_format,Flamengo,Fluminense,8,Bet365,ht_ou,under,1.5,1.5,api_football,open
2026-10-05T07:40:23Z,1492405,2026-10-11T20:30:00Z,9409.6,FAR,Brazil Serie A,new_format,Flamengo,Fluminense,8,Bet365,ht_ou,over,0.5,1.33,api_football,open
2026-10-05T07:40:23Z,1492405,2026-10-11T20:30:00Z,9409.6,FAR,Brazil Serie A,new_format,Flamengo,Fluminense,8,Bet365,ht_ou,under,0.5,3.25,api_football,open
2026-10-05T07:40:23Z,1492405,2026-10-11T20:30:00Z,9409.6,FAR,Brazil Serie A,new_format,Flamengo,Fluminense,8,Bet365,btts,yes,,2.0,api_football,open
2026-10-05T07:40:23Z,1492405,2026-10-11T20:30:00Z,9409.6,FAR,Brazil Serie A,new_format,Flamengo,Fluminense,8,Bet365,btts,no,,1.75,api_football,open
2026-10-05T07:40:23Z,1492405,2026-10-11T20:30:00Z,9409.6,FAR,Brazil Serie A,new_format,Flamengo,Fluminense,2,Marathonbet,ou,over,1.5,1.18,api_football,open
2026-10-05T07:40:23Z,1492405,2026-10-11T20:30:00Z,9409.6,FAR,Brazil Serie A,new_format,Flamengo,Fluminense,2,Marathonbet,ou,under,1.5,3.9,api_football,open
2026-10-05T07:40:23Z,1492405,2026-10-11T20:30:00Z,9409.6,FAR,Brazil Serie A,new_format,Flamengo,Fluminense,2,Marathonbet,ou,over,2.5,1.68,api_football,open
2026-10-05T07:40:23Z,1492405,2026-10-11T20:30:00Z,9409.6,FAR,Brazil Serie A,new_format,Flamengo,Fluminense,2,Marathonbet,ou,under,2.5,2.11,api_football,open
2026-10-05T07:40:23Z,1492405,2026-10-11T20:30:00Z,9409.6,FAR,Brazil Serie A,new_format,Flamengo,Fluminense,2,Marathonbet,ou,over,3.5,2.56,api_football,open
2026-10-05T07:40:23Z,1492405,2026-10-11T20:30:00Z,9409.6,FAR,Brazil Serie A,new_format,Flamengo,Fluminense,2,Marathonbet,ou,under,3.5,1.4,api_football,open
2026-10-05T07:40:23Z,1492405,2026-10-11T20:30:00Z,9409.6,FAR,Brazil Serie A,new_format,Flamengo,Fluminense,2,Marathonbet,ht_ou,over,1.5,2.39,api_football,open
2026-10-05T07:40:23Z,1492405,2026-10-11T20:30:00Z,9409.6,FAR,Brazil Serie A,new_format,Flamengo,Fluminense,2,Marathonbet,ht_ou,under,1.5,1.49,api_football,open
2026-10-05T07:40:23Z,1492405,2026-10-11T20:30:00Z,9409.6,FAR,Brazil Serie A,new_format,Flamengo,Fluminense,2,Marathonbet,ht_ou,over,0.5,1.3,api_football,open
2026-10-05T07:40:23Z,1492405,2026-10-11T20:30:00Z,9409.6,FAR,Brazil Serie A,new_format,Flamengo,Fluminense,2,Marathonbet,ht_ou,under,0.5,3.12,api_football,open
2026-10-05T07:40:23Z,1492405,2026-10-11T20:30:00Z,9409.6,FAR,Brazil Serie A,new_format,Flamengo,Fluminense,2,Marathonbet,btts,yes,,2.01,api_football,open
2026-10-05T07:40:23Z,1492405,2026-10-11T20:30:00Z,9409.6,FAR,Brazil Serie A,new_format,Flamengo,Fluminense,2,Marathonbet,btts,no,,1.7,api_football,open
2026-10-05T07:40:23Z,1492405,2026-10-11T20:30:00Z,9409.6,FAR,Brazil Serie A,new_format,Flamengo,Fluminense,3,Betfair,ht_ou,over,1.5,2.4,api_football,open
2026-10-05T07:40:23Z,1492405,2026-10-11T20:30:00Z,9409.6,FAR,Brazil Serie A,new_format,Flamengo,Fluminense,3,Betfair,ht_ou,under,1.5,1.5,api_football,open
2026-10-05T07:40:23Z,1492405,2026-10-11T20:30:00Z,9409.6,FAR,Brazil Serie A,new_format,Flamengo,Fluminense,3,Betfair,ht_ou,over,0.5,1.29,api_football,open
2026-10-05T07:40:23Z,1492405,2026-10-11T20:30:00Z,9409.6,FAR,Brazil Serie A,new_format,Flamengo,Fluminense,3,Betfair,ht_ou,under,0.5,3.3,api_football,open
2026-10-05T07:40:23Z,1492405,2026-10-11T20:30:00Z,9409.6,FAR,Brazil Serie A,new_format,Flamengo,Fluminense,11,1xBet,ou,over,1.5,1.18,api_football,open
2026-10-05T07:40:23Z,1492405,2026-10-11T20:30:00Z,9409.6,FAR,Brazil Serie A,new_format,Flamengo,Fluminense,11,1xBet,ou,under,1.5,3.9,api_football,open
2026-10-05T07:40:23Z,1492405,2026-10-11T20:30:00Z,9409.6,FAR,Brazil Serie A,new_format,Flamengo,Fluminense,11,1xBet,ou,over,2.5,1.72,api_football,open
2026-10-05T07:40:23Z,1492405,2026-10-11T20:30:00Z,9409.6,FAR,Brazil Serie A,new_format,Flamengo,Fluminense,11,1xBet,ou,under,2.5,2.17,api_football,open
2026-10-05T07:40:23Z,1492405,2026-10-11T20:30:00Z,9409.6,FAR,Brazil Serie A,new_format,Flamengo,Fluminense,11,1xBet,ou,over,3.5,2.56,api_football,open
2026-10-05T07:40:23Z,1492405,2026-10-11T20:30:00Z,9409.6,FAR,Brazil Serie A,new_format,Flamengo,Fluminense,11,1xBet,ou,under,3.5,1.4,api_football,open
2026-10-05T07:40:23Z,1492405,2026-10-11T20:30:00Z,9409.6,FAR,Brazil Serie A,new_format,Flamengo,Fluminense,11,1xBet,ht_ou,over,1.5,2.39,api_football,open
2026-10-05T07:40:23Z,1492405,2026-10-11T20:30:00Z,9409.6,FAR,Brazil Serie A,new_format,Flamengo,Fluminense,11,1xBet,ht_ou,under,1.5,1.49,api_football,open
2026-10-05T07:40:23Z,1492405,2026-10-11T20:30:00Z,9409.6,FAR,Brazil Serie A,new_format,Flamengo,Fluminense,11,1xBet,ht_ou,over,0.5,1.3,api_football,open
2026-10-05T07:40:23Z,1492405,2026-10-11T20:30:00Z,9409.6,FAR,Brazil Serie A,new_format,Flamengo,Fluminense,11,1xBet,ht_ou,under,0.5,3.12,api_football,open
2026-10-05T07:40:23Z,1492405,2026-10-11T20:30:00Z,9409.6,FAR,Brazil Serie A,new_format,Flamengo,Fluminense,11,1xBet,btts,yes,,2.01,api_football,open
2026-10-05T07:40:23Z,1492405,2026-10-11T20:30:00Z,9409.6,FAR,Brazil Serie A,new_format,Flamengo,Fluminense,11,1xBet,btts,no,,1.72,api_football,open
2026-10-05T07:40:23Z,1492405,2026-10-11T20:30:00Z,9409.6,FAR,Brazil Serie A,new_format,Flamengo,Fluminense,32,Betano,ou,over,1.5,1.25,api_football,open
2026-10-05T07:40:23Z,1492405,2026-10-11T20:30:00Z,9409.6,FAR,Brazil Serie A,new_format,Flamengo,Fluminense,32,Betano,ou,under,1.5,4.0,api_football,open
2026-10-05T07:40:23Z,1492405,2026-10-11T20:30:00Z,9409.6,FAR,Brazil Serie A,new_format,Flamengo,Fluminense,32,Betano,ou,over,2.5,1.75,api_football,open
2026-10-05T07:40:23Z,1492405,2026-10-11T20:30:00Z,9409.6,FAR,Brazil Serie A,new_format,Flamengo,Fluminense,32,Betano,ou,under,2.5,2.12,api_football,open
2026-10-05T07:40:23Z,1492405,2026-10-11T20:30:00Z,9409.6,FAR,Brazil Serie A,new_format,Flamengo,Fluminense,32,Betano,ou,over,3.5,2.8,api_football,open
2026-10-05T07:40:23Z,1492405,2026-10-11T20:30:00Z,9409.6,FAR,Brazil Serie A,new_format,Flamengo,Fluminense,32,Betano,ou,under,3.5,1.47,api_football,open
2026-10-05T07:40:23Z,1492405,2026-10-11T20:30:00Z,9409.6,FAR,Brazil Serie A,new_format,Flamengo,Fluminense,32,Betano,ht_ou,over,1.5,2.62,api_football,open
2026-10-05T07:40:23Z,1492405,2026-10-11T20:30:00Z,9409.6,FAR,Brazil Serie A,new_format,Flamengo,Fluminense,32,Betano,ht_ou,under,1.5,1.5,api_football,open
2026-10-05T07:40:23Z,1492405,2026-10-11T20:30:00Z,9409.6,FAR,Brazil Serie A,new_format,Flamengo,Fluminense,32,Betano,ht_ou,over,0.5,1.38,api_football,open
2026-10-05T07:40:23Z,1492405,2026-10-11T20:30:00Z,9409.6,FAR,Brazil Serie A,new_format,Flamengo,Fluminense,32,Betano,ht_ou,under,0.5,3.05,api_football,open
2026-10-05T07:40:23Z,1492405,2026-10-11T20:30:00Z,9409.6,FAR,Brazil Serie A,new_format,Flamengo,Fluminense,32,Betano,btts,yes,,1.98,api_football,open
2026-10-05T07:40:23Z,1492405,2026-10-11T20:30:00Z,9409.6,FAR,Brazil Serie A,new_format,Flamengo,Fluminense,32,Betano,btts,no,,1.78,api_football,open
2026-10-05T07:40:23Z,1492406,2026-10-11T20:30:00Z,9409.6,FAR,Brazil Serie A,new_format,Gremio,Internacional,7,William Hill,ht_ou,over,1.5,2.88,api_football,open
2026-10-05T07:40:23Z,1492406,2026-10-11T20:30:00Z,9409.6,FAR,Brazil Serie A,new_format,Gremio,Internacional,7,William Hill,ht_ou,under,1.5,1.36,api_football,open
2026-10-05T07:40:23Z,1492406,2026-10-11T20:30:00Z,9409.6,FAR,Brazil Serie A,new_format,Gremio,Internacional,7,William Hill,ht_ou,over,0.5,1.36,api_football,open
2026-10-05T07:40:23Z,1492406,2026-10-11T20:30:00Z,9409.6,FAR,Brazil Serie A,new_format,Gremio,Internacional,7,William Hill,ht_ou,under,0.5,2.88,api_football,open
2026-10-05T07:40:23Z,1492406,2026-10-11T20:30:00Z,9409.6,FAR,Brazil Serie A,new_format,Gremio,Internacional,7,William Hill,btts,yes,,1.75,api_football,open
2026-10-05T07:40:23Z,1492406,2026-10-11T20:30:00Z,9409.6,FAR,Brazil Serie A,new_format,Gremio,Internacional,7,William Hill,btts,no,,1.95,api_football,open
2026-10-05T07:40:23Z,1492406,2026-10-11T20:30:00Z,9409.6,FAR,Brazil Serie A,new_format,Gremio,Internacional,8,Bet365,ou,over,1.5,1.33,api_football,open
2026-10-05T07:40:23Z,1492406,2026-10-11T20:30:00Z,9409.6,FAR,Brazil Serie A,new_format,Gremio,Internacional,8,Bet365,ou,under,1.5,3.4,api_football,open
2026-10-05T07:40:23Z,1492406,2026-10-11T20:30:00Z,9409.6,FAR,Brazil Serie A,new_format,Gremio,Internacional,8,Bet365,ou,over,2.5,2.0,api_football,open
2026-10-05T07:40:23Z,1492406,2026-10-11T20:30:00Z,9409.6,FAR,Brazil Serie A,new_format,Gremio,Internacional,8,Bet365,ou,under,2.5,1.8,api_football,open
2026-10-05T07:40:23Z,1492406,2026-10-11T20:30:00Z,9409.6,FAR,Brazil Serie A,new_format,Gremio,Internacional,8,Bet365,ou,over,3.5,3.5,api_football,open
2026-10-05T07:40:23Z,1492406,2026-10-11T20:30:00Z,9409.6,FAR,Brazil Serie A,new_format,Gremio,Internacional,8,Bet365,ou,under,3.5,1.3,api_football,open
2026-10-05T07:40:23Z,1492406,2026-10-11T20:30:00Z,9409.6,FAR,Brazil Serie A,new_format,Gremio,Internacional,8,Bet365,ht_ou,over,1.5,2.75,api_football,open
2026-10-05T07:40:23Z,1492406,2026-10-11T20:30:00Z,9409.6,FAR,Brazil Serie A,new_format,Gremio,Internacional,8,Bet365,ht_ou,under,1.5,1.4,api_football,open
2026-10-05T07:40:23Z,1492406,2026-10-11T20:30:00Z,9409.6,FAR,Brazil Serie A,new_format,Gremio,Internacional,8,Bet365,ht_ou,over,0.5,1.4,api_football,open
2026-10-05T07:40:23Z,1492406,2026-10-11T20:30:00Z,9409.6,FAR,Brazil Serie A,new_format,Gremio,Internacional,8,Bet365,ht_ou,under,0.5,2.75,api_football,open
2026-10-05T07:40:23Z,1492406,2026-10-11T20:30:00Z,9409.6,FAR,Brazil Serie A,new_format,Gremio,Internacional,8,Bet365,btts,yes,,1.8,api_football,open
2026-10-05T07:40:23Z,1492406,2026-10-11T20:30:00Z,9409.6,FAR,Brazil Serie A,new_format,Gremio,Internacional,8,Bet365,btts,no,,1.95,api_football,open
2026-10-05T07:40:23Z,1492406,2026-10-11T20:30:00Z,9409.6,FAR,Brazil Serie A,new_format,Gremio,Internacional,2,Marathonbet,ou,over,1.5,1.27,api_football,open
2026-10-05T07:40:23Z,1492406,2026-10-11T20:30:00Z,9409.6,FAR,Brazil Serie A,new_format,Gremio,Internacional,2,Marathonbet,ou,under,1.5,3.14,api_football,open
2026-10-05T07:40:23Z,1492406,2026-10-11T20:30:00Z,9409.6,FAR,Brazil Serie A,new_format,Gremio,Internacional,2,Marathonbet,ou,over,2.5,1.97,api_football,open
2026-10-05T07:40:23Z,1492406,2026-10-11T20:30:00Z,9409.6,FAR,Brazil Serie A,new_format,Gremio,Internacional,2,Marathonbet,ou,under,2.5,1.78,api_football,open
2026-10-05T07:40:23Z,1492406,2026-10-11T20:30:00Z,9409.6,FAR,Brazil Serie A,new_format,Gremio,Internacional,2,Marathonbet,ou,over,3.5,3.34,api_football,open
2026-10-05T07:40:23Z,1492406,2026-10-11T20:30:00Z,9409.6,FAR,Brazil Serie A,new_format,Gremio,Internacional,2,Marathonbet,ou,under,3.5,1.24,api_football,open
2026-10-05T07:40:23Z,1492406,2026-10-11T20:30:00Z,9409.6,FAR,Brazil Serie A,new_format,Gremio,Internacional,2,Marathonbet,ht_ou,over,1.5,2.71,api_football,open
2026-10-05T07:40:23Z,1492406,2026-10-11T20:30:00Z,9409.6,FAR,Brazil Serie A,new_format,Gremio,Internacional,2,Marathonbet,ht_ou,under,1.5,1.39,api_football,open
2026-10-05T07:40:23Z,1492406,2026-10-11T20:30:00Z,9409.6,FAR,Brazil Serie A,new_format,Gremio,Internacional,2,Marathonbet,ht_ou,over,0.5,1.35,api_football,open
2026-10-05T07:40:23Z,1492406,2026-10-11T20:30:00Z,9409.6,FAR,Brazil Serie A,new_format,Gremio,Internacional,2,Marathonbet,ht_ou,under,0.5,2.88,api_football,open
2026-10-05T07:40:23Z,1492406,2026-10-11T20:30:00Z,9409.6,FAR,Brazil Serie A,new_format,Gremio,Internacional,2,Marathonbet,btts,yes,,1.75,api_football,open
2026-10-05T07:40:23Z,1492406,2026-10-11T20:30:00Z,9409.6,FAR,Brazil Serie A,new_format,Gremio,Internacional,2,Marathonbet,btts,no,,1.94,api_football,open
2026-10-05T07:40:23Z,1492406,2026-10-11T20:30:00Z,9409.6,FAR,Brazil Serie A,new_format,Gremio,Internacional,3,Betfair,ht_ou,over,1.5,2.88,api_football,open
2026-10-05T07:40:23Z,1492406,2026-10-11T20:30:00Z,9409.6,FAR,Brazil Serie A,new_format,Gremio,Internacional,3,Betfair,ht_ou,under,1.5,1.36,api_football,open
2026-10-05T07:40:23Z,1492406,2026-10-11T20:30:00Z,9409.6,FAR,Brazil Serie A,new_format,Gremio,Internacional,3,Betfair,ht_ou,over,0.5,1.33,api_football,open
2026-10-05T07:40:23Z,1492406,2026-10-11T20:30:00Z,9409.6,FAR,Brazil Serie A,new_format,Gremio,Internacional,3,Betfair,ht_ou,under,0.5,3.0,api_football,open
2026-10-05T07:40:23Z,1492406,2026-10-11T20:30:00Z,9409.6,FAR,Brazil Serie A,new_format,Gremio,Internacional,11,1xBet,ou,over,1.5,1.27,api_football,open
2026-10-05T07:40:23Z,1492406,2026-10-11T20:30:00Z,9409.6,FAR,Brazil Serie A,new_format,Gremio,Internacional,11,1xBet,ou,under,1.5,3.14,api_football,open
2026-10-05T07:40:23Z,1492406,2026-10-11T20:30:00Z,9409.6,FAR,Brazil Serie A,new_format,Gremio,Internacional,11,1xBet,ou,over,2.5,2.02,api_football,open
2026-10-05T07:40:23Z,1492406,2026-10-11T20:30:00Z,9409.6,FAR,Brazil Serie A,new_format,Gremio,Internacional,11,1xBet,ou,under,2.5,1.83,api_football,open
2026-10-05T07:40:23Z,1492406,2026-10-11T20:30:00Z,9409.6,FAR,Brazil Serie A,new_format,Gremio,Internacional,11,1xBet,ou,over,3.5,3.34,api_football,open
2026-10-05T07:40:23Z,1492406,2026-10-11T20:30:00Z,9409.6,FAR,Brazil Serie A,new_format,Gremio,Internacional,11,1xBet,ou,under,3.5,1.24,api_football,open
2026-10-05T07:40:23Z,1492406,2026-10-11T20:30:00Z,9409.6,FAR,Brazil Serie A,new_format,Gremio,Internacional,11,1xBet,ht_ou,over,1.5,2.71,api_football,open
2026-10-05T07:40:23Z,1492406,2026-10-11T20:30:00Z,9409.6,FAR,Brazil Serie A,new_format,Gremio,Internacional,11,1xBet,ht_ou,under,1.5,1.39,api_football,open
2026-10-05T07:40:23Z,1492406,2026-10-11T20:30:00Z,9409.6,FAR,Brazil Serie A,new_format,Gremio,Internacional,11,1xBet,ht_ou,over,0.5,1.35,api_football,open
2026-10-05T07:40:23Z,1492406,2026-10-11T20:30:00Z,9409.6,FAR,Brazil Serie A,new_format,Gremio,Internacional,11,1xBet,ht_ou,under,0.5,2.88,api_football,open
2026-10-05T07:40:23Z,1492406,2026-10-11T20:30:00Z,9409.6,FAR,Brazil Serie A,new_format,Gremio,Internacional,11,1xBet,btts,yes,,1.75,api_football,open
2026-10-05T07:40:23Z,1492406,2026-10-11T20:30:00Z,9409.6,FAR,Brazil Serie A,new_format,Gremio,Internacional,11,1xBet,btts,no,,1.97,api_football,open
2026-10-05T07:40:23Z,1492406,2026-10-11T20:30:00Z,9409.6,FAR,Brazil Serie A,new_format,Gremio,Internacional,32,Betano,ou,over,1.5,1.34,api_football,open
2026-10-05T07:40:23Z,1492406,2026-10-11T20:30:00Z,9409.6,FAR,Brazil Serie A,new_format,Gremio,Internacional,32,Betano,ou,under,1.5,3.3,api_football,open
2026-10-05T07:40:23Z,1492406,2026-10-11T20:30:00Z,9409.6,FAR,Brazil Serie A,new_format,Gremio,Internacional,32,Betano,ou,over,2.5,2.02,api_football,open
2026-10-05T07:40:23Z,1492406,2026-10-11T20:30:00Z,9409.6,FAR,Brazil Serie A,new_format,Gremio,Internacional,32,Betano,ou,under,2.5,1.83,api_football,open
2026-10-05T07:40:23Z,1492406,2026-10-11T20:30:00Z,9409.6,FAR,Brazil Serie A,new_format,Gremio,Internacional,32,Betano,ou,over,3.5,3.4,api_football,open
2026-10-05T07:40:23Z,1492406,2026-10-11T20:30:00Z,9409.6,FAR,Brazil Serie A,new_format,Gremio,Internacional,32,Betano,ou,under,3.5,1.32,api_football,open
2026-10-05T07:40:23Z,1492406,2026-10-11T20:30:00Z,9409.6,FAR,Brazil Serie A,new_format,Gremio,Internacional,32,Betano,ht_ou,over,1.5,3.0,api_football,open
2026-10-05T07:40:23Z,1492406,2026-10-11T20:30:00Z,9409.6,FAR,Brazil Serie A,new_format,Gremio,Internacional,32,Betano,ht_ou,under,1.5,1.4,api_football,open
2026-10-05T07:40:23Z,1492406,2026-10-11T20:30:00Z,9409.6,FAR,Brazil Serie A,new_format,Gremio,Internacional,32,Betano,ht_ou,over,0.5,1.47,api_football,open
2026-10-05T07:40:23Z,1492406,2026-10-11T20:30:00Z,9409.6,FAR,Brazil Serie A,new_format,Gremio,Internacional,32,Betano,ht_ou,under,0.5,2.72,api_football,open
2026-10-05T07:40:23Z,1492406,2026-10-11T20:30:00Z,9409.6,FAR,Brazil Serie A,new_format,Gremio,Internacional,32,Betano,btts,yes,,1.75,api_football,open
2026-10-05T07:40:23Z,1492406,2026-10-11T20:30:00Z,9409.6,FAR,Brazil Serie A,new_format,Gremio,Internacional,32,Betano,btts,no,,2.0,api_football,open
2026-10-05T07:40:23Z,1492401,2026-10-11T22:30:00Z,9529.6,FAR,Brazil Serie A,new_format,Bahia,Mirassol,7,William Hill,ht_ou,over,1.5,2.4,api_football,open
2026-10-05T07:40:23Z,1492401,2026-10-11T22:30:00Z,9529.6,FAR,Brazil Serie A,new_format,Bahia,Mirassol,7,William Hill,ht_ou,under,1.5,1.53,api_football,open
2026-10-05T07:40:23Z,1492401,2026-10-11T22:30:00Z,9529.6,FAR,Brazil Serie A,new_format,Bahia,Mirassol,7,William Hill,ht_ou,over,0.5,1.3,api_football,open
2026-10-05T07:40:23Z,1492401,2026-10-11T22:30:00Z,9529.6,FAR,Brazil Serie A,new_format,Bahia,Mirassol,7,William Hill,ht_ou,under,0.5,3.3,api_football,open
2026-10-05T07:40:23Z,1492401,2026-10-11T22:30:00Z,9529.6,FAR,Brazil Serie A,new_format,Bahia,Mirassol,7,William Hill,btts,yes,,1.67,api_football,open
2026-10-05T07:40:23Z,1492401,2026-10-11T22:30:00Z,9529.6,FAR,Brazil Serie A,new_format,Bahia,Mirassol,7,William Hill,btts,no,,2.1,api_football,open
2026-10-05T07:40:23Z,1492401,2026-10-11T22:30:00Z,9529.6,FAR,Brazil Serie A,new_format,Bahia,Mirassol,8,Bet365,ou,over,1.5,1.22,api_football,open
2026-10-05T07:40:23Z,1492401,2026-10-11T22:30:00Z,9529.6,FAR,Brazil Serie A,new_format,Bahia,Mirassol,8,Bet365,ou,under,1.5,4.33,api_football,open
2026-10-05T07:40:23Z,1492401,2026-10-11T22:30:00Z,9529.6,FAR,Brazil Serie A,new_format,Bahia,Mirassol,8,Bet365,ou,over,2.5,1.7,api_football,open
2026-10-05T07:40:23Z,1492401,2026-10-11T22:30:00Z,9529.6,FAR,Brazil Serie A,new_format,Bahia,Mirassol,8,Bet365,ou,under,2.5,2.1,api_football,open
2026-10-05T07:40:23Z,1492401,2026-10-11T22:30:00Z,9529.6,FAR,Brazil Serie A,new_format,Bahia,Mirassol,8,Bet365,ou,over,3.5,2.75,api_football,open
2026-10-05T07:40:23Z,1492401,2026-10-11T22:30:00Z,9529.6,FAR,Brazil Serie A,new_format,Bahia,Mirassol,8,Bet365,ou,under,3.5,1.44,api_football,open
2026-10-05T07:40:23Z,1492401,2026-10-11T22:30:00Z,9529.6,FAR,Brazil Serie A,new_format,Bahia,Mirassol,8,Bet365,ht_ou,over,1.5,2.5,api_football,open
2026-10-05T07:40:23Z,1492401,2026-10-11T22:30:00Z,9529.6,FAR,Brazil Serie A,new_format,Bahia,Mirassol,8,Bet365,ht_ou,under,1.5,1.5,api_football,open
2026-10-05T07:40:23Z,1492401,2026-10-11T22:30:00Z,9529.6,FAR,Brazil Serie A,new_format,Bahia,Mirassol,8,Bet365,ht_ou,over,0.5,1.3,api_football,open
2026-10-05T07:40:23Z,1492401,2026-10-11T22:30:00Z,9529.6,FAR,Brazil Serie A,new_format,Bahia,Mirassol,8,Bet365,ht_ou,under,0.5,3.4,api_football,open
2026-10-05T07:40:23Z,1492401,2026-10-11T22:30:00Z,9529.6,FAR,Brazil Serie A,new_format,Bahia,Mirassol,8,Bet365,btts,yes,,1.7,api_football,open
2026-10-05T07:40:23Z,1492401,2026-10-11T22:30:00Z,9529.6,FAR,Brazil Serie A,new_format,Bahia,Mirassol,8,Bet365,btts,no,,2.05,api_football,open
2026-10-05T07:40:23Z,1492401,2026-10-11T22:30:00Z,9529.6,FAR,Brazil Serie A,new_format,Bahia,Mirassol,2,Marathonbet,ou,over,1.5,1.17,api_football,open
2026-10-05T07:40:23Z,1492401,2026-10-11T22:30:00Z,9529.6,FAR,Brazil Serie A,new_format,Bahia,Mirassol,2,Marathonbet,ou,under,1.5,3.95,api_football,open
2026-10-05T07:40:23Z,1492401,2026-10-11T22:30:00Z,9529.6,FAR,Brazil Serie A,new_format,Bahia,Mirassol,2,Marathonbet,ou,over,2.5,1.69,api_football,open
2026-10-05T07:40:23Z,1492401,2026-10-11T22:30:00Z,9529.6,FAR,Brazil Serie A,new_format,Bahia,Mirassol,2,Marathonbet,ou,under,2.5,2.09,api_football,open
2026-10-05T07:40:23Z,1492401,2026-10-11T22:30:00Z,9529.6,FAR,Brazil Serie A,new_format,Bahia,Mirassol,2,Marathonbet,ou,over,3.5,2.62,api_football,open
2026-10-05T07:40:23Z,1492401,2026-10-11T22:30:00Z,9529.6,FAR,Brazil Serie A,new_format,Bahia,Mirassol,2,Marathonbet,ou,under,3.5,1.38,api_football,open
2026-10-05T07:40:23Z,1492401,2026-10-11T22:30:00Z,9529.6,FAR,Brazil Serie A,new_format,Bahia,Mirassol,2,Marathonbet,ht_ou,over,1.5,2.42,api_football,open
2026-10-05T07:40:23Z,1492401,2026-10-11T22:30:00Z,9529.6,FAR,Brazil Serie A,new_format,Bahia,Mirassol,2,Marathonbet,ht_ou,under,1.5,1.48,api_football,open
2026-10-05T07:40:23Z,1492401,2026-10-11T22:30:00Z,9529.6,FAR,Brazil Serie A,new_format,Bahia,Mirassol,2,Marathonbet,ht_ou,over,0.5,1.28,api_football,open
2026-10-05T07:40:23Z,1492401,2026-10-11T22:30:00Z,9529.6,FAR,Brazil Serie A,new_format,Bahia,Mirassol,2,Marathonbet,ht_ou,under,0.5,3.22,api_football,open
2026-10-05T07:40:23Z,1492401,2026-10-11T22:30:00Z,9529.6,FAR,Brazil Serie A,new_format,Bahia,Mirassol,2,Marathonbet,btts,yes,,1.68,api_football,open
2026-10-05T07:40:23Z,1492401,2026-10-11T22:30:00Z,9529.6,FAR,Brazil Serie A,new_format,Bahia,Mirassol,2,Marathonbet,btts,no,,2.03,api_football,open
2026-10-05T07:40:23Z,1492401,2026-10-11T22:30:00Z,9529.6,FAR,Brazil Serie A,new_format,Bahia,Mirassol,3,Betfair,ht_ou,over,1.5,2.4,api_football,open
2026-10-05T07:40:23Z,1492401,2026-10-11T22:30:00Z,9529.6,FAR,Brazil Serie A,new_format,Bahia,Mirassol,3,Betfair,ht_ou,under,1.5,1.5,api_football,open
2026-10-05T07:40:23Z,1492401,2026-10-11T22:30:00Z,9529.6,FAR,Brazil Serie A,new_format,Bahia,Mirassol,3,Betfair,ht_ou,over,0.5,1.25,api_football,open
2026-10-05T07:40:23Z,1492401,2026-10-11T22:30:00Z,9529.6,FAR,Brazil Serie A,new_format,Bahia,Mirassol,3,Betfair,ht_ou,under,0.5,3.6,api_football,open
2026-10-05T07:40:23Z,1492401,2026-10-11T22:30:00Z,9529.6,FAR,Brazil Serie A,new_format,Bahia,Mirassol,36,BetVictor,ou,over,1.5,1.2,api_football,open
2026-10-05T07:40:23Z,1492401,2026-10-11T22:30:00Z,9529.6,FAR,Brazil Serie A,new_format,Bahia,Mirassol,36,BetVictor,ou,under,1.5,4.1,api_football,open
2026-10-05T07:40:23Z,1492401,2026-10-11T22:30:00Z,9529.6,FAR,Brazil Serie A,new_format,Bahia,Mirassol,36,BetVictor,ou,over,2.5,1.67,api_football,open
2026-10-05T07:40:23Z,1492401,2026-10-11T22:30:00Z,9529.6,FAR,Brazil Serie A,new_format,Bahia,Mirassol,36,BetVictor,ou,under,2.5,2.03,api_football,open
2026-10-05T07:40:23Z,1492401,2026-10-11T22:30:00Z,9529.6,FAR,Brazil Serie A,new_format,Bahia,Mirassol,36,BetVictor,ou,over,3.5,2.75,api_football,open
2026-10-05T07:40:23Z,1492401,2026-10-11T22:30:00Z,9529.6,FAR,Brazil Serie A,new_format,Bahia,Mirassol,36,BetVictor,ou,under,3.5,1.4,api_football,open
2026-10-05T07:40:23Z,1492401,2026-10-11T22:30:00Z,9529.6,FAR,Brazil Serie A,new_format,Bahia,Mirassol,36,BetVictor,ht_ou,over,1.5,2.35,api_football,open
2026-10-05T07:40:23Z,1492401,2026-10-11T22:30:00Z,9529.6,FAR,Brazil Serie A,new_format,Bahia,Mirassol,36,BetVictor,ht_ou,under,1.5,1.51,api_football,open
2026-10-05T07:40:23Z,1492401,2026-10-11T22:30:00Z,9529.6,FAR,Brazil Serie A,new_format,Bahia,Mirassol,36,BetVictor,ht_ou,over,0.5,1.3,api_football,open
2026-10-05T07:40:23Z,1492401,2026-10-11T22:30:00Z,9529.6,FAR,Brazil Serie A,new_format,Bahia,Mirassol,36,BetVictor,ht_ou,under,0.5,3.25,api_football,open
2026-10-05T07:40:23Z,1492401,2026-10-11T22:30:00Z,9529.6,FAR,Brazil Serie A,new_format,Bahia,Mirassol,36,BetVictor,btts,yes,,1.67,api_football,open
2026-10-05T07:40:23Z,1492401,2026-10-11T22:30:00Z,9529.6,FAR,Brazil Serie A,new_format,Bahia,Mirassol,36,BetVictor,btts,no,,2.05,api_football,open
2026-10-05T07:40:23Z,1492401,2026-10-11T22:30:00Z,9529.6,FAR,Brazil Serie A,new_format,Bahia,Mirassol,11,1xBet,ou,over,1.5,1.17,api_football,open
2026-10-05T07:40:23Z,1492401,2026-10-11T22:30:00Z,9529.6,FAR,Brazil Serie A,new_format,Bahia,Mirassol,11,1xBet,ou,under,1.5,3.95,api_football,open
2026-10-05T07:40:23Z,1492401,2026-10-11T22:30:00Z,9529.6,FAR,Brazil Serie A,new_format,Bahia,Mirassol,11,1xBet,ou,over,2.5,1.74,api_football,open
2026-10-05T07:40:23Z,1492401,2026-10-11T22:30:00Z,9529.6,FAR,Brazil Serie A,new_format,Bahia,Mirassol,11,1xBet,ou,under,2.5,2.15,api_football,open
2026-10-05T07:40:23Z,1492401,2026-10-11T22:30:00Z,9529.6,FAR,Brazil Serie A,new_format,Bahia,Mirassol,11,1xBet,ou,over,3.5,2.62,api_football,open
2026-10-05T07:40:23Z,1492401,2026-10-11T22:30:00Z,9529.6,FAR,Brazil Serie A,new_format,Bahia,Mirassol,11,1xBet,ou,under,3.5,1.38,api_football,open
2026-10-05T07:40:23Z,1492401,2026-10-11T22:30:00Z,9529.6,FAR,Brazil Serie A,new_format,Bahia,Mirassol,11,1xBet,ht_ou,over,1.5,2.42,api_football,open
2026-10-05T07:40:23Z,1492401,2026-10-11T22:30:00Z,9529.6,FAR,Brazil Serie A,new_format,Bahia,Mirassol,11,1xBet,ht_ou,under,1.5,1.48,api_football,open
2026-10-05T07:40:23Z,1492401,2026-10-11T22:30:00Z,9529.6,FAR,Brazil Serie A,new_format,Bahia,Mirassol,11,1xBet,ht_ou,over,0.5,1.28,api_football,open
2026-10-05T07:40:23Z,1492401,2026-10-11T22:30:00Z,9529.6,FAR,Brazil Serie A,new_format,Bahia,Mirassol,11,1xBet,ht_ou,under,0.5,3.22,api_football,open
2026-10-05T07:40:23Z,1492401,2026-10-11T22:30:00Z,9529.6,FAR,Brazil Serie A,new_format,Bahia,Mirassol,11,1xBet,btts,yes,,1.68,api_football,open
2026-10-05T07:40:23Z,1492401,2026-10-11T22:30:00Z,9529.6,FAR,Brazil Serie A,new_format,Bahia,Mirassol,11,1xBet,btts,no,,2.06,api_football,open
2026-10-05T07:40:23Z,1492401,2026-10-11T22:30:00Z,9529.6,FAR,Brazil Serie A,new_format,Bahia,Mirassol,32,Betano,ou,over,1.5,1.24,api_football,open
2026-10-05T07:40:23Z,1492401,2026-10-11T22:30:00Z,9529.6,FAR,Brazil Serie A,new_format,Bahia,Mirassol,32,Betano,ou,under,1.5,4.05,api_football,open
2026-10-05T07:40:23Z,1492401,2026-10-11T22:30:00Z,9529.6,FAR,Brazil Serie A,new_format,Bahia,Mirassol,32,Betano,ou,over,2.5,1.75,api_football,open
2026-10-05T07:40:23Z,1492401,2026-10-11T22:30:00Z,9529.6,FAR,Brazil Serie A,new_format,Bahia,Mirassol,32,Betano,ou,under,2.5,2.15,api_football,open
2026-10-05T07:40:23Z,1492401,2026-10-11T22:30:00Z,9529.6,FAR,Brazil Serie A,new_format,Bahia,Mirassol,32,Betano,ou,over,3.5,2.8,api_football,open
2026-10-05T07:40:23Z,1492401,2026-10-11T22:30:00Z,9529.6,FAR,Brazil Serie A,new_format,Bahia,Mirassol,32,Betano,ou,under,3.5,1.47,api_football,open
2026-10-05T07:40:23Z,1492401,2026-10-11T22:30:00Z,9529.6,FAR,Brazil Serie A,new_format,Bahia,Mirassol,32,Betano,ht_ou,over,1.5,2.6,api_football,open
2026-10-05T07:40:23Z,1492401,2026-10-11T22:30:00Z,9529.6,FAR,Brazil Serie A,new_format,Bahia,Mirassol,32,Betano,ht_ou,under,1.5,1.5,api_football,open
2026-10-05T07:40:23Z,1492401,2026-10-11T22:30:00Z,9529.6,FAR,Brazil Serie A,new_format,Bahia,Mirassol,32,Betano,ht_ou,over,0.5,1.38,api_football,open
2026-10-05T07:40:23Z,1492401,2026-10-11T22:30:00Z,9529.6,FAR,Brazil Serie A,new_format,Bahia,Mirassol,32,Betano,ht_ou,under,0.5,3.1,api_football,open
2026-10-05T07:40:23Z,1492401,2026-10-11T22:30:00Z,9529.6,FAR,Brazil Serie A,new_format,Bahia,Mirassol,32,Betano,btts,yes,,1.7,api_football,open
2026-10-05T07:40:23Z,1492401,2026-10-11T22:30:00Z,9529.6,FAR,Brazil Serie A,new_format,Bahia,Mirassol,32,Betano,btts,no,,2.07,api_football,open
2026-10-05T07:40:23Z,1523274,2026-10-11T11:35:00Z,8874.6,FAR,China Super League,new_format,Shenyang Urban,Wuhan Three Towns,7,William Hill,ht_ou,over,1.5,2.2,api_football,open
2026-10-05T07:40:23Z,1523274,2026-10-11T11:35:00Z,8874.6,FAR,China Super League,new_format,Shenyang Urban,Wuhan Three Towns,7,William Hill,ht_ou,under,1.5,1.6,api_football,open
2026-10-05T07:40:23Z,1523274,2026-10-11T11:35:00Z,8874.6,FAR,China Super League,new_format,Shenyang Urban,Wuhan Three Towns,7,William Hill,ht_ou,over,0.5,1.25,api_football,open
2026-10-05T07:40:23Z,1523274,2026-10-11T11:35:00Z,8874.6,FAR,China Super League,new_format,Shenyang Urban,Wuhan Three Towns,7,William Hill,ht_ou,under,0.5,3.7,api_football,open
2026-10-05T07:40:23Z,1523274,2026-10-11T11:35:00Z,8874.6,FAR,China Super League,new_format,Shenyang Urban,Wuhan Three Towns,7,William Hill,btts,yes,,1.44,api_football,open
2026-10-05T07:40:23Z,1523274,2026-10-11T11:35:00Z,8874.6,FAR,China Super League,new_format,Shenyang Urban,Wuhan Three Towns,7,William Hill,btts,no,,2.62,api_football,open
2026-10-05T07:40:23Z,1523274,2026-10-11T11:35:00Z,8874.6,FAR,China Super League,new_format,Shenyang Urban,Wuhan Three Towns,2,Marathonbet,ou,over,1.5,1.11,api_football,open
2026-10-05T07:40:23Z,1523274,2026-10-11T11:35:00Z,8874.6,FAR,China Super League,new_format,Shenyang Urban,Wuhan Three Towns,2,Marathonbet,ou,under,1.5,4.85,api_football,open
2026-10-05T07:40:23Z,1523274,2026-10-11T11:35:00Z,8874.6,FAR,China Super League,new_format,Shenyang Urban,Wuhan Three Towns,2,Marathonbet,ou,over,2.5,1.47,api_football,open
2026-10-05T07:40:23Z,1523274,2026-10-11T11:35:00Z,8874.6,FAR,China Super League,new_format,Shenyang Urban,Wuhan Three Towns,2,Marathonbet,ou,under,2.5,2.35,api_football,open
2026-10-05T07:40:23Z,1523274,2026-10-11T11:35:00Z,8874.6,FAR,China Super League,new_format,Shenyang Urban,Wuhan Three Towns,2,Marathonbet,ou,over,3.5,2.29,api_football,open
2026-10-05T07:40:23Z,1523274,2026-10-11T11:35:00Z,8874.6,FAR,China Super League,new_format,Shenyang Urban,Wuhan Three Towns,2,Marathonbet,ou,under,3.5,1.57,api_football,open
2026-10-05T07:40:23Z,1523274,2026-10-11T11:35:00Z,8874.6,FAR,China Super League,new_format,Shenyang Urban,Wuhan Three Towns,2,Marathonbet,ht_ou,over,1.5,2.12,api_football,open
2026-10-05T07:40:23Z,1523274,2026-10-11T11:35:00Z,8874.6,FAR,China Super League,new_format,Shenyang Urban,Wuhan Three Towns,2,Marathonbet,ht_ou,under,1.5,1.65,api_football,open
2026-10-05T07:40:23Z,1523274,2026-10-11T11:35:00Z,8874.6,FAR,China Super League,new_format,Shenyang Urban,Wuhan Three Towns,2,Marathonbet,ht_ou,over,0.5,1.19,api_football,open
2026-10-05T07:40:23Z,1523274,2026-10-11T11:35:00Z,8874.6,FAR,China Super League,new_format,Shenyang Urban,Wuhan Three Towns,2,Marathonbet,ht_ou,under,0.5,3.8,api_football,open
2026-10-05T07:40:23Z,1523274,2026-10-11T11:35:00Z,8874.6,FAR,China Super League,new_format,Shenyang Urban,Wuhan Three Towns,2,Marathonbet,btts,yes,,1.44,api_football,open
2026-10-05T07:40:23Z,1523274,2026-10-11T11:35:00Z,8874.6,FAR,China Super League,new_format,Shenyang Urban,Wuhan Three Towns,2,Marathonbet,btts,no,,2.55,api_football,open
2026-10-05T07:40:23Z,1523274,2026-10-11T11:35:00Z,8874.6,FAR,China Super League,new_format,Shenyang Urban,Wuhan Three Towns,3,Betfair,ht_ou,over,1.5,2.2,api_football,open
2026-10-05T07:40:23Z,1523274,2026-10-11T11:35:00Z,8874.6,FAR,China Super League,new_format,Shenyang Urban,Wuhan Three Towns,3,Betfair,ht_ou,under,1.5,1.6,api_football,open
2026-10-05T07:40:23Z,1523274,2026-10-11T11:35:00Z,8874.6,FAR,China Super League,new_format,Shenyang Urban,Wuhan Three Towns,3,Betfair,ht_ou,over,0.5,1.2,api_football,open
2026-10-05T07:40:23Z,1523274,2026-10-11T11:35:00Z,8874.6,FAR,China Super League,new_format,Shenyang Urban,Wuhan Three Towns,3,Betfair,ht_ou,under,0.5,4.0,api_football,open
2026-10-05T07:40:23Z,1523274,2026-10-11T11:35:00Z,8874.6,FAR,China Super League,new_format,Shenyang Urban,Wuhan Three Towns,4,Pinnacle,ou,over,1.5,1.15,api_football,open
2026-10-05T07:40:23Z,1523274,2026-10-11T11:35:00Z,8874.6,FAR,China Super League,new_format,Shenyang Urban,Wuhan Three Towns,4,Pinnacle,ou,under,1.5,5.28,api_football,open
2026-10-05T07:40:23Z,1523274,2026-10-11T11:35:00Z,8874.6,FAR,China Super League,new_format,Shenyang Urban,Wuhan Three Towns,4,Pinnacle,ou,over,2.5,1.5,api_football,open
2026-10-05T07:40:23Z,1523274,2026-10-11T11:35:00Z,8874.6,FAR,China Super League,new_format,Shenyang Urban,Wuhan Three Towns,4,Pinnacle,ou,under,2.5,2.54,api_football,open
2026-10-05T07:40:23Z,1523274,2026-10-11T11:35:00Z,8874.6,FAR,China Super League,new_format,Shenyang Urban,Wuhan Three Towns,4,Pinnacle,ou,over,3.5,2.25,api_football,open
2026-10-05T07:40:23Z,1523274,2026-10-11T11:35:00Z,8874.6,FAR,China Super League,new_format,Shenyang Urban,Wuhan Three Towns,4,Pinnacle,ou,under,3.5,1.63,api_football,open
2026-10-05T07:40:23Z,1523274,2026-10-11T11:35:00Z,8874.6,FAR,China Super League,new_format,Shenyang Urban,Wuhan Three Towns,4,Pinnacle,ht_ou,over,1.5,2.2,api_football,open
2026-10-05T07:40:23Z,1523274,2026-10-11T11:35:00Z,8874.6,FAR,China Super League,new_format,Shenyang Urban,Wuhan Three Towns,4,Pinnacle,ht_ou,under,1.5,1.62,api_football,open
2026-10-05T07:40:23Z,1523274,2026-10-11T11:35:00Z,8874.6,FAR,China Super League,new_format,Shenyang Urban,Wuhan Three Towns,11,1xBet,ou,over,1.5,1.12,api_football,open
2026-10-05T07:40:23Z,1523274,2026-10-11T11:35:00Z,8874.6,FAR,China Super League,new_format,Shenyang Urban,Wuhan Three Towns,11,1xBet,ou,under,1.5,5.22,api_football,open
2026-10-05T07:40:23Z,1523274,2026-10-11T11:35:00Z,8874.6,FAR,China Super League,new_format,Shenyang Urban,Wuhan Three Towns,11,1xBet,ou,over,2.5,1.51,api_football,open
2026-10-05T07:40:23Z,1523274,2026-10-11T11:35:00Z,8874.6,FAR,China Super League,new_format,Shenyang Urban,Wuhan Three Towns,11,1xBet,ou,under,2.5,2.51,api_football,open
2026-10-05T07:40:23Z,1523274,2026-10-11T11:35:00Z,8874.6,FAR,China Super League,new_format,Shenyang Urban,Wuhan Three Towns,11,1xBet,ou,over,3.5,2.21,api_football,open
2026-10-05T07:40:23Z,1523274,2026-10-11T11:35:00Z,8874.6,FAR,China Super League,new_format,Shenyang Urban,Wuhan Three Towns,11,1xBet,ou,under,3.5,1.68,api_football,open
2026-10-05T07:40:23Z,1523274,2026-10-11T11:35:00Z,8874.6,FAR,China Super League,new_format,Shenyang Urban,Wuhan Three Towns,11,1xBet,ht_ou,over,1.5,2.2,api_football,open
2026-10-05T07:40:23Z,1523274,2026-10-11T11:35:00Z,8874.6,FAR,China Super League,new_format,Shenyang Urban,Wuhan Three Towns,11,1xBet,ht_ou,under,1.5,1.67,api_football,open
2026-10-05T07:40:23Z,1523274,2026-10-11T11:35:00Z,8874.6,FAR,China Super League,new_format,Shenyang Urban,Wuhan Three Towns,11,1xBet,ht_ou,over,0.5,1.25,api_football,open
2026-10-05T07:40:23Z,1523274,2026-10-11T11:35:00Z,8874.6,FAR,China Super League,new_format,Shenyang Urban,Wuhan Three Towns,11,1xBet,ht_ou,under,0.5,3.58,api_football,open
2026-10-05T07:40:23Z,1523274,2026-10-11T11:35:00Z,8874.6,FAR,China Super League,new_format,Shenyang Urban,Wuhan Three Towns,11,1xBet,btts,yes,,1.44,api_football,open
2026-10-05T07:40:23Z,1523274,2026-10-11T11:35:00Z,8874.6,FAR,China Super League,new_format,Shenyang Urban,Wuhan Three Towns,11,1xBet,btts,no,,2.6,api_football,open
2026-10-05T07:40:23Z,1523274,2026-10-11T11:35:00Z,8874.6,FAR,China Super League,new_format,Shenyang Urban,Wuhan Three Towns,32,Betano,ou,over,1.5,1.16,api_football,open
2026-10-05T07:40:23Z,1523274,2026-10-11T11:35:00Z,8874.6,FAR,China Super League,new_format,Shenyang Urban,Wuhan Three Towns,32,Betano,ou,under,1.5,4.5,api_football,open
2026-10-05T07:40:23Z,1523274,2026-10-11T11:35:00Z,8874.6,FAR,China Super League,new_format,Shenyang Urban,Wuhan Three Towns,32,Betano,ou,over,2.5,1.52,api_football,open
2026-10-05T07:40:23Z,1523274,2026-10-11T11:35:00Z,8874.6,FAR,China Super League,new_format,Shenyang Urban,Wuhan Three Towns,32,Betano,ou,under,2.5,2.42,api_football,open
2026-10-05T07:40:23Z,1523274,2026-10-11T11:35:00Z,8874.6,FAR,China Super League,new_format,Shenyang Urban,Wuhan Three Towns,32,Betano,ou,over,3.5,2.25,api_football,open
2026-10-05T07:40:23Z,1523274,2026-10-11T11:35:00Z,8874.6,FAR,China Super League,new_format,Shenyang Urban,Wuhan Three Towns,32,Betano,ou,under,3.5,1.6,api_football,open
2026-10-05T07:40:23Z,1523274,2026-10-11T11:35:00Z,8874.6,FAR,China Super League,new_format,Shenyang Urban,Wuhan Three Towns,32,Betano,ht_ou,over,1.5,2.25,api_football,open
2026-10-05T07:40:23Z,1523274,2026-10-11T11:35:00Z,8874.6,FAR,China Super League,new_format,Shenyang Urban,Wuhan Three Towns,32,Betano,ht_ou,under,1.5,1.6,api_football,open
2026-10-05T07:40:23Z,1523274,2026-10-11T11:35:00Z,8874.6,FAR,China Super League,new_format,Shenyang Urban,Wuhan Three Towns,32,Betano,ht_ou,over,0.5,1.29,api_football,open
2026-10-05T07:40:23Z,1523274,2026-10-11T11:35:00Z,8874.6,FAR,China Super League,new_format,Shenyang Urban,Wuhan Three Towns,32,Betano,ht_ou,under,0.5,3.3,api_football,open
2026-10-05T07:40:23Z,1523274,2026-10-11T11:35:00Z,8874.6,FAR,China Super League,new_format,Shenyang Urban,Wuhan Three Towns,32,Betano,btts,yes,,1.45,api_football,open
2026-10-05T07:40:23Z,1523274,2026-10-11T11:35:00Z,8874.6,FAR,China Super League,new_format,Shenyang Urban,Wuhan Three Towns,32,Betano,btts,no,,2.57,api_football,open
2026-10-05T07:40:23Z,1549031,2026-10-09T17:00:00Z,6319.6,FAR,Denmark Superliga,new_format,FC Nordsjaelland,Odense,5,SBO,ou,over,3.5,2.12,api_football,open
2026-10-05T07:40:23Z,1549031,2026-10-09T17:00:00Z,6319.6,FAR,Denmark Superliga,new_format,FC Nordsjaelland,Odense,5,SBO,ou,under,3.5,1.71,api_football,open
2026-10-05T07:40:23Z,1549032,2026-10-11T12:00:00Z,8899.6,FAR,Denmark Superliga,new_format,Randers FC,Viborg,36,BetVictor,ou,over,1.5,1.18,api_football,open
2026-10-05T07:40:23Z,1549032,2026-10-11T12:00:00Z,8899.6,FAR,Denmark Superliga,new_format,Randers FC,Viborg,36,BetVictor,ou,under,1.5,4.4,api_football,open
2026-10-05T07:40:23Z,1549032,2026-10-11T12:00:00Z,8899.6,FAR,Denmark Superliga,new_format,Randers FC,Viborg,36,BetVictor,ou,over,2.5,1.62,api_football,open
2026-10-05T07:40:23Z,1549032,2026-10-11T12:00:00Z,8899.6,FAR,Denmark Superliga,new_format,Randers FC,Viborg,36,BetVictor,ou,under,2.5,2.12,api_football,open
2026-10-05T07:40:23Z,1549032,2026-10-11T12:00:00Z,8899.6,FAR,Denmark Superliga,new_format,Randers FC,Viborg,36,BetVictor,ou,over,3.5,2.63,api_football,open
2026-10-05T07:40:23Z,1549032,2026-10-11T12:00:00Z,8899.6,FAR,Denmark Superliga,new_format,Randers FC,Viborg,36,BetVictor,ou,under,3.5,1.44,api_football,open
2026-10-05T07:40:23Z,1549032,2026-10-11T12:00:00Z,8899.6,FAR,Denmark Superliga,new_format,Randers FC,Viborg,36,BetVictor,ht_ou,over,1.5,2.29,api_football,open
2026-10-05T07:40:23Z,1549032,2026-10-11T12:00:00Z,8899.6,FAR,Denmark Superliga,new_format,Randers FC,Viborg,36,BetVictor,ht_ou,under,1.5,1.53,api_football,open
2026-10-05T07:40:23Z,1549032,2026-10-11T12:00:00Z,8899.6,FAR,Denmark Superliga,new_format,Randers FC,Viborg,36,BetVictor,btts,yes,,1.53,api_football,open
2026-10-05T07:40:23Z,1549032,2026-10-11T12:00:00Z,8899.6,FAR,Denmark Superliga,new_format,Randers FC,Viborg,36,BetVictor,btts,no,,2.3,api_football,open
2026-10-05T07:40:23Z,1549033,2026-10-11T12:00:00Z,8899.6,FAR,Denmark Superliga,new_format,Silkeborg,AC Horsens,36,BetVictor,ou,over,1.5,1.2,api_football,open
2026-10-05T07:40:23Z,1549033,2026-10-11T12:00:00Z,8899.6,FAR,Denmark Superliga,new_format,Silkeborg,AC Horsens,36,BetVictor,ou,under,1.5,4.1,api_football,open
2026-10-05T07:40:23Z,1549033,2026-10-11T12:00:00Z,8899.6,FAR,Denmark Superliga,new_format,Silkeborg,AC Horsens,36,BetVictor,ou,over,2.5,1.69,api_football,open
2026-10-05T07:40:23Z,1549033,2026-10-11T12:00:00Z,8899.6,FAR,Denmark Superliga,new_format,Silkeborg,AC Horsens,36,BetVictor,ou,under,2.5,2.0,api_football,open
2026-10-05T07:40:23Z,1549033,2026-10-11T12:00:00Z,8899.6,FAR,Denmark Superliga,new_format,Silkeborg,AC Horsens,36,BetVictor,ou,over,3.5,2.8,api_football,open
2026-10-05T07:40:23Z,1549033,2026-10-11T12:00:00Z,8899.6,FAR,Denmark Superliga,new_format,Silkeborg,AC Horsens,36,BetVictor,ou,under,3.5,1.4,api_football,open
2026-10-05T07:40:23Z,1549033,2026-10-11T12:00:00Z,8899.6,FAR,Denmark Superliga,new_format,Silkeborg,AC Horsens,36,BetVictor,ht_ou,over,1.5,2.39,api_football,open
2026-10-05T07:40:23Z,1549033,2026-10-11T12:00:00Z,8899.6,FAR,Denmark Superliga,new_format,Silkeborg,AC Horsens,36,BetVictor,ht_ou,under,1.5,1.49,api_football,open
2026-10-05T07:40:23Z,1549033,2026-10-11T12:00:00Z,8899.6,FAR,Denmark Superliga,new_format,Silkeborg,AC Horsens,36,BetVictor,btts,yes,,1.57,api_football,open
2026-10-05T07:40:23Z,1549033,2026-10-11T12:00:00Z,8899.6,FAR,Denmark Superliga,new_format,Silkeborg,AC Horsens,36,BetVictor,btts,no,,2.25,api_football,open
2026-10-05T07:40:23Z,1549033,2026-10-11T12:00:00Z,8899.6,FAR,Denmark Superliga,new_format,Silkeborg,AC Horsens,5,SBO,ou,over,2.5,1.69,api_football,open
2026-10-05T07:40:23Z,1549033,2026-10-11T12:00:00Z,8899.6,FAR,Denmark Superliga,new_format,Silkeborg,AC Horsens,5,SBO,ou,under,2.5,2.14,api_football,open
2026-10-05T07:40:23Z,1549029,2026-10-11T14:00:00Z,9019.6,FAR,Denmark Superliga,new_format,Brondby,Lyngby,36,BetVictor,ou,over,1.5,1.15,api_football,open
2026-10-05T07:40:23Z,1549029,2026-10-11T14:00:00Z,9019.6,FAR,Denmark Superliga,new_format,Brondby,Lyngby,36,BetVictor,ou,under,1.5,4.8,api_football,open
2026-10-05T07:40:23Z,1549029,2026-10-11T14:00:00Z,9019.6,FAR,Denmark Superliga,new_format,Brondby,Lyngby,36,BetVictor,ou,over,2.5,1.56,api_football,open
2026-10-05T07:40:23Z,1549029,2026-10-11T14:00:00Z,9019.6,FAR,Denmark Superliga,new_format,Brondby,Lyngby,36,BetVictor,ou,under,2.5,2.22,api_football,open
2026-10-05T07:40:23Z,1549029,2026-10-11T14:00:00Z,9019.6,FAR,Denmark Superliga,new_format,Brondby,Lyngby,36,BetVictor,ou,over,3.5,2.34,api_football,open
2026-10-05T07:40:23Z,1549029,2026-10-11T14:00:00Z,9019.6,FAR,Denmark Superliga,new_format,Brondby,Lyngby,36,BetVictor,ou,under,3.5,1.51,api_football,open
2026-10-05T07:40:23Z,1549029,2026-10-11T14:00:00Z,9019.6,FAR,Denmark Superliga,new_format,Brondby,Lyngby,36,BetVictor,ht_ou,over,1.5,2.22,api_football,open
2026-10-05T07:40:23Z,1549029,2026-10-11T14:00:00Z,9019.6,FAR,Denmark Superliga,new_format,Brondby,Lyngby,36,BetVictor,ht_ou,under,1.5,1.56,api_football,open
2026-10-05T07:40:23Z,1549029,2026-10-11T14:00:00Z,9019.6,FAR,Denmark Superliga,new_format,Brondby,Lyngby,36,BetVictor,btts,yes,,1.53,api_football,open
2026-10-05T07:40:23Z,1549029,2026-10-11T14:00:00Z,9019.6,FAR,Denmark Superliga,new_format,Brondby,Lyngby,36,BetVictor,btts,no,,2.3,api_football,open
2026-10-05T07:40:23Z,1549030,2026-10-11T16:00:00Z,9139.6,FAR,Denmark Superliga,new_format,FC Midtjylland,FC Copenhagen,36,BetVictor,ou,over,1.5,1.17,api_football,open
2026-10-05T07:40:23Z,1549030,2026-10-11T16:00:00Z,9139.6,FAR,Denmark Superliga,new_format,FC Midtjylland,FC Copenhagen,36,BetVictor,ou,under,1.5,4.6,api_football,open
2026-10-05T07:40:23Z,1549030,2026-10-11T16:00:00Z,9139.6,FAR,Denmark Superliga,new_format,FC Midtjylland,FC Copenhagen,36,BetVictor,ou,over,2.5,1.58,api_football,open
2026-10-05T07:40:23Z,1549030,2026-10-11T16:00:00Z,9139.6,FAR,Denmark Superliga,new_format,FC Midtjylland,FC Copenhagen,36,BetVictor,ou,under,2.5,2.19,api_football,open
2026-10-05T07:40:23Z,1549030,2026-10-11T16:00:00Z,9139.6,FAR,Denmark Superliga,new_format,FC Midtjylland,FC Copenhagen,36,BetVictor,ou,over,3.5,2.37,api_football,open
2026-10-05T07:40:23Z,1549030,2026-10-11T16:00:00Z,9139.6,FAR,Denmark Superliga,new_format,FC Midtjylland,FC Copenhagen,36,BetVictor,ou,under,3.5,1.5,api_football,open
2026-10-05T07:40:23Z,1549030,2026-10-11T16:00:00Z,9139.6,FAR,Denmark Superliga,new_format,FC Midtjylland,FC Copenhagen,36,BetVictor,ht_ou,over,1.5,2.24,api_football,open
2026-10-05T07:40:23Z,1549030,2026-10-11T16:00:00Z,9139.6,FAR,Denmark Superliga,new_format,FC Midtjylland,FC Copenhagen,36,BetVictor,ht_ou,under,1.5,1.56,api_football,open
2026-10-05T07:40:23Z,1549030,2026-10-11T16:00:00Z,9139.6,FAR,Denmark Superliga,new_format,FC Midtjylland,FC Copenhagen,36,BetVictor,btts,yes,,1.47,api_football,open
2026-10-05T07:40:23Z,1549030,2026-10-11T16:00:00Z,9139.6,FAR,Denmark Superliga,new_format,FC Midtjylland,FC Copenhagen,36,BetVictor,btts,no,,2.45,api_football,open
2026-10-05T07:40:23Z,1638101,2026-10-07T16:00:00Z,3379.6,FAR,Finland Veikkausliiga,new_format,Gnistan,Inter Turku,3,Betfair,ou,over,2.5,1.75,api_football,open
2026-10-05T07:40:23Z,1638101,2026-10-07T16:00:00Z,3379.6,FAR,Finland Veikkausliiga,new_format,Gnistan,Inter Turku,3,Betfair,ou,under,2.5,2.05,api_football,open
2026-10-05T07:40:23Z,1638101,2026-10-07T16:00:00Z,3379.6,FAR,Finland Veikkausliiga,new_format,Gnistan,Inter Turku,36,BetVictor,ou,over,1.5,1.22,api_football,open
2026-10-05T07:40:23Z,1638101,2026-10-07T16:00:00Z,3379.6,FAR,Finland Veikkausliiga,new_format,Gnistan,Inter Turku,36,BetVictor,ou,under,1.5,3.8,api_football,open
2026-10-05T07:40:23Z,1638101,2026-10-07T16:00:00Z,3379.6,FAR,Finland Veikkausliiga,new_format,Gnistan,Inter Turku,36,BetVictor,ou,over,2.5,1.72,api_football,open
2026-10-05T07:40:23Z,1638101,2026-10-07T16:00:00Z,3379.6,FAR,Finland Veikkausliiga,new_format,Gnistan,Inter Turku,36,BetVictor,ou,under,2.5,1.97,api_football,open
2026-10-05T07:40:23Z,1638101,2026-10-07T16:00:00Z,3379.6,FAR,Finland Veikkausliiga,new_format,Gnistan,Inter Turku,36,BetVictor,ou,over,3.5,2.88,api_football,open
2026-10-05T07:40:23Z,1638101,2026-10-07T16:00:00Z,3379.6,FAR,Finland Veikkausliiga,new_format,Gnistan,Inter Turku,36,BetVictor,ou,under,3.5,1.36,api_football,open
2026-10-05T07:40:23Z,1638101,2026-10-07T16:00:00Z,3379.6,FAR,Finland Veikkausliiga,new_format,Gnistan,Inter Turku,36,BetVictor,ht_ou,over,1.5,2.44,api_football,open
2026-10-05T07:40:23Z,1638101,2026-10-07T16:00:00Z,3379.6,FAR,Finland Veikkausliiga,new_format,Gnistan,Inter Turku,36,BetVictor,ht_ou,under,1.5,1.47,api_football,open
2026-10-05T07:40:23Z,1638101,2026-10-07T16:00:00Z,3379.6,FAR,Finland Veikkausliiga,new_format,Gnistan,Inter Turku,36,BetVictor,ht_ou,over,0.5,1.35,api_football,open
2026-10-05T07:40:23Z,1638101,2026-10-07T16:00:00Z,3379.6,FAR,Finland Veikkausliiga,new_format,Gnistan,Inter Turku,36,BetVictor,ht_ou,under,0.5,2.87,api_football,open
2026-10-05T07:40:23Z,1638101,2026-10-07T16:00:00Z,3379.6,FAR,Finland Veikkausliiga,new_format,Gnistan,Inter Turku,36,BetVictor,btts,yes,,1.65,api_football,open
2026-10-05T07:40:23Z,1638101,2026-10-07T16:00:00Z,3379.6,FAR,Finland Veikkausliiga,new_format,Gnistan,Inter Turku,36,BetVictor,btts,no,,2.1,api_football,open
2026-10-05T07:40:23Z,1638086,2026-10-09T15:00:00Z,6199.6,FAR,Finland Veikkausliiga,new_format,SJK,Lahti,7,William Hill,ht_ou,over,1.5,2.45,api_football,open
2026-10-05T07:40:23Z,1638086,2026-10-09T15:00:00Z,6199.6,FAR,Finland Veikkausliiga,new_format,SJK,Lahti,7,William Hill,ht_ou,under,1.5,1.5,api_football,open
2026-10-05T07:40:23Z,1638086,2026-10-09T15:00:00Z,6199.6,FAR,Finland Veikkausliiga,new_format,SJK,Lahti,7,William Hill,ht_ou,over,0.5,1.3,api_football,open
2026-10-05T07:40:23Z,1638086,2026-10-09T15:00:00Z,6199.6,FAR,Finland Veikkausliiga,new_format,SJK,Lahti,7,William Hill,ht_ou,under,0.5,3.3,api_football,open
2026-10-05T07:40:23Z,1638086,2026-10-09T15:00:00Z,6199.6,FAR,Finland Veikkausliiga,new_format,SJK,Lahti,7,William Hill,btts,yes,,1.55,api_football,open
2026-10-05T07:40:23Z,1638086,2026-10-09T15:00:00Z,6199.6,FAR,Finland Veikkausliiga,new_format,SJK,Lahti,7,William Hill,btts,no,,2.3,api_football,open
2026-10-05T07:40:23Z,1638087,2026-10-10T14:00:00Z,7579.6,FAR,Finland Veikkausliiga,new_format,Turku PS,FF Jaro,7,William Hill,ht_ou,over,1.5,2.7,api_football,open
2026-10-05T07:40:23Z,1638087,2026-10-10T14:00:00Z,7579.6,FAR,Finland Veikkausliiga,new_format,Turku PS,FF Jaro,7,William Hill,ht_ou,under,1.5,1.4,api_football,open
2026-10-05T07:40:23Z,1638087,2026-10-10T14:00:00Z,7579.6,FAR,Finland Veikkausliiga,new_format,Turku PS,FF Jaro,7,William Hill,ht_ou,over,0.5,1.35,api_football,open
2026-10-05T07:40:23Z,1638087,2026-10-10T14:00:00Z,7579.6,FAR,Finland Veikkausliiga,new_format,Turku PS,FF Jaro,7,William Hill,ht_ou,under,0.5,3.0,api_football,open
2026-10-05T07:40:23Z,1638087,2026-10-10T14:00:00Z,7579.6,FAR,Finland Veikkausliiga,new_format,Turku PS,FF Jaro,7,William Hill,btts,yes,,1.73,api_football,open
2026-10-05T07:40:23Z,1638087,2026-10-10T14:00:00Z,7579.6,FAR,Finland Veikkausliiga,new_format,Turku PS,FF Jaro,7,William Hill,btts,no,,2.05,api_football,open
2026-10-05T07:40:23Z,1638088,2026-10-10T16:00:00Z,7699.6,FAR,Finland Veikkausliiga,new_format,Mariehamn,Ilves,7,William Hill,ht_ou,over,1.5,2.25,api_football,open
2026-10-05T07:40:23Z,1638088,2026-10-10T16:00:00Z,7699.6,FAR,Finland Veikkausliiga,new_format,Mariehamn,Ilves,7,William Hill,ht_ou,under,1.5,1.57,api_football,open
2026-10-05T07:40:23Z,1638088,2026-10-10T16:00:00Z,7699.6,FAR,Finland Veikkausliiga,new_format,Mariehamn,Ilves,7,William Hill,ht_ou,over,0.5,1.25,api_football,open
2026-10-05T07:40:23Z,1638088,2026-10-10T16:00:00Z,7699.6,FAR,Finland Veikkausliiga,new_format,Mariehamn,Ilves,7,William Hill,ht_ou,under,0.5,3.6,api_football,open
2026-10-05T07:40:23Z,1638088,2026-10-10T16:00:00Z,7699.6,FAR,Finland Veikkausliiga,new_format,Mariehamn,Ilves,7,William Hill,btts,yes,,1.5,api_football,open
2026-10-05T07:40:23Z,1638088,2026-10-10T16:00:00Z,7699.6,FAR,Finland Veikkausliiga,new_format,Mariehamn,Ilves,7,William Hill,btts,no,,2.45,api_football,open
2026-10-05T07:40:23Z,1492778,2026-10-09T18:45:00Z,6424.6,FAR,Ireland Premier Division,new_format,Shelbourne,Sligo Rovers,3,Betfair,ht_ou,over,1.5,2.25,api_football,open
2026-10-05T07:40:23Z,1492778,2026-10-09T18:45:00Z,6424.6,FAR,Ireland Premier Division,new_format,Shelbourne,Sligo Rovers,3,Betfair,ht_ou,under,1.5,1.57,api_football,open
2026-10-05T07:40:23Z,1492778,2026-10-09T18:45:00Z,6424.6,FAR,Ireland Premier Division,new_format,Shelbourne,Sligo Rovers,3,Betfair,ht_ou,over,0.5,1.25,api_football,open
2026-10-05T07:40:23Z,1492778,2026-10-09T18:45:00Z,6424.6,FAR,Ireland Premier Division,new_format,Shelbourne,Sligo Rovers,3,Betfair,ht_ou,under,0.5,3.6,api_football,open
2026-10-05T07:40:23Z,1507081,2026-10-11T05:00:00Z,8479.6,FAR,K-League 1,new_format,Gwangju FC,Ulsan Hyundai FC,7,William Hill,ht_ou,over,1.5,2.3,api_football,open
2026-10-05T07:40:23Z,1507081,2026-10-11T05:00:00Z,8479.6,FAR,K-League 1,new_format,Gwangju FC,Ulsan Hyundai FC,7,William Hill,ht_ou,under,1.5,1.55,api_football,open
2026-10-05T07:40:23Z,1507081,2026-10-11T05:00:00Z,8479.6,FAR,K-League 1,new_format,Gwangju FC,Ulsan Hyundai FC,7,William Hill,ht_ou,over,0.5,1.25,api_football,open
2026-10-05T07:40:23Z,1507081,2026-10-11T05:00:00Z,8479.6,FAR,K-League 1,new_format,Gwangju FC,Ulsan Hyundai FC,7,William Hill,ht_ou,under,0.5,3.4,api_football,open
2026-10-05T07:40:23Z,1507081,2026-10-11T05:00:00Z,8479.6,FAR,K-League 1,new_format,Gwangju FC,Ulsan Hyundai FC,7,William Hill,btts,yes,,1.62,api_football,open
2026-10-05T07:40:23Z,1507081,2026-10-11T05:00:00Z,8479.6,FAR,K-League 1,new_format,Gwangju FC,Ulsan Hyundai FC,7,William Hill,btts,no,,2.2,api_football,open
2026-10-05T07:40:23Z,1507081,2026-10-11T05:00:00Z,8479.6,FAR,K-League 1,new_format,Gwangju FC,Ulsan Hyundai FC,2,Marathonbet,ou,over,1.5,1.14,api_football,open
2026-10-05T07:40:23Z,1507081,2026-10-11T05:00:00Z,8479.6,FAR,K-League 1,new_format,Gwangju FC,Ulsan Hyundai FC,2,Marathonbet,ou,under,1.5,4.45,api_football,open
2026-10-05T07:40:23Z,1507081,2026-10-11T05:00:00Z,8479.6,FAR,K-League 1,new_format,Gwangju FC,Ulsan Hyundai FC,2,Marathonbet,ou,over,2.5,1.6,api_football,open
2026-10-05T07:40:23Z,1507081,2026-10-11T05:00:00Z,8479.6,FAR,K-League 1,new_format,Gwangju FC,Ulsan Hyundai FC,2,Marathonbet,ou,under,2.5,2.25,api_football,open
2026-10-05T07:40:23Z,1507081,2026-10-11T05:00:00Z,8479.6,FAR,K-League 1,new_format,Gwangju FC,Ulsan Hyundai FC,2,Marathonbet,ou,over,3.5,2.43,api_football,open
2026-10-05T07:40:23Z,1507081,2026-10-11T05:00:00Z,8479.6,FAR,K-League 1,new_format,Gwangju FC,Ulsan Hyundai FC,2,Marathonbet,ou,under,3.5,1.44,api_football,open
2026-10-05T07:40:23Z,1507081,2026-10-11T05:00:00Z,8479.6,FAR,K-League 1,new_format,Gwangju FC,Ulsan Hyundai FC,2,Marathonbet,ht_ou,over,1.5,2.34,api_football,open
2026-10-05T07:40:23Z,1507081,2026-10-11T05:00:00Z,8479.6,FAR,K-League 1,new_format,Gwangju FC,Ulsan Hyundai FC,2,Marathonbet,ht_ou,under,1.5,1.51,api_football,open
2026-10-05T07:40:23Z,1507081,2026-10-11T05:00:00Z,8479.6,FAR,K-League 1,new_format,Gwangju FC,Ulsan Hyundai FC,2,Marathonbet,ht_ou,over,0.5,1.26,api_football,open
2026-10-05T07:40:23Z,1507081,2026-10-11T05:00:00Z,8479.6,FAR,K-League 1,new_format,Gwangju FC,Ulsan Hyundai FC,2,Marathonbet,ht_ou,under,0.5,3.38,api_football,open
2026-10-05T07:40:23Z,1507081,2026-10-11T05:00:00Z,8479.6,FAR,K-League 1,new_format,Gwangju FC,Ulsan Hyundai FC,2,Marathonbet,btts,yes,,1.59,api_football,open
2026-10-05T07:40:23Z,1507081,2026-10-11T05:00:00Z,8479.6,FAR,K-League 1,new_format,Gwangju FC,Ulsan Hyundai FC,2,Marathonbet,btts,no,,2.18,api_football,open
2026-10-05T07:40:23Z,1507081,2026-10-11T05:00:00Z,8479.6,FAR,K-League 1,new_format,Gwangju FC,Ulsan Hyundai FC,3,Betfair,ht_ou,over,1.5,2.4,api_football,open
2026-10-05T07:40:23Z,1507081,2026-10-11T05:00:00Z,8479.6,FAR,K-League 1,new_format,Gwangju FC,Ulsan Hyundai FC,3,Betfair,ht_ou,under,1.5,1.5,api_football,open
2026-10-05T07:40:23Z,1507081,2026-10-11T05:00:00Z,8479.6,FAR,K-League 1,new_format,Gwangju FC,Ulsan Hyundai FC,3,Betfair,ht_ou,over,0.5,1.25,api_football,open
2026-10-05T07:40:23Z,1507081,2026-10-11T05:00:00Z,8479.6,FAR,K-League 1,new_format,Gwangju FC,Ulsan Hyundai FC,3,Betfair,ht_ou,under,0.5,3.6,api_football,open
2026-10-05T07:40:23Z,1507081,2026-10-11T05:00:00Z,8479.6,FAR,K-League 1,new_format,Gwangju FC,Ulsan Hyundai FC,4,Pinnacle,ou,over,1.5,1.2,api_football,open
2026-10-05T07:40:23Z,1507081,2026-10-11T05:00:00Z,8479.6,FAR,K-League 1,new_format,Gwangju FC,Ulsan Hyundai FC,4,Pinnacle,ou,under,1.5,4.58,api_football,open
2026-10-05T07:40:23Z,1507081,2026-10-11T05:00:00Z,8479.6,FAR,K-League 1,new_format,Gwangju FC,Ulsan Hyundai FC,4,Pinnacle,ou,over,2.5,1.61,api_football,open
2026-10-05T07:40:23Z,1507081,2026-10-11T05:00:00Z,8479.6,FAR,K-League 1,new_format,Gwangju FC,Ulsan Hyundai FC,4,Pinnacle,ou,under,2.5,2.33,api_football,open
2026-10-05T07:40:23Z,1507081,2026-10-11T05:00:00Z,8479.6,FAR,K-League 1,new_format,Gwangju FC,Ulsan Hyundai FC,4,Pinnacle,ou,over,3.5,2.6,api_football,open
2026-10-05T07:40:23Z,1507081,2026-10-11T05:00:00Z,8479.6,FAR,K-League 1,new_format,Gwangju FC,Ulsan Hyundai FC,4,Pinnacle,ou,under,3.5,1.5,api_football,open
2026-10-05T07:40:23Z,1507081,2026-10-11T05:00:00Z,8479.6,FAR,K-League 1,new_format,Gwangju FC,Ulsan Hyundai FC,4,Pinnacle,ht_ou,over,1.5,2.43,api_football,open
2026-10-05T07:40:23Z,1507081,2026-10-11T05:00:00Z,8479.6,FAR,K-League 1,new_format,Gwangju FC,Ulsan Hyundai FC,4,Pinnacle,ht_ou,under,1.5,1.54,api_football,open
2026-10-05T07:40:23Z,1507081,2026-10-11T05:00:00Z,8479.6,FAR,K-League 1,new_format,Gwangju FC,Ulsan Hyundai FC,11,1xBet,ou,over,1.5,1.17,api_football,open
2026-10-05T07:40:23Z,1507081,2026-10-11T05:00:00Z,8479.6,FAR,K-League 1,new_format,Gwangju FC,Ulsan Hyundai FC,11,1xBet,ou,under,1.5,4.38,api_football,open
2026-10-05T07:40:23Z,1507081,2026-10-11T05:00:00Z,8479.6,FAR,K-League 1,new_format,Gwangju FC,Ulsan Hyundai FC,11,1xBet,ou,over,2.5,1.64,api_football,open
2026-10-05T07:40:23Z,1507081,2026-10-11T05:00:00Z,8479.6,FAR,K-League 1,new_format,Gwangju FC,Ulsan Hyundai FC,11,1xBet,ou,under,2.5,2.24,api_football,open
2026-10-05T07:40:23Z,1507081,2026-10-11T05:00:00Z,8479.6,FAR,K-League 1,new_format,Gwangju FC,Ulsan Hyundai FC,11,1xBet,ou,over,3.5,2.47,api_football,open
2026-10-05T07:40:23Z,1507081,2026-10-11T05:00:00Z,8479.6,FAR,K-League 1,new_format,Gwangju FC,Ulsan Hyundai FC,11,1xBet,ou,under,3.5,1.52,api_football,open
2026-10-05T07:40:23Z,1507081,2026-10-11T05:00:00Z,8479.6,FAR,K-League 1,new_format,Gwangju FC,Ulsan Hyundai FC,11,1xBet,ht_ou,over,1.5,2.31,api_football,open
2026-10-05T07:40:23Z,1507081,2026-10-11T05:00:00Z,8479.6,FAR,K-League 1,new_format,Gwangju FC,Ulsan Hyundai FC,11,1xBet,ht_ou,under,1.5,1.6,api_football,open
2026-10-05T07:40:23Z,1507081,2026-10-11T05:00:00Z,8479.6,FAR,K-League 1,new_format,Gwangju FC,Ulsan Hyundai FC,11,1xBet,ht_ou,over,0.5,1.29,api_football,open
2026-10-05T07:40:23Z,1507081,2026-10-11T05:00:00Z,8479.6,FAR,K-League 1,new_format,Gwangju FC,Ulsan Hyundai FC,11,1xBet,ht_ou,under,0.5,3.36,api_football,open
2026-10-05T07:40:23Z,1507081,2026-10-11T05:00:00Z,8479.6,FAR,K-League 1,new_format,Gwangju FC,Ulsan Hyundai FC,11,1xBet,btts,yes,,1.59,api_football,open
2026-10-05T07:40:23Z,1507081,2026-10-11T05:00:00Z,8479.6,FAR,K-League 1,new_format,Gwangju FC,Ulsan Hyundai FC,11,1xBet,btts,no,,2.21,api_football,open
2026-10-05T07:40:23Z,1507081,2026-10-11T05:00:00Z,8479.6,FAR,K-League 1,new_format,Gwangju FC,Ulsan Hyundai FC,32,Betano,ou,over,1.5,1.2,api_football,open
2026-10-05T07:40:23Z,1507081,2026-10-11T05:00:00Z,8479.6,FAR,K-League 1,new_format,Gwangju FC,Ulsan Hyundai FC,32,Betano,ou,under,1.5,4.2,api_football,open
2026-10-05T07:40:23Z,1507081,2026-10-11T05:00:00Z,8479.6,FAR,K-League 1,new_format,Gwangju FC,Ulsan Hyundai FC,32,Betano,ou,over,2.5,1.62,api_football,open
2026-10-05T07:40:23Z,1507081,2026-10-11T05:00:00Z,8479.6,FAR,K-League 1,new_format,Gwangju FC,Ulsan Hyundai FC,32,Betano,ou,under,2.5,2.27,api_football,open
2026-10-05T07:40:23Z,1507081,2026-10-11T05:00:00Z,8479.6,FAR,K-League 1,new_format,Gwangju FC,Ulsan Hyundai FC,32,Betano,ou,over,3.5,2.47,api_football,open
2026-10-05T07:40:23Z,1507081,2026-10-11T05:00:00Z,8479.6,FAR,K-League 1,new_format,Gwangju FC,Ulsan Hyundai FC,32,Betano,ou,under,3.5,1.52,api_football,open
2026-10-05T07:40:23Z,1507081,2026-10-11T05:00:00Z,8479.6,FAR,K-League 1,new_format,Gwangju FC,Ulsan Hyundai FC,32,Betano,ht_ou,over,1.5,2.42,api_football,open
2026-10-05T07:40:23Z,1507081,2026-10-11T05:00:00Z,8479.6,FAR,K-League 1,new_format,Gwangju FC,Ulsan Hyundai FC,32,Betano,ht_ou,under,1.5,1.55,api_football,open
2026-10-05T07:40:23Z,1507081,2026-10-11T05:00:00Z,8479.6,FAR,K-League 1,new_format,Gwangju FC,Ulsan Hyundai FC,32,Betano,ht_ou,over,0.5,1.33,api_football,open
2026-10-05T07:40:23Z,1507081,2026-10-11T05:00:00Z,8479.6,FAR,K-League 1,new_format,Gwangju FC,Ulsan Hyundai FC,32,Betano,ht_ou,under,0.5,3.15,api_football,open
2026-10-05T07:40:23Z,1507081,2026-10-11T05:00:00Z,8479.6,FAR,K-League 1,new_format,Gwangju FC,Ulsan Hyundai FC,32,Betano,btts,yes,,1.6,api_football,open
2026-10-05T07:40:23Z,1507081,2026-10-11T05:00:00Z,8479.6,FAR,K-League 1,new_format,Gwangju FC,Ulsan Hyundai FC,32,Betano,btts,no,,2.22,api_football,open
2026-10-05T07:40:23Z,1494774,2026-10-09T17:00:00Z,6319.6,FAR,Norway Eliteserien,new_format,Brann,Viking,36,BetVictor,ou,over,1.5,1.1,api_football,open
2026-10-05T07:40:23Z,1494774,2026-10-09T17:00:00Z,6319.6,FAR,Norway Eliteserien,new_format,Brann,Viking,36,BetVictor,ou,under,1.5,5.75,api_football,open
2026-10-05T07:40:23Z,1494774,2026-10-09T17:00:00Z,6319.6,FAR,Norway Eliteserien,new_format,Brann,Viking,36,BetVictor,ou,over,2.5,1.4,api_football,open
2026-10-05T07:40:23Z,1494774,2026-10-09T17:00:00Z,6319.6,FAR,Norway Eliteserien,new_format,Brann,Viking,36,BetVictor,ou,under,2.5,2.75,api_football,open
2026-10-05T07:40:23Z,1494774,2026-10-09T17:00:00Z,6319.6,FAR,Norway Eliteserien,new_format,Brann,Viking,36,BetVictor,ou,over,3.5,1.99,api_football,open
2026-10-05T07:40:23Z,1494774,2026-10-09T17:00:00Z,6319.6,FAR,Norway Eliteserien,new_format,Brann,Viking,36,BetVictor,ou,under,3.5,1.7,api_football,open
2026-10-05T07:40:23Z,1494774,2026-10-09T17:00:00Z,6319.6,FAR,Norway Eliteserien,new_format,Brann,Viking,36,BetVictor,ht_ou,over,1.5,2.01,api_football,open
2026-10-05T07:40:23Z,1494774,2026-10-09T17:00:00Z,6319.6,FAR,Norway Eliteserien,new_format,Brann,Viking,36,BetVictor,ht_ou,under,1.5,1.69,api_football,open
2026-10-05T07:40:23Z,1494774,2026-10-09T17:00:00Z,6319.6,FAR,Norway Eliteserien,new_format,Brann,Viking,36,BetVictor,ht_ou,over,0.5,1.2,api_football,open
2026-10-05T07:40:23Z,1494774,2026-10-09T17:00:00Z,6319.6,FAR,Norway Eliteserien,new_format,Brann,Viking,36,BetVictor,ht_ou,under,0.5,4.1,api_football,open
2026-10-05T07:40:23Z,1494774,2026-10-09T17:00:00Z,6319.6,FAR,Norway Eliteserien,new_format,Brann,Viking,36,BetVictor,btts,yes,,1.36,api_football,open
2026-10-05T07:40:23Z,1494774,2026-10-09T17:00:00Z,6319.6,FAR,Norway Eliteserien,new_format,Brann,Viking,36,BetVictor,btts,no,,2.9,api_football,open
2026-10-05T07:40:23Z,1565207,2026-10-08T17:30:00Z,4909.6,FAR,Romanian Superliga,new_format,CFR 1907 Cluj,Universitatea Cluj,36,BetVictor,ou,over,1.5,1.22,api_football,open
2026-10-05T07:40:23Z,1565207,2026-10-08T17:30:00Z,4909.6,FAR,Romanian Superliga,new_format,CFR 1907 Cluj,Universitatea Cluj,36,BetVictor,ou,under,1.5,3.8,api_football,open
2026-10-05T07:40:23Z,1565207,2026-10-08T17:30:00Z,4909.6,FAR,Romanian Superliga,new_format,CFR 1907 Cluj,Universitatea Cluj,36,BetVictor,ou,over,2.5,1.74,api_football,open
2026-10-05T07:40:23Z,1565207,2026-10-08T17:30:00Z,4909.6,FAR,Romanian Superliga,new_format,CFR 1907 Cluj,Universitatea Cluj,36,BetVictor,ou,under,2.5,1.94,api_football,open
2026-10-05T07:40:23Z,1565207,2026-10-08T17:30:00Z,4909.6,FAR,Romanian Superliga,new_format,CFR 1907 Cluj,Universitatea Cluj,36,BetVictor,ou,over,3.5,2.9,api_football,open
2026-10-05T07:40:23Z,1565207,2026-10-08T17:30:00Z,4909.6,FAR,Romanian Superliga,new_format,CFR 1907 Cluj,Universitatea Cluj,36,BetVictor,ou,under,3.5,1.36,api_football,open
2026-10-05T07:40:23Z,1565207,2026-10-08T17:30:00Z,4909.6,FAR,Romanian Superliga,new_format,CFR 1907 Cluj,Universitatea Cluj,36,BetVictor,ht_ou,over,1.5,2.47,api_football,open
2026-10-05T07:40:23Z,1565207,2026-10-08T17:30:00Z,4909.6,FAR,Romanian Superliga,new_format,CFR 1907 Cluj,Universitatea Cluj,36,BetVictor,ht_ou,under,1.5,1.46,api_football,open
2026-10-05T07:40:23Z,1565207,2026-10-08T17:30:00Z,4909.6,FAR,Romanian Superliga,new_format,CFR 1907 Cluj,Universitatea Cluj,36,BetVictor,ht_ou,over,0.5,1.35,api_football,open
2026-10-05T07:40:23Z,1565207,2026-10-08T17:30:00Z,4909.6,FAR,Romanian Superliga,new_format,CFR 1907 Cluj,Universitatea Cluj,36,BetVictor,ht_ou,under,0.5,2.85,api_football,open
2026-10-05T07:40:23Z,1565207,2026-10-08T17:30:00Z,4909.6,FAR,Romanian Superliga,new_format,CFR 1907 Cluj,Universitatea Cluj,36,BetVictor,btts,yes,,1.6,api_football,open
2026-10-05T07:40:23Z,1565207,2026-10-08T17:30:00Z,4909.6,FAR,Romanian Superliga,new_format,CFR 1907 Cluj,Universitatea Cluj,36,BetVictor,btts,no,,2.15,api_football,open
2026-10-05T07:40:23Z,1603038,2026-10-11T13:40:00Z,8999.6,FAR,Saudi Pro League,new_format,Al-Fayha,Al Riyadh,7,William Hill,ht_ou,over,1.5,2.62,api_football,open
2026-10-05T07:40:23Z,1603038,2026-10-11T13:40:00Z,8999.6,FAR,Saudi Pro League,new_format,Al-Fayha,Al Riyadh,7,William Hill,ht_ou,under,1.5,1.4,api_football,open
2026-10-05T07:40:23Z,1603038,2026-10-11T13:40:00Z,8999.6,FAR,Saudi Pro League,new_format,Al-Fayha,Al Riyadh,7,William Hill,ht_ou,over,0.5,1.35,api_football,open
2026-10-05T07:40:23Z,1603038,2026-10-11T13:40:00Z,8999.6,FAR,Saudi Pro League,new_format,Al-Fayha,Al Riyadh,7,William Hill,ht_ou,under,0.5,2.9,api_football,open
2026-10-05T07:40:23Z,1603038,2026-10-11T13:40:00Z,8999.6,FAR,Saudi Pro League,new_format,Al-Fayha,Al Riyadh,7,William Hill,btts,yes,,1.75,api_football,open
2026-10-05T07:40:23Z,1603038,2026-10-11T13:40:00Z,8999.6,FAR,Saudi Pro League,new_format,Al-Fayha,Al Riyadh,7,William Hill,btts,no,,1.91,api_football,open
2026-10-05T07:40:23Z,1603038,2026-10-11T13:40:00Z,8999.6,FAR,Saudi Pro League,new_format,Al-Fayha,Al Riyadh,2,Marathonbet,ou,over,1.5,1.26,api_football,open
2026-10-05T07:40:23Z,1603038,2026-10-11T13:40:00Z,8999.6,FAR,Saudi Pro League,new_format,Al-Fayha,Al Riyadh,2,Marathonbet,ou,under,1.5,3.2,api_football,open
2026-10-05T07:40:23Z,1603038,2026-10-11T13:40:00Z,8999.6,FAR,Saudi Pro League,new_format,Al-Fayha,Al Riyadh,2,Marathonbet,ou,over,2.5,1.89,api_football,open
2026-10-05T07:40:23Z,1603038,2026-10-11T13:40:00Z,8999.6,FAR,Saudi Pro League,new_format,Al-Fayha,Al Riyadh,2,Marathonbet,ou,under,2.5,1.78,api_football,open
2026-10-05T07:40:23Z,1603038,2026-10-11T13:40:00Z,8999.6,FAR,Saudi Pro League,new_format,Al-Fayha,Al Riyadh,2,Marathonbet,ou,over,3.5,3.2,api_football,open
2026-10-05T07:40:23Z,1603038,2026-10-11T13:40:00Z,8999.6,FAR,Saudi Pro League,new_format,Al-Fayha,Al Riyadh,2,Marathonbet,ou,under,3.5,1.26,api_football,open
2026-10-05T07:40:23Z,1603038,2026-10-11T13:40:00Z,8999.6,FAR,Saudi Pro League,new_format,Al-Fayha,Al Riyadh,2,Marathonbet,ht_ou,over,1.5,2.72,api_football,open
2026-10-05T07:40:23Z,1603038,2026-10-11T13:40:00Z,8999.6,FAR,Saudi Pro League,new_format,Al-Fayha,Al Riyadh,2,Marathonbet,ht_ou,under,1.5,1.36,api_football,open
2026-10-05T07:40:23Z,1603038,2026-10-11T13:40:00Z,8999.6,FAR,Saudi Pro League,new_format,Al-Fayha,Al Riyadh,2,Marathonbet,ht_ou,over,0.5,1.36,api_football,open
2026-10-05T07:40:23Z,1603038,2026-10-11T13:40:00Z,8999.6,FAR,Saudi Pro League,new_format,Al-Fayha,Al Riyadh,2,Marathonbet,ht_ou,under,0.5,2.72,api_football,open
2026-10-05T07:40:23Z,1603038,2026-10-11T13:40:00Z,8999.6,FAR,Saudi Pro League,new_format,Al-Fayha,Al Riyadh,2,Marathonbet,btts,yes,,1.73,api_football,open
2026-10-05T07:40:23Z,1603038,2026-10-11T13:40:00Z,8999.6,FAR,Saudi Pro League,new_format,Al-Fayha,Al Riyadh,2,Marathonbet,btts,no,,1.95,api_football,open
2026-10-05T07:40:23Z,1603038,2026-10-11T13:40:00Z,8999.6,FAR,Saudi Pro League,new_format,Al-Fayha,Al Riyadh,3,Betfair,ht_ou,over,1.5,2.88,api_football,open
2026-10-05T07:40:23Z,1603038,2026-10-11T13:40:00Z,8999.6,FAR,Saudi Pro League,new_format,Al-Fayha,Al Riyadh,3,Betfair,ht_ou,under,1.5,1.36,api_football,open
2026-10-05T07:40:23Z,1603038,2026-10-11T13:40:00Z,8999.6,FAR,Saudi Pro League,new_format,Al-Fayha,Al Riyadh,3,Betfair,ht_ou,over,0.5,1.33,api_football,open
2026-10-05T07:40:23Z,1603038,2026-10-11T13:40:00Z,8999.6,FAR,Saudi Pro League,new_format,Al-Fayha,Al Riyadh,3,Betfair,ht_ou,under,0.5,3.0,api_football,open
2026-10-05T07:40:23Z,1603038,2026-10-11T13:40:00Z,8999.6,FAR,Saudi Pro League,new_format,Al-Fayha,Al Riyadh,4,Pinnacle,ou,over,1.5,1.29,api_football,open
2026-10-05T07:40:23Z,1603038,2026-10-11T13:40:00Z,8999.6,FAR,Saudi Pro League,new_format,Al-Fayha,Al Riyadh,4,Pinnacle,ou,under,1.5,3.44,api_football,open
2026-10-05T07:40:23Z,1603038,2026-10-11T13:40:00Z,8999.6,FAR,Saudi Pro League,new_format,Al-Fayha,Al Riyadh,4,Pinnacle,ou,over,2.5,1.95,api_football,open
2026-10-05T07:40:23Z,1603038,2026-10-11T13:40:00Z,8999.6,FAR,Saudi Pro League,new_format,Al-Fayha,Al Riyadh,4,Pinnacle,ou,under,2.5,1.83,api_football,open
2026-10-05T07:40:23Z,1603038,2026-10-11T13:40:00Z,8999.6,FAR,Saudi Pro League,new_format,Al-Fayha,Al Riyadh,4,Pinnacle,ou,over,3.5,3.26,api_football,open
2026-10-05T07:40:23Z,1603038,2026-10-11T13:40:00Z,8999.6,FAR,Saudi Pro League,new_format,Al-Fayha,Al Riyadh,4,Pinnacle,ou,under,3.5,1.31,api_football,open
2026-10-05T07:40:23Z,1603038,2026-10-11T13:40:00Z,8999.6,FAR,Saudi Pro League,new_format,Al-Fayha,Al Riyadh,4,Pinnacle,ht_ou,over,1.5,2.85,api_football,open
2026-10-05T07:40:23Z,1603038,2026-10-11T13:40:00Z,8999.6,FAR,Saudi Pro League,new_format,Al-Fayha,Al Riyadh,4,Pinnacle,ht_ou,under,1.5,1.38,api_football,open
2026-10-05T07:40:23Z,1603038,2026-10-11T13:40:00Z,8999.6,FAR,Saudi Pro League,new_format,Al-Fayha,Al Riyadh,4,Pinnacle,ht_ou,over,0.5,1.36,api_football,open
2026-10-05T07:40:23Z,1603038,2026-10-11T13:40:00Z,8999.6,FAR,Saudi Pro League,new_format,Al-Fayha,Al Riyadh,4,Pinnacle,ht_ou,under,0.5,2.94,api_football,open
2026-10-05T07:40:23Z,1603038,2026-10-11T13:40:00Z,8999.6,FAR,Saudi Pro League,new_format,Al-Fayha,Al Riyadh,11,1xBet,ou,over,1.5,1.26,api_football,open
2026-10-05T07:40:23Z,1603038,2026-10-11T13:40:00Z,8999.6,FAR,Saudi Pro League,new_format,Al-Fayha,Al Riyadh,11,1xBet,ou,under,1.5,3.2,api_football,open
2026-10-05T07:40:23Z,1603038,2026-10-11T13:40:00Z,8999.6,FAR,Saudi Pro League,new_format,Al-Fayha,Al Riyadh,11,1xBet,ou,over,2.5,1.93,api_football,open
2026-10-05T07:40:23Z,1603038,2026-10-11T13:40:00Z,8999.6,FAR,Saudi Pro League,new_format,Al-Fayha,Al Riyadh,11,1xBet,ou,under,2.5,1.82,api_football,open
2026-10-05T07:40:23Z,1603038,2026-10-11T13:40:00Z,8999.6,FAR,Saudi Pro League,new_format,Al-Fayha,Al Riyadh,11,1xBet,ou,over,3.5,3.2,api_football,open
2026-10-05T07:40:23Z,1603038,2026-10-11T13:40:00Z,8999.6,FAR,Saudi Pro League,new_format,Al-Fayha,Al Riyadh,11,1xBet,ou,under,3.5,1.26,api_football,open
2026-10-05T07:40:23Z,1603038,2026-10-11T13:40:00Z,8999.6,FAR,Saudi Pro League,new_format,Al-Fayha,Al Riyadh,11,1xBet,ht_ou,over,1.5,2.72,api_football,open
2026-10-05T07:40:23Z,1603038,2026-10-11T13:40:00Z,8999.6,FAR,Saudi Pro League,new_format,Al-Fayha,Al Riyadh,11,1xBet,ht_ou,under,1.5,1.36,api_football,open
2026-10-05T07:40:23Z,1603038,2026-10-11T13:40:00Z,8999.6,FAR,Saudi Pro League,new_format,Al-Fayha,Al Riyadh,11,1xBet,ht_ou,over,0.5,1.36,api_football,open
2026-10-05T07:40:23Z,1603038,2026-10-11T13:40:00Z,8999.6,FAR,Saudi Pro League,new_format,Al-Fayha,Al Riyadh,11,1xBet,ht_ou,under,0.5,2.72,api_football,open
2026-10-05T07:40:23Z,1603038,2026-10-11T13:40:00Z,8999.6,FAR,Saudi Pro League,new_format,Al-Fayha,Al Riyadh,11,1xBet,btts,yes,,1.73,api_football,open
2026-10-05T07:40:23Z,1603038,2026-10-11T13:40:00Z,8999.6,FAR,Saudi Pro League,new_format,Al-Fayha,Al Riyadh,11,1xBet,btts,no,,1.98,api_football,open
2026-10-05T07:40:23Z,1603038,2026-10-11T13:40:00Z,8999.6,FAR,Saudi Pro League,new_format,Al-Fayha,Al Riyadh,32,Betano,ou,over,1.5,1.33,api_football,open
2026-10-05T07:40:23Z,1603038,2026-10-11T13:40:00Z,8999.6,FAR,Saudi Pro League,new_format,Al-Fayha,Al Riyadh,32,Betano,ou,under,1.5,3.35,api_football,open
2026-10-05T07:40:23Z,1603038,2026-10-11T13:40:00Z,8999.6,FAR,Saudi Pro League,new_format,Al-Fayha,Al Riyadh,32,Betano,ou,over,2.5,2.0,api_football,open
2026-10-05T07:40:23Z,1603038,2026-10-11T13:40:00Z,8999.6,FAR,Saudi Pro League,new_format,Al-Fayha,Al Riyadh,32,Betano,ou,under,2.5,1.85,api_football,open
2026-10-05T07:40:23Z,1603038,2026-10-11T13:40:00Z,8999.6,FAR,Saudi Pro League,new_format,Al-Fayha,Al Riyadh,32,Betano,ou,over,3.5,3.35,api_football,open
2026-10-05T07:40:23Z,1603038,2026-10-11T13:40:00Z,8999.6,FAR,Saudi Pro League,new_format,Al-Fayha,Al Riyadh,32,Betano,ou,under,3.5,1.33,api_football,open
2026-10-05T07:40:23Z,1603038,2026-10-11T13:40:00Z,8999.6,FAR,Saudi Pro League,new_format,Al-Fayha,Al Riyadh,32,Betano,ht_ou,over,1.5,2.95,api_football,open
2026-10-05T07:40:23Z,1603038,2026-10-11T13:40:00Z,8999.6,FAR,Saudi Pro League,new_format,Al-Fayha,Al Riyadh,32,Betano,ht_ou,under,1.5,1.4,api_football,open
2026-10-05T07:40:23Z,1603038,2026-10-11T13:40:00Z,8999.6,FAR,Saudi Pro League,new_format,Al-Fayha,Al Riyadh,32,Betano,ht_ou,over,0.5,1.47,api_football,open
2026-10-05T07:40:23Z,1603038,2026-10-11T13:40:00Z,8999.6,FAR,Saudi Pro League,new_format,Al-Fayha,Al Riyadh,32,Betano,ht_ou,under,0.5,2.7,api_football,open
2026-10-05T07:40:23Z,1603038,2026-10-11T13:40:00Z,8999.6,FAR,Saudi Pro League,new_format,Al-Fayha,Al Riyadh,32,Betano,btts,yes,,1.72,api_football,open
2026-10-05T07:40:23Z,1603038,2026-10-11T13:40:00Z,8999.6,FAR,Saudi Pro League,new_format,Al-Fayha,Al Riyadh,32,Betano,btts,no,,2.05,api_football,open
2026-10-05T07:40:23Z,1603035,2026-10-11T15:25:00Z,9104.6,FAR,Saudi Pro League,new_format,Abha,Al-Faisaly FC,7,William Hill,ht_ou,over,1.5,2.7,api_football,open
2026-10-05T07:40:23Z,1603035,2026-10-11T15:25:00Z,9104.6,FAR,Saudi Pro League,new_format,Abha,Al-Faisaly FC,7,William Hill,ht_ou,under,1.5,1.4,api_football,open
2026-10-05T07:40:23Z,1603035,2026-10-11T15:25:00Z,9104.6,FAR,Saudi Pro League,new_format,Abha,Al-Faisaly FC,7,William Hill,ht_ou,over,0.5,1.35,api_football,open
2026-10-05T07:40:23Z,1603035,2026-10-11T15:25:00Z,9104.6,FAR,Saudi Pro League,new_format,Abha,Al-Faisaly FC,7,William Hill,ht_ou,under,0.5,2.88,api_football,open
2026-10-05T07:40:23Z,1603035,2026-10-11T15:25:00Z,9104.6,FAR,Saudi Pro League,new_format,Abha,Al-Faisaly FC,7,William Hill,btts,yes,,1.75,api_football,open
2026-10-05T07:40:23Z,1603035,2026-10-11T15:25:00Z,9104.6,FAR,Saudi Pro League,new_format,Abha,Al-Faisaly FC,7,William Hill,btts,no,,1.91,api_football,open
2026-10-05T07:40:23Z,1603035,2026-10-11T15:25:00Z,9104.6,FAR,Saudi Pro League,new_format,Abha,Al-Faisaly FC,2,Marathonbet,ou,over,1.5,1.27,api_football,open
2026-10-05T07:40:23Z,1603035,2026-10-11T15:25:00Z,9104.6,FAR,Saudi Pro League,new_format,Abha,Al-Faisaly FC,2,Marathonbet,ou,under,1.5,3.14,api_football,open
2026-10-05T07:40:23Z,1603035,2026-10-11T15:25:00Z,9104.6,FAR,Saudi Pro League,new_format,Abha,Al-Faisaly FC,2,Marathonbet,ou,over,2.5,1.89,api_football,open
2026-10-05T07:40:23Z,1603035,2026-10-11T15:25:00Z,9104.6,FAR,Saudi Pro League,new_format,Abha,Al-Faisaly FC,2,Marathonbet,ou,under,2.5,1.78,api_football,open
2026-10-05T07:40:23Z,1603035,2026-10-11T15:25:00Z,9104.6,FAR,Saudi Pro League,new_format,Abha,Al-Faisaly FC,2,Marathonbet,ou,over,3.5,3.2,api_football,open
2026-10-05T07:40:23Z,1603035,2026-10-11T15:25:00Z,9104.6,FAR,Saudi Pro League,new_format,Abha,Al-Faisaly FC,2,Marathonbet,ou,under,3.5,1.26,api_football,open
2026-10-05T07:40:23Z,1603035,2026-10-11T15:25:00Z,9104.6,FAR,Saudi Pro League,new_format,Abha,Al-Faisaly FC,2,Marathonbet,ht_ou,over,1.5,2.72,api_football,open
2026-10-05T07:40:23Z,1603035,2026-10-11T15:25:00Z,9104.6,FAR,Saudi Pro League,new_format,Abha,Al-Faisaly FC,2,Marathonbet,ht_ou,under,1.5,1.36,api_football,open
2026-10-05T07:40:23Z,1603035,2026-10-11T15:25:00Z,9104.6,FAR,Saudi Pro League,new_format,Abha,Al-Faisaly FC,2,Marathonbet,ht_ou,over,0.5,1.36,api_football,open
2026-10-05T07:40:23Z,1603035,2026-10-11T15:25:00Z,9104.6,FAR,Saudi Pro League,new_format,Abha,Al-Faisaly FC,2,Marathonbet,ht_ou,under,0.5,2.72,api_football,open
2026-10-05T07:40:23Z,1603035,2026-10-11T15:25:00Z,9104.6,FAR,Saudi Pro League,new_format,Abha,Al-Faisaly FC,2,Marathonbet,btts,yes,,1.74,api_football,open
2026-10-05T07:40:23Z,1603035,2026-10-11T15:25:00Z,9104.6,FAR,Saudi Pro League,new_format,Abha,Al-Faisaly FC,2,Marathonbet,btts,no,,1.93,api_football,open
2026-10-05T07:40:23Z,1603035,2026-10-11T15:25:00Z,9104.6,FAR,Saudi Pro League,new_format,Abha,Al-Faisaly FC,3,Betfair,ht_ou,over,1.5,2.88,api_football,open
2026-10-05T07:40:23Z,1603035,2026-10-11T15:25:00Z,9104.6,FAR,Saudi Pro League,new_format,Abha,Al-Faisaly FC,3,Betfair,ht_ou,under,1.5,1.36,api_football,open
2026-10-05T07:40:23Z,1603035,2026-10-11T15:25:00Z,9104.6,FAR,Saudi Pro League,new_format,Abha,Al-Faisaly FC,3,Betfair,ht_ou,over,0.5,1.36,api_football,open
2026-10-05T07:40:23Z,1603035,2026-10-11T15:25:00Z,9104.6,FAR,Saudi Pro League,new_format,Abha,Al-Faisaly FC,3,Betfair,ht_ou,under,0.5,2.88,api_football,open
2026-10-05T07:40:23Z,1603035,2026-10-11T15:25:00Z,9104.6,FAR,Saudi Pro League,new_format,Abha,Al-Faisaly FC,4,Pinnacle,ou,over,1.5,1.3,api_football,open
2026-10-05T07:40:23Z,1603035,2026-10-11T15:25:00Z,9104.6,FAR,Saudi Pro League,new_format,Abha,Al-Faisaly FC,4,Pinnacle,ou,under,1.5,3.36,api_football,open
2026-10-05T07:40:23Z,1603035,2026-10-11T15:25:00Z,9104.6,FAR,Saudi Pro League,new_format,Abha,Al-Faisaly FC,4,Pinnacle,ou,over,2.5,1.97,api_football,open
2026-10-05T07:40:23Z,1603035,2026-10-11T15:25:00Z,9104.6,FAR,Saudi Pro League,new_format,Abha,Al-Faisaly FC,4,Pinnacle,ou,under,2.5,1.83,api_football,open
2026-10-05T07:40:23Z,1603035,2026-10-11T15:25:00Z,9104.6,FAR,Saudi Pro League,new_format,Abha,Al-Faisaly FC,4,Pinnacle,ou,over,3.5,3.33,api_football,open
2026-10-05T07:40:23Z,1603035,2026-10-11T15:25:00Z,9104.6,FAR,Saudi Pro League,new_format,Abha,Al-Faisaly FC,4,Pinnacle,ou,under,3.5,1.3,api_football,open
2026-10-05T07:40:23Z,1603035,2026-10-11T15:25:00Z,9104.6,FAR,Saudi Pro League,new_format,Abha,Al-Faisaly FC,4,Pinnacle,ht_ou,over,1.5,2.88,api_football,open
2026-10-05T07:40:23Z,1603035,2026-10-11T15:25:00Z,9104.6,FAR,Saudi Pro League,new_format,Abha,Al-Faisaly FC,4,Pinnacle,ht_ou,under,1.5,1.37,api_football,open
2026-10-05T07:40:23Z,1603035,2026-10-11T15:25:00Z,9104.6,FAR,Saudi Pro League,new_format,Abha,Al-Faisaly FC,4,Pinnacle,ht_ou,over,0.5,1.36,api_football,open
2026-10-05T07:40:23Z,1603035,2026-10-11T15:25:00Z,9104.6,FAR,Saudi Pro League,new_format,Abha,Al-Faisaly FC,4,Pinnacle,ht_ou,under,0.5,2.91,api_football,open
2026-10-05T07:40:23Z,1603035,2026-10-11T15:25:00Z,9104.6,FAR,Saudi Pro League,new_format,Abha,Al-Faisaly FC,11,1xBet,ou,over,1.5,1.27,api_football,open
2026-10-05T07:40:23Z,1603035,2026-10-11T15:25:00Z,9104.6,FAR,Saudi Pro League,new_format,Abha,Al-Faisaly FC,11,1xBet,ou,under,1.5,3.14,api_football,open
2026-10-05T07:40:23Z,1603035,2026-10-11T15:25:00Z,9104.6,FAR,Saudi Pro League,new_format,Abha,Al-Faisaly FC,11,1xBet,ou,over,2.5,1.93,api_football,open
2026-10-05T07:40:23Z,1603035,2026-10-11T15:25:00Z,9104.6,FAR,Saudi Pro League,new_format,Abha,Al-Faisaly FC,11,1xBet,ou,under,2.5,1.82,api_football,open
2026-10-05T07:40:23Z,1603035,2026-10-11T15:25:00Z,9104.6,FAR,Saudi Pro League,new_format,Abha,Al-Faisaly FC,11,1xBet,ou,over,3.5,3.2,api_football,open
2026-10-05T07:40:23Z,1603035,2026-10-11T15:25:00Z,9104.6,FAR,Saudi Pro League,new_format,Abha,Al-Faisaly FC,11,1xBet,ou,under,3.5,1.26,api_football,open
2026-10-05T07:40:23Z,1603035,2026-10-11T15:25:00Z,9104.6,FAR,Saudi Pro League,new_format,Abha,Al-Faisaly FC,11,1xBet,ht_ou,over,1.5,2.72,api_football,open
2026-10-05T07:40:23Z,1603035,2026-10-11T15:25:00Z,9104.6,FAR,Saudi Pro League,new_format,Abha,Al-Faisaly FC,11,1xBet,ht_ou,under,1.5,1.36,api_football,open
2026-10-05T07:40:23Z,1603035,2026-10-11T15:25:00Z,9104.6,FAR,Saudi Pro League,new_format,Abha,Al-Faisaly FC,11,1xBet,ht_ou,over,0.5,1.36,api_football,open
2026-10-05T07:40:23Z,1603035,2026-10-11T15:25:00Z,9104.6,FAR,Saudi Pro League,new_format,Abha,Al-Faisaly FC,11,1xBet,ht_ou,under,0.5,2.72,api_football,open
2026-10-05T07:40:23Z,1603035,2026-10-11T15:25:00Z,9104.6,FAR,Saudi Pro League,new_format,Abha,Al-Faisaly FC,11,1xBet,btts,yes,,1.74,api_football,open
2026-10-05T07:40:23Z,1603035,2026-10-11T15:25:00Z,9104.6,FAR,Saudi Pro League,new_format,Abha,Al-Faisaly FC,11,1xBet,btts,no,,1.96,api_football,open
2026-10-05T07:40:23Z,1603035,2026-10-11T15:25:00Z,9104.6,FAR,Saudi Pro League,new_format,Abha,Al-Faisaly FC,32,Betano,ou,over,1.5,1.34,api_football,open
2026-10-05T07:40:23Z,1603035,2026-10-11T15:25:00Z,9104.6,FAR,Saudi Pro League,new_format,Abha,Al-Faisaly FC,32,Betano,ou,under,1.5,3.3,api_football,open
2026-10-05T07:40:23Z,1603035,2026-10-11T15:25:00Z,9104.6,FAR,Saudi Pro League,new_format,Abha,Al-Faisaly FC,32,Betano,ou,over,2.5,2.02,api_football,open
2026-10-05T07:40:23Z,1603035,2026-10-11T15:25:00Z,9104.6,FAR,Saudi Pro League,new_format,Abha,Al-Faisaly FC,32,Betano,ou,under,2.5,1.83,api_football,open
2026-10-05T07:40:23Z,1603035,2026-10-11T15:25:00Z,9104.6,FAR,Saudi Pro League,new_format,Abha,Al-Faisaly FC,32,Betano,ou,over,3.5,3.45,api_football,open
2026-10-05T07:40:23Z,1603035,2026-10-11T15:25:00Z,9104.6,FAR,Saudi Pro League,new_format,Abha,Al-Faisaly FC,32,Betano,ou,under,3.5,1.32,api_football,open
2026-10-05T07:40:23Z,1603035,2026-10-11T15:25:00Z,9104.6,FAR,Saudi Pro League,new_format,Abha,Al-Faisaly FC,32,Betano,ht_ou,over,1.5,3.0,api_football,open
2026-10-05T07:40:23Z,1603035,2026-10-11T15:25:00Z,9104.6,FAR,Saudi Pro League,new_format,Abha,Al-Faisaly FC,32,Betano,ht_ou,under,1.5,1.39,api_football,open
2026-10-05T07:40:23Z,1603035,2026-10-11T15:25:00Z,9104.6,FAR,Saudi Pro League,new_format,Abha,Al-Faisaly FC,32,Betano,ht_ou,over,0.5,1.45,api_football,open
2026-10-05T07:40:23Z,1603035,2026-10-11T15:25:00Z,9104.6,FAR,Saudi Pro League,new_format,Abha,Al-Faisaly FC,32,Betano,ht_ou,under,0.5,2.75,api_football,open
2026-10-05T07:40:23Z,1603035,2026-10-11T15:25:00Z,9104.6,FAR,Saudi Pro League,new_format,Abha,Al-Faisaly FC,32,Betano,btts,yes,,1.8,api_football,open
2026-10-05T07:40:23Z,1603035,2026-10-11T15:25:00Z,9104.6,FAR,Saudi Pro League,new_format,Abha,Al-Faisaly FC,32,Betano,btts,no,,1.93,api_football,open
2026-10-05T07:40:23Z,1603043,2026-10-11T18:00:00Z,9259.6,FAR,Saudi Pro League,new_format,Al Shabab,Al Taawon,3,Betfair,ht_ou,over,1.5,2.4,api_football,open
2026-10-05T07:40:23Z,1603043,2026-10-11T18:00:00Z,9259.6,FAR,Saudi Pro League,new_format,Al Shabab,Al Taawon,3,Betfair,ht_ou,under,1.5,1.5,api_football,open
2026-10-05T07:40:23Z,1603043,2026-10-11T18:00:00Z,9259.6,FAR,Saudi Pro League,new_format,Al Shabab,Al Taawon,3,Betfair,ht_ou,over,0.5,1.25,api_football,open
2026-10-05T07:40:23Z,1603043,2026-10-11T18:00:00Z,9259.6,FAR,Saudi Pro League,new_format,Al Shabab,Al Taawon,3,Betfair,ht_ou,under,0.5,3.6,api_football,open
2026-10-05T07:40:23Z,1603043,2026-10-11T18:00:00Z,9259.6,FAR,Saudi Pro League,new_format,Al Shabab,Al Taawon,4,Pinnacle,ou,over,1.5,1.21,api_football,open
2026-10-05T07:40:23Z,1603043,2026-10-11T18:00:00Z,9259.6,FAR,Saudi Pro League,new_format,Al Shabab,Al Taawon,4,Pinnacle,ou,under,1.5,4.18,api_football,open
2026-10-05T07:40:23Z,1603043,2026-10-11T18:00:00Z,9259.6,FAR,Saudi Pro League,new_format,Al Shabab,Al Taawon,4,Pinnacle,ou,over,2.5,1.68,api_football,open
2026-10-05T07:40:23Z,1603043,2026-10-11T18:00:00Z,9259.6,FAR,Saudi Pro League,new_format,Al Shabab,Al Taawon,4,Pinnacle,ou,under,2.5,2.14,api_football,open
2026-10-05T07:40:23Z,1603043,2026-10-11T18:00:00Z,9259.6,FAR,Saudi Pro League,new_format,Al Shabab,Al Taawon,4,Pinnacle,ou,over,3.5,2.71,api_football,open
2026-10-05T07:40:23Z,1603043,2026-10-11T18:00:00Z,9259.6,FAR,Saudi Pro League,new_format,Al Shabab,Al Taawon,4,Pinnacle,ou,under,3.5,1.43,api_football,open
2026-10-05T07:40:23Z,1603043,2026-10-11T18:00:00Z,9259.6,FAR,Saudi Pro League,new_format,Al Shabab,Al Taawon,4,Pinnacle,ht_ou,over,1.5,2.5,api_football,open
2026-10-05T07:40:23Z,1603043,2026-10-11T18:00:00Z,9259.6,FAR,Saudi Pro League,new_format,Al Shabab,Al Taawon,4,Pinnacle,ht_ou,under,1.5,1.48,api_football,open
2026-10-05T07:40:23Z,1603043,2026-10-11T18:00:00Z,9259.6,FAR,Saudi Pro League,new_format,Al Shabab,Al Taawon,11,1xBet,ou,over,1.5,1.18,api_football,open
2026-10-05T07:40:23Z,1603043,2026-10-11T18:00:00Z,9259.6,FAR,Saudi Pro League,new_format,Al Shabab,Al Taawon,11,1xBet,ou,under,1.5,3.92,api_football,open
2026-10-05T07:40:23Z,1603043,2026-10-11T18:00:00Z,9259.6,FAR,Saudi Pro League,new_format,Al Shabab,Al Taawon,11,1xBet,ou,over,2.5,1.68,api_football,open
2026-10-05T07:40:23Z,1603043,2026-10-11T18:00:00Z,9259.6,FAR,Saudi Pro League,new_format,Al Shabab,Al Taawon,11,1xBet,ou,under,2.5,2.1,api_football,open
2026-10-05T07:40:23Z,1603043,2026-10-11T18:00:00Z,9259.6,FAR,Saudi Pro League,new_format,Al Shabab,Al Taawon,11,1xBet,ou,over,3.5,2.56,api_football,open
2026-10-05T07:40:23Z,1603043,2026-10-11T18:00:00Z,9259.6,FAR,Saudi Pro League,new_format,Al Shabab,Al Taawon,11,1xBet,ou,under,3.5,1.4,api_football,open
2026-10-05T07:40:23Z,1603043,2026-10-11T18:00:00Z,9259.6,FAR,Saudi Pro League,new_format,Al Shabab,Al Taawon,11,1xBet,ht_ou,over,1.5,2.27,api_football,open
2026-10-05T07:40:23Z,1603043,2026-10-11T18:00:00Z,9259.6,FAR,Saudi Pro League,new_format,Al Shabab,Al Taawon,11,1xBet,ht_ou,under,1.5,1.51,api_football,open
2026-10-05T07:40:23Z,1603043,2026-10-11T18:00:00Z,9259.6,FAR,Saudi Pro League,new_format,Al Shabab,Al Taawon,11,1xBet,ht_ou,over,0.5,1.26,api_football,open
2026-10-05T07:40:23Z,1603043,2026-10-11T18:00:00Z,9259.6,FAR,Saudi Pro League,new_format,Al Shabab,Al Taawon,11,1xBet,ht_ou,under,0.5,3.24,api_football,open
2026-10-05T07:40:23Z,1603043,2026-10-11T18:00:00Z,9259.6,FAR,Saudi Pro League,new_format,Al Shabab,Al Taawon,11,1xBet,btts,yes,,1.55,api_football,open
2026-10-05T07:40:23Z,1603043,2026-10-11T18:00:00Z,9259.6,FAR,Saudi Pro League,new_format,Al Shabab,Al Taawon,11,1xBet,btts,no,,2.27,api_football,open
2026-10-05T07:40:23Z,1603043,2026-10-11T18:00:00Z,9259.6,FAR,Saudi Pro League,new_format,Al Shabab,Al Taawon,32,Betano,ou,over,1.5,1.24,api_football,open
2026-10-05T07:40:23Z,1603043,2026-10-11T18:00:00Z,9259.6,FAR,Saudi Pro League,new_format,Al Shabab,Al Taawon,32,Betano,ou,under,1.5,4.1,api_football,open
2026-10-05T07:40:23Z,1603043,2026-10-11T18:00:00Z,9259.6,FAR,Saudi Pro League,new_format,Al Shabab,Al Taawon,32,Betano,ou,over,2.5,1.72,api_football,open
2026-10-05T07:40:23Z,1603043,2026-10-11T18:00:00Z,9259.6,FAR,Saudi Pro League,new_format,Al Shabab,Al Taawon,32,Betano,ou,under,2.5,2.18,api_football,open
2026-10-05T07:40:23Z,1603043,2026-10-11T18:00:00Z,9259.6,FAR,Saudi Pro League,new_format,Al Shabab,Al Taawon,32,Betano,ou,over,3.5,2.77,api_football,open
2026-10-05T07:40:23Z,1603043,2026-10-11T18:00:00Z,9259.6,FAR,Saudi Pro League,new_format,Al Shabab,Al Taawon,32,Betano,ou,under,3.5,1.47,api_football,open
2026-10-05T07:40:23Z,1603043,2026-10-11T18:00:00Z,9259.6,FAR,Saudi Pro League,new_format,Al Shabab,Al Taawon,32,Betano,ht_ou,over,1.5,2.6,api_football,open
2026-10-05T07:40:23Z,1603043,2026-10-11T18:00:00Z,9259.6,FAR,Saudi Pro League,new_format,Al Shabab,Al Taawon,32,Betano,ht_ou,under,1.5,1.5,api_football,open
2026-10-05T07:40:23Z,1603043,2026-10-11T18:00:00Z,9259.6,FAR,Saudi Pro League,new_format,Al Shabab,Al Taawon,32,Betano,ht_ou,over,0.5,1.37,api_football,open
2026-10-05T07:40:23Z,1603043,2026-10-11T18:00:00Z,9259.6,FAR,Saudi Pro League,new_format,Al Shabab,Al Taawon,32,Betano,ht_ou,under,0.5,3.15,api_football,open
2026-10-05T07:40:23Z,1603043,2026-10-11T18:00:00Z,9259.6,FAR,Saudi Pro League,new_format,Al Shabab,Al Taawon,32,Betano,btts,yes,,1.6,api_football,open
2026-10-05T07:40:23Z,1603043,2026-10-11T18:00:00Z,9259.6,FAR,Saudi Pro League,new_format,Al Shabab,Al Taawon,32,Betano,btts,no,,2.27,api_football,open
2026-10-05T07:40:23Z,1494289,2026-10-10T13:00:00Z,7519.6,FAR,Sweden Allsvenskan,new_format,AIK Stockholm,IF Brommapojkarna,36,BetVictor,ou,over,1.5,1.15,api_football,open
2026-10-05T07:40:23Z,1494289,2026-10-10T13:00:00Z,7519.6,FAR,Sweden Allsvenskan,new_format,AIK Stockholm,IF Brommapojkarna,36,BetVictor,ou,under,1.5,4.6,api_football,open
2026-10-05T07:40:23Z,1494289,2026-10-10T13:00:00Z,7519.6,FAR,Sweden Allsvenskan,new_format,AIK Stockholm,IF Brommapojkarna,36,BetVictor,ou,over,2.5,1.58,api_football,open
2026-10-05T07:40:23Z,1494289,2026-10-10T13:00:00Z,7519.6,FAR,Sweden Allsvenskan,new_format,AIK Stockholm,IF Brommapojkarna,36,BetVictor,ou,under,2.5,2.19,api_football,open
2026-10-05T07:40:23Z,1494289,2026-10-10T13:00:00Z,7519.6,FAR,Sweden Allsvenskan,new_format,AIK Stockholm,IF Brommapojkarna,36,BetVictor,ou,over,3.5,2.37,api_football,open
2026-10-05T07:40:23Z,1494289,2026-10-10T13:00:00Z,7519.6,FAR,Sweden Allsvenskan,new_format,AIK Stockholm,IF Brommapojkarna,36,BetVictor,ou,under,3.5,1.5,api_football,open
2026-10-05T07:40:23Z,1494289,2026-10-10T13:00:00Z,7519.6,FAR,Sweden Allsvenskan,new_format,AIK Stockholm,IF Brommapojkarna,36,BetVictor,ht_ou,over,1.5,2.24,api_football,open
2026-10-05T07:40:23Z,1494289,2026-10-10T13:00:00Z,7519.6,FAR,Sweden Allsvenskan,new_format,AIK Stockholm,IF Brommapojkarna,36,BetVictor,ht_ou,under,1.5,1.56,api_football,open
2026-10-05T07:40:23Z,1494289,2026-10-10T13:00:00Z,7519.6,FAR,Sweden Allsvenskan,new_format,AIK Stockholm,IF Brommapojkarna,36,BetVictor,ht_ou,over,0.5,1.29,api_football,open
2026-10-05T07:40:23Z,1494289,2026-10-10T13:00:00Z,7519.6,FAR,Sweden Allsvenskan,new_format,AIK Stockholm,IF Brommapojkarna,36,BetVictor,ht_ou,under,0.5,3.4,api_football,open
2026-10-05T07:40:23Z,1494289,2026-10-10T13:00:00Z,7519.6,FAR,Sweden Allsvenskan,new_format,AIK Stockholm,IF Brommapojkarna,36,BetVictor,btts,yes,,1.5,api_football,open
2026-10-05T07:40:23Z,1494289,2026-10-10T13:00:00Z,7519.6,FAR,Sweden Allsvenskan,new_format,AIK Stockholm,IF Brommapojkarna,36,BetVictor,btts,no,,2.38,api_football,open
2026-10-05T07:40:23Z,1494291,2026-10-10T13:00:00Z,7519.6,FAR,Sweden Allsvenskan,new_format,Gais,Sirius,36,BetVictor,ou,over,1.5,1.2,api_football,open
2026-10-05T07:40:23Z,1494291,2026-10-10T13:00:00Z,7519.6,FAR,Sweden Allsvenskan,new_format,Gais,Sirius,36,BetVictor,ou,under,1.5,4.1,api_football,open
2026-10-05T07:40:23Z,1494291,2026-10-10T13:00:00Z,7519.6,FAR,Sweden Allsvenskan,new_format,Gais,Sirius,36,BetVictor,ou,over,2.5,1.7,api_football,open
2026-10-05T07:40:23Z,1494291,2026-10-10T13:00:00Z,7519.6,FAR,Sweden Allsvenskan,new_format,Gais,Sirius,36,BetVictor,ou,under,2.5,2.0,api_football,open
2026-10-05T07:40:23Z,1494291,2026-10-10T13:00:00Z,7519.6,FAR,Sweden Allsvenskan,new_format,Gais,Sirius,36,BetVictor,ou,over,3.5,2.8,api_football,open
2026-10-05T07:40:23Z,1494291,2026-10-10T13:00:00Z,7519.6,FAR,Sweden Allsvenskan,new_format,Gais,Sirius,36,BetVictor,ou,under,3.5,1.4,api_football,open
2026-10-05T07:40:23Z,1494291,2026-10-10T13:00:00Z,7519.6,FAR,Sweden Allsvenskan,new_format,Gais,Sirius,36,BetVictor,ht_ou,over,1.5,2.37,api_football,open
2026-10-05T07:40:23Z,1494291,2026-10-10T13:00:00Z,7519.6,FAR,Sweden Allsvenskan,new_format,Gais,Sirius,36,BetVictor,ht_ou,under,1.5,1.5,api_football,open
2026-10-05T07:40:23Z,1494291,2026-10-10T13:00:00Z,7519.6,FAR,Sweden Allsvenskan,new_format,Gais,Sirius,36,BetVictor,ht_ou,over,0.5,1.3,api_football,open
2026-10-05T07:40:23Z,1494291,2026-10-10T13:00:00Z,7519.6,FAR,Sweden Allsvenskan,new_format,Gais,Sirius,36,BetVictor,ht_ou,under,0.5,3.2,api_football,open
2026-10-05T07:40:23Z,1494291,2026-10-10T13:00:00Z,7519.6,FAR,Sweden Allsvenskan,new_format,Gais,Sirius,36,BetVictor,btts,yes,,1.57,api_football,open
2026-10-05T07:40:23Z,1494291,2026-10-10T13:00:00Z,7519.6,FAR,Sweden Allsvenskan,new_format,Gais,Sirius,36,BetVictor,btts,no,,2.25,api_football,open
2026-10-05T07:40:23Z,1494296,2026-10-10T15:30:00Z,7669.6,FAR,Sweden Allsvenskan,new_format,Mjallby AIF,Degerfors IF,36,BetVictor,ou,over,1.5,1.22,api_football,open
2026-10-05T07:40:23Z,1494296,2026-10-10T15:30:00Z,7669.6,FAR,Sweden Allsvenskan,new_format,Mjallby AIF,Degerfors IF,36,BetVictor,ou,under,1.5,3.7,api_football,open
2026-10-05T07:40:23Z,1494296,2026-10-10T15:30:00Z,7669.6,FAR,Sweden Allsvenskan,new_format,Mjallby AIF,Degerfors IF,36,BetVictor,ou,over,2.5,1.78,api_football,open
2026-10-05T07:40:23Z,1494296,2026-10-10T15:30:00Z,7669.6,FAR,Sweden Allsvenskan,new_format,Mjallby AIF,Degerfors IF,36,BetVictor,ou,under,2.5,1.9,api_football,open
2026-10-05T07:40:23Z,1494296,2026-10-10T15:30:00Z,7669.6,FAR,Sweden Allsvenskan,new_format,Mjallby AIF,Degerfors IF,36,BetVictor,ou,over,3.5,3.0,api_football,open
2026-10-05T07:40:23Z,1494296,2026-10-10T15:30:00Z,7669.6,FAR,Sweden Allsvenskan,new_format,Mjallby AIF,Degerfors IF,36,BetVictor,ou,under,3.5,1.33,api_football,open
2026-10-05T07:40:23Z,1494296,2026-10-10T15:30:00Z,7669.6,FAR,Sweden Allsvenskan,new_format,Mjallby AIF,Degerfors IF,36,BetVictor,ht_ou,over,1.5,2.5,api_football,open
2026-10-05T07:40:23Z,1494296,2026-10-10T15:30:00Z,7669.6,FAR,Sweden Allsvenskan,new_format,Mjallby AIF,Degerfors IF,36,BetVictor,ht_ou,under,1.5,1.45,api_football,open
2026-10-05T07:40:23Z,1494296,2026-10-10T15:30:00Z,7669.6,FAR,Sweden Allsvenskan,new_format,Mjallby AIF,Degerfors IF,36,BetVictor,ht_ou,over,0.5,1.36,api_football,open
2026-10-05T07:40:23Z,1494296,2026-10-10T15:30:00Z,7669.6,FAR,Sweden Allsvenskan,new_format,Mjallby AIF,Degerfors IF,36,BetVictor,ht_ou,under,0.5,2.82,api_football,open
2026-10-05T07:40:23Z,1494296,2026-10-10T15:30:00Z,7669.6,FAR,Sweden Allsvenskan,new_format,Mjallby AIF,Degerfors IF,36,BetVictor,btts,yes,,1.67,api_football,open
2026-10-05T07:40:23Z,1494296,2026-10-10T15:30:00Z,7669.6,FAR,Sweden Allsvenskan,new_format,Mjallby AIF,Degerfors IF,36,BetVictor,btts,no,,2.05,api_football,open
2026-10-05T07:40:23Z,1490326,2026-10-07T00:30:00Z,2449.6,FAR,USA MLS,new_format,Chicago Fire,Vancouver Whitecaps,3,Betfair,ou,over,1.5,1.1,api_football,open
2026-10-05T07:40:23Z,1490326,2026-10-07T00:30:00Z,2449.6,FAR,USA MLS,new_format,Chicago Fire,Vancouver Whitecaps,3,Betfair,ou,under,1.5,6.5,api_football,open
2026-10-05T07:40:23Z,1490326,2026-10-07T00:30:00Z,2449.6,FAR,USA MLS,new_format,Chicago Fire,Vancouver Whitecaps,3,Betfair,ou,over,3.5,2.1,api_football,open
2026-10-05T07:40:23Z,1490326,2026-10-07T00:30:00Z,2449.6,FAR,USA MLS,new_format,Chicago Fire,Vancouver Whitecaps,3,Betfair,ou,under,3.5,1.73,api_football,open
2026-10-05T07:40:23Z,1490326,2026-10-07T00:30:00Z,2449.6,FAR,USA MLS,new_format,Chicago Fire,Vancouver Whitecaps,3,Betfair,btts,yes,,1.4,api_football,open
2026-10-05T07:40:23Z,1490326,2026-10-07T00:30:00Z,2449.6,FAR,USA MLS,new_format,Chicago Fire,Vancouver Whitecaps,3,Betfair,btts,no,,2.88,api_football,open
2026-10-05T07:40:23Z,1490326,2026-10-07T00:30:00Z,2449.6,FAR,USA MLS,new_format,Chicago Fire,Vancouver Whitecaps,36,BetVictor,ou,over,1.5,1.11,api_football,open
2026-10-05T07:40:23Z,1490326,2026-10-07T00:30:00Z,2449.6,FAR,USA MLS,new_format,Chicago Fire,Vancouver Whitecaps,36,BetVictor,ou,under,1.5,6.0,api_football,open
2026-10-05T07:40:23Z,1490326,2026-10-07T00:30:00Z,2449.6,FAR,USA MLS,new_format,Chicago Fire,Vancouver Whitecaps,36,BetVictor,ou,over,2.5,1.4,api_football,open
2026-10-05T07:40:23Z,1490326,2026-10-07T00:30:00Z,2449.6,FAR,USA MLS,new_format,Chicago Fire,Vancouver Whitecaps,36,BetVictor,ou,under,2.5,2.8,api_football,open
2026-10-05T07:40:23Z,1490326,2026-10-07T00:30:00Z,2449.6,FAR,USA MLS,new_format,Chicago Fire,Vancouver Whitecaps,36,BetVictor,ou,over,3.5,2.02,api_football,open
2026-10-05T07:40:23Z,1490326,2026-10-07T00:30:00Z,2449.6,FAR,USA MLS,new_format,Chicago Fire,Vancouver Whitecaps,36,BetVictor,ou,under,3.5,1.68,api_football,open
2026-10-05T07:40:23Z,1490326,2026-10-07T00:30:00Z,2449.6,FAR,USA MLS,new_format,Chicago Fire,Vancouver Whitecaps,36,BetVictor,ht_ou,over,1.5,2.05,api_football,open
2026-10-05T07:40:23Z,1490326,2026-10-07T00:30:00Z,2449.6,FAR,USA MLS,new_format,Chicago Fire,Vancouver Whitecaps,36,BetVictor,ht_ou,under,1.5,1.66,api_football,open
2026-10-05T07:40:23Z,1490326,2026-10-07T00:30:00Z,2449.6,FAR,USA MLS,new_format,Chicago Fire,Vancouver Whitecaps,36,BetVictor,ht_ou,over,0.5,1.22,api_football,open
2026-10-05T07:40:23Z,1490326,2026-10-07T00:30:00Z,2449.6,FAR,USA MLS,new_format,Chicago Fire,Vancouver Whitecaps,36,BetVictor,ht_ou,under,0.5,4.1,api_football,open
2026-10-05T07:40:23Z,1490326,2026-10-07T00:30:00Z,2449.6,FAR,USA MLS,new_format,Chicago Fire,Vancouver Whitecaps,36,BetVictor,btts,yes,,1.36,api_football,open
2026-10-05T07:40:23Z,1490326,2026-10-07T00:30:00Z,2449.6,FAR,USA MLS,new_format,Chicago Fire,Vancouver Whitecaps,36,BetVictor,btts,no,,2.88,api_football,open
2026-10-05T07:40:23Z,1490529,2026-10-14T23:30:00Z,13909.6,FAR,USA MLS,new_format,Toronto FC,Orlando City SC,7,William Hill,ht_ou,over,1.5,1.95,api_football,open
2026-10-05T07:40:23Z,1490529,2026-10-14T23:30:00Z,13909.6,FAR,USA MLS,new_format,Toronto FC,Orlando City SC,7,William Hill,ht_ou,under,1.5,1.75,api_football,open
2026-10-05T07:40:23Z,1490529,2026-10-14T23:30:00Z,13909.6,FAR,USA MLS,new_format,Toronto FC,Orlando City SC,7,William Hill,ht_ou,over,0.5,1.2,api_football,open
2026-10-05T07:40:23Z,1490529,2026-10-14T23:30:00Z,13909.6,FAR,USA MLS,new_format,Toronto FC,Orlando City SC,7,William Hill,ht_ou,under,0.5,4.4,api_football,open
2026-10-05T07:40:23Z,1490529,2026-10-14T23:30:00Z,13909.6,FAR,USA MLS,new_format,Toronto FC,Orlando City SC,7,William Hill,btts,yes,,1.33,api_football,open
2026-10-05T07:40:23Z,1490529,2026-10-14T23:30:00Z,13909.6,FAR,USA MLS,new_format,Toronto FC,Orlando City SC,7,William Hill,btts,no,,3.1,api_football,open
2026-10-05T07:40:23Z,1490529,2026-10-14T23:30:00Z,13909.6,FAR,USA MLS,new_format,Toronto FC,Orlando City SC,8,Bet365,ou,over,1.5,1.1,api_football,open
2026-10-05T07:40:23Z,1490529,2026-10-14T23:30:00Z,13909.6,FAR,USA MLS,new_format,Toronto FC,Orlando City SC,8,Bet365,ou,under,1.5,7.0,api_football,open
2026-10-05T07:40:23Z,1490529,2026-10-14T23:30:00Z,13909.6,FAR,USA MLS,new_format,Toronto FC,Orlando City SC,8,Bet365,ou,over,2.5,1.36,api_football,open
2026-10-05T07:40:23Z,1490529,2026-10-14T23:30:00Z,13909.6,FAR,USA MLS,new_format,Toronto FC,Orlando City SC,8,Bet365,ou,under,2.5,3.1,api_football,open
2026-10-05T07:40:23Z,1490529,2026-10-14T23:30:00Z,13909.6,FAR,USA MLS,new_format,Toronto FC,Orlando City SC,8,Bet365,ou,over,3.5,1.83,api_football,open
2026-10-05T07:40:23Z,1490529,2026-10-14T23:30:00Z,13909.6,FAR,USA MLS,new_format,Toronto FC,Orlando City SC,8,Bet365,ou,under,3.5,1.83,api_football,open
2026-10-05T07:40:23Z,1490529,2026-10-14T23:30:00Z,13909.6,FAR,USA MLS,new_format,Toronto FC,Orlando City SC,8,Bet365,ht_ou,over,1.5,1.91,api_football,open
2026-10-05T07:40:23Z,1490529,2026-10-14T23:30:00Z,13909.6,FAR,USA MLS,new_format,Toronto FC,Orlando City SC,8,Bet365,ht_ou,under,1.5,1.8,api_football,open
2026-10-05T07:40:23Z,1490529,2026-10-14T23:30:00Z,13909.6,FAR,USA MLS,new_format,Toronto FC,Orlando City SC,8,Bet365,ht_ou,over,0.5,1.2,api_football,open
2026-10-05T07:40:23Z,1490529,2026-10-14T23:30:00Z,13909.6,FAR,USA MLS,new_format,Toronto FC,Orlando City SC,8,Bet365,ht_ou,under,0.5,4.33,api_football,open
2026-10-05T07:40:23Z,1490529,2026-10-14T23:30:00Z,13909.6,FAR,USA MLS,new_format,Toronto FC,Orlando City SC,8,Bet365,btts,yes,,1.33,api_football,open
2026-10-05T07:40:23Z,1490529,2026-10-14T23:30:00Z,13909.6,FAR,USA MLS,new_format,Toronto FC,Orlando City SC,8,Bet365,btts,no,,3.25,api_football,open
2026-10-05T07:40:23Z,1490529,2026-10-14T23:30:00Z,13909.6,FAR,USA MLS,new_format,Toronto FC,Orlando City SC,2,Marathonbet,ou,over,1.5,1.06,api_football,open
2026-10-05T07:40:23Z,1490529,2026-10-14T23:30:00Z,13909.6,FAR,USA MLS,new_format,Toronto FC,Orlando City SC,2,Marathonbet,ou,under,1.5,6.15,api_football,open
2026-10-05T07:40:23Z,1490529,2026-10-14T23:30:00Z,13909.6,FAR,USA MLS,new_format,Toronto FC,Orlando City SC,2,Marathonbet,ou,over,2.5,1.31,api_football,open
2026-10-05T07:40:23Z,1490529,2026-10-14T23:30:00Z,13909.6,FAR,USA MLS,new_format,Toronto FC,Orlando City SC,2,Marathonbet,ou,under,2.5,2.92,api_football,open
2026-10-05T07:40:23Z,1490529,2026-10-14T23:30:00Z,13909.6,FAR,USA MLS,new_format,Toronto FC,Orlando City SC,2,Marathonbet,ou,over,3.5,1.87,api_football,open
2026-10-05T07:40:23Z,1490529,2026-10-14T23:30:00Z,13909.6,FAR,USA MLS,new_format,Toronto FC,Orlando City SC,2,Marathonbet,ou,under,3.5,1.87,api_football,open
2026-10-05T07:40:23Z,1490529,2026-10-14T23:30:00Z,13909.6,FAR,USA MLS,new_format,Toronto FC,Orlando City SC,2,Marathonbet,ht_ou,over,1.5,1.87,api_football,open
2026-10-05T07:40:23Z,1490529,2026-10-14T23:30:00Z,13909.6,FAR,USA MLS,new_format,Toronto FC,Orlando City SC,2,Marathonbet,ht_ou,under,1.5,1.85,api_football,open
2026-10-05T07:40:23Z,1490529,2026-10-14T23:30:00Z,13909.6,FAR,USA MLS,new_format,Toronto FC,Orlando City SC,2,Marathonbet,ht_ou,over,0.5,1.14,api_football,open
2026-10-05T07:40:23Z,1490529,2026-10-14T23:30:00Z,13909.6,FAR,USA MLS,new_format,Toronto FC,Orlando City SC,2,Marathonbet,ht_ou,under,0.5,4.45,api_football,open
2026-10-05T07:40:23Z,1490529,2026-10-14T23:30:00Z,13909.6,FAR,USA MLS,new_format,Toronto FC,Orlando City SC,2,Marathonbet,btts,yes,,1.32,api_football,open
2026-10-05T07:40:23Z,1490529,2026-10-14T23:30:00Z,13909.6,FAR,USA MLS,new_format,Toronto FC,Orlando City SC,2,Marathonbet,btts,no,,3.04,api_football,open
2026-10-05T07:40:23Z,1490529,2026-10-14T23:30:00Z,13909.6,FAR,USA MLS,new_format,Toronto FC,Orlando City SC,3,Betfair,ht_ou,over,1.5,1.91,api_football,open
2026-10-05T07:40:23Z,1490529,2026-10-14T23:30:00Z,13909.6,FAR,USA MLS,new_format,Toronto FC,Orlando City SC,3,Betfair,ht_ou,under,1.5,1.8,api_football,open
2026-10-05T07:40:23Z,1490529,2026-10-14T23:30:00Z,13909.6,FAR,USA MLS,new_format,Toronto FC,Orlando City SC,3,Betfair,ht_ou,over,0.5,1.14,api_football,open
2026-10-05T07:40:23Z,1490529,2026-10-14T23:30:00Z,13909.6,FAR,USA MLS,new_format,Toronto FC,Orlando City SC,3,Betfair,ht_ou,under,0.5,4.8,api_football,open
2026-10-05T07:40:23Z,1490529,2026-10-14T23:30:00Z,13909.6,FAR,USA MLS,new_format,Toronto FC,Orlando City SC,32,Betano,ou,over,1.5,1.12,api_football,open
2026-10-05T07:40:23Z,1490529,2026-10-14T23:30:00Z,13909.6,FAR,USA MLS,new_format,Toronto FC,Orlando City SC,32,Betano,ou,under,1.5,6.4,api_football,open
2026-10-05T07:40:23Z,1490529,2026-10-14T23:30:00Z,13909.6,FAR,USA MLS,new_format,Toronto FC,Orlando City SC,32,Betano,ou,over,2.5,1.38,api_football,open
2026-10-05T07:40:23Z,1490529,2026-10-14T23:30:00Z,13909.6,FAR,USA MLS,new_format,Toronto FC,Orlando City SC,32,Betano,ou,under,2.5,3.1,api_football,open
2026-10-05T07:40:23Z,1490529,2026-10-14T23:30:00Z,13909.6,FAR,USA MLS,new_format,Toronto FC,Orlando City SC,32,Betano,ou,over,3.5,1.93,api_football,open
2026-10-05T07:40:23Z,1490529,2026-10-14T23:30:00Z,13909.6,FAR,USA MLS,new_format,Toronto FC,Orlando City SC,32,Betano,ou,under,3.5,1.91,api_football,open
2026-10-05T07:40:23Z,1490529,2026-10-14T23:30:00Z,13909.6,FAR,USA MLS,new_format,Toronto FC,Orlando City SC,32,Betano,ht_ou,over,1.5,2.05,api_football,open
2026-10-05T07:40:23Z,1490529,2026-10-14T23:30:00Z,13909.6,FAR,USA MLS,new_format,Toronto FC,Orlando City SC,32,Betano,ht_ou,under,1.5,1.78,api_football,open
2026-10-05T07:40:23Z,1490529,2026-10-14T23:30:00Z,13909.6,FAR,USA MLS,new_format,Toronto FC,Orlando City SC,32,Betano,ht_ou,over,0.5,1.24,api_football,open
2026-10-05T07:40:23Z,1490529,2026-10-14T23:30:00Z,13909.6,FAR,USA MLS,new_format,Toronto FC,Orlando City SC,32,Betano,ht_ou,under,0.5,3.9,api_football,open
2026-10-05T07:40:23Z,1490529,2026-10-14T23:30:00Z,13909.6,FAR,USA MLS,new_format,Toronto FC,Orlando City SC,32,Betano,btts,yes,,1.34,api_football,open
2026-10-05T07:40:23Z,1490529,2026-10-14T23:30:00Z,13909.6,FAR,USA MLS,new_format,Toronto FC,Orlando City SC,32,Betano,btts,no,,3.1,api_football,open
2026-10-05T07:40:23Z,1490527,2026-10-14T23:30:00Z,13909.6,FAR,USA MLS,new_format,Columbus Crew,Charlotte,7,William Hill,ht_ou,over,1.5,2.25,api_football,open
2026-10-05T07:40:23Z,1490527,2026-10-14T23:30:00Z,13909.6,FAR,USA MLS,new_format,Columbus Crew,Charlotte,7,William Hill,ht_ou,under,1.5,1.6,api_football,open
2026-10-05T07:40:23Z,1490527,2026-10-14T23:30:00Z,13909.6,FAR,USA MLS,new_format,Columbus Crew,Charlotte,7,William Hill,ht_ou,over,0.5,1.25,api_football,open
2026-10-05T07:40:23Z,1490527,2026-10-14T23:30:00Z,13909.6,FAR,USA MLS,new_format,Columbus Crew,Charlotte,7,William Hill,ht_ou,under,0.5,3.6,api_football,open
2026-10-05T07:40:23Z,1490527,2026-10-14T23:30:00Z,13909.6,FAR,USA MLS,new_format,Columbus Crew,Charlotte,7,William Hill,btts,yes,,1.5,api_football,open
2026-10-05T07:40:23Z,1490527,2026-10-14T23:30:00Z,13909.6,FAR,USA MLS,new_format,Columbus Crew,Charlotte,7,William Hill,btts,no,,2.45,api_football,open
2026-10-05T07:40:23Z,1490527,2026-10-14T23:30:00Z,13909.6,FAR,USA MLS,new_format,Columbus Crew,Charlotte,8,Bet365,ou,over,1.5,1.17,api_football,open
2026-10-05T07:40:23Z,1490527,2026-10-14T23:30:00Z,13909.6,FAR,USA MLS,new_format,Columbus Crew,Charlotte,8,Bet365,ou,under,1.5,5.0,api_football,open
2026-10-05T07:40:23Z,1490527,2026-10-14T23:30:00Z,13909.6,FAR,USA MLS,new_format,Columbus Crew,Charlotte,8,Bet365,ou,over,2.5,1.57,api_football,open
2026-10-05T07:40:23Z,1490527,2026-10-14T23:30:00Z,13909.6,FAR,USA MLS,new_format,Columbus Crew,Charlotte,8,Bet365,ou,under,2.5,2.35,api_football,open
2026-10-05T07:40:23Z,1490527,2026-10-14T23:30:00Z,13909.6,FAR,USA MLS,new_format,Columbus Crew,Charlotte,8,Bet365,ou,over,3.5,2.38,api_football,open
2026-10-05T07:40:23Z,1490527,2026-10-14T23:30:00Z,13909.6,FAR,USA MLS,new_format,Columbus Crew,Charlotte,8,Bet365,ou,under,3.5,1.53,api_football,open
2026-10-05T07:40:23Z,1490527,2026-10-14T23:30:00Z,13909.6,FAR,USA MLS,new_format,Columbus Crew,Charlotte,8,Bet365,ht_ou,over,1.5,2.25,api_football,open
2026-10-05T07:40:23Z,1490527,2026-10-14T23:30:00Z,13909.6,FAR,USA MLS,new_format,Columbus Crew,Charlotte,8,Bet365,ht_ou,under,1.5,1.57,api_football,open
2026-10-05T07:40:23Z,1490527,2026-10-14T23:30:00Z,13909.6,FAR,USA MLS,new_format,Columbus Crew,Charlotte,8,Bet365,ht_ou,over,0.5,1.28,api_football,open
2026-10-05T07:40:23Z,1490527,2026-10-14T23:30:00Z,13909.6,FAR,USA MLS,new_format,Columbus Crew,Charlotte,8,Bet365,ht_ou,under,0.5,3.5,api_football,open
2026-10-05T07:40:23Z,1490527,2026-10-14T23:30:00Z,13909.6,FAR,USA MLS,new_format,Columbus Crew,Charlotte,8,Bet365,btts,yes,,1.5,api_football,open
2026-10-05T07:40:23Z,1490527,2026-10-14T23:30:00Z,13909.6,FAR,USA MLS,new_format,Columbus Crew,Charlotte,8,Bet365,btts,no,,2.5,api_football,open
2026-10-05T07:40:23Z,1490527,2026-10-14T23:30:00Z,13909.6,FAR,USA MLS,new_format,Columbus Crew,Charlotte,2,Marathonbet,ou,over,1.5,1.14,api_football,open
2026-10-05T07:40:23Z,1490527,2026-10-14T23:30:00Z,13909.6,FAR,USA MLS,new_format,Columbus Crew,Charlotte,2,Marathonbet,ou,under,1.5,4.4,api_football,open
2026-10-05T07:40:23Z,1490527,2026-10-14T23:30:00Z,13909.6,FAR,USA MLS,new_format,Columbus Crew,Charlotte,2,Marathonbet,ou,over,2.5,1.57,api_football,open
2026-10-05T07:40:23Z,1490527,2026-10-14T23:30:00Z,13909.6,FAR,USA MLS,new_format,Columbus Crew,Charlotte,2,Marathonbet,ou,under,2.5,2.31,api_football,open
2026-10-05T07:40:23Z,1490527,2026-10-14T23:30:00Z,13909.6,FAR,USA MLS,new_format,Columbus Crew,Charlotte,2,Marathonbet,ou,over,3.5,2.3,api_football,open
2026-10-05T07:40:23Z,1490527,2026-10-14T23:30:00Z,13909.6,FAR,USA MLS,new_format,Columbus Crew,Charlotte,2,Marathonbet,ou,under,3.5,1.49,api_football,open
2026-10-05T07:40:23Z,1490527,2026-10-14T23:30:00Z,13909.6,FAR,USA MLS,new_format,Columbus Crew,Charlotte,2,Marathonbet,ht_ou,over,1.5,2.18,api_football,open
2026-10-05T07:40:23Z,1490527,2026-10-14T23:30:00Z,13909.6,FAR,USA MLS,new_format,Columbus Crew,Charlotte,2,Marathonbet,ht_ou,under,1.5,1.62,api_football,open
2026-10-05T07:40:23Z,1490527,2026-10-14T23:30:00Z,13909.6,FAR,USA MLS,new_format,Columbus Crew,Charlotte,2,Marathonbet,ht_ou,over,0.5,1.23,api_football,open
2026-10-05T07:40:23Z,1490527,2026-10-14T23:30:00Z,13909.6,FAR,USA MLS,new_format,Columbus Crew,Charlotte,2,Marathonbet,ht_ou,under,0.5,3.48,api_football,open
2026-10-05T07:40:23Z,1490527,2026-10-14T23:30:00Z,13909.6,FAR,USA MLS,new_format,Columbus Crew,Charlotte,2,Marathonbet,btts,yes,,1.5,api_football,open
2026-10-05T07:40:23Z,1490527,2026-10-14T23:30:00Z,13909.6,FAR,USA MLS,new_format,Columbus Crew,Charlotte,2,Marathonbet,btts,no,,2.38,api_football,open
2026-10-05T07:40:23Z,1490527,2026-10-14T23:30:00Z,13909.6,FAR,USA MLS,new_format,Columbus Crew,Charlotte,3,Betfair,ht_ou,over,1.5,2.2,api_football,open
2026-10-05T07:40:23Z,1490527,2026-10-14T23:30:00Z,13909.6,FAR,USA MLS,new_format,Columbus Crew,Charlotte,3,Betfair,ht_ou,under,1.5,1.6,api_football,open
2026-10-05T07:40:23Z,1490527,2026-10-14T23:30:00Z,13909.6,FAR,USA MLS,new_format,Columbus Crew,Charlotte,3,Betfair,ht_ou,over,0.5,1.22,api_football,open
2026-10-05T07:40:23Z,1490527,2026-10-14T23:30:00Z,13909.6,FAR,USA MLS,new_format,Columbus Crew,Charlotte,3,Betfair,ht_ou,under,0.5,3.8,api_football,open
2026-10-05T07:40:23Z,1490527,2026-10-14T23:30:00Z,13909.6,FAR,USA MLS,new_format,Columbus Crew,Charlotte,32,Betano,ou,over,1.5,1.19,api_football,open
2026-10-05T07:40:23Z,1490527,2026-10-14T23:30:00Z,13909.6,FAR,USA MLS,new_format,Columbus Crew,Charlotte,32,Betano,ou,under,1.5,4.75,api_football,open
2026-10-05T07:40:23Z,1490527,2026-10-14T23:30:00Z,13909.6,FAR,USA MLS,new_format,Columbus Crew,Charlotte,32,Betano,ou,over,2.5,1.6,api_football,open
2026-10-05T07:40:23Z,1490527,2026-10-14T23:30:00Z,13909.6,FAR,USA MLS,new_format,Columbus Crew,Charlotte,32,Betano,ou,under,2.5,2.42,api_football,open
2026-10-05T07:40:23Z,1490527,2026-10-14T23:30:00Z,13909.6,FAR,USA MLS,new_format,Columbus Crew,Charlotte,32,Betano,ou,over,3.5,2.42,api_football,open
2026-10-05T07:40:23Z,1490527,2026-10-14T23:30:00Z,13909.6,FAR,USA MLS,new_format,Columbus Crew,Charlotte,32,Betano,ou,under,3.5,1.6,api_football,open
2026-10-05T07:40:23Z,1490527,2026-10-14T23:30:00Z,13909.6,FAR,USA MLS,new_format,Columbus Crew,Charlotte,32,Betano,ht_ou,over,1.5,2.37,api_football,open
2026-10-05T07:40:23Z,1490527,2026-10-14T23:30:00Z,13909.6,FAR,USA MLS,new_format,Columbus Crew,Charlotte,32,Betano,ht_ou,under,1.5,1.6,api_football,open
2026-10-05T07:40:23Z,1490527,2026-10-14T23:30:00Z,13909.6,FAR,USA MLS,new_format,Columbus Crew,Charlotte,32,Betano,ht_ou,over,0.5,1.32,api_football,open
2026-10-05T07:40:23Z,1490527,2026-10-14T23:30:00Z,13909.6,FAR,USA MLS,new_format,Columbus Crew,Charlotte,32,Betano,ht_ou,under,0.5,3.3,api_football,open
2026-10-05T07:40:23Z,1490527,2026-10-14T23:30:00Z,13909.6,FAR,USA MLS,new_format,Columbus Crew,Charlotte,32,Betano,btts,yes,,1.5,api_football,open
2026-10-05T07:40:23Z,1490527,2026-10-14T23:30:00Z,13909.6,FAR,USA MLS,new_format,Columbus Crew,Charlotte,32,Betano,btts,no,,2.47,api_football,open
2026-10-05T07:40:23Z,1490530,2026-10-14T23:30:00Z,13909.6,FAR,USA MLS,new_format,CF Montreal,Atlanta United FC,7,William Hill,ht_ou,over,1.5,2.3,api_football,open
2026-10-05T07:40:23Z,1490530,2026-10-14T23:30:00Z,13909.6,FAR,USA MLS,new_format,CF Montreal,Atlanta United FC,7,William Hill,ht_ou,under,1.5,1.57,api_football,open
2026-10-05T07:40:23Z,1490530,2026-10-14T23:30:00Z,13909.6,FAR,USA MLS,new_format,CF Montreal,Atlanta United FC,7,William Hill,ht_ou,over,0.5,1.25,api_football,open
2026-10-05T07:40:23Z,1490530,2026-10-14T23:30:00Z,13909.6,FAR,USA MLS,new_format,CF Montreal,Atlanta United FC,7,William Hill,ht_ou,under,0.5,3.6,api_football,open
2026-10-05T07:40:23Z,1490530,2026-10-14T23:30:00Z,13909.6,FAR,USA MLS,new_format,CF Montreal,Atlanta United FC,7,William Hill,btts,yes,,1.5,api_football,open
2026-10-05T07:40:23Z,1490530,2026-10-14T23:30:00Z,13909.6,FAR,USA MLS,new_format,CF Montreal,Atlanta United FC,7,William Hill,btts,no,,2.45,api_football,open
2026-10-05T07:40:23Z,1490530,2026-10-14T23:30:00Z,13909.6,FAR,USA MLS,new_format,CF Montreal,Atlanta United FC,8,Bet365,ou,over,1.5,1.17,api_football,open
2026-10-05T07:40:23Z,1490530,2026-10-14T23:30:00Z,13909.6,FAR,USA MLS,new_format,CF Montreal,Atlanta United FC,8,Bet365,ou,under,1.5,5.0,api_football,open
2026-10-05T07:40:23Z,1490530,2026-10-14T23:30:00Z,13909.6,FAR,USA MLS,new_format,CF Montreal,Atlanta United FC,8,Bet365,ou,over,2.5,1.57,api_football,open
2026-10-05T07:40:23Z,1490530,2026-10-14T23:30:00Z,13909.6,FAR,USA MLS,new_format,CF Montreal,Atlanta United FC,8,Bet365,ou,under,2.5,2.35,api_football,open
2026-10-05T07:40:23Z,1490530,2026-10-14T23:30:00Z,13909.6,FAR,USA MLS,new_format,CF Montreal,Atlanta United FC,8,Bet365,ou,over,3.5,2.38,api_football,open
2026-10-05T07:40:23Z,1490530,2026-10-14T23:30:00Z,13909.6,FAR,USA MLS,new_format,CF Montreal,Atlanta United FC,8,Bet365,ou,under,3.5,1.53,api_football,open
2026-10-05T07:40:23Z,1490530,2026-10-14T23:30:00Z,13909.6,FAR,USA MLS,new_format,CF Montreal,Atlanta United FC,8,Bet365,ht_ou,over,1.5,2.25,api_football,open
2026-10-05T07:40:23Z,1490530,2026-10-14T23:30:00Z,13909.6,FAR,USA MLS,new_format,CF Montreal,Atlanta United FC,8,Bet365,ht_ou,under,1.5,1.57,api_football,open
2026-10-05T07:40:23Z,1490530,2026-10-14T23:30:00Z,13909.6,FAR,USA MLS,new_format,CF Montreal,Atlanta United FC,8,Bet365,ht_ou,over,0.5,1.28,api_football,open
2026-10-05T07:40:23Z,1490530,2026-10-14T23:30:00Z,13909.6,FAR,USA MLS,new_format,CF Montreal,Atlanta United FC,8,Bet365,ht_ou,under,0.5,3.5,api_football,open
2026-10-05T07:40:23Z,1490530,2026-10-14T23:30:00Z,13909.6,FAR,USA MLS,new_format,CF Montreal,Atlanta United FC,8,Bet365,btts,yes,,1.5,api_football,open
2026-10-05T07:40:23Z,1490530,2026-10-14T23:30:00Z,13909.6,FAR,USA MLS,new_format,CF Montreal,Atlanta United FC,8,Bet365,btts,no,,2.5,api_football,open
2026-10-05T07:40:23Z,1490530,2026-10-14T23:30:00Z,13909.6,FAR,USA MLS,new_format,CF Montreal,Atlanta United FC,2,Marathonbet,ou,over,1.5,1.12,api_football,open
2026-10-05T07:40:23Z,1490530,2026-10-14T23:30:00Z,13909.6,FAR,USA MLS,new_format,CF Montreal,Atlanta United FC,2,Marathonbet,ou,under,1.5,4.7,api_football,open
2026-10-05T07:40:23Z,1490530,2026-10-14T23:30:00Z,13909.6,FAR,USA MLS,new_format,CF Montreal,Atlanta United FC,2,Marathonbet,ou,over,2.5,1.56,api_football,open
2026-10-05T07:40:23Z,1490530,2026-10-14T23:30:00Z,13909.6,FAR,USA MLS,new_format,CF Montreal,Atlanta United FC,2,Marathonbet,ou,under,2.5,2.33,api_football,open
2026-10-05T07:40:23Z,1490530,2026-10-14T23:30:00Z,13909.6,FAR,USA MLS,new_format,CF Montreal,Atlanta United FC,2,Marathonbet,ou,over,3.5,2.33,api_football,open
2026-10-05T07:40:23Z,1490530,2026-10-14T23:30:00Z,13909.6,FAR,USA MLS,new_format,CF Montreal,Atlanta United FC,2,Marathonbet,ou,under,3.5,1.48,api_football,open
2026-10-05T07:40:23Z,1490530,2026-10-14T23:30:00Z,13909.6,FAR,USA MLS,new_format,CF Montreal,Atlanta United FC,2,Marathonbet,ht_ou,over,1.5,2.19,api_football,open
2026-10-05T07:40:23Z,1490530,2026-10-14T23:30:00Z,13909.6,FAR,USA MLS,new_format,CF Montreal,Atlanta United FC,2,Marathonbet,ht_ou,under,1.5,1.61,api_football,open
2026-10-05T07:40:23Z,1490530,2026-10-14T23:30:00Z,13909.6,FAR,USA MLS,new_format,CF Montreal,Atlanta United FC,2,Marathonbet,ht_ou,over,0.5,1.22,api_football,open
2026-10-05T07:40:23Z,1490530,2026-10-14T23:30:00Z,13909.6,FAR,USA MLS,new_format,CF Montreal,Atlanta United FC,2,Marathonbet,ht_ou,under,0.5,3.56,api_football,open
2026-10-05T07:40:23Z,1490530,2026-10-14T23:30:00Z,13909.6,FAR,USA MLS,new_format,CF Montreal,Atlanta United FC,2,Marathonbet,btts,yes,,1.48,api_football,open
2026-10-05T07:40:23Z,1490530,2026-10-14T23:30:00Z,13909.6,FAR,USA MLS,new_format,CF Montreal,Atlanta United FC,2,Marathonbet,btts,no,,2.43,api_football,open
2026-10-05T07:40:23Z,1490530,2026-10-14T23:30:00Z,13909.6,FAR,USA MLS,new_format,CF Montreal,Atlanta United FC,3,Betfair,ht_ou,over,1.5,2.25,api_football,open
2026-10-05T07:40:23Z,1490530,2026-10-14T23:30:00Z,13909.6,FAR,USA MLS,new_format,CF Montreal,Atlanta United FC,3,Betfair,ht_ou,under,1.5,1.57,api_football,open
2026-10-05T07:40:23Z,1490530,2026-10-14T23:30:00Z,13909.6,FAR,USA MLS,new_format,CF Montreal,Atlanta United FC,3,Betfair,ht_ou,over,0.5,1.22,api_football,open
2026-10-05T07:40:23Z,1490530,2026-10-14T23:30:00Z,13909.6,FAR,USA MLS,new_format,CF Montreal,Atlanta United FC,3,Betfair,ht_ou,under,0.5,3.8,api_football,open
2026-10-05T07:40:23Z,1490530,2026-10-14T23:30:00Z,13909.6,FAR,USA MLS,new_format,CF Montreal,Atlanta United FC,32,Betano,ou,over,1.5,1.2,api_football,open
2026-10-05T07:40:23Z,1490530,2026-10-14T23:30:00Z,13909.6,FAR,USA MLS,new_format,CF Montreal,Atlanta United FC,32,Betano,ou,under,1.5,4.65,api_football,open
2026-10-05T07:40:23Z,1490530,2026-10-14T23:30:00Z,13909.6,FAR,USA MLS,new_format,CF Montreal,Atlanta United FC,32,Betano,ou,over,2.5,1.62,api_football,open
2026-10-05T07:40:23Z,1490530,2026-10-14T23:30:00Z,13909.6,FAR,USA MLS,new_format,CF Montreal,Atlanta United FC,32,Betano,ou,under,2.5,2.37,api_football,open
2026-10-05T07:40:23Z,1490530,2026-10-14T23:30:00Z,13909.6,FAR,USA MLS,new_format,CF Montreal,Atlanta United FC,32,Betano,ou,over,3.5,2.47,api_football,open
2026-10-05T07:40:23Z,1490530,2026-10-14T23:30:00Z,13909.6,FAR,USA MLS,new_format,CF Montreal,Atlanta United FC,32,Betano,ou,under,3.5,1.57,api_football,open
2026-10-05T07:40:23Z,1490530,2026-10-14T23:30:00Z,13909.6,FAR,USA MLS,new_format,CF Montreal,Atlanta United FC,32,Betano,ht_ou,over,1.5,2.42,api_football,open
2026-10-05T07:40:23Z,1490530,2026-10-14T23:30:00Z,13909.6,FAR,USA MLS,new_format,CF Montreal,Atlanta United FC,32,Betano,ht_ou,under,1.5,1.57,api_football,open
2026-10-05T07:40:23Z,1490530,2026-10-14T23:30:00Z,13909.6,FAR,USA MLS,new_format,CF Montreal,Atlanta United FC,32,Betano,ht_ou,over,0.5,1.33,api_football,open
2026-10-05T07:40:23Z,1490530,2026-10-14T23:30:00Z,13909.6,FAR,USA MLS,new_format,CF Montreal,Atlanta United FC,32,Betano,ht_ou,under,0.5,3.25,api_football,open
2026-10-05T07:40:23Z,1490530,2026-10-14T23:30:00Z,13909.6,FAR,USA MLS,new_format,CF Montreal,Atlanta United FC,32,Betano,btts,yes,,1.5,api_football,open
2026-10-05T07:40:23Z,1490530,2026-10-14T23:30:00Z,13909.6,FAR,USA MLS,new_format,CF Montreal,Atlanta United FC,32,Betano,btts,no,,2.47,api_football,open
2026-10-05T07:40:23Z,1490531,2026-10-14T23:30:00Z,13909.6,FAR,USA MLS,new_format,DC United,New York Red Bulls,7,William Hill,ht_ou,over,1.5,2.1,api_football,open
2026-10-05T07:40:23Z,1490531,2026-10-14T23:30:00Z,13909.6,FAR,USA MLS,new_format,DC United,New York Red Bulls,7,William Hill,ht_ou,under,1.5,1.67,api_football,open
2026-10-05T07:40:23Z,1490531,2026-10-14T23:30:00Z,13909.6,FAR,USA MLS,new_format,DC United,New York Red Bulls,7,William Hill,ht_ou,over,0.5,1.22,api_football,open
2026-10-05T07:40:23Z,1490531,2026-10-14T23:30:00Z,13909.6,FAR,USA MLS,new_format,DC United,New York Red Bulls,7,William Hill,ht_ou,under,0.5,3.9,api_football,open
2026-10-05T07:40:23Z,1490531,2026-10-14T23:30:00Z,13909.6,FAR,USA MLS,new_format,DC United,New York Red Bulls,7,William Hill,btts,yes,,1.44,api_football,open
2026-10-05T07:40:23Z,1490531,2026-10-14T23:30:00Z,13909.6,FAR,USA MLS,new_format,DC United,New York Red Bulls,7,William Hill,btts,no,,2.5,api_football,open
2026-10-05T07:40:23Z,1490531,2026-10-14T23:30:00Z,13909.6,FAR,USA MLS,new_format,DC United,New York Red Bulls,8,Bet365,ou,over,1.5,1.14,api_football,open
2026-10-05T07:40:23Z,1490531,2026-10-14T23:30:00Z,13909.6,FAR,USA MLS,new_format,DC United,New York Red Bulls,8,Bet365,ou,under,1.5,5.5,api_football,open
2026-10-05T07:40:23Z,1490531,2026-10-14T23:30:00Z,13909.6,FAR,USA MLS,new_format,DC United,New York Red Bulls,8,Bet365,ou,over,2.5,1.5,api_football,open
2026-10-05T07:40:23Z,1490531,2026-10-14T23:30:00Z,13909.6,FAR,USA MLS,new_format,DC United,New York Red Bulls,8,Bet365,ou,under,2.5,2.5,api_football,open
2026-10-05T07:40:23Z,1490531,2026-10-14T23:30:00Z,13909.6,FAR,USA MLS,new_format,DC United,New York Red Bulls,8,Bet365,ou,over,3.5,2.2,api_football,open
2026-10-05T07:40:23Z,1490531,2026-10-14T23:30:00Z,13909.6,FAR,USA MLS,new_format,DC United,New York Red Bulls,8,Bet365,ou,under,3.5,1.62,api_football,open
2026-10-05T07:40:23Z,1490531,2026-10-14T23:30:00Z,13909.6,FAR,USA MLS,new_format,DC United,New York Red Bulls,8,Bet365,ht_ou,over,1.5,2.1,api_football,open
2026-10-05T07:40:23Z,1490531,2026-10-14T23:30:00Z,13909.6,FAR,USA MLS,new_format,DC United,New York Red Bulls,8,Bet365,ht_ou,under,1.5,1.67,api_football,open
2026-10-05T07:40:23Z,1490531,2026-10-14T23:30:00Z,13909.6,FAR,USA MLS,new_format,DC United,New York Red Bulls,8,Bet365,ht_ou,over,0.5,1.25,api_football,open
2026-10-05T07:40:23Z,1490531,2026-10-14T23:30:00Z,13909.6,FAR,USA MLS,new_format,DC United,New York Red Bulls,8,Bet365,ht_ou,under,0.5,3.75,api_football,open
2026-10-05T07:40:23Z,1490531,2026-10-14T23:30:00Z,13909.6,FAR,USA MLS,new_format,DC United,New York Red Bulls,8,Bet365,btts,yes,,1.5,api_football,open
2026-10-05T07:40:23Z,1490531,2026-10-14T23:30:00Z,13909.6,FAR,USA MLS,new_format,DC United,New York Red Bulls,8,Bet365,btts,no,,2.5,api_football,open
2026-10-05T07:40:23Z,1490531,2026-10-14T23:30:00Z,13909.6,FAR,USA MLS,new_format,DC United,New York Red Bulls,2,Marathonbet,ou,over,1.5,1.11,api_football,open
2026-10-05T07:40:23Z,1490531,2026-10-14T23:30:00Z,13909.6,FAR,USA MLS,new_format,DC United,New York Red Bulls,2,Marathonbet,ou,under,1.5,4.9,api_football,open
2026-10-05T07:40:23Z,1490531,2026-10-14T23:30:00Z,13909.6,FAR,USA MLS,new_format,DC United,New York Red Bulls,2,Marathonbet,ou,over,2.5,1.44,api_football,open
2026-10-05T07:40:23Z,1490531,2026-10-14T23:30:00Z,13909.6,FAR,USA MLS,new_format,DC United,New York Red Bulls,2,Marathonbet,ou,under,2.5,2.43,api_football,open
2026-10-05T07:40:23Z,1490531,2026-10-14T23:30:00Z,13909.6,FAR,USA MLS,new_format,DC United,New York Red Bulls,2,Marathonbet,ou,over,3.5,2.19,api_football,open
2026-10-05T07:40:23Z,1490531,2026-10-14T23:30:00Z,13909.6,FAR,USA MLS,new_format,DC United,New York Red Bulls,2,Marathonbet,ou,under,3.5,1.63,api_football,open
2026-10-05T07:40:23Z,1490531,2026-10-14T23:30:00Z,13909.6,FAR,USA MLS,new_format,DC United,New York Red Bulls,2,Marathonbet,ht_ou,over,1.5,2.08,api_football,open
2026-10-05T07:40:23Z,1490531,2026-10-14T23:30:00Z,13909.6,FAR,USA MLS,new_format,DC United,New York Red Bulls,2,Marathonbet,ht_ou,under,1.5,1.68,api_football,open
2026-10-05T07:40:23Z,1490531,2026-10-14T23:30:00Z,13909.6,FAR,USA MLS,new_format,DC United,New York Red Bulls,2,Marathonbet,ht_ou,over,0.5,1.19,api_football,open
2026-10-05T07:40:23Z,1490531,2026-10-14T23:30:00Z,13909.6,FAR,USA MLS,new_format,DC United,New York Red Bulls,2,Marathonbet,ht_ou,under,0.5,3.8,api_football,open
2026-10-05T07:40:23Z,1490531,2026-10-14T23:30:00Z,13909.6,FAR,USA MLS,new_format,DC United,New York Red Bulls,2,Marathonbet,btts,yes,,1.47,api_football,open
2026-10-05T07:40:23Z,1490531,2026-10-14T23:30:00Z,13909.6,FAR,USA MLS,new_format,DC United,New York Red Bulls,2,Marathonbet,btts,no,,2.46,api_football,open
2026-10-05T07:40:23Z,1490531,2026-10-14T23:30:00Z,13909.6,FAR,USA MLS,new_format,DC United,New York Red Bulls,3,Betfair,ht_ou,over,1.5,2.1,api_football,open
2026-10-05T07:40:23Z,1490531,2026-10-14T23:30:00Z,13909.6,FAR,USA MLS,new_format,DC United,New York Red Bulls,3,Betfair,ht_ou,under,1.5,1.65,api_football,open
2026-10-05T07:40:23Z,1490531,2026-10-14T23:30:00Z,13909.6,FAR,USA MLS,new_format,DC United,New York Red Bulls,3,Betfair,ht_ou,over,0.5,1.2,api_football,open
2026-10-05T07:40:23Z,1490531,2026-10-14T23:30:00Z,13909.6,FAR,USA MLS,new_format,DC United,New York Red Bulls,3,Betfair,ht_ou,under,0.5,4.0,api_football,open
2026-10-05T07:40:23Z,1490531,2026-10-14T23:30:00Z,13909.6,FAR,USA MLS,new_format,DC United,New York Red Bulls,32,Betano,ou,over,1.5,1.16,api_football,open
2026-10-05T07:40:23Z,1490531,2026-10-14T23:30:00Z,13909.6,FAR,USA MLS,new_format,DC United,New York Red Bulls,32,Betano,ou,under,1.5,5.3,api_football,open
2026-10-05T07:40:23Z,1490531,2026-10-14T23:30:00Z,13909.6,FAR,USA MLS,new_format,DC United,New York Red Bulls,32,Betano,ou,over,2.5,1.52,api_football,open
2026-10-05T07:40:23Z,1490531,2026-10-14T23:30:00Z,13909.6,FAR,USA MLS,new_format,DC United,New York Red Bulls,32,Betano,ou,under,2.5,2.65,api_football,open
2026-10-05T07:40:23Z,1490531,2026-10-14T23:30:00Z,13909.6,FAR,USA MLS,new_format,DC United,New York Red Bulls,32,Betano,ou,over,3.5,2.22,api_football,open
2026-10-05T07:40:23Z,1490531,2026-10-14T23:30:00Z,13909.6,FAR,USA MLS,new_format,DC United,New York Red Bulls,32,Betano,ou,under,3.5,1.7,api_football,open
2026-10-05T07:40:23Z,1490531,2026-10-14T23:30:00Z,13909.6,FAR,USA MLS,new_format,DC United,New York Red Bulls,32,Betano,ht_ou,over,1.5,2.25,api_football,open
2026-10-05T07:40:23Z,1490531,2026-10-14T23:30:00Z,13909.6,FAR,USA MLS,new_format,DC United,New York Red Bulls,32,Betano,ht_ou,under,1.5,1.65,api_football,open
2026-10-05T07:40:23Z,1490531,2026-10-14T23:30:00Z,13909.6,FAR,USA MLS,new_format,DC United,New York Red Bulls,32,Betano,ht_ou,over,0.5,1.29,api_football,open
2026-10-05T07:40:23Z,1490531,2026-10-14T23:30:00Z,13909.6,FAR,USA MLS,new_format,DC United,New York Red Bulls,32,Betano,ht_ou,under,0.5,3.5,api_football,open
2026-10-05T07:40:23Z,1490531,2026-10-14T23:30:00Z,13909.6,FAR,USA MLS,new_format,DC United,New York Red Bulls,32,Betano,btts,yes,,1.47,api_football,open
2026-10-05T07:40:23Z,1490531,2026-10-14T23:30:00Z,13909.6,FAR,USA MLS,new_format,DC United,New York Red Bulls,32,Betano,btts,no,,2.55,api_football,open
2026-10-05T14:04:27Z,1558645,2026-10-10T14:00:00Z,7195.6,FAR,Belgian First Division A,standard,Cercle Brugge,Anderlecht,36,BetVictor,ou,over,1.5,1.18,api_football,open
2026-10-05T14:04:27Z,1558645,2026-10-10T14:00:00Z,7195.6,FAR,Belgian First Division A,standard,Cercle Brugge,Anderlecht,36,BetVictor,ou,under,1.5,4.4,api_football,open
2026-10-05T14:04:27Z,1558645,2026-10-10T14:00:00Z,7195.6,FAR,Belgian First Division A,standard,Cercle Brugge,Anderlecht,36,BetVictor,ou,over,2.5,1.63,api_football,open
2026-10-05T14:04:27Z,1558645,2026-10-10T14:00:00Z,7195.6,FAR,Belgian First Division A,standard,Cercle Brugge,Anderlecht,36,BetVictor,ou,under,2.5,2.1,api_football,open
2026-10-05T14:04:27Z,1558645,2026-10-10T14:00:00Z,7195.6,FAR,Belgian First Division A,standard,Cercle Brugge,Anderlecht,36,BetVictor,ou,over,3.5,2.63,api_football,open
2026-10-05T14:04:27Z,1558645,2026-10-10T14:00:00Z,7195.6,FAR,Belgian First Division A,standard,Cercle Brugge,Anderlecht,36,BetVictor,ou,under,3.5,1.44,api_football,open
2026-10-05T14:04:27Z,1558645,2026-10-10T14:00:00Z,7195.6,FAR,Belgian First Division A,standard,Cercle Brugge,Anderlecht,36,BetVictor,ht_ou,over,1.5,2.29,api_football,open
2026-10-05T14:04:27Z,1558645,2026-10-10T14:00:00Z,7195.6,FAR,Belgian First Division A,standard,Cercle Brugge,Anderlecht,36,BetVictor,ht_ou,under,1.5,1.53,api_football,open
2026-10-05T14:04:27Z,1558645,2026-10-10T14:00:00Z,7195.6,FAR,Belgian First Division A,standard,Cercle Brugge,Anderlecht,36,BetVictor,btts,yes,,1.53,api_football,open
2026-10-05T14:04:27Z,1558645,2026-10-10T14:00:00Z,7195.6,FAR,Belgian First Division A,standard,Cercle Brugge,Anderlecht,36,BetVictor,btts,no,,2.3,api_football,open
2026-10-05T14:04:27Z,1558648,2026-10-10T16:15:00Z,7330.6,FAR,Belgian First Division A,standard,RAAL La Louvière,Club Brugge KV,36,BetVictor,ou,over,1.5,1.11,api_football,open
2026-10-05T14:04:27Z,1558648,2026-10-10T16:15:00Z,7330.6,FAR,Belgian First Division A,standard,RAAL La Louvière,Club Brugge KV,36,BetVictor,ou,under,1.5,5.75,api_football,open
2026-10-05T14:04:27Z,1558648,2026-10-10T16:15:00Z,7330.6,FAR,Belgian First Division A,standard,RAAL La Louvière,Club Brugge KV,36,BetVictor,ou,over,2.5,1.44,api_football,open
2026-10-05T14:04:27Z,1558648,2026-10-10T16:15:00Z,7330.6,FAR,Belgian First Division A,standard,RAAL La Louvière,Club Brugge KV,36,BetVictor,ou,under,2.5,2.63,api_football,open
2026-10-05T14:04:27Z,1558648,2026-10-10T16:15:00Z,7330.6,FAR,Belgian First Division A,standard,RAAL La Louvière,Club Brugge KV,36,BetVictor,ou,over,3.5,2.08,api_football,open
2026-10-05T14:04:27Z,1558648,2026-10-10T16:15:00Z,7330.6,FAR,Belgian First Division A,standard,RAAL La Louvière,Club Brugge KV,36,BetVictor,ou,under,3.5,1.64,api_football,open
2026-10-05T14:04:27Z,1558648,2026-10-10T16:15:00Z,7330.6,FAR,Belgian First Division A,standard,RAAL La Louvière,Club Brugge KV,36,BetVictor,ht_ou,over,1.5,2.08,api_football,open
2026-10-05T14:04:27Z,1558648,2026-10-10T16:15:00Z,7330.6,FAR,Belgian First Division A,standard,RAAL La Louvière,Club Brugge KV,36,BetVictor,ht_ou,under,1.5,1.64,api_football,open
2026-10-05T14:04:27Z,1558648,2026-10-10T16:15:00Z,7330.6,FAR,Belgian First Division A,standard,RAAL La Louvière,Club Brugge KV,36,BetVictor,btts,yes,,1.67,api_football,open
2026-10-05T14:04:27Z,1558648,2026-10-10T16:15:00Z,7330.6,FAR,Belgian First Division A,standard,RAAL La Louvière,Club Brugge KV,36,BetVictor,btts,no,,2.05,api_football,open
2026-10-05T14:04:27Z,1558651,2026-10-10T18:45:00Z,7480.6,FAR,Belgian First Division A,standard,Zulte Waregem,Gent,36,BetVictor,ou,over,1.5,1.29,api_football,open
2026-10-05T14:04:27Z,1558651,2026-10-10T18:45:00Z,7480.6,FAR,Belgian First Division A,standard,Zulte Waregem,Gent,36,BetVictor,ou,under,1.5,3.4,api_football,open
2026-10-05T14:04:27Z,1558651,2026-10-10T18:45:00Z,7480.6,FAR,Belgian First Division A,standard,Zulte Waregem,Gent,36,BetVictor,ou,over,2.5,1.9,api_football,open
2026-10-05T14:04:27Z,1558651,2026-10-10T18:45:00Z,7480.6,FAR,Belgian First Division A,standard,Zulte Waregem,Gent,36,BetVictor,ou,under,2.5,1.78,api_football,open
2026-10-05T14:04:27Z,1558651,2026-10-10T18:45:00Z,7480.6,FAR,Belgian First Division A,standard,Zulte Waregem,Gent,36,BetVictor,ou,over,3.5,3.4,api_football,open
2026-10-05T14:04:27Z,1558651,2026-10-10T18:45:00Z,7480.6,FAR,Belgian First Division A,standard,Zulte Waregem,Gent,36,BetVictor,ou,under,3.5,1.29,api_football,open
2026-10-05T14:04:27Z,1558651,2026-10-10T18:45:00Z,7480.6,FAR,Belgian First Division A,standard,Zulte Waregem,Gent,36,BetVictor,ht_ou,over,1.5,2.62,api_football,open
2026-10-05T14:04:27Z,1558651,2026-10-10T18:45:00Z,7480.6,FAR,Belgian First Division A,standard,Zulte Waregem,Gent,36,BetVictor,ht_ou,under,1.5,1.41,api_football,open
2026-10-05T14:04:27Z,1558651,2026-10-10T18:45:00Z,7480.6,FAR,Belgian First Division A,standard,Zulte Waregem,Gent,36,BetVictor,ht_ou,over,0.5,1.39,api_football,open
2026-10-05T14:04:27Z,1558651,2026-10-10T18:45:00Z,7480.6,FAR,Belgian First Division A,standard,Zulte Waregem,Gent,36,BetVictor,ht_ou,under,0.5,2.7,api_football,open
2026-10-05T14:04:27Z,1558651,2026-10-10T18:45:00Z,7480.6,FAR,Belgian First Division A,standard,Zulte Waregem,Gent,36,BetVictor,btts,yes,,1.7,api_football,open
2026-10-05T14:04:27Z,1558651,2026-10-10T18:45:00Z,7480.6,FAR,Belgian First Division A,standard,Zulte Waregem,Gent,36,BetVictor,btts,no,,2.0,api_football,open
2026-10-05T14:04:27Z,1558650,2026-10-11T11:30:00Z,8485.5,FAR,Belgian First Division A,standard,Standard Liege,Charleroi,7,William Hill,ht_ou,over,1.5,2.5,api_football,open
2026-10-05T14:04:27Z,1558650,2026-10-11T11:30:00Z,8485.5,FAR,Belgian First Division A,standard,Standard Liege,Charleroi,7,William Hill,ht_ou,under,1.5,1.44,api_football,open
2026-10-05T14:04:27Z,1558650,2026-10-11T11:30:00Z,8485.5,FAR,Belgian First Division A,standard,Standard Liege,Charleroi,7,William Hill,ht_ou,over,0.5,1.33,api_football,open
2026-10-05T14:04:27Z,1558650,2026-10-11T11:30:00Z,8485.5,FAR,Belgian First Division A,standard,Standard Liege,Charleroi,7,William Hill,ht_ou,under,0.5,3.1,api_football,open
2026-10-05T14:04:27Z,1558650,2026-10-11T11:30:00Z,8485.5,FAR,Belgian First Division A,standard,Standard Liege,Charleroi,7,William Hill,btts,yes,,1.62,api_football,open
2026-10-05T14:04:27Z,1558650,2026-10-11T11:30:00Z,8485.5,FAR,Belgian First Division A,standard,Standard Liege,Charleroi,7,William Hill,btts,no,,2.2,api_football,open
2026-10-05T14:04:27Z,1558650,2026-10-11T11:30:00Z,8485.5,FAR,Belgian First Division A,standard,Standard Liege,Charleroi,8,Bet365,ou,over,1.5,1.25,api_football,open
2026-10-05T14:04:27Z,1558650,2026-10-11T11:30:00Z,8485.5,FAR,Belgian First Division A,standard,Standard Liege,Charleroi,8,Bet365,ou,under,1.5,3.75,api_football,open
2026-10-05T14:04:27Z,1558650,2026-10-11T11:30:00Z,8485.5,FAR,Belgian First Division A,standard,Standard Liege,Charleroi,8,Bet365,ou,over,2.5,1.8,api_football,open
2026-10-05T14:04:27Z,1558650,2026-10-11T11:30:00Z,8485.5,FAR,Belgian First Division A,standard,Standard Liege,Charleroi,8,Bet365,ou,under,2.5,2.0,api_football,open
2026-10-05T14:04:27Z,1558650,2026-10-11T11:30:00Z,8485.5,FAR,Belgian First Division A,standard,Standard Liege,Charleroi,8,Bet365,ou,over,3.5,3.0,api_football,open
2026-10-05T14:04:27Z,1558650,2026-10-11T11:30:00Z,8485.5,FAR,Belgian First Division A,standard,Standard Liege,Charleroi,8,Bet365,ou,under,3.5,1.36,api_football,open
2026-10-05T14:04:27Z,1558650,2026-10-11T11:30:00Z,8485.5,FAR,Belgian First Division A,standard,Standard Liege,Charleroi,8,Bet365,ht_ou,over,1.5,2.62,api_football,open
2026-10-05T14:04:27Z,1558650,2026-10-11T11:30:00Z,8485.5,FAR,Belgian First Division A,standard,Standard Liege,Charleroi,8,Bet365,ht_ou,under,1.5,1.44,api_football,open
2026-10-05T14:04:27Z,1558650,2026-10-11T11:30:00Z,8485.5,FAR,Belgian First Division A,standard,Standard Liege,Charleroi,8,Bet365,ht_ou,over,0.5,1.33,api_football,open
2026-10-05T14:04:27Z,1558650,2026-10-11T11:30:00Z,8485.5,FAR,Belgian First Division A,standard,Standard Liege,Charleroi,8,Bet365,ht_ou,under,0.5,3.25,api_football,open
2026-10-05T14:04:27Z,1558650,2026-10-11T11:30:00Z,8485.5,FAR,Belgian First Division A,standard,Standard Liege,Charleroi,8,Bet365,btts,yes,,1.67,api_football,open
2026-10-05T14:04:27Z,1558650,2026-10-11T11:30:00Z,8485.5,FAR,Belgian First Division A,standard,Standard Liege,Charleroi,8,Bet365,btts,no,,2.1,api_football,open
2026-10-05T14:04:27Z,1558650,2026-10-11T11:30:00Z,8485.5,FAR,Belgian First Division A,standard,Standard Liege,Charleroi,2,Marathonbet,ou,over,1.5,1.21,api_football,open
2026-10-05T14:04:27Z,1558650,2026-10-11T11:30:00Z,8485.5,FAR,Belgian First Division A,standard,Standard Liege,Charleroi,2,Marathonbet,ou,under,1.5,3.58,api_football,open
2026-10-05T14:04:27Z,1558650,2026-10-11T11:30:00Z,8485.5,FAR,Belgian First Division A,standard,Standard Liege,Charleroi,2,Marathonbet,ou,over,2.5,1.8,api_football,open
2026-10-05T14:04:27Z,1558650,2026-10-11T11:30:00Z,8485.5,FAR,Belgian First Division A,standard,Standard Liege,Charleroi,2,Marathonbet,ou,under,2.5,1.94,api_football,open
2026-10-05T14:04:27Z,1558650,2026-10-11T11:30:00Z,8485.5,FAR,Belgian First Division A,standard,Standard Liege,Charleroi,2,Marathonbet,ou,over,3.5,2.92,api_football,open
2026-10-05T14:04:27Z,1558650,2026-10-11T11:30:00Z,8485.5,FAR,Belgian First Division A,standard,Standard Liege,Charleroi,2,Marathonbet,ou,under,3.5,1.31,api_football,open
2026-10-05T14:04:27Z,1558650,2026-10-11T11:30:00Z,8485.5,FAR,Belgian First Division A,standard,Standard Liege,Charleroi,2,Marathonbet,ht_ou,over,1.5,2.63,api_football,open
2026-10-05T14:04:27Z,1558650,2026-10-11T11:30:00Z,8485.5,FAR,Belgian First Division A,standard,Standard Liege,Charleroi,2,Marathonbet,ht_ou,under,1.5,1.41,api_football,open
2026-10-05T14:04:27Z,1558650,2026-10-11T11:30:00Z,8485.5,FAR,Belgian First Division A,standard,Standard Liege,Charleroi,2,Marathonbet,ht_ou,over,0.5,1.32,api_football,open
2026-10-05T14:04:27Z,1558650,2026-10-11T11:30:00Z,8485.5,FAR,Belgian First Division A,standard,Standard Liege,Charleroi,2,Marathonbet,ht_ou,under,0.5,3.02,api_football,open
2026-10-05T14:04:27Z,1558650,2026-10-11T11:30:00Z,8485.5,FAR,Belgian First Division A,standard,Standard Liege,Charleroi,2,Marathonbet,btts,yes,,1.63,api_football,open
2026-10-05T14:04:27Z,1558650,2026-10-11T11:30:00Z,8485.5,FAR,Belgian First Division A,standard,Standard Liege,Charleroi,2,Marathonbet,btts,no,,2.11,api_football,open
2026-10-05T14:04:27Z,1558650,2026-10-11T11:30:00Z,8485.5,FAR,Belgian First Division A,standard,Standard Liege,Charleroi,3,Betfair,ht_ou,over,1.5,2.63,api_football,open
2026-10-05T14:04:27Z,1558650,2026-10-11T11:30:00Z,8485.5,FAR,Belgian First Division A,standard,Standard Liege,Charleroi,3,Betfair,ht_ou,under,1.5,1.44,api_football,open
2026-10-05T14:04:27Z,1558650,2026-10-11T11:30:00Z,8485.5,FAR,Belgian First Division A,standard,Standard Liege,Charleroi,3,Betfair,ht_ou,over,0.5,1.3,api_football,open
2026-10-05T14:04:27Z,1558650,2026-10-11T11:30:00Z,8485.5,FAR,Belgian First Division A,standard,Standard Liege,Charleroi,3,Betfair,ht_ou,under,0.5,3.2,api_football,open
2026-10-05T14:04:27Z,1558650,2026-10-11T11:30:00Z,8485.5,FAR,Belgian First Division A,standard,Standard Liege,Charleroi,4,Pinnacle,ou,over,1.5,1.25,api_football,open
2026-10-05T14:04:27Z,1558650,2026-10-11T11:30:00Z,8485.5,FAR,Belgian First Division A,standard,Standard Liege,Charleroi,4,Pinnacle,ou,under,1.5,3.96,api_football,open
2026-10-05T14:04:27Z,1558650,2026-10-11T11:30:00Z,8485.5,FAR,Belgian First Division A,standard,Standard Liege,Charleroi,4,Pinnacle,ou,over,2.5,1.81,api_football,open
2026-10-05T14:04:27Z,1558650,2026-10-11T11:30:00Z,8485.5,FAR,Belgian First Division A,standard,Standard Liege,Charleroi,4,Pinnacle,ou,under,2.5,2.03,api_football,open
2026-10-05T14:04:27Z,1558650,2026-10-11T11:30:00Z,8485.5,FAR,Belgian First Division A,standard,Standard Liege,Charleroi,4,Pinnacle,ou,over,3.5,3.0,api_football,open
2026-10-05T14:04:27Z,1558650,2026-10-11T11:30:00Z,8485.5,FAR,Belgian First Division A,standard,Standard Liege,Charleroi,4,Pinnacle,ou,under,3.5,1.39,api_football,open
2026-10-05T14:04:27Z,1558650,2026-10-11T11:30:00Z,8485.5,FAR,Belgian First Division A,standard,Standard Liege,Charleroi,4,Pinnacle,ht_ou,over,1.5,2.64,api_football,open
2026-10-05T14:04:27Z,1558650,2026-10-11T11:30:00Z,8485.5,FAR,Belgian First Division A,standard,Standard Liege,Charleroi,4,Pinnacle,ht_ou,under,1.5,1.46,api_football,open
2026-10-05T14:04:27Z,1558650,2026-10-11T11:30:00Z,8485.5,FAR,Belgian First Division A,standard,Standard Liege,Charleroi,4,Pinnacle,ht_ou,over,0.5,1.33,api_football,open
2026-10-05T14:04:27Z,1558650,2026-10-11T11:30:00Z,8485.5,FAR,Belgian First Division A,standard,Standard Liege,Charleroi,4,Pinnacle,ht_ou,under,0.5,3.23,api_football,open
2026-10-05T14:04:27Z,1558650,2026-10-11T11:30:00Z,8485.5,FAR,Belgian First Division A,standard,Standard Liege,Charleroi,5,SBO,ou,over,2.5,1.77,api_football,open
2026-10-05T14:04:27Z,1558650,2026-10-11T11:30:00Z,8485.5,FAR,Belgian First Division A,standard,Standard Liege,Charleroi,5,SBO,ou,under,2.5,2.05,api_football,open
2026-10-05T14:04:27Z,1558650,2026-10-11T11:30:00Z,8485.5,FAR,Belgian First Division A,standard,Standard Liege,Charleroi,11,1xBet,ou,over,1.5,1.21,api_football,open
2026-10-05T14:04:27Z,1558650,2026-10-11T11:30:00Z,8485.5,FAR,Belgian First Division A,standard,Standard Liege,Charleroi,11,1xBet,ou,under,1.5,3.58,api_football,open
2026-10-05T14:04:27Z,1558650,2026-10-11T11:30:00Z,8485.5,FAR,Belgian First Division A,standard,Standard Liege,Charleroi,11,1xBet,ou,over,2.5,1.84,api_football,open
2026-10-05T14:04:27Z,1558650,2026-10-11T11:30:00Z,8485.5,FAR,Belgian First Division A,standard,Standard Liege,Charleroi,11,1xBet,ou,under,2.5,1.98,api_football,open
2026-10-05T14:04:27Z,1558650,2026-10-11T11:30:00Z,8485.5,FAR,Belgian First Division A,standard,Standard Liege,Charleroi,11,1xBet,ou,over,3.5,2.92,api_football,open
2026-10-05T14:04:27Z,1558650,2026-10-11T11:30:00Z,8485.5,FAR,Belgian First Division A,standard,Standard Liege,Charleroi,11,1xBet,ou,under,3.5,1.31,api_football,open
2026-10-05T14:04:27Z,1558650,2026-10-11T11:30:00Z,8485.5,FAR,Belgian First Division A,standard,Standard Liege,Charleroi,11,1xBet,ht_ou,over,1.5,2.63,api_football,open
2026-10-05T14:04:27Z,1558650,2026-10-11T11:30:00Z,8485.5,FAR,Belgian First Division A,standard,Standard Liege,Charleroi,11,1xBet,ht_ou,under,1.5,1.41,api_football,open
2026-10-05T14:04:27Z,1558650,2026-10-11T11:30:00Z,8485.5,FAR,Belgian First Division A,standard,Standard Liege,Charleroi,11,1xBet,ht_ou,over,0.5,1.32,api_football,open
2026-10-05T14:04:27Z,1558650,2026-10-11T11:30:00Z,8485.5,FAR,Belgian First Division A,standard,Standard Liege,Charleroi,11,1xBet,ht_ou,under,0.5,3.02,api_football,open
2026-10-05T14:04:27Z,1558650,2026-10-11T11:30:00Z,8485.5,FAR,Belgian First Division A,standard,Standard Liege,Charleroi,11,1xBet,btts,yes,,1.63,api_football,open
2026-10-05T14:04:27Z,1558650,2026-10-11T11:30:00Z,8485.5,FAR,Belgian First Division A,standard,Standard Liege,Charleroi,11,1xBet,btts,no,,2.14,api_football,open
2026-10-05T14:04:27Z,1558650,2026-10-11T11:30:00Z,8485.5,FAR,Belgian First Division A,standard,Standard Liege,Charleroi,32,Betano,ou,over,1.5,1.29,api_football,open
2026-10-05T14:04:27Z,1558650,2026-10-11T11:30:00Z,8485.5,FAR,Belgian First Division A,standard,Standard Liege,Charleroi,32,Betano,ou,under,1.5,3.65,api_football,open
2026-10-05T14:04:27Z,1558650,2026-10-11T11:30:00Z,8485.5,FAR,Belgian First Division A,standard,Standard Liege,Charleroi,32,Betano,ou,over,2.5,1.88,api_football,open
2026-10-05T14:04:27Z,1558650,2026-10-11T11:30:00Z,8485.5,FAR,Belgian First Division A,standard,Standard Liege,Charleroi,32,Betano,ou,under,2.5,1.98,api_football,open
2026-10-05T14:04:27Z,1558650,2026-10-11T11:30:00Z,8485.5,FAR,Belgian First Division A,standard,Standard Liege,Charleroi,32,Betano,ou,over,3.5,3.15,api_football,open
2026-10-05T14:04:27Z,1558650,2026-10-11T11:30:00Z,8485.5,FAR,Belgian First Division A,standard,Standard Liege,Charleroi,32,Betano,ou,under,3.5,1.39,api_football,open
2026-10-05T14:04:27Z,1558650,2026-10-11T11:30:00Z,8485.5,FAR,Belgian First Division A,standard,Standard Liege,Charleroi,32,Betano,ht_ou,over,1.5,2.8,api_football,open
2026-10-05T14:04:27Z,1558650,2026-10-11T11:30:00Z,8485.5,FAR,Belgian First Division A,standard,Standard Liege,Charleroi,32,Betano,ht_ou,under,1.5,1.44,api_football,open
2026-10-05T14:04:27Z,1558650,2026-10-11T11:30:00Z,8485.5,FAR,Belgian First Division A,standard,Standard Liege,Charleroi,32,Betano,ht_ou,over,0.5,1.42,api_football,open
2026-10-05T14:04:27Z,1558650,2026-10-11T11:30:00Z,8485.5,FAR,Belgian First Division A,standard,Standard Liege,Charleroi,32,Betano,ht_ou,under,0.5,2.87,api_football,open
2026-10-05T14:04:27Z,1558650,2026-10-11T11:30:00Z,8485.5,FAR,Belgian First Division A,standard,Standard Liege,Charleroi,32,Betano,btts,yes,,1.65,api_football,open
2026-10-05T14:04:27Z,1558650,2026-10-11T11:30:00Z,8485.5,FAR,Belgian First Division A,standard,Standard Liege,Charleroi,32,Betano,btts,no,,2.15,api_football,open
2026-10-05T14:04:27Z,1558647,2026-10-11T17:15:00Z,8830.5,FAR,Belgian First Division A,standard,KV Mechelen,St. Truiden,7,William Hill,ht_ou,over,1.5,2.3,api_football,open
2026-10-05T14:04:27Z,1558647,2026-10-11T17:15:00Z,8830.5,FAR,Belgian First Division A,standard,KV Mechelen,St. Truiden,7,William Hill,ht_ou,under,1.5,1.55,api_football,open
2026-10-05T14:04:27Z,1558647,2026-10-11T17:15:00Z,8830.5,FAR,Belgian First Division A,standard,KV Mechelen,St. Truiden,7,William Hill,ht_ou,over,0.5,1.25,api_football,open
2026-10-05T14:04:27Z,1558647,2026-10-11T17:15:00Z,8830.5,FAR,Belgian First Division A,standard,KV Mechelen,St. Truiden,7,William Hill,ht_ou,under,0.5,3.4,api_football,open
2026-10-05T14:04:27Z,1558647,2026-10-11T17:15:00Z,8830.5,FAR,Belgian First Division A,standard,KV Mechelen,St. Truiden,7,William Hill,btts,yes,,1.55,api_football,open
2026-10-05T14:04:27Z,1558647,2026-10-11T17:15:00Z,8830.5,FAR,Belgian First Division A,standard,KV Mechelen,St. Truiden,7,William Hill,btts,no,,2.3,api_football,open
2026-10-05T14:04:27Z,1558647,2026-10-11T17:15:00Z,8830.5,FAR,Belgian First Division A,standard,KV Mechelen,St. Truiden,8,Bet365,ou,over,1.5,1.18,api_football,open
2026-10-05T14:04:27Z,1558647,2026-10-11T17:15:00Z,8830.5,FAR,Belgian First Division A,standard,KV Mechelen,St. Truiden,8,Bet365,ou,under,1.5,4.5,api_football,open
2026-10-05T14:04:27Z,1558647,2026-10-11T17:15:00Z,8830.5,FAR,Belgian First Division A,standard,KV Mechelen,St. Truiden,8,Bet365,ou,over,2.5,1.65,api_football,open
2026-10-05T14:04:27Z,1558647,2026-10-11T17:15:00Z,8830.5,FAR,Belgian First Division A,standard,KV Mechelen,St. Truiden,8,Bet365,ou,under,2.5,2.2,api_football,open
2026-10-05T14:04:27Z,1558647,2026-10-11T17:15:00Z,8830.5,FAR,Belgian First Division A,standard,KV Mechelen,St. Truiden,8,Bet365,ou,over,3.5,2.5,api_football,open
2026-10-05T14:04:27Z,1558647,2026-10-11T17:15:00Z,8830.5,FAR,Belgian First Division A,standard,KV Mechelen,St. Truiden,8,Bet365,ou,under,3.5,1.5,api_football,open
2026-10-05T14:04:27Z,1558647,2026-10-11T17:15:00Z,8830.5,FAR,Belgian First Division A,standard,KV Mechelen,St. Truiden,8,Bet365,ht_ou,over,1.5,2.38,api_football,open
2026-10-05T14:04:27Z,1558647,2026-10-11T17:15:00Z,8830.5,FAR,Belgian First Division A,standard,KV Mechelen,St. Truiden,8,Bet365,ht_ou,under,1.5,1.53,api_football,open
2026-10-05T14:04:27Z,1558647,2026-10-11T17:15:00Z,8830.5,FAR,Belgian First Division A,standard,KV Mechelen,St. Truiden,8,Bet365,ht_ou,over,0.5,1.3,api_football,open
2026-10-05T14:04:27Z,1558647,2026-10-11T17:15:00Z,8830.5,FAR,Belgian First Division A,standard,KV Mechelen,St. Truiden,8,Bet365,ht_ou,under,0.5,3.4,api_football,open
2026-10-05T14:04:27Z,1558647,2026-10-11T17:15:00Z,8830.5,FAR,Belgian First Division A,standard,KV Mechelen,St. Truiden,8,Bet365,btts,yes,,1.57,api_football,open
2026-10-05T14:04:27Z,1558647,2026-10-11T17:15:00Z,8830.5,FAR,Belgian First Division A,standard,KV Mechelen,St. Truiden,8,Bet365,btts,no,,2.25,api_football,open
2026-10-05T14:04:27Z,1558647,2026-10-11T17:15:00Z,8830.5,FAR,Belgian First Division A,standard,KV Mechelen,St. Truiden,2,Marathonbet,ou,over,1.5,1.16,api_football,open
2026-10-05T14:04:27Z,1558647,2026-10-11T17:15:00Z,8830.5,FAR,Belgian First Division A,standard,KV Mechelen,St. Truiden,2,Marathonbet,ou,under,1.5,4.15,api_football,open
2026-10-05T14:04:27Z,1558647,2026-10-11T17:15:00Z,8830.5,FAR,Belgian First Division A,standard,KV Mechelen,St. Truiden,2,Marathonbet,ou,over,2.5,1.64,api_football,open
2026-10-05T14:04:27Z,1558647,2026-10-11T17:15:00Z,8830.5,FAR,Belgian First Division A,standard,KV Mechelen,St. Truiden,2,Marathonbet,ou,under,2.5,2.17,api_football,open
2026-10-05T14:04:27Z,1558647,2026-10-11T17:15:00Z,8830.5,FAR,Belgian First Division A,standard,KV Mechelen,St. Truiden,2,Marathonbet,ou,over,3.5,2.52,api_football,open
2026-10-05T14:04:27Z,1558647,2026-10-11T17:15:00Z,8830.5,FAR,Belgian First Division A,standard,KV Mechelen,St. Truiden,2,Marathonbet,ou,under,3.5,1.41,api_football,open
2026-10-05T14:04:27Z,1558647,2026-10-11T17:15:00Z,8830.5,FAR,Belgian First Division A,standard,KV Mechelen,St. Truiden,2,Marathonbet,ht_ou,over,1.5,2.39,api_football,open
2026-10-05T14:04:27Z,1558647,2026-10-11T17:15:00Z,8830.5,FAR,Belgian First Division A,standard,KV Mechelen,St. Truiden,2,Marathonbet,ht_ou,under,1.5,1.49,api_football,open
2026-10-05T14:04:27Z,1558647,2026-10-11T17:15:00Z,8830.5,FAR,Belgian First Division A,standard,KV Mechelen,St. Truiden,2,Marathonbet,ht_ou,over,0.5,1.28,api_football,open
2026-10-05T14:04:27Z,1558647,2026-10-11T17:15:00Z,8830.5,FAR,Belgian First Division A,standard,KV Mechelen,St. Truiden,2,Marathonbet,ht_ou,under,0.5,3.24,api_football,open
2026-10-05T14:04:27Z,1558647,2026-10-11T17:15:00Z,8830.5,FAR,Belgian First Division A,standard,KV Mechelen,St. Truiden,2,Marathonbet,btts,yes,,1.55,api_football,open
2026-10-05T14:04:27Z,1558647,2026-10-11T17:15:00Z,8830.5,FAR,Belgian First Division A,standard,KV Mechelen,St. Truiden,2,Marathonbet,btts,no,,2.26,api_football,open
2026-10-05T14:04:27Z,1558647,2026-10-11T17:15:00Z,8830.5,FAR,Belgian First Division A,standard,KV Mechelen,St. Truiden,3,Betfair,ht_ou,over,1.5,2.5,api_football,open
2026-10-05T14:04:27Z,1558647,2026-10-11T17:15:00Z,8830.5,FAR,Belgian First Division A,standard,KV Mechelen,St. Truiden,3,Betfair,ht_ou,under,1.5,1.5,api_football,open
2026-10-05T14:04:27Z,1558647,2026-10-11T17:15:00Z,8830.5,FAR,Belgian First Division A,standard,KV Mechelen,St. Truiden,3,Betfair,ht_ou,over,0.5,1.29,api_football,open
2026-10-05T14:04:27Z,1558647,2026-10-11T17:15:00Z,8830.5,FAR,Belgian First Division A,standard,KV Mechelen,St. Truiden,3,Betfair,ht_ou,under,0.5,3.25,api_football,open
2026-10-05T14:04:27Z,1558647,2026-10-11T17:15:00Z,8830.5,FAR,Belgian First Division A,standard,KV Mechelen,St. Truiden,4,Pinnacle,ou,over,1.5,1.2,api_football,open
2026-10-05T14:04:27Z,1558647,2026-10-11T17:15:00Z,8830.5,FAR,Belgian First Division A,standard,KV Mechelen,St. Truiden,4,Pinnacle,ou,under,1.5,4.57,api_football,open
2026-10-05T14:04:27Z,1558647,2026-10-11T17:15:00Z,8830.5,FAR,Belgian First Division A,standard,KV Mechelen,St. Truiden,4,Pinnacle,ou,over,2.5,1.67,api_football,open
2026-10-05T14:04:27Z,1558647,2026-10-11T17:15:00Z,8830.5,FAR,Belgian First Division A,standard,KV Mechelen,St. Truiden,4,Pinnacle,ou,under,2.5,2.23,api_football,open
2026-10-05T14:04:27Z,1558647,2026-10-11T17:15:00Z,8830.5,FAR,Belgian First Division A,standard,KV Mechelen,St. Truiden,4,Pinnacle,ou,over,3.5,2.61,api_football,open
2026-10-05T14:04:27Z,1558647,2026-10-11T17:15:00Z,8830.5,FAR,Belgian First Division A,standard,KV Mechelen,St. Truiden,4,Pinnacle,ou,under,3.5,1.49,api_football,open
2026-10-05T14:04:27Z,1558647,2026-10-11T17:15:00Z,8830.5,FAR,Belgian First Division A,standard,KV Mechelen,St. Truiden,4,Pinnacle,ht_ou,over,1.5,2.56,api_football,open
2026-10-05T14:04:27Z,1558647,2026-10-11T17:15:00Z,8830.5,FAR,Belgian First Division A,standard,KV Mechelen,St. Truiden,4,Pinnacle,ht_ou,under,1.5,1.49,api_football,open
2026-10-05T14:04:27Z,1558647,2026-10-11T17:15:00Z,8830.5,FAR,Belgian First Division A,standard,KV Mechelen,St. Truiden,11,1xBet,ou,over,1.5,1.16,api_football,open
2026-10-05T14:04:27Z,1558647,2026-10-11T17:15:00Z,8830.5,FAR,Belgian First Division A,standard,KV Mechelen,St. Truiden,11,1xBet,ou,under,1.5,4.15,api_football,open
2026-10-05T14:04:27Z,1558647,2026-10-11T17:15:00Z,8830.5,FAR,Belgian First Division A,standard,KV Mechelen,St. Truiden,11,1xBet,ou,over,2.5,1.68,api_football,open
2026-10-05T14:04:27Z,1558647,2026-10-11T17:15:00Z,8830.5,FAR,Belgian First Division A,standard,KV Mechelen,St. Truiden,11,1xBet,ou,under,2.5,2.22,api_football,open
2026-10-05T14:04:27Z,1558647,2026-10-11T17:15:00Z,8830.5,FAR,Belgian First Division A,standard,KV Mechelen,St. Truiden,11,1xBet,ou,over,3.5,2.52,api_football,open
2026-10-05T14:04:27Z,1558647,2026-10-11T17:15:00Z,8830.5,FAR,Belgian First Division A,standard,KV Mechelen,St. Truiden,11,1xBet,ou,under,3.5,1.41,api_football,open
2026-10-05T14:04:27Z,1558647,2026-10-11T17:15:00Z,8830.5,FAR,Belgian First Division A,standard,KV Mechelen,St. Truiden,11,1xBet,ht_ou,over,1.5,2.39,api_football,open
2026-10-05T14:04:27Z,1558647,2026-10-11T17:15:00Z,8830.5,FAR,Belgian First Division A,standard,KV Mechelen,St. Truiden,11,1xBet,ht_ou,under,1.5,1.49,api_football,open
2026-10-05T14:04:27Z,1558647,2026-10-11T17:15:00Z,8830.5,FAR,Belgian First Division A,standard,KV Mechelen,St. Truiden,11,1xBet,ht_ou,over,0.5,1.28,api_football,open
2026-10-05T14:04:27Z,1558647,2026-10-11T17:15:00Z,8830.5,FAR,Belgian First Division A,standard,KV Mechelen,St. Truiden,11,1xBet,ht_ou,under,0.5,3.24,api_football,open
2026-10-05T14:04:27Z,1558647,2026-10-11T17:15:00Z,8830.5,FAR,Belgian First Division A,standard,KV Mechelen,St. Truiden,11,1xBet,btts,yes,,1.55,api_football,open
2026-10-05T14:04:27Z,1558647,2026-10-11T17:15:00Z,8830.5,FAR,Belgian First Division A,standard,KV Mechelen,St. Truiden,11,1xBet,btts,no,,2.3,api_football,open
2026-10-05T14:04:27Z,1558647,2026-10-11T17:15:00Z,8830.5,FAR,Belgian First Division A,standard,KV Mechelen,St. Truiden,32,Betano,ou,over,1.5,1.23,api_football,open
2026-10-05T14:04:27Z,1558647,2026-10-11T17:15:00Z,8830.5,FAR,Belgian First Division A,standard,KV Mechelen,St. Truiden,32,Betano,ou,under,1.5,4.25,api_football,open
2026-10-05T14:04:27Z,1558647,2026-10-11T17:15:00Z,8830.5,FAR,Belgian First Division A,standard,KV Mechelen,St. Truiden,32,Betano,ou,over,2.5,1.7,api_football,open
2026-10-05T14:04:27Z,1558647,2026-10-11T17:15:00Z,8830.5,FAR,Belgian First Division A,standard,KV Mechelen,St. Truiden,32,Betano,ou,under,2.5,2.22,api_football,open
2026-10-05T14:04:27Z,1558647,2026-10-11T17:15:00Z,8830.5,FAR,Belgian First Division A,standard,KV Mechelen,St. Truiden,32,Betano,ou,over,3.5,2.65,api_football,open
2026-10-05T14:04:27Z,1558647,2026-10-11T17:15:00Z,8830.5,FAR,Belgian First Division A,standard,KV Mechelen,St. Truiden,32,Betano,ou,under,3.5,1.5,api_football,open
2026-10-05T14:04:27Z,1558647,2026-10-11T17:15:00Z,8830.5,FAR,Belgian First Division A,standard,KV Mechelen,St. Truiden,32,Betano,ht_ou,over,1.5,2.45,api_football,open
2026-10-05T14:04:27Z,1558647,2026-10-11T17:15:00Z,8830.5,FAR,Belgian First Division A,standard,KV Mechelen,St. Truiden,32,Betano,ht_ou,under,1.5,1.57,api_football,open
2026-10-05T14:04:27Z,1558647,2026-10-11T17:15:00Z,8830.5,FAR,Belgian First Division A,standard,KV Mechelen,St. Truiden,32,Betano,ht_ou,over,0.5,1.34,api_football,open
2026-10-05T14:04:27Z,1558647,2026-10-11T17:15:00Z,8830.5,FAR,Belgian First Division A,standard,KV Mechelen,St. Truiden,32,Betano,ht_ou,under,0.5,3.15,api_football,open
2026-10-05T14:04:27Z,1558647,2026-10-11T17:15:00Z,8830.5,FAR,Belgian First Division A,standard,KV Mechelen,St. Truiden,32,Betano,btts,yes,,1.53,api_football,open
2026-10-05T14:04:27Z,1558647,2026-10-11T17:15:00Z,8830.5,FAR,Belgian First Division A,standard,KV Mechelen,St. Truiden,32,Betano,btts,no,,2.4,api_football,open
2026-10-05T14:04:27Z,1576194,2026-10-10T18:30:00Z,7465.6,FAR,Bundesliga 2,standard,1. FC Nürnberg,VfL Wolfsburg,36,BetVictor,ou,over,1.5,1.07,api_football,open
2026-10-05T14:04:27Z,1576194,2026-10-10T18:30:00Z,7465.6,FAR,Bundesliga 2,standard,1. FC Nürnberg,VfL Wolfsburg,36,BetVictor,ou,under,1.5,7.0,api_football,open
2026-10-05T14:04:27Z,1576194,2026-10-10T18:30:00Z,7465.6,FAR,Bundesliga 2,standard,1. FC Nürnberg,VfL Wolfsburg,36,BetVictor,ou,over,2.5,1.33,api_football,open
2026-10-05T14:04:27Z,1576194,2026-10-10T18:30:00Z,7465.6,FAR,Bundesliga 2,standard,1. FC Nürnberg,VfL Wolfsburg,36,BetVictor,ou,under,2.5,3.0,api_football,open
2026-10-05T14:04:27Z,1576194,2026-10-10T18:30:00Z,7465.6,FAR,Bundesliga 2,standard,1. FC Nürnberg,VfL Wolfsburg,36,BetVictor,ou,over,3.5,1.88,api_football,open
2026-10-05T14:04:27Z,1576194,2026-10-10T18:30:00Z,7465.6,FAR,Bundesliga 2,standard,1. FC Nürnberg,VfL Wolfsburg,36,BetVictor,ou,under,3.5,1.79,api_football,open
2026-10-05T14:04:27Z,1576194,2026-10-10T18:30:00Z,7465.6,FAR,Bundesliga 2,standard,1. FC Nürnberg,VfL Wolfsburg,36,BetVictor,ht_ou,over,1.5,1.94,api_football,open
2026-10-05T14:04:27Z,1576194,2026-10-10T18:30:00Z,7465.6,FAR,Bundesliga 2,standard,1. FC Nürnberg,VfL Wolfsburg,36,BetVictor,ht_ou,under,1.5,1.74,api_football,open
2026-10-05T14:04:27Z,1576194,2026-10-10T18:30:00Z,7465.6,FAR,Bundesliga 2,standard,1. FC Nürnberg,VfL Wolfsburg,36,BetVictor,btts,yes,,1.3,api_football,open
2026-10-05T14:04:27Z,1576194,2026-10-10T18:30:00Z,7465.6,FAR,Bundesliga 2,standard,1. FC Nürnberg,VfL Wolfsburg,36,BetVictor,btts,no,,3.13,api_football,open
2026-10-05T14:04:27Z,1563189,2026-10-10T11:30:00Z,7045.6,FAR,Championship,standard,West Brom,Birmingham,5,SBO,ou,over,2.5,1.78,api_football,open
2026-10-05T14:04:27Z,1563189,2026-10-10T11:30:00Z,7045.6,FAR,Championship,standard,West Brom,Birmingham,5,SBO,ou,under,2.5,2.04,api_football,open
2026-10-05T14:04:27Z,1563187,2026-10-10T11:30:00Z,7045.6,FAR,Championship,standard,Swansea,Norwich,5,SBO,ou,over,2.5,1.69,api_football,open
2026-10-05T14:04:27Z,1563187,2026-10-10T11:30:00Z,7045.6,FAR,Championship,standard,Swansea,Norwich,5,SBO,ou,under,2.5,2.14,api_football,open
2026-10-05T14:04:27Z,1563181,2026-10-10T11:30:00Z,7045.6,FAR,Championship,standard,Charlton,Bristol City,5,SBO,ou,over,2.5,2.09,api_football,open
2026-10-05T14:04:27Z,1563181,2026-10-10T11:30:00Z,7045.6,FAR,Championship,standard,Charlton,Bristol City,5,SBO,ou,under,2.5,1.73,api_football,open
2026-10-05T14:04:27Z,1563182,2026-10-10T14:00:00Z,7195.6,FAR,Championship,standard,Derby,Wrexham,5,SBO,ou,over,2.5,2.02,api_football,open
2026-10-05T14:04:27Z,1563182,2026-10-10T14:00:00Z,7195.6,FAR,Championship,standard,Derby,Wrexham,5,SBO,ou,under,2.5,1.8,api_football,open
2026-10-05T14:04:27Z,1563186,2026-10-11T11:00:00Z,8455.5,FAR,Championship,standard,Southampton,Portsmouth,36,BetVictor,ou,over,1.5,1.21,api_football,open
2026-10-05T14:04:27Z,1563186,2026-10-11T11:00:00Z,8455.5,FAR,Championship,standard,Southampton,Portsmouth,36,BetVictor,ou,under,1.5,3.75,api_football,open
2026-10-05T14:04:27Z,1563186,2026-10-11T11:00:00Z,8455.5,FAR,Championship,standard,Southampton,Portsmouth,36,BetVictor,ou,over,2.5,1.63,api_football,open
2026-10-05T14:04:27Z,1563186,2026-10-11T11:00:00Z,8455.5,FAR,Championship,standard,Southampton,Portsmouth,36,BetVictor,ou,under,2.5,2.1,api_football,open
2026-10-05T14:04:27Z,1563186,2026-10-11T11:00:00Z,8455.5,FAR,Championship,standard,Southampton,Portsmouth,36,BetVictor,ou,over,3.5,2.49,api_football,open
2026-10-05T14:04:27Z,1563186,2026-10-11T11:00:00Z,8455.5,FAR,Championship,standard,Southampton,Portsmouth,36,BetVictor,ou,under,3.5,1.45,api_football,open
2026-10-05T14:04:27Z,1563186,2026-10-11T11:00:00Z,8455.5,FAR,Championship,standard,Southampton,Portsmouth,36,BetVictor,ht_ou,over,1.5,2.31,api_football,open
2026-10-05T14:04:27Z,1563186,2026-10-11T11:00:00Z,8455.5,FAR,Championship,standard,Southampton,Portsmouth,36,BetVictor,ht_ou,under,1.5,1.52,api_football,open
2026-10-05T14:04:27Z,1563186,2026-10-11T11:00:00Z,8455.5,FAR,Championship,standard,Southampton,Portsmouth,36,BetVictor,ht_ou,over,0.5,1.3,api_football,open
2026-10-05T14:04:27Z,1563186,2026-10-11T11:00:00Z,8455.5,FAR,Championship,standard,Southampton,Portsmouth,36,BetVictor,ht_ou,under,0.5,3.4,api_football,open
2026-10-05T14:04:27Z,1563186,2026-10-11T11:00:00Z,8455.5,FAR,Championship,standard,Southampton,Portsmouth,36,BetVictor,btts,yes,,1.65,api_football,open
2026-10-05T14:04:27Z,1563186,2026-10-11T11:00:00Z,8455.5,FAR,Championship,standard,Southampton,Portsmouth,36,BetVictor,btts,no,,2.1,api_football,open
2026-10-05T14:04:27Z,1563186,2026-10-11T11:00:00Z,8455.5,FAR,Championship,standard,Southampton,Portsmouth,32,Betano,ou,over,1.5,1.22,api_football,open
2026-10-05T14:04:27Z,1563186,2026-10-11T11:00:00Z,8455.5,FAR,Championship,standard,Southampton,Portsmouth,32,Betano,ou,under,1.5,4.4,api_football,open
2026-10-05T14:04:27Z,1563186,2026-10-11T11:00:00Z,8455.5,FAR,Championship,standard,Southampton,Portsmouth,32,Betano,ou,over,2.5,1.67,api_football,open
2026-10-05T14:04:27Z,1563186,2026-10-11T11:00:00Z,8455.5,FAR,Championship,standard,Southampton,Portsmouth,32,Betano,ou,under,2.5,2.27,api_football,open
2026-10-05T14:04:27Z,1563186,2026-10-11T11:00:00Z,8455.5,FAR,Championship,standard,Southampton,Portsmouth,32,Betano,ou,over,3.5,2.62,api_football,open
2026-10-05T14:04:27Z,1563186,2026-10-11T11:00:00Z,8455.5,FAR,Championship,standard,Southampton,Portsmouth,32,Betano,ou,under,3.5,1.52,api_football,open
2026-10-05T14:04:27Z,1563186,2026-10-11T11:00:00Z,8455.5,FAR,Championship,standard,Southampton,Portsmouth,32,Betano,ht_ou,over,1.5,2.5,api_football,open
2026-10-05T14:04:27Z,1563186,2026-10-11T11:00:00Z,8455.5,FAR,Championship,standard,Southampton,Portsmouth,32,Betano,ht_ou,under,1.5,1.55,api_football,open
2026-10-05T14:04:27Z,1563186,2026-10-11T11:00:00Z,8455.5,FAR,Championship,standard,Southampton,Portsmouth,32,Betano,ht_ou,over,0.5,1.34,api_football,open
2026-10-05T14:04:27Z,1563186,2026-10-11T11:00:00Z,8455.5,FAR,Championship,standard,Southampton,Portsmouth,32,Betano,ht_ou,under,0.5,3.2,api_football,open
2026-10-05T14:04:27Z,1563186,2026-10-11T11:00:00Z,8455.5,FAR,Championship,standard,Southampton,Portsmouth,32,Betano,btts,yes,,1.72,api_football,open
2026-10-05T14:04:27Z,1563186,2026-10-11T11:00:00Z,8455.5,FAR,Championship,standard,Southampton,Portsmouth,32,Betano,btts,no,,2.05,api_football,open
2026-10-05T14:04:27Z,1552185,2026-10-11T10:15:00Z,8410.5,FAR,Dutch Eredivisie,standard,Utrecht,Willem II,36,BetVictor,ou,over,1.5,1.11,api_football,open
2026-10-05T14:04:27Z,1552185,2026-10-11T10:15:00Z,8410.5,FAR,Dutch Eredivisie,standard,Utrecht,Willem II,36,BetVictor,ou,under,1.5,5.75,api_football,open
2026-10-05T14:04:27Z,1552185,2026-10-11T10:15:00Z,8410.5,FAR,Dutch Eredivisie,standard,Utrecht,Willem II,36,BetVictor,ou,over,2.5,1.44,api_football,open
2026-10-05T14:04:27Z,1552185,2026-10-11T10:15:00Z,8410.5,FAR,Dutch Eredivisie,standard,Utrecht,Willem II,36,BetVictor,ou,under,2.5,2.63,api_football,open
2026-10-05T14:04:27Z,1552185,2026-10-11T10:15:00Z,8410.5,FAR,Dutch Eredivisie,standard,Utrecht,Willem II,36,BetVictor,ou,over,3.5,2.07,api_football,open
2026-10-05T14:04:27Z,1552185,2026-10-11T10:15:00Z,8410.5,FAR,Dutch Eredivisie,standard,Utrecht,Willem II,36,BetVictor,ou,under,3.5,1.65,api_football,open
2026-10-05T14:04:27Z,1552185,2026-10-11T10:15:00Z,8410.5,FAR,Dutch Eredivisie,standard,Utrecht,Willem II,36,BetVictor,ht_ou,over,1.5,2.05,api_football,open
2026-10-05T14:04:27Z,1552185,2026-10-11T10:15:00Z,8410.5,FAR,Dutch Eredivisie,standard,Utrecht,Willem II,36,BetVictor,ht_ou,under,1.5,1.66,api_football,open
2026-10-05T14:04:27Z,1552185,2026-10-11T10:15:00Z,8410.5,FAR,Dutch Eredivisie,standard,Utrecht,Willem II,36,BetVictor,btts,yes,,1.53,api_football,open
2026-10-05T14:04:27Z,1552185,2026-10-11T10:15:00Z,8410.5,FAR,Dutch Eredivisie,standard,Utrecht,Willem II,36,BetVictor,btts,no,,2.3,api_football,open
2026-10-05T14:04:27Z,1552187,2026-10-11T12:30:00Z,8545.5,FAR,Dutch Eredivisie,standard,PEC Zwolle,Cambuur,36,BetVictor,ou,over,1.5,1.13,api_football,open
2026-10-05T14:04:27Z,1552187,2026-10-11T12:30:00Z,8545.5,FAR,Dutch Eredivisie,standard,PEC Zwolle,Cambuur,36,BetVictor,ou,under,1.5,5.25,api_football,open
2026-10-05T14:04:27Z,1552187,2026-10-11T12:30:00Z,8545.5,FAR,Dutch Eredivisie,standard,PEC Zwolle,Cambuur,36,BetVictor,ou,over,2.5,1.49,api_football,open
2026-10-05T14:04:27Z,1552187,2026-10-11T12:30:00Z,8545.5,FAR,Dutch Eredivisie,standard,PEC Zwolle,Cambuur,36,BetVictor,ou,under,2.5,2.39,api_football,open
2026-10-05T14:04:27Z,1552187,2026-10-11T12:30:00Z,8545.5,FAR,Dutch Eredivisie,standard,PEC Zwolle,Cambuur,36,BetVictor,ou,over,3.5,2.17,api_football,open
2026-10-05T14:04:27Z,1552187,2026-10-11T12:30:00Z,8545.5,FAR,Dutch Eredivisie,standard,PEC Zwolle,Cambuur,36,BetVictor,ou,under,3.5,1.59,api_football,open
2026-10-05T14:04:27Z,1552187,2026-10-11T12:30:00Z,8545.5,FAR,Dutch Eredivisie,standard,PEC Zwolle,Cambuur,36,BetVictor,ht_ou,over,1.5,2.1,api_football,open
2026-10-05T14:04:27Z,1552187,2026-10-11T12:30:00Z,8545.5,FAR,Dutch Eredivisie,standard,PEC Zwolle,Cambuur,36,BetVictor,ht_ou,under,1.5,1.63,api_football,open
2026-10-05T14:04:27Z,1552187,2026-10-11T12:30:00Z,8545.5,FAR,Dutch Eredivisie,standard,PEC Zwolle,Cambuur,36,BetVictor,btts,yes,,1.44,api_football,open
2026-10-05T14:04:27Z,1552187,2026-10-11T12:30:00Z,8545.5,FAR,Dutch Eredivisie,standard,PEC Zwolle,Cambuur,36,BetVictor,btts,no,,2.55,api_football,open
2026-10-05T14:04:27Z,1552186,2026-10-11T12:30:00Z,8545.5,FAR,Dutch Eredivisie,standard,Telstar,ADO Den Haag,36,BetVictor,ou,over,1.5,1.14,api_football,open
2026-10-05T14:04:27Z,1552186,2026-10-11T12:30:00Z,8545.5,FAR,Dutch Eredivisie,standard,Telstar,ADO Den Haag,36,BetVictor,ou,under,1.5,5.0,api_football,open
2026-10-05T14:04:27Z,1552186,2026-10-11T12:30:00Z,8545.5,FAR,Dutch Eredivisie,standard,Telstar,ADO Den Haag,36,BetVictor,ou,over,2.5,1.54,api_football,open
2026-10-05T14:04:27Z,1552186,2026-10-11T12:30:00Z,8545.5,FAR,Dutch Eredivisie,standard,Telstar,ADO Den Haag,36,BetVictor,ou,under,2.5,2.27,api_football,open
2026-10-05T14:04:27Z,1552186,2026-10-11T12:30:00Z,8545.5,FAR,Dutch Eredivisie,standard,Telstar,ADO Den Haag,36,BetVictor,ou,over,3.5,2.28,api_football,open
2026-10-05T14:04:27Z,1552186,2026-10-11T12:30:00Z,8545.5,FAR,Dutch Eredivisie,standard,Telstar,ADO Den Haag,36,BetVictor,ou,under,3.5,1.54,api_football,open
2026-10-05T14:04:27Z,1552186,2026-10-11T12:30:00Z,8545.5,FAR,Dutch Eredivisie,standard,Telstar,ADO Den Haag,36,BetVictor,ht_ou,over,1.5,2.19,api_football,open
2026-10-05T14:04:27Z,1552186,2026-10-11T12:30:00Z,8545.5,FAR,Dutch Eredivisie,standard,Telstar,ADO Den Haag,36,BetVictor,ht_ou,under,1.5,1.58,api_football,open
2026-10-05T14:04:27Z,1552186,2026-10-11T12:30:00Z,8545.5,FAR,Dutch Eredivisie,standard,Telstar,ADO Den Haag,36,BetVictor,btts,yes,,1.47,api_football,open
2026-10-05T14:04:27Z,1552186,2026-10-11T12:30:00Z,8545.5,FAR,Dutch Eredivisie,standard,Telstar,ADO Den Haag,36,BetVictor,btts,no,,2.45,api_football,open
2026-10-05T14:04:27Z,1569952,2026-10-05T18:30:00Z,265.6,T-6h,La Liga 2,standard,Cordoba,Tenerife,7,William Hill,ht_ou,over,1.5,2.7,api_football,change
2026-10-05T14:04:27Z,1569952,2026-10-05T18:30:00Z,265.6,T-6h,La Liga 2,standard,Cordoba,Tenerife,7,William Hill,ht_ou,under,1.5,1.4,api_football,change
2026-10-05T14:04:27Z,1569952,2026-10-05T18:30:00Z,265.6,T-6h,La Liga 2,standard,Cordoba,Tenerife,7,William Hill,ht_ou,over,0.5,1.36,api_football,change
2026-10-05T14:04:27Z,1569952,2026-10-05T18:30:00Z,265.6,T-6h,La Liga 2,standard,Cordoba,Tenerife,7,William Hill,ht_ou,under,0.5,3.0,api_football,change
2026-10-05T14:04:27Z,1569952,2026-10-05T18:30:00Z,265.6,T-6h,La Liga 2,standard,Cordoba,Tenerife,3,Betfair,ou,over,1.5,1.29,api_football,change
2026-10-05T14:04:27Z,1569952,2026-10-05T18:30:00Z,265.6,T-6h,La Liga 2,standard,Cordoba,Tenerife,3,Betfair,ou,under,1.5,3.5,api_football,change
2026-10-05T14:04:27Z,1569952,2026-10-05T18:30:00Z,265.6,T-6h,La Liga 2,standard,Cordoba,Tenerife,3,Betfair,ou,over,2.5,1.85,api_football,change
2026-10-05T14:04:27Z,1569952,2026-10-05T18:30:00Z,265.6,T-6h,La Liga 2,standard,Cordoba,Tenerife,3,Betfair,ou,under,2.5,1.91,api_football,change
2026-10-05T14:04:27Z,1569952,2026-10-05T18:30:00Z,265.6,T-6h,La Liga 2,standard,Cordoba,Tenerife,3,Betfair,ou,over,3.5,3.25,api_football,change
2026-10-05T14:04:27Z,1569952,2026-10-05T18:30:00Z,265.6,T-6h,La Liga 2,standard,Cordoba,Tenerife,3,Betfair,ou,under,3.5,1.33,api_football,change
2026-10-05T14:04:27Z,1569952,2026-10-05T18:30:00Z,265.6,T-6h,La Liga 2,standard,Cordoba,Tenerife,3,Betfair,btts,yes,,1.73,api_football,change
2026-10-05T14:04:27Z,1569952,2026-10-05T18:30:00Z,265.6,T-6h,La Liga 2,standard,Cordoba,Tenerife,3,Betfair,btts,no,,2.05,api_football,change
2026-10-05T14:04:27Z,1569952,2026-10-05T18:30:00Z,265.6,T-6h,La Liga 2,standard,Cordoba,Tenerife,36,BetVictor,ou,over,2.5,1.82,api_football,change
2026-10-05T14:04:27Z,1569952,2026-10-05T18:30:00Z,265.6,T-6h,La Liga 2,standard,Cordoba,Tenerife,36,BetVictor,ou,under,2.5,1.85,api_football,change
2026-10-05T14:04:27Z,1569952,2026-10-05T18:30:00Z,265.6,T-6h,La Liga 2,standard,Cordoba,Tenerife,36,BetVictor,ht_ou,over,1.5,2.58,api_football,change
2026-10-05T14:04:27Z,1569952,2026-10-05T18:30:00Z,265.6,T-6h,La Liga 2,standard,Cordoba,Tenerife,36,BetVictor,ht_ou,under,0.5,2.73,api_football,change
2026-10-05T14:04:27Z,1569952,2026-10-05T18:30:00Z,265.6,T-6h,La Liga 2,standard,Cordoba,Tenerife,4,Pinnacle,ou,over,1.5,1.29,api_football,change
2026-10-05T14:04:27Z,1569952,2026-10-05T18:30:00Z,265.6,T-6h,La Liga 2,standard,Cordoba,Tenerife,4,Pinnacle,ou,over,2.5,1.95,api_football,change
2026-10-05T14:04:27Z,1569952,2026-10-05T18:30:00Z,265.6,T-6h,La Liga 2,standard,Cordoba,Tenerife,4,Pinnacle,ou,under,2.5,1.93,api_football,change
2026-10-05T14:04:27Z,1569952,2026-10-05T18:30:00Z,265.6,T-6h,La Liga 2,standard,Cordoba,Tenerife,4,Pinnacle,ou,over,3.5,3.3,api_football,change
2026-10-05T14:04:27Z,1569952,2026-10-05T18:30:00Z,265.6,T-6h,La Liga 2,standard,Cordoba,Tenerife,4,Pinnacle,ht_ou,over,1.5,2.88,api_football,change
2026-10-05T14:04:27Z,1569952,2026-10-05T18:30:00Z,265.6,T-6h,La Liga 2,standard,Cordoba,Tenerife,4,Pinnacle,ht_ou,over,0.5,1.38,api_football,change
2026-10-05T14:04:27Z,1569952,2026-10-05T18:30:00Z,265.6,T-6h,La Liga 2,standard,Cordoba,Tenerife,5,SBO,ou,over,2.5,1.93,api_football,change
2026-10-05T14:04:27Z,1569952,2026-10-05T18:30:00Z,265.6,T-6h,La Liga 2,standard,Cordoba,Tenerife,5,SBO,ou,under,2.5,1.91,api_football,change
2026-10-05T14:04:27Z,1569952,2026-10-05T18:30:00Z,265.6,T-6h,La Liga 2,standard,Cordoba,Tenerife,32,Betano,ou,over,3.5,3.2,api_football,change
2026-10-05T14:04:27Z,1569952,2026-10-05T18:30:00Z,265.6,T-6h,La Liga 2,standard,Cordoba,Tenerife,32,Betano,ht_ou,over,0.5,1.44,api_football,change
2026-10-05T14:04:27Z,1569952,2026-10-05T18:30:00Z,265.6,T-6h,La Liga 2,standard,Cordoba,Tenerife,32,Betano,ht_ou,under,0.5,2.82,api_football,change
2026-10-05T14:04:27Z,1569952,2026-10-05T18:30:00Z,265.6,T-6h,La Liga 2,standard,Cordoba,Tenerife,32,Betano,btts,yes,,1.75,api_football,change
2026-10-05T14:04:27Z,1569952,2026-10-05T18:30:00Z,265.6,T-6h,La Liga 2,standard,Cordoba,Tenerife,32,Betano,btts,no,,2.02,api_football,change
2026-10-05T14:04:27Z,1569959,2026-10-11T14:15:00Z,8650.5,FAR,La Liga 2,standard,Almeria,Leganes,8,Bet365,ou,over,1.5,1.22,api_football,open
2026-10-05T14:04:27Z,1569959,2026-10-11T14:15:00Z,8650.5,FAR,La Liga 2,standard,Almeria,Leganes,8,Bet365,ou,under,1.5,4.0,api_football,open
2026-10-05T14:04:27Z,1569959,2026-10-11T14:15:00Z,8650.5,FAR,La Liga 2,standard,Almeria,Leganes,8,Bet365,ou,over,2.5,1.8,api_football,open
2026-10-05T14:04:27Z,1569959,2026-10-11T14:15:00Z,8650.5,FAR,La Liga 2,standard,Almeria,Leganes,8,Bet365,ou,under,2.5,2.0,api_football,open
2026-10-05T14:04:27Z,1569959,2026-10-11T14:15:00Z,8650.5,FAR,La Liga 2,standard,Almeria,Leganes,8,Bet365,ou,over,3.5,2.75,api_football,open
2026-10-05T14:04:27Z,1569959,2026-10-11T14:15:00Z,8650.5,FAR,La Liga 2,standard,Almeria,Leganes,8,Bet365,ou,under,3.5,1.4,api_football,open
2026-10-05T14:04:27Z,1569959,2026-10-11T14:15:00Z,8650.5,FAR,La Liga 2,standard,Almeria,Leganes,8,Bet365,btts,yes,,1.83,api_football,open
2026-10-05T14:04:27Z,1569959,2026-10-11T14:15:00Z,8650.5,FAR,La Liga 2,standard,Almeria,Leganes,8,Bet365,btts,no,,1.83,api_football,open
2026-10-05T14:04:27Z,1569959,2026-10-11T14:15:00Z,8650.5,FAR,La Liga 2,standard,Almeria,Leganes,3,Betfair,ou,over,2.5,1.65,api_football,open
2026-10-05T14:04:27Z,1569959,2026-10-11T14:15:00Z,8650.5,FAR,La Liga 2,standard,Almeria,Leganes,3,Betfair,ou,under,2.5,2.1,api_football,open
2026-10-05T14:04:27Z,1569959,2026-10-11T14:15:00Z,8650.5,FAR,La Liga 2,standard,Almeria,Leganes,36,BetVictor,ou,over,1.5,1.2,api_football,open
2026-10-05T14:04:27Z,1569959,2026-10-11T14:15:00Z,8650.5,FAR,La Liga 2,standard,Almeria,Leganes,36,BetVictor,ou,under,1.5,4.1,api_football,open
2026-10-05T14:04:27Z,1569959,2026-10-11T14:15:00Z,8650.5,FAR,La Liga 2,standard,Almeria,Leganes,36,BetVictor,ou,over,2.5,1.66,api_football,open
2026-10-05T14:04:27Z,1569959,2026-10-11T14:15:00Z,8650.5,FAR,La Liga 2,standard,Almeria,Leganes,36,BetVictor,ou,under,2.5,2.05,api_football,open
2026-10-05T14:04:27Z,1569959,2026-10-11T14:15:00Z,8650.5,FAR,La Liga 2,standard,Almeria,Leganes,36,BetVictor,ou,over,3.5,2.75,api_football,open
2026-10-05T14:04:27Z,1569959,2026-10-11T14:15:00Z,8650.5,FAR,La Liga 2,standard,Almeria,Leganes,36,BetVictor,ou,under,3.5,1.4,api_football,open
2026-10-05T14:04:27Z,1569959,2026-10-11T14:15:00Z,8650.5,FAR,La Liga 2,standard,Almeria,Leganes,36,BetVictor,ht_ou,over,1.5,2.36,api_football,open
2026-10-05T14:04:27Z,1569959,2026-10-11T14:15:00Z,8650.5,FAR,La Liga 2,standard,Almeria,Leganes,36,BetVictor,ht_ou,under,1.5,1.5,api_football,open
2026-10-05T14:04:27Z,1569959,2026-10-11T14:15:00Z,8650.5,FAR,La Liga 2,standard,Almeria,Leganes,36,BetVictor,ht_ou,over,0.5,1.3,api_football,open
2026-10-05T14:04:27Z,1569959,2026-10-11T14:15:00Z,8650.5,FAR,La Liga 2,standard,Almeria,Leganes,36,BetVictor,ht_ou,under,0.5,3.25,api_football,open
2026-10-05T14:04:27Z,1569959,2026-10-11T14:15:00Z,8650.5,FAR,La Liga 2,standard,Almeria,Leganes,36,BetVictor,btts,yes,,1.65,api_football,open
2026-10-05T14:04:27Z,1569959,2026-10-11T14:15:00Z,8650.5,FAR,La Liga 2,standard,Almeria,Leganes,36,BetVictor,btts,no,,2.1,api_football,open
2026-10-05T14:04:27Z,1569966,2026-10-11T16:30:00Z,8785.5,FAR,La Liga 2,standard,Mallorca,Las Palmas,8,Bet365,ou,over,1.5,1.25,api_football,open
2026-10-05T14:04:27Z,1569966,2026-10-11T16:30:00Z,8785.5,FAR,La Liga 2,standard,Mallorca,Las Palmas,8,Bet365,ou,under,1.5,3.75,api_football,open
2026-10-05T14:04:27Z,1569966,2026-10-11T16:30:00Z,8785.5,FAR,La Liga 2,standard,Mallorca,Las Palmas,8,Bet365,ou,over,2.5,1.85,api_football,open
2026-10-05T14:04:27Z,1569966,2026-10-11T16:30:00Z,8785.5,FAR,La Liga 2,standard,Mallorca,Las Palmas,8,Bet365,ou,under,2.5,1.95,api_football,open
2026-10-05T14:04:27Z,1569966,2026-10-11T16:30:00Z,8785.5,FAR,La Liga 2,standard,Mallorca,Las Palmas,8,Bet365,ou,over,3.5,3.25,api_football,open
2026-10-05T14:04:27Z,1569966,2026-10-11T16:30:00Z,8785.5,FAR,La Liga 2,standard,Mallorca,Las Palmas,8,Bet365,ou,under,3.5,1.33,api_football,open
2026-10-05T14:04:27Z,1569966,2026-10-11T16:30:00Z,8785.5,FAR,La Liga 2,standard,Mallorca,Las Palmas,8,Bet365,btts,yes,,1.83,api_football,open
2026-10-05T14:04:27Z,1569966,2026-10-11T16:30:00Z,8785.5,FAR,La Liga 2,standard,Mallorca,Las Palmas,8,Bet365,btts,no,,1.83,api_football,open
2026-10-05T14:04:27Z,1569966,2026-10-11T16:30:00Z,8785.5,FAR,La Liga 2,standard,Mallorca,Las Palmas,3,Betfair,ou,over,2.5,1.85,api_football,open
2026-10-05T14:04:27Z,1569966,2026-10-11T16:30:00Z,8785.5,FAR,La Liga 2,standard,Mallorca,Las Palmas,3,Betfair,ou,under,2.5,1.85,api_football,open
2026-10-05T14:04:27Z,1569966,2026-10-11T16:30:00Z,8785.5,FAR,La Liga 2,standard,Mallorca,Las Palmas,36,BetVictor,ou,over,1.5,1.25,api_football,open
2026-10-05T14:04:27Z,1569966,2026-10-11T16:30:00Z,8785.5,FAR,La Liga 2,standard,Mallorca,Las Palmas,36,BetVictor,ou,under,1.5,3.7,api_football,open
2026-10-05T14:04:27Z,1569966,2026-10-11T16:30:00Z,8785.5,FAR,La Liga 2,standard,Mallorca,Las Palmas,36,BetVictor,ou,over,2.5,1.78,api_football,open
2026-10-05T14:04:27Z,1569966,2026-10-11T16:30:00Z,8785.5,FAR,La Liga 2,standard,Mallorca,Las Palmas,36,BetVictor,ou,under,2.5,1.9,api_football,open
2026-10-05T14:04:27Z,1569966,2026-10-11T16:30:00Z,8785.5,FAR,La Liga 2,standard,Mallorca,Las Palmas,36,BetVictor,ou,over,3.5,3.1,api_football,open
2026-10-05T14:04:27Z,1569966,2026-10-11T16:30:00Z,8785.5,FAR,La Liga 2,standard,Mallorca,Las Palmas,36,BetVictor,ou,under,3.5,1.33,api_football,open
2026-10-05T14:04:27Z,1569966,2026-10-11T16:30:00Z,8785.5,FAR,La Liga 2,standard,Mallorca,Las Palmas,36,BetVictor,ht_ou,over,1.5,2.53,api_football,open
2026-10-05T14:04:27Z,1569966,2026-10-11T16:30:00Z,8785.5,FAR,La Liga 2,standard,Mallorca,Las Palmas,36,BetVictor,ht_ou,under,1.5,1.44,api_football,open
2026-10-05T14:04:27Z,1569966,2026-10-11T16:30:00Z,8785.5,FAR,La Liga 2,standard,Mallorca,Las Palmas,36,BetVictor,ht_ou,over,0.5,1.37,api_football,open
2026-10-05T14:04:27Z,1569966,2026-10-11T16:30:00Z,8785.5,FAR,La Liga 2,standard,Mallorca,Las Palmas,36,BetVictor,ht_ou,under,0.5,2.8,api_football,open
2026-10-05T14:04:27Z,1569966,2026-10-11T16:30:00Z,8785.5,FAR,La Liga 2,standard,Mallorca,Las Palmas,36,BetVictor,btts,yes,,1.85,api_football,open
2026-10-05T14:04:27Z,1569966,2026-10-11T16:30:00Z,8785.5,FAR,La Liga 2,standard,Mallorca,Las Palmas,36,BetVictor,btts,no,,1.83,api_football,open
2026-10-05T14:04:27Z,1569962,2026-10-11T19:00:00Z,8935.5,FAR,La Liga 2,standard,Cadiz,Sporting Gijon,8,Bet365,ou,over,1.5,1.33,api_football,open
2026-10-05T14:04:27Z,1569962,2026-10-11T19:00:00Z,8935.5,FAR,La Liga 2,standard,Cadiz,Sporting Gijon,8,Bet365,ou,under,1.5,3.25,api_football,open
2026-10-05T14:04:27Z,1569962,2026-10-11T19:00:00Z,8935.5,FAR,La Liga 2,standard,Cadiz,Sporting Gijon,8,Bet365,ou,over,2.5,2.08,api_football,open
2026-10-05T14:04:27Z,1569962,2026-10-11T19:00:00Z,8935.5,FAR,La Liga 2,standard,Cadiz,Sporting Gijon,8,Bet365,ou,under,2.5,1.73,api_football,open
2026-10-05T14:04:27Z,1569962,2026-10-11T19:00:00Z,8935.5,FAR,La Liga 2,standard,Cadiz,Sporting Gijon,8,Bet365,ou,over,3.5,3.75,api_football,open
2026-10-05T14:04:27Z,1569962,2026-10-11T19:00:00Z,8935.5,FAR,La Liga 2,standard,Cadiz,Sporting Gijon,8,Bet365,ou,under,3.5,1.25,api_football,open
2026-10-05T14:04:27Z,1569962,2026-10-11T19:00:00Z,8935.5,FAR,La Liga 2,standard,Cadiz,Sporting Gijon,8,Bet365,btts,yes,,1.8,api_football,open
2026-10-05T14:04:27Z,1569962,2026-10-11T19:00:00Z,8935.5,FAR,La Liga 2,standard,Cadiz,Sporting Gijon,8,Bet365,btts,no,,1.91,api_football,open
2026-10-05T14:04:27Z,1569962,2026-10-11T19:00:00Z,8935.5,FAR,La Liga 2,standard,Cadiz,Sporting Gijon,3,Betfair,ou,over,2.5,2.0,api_football,open
2026-10-05T14:04:27Z,1569962,2026-10-11T19:00:00Z,8935.5,FAR,La Liga 2,standard,Cadiz,Sporting Gijon,3,Betfair,ou,under,2.5,1.73,api_football,open
2026-10-05T14:04:27Z,1569969,2026-10-12T12:00:00Z,9955.5,FAR,La Liga 2,standard,Valladolid,Albacete,7,William Hill,ht_ou,over,1.5,2.7,api_football,open
2026-10-05T14:04:27Z,1569969,2026-10-12T12:00:00Z,9955.5,FAR,La Liga 2,standard,Valladolid,Albacete,7,William Hill,ht_ou,under,1.5,1.4,api_football,open
2026-10-05T14:04:27Z,1569969,2026-10-12T12:00:00Z,9955.5,FAR,La Liga 2,standard,Valladolid,Albacete,7,William Hill,ht_ou,over,0.5,1.36,api_football,open
2026-10-05T14:04:27Z,1569969,2026-10-12T12:00:00Z,9955.5,FAR,La Liga 2,standard,Valladolid,Albacete,7,William Hill,ht_ou,under,0.5,3.0,api_football,open
2026-10-05T14:04:27Z,1569969,2026-10-12T12:00:00Z,9955.5,FAR,La Liga 2,standard,Valladolid,Albacete,7,William Hill,btts,yes,,1.8,api_football,open
2026-10-05T14:04:27Z,1569969,2026-10-12T12:00:00Z,9955.5,FAR,La Liga 2,standard,Valladolid,Albacete,7,William Hill,btts,no,,1.95,api_football,open
2026-10-05T14:04:27Z,1569969,2026-10-12T12:00:00Z,9955.5,FAR,La Liga 2,standard,Valladolid,Albacete,8,Bet365,ou,over,1.5,1.28,api_football,open
2026-10-05T14:04:27Z,1569969,2026-10-12T12:00:00Z,9955.5,FAR,La Liga 2,standard,Valladolid,Albacete,8,Bet365,ou,under,1.5,3.5,api_football,open
2026-10-05T14:04:27Z,1569969,2026-10-12T12:00:00Z,9955.5,FAR,La Liga 2,standard,Valladolid,Albacete,8,Bet365,ou,over,2.5,1.95,api_football,open
2026-10-05T14:04:27Z,1569969,2026-10-12T12:00:00Z,9955.5,FAR,La Liga 2,standard,Valladolid,Albacete,8,Bet365,ou,under,2.5,1.85,api_football,open
2026-10-05T14:04:27Z,1569969,2026-10-12T12:00:00Z,9955.5,FAR,La Liga 2,standard,Valladolid,Albacete,8,Bet365,ou,over,3.5,3.25,api_football,open
2026-10-05T14:04:27Z,1569969,2026-10-12T12:00:00Z,9955.5,FAR,La Liga 2,standard,Valladolid,Albacete,8,Bet365,ou,under,3.5,1.33,api_football,open
2026-10-05T14:04:27Z,1569969,2026-10-12T12:00:00Z,9955.5,FAR,La Liga 2,standard,Valladolid,Albacete,8,Bet365,btts,yes,,1.8,api_football,open
2026-10-05T14:04:27Z,1569969,2026-10-12T12:00:00Z,9955.5,FAR,La Liga 2,standard,Valladolid,Albacete,8,Bet365,btts,no,,1.91,api_football,open
2026-10-05T14:04:27Z,1569969,2026-10-12T12:00:00Z,9955.5,FAR,La Liga 2,standard,Valladolid,Albacete,2,Marathonbet,ou,over,1.5,1.24,api_football,open
2026-10-05T14:04:27Z,1569969,2026-10-12T12:00:00Z,9955.5,FAR,La Liga 2,standard,Valladolid,Albacete,2,Marathonbet,ou,under,1.5,3.34,api_football,open
2026-10-05T14:04:27Z,1569969,2026-10-12T12:00:00Z,9955.5,FAR,La Liga 2,standard,Valladolid,Albacete,2,Marathonbet,ou,over,2.5,1.87,api_football,open
2026-10-05T14:04:27Z,1569969,2026-10-12T12:00:00Z,9955.5,FAR,La Liga 2,standard,Valladolid,Albacete,2,Marathonbet,ou,under,2.5,1.87,api_football,open
2026-10-05T14:04:27Z,1569969,2026-10-12T12:00:00Z,9955.5,FAR,La Liga 2,standard,Valladolid,Albacete,2,Marathonbet,ou,over,3.5,3.04,api_football,open
2026-10-05T14:04:27Z,1569969,2026-10-12T12:00:00Z,9955.5,FAR,La Liga 2,standard,Valladolid,Albacete,2,Marathonbet,ou,under,3.5,1.29,api_football,open
2026-10-05T14:04:27Z,1569969,2026-10-12T12:00:00Z,9955.5,FAR,La Liga 2,standard,Valladolid,Albacete,2,Marathonbet,ht_ou,over,1.5,2.7,api_football,open
2026-10-05T14:04:27Z,1569969,2026-10-12T12:00:00Z,9955.5,FAR,La Liga 2,standard,Valladolid,Albacete,2,Marathonbet,ht_ou,under,1.5,1.39,api_football,open
2026-10-05T14:04:27Z,1569969,2026-10-12T12:00:00Z,9955.5,FAR,La Liga 2,standard,Valladolid,Albacete,2,Marathonbet,ht_ou,over,0.5,1.39,api_football,open
2026-10-05T14:04:27Z,1569969,2026-10-12T12:00:00Z,9955.5,FAR,La Liga 2,standard,Valladolid,Albacete,2,Marathonbet,ht_ou,under,0.5,2.7,api_football,open
2026-10-05T14:04:27Z,1569969,2026-10-12T12:00:00Z,9955.5,FAR,La Liga 2,standard,Valladolid,Albacete,2,Marathonbet,btts,yes,,1.73,api_football,open
2026-10-05T14:04:27Z,1569969,2026-10-12T12:00:00Z,9955.5,FAR,La Liga 2,standard,Valladolid,Albacete,2,Marathonbet,btts,no,,1.97,api_football,open
2026-10-05T14:04:27Z,1569969,2026-10-12T12:00:00Z,9955.5,FAR,La Liga 2,standard,Valladolid,Albacete,3,Betfair,ht_ou,over,1.5,2.88,api_football,open
2026-10-05T14:04:27Z,1569969,2026-10-12T12:00:00Z,9955.5,FAR,La Liga 2,standard,Valladolid,Albacete,3,Betfair,ht_ou,under,1.5,1.36,api_football,open
2026-10-05T14:04:27Z,1569969,2026-10-12T12:00:00Z,9955.5,FAR,La Liga 2,standard,Valladolid,Albacete,3,Betfair,ht_ou,over,0.5,1.36,api_football,open
2026-10-05T14:04:27Z,1569969,2026-10-12T12:00:00Z,9955.5,FAR,La Liga 2,standard,Valladolid,Albacete,3,Betfair,ht_ou,under,0.5,2.88,api_football,open
2026-10-05T14:04:27Z,1569969,2026-10-12T12:00:00Z,9955.5,FAR,La Liga 2,standard,Valladolid,Albacete,11,1xBet,ou,over,1.5,1.24,api_football,open
2026-10-05T14:04:27Z,1569969,2026-10-12T12:00:00Z,9955.5,FAR,La Liga 2,standard,Valladolid,Albacete,11,1xBet,ou,under,1.5,3.34,api_football,open
2026-10-05T14:04:27Z,1569969,2026-10-12T12:00:00Z,9955.5,FAR,La Liga 2,standard,Valladolid,Albacete,11,1xBet,ou,over,2.5,1.92,api_football,open
2026-10-05T14:04:27Z,1569969,2026-10-12T12:00:00Z,9955.5,FAR,La Liga 2,standard,Valladolid,Albacete,11,1xBet,ou,under,2.5,1.92,api_football,open
2026-10-05T14:04:27Z,1569969,2026-10-12T12:00:00Z,9955.5,FAR,La Liga 2,standard,Valladolid,Albacete,11,1xBet,ou,over,3.5,3.04,api_football,open
2026-10-05T14:04:27Z,1569969,2026-10-12T12:00:00Z,9955.5,FAR,La Liga 2,standard,Valladolid,Albacete,11,1xBet,ou,under,3.5,1.29,api_football,open
2026-10-05T14:04:27Z,1569969,2026-10-12T12:00:00Z,9955.5,FAR,La Liga 2,standard,Valladolid,Albacete,11,1xBet,ht_ou,over,1.5,2.7,api_football,open
2026-10-05T14:04:27Z,1569969,2026-10-12T12:00:00Z,9955.5,FAR,La Liga 2,standard,Valladolid,Albacete,11,1xBet,ht_ou,under,1.5,1.39,api_football,open
2026-10-05T14:04:27Z,1569969,2026-10-12T12:00:00Z,9955.5,FAR,La Liga 2,standard,Valladolid,Albacete,11,1xBet,ht_ou,over,0.5,1.39,api_football,open
2026-10-05T14:04:27Z,1569969,2026-10-12T12:00:00Z,9955.5,FAR,La Liga 2,standard,Valladolid,Albacete,11,1xBet,ht_ou,under,0.5,2.7,api_football,open
2026-10-05T14:04:27Z,1569969,2026-10-12T12:00:00Z,9955.5,FAR,La Liga 2,standard,Valladolid,Albacete,11,1xBet,btts,yes,,1.73,api_football,open
2026-10-05T14:04:27Z,1569969,2026-10-12T12:00:00Z,9955.5,FAR,La Liga 2,standard,Valladolid,Albacete,11,1xBet,btts,no,,2.0,api_football,open
2026-10-05T14:04:27Z,1569969,2026-10-12T12:00:00Z,9955.5,FAR,La Liga 2,standard,Valladolid,Albacete,32,Betano,ou,over,1.5,1.32,api_football,open
2026-10-05T14:04:27Z,1569969,2026-10-12T12:00:00Z,9955.5,FAR,La Liga 2,standard,Valladolid,Albacete,32,Betano,ou,under,1.5,3.45,api_football,open
2026-10-05T14:04:27Z,1569969,2026-10-12T12:00:00Z,9955.5,FAR,La Liga 2,standard,Valladolid,Albacete,32,Betano,ou,over,2.5,1.95,api_football,open
2026-10-05T14:04:27Z,1569969,2026-10-12T12:00:00Z,9955.5,FAR,La Liga 2,standard,Valladolid,Albacete,32,Betano,ou,under,2.5,1.88,api_football,open
2026-10-05T14:04:27Z,1569969,2026-10-12T12:00:00Z,9955.5,FAR,La Liga 2,standard,Valladolid,Albacete,32,Betano,ou,over,3.5,3.25,api_football,open
2026-10-05T14:04:27Z,1569969,2026-10-12T12:00:00Z,9955.5,FAR,La Liga 2,standard,Valladolid,Albacete,32,Betano,ou,under,3.5,1.35,api_football,open
2026-10-05T14:04:27Z,1569969,2026-10-12T12:00:00Z,9955.5,FAR,La Liga 2,standard,Valladolid,Albacete,32,Betano,ht_ou,over,1.5,2.92,api_football,open
2026-10-05T14:04:27Z,1569969,2026-10-12T12:00:00Z,9955.5,FAR,La Liga 2,standard,Valladolid,Albacete,32,Betano,ht_ou,under,1.5,1.42,api_football,open
2026-10-05T14:04:27Z,1569969,2026-10-12T12:00:00Z,9955.5,FAR,La Liga 2,standard,Valladolid,Albacete,32,Betano,ht_ou,over,0.5,1.47,api_football,open
2026-10-05T14:04:27Z,1569969,2026-10-12T12:00:00Z,9955.5,FAR,La Liga 2,standard,Valladolid,Albacete,32,Betano,ht_ou,under,0.5,2.72,api_football,open
2026-10-05T14:04:27Z,1569969,2026-10-12T12:00:00Z,9955.5,FAR,La Liga 2,standard,Valladolid,Albacete,32,Betano,btts,yes,,1.72,api_football,open
2026-10-05T14:04:27Z,1569969,2026-10-12T12:00:00Z,9955.5,FAR,La Liga 2,standard,Valladolid,Albacete,32,Betano,btts,no,,2.05,api_football,open
2026-10-05T14:04:27Z,1569967,2026-10-12T16:30:00Z,10225.5,FAR,La Liga 2,standard,Oviedo,Eibar,7,William Hill,ht_ou,over,1.5,3.25,api_football,open
2026-10-05T14:04:27Z,1569967,2026-10-12T16:30:00Z,10225.5,FAR,La Liga 2,standard,Oviedo,Eibar,7,William Hill,ht_ou,under,1.5,1.3,api_football,open
2026-10-05T14:04:27Z,1569967,2026-10-12T16:30:00Z,10225.5,FAR,La Liga 2,standard,Oviedo,Eibar,7,William Hill,ht_ou,over,0.5,1.44,api_football,open
2026-10-05T14:04:27Z,1569967,2026-10-12T16:30:00Z,10225.5,FAR,La Liga 2,standard,Oviedo,Eibar,7,William Hill,ht_ou,under,0.5,2.5,api_football,open
2026-10-05T14:04:27Z,1569967,2026-10-12T16:30:00Z,10225.5,FAR,La Liga 2,standard,Oviedo,Eibar,7,William Hill,btts,yes,,1.91,api_football,open
2026-10-05T14:04:27Z,1569967,2026-10-12T16:30:00Z,10225.5,FAR,La Liga 2,standard,Oviedo,Eibar,7,William Hill,btts,no,,1.8,api_football,open
2026-10-05T14:04:27Z,1569967,2026-10-12T16:30:00Z,10225.5,FAR,La Liga 2,standard,Oviedo,Eibar,8,Bet365,ou,over,1.5,1.4,api_football,open
2026-10-05T14:04:27Z,1569967,2026-10-12T16:30:00Z,10225.5,FAR,La Liga 2,standard,Oviedo,Eibar,8,Bet365,ou,under,1.5,2.75,api_football,open
2026-10-05T14:04:27Z,1569967,2026-10-12T16:30:00Z,10225.5,FAR,La Liga 2,standard,Oviedo,Eibar,8,Bet365,ou,over,2.5,2.35,api_football,open
2026-10-05T14:04:27Z,1569967,2026-10-12T16:30:00Z,10225.5,FAR,La Liga 2,standard,Oviedo,Eibar,8,Bet365,ou,under,2.5,1.57,api_football,open
2026-10-05T14:04:27Z,1569967,2026-10-12T16:30:00Z,10225.5,FAR,La Liga 2,standard,Oviedo,Eibar,8,Bet365,ou,over,3.5,4.33,api_football,open
2026-10-05T14:04:27Z,1569967,2026-10-12T16:30:00Z,10225.5,FAR,La Liga 2,standard,Oviedo,Eibar,8,Bet365,ou,under,3.5,1.2,api_football,open
2026-10-05T14:04:27Z,1569967,2026-10-12T16:30:00Z,10225.5,FAR,La Liga 2,standard,Oviedo,Eibar,8,Bet365,btts,yes,,2.0,api_football,open
2026-10-05T14:04:27Z,1569967,2026-10-12T16:30:00Z,10225.5,FAR,La Liga 2,standard,Oviedo,Eibar,8,Bet365,btts,no,,1.73,api_football,open
2026-10-05T14:04:27Z,1569967,2026-10-12T16:30:00Z,10225.5,FAR,La Liga 2,standard,Oviedo,Eibar,2,Marathonbet,ou,over,1.5,1.33,api_football,open
2026-10-05T14:04:27Z,1569967,2026-10-12T16:30:00Z,10225.5,FAR,La Liga 2,standard,Oviedo,Eibar,2,Marathonbet,ou,under,1.5,2.83,api_football,open
2026-10-05T14:04:27Z,1569967,2026-10-12T16:30:00Z,10225.5,FAR,La Liga 2,standard,Oviedo,Eibar,2,Marathonbet,ou,over,2.5,2.15,api_football,open
2026-10-05T14:04:27Z,1569967,2026-10-12T16:30:00Z,10225.5,FAR,La Liga 2,standard,Oviedo,Eibar,2,Marathonbet,ou,under,2.5,1.65,api_football,open
2026-10-05T14:04:27Z,1569967,2026-10-12T16:30:00Z,10225.5,FAR,La Liga 2,standard,Oviedo,Eibar,2,Marathonbet,ou,over,3.5,3.8,api_football,open
2026-10-05T14:04:27Z,1569967,2026-10-12T16:30:00Z,10225.5,FAR,La Liga 2,standard,Oviedo,Eibar,2,Marathonbet,ou,under,3.5,1.19,api_football,open
2026-10-05T14:04:27Z,1569967,2026-10-12T16:30:00Z,10225.5,FAR,La Liga 2,standard,Oviedo,Eibar,2,Marathonbet,ht_ou,over,1.5,2.92,api_football,open
2026-10-05T14:04:27Z,1569967,2026-10-12T16:30:00Z,10225.5,FAR,La Liga 2,standard,Oviedo,Eibar,2,Marathonbet,ht_ou,under,1.5,1.34,api_football,open
2026-10-05T14:04:27Z,1569967,2026-10-12T16:30:00Z,10225.5,FAR,La Liga 2,standard,Oviedo,Eibar,2,Marathonbet,ht_ou,over,0.5,1.42,api_football,open
2026-10-05T14:04:27Z,1569967,2026-10-12T16:30:00Z,10225.5,FAR,La Liga 2,standard,Oviedo,Eibar,2,Marathonbet,ht_ou,under,0.5,2.6,api_football,open
2026-10-05T14:04:27Z,1569967,2026-10-12T16:30:00Z,10225.5,FAR,La Liga 2,standard,Oviedo,Eibar,2,Marathonbet,btts,yes,,1.85,api_football,open
2026-10-05T14:04:27Z,1569967,2026-10-12T16:30:00Z,10225.5,FAR,La Liga 2,standard,Oviedo,Eibar,2,Marathonbet,btts,no,,1.83,api_football,open
2026-10-05T14:04:27Z,1569967,2026-10-12T16:30:00Z,10225.5,FAR,La Liga 2,standard,Oviedo,Eibar,3,Betfair,ht_ou,over,1.5,3.2,api_football,open
2026-10-05T14:04:27Z,1569967,2026-10-12T16:30:00Z,10225.5,FAR,La Liga 2,standard,Oviedo,Eibar,3,Betfair,ht_ou,under,1.5,1.3,api_football,open
2026-10-05T14:04:27Z,1569967,2026-10-12T16:30:00Z,10225.5,FAR,La Liga 2,standard,Oviedo,Eibar,3,Betfair,ht_ou,over,0.5,1.44,api_football,open
2026-10-05T14:04:27Z,1569967,2026-10-12T16:30:00Z,10225.5,FAR,La Liga 2,standard,Oviedo,Eibar,3,Betfair,ht_ou,under,0.5,2.63,api_football,open
2026-10-05T14:04:27Z,1569967,2026-10-12T16:30:00Z,10225.5,FAR,La Liga 2,standard,Oviedo,Eibar,11,1xBet,ou,over,1.5,1.33,api_football,open
2026-10-05T14:04:27Z,1569967,2026-10-12T16:30:00Z,10225.5,FAR,La Liga 2,standard,Oviedo,Eibar,11,1xBet,ou,under,1.5,2.83,api_football,open
2026-10-05T14:04:27Z,1569967,2026-10-12T16:30:00Z,10225.5,FAR,La Liga 2,standard,Oviedo,Eibar,11,1xBet,ou,over,2.5,2.21,api_football,open
2026-10-05T14:04:27Z,1569967,2026-10-12T16:30:00Z,10225.5,FAR,La Liga 2,standard,Oviedo,Eibar,11,1xBet,ou,under,2.5,1.7,api_football,open
2026-10-05T14:04:27Z,1569967,2026-10-12T16:30:00Z,10225.5,FAR,La Liga 2,standard,Oviedo,Eibar,11,1xBet,ou,over,3.5,3.8,api_football,open
2026-10-05T14:04:27Z,1569967,2026-10-12T16:30:00Z,10225.5,FAR,La Liga 2,standard,Oviedo,Eibar,11,1xBet,ou,under,3.5,1.19,api_football,open
2026-10-05T14:04:27Z,1569967,2026-10-12T16:30:00Z,10225.5,FAR,La Liga 2,standard,Oviedo,Eibar,11,1xBet,ht_ou,over,1.5,2.92,api_football,open
2026-10-05T14:04:27Z,1569967,2026-10-12T16:30:00Z,10225.5,FAR,La Liga 2,standard,Oviedo,Eibar,11,1xBet,ht_ou,under,1.5,1.34,api_football,open
2026-10-05T14:04:27Z,1569967,2026-10-12T16:30:00Z,10225.5,FAR,La Liga 2,standard,Oviedo,Eibar,11,1xBet,ht_ou,over,0.5,1.42,api_football,open
2026-10-05T14:04:27Z,1569967,2026-10-12T16:30:00Z,10225.5,FAR,La Liga 2,standard,Oviedo,Eibar,11,1xBet,ht_ou,under,0.5,2.6,api_football,open
2026-10-05T14:04:27Z,1569967,2026-10-12T16:30:00Z,10225.5,FAR,La Liga 2,standard,Oviedo,Eibar,11,1xBet,btts,yes,,1.85,api_football,open
2026-10-05T14:04:27Z,1569967,2026-10-12T16:30:00Z,10225.5,FAR,La Liga 2,standard,Oviedo,Eibar,11,1xBet,btts,no,,1.85,api_football,open
2026-10-05T14:04:27Z,1569967,2026-10-12T16:30:00Z,10225.5,FAR,La Liga 2,standard,Oviedo,Eibar,32,Betano,ou,over,1.5,1.44,api_football,open
2026-10-05T14:04:27Z,1569967,2026-10-12T16:30:00Z,10225.5,FAR,La Liga 2,standard,Oviedo,Eibar,32,Betano,ou,under,1.5,2.9,api_football,open
2026-10-05T14:04:27Z,1569967,2026-10-12T16:30:00Z,10225.5,FAR,La Liga 2,standard,Oviedo,Eibar,32,Betano,ou,over,2.5,2.3,api_football,open
2026-10-05T14:04:27Z,1569967,2026-10-12T16:30:00Z,10225.5,FAR,La Liga 2,standard,Oviedo,Eibar,32,Betano,ou,under,2.5,1.65,api_football,open
2026-10-05T14:04:27Z,1569967,2026-10-12T16:30:00Z,10225.5,FAR,La Liga 2,standard,Oviedo,Eibar,32,Betano,ou,over,3.5,4.1,api_football,open
2026-10-05T14:04:27Z,1569967,2026-10-12T16:30:00Z,10225.5,FAR,La Liga 2,standard,Oviedo,Eibar,32,Betano,ou,under,3.5,1.24,api_football,open
2026-10-05T14:04:27Z,1569967,2026-10-12T16:30:00Z,10225.5,FAR,La Liga 2,standard,Oviedo,Eibar,32,Betano,ht_ou,over,1.5,3.35,api_football,open
2026-10-05T14:04:27Z,1569967,2026-10-12T16:30:00Z,10225.5,FAR,La Liga 2,standard,Oviedo,Eibar,32,Betano,ht_ou,under,1.5,1.33,api_football,open
2026-10-05T14:04:27Z,1569967,2026-10-12T16:30:00Z,10225.5,FAR,La Liga 2,standard,Oviedo,Eibar,32,Betano,ht_ou,over,0.5,1.55,api_football,open
2026-10-05T14:04:27Z,1569967,2026-10-12T16:30:00Z,10225.5,FAR,La Liga 2,standard,Oviedo,Eibar,32,Betano,ht_ou,under,0.5,2.47,api_football,open
2026-10-05T14:04:27Z,1569967,2026-10-12T16:30:00Z,10225.5,FAR,La Liga 2,standard,Oviedo,Eibar,32,Betano,btts,yes,,1.91,api_football,open
2026-10-05T14:04:27Z,1569967,2026-10-12T16:30:00Z,10225.5,FAR,La Liga 2,standard,Oviedo,Eibar,32,Betano,btts,no,,1.83,api_football,open
2026-10-05T14:04:27Z,1564351,2026-10-10T11:30:00Z,7045.6,FAR,League One,standard,Plymouth,AFC Wimbledon,2,Marathonbet,ou,over,1.5,1.16,api_football,open
2026-10-05T14:04:27Z,1564351,2026-10-10T11:30:00Z,7045.6,FAR,League One,standard,Plymouth,AFC Wimbledon,2,Marathonbet,ou,under,1.5,4.05,api_football,open
2026-10-05T14:04:27Z,1564351,2026-10-10T11:30:00Z,7045.6,FAR,League One,standard,Plymouth,AFC Wimbledon,2,Marathonbet,ou,over,2.5,1.64,api_football,open
2026-10-05T14:04:27Z,1564351,2026-10-10T11:30:00Z,7045.6,FAR,League One,standard,Plymouth,AFC Wimbledon,2,Marathonbet,ou,under,2.5,2.17,api_football,open
2026-10-05T14:04:27Z,1564351,2026-10-10T11:30:00Z,7045.6,FAR,League One,standard,Plymouth,AFC Wimbledon,2,Marathonbet,ou,over,3.5,2.49,api_football,open
2026-10-05T14:04:27Z,1564351,2026-10-10T11:30:00Z,7045.6,FAR,League One,standard,Plymouth,AFC Wimbledon,2,Marathonbet,ou,under,3.5,1.42,api_football,open
2026-10-05T14:04:27Z,1564351,2026-10-10T11:30:00Z,7045.6,FAR,League One,standard,Plymouth,AFC Wimbledon,2,Marathonbet,ht_ou,over,1.5,2.29,api_football,open
2026-10-05T14:04:27Z,1564351,2026-10-10T11:30:00Z,7045.6,FAR,League One,standard,Plymouth,AFC Wimbledon,2,Marathonbet,ht_ou,under,1.5,1.53,api_football,open
2026-10-05T14:04:27Z,1564351,2026-10-10T11:30:00Z,7045.6,FAR,League One,standard,Plymouth,AFC Wimbledon,2,Marathonbet,ht_ou,over,0.5,1.26,api_football,open
2026-10-05T14:04:27Z,1564351,2026-10-10T11:30:00Z,7045.6,FAR,League One,standard,Plymouth,AFC Wimbledon,2,Marathonbet,ht_ou,under,0.5,3.4,api_football,open
2026-10-05T14:04:27Z,1564351,2026-10-10T11:30:00Z,7045.6,FAR,League One,standard,Plymouth,AFC Wimbledon,2,Marathonbet,btts,yes,,1.74,api_football,open
2026-10-05T14:04:27Z,1564351,2026-10-10T11:30:00Z,7045.6,FAR,League One,standard,Plymouth,AFC Wimbledon,2,Marathonbet,btts,no,,1.95,api_football,open
2026-10-05T14:04:27Z,1564351,2026-10-10T11:30:00Z,7045.6,FAR,League One,standard,Plymouth,AFC Wimbledon,36,BetVictor,ou,over,1.5,1.22,api_football,open
2026-10-05T14:04:27Z,1564351,2026-10-10T11:30:00Z,7045.6,FAR,League One,standard,Plymouth,AFC Wimbledon,36,BetVictor,ou,under,1.5,3.7,api_football,open
2026-10-05T14:04:27Z,1564351,2026-10-10T11:30:00Z,7045.6,FAR,League One,standard,Plymouth,AFC Wimbledon,36,BetVictor,ou,over,2.5,1.63,api_football,open
2026-10-05T14:04:27Z,1564351,2026-10-10T11:30:00Z,7045.6,FAR,League One,standard,Plymouth,AFC Wimbledon,36,BetVictor,ou,under,2.5,2.09,api_football,open
2026-10-05T14:04:27Z,1564351,2026-10-10T11:30:00Z,7045.6,FAR,League One,standard,Plymouth,AFC Wimbledon,36,BetVictor,ou,over,3.5,2.5,api_football,open
2026-10-05T14:04:27Z,1564351,2026-10-10T11:30:00Z,7045.6,FAR,League One,standard,Plymouth,AFC Wimbledon,36,BetVictor,ou,under,3.5,1.45,api_football,open
2026-10-05T14:04:27Z,1564351,2026-10-10T11:30:00Z,7045.6,FAR,League One,standard,Plymouth,AFC Wimbledon,36,BetVictor,ht_ou,over,1.5,2.3,api_football,open
2026-10-05T14:04:27Z,1564351,2026-10-10T11:30:00Z,7045.6,FAR,League One,standard,Plymouth,AFC Wimbledon,36,BetVictor,ht_ou,under,1.5,1.53,api_football,open
2026-10-05T14:04:27Z,1564351,2026-10-10T11:30:00Z,7045.6,FAR,League One,standard,Plymouth,AFC Wimbledon,36,BetVictor,ht_ou,over,0.5,1.29,api_football,open
2026-10-05T14:04:27Z,1564351,2026-10-10T11:30:00Z,7045.6,FAR,League One,standard,Plymouth,AFC Wimbledon,36,BetVictor,ht_ou,under,0.5,3.4,api_football,open
2026-10-05T14:04:27Z,1564351,2026-10-10T11:30:00Z,7045.6,FAR,League One,standard,Plymouth,AFC Wimbledon,36,BetVictor,btts,yes,,1.7,api_football,open
2026-10-05T14:04:27Z,1564351,2026-10-10T11:30:00Z,7045.6,FAR,League One,standard,Plymouth,AFC Wimbledon,36,BetVictor,btts,no,,2.0,api_football,open
2026-10-05T14:04:27Z,1564350,2026-10-10T11:30:00Z,7045.6,FAR,League One,standard,Notts County,Oxford United,2,Marathonbet,ou,over,1.5,1.22,api_football,open
2026-10-05T14:04:27Z,1564350,2026-10-10T11:30:00Z,7045.6,FAR,League One,standard,Notts County,Oxford United,2,Marathonbet,ou,under,1.5,3.5,api_football,open
2026-10-05T14:04:27Z,1564350,2026-10-10T11:30:00Z,7045.6,FAR,League One,standard,Notts County,Oxford United,2,Marathonbet,ou,over,2.5,1.85,api_football,open
2026-10-05T14:04:27Z,1564350,2026-10-10T11:30:00Z,7045.6,FAR,League One,standard,Notts County,Oxford United,2,Marathonbet,ou,under,2.5,1.89,api_football,open
2026-10-05T14:04:27Z,1564350,2026-10-10T11:30:00Z,7045.6,FAR,League One,standard,Notts County,Oxford United,2,Marathonbet,ou,over,3.5,3.08,api_football,open
2026-10-05T14:04:27Z,1564350,2026-10-10T11:30:00Z,7045.6,FAR,League One,standard,Notts County,Oxford United,2,Marathonbet,ou,under,3.5,1.28,api_football,open
2026-10-05T14:04:27Z,1564350,2026-10-10T11:30:00Z,7045.6,FAR,League One,standard,Notts County,Oxford United,2,Marathonbet,ht_ou,over,1.5,2.6,api_football,open
2026-10-05T14:04:27Z,1564350,2026-10-10T11:30:00Z,7045.6,FAR,League One,standard,Notts County,Oxford United,2,Marathonbet,ht_ou,under,1.5,1.42,api_football,open
2026-10-05T14:04:27Z,1564350,2026-10-10T11:30:00Z,7045.6,FAR,League One,standard,Notts County,Oxford United,2,Marathonbet,ht_ou,over,0.5,1.31,api_football,open
2026-10-05T14:04:27Z,1564350,2026-10-10T11:30:00Z,7045.6,FAR,League One,standard,Notts County,Oxford United,2,Marathonbet,ht_ou,under,0.5,3.08,api_football,open
2026-10-05T14:04:27Z,1564350,2026-10-10T11:30:00Z,7045.6,FAR,League One,standard,Notts County,Oxford United,2,Marathonbet,btts,yes,,1.66,api_football,open
2026-10-05T14:04:27Z,1564350,2026-10-10T11:30:00Z,7045.6,FAR,League One,standard,Notts County,Oxford United,2,Marathonbet,btts,no,,2.06,api_football,open
2026-10-05T14:04:27Z,1564350,2026-10-10T11:30:00Z,7045.6,FAR,League One,standard,Notts County,Oxford United,36,BetVictor,ou,over,1.5,1.29,api_football,open
2026-10-05T14:04:27Z,1564350,2026-10-10T11:30:00Z,7045.6,FAR,League One,standard,Notts County,Oxford United,36,BetVictor,ou,under,1.5,3.2,api_football,open
2026-10-05T14:04:27Z,1564350,2026-10-10T11:30:00Z,7045.6,FAR,League One,standard,Notts County,Oxford United,36,BetVictor,ou,over,2.5,1.82,api_football,open
2026-10-05T14:04:27Z,1564350,2026-10-10T11:30:00Z,7045.6,FAR,League One,standard,Notts County,Oxford United,36,BetVictor,ou,under,2.5,1.85,api_football,open
2026-10-05T14:04:27Z,1564350,2026-10-10T11:30:00Z,7045.6,FAR,League One,standard,Notts County,Oxford United,36,BetVictor,ou,over,3.5,2.95,api_football,open
2026-10-05T14:04:27Z,1564350,2026-10-10T11:30:00Z,7045.6,FAR,League One,standard,Notts County,Oxford United,36,BetVictor,ou,under,3.5,1.33,api_football,open
2026-10-05T14:04:27Z,1564350,2026-10-10T11:30:00Z,7045.6,FAR,League One,standard,Notts County,Oxford United,36,BetVictor,ht_ou,over,1.5,2.58,api_football,open
2026-10-05T14:04:27Z,1564350,2026-10-10T11:30:00Z,7045.6,FAR,League One,standard,Notts County,Oxford United,36,BetVictor,ht_ou,under,1.5,1.43,api_football,open
2026-10-05T14:04:27Z,1564350,2026-10-10T11:30:00Z,7045.6,FAR,League One,standard,Notts County,Oxford United,36,BetVictor,ht_ou,over,0.5,1.38,api_football,open
2026-10-05T14:04:27Z,1564350,2026-10-10T11:30:00Z,7045.6,FAR,League One,standard,Notts County,Oxford United,36,BetVictor,ht_ou,under,0.5,2.73,api_football,open
2026-10-05T14:04:27Z,1564350,2026-10-10T11:30:00Z,7045.6,FAR,League One,standard,Notts County,Oxford United,36,BetVictor,btts,yes,,1.65,api_football,open
2026-10-05T14:04:27Z,1564350,2026-10-10T11:30:00Z,7045.6,FAR,League One,standard,Notts County,Oxford United,36,BetVictor,btts,no,,2.1,api_football,open
2026-10-05T14:04:27Z,1564352,2026-10-10T14:00:00Z,7195.6,FAR,League One,standard,Stevenage,Wigan,36,BetVictor,ou,over,1.5,1.36,api_football,open
2026-10-05T14:04:27Z,1564352,2026-10-10T14:00:00Z,7195.6,FAR,League One,standard,Stevenage,Wigan,36,BetVictor,ou,under,1.5,2.82,api_football,open
2026-10-05T14:04:27Z,1564352,2026-10-10T14:00:00Z,7195.6,FAR,League One,standard,Stevenage,Wigan,36,BetVictor,ou,over,2.5,2.02,api_football,open
2026-10-05T14:04:27Z,1564352,2026-10-10T14:00:00Z,7195.6,FAR,League One,standard,Stevenage,Wigan,36,BetVictor,ou,under,2.5,1.68,api_football,open
2026-10-05T14:04:27Z,1564352,2026-10-10T14:00:00Z,7195.6,FAR,League One,standard,Stevenage,Wigan,36,BetVictor,ou,over,3.5,3.35,api_football,open
2026-10-05T14:04:27Z,1564352,2026-10-10T14:00:00Z,7195.6,FAR,League One,standard,Stevenage,Wigan,36,BetVictor,ou,under,3.5,1.26,api_football,open
2026-10-05T14:04:27Z,1564352,2026-10-10T14:00:00Z,7195.6,FAR,League One,standard,Stevenage,Wigan,36,BetVictor,ht_ou,over,1.5,2.86,api_football,open
2026-10-05T14:04:27Z,1564352,2026-10-10T14:00:00Z,7195.6,FAR,League One,standard,Stevenage,Wigan,36,BetVictor,ht_ou,under,1.5,1.35,api_football,open
2026-10-05T14:04:27Z,1564352,2026-10-10T14:00:00Z,7195.6,FAR,League One,standard,Stevenage,Wigan,36,BetVictor,ht_ou,over,0.5,1.45,api_football,open
2026-10-05T14:04:27Z,1564352,2026-10-10T14:00:00Z,7195.6,FAR,League One,standard,Stevenage,Wigan,36,BetVictor,ht_ou,under,0.5,2.51,api_football,open
2026-10-05T14:04:27Z,1564352,2026-10-10T14:00:00Z,7195.6,FAR,League One,standard,Stevenage,Wigan,36,BetVictor,btts,yes,,1.83,api_football,open
2026-10-05T14:04:27Z,1564352,2026-10-10T14:00:00Z,7195.6,FAR,League One,standard,Stevenage,Wigan,36,BetVictor,btts,no,,1.87,api_football,open
2026-10-05T14:04:27Z,1564348,2026-10-10T14:00:00Z,7195.6,FAR,League One,standard,Mansfield Town,Bromley,36,BetVictor,ou,over,1.5,1.21,api_football,open
2026-10-05T14:04:27Z,1564348,2026-10-10T14:00:00Z,7195.6,FAR,League One,standard,Mansfield Town,Bromley,36,BetVictor,ou,under,1.5,3.8,api_football,open
2026-10-05T14:04:27Z,1564348,2026-10-10T14:00:00Z,7195.6,FAR,League One,standard,Mansfield Town,Bromley,36,BetVictor,ou,over,2.5,1.62,api_football,open
2026-10-05T14:04:27Z,1564348,2026-10-10T14:00:00Z,7195.6,FAR,League One,standard,Mansfield Town,Bromley,36,BetVictor,ou,under,2.5,2.12,api_football,open
2026-10-05T14:04:27Z,1564348,2026-10-10T14:00:00Z,7195.6,FAR,League One,standard,Mansfield Town,Bromley,36,BetVictor,ou,over,3.5,2.47,api_football,open
2026-10-05T14:04:27Z,1564348,2026-10-10T14:00:00Z,7195.6,FAR,League One,standard,Mansfield Town,Bromley,36,BetVictor,ou,under,3.5,1.46,api_football,open
2026-10-05T14:04:27Z,1564348,2026-10-10T14:00:00Z,7195.6,FAR,League One,standard,Mansfield Town,Bromley,36,BetVictor,ht_ou,over,1.5,2.29,api_football,open
2026-10-05T14:04:27Z,1564348,2026-10-10T14:00:00Z,7195.6,FAR,League One,standard,Mansfield Town,Bromley,36,BetVictor,ht_ou,under,1.5,1.53,api_football,open
2026-10-05T14:04:27Z,1564348,2026-10-10T14:00:00Z,7195.6,FAR,League One,standard,Mansfield Town,Bromley,36,BetVictor,ht_ou,over,0.5,1.29,api_football,open
2026-10-05T14:04:27Z,1564348,2026-10-10T14:00:00Z,7195.6,FAR,League One,standard,Mansfield Town,Bromley,36,BetVictor,ht_ou,under,0.5,3.4,api_football,open
2026-10-05T14:04:27Z,1564348,2026-10-10T14:00:00Z,7195.6,FAR,League One,standard,Mansfield Town,Bromley,36,BetVictor,btts,yes,,1.6,api_football,open
2026-10-05T14:04:27Z,1564348,2026-10-10T14:00:00Z,7195.6,FAR,League One,standard,Mansfield Town,Bromley,36,BetVictor,btts,no,,2.2,api_football,open
2026-10-05T14:04:27Z,1563792,2026-10-10T14:00:00Z,7195.6,FAR,League Two,standard,Cheltenham,Salford City,36,BetVictor,ou,over,1.5,1.18,api_football,open
2026-10-05T14:04:27Z,1563792,2026-10-10T14:00:00Z,7195.6,FAR,League Two,standard,Cheltenham,Salford City,36,BetVictor,ou,under,1.5,4.2,api_football,open
2026-10-05T14:04:27Z,1563792,2026-10-10T14:00:00Z,7195.6,FAR,League Two,standard,Cheltenham,Salford City,36,BetVictor,ou,over,2.5,1.66,api_football,open
2026-10-05T14:04:27Z,1563792,2026-10-10T14:00:00Z,7195.6,FAR,League Two,standard,Cheltenham,Salford City,36,BetVictor,ou,under,2.5,2.06,api_football,open
2026-10-05T14:04:27Z,1563792,2026-10-10T14:00:00Z,7195.6,FAR,League Two,standard,Cheltenham,Salford City,36,BetVictor,ou,over,3.5,2.56,api_football,open
2026-10-05T14:04:27Z,1563792,2026-10-10T14:00:00Z,7195.6,FAR,League Two,standard,Cheltenham,Salford City,36,BetVictor,ou,under,3.5,1.43,api_football,open
2026-10-05T14:04:27Z,1563792,2026-10-10T14:00:00Z,7195.6,FAR,League Two,standard,Cheltenham,Salford City,36,BetVictor,ht_ou,over,1.5,2.32,api_football,open
2026-10-05T14:04:27Z,1563792,2026-10-10T14:00:00Z,7195.6,FAR,League Two,standard,Cheltenham,Salford City,36,BetVictor,ht_ou,under,1.5,1.52,api_football,open
2026-10-05T14:04:27Z,1563792,2026-10-10T14:00:00Z,7195.6,FAR,League Two,standard,Cheltenham,Salford City,36,BetVictor,ht_ou,over,0.5,1.29,api_football,open
2026-10-05T14:04:27Z,1563792,2026-10-10T14:00:00Z,7195.6,FAR,League Two,standard,Cheltenham,Salford City,36,BetVictor,ht_ou,under,0.5,3.3,api_football,open
2026-10-05T14:04:27Z,1563792,2026-10-10T14:00:00Z,7195.6,FAR,League Two,standard,Cheltenham,Salford City,36,BetVictor,btts,yes,,1.6,api_football,open
2026-10-05T14:04:27Z,1563792,2026-10-10T14:00:00Z,7195.6,FAR,League Two,standard,Cheltenham,Salford City,36,BetVictor,btts,no,,2.15,api_football,open
2026-10-05T14:04:27Z,1585290,2026-10-10T14:00:00Z,7195.6,FAR,National League,standard,Woking,Harrogate Town,8,Bet365,ht_ou,over,1.5,2.5,api_football,open
2026-10-05T14:04:27Z,1585290,2026-10-10T14:00:00Z,7195.6,FAR,National League,standard,Woking,Harrogate Town,8,Bet365,ht_ou,under,1.5,1.5,api_football,open
2026-10-05T14:04:27Z,1585290,2026-10-10T14:00:00Z,7195.6,FAR,National League,standard,Woking,Harrogate Town,8,Bet365,ht_ou,over,0.5,1.3,api_football,open
2026-10-05T14:04:27Z,1585290,2026-10-10T14:00:00Z,7195.6,FAR,National League,standard,Woking,Harrogate Town,8,Bet365,ht_ou,under,0.5,3.4,api_football,open
2026-10-05T14:04:27Z,1575517,2026-10-11T14:30:00Z,8665.5,FAR,Portuguese Primeira Liga,standard,Rio Ave,Nacional,7,William Hill,ht_ou,over,1.5,2.9,api_football,open
2026-10-05T14:04:27Z,1575517,2026-10-11T14:30:00Z,8665.5,FAR,Portuguese Primeira Liga,standard,Rio Ave,Nacional,7,William Hill,ht_ou,under,1.5,1.36,api_football,open
2026-10-05T14:04:27Z,1575517,2026-10-11T14:30:00Z,8665.5,FAR,Portuguese Primeira Liga,standard,Rio Ave,Nacional,7,William Hill,ht_ou,over,0.5,1.4,api_football,open
2026-10-05T14:04:27Z,1575517,2026-10-11T14:30:00Z,8665.5,FAR,Portuguese Primeira Liga,standard,Rio Ave,Nacional,7,William Hill,ht_ou,under,0.5,2.8,api_football,open
2026-10-05T14:04:27Z,1575517,2026-10-11T14:30:00Z,8665.5,FAR,Portuguese Primeira Liga,standard,Rio Ave,Nacional,7,William Hill,btts,yes,,1.75,api_football,open
2026-10-05T14:04:27Z,1575517,2026-10-11T14:30:00Z,8665.5,FAR,Portuguese Primeira Liga,standard,Rio Ave,Nacional,7,William Hill,btts,no,,1.95,api_football,open
2026-10-05T14:04:27Z,1575517,2026-10-11T14:30:00Z,8665.5,FAR,Portuguese Primeira Liga,standard,Rio Ave,Nacional,8,Bet365,ou,over,1.5,1.33,api_football,open
2026-10-05T14:04:27Z,1575517,2026-10-11T14:30:00Z,8665.5,FAR,Portuguese Primeira Liga,standard,Rio Ave,Nacional,8,Bet365,ou,under,1.5,3.25,api_football,open
2026-10-05T14:04:27Z,1575517,2026-10-11T14:30:00Z,8665.5,FAR,Portuguese Primeira Liga,standard,Rio Ave,Nacional,8,Bet365,ou,over,2.5,2.1,api_football,open
2026-10-05T14:04:27Z,1575517,2026-10-11T14:30:00Z,8665.5,FAR,Portuguese Primeira Liga,standard,Rio Ave,Nacional,8,Bet365,ou,under,2.5,1.7,api_football,open
2026-10-05T14:04:27Z,1575517,2026-10-11T14:30:00Z,8665.5,FAR,Portuguese Primeira Liga,standard,Rio Ave,Nacional,8,Bet365,ou,over,3.5,3.75,api_football,open
2026-10-05T14:04:27Z,1575517,2026-10-11T14:30:00Z,8665.5,FAR,Portuguese Primeira Liga,standard,Rio Ave,Nacional,8,Bet365,ou,under,3.5,1.25,api_football,open
2026-10-05T14:04:27Z,1575517,2026-10-11T14:30:00Z,8665.5,FAR,Portuguese Primeira Liga,standard,Rio Ave,Nacional,8,Bet365,ht_ou,over,1.5,3.25,api_football,open
2026-10-05T14:04:27Z,1575517,2026-10-11T14:30:00Z,8665.5,FAR,Portuguese Primeira Liga,standard,Rio Ave,Nacional,8,Bet365,ht_ou,under,1.5,1.33,api_football,open
2026-10-05T14:04:27Z,1575517,2026-10-11T14:30:00Z,8665.5,FAR,Portuguese Primeira Liga,standard,Rio Ave,Nacional,8,Bet365,ht_ou,over,0.5,1.44,api_football,open
2026-10-05T14:04:27Z,1575517,2026-10-11T14:30:00Z,8665.5,FAR,Portuguese Primeira Liga,standard,Rio Ave,Nacional,8,Bet365,ht_ou,under,0.5,2.62,api_football,open
2026-10-05T14:04:27Z,1575517,2026-10-11T14:30:00Z,8665.5,FAR,Portuguese Primeira Liga,standard,Rio Ave,Nacional,8,Bet365,btts,yes,,1.91,api_football,open
2026-10-05T14:04:27Z,1575517,2026-10-11T14:30:00Z,8665.5,FAR,Portuguese Primeira Liga,standard,Rio Ave,Nacional,8,Bet365,btts,no,,1.91,api_football,open
2026-10-05T14:04:27Z,1575517,2026-10-11T14:30:00Z,8665.5,FAR,Portuguese Primeira Liga,standard,Rio Ave,Nacional,2,Marathonbet,ou,over,1.5,1.29,api_football,open
2026-10-05T14:04:27Z,1575517,2026-10-11T14:30:00Z,8665.5,FAR,Portuguese Primeira Liga,standard,Rio Ave,Nacional,2,Marathonbet,ou,under,1.5,3.04,api_football,open
2026-10-05T14:04:27Z,1575517,2026-10-11T14:30:00Z,8665.5,FAR,Portuguese Primeira Liga,standard,Rio Ave,Nacional,2,Marathonbet,ou,over,2.5,2.05,api_football,open
2026-10-05T14:04:27Z,1575517,2026-10-11T14:30:00Z,8665.5,FAR,Portuguese Primeira Liga,standard,Rio Ave,Nacional,2,Marathonbet,ou,under,2.5,1.72,api_football,open
2026-10-05T14:04:27Z,1575517,2026-10-11T14:30:00Z,8665.5,FAR,Portuguese Primeira Liga,standard,Rio Ave,Nacional,2,Marathonbet,ou,over,3.5,3.58,api_football,open
2026-10-05T14:04:27Z,1575517,2026-10-11T14:30:00Z,8665.5,FAR,Portuguese Primeira Liga,standard,Rio Ave,Nacional,2,Marathonbet,ou,under,3.5,1.21,api_football,open
2026-10-05T14:04:27Z,1575517,2026-10-11T14:30:00Z,8665.5,FAR,Portuguese Primeira Liga,standard,Rio Ave,Nacional,2,Marathonbet,ht_ou,over,1.5,2.88,api_football,open
2026-10-05T14:04:27Z,1575517,2026-10-11T14:30:00Z,8665.5,FAR,Portuguese Primeira Liga,standard,Rio Ave,Nacional,2,Marathonbet,ht_ou,under,1.5,1.35,api_football,open
2026-10-05T14:04:27Z,1575517,2026-10-11T14:30:00Z,8665.5,FAR,Portuguese Primeira Liga,standard,Rio Ave,Nacional,2,Marathonbet,ht_ou,over,0.5,1.37,api_football,open
2026-10-05T14:04:27Z,1575517,2026-10-11T14:30:00Z,8665.5,FAR,Portuguese Primeira Liga,standard,Rio Ave,Nacional,2,Marathonbet,ht_ou,under,0.5,2.79,api_football,open
2026-10-05T14:04:27Z,1575517,2026-10-11T14:30:00Z,8665.5,FAR,Portuguese Primeira Liga,standard,Rio Ave,Nacional,2,Marathonbet,btts,yes,,1.81,api_football,open
2026-10-05T14:04:27Z,1575517,2026-10-11T14:30:00Z,8665.5,FAR,Portuguese Primeira Liga,standard,Rio Ave,Nacional,2,Marathonbet,btts,no,,1.87,api_football,open
2026-10-05T14:04:27Z,1575517,2026-10-11T14:30:00Z,8665.5,FAR,Portuguese Primeira Liga,standard,Rio Ave,Nacional,3,Betfair,ht_ou,over,1.5,3.2,api_football,open
2026-10-05T14:04:27Z,1575517,2026-10-11T14:30:00Z,8665.5,FAR,Portuguese Primeira Liga,standard,Rio Ave,Nacional,3,Betfair,ht_ou,under,1.5,1.3,api_football,open
2026-10-05T14:04:27Z,1575517,2026-10-11T14:30:00Z,8665.5,FAR,Portuguese Primeira Liga,standard,Rio Ave,Nacional,3,Betfair,ht_ou,over,0.5,1.36,api_football,open
2026-10-05T14:04:27Z,1575517,2026-10-11T14:30:00Z,8665.5,FAR,Portuguese Primeira Liga,standard,Rio Ave,Nacional,3,Betfair,ht_ou,under,0.5,2.88,api_football,open
2026-10-05T14:04:27Z,1575517,2026-10-11T14:30:00Z,8665.5,FAR,Portuguese Primeira Liga,standard,Rio Ave,Nacional,36,BetVictor,ou,over,1.5,1.36,api_football,open
2026-10-05T14:04:27Z,1575517,2026-10-11T14:30:00Z,8665.5,FAR,Portuguese Primeira Liga,standard,Rio Ave,Nacional,36,BetVictor,ou,under,1.5,2.82,api_football,open
2026-10-05T14:04:27Z,1575517,2026-10-11T14:30:00Z,8665.5,FAR,Portuguese Primeira Liga,standard,Rio Ave,Nacional,36,BetVictor,ou,over,2.5,2.01,api_football,open
2026-10-05T14:04:27Z,1575517,2026-10-11T14:30:00Z,8665.5,FAR,Portuguese Primeira Liga,standard,Rio Ave,Nacional,36,BetVictor,ou,under,2.5,1.69,api_football,open
2026-10-05T14:04:27Z,1575517,2026-10-11T14:30:00Z,8665.5,FAR,Portuguese Primeira Liga,standard,Rio Ave,Nacional,36,BetVictor,ou,over,3.5,3.8,api_football,open
2026-10-05T14:04:27Z,1575517,2026-10-11T14:30:00Z,8665.5,FAR,Portuguese Primeira Liga,standard,Rio Ave,Nacional,36,BetVictor,ou,under,3.5,1.22,api_football,open
2026-10-05T14:04:27Z,1575517,2026-10-11T14:30:00Z,8665.5,FAR,Portuguese Primeira Liga,standard,Rio Ave,Nacional,36,BetVictor,ht_ou,over,1.5,2.77,api_football,open
2026-10-05T14:04:27Z,1575517,2026-10-11T14:30:00Z,8665.5,FAR,Portuguese Primeira Liga,standard,Rio Ave,Nacional,36,BetVictor,ht_ou,under,1.5,1.37,api_football,open
2026-10-05T14:04:27Z,1575517,2026-10-11T14:30:00Z,8665.5,FAR,Portuguese Primeira Liga,standard,Rio Ave,Nacional,36,BetVictor,ht_ou,over,0.5,1.43,api_football,open
2026-10-05T14:04:27Z,1575517,2026-10-11T14:30:00Z,8665.5,FAR,Portuguese Primeira Liga,standard,Rio Ave,Nacional,36,BetVictor,ht_ou,under,0.5,2.58,api_football,open
2026-10-05T14:04:27Z,1575517,2026-10-11T14:30:00Z,8665.5,FAR,Portuguese Primeira Liga,standard,Rio Ave,Nacional,36,BetVictor,btts,yes,,1.8,api_football,open
2026-10-05T14:04:27Z,1575517,2026-10-11T14:30:00Z,8665.5,FAR,Portuguese Primeira Liga,standard,Rio Ave,Nacional,36,BetVictor,btts,no,,1.9,api_football,open
2026-10-05T14:04:27Z,1575517,2026-10-11T14:30:00Z,8665.5,FAR,Portuguese Primeira Liga,standard,Rio Ave,Nacional,4,Pinnacle,ou,over,1.5,1.33,api_football,open
2026-10-05T14:04:27Z,1575517,2026-10-11T14:30:00Z,8665.5,FAR,Portuguese Primeira Liga,standard,Rio Ave,Nacional,4,Pinnacle,ou,under,1.5,3.28,api_football,open
2026-10-05T14:04:27Z,1575517,2026-10-11T14:30:00Z,8665.5,FAR,Portuguese Primeira Liga,standard,Rio Ave,Nacional,4,Pinnacle,ou,over,2.5,2.1,api_football,open
2026-10-05T14:04:27Z,1575517,2026-10-11T14:30:00Z,8665.5,FAR,Portuguese Primeira Liga,standard,Rio Ave,Nacional,4,Pinnacle,ou,under,2.5,1.75,api_football,open
2026-10-05T14:04:27Z,1575517,2026-10-11T14:30:00Z,8665.5,FAR,Portuguese Primeira Liga,standard,Rio Ave,Nacional,4,Pinnacle,ou,over,3.5,3.66,api_football,open
2026-10-05T14:04:27Z,1575517,2026-10-11T14:30:00Z,8665.5,FAR,Portuguese Primeira Liga,standard,Rio Ave,Nacional,4,Pinnacle,ou,under,3.5,1.28,api_football,open
2026-10-05T14:04:27Z,1575517,2026-10-11T14:30:00Z,8665.5,FAR,Portuguese Primeira Liga,standard,Rio Ave,Nacional,4,Pinnacle,ht_ou,over,1.5,3.06,api_football,open
2026-10-05T14:04:27Z,1575517,2026-10-11T14:30:00Z,8665.5,FAR,Portuguese Primeira Liga,standard,Rio Ave,Nacional,4,Pinnacle,ht_ou,under,1.5,1.36,api_football,open
2026-10-05T14:04:27Z,1575517,2026-10-11T14:30:00Z,8665.5,FAR,Portuguese Primeira Liga,standard,Rio Ave,Nacional,4,Pinnacle,ht_ou,over,0.5,1.41,api_football,open
2026-10-05T14:04:27Z,1575517,2026-10-11T14:30:00Z,8665.5,FAR,Portuguese Primeira Liga,standard,Rio Ave,Nacional,4,Pinnacle,ht_ou,under,0.5,2.84,api_football,open
2026-10-05T14:04:27Z,1575517,2026-10-11T14:30:00Z,8665.5,FAR,Portuguese Primeira Liga,standard,Rio Ave,Nacional,5,SBO,ou,over,2.5,2.13,api_football,open
2026-10-05T14:04:27Z,1575517,2026-10-11T14:30:00Z,8665.5,FAR,Portuguese Primeira Liga,standard,Rio Ave,Nacional,5,SBO,ou,under,2.5,1.7,api_football,open
2026-10-05T14:04:27Z,1575517,2026-10-11T14:30:00Z,8665.5,FAR,Portuguese Primeira Liga,standard,Rio Ave,Nacional,11,1xBet,ou,over,1.5,1.29,api_football,open
2026-10-05T14:04:27Z,1575517,2026-10-11T14:30:00Z,8665.5,FAR,Portuguese Primeira Liga,standard,Rio Ave,Nacional,11,1xBet,ou,under,1.5,3.04,api_football,open
2026-10-05T14:04:27Z,1575517,2026-10-11T14:30:00Z,8665.5,FAR,Portuguese Primeira Liga,standard,Rio Ave,Nacional,11,1xBet,ou,over,2.5,2.13,api_football,open
2026-10-05T14:04:27Z,1575517,2026-10-11T14:30:00Z,8665.5,FAR,Portuguese Primeira Liga,standard,Rio Ave,Nacional,11,1xBet,ou,under,2.5,1.78,api_football,open
2026-10-05T14:04:27Z,1575517,2026-10-11T14:30:00Z,8665.5,FAR,Portuguese Primeira Liga,standard,Rio Ave,Nacional,11,1xBet,ou,over,3.5,3.58,api_football,open
2026-10-05T14:04:27Z,1575517,2026-10-11T14:30:00Z,8665.5,FAR,Portuguese Primeira Liga,standard,Rio Ave,Nacional,11,1xBet,ou,under,3.5,1.21,api_football,open
2026-10-05T14:04:27Z,1575517,2026-10-11T14:30:00Z,8665.5,FAR,Portuguese Primeira Liga,standard,Rio Ave,Nacional,11,1xBet,ht_ou,over,1.5,2.88,api_football,open
2026-10-05T14:04:27Z,1575517,2026-10-11T14:30:00Z,8665.5,FAR,Portuguese Primeira Liga,standard,Rio Ave,Nacional,11,1xBet,ht_ou,under,1.5,1.35,api_football,open
2026-10-05T14:04:27Z,1575517,2026-10-11T14:30:00Z,8665.5,FAR,Portuguese Primeira Liga,standard,Rio Ave,Nacional,11,1xBet,ht_ou,over,0.5,1.37,api_football,open
2026-10-05T14:04:27Z,1575517,2026-10-11T14:30:00Z,8665.5,FAR,Portuguese Primeira Liga,standard,Rio Ave,Nacional,11,1xBet,ht_ou,under,0.5,2.79,api_football,open
2026-10-05T14:04:27Z,1575517,2026-10-11T14:30:00Z,8665.5,FAR,Portuguese Primeira Liga,standard,Rio Ave,Nacional,11,1xBet,btts,yes,,1.81,api_football,open
2026-10-05T14:04:27Z,1575517,2026-10-11T14:30:00Z,8665.5,FAR,Portuguese Primeira Liga,standard,Rio Ave,Nacional,11,1xBet,btts,no,,1.9,api_football,open
2026-10-05T14:04:27Z,1575517,2026-10-11T14:30:00Z,8665.5,FAR,Portuguese Primeira Liga,standard,Rio Ave,Nacional,32,Betano,ou,over,1.5,1.38,api_football,open
2026-10-05T14:04:27Z,1575517,2026-10-11T14:30:00Z,8665.5,FAR,Portuguese Primeira Liga,standard,Rio Ave,Nacional,32,Betano,ou,under,1.5,3.2,api_football,open
2026-10-05T14:04:27Z,1575517,2026-10-11T14:30:00Z,8665.5,FAR,Portuguese Primeira Liga,standard,Rio Ave,Nacional,32,Betano,ou,over,2.5,2.12,api_football,open
2026-10-05T14:04:27Z,1575517,2026-10-11T14:30:00Z,8665.5,FAR,Portuguese Primeira Liga,standard,Rio Ave,Nacional,32,Betano,ou,under,2.5,1.75,api_football,open
2026-10-05T14:04:27Z,1575517,2026-10-11T14:30:00Z,8665.5,FAR,Portuguese Primeira Liga,standard,Rio Ave,Nacional,32,Betano,ou,over,3.5,3.65,api_football,open
2026-10-05T14:04:27Z,1575517,2026-10-11T14:30:00Z,8665.5,FAR,Portuguese Primeira Liga,standard,Rio Ave,Nacional,32,Betano,ou,under,3.5,1.29,api_football,open
2026-10-05T14:04:27Z,1575517,2026-10-11T14:30:00Z,8665.5,FAR,Portuguese Primeira Liga,standard,Rio Ave,Nacional,32,Betano,ht_ou,over,1.5,3.15,api_football,open
2026-10-05T14:04:27Z,1575517,2026-10-11T14:30:00Z,8665.5,FAR,Portuguese Primeira Liga,standard,Rio Ave,Nacional,32,Betano,ht_ou,under,1.5,1.37,api_football,open
2026-10-05T14:04:27Z,1575517,2026-10-11T14:30:00Z,8665.5,FAR,Portuguese Primeira Liga,standard,Rio Ave,Nacional,32,Betano,ht_ou,over,0.5,1.5,api_football,open
2026-10-05T14:04:27Z,1575517,2026-10-11T14:30:00Z,8665.5,FAR,Portuguese Primeira Liga,standard,Rio Ave,Nacional,32,Betano,ht_ou,under,0.5,2.62,api_football,open
2026-10-05T14:04:27Z,1575517,2026-10-11T14:30:00Z,8665.5,FAR,Portuguese Primeira Liga,standard,Rio Ave,Nacional,32,Betano,btts,yes,,1.8,api_football,open
2026-10-05T14:04:27Z,1575517,2026-10-11T14:30:00Z,8665.5,FAR,Portuguese Primeira Liga,standard,Rio Ave,Nacional,32,Betano,btts,no,,1.93,api_football,open
2026-10-05T14:04:27Z,1575511,2026-10-11T17:00:00Z,8815.5,FAR,Portuguese Primeira Liga,standard,Benfica,Vitória SC,7,William Hill,ht_ou,over,1.5,2.2,api_football,open
2026-10-05T14:04:27Z,1575511,2026-10-11T17:00:00Z,8815.5,FAR,Portuguese Primeira Liga,standard,Benfica,Vitória SC,7,William Hill,ht_ou,under,1.5,1.62,api_football,open
2026-10-05T14:04:27Z,1575511,2026-10-11T17:00:00Z,8815.5,FAR,Portuguese Primeira Liga,standard,Benfica,Vitória SC,7,William Hill,ht_ou,over,0.5,1.25,api_football,open
2026-10-05T14:04:27Z,1575511,2026-10-11T17:00:00Z,8815.5,FAR,Portuguese Primeira Liga,standard,Benfica,Vitória SC,7,William Hill,ht_ou,under,0.5,3.6,api_football,open
2026-10-05T14:04:27Z,1575511,2026-10-11T17:00:00Z,8815.5,FAR,Portuguese Primeira Liga,standard,Benfica,Vitória SC,7,William Hill,btts,yes,,1.85,api_football,open
2026-10-05T14:04:27Z,1575511,2026-10-11T17:00:00Z,8815.5,FAR,Portuguese Primeira Liga,standard,Benfica,Vitória SC,7,William Hill,btts,no,,1.85,api_football,open
2026-10-05T14:04:27Z,1575511,2026-10-11T17:00:00Z,8815.5,FAR,Portuguese Primeira Liga,standard,Benfica,Vitória SC,8,Bet365,ou,over,1.5,1.17,api_football,open
2026-10-05T14:04:27Z,1575511,2026-10-11T17:00:00Z,8815.5,FAR,Portuguese Primeira Liga,standard,Benfica,Vitória SC,8,Bet365,ou,under,1.5,5.0,api_football,open
2026-10-05T14:04:27Z,1575511,2026-10-11T17:00:00Z,8815.5,FAR,Portuguese Primeira Liga,standard,Benfica,Vitória SC,8,Bet365,ou,over,2.5,1.53,api_football,open
2026-10-05T14:04:27Z,1575511,2026-10-11T17:00:00Z,8815.5,FAR,Portuguese Primeira Liga,standard,Benfica,Vitória SC,8,Bet365,ou,under,2.5,2.4,api_football,open
2026-10-05T14:04:27Z,1575511,2026-10-11T17:00:00Z,8815.5,FAR,Portuguese Primeira Liga,standard,Benfica,Vitória SC,8,Bet365,ou,over,3.5,2.25,api_football,open
2026-10-05T14:04:27Z,1575511,2026-10-11T17:00:00Z,8815.5,FAR,Portuguese Primeira Liga,standard,Benfica,Vitória SC,8,Bet365,ou,under,3.5,1.57,api_football,open
2026-10-05T14:04:27Z,1575511,2026-10-11T17:00:00Z,8815.5,FAR,Portuguese Primeira Liga,standard,Benfica,Vitória SC,8,Bet365,ht_ou,over,1.5,2.2,api_football,open
2026-10-05T14:04:27Z,1575511,2026-10-11T17:00:00Z,8815.5,FAR,Portuguese Primeira Liga,standard,Benfica,Vitória SC,8,Bet365,ht_ou,under,1.5,1.62,api_football,open
2026-10-05T14:04:27Z,1575511,2026-10-11T17:00:00Z,8815.5,FAR,Portuguese Primeira Liga,standard,Benfica,Vitória SC,8,Bet365,ht_ou,over,0.5,1.25,api_football,open
2026-10-05T14:04:27Z,1575511,2026-10-11T17:00:00Z,8815.5,FAR,Portuguese Primeira Liga,standard,Benfica,Vitória SC,8,Bet365,ht_ou,under,0.5,3.75,api_football,open
2026-10-05T14:04:27Z,1575511,2026-10-11T17:00:00Z,8815.5,FAR,Portuguese Primeira Liga,standard,Benfica,Vitória SC,8,Bet365,btts,yes,,1.95,api_football,open
2026-10-05T14:04:27Z,1575511,2026-10-11T17:00:00Z,8815.5,FAR,Portuguese Primeira Liga,standard,Benfica,Vitória SC,8,Bet365,btts,no,,1.8,api_football,open
2026-10-05T14:04:27Z,1575511,2026-10-11T17:00:00Z,8815.5,FAR,Portuguese Primeira Liga,standard,Benfica,Vitória SC,2,Marathonbet,ou,over,1.5,1.1,api_football,open
2026-10-05T14:04:27Z,1575511,2026-10-11T17:00:00Z,8815.5,FAR,Portuguese Primeira Liga,standard,Benfica,Vitória SC,2,Marathonbet,ou,under,1.5,5.1,api_football,open
2026-10-05T14:04:27Z,1575511,2026-10-11T17:00:00Z,8815.5,FAR,Portuguese Primeira Liga,standard,Benfica,Vitória SC,2,Marathonbet,ou,over,2.5,1.44,api_football,open
2026-10-05T14:04:27Z,1575511,2026-10-11T17:00:00Z,8815.5,FAR,Portuguese Primeira Liga,standard,Benfica,Vitória SC,2,Marathonbet,ou,under,2.5,2.42,api_football,open
2026-10-05T14:04:27Z,1575511,2026-10-11T17:00:00Z,8815.5,FAR,Portuguese Primeira Liga,standard,Benfica,Vitória SC,2,Marathonbet,ou,over,3.5,2.27,api_football,open
2026-10-05T14:04:27Z,1575511,2026-10-11T17:00:00Z,8815.5,FAR,Portuguese Primeira Liga,standard,Benfica,Vitória SC,2,Marathonbet,ou,under,3.5,1.59,api_football,open
2026-10-05T14:04:27Z,1575511,2026-10-11T17:00:00Z,8815.5,FAR,Portuguese Primeira Liga,standard,Benfica,Vitória SC,2,Marathonbet,ht_ou,over,1.5,2.14,api_football,open
2026-10-05T14:04:27Z,1575511,2026-10-11T17:00:00Z,8815.5,FAR,Portuguese Primeira Liga,standard,Benfica,Vitória SC,2,Marathonbet,ht_ou,under,1.5,1.64,api_football,open
2026-10-05T14:04:27Z,1575511,2026-10-11T17:00:00Z,8815.5,FAR,Portuguese Primeira Liga,standard,Benfica,Vitória SC,2,Marathonbet,ht_ou,over,0.5,1.18,api_football,open
2026-10-05T14:04:27Z,1575511,2026-10-11T17:00:00Z,8815.5,FAR,Portuguese Primeira Liga,standard,Benfica,Vitória SC,2,Marathonbet,ht_ou,under,0.5,3.92,api_football,open
2026-10-05T14:04:27Z,1575511,2026-10-11T17:00:00Z,8815.5,FAR,Portuguese Primeira Liga,standard,Benfica,Vitória SC,2,Marathonbet,btts,yes,,1.94,api_football,open
2026-10-05T14:04:27Z,1575511,2026-10-11T17:00:00Z,8815.5,FAR,Portuguese Primeira Liga,standard,Benfica,Vitória SC,2,Marathonbet,btts,no,,1.75,api_football,open
2026-10-05T14:04:27Z,1575511,2026-10-11T17:00:00Z,8815.5,FAR,Portuguese Primeira Liga,standard,Benfica,Vitória SC,3,Betfair,ht_ou,over,1.5,2.2,api_football,open
2026-10-05T14:04:27Z,1575511,2026-10-11T17:00:00Z,8815.5,FAR,Portuguese Primeira Liga,standard,Benfica,Vitória SC,3,Betfair,ht_ou,under,1.5,1.6,api_football,open
2026-10-05T14:04:27Z,1575511,2026-10-11T17:00:00Z,8815.5,FAR,Portuguese Primeira Liga,standard,Benfica,Vitória SC,3,Betfair,ht_ou,over,0.5,1.2,api_football,open
2026-10-05T14:04:27Z,1575511,2026-10-11T17:00:00Z,8815.5,FAR,Portuguese Primeira Liga,standard,Benfica,Vitória SC,3,Betfair,ht_ou,under,0.5,4.0,api_football,open
2026-10-05T14:04:27Z,1575511,2026-10-11T17:00:00Z,8815.5,FAR,Portuguese Primeira Liga,standard,Benfica,Vitória SC,36,BetVictor,ou,over,1.5,1.13,api_football,open
2026-10-05T14:04:27Z,1575511,2026-10-11T17:00:00Z,8815.5,FAR,Portuguese Primeira Liga,standard,Benfica,Vitória SC,36,BetVictor,ou,under,1.5,5.25,api_football,open
2026-10-05T14:04:27Z,1575511,2026-10-11T17:00:00Z,8815.5,FAR,Portuguese Primeira Liga,standard,Benfica,Vitória SC,36,BetVictor,ou,over,2.5,1.48,api_football,open
2026-10-05T14:04:27Z,1575511,2026-10-11T17:00:00Z,8815.5,FAR,Portuguese Primeira Liga,standard,Benfica,Vitória SC,36,BetVictor,ou,under,2.5,2.41,api_football,open
2026-10-05T14:04:27Z,1575511,2026-10-11T17:00:00Z,8815.5,FAR,Portuguese Primeira Liga,standard,Benfica,Vitória SC,36,BetVictor,ou,over,3.5,2.16,api_football,open
2026-10-05T14:04:27Z,1575511,2026-10-11T17:00:00Z,8815.5,FAR,Portuguese Primeira Liga,standard,Benfica,Vitória SC,36,BetVictor,ou,under,3.5,1.59,api_football,open
2026-10-05T14:04:27Z,1575511,2026-10-11T17:00:00Z,8815.5,FAR,Portuguese Primeira Liga,standard,Benfica,Vitória SC,36,BetVictor,ht_ou,over,1.5,2.11,api_football,open
2026-10-05T14:04:27Z,1575511,2026-10-11T17:00:00Z,8815.5,FAR,Portuguese Primeira Liga,standard,Benfica,Vitória SC,36,BetVictor,ht_ou,under,1.5,1.63,api_football,open
2026-10-05T14:04:27Z,1575511,2026-10-11T17:00:00Z,8815.5,FAR,Portuguese Primeira Liga,standard,Benfica,Vitória SC,36,BetVictor,btts,yes,,1.9,api_football,open
2026-10-05T14:04:27Z,1575511,2026-10-11T17:00:00Z,8815.5,FAR,Portuguese Primeira Liga,standard,Benfica,Vitória SC,36,BetVictor,btts,no,,1.8,api_football,open
2026-10-05T14:04:27Z,1575511,2026-10-11T17:00:00Z,8815.5,FAR,Portuguese Primeira Liga,standard,Benfica,Vitória SC,11,1xBet,ou,over,1.5,1.1,api_football,open
2026-10-05T14:04:27Z,1575511,2026-10-11T17:00:00Z,8815.5,FAR,Portuguese Primeira Liga,standard,Benfica,Vitória SC,11,1xBet,ou,under,1.5,5.1,api_football,open
2026-10-05T14:04:27Z,1575511,2026-10-11T17:00:00Z,8815.5,FAR,Portuguese Primeira Liga,standard,Benfica,Vitória SC,11,1xBet,ou,over,2.5,1.45,api_football,open
2026-10-05T14:04:27Z,1575511,2026-10-11T17:00:00Z,8815.5,FAR,Portuguese Primeira Liga,standard,Benfica,Vitória SC,11,1xBet,ou,under,2.5,2.41,api_football,open
2026-10-05T14:04:27Z,1575511,2026-10-11T17:00:00Z,8815.5,FAR,Portuguese Primeira Liga,standard,Benfica,Vitória SC,11,1xBet,ou,over,3.5,2.36,api_football,open
2026-10-05T14:04:27Z,1575511,2026-10-11T17:00:00Z,8815.5,FAR,Portuguese Primeira Liga,standard,Benfica,Vitória SC,11,1xBet,ou,under,3.5,1.65,api_football,open
2026-10-05T14:04:27Z,1575511,2026-10-11T17:00:00Z,8815.5,FAR,Portuguese Primeira Liga,standard,Benfica,Vitória SC,11,1xBet,ht_ou,over,1.5,2.14,api_football,open
2026-10-05T14:04:27Z,1575511,2026-10-11T17:00:00Z,8815.5,FAR,Portuguese Primeira Liga,standard,Benfica,Vitória SC,11,1xBet,ht_ou,under,1.5,1.64,api_football,open
2026-10-05T14:04:27Z,1575511,2026-10-11T17:00:00Z,8815.5,FAR,Portuguese Primeira Liga,standard,Benfica,Vitória SC,11,1xBet,ht_ou,over,0.5,1.18,api_football,open
2026-10-05T14:04:27Z,1575511,2026-10-11T17:00:00Z,8815.5,FAR,Portuguese Primeira Liga,standard,Benfica,Vitória SC,11,1xBet,ht_ou,under,0.5,3.92,api_football,open
2026-10-05T14:04:27Z,1575511,2026-10-11T17:00:00Z,8815.5,FAR,Portuguese Primeira Liga,standard,Benfica,Vitória SC,11,1xBet,btts,yes,,1.94,api_football,open
2026-10-05T14:04:27Z,1575511,2026-10-11T17:00:00Z,8815.5,FAR,Portuguese Primeira Liga,standard,Benfica,Vitória SC,11,1xBet,btts,no,,1.77,api_football,open
2026-10-05T14:04:27Z,1575511,2026-10-11T17:00:00Z,8815.5,FAR,Portuguese Primeira Liga,standard,Benfica,Vitória SC,32,Betano,ou,over,1.5,1.17,api_football,open
2026-10-05T14:04:27Z,1575511,2026-10-11T17:00:00Z,8815.5,FAR,Portuguese Primeira Liga,standard,Benfica,Vitória SC,32,Betano,ou,under,1.5,5.1,api_football,open
2026-10-05T14:04:27Z,1575511,2026-10-11T17:00:00Z,8815.5,FAR,Portuguese Primeira Liga,standard,Benfica,Vitória SC,32,Betano,ou,over,2.5,1.53,api_football,open
2026-10-05T14:04:27Z,1575511,2026-10-11T17:00:00Z,8815.5,FAR,Portuguese Primeira Liga,standard,Benfica,Vitória SC,32,Betano,ou,under,2.5,2.57,api_football,open
2026-10-05T14:04:27Z,1575511,2026-10-11T17:00:00Z,8815.5,FAR,Portuguese Primeira Liga,standard,Benfica,Vitória SC,32,Betano,ou,over,3.5,2.32,api_football,open
2026-10-05T14:04:27Z,1575511,2026-10-11T17:00:00Z,8815.5,FAR,Portuguese Primeira Liga,standard,Benfica,Vitória SC,32,Betano,ou,under,3.5,1.65,api_football,open
2026-10-05T14:04:27Z,1575511,2026-10-11T17:00:00Z,8815.5,FAR,Portuguese Primeira Liga,standard,Benfica,Vitória SC,32,Betano,ht_ou,over,1.5,2.3,api_football,open
2026-10-05T14:04:27Z,1575511,2026-10-11T17:00:00Z,8815.5,FAR,Portuguese Primeira Liga,standard,Benfica,Vitória SC,32,Betano,ht_ou,under,1.5,1.62,api_football,open
2026-10-05T14:04:27Z,1575511,2026-10-11T17:00:00Z,8815.5,FAR,Portuguese Primeira Liga,standard,Benfica,Vitória SC,32,Betano,ht_ou,over,0.5,1.29,api_football,open
2026-10-05T14:04:27Z,1575511,2026-10-11T17:00:00Z,8815.5,FAR,Portuguese Primeira Liga,standard,Benfica,Vitória SC,32,Betano,ht_ou,under,0.5,3.5,api_football,open
2026-10-05T14:04:27Z,1575511,2026-10-11T17:00:00Z,8815.5,FAR,Portuguese Primeira Liga,standard,Benfica,Vitória SC,32,Betano,btts,yes,,1.9,api_football,open
2026-10-05T14:04:27Z,1575511,2026-10-11T17:00:00Z,8815.5,FAR,Portuguese Primeira Liga,standard,Benfica,Vitória SC,32,Betano,btts,no,,1.85,api_football,open
2026-10-05T14:04:27Z,1575511,2026-10-11T17:00:00Z,8815.5,FAR,Portuguese Primeira Liga,standard,Benfica,Vitória SC,4,Pinnacle,ou,over,1.5,1.13,api_football,open
2026-10-05T14:04:27Z,1575511,2026-10-11T17:00:00Z,8815.5,FAR,Portuguese Primeira Liga,standard,Benfica,Vitória SC,4,Pinnacle,ou,under,1.5,4.54,api_football,open
2026-10-05T14:04:27Z,1575511,2026-10-11T17:00:00Z,8815.5,FAR,Portuguese Primeira Liga,standard,Benfica,Vitória SC,4,Pinnacle,ou,over,2.5,1.42,api_football,open
2026-10-05T14:04:27Z,1575511,2026-10-11T17:00:00Z,8815.5,FAR,Portuguese Primeira Liga,standard,Benfica,Vitória SC,4,Pinnacle,ou,under,2.5,2.47,api_football,open
2026-10-05T14:04:27Z,1575511,2026-10-11T17:00:00Z,8815.5,FAR,Portuguese Primeira Liga,standard,Benfica,Vitória SC,4,Pinnacle,ou,over,3.5,2.11,api_football,open
2026-10-05T14:04:27Z,1575511,2026-10-11T17:00:00Z,8815.5,FAR,Portuguese Primeira Liga,standard,Benfica,Vitória SC,4,Pinnacle,ou,under,3.5,1.58,api_football,open
2026-10-05T14:04:27Z,1575511,2026-10-11T17:00:00Z,8815.5,FAR,Portuguese Primeira Liga,standard,Benfica,Vitória SC,4,Pinnacle,ht_ou,over,1.5,2.09,api_football,open
2026-10-05T14:04:27Z,1575511,2026-10-11T17:00:00Z,8815.5,FAR,Portuguese Primeira Liga,standard,Benfica,Vitória SC,4,Pinnacle,ht_ou,under,1.5,1.56,api_football,open
2026-10-05T14:04:27Z,1575510,2026-10-11T19:30:00Z,8965.5,FAR,Portuguese Primeira Liga,standard,Arouca,Estrela,7,William Hill,ht_ou,over,1.5,2.62,api_football,open
2026-10-05T14:04:27Z,1575510,2026-10-11T19:30:00Z,8965.5,FAR,Portuguese Primeira Liga,standard,Arouca,Estrela,7,William Hill,ht_ou,under,1.5,1.44,api_football,open
2026-10-05T14:04:27Z,1575510,2026-10-11T19:30:00Z,8965.5,FAR,Portuguese Primeira Liga,standard,Arouca,Estrela,7,William Hill,ht_ou,over,0.5,1.36,api_football,open
2026-10-05T14:04:27Z,1575510,2026-10-11T19:30:00Z,8965.5,FAR,Portuguese Primeira Liga,standard,Arouca,Estrela,7,William Hill,ht_ou,under,0.5,2.9,api_football,open
2026-10-05T14:04:27Z,1575510,2026-10-11T19:30:00Z,8965.5,FAR,Portuguese Primeira Liga,standard,Arouca,Estrela,7,William Hill,btts,yes,,1.75,api_football,open
2026-10-05T14:04:27Z,1575510,2026-10-11T19:30:00Z,8965.5,FAR,Portuguese Primeira Liga,standard,Arouca,Estrela,7,William Hill,btts,no,,2.0,api_football,open
2026-10-05T14:04:27Z,1575510,2026-10-11T19:30:00Z,8965.5,FAR,Portuguese Primeira Liga,standard,Arouca,Estrela,8,Bet365,ou,over,1.5,1.28,api_football,open
2026-10-05T14:04:27Z,1575510,2026-10-11T19:30:00Z,8965.5,FAR,Portuguese Primeira Liga,standard,Arouca,Estrela,8,Bet365,ou,under,1.5,3.5,api_football,open
2026-10-05T14:04:27Z,1575510,2026-10-11T19:30:00Z,8965.5,FAR,Portuguese Primeira Liga,standard,Arouca,Estrela,8,Bet365,ou,over,2.5,1.95,api_football,open
2026-10-05T14:04:27Z,1575510,2026-10-11T19:30:00Z,8965.5,FAR,Portuguese Primeira Liga,standard,Arouca,Estrela,8,Bet365,ou,under,2.5,1.85,api_football,open
2026-10-05T14:04:27Z,1575510,2026-10-11T19:30:00Z,8965.5,FAR,Portuguese Primeira Liga,standard,Arouca,Estrela,8,Bet365,ou,over,3.5,3.25,api_football,open
2026-10-05T14:04:27Z,1575510,2026-10-11T19:30:00Z,8965.5,FAR,Portuguese Primeira Liga,standard,Arouca,Estrela,8,Bet365,ou,under,3.5,1.33,api_football,open
2026-10-05T14:04:27Z,1575510,2026-10-11T19:30:00Z,8965.5,FAR,Portuguese Primeira Liga,standard,Arouca,Estrela,8,Bet365,ht_ou,over,1.5,2.75,api_football,open
2026-10-05T14:04:27Z,1575510,2026-10-11T19:30:00Z,8965.5,FAR,Portuguese Primeira Liga,standard,Arouca,Estrela,8,Bet365,ht_ou,under,1.5,1.4,api_football,open
2026-10-05T14:04:27Z,1575510,2026-10-11T19:30:00Z,8965.5,FAR,Portuguese Primeira Liga,standard,Arouca,Estrela,8,Bet365,ht_ou,over,0.5,1.36,api_football,open
2026-10-05T14:04:27Z,1575510,2026-10-11T19:30:00Z,8965.5,FAR,Portuguese Primeira Liga,standard,Arouca,Estrela,8,Bet365,ht_ou,under,0.5,3.0,api_football,open
2026-10-05T14:04:27Z,1575510,2026-10-11T19:30:00Z,8965.5,FAR,Portuguese Primeira Liga,standard,Arouca,Estrela,8,Bet365,btts,yes,,1.75,api_football,open
2026-10-05T14:04:27Z,1575510,2026-10-11T19:30:00Z,8965.5,FAR,Portuguese Primeira Liga,standard,Arouca,Estrela,8,Bet365,btts,no,,2.0,api_football,open
2026-10-05T14:04:27Z,1575510,2026-10-11T19:30:00Z,8965.5,FAR,Portuguese Primeira Liga,standard,Arouca,Estrela,2,Marathonbet,ou,over,1.5,1.24,api_football,open
2026-10-05T14:04:27Z,1575510,2026-10-11T19:30:00Z,8965.5,FAR,Portuguese Primeira Liga,standard,Arouca,Estrela,2,Marathonbet,ou,under,1.5,3.34,api_football,open
2026-10-05T14:04:27Z,1575510,2026-10-11T19:30:00Z,8965.5,FAR,Portuguese Primeira Liga,standard,Arouca,Estrela,2,Marathonbet,ou,over,2.5,1.87,api_football,open
2026-10-05T14:04:27Z,1575510,2026-10-11T19:30:00Z,8965.5,FAR,Portuguese Primeira Liga,standard,Arouca,Estrela,2,Marathonbet,ou,under,2.5,1.87,api_football,open
2026-10-05T14:04:27Z,1575510,2026-10-11T19:30:00Z,8965.5,FAR,Portuguese Primeira Liga,standard,Arouca,Estrela,2,Marathonbet,ou,over,3.5,3.08,api_football,open
2026-10-05T14:04:27Z,1575510,2026-10-11T19:30:00Z,8965.5,FAR,Portuguese Primeira Liga,standard,Arouca,Estrela,2,Marathonbet,ou,under,3.5,1.28,api_football,open
2026-10-05T14:04:27Z,1575510,2026-10-11T19:30:00Z,8965.5,FAR,Portuguese Primeira Liga,standard,Arouca,Estrela,2,Marathonbet,ht_ou,over,1.5,2.6,api_football,open
2026-10-05T14:04:27Z,1575510,2026-10-11T19:30:00Z,8965.5,FAR,Portuguese Primeira Liga,standard,Arouca,Estrela,2,Marathonbet,ht_ou,under,1.5,1.42,api_football,open
2026-10-05T14:04:27Z,1575510,2026-10-11T19:30:00Z,8965.5,FAR,Portuguese Primeira Liga,standard,Arouca,Estrela,2,Marathonbet,ht_ou,over,0.5,1.33,api_football,open
2026-10-05T14:04:27Z,1575510,2026-10-11T19:30:00Z,8965.5,FAR,Portuguese Primeira Liga,standard,Arouca,Estrela,2,Marathonbet,ht_ou,under,0.5,2.97,api_football,open
2026-10-05T14:04:27Z,1575510,2026-10-11T19:30:00Z,8965.5,FAR,Portuguese Primeira Liga,standard,Arouca,Estrela,2,Marathonbet,btts,yes,,1.69,api_football,open
2026-10-05T14:04:27Z,1575510,2026-10-11T19:30:00Z,8965.5,FAR,Portuguese Primeira Liga,standard,Arouca,Estrela,2,Marathonbet,btts,no,,2.02,api_football,open
2026-10-05T14:04:27Z,1575510,2026-10-11T19:30:00Z,8965.5,FAR,Portuguese Primeira Liga,standard,Arouca,Estrela,3,Betfair,ht_ou,over,1.5,2.88,api_football,open
2026-10-05T14:04:27Z,1575510,2026-10-11T19:30:00Z,8965.5,FAR,Portuguese Primeira Liga,standard,Arouca,Estrela,3,Betfair,ht_ou,under,1.5,1.36,api_football,open
2026-10-05T14:04:27Z,1575510,2026-10-11T19:30:00Z,8965.5,FAR,Portuguese Primeira Liga,standard,Arouca,Estrela,3,Betfair,ht_ou,over,0.5,1.33,api_football,open
2026-10-05T14:04:27Z,1575510,2026-10-11T19:30:00Z,8965.5,FAR,Portuguese Primeira Liga,standard,Arouca,Estrela,3,Betfair,ht_ou,under,0.5,3.0,api_football,open
2026-10-05T14:04:27Z,1575510,2026-10-11T19:30:00Z,8965.5,FAR,Portuguese Primeira Liga,standard,Arouca,Estrela,36,BetVictor,ou,over,1.5,1.25,api_football,open
2026-10-05T14:04:27Z,1575510,2026-10-11T19:30:00Z,8965.5,FAR,Portuguese Primeira Liga,standard,Arouca,Estrela,36,BetVictor,ou,under,1.5,3.5,api_football,open
2026-10-05T14:04:27Z,1575510,2026-10-11T19:30:00Z,8965.5,FAR,Portuguese Primeira Liga,standard,Arouca,Estrela,36,BetVictor,ou,over,2.5,1.84,api_football,open
2026-10-05T14:04:27Z,1575510,2026-10-11T19:30:00Z,8965.5,FAR,Portuguese Primeira Liga,standard,Arouca,Estrela,36,BetVictor,ou,under,2.5,1.83,api_football,open
2026-10-05T14:04:27Z,1575510,2026-10-11T19:30:00Z,8965.5,FAR,Portuguese Primeira Liga,standard,Arouca,Estrela,36,BetVictor,ou,over,3.5,3.25,api_football,open
2026-10-05T14:04:27Z,1575510,2026-10-11T19:30:00Z,8965.5,FAR,Portuguese Primeira Liga,standard,Arouca,Estrela,36,BetVictor,ou,under,3.5,1.3,api_football,open
2026-10-05T14:04:27Z,1575510,2026-10-11T19:30:00Z,8965.5,FAR,Portuguese Primeira Liga,standard,Arouca,Estrela,36,BetVictor,ht_ou,over,1.5,2.59,api_football,open
2026-10-05T14:04:27Z,1575510,2026-10-11T19:30:00Z,8965.5,FAR,Portuguese Primeira Liga,standard,Arouca,Estrela,36,BetVictor,ht_ou,under,1.5,1.42,api_football,open
2026-10-05T14:04:27Z,1575510,2026-10-11T19:30:00Z,8965.5,FAR,Portuguese Primeira Liga,standard,Arouca,Estrela,36,BetVictor,ht_ou,over,0.5,1.38,api_football,open
2026-10-05T14:04:27Z,1575510,2026-10-11T19:30:00Z,8965.5,FAR,Portuguese Primeira Liga,standard,Arouca,Estrela,36,BetVictor,ht_ou,under,0.5,2.73,api_football,open
2026-10-05T14:04:27Z,1575510,2026-10-11T19:30:00Z,8965.5,FAR,Portuguese Primeira Liga,standard,Arouca,Estrela,36,BetVictor,btts,yes,,1.67,api_football,open
2026-10-05T14:04:27Z,1575510,2026-10-11T19:30:00Z,8965.5,FAR,Portuguese Primeira Liga,standard,Arouca,Estrela,36,BetVictor,btts,no,,2.05,api_football,open
2026-10-05T14:04:27Z,1575510,2026-10-11T19:30:00Z,8965.5,FAR,Portuguese Primeira Liga,standard,Arouca,Estrela,4,Pinnacle,ou,over,1.5,1.28,api_football,open
2026-10-05T14:04:27Z,1575510,2026-10-11T19:30:00Z,8965.5,FAR,Portuguese Primeira Liga,standard,Arouca,Estrela,4,Pinnacle,ou,under,1.5,3.66,api_football,open
2026-10-05T14:04:27Z,1575510,2026-10-11T19:30:00Z,8965.5,FAR,Portuguese Primeira Liga,standard,Arouca,Estrela,4,Pinnacle,ou,over,2.5,1.91,api_football,open
2026-10-05T14:04:27Z,1575510,2026-10-11T19:30:00Z,8965.5,FAR,Portuguese Primeira Liga,standard,Arouca,Estrela,4,Pinnacle,ou,under,2.5,1.93,api_football,open
2026-10-05T14:04:27Z,1575510,2026-10-11T19:30:00Z,8965.5,FAR,Portuguese Primeira Liga,standard,Arouca,Estrela,4,Pinnacle,ou,over,3.5,3.21,api_football,open
2026-10-05T14:04:27Z,1575510,2026-10-11T19:30:00Z,8965.5,FAR,Portuguese Primeira Liga,standard,Arouca,Estrela,4,Pinnacle,ou,under,3.5,1.34,api_football,open
2026-10-05T14:04:27Z,1575510,2026-10-11T19:30:00Z,8965.5,FAR,Portuguese Primeira Liga,standard,Arouca,Estrela,4,Pinnacle,ht_ou,over,1.5,2.8,api_football,open
2026-10-05T14:04:27Z,1575510,2026-10-11T19:30:00Z,8965.5,FAR,Portuguese Primeira Liga,standard,Arouca,Estrela,4,Pinnacle,ht_ou,under,1.5,1.41,api_football,open
2026-10-05T14:04:27Z,1575510,2026-10-11T19:30:00Z,8965.5,FAR,Portuguese Primeira Liga,standard,Arouca,Estrela,4,Pinnacle,ht_ou,over,0.5,1.36,api_football,open
2026-10-05T14:04:27Z,1575510,2026-10-11T19:30:00Z,8965.5,FAR,Portuguese Primeira Liga,standard,Arouca,Estrela,4,Pinnacle,ht_ou,under,0.5,3.06,api_football,open
2026-10-05T14:04:27Z,1575510,2026-10-11T19:30:00Z,8965.5,FAR,Portuguese Primeira Liga,standard,Arouca,Estrela,5,SBO,ou,over,2.5,1.96,api_football,open
2026-10-05T14:04:27Z,1575510,2026-10-11T19:30:00Z,8965.5,FAR,Portuguese Primeira Liga,standard,Arouca,Estrela,5,SBO,ou,under,2.5,1.86,api_football,open
2026-10-05T14:04:27Z,1575510,2026-10-11T19:30:00Z,8965.5,FAR,Portuguese Primeira Liga,standard,Arouca,Estrela,11,1xBet,ou,over,1.5,1.24,api_football,open
2026-10-05T14:04:27Z,1575510,2026-10-11T19:30:00Z,8965.5,FAR,Portuguese Primeira Liga,standard,Arouca,Estrela,11,1xBet,ou,under,1.5,3.34,api_football,open
2026-10-05T14:04:27Z,1575510,2026-10-11T19:30:00Z,8965.5,FAR,Portuguese Primeira Liga,standard,Arouca,Estrela,11,1xBet,ou,over,2.5,1.94,api_football,open
2026-10-05T14:04:27Z,1575510,2026-10-11T19:30:00Z,8965.5,FAR,Portuguese Primeira Liga,standard,Arouca,Estrela,11,1xBet,ou,under,2.5,1.94,api_football,open
2026-10-05T14:04:27Z,1575510,2026-10-11T19:30:00Z,8965.5,FAR,Portuguese Primeira Liga,standard,Arouca,Estrela,11,1xBet,ou,over,3.5,3.08,api_football,open
2026-10-05T14:04:27Z,1575510,2026-10-11T19:30:00Z,8965.5,FAR,Portuguese Primeira Liga,standard,Arouca,Estrela,11,1xBet,ou,under,3.5,1.28,api_football,open
2026-10-05T14:04:27Z,1575510,2026-10-11T19:30:00Z,8965.5,FAR,Portuguese Primeira Liga,standard,Arouca,Estrela,11,1xBet,ht_ou,over,1.5,2.6,api_football,open
2026-10-05T14:04:27Z,1575510,2026-10-11T19:30:00Z,8965.5,FAR,Portuguese Primeira Liga,standard,Arouca,Estrela,11,1xBet,ht_ou,under,1.5,1.42,api_football,open
2026-10-05T14:04:27Z,1575510,2026-10-11T19:30:00Z,8965.5,FAR,Portuguese Primeira Liga,standard,Arouca,Estrela,11,1xBet,ht_ou,over,0.5,1.33,api_football,open
2026-10-05T14:04:27Z,1575510,2026-10-11T19:30:00Z,8965.5,FAR,Portuguese Primeira Liga,standard,Arouca,Estrela,11,1xBet,ht_ou,under,0.5,2.97,api_football,open
2026-10-05T14:04:27Z,1575510,2026-10-11T19:30:00Z,8965.5,FAR,Portuguese Primeira Liga,standard,Arouca,Estrela,11,1xBet,btts,yes,,1.69,api_football,open
2026-10-05T14:04:27Z,1575510,2026-10-11T19:30:00Z,8965.5,FAR,Portuguese Primeira Liga,standard,Arouca,Estrela,11,1xBet,btts,no,,2.05,api_football,open
2026-10-05T14:04:27Z,1575510,2026-10-11T19:30:00Z,8965.5,FAR,Portuguese Primeira Liga,standard,Arouca,Estrela,32,Betano,ou,over,1.5,1.32,api_football,open
2026-10-05T14:04:27Z,1575510,2026-10-11T19:30:00Z,8965.5,FAR,Portuguese Primeira Liga,standard,Arouca,Estrela,32,Betano,ou,under,1.5,3.4,api_football,open
2026-10-05T14:04:27Z,1575510,2026-10-11T19:30:00Z,8965.5,FAR,Portuguese Primeira Liga,standard,Arouca,Estrela,32,Betano,ou,over,2.5,1.98,api_football,open
2026-10-05T14:04:27Z,1575510,2026-10-11T19:30:00Z,8965.5,FAR,Portuguese Primeira Liga,standard,Arouca,Estrela,32,Betano,ou,under,2.5,1.88,api_football,open
2026-10-05T14:04:27Z,1575510,2026-10-11T19:30:00Z,8965.5,FAR,Portuguese Primeira Liga,standard,Arouca,Estrela,32,Betano,ou,over,3.5,3.3,api_football,open
2026-10-05T14:04:27Z,1575510,2026-10-11T19:30:00Z,8965.5,FAR,Portuguese Primeira Liga,standard,Arouca,Estrela,32,Betano,ou,under,3.5,1.34,api_football,open
2026-10-05T14:04:27Z,1575510,2026-10-11T19:30:00Z,8965.5,FAR,Portuguese Primeira Liga,standard,Arouca,Estrela,32,Betano,ht_ou,over,1.5,2.95,api_football,open
2026-10-05T14:04:27Z,1575510,2026-10-11T19:30:00Z,8965.5,FAR,Portuguese Primeira Liga,standard,Arouca,Estrela,32,Betano,ht_ou,under,1.5,1.4,api_football,open
2026-10-05T14:04:27Z,1575510,2026-10-11T19:30:00Z,8965.5,FAR,Portuguese Primeira Liga,standard,Arouca,Estrela,32,Betano,ht_ou,over,0.5,1.45,api_football,open
2026-10-05T14:04:27Z,1575510,2026-10-11T19:30:00Z,8965.5,FAR,Portuguese Primeira Liga,standard,Arouca,Estrela,32,Betano,ht_ou,under,0.5,2.77,api_football,open
2026-10-05T14:04:27Z,1575510,2026-10-11T19:30:00Z,8965.5,FAR,Portuguese Primeira Liga,standard,Arouca,Estrela,32,Betano,btts,yes,,1.72,api_football,open
2026-10-05T14:04:27Z,1575510,2026-10-11T19:30:00Z,8965.5,FAR,Portuguese Primeira Liga,standard,Arouca,Estrela,32,Betano,btts,no,,2.05,api_football,open
2026-10-05T14:04:27Z,1556673,2026-10-10T14:00:00Z,7195.6,FAR,Scottish Premiership,standard,Heart Of Midlothian,ST Mirren,36,BetVictor,ou,over,1.5,1.13,api_football,open
2026-10-05T14:04:27Z,1556673,2026-10-10T14:00:00Z,7195.6,FAR,Scottish Premiership,standard,Heart Of Midlothian,ST Mirren,36,BetVictor,ou,under,1.5,5.4,api_football,open
2026-10-05T14:04:27Z,1556673,2026-10-10T14:00:00Z,7195.6,FAR,Scottish Premiership,standard,Heart Of Midlothian,ST Mirren,36,BetVictor,ou,over,2.5,1.49,api_football,open
2026-10-05T14:04:27Z,1556673,2026-10-10T14:00:00Z,7195.6,FAR,Scottish Premiership,standard,Heart Of Midlothian,ST Mirren,36,BetVictor,ou,under,2.5,2.39,api_football,open
2026-10-05T14:04:27Z,1556673,2026-10-10T14:00:00Z,7195.6,FAR,Scottish Premiership,standard,Heart Of Midlothian,ST Mirren,36,BetVictor,ou,over,3.5,2.17,api_football,open
2026-10-05T14:04:27Z,1556673,2026-10-10T14:00:00Z,7195.6,FAR,Scottish Premiership,standard,Heart Of Midlothian,ST Mirren,36,BetVictor,ou,under,3.5,1.59,api_football,open
2026-10-05T14:04:27Z,1556673,2026-10-10T14:00:00Z,7195.6,FAR,Scottish Premiership,standard,Heart Of Midlothian,ST Mirren,36,BetVictor,ht_ou,over,1.5,2.09,api_football,open
2026-10-05T14:04:27Z,1556673,2026-10-10T14:00:00Z,7195.6,FAR,Scottish Premiership,standard,Heart Of Midlothian,ST Mirren,36,BetVictor,ht_ou,under,1.5,1.64,api_football,open
2026-10-05T14:04:27Z,1556673,2026-10-10T14:00:00Z,7195.6,FAR,Scottish Premiership,standard,Heart Of Midlothian,ST Mirren,36,BetVictor,ht_ou,over,0.5,1.22,api_football,open
2026-10-05T14:04:27Z,1556673,2026-10-10T14:00:00Z,7195.6,FAR,Scottish Premiership,standard,Heart Of Midlothian,ST Mirren,36,BetVictor,ht_ou,under,0.5,3.9,api_football,open
2026-10-05T14:04:27Z,1556673,2026-10-10T14:00:00Z,7195.6,FAR,Scottish Premiership,standard,Heart Of Midlothian,ST Mirren,36,BetVictor,btts,yes,,1.62,api_football,open
2026-10-05T14:04:27Z,1556673,2026-10-10T14:00:00Z,7195.6,FAR,Scottish Premiership,standard,Heart Of Midlothian,ST Mirren,36,BetVictor,btts,no,,2.15,api_football,open
2026-10-05T14:04:27Z,1556675,2026-10-10T14:00:00Z,7195.6,FAR,Scottish Premiership,standard,Rangers,Kilmarnock,36,BetVictor,ou,over,1.5,1.05,api_football,open
2026-10-05T14:04:27Z,1556675,2026-10-10T14:00:00Z,7195.6,FAR,Scottish Premiership,standard,Rangers,Kilmarnock,36,BetVictor,ou,under,1.5,8.0,api_football,open
2026-10-05T14:04:27Z,1556675,2026-10-10T14:00:00Z,7195.6,FAR,Scottish Premiership,standard,Rangers,Kilmarnock,36,BetVictor,ou,over,2.5,1.25,api_football,open
2026-10-05T14:04:27Z,1556675,2026-10-10T14:00:00Z,7195.6,FAR,Scottish Premiership,standard,Rangers,Kilmarnock,36,BetVictor,ou,under,2.5,3.5,api_football,open
2026-10-05T14:04:27Z,1556675,2026-10-10T14:00:00Z,7195.6,FAR,Scottish Premiership,standard,Rangers,Kilmarnock,36,BetVictor,ou,over,3.5,1.72,api_football,open
2026-10-05T14:04:27Z,1556675,2026-10-10T14:00:00Z,7195.6,FAR,Scottish Premiership,standard,Rangers,Kilmarnock,36,BetVictor,ou,under,3.5,1.97,api_football,open
2026-10-05T14:04:27Z,1556675,2026-10-10T14:00:00Z,7195.6,FAR,Scottish Premiership,standard,Rangers,Kilmarnock,36,BetVictor,ht_ou,over,1.5,1.82,api_football,open
2026-10-05T14:04:27Z,1556675,2026-10-10T14:00:00Z,7195.6,FAR,Scottish Premiership,standard,Rangers,Kilmarnock,36,BetVictor,ht_ou,under,1.5,1.85,api_football,open
2026-10-05T14:04:27Z,1556675,2026-10-10T14:00:00Z,7195.6,FAR,Scottish Premiership,standard,Rangers,Kilmarnock,36,BetVictor,ht_ou,over,0.5,1.15,api_football,open
2026-10-05T14:04:27Z,1556675,2026-10-10T14:00:00Z,7195.6,FAR,Scottish Premiership,standard,Rangers,Kilmarnock,36,BetVictor,ht_ou,under,0.5,4.8,api_football,open
2026-10-05T14:04:27Z,1556675,2026-10-10T14:00:00Z,7195.6,FAR,Scottish Premiership,standard,Rangers,Kilmarnock,36,BetVictor,btts,yes,,1.85,api_football,open
2026-10-05T14:04:27Z,1556675,2026-10-10T14:00:00Z,7195.6,FAR,Scottish Premiership,standard,Rangers,Kilmarnock,36,BetVictor,btts,no,,1.83,api_football,open
2026-10-05T14:04:27Z,1556671,2026-10-10T14:00:00Z,7195.6,FAR,Scottish Premiership,standard,Dundee Utd,Hibernian,36,BetVictor,ou,over,1.5,1.17,api_football,open
2026-10-05T14:04:27Z,1556671,2026-10-10T14:00:00Z,7195.6,FAR,Scottish Premiership,standard,Dundee Utd,Hibernian,36,BetVictor,ou,under,1.5,4.6,api_football,open
2026-10-05T14:04:27Z,1556671,2026-10-10T14:00:00Z,7195.6,FAR,Scottish Premiership,standard,Dundee Utd,Hibernian,36,BetVictor,ou,over,2.5,1.59,api_football,open
2026-10-05T14:04:27Z,1556671,2026-10-10T14:00:00Z,7195.6,FAR,Scottish Premiership,standard,Dundee Utd,Hibernian,36,BetVictor,ou,under,2.5,2.17,api_football,open
2026-10-05T14:04:27Z,1556671,2026-10-10T14:00:00Z,7195.6,FAR,Scottish Premiership,standard,Dundee Utd,Hibernian,36,BetVictor,ou,over,3.5,2.39,api_football,open
2026-10-05T14:04:27Z,1556671,2026-10-10T14:00:00Z,7195.6,FAR,Scottish Premiership,standard,Dundee Utd,Hibernian,36,BetVictor,ou,under,3.5,1.49,api_football,open
2026-10-05T14:04:27Z,1556671,2026-10-10T14:00:00Z,7195.6,FAR,Scottish Premiership,standard,Dundee Utd,Hibernian,36,BetVictor,ht_ou,over,1.5,2.25,api_football,open
2026-10-05T14:04:27Z,1556671,2026-10-10T14:00:00Z,7195.6,FAR,Scottish Premiership,standard,Dundee Utd,Hibernian,36,BetVictor,ht_ou,under,1.5,1.55,api_football,open
2026-10-05T14:04:27Z,1556671,2026-10-10T14:00:00Z,7195.6,FAR,Scottish Premiership,standard,Dundee Utd,Hibernian,36,BetVictor,ht_ou,over,0.5,1.29,api_football,open
2026-10-05T14:04:27Z,1556671,2026-10-10T14:00:00Z,7195.6,FAR,Scottish Premiership,standard,Dundee Utd,Hibernian,36,BetVictor,ht_ou,under,0.5,3.4,api_football,open
2026-10-05T14:04:27Z,1556671,2026-10-10T14:00:00Z,7195.6,FAR,Scottish Premiership,standard,Dundee Utd,Hibernian,36,BetVictor,btts,yes,,1.47,api_football,open
2026-10-05T14:04:27Z,1556671,2026-10-10T14:00:00Z,7195.6,FAR,Scottish Premiership,standard,Dundee Utd,Hibernian,36,BetVictor,btts,no,,2.45,api_football,open
2026-10-05T14:04:27Z,1556674,2026-10-11T11:00:00Z,8455.5,FAR,Scottish Premiership,standard,Motherwell,Celtic,2,Marathonbet,ou,over,1.5,1.08,api_football,open
2026-10-05T14:04:27Z,1556674,2026-10-11T11:00:00Z,8455.5,FAR,Scottish Premiership,standard,Motherwell,Celtic,2,Marathonbet,ou,under,1.5,5.65,api_football,open
2026-10-05T14:04:27Z,1556674,2026-10-11T11:00:00Z,8455.5,FAR,Scottish Premiership,standard,Motherwell,Celtic,2,Marathonbet,ou,over,2.5,1.39,api_football,open
2026-10-05T14:04:27Z,1556674,2026-10-11T11:00:00Z,8455.5,FAR,Scottish Premiership,standard,Motherwell,Celtic,2,Marathonbet,ou,under,2.5,2.59,api_football,open
2026-10-05T14:04:27Z,1556674,2026-10-11T11:00:00Z,8455.5,FAR,Scottish Premiership,standard,Motherwell,Celtic,2,Marathonbet,ou,over,3.5,2.11,api_football,open
2026-10-05T14:04:27Z,1556674,2026-10-11T11:00:00Z,8455.5,FAR,Scottish Premiership,standard,Motherwell,Celtic,2,Marathonbet,ou,under,3.5,1.68,api_football,open
2026-10-05T14:04:27Z,1556674,2026-10-11T11:00:00Z,8455.5,FAR,Scottish Premiership,standard,Motherwell,Celtic,2,Marathonbet,ht_ou,over,1.5,2.11,api_football,open
2026-10-05T14:04:27Z,1556674,2026-10-11T11:00:00Z,8455.5,FAR,Scottish Premiership,standard,Motherwell,Celtic,2,Marathonbet,ht_ou,under,1.5,1.66,api_football,open
2026-10-05T14:04:27Z,1556674,2026-10-11T11:00:00Z,8455.5,FAR,Scottish Premiership,standard,Motherwell,Celtic,2,Marathonbet,ht_ou,over,0.5,1.19,api_football,open
2026-10-05T14:04:27Z,1556674,2026-10-11T11:00:00Z,8455.5,FAR,Scottish Premiership,standard,Motherwell,Celtic,2,Marathonbet,ht_ou,under,0.5,3.85,api_football,open
2026-10-05T14:04:27Z,1556674,2026-10-11T11:00:00Z,8455.5,FAR,Scottish Premiership,standard,Motherwell,Celtic,2,Marathonbet,btts,yes,,1.48,api_football,open
2026-10-05T14:04:27Z,1556674,2026-10-11T11:00:00Z,8455.5,FAR,Scottish Premiership,standard,Motherwell,Celtic,2,Marathonbet,btts,no,,2.43,api_football,open
2026-10-05T14:04:27Z,1556674,2026-10-11T11:00:00Z,8455.5,FAR,Scottish Premiership,standard,Motherwell,Celtic,4,Pinnacle,ou,over,1.5,1.13,api_football,open
2026-10-05T14:04:27Z,1556674,2026-10-11T11:00:00Z,8455.5,FAR,Scottish Premiership,standard,Motherwell,Celtic,4,Pinnacle,ou,under,1.5,5.88,api_football,open
2026-10-05T14:04:27Z,1556674,2026-10-11T11:00:00Z,8455.5,FAR,Scottish Premiership,standard,Motherwell,Celtic,4,Pinnacle,ou,over,2.5,1.45,api_football,open
2026-10-05T14:04:27Z,1556674,2026-10-11T11:00:00Z,8455.5,FAR,Scottish Premiership,standard,Motherwell,Celtic,4,Pinnacle,ou,under,2.5,2.75,api_football,open
2026-10-05T14:04:27Z,1556674,2026-10-11T11:00:00Z,8455.5,FAR,Scottish Premiership,standard,Motherwell,Celtic,4,Pinnacle,ou,over,3.5,2.16,api_football,open
2026-10-05T14:04:27Z,1556674,2026-10-11T11:00:00Z,8455.5,FAR,Scottish Premiership,standard,Motherwell,Celtic,4,Pinnacle,ou,under,3.5,1.71,api_football,open
2026-10-05T14:04:27Z,1556674,2026-10-11T11:00:00Z,8455.5,FAR,Scottish Premiership,standard,Motherwell,Celtic,4,Pinnacle,ht_ou,over,1.5,2.15,api_football,open
2026-10-05T14:04:27Z,1556674,2026-10-11T11:00:00Z,8455.5,FAR,Scottish Premiership,standard,Motherwell,Celtic,4,Pinnacle,ht_ou,under,1.5,1.68,api_football,open
2026-10-05T14:04:27Z,1556674,2026-10-11T11:00:00Z,8455.5,FAR,Scottish Premiership,standard,Motherwell,Celtic,32,Betano,ou,over,1.5,1.15,api_football,open
2026-10-05T14:04:27Z,1556674,2026-10-11T11:00:00Z,8455.5,FAR,Scottish Premiership,standard,Motherwell,Celtic,32,Betano,ou,under,1.5,5.5,api_football,open
2026-10-05T14:04:27Z,1556674,2026-10-11T11:00:00Z,8455.5,FAR,Scottish Premiership,standard,Motherwell,Celtic,32,Betano,ou,over,2.5,1.47,api_football,open
2026-10-05T14:04:27Z,1556674,2026-10-11T11:00:00Z,8455.5,FAR,Scottish Premiership,standard,Motherwell,Celtic,32,Betano,ou,under,2.5,2.75,api_football,open
2026-10-05T14:04:27Z,1556674,2026-10-11T11:00:00Z,8455.5,FAR,Scottish Premiership,standard,Motherwell,Celtic,32,Betano,ou,over,3.5,2.18,api_football,open
2026-10-05T14:04:27Z,1556674,2026-10-11T11:00:00Z,8455.5,FAR,Scottish Premiership,standard,Motherwell,Celtic,32,Betano,ou,under,3.5,1.72,api_football,open
2026-10-05T14:04:27Z,1556674,2026-10-11T11:00:00Z,8455.5,FAR,Scottish Premiership,standard,Motherwell,Celtic,32,Betano,ht_ou,over,1.5,2.2,api_football,open
2026-10-05T14:04:27Z,1556674,2026-10-11T11:00:00Z,8455.5,FAR,Scottish Premiership,standard,Motherwell,Celtic,32,Betano,ht_ou,under,1.5,1.67,api_football,open
2026-10-05T14:04:27Z,1556674,2026-10-11T11:00:00Z,8455.5,FAR,Scottish Premiership,standard,Motherwell,Celtic,32,Betano,ht_ou,over,0.5,1.27,api_football,open
2026-10-05T14:04:27Z,1556674,2026-10-11T11:00:00Z,8455.5,FAR,Scottish Premiership,standard,Motherwell,Celtic,32,Betano,ht_ou,under,0.5,3.65,api_football,open
2026-10-05T14:04:27Z,1556674,2026-10-11T11:00:00Z,8455.5,FAR,Scottish Premiership,standard,Motherwell,Celtic,32,Betano,btts,yes,,1.53,api_football,open
2026-10-05T14:04:27Z,1556674,2026-10-11T11:00:00Z,8455.5,FAR,Scottish Premiership,standard,Motherwell,Celtic,32,Betano,btts,no,,2.4,api_football,open
2026-10-05T14:04:27Z,1556670,2026-10-11T13:00:00Z,8575.5,FAR,Scottish Premiership,standard,Aberdeen,ST Johnstone,4,Pinnacle,ou,over,1.5,1.29,api_football,open
2026-10-05T14:04:27Z,1556670,2026-10-11T13:00:00Z,8575.5,FAR,Scottish Premiership,standard,Aberdeen,ST Johnstone,4,Pinnacle,ou,under,1.5,3.54,api_football,open
2026-10-05T14:04:27Z,1556670,2026-10-11T13:00:00Z,8575.5,FAR,Scottish Premiership,standard,Aberdeen,ST Johnstone,4,Pinnacle,ou,over,2.5,1.96,api_football,open
2026-10-05T14:04:27Z,1556670,2026-10-11T13:00:00Z,8575.5,FAR,Scottish Premiership,standard,Aberdeen,ST Johnstone,4,Pinnacle,ou,under,2.5,1.88,api_football,open
2026-10-05T14:04:27Z,1556670,2026-10-11T13:00:00Z,8575.5,FAR,Scottish Premiership,standard,Aberdeen,ST Johnstone,4,Pinnacle,ou,over,3.5,3.33,api_football,open
2026-10-05T14:04:27Z,1556670,2026-10-11T13:00:00Z,8575.5,FAR,Scottish Premiership,standard,Aberdeen,ST Johnstone,4,Pinnacle,ou,under,3.5,1.32,api_football,open
2026-10-05T14:04:27Z,1556670,2026-10-11T13:00:00Z,8575.5,FAR,Scottish Premiership,standard,Aberdeen,ST Johnstone,4,Pinnacle,ht_ou,over,1.5,2.88,api_football,open
2026-10-05T14:04:27Z,1556670,2026-10-11T13:00:00Z,8575.5,FAR,Scottish Premiership,standard,Aberdeen,ST Johnstone,4,Pinnacle,ht_ou,under,1.5,1.4,api_football,open
2026-10-05T14:04:27Z,1556670,2026-10-11T13:00:00Z,8575.5,FAR,Scottish Premiership,standard,Aberdeen,ST Johnstone,4,Pinnacle,ht_ou,over,0.5,1.37,api_football,open
2026-10-05T14:04:27Z,1556670,2026-10-11T13:00:00Z,8575.5,FAR,Scottish Premiership,standard,Aberdeen,ST Johnstone,4,Pinnacle,ht_ou,under,0.5,3.0,api_football,open
2026-10-05T14:04:27Z,1556670,2026-10-11T13:00:00Z,8575.5,FAR,Scottish Premiership,standard,Aberdeen,ST Johnstone,5,SBO,ou,over,2.5,1.95,api_football,open
2026-10-05T14:04:27Z,1556670,2026-10-11T13:00:00Z,8575.5,FAR,Scottish Premiership,standard,Aberdeen,ST Johnstone,5,SBO,ou,under,2.5,1.83,api_football,open
2026-10-05T14:04:27Z,1556670,2026-10-11T13:00:00Z,8575.5,FAR,Scottish Premiership,standard,Aberdeen,ST Johnstone,32,Betano,ou,over,1.5,1.32,api_football,open
2026-10-05T14:04:27Z,1556670,2026-10-11T13:00:00Z,8575.5,FAR,Scottish Premiership,standard,Aberdeen,ST Johnstone,32,Betano,ou,under,1.5,3.4,api_football,open
2026-10-05T14:04:27Z,1556670,2026-10-11T13:00:00Z,8575.5,FAR,Scottish Premiership,standard,Aberdeen,ST Johnstone,32,Betano,ou,over,2.5,1.98,api_football,open
2026-10-05T14:04:27Z,1556670,2026-10-11T13:00:00Z,8575.5,FAR,Scottish Premiership,standard,Aberdeen,ST Johnstone,32,Betano,ou,under,2.5,1.87,api_football,open
2026-10-05T14:04:27Z,1556670,2026-10-11T13:00:00Z,8575.5,FAR,Scottish Premiership,standard,Aberdeen,ST Johnstone,32,Betano,ou,over,3.5,3.3,api_football,open
2026-10-05T14:04:27Z,1556670,2026-10-11T13:00:00Z,8575.5,FAR,Scottish Premiership,standard,Aberdeen,ST Johnstone,32,Betano,ou,under,3.5,1.34,api_football,open
2026-10-05T14:04:27Z,1556670,2026-10-11T13:00:00Z,8575.5,FAR,Scottish Premiership,standard,Aberdeen,ST Johnstone,32,Betano,ht_ou,over,1.5,2.95,api_football,open
2026-10-05T14:04:27Z,1556670,2026-10-11T13:00:00Z,8575.5,FAR,Scottish Premiership,standard,Aberdeen,ST Johnstone,32,Betano,ht_ou,under,1.5,1.4,api_football,open
2026-10-05T14:04:27Z,1556670,2026-10-11T13:00:00Z,8575.5,FAR,Scottish Premiership,standard,Aberdeen,ST Johnstone,32,Betano,ht_ou,over,0.5,1.45,api_football,open
2026-10-05T14:04:27Z,1556670,2026-10-11T13:00:00Z,8575.5,FAR,Scottish Premiership,standard,Aberdeen,ST Johnstone,32,Betano,ht_ou,under,0.5,2.75,api_football,open
2026-10-05T14:04:27Z,1556670,2026-10-11T13:00:00Z,8575.5,FAR,Scottish Premiership,standard,Aberdeen,ST Johnstone,32,Betano,btts,yes,,1.72,api_football,open
2026-10-05T14:04:27Z,1556670,2026-10-11T13:00:00Z,8575.5,FAR,Scottish Premiership,standard,Aberdeen,ST Johnstone,32,Betano,btts,no,,2.05,api_football,open
2026-10-05T14:04:27Z,1584427,2026-10-11T10:30:00Z,8425.5,FAR,Turkish Super Lig,standard,Konyaspor,Başakşehir,7,William Hill,ht_ou,over,1.5,2.5,api_football,open
2026-10-05T14:04:27Z,1584427,2026-10-11T10:30:00Z,8425.5,FAR,Turkish Super Lig,standard,Konyaspor,Başakşehir,7,William Hill,ht_ou,under,1.5,1.44,api_football,open
2026-10-05T14:04:27Z,1584427,2026-10-11T10:30:00Z,8425.5,FAR,Turkish Super Lig,standard,Konyaspor,Başakşehir,7,William Hill,ht_ou,over,0.5,1.33,api_football,open
2026-10-05T14:04:27Z,1584427,2026-10-11T10:30:00Z,8425.5,FAR,Turkish Super Lig,standard,Konyaspor,Başakşehir,7,William Hill,ht_ou,under,0.5,3.1,api_football,open
2026-10-05T14:04:27Z,1584427,2026-10-11T10:30:00Z,8425.5,FAR,Turkish Super Lig,standard,Konyaspor,Başakşehir,7,William Hill,btts,yes,,1.65,api_football,open
2026-10-05T14:04:27Z,1584427,2026-10-11T10:30:00Z,8425.5,FAR,Turkish Super Lig,standard,Konyaspor,Başakşehir,7,William Hill,btts,no,,2.15,api_football,open
2026-10-05T14:04:27Z,1584427,2026-10-11T10:30:00Z,8425.5,FAR,Turkish Super Lig,standard,Konyaspor,Başakşehir,8,Bet365,ou,over,1.5,1.25,api_football,open
2026-10-05T14:04:27Z,1584427,2026-10-11T10:30:00Z,8425.5,FAR,Turkish Super Lig,standard,Konyaspor,Başakşehir,8,Bet365,ou,under,1.5,3.75,api_football,open
2026-10-05T14:04:27Z,1584427,2026-10-11T10:30:00Z,8425.5,FAR,Turkish Super Lig,standard,Konyaspor,Başakşehir,8,Bet365,ou,over,2.5,1.85,api_football,open
2026-10-05T14:04:27Z,1584427,2026-10-11T10:30:00Z,8425.5,FAR,Turkish Super Lig,standard,Konyaspor,Başakşehir,8,Bet365,ou,under,2.5,1.95,api_football,open
2026-10-05T14:04:27Z,1584427,2026-10-11T10:30:00Z,8425.5,FAR,Turkish Super Lig,standard,Konyaspor,Başakşehir,8,Bet365,ou,over,3.5,3.0,api_football,open
2026-10-05T14:04:27Z,1584427,2026-10-11T10:30:00Z,8425.5,FAR,Turkish Super Lig,standard,Konyaspor,Başakşehir,8,Bet365,ou,under,3.5,1.36,api_football,open
2026-10-05T14:04:27Z,1584427,2026-10-11T10:30:00Z,8425.5,FAR,Turkish Super Lig,standard,Konyaspor,Başakşehir,8,Bet365,ht_ou,over,1.5,2.62,api_football,open
2026-10-05T14:04:27Z,1584427,2026-10-11T10:30:00Z,8425.5,FAR,Turkish Super Lig,standard,Konyaspor,Başakşehir,8,Bet365,ht_ou,under,1.5,1.44,api_football,open
2026-10-05T14:04:27Z,1584427,2026-10-11T10:30:00Z,8425.5,FAR,Turkish Super Lig,standard,Konyaspor,Başakşehir,8,Bet365,ht_ou,over,0.5,1.36,api_football,open
2026-10-05T14:04:27Z,1584427,2026-10-11T10:30:00Z,8425.5,FAR,Turkish Super Lig,standard,Konyaspor,Başakşehir,8,Bet365,ht_ou,under,0.5,3.0,api_football,open
2026-10-05T14:04:27Z,1584427,2026-10-11T10:30:00Z,8425.5,FAR,Turkish Super Lig,standard,Konyaspor,Başakşehir,8,Bet365,btts,yes,,1.67,api_football,open
2026-10-05T14:04:27Z,1584427,2026-10-11T10:30:00Z,8425.5,FAR,Turkish Super Lig,standard,Konyaspor,Başakşehir,8,Bet365,btts,no,,2.1,api_football,open
2026-10-05T14:04:27Z,1584427,2026-10-11T10:30:00Z,8425.5,FAR,Turkish Super Lig,standard,Konyaspor,Başakşehir,2,Marathonbet,ou,over,1.5,1.22,api_football,open
2026-10-05T14:04:27Z,1584427,2026-10-11T10:30:00Z,8425.5,FAR,Turkish Super Lig,standard,Konyaspor,Başakşehir,2,Marathonbet,ou,under,1.5,3.5,api_football,open
2026-10-05T14:04:27Z,1584427,2026-10-11T10:30:00Z,8425.5,FAR,Turkish Super Lig,standard,Konyaspor,Başakşehir,2,Marathonbet,ou,over,2.5,1.81,api_football,open
2026-10-05T14:04:27Z,1584427,2026-10-11T10:30:00Z,8425.5,FAR,Turkish Super Lig,standard,Konyaspor,Başakşehir,2,Marathonbet,ou,under,2.5,1.93,api_football,open
2026-10-05T14:04:27Z,1584427,2026-10-11T10:30:00Z,8425.5,FAR,Turkish Super Lig,standard,Konyaspor,Başakşehir,2,Marathonbet,ou,over,3.5,2.92,api_football,open
2026-10-05T14:04:27Z,1584427,2026-10-11T10:30:00Z,8425.5,FAR,Turkish Super Lig,standard,Konyaspor,Başakşehir,2,Marathonbet,ou,under,3.5,1.31,api_football,open
2026-10-05T14:04:27Z,1584427,2026-10-11T10:30:00Z,8425.5,FAR,Turkish Super Lig,standard,Konyaspor,Başakşehir,2,Marathonbet,ht_ou,over,1.5,2.63,api_football,open
2026-10-05T14:04:27Z,1584427,2026-10-11T10:30:00Z,8425.5,FAR,Turkish Super Lig,standard,Konyaspor,Başakşehir,2,Marathonbet,ht_ou,under,1.5,1.41,api_football,open
2026-10-05T14:04:27Z,1584427,2026-10-11T10:30:00Z,8425.5,FAR,Turkish Super Lig,standard,Konyaspor,Başakşehir,2,Marathonbet,ht_ou,over,0.5,1.33,api_football,open
2026-10-05T14:04:27Z,1584427,2026-10-11T10:30:00Z,8425.5,FAR,Turkish Super Lig,standard,Konyaspor,Başakşehir,2,Marathonbet,ht_ou,under,0.5,2.95,api_football,open
2026-10-05T14:04:27Z,1584427,2026-10-11T10:30:00Z,8425.5,FAR,Turkish Super Lig,standard,Konyaspor,Başakşehir,2,Marathonbet,btts,yes,,1.64,api_football,open
2026-10-05T14:04:27Z,1584427,2026-10-11T10:30:00Z,8425.5,FAR,Turkish Super Lig,standard,Konyaspor,Başakşehir,2,Marathonbet,btts,no,,2.1,api_football,open
2026-10-05T14:04:27Z,1584427,2026-10-11T10:30:00Z,8425.5,FAR,Turkish Super Lig,standard,Konyaspor,Başakşehir,3,Betfair,ht_ou,over,1.5,2.75,api_football,open
2026-10-05T14:04:27Z,1584427,2026-10-11T10:30:00Z,8425.5,FAR,Turkish Super Lig,standard,Konyaspor,Başakşehir,3,Betfair,ht_ou,under,1.5,1.4,api_football,open
2026-10-05T14:04:27Z,1584427,2026-10-11T10:30:00Z,8425.5,FAR,Turkish Super Lig,standard,Konyaspor,Başakşehir,3,Betfair,ht_ou,over,0.5,1.3,api_football,open
2026-10-05T14:04:27Z,1584427,2026-10-11T10:30:00Z,8425.5,FAR,Turkish Super Lig,standard,Konyaspor,Başakşehir,3,Betfair,ht_ou,under,0.5,3.2,api_football,open
2026-10-05T14:04:27Z,1584427,2026-10-11T10:30:00Z,8425.5,FAR,Turkish Super Lig,standard,Konyaspor,Başakşehir,36,BetVictor,ou,over,1.5,1.25,api_football,open
2026-10-05T14:04:27Z,1584427,2026-10-11T10:30:00Z,8425.5,FAR,Turkish Super Lig,standard,Konyaspor,Başakşehir,36,BetVictor,ou,under,1.5,3.6,api_football,open
2026-10-05T14:04:27Z,1584427,2026-10-11T10:30:00Z,8425.5,FAR,Turkish Super Lig,standard,Konyaspor,Başakşehir,36,BetVictor,ou,over,2.5,1.79,api_football,open
2026-10-05T14:04:27Z,1584427,2026-10-11T10:30:00Z,8425.5,FAR,Turkish Super Lig,standard,Konyaspor,Başakşehir,36,BetVictor,ou,under,2.5,1.88,api_football,open
2026-10-05T14:04:27Z,1584427,2026-10-11T10:30:00Z,8425.5,FAR,Turkish Super Lig,standard,Konyaspor,Başakşehir,36,BetVictor,ou,over,3.5,3.1,api_football,open
2026-10-05T14:04:27Z,1584427,2026-10-11T10:30:00Z,8425.5,FAR,Turkish Super Lig,standard,Konyaspor,Başakşehir,36,BetVictor,ou,under,3.5,1.33,api_football,open
2026-10-05T14:04:27Z,1584427,2026-10-11T10:30:00Z,8425.5,FAR,Turkish Super Lig,standard,Konyaspor,Başakşehir,36,BetVictor,ht_ou,over,1.5,2.53,api_football,open
2026-10-05T14:04:27Z,1584427,2026-10-11T10:30:00Z,8425.5,FAR,Turkish Super Lig,standard,Konyaspor,Başakşehir,36,BetVictor,ht_ou,under,1.5,1.44,api_football,open
2026-10-05T14:04:27Z,1584427,2026-10-11T10:30:00Z,8425.5,FAR,Turkish Super Lig,standard,Konyaspor,Başakşehir,36,BetVictor,ht_ou,over,0.5,1.37,api_football,open
2026-10-05T14:04:27Z,1584427,2026-10-11T10:30:00Z,8425.5,FAR,Turkish Super Lig,standard,Konyaspor,Başakşehir,36,BetVictor,ht_ou,under,0.5,2.77,api_football,open
2026-10-05T14:04:27Z,1584427,2026-10-11T10:30:00Z,8425.5,FAR,Turkish Super Lig,standard,Konyaspor,Başakşehir,36,BetVictor,btts,yes,,1.62,api_football,open
2026-10-05T14:04:27Z,1584427,2026-10-11T10:30:00Z,8425.5,FAR,Turkish Super Lig,standard,Konyaspor,Başakşehir,36,BetVictor,btts,no,,2.15,api_football,open
2026-10-05T14:04:27Z,1584427,2026-10-11T10:30:00Z,8425.5,FAR,Turkish Super Lig,standard,Konyaspor,Başakşehir,4,Pinnacle,ou,over,1.5,1.26,api_football,open
2026-10-05T14:04:27Z,1584427,2026-10-11T10:30:00Z,8425.5,FAR,Turkish Super Lig,standard,Konyaspor,Başakşehir,4,Pinnacle,ou,under,1.5,3.82,api_football,open
2026-10-05T14:04:27Z,1584427,2026-10-11T10:30:00Z,8425.5,FAR,Turkish Super Lig,standard,Konyaspor,Başakşehir,4,Pinnacle,ou,over,2.5,1.87,api_football,open
2026-10-05T14:04:27Z,1584427,2026-10-11T10:30:00Z,8425.5,FAR,Turkish Super Lig,standard,Konyaspor,Başakşehir,4,Pinnacle,ou,under,2.5,1.97,api_football,open
2026-10-05T14:04:27Z,1584427,2026-10-11T10:30:00Z,8425.5,FAR,Turkish Super Lig,standard,Konyaspor,Başakşehir,4,Pinnacle,ou,over,3.5,3.06,api_football,open
2026-10-05T14:04:27Z,1584427,2026-10-11T10:30:00Z,8425.5,FAR,Turkish Super Lig,standard,Konyaspor,Başakşehir,4,Pinnacle,ou,under,3.5,1.37,api_football,open
2026-10-05T14:04:27Z,1584427,2026-10-11T10:30:00Z,8425.5,FAR,Turkish Super Lig,standard,Konyaspor,Başakşehir,4,Pinnacle,ht_ou,over,1.5,2.73,api_football,open
2026-10-05T14:04:27Z,1584427,2026-10-11T10:30:00Z,8425.5,FAR,Turkish Super Lig,standard,Konyaspor,Başakşehir,4,Pinnacle,ht_ou,under,1.5,1.43,api_football,open
2026-10-05T14:04:27Z,1584427,2026-10-11T10:30:00Z,8425.5,FAR,Turkish Super Lig,standard,Konyaspor,Başakşehir,4,Pinnacle,ht_ou,over,0.5,1.34,api_football,open
2026-10-05T14:04:27Z,1584427,2026-10-11T10:30:00Z,8425.5,FAR,Turkish Super Lig,standard,Konyaspor,Başakşehir,4,Pinnacle,ht_ou,under,0.5,3.14,api_football,open
2026-10-05T14:04:27Z,1584427,2026-10-11T10:30:00Z,8425.5,FAR,Turkish Super Lig,standard,Konyaspor,Başakşehir,5,SBO,ou,over,2.5,1.84,api_football,open
2026-10-05T14:04:27Z,1584427,2026-10-11T10:30:00Z,8425.5,FAR,Turkish Super Lig,standard,Konyaspor,Başakşehir,5,SBO,ou,under,2.5,1.98,api_football,open
2026-10-05T14:04:27Z,1584427,2026-10-11T10:30:00Z,8425.5,FAR,Turkish Super Lig,standard,Konyaspor,Başakşehir,11,1xBet,ou,over,1.5,1.22,api_football,open
2026-10-05T14:04:27Z,1584427,2026-10-11T10:30:00Z,8425.5,FAR,Turkish Super Lig,standard,Konyaspor,Başakşehir,11,1xBet,ou,under,1.5,3.5,api_football,open
2026-10-05T14:04:27Z,1584427,2026-10-11T10:30:00Z,8425.5,FAR,Turkish Super Lig,standard,Konyaspor,Başakşehir,11,1xBet,ou,over,2.5,1.88,api_football,open
2026-10-05T14:04:27Z,1584427,2026-10-11T10:30:00Z,8425.5,FAR,Turkish Super Lig,standard,Konyaspor,Başakşehir,11,1xBet,ou,under,2.5,2.0,api_football,open
2026-10-05T14:04:27Z,1584427,2026-10-11T10:30:00Z,8425.5,FAR,Turkish Super Lig,standard,Konyaspor,Başakşehir,11,1xBet,ou,over,3.5,2.92,api_football,open
2026-10-05T14:04:27Z,1584427,2026-10-11T10:30:00Z,8425.5,FAR,Turkish Super Lig,standard,Konyaspor,Başakşehir,11,1xBet,ou,under,3.5,1.31,api_football,open
2026-10-05T14:04:27Z,1584427,2026-10-11T10:30:00Z,8425.5,FAR,Turkish Super Lig,standard,Konyaspor,Başakşehir,11,1xBet,ht_ou,over,1.5,2.63,api_football,open
2026-10-05T14:04:27Z,1584427,2026-10-11T10:30:00Z,8425.5,FAR,Turkish Super Lig,standard,Konyaspor,Başakşehir,11,1xBet,ht_ou,under,1.5,1.41,api_football,open
2026-10-05T14:04:27Z,1584427,2026-10-11T10:30:00Z,8425.5,FAR,Turkish Super Lig,standard,Konyaspor,Başakşehir,11,1xBet,ht_ou,over,0.5,1.33,api_football,open
2026-10-05T14:04:27Z,1584427,2026-10-11T10:30:00Z,8425.5,FAR,Turkish Super Lig,standard,Konyaspor,Başakşehir,11,1xBet,ht_ou,under,0.5,2.95,api_football,open
2026-10-05T14:04:27Z,1584427,2026-10-11T10:30:00Z,8425.5,FAR,Turkish Super Lig,standard,Konyaspor,Başakşehir,11,1xBet,btts,yes,,1.64,api_football,open
2026-10-05T14:04:27Z,1584427,2026-10-11T10:30:00Z,8425.5,FAR,Turkish Super Lig,standard,Konyaspor,Başakşehir,11,1xBet,btts,no,,2.13,api_football,open
2026-10-05T14:04:27Z,1584427,2026-10-11T10:30:00Z,8425.5,FAR,Turkish Super Lig,standard,Konyaspor,Başakşehir,32,Betano,ou,over,1.5,1.27,api_football,open
2026-10-05T14:04:27Z,1584427,2026-10-11T10:30:00Z,8425.5,FAR,Turkish Super Lig,standard,Konyaspor,Başakşehir,32,Betano,ou,under,1.5,3.8,api_football,open
2026-10-05T14:04:27Z,1584427,2026-10-11T10:30:00Z,8425.5,FAR,Turkish Super Lig,standard,Konyaspor,Başakşehir,32,Betano,ou,over,2.5,1.82,api_football,open
2026-10-05T14:04:27Z,1584427,2026-10-11T10:30:00Z,8425.5,FAR,Turkish Super Lig,standard,Konyaspor,Başakşehir,32,Betano,ou,under,2.5,2.05,api_football,open
2026-10-05T14:04:27Z,1584427,2026-10-11T10:30:00Z,8425.5,FAR,Turkish Super Lig,standard,Konyaspor,Başakşehir,32,Betano,ou,over,3.5,3.0,api_football,open
2026-10-05T14:04:27Z,1584427,2026-10-11T10:30:00Z,8425.5,FAR,Turkish Super Lig,standard,Konyaspor,Başakşehir,32,Betano,ou,under,3.5,1.42,api_football,open
2026-10-05T14:04:27Z,1584427,2026-10-11T10:30:00Z,8425.5,FAR,Turkish Super Lig,standard,Konyaspor,Başakşehir,32,Betano,ht_ou,over,1.5,2.72,api_football,open
2026-10-05T14:04:27Z,1584427,2026-10-11T10:30:00Z,8425.5,FAR,Turkish Super Lig,standard,Konyaspor,Başakşehir,32,Betano,ht_ou,under,1.5,1.47,api_football,open
2026-10-05T14:04:27Z,1584427,2026-10-11T10:30:00Z,8425.5,FAR,Turkish Super Lig,standard,Konyaspor,Başakşehir,32,Betano,ht_ou,over,0.5,1.4,api_football,open
2026-10-05T14:04:27Z,1584427,2026-10-11T10:30:00Z,8425.5,FAR,Turkish Super Lig,standard,Konyaspor,Başakşehir,32,Betano,ht_ou,under,0.5,2.95,api_football,open
2026-10-05T14:04:27Z,1584427,2026-10-11T10:30:00Z,8425.5,FAR,Turkish Super Lig,standard,Konyaspor,Başakşehir,32,Betano,btts,yes,,1.62,api_football,open
2026-10-05T14:04:27Z,1584427,2026-10-11T10:30:00Z,8425.5,FAR,Turkish Super Lig,standard,Konyaspor,Başakşehir,32,Betano,btts,no,,2.22,api_football,open
2026-10-05T14:04:27Z,1584425,2026-10-11T13:00:00Z,8575.5,FAR,Turkish Super Lig,standard,Gaziantep FK,Çorum FK,7,William Hill,ht_ou,over,1.5,2.7,api_football,open
2026-10-05T14:04:27Z,1584425,2026-10-11T13:00:00Z,8575.5,FAR,Turkish Super Lig,standard,Gaziantep FK,Çorum FK,7,William Hill,ht_ou,under,1.5,1.4,api_football,open
2026-10-05T14:04:27Z,1584425,2026-10-11T13:00:00Z,8575.5,FAR,Turkish Super Lig,standard,Gaziantep FK,Çorum FK,7,William Hill,ht_ou,over,0.5,1.35,api_football,open
2026-10-05T14:04:27Z,1584425,2026-10-11T13:00:00Z,8575.5,FAR,Turkish Super Lig,standard,Gaziantep FK,Çorum FK,7,William Hill,ht_ou,under,0.5,3.0,api_football,open
2026-10-05T14:04:27Z,1584425,2026-10-11T13:00:00Z,8575.5,FAR,Turkish Super Lig,standard,Gaziantep FK,Çorum FK,7,William Hill,btts,yes,,1.7,api_football,open
2026-10-05T14:04:27Z,1584425,2026-10-11T13:00:00Z,8575.5,FAR,Turkish Super Lig,standard,Gaziantep FK,Çorum FK,7,William Hill,btts,no,,2.05,api_football,open
2026-10-05T14:04:27Z,1584425,2026-10-11T13:00:00Z,8575.5,FAR,Turkish Super Lig,standard,Gaziantep FK,Çorum FK,8,Bet365,ou,over,1.5,1.28,api_football,open
2026-10-05T14:04:27Z,1584425,2026-10-11T13:00:00Z,8575.5,FAR,Turkish Super Lig,standard,Gaziantep FK,Çorum FK,8,Bet365,ou,under,1.5,3.5,api_football,open
2026-10-05T14:04:27Z,1584425,2026-10-11T13:00:00Z,8575.5,FAR,Turkish Super Lig,standard,Gaziantep FK,Çorum FK,8,Bet365,ou,over,2.5,1.9,api_football,open
2026-10-05T14:04:27Z,1584425,2026-10-11T13:00:00Z,8575.5,FAR,Turkish Super Lig,standard,Gaziantep FK,Çorum FK,8,Bet365,ou,under,2.5,1.9,api_football,open
2026-10-05T14:04:27Z,1584425,2026-10-11T13:00:00Z,8575.5,FAR,Turkish Super Lig,standard,Gaziantep FK,Çorum FK,8,Bet365,ou,over,3.5,3.25,api_football,open
2026-10-05T14:04:27Z,1584425,2026-10-11T13:00:00Z,8575.5,FAR,Turkish Super Lig,standard,Gaziantep FK,Çorum FK,8,Bet365,ou,under,3.5,1.33,api_football,open
2026-10-05T14:04:27Z,1584425,2026-10-11T13:00:00Z,8575.5,FAR,Turkish Super Lig,standard,Gaziantep FK,Çorum FK,8,Bet365,ht_ou,over,1.5,2.75,api_football,open
2026-10-05T14:04:27Z,1584425,2026-10-11T13:00:00Z,8575.5,FAR,Turkish Super Lig,standard,Gaziantep FK,Çorum FK,8,Bet365,ht_ou,under,1.5,1.4,api_football,open
2026-10-05T14:04:27Z,1584425,2026-10-11T13:00:00Z,8575.5,FAR,Turkish Super Lig,standard,Gaziantep FK,Çorum FK,8,Bet365,ht_ou,over,0.5,1.36,api_football,open
2026-10-05T14:04:27Z,1584425,2026-10-11T13:00:00Z,8575.5,FAR,Turkish Super Lig,standard,Gaziantep FK,Çorum FK,8,Bet365,ht_ou,under,0.5,3.0,api_football,open
2026-10-05T14:04:27Z,1584425,2026-10-11T13:00:00Z,8575.5,FAR,Turkish Super Lig,standard,Gaziantep FK,Çorum FK,8,Bet365,btts,yes,,1.67,api_football,open
2026-10-05T14:04:27Z,1584425,2026-10-11T13:00:00Z,8575.5,FAR,Turkish Super Lig,standard,Gaziantep FK,Çorum FK,8,Bet365,btts,no,,2.1,api_football,open
2026-10-05T14:04:27Z,1584425,2026-10-11T13:00:00Z,8575.5,FAR,Turkish Super Lig,standard,Gaziantep FK,Çorum FK,2,Marathonbet,ou,over,1.5,1.22,api_football,open
2026-10-05T14:04:27Z,1584425,2026-10-11T13:00:00Z,8575.5,FAR,Turkish Super Lig,standard,Gaziantep FK,Çorum FK,2,Marathonbet,ou,under,1.5,3.5,api_football,open
2026-10-05T14:04:27Z,1584425,2026-10-11T13:00:00Z,8575.5,FAR,Turkish Super Lig,standard,Gaziantep FK,Çorum FK,2,Marathonbet,ou,over,2.5,1.83,api_football,open
2026-10-05T14:04:27Z,1584425,2026-10-11T13:00:00Z,8575.5,FAR,Turkish Super Lig,standard,Gaziantep FK,Çorum FK,2,Marathonbet,ou,under,2.5,1.91,api_football,open
2026-10-05T14:04:27Z,1584425,2026-10-11T13:00:00Z,8575.5,FAR,Turkish Super Lig,standard,Gaziantep FK,Çorum FK,2,Marathonbet,ou,over,3.5,3.04,api_football,open
2026-10-05T14:04:27Z,1584425,2026-10-11T13:00:00Z,8575.5,FAR,Turkish Super Lig,standard,Gaziantep FK,Çorum FK,2,Marathonbet,ou,under,3.5,1.29,api_football,open
2026-10-05T14:04:27Z,1584425,2026-10-11T13:00:00Z,8575.5,FAR,Turkish Super Lig,standard,Gaziantep FK,Çorum FK,2,Marathonbet,ht_ou,over,1.5,2.67,api_football,open
2026-10-05T14:04:27Z,1584425,2026-10-11T13:00:00Z,8575.5,FAR,Turkish Super Lig,standard,Gaziantep FK,Çorum FK,2,Marathonbet,ht_ou,under,1.5,1.4,api_football,open
2026-10-05T14:04:27Z,1584425,2026-10-11T13:00:00Z,8575.5,FAR,Turkish Super Lig,standard,Gaziantep FK,Çorum FK,2,Marathonbet,ht_ou,over,0.5,1.33,api_football,open
2026-10-05T14:04:27Z,1584425,2026-10-11T13:00:00Z,8575.5,FAR,Turkish Super Lig,standard,Gaziantep FK,Çorum FK,2,Marathonbet,ht_ou,under,0.5,2.95,api_football,open
2026-10-05T14:04:27Z,1584425,2026-10-11T13:00:00Z,8575.5,FAR,Turkish Super Lig,standard,Gaziantep FK,Çorum FK,2,Marathonbet,btts,yes,,1.65,api_football,open
2026-10-05T14:04:27Z,1584425,2026-10-11T13:00:00Z,8575.5,FAR,Turkish Super Lig,standard,Gaziantep FK,Çorum FK,2,Marathonbet,btts,no,,2.08,api_football,open
2026-10-05T14:04:27Z,1584425,2026-10-11T13:00:00Z,8575.5,FAR,Turkish Super Lig,standard,Gaziantep FK,Çorum FK,3,Betfair,ht_ou,over,1.5,2.75,api_football,open
2026-10-05T14:04:27Z,1584425,2026-10-11T13:00:00Z,8575.5,FAR,Turkish Super Lig,standard,Gaziantep FK,Çorum FK,3,Betfair,ht_ou,under,1.5,1.4,api_football,open
2026-10-05T14:04:27Z,1584425,2026-10-11T13:00:00Z,8575.5,FAR,Turkish Super Lig,standard,Gaziantep FK,Çorum FK,3,Betfair,ht_ou,over,0.5,1.33,api_football,open
2026-10-05T14:04:27Z,1584425,2026-10-11T13:00:00Z,8575.5,FAR,Turkish Super Lig,standard,Gaziantep FK,Çorum FK,3,Betfair,ht_ou,under,0.5,3.0,api_football,open
2026-10-05T14:04:27Z,1584425,2026-10-11T13:00:00Z,8575.5,FAR,Turkish Super Lig,standard,Gaziantep FK,Çorum FK,36,BetVictor,ou,over,1.5,1.25,api_football,open
2026-10-05T14:04:27Z,1584425,2026-10-11T13:00:00Z,8575.5,FAR,Turkish Super Lig,standard,Gaziantep FK,Çorum FK,36,BetVictor,ou,under,1.5,3.6,api_football,open
2026-10-05T14:04:27Z,1584425,2026-10-11T13:00:00Z,8575.5,FAR,Turkish Super Lig,standard,Gaziantep FK,Çorum FK,36,BetVictor,ou,over,2.5,1.82,api_football,open
2026-10-05T14:04:27Z,1584425,2026-10-11T13:00:00Z,8575.5,FAR,Turkish Super Lig,standard,Gaziantep FK,Çorum FK,36,BetVictor,ou,under,2.5,1.85,api_football,open
2026-10-05T14:04:27Z,1584425,2026-10-11T13:00:00Z,8575.5,FAR,Turkish Super Lig,standard,Gaziantep FK,Çorum FK,36,BetVictor,ou,over,3.5,3.25,api_football,open
2026-10-05T14:04:27Z,1584425,2026-10-11T13:00:00Z,8575.5,FAR,Turkish Super Lig,standard,Gaziantep FK,Çorum FK,36,BetVictor,ou,under,3.5,1.3,api_football,open
2026-10-05T14:04:27Z,1584425,2026-10-11T13:00:00Z,8575.5,FAR,Turkish Super Lig,standard,Gaziantep FK,Çorum FK,36,BetVictor,ht_ou,over,1.5,2.56,api_football,open
2026-10-05T14:04:27Z,1584425,2026-10-11T13:00:00Z,8575.5,FAR,Turkish Super Lig,standard,Gaziantep FK,Çorum FK,36,BetVictor,ht_ou,under,1.5,1.43,api_football,open
2026-10-05T14:04:27Z,1584425,2026-10-11T13:00:00Z,8575.5,FAR,Turkish Super Lig,standard,Gaziantep FK,Çorum FK,36,BetVictor,ht_ou,over,0.5,1.38,api_football,open
2026-10-05T14:04:27Z,1584425,2026-10-11T13:00:00Z,8575.5,FAR,Turkish Super Lig,standard,Gaziantep FK,Çorum FK,36,BetVictor,ht_ou,under,0.5,2.73,api_football,open
2026-10-05T14:04:27Z,1584425,2026-10-11T13:00:00Z,8575.5,FAR,Turkish Super Lig,standard,Gaziantep FK,Çorum FK,36,BetVictor,btts,yes,,1.65,api_football,open
2026-10-05T14:04:27Z,1584425,2026-10-11T13:00:00Z,8575.5,FAR,Turkish Super Lig,standard,Gaziantep FK,Çorum FK,36,BetVictor,btts,no,,2.1,api_football,open
2026-10-05T14:04:27Z,1584425,2026-10-11T13:00:00Z,8575.5,FAR,Turkish Super Lig,standard,Gaziantep FK,Çorum FK,4,Pinnacle,ou,over,1.5,1.26,api_football,open
2026-10-05T14:04:27Z,1584425,2026-10-11T13:00:00Z,8575.5,FAR,Turkish Super Lig,standard,Gaziantep FK,Çorum FK,4,Pinnacle,ou,under,1.5,3.85,api_football,open
2026-10-05T14:04:27Z,1584425,2026-10-11T13:00:00Z,8575.5,FAR,Turkish Super Lig,standard,Gaziantep FK,Çorum FK,4,Pinnacle,ou,over,2.5,1.86,api_football,open
2026-10-05T14:04:27Z,1584425,2026-10-11T13:00:00Z,8575.5,FAR,Turkish Super Lig,standard,Gaziantep FK,Çorum FK,4,Pinnacle,ou,under,2.5,1.97,api_football,open
2026-10-05T14:04:27Z,1584425,2026-10-11T13:00:00Z,8575.5,FAR,Turkish Super Lig,standard,Gaziantep FK,Çorum FK,4,Pinnacle,ou,over,3.5,3.06,api_football,open
2026-10-05T14:04:27Z,1584425,2026-10-11T13:00:00Z,8575.5,FAR,Turkish Super Lig,standard,Gaziantep FK,Çorum FK,4,Pinnacle,ou,under,3.5,1.37,api_football,open
2026-10-05T14:04:27Z,1584425,2026-10-11T13:00:00Z,8575.5,FAR,Turkish Super Lig,standard,Gaziantep FK,Çorum FK,4,Pinnacle,ht_ou,over,1.5,2.72,api_football,open
2026-10-05T14:04:27Z,1584425,2026-10-11T13:00:00Z,8575.5,FAR,Turkish Super Lig,standard,Gaziantep FK,Çorum FK,4,Pinnacle,ht_ou,under,1.5,1.44,api_football,open
2026-10-05T14:04:27Z,1584425,2026-10-11T13:00:00Z,8575.5,FAR,Turkish Super Lig,standard,Gaziantep FK,Çorum FK,4,Pinnacle,ht_ou,over,0.5,1.34,api_football,open
2026-10-05T14:04:27Z,1584425,2026-10-11T13:00:00Z,8575.5,FAR,Turkish Super Lig,standard,Gaziantep FK,Çorum FK,4,Pinnacle,ht_ou,under,0.5,3.15,api_football,open
2026-10-05T14:04:27Z,1584425,2026-10-11T13:00:00Z,8575.5,FAR,Turkish Super Lig,standard,Gaziantep FK,Çorum FK,5,SBO,ou,over,2.5,1.94,api_football,open
2026-10-05T14:04:27Z,1584425,2026-10-11T13:00:00Z,8575.5,FAR,Turkish Super Lig,standard,Gaziantep FK,Çorum FK,5,SBO,ou,under,2.5,1.88,api_football,open
2026-10-05T14:04:27Z,1584425,2026-10-11T13:00:00Z,8575.5,FAR,Turkish Super Lig,standard,Gaziantep FK,Çorum FK,11,1xBet,ou,over,1.5,1.22,api_football,open
2026-10-05T14:04:27Z,1584425,2026-10-11T13:00:00Z,8575.5,FAR,Turkish Super Lig,standard,Gaziantep FK,Çorum FK,11,1xBet,ou,under,1.5,3.5,api_football,open
2026-10-05T14:04:27Z,1584425,2026-10-11T13:00:00Z,8575.5,FAR,Turkish Super Lig,standard,Gaziantep FK,Çorum FK,11,1xBet,ou,over,2.5,1.9,api_football,open
2026-10-05T14:04:27Z,1584425,2026-10-11T13:00:00Z,8575.5,FAR,Turkish Super Lig,standard,Gaziantep FK,Çorum FK,11,1xBet,ou,under,2.5,1.98,api_football,open
2026-10-05T14:04:27Z,1584425,2026-10-11T13:00:00Z,8575.5,FAR,Turkish Super Lig,standard,Gaziantep FK,Çorum FK,11,1xBet,ou,over,3.5,3.04,api_football,open
2026-10-05T14:04:27Z,1584425,2026-10-11T13:00:00Z,8575.5,FAR,Turkish Super Lig,standard,Gaziantep FK,Çorum FK,11,1xBet,ou,under,3.5,1.29,api_football,open
2026-10-05T14:04:27Z,1584425,2026-10-11T13:00:00Z,8575.5,FAR,Turkish Super Lig,standard,Gaziantep FK,Çorum FK,11,1xBet,ht_ou,over,1.5,2.67,api_football,open
2026-10-05T14:04:27Z,1584425,2026-10-11T13:00:00Z,8575.5,FAR,Turkish Super Lig,standard,Gaziantep FK,Çorum FK,11,1xBet,ht_ou,under,1.5,1.4,api_football,open
2026-10-05T14:04:27Z,1584425,2026-10-11T13:00:00Z,8575.5,FAR,Turkish Super Lig,standard,Gaziantep FK,Çorum FK,11,1xBet,ht_ou,over,0.5,1.33,api_football,open
2026-10-05T14:04:27Z,1584425,2026-10-11T13:00:00Z,8575.5,FAR,Turkish Super Lig,standard,Gaziantep FK,Çorum FK,11,1xBet,ht_ou,under,0.5,2.95,api_football,open
2026-10-05T14:04:27Z,1584425,2026-10-11T13:00:00Z,8575.5,FAR,Turkish Super Lig,standard,Gaziantep FK,Çorum FK,11,1xBet,btts,yes,,1.65,api_football,open
2026-10-05T14:04:27Z,1584425,2026-10-11T13:00:00Z,8575.5,FAR,Turkish Super Lig,standard,Gaziantep FK,Çorum FK,11,1xBet,btts,no,,2.11,api_football,open
2026-10-05T14:04:27Z,1584425,2026-10-11T13:00:00Z,8575.5,FAR,Turkish Super Lig,standard,Gaziantep FK,Çorum FK,32,Betano,ou,over,1.5,1.29,api_football,open
2026-10-05T14:04:27Z,1584425,2026-10-11T13:00:00Z,8575.5,FAR,Turkish Super Lig,standard,Gaziantep FK,Çorum FK,32,Betano,ou,under,1.5,3.6,api_football,open
2026-10-05T14:04:27Z,1584425,2026-10-11T13:00:00Z,8575.5,FAR,Turkish Super Lig,standard,Gaziantep FK,Çorum FK,32,Betano,ou,over,2.5,1.9,api_football,open
2026-10-05T14:04:27Z,1584425,2026-10-11T13:00:00Z,8575.5,FAR,Turkish Super Lig,standard,Gaziantep FK,Çorum FK,32,Betano,ou,under,2.5,1.95,api_football,open
2026-10-05T14:04:27Z,1584425,2026-10-11T13:00:00Z,8575.5,FAR,Turkish Super Lig,standard,Gaziantep FK,Çorum FK,32,Betano,ou,over,3.5,3.15,api_football,open
2026-10-05T14:04:27Z,1584425,2026-10-11T13:00:00Z,8575.5,FAR,Turkish Super Lig,standard,Gaziantep FK,Çorum FK,32,Betano,ou,under,3.5,1.38,api_football,open
2026-10-05T14:04:27Z,1584425,2026-10-11T13:00:00Z,8575.5,FAR,Turkish Super Lig,standard,Gaziantep FK,Çorum FK,32,Betano,ht_ou,over,1.5,2.82,api_football,open
2026-10-05T14:04:27Z,1584425,2026-10-11T13:00:00Z,8575.5,FAR,Turkish Super Lig,standard,Gaziantep FK,Çorum FK,32,Betano,ht_ou,under,1.5,1.44,api_football,open
2026-10-05T14:04:27Z,1584425,2026-10-11T13:00:00Z,8575.5,FAR,Turkish Super Lig,standard,Gaziantep FK,Çorum FK,32,Betano,ht_ou,over,0.5,1.44,api_football,open
2026-10-05T14:04:27Z,1584425,2026-10-11T13:00:00Z,8575.5,FAR,Turkish Super Lig,standard,Gaziantep FK,Çorum FK,32,Betano,ht_ou,under,0.5,2.85,api_football,open
2026-10-05T14:04:27Z,1584425,2026-10-11T13:00:00Z,8575.5,FAR,Turkish Super Lig,standard,Gaziantep FK,Çorum FK,32,Betano,btts,yes,,1.65,api_football,open
2026-10-05T14:04:27Z,1584425,2026-10-11T13:00:00Z,8575.5,FAR,Turkish Super Lig,standard,Gaziantep FK,Çorum FK,32,Betano,btts,no,,2.15,api_football,open
2026-10-05T14:04:27Z,1584422,2026-10-11T16:00:00Z,8755.5,FAR,Turkish Super Lig,standard,Beşiktaş,Kocaelispor,7,William Hill,ht_ou,over,1.5,2.2,api_football,open
2026-10-05T14:04:27Z,1584422,2026-10-11T16:00:00Z,8755.5,FAR,Turkish Super Lig,standard,Beşiktaş,Kocaelispor,7,William Hill,ht_ou,under,1.5,1.6,api_football,open
2026-10-05T14:04:27Z,1584422,2026-10-11T16:00:00Z,8755.5,FAR,Turkish Super Lig,standard,Beşiktaş,Kocaelispor,7,William Hill,ht_ou,over,0.5,1.25,api_football,open
2026-10-05T14:04:27Z,1584422,2026-10-11T16:00:00Z,8755.5,FAR,Turkish Super Lig,standard,Beşiktaş,Kocaelispor,7,William Hill,ht_ou,under,0.5,3.5,api_football,open
2026-10-05T14:04:27Z,1584422,2026-10-11T16:00:00Z,8755.5,FAR,Turkish Super Lig,standard,Beşiktaş,Kocaelispor,7,William Hill,btts,yes,,2.0,api_football,open
2026-10-05T14:04:27Z,1584422,2026-10-11T16:00:00Z,8755.5,FAR,Turkish Super Lig,standard,Beşiktaş,Kocaelispor,7,William Hill,btts,no,,1.75,api_football,open
2026-10-05T14:04:27Z,1584422,2026-10-11T16:00:00Z,8755.5,FAR,Turkish Super Lig,standard,Beşiktaş,Kocaelispor,8,Bet365,ou,over,1.5,1.17,api_football,open
2026-10-05T14:04:27Z,1584422,2026-10-11T16:00:00Z,8755.5,FAR,Turkish Super Lig,standard,Beşiktaş,Kocaelispor,8,Bet365,ou,under,1.5,5.0,api_football,open
2026-10-05T14:04:27Z,1584422,2026-10-11T16:00:00Z,8755.5,FAR,Turkish Super Lig,standard,Beşiktaş,Kocaelispor,8,Bet365,ou,over,2.5,1.57,api_football,open
2026-10-05T14:04:27Z,1584422,2026-10-11T16:00:00Z,8755.5,FAR,Turkish Super Lig,standard,Beşiktaş,Kocaelispor,8,Bet365,ou,under,2.5,2.35,api_football,open
2026-10-05T14:04:27Z,1584422,2026-10-11T16:00:00Z,8755.5,FAR,Turkish Super Lig,standard,Beşiktaş,Kocaelispor,8,Bet365,ou,over,3.5,2.38,api_football,open
2026-10-05T14:04:27Z,1584422,2026-10-11T16:00:00Z,8755.5,FAR,Turkish Super Lig,standard,Beşiktaş,Kocaelispor,8,Bet365,ou,under,3.5,1.53,api_football,open
2026-10-05T14:04:27Z,1584422,2026-10-11T16:00:00Z,8755.5,FAR,Turkish Super Lig,standard,Beşiktaş,Kocaelispor,8,Bet365,ht_ou,over,1.5,2.25,api_football,open
2026-10-05T14:04:27Z,1584422,2026-10-11T16:00:00Z,8755.5,FAR,Turkish Super Lig,standard,Beşiktaş,Kocaelispor,8,Bet365,ht_ou,under,1.5,1.57,api_football,open
2026-10-05T14:04:27Z,1584422,2026-10-11T16:00:00Z,8755.5,FAR,Turkish Super Lig,standard,Beşiktaş,Kocaelispor,8,Bet365,ht_ou,over,0.5,1.25,api_football,open
2026-10-05T14:04:27Z,1584422,2026-10-11T16:00:00Z,8755.5,FAR,Turkish Super Lig,standard,Beşiktaş,Kocaelispor,8,Bet365,ht_ou,under,0.5,3.75,api_football,open
2026-10-05T14:04:27Z,1584422,2026-10-11T16:00:00Z,8755.5,FAR,Turkish Super Lig,standard,Beşiktaş,Kocaelispor,8,Bet365,btts,yes,,2.0,api_football,open
2026-10-05T14:04:27Z,1584422,2026-10-11T16:00:00Z,8755.5,FAR,Turkish Super Lig,standard,Beşiktaş,Kocaelispor,8,Bet365,btts,no,,1.73,api_football,open
2026-10-05T14:04:27Z,1584422,2026-10-11T16:00:00Z,8755.5,FAR,Turkish Super Lig,standard,Beşiktaş,Kocaelispor,2,Marathonbet,ou,over,1.5,1.14,api_football,open
2026-10-05T14:04:27Z,1584422,2026-10-11T16:00:00Z,8755.5,FAR,Turkish Super Lig,standard,Beşiktaş,Kocaelispor,2,Marathonbet,ou,under,1.5,4.4,api_football,open
2026-10-05T14:04:27Z,1584422,2026-10-11T16:00:00Z,8755.5,FAR,Turkish Super Lig,standard,Beşiktaş,Kocaelispor,2,Marathonbet,ou,over,2.5,1.57,api_football,open
2026-10-05T14:04:27Z,1584422,2026-10-11T16:00:00Z,8755.5,FAR,Turkish Super Lig,standard,Beşiktaş,Kocaelispor,2,Marathonbet,ou,under,2.5,2.31,api_football,open
2026-10-05T14:04:27Z,1584422,2026-10-11T16:00:00Z,8755.5,FAR,Turkish Super Lig,standard,Beşiktaş,Kocaelispor,2,Marathonbet,ou,over,3.5,2.33,api_football,open
2026-10-05T14:04:27Z,1584422,2026-10-11T16:00:00Z,8755.5,FAR,Turkish Super Lig,standard,Beşiktaş,Kocaelispor,2,Marathonbet,ou,under,3.5,1.48,api_football,open
2026-10-05T14:04:27Z,1584422,2026-10-11T16:00:00Z,8755.5,FAR,Turkish Super Lig,standard,Beşiktaş,Kocaelispor,2,Marathonbet,ht_ou,over,1.5,2.29,api_football,open
2026-10-05T14:04:27Z,1584422,2026-10-11T16:00:00Z,8755.5,FAR,Turkish Super Lig,standard,Beşiktaş,Kocaelispor,2,Marathonbet,ht_ou,under,1.5,1.56,api_football,open
2026-10-05T14:04:27Z,1584422,2026-10-11T16:00:00Z,8755.5,FAR,Turkish Super Lig,standard,Beşiktaş,Kocaelispor,2,Marathonbet,ht_ou,over,0.5,1.25,api_football,open
2026-10-05T14:04:27Z,1584422,2026-10-11T16:00:00Z,8755.5,FAR,Turkish Super Lig,standard,Beşiktaş,Kocaelispor,2,Marathonbet,ht_ou,under,0.5,3.32,api_football,open
2026-10-05T14:04:27Z,1584422,2026-10-11T16:00:00Z,8755.5,FAR,Turkish Super Lig,standard,Beşiktaş,Kocaelispor,2,Marathonbet,btts,yes,,2.03,api_football,open
2026-10-05T14:04:27Z,1584422,2026-10-11T16:00:00Z,8755.5,FAR,Turkish Super Lig,standard,Beşiktaş,Kocaelispor,2,Marathonbet,btts,no,,1.68,api_football,open
2026-10-05T14:04:27Z,1584422,2026-10-11T16:00:00Z,8755.5,FAR,Turkish Super Lig,standard,Beşiktaş,Kocaelispor,3,Betfair,ht_ou,over,1.5,2.25,api_football,open
2026-10-05T14:04:27Z,1584422,2026-10-11T16:00:00Z,8755.5,FAR,Turkish Super Lig,standard,Beşiktaş,Kocaelispor,3,Betfair,ht_ou,under,1.5,1.57,api_football,open
2026-10-05T14:04:27Z,1584422,2026-10-11T16:00:00Z,8755.5,FAR,Turkish Super Lig,standard,Beşiktaş,Kocaelispor,3,Betfair,ht_ou,over,0.5,1.22,api_football,open
2026-10-05T14:04:27Z,1584422,2026-10-11T16:00:00Z,8755.5,FAR,Turkish Super Lig,standard,Beşiktaş,Kocaelispor,3,Betfair,ht_ou,under,0.5,3.8,api_football,open
2026-10-05T14:04:27Z,1584422,2026-10-11T16:00:00Z,8755.5,FAR,Turkish Super Lig,standard,Beşiktaş,Kocaelispor,36,BetVictor,ou,over,1.5,1.15,api_football,open
2026-10-05T14:04:27Z,1584422,2026-10-11T16:00:00Z,8755.5,FAR,Turkish Super Lig,standard,Beşiktaş,Kocaelispor,36,BetVictor,ou,under,1.5,4.8,api_football,open
2026-10-05T14:04:27Z,1584422,2026-10-11T16:00:00Z,8755.5,FAR,Turkish Super Lig,standard,Beşiktaş,Kocaelispor,36,BetVictor,ou,over,2.5,1.55,api_football,open
2026-10-05T14:04:27Z,1584422,2026-10-11T16:00:00Z,8755.5,FAR,Turkish Super Lig,standard,Beşiktaş,Kocaelispor,36,BetVictor,ou,under,2.5,2.24,api_football,open
2026-10-05T14:04:27Z,1584422,2026-10-11T16:00:00Z,8755.5,FAR,Turkish Super Lig,standard,Beşiktaş,Kocaelispor,36,BetVictor,ou,over,3.5,2.33,api_football,open
2026-10-05T14:04:27Z,1584422,2026-10-11T16:00:00Z,8755.5,FAR,Turkish Super Lig,standard,Beşiktaş,Kocaelispor,36,BetVictor,ou,under,3.5,1.52,api_football,open
2026-10-05T14:04:27Z,1584422,2026-10-11T16:00:00Z,8755.5,FAR,Turkish Super Lig,standard,Beşiktaş,Kocaelispor,36,BetVictor,ht_ou,over,1.5,2.21,api_football,open
2026-10-05T14:04:27Z,1584422,2026-10-11T16:00:00Z,8755.5,FAR,Turkish Super Lig,standard,Beşiktaş,Kocaelispor,36,BetVictor,ht_ou,under,1.5,1.57,api_football,open
2026-10-05T14:04:27Z,1584422,2026-10-11T16:00:00Z,8755.5,FAR,Turkish Super Lig,standard,Beşiktaş,Kocaelispor,36,BetVictor,ht_ou,over,0.5,1.25,api_football,open
2026-10-05T14:04:27Z,1584422,2026-10-11T16:00:00Z,8755.5,FAR,Turkish Super Lig,standard,Beşiktaş,Kocaelispor,36,BetVictor,ht_ou,under,0.5,3.6,api_football,open
2026-10-05T14:04:27Z,1584422,2026-10-11T16:00:00Z,8755.5,FAR,Turkish Super Lig,standard,Beşiktaş,Kocaelispor,36,BetVictor,btts,yes,,2.0,api_football,open
2026-10-05T14:04:27Z,1584422,2026-10-11T16:00:00Z,8755.5,FAR,Turkish Super Lig,standard,Beşiktaş,Kocaelispor,36,BetVictor,btts,no,,1.7,api_football,open
2026-10-05T14:04:27Z,1584422,2026-10-11T16:00:00Z,8755.5,FAR,Turkish Super Lig,standard,Beşiktaş,Kocaelispor,4,Pinnacle,ou,over,1.5,1.18,api_football,open
2026-10-05T14:04:27Z,1584422,2026-10-11T16:00:00Z,8755.5,FAR,Turkish Super Lig,standard,Beşiktaş,Kocaelispor,4,Pinnacle,ou,under,1.5,4.71,api_football,open
2026-10-05T14:04:27Z,1584422,2026-10-11T16:00:00Z,8755.5,FAR,Turkish Super Lig,standard,Beşiktaş,Kocaelispor,4,Pinnacle,ou,over,2.5,1.59,api_football,open
2026-10-05T14:04:27Z,1584422,2026-10-11T16:00:00Z,8755.5,FAR,Turkish Super Lig,standard,Beşiktaş,Kocaelispor,4,Pinnacle,ou,under,2.5,2.35,api_football,open
2026-10-05T14:04:27Z,1584422,2026-10-11T16:00:00Z,8755.5,FAR,Turkish Super Lig,standard,Beşiktaş,Kocaelispor,4,Pinnacle,ou,over,3.5,2.5,api_football,open
2026-10-05T14:04:27Z,1584422,2026-10-11T16:00:00Z,8755.5,FAR,Turkish Super Lig,standard,Beşiktaş,Kocaelispor,4,Pinnacle,ou,under,3.5,1.53,api_football,open
2026-10-05T14:04:27Z,1584422,2026-10-11T16:00:00Z,8755.5,FAR,Turkish Super Lig,standard,Beşiktaş,Kocaelispor,4,Pinnacle,ht_ou,over,1.5,2.36,api_football,open
2026-10-05T14:04:27Z,1584422,2026-10-11T16:00:00Z,8755.5,FAR,Turkish Super Lig,standard,Beşiktaş,Kocaelispor,4,Pinnacle,ht_ou,under,1.5,1.56,api_football,open
2026-10-05T14:04:27Z,1584422,2026-10-11T16:00:00Z,8755.5,FAR,Turkish Super Lig,standard,Beşiktaş,Kocaelispor,11,1xBet,ou,over,1.5,1.14,api_football,open
2026-10-05T14:04:27Z,1584422,2026-10-11T16:00:00Z,8755.5,FAR,Turkish Super Lig,standard,Beşiktaş,Kocaelispor,11,1xBet,ou,under,1.5,4.4,api_football,open
2026-10-05T14:04:27Z,1584422,2026-10-11T16:00:00Z,8755.5,FAR,Turkish Super Lig,standard,Beşiktaş,Kocaelispor,11,1xBet,ou,over,2.5,1.63,api_football,open
2026-10-05T14:04:27Z,1584422,2026-10-11T16:00:00Z,8755.5,FAR,Turkish Super Lig,standard,Beşiktaş,Kocaelispor,11,1xBet,ou,under,2.5,2.4,api_football,open
2026-10-05T14:04:27Z,1584422,2026-10-11T16:00:00Z,8755.5,FAR,Turkish Super Lig,standard,Beşiktaş,Kocaelispor,11,1xBet,ou,over,3.5,2.33,api_football,open
2026-10-05T14:04:27Z,1584422,2026-10-11T16:00:00Z,8755.5,FAR,Turkish Super Lig,standard,Beşiktaş,Kocaelispor,11,1xBet,ou,under,3.5,1.48,api_football,open
2026-10-05T14:04:27Z,1584422,2026-10-11T16:00:00Z,8755.5,FAR,Turkish Super Lig,standard,Beşiktaş,Kocaelispor,11,1xBet,ht_ou,over,1.5,2.29,api_football,open
2026-10-05T14:04:27Z,1584422,2026-10-11T16:00:00Z,8755.5,FAR,Turkish Super Lig,standard,Beşiktaş,Kocaelispor,11,1xBet,ht_ou,under,1.5,1.56,api_football,open
2026-10-05T14:04:27Z,1584422,2026-10-11T16:00:00Z,8755.5,FAR,Turkish Super Lig,standard,Beşiktaş,Kocaelispor,11,1xBet,ht_ou,over,0.5,1.25,api_football,open
2026-10-05T14:04:27Z,1584422,2026-10-11T16:00:00Z,8755.5,FAR,Turkish Super Lig,standard,Beşiktaş,Kocaelispor,11,1xBet,ht_ou,under,0.5,3.32,api_football,open
2026-10-05T14:04:27Z,1584422,2026-10-11T16:00:00Z,8755.5,FAR,Turkish Super Lig,standard,Beşiktaş,Kocaelispor,11,1xBet,btts,yes,,2.03,api_football,open
2026-10-05T14:04:27Z,1584422,2026-10-11T16:00:00Z,8755.5,FAR,Turkish Super Lig,standard,Beşiktaş,Kocaelispor,11,1xBet,btts,no,,1.7,api_football,open
2026-10-05T14:04:27Z,1584422,2026-10-11T16:00:00Z,8755.5,FAR,Turkish Super Lig,standard,Beşiktaş,Kocaelispor,32,Betano,ou,over,1.5,1.19,api_football,open
2026-10-05T14:04:27Z,1584422,2026-10-11T16:00:00Z,8755.5,FAR,Turkish Super Lig,standard,Beşiktaş,Kocaelispor,32,Betano,ou,under,1.5,4.7,api_football,open
2026-10-05T14:04:27Z,1584422,2026-10-11T16:00:00Z,8755.5,FAR,Turkish Super Lig,standard,Beşiktaş,Kocaelispor,32,Betano,ou,over,2.5,1.6,api_football,open
2026-10-05T14:04:27Z,1584422,2026-10-11T16:00:00Z,8755.5,FAR,Turkish Super Lig,standard,Beşiktaş,Kocaelispor,32,Betano,ou,under,2.5,2.42,api_football,open
2026-10-05T14:04:27Z,1584422,2026-10-11T16:00:00Z,8755.5,FAR,Turkish Super Lig,standard,Beşiktaş,Kocaelispor,32,Betano,ou,over,3.5,2.47,api_football,open
2026-10-05T14:04:27Z,1584422,2026-10-11T16:00:00Z,8755.5,FAR,Turkish Super Lig,standard,Beşiktaş,Kocaelispor,32,Betano,ou,under,3.5,1.57,api_football,open
2026-10-05T14:04:27Z,1584422,2026-10-11T16:00:00Z,8755.5,FAR,Turkish Super Lig,standard,Beşiktaş,Kocaelispor,32,Betano,ht_ou,over,1.5,2.4,api_football,open
2026-10-05T14:04:27Z,1584422,2026-10-11T16:00:00Z,8755.5,FAR,Turkish Super Lig,standard,Beşiktaş,Kocaelispor,32,Betano,ht_ou,under,1.5,1.57,api_football,open
2026-10-05T14:04:27Z,1584422,2026-10-11T16:00:00Z,8755.5,FAR,Turkish Super Lig,standard,Beşiktaş,Kocaelispor,32,Betano,ht_ou,over,0.5,1.31,api_football,open
2026-10-05T14:04:27Z,1584422,2026-10-11T16:00:00Z,8755.5,FAR,Turkish Super Lig,standard,Beşiktaş,Kocaelispor,32,Betano,ht_ou,under,0.5,3.35,api_football,open
2026-10-05T14:04:27Z,1584422,2026-10-11T16:00:00Z,8755.5,FAR,Turkish Super Lig,standard,Beşiktaş,Kocaelispor,32,Betano,btts,yes,,2.02,api_football,open
2026-10-05T14:04:27Z,1584422,2026-10-11T16:00:00Z,8755.5,FAR,Turkish Super Lig,standard,Beşiktaş,Kocaelispor,32,Betano,btts,no,,1.75,api_football,open
2026-10-05T18:29:44Z,1493157,2026-10-05T19:45:00Z,75.3,T-3h,Argentina Primera Division,new_format,Deportivo Riestra,Central Cordoba de Santiago,7,William Hill,ht_ou,over,1.5,3.6,api_football,change
2026-10-05T18:29:44Z,1493157,2026-10-05T19:45:00Z,75.3,T-3h,Argentina Primera Division,new_format,Deportivo Riestra,Central Cordoba de Santiago,7,William Hill,ht_ou,over,0.5,1.55,api_football,change
2026-10-05T18:29:44Z,1493157,2026-10-05T19:45:00Z,75.3,T-3h,Argentina Primera Division,new_format,Deportivo Riestra,Central Cordoba de Santiago,7,William Hill,ht_ou,under,0.5,2.38,api_football,change
2026-10-05T18:29:44Z,1493157,2026-10-05T19:45:00Z,75.3,T-3h,Argentina Primera Division,new_format,Deportivo Riestra,Central Cordoba de Santiago,7,William Hill,btts,yes,,2.38,api_football,change
2026-10-05T18:29:44Z,1493157,2026-10-05T19:45:00Z,75.3,T-3h,Argentina Primera Division,new_format,Deportivo Riestra,Central Cordoba de Santiago,7,William Hill,btts,no,,1.53,api_football,change
2026-10-05T18:29:44Z,1493157,2026-10-05T19:45:00Z,75.3,T-3h,Argentina Primera Division,new_format,Deportivo Riestra,Central Cordoba de Santiago,8,Bet365,ou,over,1.5,1.57,api_football,change
2026-10-05T18:29:44Z,1493157,2026-10-05T19:45:00Z,75.3,T-3h,Argentina Primera Division,new_format,Deportivo Riestra,Central Cordoba de Santiago,8,Bet365,ou,under,1.5,2.25,api_football,change
2026-10-05T18:29:44Z,1493157,2026-10-05T19:45:00Z,75.3,T-3h,Argentina Primera Division,new_format,Deportivo Riestra,Central Cordoba de Santiago,8,Bet365,ou,over,2.5,2.7,api_football,change
2026-10-05T18:29:44Z,1493157,2026-10-05T19:45:00Z,75.3,T-3h,Argentina Primera Division,new_format,Deportivo Riestra,Central Cordoba de Santiago,8,Bet365,ou,under,2.5,1.44,api_football,change
2026-10-05T18:29:44Z,1493157,2026-10-05T19:45:00Z,75.3,T-3h,Argentina Primera Division,new_format,Deportivo Riestra,Central Cordoba de Santiago,8,Bet365,ou,over,3.5,6.0,api_football,change
2026-10-05T18:29:44Z,1493157,2026-10-05T19:45:00Z,75.3,T-3h,Argentina Primera Division,new_format,Deportivo Riestra,Central Cordoba de Santiago,8,Bet365,ou,under,3.5,1.12,api_football,change
2026-10-05T18:29:44Z,1493157,2026-10-05T19:45:00Z,75.3,T-3h,Argentina Primera Division,new_format,Deportivo Riestra,Central Cordoba de Santiago,8,Bet365,ht_ou,over,1.5,4.0,api_football,change
2026-10-05T18:29:44Z,1493157,2026-10-05T19:45:00Z,75.3,T-3h,Argentina Primera Division,new_format,Deportivo Riestra,Central Cordoba de Santiago,8,Bet365,ht_ou,under,1.5,1.22,api_football,change
2026-10-05T18:29:44Z,1493157,2026-10-05T19:45:00Z,75.3,T-3h,Argentina Primera Division,new_format,Deportivo Riestra,Central Cordoba de Santiago,8,Bet365,btts,yes,,2.5,api_football,change
2026-10-05T18:29:44Z,1493157,2026-10-05T19:45:00Z,75.3,T-3h,Argentina Primera Division,new_format,Deportivo Riestra,Central Cordoba de Santiago,8,Bet365,btts,no,,1.5,api_football,change
2026-10-05T18:29:44Z,1493157,2026-10-05T19:45:00Z,75.3,T-3h,Argentina Primera Division,new_format,Deportivo Riestra,Central Cordoba de Santiago,3,Betfair,ou,over,1.5,1.53,api_football,change
2026-10-05T18:29:44Z,1493157,2026-10-05T19:45:00Z,75.3,T-3h,Argentina Primera Division,new_format,Deportivo Riestra,Central Cordoba de Santiago,3,Betfair,ou,under,1.5,2.45,api_football,change
2026-10-05T18:29:44Z,1493157,2026-10-05T19:45:00Z,75.3,T-3h,Argentina Primera Division,new_format,Deportivo Riestra,Central Cordoba de Santiago,3,Betfair,ou,over,2.5,2.7,api_football,change
2026-10-05T18:29:44Z,1493157,2026-10-05T19:45:00Z,75.3,T-3h,Argentina Primera Division,new_format,Deportivo Riestra,Central Cordoba de Santiago,3,Betfair,ou,under,2.5,1.44,api_football,change
2026-10-05T18:29:44Z,1493157,2026-10-05T19:45:00Z,75.3,T-3h,Argentina Primera Division,new_format,Deportivo Riestra,Central Cordoba de Santiago,3,Betfair,ou,over,3.5,6.0,api_football,change
2026-10-05T18:29:44Z,1493157,2026-10-05T19:45:00Z,75.3,T-3h,Argentina Primera Division,new_format,Deportivo Riestra,Central Cordoba de Santiago,3,Betfair,ou,under,3.5,1.13,api_football,change
2026-10-05T18:29:44Z,1493157,2026-10-05T19:45:00Z,75.3,T-3h,Argentina Primera Division,new_format,Deportivo Riestra,Central Cordoba de Santiago,3,Betfair,ht_ou,over,1.5,4.0,api_football,change
2026-10-05T18:29:44Z,1493157,2026-10-05T19:45:00Z,75.3,T-3h,Argentina Primera Division,new_format,Deportivo Riestra,Central Cordoba de Santiago,3,Betfair,ht_ou,under,1.5,1.2,api_football,change
2026-10-05T18:29:44Z,1493157,2026-10-05T19:45:00Z,75.3,T-3h,Argentina Primera Division,new_format,Deportivo Riestra,Central Cordoba de Santiago,3,Betfair,ht_ou,over,0.5,1.57,api_football,change
2026-10-05T18:29:44Z,1493157,2026-10-05T19:45:00Z,75.3,T-3h,Argentina Primera Division,new_format,Deportivo Riestra,Central Cordoba de Santiago,3,Betfair,ht_ou,under,0.5,2.25,api_football,change
2026-10-05T18:29:44Z,1493157,2026-10-05T19:45:00Z,75.3,T-3h,Argentina Primera Division,new_format,Deportivo Riestra,Central Cordoba de Santiago,3,Betfair,btts,yes,,2.3,api_football,change
2026-10-05T18:29:44Z,1493157,2026-10-05T19:45:00Z,75.3,T-3h,Argentina Primera Division,new_format,Deportivo Riestra,Central Cordoba de Santiago,3,Betfair,btts,no,,1.6,api_football,change
2026-10-05T18:29:44Z,1493157,2026-10-05T19:45:00Z,75.3,T-3h,Argentina Primera Division,new_format,Deportivo Riestra,Central Cordoba de Santiago,36,BetVictor,ou,over,1.5,1.55,api_football,change
2026-10-05T18:29:44Z,1493157,2026-10-05T19:45:00Z,75.3,T-3h,Argentina Primera Division,new_format,Deportivo Riestra,Central Cordoba de Santiago,36,BetVictor,ou,under,1.5,2.25,api_football,change
2026-10-05T18:29:44Z,1493157,2026-10-05T19:45:00Z,75.3,T-3h,Argentina Primera Division,new_format,Deportivo Riestra,Central Cordoba de Santiago,36,BetVictor,ou,over,2.5,2.56,api_football,change
2026-10-05T18:29:44Z,1493157,2026-10-05T19:45:00Z,75.3,T-3h,Argentina Primera Division,new_format,Deportivo Riestra,Central Cordoba de Santiago,36,BetVictor,ou,under,2.5,1.43,api_football,change
2026-10-05T18:29:44Z,1493157,2026-10-05T19:45:00Z,75.3,T-3h,Argentina Primera Division,new_format,Deportivo Riestra,Central Cordoba de Santiago,36,BetVictor,ou,over,3.5,6.5,api_football,change
2026-10-05T18:29:44Z,1493157,2026-10-05T19:45:00Z,75.3,T-3h,Argentina Primera Division,new_format,Deportivo Riestra,Central Cordoba de Santiago,36,BetVictor,ou,under,3.5,1.11,api_football,change
2026-10-05T18:29:44Z,1493157,2026-10-05T19:45:00Z,75.3,T-3h,Argentina Primera Division,new_format,Deportivo Riestra,Central Cordoba de Santiago,36,BetVictor,ht_ou,over,1.5,4.1,api_football,change
2026-10-05T18:29:44Z,1493157,2026-10-05T19:45:00Z,75.3,T-3h,Argentina Primera Division,new_format,Deportivo Riestra,Central Cordoba de Santiago,36,BetVictor,ht_ou,under,1.5,1.22,api_football,change
2026-10-05T18:29:44Z,1493157,2026-10-05T19:45:00Z,75.3,T-3h,Argentina Primera Division,new_format,Deportivo Riestra,Central Cordoba de Santiago,36,BetVictor,ht_ou,over,0.5,1.58,api_football,change
2026-10-05T18:29:44Z,1493157,2026-10-05T19:45:00Z,75.3,T-3h,Argentina Primera Division,new_format,Deportivo Riestra,Central Cordoba de Santiago,36,BetVictor,ht_ou,under,0.5,2.19,api_football,change
2026-10-05T18:29:44Z,1493157,2026-10-05T19:45:00Z,75.3,T-3h,Argentina Primera Division,new_format,Deportivo Riestra,Central Cordoba de Santiago,36,BetVictor,btts,yes,,2.38,api_football,change
2026-10-05T18:29:44Z,1493157,2026-10-05T19:45:00Z,75.3,T-3h,Argentina Primera Division,new_format,Deportivo Riestra,Central Cordoba de Santiago,36,BetVictor,btts,no,,1.5,api_football,change
2026-10-05T18:29:44Z,1493157,2026-10-05T19:45:00Z,75.3,T-3h,Argentina Primera Division,new_format,Deportivo Riestra,Central Cordoba de Santiago,4,Pinnacle,ou,over,1.5,1.61,api_football,change
2026-10-05T18:29:44Z,1493157,2026-10-05T19:45:00Z,75.3,T-3h,Argentina Primera Division,new_format,Deportivo Riestra,Central Cordoba de Santiago,4,Pinnacle,ou,under,1.5,2.43,api_football,change
2026-10-05T18:29:44Z,1493157,2026-10-05T19:45:00Z,75.3,T-3h,Argentina Primera Division,new_format,Deportivo Riestra,Central Cordoba de Santiago,4,Pinnacle,ou,over,2.5,2.9,api_football,change
2026-10-05T18:29:44Z,1493157,2026-10-05T19:45:00Z,75.3,T-3h,Argentina Primera Division,new_format,Deportivo Riestra,Central Cordoba de Santiago,4,Pinnacle,ou,under,2.5,1.44,api_football,change
2026-10-05T18:29:44Z,1493157,2026-10-05T19:45:00Z,75.3,T-3h,Argentina Primera Division,new_format,Deportivo Riestra,Central Cordoba de Santiago,4,Pinnacle,ou,over,3.5,6.12,api_football,change
2026-10-05T18:29:44Z,1493157,2026-10-05T19:45:00Z,75.3,T-3h,Argentina Primera Division,new_format,Deportivo Riestra,Central Cordoba de Santiago,4,Pinnacle,ou,under,3.5,1.14,api_football,change
2026-10-05T18:29:44Z,1493157,2026-10-05T19:45:00Z,75.3,T-3h,Argentina Primera Division,new_format,Deportivo Riestra,Central Cordoba de Santiago,4,Pinnacle,ht_ou,over,0.5,1.61,api_football,change
2026-10-05T18:29:44Z,1493157,2026-10-05T19:45:00Z,75.3,T-3h,Argentina Primera Division,new_format,Deportivo Riestra,Central Cordoba de Santiago,4,Pinnacle,ht_ou,under,0.5,2.34,api_football,change
2026-10-05T18:29:44Z,1493157,2026-10-05T19:45:00Z,75.3,T-3h,Argentina Primera Division,new_format,Deportivo Riestra,Central Cordoba de Santiago,5,SBO,ht_ou,over,0.5,1.58,api_football,change
2026-10-05T18:29:44Z,1493157,2026-10-05T19:45:00Z,75.3,T-3h,Argentina Primera Division,new_format,Deportivo Riestra,Central Cordoba de Santiago,5,SBO,ht_ou,under,0.5,2.35,api_football,change
2026-10-05T18:29:44Z,1493157,2026-10-05T19:45:00Z,75.3,T-3h,Argentina Primera Division,new_format,Deportivo Riestra,Central Cordoba de Santiago,32,Betano,ou,over,1.5,1.6,api_football,change
2026-10-05T18:29:44Z,1493157,2026-10-05T19:45:00Z,75.3,T-3h,Argentina Primera Division,new_format,Deportivo Riestra,Central Cordoba de Santiago,32,Betano,ou,under,1.5,2.4,api_football,change
2026-10-05T18:29:44Z,1493157,2026-10-05T19:45:00Z,75.3,T-3h,Argentina Primera Division,new_format,Deportivo Riestra,Central Cordoba de Santiago,32,Betano,ou,over,2.5,2.8,api_football,change
2026-10-05T18:29:44Z,1493157,2026-10-05T19:45:00Z,75.3,T-3h,Argentina Primera Division,new_format,Deportivo Riestra,Central Cordoba de Santiago,32,Betano,ou,under,2.5,1.47,api_football,change
2026-10-05T18:29:44Z,1493157,2026-10-05T19:45:00Z,75.3,T-3h,Argentina Primera Division,new_format,Deportivo Riestra,Central Cordoba de Santiago,32,Betano,ou,over,3.5,5.3,api_football,change
2026-10-05T18:29:44Z,1493157,2026-10-05T19:45:00Z,75.3,T-3h,Argentina Primera Division,new_format,Deportivo Riestra,Central Cordoba de Santiago,32,Betano,ou,under,3.5,1.16,api_football,change
2026-10-05T18:29:44Z,1493157,2026-10-05T19:45:00Z,75.3,T-3h,Argentina Primera Division,new_format,Deportivo Riestra,Central Cordoba de Santiago,32,Betano,ht_ou,over,1.5,4.0,api_football,change
2026-10-05T18:29:44Z,1493157,2026-10-05T19:45:00Z,75.3,T-3h,Argentina Primera Division,new_format,Deportivo Riestra,Central Cordoba de Santiago,32,Betano,ht_ou,under,1.5,1.25,api_football,change
2026-10-05T18:29:44Z,1493157,2026-10-05T19:45:00Z,75.3,T-3h,Argentina Primera Division,new_format,Deportivo Riestra,Central Cordoba de Santiago,32,Betano,ht_ou,over,0.5,1.67,api_football,change
2026-10-05T18:29:44Z,1493157,2026-10-05T19:45:00Z,75.3,T-3h,Argentina Primera Division,new_format,Deportivo Riestra,Central Cordoba de Santiago,32,Betano,ht_ou,under,0.5,2.22,api_football,change
2026-10-05T18:29:44Z,1493157,2026-10-05T19:45:00Z,75.3,T-3h,Argentina Primera Division,new_format,Deportivo Riestra,Central Cordoba de Santiago,32,Betano,btts,yes,,2.35,api_football,change
2026-10-05T18:29:44Z,1493157,2026-10-05T19:45:00Z,75.3,T-3h,Argentina Primera Division,new_format,Deportivo Riestra,Central Cordoba de Santiago,32,Betano,btts,no,,1.55,api_football,change
2026-10-05T18:29:44Z,1493166,2026-10-05T22:00:00Z,210.3,T-6h,Argentina Primera Division,new_format,Velez Sarsfield,Platense,7,William Hill,ht_ou,over,1.5,3.6,api_football,change
2026-10-05T18:29:44Z,1493166,2026-10-05T22:00:00Z,210.3,T-6h,Argentina Primera Division,new_format,Velez Sarsfield,Platense,7,William Hill,ht_ou,under,1.5,1.25,api_football,change
2026-10-05T18:29:44Z,1493166,2026-10-05T22:00:00Z,210.3,T-6h,Argentina Primera Division,new_format,Velez Sarsfield,Platense,7,William Hill,ht_ou,over,0.5,1.55,api_football,change
2026-10-05T18:29:44Z,1493166,2026-10-05T22:00:00Z,210.3,T-6h,Argentina Primera Division,new_format,Velez Sarsfield,Platense,7,William Hill,ht_ou,under,0.5,2.38,api_football,change
2026-10-05T18:29:44Z,1493166,2026-10-05T22:00:00Z,210.3,T-6h,Argentina Primera Division,new_format,Velez Sarsfield,Platense,7,William Hill,btts,yes,,2.3,api_football,change
2026-10-05T18:29:44Z,1493166,2026-10-05T22:00:00Z,210.3,T-6h,Argentina Primera Division,new_format,Velez Sarsfield,Platense,7,William Hill,btts,no,,1.57,api_football,change
2026-10-05T18:29:44Z,1493166,2026-10-05T22:00:00Z,210.3,T-6h,Argentina Primera Division,new_format,Velez Sarsfield,Platense,8,Bet365,ou,over,1.5,1.53,api_football,change
2026-10-05T18:29:44Z,1493166,2026-10-05T22:00:00Z,210.3,T-6h,Argentina Primera Division,new_format,Velez Sarsfield,Platense,8,Bet365,ou,under,1.5,2.38,api_football,change
2026-10-05T18:29:44Z,1493166,2026-10-05T22:00:00Z,210.3,T-6h,Argentina Primera Division,new_format,Velez Sarsfield,Platense,8,Bet365,ou,over,2.5,2.7,api_football,change
2026-10-05T18:29:44Z,1493166,2026-10-05T22:00:00Z,210.3,T-6h,Argentina Primera Division,new_format,Velez Sarsfield,Platense,8,Bet365,ou,under,2.5,1.44,api_football,change
2026-10-05T18:29:44Z,1493166,2026-10-05T22:00:00Z,210.3,T-6h,Argentina Primera Division,new_format,Velez Sarsfield,Platense,8,Bet365,ou,over,3.5,5.5,api_football,change
2026-10-05T18:29:44Z,1493166,2026-10-05T22:00:00Z,210.3,T-6h,Argentina Primera Division,new_format,Velez Sarsfield,Platense,8,Bet365,ou,under,3.5,1.14,api_football,change
2026-10-05T18:29:44Z,1493166,2026-10-05T22:00:00Z,210.3,T-6h,Argentina Primera Division,new_format,Velez Sarsfield,Platense,8,Bet365,ht_ou,over,1.5,4.0,api_football,change
2026-10-05T18:29:44Z,1493166,2026-10-05T22:00:00Z,210.3,T-6h,Argentina Primera Division,new_format,Velez Sarsfield,Platense,8,Bet365,ht_ou,under,1.5,1.22,api_football,change
2026-10-05T18:29:44Z,1493166,2026-10-05T22:00:00Z,210.3,T-6h,Argentina Primera Division,new_format,Velez Sarsfield,Platense,8,Bet365,ht_ou,over,0.5,1.62,api_football,change
2026-10-05T18:29:44Z,1493166,2026-10-05T22:00:00Z,210.3,T-6h,Argentina Primera Division,new_format,Velez Sarsfield,Platense,8,Bet365,ht_ou,under,0.5,2.2,api_football,change
2026-10-05T18:29:44Z,1493166,2026-10-05T22:00:00Z,210.3,T-6h,Argentina Primera Division,new_format,Velez Sarsfield,Platense,8,Bet365,btts,yes,,2.5,api_football,change
2026-10-05T18:29:44Z,1493166,2026-10-05T22:00:00Z,210.3,T-6h,Argentina Primera Division,new_format,Velez Sarsfield,Platense,8,Bet365,btts,no,,1.5,api_football,change
2026-10-05T18:29:44Z,1493166,2026-10-05T22:00:00Z,210.3,T-6h,Argentina Primera Division,new_format,Velez Sarsfield,Platense,2,Marathonbet,ou,over,1.5,1.59,api_football,change
2026-10-05T18:29:44Z,1493166,2026-10-05T22:00:00Z,210.3,T-6h,Argentina Primera Division,new_format,Velez Sarsfield,Platense,2,Marathonbet,ou,under,1.5,2.27,api_football,change
2026-10-05T18:29:44Z,1493166,2026-10-05T22:00:00Z,210.3,T-6h,Argentina Primera Division,new_format,Velez Sarsfield,Platense,2,Marathonbet,ou,over,2.5,2.66,api_football,change
2026-10-05T18:29:44Z,1493166,2026-10-05T22:00:00Z,210.3,T-6h,Argentina Primera Division,new_format,Velez Sarsfield,Platense,2,Marathonbet,ou,under,2.5,1.37,api_football,change
2026-10-05T18:29:44Z,1493166,2026-10-05T22:00:00Z,210.3,T-6h,Argentina Primera Division,new_format,Velez Sarsfield,Platense,2,Marathonbet,ou,over,3.5,5.3,api_football,change
2026-10-05T18:29:44Z,1493166,2026-10-05T22:00:00Z,210.3,T-6h,Argentina Primera Division,new_format,Velez Sarsfield,Platense,2,Marathonbet,ou,under,3.5,1.09,api_football,change
2026-10-05T18:29:44Z,1493166,2026-10-05T22:00:00Z,210.3,T-6h,Argentina Primera Division,new_format,Velez Sarsfield,Platense,2,Marathonbet,ht_ou,over,1.5,3.55,api_football,change
2026-10-05T18:29:44Z,1493166,2026-10-05T22:00:00Z,210.3,T-6h,Argentina Primera Division,new_format,Velez Sarsfield,Platense,2,Marathonbet,ht_ou,under,1.5,1.22,api_football,change
2026-10-05T18:29:44Z,1493166,2026-10-05T22:00:00Z,210.3,T-6h,Argentina Primera Division,new_format,Velez Sarsfield,Platense,2,Marathonbet,ht_ou,over,0.5,1.58,api_football,change
2026-10-05T18:29:44Z,1493166,2026-10-05T22:00:00Z,210.3,T-6h,Argentina Primera Division,new_format,Velez Sarsfield,Platense,2,Marathonbet,ht_ou,under,0.5,2.25,api_football,change
2026-10-05T18:29:44Z,1493166,2026-10-05T22:00:00Z,210.3,T-6h,Argentina Primera Division,new_format,Velez Sarsfield,Platense,2,Marathonbet,btts,yes,,2.38,api_football,change
2026-10-05T18:29:44Z,1493166,2026-10-05T22:00:00Z,210.3,T-6h,Argentina Primera Division,new_format,Velez Sarsfield,Platense,2,Marathonbet,btts,no,,1.5,api_football,change
2026-10-05T18:29:44Z,1493166,2026-10-05T22:00:00Z,210.3,T-6h,Argentina Primera Division,new_format,Velez Sarsfield,Platense,3,Betfair,ou,over,1.5,1.53,api_football,change
2026-10-05T18:29:44Z,1493166,2026-10-05T22:00:00Z,210.3,T-6h,Argentina Primera Division,new_format,Velez Sarsfield,Platense,3,Betfair,ou,under,1.5,2.45,api_football,change
2026-10-05T18:29:44Z,1493166,2026-10-05T22:00:00Z,210.3,T-6h,Argentina Primera Division,new_format,Velez Sarsfield,Platense,3,Betfair,ou,over,2.5,2.7,api_football,change
2026-10-05T18:29:44Z,1493166,2026-10-05T22:00:00Z,210.3,T-6h,Argentina Primera Division,new_format,Velez Sarsfield,Platense,3,Betfair,ou,under,2.5,1.44,api_football,change
2026-10-05T18:29:44Z,1493166,2026-10-05T22:00:00Z,210.3,T-6h,Argentina Primera Division,new_format,Velez Sarsfield,Platense,3,Betfair,ou,over,3.5,6.0,api_football,change
2026-10-05T18:29:44Z,1493166,2026-10-05T22:00:00Z,210.3,T-6h,Argentina Primera Division,new_format,Velez Sarsfield,Platense,3,Betfair,ou,under,3.5,1.13,api_football,change
2026-10-05T18:29:44Z,1493166,2026-10-05T22:00:00Z,210.3,T-6h,Argentina Primera Division,new_format,Velez Sarsfield,Platense,3,Betfair,ht_ou,over,1.5,3.8,api_football,change
2026-10-05T18:29:44Z,1493166,2026-10-05T22:00:00Z,210.3,T-6h,Argentina Primera Division,new_format,Velez Sarsfield,Platense,3,Betfair,ht_ou,under,1.5,1.22,api_football,change
2026-10-05T18:29:44Z,1493166,2026-10-05T22:00:00Z,210.3,T-6h,Argentina Primera Division,new_format,Velez Sarsfield,Platense,3,Betfair,ht_ou,over,0.5,1.5,api_football,change
2026-10-05T18:29:44Z,1493166,2026-10-05T22:00:00Z,210.3,T-6h,Argentina Primera Division,new_format,Velez Sarsfield,Platense,3,Betfair,ht_ou,under,0.5,2.4,api_football,change
2026-10-05T18:29:44Z,1493166,2026-10-05T22:00:00Z,210.3,T-6h,Argentina Primera Division,new_format,Velez Sarsfield,Platense,3,Betfair,btts,yes,,2.38,api_football,change
2026-10-05T18:29:44Z,1493166,2026-10-05T22:00:00Z,210.3,T-6h,Argentina Primera Division,new_format,Velez Sarsfield,Platense,3,Betfair,btts,no,,1.57,api_football,change
2026-10-05T18:29:44Z,1493166,2026-10-05T22:00:00Z,210.3,T-6h,Argentina Primera Division,new_format,Velez Sarsfield,Platense,36,BetVictor,ou,over,1.5,1.57,api_football,change
2026-10-05T18:29:44Z,1493166,2026-10-05T22:00:00Z,210.3,T-6h,Argentina Primera Division,new_format,Velez Sarsfield,Platense,36,BetVictor,ou,under,1.5,2.21,api_football,change
2026-10-05T18:29:44Z,1493166,2026-10-05T22:00:00Z,210.3,T-6h,Argentina Primera Division,new_format,Velez Sarsfield,Platense,36,BetVictor,ou,over,2.5,2.9,api_football,change
2026-10-05T18:29:44Z,1493166,2026-10-05T22:00:00Z,210.3,T-6h,Argentina Primera Division,new_format,Velez Sarsfield,Platense,36,BetVictor,ou,under,2.5,1.4,api_football,change
2026-10-05T18:29:44Z,1493166,2026-10-05T22:00:00Z,210.3,T-6h,Argentina Primera Division,new_format,Velez Sarsfield,Platense,36,BetVictor,ou,over,3.5,6.5,api_football,change
2026-10-05T18:29:44Z,1493166,2026-10-05T22:00:00Z,210.3,T-6h,Argentina Primera Division,new_format,Velez Sarsfield,Platense,36,BetVictor,ou,under,3.5,1.1,api_football,change
2026-10-05T18:29:44Z,1493166,2026-10-05T22:00:00Z,210.3,T-6h,Argentina Primera Division,new_format,Velez Sarsfield,Platense,36,BetVictor,ht_ou,over,1.5,4.1,api_football,change
2026-10-05T18:29:44Z,1493166,2026-10-05T22:00:00Z,210.3,T-6h,Argentina Primera Division,new_format,Velez Sarsfield,Platense,36,BetVictor,ht_ou,under,1.5,1.22,api_football,change
2026-10-05T18:29:44Z,1493166,2026-10-05T22:00:00Z,210.3,T-6h,Argentina Primera Division,new_format,Velez Sarsfield,Platense,36,BetVictor,ht_ou,over,0.5,1.59,api_football,change
2026-10-05T18:29:44Z,1493166,2026-10-05T22:00:00Z,210.3,T-6h,Argentina Primera Division,new_format,Velez Sarsfield,Platense,36,BetVictor,ht_ou,under,0.5,2.17,api_football,change
2026-10-05T18:29:44Z,1493166,2026-10-05T22:00:00Z,210.3,T-6h,Argentina Primera Division,new_format,Velez Sarsfield,Platense,36,BetVictor,btts,yes,,2.4,api_football,change
2026-10-05T18:29:44Z,1493166,2026-10-05T22:00:00Z,210.3,T-6h,Argentina Primera Division,new_format,Velez Sarsfield,Platense,36,BetVictor,btts,no,,1.5,api_football,change
2026-10-05T18:29:44Z,1493166,2026-10-05T22:00:00Z,210.3,T-6h,Argentina Primera Division,new_format,Velez Sarsfield,Platense,4,Pinnacle,ou,over,1.5,1.59,api_football,change
2026-10-05T18:29:44Z,1493166,2026-10-05T22:00:00Z,210.3,T-6h,Argentina Primera Division,new_format,Velez Sarsfield,Platense,4,Pinnacle,ou,under,1.5,2.45,api_football,change
2026-10-05T18:29:44Z,1493166,2026-10-05T22:00:00Z,210.3,T-6h,Argentina Primera Division,new_format,Velez Sarsfield,Platense,4,Pinnacle,ou,over,2.5,2.87,api_football,change
2026-10-05T18:29:44Z,1493166,2026-10-05T22:00:00Z,210.3,T-6h,Argentina Primera Division,new_format,Velez Sarsfield,Platense,4,Pinnacle,ou,under,2.5,1.45,api_football,change
2026-10-05T18:29:44Z,1493166,2026-10-05T22:00:00Z,210.3,T-6h,Argentina Primera Division,new_format,Velez Sarsfield,Platense,4,Pinnacle,ou,over,3.5,6.01,api_football,change
2026-10-05T18:29:44Z,1493166,2026-10-05T22:00:00Z,210.3,T-6h,Argentina Primera Division,new_format,Velez Sarsfield,Platense,4,Pinnacle,ou,under,3.5,1.15,api_football,change
2026-10-05T18:29:44Z,1493166,2026-10-05T22:00:00Z,210.3,T-6h,Argentina Primera Division,new_format,Velez Sarsfield,Platense,4,Pinnacle,ht_ou,over,0.5,1.61,api_football,change
2026-10-05T18:29:44Z,1493166,2026-10-05T22:00:00Z,210.3,T-6h,Argentina Primera Division,new_format,Velez Sarsfield,Platense,4,Pinnacle,ht_ou,under,0.5,2.34,api_football,change
2026-10-05T18:29:44Z,1493166,2026-10-05T22:00:00Z,210.3,T-6h,Argentina Primera Division,new_format,Velez Sarsfield,Platense,5,SBO,ou,over,1.5,1.62,api_football,change
2026-10-05T18:29:44Z,1493166,2026-10-05T22:00:00Z,210.3,T-6h,Argentina Primera Division,new_format,Velez Sarsfield,Platense,5,SBO,ou,under,1.5,2.28,api_football,change
2026-10-05T18:29:44Z,1493166,2026-10-05T22:00:00Z,210.3,T-6h,Argentina Primera Division,new_format,Velez Sarsfield,Platense,5,SBO,ht_ou,over,0.5,1.61,api_football,change
2026-10-05T18:29:44Z,1493166,2026-10-05T22:00:00Z,210.3,T-6h,Argentina Primera Division,new_format,Velez Sarsfield,Platense,5,SBO,ht_ou,under,0.5,2.29,api_football,change
2026-10-05T18:29:44Z,1493166,2026-10-05T22:00:00Z,210.3,T-6h,Argentina Primera Division,new_format,Velez Sarsfield,Platense,11,1xBet,ou,over,1.5,1.62,api_football,change
2026-10-05T18:29:44Z,1493166,2026-10-05T22:00:00Z,210.3,T-6h,Argentina Primera Division,new_format,Velez Sarsfield,Platense,11,1xBet,ou,under,1.5,2.31,api_football,change
2026-10-05T18:29:44Z,1493166,2026-10-05T22:00:00Z,210.3,T-6h,Argentina Primera Division,new_format,Velez Sarsfield,Platense,11,1xBet,ou,over,2.5,2.66,api_football,change
2026-10-05T18:29:44Z,1493166,2026-10-05T22:00:00Z,210.3,T-6h,Argentina Primera Division,new_format,Velez Sarsfield,Platense,11,1xBet,ou,under,2.5,1.37,api_football,change
2026-10-05T18:29:44Z,1493166,2026-10-05T22:00:00Z,210.3,T-6h,Argentina Primera Division,new_format,Velez Sarsfield,Platense,11,1xBet,ou,over,3.5,5.3,api_football,change
2026-10-05T18:29:44Z,1493166,2026-10-05T22:00:00Z,210.3,T-6h,Argentina Primera Division,new_format,Velez Sarsfield,Platense,11,1xBet,ou,under,3.5,1.09,api_football,change
2026-10-05T18:29:44Z,1493166,2026-10-05T22:00:00Z,210.3,T-6h,Argentina Primera Division,new_format,Velez Sarsfield,Platense,11,1xBet,ht_ou,over,1.5,3.55,api_football,change
2026-10-05T18:29:44Z,1493166,2026-10-05T22:00:00Z,210.3,T-6h,Argentina Primera Division,new_format,Velez Sarsfield,Platense,11,1xBet,ht_ou,under,1.5,1.22,api_football,change
2026-10-05T18:29:44Z,1493166,2026-10-05T22:00:00Z,210.3,T-6h,Argentina Primera Division,new_format,Velez Sarsfield,Platense,11,1xBet,ht_ou,over,0.5,1.58,api_football,change
2026-10-05T18:29:44Z,1493166,2026-10-05T22:00:00Z,210.3,T-6h,Argentina Primera Division,new_format,Velez Sarsfield,Platense,11,1xBet,ht_ou,under,0.5,2.25,api_football,change
2026-10-05T18:29:44Z,1493166,2026-10-05T22:00:00Z,210.3,T-6h,Argentina Primera Division,new_format,Velez Sarsfield,Platense,11,1xBet,btts,yes,,2.38,api_football,change
2026-10-05T18:29:44Z,1493166,2026-10-05T22:00:00Z,210.3,T-6h,Argentina Primera Division,new_format,Velez Sarsfield,Platense,11,1xBet,btts,no,,1.52,api_football,change
2026-10-05T18:29:44Z,1493166,2026-10-05T22:00:00Z,210.3,T-6h,Argentina Primera Division,new_format,Velez Sarsfield,Platense,32,Betano,ou,over,1.5,1.62,api_football,change
2026-10-05T18:29:44Z,1493166,2026-10-05T22:00:00Z,210.3,T-6h,Argentina Primera Division,new_format,Velez Sarsfield,Platense,32,Betano,ou,under,1.5,2.37,api_football,change
2026-10-05T18:29:44Z,1493166,2026-10-05T22:00:00Z,210.3,T-6h,Argentina Primera Division,new_format,Velez Sarsfield,Platense,32,Betano,ou,over,2.5,2.85,api_football,change
2026-10-05T18:29:44Z,1493166,2026-10-05T22:00:00Z,210.3,T-6h,Argentina Primera Division,new_format,Velez Sarsfield,Platense,32,Betano,ou,under,2.5,1.45,api_football,change
2026-10-05T18:29:44Z,1493166,2026-10-05T22:00:00Z,210.3,T-6h,Argentina Primera Division,new_format,Velez Sarsfield,Platense,32,Betano,ou,over,3.5,5.5,api_football,change
2026-10-05T18:29:44Z,1493166,2026-10-05T22:00:00Z,210.3,T-6h,Argentina Primera Division,new_format,Velez Sarsfield,Platense,32,Betano,ou,under,3.5,1.15,api_football,change
2026-10-05T18:29:44Z,1493166,2026-10-05T22:00:00Z,210.3,T-6h,Argentina Primera Division,new_format,Velez Sarsfield,Platense,32,Betano,ht_ou,over,1.5,4.05,api_football,change
2026-10-05T18:29:44Z,1493166,2026-10-05T22:00:00Z,210.3,T-6h,Argentina Primera Division,new_format,Velez Sarsfield,Platense,32,Betano,ht_ou,under,1.5,1.25,api_football,change
2026-10-05T18:29:44Z,1493166,2026-10-05T22:00:00Z,210.3,T-6h,Argentina Primera Division,new_format,Velez Sarsfield,Platense,32,Betano,ht_ou,over,0.5,1.67,api_football,change
2026-10-05T18:29:44Z,1493166,2026-10-05T22:00:00Z,210.3,T-6h,Argentina Primera Division,new_format,Velez Sarsfield,Platense,32,Betano,ht_ou,under,0.5,2.2,api_football,change
2026-10-05T18:29:44Z,1493166,2026-10-05T22:00:00Z,210.3,T-6h,Argentina Primera Division,new_format,Velez Sarsfield,Platense,32,Betano,btts,yes,,2.37,api_football,change
2026-10-05T18:29:44Z,1493166,2026-10-05T22:00:00Z,210.3,T-6h,Argentina Primera Division,new_format,Velez Sarsfield,Platense,32,Betano,btts,no,,1.55,api_football,change
2026-10-05T18:29:44Z,1493158,2026-10-05T22:00:00Z,210.3,T-6h,Argentina Primera Division,new_format,Estudiantes L.P.,Gimnasia M.,7,William Hill,ht_ou,under,0.5,2.62,api_football,change
2026-10-05T18:29:44Z,1493158,2026-10-05T22:00:00Z,210.3,T-6h,Argentina Primera Division,new_format,Estudiantes L.P.,Gimnasia M.,8,Bet365,ou,over,2.5,2.15,api_football,change
2026-10-05T18:29:44Z,1493158,2026-10-05T22:00:00Z,210.3,T-6h,Argentina Primera Division,new_format,Estudiantes L.P.,Gimnasia M.,8,Bet365,ou,under,2.5,1.67,api_football,change
2026-10-05T18:29:44Z,1493158,2026-10-05T22:00:00Z,210.3,T-6h,Argentina Primera Division,new_format,Estudiantes L.P.,Gimnasia M.,8,Bet365,ou,over,3.5,3.75,api_football,change
2026-10-05T18:29:44Z,1493158,2026-10-05T22:00:00Z,210.3,T-6h,Argentina Primera Division,new_format,Estudiantes L.P.,Gimnasia M.,8,Bet365,ou,under,3.5,1.25,api_football,change
2026-10-05T18:29:44Z,1493158,2026-10-05T22:00:00Z,210.3,T-6h,Argentina Primera Division,new_format,Estudiantes L.P.,Gimnasia M.,8,Bet365,btts,yes,,2.1,api_football,change
2026-10-05T18:29:44Z,1493158,2026-10-05T22:00:00Z,210.3,T-6h,Argentina Primera Division,new_format,Estudiantes L.P.,Gimnasia M.,8,Bet365,btts,no,,1.67,api_football,change
2026-10-05T18:29:44Z,1493158,2026-10-05T22:00:00Z,210.3,T-6h,Argentina Primera Division,new_format,Estudiantes L.P.,Gimnasia M.,3,Betfair,ou,over,1.5,1.36,api_football,change
2026-10-05T18:29:44Z,1493158,2026-10-05T22:00:00Z,210.3,T-6h,Argentina Primera Division,new_format,Estudiantes L.P.,Gimnasia M.,3,Betfair,ou,under,1.5,3.1,api_football,change
2026-10-05T18:29:44Z,1493158,2026-10-05T22:00:00Z,210.3,T-6h,Argentina Primera Division,new_format,Estudiantes L.P.,Gimnasia M.,3,Betfair,ou,over,2.5,2.15,api_football,change
2026-10-05T18:29:44Z,1493158,2026-10-05T22:00:00Z,210.3,T-6h,Argentina Primera Division,new_format,Estudiantes L.P.,Gimnasia M.,3,Betfair,ou,under,2.5,1.67,api_football,change
2026-10-05T18:29:44Z,1493158,2026-10-05T22:00:00Z,210.3,T-6h,Argentina Primera Division,new_format,Estudiantes L.P.,Gimnasia M.,3,Betfair,ou,over,3.5,4.1,api_football,change
2026-10-05T18:29:44Z,1493158,2026-10-05T22:00:00Z,210.3,T-6h,Argentina Primera Division,new_format,Estudiantes L.P.,Gimnasia M.,3,Betfair,btts,yes,,2.05,api_football,change
2026-10-05T18:29:44Z,1493158,2026-10-05T22:00:00Z,210.3,T-6h,Argentina Primera Division,new_format,Estudiantes L.P.,Gimnasia M.,3,Betfair,btts,no,,1.75,api_football,change
2026-10-05T18:29:44Z,1493158,2026-10-05T22:00:00Z,210.3,T-6h,Argentina Primera Division,new_format,Estudiantes L.P.,Gimnasia M.,36,BetVictor,ou,over,2.5,2.08,api_football,change
2026-10-05T18:29:44Z,1493158,2026-10-05T22:00:00Z,210.3,T-6h,Argentina Primera Division,new_format,Estudiantes L.P.,Gimnasia M.,36,BetVictor,ou,over,3.5,4.2,api_football,change
2026-10-05T18:29:44Z,1493158,2026-10-05T22:00:00Z,210.3,T-6h,Argentina Primera Division,new_format,Estudiantes L.P.,Gimnasia M.,36,BetVictor,ou,under,3.5,1.22,api_football,change
2026-10-05T18:29:44Z,1493158,2026-10-05T22:00:00Z,210.3,T-6h,Argentina Primera Division,new_format,Estudiantes L.P.,Gimnasia M.,36,BetVictor,ht_ou,over,1.5,2.91,api_football,change
2026-10-05T18:29:44Z,1493158,2026-10-05T22:00:00Z,210.3,T-6h,Argentina Primera Division,new_format,Estudiantes L.P.,Gimnasia M.,36,BetVictor,ht_ou,under,1.5,1.34,api_football,change
2026-10-05T18:29:44Z,1493158,2026-10-05T22:00:00Z,210.3,T-6h,Argentina Primera Division,new_format,Estudiantes L.P.,Gimnasia M.,36,BetVictor,ht_ou,over,0.5,1.46,api_football,change
2026-10-05T18:29:44Z,1493158,2026-10-05T22:00:00Z,210.3,T-6h,Argentina Primera Division,new_format,Estudiantes L.P.,Gimnasia M.,36,BetVictor,ht_ou,under,0.5,2.48,api_football,change
2026-10-05T18:29:44Z,1493158,2026-10-05T22:00:00Z,210.3,T-6h,Argentina Primera Division,new_format,Estudiantes L.P.,Gimnasia M.,36,BetVictor,btts,yes,,2.05,api_football,change
2026-10-05T18:29:44Z,1493158,2026-10-05T22:00:00Z,210.3,T-6h,Argentina Primera Division,new_format,Estudiantes L.P.,Gimnasia M.,36,BetVictor,btts,no,,1.67,api_football,change
2026-10-05T18:29:44Z,1493158,2026-10-05T22:00:00Z,210.3,T-6h,Argentina Primera Division,new_format,Estudiantes L.P.,Gimnasia M.,4,Pinnacle,ou,over,1.5,1.39,api_football,change
2026-10-05T18:29:44Z,1493158,2026-10-05T22:00:00Z,210.3,T-6h,Argentina Primera Division,new_format,Estudiantes L.P.,Gimnasia M.,4,Pinnacle,ou,under,1.5,3.09,api_football,change
2026-10-05T18:29:44Z,1493158,2026-10-05T22:00:00Z,210.3,T-6h,Argentina Primera Division,new_format,Estudiantes L.P.,Gimnasia M.,4,Pinnacle,ou,over,2.5,2.24,api_football,change
2026-10-05T18:29:44Z,1493158,2026-10-05T22:00:00Z,210.3,T-6h,Argentina Primera Division,new_format,Estudiantes L.P.,Gimnasia M.,4,Pinnacle,ou,under,2.5,1.7,api_football,change
2026-10-05T18:29:44Z,1493158,2026-10-05T22:00:00Z,210.3,T-6h,Argentina Primera Division,new_format,Estudiantes L.P.,Gimnasia M.,4,Pinnacle,ou,over,3.5,4.26,api_football,change
2026-10-05T18:29:44Z,1493158,2026-10-05T22:00:00Z,210.3,T-6h,Argentina Primera Division,new_format,Estudiantes L.P.,Gimnasia M.,4,Pinnacle,ou,under,3.5,1.24,api_football,change
2026-10-05T18:29:44Z,1493158,2026-10-05T22:00:00Z,210.3,T-6h,Argentina Primera Division,new_format,Estudiantes L.P.,Gimnasia M.,4,Pinnacle,ht_ou,over,1.5,3.34,api_football,change
2026-10-05T18:29:44Z,1493158,2026-10-05T22:00:00Z,210.3,T-6h,Argentina Primera Division,new_format,Estudiantes L.P.,Gimnasia M.,4,Pinnacle,ht_ou,over,0.5,1.47,api_football,change
2026-10-05T18:29:44Z,1493158,2026-10-05T22:00:00Z,210.3,T-6h,Argentina Primera Division,new_format,Estudiantes L.P.,Gimnasia M.,4,Pinnacle,ht_ou,under,0.5,2.72,api_football,change
2026-10-05T18:29:44Z,1493158,2026-10-05T22:00:00Z,210.3,T-6h,Argentina Primera Division,new_format,Estudiantes L.P.,Gimnasia M.,5,SBO,ou,over,2.5,2.25,api_football,change
2026-10-05T18:29:44Z,1493158,2026-10-05T22:00:00Z,210.3,T-6h,Argentina Primera Division,new_format,Estudiantes L.P.,Gimnasia M.,5,SBO,ou,under,2.5,1.64,api_football,change
2026-10-05T18:29:44Z,1493158,2026-10-05T22:00:00Z,210.3,T-6h,Argentina Primera Division,new_format,Estudiantes L.P.,Gimnasia M.,32,Betano,ou,over,1.5,1.42,api_football,change
2026-10-05T18:29:44Z,1493158,2026-10-05T22:00:00Z,210.3,T-6h,Argentina Primera Division,new_format,Estudiantes L.P.,Gimnasia M.,32,Betano,ou,under,1.5,3.0,api_football,change
2026-10-05T18:29:44Z,1493158,2026-10-05T22:00:00Z,210.3,T-6h,Argentina Primera Division,new_format,Estudiantes L.P.,Gimnasia M.,32,Betano,ou,over,2.5,2.22,api_football,change
2026-10-05T18:29:44Z,1493158,2026-10-05T22:00:00Z,210.3,T-6h,Argentina Primera Division,new_format,Estudiantes L.P.,Gimnasia M.,32,Betano,ou,under,2.5,1.7,api_football,change
2026-10-05T18:29:44Z,1493158,2026-10-05T22:00:00Z,210.3,T-6h,Argentina Primera Division,new_format,Estudiantes L.P.,Gimnasia M.,32,Betano,ou,over,3.5,3.95,api_football,change
2026-10-05T18:29:44Z,1493158,2026-10-05T22:00:00Z,210.3,T-6h,Argentina Primera Division,new_format,Estudiantes L.P.,Gimnasia M.,32,Betano,ou,under,3.5,1.26,api_football,change
2026-10-05T18:29:44Z,1493158,2026-10-05T22:00:00Z,210.3,T-6h,Argentina Primera Division,new_format,Estudiantes L.P.,Gimnasia M.,32,Betano,ht_ou,over,1.5,3.25,api_football,change
2026-10-05T18:29:44Z,1493158,2026-10-05T22:00:00Z,210.3,T-6h,Argentina Primera Division,new_format,Estudiantes L.P.,Gimnasia M.,32,Betano,ht_ou,under,1.5,1.35,api_football,change
2026-10-05T18:29:44Z,1493158,2026-10-05T22:00:00Z,210.3,T-6h,Argentina Primera Division,new_format,Estudiantes L.P.,Gimnasia M.,32,Betano,ht_ou,over,0.5,1.5,api_football,change
2026-10-05T18:29:44Z,1493158,2026-10-05T22:00:00Z,210.3,T-6h,Argentina Primera Division,new_format,Estudiantes L.P.,Gimnasia M.,32,Betano,ht_ou,under,0.5,2.6,api_football,change
2026-10-05T18:29:44Z,1493154,2026-10-06T00:15:00Z,345.3,T-6h,Argentina Primera Division,new_format,Banfield,Rosario Central,8,Bet365,ou,over,2.5,2.25,api_football,change
2026-10-05T18:29:44Z,1493154,2026-10-06T00:15:00Z,345.3,T-6h,Argentina Primera Division,new_format,Banfield,Rosario Central,8,Bet365,ou,under,2.5,1.62,api_football,change
2026-10-05T18:29:44Z,1493154,2026-10-06T00:15:00Z,345.3,T-6h,Argentina Primera Division,new_format,Banfield,Rosario Central,36,BetVictor,ou,over,1.5,1.4,api_football,change
2026-10-05T18:29:44Z,1493154,2026-10-06T00:15:00Z,345.3,T-6h,Argentina Primera Division,new_format,Banfield,Rosario Central,36,BetVictor,ou,under,1.5,2.9,api_football,change
2026-10-05T18:29:44Z,1493154,2026-10-06T00:15:00Z,345.3,T-6h,Argentina Primera Division,new_format,Banfield,Rosario Central,36,BetVictor,ou,over,2.5,2.14,api_football,change
2026-10-05T18:29:44Z,1493154,2026-10-06T00:15:00Z,345.3,T-6h,Argentina Primera Division,new_format,Banfield,Rosario Central,36,BetVictor,ou,under,2.5,1.61,api_football,change
2026-10-05T18:29:44Z,1493154,2026-10-06T00:15:00Z,345.3,T-6h,Argentina Primera Division,new_format,Banfield,Rosario Central,36,BetVictor,ht_ou,over,1.5,2.96,api_football,change
2026-10-05T18:29:44Z,1493154,2026-10-06T00:15:00Z,345.3,T-6h,Argentina Primera Division,new_format,Banfield,Rosario Central,36,BetVictor,ht_ou,under,1.5,1.33,api_football,change
2026-10-05T18:29:44Z,1493154,2026-10-06T00:15:00Z,345.3,T-6h,Argentina Primera Division,new_format,Banfield,Rosario Central,36,BetVictor,ht_ou,over,0.5,1.47,api_football,change
2026-10-05T18:29:44Z,1493154,2026-10-06T00:15:00Z,345.3,T-6h,Argentina Primera Division,new_format,Banfield,Rosario Central,36,BetVictor,ht_ou,under,0.5,2.44,api_football,change
2026-10-05T18:29:44Z,1493154,2026-10-06T00:15:00Z,345.3,T-6h,Argentina Primera Division,new_format,Banfield,Rosario Central,36,BetVictor,btts,yes,,2.0,api_football,change
2026-10-05T18:29:44Z,1493154,2026-10-06T00:15:00Z,345.3,T-6h,Argentina Primera Division,new_format,Banfield,Rosario Central,36,BetVictor,btts,no,,1.73,api_football,change
2026-10-05T18:29:44Z,1493154,2026-10-06T00:15:00Z,345.3,T-6h,Argentina Primera Division,new_format,Banfield,Rosario Central,4,Pinnacle,ou,over,1.5,1.42,api_football,change
2026-10-05T18:29:44Z,1493154,2026-10-06T00:15:00Z,345.3,T-6h,Argentina Primera Division,new_format,Banfield,Rosario Central,4,Pinnacle,ou,under,1.5,2.97,api_football,change
2026-10-05T18:29:44Z,1493154,2026-10-06T00:15:00Z,345.3,T-6h,Argentina Primera Division,new_format,Banfield,Rosario Central,4,Pinnacle,ou,over,2.5,2.3,api_football,change
2026-10-05T18:29:44Z,1493154,2026-10-06T00:15:00Z,345.3,T-6h,Argentina Primera Division,new_format,Banfield,Rosario Central,4,Pinnacle,ou,over,3.5,4.3,api_football,change
2026-10-05T18:29:44Z,1493154,2026-10-06T00:15:00Z,345.3,T-6h,Argentina Primera Division,new_format,Banfield,Rosario Central,4,Pinnacle,ou,under,3.5,1.24,api_football,change
2026-10-05T18:29:44Z,1493154,2026-10-06T00:15:00Z,345.3,T-6h,Argentina Primera Division,new_format,Banfield,Rosario Central,4,Pinnacle,ht_ou,over,1.5,3.38,api_football,change
2026-10-05T18:29:44Z,1493154,2026-10-06T00:15:00Z,345.3,T-6h,Argentina Primera Division,new_format,Banfield,Rosario Central,4,Pinnacle,ht_ou,under,1.5,1.33,api_football,change
2026-10-05T18:29:44Z,1493154,2026-10-06T00:15:00Z,345.3,T-6h,Argentina Primera Division,new_format,Banfield,Rosario Central,4,Pinnacle,ht_ou,over,0.5,1.47,api_football,change
2026-10-05T18:29:44Z,1493154,2026-10-06T00:15:00Z,345.3,T-6h,Argentina Primera Division,new_format,Banfield,Rosario Central,4,Pinnacle,ht_ou,under,0.5,2.69,api_football,change
2026-10-05T18:29:44Z,1493154,2026-10-06T00:15:00Z,345.3,T-6h,Argentina Primera Division,new_format,Banfield,Rosario Central,5,SBO,ou,over,2.5,2.28,api_football,change
2026-10-05T18:29:44Z,1493154,2026-10-06T00:15:00Z,345.3,T-6h,Argentina Primera Division,new_format,Banfield,Rosario Central,5,SBO,ou,under,2.5,1.62,api_football,change
2026-10-05T18:29:44Z,1493154,2026-10-06T00:15:00Z,345.3,T-6h,Argentina Primera Division,new_format,Banfield,Rosario Central,32,Betano,ou,over,2.5,2.25,api_football,change
2026-10-05T18:29:44Z,1493154,2026-10-06T00:15:00Z,345.3,T-6h,Argentina Primera Division,new_format,Banfield,Rosario Central,32,Betano,ht_ou,under,0.5,2.52,api_football,change
2026-10-05T18:50:00Z,1493157,2026-10-05T19:45:00Z,55.0,T-1h,Argentina Primera Division,new_format,Deportivo Riestra,Central Cordoba de Santiago,7,William Hill,ht_ou,over,1.5,3.6,api_football,heartbeat
2026-10-05T18:50:00Z,1493157,2026-10-05T19:45:00Z,55.0,T-1h,Argentina Primera Division,new_format,Deportivo Riestra,Central Cordoba de Santiago,7,William Hill,ht_ou,under,1.5,1.25,api_football,heartbeat
2026-10-05T18:50:00Z,1493157,2026-10-05T19:45:00Z,55.0,T-1h,Argentina Primera Division,new_format,Deportivo Riestra,Central Cordoba de Santiago,7,William Hill,ht_ou,over,0.5,1.55,api_football,heartbeat
2026-10-05T18:50:00Z,1493157,2026-10-05T19:45:00Z,55.0,T-1h,Argentina Primera Division,new_format,Deportivo Riestra,Central Cordoba de Santiago,7,William Hill,ht_ou,under,0.5,2.38,api_football,heartbeat
2026-10-05T18:50:00Z,1493157,2026-10-05T19:45:00Z,55.0,T-1h,Argentina Primera Division,new_format,Deportivo Riestra,Central Cordoba de Santiago,7,William Hill,btts,yes,,2.38,api_football,heartbeat
2026-10-05T18:50:00Z,1493157,2026-10-05T19:45:00Z,55.0,T-1h,Argentina Primera Division,new_format,Deportivo Riestra,Central Cordoba de Santiago,7,William Hill,btts,no,,1.53,api_football,heartbeat
2026-10-05T18:50:00Z,1493157,2026-10-05T19:45:00Z,55.0,T-1h,Argentina Primera Division,new_format,Deportivo Riestra,Central Cordoba de Santiago,8,Bet365,ou,over,1.5,1.57,api_football,heartbeat
2026-10-05T18:50:00Z,1493157,2026-10-05T19:45:00Z,55.0,T-1h,Argentina Primera Division,new_format,Deportivo Riestra,Central Cordoba de Santiago,8,Bet365,ou,under,1.5,2.25,api_football,heartbeat
2026-10-05T18:50:00Z,1493157,2026-10-05T19:45:00Z,55.0,T-1h,Argentina Primera Division,new_format,Deportivo Riestra,Central Cordoba de Santiago,8,Bet365,ou,over,2.5,2.7,api_football,heartbeat
2026-10-05T18:50:00Z,1493157,2026-10-05T19:45:00Z,55.0,T-1h,Argentina Primera Division,new_format,Deportivo Riestra,Central Cordoba de Santiago,8,Bet365,ou,under,2.5,1.44,api_football,heartbeat
2026-10-05T18:50:00Z,1493157,2026-10-05T19:45:00Z,55.0,T-1h,Argentina Primera Division,new_format,Deportivo Riestra,Central Cordoba de Santiago,8,Bet365,ou,over,3.5,6.0,api_football,heartbeat
2026-10-05T18:50:00Z,1493157,2026-10-05T19:45:00Z,55.0,T-1h,Argentina Primera Division,new_format,Deportivo Riestra,Central Cordoba de Santiago,8,Bet365,ou,under,3.5,1.12,api_football,heartbeat
2026-10-05T18:50:00Z,1493157,2026-10-05T19:45:00Z,55.0,T-1h,Argentina Primera Division,new_format,Deportivo Riestra,Central Cordoba de Santiago,8,Bet365,ht_ou,over,1.5,4.0,api_football,heartbeat
2026-10-05T18:50:00Z,1493157,2026-10-05T19:45:00Z,55.0,T-1h,Argentina Primera Division,new_format,Deportivo Riestra,Central Cordoba de Santiago,8,Bet365,ht_ou,under,1.5,1.22,api_football,heartbeat
2026-10-05T18:50:00Z,1493157,2026-10-05T19:45:00Z,55.0,T-1h,Argentina Primera Division,new_format,Deportivo Riestra,Central Cordoba de Santiago,8,Bet365,ht_ou,over,0.5,1.57,api_football,heartbeat
2026-10-05T18:50:00Z,1493157,2026-10-05T19:45:00Z,55.0,T-1h,Argentina Primera Division,new_format,Deportivo Riestra,Central Cordoba de Santiago,8,Bet365,ht_ou,under,0.5,2.25,api_football,heartbeat
2026-10-05T18:50:00Z,1493157,2026-10-05T19:45:00Z,55.0,T-1h,Argentina Primera Division,new_format,Deportivo Riestra,Central Cordoba de Santiago,8,Bet365,btts,yes,,2.5,api_football,heartbeat
2026-10-05T18:50:00Z,1493157,2026-10-05T19:45:00Z,55.0,T-1h,Argentina Primera Division,new_format,Deportivo Riestra,Central Cordoba de Santiago,8,Bet365,btts,no,,1.5,api_football,heartbeat
2026-10-05T18:50:00Z,1493157,2026-10-05T19:45:00Z,55.0,T-1h,Argentina Primera Division,new_format,Deportivo Riestra,Central Cordoba de Santiago,2,Marathonbet,ou,over,1.5,1.53,api_football,heartbeat
2026-10-05T18:50:00Z,1493157,2026-10-05T19:45:00Z,55.0,T-1h,Argentina Primera Division,new_format,Deportivo Riestra,Central Cordoba de Santiago,2,Marathonbet,ou,under,1.5,2.4,api_football,heartbeat
2026-10-05T18:50:00Z,1493157,2026-10-05T19:45:00Z,55.0,T-1h,Argentina Primera Division,new_format,Deportivo Riestra,Central Cordoba de Santiago,2,Marathonbet,ou,over,2.5,2.49,api_football,heartbeat
2026-10-05T18:50:00Z,1493157,2026-10-05T19:45:00Z,55.0,T-1h,Argentina Primera Division,new_format,Deportivo Riestra,Central Cordoba de Santiago,2,Marathonbet,ou,under,2.5,1.42,api_football,heartbeat
2026-10-05T18:50:00Z,1493157,2026-10-05T19:45:00Z,55.0,T-1h,Argentina Primera Division,new_format,Deportivo Riestra,Central Cordoba de Santiago,2,Marathonbet,ou,over,3.5,4.8,api_football,heartbeat
2026-10-05T18:50:00Z,1493157,2026-10-05T19:45:00Z,55.0,T-1h,Argentina Primera Division,new_format,Deportivo Riestra,Central Cordoba de Santiago,2,Marathonbet,ou,under,3.5,1.12,api_football,heartbeat
2026-10-05T18:50:00Z,1493157,2026-10-05T19:45:00Z,55.0,T-1h,Argentina Primera Division,new_format,Deportivo Riestra,Central Cordoba de Santiago,2,Marathonbet,ht_ou,over,1.5,3.32,api_football,heartbeat
2026-10-05T18:50:00Z,1493157,2026-10-05T19:45:00Z,55.0,T-1h,Argentina Primera Division,new_format,Deportivo Riestra,Central Cordoba de Santiago,2,Marathonbet,ht_ou,under,1.5,1.25,api_football,heartbeat
2026-10-05T18:50:00Z,1493157,2026-10-05T19:45:00Z,55.0,T-1h,Argentina Primera Division,new_format,Deportivo Riestra,Central Cordoba de Santiago,2,Marathonbet,ht_ou,over,0.5,1.56,api_football,heartbeat
2026-10-05T18:50:00Z,1493157,2026-10-05T19:45:00Z,55.0,T-1h,Argentina Primera Division,new_format,Deportivo Riestra,Central Cordoba de Santiago,2,Marathonbet,ht_ou,under,0.5,2.29,api_football,heartbeat
2026-10-05T18:50:00Z,1493157,2026-10-05T19:45:00Z,55.0,T-1h,Argentina Primera Division,new_format,Deportivo Riestra,Central Cordoba de Santiago,2,Marathonbet,btts,yes,,2.24,api_football,heartbeat
2026-10-05T18:50:00Z,1493157,2026-10-05T19:45:00Z,55.0,T-1h,Argentina Primera Division,new_format,Deportivo Riestra,Central Cordoba de Santiago,2,Marathonbet,btts,no,,1.56,api_football,heartbeat
2026-10-05T18:50:00Z,1493157,2026-10-05T19:45:00Z,55.0,T-1h,Argentina Primera Division,new_format,Deportivo Riestra,Central Cordoba de Santiago,3,Betfair,ou,over,1.5,1.53,api_football,heartbeat
2026-10-05T18:50:00Z,1493157,2026-10-05T19:45:00Z,55.0,T-1h,Argentina Primera Division,new_format,Deportivo Riestra,Central Cordoba de Santiago,3,Betfair,ou,under,1.5,2.45,api_football,heartbeat
2026-10-05T18:50:00Z,1493157,2026-10-05T19:45:00Z,55.0,T-1h,Argentina Primera Division,new_format,Deportivo Riestra,Central Cordoba de Santiago,3,Betfair,ou,over,2.5,2.7,api_football,heartbeat
2026-10-05T18:50:00Z,1493157,2026-10-05T19:45:00Z,55.0,T-1h,Argentina Primera Division,new_format,Deportivo Riestra,Central Cordoba de Santiago,3,Betfair,ou,under,2.5,1.44,api_football,heartbeat
2026-10-05T18:50:00Z,1493157,2026-10-05T19:45:00Z,55.0,T-1h,Argentina Primera Division,new_format,Deportivo Riestra,Central Cordoba de Santiago,3,Betfair,ou,over,3.5,6.0,api_football,heartbeat
2026-10-05T18:50:00Z,1493157,2026-10-05T19:45:00Z,55.0,T-1h,Argentina Primera Division,new_format,Deportivo Riestra,Central Cordoba de Santiago,3,Betfair,ou,under,3.5,1.13,api_football,heartbeat
2026-10-05T18:50:00Z,1493157,2026-10-05T19:45:00Z,55.0,T-1h,Argentina Primera Division,new_format,Deportivo Riestra,Central Cordoba de Santiago,3,Betfair,ht_ou,over,1.5,4.0,api_football,heartbeat
2026-10-05T18:50:00Z,1493157,2026-10-05T19:45:00Z,55.0,T-1h,Argentina Primera Division,new_format,Deportivo Riestra,Central Cordoba de Santiago,3,Betfair,ht_ou,under,1.5,1.2,api_football,heartbeat
2026-10-05T18:50:00Z,1493157,2026-10-05T19:45:00Z,55.0,T-1h,Argentina Primera Division,new_format,Deportivo Riestra,Central Cordoba de Santiago,3,Betfair,ht_ou,over,0.5,1.57,api_football,heartbeat
2026-10-05T18:50:00Z,1493157,2026-10-05T19:45:00Z,55.0,T-1h,Argentina Primera Division,new_format,Deportivo Riestra,Central Cordoba de Santiago,3,Betfair,ht_ou,under,0.5,2.25,api_football,heartbeat
2026-10-05T18:50:00Z,1493157,2026-10-05T19:45:00Z,55.0,T-1h,Argentina Primera Division,new_format,Deportivo Riestra,Central Cordoba de Santiago,3,Betfair,btts,yes,,2.3,api_football,heartbeat
2026-10-05T18:50:00Z,1493157,2026-10-05T19:45:00Z,55.0,T-1h,Argentina Primera Division,new_format,Deportivo Riestra,Central Cordoba de Santiago,3,Betfair,btts,no,,1.6,api_football,heartbeat
2026-10-05T18:50:00Z,1493157,2026-10-05T19:45:00Z,55.0,T-1h,Argentina Primera Division,new_format,Deportivo Riestra,Central Cordoba de Santiago,36,BetVictor,ou,over,1.5,1.55,api_football,heartbeat
2026-10-05T18:50:00Z,1493157,2026-10-05T19:45:00Z,55.0,T-1h,Argentina Primera Division,new_format,Deportivo Riestra,Central Cordoba de Santiago,36,BetVictor,ou,under,1.5,2.25,api_football,heartbeat
2026-10-05T18:50:00Z,1493157,2026-10-05T19:45:00Z,55.0,T-1h,Argentina Primera Division,new_format,Deportivo Riestra,Central Cordoba de Santiago,36,BetVictor,ou,over,2.5,2.56,api_football,heartbeat
2026-10-05T18:50:00Z,1493157,2026-10-05T19:45:00Z,55.0,T-1h,Argentina Primera Division,new_format,Deportivo Riestra,Central Cordoba de Santiago,36,BetVictor,ou,under,2.5,1.43,api_football,heartbeat
2026-10-05T18:50:00Z,1493157,2026-10-05T19:45:00Z,55.0,T-1h,Argentina Primera Division,new_format,Deportivo Riestra,Central Cordoba de Santiago,36,BetVictor,ou,over,3.5,6.5,api_football,heartbeat
2026-10-05T18:50:00Z,1493157,2026-10-05T19:45:00Z,55.0,T-1h,Argentina Primera Division,new_format,Deportivo Riestra,Central Cordoba de Santiago,36,BetVictor,ou,under,3.5,1.11,api_football,heartbeat
2026-10-05T18:50:00Z,1493157,2026-10-05T19:45:00Z,55.0,T-1h,Argentina Primera Division,new_format,Deportivo Riestra,Central Cordoba de Santiago,36,BetVictor,ht_ou,over,1.5,4.1,api_football,heartbeat
2026-10-05T18:50:00Z,1493157,2026-10-05T19:45:00Z,55.0,T-1h,Argentina Primera Division,new_format,Deportivo Riestra,Central Cordoba de Santiago,36,BetVictor,ht_ou,under,1.5,1.22,api_football,heartbeat
2026-10-05T18:50:00Z,1493157,2026-10-05T19:45:00Z,55.0,T-1h,Argentina Primera Division,new_format,Deportivo Riestra,Central Cordoba de Santiago,36,BetVictor,ht_ou,over,0.5,1.58,api_football,heartbeat
2026-10-05T18:50:00Z,1493157,2026-10-05T19:45:00Z,55.0,T-1h,Argentina Primera Division,new_format,Deportivo Riestra,Central Cordoba de Santiago,36,BetVictor,ht_ou,under,0.5,2.19,api_football,heartbeat
2026-10-05T18:50:00Z,1493157,2026-10-05T19:45:00Z,55.0,T-1h,Argentina Primera Division,new_format,Deportivo Riestra,Central Cordoba de Santiago,36,BetVictor,btts,yes,,2.38,api_football,heartbeat
2026-10-05T18:50:00Z,1493157,2026-10-05T19:45:00Z,55.0,T-1h,Argentina Primera Division,new_format,Deportivo Riestra,Central Cordoba de Santiago,36,BetVictor,btts,no,,1.5,api_football,heartbeat
2026-10-05T18:50:00Z,1493157,2026-10-05T19:45:00Z,55.0,T-1h,Argentina Primera Division,new_format,Deportivo Riestra,Central Cordoba de Santiago,4,Pinnacle,ou,over,1.5,1.61,api_football,heartbeat
2026-10-05T18:50:00Z,1493157,2026-10-05T19:45:00Z,55.0,T-1h,Argentina Primera Division,new_format,Deportivo Riestra,Central Cordoba de Santiago,4,Pinnacle,ou,under,1.5,2.43,api_football,heartbeat
2026-10-05T18:50:00Z,1493157,2026-10-05T19:45:00Z,55.0,T-1h,Argentina Primera Division,new_format,Deportivo Riestra,Central Cordoba de Santiago,4,Pinnacle,ou,over,2.5,2.9,api_football,heartbeat
2026-10-05T18:50:00Z,1493157,2026-10-05T19:45:00Z,55.0,T-1h,Argentina Primera Division,new_format,Deportivo Riestra,Central Cordoba de Santiago,4,Pinnacle,ou,under,2.5,1.44,api_football,heartbeat
2026-10-05T18:50:00Z,1493157,2026-10-05T19:45:00Z,55.0,T-1h,Argentina Primera Division,new_format,Deportivo Riestra,Central Cordoba de Santiago,4,Pinnacle,ou,over,3.5,6.12,api_football,heartbeat
2026-10-05T18:50:00Z,1493157,2026-10-05T19:45:00Z,55.0,T-1h,Argentina Primera Division,new_format,Deportivo Riestra,Central Cordoba de Santiago,4,Pinnacle,ou,under,3.5,1.14,api_football,heartbeat
2026-10-05T18:50:00Z,1493157,2026-10-05T19:45:00Z,55.0,T-1h,Argentina Primera Division,new_format,Deportivo Riestra,Central Cordoba de Santiago,4,Pinnacle,ht_ou,over,0.5,1.61,api_football,heartbeat
2026-10-05T18:50:00Z,1493157,2026-10-05T19:45:00Z,55.0,T-1h,Argentina Primera Division,new_format,Deportivo Riestra,Central Cordoba de Santiago,4,Pinnacle,ht_ou,under,0.5,2.34,api_football,heartbeat
2026-10-05T18:50:00Z,1493157,2026-10-05T19:45:00Z,55.0,T-1h,Argentina Primera Division,new_format,Deportivo Riestra,Central Cordoba de Santiago,5,SBO,ht_ou,over,0.5,1.58,api_football,heartbeat
2026-10-05T18:50:00Z,1493157,2026-10-05T19:45:00Z,55.0,T-1h,Argentina Primera Division,new_format,Deportivo Riestra,Central Cordoba de Santiago,5,SBO,ht_ou,under,0.5,2.35,api_football,heartbeat
2026-10-05T18:50:00Z,1493157,2026-10-05T19:45:00Z,55.0,T-1h,Argentina Primera Division,new_format,Deportivo Riestra,Central Cordoba de Santiago,11,1xBet,ou,over,1.5,1.56,api_football,heartbeat
2026-10-05T18:50:00Z,1493157,2026-10-05T19:45:00Z,55.0,T-1h,Argentina Primera Division,new_format,Deportivo Riestra,Central Cordoba de Santiago,11,1xBet,ou,under,1.5,2.44,api_football,heartbeat
2026-10-05T18:50:00Z,1493157,2026-10-05T19:45:00Z,55.0,T-1h,Argentina Primera Division,new_format,Deportivo Riestra,Central Cordoba de Santiago,11,1xBet,ou,over,2.5,2.49,api_football,heartbeat
2026-10-05T18:50:00Z,1493157,2026-10-05T19:45:00Z,55.0,T-1h,Argentina Primera Division,new_format,Deportivo Riestra,Central Cordoba de Santiago,11,1xBet,ou,under,2.5,1.42,api_football,heartbeat
2026-10-05T18:50:00Z,1493157,2026-10-05T19:45:00Z,55.0,T-1h,Argentina Primera Division,new_format,Deportivo Riestra,Central Cordoba de Santiago,11,1xBet,ou,over,3.5,4.8,api_football,heartbeat
2026-10-05T18:50:00Z,1493157,2026-10-05T19:45:00Z,55.0,T-1h,Argentina Primera Division,new_format,Deportivo Riestra,Central Cordoba de Santiago,11,1xBet,ou,under,3.5,1.12,api_football,heartbeat
2026-10-05T18:50:00Z,1493157,2026-10-05T19:45:00Z,55.0,T-1h,Argentina Primera Division,new_format,Deportivo Riestra,Central Cordoba de Santiago,11,1xBet,ht_ou,over,1.5,3.32,api_football,heartbeat
2026-10-05T18:50:00Z,1493157,2026-10-05T19:45:00Z,55.0,T-1h,Argentina Primera Division,new_format,Deportivo Riestra,Central Cordoba de Santiago,11,1xBet,ht_ou,under,1.5,1.25,api_football,heartbeat
2026-10-05T18:50:00Z,1493157,2026-10-05T19:45:00Z,55.0,T-1h,Argentina Primera Division,new_format,Deportivo Riestra,Central Cordoba de Santiago,11,1xBet,ht_ou,over,0.5,1.56,api_football,heartbeat
2026-10-05T18:50:00Z,1493157,2026-10-05T19:45:00Z,55.0,T-1h,Argentina Primera Division,new_format,Deportivo Riestra,Central Cordoba de Santiago,11,1xBet,ht_ou,under,0.5,2.29,api_football,heartbeat
2026-10-05T18:50:00Z,1493157,2026-10-05T19:45:00Z,55.0,T-1h,Argentina Primera Division,new_format,Deportivo Riestra,Central Cordoba de Santiago,11,1xBet,btts,yes,,2.24,api_football,heartbeat
2026-10-05T18:50:00Z,1493157,2026-10-05T19:45:00Z,55.0,T-1h,Argentina Primera Division,new_format,Deportivo Riestra,Central Cordoba de Santiago,11,1xBet,btts,no,,1.58,api_football,heartbeat
2026-10-05T18:50:00Z,1493157,2026-10-05T19:45:00Z,55.0,T-1h,Argentina Primera Division,new_format,Deportivo Riestra,Central Cordoba de Santiago,32,Betano,ou,over,1.5,1.6,api_football,heartbeat
2026-10-05T18:50:00Z,1493157,2026-10-05T19:45:00Z,55.0,T-1h,Argentina Primera Division,new_format,Deportivo Riestra,Central Cordoba de Santiago,32,Betano,ou,under,1.5,2.4,api_football,heartbeat
2026-10-05T18:50:00Z,1493157,2026-10-05T19:45:00Z,55.0,T-1h,Argentina Primera Division,new_format,Deportivo Riestra,Central Cordoba de Santiago,32,Betano,ou,over,2.5,2.8,api_football,heartbeat
2026-10-05T18:50:00Z,1493157,2026-10-05T19:45:00Z,55.0,T-1h,Argentina Primera Division,new_format,Deportivo Riestra,Central Cordoba de Santiago,32,Betano,ou,under,2.5,1.47,api_football,heartbeat
2026-10-05T18:50:00Z,1493157,2026-10-05T19:45:00Z,55.0,T-1h,Argentina Primera Division,new_format,Deportivo Riestra,Central Cordoba de Santiago,32,Betano,ou,over,3.5,5.3,api_football,heartbeat
2026-10-05T18:50:00Z,1493157,2026-10-05T19:45:00Z,55.0,T-1h,Argentina Primera Division,new_format,Deportivo Riestra,Central Cordoba de Santiago,32,Betano,ou,under,3.5,1.16,api_football,heartbeat
2026-10-05T18:50:00Z,1493157,2026-10-05T19:45:00Z,55.0,T-1h,Argentina Primera Division,new_format,Deportivo Riestra,Central Cordoba de Santiago,32,Betano,ht_ou,over,1.5,4.0,api_football,heartbeat
2026-10-05T18:50:00Z,1493157,2026-10-05T19:45:00Z,55.0,T-1h,Argentina Primera Division,new_format,Deportivo Riestra,Central Cordoba de Santiago,32,Betano,ht_ou,under,1.5,1.25,api_football,heartbeat
2026-10-05T18:50:00Z,1493157,2026-10-05T19:45:00Z,55.0,T-1h,Argentina Primera Division,new_format,Deportivo Riestra,Central Cordoba de Santiago,32,Betano,ht_ou,over,0.5,1.67,api_football,heartbeat
2026-10-05T18:50:00Z,1493157,2026-10-05T19:45:00Z,55.0,T-1h,Argentina Primera Division,new_format,Deportivo Riestra,Central Cordoba de Santiago,32,Betano,ht_ou,under,0.5,2.22,api_football,heartbeat
2026-10-05T18:50:00Z,1493157,2026-10-05T19:45:00Z,55.0,T-1h,Argentina Primera Division,new_format,Deportivo Riestra,Central Cordoba de Santiago,32,Betano,btts,yes,,2.35,api_football,heartbeat
2026-10-05T18:50:00Z,1493157,2026-10-05T19:45:00Z,55.0,T-1h,Argentina Primera Division,new_format,Deportivo Riestra,Central Cordoba de Santiago,32,Betano,btts,no,,1.55,api_football,heartbeat
2026-10-05T21:18:45Z,1493166,2026-10-05T22:00:00Z,41.2,T-1h,Argentina Primera Division,new_format,Velez Sarsfield,Platense,7,William Hill,ht_ou,over,1.5,3.6,api_football,heartbeat
2026-10-05T21:18:45Z,1493166,2026-10-05T22:00:00Z,41.2,T-1h,Argentina Primera Division,new_format,Velez Sarsfield,Platense,7,William Hill,ht_ou,under,1.5,1.25,api_football,heartbeat
2026-10-05T21:18:45Z,1493166,2026-10-05T22:00:00Z,41.2,T-1h,Argentina Primera Division,new_format,Velez Sarsfield,Platense,7,William Hill,ht_ou,over,0.5,1.55,api_football,heartbeat
2026-10-05T21:18:45Z,1493166,2026-10-05T22:00:00Z,41.2,T-1h,Argentina Primera Division,new_format,Velez Sarsfield,Platense,7,William Hill,ht_ou,under,0.5,2.38,api_football,heartbeat
2026-10-05T21:18:45Z,1493166,2026-10-05T22:00:00Z,41.2,T-1h,Argentina Primera Division,new_format,Velez Sarsfield,Platense,7,William Hill,btts,yes,,2.3,api_football,heartbeat
2026-10-05T21:18:45Z,1493166,2026-10-05T22:00:00Z,41.2,T-1h,Argentina Primera Division,new_format,Velez Sarsfield,Platense,7,William Hill,btts,no,,1.57,api_football,heartbeat
2026-10-05T21:18:45Z,1493166,2026-10-05T22:00:00Z,41.2,T-1h,Argentina Primera Division,new_format,Velez Sarsfield,Platense,8,Bet365,ou,over,1.5,1.53,api_football,heartbeat
2026-10-05T21:18:45Z,1493166,2026-10-05T22:00:00Z,41.2,T-1h,Argentina Primera Division,new_format,Velez Sarsfield,Platense,8,Bet365,ou,under,1.5,2.38,api_football,heartbeat
2026-10-05T21:18:45Z,1493166,2026-10-05T22:00:00Z,41.2,T-1h,Argentina Primera Division,new_format,Velez Sarsfield,Platense,8,Bet365,ou,over,2.5,2.7,api_football,heartbeat
2026-10-05T21:18:45Z,1493166,2026-10-05T22:00:00Z,41.2,T-1h,Argentina Primera Division,new_format,Velez Sarsfield,Platense,8,Bet365,ou,under,2.5,1.44,api_football,heartbeat
2026-10-05T21:18:45Z,1493166,2026-10-05T22:00:00Z,41.2,T-1h,Argentina Primera Division,new_format,Velez Sarsfield,Platense,8,Bet365,ou,over,3.5,5.5,api_football,heartbeat
2026-10-05T21:18:45Z,1493166,2026-10-05T22:00:00Z,41.2,T-1h,Argentina Primera Division,new_format,Velez Sarsfield,Platense,8,Bet365,ou,under,3.5,1.14,api_football,heartbeat
2026-10-05T21:18:45Z,1493166,2026-10-05T22:00:00Z,41.2,T-1h,Argentina Primera Division,new_format,Velez Sarsfield,Platense,8,Bet365,ht_ou,over,1.5,3.75,api_football,change
2026-10-05T21:18:45Z,1493166,2026-10-05T22:00:00Z,41.2,T-1h,Argentina Primera Division,new_format,Velez Sarsfield,Platense,8,Bet365,ht_ou,under,1.5,1.25,api_football,change
2026-10-05T21:18:45Z,1493166,2026-10-05T22:00:00Z,41.2,T-1h,Argentina Primera Division,new_format,Velez Sarsfield,Platense,8,Bet365,ht_ou,over,0.5,1.57,api_football,change
2026-10-05T21:18:45Z,1493166,2026-10-05T22:00:00Z,41.2,T-1h,Argentina Primera Division,new_format,Velez Sarsfield,Platense,8,Bet365,ht_ou,under,0.5,2.25,api_football,change
2026-10-05T21:18:45Z,1493166,2026-10-05T22:00:00Z,41.2,T-1h,Argentina Primera Division,new_format,Velez Sarsfield,Platense,8,Bet365,btts,yes,,2.5,api_football,heartbeat
2026-10-05T21:18:45Z,1493166,2026-10-05T22:00:00Z,41.2,T-1h,Argentina Primera Division,new_format,Velez Sarsfield,Platense,8,Bet365,btts,no,,1.5,api_football,heartbeat
2026-10-05T21:18:45Z,1493166,2026-10-05T22:00:00Z,41.2,T-1h,Argentina Primera Division,new_format,Velez Sarsfield,Platense,2,Marathonbet,ou,over,1.5,1.59,api_football,heartbeat
2026-10-05T21:18:45Z,1493166,2026-10-05T22:00:00Z,41.2,T-1h,Argentina Primera Division,new_format,Velez Sarsfield,Platense,2,Marathonbet,ou,under,1.5,2.27,api_football,heartbeat
2026-10-05T21:18:45Z,1493166,2026-10-05T22:00:00Z,41.2,T-1h,Argentina Primera Division,new_format,Velez Sarsfield,Platense,2,Marathonbet,ou,over,2.5,2.66,api_football,heartbeat
2026-10-05T21:18:45Z,1493166,2026-10-05T22:00:00Z,41.2,T-1h,Argentina Primera Division,new_format,Velez Sarsfield,Platense,2,Marathonbet,ou,under,2.5,1.37,api_football,heartbeat
2026-10-05T21:18:45Z,1493166,2026-10-05T22:00:00Z,41.2,T-1h,Argentina Primera Division,new_format,Velez Sarsfield,Platense,2,Marathonbet,ou,over,3.5,5.3,api_football,heartbeat
2026-10-05T21:18:45Z,1493166,2026-10-05T22:00:00Z,41.2,T-1h,Argentina Primera Division,new_format,Velez Sarsfield,Platense,2,Marathonbet,ou,under,3.5,1.09,api_football,heartbeat
2026-10-05T21:18:45Z,1493166,2026-10-05T22:00:00Z,41.2,T-1h,Argentina Primera Division,new_format,Velez Sarsfield,Platense,2,Marathonbet,ht_ou,over,1.5,3.55,api_football,heartbeat
2026-10-05T21:18:45Z,1493166,2026-10-05T22:00:00Z,41.2,T-1h,Argentina Primera Division,new_format,Velez Sarsfield,Platense,2,Marathonbet,ht_ou,under,1.5,1.22,api_football,heartbeat
2026-10-05T21:18:45Z,1493166,2026-10-05T22:00:00Z,41.2,T-1h,Argentina Primera Division,new_format,Velez Sarsfield,Platense,2,Marathonbet,ht_ou,over,0.5,1.58,api_football,heartbeat
2026-10-05T21:18:45Z,1493166,2026-10-05T22:00:00Z,41.2,T-1h,Argentina Primera Division,new_format,Velez Sarsfield,Platense,2,Marathonbet,ht_ou,under,0.5,2.25,api_football,heartbeat
2026-10-05T21:18:45Z,1493166,2026-10-05T22:00:00Z,41.2,T-1h,Argentina Primera Division,new_format,Velez Sarsfield,Platense,2,Marathonbet,btts,yes,,2.38,api_football,heartbeat
2026-10-05T21:18:45Z,1493166,2026-10-05T22:00:00Z,41.2,T-1h,Argentina Primera Division,new_format,Velez Sarsfield,Platense,2,Marathonbet,btts,no,,1.5,api_football,heartbeat
2026-10-05T21:18:45Z,1493166,2026-10-05T22:00:00Z,41.2,T-1h,Argentina Primera Division,new_format,Velez Sarsfield,Platense,3,Betfair,ou,over,1.5,1.53,api_football,heartbeat
2026-10-05T21:18:45Z,1493166,2026-10-05T22:00:00Z,41.2,T-1h,Argentina Primera Division,new_format,Velez Sarsfield,Platense,3,Betfair,ou,under,1.5,2.45,api_football,heartbeat
2026-10-05T21:18:45Z,1493166,2026-10-05T22:00:00Z,41.2,T-1h,Argentina Primera Division,new_format,Velez Sarsfield,Platense,3,Betfair,ou,over,2.5,2.7,api_football,heartbeat
2026-10-05T21:18:45Z,1493166,2026-10-05T22:00:00Z,41.2,T-1h,Argentina Primera Division,new_format,Velez Sarsfield,Platense,3,Betfair,ou,under,2.5,1.44,api_football,heartbeat
2026-10-05T21:18:45Z,1493166,2026-10-05T22:00:00Z,41.2,T-1h,Argentina Primera Division,new_format,Velez Sarsfield,Platense,3,Betfair,ou,over,3.5,6.0,api_football,heartbeat
2026-10-05T21:18:45Z,1493166,2026-10-05T22:00:00Z,41.2,T-1h,Argentina Primera Division,new_format,Velez Sarsfield,Platense,3,Betfair,ou,under,3.5,1.13,api_football,heartbeat
2026-10-05T21:18:45Z,1493166,2026-10-05T22:00:00Z,41.2,T-1h,Argentina Primera Division,new_format,Velez Sarsfield,Platense,3,Betfair,ht_ou,over,1.5,4.0,api_football,change
2026-10-05T21:18:45Z,1493166,2026-10-05T22:00:00Z,41.2,T-1h,Argentina Primera Division,new_format,Velez Sarsfield,Platense,3,Betfair,ht_ou,under,1.5,1.2,api_football,change
2026-10-05T21:18:45Z,1493166,2026-10-05T22:00:00Z,41.2,T-1h,Argentina Primera Division,new_format,Velez Sarsfield,Platense,3,Betfair,ht_ou,over,0.5,1.57,api_football,change
2026-10-05T21:18:45Z,1493166,2026-10-05T22:00:00Z,41.2,T-1h,Argentina Primera Division,new_format,Velez Sarsfield,Platense,3,Betfair,ht_ou,under,0.5,2.25,api_football,change
2026-10-05T21:18:45Z,1493166,2026-10-05T22:00:00Z,41.2,T-1h,Argentina Primera Division,new_format,Velez Sarsfield,Platense,3,Betfair,btts,yes,,2.38,api_football,heartbeat
2026-10-05T21:18:45Z,1493166,2026-10-05T22:00:00Z,41.2,T-1h,Argentina Primera Division,new_format,Velez Sarsfield,Platense,3,Betfair,btts,no,,1.57,api_football,heartbeat
2026-10-05T21:18:45Z,1493166,2026-10-05T22:00:00Z,41.2,T-1h,Argentina Primera Division,new_format,Velez Sarsfield,Platense,36,BetVictor,ou,over,1.5,1.56,api_football,change
2026-10-05T21:18:45Z,1493166,2026-10-05T22:00:00Z,41.2,T-1h,Argentina Primera Division,new_format,Velez Sarsfield,Platense,36,BetVictor,ou,under,1.5,2.23,api_football,change
2026-10-05T21:18:45Z,1493166,2026-10-05T22:00:00Z,41.2,T-1h,Argentina Primera Division,new_format,Velez Sarsfield,Platense,36,BetVictor,ou,over,2.5,2.9,api_football,heartbeat
2026-10-05T21:18:45Z,1493166,2026-10-05T22:00:00Z,41.2,T-1h,Argentina Primera Division,new_format,Velez Sarsfield,Platense,36,BetVictor,ou,under,2.5,1.4,api_football,heartbeat
2026-10-05T21:18:45Z,1493166,2026-10-05T22:00:00Z,41.2,T-1h,Argentina Primera Division,new_format,Velez Sarsfield,Platense,36,BetVictor,ou,over,3.5,6.5,api_football,heartbeat
2026-10-05T21:18:45Z,1493166,2026-10-05T22:00:00Z,41.2,T-1h,Argentina Primera Division,new_format,Velez Sarsfield,Platense,36,BetVictor,ou,under,3.5,1.1,api_football,heartbeat
2026-10-05T21:18:45Z,1493166,2026-10-05T22:00:00Z,41.2,T-1h,Argentina Primera Division,new_format,Velez Sarsfield,Platense,36,BetVictor,ht_ou,over,1.5,4.1,api_football,heartbeat
2026-10-05T21:18:45Z,1493166,2026-10-05T22:00:00Z,41.2,T-1h,Argentina Primera Division,new_format,Velez Sarsfield,Platense,36,BetVictor,ht_ou,under,1.5,1.22,api_football,heartbeat
2026-10-05T21:18:45Z,1493166,2026-10-05T22:00:00Z,41.2,T-1h,Argentina Primera Division,new_format,Velez Sarsfield,Platense,36,BetVictor,ht_ou,over,0.5,1.58,api_football,change
2026-10-05T21:18:45Z,1493166,2026-10-05T22:00:00Z,41.2,T-1h,Argentina Primera Division,new_format,Velez Sarsfield,Platense,36,BetVictor,ht_ou,under,0.5,2.18,api_football,change
2026-10-05T21:18:45Z,1493166,2026-10-05T22:00:00Z,41.2,T-1h,Argentina Primera Division,new_format,Velez Sarsfield,Platense,36,BetVictor,btts,yes,,2.4,api_football,heartbeat
2026-10-05T21:18:45Z,1493166,2026-10-05T22:00:00Z,41.2,T-1h,Argentina Primera Division,new_format,Velez Sarsfield,Platense,36,BetVictor,btts,no,,1.5,api_football,heartbeat
2026-10-05T21:18:45Z,1493166,2026-10-05T22:00:00Z,41.2,T-1h,Argentina Primera Division,new_format,Velez Sarsfield,Platense,4,Pinnacle,ou,over,1.5,1.59,api_football,heartbeat
2026-10-05T21:18:45Z,1493166,2026-10-05T22:00:00Z,41.2,T-1h,Argentina Primera Division,new_format,Velez Sarsfield,Platense,4,Pinnacle,ou,under,1.5,2.46,api_football,change
2026-10-05T21:18:45Z,1493166,2026-10-05T22:00:00Z,41.2,T-1h,Argentina Primera Division,new_format,Velez Sarsfield,Platense,4,Pinnacle,ou,over,2.5,2.86,api_football,change
2026-10-05T21:18:45Z,1493166,2026-10-05T22:00:00Z,41.2,T-1h,Argentina Primera Division,new_format,Velez Sarsfield,Platense,4,Pinnacle,ou,under,2.5,1.46,api_football,change
2026-10-05T21:18:45Z,1493166,2026-10-05T22:00:00Z,41.2,T-1h,Argentina Primera Division,new_format,Velez Sarsfield,Platense,4,Pinnacle,ou,over,3.5,5.99,api_football,change
2026-10-05T21:18:45Z,1493166,2026-10-05T22:00:00Z,41.2,T-1h,Argentina Primera Division,new_format,Velez Sarsfield,Platense,4,Pinnacle,ou,under,3.5,1.15,api_football,heartbeat
2026-10-05T21:18:45Z,1493166,2026-10-05T22:00:00Z,41.2,T-1h,Argentina Primera Division,new_format,Velez Sarsfield,Platense,4,Pinnacle,ht_ou,over,0.5,1.61,api_football,heartbeat
2026-10-05T21:18:45Z,1493166,2026-10-05T22:00:00Z,41.2,T-1h,Argentina Primera Division,new_format,Velez Sarsfield,Platense,4,Pinnacle,ht_ou,under,0.5,2.34,api_football,heartbeat
2026-10-05T21:18:45Z,1493166,2026-10-05T22:00:00Z,41.2,T-1h,Argentina Primera Division,new_format,Velez Sarsfield,Platense,5,SBO,ou,over,1.5,1.62,api_football,heartbeat
2026-10-05T21:18:45Z,1493166,2026-10-05T22:00:00Z,41.2,T-1h,Argentina Primera Division,new_format,Velez Sarsfield,Platense,5,SBO,ou,under,1.5,2.28,api_football,heartbeat
2026-10-05T21:18:45Z,1493166,2026-10-05T22:00:00Z,41.2,T-1h,Argentina Primera Division,new_format,Velez Sarsfield,Platense,5,SBO,ht_ou,over,0.5,1.61,api_football,heartbeat
2026-10-05T21:18:45Z,1493166,2026-10-05T22:00:00Z,41.2,T-1h,Argentina Primera Division,new_format,Velez Sarsfield,Platense,5,SBO,ht_ou,under,0.5,2.29,api_football,heartbeat
2026-10-05T21:18:45Z,1493166,2026-10-05T22:00:00Z,41.2,T-1h,Argentina Primera Division,new_format,Velez Sarsfield,Platense,11,1xBet,ou,over,1.5,1.62,api_football,heartbeat
2026-10-05T21:18:45Z,1493166,2026-10-05T22:00:00Z,41.2,T-1h,Argentina Primera Division,new_format,Velez Sarsfield,Platense,11,1xBet,ou,under,1.5,2.31,api_football,heartbeat
2026-10-05T21:18:45Z,1493166,2026-10-05T22:00:00Z,41.2,T-1h,Argentina Primera Division,new_format,Velez Sarsfield,Platense,11,1xBet,ou,over,2.5,2.66,api_football,heartbeat
2026-10-05T21:18:45Z,1493166,2026-10-05T22:00:00Z,41.2,T-1h,Argentina Primera Division,new_format,Velez Sarsfield,Platense,11,1xBet,ou,under,2.5,1.37,api_football,heartbeat
2026-10-05T21:18:45Z,1493166,2026-10-05T22:00:00Z,41.2,T-1h,Argentina Primera Division,new_format,Velez Sarsfield,Platense,11,1xBet,ou,over,3.5,5.3,api_football,heartbeat
2026-10-05T21:18:45Z,1493166,2026-10-05T22:00:00Z,41.2,T-1h,Argentina Primera Division,new_format,Velez Sarsfield,Platense,11,1xBet,ou,under,3.5,1.09,api_football,heartbeat
2026-10-05T21:18:45Z,1493166,2026-10-05T22:00:00Z,41.2,T-1h,Argentina Primera Division,new_format,Velez Sarsfield,Platense,11,1xBet,ht_ou,over,1.5,3.55,api_football,heartbeat
2026-10-05T21:18:45Z,1493166,2026-10-05T22:00:00Z,41.2,T-1h,Argentina Primera Division,new_format,Velez Sarsfield,Platense,11,1xBet,ht_ou,under,1.5,1.22,api_football,heartbeat
2026-10-05T21:18:45Z,1493166,2026-10-05T22:00:00Z,41.2,T-1h,Argentina Primera Division,new_format,Velez Sarsfield,Platense,11,1xBet,ht_ou,over,0.5,1.58,api_football,heartbeat
2026-10-05T21:18:45Z,1493166,2026-10-05T22:00:00Z,41.2,T-1h,Argentina Primera Division,new_format,Velez Sarsfield,Platense,11,1xBet,ht_ou,under,0.5,2.25,api_football,heartbeat
2026-10-05T21:18:45Z,1493166,2026-10-05T22:00:00Z,41.2,T-1h,Argentina Primera Division,new_format,Velez Sarsfield,Platense,11,1xBet,btts,yes,,2.38,api_football,heartbeat
2026-10-05T21:18:45Z,1493166,2026-10-05T22:00:00Z,41.2,T-1h,Argentina Primera Division,new_format,Velez Sarsfield,Platense,11,1xBet,btts,no,,1.52,api_football,heartbeat
2026-10-05T21:18:45Z,1493166,2026-10-05T22:00:00Z,41.2,T-1h,Argentina Primera Division,new_format,Velez Sarsfield,Platense,32,Betano,ou,over,1.5,1.6,api_football,change
2026-10-05T21:18:45Z,1493166,2026-10-05T22:00:00Z,41.2,T-1h,Argentina Primera Division,new_format,Velez Sarsfield,Platense,32,Betano,ou,under,1.5,2.42,api_football,change
2026-10-05T21:18:45Z,1493166,2026-10-05T22:00:00Z,41.2,T-1h,Argentina Primera Division,new_format,Velez Sarsfield,Platense,32,Betano,ou,over,2.5,2.77,api_football,change
2026-10-05T21:18:45Z,1493166,2026-10-05T22:00:00Z,41.2,T-1h,Argentina Primera Division,new_format,Velez Sarsfield,Platense,32,Betano,ou,under,2.5,1.47,api_football,change
2026-10-05T21:18:45Z,1493166,2026-10-05T22:00:00Z,41.2,T-1h,Argentina Primera Division,new_format,Velez Sarsfield,Platense,32,Betano,ou,over,3.5,5.3,api_football,change
2026-10-05T21:18:45Z,1493166,2026-10-05T22:00:00Z,41.2,T-1h,Argentina Primera Division,new_format,Velez Sarsfield,Platense,32,Betano,ou,under,3.5,1.16,api_football,change
2026-10-05T21:18:45Z,1493166,2026-10-05T22:00:00Z,41.2,T-1h,Argentina Primera Division,new_format,Velez Sarsfield,Platense,32,Betano,ht_ou,over,1.5,3.95,api_football,change
2026-10-05T21:18:45Z,1493166,2026-10-05T22:00:00Z,41.2,T-1h,Argentina Primera Division,new_format,Velez Sarsfield,Platense,32,Betano,ht_ou,under,1.5,1.25,api_football,heartbeat
2026-10-05T21:18:45Z,1493166,2026-10-05T22:00:00Z,41.2,T-1h,Argentina Primera Division,new_format,Velez Sarsfield,Platense,32,Betano,ht_ou,over,0.5,1.67,api_football,heartbeat
2026-10-05T21:18:45Z,1493166,2026-10-05T22:00:00Z,41.2,T-1h,Argentina Primera Division,new_format,Velez Sarsfield,Platense,32,Betano,ht_ou,under,0.5,2.22,api_football,change
2026-10-05T21:18:45Z,1493166,2026-10-05T22:00:00Z,41.2,T-1h,Argentina Primera Division,new_format,Velez Sarsfield,Platense,32,Betano,btts,yes,,2.32,api_football,change
2026-10-05T21:18:45Z,1493166,2026-10-05T22:00:00Z,41.2,T-1h,Argentina Primera Division,new_format,Velez Sarsfield,Platense,32,Betano,btts,no,,1.57,api_football,change
2026-10-05T21:18:45Z,1493158,2026-10-05T22:00:00Z,41.2,T-1h,Argentina Primera Division,new_format,Estudiantes L.P.,Gimnasia M.,7,William Hill,ht_ou,over,1.5,3.0,api_football,heartbeat
2026-10-05T21:18:45Z,1493158,2026-10-05T22:00:00Z,41.2,T-1h,Argentina Primera Division,new_format,Estudiantes L.P.,Gimnasia M.,7,William Hill,ht_ou,under,1.5,1.35,api_football,heartbeat
2026-10-05T21:18:45Z,1493158,2026-10-05T22:00:00Z,41.2,T-1h,Argentina Primera Division,new_format,Estudiantes L.P.,Gimnasia M.,7,William Hill,ht_ou,over,0.5,1.4,api_football,heartbeat
2026-10-05T21:18:45Z,1493158,2026-10-05T22:00:00Z,41.2,T-1h,Argentina Primera Division,new_format,Estudiantes L.P.,Gimnasia M.,7,William Hill,ht_ou,under,0.5,2.62,api_football,heartbeat
2026-10-05T21:18:45Z,1493158,2026-10-05T22:00:00Z,41.2,T-1h,Argentina Primera Division,new_format,Estudiantes L.P.,Gimnasia M.,7,William Hill,btts,yes,,2.0,api_football,heartbeat
2026-10-05T21:18:45Z,1493158,2026-10-05T22:00:00Z,41.2,T-1h,Argentina Primera Division,new_format,Estudiantes L.P.,Gimnasia M.,7,William Hill,btts,no,,1.75,api_football,heartbeat
2026-10-05T21:18:45Z,1493158,2026-10-05T22:00:00Z,41.2,T-1h,Argentina Primera Division,new_format,Estudiantes L.P.,Gimnasia M.,8,Bet365,ou,over,1.5,1.36,api_football,heartbeat
2026-10-05T21:18:45Z,1493158,2026-10-05T22:00:00Z,41.2,T-1h,Argentina Primera Division,new_format,Estudiantes L.P.,Gimnasia M.,8,Bet365,ou,under,1.5,3.0,api_football,heartbeat
2026-10-05T21:18:45Z,1493158,2026-10-05T22:00:00Z,41.2,T-1h,Argentina Primera Division,new_format,Estudiantes L.P.,Gimnasia M.,8,Bet365,ou,over,2.5,2.15,api_football,heartbeat
2026-10-05T21:18:45Z,1493158,2026-10-05T22:00:00Z,41.2,T-1h,Argentina Primera Division,new_format,Estudiantes L.P.,Gimnasia M.,8,Bet365,ou,under,2.5,1.67,api_football,heartbeat
2026-10-05T21:18:45Z,1493158,2026-10-05T22:00:00Z,41.2,T-1h,Argentina Primera Division,new_format,Estudiantes L.P.,Gimnasia M.,8,Bet365,ou,over,3.5,3.75,api_football,heartbeat
2026-10-05T21:18:45Z,1493158,2026-10-05T22:00:00Z,41.2,T-1h,Argentina Primera Division,new_format,Estudiantes L.P.,Gimnasia M.,8,Bet365,ou,under,3.5,1.25,api_football,heartbeat
2026-10-05T21:18:45Z,1493158,2026-10-05T22:00:00Z,41.2,T-1h,Argentina Primera Division,new_format,Estudiantes L.P.,Gimnasia M.,8,Bet365,ht_ou,over,1.5,3.25,api_football,heartbeat
2026-10-05T21:18:45Z,1493158,2026-10-05T22:00:00Z,41.2,T-1h,Argentina Primera Division,new_format,Estudiantes L.P.,Gimnasia M.,8,Bet365,ht_ou,under,1.5,1.33,api_football,heartbeat
2026-10-05T21:18:45Z,1493158,2026-10-05T22:00:00Z,41.2,T-1h,Argentina Primera Division,new_format,Estudiantes L.P.,Gimnasia M.,8,Bet365,ht_ou,over,0.5,1.44,api_football,heartbeat
2026-10-05T21:18:45Z,1493158,2026-10-05T22:00:00Z,41.2,T-1h,Argentina Primera Division,new_format,Estudiantes L.P.,Gimnasia M.,8,Bet365,ht_ou,under,0.5,2.62,api_football,heartbeat
2026-10-05T21:18:45Z,1493158,2026-10-05T22:00:00Z,41.2,T-1h,Argentina Primera Division,new_format,Estudiantes L.P.,Gimnasia M.,8,Bet365,btts,yes,,2.1,api_football,heartbeat
2026-10-05T21:18:45Z,1493158,2026-10-05T22:00:00Z,41.2,T-1h,Argentina Primera Division,new_format,Estudiantes L.P.,Gimnasia M.,8,Bet365,btts,no,,1.67,api_football,heartbeat
2026-10-05T21:18:45Z,1493158,2026-10-05T22:00:00Z,41.2,T-1h,Argentina Primera Division,new_format,Estudiantes L.P.,Gimnasia M.,2,Marathonbet,ou,over,1.5,1.33,api_football,heartbeat
2026-10-05T21:18:45Z,1493158,2026-10-05T22:00:00Z,41.2,T-1h,Argentina Primera Division,new_format,Estudiantes L.P.,Gimnasia M.,2,Marathonbet,ou,under,1.5,2.83,api_football,heartbeat
2026-10-05T21:18:45Z,1493158,2026-10-05T22:00:00Z,41.2,T-1h,Argentina Primera Division,new_format,Estudiantes L.P.,Gimnasia M.,2,Marathonbet,ou,over,2.5,2.14,api_football,heartbeat
2026-10-05T21:18:45Z,1493158,2026-10-05T22:00:00Z,41.2,T-1h,Argentina Primera Division,new_format,Estudiantes L.P.,Gimnasia M.,2,Marathonbet,ou,under,2.5,1.66,api_football,heartbeat
2026-10-05T21:18:45Z,1493158,2026-10-05T22:00:00Z,41.2,T-1h,Argentina Primera Division,new_format,Estudiantes L.P.,Gimnasia M.,2,Marathonbet,ou,over,3.5,3.75,api_football,heartbeat
2026-10-05T21:18:45Z,1493158,2026-10-05T22:00:00Z,41.2,T-1h,Argentina Primera Division,new_format,Estudiantes L.P.,Gimnasia M.,2,Marathonbet,ou,under,3.5,1.19,api_football,heartbeat
2026-10-05T21:18:45Z,1493158,2026-10-05T22:00:00Z,41.2,T-1h,Argentina Primera Division,new_format,Estudiantes L.P.,Gimnasia M.,2,Marathonbet,ht_ou,over,1.5,2.92,api_football,heartbeat
2026-10-05T21:18:45Z,1493158,2026-10-05T22:00:00Z,41.2,T-1h,Argentina Primera Division,new_format,Estudiantes L.P.,Gimnasia M.,2,Marathonbet,ht_ou,under,1.5,1.34,api_football,heartbeat
2026-10-05T21:18:45Z,1493158,2026-10-05T22:00:00Z,41.2,T-1h,Argentina Primera Division,new_format,Estudiantes L.P.,Gimnasia M.,2,Marathonbet,ht_ou,over,0.5,1.41,api_football,heartbeat
2026-10-05T21:18:45Z,1493158,2026-10-05T22:00:00Z,41.2,T-1h,Argentina Primera Division,new_format,Estudiantes L.P.,Gimnasia M.,2,Marathonbet,ht_ou,under,0.5,2.64,api_football,heartbeat
2026-10-05T21:18:45Z,1493158,2026-10-05T22:00:00Z,41.2,T-1h,Argentina Primera Division,new_format,Estudiantes L.P.,Gimnasia M.,2,Marathonbet,btts,yes,,2.02,api_football,heartbeat
2026-10-05T21:18:45Z,1493158,2026-10-05T22:00:00Z,41.2,T-1h,Argentina Primera Division,new_format,Estudiantes L.P.,Gimnasia M.,2,Marathonbet,btts,no,,1.69,api_football,heartbeat
2026-10-05T21:18:45Z,1493158,2026-10-05T22:00:00Z,41.2,T-1h,Argentina Primera Division,new_format,Estudiantes L.P.,Gimnasia M.,3,Betfair,ou,over,1.5,1.36,api_football,heartbeat
2026-10-05T21:18:45Z,1493158,2026-10-05T22:00:00Z,41.2,T-1h,Argentina Primera Division,new_format,Estudiantes L.P.,Gimnasia M.,3,Betfair,ou,under,1.5,3.1,api_football,heartbeat
2026-10-05T21:18:45Z,1493158,2026-10-05T22:00:00Z,41.2,T-1h,Argentina Primera Division,new_format,Estudiantes L.P.,Gimnasia M.,3,Betfair,ou,over,2.5,2.15,api_football,heartbeat
2026-10-05T21:18:45Z,1493158,2026-10-05T22:00:00Z,41.2,T-1h,Argentina Primera Division,new_format,Estudiantes L.P.,Gimnasia M.,3,Betfair,ou,under,2.5,1.67,api_football,heartbeat
2026-10-05T21:18:45Z,1493158,2026-10-05T22:00:00Z,41.2,T-1h,Argentina Primera Division,new_format,Estudiantes L.P.,Gimnasia M.,3,Betfair,ou,over,3.5,4.2,api_football,change
2026-10-05T21:18:45Z,1493158,2026-10-05T22:00:00Z,41.2,T-1h,Argentina Primera Division,new_format,Estudiantes L.P.,Gimnasia M.,3,Betfair,ou,under,3.5,1.22,api_football,heartbeat
2026-10-05T21:18:45Z,1493158,2026-10-05T22:00:00Z,41.2,T-1h,Argentina Primera Division,new_format,Estudiantes L.P.,Gimnasia M.,3,Betfair,ht_ou,over,1.5,3.2,api_football,heartbeat
2026-10-05T21:18:45Z,1493158,2026-10-05T22:00:00Z,41.2,T-1h,Argentina Primera Division,new_format,Estudiantes L.P.,Gimnasia M.,3,Betfair,ht_ou,under,1.5,1.3,api_football,heartbeat
2026-10-05T21:18:45Z,1493158,2026-10-05T22:00:00Z,41.2,T-1h,Argentina Primera Division,new_format,Estudiantes L.P.,Gimnasia M.,3,Betfair,ht_ou,over,0.5,1.4,api_football,heartbeat
2026-10-05T21:18:45Z,1493158,2026-10-05T22:00:00Z,41.2,T-1h,Argentina Primera Division,new_format,Estudiantes L.P.,Gimnasia M.,3,Betfair,ht_ou,under,0.5,2.75,api_football,heartbeat
2026-10-05T21:18:45Z,1493158,2026-10-05T22:00:00Z,41.2,T-1h,Argentina Primera Division,new_format,Estudiantes L.P.,Gimnasia M.,3,Betfair,btts,yes,,2.05,api_football,heartbeat
2026-10-05T21:18:45Z,1493158,2026-10-05T22:00:00Z,41.2,T-1h,Argentina Primera Division,new_format,Estudiantes L.P.,Gimnasia M.,3,Betfair,btts,no,,1.75,api_football,heartbeat
2026-10-05T21:18:45Z,1493158,2026-10-05T22:00:00Z,41.2,T-1h,Argentina Primera Division,new_format,Estudiantes L.P.,Gimnasia M.,36,BetVictor,ou,over,1.5,1.36,api_football,heartbeat
2026-10-05T21:18:45Z,1493158,2026-10-05T22:00:00Z,41.2,T-1h,Argentina Primera Division,new_format,Estudiantes L.P.,Gimnasia M.,36,BetVictor,ou,under,1.5,3.1,api_football,heartbeat
2026-10-05T21:18:45Z,1493158,2026-10-05T22:00:00Z,41.2,T-1h,Argentina Primera Division,new_format,Estudiantes L.P.,Gimnasia M.,36,BetVictor,ou,over,2.5,2.08,api_football,heartbeat
2026-10-05T21:18:45Z,1493158,2026-10-05T22:00:00Z,41.2,T-1h,Argentina Primera Division,new_format,Estudiantes L.P.,Gimnasia M.,36,BetVictor,ou,under,2.5,1.64,api_football,heartbeat
2026-10-05T21:18:45Z,1493158,2026-10-05T22:00:00Z,41.2,T-1h,Argentina Primera Division,new_format,Estudiantes L.P.,Gimnasia M.,36,BetVictor,ou,over,3.5,4.2,api_football,heartbeat
2026-10-05T21:18:45Z,1493158,2026-10-05T22:00:00Z,41.2,T-1h,Argentina Primera Division,new_format,Estudiantes L.P.,Gimnasia M.,36,BetVictor,ou,under,3.5,1.22,api_football,heartbeat
2026-10-05T21:18:45Z,1493158,2026-10-05T22:00:00Z,41.2,T-1h,Argentina Primera Division,new_format,Estudiantes L.P.,Gimnasia M.,36,BetVictor,ht_ou,over,1.5,2.91,api_football,heartbeat
2026-10-05T21:18:45Z,1493158,2026-10-05T22:00:00Z,41.2,T-1h,Argentina Primera Division,new_format,Estudiantes L.P.,Gimnasia M.,36,BetVictor,ht_ou,under,1.5,1.34,api_football,heartbeat
2026-10-05T21:18:45Z,1493158,2026-10-05T22:00:00Z,41.2,T-1h,Argentina Primera Division,new_format,Estudiantes L.P.,Gimnasia M.,36,BetVictor,ht_ou,over,0.5,1.46,api_football,heartbeat
2026-10-05T21:18:45Z,1493158,2026-10-05T22:00:00Z,41.2,T-1h,Argentina Primera Division,new_format,Estudiantes L.P.,Gimnasia M.,36,BetVictor,ht_ou,under,0.5,2.48,api_football,heartbeat
2026-10-05T21:18:45Z,1493158,2026-10-05T22:00:00Z,41.2,T-1h,Argentina Primera Division,new_format,Estudiantes L.P.,Gimnasia M.,36,BetVictor,btts,yes,,2.05,api_football,heartbeat
2026-10-05T21:18:45Z,1493158,2026-10-05T22:00:00Z,41.2,T-1h,Argentina Primera Division,new_format,Estudiantes L.P.,Gimnasia M.,36,BetVictor,btts,no,,1.67,api_football,heartbeat
2026-10-05T21:18:45Z,1493158,2026-10-05T22:00:00Z,41.2,T-1h,Argentina Primera Division,new_format,Estudiantes L.P.,Gimnasia M.,4,Pinnacle,ou,over,1.5,1.39,api_football,heartbeat
2026-10-05T21:18:45Z,1493158,2026-10-05T22:00:00Z,41.2,T-1h,Argentina Primera Division,new_format,Estudiantes L.P.,Gimnasia M.,4,Pinnacle,ou,under,1.5,3.11,api_football,change
2026-10-05T21:18:45Z,1493158,2026-10-05T22:00:00Z,41.2,T-1h,Argentina Primera Division,new_format,Estudiantes L.P.,Gimnasia M.,4,Pinnacle,ou,over,2.5,2.24,api_football,heartbeat
2026-10-05T21:18:45Z,1493158,2026-10-05T22:00:00Z,41.2,T-1h,Argentina Primera Division,new_format,Estudiantes L.P.,Gimnasia M.,4,Pinnacle,ou,under,2.5,1.7,api_football,heartbeat
2026-10-05T21:18:45Z,1493158,2026-10-05T22:00:00Z,41.2,T-1h,Argentina Primera Division,new_format,Estudiantes L.P.,Gimnasia M.,4,Pinnacle,ou,over,3.5,4.28,api_football,change
2026-10-05T21:18:45Z,1493158,2026-10-05T22:00:00Z,41.2,T-1h,Argentina Primera Division,new_format,Estudiantes L.P.,Gimnasia M.,4,Pinnacle,ou,under,3.5,1.24,api_football,heartbeat
2026-10-05T21:18:45Z,1493158,2026-10-05T22:00:00Z,41.2,T-1h,Argentina Primera Division,new_format,Estudiantes L.P.,Gimnasia M.,4,Pinnacle,ht_ou,over,1.5,3.34,api_football,heartbeat
2026-10-05T21:18:45Z,1493158,2026-10-05T22:00:00Z,41.2,T-1h,Argentina Primera Division,new_format,Estudiantes L.P.,Gimnasia M.,4,Pinnacle,ht_ou,under,1.5,1.33,api_football,heartbeat
2026-10-05T21:18:45Z,1493158,2026-10-05T22:00:00Z,41.2,T-1h,Argentina Primera Division,new_format,Estudiantes L.P.,Gimnasia M.,4,Pinnacle,ht_ou,over,0.5,1.47,api_football,heartbeat
2026-10-05T21:18:45Z,1493158,2026-10-05T22:00:00Z,41.2,T-1h,Argentina Primera Division,new_format,Estudiantes L.P.,Gimnasia M.,4,Pinnacle,ht_ou,under,0.5,2.72,api_football,heartbeat
2026-10-05T21:18:45Z,1493158,2026-10-05T22:00:00Z,41.2,T-1h,Argentina Primera Division,new_format,Estudiantes L.P.,Gimnasia M.,5,SBO,ou,over,2.5,2.25,api_football,heartbeat
2026-10-05T21:18:45Z,1493158,2026-10-05T22:00:00Z,41.2,T-1h,Argentina Primera Division,new_format,Estudiantes L.P.,Gimnasia M.,5,SBO,ou,under,2.5,1.64,api_football,heartbeat
2026-10-05T21:18:45Z,1493158,2026-10-05T22:00:00Z,41.2,T-1h,Argentina Primera Division,new_format,Estudiantes L.P.,Gimnasia M.,11,1xBet,ou,over,1.5,1.33,api_football,heartbeat
2026-10-05T21:18:45Z,1493158,2026-10-05T22:00:00Z,41.2,T-1h,Argentina Primera Division,new_format,Estudiantes L.P.,Gimnasia M.,11,1xBet,ou,under,1.5,2.83,api_football,heartbeat
2026-10-05T21:18:45Z,1493158,2026-10-05T22:00:00Z,41.2,T-1h,Argentina Primera Division,new_format,Estudiantes L.P.,Gimnasia M.,11,1xBet,ou,over,2.5,2.17,api_football,heartbeat
2026-10-05T21:18:45Z,1493158,2026-10-05T22:00:00Z,41.2,T-1h,Argentina Primera Division,new_format,Estudiantes L.P.,Gimnasia M.,11,1xBet,ou,under,2.5,1.69,api_football,heartbeat
2026-10-05T21:18:45Z,1493158,2026-10-05T22:00:00Z,41.2,T-1h,Argentina Primera Division,new_format,Estudiantes L.P.,Gimnasia M.,11,1xBet,ou,over,3.5,3.75,api_football,heartbeat
2026-10-05T21:18:45Z,1493158,2026-10-05T22:00:00Z,41.2,T-1h,Argentina Primera Division,new_format,Estudiantes L.P.,Gimnasia M.,11,1xBet,ou,under,3.5,1.19,api_football,heartbeat
2026-10-05T21:18:45Z,1493158,2026-10-05T22:00:00Z,41.2,T-1h,Argentina Primera Division,new_format,Estudiantes L.P.,Gimnasia M.,11,1xBet,ht_ou,over,1.5,2.92,api_football,heartbeat
2026-10-05T21:18:45Z,1493158,2026-10-05T22:00:00Z,41.2,T-1h,Argentina Primera Division,new_format,Estudiantes L.P.,Gimnasia M.,11,1xBet,ht_ou,under,1.5,1.34,api_football,heartbeat
2026-10-05T21:18:45Z,1493158,2026-10-05T22:00:00Z,41.2,T-1h,Argentina Primera Division,new_format,Estudiantes L.P.,Gimnasia M.,11,1xBet,ht_ou,over,0.5,1.41,api_football,heartbeat
2026-10-05T21:18:45Z,1493158,2026-10-05T22:00:00Z,41.2,T-1h,Argentina Primera Division,new_format,Estudiantes L.P.,Gimnasia M.,11,1xBet,ht_ou,under,0.5,2.64,api_football,heartbeat
2026-10-05T21:18:45Z,1493158,2026-10-05T22:00:00Z,41.2,T-1h,Argentina Primera Division,new_format,Estudiantes L.P.,Gimnasia M.,11,1xBet,btts,yes,,2.02,api_football,heartbeat
2026-10-05T21:18:45Z,1493158,2026-10-05T22:00:00Z,41.2,T-1h,Argentina Primera Division,new_format,Estudiantes L.P.,Gimnasia M.,11,1xBet,btts,no,,1.71,api_football,heartbeat
2026-10-05T21:18:45Z,1493158,2026-10-05T22:00:00Z,41.2,T-1h,Argentina Primera Division,new_format,Estudiantes L.P.,Gimnasia M.,32,Betano,ou,over,1.5,1.42,api_football,heartbeat
2026-10-05T21:18:45Z,1493158,2026-10-05T22:00:00Z,41.2,T-1h,Argentina Primera Division,new_format,Estudiantes L.P.,Gimnasia M.,32,Betano,ou,under,1.5,3.0,api_football,heartbeat
2026-10-05T21:18:45Z,1493158,2026-10-05T22:00:00Z,41.2,T-1h,Argentina Primera Division,new_format,Estudiantes L.P.,Gimnasia M.,32,Betano,ou,over,2.5,2.22,api_football,heartbeat
2026-10-05T21:18:45Z,1493158,2026-10-05T22:00:00Z,41.2,T-1h,Argentina Primera Division,new_format,Estudiantes L.P.,Gimnasia M.,32,Betano,ou,under,2.5,1.7,api_football,heartbeat
2026-10-05T21:18:45Z,1493158,2026-10-05T22:00:00Z,41.2,T-1h,Argentina Primera Division,new_format,Estudiantes L.P.,Gimnasia M.,32,Betano,ou,over,3.5,3.95,api_football,heartbeat
2026-10-05T21:18:45Z,1493158,2026-10-05T22:00:00Z,41.2,T-1h,Argentina Primera Division,new_format,Estudiantes L.P.,Gimnasia M.,32,Betano,ou,under,3.5,1.26,api_football,heartbeat
2026-10-05T21:18:45Z,1493158,2026-10-05T22:00:00Z,41.2,T-1h,Argentina Primera Division,new_format,Estudiantes L.P.,Gimnasia M.,32,Betano,ht_ou,over,1.5,3.3,api_football,change
2026-10-05T21:18:45Z,1493158,2026-10-05T22:00:00Z,41.2,T-1h,Argentina Primera Division,new_format,Estudiantes L.P.,Gimnasia M.,32,Betano,ht_ou,under,1.5,1.34,api_football,change
2026-10-05T21:18:45Z,1493158,2026-10-05T22:00:00Z,41.2,T-1h,Argentina Primera Division,new_format,Estudiantes L.P.,Gimnasia M.,32,Betano,ht_ou,over,0.5,1.52,api_football,change
2026-10-05T21:18:45Z,1493158,2026-10-05T22:00:00Z,41.2,T-1h,Argentina Primera Division,new_format,Estudiantes L.P.,Gimnasia M.,32,Betano,ht_ou,under,0.5,2.55,api_football,change
2026-10-05T21:18:45Z,1493158,2026-10-05T22:00:00Z,41.2,T-1h,Argentina Primera Division,new_format,Estudiantes L.P.,Gimnasia M.,32,Betano,btts,yes,,2.07,api_football,heartbeat
2026-10-05T21:18:45Z,1493158,2026-10-05T22:00:00Z,41.2,T-1h,Argentina Primera Division,new_format,Estudiantes L.P.,Gimnasia M.,32,Betano,btts,no,,1.7,api_football,heartbeat
2026-10-05T21:18:45Z,1493168,2026-10-10T18:45:00Z,7046.2,FAR,Argentina Primera Division,new_format,Barracas Central,Huracan,36,BetVictor,ou,over,1.5,1.7,api_football,open
2026-10-05T21:18:45Z,1493168,2026-10-10T18:45:00Z,7046.2,FAR,Argentina Primera Division,new_format,Barracas Central,Huracan,36,BetVictor,ou,under,1.5,1.99,api_football,open
2026-10-05T21:18:45Z,1493168,2026-10-10T18:45:00Z,7046.2,FAR,Argentina Primera Division,new_format,Barracas Central,Huracan,36,BetVictor,ou,over,2.5,3.4,api_football,open
2026-10-05T21:18:45Z,1493168,2026-10-10T18:45:00Z,7046.2,FAR,Argentina Primera Division,new_format,Barracas Central,Huracan,36,BetVictor,ou,under,2.5,1.3,api_football,open
2026-10-05T21:18:45Z,1493168,2026-10-10T18:45:00Z,7046.2,FAR,Argentina Primera Division,new_format,Barracas Central,Huracan,36,BetVictor,ou,over,3.5,8.5,api_football,open
2026-10-05T21:18:45Z,1493168,2026-10-10T18:45:00Z,7046.2,FAR,Argentina Primera Division,new_format,Barracas Central,Huracan,36,BetVictor,ou,under,3.5,1.06,api_football,open
2026-10-05T21:18:45Z,1493168,2026-10-10T18:45:00Z,7046.2,FAR,Argentina Primera Division,new_format,Barracas Central,Huracan,36,BetVictor,ht_ou,over,1.5,4.8,api_football,open
2026-10-05T21:18:45Z,1493168,2026-10-10T18:45:00Z,7046.2,FAR,Argentina Primera Division,new_format,Barracas Central,Huracan,36,BetVictor,ht_ou,under,1.5,1.17,api_football,open
2026-10-05T21:18:45Z,1493168,2026-10-10T18:45:00Z,7046.2,FAR,Argentina Primera Division,new_format,Barracas Central,Huracan,36,BetVictor,ht_ou,over,0.5,1.68,api_football,open
2026-10-05T21:18:45Z,1493168,2026-10-10T18:45:00Z,7046.2,FAR,Argentina Primera Division,new_format,Barracas Central,Huracan,36,BetVictor,ht_ou,under,0.5,2.02,api_football,open
2026-10-05T21:18:45Z,1493168,2026-10-10T18:45:00Z,7046.2,FAR,Argentina Primera Division,new_format,Barracas Central,Huracan,36,BetVictor,btts,yes,,2.45,api_football,open
2026-10-05T21:18:45Z,1493168,2026-10-10T18:45:00Z,7046.2,FAR,Argentina Primera Division,new_format,Barracas Central,Huracan,36,BetVictor,btts,no,,1.47,api_football,open
2026-10-05T21:18:45Z,1493175,2026-10-11T22:15:00Z,8696.2,FAR,Argentina Primera Division,new_format,Racing Club,Belgrano Cordoba,7,William Hill,ht_ou,over,1.5,3.3,api_football,open
2026-10-05T21:18:45Z,1493175,2026-10-11T22:15:00Z,8696.2,FAR,Argentina Primera Division,new_format,Racing Club,Belgrano Cordoba,7,William Hill,ht_ou,under,1.5,1.3,api_football,open
2026-10-05T21:18:45Z,1493175,2026-10-11T22:15:00Z,8696.2,FAR,Argentina Primera Division,new_format,Racing Club,Belgrano Cordoba,7,William Hill,ht_ou,over,0.5,1.44,api_football,open
2026-10-05T21:18:45Z,1493175,2026-10-11T22:15:00Z,8696.2,FAR,Argentina Primera Division,new_format,Racing Club,Belgrano Cordoba,7,William Hill,ht_ou,under,0.5,2.5,api_football,open
2026-10-05T21:18:45Z,1493175,2026-10-11T22:15:00Z,8696.2,FAR,Argentina Primera Division,new_format,Racing Club,Belgrano Cordoba,7,William Hill,btts,yes,,1.95,api_football,open
2026-10-05T21:18:45Z,1493175,2026-10-11T22:15:00Z,8696.2,FAR,Argentina Primera Division,new_format,Racing Club,Belgrano Cordoba,7,William Hill,btts,no,,1.8,api_football,open
2026-10-05T21:18:45Z,1638101,2026-10-07T16:00:00Z,2561.2,FAR,Finland Veikkausliiga,new_format,Gnistan,Inter Turku,5,SBO,ou,over,2.5,1.72,api_football,open
2026-10-05T21:18:45Z,1638101,2026-10-07T16:00:00Z,2561.2,FAR,Finland Veikkausliiga,new_format,Gnistan,Inter Turku,5,SBO,ou,under,2.5,2.11,api_football,open
2026-10-05T21:18:45Z,1490326,2026-10-07T00:30:00Z,1631.2,FAR,USA MLS,new_format,Chicago Fire,Vancouver Whitecaps,5,SBO,ht_ou,over,1.5,2.19,api_football,open
2026-10-05T21:18:45Z,1490326,2026-10-07T00:30:00Z,1631.2,FAR,USA MLS,new_format,Chicago Fire,Vancouver Whitecaps,5,SBO,ht_ou,under,1.5,1.66,api_football,open
2026-10-05T23:54:01Z,1569964,2026-10-10T14:15:00Z,6621.0,FAR,La Liga 2,standard,AD Ceuta FC,Sabadell,8,Bet365,ou,over,1.5,1.33,api_football,open
2026-10-05T23:54:01Z,1569964,2026-10-10T14:15:00Z,6621.0,FAR,La Liga 2,standard,AD Ceuta FC,Sabadell,8,Bet365,ou,under,1.5,3.25,api_football,open
2026-10-05T23:54:01Z,1569964,2026-10-10T14:15:00Z,6621.0,FAR,La Liga 2,standard,AD Ceuta FC,Sabadell,8,Bet365,ou,over,2.5,2.08,api_football,open
2026-10-05T23:54:01Z,1569964,2026-10-10T14:15:00Z,6621.0,FAR,La Liga 2,standard,AD Ceuta FC,Sabadell,8,Bet365,ou,under,2.5,1.73,api_football,open
2026-10-05T23:54:01Z,1569964,2026-10-10T14:15:00Z,6621.0,FAR,La Liga 2,standard,AD Ceuta FC,Sabadell,8,Bet365,ou,over,3.5,3.75,api_football,open
2026-10-05T23:54:01Z,1569964,2026-10-10T14:15:00Z,6621.0,FAR,La Liga 2,standard,AD Ceuta FC,Sabadell,8,Bet365,ou,under,3.5,1.25,api_football,open
2026-10-05T23:54:01Z,1569964,2026-10-10T14:15:00Z,6621.0,FAR,La Liga 2,standard,AD Ceuta FC,Sabadell,8,Bet365,btts,yes,,1.83,api_football,open
2026-10-05T23:54:01Z,1569964,2026-10-10T14:15:00Z,6621.0,FAR,La Liga 2,standard,AD Ceuta FC,Sabadell,8,Bet365,btts,no,,1.83,api_football,open
2026-10-05T23:54:01Z,1569964,2026-10-10T14:15:00Z,6621.0,FAR,La Liga 2,standard,AD Ceuta FC,Sabadell,3,Betfair,ou,over,2.5,1.95,api_football,open
2026-10-05T23:54:01Z,1569964,2026-10-10T14:15:00Z,6621.0,FAR,La Liga 2,standard,AD Ceuta FC,Sabadell,3,Betfair,ou,under,2.5,1.75,api_football,open
2026-10-05T23:54:01Z,1569965,2026-10-10T16:30:00Z,6756.0,FAR,La Liga 2,standard,Eldense,Cordoba,7,William Hill,ht_ou,over,1.5,2.25,api_football,open
2026-10-05T23:54:01Z,1569965,2026-10-10T16:30:00Z,6756.0,FAR,La Liga 2,standard,Eldense,Cordoba,7,William Hill,ht_ou,under,1.5,1.57,api_football,open
2026-10-05T23:54:01Z,1569965,2026-10-10T16:30:00Z,6756.0,FAR,La Liga 2,standard,Eldense,Cordoba,7,William Hill,ht_ou,over,0.5,1.25,api_football,open
2026-10-05T23:54:01Z,1569965,2026-10-10T16:30:00Z,6756.0,FAR,La Liga 2,standard,Eldense,Cordoba,7,William Hill,ht_ou,under,0.5,3.6,api_football,open
2026-10-05T23:54:01Z,1569965,2026-10-10T16:30:00Z,6756.0,FAR,La Liga 2,standard,Eldense,Cordoba,7,William Hill,btts,yes,,1.44,api_football,open
2026-10-05T23:54:01Z,1569965,2026-10-10T16:30:00Z,6756.0,FAR,La Liga 2,standard,Eldense,Cordoba,7,William Hill,btts,no,,2.5,api_football,open
2026-10-05T23:54:01Z,1569965,2026-10-10T16:30:00Z,6756.0,FAR,La Liga 2,standard,Eldense,Cordoba,8,Bet365,ou,over,1.5,1.17,api_football,open
2026-10-05T23:54:01Z,1569965,2026-10-10T16:30:00Z,6756.0,FAR,La Liga 2,standard,Eldense,Cordoba,8,Bet365,ou,under,1.5,5.0,api_football,open
2026-10-05T23:54:01Z,1569965,2026-10-10T16:30:00Z,6756.0,FAR,La Liga 2,standard,Eldense,Cordoba,8,Bet365,ou,over,2.5,1.57,api_football,open
2026-10-05T23:54:01Z,1569965,2026-10-10T16:30:00Z,6756.0,FAR,La Liga 2,standard,Eldense,Cordoba,8,Bet365,ou,under,2.5,2.35,api_football,open
2026-10-05T23:54:01Z,1569965,2026-10-10T16:30:00Z,6756.0,FAR,La Liga 2,standard,Eldense,Cordoba,8,Bet365,ou,over,3.5,2.25,api_football,open
2026-10-05T23:54:01Z,1569965,2026-10-10T16:30:00Z,6756.0,FAR,La Liga 2,standard,Eldense,Cordoba,8,Bet365,ou,under,3.5,1.57,api_football,open
2026-10-05T23:54:01Z,1569965,2026-10-10T16:30:00Z,6756.0,FAR,La Liga 2,standard,Eldense,Cordoba,8,Bet365,btts,yes,,1.5,api_football,open
2026-10-05T23:54:01Z,1569965,2026-10-10T16:30:00Z,6756.0,FAR,La Liga 2,standard,Eldense,Cordoba,8,Bet365,btts,no,,2.5,api_football,open
2026-10-05T23:54:01Z,1569965,2026-10-10T16:30:00Z,6756.0,FAR,La Liga 2,standard,Eldense,Cordoba,2,Marathonbet,ou,over,1.5,1.11,api_football,open
2026-10-05T23:54:01Z,1569965,2026-10-10T16:30:00Z,6756.0,FAR,La Liga 2,standard,Eldense,Cordoba,2,Marathonbet,ou,under,1.5,4.95,api_football,open
2026-10-05T23:54:01Z,1569965,2026-10-10T16:30:00Z,6756.0,FAR,La Liga 2,standard,Eldense,Cordoba,2,Marathonbet,ou,over,2.5,1.48,api_football,open
2026-10-05T23:54:01Z,1569965,2026-10-10T16:30:00Z,6756.0,FAR,La Liga 2,standard,Eldense,Cordoba,2,Marathonbet,ou,under,2.5,2.33,api_football,open
2026-10-05T23:54:01Z,1569965,2026-10-10T16:30:00Z,6756.0,FAR,La Liga 2,standard,Eldense,Cordoba,2,Marathonbet,ou,over,3.5,2.29,api_football,open
2026-10-05T23:54:01Z,1569965,2026-10-10T16:30:00Z,6756.0,FAR,La Liga 2,standard,Eldense,Cordoba,2,Marathonbet,ou,under,3.5,1.58,api_football,open
2026-10-05T23:54:01Z,1569965,2026-10-10T16:30:00Z,6756.0,FAR,La Liga 2,standard,Eldense,Cordoba,2,Marathonbet,ht_ou,over,1.5,2.18,api_football,open
2026-10-05T23:54:01Z,1569965,2026-10-10T16:30:00Z,6756.0,FAR,La Liga 2,standard,Eldense,Cordoba,2,Marathonbet,ht_ou,under,1.5,1.62,api_football,open
2026-10-05T23:54:01Z,1569965,2026-10-10T16:30:00Z,6756.0,FAR,La Liga 2,standard,Eldense,Cordoba,2,Marathonbet,ht_ou,over,0.5,1.23,api_football,open
2026-10-05T23:54:01Z,1569965,2026-10-10T16:30:00Z,6756.0,FAR,La Liga 2,standard,Eldense,Cordoba,2,Marathonbet,ht_ou,under,0.5,3.48,api_football,open
2026-10-05T23:54:01Z,1569965,2026-10-10T16:30:00Z,6756.0,FAR,La Liga 2,standard,Eldense,Cordoba,2,Marathonbet,btts,yes,,1.43,api_football,open
2026-10-05T23:54:01Z,1569965,2026-10-10T16:30:00Z,6756.0,FAR,La Liga 2,standard,Eldense,Cordoba,2,Marathonbet,btts,no,,2.58,api_football,open
2026-10-05T23:54:01Z,1569965,2026-10-10T16:30:00Z,6756.0,FAR,La Liga 2,standard,Eldense,Cordoba,3,Betfair,ht_ou,over,1.5,2.25,api_football,open
2026-10-05T23:54:01Z,1569965,2026-10-10T16:30:00Z,6756.0,FAR,La Liga 2,standard,Eldense,Cordoba,3,Betfair,ht_ou,under,1.5,1.57,api_football,open
2026-10-05T23:54:01Z,1569965,2026-10-10T16:30:00Z,6756.0,FAR,La Liga 2,standard,Eldense,Cordoba,3,Betfair,ht_ou,over,0.5,1.22,api_football,open
2026-10-05T23:54:01Z,1569965,2026-10-10T16:30:00Z,6756.0,FAR,La Liga 2,standard,Eldense,Cordoba,3,Betfair,ht_ou,under,0.5,3.75,api_football,open
2026-10-05T23:54:01Z,1569965,2026-10-10T16:30:00Z,6756.0,FAR,La Liga 2,standard,Eldense,Cordoba,36,BetVictor,ou,over,1.5,1.14,api_football,open
2026-10-05T23:54:01Z,1569965,2026-10-10T16:30:00Z,6756.0,FAR,La Liga 2,standard,Eldense,Cordoba,36,BetVictor,ou,under,1.5,5.0,api_football,open
2026-10-05T23:54:01Z,1569965,2026-10-10T16:30:00Z,6756.0,FAR,La Liga 2,standard,Eldense,Cordoba,36,BetVictor,ou,over,2.5,1.53,api_football,open
2026-10-05T23:54:01Z,1569965,2026-10-10T16:30:00Z,6756.0,FAR,La Liga 2,standard,Eldense,Cordoba,36,BetVictor,ou,under,2.5,2.29,api_football,open
2026-10-05T23:54:01Z,1569965,2026-10-10T16:30:00Z,6756.0,FAR,La Liga 2,standard,Eldense,Cordoba,36,BetVictor,ou,over,3.5,2.25,api_football,open
2026-10-05T23:54:01Z,1569965,2026-10-10T16:30:00Z,6756.0,FAR,La Liga 2,standard,Eldense,Cordoba,36,BetVictor,ou,under,3.5,1.55,api_football,open
2026-10-05T23:54:01Z,1569965,2026-10-10T16:30:00Z,6756.0,FAR,La Liga 2,standard,Eldense,Cordoba,36,BetVictor,ht_ou,over,1.5,2.22,api_football,open
2026-10-05T23:54:01Z,1569965,2026-10-10T16:30:00Z,6756.0,FAR,La Liga 2,standard,Eldense,Cordoba,36,BetVictor,ht_ou,under,1.5,1.56,api_football,open
2026-10-05T23:54:01Z,1569965,2026-10-10T16:30:00Z,6756.0,FAR,La Liga 2,standard,Eldense,Cordoba,36,BetVictor,ht_ou,over,0.5,1.25,api_football,open
2026-10-05T23:54:01Z,1569965,2026-10-10T16:30:00Z,6756.0,FAR,La Liga 2,standard,Eldense,Cordoba,36,BetVictor,ht_ou,under,0.5,3.5,api_football,open
2026-10-05T23:54:01Z,1569965,2026-10-10T16:30:00Z,6756.0,FAR,La Liga 2,standard,Eldense,Cordoba,36,BetVictor,btts,yes,,1.44,api_football,open
2026-10-05T23:54:01Z,1569965,2026-10-10T16:30:00Z,6756.0,FAR,La Liga 2,standard,Eldense,Cordoba,36,BetVictor,btts,no,,2.55,api_football,open
2026-10-05T23:54:01Z,1569965,2026-10-10T16:30:00Z,6756.0,FAR,La Liga 2,standard,Eldense,Cordoba,11,1xBet,ou,over,1.5,1.11,api_football,open
2026-10-05T23:54:01Z,1569965,2026-10-10T16:30:00Z,6756.0,FAR,La Liga 2,standard,Eldense,Cordoba,11,1xBet,ou,under,1.5,4.95,api_football,open
2026-10-05T23:54:01Z,1569965,2026-10-10T16:30:00Z,6756.0,FAR,La Liga 2,standard,Eldense,Cordoba,11,1xBet,ou,over,2.5,1.48,api_football,open
2026-10-05T23:54:01Z,1569965,2026-10-10T16:30:00Z,6756.0,FAR,La Liga 2,standard,Eldense,Cordoba,11,1xBet,ou,under,2.5,2.33,api_football,open
2026-10-05T23:54:01Z,1569965,2026-10-10T16:30:00Z,6756.0,FAR,La Liga 2,standard,Eldense,Cordoba,11,1xBet,ou,over,3.5,2.35,api_football,open
2026-10-05T23:54:01Z,1569965,2026-10-10T16:30:00Z,6756.0,FAR,La Liga 2,standard,Eldense,Cordoba,11,1xBet,ou,under,3.5,1.62,api_football,open
2026-10-05T23:54:01Z,1569965,2026-10-10T16:30:00Z,6756.0,FAR,La Liga 2,standard,Eldense,Cordoba,11,1xBet,ht_ou,over,1.5,2.18,api_football,open
2026-10-05T23:54:01Z,1569965,2026-10-10T16:30:00Z,6756.0,FAR,La Liga 2,standard,Eldense,Cordoba,11,1xBet,ht_ou,under,1.5,1.62,api_football,open
2026-10-05T23:54:01Z,1569965,2026-10-10T16:30:00Z,6756.0,FAR,La Liga 2,standard,Eldense,Cordoba,11,1xBet,ht_ou,over,0.5,1.23,api_football,open
2026-10-05T23:54:01Z,1569965,2026-10-10T16:30:00Z,6756.0,FAR,La Liga 2,standard,Eldense,Cordoba,11,1xBet,ht_ou,under,0.5,3.48,api_football,open
2026-10-05T23:54:01Z,1569965,2026-10-10T16:30:00Z,6756.0,FAR,La Liga 2,standard,Eldense,Cordoba,11,1xBet,btts,yes,,1.43,api_football,open
2026-10-05T23:54:01Z,1569965,2026-10-10T16:30:00Z,6756.0,FAR,La Liga 2,standard,Eldense,Cordoba,11,1xBet,btts,no,,2.63,api_football,open
2026-10-05T23:54:01Z,1569965,2026-10-10T16:30:00Z,6756.0,FAR,La Liga 2,standard,Eldense,Cordoba,32,Betano,ou,over,1.5,1.18,api_football,open
2026-10-05T23:54:01Z,1569965,2026-10-10T16:30:00Z,6756.0,FAR,La Liga 2,standard,Eldense,Cordoba,32,Betano,ou,under,1.5,4.9,api_football,open
2026-10-05T23:54:01Z,1569965,2026-10-10T16:30:00Z,6756.0,FAR,La Liga 2,standard,Eldense,Cordoba,32,Betano,ou,over,2.5,1.57,api_football,open
2026-10-05T23:54:01Z,1569965,2026-10-10T16:30:00Z,6756.0,FAR,La Liga 2,standard,Eldense,Cordoba,32,Betano,ou,under,2.5,2.5,api_football,open
2026-10-05T23:54:01Z,1569965,2026-10-10T16:30:00Z,6756.0,FAR,La Liga 2,standard,Eldense,Cordoba,32,Betano,ou,over,3.5,2.35,api_football,open
2026-10-05T23:54:01Z,1569965,2026-10-10T16:30:00Z,6756.0,FAR,La Liga 2,standard,Eldense,Cordoba,32,Betano,ou,under,3.5,1.62,api_football,open
2026-10-05T23:54:01Z,1569965,2026-10-10T16:30:00Z,6756.0,FAR,La Liga 2,standard,Eldense,Cordoba,32,Betano,ht_ou,over,1.5,2.32,api_football,open
2026-10-05T23:54:01Z,1569965,2026-10-10T16:30:00Z,6756.0,FAR,La Liga 2,standard,Eldense,Cordoba,32,Betano,ht_ou,under,1.5,1.62,api_football,open
2026-10-05T23:54:01Z,1569965,2026-10-10T16:30:00Z,6756.0,FAR,La Liga 2,standard,Eldense,Cordoba,32,Betano,ht_ou,over,0.5,1.31,api_football,open
2026-10-05T23:54:01Z,1569965,2026-10-10T16:30:00Z,6756.0,FAR,La Liga 2,standard,Eldense,Cordoba,32,Betano,ht_ou,under,0.5,3.35,api_football,open
2026-10-05T23:54:01Z,1569965,2026-10-10T16:30:00Z,6756.0,FAR,La Liga 2,standard,Eldense,Cordoba,32,Betano,btts,yes,,1.45,api_football,open
2026-10-05T23:54:01Z,1569965,2026-10-10T16:30:00Z,6756.0,FAR,La Liga 2,standard,Eldense,Cordoba,32,Betano,btts,no,,2.62,api_football,open
2026-10-05T23:54:01Z,1569963,2026-10-10T19:00:00Z,6906.0,FAR,La Liga 2,standard,Celta de Vigo II,Real Sociedad II,8,Bet365,ou,over,1.5,1.2,api_football,open
2026-10-05T23:54:01Z,1569963,2026-10-10T19:00:00Z,6906.0,FAR,La Liga 2,standard,Celta de Vigo II,Real Sociedad II,8,Bet365,ou,under,1.5,4.33,api_football,open
2026-10-05T23:54:01Z,1569963,2026-10-10T19:00:00Z,6906.0,FAR,La Liga 2,standard,Celta de Vigo II,Real Sociedad II,8,Bet365,ou,over,2.5,1.7,api_football,open
2026-10-05T23:54:01Z,1569963,2026-10-10T19:00:00Z,6906.0,FAR,La Liga 2,standard,Celta de Vigo II,Real Sociedad II,8,Bet365,ou,under,2.5,2.1,api_football,open
2026-10-05T23:54:01Z,1569963,2026-10-10T19:00:00Z,6906.0,FAR,La Liga 2,standard,Celta de Vigo II,Real Sociedad II,8,Bet365,ou,over,3.5,2.62,api_football,open
2026-10-05T23:54:01Z,1569963,2026-10-10T19:00:00Z,6906.0,FAR,La Liga 2,standard,Celta de Vigo II,Real Sociedad II,8,Bet365,ou,under,3.5,1.44,api_football,open
2026-10-05T23:54:01Z,1569963,2026-10-10T19:00:00Z,6906.0,FAR,La Liga 2,standard,Celta de Vigo II,Real Sociedad II,8,Bet365,ht_ou,over,1.5,2.5,api_football,open
2026-10-05T23:54:01Z,1569963,2026-10-10T19:00:00Z,6906.0,FAR,La Liga 2,standard,Celta de Vigo II,Real Sociedad II,8,Bet365,ht_ou,under,1.5,1.5,api_football,open
2026-10-05T23:54:01Z,1569963,2026-10-10T19:00:00Z,6906.0,FAR,La Liga 2,standard,Celta de Vigo II,Real Sociedad II,8,Bet365,ht_ou,over,0.5,1.33,api_football,open
2026-10-05T23:54:01Z,1569963,2026-10-10T19:00:00Z,6906.0,FAR,La Liga 2,standard,Celta de Vigo II,Real Sociedad II,8,Bet365,ht_ou,under,0.5,3.25,api_football,open
2026-10-05T23:54:01Z,1569963,2026-10-10T19:00:00Z,6906.0,FAR,La Liga 2,standard,Celta de Vigo II,Real Sociedad II,8,Bet365,btts,yes,,1.57,api_football,open
2026-10-05T23:54:01Z,1569963,2026-10-10T19:00:00Z,6906.0,FAR,La Liga 2,standard,Celta de Vigo II,Real Sociedad II,8,Bet365,btts,no,,2.25,api_football,open
2026-10-05T23:54:01Z,1569959,2026-10-11T14:15:00Z,8061.0,FAR,La Liga 2,standard,Almeria,Leganes,8,Bet365,ht_ou,over,1.5,2.2,api_football,open
2026-10-05T23:54:01Z,1569959,2026-10-11T14:15:00Z,8061.0,FAR,La Liga 2,standard,Almeria,Leganes,8,Bet365,ht_ou,under,1.5,1.62,api_football,open
2026-10-05T23:54:01Z,1569959,2026-10-11T14:15:00Z,8061.0,FAR,La Liga 2,standard,Almeria,Leganes,8,Bet365,ht_ou,over,0.5,1.25,api_football,open
2026-10-05T23:54:01Z,1569959,2026-10-11T14:15:00Z,8061.0,FAR,La Liga 2,standard,Almeria,Leganes,8,Bet365,ht_ou,under,0.5,3.75,api_football,open
2026-10-05T23:54:01Z,1569966,2026-10-11T16:30:00Z,8196.0,FAR,La Liga 2,standard,Mallorca,Las Palmas,8,Bet365,ht_ou,over,1.5,2.62,api_football,open
2026-10-05T23:54:01Z,1569966,2026-10-11T16:30:00Z,8196.0,FAR,La Liga 2,standard,Mallorca,Las Palmas,8,Bet365,ht_ou,under,1.5,1.44,api_football,open
2026-10-05T23:54:01Z,1569966,2026-10-11T16:30:00Z,8196.0,FAR,La Liga 2,standard,Mallorca,Las Palmas,8,Bet365,ht_ou,over,0.5,1.36,api_football,open
2026-10-05T23:54:01Z,1569966,2026-10-11T16:30:00Z,8196.0,FAR,La Liga 2,standard,Mallorca,Las Palmas,8,Bet365,ht_ou,under,0.5,3.0,api_football,open
2026-10-05T23:54:01Z,1569966,2026-10-11T16:30:00Z,8196.0,FAR,La Liga 2,standard,Mallorca,Las Palmas,5,SBO,ou,over,2.5,1.85,api_football,open
2026-10-05T23:54:01Z,1569966,2026-10-11T16:30:00Z,8196.0,FAR,La Liga 2,standard,Mallorca,Las Palmas,5,SBO,ou,under,2.5,1.97,api_football,open
2026-10-05T23:54:01Z,1569962,2026-10-11T19:00:00Z,8346.0,FAR,La Liga 2,standard,Cadiz,Sporting Gijon,8,Bet365,ht_ou,over,1.5,3.0,api_football,open
2026-10-05T23:54:01Z,1569962,2026-10-11T19:00:00Z,8346.0,FAR,La Liga 2,standard,Cadiz,Sporting Gijon,8,Bet365,ht_ou,under,1.5,1.36,api_football,open
2026-10-05T23:54:01Z,1569962,2026-10-11T19:00:00Z,8346.0,FAR,La Liga 2,standard,Cadiz,Sporting Gijon,8,Bet365,ht_ou,over,0.5,1.44,api_football,open
2026-10-05T23:54:01Z,1569962,2026-10-11T19:00:00Z,8346.0,FAR,La Liga 2,standard,Cadiz,Sporting Gijon,8,Bet365,ht_ou,under,0.5,2.62,api_football,open
2026-10-05T23:54:01Z,1569969,2026-10-12T12:00:00Z,9366.0,FAR,La Liga 2,standard,Valladolid,Albacete,8,Bet365,ht_ou,over,1.5,2.75,api_football,open
2026-10-05T23:54:01Z,1569969,2026-10-12T12:00:00Z,9366.0,FAR,La Liga 2,standard,Valladolid,Albacete,8,Bet365,ht_ou,under,1.5,1.4,api_football,open
2026-10-05T23:54:01Z,1569969,2026-10-12T12:00:00Z,9366.0,FAR,La Liga 2,standard,Valladolid,Albacete,8,Bet365,ht_ou,over,0.5,1.36,api_football,open
2026-10-05T23:54:01Z,1569969,2026-10-12T12:00:00Z,9366.0,FAR,La Liga 2,standard,Valladolid,Albacete,8,Bet365,ht_ou,under,0.5,3.0,api_football,open
2026-10-05T23:54:01Z,1569969,2026-10-12T12:00:00Z,9366.0,FAR,La Liga 2,standard,Valladolid,Albacete,4,Pinnacle,ou,over,1.5,1.32,api_football,open
2026-10-05T23:54:01Z,1569969,2026-10-12T12:00:00Z,9366.0,FAR,La Liga 2,standard,Valladolid,Albacete,4,Pinnacle,ou,under,1.5,3.39,api_football,open
2026-10-05T23:54:01Z,1569969,2026-10-12T12:00:00Z,9366.0,FAR,La Liga 2,standard,Valladolid,Albacete,4,Pinnacle,ou,over,2.5,2.05,api_football,open
2026-10-05T23:54:01Z,1569969,2026-10-12T12:00:00Z,9366.0,FAR,La Liga 2,standard,Valladolid,Albacete,4,Pinnacle,ou,under,2.5,1.8,api_football,open
2026-10-05T23:54:01Z,1569969,2026-10-12T12:00:00Z,9366.0,FAR,La Liga 2,standard,Valladolid,Albacete,4,Pinnacle,ou,over,3.5,3.48,api_football,open
2026-10-05T23:54:01Z,1569969,2026-10-12T12:00:00Z,9366.0,FAR,La Liga 2,standard,Valladolid,Albacete,4,Pinnacle,ou,under,3.5,1.3,api_football,open
2026-10-05T23:54:01Z,1569969,2026-10-12T12:00:00Z,9366.0,FAR,La Liga 2,standard,Valladolid,Albacete,4,Pinnacle,ht_ou,over,1.5,3.0,api_football,open
2026-10-05T23:54:01Z,1569969,2026-10-12T12:00:00Z,9366.0,FAR,La Liga 2,standard,Valladolid,Albacete,4,Pinnacle,ht_ou,under,1.5,1.37,api_football,open
2026-10-05T23:54:01Z,1569969,2026-10-12T12:00:00Z,9366.0,FAR,La Liga 2,standard,Valladolid,Albacete,4,Pinnacle,ht_ou,over,0.5,1.39,api_football,open
2026-10-05T23:54:01Z,1569969,2026-10-12T12:00:00Z,9366.0,FAR,La Liga 2,standard,Valladolid,Albacete,4,Pinnacle,ht_ou,under,0.5,2.89,api_football,open
2026-10-05T23:54:01Z,1569961,2026-10-12T14:15:00Z,9501.0,FAR,La Liga 2,standard,Burgos,Granada CF,7,William Hill,ht_ou,over,1.5,3.0,api_football,open
2026-10-05T23:54:01Z,1569961,2026-10-12T14:15:00Z,9501.0,FAR,La Liga 2,standard,Burgos,Granada CF,7,William Hill,ht_ou,under,1.5,1.35,api_football,open
2026-10-05T23:54:01Z,1569961,2026-10-12T14:15:00Z,9501.0,FAR,La Liga 2,standard,Burgos,Granada CF,7,William Hill,ht_ou,over,0.5,1.4,api_football,open
2026-10-05T23:54:01Z,1569961,2026-10-12T14:15:00Z,9501.0,FAR,La Liga 2,standard,Burgos,Granada CF,7,William Hill,ht_ou,under,0.5,2.7,api_football,open
2026-10-05T23:54:01Z,1569961,2026-10-12T14:15:00Z,9501.0,FAR,La Liga 2,standard,Burgos,Granada CF,7,William Hill,btts,yes,,1.73,api_football,open
2026-10-05T23:54:01Z,1569961,2026-10-12T14:15:00Z,9501.0,FAR,La Liga 2,standard,Burgos,Granada CF,7,William Hill,btts,no,,2.0,api_football,open
2026-10-05T23:54:01Z,1569961,2026-10-12T14:15:00Z,9501.0,FAR,La Liga 2,standard,Burgos,Granada CF,8,Bet365,ou,over,1.5,1.28,api_football,open
2026-10-05T23:54:01Z,1569961,2026-10-12T14:15:00Z,9501.0,FAR,La Liga 2,standard,Burgos,Granada CF,8,Bet365,ou,under,1.5,3.5,api_football,open
2026-10-05T23:54:01Z,1569961,2026-10-12T14:15:00Z,9501.0,FAR,La Liga 2,standard,Burgos,Granada CF,8,Bet365,ou,over,2.5,1.9,api_football,open
2026-10-05T23:54:01Z,1569961,2026-10-12T14:15:00Z,9501.0,FAR,La Liga 2,standard,Burgos,Granada CF,8,Bet365,ou,under,2.5,1.9,api_football,open
2026-10-05T23:54:01Z,1569961,2026-10-12T14:15:00Z,9501.0,FAR,La Liga 2,standard,Burgos,Granada CF,8,Bet365,ou,over,3.5,3.25,api_football,open
2026-10-05T23:54:01Z,1569961,2026-10-12T14:15:00Z,9501.0,FAR,La Liga 2,standard,Burgos,Granada CF,8,Bet365,ou,under,3.5,1.33,api_football,open
2026-10-05T23:54:01Z,1569961,2026-10-12T14:15:00Z,9501.0,FAR,La Liga 2,standard,Burgos,Granada CF,8,Bet365,ht_ou,over,1.5,2.75,api_football,open
2026-10-05T23:54:01Z,1569961,2026-10-12T14:15:00Z,9501.0,FAR,La Liga 2,standard,Burgos,Granada CF,8,Bet365,ht_ou,under,1.5,1.4,api_football,open
2026-10-05T23:54:01Z,1569961,2026-10-12T14:15:00Z,9501.0,FAR,La Liga 2,standard,Burgos,Granada CF,8,Bet365,ht_ou,over,0.5,1.36,api_football,open
2026-10-05T23:54:01Z,1569961,2026-10-12T14:15:00Z,9501.0,FAR,La Liga 2,standard,Burgos,Granada CF,8,Bet365,ht_ou,under,0.5,3.0,api_football,open
2026-10-05T23:54:01Z,1569961,2026-10-12T14:15:00Z,9501.0,FAR,La Liga 2,standard,Burgos,Granada CF,8,Bet365,btts,yes,,1.73,api_football,open
2026-10-05T23:54:01Z,1569961,2026-10-12T14:15:00Z,9501.0,FAR,La Liga 2,standard,Burgos,Granada CF,8,Bet365,btts,no,,2.0,api_football,open
2026-10-05T23:54:01Z,1569961,2026-10-12T14:15:00Z,9501.0,FAR,La Liga 2,standard,Burgos,Granada CF,2,Marathonbet,ou,over,1.5,1.27,api_football,open
2026-10-05T23:54:01Z,1569961,2026-10-12T14:15:00Z,9501.0,FAR,La Liga 2,standard,Burgos,Granada CF,2,Marathonbet,ou,under,1.5,3.14,api_football,open
2026-10-05T23:54:01Z,1569961,2026-10-12T14:15:00Z,9501.0,FAR,La Liga 2,standard,Burgos,Granada CF,2,Marathonbet,ou,over,2.5,1.95,api_football,open
2026-10-05T23:54:01Z,1569961,2026-10-12T14:15:00Z,9501.0,FAR,La Liga 2,standard,Burgos,Granada CF,2,Marathonbet,ou,under,2.5,1.79,api_football,open
2026-10-05T23:54:01Z,1569961,2026-10-12T14:15:00Z,9501.0,FAR,La Liga 2,standard,Burgos,Granada CF,2,Marathonbet,ou,over,3.5,3.28,api_football,open
2026-10-05T23:54:01Z,1569961,2026-10-12T14:15:00Z,9501.0,FAR,La Liga 2,standard,Burgos,Granada CF,2,Marathonbet,ou,under,3.5,1.25,api_football,open
2026-10-05T23:54:01Z,1569961,2026-10-12T14:15:00Z,9501.0,FAR,La Liga 2,standard,Burgos,Granada CF,2,Marathonbet,ht_ou,over,1.5,2.82,api_football,open
2026-10-05T23:54:01Z,1569961,2026-10-12T14:15:00Z,9501.0,FAR,La Liga 2,standard,Burgos,Granada CF,2,Marathonbet,ht_ou,under,1.5,1.36,api_football,open
2026-10-05T23:54:01Z,1569961,2026-10-12T14:15:00Z,9501.0,FAR,La Liga 2,standard,Burgos,Granada CF,2,Marathonbet,ht_ou,over,0.5,1.39,api_football,open
2026-10-05T23:54:01Z,1569961,2026-10-12T14:15:00Z,9501.0,FAR,La Liga 2,standard,Burgos,Granada CF,2,Marathonbet,ht_ou,under,0.5,2.7,api_football,open
2026-10-05T23:54:01Z,1569961,2026-10-12T14:15:00Z,9501.0,FAR,La Liga 2,standard,Burgos,Granada CF,2,Marathonbet,btts,yes,,1.74,api_football,open
2026-10-05T23:54:01Z,1569961,2026-10-12T14:15:00Z,9501.0,FAR,La Liga 2,standard,Burgos,Granada CF,2,Marathonbet,btts,no,,1.95,api_football,open
2026-10-05T23:54:01Z,1569961,2026-10-12T14:15:00Z,9501.0,FAR,La Liga 2,standard,Burgos,Granada CF,3,Betfair,ht_ou,over,1.5,3.0,api_football,open
2026-10-05T23:54:01Z,1569961,2026-10-12T14:15:00Z,9501.0,FAR,La Liga 2,standard,Burgos,Granada CF,3,Betfair,ht_ou,under,1.5,1.33,api_football,open
2026-10-05T23:54:01Z,1569961,2026-10-12T14:15:00Z,9501.0,FAR,La Liga 2,standard,Burgos,Granada CF,3,Betfair,ht_ou,over,0.5,1.4,api_football,open
2026-10-05T23:54:01Z,1569961,2026-10-12T14:15:00Z,9501.0,FAR,La Liga 2,standard,Burgos,Granada CF,3,Betfair,ht_ou,under,0.5,2.75,api_football,open
2026-10-05T23:54:01Z,1569961,2026-10-12T14:15:00Z,9501.0,FAR,La Liga 2,standard,Burgos,Granada CF,4,Pinnacle,ou,over,1.5,1.34,api_football,open
2026-10-05T23:54:01Z,1569961,2026-10-12T14:15:00Z,9501.0,FAR,La Liga 2,standard,Burgos,Granada CF,4,Pinnacle,ou,under,1.5,3.24,api_football,open
2026-10-05T23:54:01Z,1569961,2026-10-12T14:15:00Z,9501.0,FAR,La Liga 2,standard,Burgos,Granada CF,4,Pinnacle,ou,over,2.5,2.11,api_football,open
2026-10-05T23:54:01Z,1569961,2026-10-12T14:15:00Z,9501.0,FAR,La Liga 2,standard,Burgos,Granada CF,4,Pinnacle,ou,under,2.5,1.75,api_football,open
2026-10-05T23:54:01Z,1569961,2026-10-12T14:15:00Z,9501.0,FAR,La Liga 2,standard,Burgos,Granada CF,4,Pinnacle,ou,over,3.5,3.78,api_football,open
2026-10-05T23:54:01Z,1569961,2026-10-12T14:15:00Z,9501.0,FAR,La Liga 2,standard,Burgos,Granada CF,4,Pinnacle,ou,under,3.5,1.26,api_football,open
2026-10-05T23:54:01Z,1569961,2026-10-12T14:15:00Z,9501.0,FAR,La Liga 2,standard,Burgos,Granada CF,4,Pinnacle,ht_ou,over,1.5,3.1,api_football,open
2026-10-05T23:54:01Z,1569961,2026-10-12T14:15:00Z,9501.0,FAR,La Liga 2,standard,Burgos,Granada CF,4,Pinnacle,ht_ou,under,1.5,1.35,api_football,open
2026-10-05T23:54:01Z,1569961,2026-10-12T14:15:00Z,9501.0,FAR,La Liga 2,standard,Burgos,Granada CF,4,Pinnacle,ht_ou,over,0.5,1.41,api_football,open
2026-10-05T23:54:01Z,1569961,2026-10-12T14:15:00Z,9501.0,FAR,La Liga 2,standard,Burgos,Granada CF,4,Pinnacle,ht_ou,under,0.5,2.81,api_football,open
2026-10-05T23:54:01Z,1569961,2026-10-12T14:15:00Z,9501.0,FAR,La Liga 2,standard,Burgos,Granada CF,11,1xBet,ou,over,1.5,1.27,api_football,open
2026-10-05T23:54:01Z,1569961,2026-10-12T14:15:00Z,9501.0,FAR,La Liga 2,standard,Burgos,Granada CF,11,1xBet,ou,under,1.5,3.14,api_football,open
2026-10-05T23:54:01Z,1569961,2026-10-12T14:15:00Z,9501.0,FAR,La Liga 2,standard,Burgos,Granada CF,11,1xBet,ou,over,2.5,2.01,api_football,open
2026-10-05T23:54:01Z,1569961,2026-10-12T14:15:00Z,9501.0,FAR,La Liga 2,standard,Burgos,Granada CF,11,1xBet,ou,under,2.5,1.84,api_football,open
2026-10-05T23:54:01Z,1569961,2026-10-12T14:15:00Z,9501.0,FAR,La Liga 2,standard,Burgos,Granada CF,11,1xBet,ou,over,3.5,3.28,api_football,open
2026-10-05T23:54:01Z,1569961,2026-10-12T14:15:00Z,9501.0,FAR,La Liga 2,standard,Burgos,Granada CF,11,1xBet,ou,under,3.5,1.25,api_football,open
2026-10-05T23:54:01Z,1569961,2026-10-12T14:15:00Z,9501.0,FAR,La Liga 2,standard,Burgos,Granada CF,11,1xBet,ht_ou,over,1.5,2.82,api_football,open
2026-10-05T23:54:01Z,1569961,2026-10-12T14:15:00Z,9501.0,FAR,La Liga 2,standard,Burgos,Granada CF,11,1xBet,ht_ou,under,1.5,1.36,api_football,open
2026-10-05T23:54:01Z,1569961,2026-10-12T14:15:00Z,9501.0,FAR,La Liga 2,standard,Burgos,Granada CF,11,1xBet,ht_ou,over,0.5,1.39,api_football,open
2026-10-05T23:54:01Z,1569961,2026-10-12T14:15:00Z,9501.0,FAR,La Liga 2,standard,Burgos,Granada CF,11,1xBet,ht_ou,under,0.5,2.7,api_football,open
2026-10-05T23:54:01Z,1569961,2026-10-12T14:15:00Z,9501.0,FAR,La Liga 2,standard,Burgos,Granada CF,11,1xBet,btts,yes,,1.74,api_football,open
2026-10-05T23:54:01Z,1569961,2026-10-12T14:15:00Z,9501.0,FAR,La Liga 2,standard,Burgos,Granada CF,11,1xBet,btts,no,,1.98,api_football,open
2026-10-05T23:54:01Z,1569961,2026-10-12T14:15:00Z,9501.0,FAR,La Liga 2,standard,Burgos,Granada CF,32,Betano,ou,over,1.5,1.34,api_football,open
2026-10-05T23:54:01Z,1569961,2026-10-12T14:15:00Z,9501.0,FAR,La Liga 2,standard,Burgos,Granada CF,32,Betano,ou,under,1.5,3.3,api_football,open
2026-10-05T23:54:01Z,1569961,2026-10-12T14:15:00Z,9501.0,FAR,La Liga 2,standard,Burgos,Granada CF,32,Betano,ou,over,2.5,2.02,api_football,open
2026-10-05T23:54:01Z,1569961,2026-10-12T14:15:00Z,9501.0,FAR,La Liga 2,standard,Burgos,Granada CF,32,Betano,ou,under,2.5,1.85,api_football,open
2026-10-05T23:54:01Z,1569961,2026-10-12T14:15:00Z,9501.0,FAR,La Liga 2,standard,Burgos,Granada CF,32,Betano,ou,over,3.5,3.4,api_football,open
2026-10-05T23:54:01Z,1569961,2026-10-12T14:15:00Z,9501.0,FAR,La Liga 2,standard,Burgos,Granada CF,32,Betano,ou,under,3.5,1.32,api_football,open
2026-10-05T23:54:01Z,1569961,2026-10-12T14:15:00Z,9501.0,FAR,La Liga 2,standard,Burgos,Granada CF,32,Betano,ht_ou,over,1.5,3.0,api_football,open
2026-10-05T23:54:01Z,1569961,2026-10-12T14:15:00Z,9501.0,FAR,La Liga 2,standard,Burgos,Granada CF,32,Betano,ht_ou,under,1.5,1.4,api_football,open
2026-10-05T23:54:01Z,1569961,2026-10-12T14:15:00Z,9501.0,FAR,La Liga 2,standard,Burgos,Granada CF,32,Betano,ht_ou,over,0.5,1.47,api_football,open
2026-10-05T23:54:01Z,1569961,2026-10-12T14:15:00Z,9501.0,FAR,La Liga 2,standard,Burgos,Granada CF,32,Betano,ht_ou,under,0.5,2.72,api_football,open
2026-10-05T23:54:01Z,1569961,2026-10-12T14:15:00Z,9501.0,FAR,La Liga 2,standard,Burgos,Granada CF,32,Betano,btts,yes,,1.75,api_football,open
2026-10-05T23:54:01Z,1569961,2026-10-12T14:15:00Z,9501.0,FAR,La Liga 2,standard,Burgos,Granada CF,32,Betano,btts,no,,2.02,api_football,open
2026-10-05T23:54:01Z,1569967,2026-10-12T16:30:00Z,9636.0,FAR,La Liga 2,standard,Oviedo,Eibar,8,Bet365,ht_ou,over,1.5,3.4,api_football,open
2026-10-05T23:54:01Z,1569967,2026-10-12T16:30:00Z,9636.0,FAR,La Liga 2,standard,Oviedo,Eibar,8,Bet365,ht_ou,under,1.5,1.3,api_football,open
2026-10-05T23:54:01Z,1569967,2026-10-12T16:30:00Z,9636.0,FAR,La Liga 2,standard,Oviedo,Eibar,8,Bet365,ht_ou,over,0.5,1.5,api_football,open
2026-10-05T23:54:01Z,1569967,2026-10-12T16:30:00Z,9636.0,FAR,La Liga 2,standard,Oviedo,Eibar,8,Bet365,ht_ou,under,0.5,2.5,api_football,open
2026-10-05T23:54:01Z,1569967,2026-10-12T16:30:00Z,9636.0,FAR,La Liga 2,standard,Oviedo,Eibar,4,Pinnacle,ou,over,1.5,1.4,api_football,open
2026-10-05T23:54:01Z,1569967,2026-10-12T16:30:00Z,9636.0,FAR,La Liga 2,standard,Oviedo,Eibar,4,Pinnacle,ou,under,1.5,2.92,api_football,open
2026-10-05T23:54:01Z,1569967,2026-10-12T16:30:00Z,9636.0,FAR,La Liga 2,standard,Oviedo,Eibar,4,Pinnacle,ou,over,2.5,2.31,api_football,open
2026-10-05T23:54:01Z,1569967,2026-10-12T16:30:00Z,9636.0,FAR,La Liga 2,standard,Oviedo,Eibar,4,Pinnacle,ou,under,2.5,1.62,api_football,open
2026-10-05T23:54:01Z,1569967,2026-10-12T16:30:00Z,9636.0,FAR,La Liga 2,standard,Oviedo,Eibar,4,Pinnacle,ou,over,3.5,4.26,api_football,open
2026-10-05T23:54:01Z,1569967,2026-10-12T16:30:00Z,9636.0,FAR,La Liga 2,standard,Oviedo,Eibar,4,Pinnacle,ou,under,3.5,1.22,api_football,open
2026-10-05T23:54:01Z,1569967,2026-10-12T16:30:00Z,9636.0,FAR,La Liga 2,standard,Oviedo,Eibar,4,Pinnacle,ht_ou,over,1.5,3.31,api_football,open
2026-10-05T23:54:01Z,1569967,2026-10-12T16:30:00Z,9636.0,FAR,La Liga 2,standard,Oviedo,Eibar,4,Pinnacle,ht_ou,under,1.5,1.3,api_football,open
2026-10-05T23:54:01Z,1569967,2026-10-12T16:30:00Z,9636.0,FAR,La Liga 2,standard,Oviedo,Eibar,4,Pinnacle,ht_ou,over,0.5,1.47,api_football,open
2026-10-05T23:54:01Z,1569967,2026-10-12T16:30:00Z,9636.0,FAR,La Liga 2,standard,Oviedo,Eibar,4,Pinnacle,ht_ou,under,0.5,2.63,api_football,open
2026-10-05T23:54:01Z,1569968,2026-10-12T19:00:00Z,9786.0,FAR,La Liga 2,standard,Tenerife,Girona,7,William Hill,ht_ou,over,1.5,3.1,api_football,open
2026-10-05T23:54:01Z,1569968,2026-10-12T19:00:00Z,9786.0,FAR,La Liga 2,standard,Tenerife,Girona,7,William Hill,ht_ou,under,1.5,1.33,api_football,open
2026-10-05T23:54:01Z,1569968,2026-10-12T19:00:00Z,9786.0,FAR,La Liga 2,standard,Tenerife,Girona,7,William Hill,ht_ou,over,0.5,1.4,api_football,open
2026-10-05T23:54:01Z,1569968,2026-10-12T19:00:00Z,9786.0,FAR,La Liga 2,standard,Tenerife,Girona,7,William Hill,ht_ou,under,0.5,2.7,api_football,open
2026-10-05T23:54:01Z,1569968,2026-10-12T19:00:00Z,9786.0,FAR,La Liga 2,standard,Tenerife,Girona,7,William Hill,btts,yes,,1.85,api_football,open
2026-10-05T23:54:01Z,1569968,2026-10-12T19:00:00Z,9786.0,FAR,La Liga 2,standard,Tenerife,Girona,7,William Hill,btts,no,,1.85,api_football,open
2026-10-05T23:54:01Z,1569968,2026-10-12T19:00:00Z,9786.0,FAR,La Liga 2,standard,Tenerife,Girona,8,Bet365,ou,over,1.5,1.36,api_football,open
2026-10-05T23:54:01Z,1569968,2026-10-12T19:00:00Z,9786.0,FAR,La Liga 2,standard,Tenerife,Girona,8,Bet365,ou,under,1.5,3.0,api_football,open
2026-10-05T23:54:01Z,1569968,2026-10-12T19:00:00Z,9786.0,FAR,La Liga 2,standard,Tenerife,Girona,8,Bet365,ou,over,2.5,2.2,api_football,open
2026-10-05T23:54:01Z,1569968,2026-10-12T19:00:00Z,9786.0,FAR,La Liga 2,standard,Tenerife,Girona,8,Bet365,ou,under,2.5,1.65,api_football,open
2026-10-05T23:54:01Z,1569968,2026-10-12T19:00:00Z,9786.0,FAR,La Liga 2,standard,Tenerife,Girona,8,Bet365,ou,over,3.5,4.0,api_football,open
2026-10-05T23:54:01Z,1569968,2026-10-12T19:00:00Z,9786.0,FAR,La Liga 2,standard,Tenerife,Girona,8,Bet365,ou,under,3.5,1.22,api_football,open
2026-10-05T23:54:01Z,1569968,2026-10-12T19:00:00Z,9786.0,FAR,La Liga 2,standard,Tenerife,Girona,8,Bet365,ht_ou,over,1.5,3.25,api_football,open
2026-10-05T23:54:01Z,1569968,2026-10-12T19:00:00Z,9786.0,FAR,La Liga 2,standard,Tenerife,Girona,8,Bet365,ht_ou,under,1.5,1.33,api_football,open
2026-10-05T23:54:01Z,1569968,2026-10-12T19:00:00Z,9786.0,FAR,La Liga 2,standard,Tenerife,Girona,8,Bet365,ht_ou,over,0.5,1.44,api_football,open
2026-10-05T23:54:01Z,1569968,2026-10-12T19:00:00Z,9786.0,FAR,La Liga 2,standard,Tenerife,Girona,8,Bet365,ht_ou,under,0.5,2.62,api_football,open
2026-10-05T23:54:01Z,1569968,2026-10-12T19:00:00Z,9786.0,FAR,La Liga 2,standard,Tenerife,Girona,8,Bet365,btts,yes,,1.83,api_football,open
2026-10-05T23:54:01Z,1569968,2026-10-12T19:00:00Z,9786.0,FAR,La Liga 2,standard,Tenerife,Girona,8,Bet365,btts,no,,1.83,api_football,open
2026-10-05T23:54:01Z,1569968,2026-10-12T19:00:00Z,9786.0,FAR,La Liga 2,standard,Tenerife,Girona,2,Marathonbet,ou,over,1.5,1.32,api_football,open
2026-10-05T23:54:01Z,1569968,2026-10-12T19:00:00Z,9786.0,FAR,La Liga 2,standard,Tenerife,Girona,2,Marathonbet,ou,under,1.5,2.88,api_football,open
2026-10-05T23:54:01Z,1569968,2026-10-12T19:00:00Z,9786.0,FAR,La Liga 2,standard,Tenerife,Girona,2,Marathonbet,ou,over,2.5,2.09,api_football,open
2026-10-05T23:54:01Z,1569968,2026-10-12T19:00:00Z,9786.0,FAR,La Liga 2,standard,Tenerife,Girona,2,Marathonbet,ou,under,2.5,1.69,api_football,open
2026-10-05T23:54:01Z,1569968,2026-10-12T19:00:00Z,9786.0,FAR,La Liga 2,standard,Tenerife,Girona,2,Marathonbet,ou,over,3.5,3.58,api_football,open
2026-10-05T23:54:01Z,1569968,2026-10-12T19:00:00Z,9786.0,FAR,La Liga 2,standard,Tenerife,Girona,2,Marathonbet,ou,under,3.5,1.21,api_football,open
2026-10-05T23:54:01Z,1569968,2026-10-12T19:00:00Z,9786.0,FAR,La Liga 2,standard,Tenerife,Girona,2,Marathonbet,ht_ou,over,1.5,2.96,api_football,open
2026-10-05T23:54:01Z,1569968,2026-10-12T19:00:00Z,9786.0,FAR,La Liga 2,standard,Tenerife,Girona,2,Marathonbet,ht_ou,under,1.5,1.33,api_football,open
2026-10-05T23:54:01Z,1569968,2026-10-12T19:00:00Z,9786.0,FAR,La Liga 2,standard,Tenerife,Girona,2,Marathonbet,ht_ou,over,0.5,1.42,api_football,open
2026-10-05T23:54:01Z,1569968,2026-10-12T19:00:00Z,9786.0,FAR,La Liga 2,standard,Tenerife,Girona,2,Marathonbet,ht_ou,under,0.5,2.6,api_football,open
2026-10-05T23:54:01Z,1569968,2026-10-12T19:00:00Z,9786.0,FAR,La Liga 2,standard,Tenerife,Girona,2,Marathonbet,btts,yes,,1.83,api_football,open
2026-10-05T23:54:01Z,1569968,2026-10-12T19:00:00Z,9786.0,FAR,La Liga 2,standard,Tenerife,Girona,2,Marathonbet,btts,no,,1.85,api_football,open
2026-10-05T23:54:01Z,1569968,2026-10-12T19:00:00Z,9786.0,FAR,La Liga 2,standard,Tenerife,Girona,3,Betfair,ht_ou,over,1.5,3.0,api_football,open
2026-10-05T23:54:01Z,1569968,2026-10-12T19:00:00Z,9786.0,FAR,La Liga 2,standard,Tenerife,Girona,3,Betfair,ht_ou,under,1.5,1.33,api_football,open
2026-10-05T23:54:01Z,1569968,2026-10-12T19:00:00Z,9786.0,FAR,La Liga 2,standard,Tenerife,Girona,3,Betfair,ht_ou,over,0.5,1.4,api_football,open
2026-10-05T23:54:01Z,1569968,2026-10-12T19:00:00Z,9786.0,FAR,La Liga 2,standard,Tenerife,Girona,3,Betfair,ht_ou,under,0.5,2.75,api_football,open
2026-10-05T23:54:01Z,1569968,2026-10-12T19:00:00Z,9786.0,FAR,La Liga 2,standard,Tenerife,Girona,11,1xBet,ou,over,1.5,1.32,api_football,open
2026-10-05T23:54:01Z,1569968,2026-10-12T19:00:00Z,9786.0,FAR,La Liga 2,standard,Tenerife,Girona,11,1xBet,ou,under,1.5,2.88,api_football,open
2026-10-05T23:54:01Z,1569968,2026-10-12T19:00:00Z,9786.0,FAR,La Liga 2,standard,Tenerife,Girona,11,1xBet,ou,over,2.5,2.15,api_football,open
2026-10-05T23:54:01Z,1569968,2026-10-12T19:00:00Z,9786.0,FAR,La Liga 2,standard,Tenerife,Girona,11,1xBet,ou,under,2.5,1.74,api_football,open
2026-10-05T23:54:01Z,1569968,2026-10-12T19:00:00Z,9786.0,FAR,La Liga 2,standard,Tenerife,Girona,11,1xBet,ou,over,3.5,3.58,api_football,open
2026-10-05T23:54:01Z,1569968,2026-10-12T19:00:00Z,9786.0,FAR,La Liga 2,standard,Tenerife,Girona,11,1xBet,ou,under,3.5,1.21,api_football,open
2026-10-05T23:54:01Z,1569968,2026-10-12T19:00:00Z,9786.0,FAR,La Liga 2,standard,Tenerife,Girona,11,1xBet,ht_ou,over,1.5,2.96,api_football,open
2026-10-05T23:54:01Z,1569968,2026-10-12T19:00:00Z,9786.0,FAR,La Liga 2,standard,Tenerife,Girona,11,1xBet,ht_ou,under,1.5,1.33,api_football,open
2026-10-05T23:54:01Z,1569968,2026-10-12T19:00:00Z,9786.0,FAR,La Liga 2,standard,Tenerife,Girona,11,1xBet,ht_ou,over,0.5,1.42,api_football,open
2026-10-05T23:54:01Z,1569968,2026-10-12T19:00:00Z,9786.0,FAR,La Liga 2,standard,Tenerife,Girona,11,1xBet,ht_ou,under,0.5,2.6,api_football,open
2026-10-05T23:54:01Z,1569968,2026-10-12T19:00:00Z,9786.0,FAR,La Liga 2,standard,Tenerife,Girona,11,1xBet,btts,yes,,1.83,api_football,open
2026-10-05T23:54:01Z,1569968,2026-10-12T19:00:00Z,9786.0,FAR,La Liga 2,standard,Tenerife,Girona,11,1xBet,btts,no,,1.87,api_football,open
2026-10-05T23:54:01Z,1569968,2026-10-12T19:00:00Z,9786.0,FAR,La Liga 2,standard,Tenerife,Girona,32,Betano,ou,over,1.5,1.42,api_football,open
2026-10-05T23:54:01Z,1569968,2026-10-12T19:00:00Z,9786.0,FAR,La Liga 2,standard,Tenerife,Girona,32,Betano,ou,under,1.5,3.0,api_football,open
2026-10-05T23:54:01Z,1569968,2026-10-12T19:00:00Z,9786.0,FAR,La Liga 2,standard,Tenerife,Girona,32,Betano,ou,over,2.5,2.22,api_football,open
2026-10-05T23:54:01Z,1569968,2026-10-12T19:00:00Z,9786.0,FAR,La Liga 2,standard,Tenerife,Girona,32,Betano,ou,under,2.5,1.7,api_football,open
2026-10-05T23:54:01Z,1569968,2026-10-12T19:00:00Z,9786.0,FAR,La Liga 2,standard,Tenerife,Girona,32,Betano,ou,over,3.5,3.9,api_football,open
2026-10-05T23:54:01Z,1569968,2026-10-12T19:00:00Z,9786.0,FAR,La Liga 2,standard,Tenerife,Girona,32,Betano,ou,under,3.5,1.26,api_football,open
2026-10-05T23:54:01Z,1569968,2026-10-12T19:00:00Z,9786.0,FAR,La Liga 2,standard,Tenerife,Girona,32,Betano,ht_ou,over,1.5,3.25,api_football,open
2026-10-05T23:54:01Z,1569968,2026-10-12T19:00:00Z,9786.0,FAR,La Liga 2,standard,Tenerife,Girona,32,Betano,ht_ou,under,1.5,1.35,api_football,open
2026-10-05T23:54:01Z,1569968,2026-10-12T19:00:00Z,9786.0,FAR,La Liga 2,standard,Tenerife,Girona,32,Betano,ht_ou,over,0.5,1.52,api_football,open
2026-10-05T23:54:01Z,1569968,2026-10-12T19:00:00Z,9786.0,FAR,La Liga 2,standard,Tenerife,Girona,32,Betano,ht_ou,under,0.5,2.55,api_football,open
2026-10-05T23:54:01Z,1569968,2026-10-12T19:00:00Z,9786.0,FAR,La Liga 2,standard,Tenerife,Girona,32,Betano,btts,yes,,1.85,api_football,open
2026-10-05T23:54:01Z,1569968,2026-10-12T19:00:00Z,9786.0,FAR,La Liga 2,standard,Tenerife,Girona,32,Betano,btts,no,,1.88,api_football,open
