snapshot_ts,fixture_id,kickoff_utc,minutes_to_kickoff,ladder_band,league,model_type,home_team,away_team,bookmaker_id,bookmaker,market,side,line,odds,source,obs_reason
2026-10-11T01:55:26Z,1507081,2026-10-11T05:00:00Z,184.6,T-6h,K-League 1,new_format,Gwangju FC,Ulsan Hyundai FC,7,William Hill,ht_ou,over,1.5,2.2,api_football,change
2026-10-11T01:55:26Z,1507081,2026-10-11T05:00:00Z,184.6,T-6h,K-League 1,new_format,Gwangju FC,Ulsan Hyundai FC,7,William Hill,ht_ou,under,1.5,1.6,api_football,change
2026-10-11T01:55:26Z,1507081,2026-10-11T05:00:00Z,184.6,T-6h,K-League 1,new_format,Gwangju FC,Ulsan Hyundai FC,7,William Hill,ht_ou,under,0.5,3.6,api_football,change
2026-10-11T01:55:26Z,1507081,2026-10-11T05:00:00Z,184.6,T-6h,K-League 1,new_format,Gwangju FC,Ulsan Hyundai FC,3,Betfair,btts,yes,,1.62,api_football,change
2026-10-11T01:55:26Z,1507081,2026-10-11T05:00:00Z,184.6,T-6h,K-League 1,new_format,Gwangju FC,Ulsan Hyundai FC,3,Betfair,btts,no,,2.25,api_football,change
2026-10-11T01:55:26Z,1507081,2026-10-11T05:00:00Z,184.6,T-6h,K-League 1,new_format,Gwangju FC,Ulsan Hyundai FC,36,BetVictor,ou,over,3.5,2.34,api_football,change
2026-10-11T01:55:26Z,1507081,2026-10-11T05:00:00Z,184.6,T-6h,K-League 1,new_format,Gwangju FC,Ulsan Hyundai FC,36,BetVictor,ou,under,3.5,1.51,api_football,change
2026-10-11T01:55:26Z,1507081,2026-10-11T05:00:00Z,184.6,T-6h,K-League 1,new_format,Gwangju FC,Ulsan Hyundai FC,36,BetVictor,ht_ou,over,1.5,2.23,api_football,change
2026-10-11T01:55:26Z,1507081,2026-10-11T05:00:00Z,184.6,T-6h,K-League 1,new_format,Gwangju FC,Ulsan Hyundai FC,32,Betano,ou,over,1.5,1.19,api_football,change
2026-10-11T01:55:26Z,1507081,2026-10-11T05:00:00Z,184.6,T-6h,K-League 1,new_format,Gwangju FC,Ulsan Hyundai FC,32,Betano,ou,under,1.5,4.3,api_football,change
2026-10-11T01:55:26Z,1507081,2026-10-11T05:00:00Z,184.6,T-6h,K-League 1,new_format,Gwangju FC,Ulsan Hyundai FC,32,Betano,ou,over,3.5,2.45,api_football,change
2026-10-11T01:55:26Z,1550989,2026-10-11T03:10:00Z,74.6,T-3h,Mexico Liga MX,new_format,Club America,Monterrey,8,Bet365,ou,over,1.5,1.17,api_football,change
2026-10-11T01:55:26Z,1550989,2026-10-11T03:10:00Z,74.6,T-3h,Mexico Liga MX,new_format,Club America,Monterrey,8,Bet365,ou,under,1.5,5.0,api_football,change
2026-10-11T01:55:26Z,1550989,2026-10-11T03:10:00Z,74.6,T-3h,Mexico Liga MX,new_format,Club America,Monterrey,8,Bet365,ou,over,2.5,1.57,api_football,change
2026-10-11T01:55:26Z,1550989,2026-10-11T03:10:00Z,74.6,T-3h,Mexico Liga MX,new_format,Club America,Monterrey,8,Bet365,ou,under,2.5,2.35,api_football,change
2026-10-11T01:55:26Z,1550989,2026-10-11T03:10:00Z,74.6,T-3h,Mexico Liga MX,new_format,Club America,Monterrey,8,Bet365,ou,over,3.5,2.38,api_football,change
2026-10-11T01:55:26Z,1550989,2026-10-11T03:10:00Z,74.6,T-3h,Mexico Liga MX,new_format,Club America,Monterrey,8,Bet365,ou,under,3.5,1.53,api_football,change
2026-10-11T01:55:26Z,1550989,2026-10-11T03:10:00Z,74.6,T-3h,Mexico Liga MX,new_format,Club America,Monterrey,3,Betfair,ou,over,1.5,1.17,api_football,change
2026-10-11T01:55:26Z,1550989,2026-10-11T03:10:00Z,74.6,T-3h,Mexico Liga MX,new_format,Club America,Monterrey,3,Betfair,ou,under,1.5,5.0,api_football,change
2026-10-11T01:55:26Z,1550989,2026-10-11T03:10:00Z,74.6,T-3h,Mexico Liga MX,new_format,Club America,Monterrey,3,Betfair,ou,over,2.5,1.57,api_football,change
2026-10-11T01:55:26Z,1550989,2026-10-11T03:10:00Z,74.6,T-3h,Mexico Liga MX,new_format,Club America,Monterrey,3,Betfair,ou,under,2.5,2.38,api_football,change
2026-10-11T01:55:26Z,1550989,2026-10-11T03:10:00Z,74.6,T-3h,Mexico Liga MX,new_format,Club America,Monterrey,3,Betfair,ht_ou,over,1.5,2.25,api_football,change
2026-10-11T01:55:26Z,1550989,2026-10-11T03:10:00Z,74.6,T-3h,Mexico Liga MX,new_format,Club America,Monterrey,3,Betfair,ht_ou,under,1.5,1.57,api_football,change
2026-10-11T01:55:26Z,1550989,2026-10-11T03:10:00Z,74.6,T-3h,Mexico Liga MX,new_format,Club America,Monterrey,3,Betfair,btts,yes,,1.53,api_football,change
2026-10-11T01:55:26Z,1550989,2026-10-11T03:10:00Z,74.6,T-3h,Mexico Liga MX,new_format,Club America,Monterrey,3,Betfair,btts,no,,2.45,api_football,change
2026-10-11T01:55:26Z,1550989,2026-10-11T03:10:00Z,74.6,T-3h,Mexico Liga MX,new_format,Club America,Monterrey,36,BetVictor,ou,under,1.5,4.8,api_football,change
2026-10-11T01:55:26Z,1550989,2026-10-11T03:10:00Z,74.6,T-3h,Mexico Liga MX,new_format,Club America,Monterrey,36,BetVictor,ou,over,2.5,1.55,api_football,change
2026-10-11T01:55:26Z,1550989,2026-10-11T03:10:00Z,74.6,T-3h,Mexico Liga MX,new_format,Club America,Monterrey,36,BetVictor,ou,under,2.5,2.25,api_football,change
2026-10-11T01:55:26Z,1550989,2026-10-11T03:10:00Z,74.6,T-3h,Mexico Liga MX,new_format,Club America,Monterrey,36,BetVictor,ou,over,3.5,2.31,api_football,change
2026-10-11T01:55:26Z,1550989,2026-10-11T03:10:00Z,74.6,T-3h,Mexico Liga MX,new_format,Club America,Monterrey,36,BetVictor,ou,under,3.5,1.52,api_football,change
2026-10-11T01:55:26Z,1550989,2026-10-11T03:10:00Z,74.6,T-3h,Mexico Liga MX,new_format,Club America,Monterrey,36,BetVictor,ht_ou,over,1.5,2.25,api_football,change
2026-10-11T01:55:26Z,1550989,2026-10-11T03:10:00Z,74.6,T-3h,Mexico Liga MX,new_format,Club America,Monterrey,36,BetVictor,ht_ou,under,1.5,1.55,api_football,change
2026-10-11T01:55:26Z,1550989,2026-10-11T03:10:00Z,74.6,T-3h,Mexico Liga MX,new_format,Club America,Monterrey,36,BetVictor,btts,no,,2.4,api_football,change
2026-10-11T01:55:26Z,1550989,2026-10-11T03:10:00Z,74.6,T-3h,Mexico Liga MX,new_format,Club America,Monterrey,4,Pinnacle,ou,over,1.5,1.18,api_football,change
2026-10-11T01:55:26Z,1550989,2026-10-11T03:10:00Z,74.6,T-3h,Mexico Liga MX,new_format,Club America,Monterrey,4,Pinnacle,ou,under,1.5,5.1,api_football,change
2026-10-11T01:55:26Z,1550989,2026-10-11T03:10:00Z,74.6,T-3h,Mexico Liga MX,new_format,Club America,Monterrey,4,Pinnacle,ou,over,2.5,1.62,api_football,change
2026-10-11T01:55:26Z,1550989,2026-10-11T03:10:00Z,74.6,T-3h,Mexico Liga MX,new_format,Club America,Monterrey,4,Pinnacle,ou,under,2.5,2.39,api_football,change
2026-10-11T01:55:26Z,1550989,2026-10-11T03:10:00Z,74.6,T-3h,Mexico Liga MX,new_format,Club America,Monterrey,4,Pinnacle,ou,over,3.5,2.5,api_football,change
2026-10-11T01:55:26Z,1550989,2026-10-11T03:10:00Z,74.6,T-3h,Mexico Liga MX,new_format,Club America,Monterrey,4,Pinnacle,ht_ou,over,1.5,2.38,api_football,change
2026-10-11T01:55:26Z,1550989,2026-10-11T03:10:00Z,74.6,T-3h,Mexico Liga MX,new_format,Club America,Monterrey,4,Pinnacle,ht_ou,under,1.5,1.59,api_football,change
2026-10-11T01:55:26Z,1550989,2026-10-11T03:10:00Z,74.6,T-3h,Mexico Liga MX,new_format,Club America,Monterrey,32,Betano,ou,over,1.5,1.2,api_football,change
2026-10-11T01:55:26Z,1550989,2026-10-11T03:10:00Z,74.6,T-3h,Mexico Liga MX,new_format,Club America,Monterrey,32,Betano,ou,under,1.5,4.55,api_football,change
2026-10-11T01:55:26Z,1550989,2026-10-11T03:10:00Z,74.6,T-3h,Mexico Liga MX,new_format,Club America,Monterrey,32,Betano,ou,over,2.5,1.62,api_football,change
2026-10-11T01:55:26Z,1550989,2026-10-11T03:10:00Z,74.6,T-3h,Mexico Liga MX,new_format,Club America,Monterrey,32,Betano,ou,under,2.5,2.35,api_football,change
2026-10-11T01:55:26Z,1550989,2026-10-11T03:10:00Z,74.6,T-3h,Mexico Liga MX,new_format,Club America,Monterrey,32,Betano,ou,over,3.5,2.5,api_football,change
2026-10-11T01:55:26Z,1550989,2026-10-11T03:10:00Z,74.6,T-3h,Mexico Liga MX,new_format,Club America,Monterrey,32,Betano,ou,under,3.5,1.57,api_football,change
2026-10-11T01:55:26Z,1550989,2026-10-11T03:10:00Z,74.6,T-3h,Mexico Liga MX,new_format,Club America,Monterrey,32,Betano,ht_ou,over,1.5,2.45,api_football,change
2026-10-11T01:55:26Z,1550989,2026-10-11T03:10:00Z,74.6,T-3h,Mexico Liga MX,new_format,Club America,Monterrey,32,Betano,ht_ou,under,1.5,1.57,api_football,change
2026-10-11T01:55:26Z,1550989,2026-10-11T03:10:00Z,74.6,T-3h,Mexico Liga MX,new_format,Club America,Monterrey,32,Betano,ht_ou,over,0.5,1.35,api_football,change
2026-10-11T01:55:26Z,1550989,2026-10-11T03:10:00Z,74.6,T-3h,Mexico Liga MX,new_format,Club America,Monterrey,32,Betano,ht_ou,under,0.5,3.15,api_football,change
2026-10-11T01:55:26Z,1550989,2026-10-11T03:10:00Z,74.6,T-3h,Mexico Liga MX,new_format,Club America,Monterrey,32,Betano,btts,no,,2.45,api_football,change
2026-10-11T01:55:26Z,1490524,2026-10-11T02:30:00Z,34.6,T-1h,USA MLS,new_format,Los Angeles FC,Vancouver Whitecaps,7,William Hill,ht_ou,over,1.5,2.3,api_football,heartbeat
2026-10-11T01:55:26Z,1490524,2026-10-11T02:30:00Z,34.6,T-1h,USA MLS,new_format,Los Angeles FC,Vancouver Whitecaps,7,William Hill,ht_ou,under,1.5,1.57,api_football,heartbeat
2026-10-11T01:55:26Z,1490524,2026-10-11T02:30:00Z,34.6,T-1h,USA MLS,new_format,Los Angeles FC,Vancouver Whitecaps,7,William Hill,ht_ou,over,0.5,1.25,api_football,heartbeat
2026-10-11T01:55:26Z,1490524,2026-10-11T02:30:00Z,34.6,T-1h,USA MLS,new_format,Los Angeles FC,Vancouver Whitecaps,7,William Hill,ht_ou,under,0.5,3.5,api_football,heartbeat
2026-10-11T01:55:26Z,1490524,2026-10-11T02:30:00Z,34.6,T-1h,USA MLS,new_format,Los Angeles FC,Vancouver Whitecaps,7,William Hill,btts,yes,,1.5,api_football,heartbeat
2026-10-11T01:55:26Z,1490524,2026-10-11T02:30:00Z,34.6,T-1h,USA MLS,new_format,Los Angeles FC,Vancouver Whitecaps,7,William Hill,btts,no,,2.45,api_football,heartbeat
2026-10-11T01:55:26Z,1490524,2026-10-11T02:30:00Z,34.6,T-1h,USA MLS,new_format,Los Angeles FC,Vancouver Whitecaps,8,Bet365,ou,over,1.5,1.17,api_football,heartbeat
2026-10-11T01:55:26Z,1490524,2026-10-11T02:30:00Z,34.6,T-1h,USA MLS,new_format,Los Angeles FC,Vancouver Whitecaps,8,Bet365,ou,under,1.5,5.0,api_football,heartbeat
2026-10-11T01:55:26Z,1490524,2026-10-11T02:30:00Z,34.6,T-1h,USA MLS,new_format,Los Angeles FC,Vancouver Whitecaps,8,Bet365,ou,over,2.5,1.6,api_football,change
2026-10-11T01:55:26Z,1490524,2026-10-11T02:30:00Z,34.6,T-1h,USA MLS,new_format,Los Angeles FC,Vancouver Whitecaps,8,Bet365,ou,under,2.5,2.3,api_football,change
2026-10-11T01:55:26Z,1490524,2026-10-11T02:30:00Z,34.6,T-1h,USA MLS,new_format,Los Angeles FC,Vancouver Whitecaps,8,Bet365,ou,over,3.5,2.38,api_football,heartbeat
2026-10-11T01:55:26Z,1490524,2026-10-11T02:30:00Z,34.6,T-1h,USA MLS,new_format,Los Angeles FC,Vancouver Whitecaps,8,Bet365,ou,under,3.5,1.53,api_football,heartbeat
2026-10-11T01:55:26Z,1490524,2026-10-11T02:30:00Z,34.6,T-1h,USA MLS,new_format,Los Angeles FC,Vancouver Whitecaps,8,Bet365,ht_ou,over,1.5,2.25,api_football,heartbeat
2026-10-11T01:55:26Z,1490524,2026-10-11T02:30:00Z,34.6,T-1h,USA MLS,new_format,Los Angeles FC,Vancouver Whitecaps,8,Bet365,ht_ou,under,1.5,1.57,api_football,heartbeat
2026-10-11T01:55:26Z,1490524,2026-10-11T02:30:00Z,34.6,T-1h,USA MLS,new_format,Los Angeles FC,Vancouver Whitecaps,8,Bet365,ht_ou,over,0.5,1.28,api_football,heartbeat
2026-10-11T01:55:26Z,1490524,2026-10-11T02:30:00Z,34.6,T-1h,USA MLS,new_format,Los Angeles FC,Vancouver Whitecaps,8,Bet365,ht_ou,under,0.5,3.5,api_football,heartbeat
2026-10-11T01:55:26Z,1490524,2026-10-11T02:30:00Z,34.6,T-1h,USA MLS,new_format,Los Angeles FC,Vancouver Whitecaps,8,Bet365,btts,yes,,1.5,api_football,heartbeat
2026-10-11T01:55:26Z,1490524,2026-10-11T02:30:00Z,34.6,T-1h,USA MLS,new_format,Los Angeles FC,Vancouver Whitecaps,8,Bet365,btts,no,,2.5,api_football,heartbeat
2026-10-11T01:55:26Z,1490524,2026-10-11T02:30:00Z,34.6,T-1h,USA MLS,new_format,Los Angeles FC,Vancouver Whitecaps,2,Marathonbet,ou,over,1.5,1.14,api_football,heartbeat
2026-10-11T01:55:26Z,1490524,2026-10-11T02:30:00Z,34.6,T-1h,USA MLS,new_format,Los Angeles FC,Vancouver Whitecaps,2,Marathonbet,ou,under,1.5,4.33,api_football,heartbeat
2026-10-11T01:55:26Z,1490524,2026-10-11T02:30:00Z,34.6,T-1h,USA MLS,new_format,Los Angeles FC,Vancouver Whitecaps,2,Marathonbet,ou,over,2.5,1.58,api_football,heartbeat
2026-10-11T01:55:26Z,1490524,2026-10-11T02:30:00Z,34.6,T-1h,USA MLS,new_format,Los Angeles FC,Vancouver Whitecaps,2,Marathonbet,ou,under,2.5,2.29,api_football,heartbeat
2026-10-11T01:55:26Z,1490524,2026-10-11T02:30:00Z,34.6,T-1h,USA MLS,new_format,Los Angeles FC,Vancouver Whitecaps,2,Marathonbet,ou,over,3.5,2.33,api_football,heartbeat
2026-10-11T01:55:26Z,1490524,2026-10-11T02:30:00Z,34.6,T-1h,USA MLS,new_format,Los Angeles FC,Vancouver Whitecaps,2,Marathonbet,ou,under,3.5,1.48,api_football,heartbeat
2026-10-11T01:55:26Z,1490524,2026-10-11T02:30:00Z,34.6,T-1h,USA MLS,new_format,Los Angeles FC,Vancouver Whitecaps,2,Marathonbet,ht_ou,over,1.5,2.27,api_football,heartbeat
2026-10-11T01:55:26Z,1490524,2026-10-11T02:30:00Z,34.6,T-1h,USA MLS,new_format,Los Angeles FC,Vancouver Whitecaps,2,Marathonbet,ht_ou,under,1.5,1.57,api_football,heartbeat
2026-10-11T01:55:26Z,1490524,2026-10-11T02:30:00Z,34.6,T-1h,USA MLS,new_format,Los Angeles FC,Vancouver Whitecaps,2,Marathonbet,ht_ou,over,0.5,1.26,api_football,heartbeat
2026-10-11T01:55:26Z,1490524,2026-10-11T02:30:00Z,34.6,T-1h,USA MLS,new_format,Los Angeles FC,Vancouver Whitecaps,2,Marathonbet,ht_ou,under,0.5,3.25,api_football,heartbeat
2026-10-11T01:55:26Z,1490524,2026-10-11T02:30:00Z,34.6,T-1h,USA MLS,new_format,Los Angeles FC,Vancouver Whitecaps,2,Marathonbet,btts,yes,,1.48,api_football,heartbeat
2026-10-11T01:55:26Z,1490524,2026-10-11T02:30:00Z,34.6,T-1h,USA MLS,new_format,Los Angeles FC,Vancouver Whitecaps,2,Marathonbet,btts,no,,2.43,api_football,heartbeat
2026-10-11T01:55:26Z,1490524,2026-10-11T02:30:00Z,34.6,T-1h,USA MLS,new_format,Los Angeles FC,Vancouver Whitecaps,3,Betfair,ou,over,1.5,1.14,api_football,change
2026-10-11T01:55:26Z,1490524,2026-10-11T02:30:00Z,34.6,T-1h,USA MLS,new_format,Los Angeles FC,Vancouver Whitecaps,3,Betfair,ou,under,1.5,5.0,api_football,heartbeat
2026-10-11T01:55:26Z,1490524,2026-10-11T02:30:00Z,34.6,T-1h,USA MLS,new_format,Los Angeles FC,Vancouver Whitecaps,3,Betfair,ou,over,2.5,1.57,api_football,heartbeat
2026-10-11T01:55:26Z,1490524,2026-10-11T02:30:00Z,34.6,T-1h,USA MLS,new_format,Los Angeles FC,Vancouver Whitecaps,3,Betfair,ou,under,2.5,2.3,api_football,change
2026-10-11T01:55:26Z,1490524,2026-10-11T02:30:00Z,34.6,T-1h,USA MLS,new_format,Los Angeles FC,Vancouver Whitecaps,3,Betfair,ou,over,3.5,2.5,api_football,change
2026-10-11T01:55:26Z,1490524,2026-10-11T02:30:00Z,34.6,T-1h,USA MLS,new_format,Los Angeles FC,Vancouver Whitecaps,3,Betfair,ou,under,3.5,1.5,api_football,heartbeat
2026-10-11T01:55:26Z,1490524,2026-10-11T02:30:00Z,34.6,T-1h,USA MLS,new_format,Los Angeles FC,Vancouver Whitecaps,3,Betfair,ht_ou,over,1.5,2.25,api_football,heartbeat
2026-10-11T01:55:26Z,1490524,2026-10-11T02:30:00Z,34.6,T-1h,USA MLS,new_format,Los Angeles FC,Vancouver Whitecaps,3,Betfair,ht_ou,under,1.5,1.57,api_football,heartbeat
2026-10-11T01:55:26Z,1490524,2026-10-11T02:30:00Z,34.6,T-1h,USA MLS,new_format,Los Angeles FC,Vancouver Whitecaps,3,Betfair,ht_ou,over,0.5,1.25,api_football,heartbeat
2026-10-11T01:55:26Z,1490524,2026-10-11T02:30:00Z,34.6,T-1h,USA MLS,new_format,Los Angeles FC,Vancouver Whitecaps,3,Betfair,ht_ou,under,0.5,3.6,api_football,heartbeat
2026-10-11T01:55:26Z,1490524,2026-10-11T02:30:00Z,34.6,T-1h,USA MLS,new_format,Los Angeles FC,Vancouver Whitecaps,3,Betfair,btts,yes,,1.44,api_football,change
2026-10-11T01:55:26Z,1490524,2026-10-11T02:30:00Z,34.6,T-1h,USA MLS,new_format,Los Angeles FC,Vancouver Whitecaps,3,Betfair,btts,no,,2.63,api_football,change
2026-10-11T01:55:26Z,1490524,2026-10-11T02:30:00Z,34.6,T-1h,USA MLS,new_format,Los Angeles FC,Vancouver Whitecaps,36,BetVictor,ou,over,1.5,1.15,api_football,heartbeat
2026-10-11T01:55:26Z,1490524,2026-10-11T02:30:00Z,34.6,T-1h,USA MLS,new_format,Los Angeles FC,Vancouver Whitecaps,36,BetVictor,ou,under,1.5,5.0,api_football,heartbeat
2026-10-11T01:55:26Z,1490524,2026-10-11T02:30:00Z,34.6,T-1h,USA MLS,new_format,Los Angeles FC,Vancouver Whitecaps,36,BetVictor,ou,over,2.5,1.55,api_football,heartbeat
2026-10-11T01:55:26Z,1490524,2026-10-11T02:30:00Z,34.6,T-1h,USA MLS,new_format,Los Angeles FC,Vancouver Whitecaps,36,BetVictor,ou,under,2.5,2.24,api_football,heartbeat
2026-10-11T01:55:26Z,1490524,2026-10-11T02:30:00Z,34.6,T-1h,USA MLS,new_format,Los Angeles FC,Vancouver Whitecaps,36,BetVictor,ou,over,3.5,2.31,api_football,heartbeat
2026-10-11T01:55:26Z,1490524,2026-10-11T02:30:00Z,34.6,T-1h,USA MLS,new_format,Los Angeles FC,Vancouver Whitecaps,36,BetVictor,ou,under,3.5,1.52,api_football,heartbeat
2026-10-11T01:55:26Z,1490524,2026-10-11T02:30:00Z,34.6,T-1h,USA MLS,new_format,Los Angeles FC,Vancouver Whitecaps,36,BetVictor,ht_ou,over,1.5,2.21,api_football,heartbeat
2026-10-11T01:55:26Z,1490524,2026-10-11T02:30:00Z,34.6,T-1h,USA MLS,new_format,Los Angeles FC,Vancouver Whitecaps,36,BetVictor,ht_ou,under,1.5,1.57,api_football,heartbeat
2026-10-11T01:55:26Z,1490524,2026-10-11T02:30:00Z,34.6,T-1h,USA MLS,new_format,Los Angeles FC,Vancouver Whitecaps,36,BetVictor,ht_ou,over,0.5,1.29,api_football,heartbeat
2026-10-11T01:55:26Z,1490524,2026-10-11T02:30:00Z,34.6,T-1h,USA MLS,new_format,Los Angeles FC,Vancouver Whitecaps,36,BetVictor,ht_ou,under,0.5,3.6,api_football,heartbeat
2026-10-11T01:55:26Z,1490524,2026-10-11T02:30:00Z,34.6,T-1h,USA MLS,new_format,Los Angeles FC,Vancouver Whitecaps,36,BetVictor,btts,yes,,1.45,api_football,heartbeat
2026-10-11T01:55:26Z,1490524,2026-10-11T02:30:00Z,34.6,T-1h,USA MLS,new_format,Los Angeles FC,Vancouver Whitecaps,36,BetVictor,btts,no,,2.55,api_football,heartbeat
2026-10-11T01:55:26Z,1490524,2026-10-11T02:30:00Z,34.6,T-1h,USA MLS,new_format,Los Angeles FC,Vancouver Whitecaps,4,Pinnacle,ou,over,1.5,1.19,api_football,heartbeat
2026-10-11T01:55:26Z,1490524,2026-10-11T02:30:00Z,34.6,T-1h,USA MLS,new_format,Los Angeles FC,Vancouver Whitecaps,4,Pinnacle,ou,under,1.5,5.07,api_football,change
2026-10-11T01:55:26Z,1490524,2026-10-11T02:30:00Z,34.6,T-1h,USA MLS,new_format,Los Angeles FC,Vancouver Whitecaps,4,Pinnacle,ou,over,2.5,1.61,api_football,heartbeat
2026-10-11T01:55:26Z,1490524,2026-10-11T02:30:00Z,34.6,T-1h,USA MLS,new_format,Los Angeles FC,Vancouver Whitecaps,4,Pinnacle,ou,under,2.5,2.4,api_football,heartbeat
2026-10-11T01:55:26Z,1490524,2026-10-11T02:30:00Z,34.6,T-1h,USA MLS,new_format,Los Angeles FC,Vancouver Whitecaps,4,Pinnacle,ou,over,3.5,2.49,api_football,heartbeat
2026-10-11T01:55:26Z,1490524,2026-10-11T02:30:00Z,34.6,T-1h,USA MLS,new_format,Los Angeles FC,Vancouver Whitecaps,4,Pinnacle,ou,under,3.5,1.57,api_football,change
2026-10-11T01:55:26Z,1490524,2026-10-11T02:30:00Z,34.6,T-1h,USA MLS,new_format,Los Angeles FC,Vancouver Whitecaps,4,Pinnacle,ht_ou,over,1.5,2.37,api_football,heartbeat
2026-10-11T01:55:26Z,1490524,2026-10-11T02:30:00Z,34.6,T-1h,USA MLS,new_format,Los Angeles FC,Vancouver Whitecaps,4,Pinnacle,ht_ou,under,1.5,1.6,api_football,heartbeat
2026-10-11T01:55:26Z,1490524,2026-10-11T02:30:00Z,34.6,T-1h,USA MLS,new_format,Los Angeles FC,Vancouver Whitecaps,32,Betano,ou,over,1.5,1.2,api_football,heartbeat
2026-10-11T01:55:26Z,1490524,2026-10-11T02:30:00Z,34.6,T-1h,USA MLS,new_format,Los Angeles FC,Vancouver Whitecaps,32,Betano,ou,under,1.5,4.6,api_football,heartbeat
2026-10-11T01:55:26Z,1490524,2026-10-11T02:30:00Z,34.6,T-1h,USA MLS,new_format,Los Angeles FC,Vancouver Whitecaps,32,Betano,ou,over,2.5,1.62,api_football,heartbeat
2026-10-11T01:55:26Z,1490524,2026-10-11T02:30:00Z,34.6,T-1h,USA MLS,new_format,Los Angeles FC,Vancouver Whitecaps,32,Betano,ou,under,2.5,2.37,api_football,heartbeat
2026-10-11T01:55:26Z,1490524,2026-10-11T02:30:00Z,34.6,T-1h,USA MLS,new_format,Los Angeles FC,Vancouver Whitecaps,32,Betano,ou,over,3.5,2.47,api_football,change
2026-10-11T01:55:26Z,1490524,2026-10-11T02:30:00Z,34.6,T-1h,USA MLS,new_format,Los Angeles FC,Vancouver Whitecaps,32,Betano,ou,under,3.5,1.57,api_football,heartbeat
2026-10-11T01:55:26Z,1490524,2026-10-11T02:30:00Z,34.6,T-1h,USA MLS,new_format,Los Angeles FC,Vancouver Whitecaps,32,Betano,ht_ou,over,1.5,2.42,api_football,heartbeat
2026-10-11T01:55:26Z,1490524,2026-10-11T02:30:00Z,34.6,T-1h,USA MLS,new_format,Los Angeles FC,Vancouver Whitecaps,32,Betano,ht_ou,under,1.5,1.57,api_football,heartbeat
2026-10-11T01:55:26Z,1490524,2026-10-11T02:30:00Z,34.6,T-1h,USA MLS,new_format,Los Angeles FC,Vancouver Whitecaps,32,Betano,ht_ou,over,0.5,1.33,api_football,heartbeat
2026-10-11T01:55:26Z,1490524,2026-10-11T02:30:00Z,34.6,T-1h,USA MLS,new_format,Los Angeles FC,Vancouver Whitecaps,32,Betano,ht_ou,under,0.5,3.2,api_football,change
2026-10-11T01:55:26Z,1490524,2026-10-11T02:30:00Z,34.6,T-1h,USA MLS,new_format,Los Angeles FC,Vancouver Whitecaps,32,Betano,btts,yes,,1.47,api_football,change
2026-10-11T01:55:26Z,1490524,2026-10-11T02:30:00Z,34.6,T-1h,USA MLS,new_format,Los Angeles FC,Vancouver Whitecaps,32,Betano,btts,no,,2.55,api_football,change
2026-10-11T01:58:34Z,1561936,2026-10-11T12:30:00Z,631.4,FAR,Austrian Bundesliga,new_format,SCR Altach,Wolfsberger AC,3,Betfair,ou,over,1.5,1.2,api_football,open
2026-10-11T01:58:34Z,1561936,2026-10-11T12:30:00Z,631.4,FAR,Austrian Bundesliga,new_format,SCR Altach,Wolfsberger AC,3,Betfair,ou,under,1.5,4.5,api_football,open
2026-10-11T01:58:34Z,1561936,2026-10-11T12:30:00Z,631.4,FAR,Austrian Bundesliga,new_format,SCR Altach,Wolfsberger AC,3,Betfair,ou,over,3.5,2.55,api_football,open
2026-10-11T01:58:34Z,1561936,2026-10-11T12:30:00Z,631.4,FAR,Austrian Bundesliga,new_format,SCR Altach,Wolfsberger AC,3,Betfair,ou,under,3.5,1.5,api_football,open
2026-10-11T01:58:34Z,1561936,2026-10-11T12:30:00Z,631.4,FAR,Austrian Bundesliga,new_format,SCR Altach,Wolfsberger AC,3,Betfair,btts,yes,,1.53,api_football,open
2026-10-11T01:58:34Z,1561936,2026-10-11T12:30:00Z,631.4,FAR,Austrian Bundesliga,new_format,SCR Altach,Wolfsberger AC,3,Betfair,btts,no,,2.45,api_football,open
2026-10-11T01:58:34Z,1561936,2026-10-11T12:30:00Z,631.4,FAR,Austrian Bundesliga,new_format,SCR Altach,Wolfsberger AC,36,BetVictor,ou,over,1.5,1.17,api_football,open
2026-10-11T01:58:34Z,1561936,2026-10-11T12:30:00Z,631.4,FAR,Austrian Bundesliga,new_format,SCR Altach,Wolfsberger AC,36,BetVictor,ou,under,1.5,4.6,api_football,open
2026-10-11T01:58:34Z,1561936,2026-10-11T12:30:00Z,631.4,FAR,Austrian Bundesliga,new_format,SCR Altach,Wolfsberger AC,36,BetVictor,ou,over,2.5,1.58,api_football,open
2026-10-11T01:58:34Z,1561936,2026-10-11T12:30:00Z,631.4,FAR,Austrian Bundesliga,new_format,SCR Altach,Wolfsberger AC,36,BetVictor,ou,under,2.5,2.19,api_football,open
2026-10-11T01:58:34Z,1561936,2026-10-11T12:30:00Z,631.4,FAR,Austrian Bundesliga,new_format,SCR Altach,Wolfsberger AC,36,BetVictor,ou,over,3.5,2.36,api_football,open
2026-10-11T01:58:34Z,1561936,2026-10-11T12:30:00Z,631.4,FAR,Austrian Bundesliga,new_format,SCR Altach,Wolfsberger AC,36,BetVictor,ou,under,3.5,1.5,api_football,open
2026-10-11T01:58:34Z,1561936,2026-10-11T12:30:00Z,631.4,FAR,Austrian Bundesliga,new_format,SCR Altach,Wolfsberger AC,36,BetVictor,ht_ou,over,1.5,2.25,api_football,open
2026-10-11T01:58:34Z,1561936,2026-10-11T12:30:00Z,631.4,FAR,Austrian Bundesliga,new_format,SCR Altach,Wolfsberger AC,36,BetVictor,ht_ou,under,1.5,1.55,api_football,open
2026-10-11T01:58:34Z,1561936,2026-10-11T12:30:00Z,631.4,FAR,Austrian Bundesliga,new_format,SCR Altach,Wolfsberger AC,36,BetVictor,ht_ou,over,0.5,1.29,api_football,open
2026-10-11T01:58:34Z,1561936,2026-10-11T12:30:00Z,631.4,FAR,Austrian Bundesliga,new_format,SCR Altach,Wolfsberger AC,36,BetVictor,ht_ou,under,0.5,3.4,api_football,open
2026-10-11T01:58:34Z,1561936,2026-10-11T12:30:00Z,631.4,FAR,Austrian Bundesliga,new_format,SCR Altach,Wolfsberger AC,36,BetVictor,btts,yes,,1.5,api_football,open
2026-10-11T01:58:34Z,1561936,2026-10-11T12:30:00Z,631.4,FAR,Austrian Bundesliga,new_format,SCR Altach,Wolfsberger AC,36,BetVictor,btts,no,,2.4,api_football,open
2026-10-11T01:58:34Z,1561936,2026-10-11T12:30:00Z,631.4,FAR,Austrian Bundesliga,new_format,SCR Altach,Wolfsberger AC,4,Pinnacle,ou,over,1.5,1.19,api_football,open
2026-10-11T01:58:34Z,1561936,2026-10-11T12:30:00Z,631.4,FAR,Austrian Bundesliga,new_format,SCR Altach,Wolfsberger AC,4,Pinnacle,ou,under,1.5,4.88,api_football,open
2026-10-11T01:58:34Z,1561936,2026-10-11T12:30:00Z,631.4,FAR,Austrian Bundesliga,new_format,SCR Altach,Wolfsberger AC,4,Pinnacle,ou,over,2.5,1.62,api_football,open
2026-10-11T01:58:34Z,1561936,2026-10-11T12:30:00Z,631.4,FAR,Austrian Bundesliga,new_format,SCR Altach,Wolfsberger AC,4,Pinnacle,ou,under,2.5,2.36,api_football,open
2026-10-11T01:58:34Z,1561936,2026-10-11T12:30:00Z,631.4,FAR,Austrian Bundesliga,new_format,SCR Altach,Wolfsberger AC,4,Pinnacle,ou,over,3.5,2.54,api_football,open
2026-10-11T01:58:34Z,1561936,2026-10-11T12:30:00Z,631.4,FAR,Austrian Bundesliga,new_format,SCR Altach,Wolfsberger AC,4,Pinnacle,ou,under,3.5,1.55,api_football,open
2026-10-11T01:58:34Z,1561936,2026-10-11T12:30:00Z,631.4,FAR,Austrian Bundesliga,new_format,SCR Altach,Wolfsberger AC,4,Pinnacle,ht_ou,over,1.5,2.4,api_football,open
2026-10-11T01:58:34Z,1561936,2026-10-11T12:30:00Z,631.4,FAR,Austrian Bundesliga,new_format,SCR Altach,Wolfsberger AC,4,Pinnacle,ht_ou,under,1.5,1.57,api_football,open
2026-10-11T01:58:34Z,1561936,2026-10-11T12:30:00Z,631.4,FAR,Austrian Bundesliga,new_format,SCR Altach,Wolfsberger AC,32,Betano,ou,over,1.5,1.19,api_football,open
2026-10-11T01:58:34Z,1561936,2026-10-11T12:30:00Z,631.4,FAR,Austrian Bundesliga,new_format,SCR Altach,Wolfsberger AC,32,Betano,ou,under,1.5,4.4,api_football,open
2026-10-11T01:58:34Z,1561936,2026-10-11T12:30:00Z,631.4,FAR,Austrian Bundesliga,new_format,SCR Altach,Wolfsberger AC,32,Betano,ou,over,2.5,1.57,api_football,open
2026-10-11T01:58:34Z,1561936,2026-10-11T12:30:00Z,631.4,FAR,Austrian Bundesliga,new_format,SCR Altach,Wolfsberger AC,32,Betano,ou,under,2.5,2.35,api_football,open
2026-10-11T01:58:34Z,1561936,2026-10-11T12:30:00Z,631.4,FAR,Austrian Bundesliga,new_format,SCR Altach,Wolfsberger AC,32,Betano,ou,over,3.5,2.4,api_football,open
2026-10-11T01:58:34Z,1561936,2026-10-11T12:30:00Z,631.4,FAR,Austrian Bundesliga,new_format,SCR Altach,Wolfsberger AC,32,Betano,ou,under,3.5,1.55,api_football,open
2026-10-11T01:58:34Z,1561936,2026-10-11T12:30:00Z,631.4,FAR,Austrian Bundesliga,new_format,SCR Altach,Wolfsberger AC,32,Betano,ht_ou,over,1.5,2.37,api_football,open
2026-10-11T01:58:34Z,1561936,2026-10-11T12:30:00Z,631.4,FAR,Austrian Bundesliga,new_format,SCR Altach,Wolfsberger AC,32,Betano,ht_ou,under,1.5,1.57,api_football,open
2026-10-11T01:58:34Z,1561936,2026-10-11T12:30:00Z,631.4,FAR,Austrian Bundesliga,new_format,SCR Altach,Wolfsberger AC,32,Betano,ht_ou,over,0.5,1.32,api_football,open
2026-10-11T01:58:34Z,1561936,2026-10-11T12:30:00Z,631.4,FAR,Austrian Bundesliga,new_format,SCR Altach,Wolfsberger AC,32,Betano,ht_ou,under,0.5,3.2,api_football,open
2026-10-11T01:58:34Z,1561936,2026-10-11T12:30:00Z,631.4,FAR,Austrian Bundesliga,new_format,SCR Altach,Wolfsberger AC,32,Betano,btts,yes,,1.52,api_football,open
2026-10-11T01:58:34Z,1561936,2026-10-11T12:30:00Z,631.4,FAR,Austrian Bundesliga,new_format,SCR Altach,Wolfsberger AC,32,Betano,btts,no,,2.37,api_football,open
2026-10-11T01:58:34Z,1561939,2026-10-11T12:30:00Z,631.4,FAR,Austrian Bundesliga,new_format,TSV Hartberg,Austria Lustenau,3,Betfair,ou,over,1.5,1.25,api_football,open
2026-10-11T01:58:34Z,1561939,2026-10-11T12:30:00Z,631.4,FAR,Austrian Bundesliga,new_format,TSV Hartberg,Austria Lustenau,3,Betfair,ou,under,1.5,3.8,api_football,open
2026-10-11T01:58:34Z,1561939,2026-10-11T12:30:00Z,631.4,FAR,Austrian Bundesliga,new_format,TSV Hartberg,Austria Lustenau,3,Betfair,ou,over,3.5,3.1,api_football,open
2026-10-11T01:58:34Z,1561939,2026-10-11T12:30:00Z,631.4,FAR,Austrian Bundesliga,new_format,TSV Hartberg,Austria Lustenau,3,Betfair,ou,under,3.5,1.36,api_football,open
2026-10-11T01:58:34Z,1561939,2026-10-11T12:30:00Z,631.4,FAR,Austrian Bundesliga,new_format,TSV Hartberg,Austria Lustenau,3,Betfair,btts,yes,,1.67,api_football,open
2026-10-11T01:58:34Z,1561939,2026-10-11T12:30:00Z,631.4,FAR,Austrian Bundesliga,new_format,TSV Hartberg,Austria Lustenau,3,Betfair,btts,no,,2.15,api_football,open
2026-10-11T01:58:34Z,1561939,2026-10-11T12:30:00Z,631.4,FAR,Austrian Bundesliga,new_format,TSV Hartberg,Austria Lustenau,36,BetVictor,ou,over,1.5,1.22,api_football,open
2026-10-11T01:58:34Z,1561939,2026-10-11T12:30:00Z,631.4,FAR,Austrian Bundesliga,new_format,TSV Hartberg,Austria Lustenau,36,BetVictor,ou,under,1.5,3.9,api_football,open
2026-10-11T01:58:34Z,1561939,2026-10-11T12:30:00Z,631.4,FAR,Austrian Bundesliga,new_format,TSV Hartberg,Austria Lustenau,36,BetVictor,ou,over,2.5,1.75,api_football,open
2026-10-11T01:58:34Z,1561939,2026-10-11T12:30:00Z,631.4,FAR,Austrian Bundesliga,new_format,TSV Hartberg,Austria Lustenau,36,BetVictor,ou,under,2.5,1.93,api_football,open
2026-10-11T01:58:34Z,1561939,2026-10-11T12:30:00Z,631.4,FAR,Austrian Bundesliga,new_format,TSV Hartberg,Austria Lustenau,36,BetVictor,ou,over,3.5,3.0,api_football,open
2026-10-11T01:58:34Z,1561939,2026-10-11T12:30:00Z,631.4,FAR,Austrian Bundesliga,new_format,TSV Hartberg,Austria Lustenau,36,BetVictor,ou,under,3.5,1.33,api_football,open
2026-10-11T01:58:34Z,1561939,2026-10-11T12:30:00Z,631.4,FAR,Austrian Bundesliga,new_format,TSV Hartberg,Austria Lustenau,36,BetVictor,ht_ou,over,1.5,2.45,api_football,open
2026-10-11T01:58:34Z,1561939,2026-10-11T12:30:00Z,631.4,FAR,Austrian Bundesliga,new_format,TSV Hartberg,Austria Lustenau,36,BetVictor,ht_ou,under,1.5,1.46,api_football,open
2026-10-11T01:58:34Z,1561939,2026-10-11T12:30:00Z,631.4,FAR,Austrian Bundesliga,new_format,TSV Hartberg,Austria Lustenau,36,BetVictor,ht_ou,over,0.5,1.35,api_football,open
2026-10-11T01:58:34Z,1561939,2026-10-11T12:30:00Z,631.4,FAR,Austrian Bundesliga,new_format,TSV Hartberg,Austria Lustenau,36,BetVictor,ht_ou,under,0.5,2.87,api_football,open
2026-10-11T01:58:34Z,1561939,2026-10-11T12:30:00Z,631.4,FAR,Austrian Bundesliga,new_format,TSV Hartberg,Austria Lustenau,36,BetVictor,btts,yes,,1.62,api_football,open
2026-10-11T01:58:34Z,1561939,2026-10-11T12:30:00Z,631.4,FAR,Austrian Bundesliga,new_format,TSV Hartberg,Austria Lustenau,36,BetVictor,btts,no,,2.15,api_football,open
2026-10-11T01:58:34Z,1561939,2026-10-11T12:30:00Z,631.4,FAR,Austrian Bundesliga,new_format,TSV Hartberg,Austria Lustenau,4,Pinnacle,ou,over,1.5,1.25,api_football,open
2026-10-11T01:58:34Z,1561939,2026-10-11T12:30:00Z,631.4,FAR,Austrian Bundesliga,new_format,TSV Hartberg,Austria Lustenau,4,Pinnacle,ou,under,1.5,4.04,api_football,open
2026-10-11T01:58:34Z,1561939,2026-10-11T12:30:00Z,631.4,FAR,Austrian Bundesliga,new_format,TSV Hartberg,Austria Lustenau,4,Pinnacle,ou,over,2.5,1.81,api_football,open
2026-10-11T01:58:34Z,1561939,2026-10-11T12:30:00Z,631.4,FAR,Austrian Bundesliga,new_format,TSV Hartberg,Austria Lustenau,4,Pinnacle,ou,under,2.5,2.06,api_football,open
2026-10-11T01:58:34Z,1561939,2026-10-11T12:30:00Z,631.4,FAR,Austrian Bundesliga,new_format,TSV Hartberg,Austria Lustenau,4,Pinnacle,ou,over,3.5,3.01,api_football,open
2026-10-11T01:58:34Z,1561939,2026-10-11T12:30:00Z,631.4,FAR,Austrian Bundesliga,new_format,TSV Hartberg,Austria Lustenau,4,Pinnacle,ou,under,3.5,1.4,api_football,open
2026-10-11T01:58:34Z,1561939,2026-10-11T12:30:00Z,631.4,FAR,Austrian Bundesliga,new_format,TSV Hartberg,Austria Lustenau,4,Pinnacle,ht_ou,over,1.5,2.68,api_football,open
2026-10-11T01:58:34Z,1561939,2026-10-11T12:30:00Z,631.4,FAR,Austrian Bundesliga,new_format,TSV Hartberg,Austria Lustenau,4,Pinnacle,ht_ou,under,1.5,1.47,api_football,open
2026-10-11T01:58:34Z,1561939,2026-10-11T12:30:00Z,631.4,FAR,Austrian Bundesliga,new_format,TSV Hartberg,Austria Lustenau,4,Pinnacle,ht_ou,over,0.5,1.34,api_football,open
2026-10-11T01:58:34Z,1561939,2026-10-11T12:30:00Z,631.4,FAR,Austrian Bundesliga,new_format,TSV Hartberg,Austria Lustenau,4,Pinnacle,ht_ou,under,0.5,3.26,api_football,open
2026-10-11T01:58:34Z,1561939,2026-10-11T12:30:00Z,631.4,FAR,Austrian Bundesliga,new_format,TSV Hartberg,Austria Lustenau,5,SBO,ou,over,2.5,1.78,api_football,open
2026-10-11T01:58:34Z,1561939,2026-10-11T12:30:00Z,631.4,FAR,Austrian Bundesliga,new_format,TSV Hartberg,Austria Lustenau,5,SBO,ou,under,2.5,2.04,api_football,open
2026-10-11T01:58:34Z,1561939,2026-10-11T12:30:00Z,631.4,FAR,Austrian Bundesliga,new_format,TSV Hartberg,Austria Lustenau,32,Betano,ou,over,1.5,1.27,api_football,open
2026-10-11T01:58:34Z,1561939,2026-10-11T12:30:00Z,631.4,FAR,Austrian Bundesliga,new_format,TSV Hartberg,Austria Lustenau,32,Betano,ou,under,1.5,3.5,api_football,open
2026-10-11T01:58:34Z,1561939,2026-10-11T12:30:00Z,631.4,FAR,Austrian Bundesliga,new_format,TSV Hartberg,Austria Lustenau,32,Betano,ou,over,2.5,1.83,api_football,open
2026-10-11T01:58:34Z,1561939,2026-10-11T12:30:00Z,631.4,FAR,Austrian Bundesliga,new_format,TSV Hartberg,Austria Lustenau,32,Betano,ou,under,2.5,1.95,api_football,open
2026-10-11T01:58:34Z,1561939,2026-10-11T12:30:00Z,631.4,FAR,Austrian Bundesliga,new_format,TSV Hartberg,Austria Lustenau,32,Betano,ou,over,3.5,2.95,api_football,open
2026-10-11T01:58:34Z,1561939,2026-10-11T12:30:00Z,631.4,FAR,Austrian Bundesliga,new_format,TSV Hartberg,Austria Lustenau,32,Betano,ou,under,3.5,1.37,api_football,open
2026-10-11T01:58:34Z,1561939,2026-10-11T12:30:00Z,631.4,FAR,Austrian Bundesliga,new_format,TSV Hartberg,Austria Lustenau,32,Betano,ht_ou,over,1.5,2.75,api_football,open
2026-10-11T01:58:34Z,1561939,2026-10-11T12:30:00Z,631.4,FAR,Austrian Bundesliga,new_format,TSV Hartberg,Austria Lustenau,32,Betano,ht_ou,under,1.5,1.44,api_football,open
2026-10-11T01:58:34Z,1561939,2026-10-11T12:30:00Z,631.4,FAR,Austrian Bundesliga,new_format,TSV Hartberg,Austria Lustenau,32,Betano,ht_ou,over,0.5,1.4,api_football,open
2026-10-11T01:58:34Z,1561939,2026-10-11T12:30:00Z,631.4,FAR,Austrian Bundesliga,new_format,TSV Hartberg,Austria Lustenau,32,Betano,ht_ou,under,0.5,2.87,api_football,open
2026-10-11T01:58:34Z,1561939,2026-10-11T12:30:00Z,631.4,FAR,Austrian Bundesliga,new_format,TSV Hartberg,Austria Lustenau,32,Betano,btts,yes,,1.65,api_football,open
2026-10-11T01:58:34Z,1561939,2026-10-11T12:30:00Z,631.4,FAR,Austrian Bundesliga,new_format,TSV Hartberg,Austria Lustenau,32,Betano,btts,no,,2.1,api_football,open
2026-10-11T01:58:34Z,1523272,2026-10-11T10:00:00Z,481.4,FAR,China Super League,new_format,Qingdao Youth Island,Dalian Zhixing,8,Bet365,ht_ou,over,1.5,2.62,api_football,open
2026-10-11T01:58:34Z,1523272,2026-10-11T10:00:00Z,481.4,FAR,China Super League,new_format,Qingdao Youth Island,Dalian Zhixing,8,Bet365,ht_ou,under,1.5,1.44,api_football,open
2026-10-11T01:58:34Z,1523272,2026-10-11T10:00:00Z,481.4,FAR,China Super League,new_format,Qingdao Youth Island,Dalian Zhixing,8,Bet365,ht_ou,over,0.5,1.36,api_football,open
2026-10-11T01:58:34Z,1523272,2026-10-11T10:00:00Z,481.4,FAR,China Super League,new_format,Qingdao Youth Island,Dalian Zhixing,8,Bet365,ht_ou,under,0.5,3.0,api_football,open
2026-10-11T01:58:34Z,1523272,2026-10-11T10:00:00Z,481.4,FAR,China Super League,new_format,Qingdao Youth Island,Dalian Zhixing,3,Betfair,ou,over,1.5,1.25,api_football,open
2026-10-11T01:58:34Z,1523272,2026-10-11T10:00:00Z,481.4,FAR,China Super League,new_format,Qingdao Youth Island,Dalian Zhixing,3,Betfair,ou,under,1.5,3.8,api_football,open
2026-10-11T01:58:34Z,1523272,2026-10-11T10:00:00Z,481.4,FAR,China Super League,new_format,Qingdao Youth Island,Dalian Zhixing,3,Betfair,ou,over,3.5,3.1,api_football,open
2026-10-11T01:58:34Z,1523272,2026-10-11T10:00:00Z,481.4,FAR,China Super League,new_format,Qingdao Youth Island,Dalian Zhixing,3,Betfair,ou,under,3.5,1.36,api_football,open
2026-10-11T01:58:34Z,1523272,2026-10-11T10:00:00Z,481.4,FAR,China Super League,new_format,Qingdao Youth Island,Dalian Zhixing,3,Betfair,btts,yes,,1.65,api_football,open
2026-10-11T01:58:34Z,1523272,2026-10-11T10:00:00Z,481.4,FAR,China Super League,new_format,Qingdao Youth Island,Dalian Zhixing,3,Betfair,btts,no,,2.2,api_football,open
2026-10-11T01:58:34Z,1523274,2026-10-11T11:35:00Z,576.4,FAR,China Super League,new_format,Shenyang Urban,Wuhan Three Towns,7,William Hill,ht_ou,over,1.5,2.05,api_football,open
2026-10-11T01:58:34Z,1523274,2026-10-11T11:35:00Z,576.4,FAR,China Super League,new_format,Shenyang Urban,Wuhan Three Towns,7,William Hill,ht_ou,under,1.5,1.67,api_football,open
2026-10-11T01:58:34Z,1523274,2026-10-11T11:35:00Z,576.4,FAR,China Super League,new_format,Shenyang Urban,Wuhan Three Towns,7,William Hill,ht_ou,over,0.5,1.22,api_football,open
2026-10-11T01:58:34Z,1523274,2026-10-11T11:35:00Z,576.4,FAR,China Super League,new_format,Shenyang Urban,Wuhan Three Towns,7,William Hill,ht_ou,under,0.5,4.0,api_football,open
2026-10-11T01:58:34Z,1523274,2026-10-11T11:35:00Z,576.4,FAR,China Super League,new_format,Shenyang Urban,Wuhan Three Towns,7,William Hill,btts,yes,,1.44,api_football,open
2026-10-11T01:58:34Z,1523274,2026-10-11T11:35:00Z,576.4,FAR,China Super League,new_format,Shenyang Urban,Wuhan Three Towns,7,William Hill,btts,no,,2.62,api_football,open
2026-10-11T01:58:34Z,1523274,2026-10-11T11:35:00Z,576.4,FAR,China Super League,new_format,Shenyang Urban,Wuhan Three Towns,8,Bet365,ht_ou,over,1.5,2.1,api_football,open
2026-10-11T01:58:34Z,1523274,2026-10-11T11:35:00Z,576.4,FAR,China Super League,new_format,Shenyang Urban,Wuhan Three Towns,8,Bet365,ht_ou,under,1.5,1.67,api_football,open
2026-10-11T01:58:34Z,1523274,2026-10-11T11:35:00Z,576.4,FAR,China Super League,new_format,Shenyang Urban,Wuhan Three Towns,8,Bet365,ht_ou,over,0.5,1.25,api_football,open
2026-10-11T01:58:34Z,1523274,2026-10-11T11:35:00Z,576.4,FAR,China Super League,new_format,Shenyang Urban,Wuhan Three Towns,8,Bet365,ht_ou,under,0.5,3.75,api_football,open
2026-10-11T01:58:34Z,1523274,2026-10-11T11:35:00Z,576.4,FAR,China Super League,new_format,Shenyang Urban,Wuhan Three Towns,2,Marathonbet,ou,over,1.5,1.1,api_football,open
2026-10-11T01:58:34Z,1523274,2026-10-11T11:35:00Z,576.4,FAR,China Super League,new_format,Shenyang Urban,Wuhan Three Towns,2,Marathonbet,ou,under,1.5,5.15,api_football,open
2026-10-11T01:58:34Z,1523274,2026-10-11T11:35:00Z,576.4,FAR,China Super League,new_format,Shenyang Urban,Wuhan Three Towns,2,Marathonbet,ou,over,2.5,1.43,api_football,open
2026-10-11T01:58:34Z,1523274,2026-10-11T11:35:00Z,576.4,FAR,China Super League,new_format,Shenyang Urban,Wuhan Three Towns,2,Marathonbet,ou,under,2.5,2.46,api_football,open
2026-10-11T01:58:34Z,1523274,2026-10-11T11:35:00Z,576.4,FAR,China Super League,new_format,Shenyang Urban,Wuhan Three Towns,2,Marathonbet,ou,over,3.5,2.17,api_football,open
2026-10-11T01:58:34Z,1523274,2026-10-11T11:35:00Z,576.4,FAR,China Super League,new_format,Shenyang Urban,Wuhan Three Towns,2,Marathonbet,ou,under,3.5,1.63,api_football,open
2026-10-11T01:58:34Z,1523274,2026-10-11T11:35:00Z,576.4,FAR,China Super League,new_format,Shenyang Urban,Wuhan Three Towns,2,Marathonbet,ht_ou,over,1.5,2.06,api_football,open
2026-10-11T01:58:34Z,1523274,2026-10-11T11:35:00Z,576.4,FAR,China Super League,new_format,Shenyang Urban,Wuhan Three Towns,2,Marathonbet,ht_ou,under,1.5,1.69,api_football,open
2026-10-11T01:58:34Z,1523274,2026-10-11T11:35:00Z,576.4,FAR,China Super League,new_format,Shenyang Urban,Wuhan Three Towns,2,Marathonbet,ht_ou,over,0.5,1.18,api_football,open
2026-10-11T01:58:34Z,1523274,2026-10-11T11:35:00Z,576.4,FAR,China Super League,new_format,Shenyang Urban,Wuhan Three Towns,2,Marathonbet,ht_ou,under,0.5,3.92,api_football,open
2026-10-11T01:58:34Z,1523274,2026-10-11T11:35:00Z,576.4,FAR,China Super League,new_format,Shenyang Urban,Wuhan Three Towns,2,Marathonbet,btts,yes,,1.41,api_football,open
2026-10-11T01:58:34Z,1523274,2026-10-11T11:35:00Z,576.4,FAR,China Super League,new_format,Shenyang Urban,Wuhan Three Towns,2,Marathonbet,btts,no,,2.64,api_football,open
2026-10-11T01:58:34Z,1523274,2026-10-11T11:35:00Z,576.4,FAR,China Super League,new_format,Shenyang Urban,Wuhan Three Towns,3,Betfair,ou,over,1.5,1.13,api_football,open
2026-10-11T01:58:34Z,1523274,2026-10-11T11:35:00Z,576.4,FAR,China Super League,new_format,Shenyang Urban,Wuhan Three Towns,3,Betfair,ou,under,1.5,6.0,api_football,open
2026-10-11T01:58:34Z,1523274,2026-10-11T11:35:00Z,576.4,FAR,China Super League,new_format,Shenyang Urban,Wuhan Three Towns,3,Betfair,ou,over,3.5,2.2,api_football,open
2026-10-11T01:58:34Z,1523274,2026-10-11T11:35:00Z,576.4,FAR,China Super League,new_format,Shenyang Urban,Wuhan Three Towns,3,Betfair,ou,under,3.5,1.65,api_football,open
2026-10-11T01:58:34Z,1523274,2026-10-11T11:35:00Z,576.4,FAR,China Super League,new_format,Shenyang Urban,Wuhan Three Towns,3,Betfair,ht_ou,over,1.5,2.1,api_football,open
2026-10-11T01:58:34Z,1523274,2026-10-11T11:35:00Z,576.4,FAR,China Super League,new_format,Shenyang Urban,Wuhan Three Towns,3,Betfair,ht_ou,under,1.5,1.65,api_football,open
2026-10-11T01:58:34Z,1523274,2026-10-11T11:35:00Z,576.4,FAR,China Super League,new_format,Shenyang Urban,Wuhan Three Towns,3,Betfair,ht_ou,over,0.5,1.2,api_football,open
2026-10-11T01:58:34Z,1523274,2026-10-11T11:35:00Z,576.4,FAR,China Super League,new_format,Shenyang Urban,Wuhan Three Towns,3,Betfair,ht_ou,under,0.5,4.0,api_football,open
2026-10-11T01:58:34Z,1523274,2026-10-11T11:35:00Z,576.4,FAR,China Super League,new_format,Shenyang Urban,Wuhan Three Towns,3,Betfair,btts,yes,,1.44,api_football,open
2026-10-11T01:58:34Z,1523274,2026-10-11T11:35:00Z,576.4,FAR,China Super League,new_format,Shenyang Urban,Wuhan Three Towns,3,Betfair,btts,no,,2.7,api_football,open
2026-10-11T01:58:34Z,1523274,2026-10-11T11:35:00Z,576.4,FAR,China Super League,new_format,Shenyang Urban,Wuhan Three Towns,4,Pinnacle,ou,over,1.5,1.15,api_football,open
2026-10-11T01:58:34Z,1523274,2026-10-11T11:35:00Z,576.4,FAR,China Super League,new_format,Shenyang Urban,Wuhan Three Towns,4,Pinnacle,ou,under,1.5,5.57,api_football,open
2026-10-11T01:58:34Z,1523274,2026-10-11T11:35:00Z,576.4,FAR,China Super League,new_format,Shenyang Urban,Wuhan Three Towns,4,Pinnacle,ou,over,2.5,1.51,api_football,open
2026-10-11T01:58:34Z,1523274,2026-10-11T11:35:00Z,576.4,FAR,China Super League,new_format,Shenyang Urban,Wuhan Three Towns,4,Pinnacle,ou,under,2.5,2.61,api_football,open
2026-10-11T01:58:34Z,1523274,2026-10-11T11:35:00Z,576.4,FAR,China Super League,new_format,Shenyang Urban,Wuhan Three Towns,4,Pinnacle,ou,over,3.5,2.25,api_football,open
2026-10-11T01:58:34Z,1523274,2026-10-11T11:35:00Z,576.4,FAR,China Super League,new_format,Shenyang Urban,Wuhan Three Towns,4,Pinnacle,ou,under,3.5,1.67,api_football,open
2026-10-11T01:58:34Z,1523274,2026-10-11T11:35:00Z,576.4,FAR,China Super League,new_format,Shenyang Urban,Wuhan Three Towns,4,Pinnacle,ht_ou,over,1.5,2.21,api_football,open
2026-10-11T01:58:34Z,1523274,2026-10-11T11:35:00Z,576.4,FAR,China Super League,new_format,Shenyang Urban,Wuhan Three Towns,4,Pinnacle,ht_ou,under,1.5,1.65,api_football,open
2026-10-11T01:58:34Z,1523274,2026-10-11T11:35:00Z,576.4,FAR,China Super League,new_format,Shenyang Urban,Wuhan Three Towns,11,1xBet,ou,over,1.5,1.1,api_football,open
2026-10-11T01:58:34Z,1523274,2026-10-11T11:35:00Z,576.4,FAR,China Super League,new_format,Shenyang Urban,Wuhan Three Towns,11,1xBet,ou,under,1.5,5.15,api_football,open
2026-10-11T01:58:34Z,1523274,2026-10-11T11:35:00Z,576.4,FAR,China Super League,new_format,Shenyang Urban,Wuhan Three Towns,11,1xBet,ou,over,2.5,1.43,api_football,open
2026-10-11T01:58:34Z,1523274,2026-10-11T11:35:00Z,576.4,FAR,China Super League,new_format,Shenyang Urban,Wuhan Three Towns,11,1xBet,ou,under,2.5,2.46,api_football,open
2026-10-11T01:58:34Z,1523274,2026-10-11T11:35:00Z,576.4,FAR,China Super League,new_format,Shenyang Urban,Wuhan Three Towns,11,1xBet,ou,over,3.5,2.23,api_football,open
2026-10-11T01:58:34Z,1523274,2026-10-11T11:35:00Z,576.4,FAR,China Super League,new_format,Shenyang Urban,Wuhan Three Towns,11,1xBet,ou,under,3.5,1.67,api_football,open
2026-10-11T01:58:34Z,1523274,2026-10-11T11:35:00Z,576.4,FAR,China Super League,new_format,Shenyang Urban,Wuhan Three Towns,11,1xBet,ht_ou,over,1.5,2.06,api_football,open
2026-10-11T01:58:34Z,1523274,2026-10-11T11:35:00Z,576.4,FAR,China Super League,new_format,Shenyang Urban,Wuhan Three Towns,11,1xBet,ht_ou,under,1.5,1.69,api_football,open
2026-10-11T01:58:34Z,1523274,2026-10-11T11:35:00Z,576.4,FAR,China Super League,new_format,Shenyang Urban,Wuhan Three Towns,11,1xBet,ht_ou,over,0.5,1.18,api_football,open
2026-10-11T01:58:34Z,1523274,2026-10-11T11:35:00Z,576.4,FAR,China Super League,new_format,Shenyang Urban,Wuhan Three Towns,11,1xBet,ht_ou,under,0.5,3.92,api_football,open
2026-10-11T01:58:34Z,1523274,2026-10-11T11:35:00Z,576.4,FAR,China Super League,new_format,Shenyang Urban,Wuhan Three Towns,11,1xBet,btts,yes,,1.41,api_football,open
2026-10-11T01:58:34Z,1523274,2026-10-11T11:35:00Z,576.4,FAR,China Super League,new_format,Shenyang Urban,Wuhan Three Towns,11,1xBet,btts,no,,2.69,api_football,open
2026-10-11T01:58:34Z,1523274,2026-10-11T11:35:00Z,576.4,FAR,China Super League,new_format,Shenyang Urban,Wuhan Three Towns,32,Betano,ou,over,1.5,1.15,api_football,open
2026-10-11T01:58:34Z,1523274,2026-10-11T11:35:00Z,576.4,FAR,China Super League,new_format,Shenyang Urban,Wuhan Three Towns,32,Betano,ou,under,1.5,4.65,api_football,open
2026-10-11T01:58:34Z,1523274,2026-10-11T11:35:00Z,576.4,FAR,China Super League,new_format,Shenyang Urban,Wuhan Three Towns,32,Betano,ou,over,2.5,1.47,api_football,open
2026-10-11T01:58:34Z,1523274,2026-10-11T11:35:00Z,576.4,FAR,China Super League,new_format,Shenyang Urban,Wuhan Three Towns,32,Betano,ou,under,2.5,2.5,api_football,open
2026-10-11T01:58:34Z,1523274,2026-10-11T11:35:00Z,576.4,FAR,China Super League,new_format,Shenyang Urban,Wuhan Three Towns,32,Betano,ou,over,3.5,2.15,api_football,open
2026-10-11T01:58:34Z,1523274,2026-10-11T11:35:00Z,576.4,FAR,China Super League,new_format,Shenyang Urban,Wuhan Three Towns,32,Betano,ou,under,3.5,1.65,api_football,open
2026-10-11T01:58:34Z,1523274,2026-10-11T11:35:00Z,576.4,FAR,China Super League,new_format,Shenyang Urban,Wuhan Three Towns,32,Betano,ht_ou,over,1.5,2.22,api_football,open
2026-10-11T01:58:34Z,1523274,2026-10-11T11:35:00Z,576.4,FAR,China Super League,new_format,Shenyang Urban,Wuhan Three Towns,32,Betano,ht_ou,under,1.5,1.62,api_football,open
2026-10-11T01:58:34Z,1523274,2026-10-11T11:35:00Z,576.4,FAR,China Super League,new_format,Shenyang Urban,Wuhan Three Towns,32,Betano,ht_ou,over,0.5,1.28,api_football,open
2026-10-11T01:58:34Z,1523274,2026-10-11T11:35:00Z,576.4,FAR,China Super League,new_format,Shenyang Urban,Wuhan Three Towns,32,Betano,ht_ou,under,0.5,3.35,api_football,open
2026-10-11T01:58:34Z,1523274,2026-10-11T11:35:00Z,576.4,FAR,China Super League,new_format,Shenyang Urban,Wuhan Three Towns,32,Betano,btts,yes,,1.44,api_football,open
2026-10-11T01:58:34Z,1523274,2026-10-11T11:35:00Z,576.4,FAR,China Super League,new_format,Shenyang Urban,Wuhan Three Towns,32,Betano,btts,no,,2.6,api_football,open
2026-10-11T01:58:34Z,1523273,2026-10-11T11:35:00Z,576.4,FAR,China Super League,new_format,Chongqing Tongliang Long,Shandong Luneng,3,Betfair,ou,over,1.5,1.2,api_football,open
2026-10-11T01:58:34Z,1523273,2026-10-11T11:35:00Z,576.4,FAR,China Super League,new_format,Chongqing Tongliang Long,Shandong Luneng,3,Betfair,ou,under,1.5,4.33,api_football,open
2026-10-11T01:58:34Z,1523273,2026-10-11T11:35:00Z,576.4,FAR,China Super League,new_format,Chongqing Tongliang Long,Shandong Luneng,3,Betfair,ou,over,3.5,2.7,api_football,open
2026-10-11T01:58:34Z,1523273,2026-10-11T11:35:00Z,576.4,FAR,China Super League,new_format,Chongqing Tongliang Long,Shandong Luneng,3,Betfair,ou,under,3.5,1.44,api_football,open
2026-10-11T01:58:34Z,1523273,2026-10-11T11:35:00Z,576.4,FAR,China Super League,new_format,Chongqing Tongliang Long,Shandong Luneng,3,Betfair,btts,yes,,1.53,api_football,open
2026-10-11T01:58:34Z,1523273,2026-10-11T11:35:00Z,576.4,FAR,China Super League,new_format,Chongqing Tongliang Long,Shandong Luneng,3,Betfair,btts,no,,2.45,api_football,open
2026-10-11T01:58:34Z,1549032,2026-10-11T12:00:00Z,601.4,FAR,Denmark Superliga,new_format,Randers FC,Viborg,3,Betfair,ou,over,1.5,1.2,api_football,open
2026-10-11T01:58:34Z,1549032,2026-10-11T12:00:00Z,601.4,FAR,Denmark Superliga,new_format,Randers FC,Viborg,3,Betfair,ou,under,1.5,4.5,api_football,open
2026-10-11T01:58:34Z,1549032,2026-10-11T12:00:00Z,601.4,FAR,Denmark Superliga,new_format,Randers FC,Viborg,3,Betfair,ou,over,3.5,2.63,api_football,open
2026-10-11T01:58:34Z,1549032,2026-10-11T12:00:00Z,601.4,FAR,Denmark Superliga,new_format,Randers FC,Viborg,3,Betfair,ou,under,3.5,1.47,api_football,open
2026-10-11T01:58:34Z,1549032,2026-10-11T12:00:00Z,601.4,FAR,Denmark Superliga,new_format,Randers FC,Viborg,3,Betfair,btts,yes,,1.53,api_football,open
2026-10-11T01:58:34Z,1549032,2026-10-11T12:00:00Z,601.4,FAR,Denmark Superliga,new_format,Randers FC,Viborg,3,Betfair,btts,no,,2.45,api_football,open
2026-10-11T01:58:34Z,1549032,2026-10-11T12:00:00Z,601.4,FAR,Denmark Superliga,new_format,Randers FC,Viborg,36,BetVictor,ou,over,1.5,1.18,api_football,open
2026-10-11T01:58:34Z,1549032,2026-10-11T12:00:00Z,601.4,FAR,Denmark Superliga,new_format,Randers FC,Viborg,36,BetVictor,ou,under,1.5,4.4,api_football,open
2026-10-11T01:58:34Z,1549032,2026-10-11T12:00:00Z,601.4,FAR,Denmark Superliga,new_format,Randers FC,Viborg,36,BetVictor,ou,over,2.5,1.62,api_football,open
2026-10-11T01:58:34Z,1549032,2026-10-11T12:00:00Z,601.4,FAR,Denmark Superliga,new_format,Randers FC,Viborg,36,BetVictor,ou,under,2.5,2.11,api_football,open
2026-10-11T01:58:34Z,1549032,2026-10-11T12:00:00Z,601.4,FAR,Denmark Superliga,new_format,Randers FC,Viborg,36,BetVictor,ou,over,3.5,2.63,api_football,open
2026-10-11T01:58:34Z,1549032,2026-10-11T12:00:00Z,601.4,FAR,Denmark Superliga,new_format,Randers FC,Viborg,36,BetVictor,ou,under,3.5,1.44,api_football,open
2026-10-11T01:58:34Z,1549032,2026-10-11T12:00:00Z,601.4,FAR,Denmark Superliga,new_format,Randers FC,Viborg,36,BetVictor,ht_ou,over,1.5,2.3,api_football,open
2026-10-11T01:58:34Z,1549032,2026-10-11T12:00:00Z,601.4,FAR,Denmark Superliga,new_format,Randers FC,Viborg,36,BetVictor,ht_ou,under,1.5,1.53,api_football,open
2026-10-11T01:58:34Z,1549032,2026-10-11T12:00:00Z,601.4,FAR,Denmark Superliga,new_format,Randers FC,Viborg,36,BetVictor,btts,yes,,1.5,api_football,open
2026-10-11T01:58:34Z,1549032,2026-10-11T12:00:00Z,601.4,FAR,Denmark Superliga,new_format,Randers FC,Viborg,36,BetVictor,btts,no,,2.38,api_football,open
2026-10-11T01:58:34Z,1549033,2026-10-11T12:00:00Z,601.4,FAR,Denmark Superliga,new_format,Silkeborg,AC Horsens,3,Betfair,ou,over,1.5,1.25,api_football,open
2026-10-11T01:58:34Z,1549033,2026-10-11T12:00:00Z,601.4,FAR,Denmark Superliga,new_format,Silkeborg,AC Horsens,3,Betfair,ou,under,1.5,3.8,api_football,open
2026-10-11T01:58:34Z,1549033,2026-10-11T12:00:00Z,601.4,FAR,Denmark Superliga,new_format,Silkeborg,AC Horsens,3,Betfair,ou,over,3.5,3.1,api_football,open
2026-10-11T01:58:34Z,1549033,2026-10-11T12:00:00Z,601.4,FAR,Denmark Superliga,new_format,Silkeborg,AC Horsens,3,Betfair,ou,under,3.5,1.36,api_football,open
2026-10-11T01:58:34Z,1549033,2026-10-11T12:00:00Z,601.4,FAR,Denmark Superliga,new_format,Silkeborg,AC Horsens,3,Betfair,btts,yes,,1.67,api_football,open
2026-10-11T01:58:34Z,1549033,2026-10-11T12:00:00Z,601.4,FAR,Denmark Superliga,new_format,Silkeborg,AC Horsens,3,Betfair,btts,no,,2.15,api_football,open
2026-10-11T01:58:34Z,1549033,2026-10-11T12:00:00Z,601.4,FAR,Denmark Superliga,new_format,Silkeborg,AC Horsens,36,BetVictor,ou,over,1.5,1.22,api_football,open
2026-10-11T01:58:34Z,1549033,2026-10-11T12:00:00Z,601.4,FAR,Denmark Superliga,new_format,Silkeborg,AC Horsens,36,BetVictor,ou,under,1.5,3.9,api_football,open
2026-10-11T01:58:34Z,1549033,2026-10-11T12:00:00Z,601.4,FAR,Denmark Superliga,new_format,Silkeborg,AC Horsens,36,BetVictor,ou,over,2.5,1.75,api_football,open
2026-10-11T01:58:34Z,1549033,2026-10-11T12:00:00Z,601.4,FAR,Denmark Superliga,new_format,Silkeborg,AC Horsens,36,BetVictor,ou,under,2.5,1.93,api_football,open
2026-10-11T01:58:34Z,1549033,2026-10-11T12:00:00Z,601.4,FAR,Denmark Superliga,new_format,Silkeborg,AC Horsens,36,BetVictor,ou,over,3.5,3.0,api_football,open
2026-10-11T01:58:34Z,1549033,2026-10-11T12:00:00Z,601.4,FAR,Denmark Superliga,new_format,Silkeborg,AC Horsens,36,BetVictor,ou,under,3.5,1.33,api_football,open
2026-10-11T01:58:34Z,1549033,2026-10-11T12:00:00Z,601.4,FAR,Denmark Superliga,new_format,Silkeborg,AC Horsens,36,BetVictor,ht_ou,over,1.5,2.47,api_football,open
2026-10-11T01:58:34Z,1549033,2026-10-11T12:00:00Z,601.4,FAR,Denmark Superliga,new_format,Silkeborg,AC Horsens,36,BetVictor,ht_ou,under,1.5,1.46,api_football,open
2026-10-11T01:58:34Z,1549033,2026-10-11T12:00:00Z,601.4,FAR,Denmark Superliga,new_format,Silkeborg,AC Horsens,36,BetVictor,btts,yes,,1.62,api_football,open
2026-10-11T01:58:34Z,1549033,2026-10-11T12:00:00Z,601.4,FAR,Denmark Superliga,new_format,Silkeborg,AC Horsens,36,BetVictor,btts,no,,2.15,api_football,open
2026-10-11T01:58:34Z,1549033,2026-10-11T12:00:00Z,601.4,FAR,Denmark Superliga,new_format,Silkeborg,AC Horsens,4,Pinnacle,ht_ou,over,0.5,1.33,api_football,open
2026-10-11T01:58:34Z,1549033,2026-10-11T12:00:00Z,601.4,FAR,Denmark Superliga,new_format,Silkeborg,AC Horsens,4,Pinnacle,ht_ou,under,0.5,3.28,api_football,open
2026-10-11T01:58:34Z,1549033,2026-10-11T12:00:00Z,601.4,FAR,Denmark Superliga,new_format,Silkeborg,AC Horsens,5,SBO,ou,over,2.5,1.79,api_football,open
2026-10-11T01:58:34Z,1549033,2026-10-11T12:00:00Z,601.4,FAR,Denmark Superliga,new_format,Silkeborg,AC Horsens,5,SBO,ou,under,2.5,2.03,api_football,open
2026-10-11T01:58:34Z,1638104,2026-10-11T12:00:00Z,601.4,FAR,Finland Veikkausliiga,new_format,Inter Turku,KuPS,7,William Hill,ht_ou,over,1.5,3.0,api_football,open
2026-10-11T01:58:34Z,1638104,2026-10-11T12:00:00Z,601.4,FAR,Finland Veikkausliiga,new_format,Inter Turku,KuPS,7,William Hill,ht_ou,under,1.5,1.33,api_football,open
2026-10-11T01:58:34Z,1638104,2026-10-11T12:00:00Z,601.4,FAR,Finland Veikkausliiga,new_format,Inter Turku,KuPS,7,William Hill,ht_ou,over,0.5,1.4,api_football,open
2026-10-11T01:58:34Z,1638104,2026-10-11T12:00:00Z,601.4,FAR,Finland Veikkausliiga,new_format,Inter Turku,KuPS,7,William Hill,ht_ou,under,0.5,2.62,api_football,open
2026-10-11T01:58:34Z,1638104,2026-10-11T12:00:00Z,601.4,FAR,Finland Veikkausliiga,new_format,Inter Turku,KuPS,7,William Hill,btts,yes,,1.91,api_football,open
2026-10-11T01:58:34Z,1638104,2026-10-11T12:00:00Z,601.4,FAR,Finland Veikkausliiga,new_format,Inter Turku,KuPS,7,William Hill,btts,no,,1.8,api_football,open
2026-10-11T01:58:34Z,1638104,2026-10-11T12:00:00Z,601.4,FAR,Finland Veikkausliiga,new_format,Inter Turku,KuPS,8,Bet365,ou,over,1.5,1.36,api_football,open
2026-10-11T01:58:34Z,1638104,2026-10-11T12:00:00Z,601.4,FAR,Finland Veikkausliiga,new_format,Inter Turku,KuPS,8,Bet365,ou,under,1.5,3.0,api_football,open
2026-10-11T01:58:34Z,1638104,2026-10-11T12:00:00Z,601.4,FAR,Finland Veikkausliiga,new_format,Inter Turku,KuPS,8,Bet365,ou,over,2.5,2.2,api_football,open
2026-10-11T01:58:34Z,1638104,2026-10-11T12:00:00Z,601.4,FAR,Finland Veikkausliiga,new_format,Inter Turku,KuPS,8,Bet365,ou,under,2.5,1.65,api_football,open
2026-10-11T01:58:34Z,1638104,2026-10-11T12:00:00Z,601.4,FAR,Finland Veikkausliiga,new_format,Inter Turku,KuPS,8,Bet365,ou,over,3.5,4.0,api_football,open
2026-10-11T01:58:34Z,1638104,2026-10-11T12:00:00Z,601.4,FAR,Finland Veikkausliiga,new_format,Inter Turku,KuPS,8,Bet365,ou,under,3.5,1.22,api_football,open
2026-10-11T01:58:34Z,1638104,2026-10-11T12:00:00Z,601.4,FAR,Finland Veikkausliiga,new_format,Inter Turku,KuPS,8,Bet365,ht_ou,over,1.5,3.25,api_football,open
2026-10-11T01:58:34Z,1638104,2026-10-11T12:00:00Z,601.4,FAR,Finland Veikkausliiga,new_format,Inter Turku,KuPS,8,Bet365,ht_ou,under,1.5,1.33,api_football,open
2026-10-11T01:58:34Z,1638104,2026-10-11T12:00:00Z,601.4,FAR,Finland Veikkausliiga,new_format,Inter Turku,KuPS,8,Bet365,ht_ou,over,0.5,1.44,api_football,open
2026-10-11T01:58:34Z,1638104,2026-10-11T12:00:00Z,601.4,FAR,Finland Veikkausliiga,new_format,Inter Turku,KuPS,8,Bet365,ht_ou,under,0.5,2.62,api_football,open
2026-10-11T01:58:34Z,1638104,2026-10-11T12:00:00Z,601.4,FAR,Finland Veikkausliiga,new_format,Inter Turku,KuPS,8,Bet365,btts,yes,,1.95,api_football,open
2026-10-11T01:58:34Z,1638104,2026-10-11T12:00:00Z,601.4,FAR,Finland Veikkausliiga,new_format,Inter Turku,KuPS,8,Bet365,btts,no,,1.8,api_football,open
2026-10-11T01:58:34Z,1638104,2026-10-11T12:00:00Z,601.4,FAR,Finland Veikkausliiga,new_format,Inter Turku,KuPS,2,Marathonbet,ou,over,1.5,1.34,api_football,open
2026-10-11T01:58:34Z,1638104,2026-10-11T12:00:00Z,601.4,FAR,Finland Veikkausliiga,new_format,Inter Turku,KuPS,2,Marathonbet,ou,under,1.5,2.78,api_football,open
2026-10-11T01:58:34Z,1638104,2026-10-11T12:00:00Z,601.4,FAR,Finland Veikkausliiga,new_format,Inter Turku,KuPS,2,Marathonbet,ou,over,2.5,2.15,api_football,open
2026-10-11T01:58:34Z,1638104,2026-10-11T12:00:00Z,601.4,FAR,Finland Veikkausliiga,new_format,Inter Turku,KuPS,2,Marathonbet,ou,under,2.5,1.65,api_football,open
2026-10-11T01:58:34Z,1638104,2026-10-11T12:00:00Z,601.4,FAR,Finland Veikkausliiga,new_format,Inter Turku,KuPS,2,Marathonbet,ou,over,3.5,3.78,api_football,open
2026-10-11T01:58:34Z,1638104,2026-10-11T12:00:00Z,601.4,FAR,Finland Veikkausliiga,new_format,Inter Turku,KuPS,2,Marathonbet,ou,under,3.5,1.19,api_football,open
2026-10-11T01:58:34Z,1638104,2026-10-11T12:00:00Z,601.4,FAR,Finland Veikkausliiga,new_format,Inter Turku,KuPS,2,Marathonbet,ht_ou,over,1.5,2.92,api_football,open
2026-10-11T01:58:34Z,1638104,2026-10-11T12:00:00Z,601.4,FAR,Finland Veikkausliiga,new_format,Inter Turku,KuPS,2,Marathonbet,ht_ou,under,1.5,1.34,api_football,open
2026-10-11T01:58:34Z,1638104,2026-10-11T12:00:00Z,601.4,FAR,Finland Veikkausliiga,new_format,Inter Turku,KuPS,2,Marathonbet,ht_ou,over,0.5,1.41,api_football,open
2026-10-11T01:58:34Z,1638104,2026-10-11T12:00:00Z,601.4,FAR,Finland Veikkausliiga,new_format,Inter Turku,KuPS,2,Marathonbet,ht_ou,under,0.5,2.64,api_football,open
2026-10-11T01:58:34Z,1638104,2026-10-11T12:00:00Z,601.4,FAR,Finland Veikkausliiga,new_format,Inter Turku,KuPS,2,Marathonbet,btts,yes,,1.88,api_football,open
2026-10-11T01:58:34Z,1638104,2026-10-11T12:00:00Z,601.4,FAR,Finland Veikkausliiga,new_format,Inter Turku,KuPS,2,Marathonbet,btts,no,,1.8,api_football,open
2026-10-11T01:58:34Z,1638104,2026-10-11T12:00:00Z,601.4,FAR,Finland Veikkausliiga,new_format,Inter Turku,KuPS,3,Betfair,ou,over,1.5,1.36,api_football,open
2026-10-11T01:58:34Z,1638104,2026-10-11T12:00:00Z,601.4,FAR,Finland Veikkausliiga,new_format,Inter Turku,KuPS,3,Betfair,ou,under,1.5,3.1,api_football,open
2026-10-11T01:58:34Z,1638104,2026-10-11T12:00:00Z,601.4,FAR,Finland Veikkausliiga,new_format,Inter Turku,KuPS,3,Betfair,ou,over,2.5,2.1,api_football,open
2026-10-11T01:58:34Z,1638104,2026-10-11T12:00:00Z,601.4,FAR,Finland Veikkausliiga,new_format,Inter Turku,KuPS,3,Betfair,ou,under,2.5,1.65,api_football,open
2026-10-11T01:58:34Z,1638104,2026-10-11T12:00:00Z,601.4,FAR,Finland Veikkausliiga,new_format,Inter Turku,KuPS,3,Betfair,ou,over,3.5,4.1,api_football,open
2026-10-11T01:58:34Z,1638104,2026-10-11T12:00:00Z,601.4,FAR,Finland Veikkausliiga,new_format,Inter Turku,KuPS,3,Betfair,ou,under,3.5,1.22,api_football,open
2026-10-11T01:58:34Z,1638104,2026-10-11T12:00:00Z,601.4,FAR,Finland Veikkausliiga,new_format,Inter Turku,KuPS,3,Betfair,ht_ou,over,1.5,3.0,api_football,open
2026-10-11T01:58:34Z,1638104,2026-10-11T12:00:00Z,601.4,FAR,Finland Veikkausliiga,new_format,Inter Turku,KuPS,3,Betfair,ht_ou,under,1.5,1.33,api_football,open
2026-10-11T01:58:34Z,1638104,2026-10-11T12:00:00Z,601.4,FAR,Finland Veikkausliiga,new_format,Inter Turku,KuPS,3,Betfair,ht_ou,over,0.5,1.4,api_football,open
2026-10-11T01:58:34Z,1638104,2026-10-11T12:00:00Z,601.4,FAR,Finland Veikkausliiga,new_format,Inter Turku,KuPS,3,Betfair,ht_ou,under,0.5,2.75,api_football,open
2026-10-11T01:58:34Z,1638104,2026-10-11T12:00:00Z,601.4,FAR,Finland Veikkausliiga,new_format,Inter Turku,KuPS,3,Betfair,btts,yes,,1.87,api_football,open
2026-10-11T01:58:34Z,1638104,2026-10-11T12:00:00Z,601.4,FAR,Finland Veikkausliiga,new_format,Inter Turku,KuPS,3,Betfair,btts,no,,1.87,api_football,open
2026-10-11T01:58:34Z,1638104,2026-10-11T12:00:00Z,601.4,FAR,Finland Veikkausliiga,new_format,Inter Turku,KuPS,36,BetVictor,ou,over,1.5,1.36,api_football,open
2026-10-11T01:58:34Z,1638104,2026-10-11T12:00:00Z,601.4,FAR,Finland Veikkausliiga,new_format,Inter Turku,KuPS,36,BetVictor,ou,under,1.5,2.88,api_football,open
2026-10-11T01:58:34Z,1638104,2026-10-11T12:00:00Z,601.4,FAR,Finland Veikkausliiga,new_format,Inter Turku,KuPS,36,BetVictor,ou,over,2.5,2.1,api_football,open
2026-10-11T01:58:34Z,1638104,2026-10-11T12:00:00Z,601.4,FAR,Finland Veikkausliiga,new_format,Inter Turku,KuPS,36,BetVictor,ou,under,2.5,1.63,api_football,open
2026-10-11T01:58:34Z,1638104,2026-10-11T12:00:00Z,601.4,FAR,Finland Veikkausliiga,new_format,Inter Turku,KuPS,36,BetVictor,ou,over,3.5,4.1,api_football,open
2026-10-11T01:58:34Z,1638104,2026-10-11T12:00:00Z,601.4,FAR,Finland Veikkausliiga,new_format,Inter Turku,KuPS,36,BetVictor,ou,under,3.5,1.2,api_football,open
2026-10-11T01:58:34Z,1638104,2026-10-11T12:00:00Z,601.4,FAR,Finland Veikkausliiga,new_format,Inter Turku,KuPS,36,BetVictor,ht_ou,over,1.5,2.91,api_football,open
2026-10-11T01:58:34Z,1638104,2026-10-11T12:00:00Z,601.4,FAR,Finland Veikkausliiga,new_format,Inter Turku,KuPS,36,BetVictor,ht_ou,under,1.5,1.34,api_football,open
2026-10-11T01:58:34Z,1638104,2026-10-11T12:00:00Z,601.4,FAR,Finland Veikkausliiga,new_format,Inter Turku,KuPS,36,BetVictor,ht_ou,over,0.5,1.46,api_football,open
2026-10-11T01:58:34Z,1638104,2026-10-11T12:00:00Z,601.4,FAR,Finland Veikkausliiga,new_format,Inter Turku,KuPS,36,BetVictor,ht_ou,under,0.5,2.47,api_football,open
2026-10-11T01:58:34Z,1638104,2026-10-11T12:00:00Z,601.4,FAR,Finland Veikkausliiga,new_format,Inter Turku,KuPS,36,BetVictor,btts,yes,,1.9,api_football,open
2026-10-11T01:58:34Z,1638104,2026-10-11T12:00:00Z,601.4,FAR,Finland Veikkausliiga,new_format,Inter Turku,KuPS,36,BetVictor,btts,no,,1.8,api_football,open
2026-10-11T01:58:34Z,1638104,2026-10-11T12:00:00Z,601.4,FAR,Finland Veikkausliiga,new_format,Inter Turku,KuPS,4,Pinnacle,ou,over,1.5,1.38,api_football,open
2026-10-11T01:58:34Z,1638104,2026-10-11T12:00:00Z,601.4,FAR,Finland Veikkausliiga,new_format,Inter Turku,KuPS,4,Pinnacle,ou,under,1.5,3.13,api_football,open
2026-10-11T01:58:34Z,1638104,2026-10-11T12:00:00Z,601.4,FAR,Finland Veikkausliiga,new_format,Inter Turku,KuPS,4,Pinnacle,ou,over,2.5,2.26,api_football,open
2026-10-11T01:58:34Z,1638104,2026-10-11T12:00:00Z,601.4,FAR,Finland Veikkausliiga,new_format,Inter Turku,KuPS,4,Pinnacle,ou,under,2.5,1.68,api_football,open
2026-10-11T01:58:34Z,1638104,2026-10-11T12:00:00Z,601.4,FAR,Finland Veikkausliiga,new_format,Inter Turku,KuPS,4,Pinnacle,ou,over,3.5,4.05,api_football,open
2026-10-11T01:58:34Z,1638104,2026-10-11T12:00:00Z,601.4,FAR,Finland Veikkausliiga,new_format,Inter Turku,KuPS,4,Pinnacle,ou,under,3.5,1.25,api_football,open
2026-10-11T01:58:34Z,1638104,2026-10-11T12:00:00Z,601.4,FAR,Finland Veikkausliiga,new_format,Inter Turku,KuPS,4,Pinnacle,ht_ou,over,1.5,3.38,api_football,open
2026-10-11T01:58:34Z,1638104,2026-10-11T12:00:00Z,601.4,FAR,Finland Veikkausliiga,new_format,Inter Turku,KuPS,4,Pinnacle,ht_ou,under,1.5,1.32,api_football,open
2026-10-11T01:58:34Z,1638104,2026-10-11T12:00:00Z,601.4,FAR,Finland Veikkausliiga,new_format,Inter Turku,KuPS,4,Pinnacle,ht_ou,over,0.5,1.48,api_football,open
2026-10-11T01:58:34Z,1638104,2026-10-11T12:00:00Z,601.4,FAR,Finland Veikkausliiga,new_format,Inter Turku,KuPS,4,Pinnacle,ht_ou,under,0.5,2.65,api_football,open
2026-10-11T01:58:34Z,1638104,2026-10-11T12:00:00Z,601.4,FAR,Finland Veikkausliiga,new_format,Inter Turku,KuPS,11,1xBet,ou,over,1.5,1.34,api_football,open
2026-10-11T01:58:34Z,1638104,2026-10-11T12:00:00Z,601.4,FAR,Finland Veikkausliiga,new_format,Inter Turku,KuPS,11,1xBet,ou,under,1.5,2.78,api_football,open
2026-10-11T01:58:34Z,1638104,2026-10-11T12:00:00Z,601.4,FAR,Finland Veikkausliiga,new_format,Inter Turku,KuPS,11,1xBet,ou,over,2.5,2.15,api_football,open
2026-10-11T01:58:34Z,1638104,2026-10-11T12:00:00Z,601.4,FAR,Finland Veikkausliiga,new_format,Inter Turku,KuPS,11,1xBet,ou,under,2.5,1.65,api_football,open
2026-10-11T01:58:34Z,1638104,2026-10-11T12:00:00Z,601.4,FAR,Finland Veikkausliiga,new_format,Inter Turku,KuPS,11,1xBet,ou,over,3.5,3.78,api_football,open
2026-10-11T01:58:34Z,1638104,2026-10-11T12:00:00Z,601.4,FAR,Finland Veikkausliiga,new_format,Inter Turku,KuPS,11,1xBet,ou,under,3.5,1.19,api_football,open
2026-10-11T01:58:34Z,1638104,2026-10-11T12:00:00Z,601.4,FAR,Finland Veikkausliiga,new_format,Inter Turku,KuPS,11,1xBet,ht_ou,over,1.5,2.92,api_football,open
2026-10-11T01:58:34Z,1638104,2026-10-11T12:00:00Z,601.4,FAR,Finland Veikkausliiga,new_format,Inter Turku,KuPS,11,1xBet,ht_ou,under,1.5,1.34,api_football,open
2026-10-11T01:58:34Z,1638104,2026-10-11T12:00:00Z,601.4,FAR,Finland Veikkausliiga,new_format,Inter Turku,KuPS,11,1xBet,ht_ou,over,0.5,1.41,api_football,open
2026-10-11T01:58:34Z,1638104,2026-10-11T12:00:00Z,601.4,FAR,Finland Veikkausliiga,new_format,Inter Turku,KuPS,11,1xBet,ht_ou,under,0.5,2.64,api_football,open
2026-10-11T01:58:34Z,1638104,2026-10-11T12:00:00Z,601.4,FAR,Finland Veikkausliiga,new_format,Inter Turku,KuPS,11,1xBet,btts,yes,,1.88,api_football,open
2026-10-11T01:58:34Z,1638104,2026-10-11T12:00:00Z,601.4,FAR,Finland Veikkausliiga,new_format,Inter Turku,KuPS,11,1xBet,btts,no,,1.82,api_football,open
2026-10-11T01:58:34Z,1638104,2026-10-11T12:00:00Z,601.4,FAR,Finland Veikkausliiga,new_format,Inter Turku,KuPS,32,Betano,ou,over,1.5,1.39,api_football,open
2026-10-11T01:58:34Z,1638104,2026-10-11T12:00:00Z,601.4,FAR,Finland Veikkausliiga,new_format,Inter Turku,KuPS,32,Betano,ou,under,1.5,2.85,api_football,open
2026-10-11T01:58:34Z,1638104,2026-10-11T12:00:00Z,601.4,FAR,Finland Veikkausliiga,new_format,Inter Turku,KuPS,32,Betano,ou,over,2.5,2.18,api_football,open
2026-10-11T01:58:34Z,1638104,2026-10-11T12:00:00Z,601.4,FAR,Finland Veikkausliiga,new_format,Inter Turku,KuPS,32,Betano,ou,under,2.5,1.67,api_football,open
2026-10-11T01:58:34Z,1638104,2026-10-11T12:00:00Z,601.4,FAR,Finland Veikkausliiga,new_format,Inter Turku,KuPS,32,Betano,ou,over,3.5,3.75,api_football,open
2026-10-11T01:58:34Z,1638104,2026-10-11T12:00:00Z,601.4,FAR,Finland Veikkausliiga,new_format,Inter Turku,KuPS,32,Betano,ou,under,3.5,1.25,api_football,open
2026-10-11T01:58:34Z,1638104,2026-10-11T12:00:00Z,601.4,FAR,Finland Veikkausliiga,new_format,Inter Turku,KuPS,32,Betano,ht_ou,over,1.5,3.2,api_football,open
2026-10-11T01:58:34Z,1638104,2026-10-11T12:00:00Z,601.4,FAR,Finland Veikkausliiga,new_format,Inter Turku,KuPS,32,Betano,ht_ou,under,1.5,1.34,api_football,open
2026-10-11T01:58:34Z,1638104,2026-10-11T12:00:00Z,601.4,FAR,Finland Veikkausliiga,new_format,Inter Turku,KuPS,32,Betano,ht_ou,over,0.5,1.52,api_football,open
2026-10-11T01:58:34Z,1638104,2026-10-11T12:00:00Z,601.4,FAR,Finland Veikkausliiga,new_format,Inter Turku,KuPS,32,Betano,ht_ou,under,0.5,2.5,api_football,open
2026-10-11T01:58:34Z,1638104,2026-10-11T12:00:00Z,601.4,FAR,Finland Veikkausliiga,new_format,Inter Turku,KuPS,32,Betano,btts,yes,,1.87,api_football,open
2026-10-11T01:58:34Z,1638104,2026-10-11T12:00:00Z,601.4,FAR,Finland Veikkausliiga,new_format,Inter Turku,KuPS,32,Betano,btts,no,,1.83,api_football,open
2026-10-11T01:58:34Z,1507081,2026-10-11T05:00:00Z,181.4,T-6h,K-League 1,new_format,Gwangju FC,Ulsan Hyundai FC,7,William Hill,ht_ou,over,0.5,1.25,api_football,change
2026-10-11T01:58:34Z,1507081,2026-10-11T05:00:00Z,181.4,T-6h,K-League 1,new_format,Gwangju FC,Ulsan Hyundai FC,7,William Hill,btts,yes,,1.62,api_football,change
2026-10-11T01:58:34Z,1507081,2026-10-11T05:00:00Z,181.4,T-6h,K-League 1,new_format,Gwangju FC,Ulsan Hyundai FC,7,William Hill,btts,no,,2.2,api_football,change
2026-10-11T01:58:34Z,1507081,2026-10-11T05:00:00Z,181.4,T-6h,K-League 1,new_format,Gwangju FC,Ulsan Hyundai FC,2,Marathonbet,ou,over,1.5,1.14,api_football,change
2026-10-11T01:58:34Z,1507081,2026-10-11T05:00:00Z,181.4,T-6h,K-League 1,new_format,Gwangju FC,Ulsan Hyundai FC,2,Marathonbet,ou,under,1.5,4.45,api_football,change
2026-10-11T01:58:34Z,1507081,2026-10-11T05:00:00Z,181.4,T-6h,K-League 1,new_format,Gwangju FC,Ulsan Hyundai FC,2,Marathonbet,ou,over,2.5,1.6,api_football,change
2026-10-11T01:58:34Z,1507081,2026-10-11T05:00:00Z,181.4,T-6h,K-League 1,new_format,Gwangju FC,Ulsan Hyundai FC,2,Marathonbet,ou,under,2.5,2.25,api_football,change
2026-10-11T01:58:34Z,1507081,2026-10-11T05:00:00Z,181.4,T-6h,K-League 1,new_format,Gwangju FC,Ulsan Hyundai FC,2,Marathonbet,ou,over,3.5,2.43,api_football,change
2026-10-11T01:58:34Z,1507081,2026-10-11T05:00:00Z,181.4,T-6h,K-League 1,new_format,Gwangju FC,Ulsan Hyundai FC,2,Marathonbet,ou,under,3.5,1.44,api_football,change
2026-10-11T01:58:34Z,1507081,2026-10-11T05:00:00Z,181.4,T-6h,K-League 1,new_format,Gwangju FC,Ulsan Hyundai FC,2,Marathonbet,ht_ou,over,1.5,2.34,api_football,change
2026-10-11T01:58:34Z,1507081,2026-10-11T05:00:00Z,181.4,T-6h,K-League 1,new_format,Gwangju FC,Ulsan Hyundai FC,2,Marathonbet,ht_ou,under,1.5,1.51,api_football,change
2026-10-11T01:58:34Z,1507081,2026-10-11T05:00:00Z,181.4,T-6h,K-League 1,new_format,Gwangju FC,Ulsan Hyundai FC,2,Marathonbet,ht_ou,over,0.5,1.26,api_football,change
2026-10-11T01:58:34Z,1507081,2026-10-11T05:00:00Z,181.4,T-6h,K-League 1,new_format,Gwangju FC,Ulsan Hyundai FC,2,Marathonbet,ht_ou,under,0.5,3.38,api_football,change
2026-10-11T01:58:34Z,1507081,2026-10-11T05:00:00Z,181.4,T-6h,K-League 1,new_format,Gwangju FC,Ulsan Hyundai FC,2,Marathonbet,btts,yes,,1.59,api_football,change
2026-10-11T01:58:34Z,1507081,2026-10-11T05:00:00Z,181.4,T-6h,K-League 1,new_format,Gwangju FC,Ulsan Hyundai FC,2,Marathonbet,btts,no,,2.18,api_football,change
2026-10-11T01:58:34Z,1507081,2026-10-11T05:00:00Z,181.4,T-6h,K-League 1,new_format,Gwangju FC,Ulsan Hyundai FC,3,Betfair,ou,over,1.5,1.17,api_football,change
2026-10-11T01:58:34Z,1507081,2026-10-11T05:00:00Z,181.4,T-6h,K-League 1,new_format,Gwangju FC,Ulsan Hyundai FC,3,Betfair,ou,under,1.5,5.0,api_football,change
2026-10-11T01:58:34Z,1507081,2026-10-11T05:00:00Z,181.4,T-6h,K-League 1,new_format,Gwangju FC,Ulsan Hyundai FC,3,Betfair,ou,over,3.5,2.55,api_football,change
2026-10-11T01:58:34Z,1507081,2026-10-11T05:00:00Z,181.4,T-6h,K-League 1,new_format,Gwangju FC,Ulsan Hyundai FC,3,Betfair,ou,under,3.5,1.5,api_football,change
2026-10-11T01:58:34Z,1507081,2026-10-11T05:00:00Z,181.4,T-6h,K-League 1,new_format,Gwangju FC,Ulsan Hyundai FC,3,Betfair,ht_ou,over,1.5,2.25,api_football,change
2026-10-11T01:58:34Z,1507081,2026-10-11T05:00:00Z,181.4,T-6h,K-League 1,new_format,Gwangju FC,Ulsan Hyundai FC,3,Betfair,ht_ou,under,1.5,1.57,api_football,change
2026-10-11T01:58:34Z,1507081,2026-10-11T05:00:00Z,181.4,T-6h,K-League 1,new_format,Gwangju FC,Ulsan Hyundai FC,3,Betfair,ht_ou,over,0.5,1.25,api_football,change
2026-10-11T01:58:34Z,1507081,2026-10-11T05:00:00Z,181.4,T-6h,K-League 1,new_format,Gwangju FC,Ulsan Hyundai FC,3,Betfair,ht_ou,under,0.5,3.6,api_football,change
2026-10-11T01:58:34Z,1507081,2026-10-11T05:00:00Z,181.4,T-6h,K-League 1,new_format,Gwangju FC,Ulsan Hyundai FC,11,1xBet,ou,over,1.5,1.14,api_football,change
2026-10-11T01:58:34Z,1507081,2026-10-11T05:00:00Z,181.4,T-6h,K-League 1,new_format,Gwangju FC,Ulsan Hyundai FC,11,1xBet,ou,under,1.5,4.45,api_football,change
2026-10-11T01:58:34Z,1507081,2026-10-11T05:00:00Z,181.4,T-6h,K-League 1,new_format,Gwangju FC,Ulsan Hyundai FC,11,1xBet,ou,over,2.5,1.6,api_football,change
2026-10-11T01:58:34Z,1507081,2026-10-11T05:00:00Z,181.4,T-6h,K-League 1,new_format,Gwangju FC,Ulsan Hyundai FC,11,1xBet,ou,under,2.5,2.25,api_football,change
2026-10-11T01:58:34Z,1507081,2026-10-11T05:00:00Z,181.4,T-6h,K-League 1,new_format,Gwangju FC,Ulsan Hyundai FC,11,1xBet,ou,over,3.5,2.43,api_football,change
2026-10-11T01:58:34Z,1507081,2026-10-11T05:00:00Z,181.4,T-6h,K-League 1,new_format,Gwangju FC,Ulsan Hyundai FC,11,1xBet,ou,under,3.5,1.44,api_football,change
2026-10-11T01:58:34Z,1507081,2026-10-11T05:00:00Z,181.4,T-6h,K-League 1,new_format,Gwangju FC,Ulsan Hyundai FC,11,1xBet,ht_ou,over,1.5,2.34,api_football,change
2026-10-11T01:58:34Z,1507081,2026-10-11T05:00:00Z,181.4,T-6h,K-League 1,new_format,Gwangju FC,Ulsan Hyundai FC,11,1xBet,ht_ou,under,1.5,1.51,api_football,change
2026-10-11T01:58:34Z,1507081,2026-10-11T05:00:00Z,181.4,T-6h,K-League 1,new_format,Gwangju FC,Ulsan Hyundai FC,11,1xBet,ht_ou,over,0.5,1.26,api_football,change
2026-10-11T01:58:34Z,1507081,2026-10-11T05:00:00Z,181.4,T-6h,K-League 1,new_format,Gwangju FC,Ulsan Hyundai FC,11,1xBet,ht_ou,under,0.5,3.38,api_football,change
2026-10-11T01:58:34Z,1507081,2026-10-11T05:00:00Z,181.4,T-6h,K-League 1,new_format,Gwangju FC,Ulsan Hyundai FC,11,1xBet,btts,yes,,1.59,api_football,change
2026-10-11T01:58:34Z,1507081,2026-10-11T05:00:00Z,181.4,T-6h,K-League 1,new_format,Gwangju FC,Ulsan Hyundai FC,11,1xBet,btts,no,,2.21,api_football,change
2026-10-11T01:58:34Z,1507081,2026-10-11T05:00:00Z,181.4,T-6h,K-League 1,new_format,Gwangju FC,Ulsan Hyundai FC,32,Betano,ou,over,2.5,1.6,api_football,change
2026-10-11T01:58:34Z,1507081,2026-10-11T05:00:00Z,181.4,T-6h,K-League 1,new_format,Gwangju FC,Ulsan Hyundai FC,32,Betano,ou,under,2.5,2.3,api_football,change
2026-10-11T01:58:34Z,1507081,2026-10-11T05:00:00Z,181.4,T-6h,K-League 1,new_format,Gwangju FC,Ulsan Hyundai FC,32,Betano,ou,under,3.5,1.53,api_football,change
2026-10-11T01:58:34Z,1507081,2026-10-11T05:00:00Z,181.4,T-6h,K-League 1,new_format,Gwangju FC,Ulsan Hyundai FC,32,Betano,ht_ou,over,1.5,2.4,api_football,change
2026-10-11T01:58:34Z,1507081,2026-10-11T05:00:00Z,181.4,T-6h,K-League 1,new_format,Gwangju FC,Ulsan Hyundai FC,32,Betano,ht_ou,under,1.5,1.55,api_football,change
2026-10-11T01:58:34Z,1507081,2026-10-11T05:00:00Z,181.4,T-6h,K-League 1,new_format,Gwangju FC,Ulsan Hyundai FC,32,Betano,ht_ou,over,0.5,1.32,api_football,change
2026-10-11T01:58:34Z,1507081,2026-10-11T05:00:00Z,181.4,T-6h,K-League 1,new_format,Gwangju FC,Ulsan Hyundai FC,32,Betano,ht_ou,under,0.5,3.2,api_football,change
2026-10-11T01:58:34Z,1507081,2026-10-11T05:00:00Z,181.4,T-6h,K-League 1,new_format,Gwangju FC,Ulsan Hyundai FC,32,Betano,btts,yes,,1.6,api_football,change
2026-10-11T01:58:34Z,1494775,2026-10-11T12:30:00Z,631.4,FAR,Norway Eliteserien,new_format,Fredrikstad,Tromso,3,Betfair,ou,over,1.5,1.25,api_football,open
2026-10-11T01:58:34Z,1494775,2026-10-11T12:30:00Z,631.4,FAR,Norway Eliteserien,new_format,Fredrikstad,Tromso,3,Betfair,ou,under,1.5,3.8,api_football,open
2026-10-11T01:58:34Z,1494775,2026-10-11T12:30:00Z,631.4,FAR,Norway Eliteserien,new_format,Fredrikstad,Tromso,3,Betfair,ou,over,3.5,3.1,api_football,open
2026-10-11T01:58:34Z,1494775,2026-10-11T12:30:00Z,631.4,FAR,Norway Eliteserien,new_format,Fredrikstad,Tromso,3,Betfair,ou,under,3.5,1.36,api_football,open
2026-10-11T01:58:34Z,1494775,2026-10-11T12:30:00Z,631.4,FAR,Norway Eliteserien,new_format,Fredrikstad,Tromso,3,Betfair,btts,yes,,1.65,api_football,open
2026-10-11T01:58:34Z,1494775,2026-10-11T12:30:00Z,631.4,FAR,Norway Eliteserien,new_format,Fredrikstad,Tromso,3,Betfair,btts,no,,2.2,api_football,open
2026-10-11T01:58:34Z,1494775,2026-10-11T12:30:00Z,631.4,FAR,Norway Eliteserien,new_format,Fredrikstad,Tromso,36,BetVictor,ou,over,1.5,1.25,api_football,open
2026-10-11T01:58:34Z,1494775,2026-10-11T12:30:00Z,631.4,FAR,Norway Eliteserien,new_format,Fredrikstad,Tromso,36,BetVictor,ou,under,1.5,3.6,api_football,open
2026-10-11T01:58:34Z,1494775,2026-10-11T12:30:00Z,631.4,FAR,Norway Eliteserien,new_format,Fredrikstad,Tromso,36,BetVictor,ou,over,2.5,1.81,api_football,open
2026-10-11T01:58:34Z,1494775,2026-10-11T12:30:00Z,631.4,FAR,Norway Eliteserien,new_format,Fredrikstad,Tromso,36,BetVictor,ou,under,2.5,1.86,api_football,open
2026-10-11T01:58:34Z,1494775,2026-10-11T12:30:00Z,631.4,FAR,Norway Eliteserien,new_format,Fredrikstad,Tromso,36,BetVictor,ou,over,3.5,3.2,api_football,open
2026-10-11T01:58:34Z,1494775,2026-10-11T12:30:00Z,631.4,FAR,Norway Eliteserien,new_format,Fredrikstad,Tromso,36,BetVictor,ou,under,3.5,1.3,api_football,open
2026-10-11T01:58:34Z,1494775,2026-10-11T12:30:00Z,631.4,FAR,Norway Eliteserien,new_format,Fredrikstad,Tromso,36,BetVictor,ht_ou,over,1.5,2.54,api_football,open
2026-10-11T01:58:34Z,1494775,2026-10-11T12:30:00Z,631.4,FAR,Norway Eliteserien,new_format,Fredrikstad,Tromso,36,BetVictor,ht_ou,under,1.5,1.44,api_football,open
2026-10-11T01:58:34Z,1494775,2026-10-11T12:30:00Z,631.4,FAR,Norway Eliteserien,new_format,Fredrikstad,Tromso,36,BetVictor,ht_ou,over,0.5,1.37,api_football,open
2026-10-11T01:58:34Z,1494775,2026-10-11T12:30:00Z,631.4,FAR,Norway Eliteserien,new_format,Fredrikstad,Tromso,36,BetVictor,ht_ou,under,0.5,2.77,api_football,open
2026-10-11T01:58:34Z,1494775,2026-10-11T12:30:00Z,631.4,FAR,Norway Eliteserien,new_format,Fredrikstad,Tromso,36,BetVictor,btts,yes,,1.65,api_football,open
2026-10-11T01:58:34Z,1494775,2026-10-11T12:30:00Z,631.4,FAR,Norway Eliteserien,new_format,Fredrikstad,Tromso,36,BetVictor,btts,no,,2.1,api_football,open
2026-10-11T01:58:34Z,1603038,2026-10-11T13:40:00Z,701.4,FAR,Saudi Pro League,new_format,Al-Fayha,Al Riyadh,7,William Hill,ht_ou,over,1.5,2.7,api_football,open
2026-10-11T01:58:34Z,1603038,2026-10-11T13:40:00Z,701.4,FAR,Saudi Pro League,new_format,Al-Fayha,Al Riyadh,7,William Hill,ht_ou,under,1.5,1.4,api_football,open
2026-10-11T01:58:34Z,1603038,2026-10-11T13:40:00Z,701.4,FAR,Saudi Pro League,new_format,Al-Fayha,Al Riyadh,7,William Hill,ht_ou,over,0.5,1.35,api_football,open
2026-10-11T01:58:34Z,1603038,2026-10-11T13:40:00Z,701.4,FAR,Saudi Pro League,new_format,Al-Fayha,Al Riyadh,7,William Hill,ht_ou,under,0.5,2.9,api_football,open
2026-10-11T01:58:34Z,1603038,2026-10-11T13:40:00Z,701.4,FAR,Saudi Pro League,new_format,Al-Fayha,Al Riyadh,7,William Hill,btts,yes,,1.75,api_football,open
2026-10-11T01:58:34Z,1603038,2026-10-11T13:40:00Z,701.4,FAR,Saudi Pro League,new_format,Al-Fayha,Al Riyadh,7,William Hill,btts,no,,1.91,api_football,open
2026-10-11T01:58:34Z,1603038,2026-10-11T13:40:00Z,701.4,FAR,Saudi Pro League,new_format,Al-Fayha,Al Riyadh,8,Bet365,ou,over,1.5,1.3,api_football,open
2026-10-11T01:58:34Z,1603038,2026-10-11T13:40:00Z,701.4,FAR,Saudi Pro League,new_format,Al-Fayha,Al Riyadh,8,Bet365,ou,under,1.5,3.4,api_football,open
2026-10-11T01:58:34Z,1603038,2026-10-11T13:40:00Z,701.4,FAR,Saudi Pro League,new_format,Al-Fayha,Al Riyadh,8,Bet365,ou,over,2.5,2.0,api_football,open
2026-10-11T01:58:34Z,1603038,2026-10-11T13:40:00Z,701.4,FAR,Saudi Pro League,new_format,Al-Fayha,Al Riyadh,8,Bet365,ou,under,2.5,1.8,api_football,open
2026-10-11T01:58:34Z,1603038,2026-10-11T13:40:00Z,701.4,FAR,Saudi Pro League,new_format,Al-Fayha,Al Riyadh,8,Bet365,ou,over,3.5,3.4,api_football,open
2026-10-11T01:58:34Z,1603038,2026-10-11T13:40:00Z,701.4,FAR,Saudi Pro League,new_format,Al-Fayha,Al Riyadh,8,Bet365,ou,under,3.5,1.3,api_football,open
2026-10-11T01:58:34Z,1603038,2026-10-11T13:40:00Z,701.4,FAR,Saudi Pro League,new_format,Al-Fayha,Al Riyadh,8,Bet365,ht_ou,over,1.5,2.75,api_football,open
2026-10-11T01:58:34Z,1603038,2026-10-11T13:40:00Z,701.4,FAR,Saudi Pro League,new_format,Al-Fayha,Al Riyadh,8,Bet365,ht_ou,under,1.5,1.4,api_football,open
2026-10-11T01:58:34Z,1603038,2026-10-11T13:40:00Z,701.4,FAR,Saudi Pro League,new_format,Al-Fayha,Al Riyadh,8,Bet365,ht_ou,over,0.5,1.4,api_football,open
2026-10-11T01:58:34Z,1603038,2026-10-11T13:40:00Z,701.4,FAR,Saudi Pro League,new_format,Al-Fayha,Al Riyadh,8,Bet365,ht_ou,under,0.5,2.75,api_football,open
2026-10-11T01:58:34Z,1603038,2026-10-11T13:40:00Z,701.4,FAR,Saudi Pro League,new_format,Al-Fayha,Al Riyadh,8,Bet365,btts,yes,,1.8,api_football,open
2026-10-11T01:58:34Z,1603038,2026-10-11T13:40:00Z,701.4,FAR,Saudi Pro League,new_format,Al-Fayha,Al Riyadh,8,Bet365,btts,no,,1.91,api_football,open
2026-10-11T01:58:34Z,1603038,2026-10-11T13:40:00Z,701.4,FAR,Saudi Pro League,new_format,Al-Fayha,Al Riyadh,2,Marathonbet,ou,over,1.5,1.26,api_football,open
2026-10-11T01:58:34Z,1603038,2026-10-11T13:40:00Z,701.4,FAR,Saudi Pro League,new_format,Al-Fayha,Al Riyadh,2,Marathonbet,ou,under,1.5,3.2,api_football,open
2026-10-11T01:58:34Z,1603038,2026-10-11T13:40:00Z,701.4,FAR,Saudi Pro League,new_format,Al-Fayha,Al Riyadh,2,Marathonbet,ou,over,2.5,1.89,api_football,open
2026-10-11T01:58:34Z,1603038,2026-10-11T13:40:00Z,701.4,FAR,Saudi Pro League,new_format,Al-Fayha,Al Riyadh,2,Marathonbet,ou,under,2.5,1.78,api_football,open
2026-10-11T01:58:34Z,1603038,2026-10-11T13:40:00Z,701.4,FAR,Saudi Pro League,new_format,Al-Fayha,Al Riyadh,2,Marathonbet,ou,over,3.5,3.2,api_football,open
2026-10-11T01:58:34Z,1603038,2026-10-11T13:40:00Z,701.4,FAR,Saudi Pro League,new_format,Al-Fayha,Al Riyadh,2,Marathonbet,ou,under,3.5,1.26,api_football,open
2026-10-11T01:58:34Z,1603038,2026-10-11T13:40:00Z,701.4,FAR,Saudi Pro League,new_format,Al-Fayha,Al Riyadh,2,Marathonbet,ht_ou,over,1.5,2.72,api_football,open
2026-10-11T01:58:34Z,1603038,2026-10-11T13:40:00Z,701.4,FAR,Saudi Pro League,new_format,Al-Fayha,Al Riyadh,2,Marathonbet,ht_ou,under,1.5,1.36,api_football,open
2026-10-11T01:58:34Z,1603038,2026-10-11T13:40:00Z,701.4,FAR,Saudi Pro League,new_format,Al-Fayha,Al Riyadh,2,Marathonbet,ht_ou,over,0.5,1.36,api_football,open
2026-10-11T01:58:34Z,1603038,2026-10-11T13:40:00Z,701.4,FAR,Saudi Pro League,new_format,Al-Fayha,Al Riyadh,2,Marathonbet,ht_ou,under,0.5,2.72,api_football,open
2026-10-11T01:58:34Z,1603038,2026-10-11T13:40:00Z,701.4,FAR,Saudi Pro League,new_format,Al-Fayha,Al Riyadh,2,Marathonbet,btts,yes,,1.73,api_football,open
2026-10-11T01:58:34Z,1603038,2026-10-11T13:40:00Z,701.4,FAR,Saudi Pro League,new_format,Al-Fayha,Al Riyadh,2,Marathonbet,btts,no,,1.95,api_football,open
2026-10-11T01:58:34Z,1603038,2026-10-11T13:40:00Z,701.4,FAR,Saudi Pro League,new_format,Al-Fayha,Al Riyadh,3,Betfair,ou,over,1.5,1.3,api_football,open
2026-10-11T01:58:34Z,1603038,2026-10-11T13:40:00Z,701.4,FAR,Saudi Pro League,new_format,Al-Fayha,Al Riyadh,3,Betfair,ou,under,1.5,3.4,api_football,open
2026-10-11T01:58:34Z,1603038,2026-10-11T13:40:00Z,701.4,FAR,Saudi Pro League,new_format,Al-Fayha,Al Riyadh,3,Betfair,ou,over,3.5,3.4,api_football,open
2026-10-11T01:58:34Z,1603038,2026-10-11T13:40:00Z,701.4,FAR,Saudi Pro League,new_format,Al-Fayha,Al Riyadh,3,Betfair,ou,under,3.5,1.3,api_football,open
2026-10-11T01:58:34Z,1603038,2026-10-11T13:40:00Z,701.4,FAR,Saudi Pro League,new_format,Al-Fayha,Al Riyadh,3,Betfair,ht_ou,over,1.5,2.88,api_football,open
2026-10-11T01:58:34Z,1603038,2026-10-11T13:40:00Z,701.4,FAR,Saudi Pro League,new_format,Al-Fayha,Al Riyadh,3,Betfair,ht_ou,under,1.5,1.36,api_football,open
2026-10-11T01:58:34Z,1603038,2026-10-11T13:40:00Z,701.4,FAR,Saudi Pro League,new_format,Al-Fayha,Al Riyadh,3,Betfair,ht_ou,over,0.5,1.36,api_football,open
2026-10-11T01:58:34Z,1603038,2026-10-11T13:40:00Z,701.4,FAR,Saudi Pro League,new_format,Al-Fayha,Al Riyadh,3,Betfair,ht_ou,under,0.5,2.88,api_football,open
2026-10-11T01:58:34Z,1603038,2026-10-11T13:40:00Z,701.4,FAR,Saudi Pro League,new_format,Al-Fayha,Al Riyadh,3,Betfair,btts,yes,,1.75,api_football,open
2026-10-11T01:58:34Z,1603038,2026-10-11T13:40:00Z,701.4,FAR,Saudi Pro League,new_format,Al-Fayha,Al Riyadh,3,Betfair,btts,no,,2.05,api_football,open
2026-10-11T01:58:34Z,1603038,2026-10-11T13:40:00Z,701.4,FAR,Saudi Pro League,new_format,Al-Fayha,Al Riyadh,4,Pinnacle,ou,over,1.5,1.29,api_football,open
2026-10-11T01:58:34Z,1603038,2026-10-11T13:40:00Z,701.4,FAR,Saudi Pro League,new_format,Al-Fayha,Al Riyadh,4,Pinnacle,ou,under,1.5,3.5,api_football,open
2026-10-11T01:58:34Z,1603038,2026-10-11T13:40:00Z,701.4,FAR,Saudi Pro League,new_format,Al-Fayha,Al Riyadh,4,Pinnacle,ou,over,2.5,1.97,api_football,open
2026-10-11T01:58:34Z,1603038,2026-10-11T13:40:00Z,701.4,FAR,Saudi Pro League,new_format,Al-Fayha,Al Riyadh,4,Pinnacle,ou,under,2.5,1.85,api_football,open
2026-10-11T01:58:34Z,1603038,2026-10-11T13:40:00Z,701.4,FAR,Saudi Pro League,new_format,Al-Fayha,Al Riyadh,4,Pinnacle,ou,over,3.5,3.3,api_football,open
2026-10-11T01:58:34Z,1603038,2026-10-11T13:40:00Z,701.4,FAR,Saudi Pro League,new_format,Al-Fayha,Al Riyadh,4,Pinnacle,ou,under,3.5,1.32,api_football,open
2026-10-11T01:58:34Z,1603038,2026-10-11T13:40:00Z,701.4,FAR,Saudi Pro League,new_format,Al-Fayha,Al Riyadh,4,Pinnacle,ht_ou,over,1.5,2.87,api_football,open
2026-10-11T01:58:34Z,1603038,2026-10-11T13:40:00Z,701.4,FAR,Saudi Pro League,new_format,Al-Fayha,Al Riyadh,4,Pinnacle,ht_ou,under,1.5,1.39,api_football,open
2026-10-11T01:58:34Z,1603038,2026-10-11T13:40:00Z,701.4,FAR,Saudi Pro League,new_format,Al-Fayha,Al Riyadh,4,Pinnacle,ht_ou,over,0.5,1.37,api_football,open
2026-10-11T01:58:34Z,1603038,2026-10-11T13:40:00Z,701.4,FAR,Saudi Pro League,new_format,Al-Fayha,Al Riyadh,4,Pinnacle,ht_ou,under,0.5,2.97,api_football,open
2026-10-11T01:58:34Z,1603038,2026-10-11T13:40:00Z,701.4,FAR,Saudi Pro League,new_format,Al-Fayha,Al Riyadh,11,1xBet,ou,over,1.5,1.26,api_football,open
2026-10-11T01:58:34Z,1603038,2026-10-11T13:40:00Z,701.4,FAR,Saudi Pro League,new_format,Al-Fayha,Al Riyadh,11,1xBet,ou,under,1.5,3.2,api_football,open
2026-10-11T01:58:34Z,1603038,2026-10-11T13:40:00Z,701.4,FAR,Saudi Pro League,new_format,Al-Fayha,Al Riyadh,11,1xBet,ou,over,2.5,1.93,api_football,open
2026-10-11T01:58:34Z,1603038,2026-10-11T13:40:00Z,701.4,FAR,Saudi Pro League,new_format,Al-Fayha,Al Riyadh,11,1xBet,ou,under,2.5,1.82,api_football,open
2026-10-11T01:58:34Z,1603038,2026-10-11T13:40:00Z,701.4,FAR,Saudi Pro League,new_format,Al-Fayha,Al Riyadh,11,1xBet,ou,over,3.5,3.2,api_football,open
2026-10-11T01:58:34Z,1603038,2026-10-11T13:40:00Z,701.4,FAR,Saudi Pro League,new_format,Al-Fayha,Al Riyadh,11,1xBet,ou,under,3.5,1.26,api_football,open
2026-10-11T01:58:34Z,1603038,2026-10-11T13:40:00Z,701.4,FAR,Saudi Pro League,new_format,Al-Fayha,Al Riyadh,11,1xBet,ht_ou,over,1.5,2.72,api_football,open
2026-10-11T01:58:34Z,1603038,2026-10-11T13:40:00Z,701.4,FAR,Saudi Pro League,new_format,Al-Fayha,Al Riyadh,11,1xBet,ht_ou,under,1.5,1.36,api_football,open
2026-10-11T01:58:34Z,1603038,2026-10-11T13:40:00Z,701.4,FAR,Saudi Pro League,new_format,Al-Fayha,Al Riyadh,11,1xBet,ht_ou,over,0.5,1.36,api_football,open
2026-10-11T01:58:34Z,1603038,2026-10-11T13:40:00Z,701.4,FAR,Saudi Pro League,new_format,Al-Fayha,Al Riyadh,11,1xBet,ht_ou,under,0.5,2.72,api_football,open
2026-10-11T01:58:34Z,1603038,2026-10-11T13:40:00Z,701.4,FAR,Saudi Pro League,new_format,Al-Fayha,Al Riyadh,11,1xBet,btts,yes,,1.73,api_football,open
2026-10-11T01:58:34Z,1603038,2026-10-11T13:40:00Z,701.4,FAR,Saudi Pro League,new_format,Al-Fayha,Al Riyadh,11,1xBet,btts,no,,1.98,api_football,open
2026-10-11T01:58:34Z,1603038,2026-10-11T13:40:00Z,701.4,FAR,Saudi Pro League,new_format,Al-Fayha,Al Riyadh,32,Betano,ou,over,1.5,1.33,api_football,open
2026-10-11T01:58:34Z,1603038,2026-10-11T13:40:00Z,701.4,FAR,Saudi Pro League,new_format,Al-Fayha,Al Riyadh,32,Betano,ou,under,1.5,3.35,api_football,open
2026-10-11T01:58:34Z,1603038,2026-10-11T13:40:00Z,701.4,FAR,Saudi Pro League,new_format,Al-Fayha,Al Riyadh,32,Betano,ou,over,2.5,1.98,api_football,open
2026-10-11T01:58:34Z,1603038,2026-10-11T13:40:00Z,701.4,FAR,Saudi Pro League,new_format,Al-Fayha,Al Riyadh,32,Betano,ou,under,2.5,1.87,api_football,open
2026-10-11T01:58:34Z,1603038,2026-10-11T13:40:00Z,701.4,FAR,Saudi Pro League,new_format,Al-Fayha,Al Riyadh,32,Betano,ou,over,3.5,3.35,api_football,open
2026-10-11T01:58:34Z,1603038,2026-10-11T13:40:00Z,701.4,FAR,Saudi Pro League,new_format,Al-Fayha,Al Riyadh,32,Betano,ou,under,3.5,1.33,api_football,open
2026-10-11T01:58:34Z,1603038,2026-10-11T13:40:00Z,701.4,FAR,Saudi Pro League,new_format,Al-Fayha,Al Riyadh,32,Betano,ht_ou,over,1.5,2.95,api_football,open
2026-10-11T01:58:34Z,1603038,2026-10-11T13:40:00Z,701.4,FAR,Saudi Pro League,new_format,Al-Fayha,Al Riyadh,32,Betano,ht_ou,under,1.5,1.4,api_football,open
2026-10-11T01:58:34Z,1603038,2026-10-11T13:40:00Z,701.4,FAR,Saudi Pro League,new_format,Al-Fayha,Al Riyadh,32,Betano,ht_ou,over,0.5,1.45,api_football,open
2026-10-11T01:58:34Z,1603038,2026-10-11T13:40:00Z,701.4,FAR,Saudi Pro League,new_format,Al-Fayha,Al Riyadh,32,Betano,ht_ou,under,0.5,2.77,api_football,open
2026-10-11T01:58:34Z,1603038,2026-10-11T13:40:00Z,701.4,FAR,Saudi Pro League,new_format,Al-Fayha,Al Riyadh,32,Betano,btts,yes,,1.75,api_football,open
2026-10-11T01:58:34Z,1603038,2026-10-11T13:40:00Z,701.4,FAR,Saudi Pro League,new_format,Al-Fayha,Al Riyadh,32,Betano,btts,no,,2.0,api_football,open
2026-10-11T01:58:34Z,1494294,2026-10-11T12:00:00Z,601.4,FAR,Sweden Allsvenskan,new_format,Hammarby FF,Djurgardens IF,3,Betfair,ou,over,1.5,1.2,api_football,open
2026-10-11T01:58:34Z,1494294,2026-10-11T12:00:00Z,601.4,FAR,Sweden Allsvenskan,new_format,Hammarby FF,Djurgardens IF,3,Betfair,ou,under,1.5,4.5,api_football,open
2026-10-11T01:58:34Z,1494294,2026-10-11T12:00:00Z,601.4,FAR,Sweden Allsvenskan,new_format,Hammarby FF,Djurgardens IF,3,Betfair,ou,over,3.5,2.55,api_football,open
2026-10-11T01:58:34Z,1494294,2026-10-11T12:00:00Z,601.4,FAR,Sweden Allsvenskan,new_format,Hammarby FF,Djurgardens IF,3,Betfair,ou,under,3.5,1.5,api_football,open
2026-10-11T01:58:34Z,1494294,2026-10-11T12:00:00Z,601.4,FAR,Sweden Allsvenskan,new_format,Hammarby FF,Djurgardens IF,3,Betfair,btts,yes,,1.53,api_football,open
2026-10-11T01:58:34Z,1494294,2026-10-11T12:00:00Z,601.4,FAR,Sweden Allsvenskan,new_format,Hammarby FF,Djurgardens IF,3,Betfair,btts,no,,2.45,api_football,open
2026-10-11T02:01:38Z,1549029,2026-10-11T14:00:00Z,718.4,FAR,Denmark Superliga,new_format,Brondby,Lyngby,3,Betfair,ou,over,1.5,1.17,api_football,open
2026-10-11T02:01:38Z,1549029,2026-10-11T14:00:00Z,718.4,FAR,Denmark Superliga,new_format,Brondby,Lyngby,3,Betfair,ou,under,1.5,5.0,api_football,open
2026-10-11T02:01:38Z,1549029,2026-10-11T14:00:00Z,718.4,FAR,Denmark Superliga,new_format,Brondby,Lyngby,3,Betfair,ou,over,3.5,2.55,api_football,open
2026-10-11T02:01:38Z,1549029,2026-10-11T14:00:00Z,718.4,FAR,Denmark Superliga,new_format,Brondby,Lyngby,3,Betfair,ou,under,3.5,1.5,api_football,open
2026-10-11T02:01:38Z,1549029,2026-10-11T14:00:00Z,718.4,FAR,Denmark Superliga,new_format,Brondby,Lyngby,3,Betfair,btts,yes,,1.57,api_football,open
2026-10-11T02:01:38Z,1549029,2026-10-11T14:00:00Z,718.4,FAR,Denmark Superliga,new_format,Brondby,Lyngby,3,Betfair,btts,no,,2.38,api_football,open
2026-10-11T02:01:38Z,1549029,2026-10-11T14:00:00Z,718.4,FAR,Denmark Superliga,new_format,Brondby,Lyngby,36,BetVictor,ou,over,1.5,1.15,api_football,open
2026-10-11T02:01:38Z,1549029,2026-10-11T14:00:00Z,718.4,FAR,Denmark Superliga,new_format,Brondby,Lyngby,36,BetVictor,ou,under,1.5,4.8,api_football,open
2026-10-11T02:01:38Z,1549029,2026-10-11T14:00:00Z,718.4,FAR,Denmark Superliga,new_format,Brondby,Lyngby,36,BetVictor,ou,over,2.5,1.56,api_football,open
2026-10-11T02:01:38Z,1549029,2026-10-11T14:00:00Z,718.4,FAR,Denmark Superliga,new_format,Brondby,Lyngby,36,BetVictor,ou,under,2.5,2.23,api_football,open
2026-10-11T02:01:38Z,1549029,2026-10-11T14:00:00Z,718.4,FAR,Denmark Superliga,new_format,Brondby,Lyngby,36,BetVictor,ou,over,3.5,2.32,api_football,open
2026-10-11T02:01:38Z,1549029,2026-10-11T14:00:00Z,718.4,FAR,Denmark Superliga,new_format,Brondby,Lyngby,36,BetVictor,ou,under,3.5,1.52,api_football,open
2026-10-11T02:01:38Z,1549029,2026-10-11T14:00:00Z,718.4,FAR,Denmark Superliga,new_format,Brondby,Lyngby,36,BetVictor,ht_ou,over,1.5,2.21,api_football,open
2026-10-11T02:01:38Z,1549029,2026-10-11T14:00:00Z,718.4,FAR,Denmark Superliga,new_format,Brondby,Lyngby,36,BetVictor,ht_ou,under,1.5,1.57,api_football,open
2026-10-11T02:01:38Z,1549029,2026-10-11T14:00:00Z,718.4,FAR,Denmark Superliga,new_format,Brondby,Lyngby,36,BetVictor,btts,yes,,1.53,api_football,open
2026-10-11T02:01:38Z,1549029,2026-10-11T14:00:00Z,718.4,FAR,Denmark Superliga,new_format,Brondby,Lyngby,36,BetVictor,btts,no,,2.3,api_football,open
2026-10-11T02:01:38Z,1490524,2026-10-11T02:30:00Z,28.4,T-30m,USA MLS,new_format,Los Angeles FC,Vancouver Whitecaps,7,William Hill,ht_ou,over,1.5,2.3,api_football,heartbeat
2026-10-11T02:01:38Z,1490524,2026-10-11T02:30:00Z,28.4,T-30m,USA MLS,new_format,Los Angeles FC,Vancouver Whitecaps,7,William Hill,ht_ou,under,1.5,1.57,api_football,heartbeat
2026-10-11T02:01:38Z,1490524,2026-10-11T02:30:00Z,28.4,T-30m,USA MLS,new_format,Los Angeles FC,Vancouver Whitecaps,7,William Hill,ht_ou,over,0.5,1.25,api_football,heartbeat
2026-10-11T02:01:38Z,1490524,2026-10-11T02:30:00Z,28.4,T-30m,USA MLS,new_format,Los Angeles FC,Vancouver Whitecaps,7,William Hill,ht_ou,under,0.5,3.5,api_football,heartbeat
2026-10-11T02:01:38Z,1490524,2026-10-11T02:30:00Z,28.4,T-30m,USA MLS,new_format,Los Angeles FC,Vancouver Whitecaps,7,William Hill,btts,yes,,1.5,api_football,heartbeat
2026-10-11T02:01:38Z,1490524,2026-10-11T02:30:00Z,28.4,T-30m,USA MLS,new_format,Los Angeles FC,Vancouver Whitecaps,7,William Hill,btts,no,,2.45,api_football,heartbeat
2026-10-11T02:01:38Z,1490524,2026-10-11T02:30:00Z,28.4,T-30m,USA MLS,new_format,Los Angeles FC,Vancouver Whitecaps,8,Bet365,ou,over,1.5,1.17,api_football,heartbeat
2026-10-11T02:01:38Z,1490524,2026-10-11T02:30:00Z,28.4,T-30m,USA MLS,new_format,Los Angeles FC,Vancouver Whitecaps,8,Bet365,ou,under,1.5,5.0,api_football,heartbeat
2026-10-11T02:01:38Z,1490524,2026-10-11T02:30:00Z,28.4,T-30m,USA MLS,new_format,Los Angeles FC,Vancouver Whitecaps,8,Bet365,ou,over,2.5,1.6,api_football,heartbeat
2026-10-11T02:01:38Z,1490524,2026-10-11T02:30:00Z,28.4,T-30m,USA MLS,new_format,Los Angeles FC,Vancouver Whitecaps,8,Bet365,ou,under,2.5,2.3,api_football,heartbeat
2026-10-11T02:01:38Z,1490524,2026-10-11T02:30:00Z,28.4,T-30m,USA MLS,new_format,Los Angeles FC,Vancouver Whitecaps,8,Bet365,ou,over,3.5,2.38,api_football,heartbeat
2026-10-11T02:01:38Z,1490524,2026-10-11T02:30:00Z,28.4,T-30m,USA MLS,new_format,Los Angeles FC,Vancouver Whitecaps,8,Bet365,ou,under,3.5,1.53,api_football,heartbeat
2026-10-11T02:01:38Z,1490524,2026-10-11T02:30:00Z,28.4,T-30m,USA MLS,new_format,Los Angeles FC,Vancouver Whitecaps,8,Bet365,ht_ou,over,1.5,2.25,api_football,heartbeat
2026-10-11T02:01:38Z,1490524,2026-10-11T02:30:00Z,28.4,T-30m,USA MLS,new_format,Los Angeles FC,Vancouver Whitecaps,8,Bet365,ht_ou,under,1.5,1.57,api_football,heartbeat
2026-10-11T02:01:38Z,1490524,2026-10-11T02:30:00Z,28.4,T-30m,USA MLS,new_format,Los Angeles FC,Vancouver Whitecaps,8,Bet365,ht_ou,over,0.5,1.28,api_football,heartbeat
2026-10-11T02:01:38Z,1490524,2026-10-11T02:30:00Z,28.4,T-30m,USA MLS,new_format,Los Angeles FC,Vancouver Whitecaps,8,Bet365,ht_ou,under,0.5,3.5,api_football,heartbeat
2026-10-11T02:01:38Z,1490524,2026-10-11T02:30:00Z,28.4,T-30m,USA MLS,new_format,Los Angeles FC,Vancouver Whitecaps,8,Bet365,btts,yes,,1.5,api_football,heartbeat
2026-10-11T02:01:38Z,1490524,2026-10-11T02:30:00Z,28.4,T-30m,USA MLS,new_format,Los Angeles FC,Vancouver Whitecaps,8,Bet365,btts,no,,2.5,api_football,heartbeat
2026-10-11T02:01:38Z,1490524,2026-10-11T02:30:00Z,28.4,T-30m,USA MLS,new_format,Los Angeles FC,Vancouver Whitecaps,2,Marathonbet,ou,over,1.5,1.14,api_football,heartbeat
2026-10-11T02:01:38Z,1490524,2026-10-11T02:30:00Z,28.4,T-30m,USA MLS,new_format,Los Angeles FC,Vancouver Whitecaps,2,Marathonbet,ou,under,1.5,4.33,api_football,heartbeat
2026-10-11T02:01:38Z,1490524,2026-10-11T02:30:00Z,28.4,T-30m,USA MLS,new_format,Los Angeles FC,Vancouver Whitecaps,2,Marathonbet,ou,over,2.5,1.58,api_football,heartbeat
2026-10-11T02:01:38Z,1490524,2026-10-11T02:30:00Z,28.4,T-30m,USA MLS,new_format,Los Angeles FC,Vancouver Whitecaps,2,Marathonbet,ou,under,2.5,2.29,api_football,heartbeat
2026-10-11T02:01:38Z,1490524,2026-10-11T02:30:00Z,28.4,T-30m,USA MLS,new_format,Los Angeles FC,Vancouver Whitecaps,2,Marathonbet,ou,over,3.5,2.33,api_football,heartbeat
2026-10-11T02:01:38Z,1490524,2026-10-11T02:30:00Z,28.4,T-30m,USA MLS,new_format,Los Angeles FC,Vancouver Whitecaps,2,Marathonbet,ou,under,3.5,1.48,api_football,heartbeat
2026-10-11T02:01:38Z,1490524,2026-10-11T02:30:00Z,28.4,T-30m,USA MLS,new_format,Los Angeles FC,Vancouver Whitecaps,2,Marathonbet,ht_ou,over,1.5,2.27,api_football,heartbeat
2026-10-11T02:01:38Z,1490524,2026-10-11T02:30:00Z,28.4,T-30m,USA MLS,new_format,Los Angeles FC,Vancouver Whitecaps,2,Marathonbet,ht_ou,under,1.5,1.57,api_football,heartbeat
2026-10-11T02:01:38Z,1490524,2026-10-11T02:30:00Z,28.4,T-30m,USA MLS,new_format,Los Angeles FC,Vancouver Whitecaps,2,Marathonbet,ht_ou,over,0.5,1.26,api_football,heartbeat
2026-10-11T02:01:38Z,1490524,2026-10-11T02:30:00Z,28.4,T-30m,USA MLS,new_format,Los Angeles FC,Vancouver Whitecaps,2,Marathonbet,ht_ou,under,0.5,3.25,api_football,heartbeat
2026-10-11T02:01:38Z,1490524,2026-10-11T02:30:00Z,28.4,T-30m,USA MLS,new_format,Los Angeles FC,Vancouver Whitecaps,2,Marathonbet,btts,yes,,1.48,api_football,heartbeat
2026-10-11T02:01:38Z,1490524,2026-10-11T02:30:00Z,28.4,T-30m,USA MLS,new_format,Los Angeles FC,Vancouver Whitecaps,2,Marathonbet,btts,no,,2.43,api_football,heartbeat
2026-10-11T02:01:38Z,1490524,2026-10-11T02:30:00Z,28.4,T-30m,USA MLS,new_format,Los Angeles FC,Vancouver Whitecaps,3,Betfair,ou,over,1.5,1.14,api_football,heartbeat
2026-10-11T02:01:38Z,1490524,2026-10-11T02:30:00Z,28.4,T-30m,USA MLS,new_format,Los Angeles FC,Vancouver Whitecaps,3,Betfair,ou,under,1.5,5.0,api_football,heartbeat
2026-10-11T02:01:38Z,1490524,2026-10-11T02:30:00Z,28.4,T-30m,USA MLS,new_format,Los Angeles FC,Vancouver Whitecaps,3,Betfair,ou,over,2.5,1.57,api_football,heartbeat
2026-10-11T02:01:38Z,1490524,2026-10-11T02:30:00Z,28.4,T-30m,USA MLS,new_format,Los Angeles FC,Vancouver Whitecaps,3,Betfair,ou,under,2.5,2.3,api_football,heartbeat
2026-10-11T02:01:38Z,1490524,2026-10-11T02:30:00Z,28.4,T-30m,USA MLS,new_format,Los Angeles FC,Vancouver Whitecaps,3,Betfair,ou,over,3.5,2.5,api_football,heartbeat
2026-10-11T02:01:38Z,1490524,2026-10-11T02:30:00Z,28.4,T-30m,USA MLS,new_format,Los Angeles FC,Vancouver Whitecaps,3,Betfair,ou,under,3.5,1.5,api_football,heartbeat
2026-10-11T02:01:38Z,1490524,2026-10-11T02:30:00Z,28.4,T-30m,USA MLS,new_format,Los Angeles FC,Vancouver Whitecaps,3,Betfair,ht_ou,over,1.5,2.25,api_football,heartbeat
2026-10-11T02:01:38Z,1490524,2026-10-11T02:30:00Z,28.4,T-30m,USA MLS,new_format,Los Angeles FC,Vancouver Whitecaps,3,Betfair,ht_ou,under,1.5,1.57,api_football,heartbeat
2026-10-11T02:01:38Z,1490524,2026-10-11T02:30:00Z,28.4,T-30m,USA MLS,new_format,Los Angeles FC,Vancouver Whitecaps,3,Betfair,ht_ou,over,0.5,1.25,api_football,heartbeat
2026-10-11T02:01:38Z,1490524,2026-10-11T02:30:00Z,28.4,T-30m,USA MLS,new_format,Los Angeles FC,Vancouver Whitecaps,3,Betfair,ht_ou,under,0.5,3.6,api_football,heartbeat
2026-10-11T02:01:38Z,1490524,2026-10-11T02:30:00Z,28.4,T-30m,USA MLS,new_format,Los Angeles FC,Vancouver Whitecaps,3,Betfair,btts,yes,,1.44,api_football,heartbeat
2026-10-11T02:01:38Z,1490524,2026-10-11T02:30:00Z,28.4,T-30m,USA MLS,new_format,Los Angeles FC,Vancouver Whitecaps,3,Betfair,btts,no,,2.63,api_football,heartbeat
2026-10-11T02:01:38Z,1490524,2026-10-11T02:30:00Z,28.4,T-30m,USA MLS,new_format,Los Angeles FC,Vancouver Whitecaps,36,BetVictor,ou,over,1.5,1.15,api_football,heartbeat
2026-10-11T02:01:38Z,1490524,2026-10-11T02:30:00Z,28.4,T-30m,USA MLS,new_format,Los Angeles FC,Vancouver Whitecaps,36,BetVictor,ou,under,1.5,5.0,api_football,heartbeat
2026-10-11T02:01:38Z,1490524,2026-10-11T02:30:00Z,28.4,T-30m,USA MLS,new_format,Los Angeles FC,Vancouver Whitecaps,36,BetVictor,ou,over,2.5,1.55,api_football,heartbeat
2026-10-11T02:01:38Z,1490524,2026-10-11T02:30:00Z,28.4,T-30m,USA MLS,new_format,Los Angeles FC,Vancouver Whitecaps,36,BetVictor,ou,under,2.5,2.24,api_football,heartbeat
2026-10-11T02:01:38Z,1490524,2026-10-11T02:30:00Z,28.4,T-30m,USA MLS,new_format,Los Angeles FC,Vancouver Whitecaps,36,BetVictor,ou,over,3.5,2.31,api_football,heartbeat
2026-10-11T02:01:38Z,1490524,2026-10-11T02:30:00Z,28.4,T-30m,USA MLS,new_format,Los Angeles FC,Vancouver Whitecaps,36,BetVictor,ou,under,3.5,1.52,api_football,heartbeat
2026-10-11T02:01:38Z,1490524,2026-10-11T02:30:00Z,28.4,T-30m,USA MLS,new_format,Los Angeles FC,Vancouver Whitecaps,36,BetVictor,ht_ou,over,1.5,2.21,api_football,heartbeat
2026-10-11T02:01:38Z,1490524,2026-10-11T02:30:00Z,28.4,T-30m,USA MLS,new_format,Los Angeles FC,Vancouver Whitecaps,36,BetVictor,ht_ou,under,1.5,1.57,api_football,heartbeat
2026-10-11T02:01:38Z,1490524,2026-10-11T02:30:00Z,28.4,T-30m,USA MLS,new_format,Los Angeles FC,Vancouver Whitecaps,36,BetVictor,ht_ou,over,0.5,1.29,api_football,heartbeat
2026-10-11T02:01:38Z,1490524,2026-10-11T02:30:00Z,28.4,T-30m,USA MLS,new_format,Los Angeles FC,Vancouver Whitecaps,36,BetVictor,ht_ou,under,0.5,3.6,api_football,heartbeat
2026-10-11T02:01:38Z,1490524,2026-10-11T02:30:00Z,28.4,T-30m,USA MLS,new_format,Los Angeles FC,Vancouver Whitecaps,36,BetVictor,btts,yes,,1.45,api_football,heartbeat
2026-10-11T02:01:38Z,1490524,2026-10-11T02:30:00Z,28.4,T-30m,USA MLS,new_format,Los Angeles FC,Vancouver Whitecaps,36,BetVictor,btts,no,,2.55,api_football,heartbeat
2026-10-11T02:01:38Z,1490524,2026-10-11T02:30:00Z,28.4,T-30m,USA MLS,new_format,Los Angeles FC,Vancouver Whitecaps,4,Pinnacle,ou,over,1.5,1.19,api_football,heartbeat
2026-10-11T02:01:38Z,1490524,2026-10-11T02:30:00Z,28.4,T-30m,USA MLS,new_format,Los Angeles FC,Vancouver Whitecaps,4,Pinnacle,ou,under,1.5,5.07,api_football,heartbeat
2026-10-11T02:01:38Z,1490524,2026-10-11T02:30:00Z,28.4,T-30m,USA MLS,new_format,Los Angeles FC,Vancouver Whitecaps,4,Pinnacle,ou,over,2.5,1.61,api_football,heartbeat
2026-10-11T02:01:38Z,1490524,2026-10-11T02:30:00Z,28.4,T-30m,USA MLS,new_format,Los Angeles FC,Vancouver Whitecaps,4,Pinnacle,ou,under,2.5,2.4,api_football,heartbeat
2026-10-11T02:01:38Z,1490524,2026-10-11T02:30:00Z,28.4,T-30m,USA MLS,new_format,Los Angeles FC,Vancouver Whitecaps,4,Pinnacle,ou,over,3.5,2.49,api_football,heartbeat
2026-10-11T02:01:38Z,1490524,2026-10-11T02:30:00Z,28.4,T-30m,USA MLS,new_format,Los Angeles FC,Vancouver Whitecaps,4,Pinnacle,ou,under,3.5,1.57,api_football,heartbeat
2026-10-11T02:01:38Z,1490524,2026-10-11T02:30:00Z,28.4,T-30m,USA MLS,new_format,Los Angeles FC,Vancouver Whitecaps,4,Pinnacle,ht_ou,over,1.5,2.37,api_football,heartbeat
2026-10-11T02:01:38Z,1490524,2026-10-11T02:30:00Z,28.4,T-30m,USA MLS,new_format,Los Angeles FC,Vancouver Whitecaps,4,Pinnacle,ht_ou,under,1.5,1.6,api_football,heartbeat
2026-10-11T02:01:38Z,1490524,2026-10-11T02:30:00Z,28.4,T-30m,USA MLS,new_format,Los Angeles FC,Vancouver Whitecaps,32,Betano,ou,over,1.5,1.2,api_football,heartbeat
2026-10-11T02:01:38Z,1490524,2026-10-11T02:30:00Z,28.4,T-30m,USA MLS,new_format,Los Angeles FC,Vancouver Whitecaps,32,Betano,ou,under,1.5,4.6,api_football,heartbeat
2026-10-11T02:01:38Z,1490524,2026-10-11T02:30:00Z,28.4,T-30m,USA MLS,new_format,Los Angeles FC,Vancouver Whitecaps,32,Betano,ou,over,2.5,1.62,api_football,heartbeat
2026-10-11T02:01:38Z,1490524,2026-10-11T02:30:00Z,28.4,T-30m,USA MLS,new_format,Los Angeles FC,Vancouver Whitecaps,32,Betano,ou,under,2.5,2.37,api_football,heartbeat
2026-10-11T02:01:38Z,1490524,2026-10-11T02:30:00Z,28.4,T-30m,USA MLS,new_format,Los Angeles FC,Vancouver Whitecaps,32,Betano,ou,over,3.5,2.47,api_football,heartbeat
2026-10-11T02:01:38Z,1490524,2026-10-11T02:30:00Z,28.4,T-30m,USA MLS,new_format,Los Angeles FC,Vancouver Whitecaps,32,Betano,ou,under,3.5,1.57,api_football,heartbeat
2026-10-11T02:01:38Z,1490524,2026-10-11T02:30:00Z,28.4,T-30m,USA MLS,new_format,Los Angeles FC,Vancouver Whitecaps,32,Betano,ht_ou,over,1.5,2.42,api_football,heartbeat
2026-10-11T02:01:38Z,1490524,2026-10-11T02:30:00Z,28.4,T-30m,USA MLS,new_format,Los Angeles FC,Vancouver Whitecaps,32,Betano,ht_ou,under,1.5,1.57,api_football,heartbeat
2026-10-11T02:01:38Z,1490524,2026-10-11T02:30:00Z,28.4,T-30m,USA MLS,new_format,Los Angeles FC,Vancouver Whitecaps,32,Betano,ht_ou,over,0.5,1.33,api_football,heartbeat
2026-10-11T02:01:38Z,1490524,2026-10-11T02:30:00Z,28.4,T-30m,USA MLS,new_format,Los Angeles FC,Vancouver Whitecaps,32,Betano,ht_ou,under,0.5,3.2,api_football,heartbeat
2026-10-11T02:01:38Z,1490524,2026-10-11T02:30:00Z,28.4,T-30m,USA MLS,new_format,Los Angeles FC,Vancouver Whitecaps,32,Betano,btts,yes,,1.47,api_football,heartbeat
2026-10-11T02:01:38Z,1490524,2026-10-11T02:30:00Z,28.4,T-30m,USA MLS,new_format,Los Angeles FC,Vancouver Whitecaps,32,Betano,btts,no,,2.55,api_football,heartbeat
2026-10-11T02:10:50Z,1550989,2026-10-11T03:10:00Z,59.2,T-1h,Mexico Liga MX,new_format,Club America,Monterrey,7,William Hill,ht_ou,over,1.5,2.25,api_football,heartbeat
2026-10-11T02:10:50Z,1550989,2026-10-11T03:10:00Z,59.2,T-1h,Mexico Liga MX,new_format,Club America,Monterrey,7,William Hill,ht_ou,under,1.5,1.55,api_football,heartbeat
2026-10-11T02:10:50Z,1550989,2026-10-11T03:10:00Z,59.2,T-1h,Mexico Liga MX,new_format,Club America,Monterrey,7,William Hill,ht_ou,over,0.5,1.25,api_football,heartbeat
2026-10-11T02:10:50Z,1550989,2026-10-11T03:10:00Z,59.2,T-1h,Mexico Liga MX,new_format,Club America,Monterrey,7,William Hill,ht_ou,under,0.5,3.4,api_football,heartbeat
2026-10-11T02:10:50Z,1550989,2026-10-11T03:10:00Z,59.2,T-1h,Mexico Liga MX,new_format,Club America,Monterrey,7,William Hill,btts,yes,,1.55,api_football,heartbeat
2026-10-11T02:10:50Z,1550989,2026-10-11T03:10:00Z,59.2,T-1h,Mexico Liga MX,new_format,Club America,Monterrey,7,William Hill,btts,no,,2.25,api_football,heartbeat
2026-10-11T02:10:50Z,1550989,2026-10-11T03:10:00Z,59.2,T-1h,Mexico Liga MX,new_format,Club America,Monterrey,8,Bet365,ou,over,1.5,1.17,api_football,heartbeat
2026-10-11T02:10:50Z,1550989,2026-10-11T03:10:00Z,59.2,T-1h,Mexico Liga MX,new_format,Club America,Monterrey,8,Bet365,ou,under,1.5,5.0,api_football,heartbeat
2026-10-11T02:10:50Z,1550989,2026-10-11T03:10:00Z,59.2,T-1h,Mexico Liga MX,new_format,Club America,Monterrey,8,Bet365,ou,over,2.5,1.57,api_football,heartbeat
2026-10-11T02:10:50Z,1550989,2026-10-11T03:10:00Z,59.2,T-1h,Mexico Liga MX,new_format,Club America,Monterrey,8,Bet365,ou,under,2.5,2.35,api_football,heartbeat
2026-10-11T02:10:50Z,1550989,2026-10-11T03:10:00Z,59.2,T-1h,Mexico Liga MX,new_format,Club America,Monterrey,8,Bet365,ou,over,3.5,2.38,api_football,heartbeat
2026-10-11T02:10:50Z,1550989,2026-10-11T03:10:00Z,59.2,T-1h,Mexico Liga MX,new_format,Club America,Monterrey,8,Bet365,ou,under,3.5,1.53,api_football,heartbeat
2026-10-11T02:10:50Z,1550989,2026-10-11T03:10:00Z,59.2,T-1h,Mexico Liga MX,new_format,Club America,Monterrey,8,Bet365,ht_ou,over,1.5,2.38,api_football,heartbeat
2026-10-11T02:10:50Z,1550989,2026-10-11T03:10:00Z,59.2,T-1h,Mexico Liga MX,new_format,Club America,Monterrey,8,Bet365,ht_ou,under,1.5,1.53,api_football,heartbeat
2026-10-11T02:10:50Z,1550989,2026-10-11T03:10:00Z,59.2,T-1h,Mexico Liga MX,new_format,Club America,Monterrey,8,Bet365,ht_ou,over,0.5,1.28,api_football,heartbeat
2026-10-11T02:10:50Z,1550989,2026-10-11T03:10:00Z,59.2,T-1h,Mexico Liga MX,new_format,Club America,Monterrey,8,Bet365,ht_ou,under,0.5,3.5,api_football,heartbeat
2026-10-11T02:10:50Z,1550989,2026-10-11T03:10:00Z,59.2,T-1h,Mexico Liga MX,new_format,Club America,Monterrey,8,Bet365,btts,yes,,1.57,api_football,heartbeat
2026-10-11T02:10:50Z,1550989,2026-10-11T03:10:00Z,59.2,T-1h,Mexico Liga MX,new_format,Club America,Monterrey,8,Bet365,btts,no,,2.25,api_football,heartbeat
2026-10-11T02:10:50Z,1550989,2026-10-11T03:10:00Z,59.2,T-1h,Mexico Liga MX,new_format,Club America,Monterrey,2,Marathonbet,ou,over,1.5,1.14,api_football,heartbeat
2026-10-11T02:10:50Z,1550989,2026-10-11T03:10:00Z,59.2,T-1h,Mexico Liga MX,new_format,Club America,Monterrey,2,Marathonbet,ou,under,1.5,4.4,api_football,heartbeat
2026-10-11T02:10:50Z,1550989,2026-10-11T03:10:00Z,59.2,T-1h,Mexico Liga MX,new_format,Club America,Monterrey,2,Marathonbet,ou,over,2.5,1.59,api_football,heartbeat
2026-10-11T02:10:50Z,1550989,2026-10-11T03:10:00Z,59.2,T-1h,Mexico Liga MX,new_format,Club America,Monterrey,2,Marathonbet,ou,under,2.5,2.25,api_football,heartbeat
2026-10-11T02:10:50Z,1550989,2026-10-11T03:10:00Z,59.2,T-1h,Mexico Liga MX,new_format,Club America,Monterrey,2,Marathonbet,ou,over,3.5,2.33,api_football,heartbeat
2026-10-11T02:10:50Z,1550989,2026-10-11T03:10:00Z,59.2,T-1h,Mexico Liga MX,new_format,Club America,Monterrey,2,Marathonbet,ou,under,3.5,1.48,api_football,heartbeat
2026-10-11T02:10:50Z,1550989,2026-10-11T03:10:00Z,59.2,T-1h,Mexico Liga MX,new_format,Club America,Monterrey,2,Marathonbet,ht_ou,over,1.5,2.3,api_football,heartbeat
2026-10-11T02:10:50Z,1550989,2026-10-11T03:10:00Z,59.2,T-1h,Mexico Liga MX,new_format,Club America,Monterrey,2,Marathonbet,ht_ou,under,1.5,1.53,api_football,heartbeat
2026-10-11T02:10:50Z,1550989,2026-10-11T03:10:00Z,59.2,T-1h,Mexico Liga MX,new_format,Club America,Monterrey,2,Marathonbet,ht_ou,over,0.5,1.3,api_football,heartbeat
2026-10-11T02:10:50Z,1550989,2026-10-11T03:10:00Z,59.2,T-1h,Mexico Liga MX,new_format,Club America,Monterrey,2,Marathonbet,ht_ou,under,0.5,3.12,api_football,heartbeat
2026-10-11T02:10:50Z,1550989,2026-10-11T03:10:00Z,59.2,T-1h,Mexico Liga MX,new_format,Club America,Monterrey,2,Marathonbet,btts,yes,,1.53,api_football,heartbeat
2026-10-11T02:10:50Z,1550989,2026-10-11T03:10:00Z,59.2,T-1h,Mexico Liga MX,new_format,Club America,Monterrey,2,Marathonbet,btts,no,,2.31,api_football,heartbeat
2026-10-11T02:10:50Z,1550989,2026-10-11T03:10:00Z,59.2,T-1h,Mexico Liga MX,new_format,Club America,Monterrey,3,Betfair,ou,over,1.5,1.17,api_football,heartbeat
2026-10-11T02:10:50Z,1550989,2026-10-11T03:10:00Z,59.2,T-1h,Mexico Liga MX,new_format,Club America,Monterrey,3,Betfair,ou,under,1.5,5.0,api_football,heartbeat
2026-10-11T02:10:50Z,1550989,2026-10-11T03:10:00Z,59.2,T-1h,Mexico Liga MX,new_format,Club America,Monterrey,3,Betfair,ou,over,2.5,1.57,api_football,heartbeat
2026-10-11T02:10:50Z,1550989,2026-10-11T03:10:00Z,59.2,T-1h,Mexico Liga MX,new_format,Club America,Monterrey,3,Betfair,ou,under,2.5,2.38,api_football,heartbeat
2026-10-11T02:10:50Z,1550989,2026-10-11T03:10:00Z,59.2,T-1h,Mexico Liga MX,new_format,Club America,Monterrey,3,Betfair,ou,over,3.5,2.55,api_football,heartbeat
2026-10-11T02:10:50Z,1550989,2026-10-11T03:10:00Z,59.2,T-1h,Mexico Liga MX,new_format,Club America,Monterrey,3,Betfair,ou,under,3.5,1.5,api_football,heartbeat
2026-10-11T02:10:50Z,1550989,2026-10-11T03:10:00Z,59.2,T-1h,Mexico Liga MX,new_format,Club America,Monterrey,3,Betfair,ht_ou,over,1.5,2.25,api_football,heartbeat
2026-10-11T02:10:50Z,1550989,2026-10-11T03:10:00Z,59.2,T-1h,Mexico Liga MX,new_format,Club America,Monterrey,3,Betfair,ht_ou,under,1.5,1.57,api_football,heartbeat
2026-10-11T02:10:50Z,1550989,2026-10-11T03:10:00Z,59.2,T-1h,Mexico Liga MX,new_format,Club America,Monterrey,3,Betfair,ht_ou,over,0.5,1.25,api_football,heartbeat
2026-10-11T02:10:50Z,1550989,2026-10-11T03:10:00Z,59.2,T-1h,Mexico Liga MX,new_format,Club America,Monterrey,3,Betfair,ht_ou,under,0.5,3.6,api_football,heartbeat
2026-10-11T02:10:50Z,1550989,2026-10-11T03:10:00Z,59.2,T-1h,Mexico Liga MX,new_format,Club America,Monterrey,3,Betfair,btts,yes,,1.53,api_football,heartbeat
2026-10-11T02:10:50Z,1550989,2026-10-11T03:10:00Z,59.2,T-1h,Mexico Liga MX,new_format,Club America,Monterrey,3,Betfair,btts,no,,2.45,api_football,heartbeat
2026-10-11T02:10:50Z,1550989,2026-10-11T03:10:00Z,59.2,T-1h,Mexico Liga MX,new_format,Club America,Monterrey,36,BetVictor,ou,over,1.5,1.15,api_football,heartbeat
2026-10-11T02:10:50Z,1550989,2026-10-11T03:10:00Z,59.2,T-1h,Mexico Liga MX,new_format,Club America,Monterrey,36,BetVictor,ou,under,1.5,4.8,api_football,heartbeat
2026-10-11T02:10:50Z,1550989,2026-10-11T03:10:00Z,59.2,T-1h,Mexico Liga MX,new_format,Club America,Monterrey,36,BetVictor,ou,over,2.5,1.55,api_football,heartbeat
2026-10-11T02:10:50Z,1550989,2026-10-11T03:10:00Z,59.2,T-1h,Mexico Liga MX,new_format,Club America,Monterrey,36,BetVictor,ou,under,2.5,2.25,api_football,heartbeat
2026-10-11T02:10:50Z,1550989,2026-10-11T03:10:00Z,59.2,T-1h,Mexico Liga MX,new_format,Club America,Monterrey,36,BetVictor,ou,over,3.5,2.31,api_football,heartbeat
2026-10-11T02:10:50Z,1550989,2026-10-11T03:10:00Z,59.2,T-1h,Mexico Liga MX,new_format,Club America,Monterrey,36,BetVictor,ou,under,3.5,1.52,api_football,heartbeat
2026-10-11T02:10:50Z,1550989,2026-10-11T03:10:00Z,59.2,T-1h,Mexico Liga MX,new_format,Club America,Monterrey,36,BetVictor,ht_ou,over,1.5,2.25,api_football,heartbeat
2026-10-11T02:10:50Z,1550989,2026-10-11T03:10:00Z,59.2,T-1h,Mexico Liga MX,new_format,Club America,Monterrey,36,BetVictor,ht_ou,under,1.5,1.55,api_football,heartbeat
2026-10-11T02:10:50Z,1550989,2026-10-11T03:10:00Z,59.2,T-1h,Mexico Liga MX,new_format,Club America,Monterrey,36,BetVictor,btts,yes,,1.5,api_football,heartbeat
2026-10-11T02:10:50Z,1550989,2026-10-11T03:10:00Z,59.2,T-1h,Mexico Liga MX,new_format,Club America,Monterrey,36,BetVictor,btts,no,,2.4,api_football,heartbeat
2026-10-11T02:10:50Z,1550989,2026-10-11T03:10:00Z,59.2,T-1h,Mexico Liga MX,new_format,Club America,Monterrey,4,Pinnacle,ou,over,1.5,1.18,api_football,heartbeat
2026-10-11T02:10:50Z,1550989,2026-10-11T03:10:00Z,59.2,T-1h,Mexico Liga MX,new_format,Club America,Monterrey,4,Pinnacle,ou,under,1.5,5.1,api_football,heartbeat
2026-10-11T02:10:50Z,1550989,2026-10-11T03:10:00Z,59.2,T-1h,Mexico Liga MX,new_format,Club America,Monterrey,4,Pinnacle,ou,over,2.5,1.62,api_football,heartbeat
2026-10-11T02:10:50Z,1550989,2026-10-11T03:10:00Z,59.2,T-1h,Mexico Liga MX,new_format,Club America,Monterrey,4,Pinnacle,ou,under,2.5,2.39,api_football,heartbeat
2026-10-11T02:10:50Z,1550989,2026-10-11T03:10:00Z,59.2,T-1h,Mexico Liga MX,new_format,Club America,Monterrey,4,Pinnacle,ou,over,3.5,2.5,api_football,heartbeat
2026-10-11T02:10:50Z,1550989,2026-10-11T03:10:00Z,59.2,T-1h,Mexico Liga MX,new_format,Club America,Monterrey,4,Pinnacle,ou,under,3.5,1.57,api_football,heartbeat
2026-10-11T02:10:50Z,1550989,2026-10-11T03:10:00Z,59.2,T-1h,Mexico Liga MX,new_format,Club America,Monterrey,4,Pinnacle,ht_ou,over,1.5,2.38,api_football,heartbeat
2026-10-11T02:10:50Z,1550989,2026-10-11T03:10:00Z,59.2,T-1h,Mexico Liga MX,new_format,Club America,Monterrey,4,Pinnacle,ht_ou,under,1.5,1.59,api_football,heartbeat
2026-10-11T02:10:50Z,1550989,2026-10-11T03:10:00Z,59.2,T-1h,Mexico Liga MX,new_format,Club America,Monterrey,5,SBO,ou,over,2.5,1.65,api_football,heartbeat
2026-10-11T02:10:50Z,1550989,2026-10-11T03:10:00Z,59.2,T-1h,Mexico Liga MX,new_format,Club America,Monterrey,5,SBO,ou,under,2.5,2.23,api_football,heartbeat
2026-10-11T02:10:50Z,1550989,2026-10-11T03:10:00Z,59.2,T-1h,Mexico Liga MX,new_format,Club America,Monterrey,11,1xBet,ou,over,1.5,1.14,api_football,heartbeat
2026-10-11T02:10:50Z,1550989,2026-10-11T03:10:00Z,59.2,T-1h,Mexico Liga MX,new_format,Club America,Monterrey,11,1xBet,ou,under,1.5,4.4,api_football,heartbeat
2026-10-11T02:10:50Z,1550989,2026-10-11T03:10:00Z,59.2,T-1h,Mexico Liga MX,new_format,Club America,Monterrey,11,1xBet,ou,over,2.5,1.59,api_football,heartbeat
2026-10-11T02:10:50Z,1550989,2026-10-11T03:10:00Z,59.2,T-1h,Mexico Liga MX,new_format,Club America,Monterrey,11,1xBet,ou,under,2.5,2.25,api_football,heartbeat
2026-10-11T02:10:50Z,1550989,2026-10-11T03:10:00Z,59.2,T-1h,Mexico Liga MX,new_format,Club America,Monterrey,11,1xBet,ou,over,3.5,2.33,api_football,heartbeat
2026-10-11T02:10:50Z,1550989,2026-10-11T03:10:00Z,59.2,T-1h,Mexico Liga MX,new_format,Club America,Monterrey,11,1xBet,ou,under,3.5,1.48,api_football,heartbeat
2026-10-11T02:10:50Z,1550989,2026-10-11T03:10:00Z,59.2,T-1h,Mexico Liga MX,new_format,Club America,Monterrey,11,1xBet,ht_ou,over,1.5,2.3,api_football,heartbeat
2026-10-11T02:10:50Z,1550989,2026-10-11T03:10:00Z,59.2,T-1h,Mexico Liga MX,new_format,Club America,Monterrey,11,1xBet,ht_ou,under,1.5,1.53,api_football,heartbeat
2026-10-11T02:10:50Z,1550989,2026-10-11T03:10:00Z,59.2,T-1h,Mexico Liga MX,new_format,Club America,Monterrey,11,1xBet,ht_ou,over,0.5,1.3,api_football,heartbeat
2026-10-11T02:10:50Z,1550989,2026-10-11T03:10:00Z,59.2,T-1h,Mexico Liga MX,new_format,Club America,Monterrey,11,1xBet,ht_ou,under,0.5,3.12,api_football,heartbeat
2026-10-11T02:10:50Z,1550989,2026-10-11T03:10:00Z,59.2,T-1h,Mexico Liga MX,new_format,Club America,Monterrey,11,1xBet,btts,yes,,1.53,api_football,heartbeat
2026-10-11T02:10:50Z,1550989,2026-10-11T03:10:00Z,59.2,T-1h,Mexico Liga MX,new_format,Club America,Monterrey,11,1xBet,btts,no,,2.35,api_football,heartbeat
2026-10-11T02:10:50Z,1550989,2026-10-11T03:10:00Z,59.2,T-1h,Mexico Liga MX,new_format,Club America,Monterrey,32,Betano,ou,over,1.5,1.2,api_football,heartbeat
2026-10-11T02:10:50Z,1550989,2026-10-11T03:10:00Z,59.2,T-1h,Mexico Liga MX,new_format,Club America,Monterrey,32,Betano,ou,under,1.5,4.55,api_football,heartbeat
2026-10-11T02:10:50Z,1550989,2026-10-11T03:10:00Z,59.2,T-1h,Mexico Liga MX,new_format,Club America,Monterrey,32,Betano,ou,over,2.5,1.62,api_football,heartbeat
2026-10-11T02:10:50Z,1550989,2026-10-11T03:10:00Z,59.2,T-1h,Mexico Liga MX,new_format,Club America,Monterrey,32,Betano,ou,under,2.5,2.35,api_football,heartbeat
2026-10-11T02:10:50Z,1550989,2026-10-11T03:10:00Z,59.2,T-1h,Mexico Liga MX,new_format,Club America,Monterrey,32,Betano,ou,over,3.5,2.5,api_football,heartbeat
2026-10-11T02:10:50Z,1550989,2026-10-11T03:10:00Z,59.2,T-1h,Mexico Liga MX,new_format,Club America,Monterrey,32,Betano,ou,under,3.5,1.57,api_football,heartbeat
2026-10-11T02:10:50Z,1550989,2026-10-11T03:10:00Z,59.2,T-1h,Mexico Liga MX,new_format,Club America,Monterrey,32,Betano,ht_ou,over,1.5,2.45,api_football,heartbeat
2026-10-11T02:10:50Z,1550989,2026-10-11T03:10:00Z,59.2,T-1h,Mexico Liga MX,new_format,Club America,Monterrey,32,Betano,ht_ou,under,1.5,1.57,api_football,heartbeat
2026-10-11T02:10:50Z,1550989,2026-10-11T03:10:00Z,59.2,T-1h,Mexico Liga MX,new_format,Club America,Monterrey,32,Betano,ht_ou,over,0.5,1.35,api_football,heartbeat
2026-10-11T02:10:50Z,1550989,2026-10-11T03:10:00Z,59.2,T-1h,Mexico Liga MX,new_format,Club America,Monterrey,32,Betano,ht_ou,under,0.5,3.15,api_football,heartbeat
2026-10-11T02:10:50Z,1550989,2026-10-11T03:10:00Z,59.2,T-1h,Mexico Liga MX,new_format,Club America,Monterrey,32,Betano,btts,yes,,1.52,api_football,heartbeat
2026-10-11T02:10:50Z,1550989,2026-10-11T03:10:00Z,59.2,T-1h,Mexico Liga MX,new_format,Club America,Monterrey,32,Betano,btts,no,,2.45,api_football,heartbeat
2026-10-11T02:21:13Z,1490524,2026-10-11T02:30:00Z,8.8,T-10m,USA MLS,new_format,Los Angeles FC,Vancouver Whitecaps,7,William Hill,ht_ou,over,1.5,2.3,api_football,heartbeat
2026-10-11T02:21:13Z,1490524,2026-10-11T02:30:00Z,8.8,T-10m,USA MLS,new_format,Los Angeles FC,Vancouver Whitecaps,7,William Hill,ht_ou,under,1.5,1.57,api_football,heartbeat
2026-10-11T02:21:13Z,1490524,2026-10-11T02:30:00Z,8.8,T-10m,USA MLS,new_format,Los Angeles FC,Vancouver Whitecaps,7,William Hill,ht_ou,over,0.5,1.25,api_football,heartbeat
2026-10-11T02:21:13Z,1490524,2026-10-11T02:30:00Z,8.8,T-10m,USA MLS,new_format,Los Angeles FC,Vancouver Whitecaps,7,William Hill,ht_ou,under,0.5,3.5,api_football,heartbeat
2026-10-11T02:21:13Z,1490524,2026-10-11T02:30:00Z,8.8,T-10m,USA MLS,new_format,Los Angeles FC,Vancouver Whitecaps,7,William Hill,btts,yes,,1.5,api_football,heartbeat
2026-10-11T02:21:13Z,1490524,2026-10-11T02:30:00Z,8.8,T-10m,USA MLS,new_format,Los Angeles FC,Vancouver Whitecaps,7,William Hill,btts,no,,2.45,api_football,heartbeat
2026-10-11T02:21:13Z,1490524,2026-10-11T02:30:00Z,8.8,T-10m,USA MLS,new_format,Los Angeles FC,Vancouver Whitecaps,8,Bet365,ou,over,1.5,1.17,api_football,heartbeat
2026-10-11T02:21:13Z,1490524,2026-10-11T02:30:00Z,8.8,T-10m,USA MLS,new_format,Los Angeles FC,Vancouver Whitecaps,8,Bet365,ou,under,1.5,5.0,api_football,heartbeat
2026-10-11T02:21:13Z,1490524,2026-10-11T02:30:00Z,8.8,T-10m,USA MLS,new_format,Los Angeles FC,Vancouver Whitecaps,8,Bet365,ou,over,2.5,1.6,api_football,heartbeat
2026-10-11T02:21:13Z,1490524,2026-10-11T02:30:00Z,8.8,T-10m,USA MLS,new_format,Los Angeles FC,Vancouver Whitecaps,8,Bet365,ou,under,2.5,2.3,api_football,heartbeat
2026-10-11T02:21:13Z,1490524,2026-10-11T02:30:00Z,8.8,T-10m,USA MLS,new_format,Los Angeles FC,Vancouver Whitecaps,8,Bet365,ou,over,3.5,2.38,api_football,heartbeat
2026-10-11T02:21:13Z,1490524,2026-10-11T02:30:00Z,8.8,T-10m,USA MLS,new_format,Los Angeles FC,Vancouver Whitecaps,8,Bet365,ou,under,3.5,1.53,api_football,heartbeat
2026-10-11T02:21:13Z,1490524,2026-10-11T02:30:00Z,8.8,T-10m,USA MLS,new_format,Los Angeles FC,Vancouver Whitecaps,8,Bet365,ht_ou,over,1.5,2.25,api_football,heartbeat
2026-10-11T02:21:13Z,1490524,2026-10-11T02:30:00Z,8.8,T-10m,USA MLS,new_format,Los Angeles FC,Vancouver Whitecaps,8,Bet365,ht_ou,under,1.5,1.57,api_football,heartbeat
2026-10-11T02:21:13Z,1490524,2026-10-11T02:30:00Z,8.8,T-10m,USA MLS,new_format,Los Angeles FC,Vancouver Whitecaps,8,Bet365,ht_ou,over,0.5,1.28,api_football,heartbeat
2026-10-11T02:21:13Z,1490524,2026-10-11T02:30:00Z,8.8,T-10m,USA MLS,new_format,Los Angeles FC,Vancouver Whitecaps,8,Bet365,ht_ou,under,0.5,3.5,api_football,heartbeat
2026-10-11T02:21:13Z,1490524,2026-10-11T02:30:00Z,8.8,T-10m,USA MLS,new_format,Los Angeles FC,Vancouver Whitecaps,8,Bet365,btts,yes,,1.5,api_football,heartbeat
2026-10-11T02:21:13Z,1490524,2026-10-11T02:30:00Z,8.8,T-10m,USA MLS,new_format,Los Angeles FC,Vancouver Whitecaps,8,Bet365,btts,no,,2.5,api_football,heartbeat
2026-10-11T02:21:13Z,1490524,2026-10-11T02:30:00Z,8.8,T-10m,USA MLS,new_format,Los Angeles FC,Vancouver Whitecaps,2,Marathonbet,ou,over,1.5,1.14,api_football,heartbeat
2026-10-11T02:21:13Z,1490524,2026-10-11T02:30:00Z,8.8,T-10m,USA MLS,new_format,Los Angeles FC,Vancouver Whitecaps,2,Marathonbet,ou,under,1.5,4.33,api_football,heartbeat
2026-10-11T02:21:13Z,1490524,2026-10-11T02:30:00Z,8.8,T-10m,USA MLS,new_format,Los Angeles FC,Vancouver Whitecaps,2,Marathonbet,ou,over,2.5,1.58,api_football,heartbeat
2026-10-11T02:21:13Z,1490524,2026-10-11T02:30:00Z,8.8,T-10m,USA MLS,new_format,Los Angeles FC,Vancouver Whitecaps,2,Marathonbet,ou,under,2.5,2.29,api_football,heartbeat
2026-10-11T02:21:13Z,1490524,2026-10-11T02:30:00Z,8.8,T-10m,USA MLS,new_format,Los Angeles FC,Vancouver Whitecaps,2,Marathonbet,ou,over,3.5,2.33,api_football,heartbeat
2026-10-11T02:21:13Z,1490524,2026-10-11T02:30:00Z,8.8,T-10m,USA MLS,new_format,Los Angeles FC,Vancouver Whitecaps,2,Marathonbet,ou,under,3.5,1.48,api_football,heartbeat
2026-10-11T02:21:13Z,1490524,2026-10-11T02:30:00Z,8.8,T-10m,USA MLS,new_format,Los Angeles FC,Vancouver Whitecaps,2,Marathonbet,ht_ou,over,1.5,2.27,api_football,heartbeat
2026-10-11T02:21:13Z,1490524,2026-10-11T02:30:00Z,8.8,T-10m,USA MLS,new_format,Los Angeles FC,Vancouver Whitecaps,2,Marathonbet,ht_ou,under,1.5,1.57,api_football,heartbeat
2026-10-11T02:21:13Z,1490524,2026-10-11T02:30:00Z,8.8,T-10m,USA MLS,new_format,Los Angeles FC,Vancouver Whitecaps,2,Marathonbet,ht_ou,over,0.5,1.26,api_football,heartbeat
2026-10-11T02:21:13Z,1490524,2026-10-11T02:30:00Z,8.8,T-10m,USA MLS,new_format,Los Angeles FC,Vancouver Whitecaps,2,Marathonbet,ht_ou,under,0.5,3.25,api_football,heartbeat
2026-10-11T02:21:13Z,1490524,2026-10-11T02:30:00Z,8.8,T-10m,USA MLS,new_format,Los Angeles FC,Vancouver Whitecaps,2,Marathonbet,btts,yes,,1.48,api_football,heartbeat
2026-10-11T02:21:13Z,1490524,2026-10-11T02:30:00Z,8.8,T-10m,USA MLS,new_format,Los Angeles FC,Vancouver Whitecaps,2,Marathonbet,btts,no,,2.43,api_football,heartbeat
2026-10-11T02:21:13Z,1490524,2026-10-11T02:30:00Z,8.8,T-10m,USA MLS,new_format,Los Angeles FC,Vancouver Whitecaps,3,Betfair,ou,over,1.5,1.14,api_football,heartbeat
2026-10-11T02:21:13Z,1490524,2026-10-11T02:30:00Z,8.8,T-10m,USA MLS,new_format,Los Angeles FC,Vancouver Whitecaps,3,Betfair,ou,under,1.5,5.0,api_football,heartbeat
2026-10-11T02:21:13Z,1490524,2026-10-11T02:30:00Z,8.8,T-10m,USA MLS,new_format,Los Angeles FC,Vancouver Whitecaps,3,Betfair,ou,over,2.5,1.57,api_football,heartbeat
2026-10-11T02:21:13Z,1490524,2026-10-11T02:30:00Z,8.8,T-10m,USA MLS,new_format,Los Angeles FC,Vancouver Whitecaps,3,Betfair,ou,under,2.5,2.3,api_football,heartbeat
2026-10-11T02:21:13Z,1490524,2026-10-11T02:30:00Z,8.8,T-10m,USA MLS,new_format,Los Angeles FC,Vancouver Whitecaps,3,Betfair,ou,over,3.5,2.5,api_football,heartbeat
2026-10-11T02:21:13Z,1490524,2026-10-11T02:30:00Z,8.8,T-10m,USA MLS,new_format,Los Angeles FC,Vancouver Whitecaps,3,Betfair,ou,under,3.5,1.5,api_football,heartbeat
2026-10-11T02:21:13Z,1490524,2026-10-11T02:30:00Z,8.8,T-10m,USA MLS,new_format,Los Angeles FC,Vancouver Whitecaps,3,Betfair,ht_ou,over,1.5,2.25,api_football,heartbeat
2026-10-11T02:21:13Z,1490524,2026-10-11T02:30:00Z,8.8,T-10m,USA MLS,new_format,Los Angeles FC,Vancouver Whitecaps,3,Betfair,ht_ou,under,1.5,1.57,api_football,heartbeat
2026-10-11T02:21:13Z,1490524,2026-10-11T02:30:00Z,8.8,T-10m,USA MLS,new_format,Los Angeles FC,Vancouver Whitecaps,3,Betfair,ht_ou,over,0.5,1.25,api_football,heartbeat
2026-10-11T02:21:13Z,1490524,2026-10-11T02:30:00Z,8.8,T-10m,USA MLS,new_format,Los Angeles FC,Vancouver Whitecaps,3,Betfair,ht_ou,under,0.5,3.6,api_football,heartbeat
2026-10-11T02:21:13Z,1490524,2026-10-11T02:30:00Z,8.8,T-10m,USA MLS,new_format,Los Angeles FC,Vancouver Whitecaps,3,Betfair,btts,yes,,1.44,api_football,heartbeat
2026-10-11T02:21:13Z,1490524,2026-10-11T02:30:00Z,8.8,T-10m,USA MLS,new_format,Los Angeles FC,Vancouver Whitecaps,3,Betfair,btts,no,,2.63,api_football,heartbeat
2026-10-11T02:21:13Z,1490524,2026-10-11T02:30:00Z,8.8,T-10m,USA MLS,new_format,Los Angeles FC,Vancouver Whitecaps,36,BetVictor,ou,over,1.5,1.15,api_football,heartbeat
2026-10-11T02:21:13Z,1490524,2026-10-11T02:30:00Z,8.8,T-10m,USA MLS,new_format,Los Angeles FC,Vancouver Whitecaps,36,BetVictor,ou,under,1.5,5.0,api_football,heartbeat
2026-10-11T02:21:13Z,1490524,2026-10-11T02:30:00Z,8.8,T-10m,USA MLS,new_format,Los Angeles FC,Vancouver Whitecaps,36,BetVictor,ou,over,2.5,1.55,api_football,heartbeat
2026-10-11T02:21:13Z,1490524,2026-10-11T02:30:00Z,8.8,T-10m,USA MLS,new_format,Los Angeles FC,Vancouver Whitecaps,36,BetVictor,ou,under,2.5,2.24,api_football,heartbeat
2026-10-11T02:21:13Z,1490524,2026-10-11T02:30:00Z,8.8,T-10m,USA MLS,new_format,Los Angeles FC,Vancouver Whitecaps,36,BetVictor,ou,over,3.5,2.31,api_football,heartbeat
2026-10-11T02:21:13Z,1490524,2026-10-11T02:30:00Z,8.8,T-10m,USA MLS,new_format,Los Angeles FC,Vancouver Whitecaps,36,BetVictor,ou,under,3.5,1.52,api_football,heartbeat
2026-10-11T02:21:13Z,1490524,2026-10-11T02:30:00Z,8.8,T-10m,USA MLS,new_format,Los Angeles FC,Vancouver Whitecaps,36,BetVictor,ht_ou,over,1.5,2.21,api_football,heartbeat
2026-10-11T02:21:13Z,1490524,2026-10-11T02:30:00Z,8.8,T-10m,USA MLS,new_format,Los Angeles FC,Vancouver Whitecaps,36,BetVictor,ht_ou,under,1.5,1.57,api_football,heartbeat
2026-10-11T02:21:13Z,1490524,2026-10-11T02:30:00Z,8.8,T-10m,USA MLS,new_format,Los Angeles FC,Vancouver Whitecaps,36,BetVictor,ht_ou,over,0.5,1.29,api_football,heartbeat
2026-10-11T02:21:13Z,1490524,2026-10-11T02:30:00Z,8.8,T-10m,USA MLS,new_format,Los Angeles FC,Vancouver Whitecaps,36,BetVictor,ht_ou,under,0.5,3.6,api_football,heartbeat
2026-10-11T02:21:13Z,1490524,2026-10-11T02:30:00Z,8.8,T-10m,USA MLS,new_format,Los Angeles FC,Vancouver Whitecaps,36,BetVictor,btts,yes,,1.45,api_football,heartbeat
2026-10-11T02:21:13Z,1490524,2026-10-11T02:30:00Z,8.8,T-10m,USA MLS,new_format,Los Angeles FC,Vancouver Whitecaps,36,BetVictor,btts,no,,2.55,api_football,heartbeat
2026-10-11T02:21:13Z,1490524,2026-10-11T02:30:00Z,8.8,T-10m,USA MLS,new_format,Los Angeles FC,Vancouver Whitecaps,4,Pinnacle,ou,over,1.5,1.19,api_football,heartbeat
2026-10-11T02:21:13Z,1490524,2026-10-11T02:30:00Z,8.8,T-10m,USA MLS,new_format,Los Angeles FC,Vancouver Whitecaps,4,Pinnacle,ou,under,1.5,5.07,api_football,heartbeat
2026-10-11T02:21:13Z,1490524,2026-10-11T02:30:00Z,8.8,T-10m,USA MLS,new_format,Los Angeles FC,Vancouver Whitecaps,4,Pinnacle,ou,over,2.5,1.61,api_football,heartbeat
2026-10-11T02:21:13Z,1490524,2026-10-11T02:30:00Z,8.8,T-10m,USA MLS,new_format,Los Angeles FC,Vancouver Whitecaps,4,Pinnacle,ou,under,2.5,2.4,api_football,heartbeat
2026-10-11T02:21:13Z,1490524,2026-10-11T02:30:00Z,8.8,T-10m,USA MLS,new_format,Los Angeles FC,Vancouver Whitecaps,4,Pinnacle,ou,over,3.5,2.49,api_football,heartbeat
2026-10-11T02:21:13Z,1490524,2026-10-11T02:30:00Z,8.8,T-10m,USA MLS,new_format,Los Angeles FC,Vancouver Whitecaps,4,Pinnacle,ou,under,3.5,1.57,api_football,heartbeat
2026-10-11T02:21:13Z,1490524,2026-10-11T02:30:00Z,8.8,T-10m,USA MLS,new_format,Los Angeles FC,Vancouver Whitecaps,4,Pinnacle,ht_ou,over,1.5,2.37,api_football,heartbeat
2026-10-11T02:21:13Z,1490524,2026-10-11T02:30:00Z,8.8,T-10m,USA MLS,new_format,Los Angeles FC,Vancouver Whitecaps,4,Pinnacle,ht_ou,under,1.5,1.6,api_football,heartbeat
2026-10-11T02:21:13Z,1490524,2026-10-11T02:30:00Z,8.8,T-10m,USA MLS,new_format,Los Angeles FC,Vancouver Whitecaps,32,Betano,ou,over,1.5,1.2,api_football,heartbeat
2026-10-11T02:21:13Z,1490524,2026-10-11T02:30:00Z,8.8,T-10m,USA MLS,new_format,Los Angeles FC,Vancouver Whitecaps,32,Betano,ou,under,1.5,4.6,api_football,heartbeat
2026-10-11T02:21:13Z,1490524,2026-10-11T02:30:00Z,8.8,T-10m,USA MLS,new_format,Los Angeles FC,Vancouver Whitecaps,32,Betano,ou,over,2.5,1.62,api_football,heartbeat
2026-10-11T02:21:13Z,1490524,2026-10-11T02:30:00Z,8.8,T-10m,USA MLS,new_format,Los Angeles FC,Vancouver Whitecaps,32,Betano,ou,under,2.5,2.37,api_football,heartbeat
2026-10-11T02:21:13Z,1490524,2026-10-11T02:30:00Z,8.8,T-10m,USA MLS,new_format,Los Angeles FC,Vancouver Whitecaps,32,Betano,ou,over,3.5,2.47,api_football,heartbeat
2026-10-11T02:21:13Z,1490524,2026-10-11T02:30:00Z,8.8,T-10m,USA MLS,new_format,Los Angeles FC,Vancouver Whitecaps,32,Betano,ou,under,3.5,1.57,api_football,heartbeat
2026-10-11T02:21:13Z,1490524,2026-10-11T02:30:00Z,8.8,T-10m,USA MLS,new_format,Los Angeles FC,Vancouver Whitecaps,32,Betano,ht_ou,over,1.5,2.42,api_football,heartbeat
2026-10-11T02:21:13Z,1490524,2026-10-11T02:30:00Z,8.8,T-10m,USA MLS,new_format,Los Angeles FC,Vancouver Whitecaps,32,Betano,ht_ou,under,1.5,1.57,api_football,heartbeat
2026-10-11T02:21:13Z,1490524,2026-10-11T02:30:00Z,8.8,T-10m,USA MLS,new_format,Los Angeles FC,Vancouver Whitecaps,32,Betano,ht_ou,over,0.5,1.33,api_football,heartbeat
2026-10-11T02:21:13Z,1490524,2026-10-11T02:30:00Z,8.8,T-10m,USA MLS,new_format,Los Angeles FC,Vancouver Whitecaps,32,Betano,ht_ou,under,0.5,3.2,api_football,heartbeat
2026-10-11T02:21:13Z,1490524,2026-10-11T02:30:00Z,8.8,T-10m,USA MLS,new_format,Los Angeles FC,Vancouver Whitecaps,32,Betano,btts,yes,,1.47,api_football,heartbeat
2026-10-11T02:21:13Z,1490524,2026-10-11T02:30:00Z,8.8,T-10m,USA MLS,new_format,Los Angeles FC,Vancouver Whitecaps,32,Betano,btts,no,,2.55,api_football,heartbeat
2026-10-11T02:31:33Z,1494293,2026-10-11T14:30:00Z,718.5,FAR,Sweden Allsvenskan,new_format,BK Hacken,Orgryte IS,3,Betfair,ou,over,1.5,1.1,api_football,open
2026-10-11T02:31:33Z,1494293,2026-10-11T14:30:00Z,718.5,FAR,Sweden Allsvenskan,new_format,BK Hacken,Orgryte IS,3,Betfair,ou,under,1.5,6.5,api_football,open
2026-10-11T02:31:33Z,1494293,2026-10-11T14:30:00Z,718.5,FAR,Sweden Allsvenskan,new_format,BK Hacken,Orgryte IS,3,Betfair,ou,over,3.5,1.9,api_football,open
2026-10-11T02:31:33Z,1494293,2026-10-11T14:30:00Z,718.5,FAR,Sweden Allsvenskan,new_format,BK Hacken,Orgryte IS,3,Betfair,ou,under,3.5,1.87,api_football,open
2026-10-11T02:31:33Z,1494293,2026-10-11T14:30:00Z,718.5,FAR,Sweden Allsvenskan,new_format,BK Hacken,Orgryte IS,3,Betfair,btts,yes,,1.62,api_football,open
2026-10-11T02:31:33Z,1494293,2026-10-11T14:30:00Z,718.5,FAR,Sweden Allsvenskan,new_format,BK Hacken,Orgryte IS,3,Betfair,btts,no,,2.25,api_football,open
2026-10-11T02:01:13Z,1593328,2026-10-11T14:00:00Z,718.8,FAR,Greek Super League,standard,Kifisia,Panetolikos,5,SBO,ou,over,2.5,2.16,api_football,open
2026-10-11T02:01:13Z,1593328,2026-10-11T14:00:00Z,718.8,FAR,Greek Super League,standard,Kifisia,Panetolikos,5,SBO,ou,under,2.5,1.68,api_football,open
2026-10-11T02:06:25Z,1558650,2026-10-11T11:30:00Z,563.6,FAR,Belgian First Division A,standard,Standard Liege,Charleroi,7,William Hill,ht_ou,over,1.5,2.5,api_football,open
2026-10-11T02:06:25Z,1558650,2026-10-11T11:30:00Z,563.6,FAR,Belgian First Division A,standard,Standard Liege,Charleroi,7,William Hill,ht_ou,under,1.5,1.44,api_football,open
2026-10-11T02:06:25Z,1558650,2026-10-11T11:30:00Z,563.6,FAR,Belgian First Division A,standard,Standard Liege,Charleroi,7,William Hill,ht_ou,over,0.5,1.3,api_football,open
2026-10-11T02:06:25Z,1558650,2026-10-11T11:30:00Z,563.6,FAR,Belgian First Division A,standard,Standard Liege,Charleroi,7,William Hill,ht_ou,under,0.5,3.2,api_football,open
2026-10-11T02:06:25Z,1558650,2026-10-11T11:30:00Z,563.6,FAR,Belgian First Division A,standard,Standard Liege,Charleroi,7,William Hill,btts,yes,,1.62,api_football,open
2026-10-11T02:06:25Z,1558650,2026-10-11T11:30:00Z,563.6,FAR,Belgian First Division A,standard,Standard Liege,Charleroi,7,William Hill,btts,no,,2.2,api_football,open
2026-10-11T02:06:25Z,1558650,2026-10-11T11:30:00Z,563.6,FAR,Belgian First Division A,standard,Standard Liege,Charleroi,8,Bet365,ou,over,1.5,1.25,api_football,open
2026-10-11T02:06:25Z,1558650,2026-10-11T11:30:00Z,563.6,FAR,Belgian First Division A,standard,Standard Liege,Charleroi,8,Bet365,ou,under,1.5,3.75,api_football,open
2026-10-11T02:06:25Z,1558650,2026-10-11T11:30:00Z,563.6,FAR,Belgian First Division A,standard,Standard Liege,Charleroi,8,Bet365,ou,over,2.5,1.8,api_football,open
2026-10-11T02:06:25Z,1558650,2026-10-11T11:30:00Z,563.6,FAR,Belgian First Division A,standard,Standard Liege,Charleroi,8,Bet365,ou,under,2.5,2.0,api_football,open
2026-10-11T02:06:25Z,1558650,2026-10-11T11:30:00Z,563.6,FAR,Belgian First Division A,standard,Standard Liege,Charleroi,8,Bet365,ou,over,3.5,3.0,api_football,open
2026-10-11T02:06:25Z,1558650,2026-10-11T11:30:00Z,563.6,FAR,Belgian First Division A,standard,Standard Liege,Charleroi,8,Bet365,ou,under,3.5,1.36,api_football,open
2026-10-11T02:06:25Z,1558650,2026-10-11T11:30:00Z,563.6,FAR,Belgian First Division A,standard,Standard Liege,Charleroi,8,Bet365,ht_ou,over,1.5,2.62,api_football,open
2026-10-11T02:06:25Z,1558650,2026-10-11T11:30:00Z,563.6,FAR,Belgian First Division A,standard,Standard Liege,Charleroi,8,Bet365,ht_ou,under,1.5,1.44,api_football,open
2026-10-11T02:06:25Z,1558650,2026-10-11T11:30:00Z,563.6,FAR,Belgian First Division A,standard,Standard Liege,Charleroi,8,Bet365,ht_ou,over,0.5,1.33,api_football,open
2026-10-11T02:06:25Z,1558650,2026-10-11T11:30:00Z,563.6,FAR,Belgian First Division A,standard,Standard Liege,Charleroi,8,Bet365,ht_ou,under,0.5,3.25,api_football,open
2026-10-11T02:06:25Z,1558650,2026-10-11T11:30:00Z,563.6,FAR,Belgian First Division A,standard,Standard Liege,Charleroi,8,Bet365,btts,yes,,1.67,api_football,open
2026-10-11T02:06:25Z,1558650,2026-10-11T11:30:00Z,563.6,FAR,Belgian First Division A,standard,Standard Liege,Charleroi,8,Bet365,btts,no,,2.1,api_football,open
2026-10-11T02:06:25Z,1558650,2026-10-11T11:30:00Z,563.6,FAR,Belgian First Division A,standard,Standard Liege,Charleroi,2,Marathonbet,ou,over,1.5,1.21,api_football,open
2026-10-11T02:06:25Z,1558650,2026-10-11T11:30:00Z,563.6,FAR,Belgian First Division A,standard,Standard Liege,Charleroi,2,Marathonbet,ou,under,1.5,3.58,api_football,open
2026-10-11T02:06:25Z,1558650,2026-10-11T11:30:00Z,563.6,FAR,Belgian First Division A,standard,Standard Liege,Charleroi,2,Marathonbet,ou,over,2.5,1.8,api_football,open
2026-10-11T02:06:25Z,1558650,2026-10-11T11:30:00Z,563.6,FAR,Belgian First Division A,standard,Standard Liege,Charleroi,2,Marathonbet,ou,under,2.5,1.94,api_football,open
2026-10-11T02:06:25Z,1558650,2026-10-11T11:30:00Z,563.6,FAR,Belgian First Division A,standard,Standard Liege,Charleroi,2,Marathonbet,ou,over,3.5,2.92,api_football,open
2026-10-11T02:06:25Z,1558650,2026-10-11T11:30:00Z,563.6,FAR,Belgian First Division A,standard,Standard Liege,Charleroi,2,Marathonbet,ou,under,3.5,1.31,api_football,open
2026-10-11T02:06:25Z,1558650,2026-10-11T11:30:00Z,563.6,FAR,Belgian First Division A,standard,Standard Liege,Charleroi,2,Marathonbet,ht_ou,over,1.5,2.63,api_football,open
2026-10-11T02:06:25Z,1558650,2026-10-11T11:30:00Z,563.6,FAR,Belgian First Division A,standard,Standard Liege,Charleroi,2,Marathonbet,ht_ou,under,1.5,1.41,api_football,open
2026-10-11T02:06:25Z,1558650,2026-10-11T11:30:00Z,563.6,FAR,Belgian First Division A,standard,Standard Liege,Charleroi,2,Marathonbet,ht_ou,over,0.5,1.32,api_football,open
2026-10-11T02:06:25Z,1558650,2026-10-11T11:30:00Z,563.6,FAR,Belgian First Division A,standard,Standard Liege,Charleroi,2,Marathonbet,ht_ou,under,0.5,3.02,api_football,open
2026-10-11T02:06:25Z,1558650,2026-10-11T11:30:00Z,563.6,FAR,Belgian First Division A,standard,Standard Liege,Charleroi,2,Marathonbet,btts,yes,,1.63,api_football,open
2026-10-11T02:06:25Z,1558650,2026-10-11T11:30:00Z,563.6,FAR,Belgian First Division A,standard,Standard Liege,Charleroi,2,Marathonbet,btts,no,,2.11,api_football,open
2026-10-11T02:06:25Z,1558650,2026-10-11T11:30:00Z,563.6,FAR,Belgian First Division A,standard,Standard Liege,Charleroi,3,Betfair,ou,over,1.5,1.22,api_football,open
2026-10-11T02:06:25Z,1558650,2026-10-11T11:30:00Z,563.6,FAR,Belgian First Division A,standard,Standard Liege,Charleroi,3,Betfair,ou,under,1.5,4.1,api_football,open
2026-10-11T02:06:25Z,1558650,2026-10-11T11:30:00Z,563.6,FAR,Belgian First Division A,standard,Standard Liege,Charleroi,3,Betfair,ou,over,2.5,1.75,api_football,open
2026-10-11T02:06:25Z,1558650,2026-10-11T11:30:00Z,563.6,FAR,Belgian First Division A,standard,Standard Liege,Charleroi,3,Betfair,ou,under,2.5,1.95,api_football,open
2026-10-11T02:06:25Z,1558650,2026-10-11T11:30:00Z,563.6,FAR,Belgian First Division A,standard,Standard Liege,Charleroi,3,Betfair,ou,over,3.5,3.1,api_football,open
2026-10-11T02:06:25Z,1558650,2026-10-11T11:30:00Z,563.6,FAR,Belgian First Division A,standard,Standard Liege,Charleroi,3,Betfair,ou,under,3.5,1.36,api_football,open
2026-10-11T02:06:25Z,1558650,2026-10-11T11:30:00Z,563.6,FAR,Belgian First Division A,standard,Standard Liege,Charleroi,3,Betfair,ht_ou,over,1.5,2.63,api_football,open
2026-10-11T02:06:25Z,1558650,2026-10-11T11:30:00Z,563.6,FAR,Belgian First Division A,standard,Standard Liege,Charleroi,3,Betfair,ht_ou,under,1.5,1.44,api_football,open
2026-10-11T02:06:25Z,1558650,2026-10-11T11:30:00Z,563.6,FAR,Belgian First Division A,standard,Standard Liege,Charleroi,3,Betfair,ht_ou,over,0.5,1.3,api_football,open
2026-10-11T02:06:25Z,1558650,2026-10-11T11:30:00Z,563.6,FAR,Belgian First Division A,standard,Standard Liege,Charleroi,3,Betfair,ht_ou,under,0.5,3.2,api_football,open
2026-10-11T02:06:25Z,1558650,2026-10-11T11:30:00Z,563.6,FAR,Belgian First Division A,standard,Standard Liege,Charleroi,3,Betfair,btts,yes,,1.62,api_football,open
2026-10-11T02:06:25Z,1558650,2026-10-11T11:30:00Z,563.6,FAR,Belgian First Division A,standard,Standard Liege,Charleroi,3,Betfair,btts,no,,2.2,api_football,open
2026-10-11T02:06:25Z,1558650,2026-10-11T11:30:00Z,563.6,FAR,Belgian First Division A,standard,Standard Liege,Charleroi,4,Pinnacle,ou,over,1.5,1.25,api_football,open
2026-10-11T02:06:25Z,1558650,2026-10-11T11:30:00Z,563.6,FAR,Belgian First Division A,standard,Standard Liege,Charleroi,4,Pinnacle,ou,under,1.5,4.04,api_football,open
2026-10-11T02:06:25Z,1558650,2026-10-11T11:30:00Z,563.6,FAR,Belgian First Division A,standard,Standard Liege,Charleroi,4,Pinnacle,ou,over,2.5,1.84,api_football,open
2026-10-11T02:06:25Z,1558650,2026-10-11T11:30:00Z,563.6,FAR,Belgian First Division A,standard,Standard Liege,Charleroi,4,Pinnacle,ou,under,2.5,2.04,api_football,open
2026-10-11T02:06:25Z,1558650,2026-10-11T11:30:00Z,563.6,FAR,Belgian First Division A,standard,Standard Liege,Charleroi,4,Pinnacle,ou,over,3.5,3.04,api_football,open
2026-10-11T02:06:25Z,1558650,2026-10-11T11:30:00Z,563.6,FAR,Belgian First Division A,standard,Standard Liege,Charleroi,4,Pinnacle,ou,under,3.5,1.4,api_football,open
2026-10-11T02:06:25Z,1558650,2026-10-11T11:30:00Z,563.6,FAR,Belgian First Division A,standard,Standard Liege,Charleroi,4,Pinnacle,ht_ou,over,1.5,2.67,api_football,open
2026-10-11T02:06:25Z,1558650,2026-10-11T11:30:00Z,563.6,FAR,Belgian First Division A,standard,Standard Liege,Charleroi,4,Pinnacle,ht_ou,under,1.5,1.47,api_football,open
2026-10-11T02:06:25Z,1558650,2026-10-11T11:30:00Z,563.6,FAR,Belgian First Division A,standard,Standard Liege,Charleroi,4,Pinnacle,ht_ou,over,0.5,1.34,api_football,open
2026-10-11T02:06:25Z,1558650,2026-10-11T11:30:00Z,563.6,FAR,Belgian First Division A,standard,Standard Liege,Charleroi,4,Pinnacle,ht_ou,under,0.5,3.26,api_football,open
2026-10-11T02:06:25Z,1558650,2026-10-11T11:30:00Z,563.6,FAR,Belgian First Division A,standard,Standard Liege,Charleroi,5,SBO,ou,over,2.5,1.79,api_football,open
2026-10-11T02:06:25Z,1558650,2026-10-11T11:30:00Z,563.6,FAR,Belgian First Division A,standard,Standard Liege,Charleroi,5,SBO,ou,under,2.5,2.03,api_football,open
2026-10-11T02:06:25Z,1558650,2026-10-11T11:30:00Z,563.6,FAR,Belgian First Division A,standard,Standard Liege,Charleroi,11,1xBet,ou,over,1.5,1.21,api_football,open
2026-10-11T02:06:25Z,1558650,2026-10-11T11:30:00Z,563.6,FAR,Belgian First Division A,standard,Standard Liege,Charleroi,11,1xBet,ou,under,1.5,3.58,api_football,open
2026-10-11T02:06:25Z,1558650,2026-10-11T11:30:00Z,563.6,FAR,Belgian First Division A,standard,Standard Liege,Charleroi,11,1xBet,ou,over,2.5,1.84,api_football,open
2026-10-11T02:06:25Z,1558650,2026-10-11T11:30:00Z,563.6,FAR,Belgian First Division A,standard,Standard Liege,Charleroi,11,1xBet,ou,under,2.5,1.98,api_football,open
2026-10-11T02:06:25Z,1558650,2026-10-11T11:30:00Z,563.6,FAR,Belgian First Division A,standard,Standard Liege,Charleroi,11,1xBet,ou,over,3.5,2.92,api_football,open
2026-10-11T02:06:25Z,1558650,2026-10-11T11:30:00Z,563.6,FAR,Belgian First Division A,standard,Standard Liege,Charleroi,11,1xBet,ou,under,3.5,1.31,api_football,open
2026-10-11T02:06:25Z,1558650,2026-10-11T11:30:00Z,563.6,FAR,Belgian First Division A,standard,Standard Liege,Charleroi,11,1xBet,ht_ou,over,1.5,2.63,api_football,open
2026-10-11T02:06:25Z,1558650,2026-10-11T11:30:00Z,563.6,FAR,Belgian First Division A,standard,Standard Liege,Charleroi,11,1xBet,ht_ou,under,1.5,1.41,api_football,open
2026-10-11T02:06:25Z,1558650,2026-10-11T11:30:00Z,563.6,FAR,Belgian First Division A,standard,Standard Liege,Charleroi,11,1xBet,ht_ou,over,0.5,1.32,api_football,open
2026-10-11T02:06:25Z,1558650,2026-10-11T11:30:00Z,563.6,FAR,Belgian First Division A,standard,Standard Liege,Charleroi,11,1xBet,ht_ou,under,0.5,3.02,api_football,open
2026-10-11T02:06:25Z,1558650,2026-10-11T11:30:00Z,563.6,FAR,Belgian First Division A,standard,Standard Liege,Charleroi,11,1xBet,btts,yes,,1.63,api_football,open
2026-10-11T02:06:25Z,1558650,2026-10-11T11:30:00Z,563.6,FAR,Belgian First Division A,standard,Standard Liege,Charleroi,11,1xBet,btts,no,,2.14,api_football,open
2026-10-11T02:06:25Z,1558650,2026-10-11T11:30:00Z,563.6,FAR,Belgian First Division A,standard,Standard Liege,Charleroi,32,Betano,ou,over,1.5,1.28,api_football,open
2026-10-11T02:06:25Z,1558650,2026-10-11T11:30:00Z,563.6,FAR,Belgian First Division A,standard,Standard Liege,Charleroi,32,Betano,ou,under,1.5,3.75,api_football,open
2026-10-11T02:06:25Z,1558650,2026-10-11T11:30:00Z,563.6,FAR,Belgian First Division A,standard,Standard Liege,Charleroi,32,Betano,ou,over,2.5,1.85,api_football,open
2026-10-11T02:06:25Z,1558650,2026-10-11T11:30:00Z,563.6,FAR,Belgian First Division A,standard,Standard Liege,Charleroi,32,Betano,ou,under,2.5,2.0,api_football,open
2026-10-11T02:06:25Z,1558650,2026-10-11T11:30:00Z,563.6,FAR,Belgian First Division A,standard,Standard Liege,Charleroi,32,Betano,ou,over,3.5,3.05,api_football,open
2026-10-11T02:06:25Z,1558650,2026-10-11T11:30:00Z,563.6,FAR,Belgian First Division A,standard,Standard Liege,Charleroi,32,Betano,ou,under,3.5,1.4,api_football,open
2026-10-11T02:06:25Z,1558650,2026-10-11T11:30:00Z,563.6,FAR,Belgian First Division A,standard,Standard Liege,Charleroi,32,Betano,ht_ou,over,1.5,2.75,api_football,open
2026-10-11T02:06:25Z,1558650,2026-10-11T11:30:00Z,563.6,FAR,Belgian First Division A,standard,Standard Liege,Charleroi,32,Betano,ht_ou,under,1.5,1.45,api_football,open
2026-10-11T02:06:25Z,1558650,2026-10-11T11:30:00Z,563.6,FAR,Belgian First Division A,standard,Standard Liege,Charleroi,32,Betano,ht_ou,over,0.5,1.42,api_football,open
2026-10-11T02:06:25Z,1558650,2026-10-11T11:30:00Z,563.6,FAR,Belgian First Division A,standard,Standard Liege,Charleroi,32,Betano,ht_ou,under,0.5,2.9,api_football,open
2026-10-11T02:06:25Z,1558650,2026-10-11T11:30:00Z,563.6,FAR,Belgian First Division A,standard,Standard Liege,Charleroi,32,Betano,btts,yes,,1.62,api_football,open
2026-10-11T02:06:25Z,1558650,2026-10-11T11:30:00Z,563.6,FAR,Belgian First Division A,standard,Standard Liege,Charleroi,32,Betano,btts,no,,2.2,api_football,open
2026-10-11T02:06:25Z,1558649,2026-10-11T14:00:00Z,713.6,FAR,Belgian First Division A,standard,Union St. Gilloise,OH Leuven,7,William Hill,ht_ou,over,1.5,2.0,api_football,open
2026-10-11T02:06:25Z,1558649,2026-10-11T14:00:00Z,713.6,FAR,Belgian First Division A,standard,Union St. Gilloise,OH Leuven,7,William Hill,ht_ou,under,1.5,1.7,api_football,open
2026-10-11T02:06:25Z,1558649,2026-10-11T14:00:00Z,713.6,FAR,Belgian First Division A,standard,Union St. Gilloise,OH Leuven,7,William Hill,ht_ou,over,0.5,1.22,api_football,open
2026-10-11T02:06:25Z,1558649,2026-10-11T14:00:00Z,713.6,FAR,Belgian First Division A,standard,Union St. Gilloise,OH Leuven,7,William Hill,ht_ou,under,0.5,3.9,api_football,open
2026-10-11T02:06:25Z,1558649,2026-10-11T14:00:00Z,713.6,FAR,Belgian First Division A,standard,Union St. Gilloise,OH Leuven,7,William Hill,btts,yes,,1.83,api_football,open
2026-10-11T02:06:25Z,1558649,2026-10-11T14:00:00Z,713.6,FAR,Belgian First Division A,standard,Union St. Gilloise,OH Leuven,7,William Hill,btts,no,,1.85,api_football,open
2026-10-11T02:06:25Z,1558649,2026-10-11T14:00:00Z,713.6,FAR,Belgian First Division A,standard,Union St. Gilloise,OH Leuven,8,Bet365,ou,over,1.5,1.12,api_football,open
2026-10-11T02:06:25Z,1558649,2026-10-11T14:00:00Z,713.6,FAR,Belgian First Division A,standard,Union St. Gilloise,OH Leuven,8,Bet365,ou,under,1.5,6.0,api_football,open
2026-10-11T02:06:25Z,1558649,2026-10-11T14:00:00Z,713.6,FAR,Belgian First Division A,standard,Union St. Gilloise,OH Leuven,8,Bet365,ou,over,2.5,1.44,api_football,open
2026-10-11T02:06:25Z,1558649,2026-10-11T14:00:00Z,713.6,FAR,Belgian First Division A,standard,Union St. Gilloise,OH Leuven,8,Bet365,ou,under,2.5,2.7,api_football,open
2026-10-11T02:06:25Z,1558649,2026-10-11T14:00:00Z,713.6,FAR,Belgian First Division A,standard,Union St. Gilloise,OH Leuven,8,Bet365,ou,over,3.5,2.1,api_football,open
2026-10-11T02:06:25Z,1558649,2026-10-11T14:00:00Z,713.6,FAR,Belgian First Division A,standard,Union St. Gilloise,OH Leuven,8,Bet365,ou,under,3.5,1.67,api_football,open
2026-10-11T02:06:25Z,1558649,2026-10-11T14:00:00Z,713.6,FAR,Belgian First Division A,standard,Union St. Gilloise,OH Leuven,8,Bet365,ht_ou,over,1.5,2.0,api_football,open
2026-10-11T02:06:25Z,1558649,2026-10-11T14:00:00Z,713.6,FAR,Belgian First Division A,standard,Union St. Gilloise,OH Leuven,8,Bet365,ht_ou,under,1.5,1.73,api_football,open
2026-10-11T02:06:25Z,1558649,2026-10-11T14:00:00Z,713.6,FAR,Belgian First Division A,standard,Union St. Gilloise,OH Leuven,8,Bet365,ht_ou,over,0.5,1.22,api_football,open
2026-10-11T02:06:25Z,1558649,2026-10-11T14:00:00Z,713.6,FAR,Belgian First Division A,standard,Union St. Gilloise,OH Leuven,8,Bet365,ht_ou,under,0.5,4.0,api_football,open
2026-10-11T02:06:25Z,1558649,2026-10-11T14:00:00Z,713.6,FAR,Belgian First Division A,standard,Union St. Gilloise,OH Leuven,8,Bet365,btts,yes,,1.91,api_football,open
2026-10-11T02:06:25Z,1558649,2026-10-11T14:00:00Z,713.6,FAR,Belgian First Division A,standard,Union St. Gilloise,OH Leuven,8,Bet365,btts,no,,1.91,api_football,open
2026-10-11T02:06:25Z,1558649,2026-10-11T14:00:00Z,713.6,FAR,Belgian First Division A,standard,Union St. Gilloise,OH Leuven,2,Marathonbet,ou,over,1.5,1.09,api_football,open
2026-10-11T02:06:25Z,1558649,2026-10-11T14:00:00Z,713.6,FAR,Belgian First Division A,standard,Union St. Gilloise,OH Leuven,2,Marathonbet,ou,under,1.5,5.3,api_football,open
2026-10-11T02:06:25Z,1558649,2026-10-11T14:00:00Z,713.6,FAR,Belgian First Division A,standard,Union St. Gilloise,OH Leuven,2,Marathonbet,ou,over,2.5,1.39,api_football,open
2026-10-11T02:06:25Z,1558649,2026-10-11T14:00:00Z,713.6,FAR,Belgian First Division A,standard,Union St. Gilloise,OH Leuven,2,Marathonbet,ou,under,2.5,2.59,api_football,open
2026-10-11T02:06:25Z,1558649,2026-10-11T14:00:00Z,713.6,FAR,Belgian First Division A,standard,Union St. Gilloise,OH Leuven,2,Marathonbet,ou,over,3.5,2.06,api_football,open
2026-10-11T02:06:25Z,1558649,2026-10-11T14:00:00Z,713.6,FAR,Belgian First Division A,standard,Union St. Gilloise,OH Leuven,2,Marathonbet,ou,under,3.5,1.71,api_football,open
2026-10-11T02:06:25Z,1558649,2026-10-11T14:00:00Z,713.6,FAR,Belgian First Division A,standard,Union St. Gilloise,OH Leuven,2,Marathonbet,ht_ou,over,1.5,2.08,api_football,open
2026-10-11T02:06:25Z,1558649,2026-10-11T14:00:00Z,713.6,FAR,Belgian First Division A,standard,Union St. Gilloise,OH Leuven,2,Marathonbet,ht_ou,under,1.5,1.68,api_football,open
2026-10-11T02:06:25Z,1558649,2026-10-11T14:00:00Z,713.6,FAR,Belgian First Division A,standard,Union St. Gilloise,OH Leuven,2,Marathonbet,ht_ou,over,0.5,1.2,api_football,open
2026-10-11T02:06:25Z,1558649,2026-10-11T14:00:00Z,713.6,FAR,Belgian First Division A,standard,Union St. Gilloise,OH Leuven,2,Marathonbet,ht_ou,under,0.5,3.78,api_football,open
2026-10-11T02:06:25Z,1558649,2026-10-11T14:00:00Z,713.6,FAR,Belgian First Division A,standard,Union St. Gilloise,OH Leuven,2,Marathonbet,btts,yes,,1.87,api_football,open
2026-10-11T02:06:25Z,1558649,2026-10-11T14:00:00Z,713.6,FAR,Belgian First Division A,standard,Union St. Gilloise,OH Leuven,2,Marathonbet,btts,no,,1.81,api_football,open
2026-10-11T02:06:25Z,1558649,2026-10-11T14:00:00Z,713.6,FAR,Belgian First Division A,standard,Union St. Gilloise,OH Leuven,3,Betfair,ou,over,1.5,1.1,api_football,open
2026-10-11T02:06:25Z,1558649,2026-10-11T14:00:00Z,713.6,FAR,Belgian First Division A,standard,Union St. Gilloise,OH Leuven,3,Betfair,ou,under,1.5,6.5,api_football,open
2026-10-11T02:06:25Z,1558649,2026-10-11T14:00:00Z,713.6,FAR,Belgian First Division A,standard,Union St. Gilloise,OH Leuven,3,Betfair,ou,over,3.5,2.1,api_football,open
2026-10-11T02:06:25Z,1558649,2026-10-11T14:00:00Z,713.6,FAR,Belgian First Division A,standard,Union St. Gilloise,OH Leuven,3,Betfair,ou,under,3.5,1.73,api_football,open
2026-10-11T02:06:25Z,1558649,2026-10-11T14:00:00Z,713.6,FAR,Belgian First Division A,standard,Union St. Gilloise,OH Leuven,3,Betfair,ht_ou,over,1.5,2.1,api_football,open
2026-10-11T02:06:25Z,1558649,2026-10-11T14:00:00Z,713.6,FAR,Belgian First Division A,standard,Union St. Gilloise,OH Leuven,3,Betfair,ht_ou,under,1.5,1.67,api_football,open
2026-10-11T02:06:25Z,1558649,2026-10-11T14:00:00Z,713.6,FAR,Belgian First Division A,standard,Union St. Gilloise,OH Leuven,3,Betfair,ht_ou,over,0.5,1.2,api_football,open
2026-10-11T02:06:25Z,1558649,2026-10-11T14:00:00Z,713.6,FAR,Belgian First Division A,standard,Union St. Gilloise,OH Leuven,3,Betfair,ht_ou,under,0.5,4.0,api_football,open
2026-10-11T02:06:25Z,1558649,2026-10-11T14:00:00Z,713.6,FAR,Belgian First Division A,standard,Union St. Gilloise,OH Leuven,3,Betfair,btts,yes,,1.87,api_football,open
2026-10-11T02:06:25Z,1558649,2026-10-11T14:00:00Z,713.6,FAR,Belgian First Division A,standard,Union St. Gilloise,OH Leuven,3,Betfair,btts,no,,1.87,api_football,open
2026-10-11T02:06:25Z,1558649,2026-10-11T14:00:00Z,713.6,FAR,Belgian First Division A,standard,Union St. Gilloise,OH Leuven,4,Pinnacle,ou,over,1.5,1.14,api_football,open
2026-10-11T02:06:25Z,1558649,2026-10-11T14:00:00Z,713.6,FAR,Belgian First Division A,standard,Union St. Gilloise,OH Leuven,4,Pinnacle,ou,under,1.5,5.74,api_football,open
2026-10-11T02:06:25Z,1558649,2026-10-11T14:00:00Z,713.6,FAR,Belgian First Division A,standard,Union St. Gilloise,OH Leuven,4,Pinnacle,ou,over,2.5,1.44,api_football,open
2026-10-11T02:06:25Z,1558649,2026-10-11T14:00:00Z,713.6,FAR,Belgian First Division A,standard,Union St. Gilloise,OH Leuven,4,Pinnacle,ou,under,2.5,2.77,api_football,open
2026-10-11T02:06:25Z,1558649,2026-10-11T14:00:00Z,713.6,FAR,Belgian First Division A,standard,Union St. Gilloise,OH Leuven,4,Pinnacle,ou,over,3.5,2.15,api_football,open
2026-10-11T02:06:25Z,1558649,2026-10-11T14:00:00Z,713.6,FAR,Belgian First Division A,standard,Union St. Gilloise,OH Leuven,4,Pinnacle,ou,under,3.5,1.71,api_football,open
2026-10-11T02:06:25Z,1558649,2026-10-11T14:00:00Z,713.6,FAR,Belgian First Division A,standard,Union St. Gilloise,OH Leuven,4,Pinnacle,ht_ou,over,1.5,2.06,api_football,open
2026-10-11T02:06:25Z,1558649,2026-10-11T14:00:00Z,713.6,FAR,Belgian First Division A,standard,Union St. Gilloise,OH Leuven,4,Pinnacle,ht_ou,under,1.5,1.75,api_football,open
2026-10-11T02:06:25Z,1558649,2026-10-11T14:00:00Z,713.6,FAR,Belgian First Division A,standard,Union St. Gilloise,OH Leuven,5,SBO,ht_ou,over,1.5,2.04,api_football,open
2026-10-11T02:06:25Z,1558649,2026-10-11T14:00:00Z,713.6,FAR,Belgian First Division A,standard,Union St. Gilloise,OH Leuven,5,SBO,ht_ou,under,1.5,1.78,api_football,open
2026-10-11T02:06:25Z,1558649,2026-10-11T14:00:00Z,713.6,FAR,Belgian First Division A,standard,Union St. Gilloise,OH Leuven,11,1xBet,ou,over,1.5,1.09,api_football,open
2026-10-11T02:06:25Z,1558649,2026-10-11T14:00:00Z,713.6,FAR,Belgian First Division A,standard,Union St. Gilloise,OH Leuven,11,1xBet,ou,under,1.5,5.3,api_football,open
2026-10-11T02:06:25Z,1558649,2026-10-11T14:00:00Z,713.6,FAR,Belgian First Division A,standard,Union St. Gilloise,OH Leuven,11,1xBet,ou,over,2.5,1.39,api_football,open
2026-10-11T02:06:25Z,1558649,2026-10-11T14:00:00Z,713.6,FAR,Belgian First Division A,standard,Union St. Gilloise,OH Leuven,11,1xBet,ou,under,2.5,2.59,api_football,open
2026-10-11T02:06:25Z,1558649,2026-10-11T14:00:00Z,713.6,FAR,Belgian First Division A,standard,Union St. Gilloise,OH Leuven,11,1xBet,ou,over,3.5,2.1,api_football,open
2026-10-11T02:06:25Z,1558649,2026-10-11T14:00:00Z,713.6,FAR,Belgian First Division A,standard,Union St. Gilloise,OH Leuven,11,1xBet,ou,under,3.5,1.75,api_football,open
2026-10-11T02:06:25Z,1558649,2026-10-11T14:00:00Z,713.6,FAR,Belgian First Division A,standard,Union St. Gilloise,OH Leuven,11,1xBet,ht_ou,over,1.5,2.08,api_football,open
2026-10-11T02:06:25Z,1558649,2026-10-11T14:00:00Z,713.6,FAR,Belgian First Division A,standard,Union St. Gilloise,OH Leuven,11,1xBet,ht_ou,under,1.5,1.68,api_football,open
2026-10-11T02:06:25Z,1558649,2026-10-11T14:00:00Z,713.6,FAR,Belgian First Division A,standard,Union St. Gilloise,OH Leuven,11,1xBet,ht_ou,over,0.5,1.2,api_football,open
2026-10-11T02:06:25Z,1558649,2026-10-11T14:00:00Z,713.6,FAR,Belgian First Division A,standard,Union St. Gilloise,OH Leuven,11,1xBet,ht_ou,under,0.5,3.78,api_football,open
2026-10-11T02:06:25Z,1558649,2026-10-11T14:00:00Z,713.6,FAR,Belgian First Division A,standard,Union St. Gilloise,OH Leuven,11,1xBet,btts,yes,,1.87,api_football,open
2026-10-11T02:06:25Z,1558649,2026-10-11T14:00:00Z,713.6,FAR,Belgian First Division A,standard,Union St. Gilloise,OH Leuven,11,1xBet,btts,no,,1.83,api_football,open
2026-10-11T02:06:25Z,1558649,2026-10-11T14:00:00Z,713.6,FAR,Belgian First Division A,standard,Union St. Gilloise,OH Leuven,32,Betano,ou,over,1.5,1.16,api_football,open
2026-10-11T02:06:25Z,1558649,2026-10-11T14:00:00Z,713.6,FAR,Belgian First Division A,standard,Union St. Gilloise,OH Leuven,32,Betano,ou,under,1.5,5.4,api_football,open
2026-10-11T02:06:25Z,1558649,2026-10-11T14:00:00Z,713.6,FAR,Belgian First Division A,standard,Union St. Gilloise,OH Leuven,32,Betano,ou,over,2.5,1.5,api_football,open
2026-10-11T02:06:25Z,1558649,2026-10-11T14:00:00Z,713.6,FAR,Belgian First Division A,standard,Union St. Gilloise,OH Leuven,32,Betano,ou,under,2.5,2.7,api_football,open
2026-10-11T02:06:25Z,1558649,2026-10-11T14:00:00Z,713.6,FAR,Belgian First Division A,standard,Union St. Gilloise,OH Leuven,32,Betano,ou,over,3.5,2.2,api_football,open
2026-10-11T02:06:25Z,1558649,2026-10-11T14:00:00Z,713.6,FAR,Belgian First Division A,standard,Union St. Gilloise,OH Leuven,32,Betano,ou,under,3.5,1.7,api_football,open
2026-10-11T02:06:25Z,1558649,2026-10-11T14:00:00Z,713.6,FAR,Belgian First Division A,standard,Union St. Gilloise,OH Leuven,32,Betano,ht_ou,over,1.5,2.22,api_football,open
2026-10-11T02:06:25Z,1558649,2026-10-11T14:00:00Z,713.6,FAR,Belgian First Division A,standard,Union St. Gilloise,OH Leuven,32,Betano,ht_ou,under,1.5,1.67,api_football,open
2026-10-11T02:06:25Z,1558649,2026-10-11T14:00:00Z,713.6,FAR,Belgian First Division A,standard,Union St. Gilloise,OH Leuven,32,Betano,ht_ou,over,0.5,1.27,api_football,open
2026-10-11T02:06:25Z,1558649,2026-10-11T14:00:00Z,713.6,FAR,Belgian First Division A,standard,Union St. Gilloise,OH Leuven,32,Betano,ht_ou,under,0.5,3.65,api_football,open
2026-10-11T02:06:25Z,1558649,2026-10-11T14:00:00Z,713.6,FAR,Belgian First Division A,standard,Union St. Gilloise,OH Leuven,32,Betano,btts,yes,,1.9,api_football,open
2026-10-11T02:06:25Z,1558649,2026-10-11T14:00:00Z,713.6,FAR,Belgian First Division A,standard,Union St. Gilloise,OH Leuven,32,Betano,btts,no,,1.85,api_football,open
2026-10-11T02:06:25Z,1576192,2026-10-11T11:30:00Z,563.6,FAR,Bundesliga 2,standard,Hertha BSC,SpVgg Greuther Fürth,3,Betfair,ou,over,1.5,1.1,api_football,open
2026-10-11T02:06:25Z,1576192,2026-10-11T11:30:00Z,563.6,FAR,Bundesliga 2,standard,Hertha BSC,SpVgg Greuther Fürth,3,Betfair,ou,under,1.5,6.5,api_football,open
2026-10-11T02:06:25Z,1576192,2026-10-11T11:30:00Z,563.6,FAR,Bundesliga 2,standard,Hertha BSC,SpVgg Greuther Fürth,3,Betfair,ou,over,2.5,1.36,api_football,open
2026-10-11T02:06:25Z,1576192,2026-10-11T11:30:00Z,563.6,FAR,Bundesliga 2,standard,Hertha BSC,SpVgg Greuther Fürth,3,Betfair,ou,under,2.5,3.1,api_football,open
2026-10-11T02:06:25Z,1576192,2026-10-11T11:30:00Z,563.6,FAR,Bundesliga 2,standard,Hertha BSC,SpVgg Greuther Fürth,3,Betfair,ou,over,3.5,2.0,api_football,open
2026-10-11T02:06:25Z,1576192,2026-10-11T11:30:00Z,563.6,FAR,Bundesliga 2,standard,Hertha BSC,SpVgg Greuther Fürth,3,Betfair,ou,under,3.5,1.8,api_football,open
2026-10-11T02:06:25Z,1576192,2026-10-11T11:30:00Z,563.6,FAR,Bundesliga 2,standard,Hertha BSC,SpVgg Greuther Fürth,3,Betfair,btts,yes,,1.47,api_football,open
2026-10-11T02:06:25Z,1576192,2026-10-11T11:30:00Z,563.6,FAR,Bundesliga 2,standard,Hertha BSC,SpVgg Greuther Fürth,3,Betfair,btts,no,,2.63,api_football,open
2026-10-11T02:06:25Z,1576188,2026-10-11T11:30:00Z,563.6,FAR,Bundesliga 2,standard,VfL Bochum,Arminia Bielefeld,3,Betfair,ou,over,1.5,1.2,api_football,open
2026-10-11T02:06:25Z,1576188,2026-10-11T11:30:00Z,563.6,FAR,Bundesliga 2,standard,VfL Bochum,Arminia Bielefeld,3,Betfair,ou,under,1.5,4.5,api_football,open
2026-10-11T02:06:25Z,1576188,2026-10-11T11:30:00Z,563.6,FAR,Bundesliga 2,standard,VfL Bochum,Arminia Bielefeld,3,Betfair,ou,over,3.5,2.63,api_football,open
2026-10-11T02:06:25Z,1576188,2026-10-11T11:30:00Z,563.6,FAR,Bundesliga 2,standard,VfL Bochum,Arminia Bielefeld,3,Betfair,ou,under,3.5,1.47,api_football,open
2026-10-11T02:06:25Z,1576188,2026-10-11T11:30:00Z,563.6,FAR,Bundesliga 2,standard,VfL Bochum,Arminia Bielefeld,3,Betfair,btts,yes,,1.53,api_football,open
2026-10-11T02:06:25Z,1576188,2026-10-11T11:30:00Z,563.6,FAR,Bundesliga 2,standard,VfL Bochum,Arminia Bielefeld,3,Betfair,btts,no,,2.45,api_football,open
2026-10-11T02:06:25Z,1576195,2026-10-11T11:30:00Z,563.6,FAR,Bundesliga 2,standard,FC St. Pauli,Karlsruher SC,3,Betfair,ou,over,1.5,1.1,api_football,open
2026-10-11T02:06:25Z,1576195,2026-10-11T11:30:00Z,563.6,FAR,Bundesliga 2,standard,FC St. Pauli,Karlsruher SC,3,Betfair,ou,under,1.5,6.5,api_football,open
2026-10-11T02:06:25Z,1576195,2026-10-11T11:30:00Z,563.6,FAR,Bundesliga 2,standard,FC St. Pauli,Karlsruher SC,3,Betfair,ou,over,2.5,1.4,api_football,open
2026-10-11T02:06:25Z,1576195,2026-10-11T11:30:00Z,563.6,FAR,Bundesliga 2,standard,FC St. Pauli,Karlsruher SC,3,Betfair,ou,under,2.5,2.88,api_football,open
2026-10-11T02:06:25Z,1576195,2026-10-11T11:30:00Z,563.6,FAR,Bundesliga 2,standard,FC St. Pauli,Karlsruher SC,3,Betfair,ou,over,3.5,2.1,api_football,open
2026-10-11T02:06:25Z,1576195,2026-10-11T11:30:00Z,563.6,FAR,Bundesliga 2,standard,FC St. Pauli,Karlsruher SC,3,Betfair,ou,under,3.5,1.73,api_football,open
2026-10-11T02:06:25Z,1576195,2026-10-11T11:30:00Z,563.6,FAR,Bundesliga 2,standard,FC St. Pauli,Karlsruher SC,3,Betfair,btts,yes,,1.47,api_football,open
2026-10-11T02:06:25Z,1576195,2026-10-11T11:30:00Z,563.6,FAR,Bundesliga 2,standard,FC St. Pauli,Karlsruher SC,3,Betfair,btts,no,,2.63,api_football,open
2026-10-11T02:06:25Z,1563186,2026-10-11T11:00:00Z,533.6,FAR,Championship,standard,Southampton,Portsmouth,3,Betfair,ou,over,1.5,1.2,api_football,open
2026-10-11T02:06:25Z,1563186,2026-10-11T11:00:00Z,533.6,FAR,Championship,standard,Southampton,Portsmouth,3,Betfair,ou,under,1.5,4.5,api_football,open
2026-10-11T02:06:25Z,1563186,2026-10-11T11:00:00Z,533.6,FAR,Championship,standard,Southampton,Portsmouth,3,Betfair,ou,over,3.5,2.63,api_football,open
2026-10-11T02:06:25Z,1563186,2026-10-11T11:00:00Z,533.6,FAR,Championship,standard,Southampton,Portsmouth,3,Betfair,ou,under,3.5,1.47,api_football,open
2026-10-11T02:06:25Z,1563186,2026-10-11T11:00:00Z,533.6,FAR,Championship,standard,Southampton,Portsmouth,3,Betfair,btts,yes,,1.65,api_football,open
2026-10-11T02:06:25Z,1563186,2026-10-11T11:00:00Z,533.6,FAR,Championship,standard,Southampton,Portsmouth,3,Betfair,btts,no,,2.2,api_football,open
2026-10-11T02:06:25Z,1563186,2026-10-11T11:00:00Z,533.6,FAR,Championship,standard,Southampton,Portsmouth,36,BetVictor,ou,over,1.5,1.21,api_football,open
2026-10-11T02:06:25Z,1563186,2026-10-11T11:00:00Z,533.6,FAR,Championship,standard,Southampton,Portsmouth,36,BetVictor,ou,under,1.5,3.8,api_football,open
2026-10-11T02:06:25Z,1563186,2026-10-11T11:00:00Z,533.6,FAR,Championship,standard,Southampton,Portsmouth,36,BetVictor,ou,over,2.5,1.62,api_football,open
2026-10-11T02:06:25Z,1563186,2026-10-11T11:00:00Z,533.6,FAR,Championship,standard,Southampton,Portsmouth,36,BetVictor,ou,under,2.5,2.12,api_football,open
2026-10-11T02:06:25Z,1563186,2026-10-11T11:00:00Z,533.6,FAR,Championship,standard,Southampton,Portsmouth,36,BetVictor,ou,over,3.5,2.47,api_football,open
2026-10-11T02:06:25Z,1563186,2026-10-11T11:00:00Z,533.6,FAR,Championship,standard,Southampton,Portsmouth,36,BetVictor,ou,under,3.5,1.46,api_football,open
2026-10-11T02:06:25Z,1563186,2026-10-11T11:00:00Z,533.6,FAR,Championship,standard,Southampton,Portsmouth,36,BetVictor,ht_ou,over,1.5,2.29,api_football,open
2026-10-11T02:06:25Z,1563186,2026-10-11T11:00:00Z,533.6,FAR,Championship,standard,Southampton,Portsmouth,36,BetVictor,ht_ou,under,1.5,1.53,api_football,open
2026-10-11T02:06:25Z,1563186,2026-10-11T11:00:00Z,533.6,FAR,Championship,standard,Southampton,Portsmouth,36,BetVictor,ht_ou,over,0.5,1.29,api_football,open
2026-10-11T02:06:25Z,1563186,2026-10-11T11:00:00Z,533.6,FAR,Championship,standard,Southampton,Portsmouth,36,BetVictor,ht_ou,under,0.5,3.5,api_football,open
2026-10-11T02:06:25Z,1563186,2026-10-11T11:00:00Z,533.6,FAR,Championship,standard,Southampton,Portsmouth,36,BetVictor,btts,yes,,1.67,api_football,open
2026-10-11T02:06:25Z,1563186,2026-10-11T11:00:00Z,533.6,FAR,Championship,standard,Southampton,Portsmouth,36,BetVictor,btts,no,,2.05,api_football,open
2026-10-11T02:06:25Z,1563186,2026-10-11T11:00:00Z,533.6,FAR,Championship,standard,Southampton,Portsmouth,32,Betano,ou,over,1.5,1.22,api_football,open
2026-10-11T02:06:25Z,1563186,2026-10-11T11:00:00Z,533.6,FAR,Championship,standard,Southampton,Portsmouth,32,Betano,ou,under,1.5,4.35,api_football,open
2026-10-11T02:06:25Z,1563186,2026-10-11T11:00:00Z,533.6,FAR,Championship,standard,Southampton,Portsmouth,32,Betano,ou,over,2.5,1.67,api_football,open
2026-10-11T02:06:25Z,1563186,2026-10-11T11:00:00Z,533.6,FAR,Championship,standard,Southampton,Portsmouth,32,Betano,ou,under,2.5,2.25,api_football,open
2026-10-11T02:06:25Z,1563186,2026-10-11T11:00:00Z,533.6,FAR,Championship,standard,Southampton,Portsmouth,32,Betano,ou,over,3.5,2.65,api_football,open
2026-10-11T02:06:25Z,1563186,2026-10-11T11:00:00Z,533.6,FAR,Championship,standard,Southampton,Portsmouth,32,Betano,ou,under,3.5,1.5,api_football,open
2026-10-11T02:06:25Z,1563186,2026-10-11T11:00:00Z,533.6,FAR,Championship,standard,Southampton,Portsmouth,32,Betano,ht_ou,over,1.5,2.52,api_football,open
2026-10-11T02:06:25Z,1563186,2026-10-11T11:00:00Z,533.6,FAR,Championship,standard,Southampton,Portsmouth,32,Betano,ht_ou,under,1.5,1.53,api_football,open
2026-10-11T02:06:25Z,1563186,2026-10-11T11:00:00Z,533.6,FAR,Championship,standard,Southampton,Portsmouth,32,Betano,ht_ou,over,0.5,1.34,api_football,open
2026-10-11T02:06:25Z,1563186,2026-10-11T11:00:00Z,533.6,FAR,Championship,standard,Southampton,Portsmouth,32,Betano,ht_ou,under,0.5,3.15,api_football,open
2026-10-11T02:06:25Z,1563186,2026-10-11T11:00:00Z,533.6,FAR,Championship,standard,Southampton,Portsmouth,32,Betano,btts,yes,,1.7,api_football,open
2026-10-11T02:06:25Z,1563186,2026-10-11T11:00:00Z,533.6,FAR,Championship,standard,Southampton,Portsmouth,32,Betano,btts,no,,2.07,api_football,open
2026-10-11T02:06:25Z,1552185,2026-10-11T10:15:00Z,488.6,FAR,Dutch Eredivisie,standard,Utrecht,Willem II,3,Betfair,ou,over,1.5,1.13,api_football,open
2026-10-11T02:06:25Z,1552185,2026-10-11T10:15:00Z,488.6,FAR,Dutch Eredivisie,standard,Utrecht,Willem II,3,Betfair,ou,under,1.5,6.0,api_football,open
2026-10-11T02:06:25Z,1552185,2026-10-11T10:15:00Z,488.6,FAR,Dutch Eredivisie,standard,Utrecht,Willem II,3,Betfair,ou,over,2.5,1.44,api_football,open
2026-10-11T02:06:25Z,1552185,2026-10-11T10:15:00Z,488.6,FAR,Dutch Eredivisie,standard,Utrecht,Willem II,3,Betfair,ou,under,2.5,2.7,api_football,open
2026-10-11T02:06:25Z,1552185,2026-10-11T10:15:00Z,488.6,FAR,Dutch Eredivisie,standard,Utrecht,Willem II,3,Betfair,ou,over,3.5,2.15,api_football,open
2026-10-11T02:06:25Z,1552185,2026-10-11T10:15:00Z,488.6,FAR,Dutch Eredivisie,standard,Utrecht,Willem II,3,Betfair,ou,under,3.5,1.67,api_football,open
2026-10-11T02:06:25Z,1552185,2026-10-11T10:15:00Z,488.6,FAR,Dutch Eredivisie,standard,Utrecht,Willem II,3,Betfair,ht_ou,over,1.5,2.1,api_football,open
2026-10-11T02:06:25Z,1552185,2026-10-11T10:15:00Z,488.6,FAR,Dutch Eredivisie,standard,Utrecht,Willem II,3,Betfair,ht_ou,under,1.5,1.65,api_football,open
2026-10-11T02:06:25Z,1552185,2026-10-11T10:15:00Z,488.6,FAR,Dutch Eredivisie,standard,Utrecht,Willem II,3,Betfair,ht_ou,over,0.5,1.2,api_football,open
2026-10-11T02:06:25Z,1552185,2026-10-11T10:15:00Z,488.6,FAR,Dutch Eredivisie,standard,Utrecht,Willem II,3,Betfair,ht_ou,under,0.5,4.0,api_football,open
2026-10-11T02:06:25Z,1552185,2026-10-11T10:15:00Z,488.6,FAR,Dutch Eredivisie,standard,Utrecht,Willem II,3,Betfair,btts,yes,,1.57,api_football,open
2026-10-11T02:06:25Z,1552185,2026-10-11T10:15:00Z,488.6,FAR,Dutch Eredivisie,standard,Utrecht,Willem II,3,Betfair,btts,no,,2.38,api_football,open
2026-10-11T02:06:25Z,1552185,2026-10-11T10:15:00Z,488.6,FAR,Dutch Eredivisie,standard,Utrecht,Willem II,36,BetVictor,ou,over,1.5,1.11,api_football,open
2026-10-11T02:06:25Z,1552185,2026-10-11T10:15:00Z,488.6,FAR,Dutch Eredivisie,standard,Utrecht,Willem II,36,BetVictor,ou,under,1.5,5.75,api_football,open
2026-10-11T02:06:25Z,1552185,2026-10-11T10:15:00Z,488.6,FAR,Dutch Eredivisie,standard,Utrecht,Willem II,36,BetVictor,ou,over,2.5,1.44,api_football,open
2026-10-11T02:06:25Z,1552185,2026-10-11T10:15:00Z,488.6,FAR,Dutch Eredivisie,standard,Utrecht,Willem II,36,BetVictor,ou,under,2.5,2.63,api_football,open
2026-10-11T02:06:25Z,1552185,2026-10-11T10:15:00Z,488.6,FAR,Dutch Eredivisie,standard,Utrecht,Willem II,36,BetVictor,ou,over,3.5,2.07,api_football,open
2026-10-11T02:06:25Z,1552185,2026-10-11T10:15:00Z,488.6,FAR,Dutch Eredivisie,standard,Utrecht,Willem II,36,BetVictor,ou,under,3.5,1.64,api_football,open
2026-10-11T02:06:25Z,1552185,2026-10-11T10:15:00Z,488.6,FAR,Dutch Eredivisie,standard,Utrecht,Willem II,36,BetVictor,ht_ou,over,1.5,2.05,api_football,open
2026-10-11T02:06:25Z,1552185,2026-10-11T10:15:00Z,488.6,FAR,Dutch Eredivisie,standard,Utrecht,Willem II,36,BetVictor,ht_ou,under,1.5,1.66,api_football,open
2026-10-11T02:06:25Z,1552185,2026-10-11T10:15:00Z,488.6,FAR,Dutch Eredivisie,standard,Utrecht,Willem II,36,BetVictor,btts,yes,,1.53,api_football,open
2026-10-11T02:06:25Z,1552185,2026-10-11T10:15:00Z,488.6,FAR,Dutch Eredivisie,standard,Utrecht,Willem II,36,BetVictor,btts,no,,2.3,api_football,open
2026-10-11T02:06:25Z,1552187,2026-10-11T12:30:00Z,623.6,FAR,Dutch Eredivisie,standard,PEC Zwolle,Cambuur,3,Betfair,ou,over,1.5,1.14,api_football,open
2026-10-11T02:06:25Z,1552187,2026-10-11T12:30:00Z,623.6,FAR,Dutch Eredivisie,standard,PEC Zwolle,Cambuur,3,Betfair,ou,under,1.5,5.5,api_football,open
2026-10-11T02:06:25Z,1552187,2026-10-11T12:30:00Z,623.6,FAR,Dutch Eredivisie,standard,PEC Zwolle,Cambuur,3,Betfair,ou,over,2.5,1.5,api_football,open
2026-10-11T02:06:25Z,1552187,2026-10-11T12:30:00Z,623.6,FAR,Dutch Eredivisie,standard,PEC Zwolle,Cambuur,3,Betfair,ou,under,2.5,2.55,api_football,open
2026-10-11T02:06:25Z,1552187,2026-10-11T12:30:00Z,623.6,FAR,Dutch Eredivisie,standard,PEC Zwolle,Cambuur,3,Betfair,ou,over,3.5,2.3,api_football,open
2026-10-11T02:06:25Z,1552187,2026-10-11T12:30:00Z,623.6,FAR,Dutch Eredivisie,standard,PEC Zwolle,Cambuur,3,Betfair,ou,under,3.5,1.6,api_football,open
2026-10-11T02:06:25Z,1552187,2026-10-11T12:30:00Z,623.6,FAR,Dutch Eredivisie,standard,PEC Zwolle,Cambuur,3,Betfair,ht_ou,over,1.5,2.2,api_football,open
2026-10-11T02:06:25Z,1552187,2026-10-11T12:30:00Z,623.6,FAR,Dutch Eredivisie,standard,PEC Zwolle,Cambuur,3,Betfair,ht_ou,under,1.5,1.6,api_football,open
2026-10-11T02:06:25Z,1552187,2026-10-11T12:30:00Z,623.6,FAR,Dutch Eredivisie,standard,PEC Zwolle,Cambuur,3,Betfair,ht_ou,over,0.5,1.2,api_football,open
2026-10-11T02:06:25Z,1552187,2026-10-11T12:30:00Z,623.6,FAR,Dutch Eredivisie,standard,PEC Zwolle,Cambuur,3,Betfair,ht_ou,under,0.5,4.0,api_football,open
2026-10-11T02:06:25Z,1552187,2026-10-11T12:30:00Z,623.6,FAR,Dutch Eredivisie,standard,PEC Zwolle,Cambuur,3,Betfair,btts,yes,,1.47,api_football,open
2026-10-11T02:06:25Z,1552187,2026-10-11T12:30:00Z,623.6,FAR,Dutch Eredivisie,standard,PEC Zwolle,Cambuur,3,Betfair,btts,no,,2.63,api_football,open
2026-10-11T02:06:25Z,1552187,2026-10-11T12:30:00Z,623.6,FAR,Dutch Eredivisie,standard,PEC Zwolle,Cambuur,36,BetVictor,ou,over,1.5,1.13,api_football,open
2026-10-11T02:06:25Z,1552187,2026-10-11T12:30:00Z,623.6,FAR,Dutch Eredivisie,standard,PEC Zwolle,Cambuur,36,BetVictor,ou,under,1.5,5.25,api_football,open
2026-10-11T02:06:25Z,1552187,2026-10-11T12:30:00Z,623.6,FAR,Dutch Eredivisie,standard,PEC Zwolle,Cambuur,36,BetVictor,ou,over,2.5,1.49,api_football,open
2026-10-11T02:06:25Z,1552187,2026-10-11T12:30:00Z,623.6,FAR,Dutch Eredivisie,standard,PEC Zwolle,Cambuur,36,BetVictor,ou,under,2.5,2.38,api_football,open
2026-10-11T02:06:25Z,1552187,2026-10-11T12:30:00Z,623.6,FAR,Dutch Eredivisie,standard,PEC Zwolle,Cambuur,36,BetVictor,ou,over,3.5,2.17,api_football,open
2026-10-11T02:06:25Z,1552187,2026-10-11T12:30:00Z,623.6,FAR,Dutch Eredivisie,standard,PEC Zwolle,Cambuur,36,BetVictor,ou,under,3.5,1.59,api_football,open
2026-10-11T02:06:25Z,1552187,2026-10-11T12:30:00Z,623.6,FAR,Dutch Eredivisie,standard,PEC Zwolle,Cambuur,36,BetVictor,ht_ou,over,1.5,2.11,api_football,open
2026-10-11T02:06:25Z,1552187,2026-10-11T12:30:00Z,623.6,FAR,Dutch Eredivisie,standard,PEC Zwolle,Cambuur,36,BetVictor,ht_ou,under,1.5,1.62,api_football,open
2026-10-11T02:06:25Z,1552187,2026-10-11T12:30:00Z,623.6,FAR,Dutch Eredivisie,standard,PEC Zwolle,Cambuur,36,BetVictor,btts,yes,,1.44,api_football,open
2026-10-11T02:06:25Z,1552187,2026-10-11T12:30:00Z,623.6,FAR,Dutch Eredivisie,standard,PEC Zwolle,Cambuur,36,BetVictor,btts,no,,2.55,api_football,open
2026-10-11T02:06:25Z,1552186,2026-10-11T12:30:00Z,623.6,FAR,Dutch Eredivisie,standard,Telstar,ADO Den Haag,3,Betfair,ou,over,1.5,1.14,api_football,open
2026-10-11T02:06:25Z,1552186,2026-10-11T12:30:00Z,623.6,FAR,Dutch Eredivisie,standard,Telstar,ADO Den Haag,3,Betfair,ou,under,1.5,5.5,api_football,open
2026-10-11T02:06:25Z,1552186,2026-10-11T12:30:00Z,623.6,FAR,Dutch Eredivisie,standard,Telstar,ADO Den Haag,3,Betfair,ou,over,2.5,1.5,api_football,open
2026-10-11T02:06:25Z,1552186,2026-10-11T12:30:00Z,623.6,FAR,Dutch Eredivisie,standard,Telstar,ADO Den Haag,3,Betfair,ou,under,2.5,2.55,api_football,open
2026-10-11T02:06:25Z,1552186,2026-10-11T12:30:00Z,623.6,FAR,Dutch Eredivisie,standard,Telstar,ADO Den Haag,3,Betfair,ou,over,3.5,2.25,api_football,open
2026-10-11T02:06:25Z,1552186,2026-10-11T12:30:00Z,623.6,FAR,Dutch Eredivisie,standard,Telstar,ADO Den Haag,3,Betfair,ou,under,3.5,1.62,api_football,open
2026-10-11T02:06:25Z,1552186,2026-10-11T12:30:00Z,623.6,FAR,Dutch Eredivisie,standard,Telstar,ADO Den Haag,3,Betfair,ht_ou,over,1.5,2.2,api_football,open
2026-10-11T02:06:25Z,1552186,2026-10-11T12:30:00Z,623.6,FAR,Dutch Eredivisie,standard,Telstar,ADO Den Haag,3,Betfair,ht_ou,under,1.5,1.6,api_football,open
2026-10-11T02:06:25Z,1552186,2026-10-11T12:30:00Z,623.6,FAR,Dutch Eredivisie,standard,Telstar,ADO Den Haag,3,Betfair,ht_ou,over,0.5,1.2,api_football,open
2026-10-11T02:06:25Z,1552186,2026-10-11T12:30:00Z,623.6,FAR,Dutch Eredivisie,standard,Telstar,ADO Den Haag,3,Betfair,ht_ou,under,0.5,4.0,api_football,open
2026-10-11T02:06:25Z,1552186,2026-10-11T12:30:00Z,623.6,FAR,Dutch Eredivisie,standard,Telstar,ADO Den Haag,3,Betfair,btts,yes,,1.47,api_football,open
2026-10-11T02:06:25Z,1552186,2026-10-11T12:30:00Z,623.6,FAR,Dutch Eredivisie,standard,Telstar,ADO Den Haag,3,Betfair,btts,no,,2.63,api_football,open
2026-10-11T02:06:25Z,1552186,2026-10-11T12:30:00Z,623.6,FAR,Dutch Eredivisie,standard,Telstar,ADO Den Haag,36,BetVictor,ou,over,1.5,1.13,api_football,open
2026-10-11T02:06:25Z,1552186,2026-10-11T12:30:00Z,623.6,FAR,Dutch Eredivisie,standard,Telstar,ADO Den Haag,36,BetVictor,ou,under,1.5,5.25,api_football,open
2026-10-11T02:06:25Z,1552186,2026-10-11T12:30:00Z,623.6,FAR,Dutch Eredivisie,standard,Telstar,ADO Den Haag,36,BetVictor,ou,over,2.5,1.51,api_football,open
2026-10-11T02:06:25Z,1552186,2026-10-11T12:30:00Z,623.6,FAR,Dutch Eredivisie,standard,Telstar,ADO Den Haag,36,BetVictor,ou,under,2.5,2.34,api_football,open
2026-10-11T02:06:25Z,1552186,2026-10-11T12:30:00Z,623.6,FAR,Dutch Eredivisie,standard,Telstar,ADO Den Haag,36,BetVictor,ou,over,3.5,2.21,api_football,open
2026-10-11T02:06:25Z,1552186,2026-10-11T12:30:00Z,623.6,FAR,Dutch Eredivisie,standard,Telstar,ADO Den Haag,36,BetVictor,ou,under,3.5,1.57,api_football,open
2026-10-11T02:06:25Z,1552186,2026-10-11T12:30:00Z,623.6,FAR,Dutch Eredivisie,standard,Telstar,ADO Den Haag,36,BetVictor,ht_ou,over,1.5,2.14,api_football,open
2026-10-11T02:06:25Z,1552186,2026-10-11T12:30:00Z,623.6,FAR,Dutch Eredivisie,standard,Telstar,ADO Den Haag,36,BetVictor,ht_ou,under,1.5,1.61,api_football,open
2026-10-11T02:06:25Z,1552186,2026-10-11T12:30:00Z,623.6,FAR,Dutch Eredivisie,standard,Telstar,ADO Den Haag,36,BetVictor,btts,yes,,1.44,api_football,open
2026-10-11T02:06:25Z,1552186,2026-10-11T12:30:00Z,623.6,FAR,Dutch Eredivisie,standard,Telstar,ADO Den Haag,36,BetVictor,btts,no,,2.55,api_football,open
2026-10-11T02:06:25Z,1593328,2026-10-11T14:00:00Z,713.6,FAR,Greek Super League,standard,Kifisia,Panetolikos,3,Betfair,ou,over,2.5,2.15,api_football,open
2026-10-11T02:06:25Z,1593328,2026-10-11T14:00:00Z,713.6,FAR,Greek Super League,standard,Kifisia,Panetolikos,3,Betfair,ou,under,2.5,1.67,api_football,open
2026-10-11T02:06:25Z,1593328,2026-10-11T14:00:00Z,713.6,FAR,Greek Super League,standard,Kifisia,Panetolikos,36,BetVictor,ou,over,1.5,1.33,api_football,open
2026-10-11T02:06:25Z,1593328,2026-10-11T14:00:00Z,713.6,FAR,Greek Super League,standard,Kifisia,Panetolikos,36,BetVictor,ou,under,1.5,3.1,api_football,open
2026-10-11T02:06:25Z,1593328,2026-10-11T14:00:00Z,713.6,FAR,Greek Super League,standard,Kifisia,Panetolikos,36,BetVictor,ou,over,2.5,2.04,api_football,open
2026-10-11T02:06:25Z,1593328,2026-10-11T14:00:00Z,713.6,FAR,Greek Super League,standard,Kifisia,Panetolikos,36,BetVictor,ou,under,2.5,1.67,api_football,open
2026-10-11T02:06:25Z,1593328,2026-10-11T14:00:00Z,713.6,FAR,Greek Super League,standard,Kifisia,Panetolikos,36,BetVictor,ou,over,3.5,3.9,api_football,open
2026-10-11T02:06:25Z,1593328,2026-10-11T14:00:00Z,713.6,FAR,Greek Super League,standard,Kifisia,Panetolikos,36,BetVictor,ou,under,3.5,1.22,api_football,open
2026-10-11T02:06:25Z,1593328,2026-10-11T14:00:00Z,713.6,FAR,Greek Super League,standard,Kifisia,Panetolikos,36,BetVictor,ht_ou,over,1.5,2.86,api_football,open
2026-10-11T02:06:25Z,1593328,2026-10-11T14:00:00Z,713.6,FAR,Greek Super League,standard,Kifisia,Panetolikos,36,BetVictor,ht_ou,under,1.5,1.35,api_football,open
2026-10-11T02:06:25Z,1593328,2026-10-11T14:00:00Z,713.6,FAR,Greek Super League,standard,Kifisia,Panetolikos,36,BetVictor,ht_ou,over,0.5,1.44,api_football,open
2026-10-11T02:06:25Z,1593328,2026-10-11T14:00:00Z,713.6,FAR,Greek Super League,standard,Kifisia,Panetolikos,36,BetVictor,ht_ou,under,0.5,2.51,api_football,open
2026-10-11T02:06:25Z,1593328,2026-10-11T14:00:00Z,713.6,FAR,Greek Super League,standard,Kifisia,Panetolikos,36,BetVictor,btts,yes,,1.9,api_football,open
2026-10-11T02:06:25Z,1593328,2026-10-11T14:00:00Z,713.6,FAR,Greek Super League,standard,Kifisia,Panetolikos,36,BetVictor,btts,no,,1.8,api_football,open
2026-10-11T02:06:25Z,1593327,2026-10-11T14:00:00Z,713.6,FAR,Greek Super League,standard,Iraklis 1908,Levadiakos,3,Betfair,ou,over,2.5,2.38,api_football,open
2026-10-11T02:06:25Z,1593327,2026-10-11T14:00:00Z,713.6,FAR,Greek Super League,standard,Iraklis 1908,Levadiakos,3,Betfair,ou,under,2.5,1.57,api_football,open
2026-10-11T02:06:25Z,1593327,2026-10-11T14:00:00Z,713.6,FAR,Greek Super League,standard,Iraklis 1908,Levadiakos,36,BetVictor,ou,over,1.5,1.44,api_football,open
2026-10-11T02:06:25Z,1593327,2026-10-11T14:00:00Z,713.6,FAR,Greek Super League,standard,Iraklis 1908,Levadiakos,36,BetVictor,ou,under,1.5,2.53,api_football,open
2026-10-11T02:06:25Z,1593327,2026-10-11T14:00:00Z,713.6,FAR,Greek Super League,standard,Iraklis 1908,Levadiakos,36,BetVictor,ou,over,2.5,2.25,api_football,open
2026-10-11T02:06:25Z,1593327,2026-10-11T14:00:00Z,713.6,FAR,Greek Super League,standard,Iraklis 1908,Levadiakos,36,BetVictor,ou,under,2.5,1.55,api_football,open
2026-10-11T02:06:25Z,1593327,2026-10-11T14:00:00Z,713.6,FAR,Greek Super League,standard,Iraklis 1908,Levadiakos,36,BetVictor,ou,over,3.5,4.6,api_football,open
2026-10-11T02:06:25Z,1593327,2026-10-11T14:00:00Z,713.6,FAR,Greek Super League,standard,Iraklis 1908,Levadiakos,36,BetVictor,ou,under,3.5,1.17,api_football,open
2026-10-11T02:06:25Z,1593327,2026-10-11T14:00:00Z,713.6,FAR,Greek Super League,standard,Iraklis 1908,Levadiakos,36,BetVictor,ht_ou,over,0.5,1.51,api_football,open
2026-10-11T02:06:25Z,1593327,2026-10-11T14:00:00Z,713.6,FAR,Greek Super League,standard,Iraklis 1908,Levadiakos,36,BetVictor,ht_ou,under,0.5,2.34,api_football,open
2026-10-11T02:06:25Z,1593327,2026-10-11T14:00:00Z,713.6,FAR,Greek Super League,standard,Iraklis 1908,Levadiakos,36,BetVictor,btts,yes,,1.95,api_football,open
2026-10-11T02:06:25Z,1593327,2026-10-11T14:00:00Z,713.6,FAR,Greek Super League,standard,Iraklis 1908,Levadiakos,36,BetVictor,btts,no,,1.73,api_football,open
2026-10-11T02:06:25Z,1556674,2026-10-11T11:00:00Z,533.6,FAR,Scottish Premiership,standard,Motherwell,Celtic,2,Marathonbet,ou,over,1.5,1.08,api_football,open
2026-10-11T02:06:25Z,1556674,2026-10-11T11:00:00Z,533.6,FAR,Scottish Premiership,standard,Motherwell,Celtic,2,Marathonbet,ou,under,1.5,5.65,api_football,open
2026-10-11T02:06:25Z,1556674,2026-10-11T11:00:00Z,533.6,FAR,Scottish Premiership,standard,Motherwell,Celtic,2,Marathonbet,ou,over,2.5,1.39,api_football,open
2026-10-11T02:06:25Z,1556674,2026-10-11T11:00:00Z,533.6,FAR,Scottish Premiership,standard,Motherwell,Celtic,2,Marathonbet,ou,under,2.5,2.59,api_football,open
2026-10-11T02:06:25Z,1556674,2026-10-11T11:00:00Z,533.6,FAR,Scottish Premiership,standard,Motherwell,Celtic,2,Marathonbet,ou,over,3.5,2.11,api_football,open
2026-10-11T02:06:25Z,1556674,2026-10-11T11:00:00Z,533.6,FAR,Scottish Premiership,standard,Motherwell,Celtic,2,Marathonbet,ou,under,3.5,1.68,api_football,open
2026-10-11T02:06:25Z,1556674,2026-10-11T11:00:00Z,533.6,FAR,Scottish Premiership,standard,Motherwell,Celtic,2,Marathonbet,ht_ou,over,1.5,2.11,api_football,open
2026-10-11T02:06:25Z,1556674,2026-10-11T11:00:00Z,533.6,FAR,Scottish Premiership,standard,Motherwell,Celtic,2,Marathonbet,ht_ou,under,1.5,1.66,api_football,open
2026-10-11T02:06:25Z,1556674,2026-10-11T11:00:00Z,533.6,FAR,Scottish Premiership,standard,Motherwell,Celtic,2,Marathonbet,ht_ou,over,0.5,1.19,api_football,open
2026-10-11T02:06:25Z,1556674,2026-10-11T11:00:00Z,533.6,FAR,Scottish Premiership,standard,Motherwell,Celtic,2,Marathonbet,ht_ou,under,0.5,3.85,api_football,open
2026-10-11T02:06:25Z,1556674,2026-10-11T11:00:00Z,533.6,FAR,Scottish Premiership,standard,Motherwell,Celtic,2,Marathonbet,btts,yes,,1.48,api_football,open
2026-10-11T02:06:25Z,1556674,2026-10-11T11:00:00Z,533.6,FAR,Scottish Premiership,standard,Motherwell,Celtic,2,Marathonbet,btts,no,,2.43,api_football,open
2026-10-11T02:06:25Z,1556674,2026-10-11T11:00:00Z,533.6,FAR,Scottish Premiership,standard,Motherwell,Celtic,3,Betfair,ou,over,1.5,1.13,api_football,open
2026-10-11T02:06:25Z,1556674,2026-10-11T11:00:00Z,533.6,FAR,Scottish Premiership,standard,Motherwell,Celtic,3,Betfair,ou,under,1.5,6.0,api_football,open
2026-10-11T02:06:25Z,1556674,2026-10-11T11:00:00Z,533.6,FAR,Scottish Premiership,standard,Motherwell,Celtic,3,Betfair,ou,over,2.5,1.44,api_football,open
2026-10-11T02:06:25Z,1556674,2026-10-11T11:00:00Z,533.6,FAR,Scottish Premiership,standard,Motherwell,Celtic,3,Betfair,ou,under,2.5,2.7,api_football,open
2026-10-11T02:06:25Z,1556674,2026-10-11T11:00:00Z,533.6,FAR,Scottish Premiership,standard,Motherwell,Celtic,3,Betfair,ou,over,3.5,2.15,api_football,open
2026-10-11T02:06:25Z,1556674,2026-10-11T11:00:00Z,533.6,FAR,Scottish Premiership,standard,Motherwell,Celtic,3,Betfair,ou,under,3.5,1.67,api_football,open
2026-10-11T02:06:25Z,1556674,2026-10-11T11:00:00Z,533.6,FAR,Scottish Premiership,standard,Motherwell,Celtic,3,Betfair,btts,yes,,1.5,api_football,open
2026-10-11T02:06:25Z,1556674,2026-10-11T11:00:00Z,533.6,FAR,Scottish Premiership,standard,Motherwell,Celtic,3,Betfair,btts,no,,2.55,api_football,open
2026-10-11T02:06:25Z,1556674,2026-10-11T11:00:00Z,533.6,FAR,Scottish Premiership,standard,Motherwell,Celtic,4,Pinnacle,ou,over,1.5,1.15,api_football,open
2026-10-11T02:06:25Z,1556674,2026-10-11T11:00:00Z,533.6,FAR,Scottish Premiership,standard,Motherwell,Celtic,4,Pinnacle,ou,under,1.5,5.89,api_football,open
2026-10-11T02:06:25Z,1556674,2026-10-11T11:00:00Z,533.6,FAR,Scottish Premiership,standard,Motherwell,Celtic,4,Pinnacle,ou,over,2.5,1.49,api_football,open
2026-10-11T02:06:25Z,1556674,2026-10-11T11:00:00Z,533.6,FAR,Scottish Premiership,standard,Motherwell,Celtic,4,Pinnacle,ou,under,2.5,2.71,api_football,open
2026-10-11T02:06:25Z,1556674,2026-10-11T11:00:00Z,533.6,FAR,Scottish Premiership,standard,Motherwell,Celtic,4,Pinnacle,ou,over,3.5,2.26,api_football,open
2026-10-11T02:06:25Z,1556674,2026-10-11T11:00:00Z,533.6,FAR,Scottish Premiership,standard,Motherwell,Celtic,4,Pinnacle,ou,under,3.5,1.69,api_football,open
2026-10-11T02:06:25Z,1556674,2026-10-11T11:00:00Z,533.6,FAR,Scottish Premiership,standard,Motherwell,Celtic,4,Pinnacle,ht_ou,over,1.5,2.22,api_football,open
2026-10-11T02:06:25Z,1556674,2026-10-11T11:00:00Z,533.6,FAR,Scottish Premiership,standard,Motherwell,Celtic,4,Pinnacle,ht_ou,under,1.5,1.68,api_football,open
2026-10-11T02:06:25Z,1556674,2026-10-11T11:00:00Z,533.6,FAR,Scottish Premiership,standard,Motherwell,Celtic,32,Betano,ou,over,1.5,1.15,api_football,open
2026-10-11T02:06:25Z,1556674,2026-10-11T11:00:00Z,533.6,FAR,Scottish Premiership,standard,Motherwell,Celtic,32,Betano,ou,under,1.5,5.4,api_football,open
2026-10-11T02:06:25Z,1556674,2026-10-11T11:00:00Z,533.6,FAR,Scottish Premiership,standard,Motherwell,Celtic,32,Betano,ou,over,2.5,1.5,api_football,open
2026-10-11T02:06:25Z,1556674,2026-10-11T11:00:00Z,533.6,FAR,Scottish Premiership,standard,Motherwell,Celtic,32,Betano,ou,under,2.5,2.7,api_football,open
2026-10-11T02:06:25Z,1556674,2026-10-11T11:00:00Z,533.6,FAR,Scottish Premiership,standard,Motherwell,Celtic,32,Betano,ou,over,3.5,2.2,api_football,open
2026-10-11T02:06:25Z,1556674,2026-10-11T11:00:00Z,533.6,FAR,Scottish Premiership,standard,Motherwell,Celtic,32,Betano,ou,under,3.5,1.72,api_football,open
2026-10-11T02:06:25Z,1556674,2026-10-11T11:00:00Z,533.6,FAR,Scottish Premiership,standard,Motherwell,Celtic,32,Betano,ht_ou,over,1.5,2.22,api_football,open
2026-10-11T02:06:25Z,1556674,2026-10-11T11:00:00Z,533.6,FAR,Scottish Premiership,standard,Motherwell,Celtic,32,Betano,ht_ou,under,1.5,1.67,api_football,open
2026-10-11T02:06:25Z,1556674,2026-10-11T11:00:00Z,533.6,FAR,Scottish Premiership,standard,Motherwell,Celtic,32,Betano,ht_ou,over,0.5,1.27,api_football,open
2026-10-11T02:06:25Z,1556674,2026-10-11T11:00:00Z,533.6,FAR,Scottish Premiership,standard,Motherwell,Celtic,32,Betano,ht_ou,under,0.5,3.7,api_football,open
2026-10-11T02:06:25Z,1556674,2026-10-11T11:00:00Z,533.6,FAR,Scottish Premiership,standard,Motherwell,Celtic,32,Betano,btts,yes,,1.53,api_football,open
2026-10-11T02:06:25Z,1556674,2026-10-11T11:00:00Z,533.6,FAR,Scottish Premiership,standard,Motherwell,Celtic,32,Betano,btts,no,,2.4,api_football,open
2026-10-11T02:06:25Z,1556670,2026-10-11T13:00:00Z,653.6,FAR,Scottish Premiership,standard,Aberdeen,ST Johnstone,3,Betfair,ou,over,1.5,1.29,api_football,open
2026-10-11T02:06:25Z,1556670,2026-10-11T13:00:00Z,653.6,FAR,Scottish Premiership,standard,Aberdeen,ST Johnstone,3,Betfair,ou,under,1.5,3.5,api_football,open
2026-10-11T02:06:25Z,1556670,2026-10-11T13:00:00Z,653.6,FAR,Scottish Premiership,standard,Aberdeen,ST Johnstone,3,Betfair,ou,over,2.5,1.9,api_football,open
2026-10-11T02:06:25Z,1556670,2026-10-11T13:00:00Z,653.6,FAR,Scottish Premiership,standard,Aberdeen,ST Johnstone,3,Betfair,ou,under,2.5,1.87,api_football,open
2026-10-11T02:06:25Z,1556670,2026-10-11T13:00:00Z,653.6,FAR,Scottish Premiership,standard,Aberdeen,ST Johnstone,3,Betfair,ou,over,3.5,3.25,api_football,open
2026-10-11T02:06:25Z,1556670,2026-10-11T13:00:00Z,653.6,FAR,Scottish Premiership,standard,Aberdeen,ST Johnstone,3,Betfair,ou,under,3.5,1.33,api_football,open
2026-10-11T02:06:25Z,1556670,2026-10-11T13:00:00Z,653.6,FAR,Scottish Premiership,standard,Aberdeen,ST Johnstone,3,Betfair,btts,yes,,1.75,api_football,open
2026-10-11T02:06:25Z,1556670,2026-10-11T13:00:00Z,653.6,FAR,Scottish Premiership,standard,Aberdeen,ST Johnstone,3,Betfair,btts,no,,2.05,api_football,open
2026-10-11T02:06:25Z,1556670,2026-10-11T13:00:00Z,653.6,FAR,Scottish Premiership,standard,Aberdeen,ST Johnstone,4,Pinnacle,ou,over,1.5,1.3,api_football,open
2026-10-11T02:06:25Z,1556670,2026-10-11T13:00:00Z,653.6,FAR,Scottish Premiership,standard,Aberdeen,ST Johnstone,4,Pinnacle,ou,under,1.5,3.58,api_football,open
2026-10-11T02:06:25Z,1556670,2026-10-11T13:00:00Z,653.6,FAR,Scottish Premiership,standard,Aberdeen,ST Johnstone,4,Pinnacle,ou,over,2.5,2.0,api_football,open
2026-10-11T02:06:25Z,1556670,2026-10-11T13:00:00Z,653.6,FAR,Scottish Premiership,standard,Aberdeen,ST Johnstone,4,Pinnacle,ou,under,2.5,1.87,api_football,open
2026-10-11T02:06:25Z,1556670,2026-10-11T13:00:00Z,653.6,FAR,Scottish Premiership,standard,Aberdeen,ST Johnstone,4,Pinnacle,ou,over,3.5,3.4,api_football,open
2026-10-11T02:06:25Z,1556670,2026-10-11T13:00:00Z,653.6,FAR,Scottish Premiership,standard,Aberdeen,ST Johnstone,4,Pinnacle,ou,under,3.5,1.33,api_football,open
2026-10-11T02:06:25Z,1556670,2026-10-11T13:00:00Z,653.6,FAR,Scottish Premiership,standard,Aberdeen,ST Johnstone,4,Pinnacle,ht_ou,over,1.5,2.92,api_football,open
2026-10-11T02:06:25Z,1556670,2026-10-11T13:00:00Z,653.6,FAR,Scottish Premiership,standard,Aberdeen,ST Johnstone,4,Pinnacle,ht_ou,under,1.5,1.4,api_football,open
2026-10-11T02:06:25Z,1556670,2026-10-11T13:00:00Z,653.6,FAR,Scottish Premiership,standard,Aberdeen,ST Johnstone,4,Pinnacle,ht_ou,over,0.5,1.38,api_football,open
2026-10-11T02:06:25Z,1556670,2026-10-11T13:00:00Z,653.6,FAR,Scottish Premiership,standard,Aberdeen,ST Johnstone,4,Pinnacle,ht_ou,under,0.5,3.01,api_football,open
2026-10-11T02:06:25Z,1556670,2026-10-11T13:00:00Z,653.6,FAR,Scottish Premiership,standard,Aberdeen,ST Johnstone,5,SBO,ou,over,2.5,1.99,api_football,open
2026-10-11T02:06:25Z,1556670,2026-10-11T13:00:00Z,653.6,FAR,Scottish Premiership,standard,Aberdeen,ST Johnstone,5,SBO,ou,under,2.5,1.83,api_football,open
2026-10-11T02:06:25Z,1556670,2026-10-11T13:00:00Z,653.6,FAR,Scottish Premiership,standard,Aberdeen,ST Johnstone,32,Betano,ou,over,1.5,1.32,api_football,open
2026-10-11T02:06:25Z,1556670,2026-10-11T13:00:00Z,653.6,FAR,Scottish Premiership,standard,Aberdeen,ST Johnstone,32,Betano,ou,under,1.5,3.45,api_football,open
2026-10-11T02:06:25Z,1556670,2026-10-11T13:00:00Z,653.6,FAR,Scottish Premiership,standard,Aberdeen,ST Johnstone,32,Betano,ou,over,2.5,1.95,api_football,open
2026-10-11T02:06:25Z,1556670,2026-10-11T13:00:00Z,653.6,FAR,Scottish Premiership,standard,Aberdeen,ST Johnstone,32,Betano,ou,under,2.5,1.9,api_football,open
2026-10-11T02:06:25Z,1556670,2026-10-11T13:00:00Z,653.6,FAR,Scottish Premiership,standard,Aberdeen,ST Johnstone,32,Betano,ou,over,3.5,3.25,api_football,open
2026-10-11T02:06:25Z,1556670,2026-10-11T13:00:00Z,653.6,FAR,Scottish Premiership,standard,Aberdeen,ST Johnstone,32,Betano,ou,under,3.5,1.35,api_football,open
2026-10-11T02:06:25Z,1556670,2026-10-11T13:00:00Z,653.6,FAR,Scottish Premiership,standard,Aberdeen,ST Johnstone,32,Betano,ht_ou,over,1.5,2.92,api_football,open
2026-10-11T02:06:25Z,1556670,2026-10-11T13:00:00Z,653.6,FAR,Scottish Premiership,standard,Aberdeen,ST Johnstone,32,Betano,ht_ou,under,1.5,1.42,api_football,open
2026-10-11T02:06:25Z,1556670,2026-10-11T13:00:00Z,653.6,FAR,Scottish Premiership,standard,Aberdeen,ST Johnstone,32,Betano,ht_ou,over,0.5,1.45,api_football,open
2026-10-11T02:06:25Z,1556670,2026-10-11T13:00:00Z,653.6,FAR,Scottish Premiership,standard,Aberdeen,ST Johnstone,32,Betano,ht_ou,under,0.5,2.75,api_football,open
2026-10-11T02:06:25Z,1556670,2026-10-11T13:00:00Z,653.6,FAR,Scottish Premiership,standard,Aberdeen,ST Johnstone,32,Betano,btts,yes,,1.7,api_football,open
2026-10-11T02:06:25Z,1556670,2026-10-11T13:00:00Z,653.6,FAR,Scottish Premiership,standard,Aberdeen,ST Johnstone,32,Betano,btts,no,,2.07,api_football,open
2026-10-11T02:06:25Z,1601546,2026-10-11T13:00:00Z,653.6,FAR,Serie B,standard,Catanzaro,Mantova,3,Betfair,ou,over,1.5,1.22,api_football,open
2026-10-11T02:06:25Z,1601546,2026-10-11T13:00:00Z,653.6,FAR,Serie B,standard,Catanzaro,Mantova,3,Betfair,ou,under,1.5,4.1,api_football,open
2026-10-11T02:06:25Z,1601546,2026-10-11T13:00:00Z,653.6,FAR,Serie B,standard,Catanzaro,Mantova,3,Betfair,ou,over,2.5,1.8,api_football,open
2026-10-11T02:06:25Z,1601546,2026-10-11T13:00:00Z,653.6,FAR,Serie B,standard,Catanzaro,Mantova,3,Betfair,ou,under,2.5,2.0,api_football,open
2026-10-11T02:06:25Z,1601546,2026-10-11T13:00:00Z,653.6,FAR,Serie B,standard,Catanzaro,Mantova,3,Betfair,ou,over,3.5,3.1,api_football,open
2026-10-11T02:06:25Z,1601546,2026-10-11T13:00:00Z,653.6,FAR,Serie B,standard,Catanzaro,Mantova,3,Betfair,ou,under,3.5,1.36,api_football,open
2026-10-11T02:06:25Z,1601546,2026-10-11T13:00:00Z,653.6,FAR,Serie B,standard,Catanzaro,Mantova,3,Betfair,btts,yes,,1.62,api_football,open
2026-10-11T02:06:25Z,1601546,2026-10-11T13:00:00Z,653.6,FAR,Serie B,standard,Catanzaro,Mantova,3,Betfair,btts,no,,2.25,api_football,open
2026-10-11T02:06:25Z,1584427,2026-10-11T10:30:00Z,503.6,FAR,Turkish Super Lig,standard,Konyaspor,Başakşehir,7,William Hill,ht_ou,over,1.5,2.5,api_football,open
2026-10-11T02:06:25Z,1584427,2026-10-11T10:30:00Z,503.6,FAR,Turkish Super Lig,standard,Konyaspor,Başakşehir,7,William Hill,ht_ou,under,1.5,1.44,api_football,open
2026-10-11T02:06:25Z,1584427,2026-10-11T10:30:00Z,503.6,FAR,Turkish Super Lig,standard,Konyaspor,Başakşehir,7,William Hill,ht_ou,over,0.5,1.33,api_football,open
2026-10-11T02:06:25Z,1584427,2026-10-11T10:30:00Z,503.6,FAR,Turkish Super Lig,standard,Konyaspor,Başakşehir,7,William Hill,ht_ou,under,0.5,3.1,api_football,open
2026-10-11T02:06:25Z,1584427,2026-10-11T10:30:00Z,503.6,FAR,Turkish Super Lig,standard,Konyaspor,Başakşehir,7,William Hill,btts,yes,,1.65,api_football,open
2026-10-11T02:06:25Z,1584427,2026-10-11T10:30:00Z,503.6,FAR,Turkish Super Lig,standard,Konyaspor,Başakşehir,7,William Hill,btts,no,,2.15,api_football,open
2026-10-11T02:06:25Z,1584427,2026-10-11T10:30:00Z,503.6,FAR,Turkish Super Lig,standard,Konyaspor,Başakşehir,8,Bet365,ou,over,1.5,1.22,api_football,open
2026-10-11T02:06:25Z,1584427,2026-10-11T10:30:00Z,503.6,FAR,Turkish Super Lig,standard,Konyaspor,Başakşehir,8,Bet365,ou,under,1.5,4.0,api_football,open
2026-10-11T02:06:25Z,1584427,2026-10-11T10:30:00Z,503.6,FAR,Turkish Super Lig,standard,Konyaspor,Başakşehir,8,Bet365,ou,over,2.5,1.75,api_football,open
2026-10-11T02:06:25Z,1584427,2026-10-11T10:30:00Z,503.6,FAR,Turkish Super Lig,standard,Konyaspor,Başakşehir,8,Bet365,ou,under,2.5,2.05,api_football,open
2026-10-11T02:06:25Z,1584427,2026-10-11T10:30:00Z,503.6,FAR,Turkish Super Lig,standard,Konyaspor,Başakşehir,8,Bet365,ou,over,3.5,2.75,api_football,open
2026-10-11T02:06:25Z,1584427,2026-10-11T10:30:00Z,503.6,FAR,Turkish Super Lig,standard,Konyaspor,Başakşehir,8,Bet365,ou,under,3.5,1.4,api_football,open
2026-10-11T02:06:25Z,1584427,2026-10-11T10:30:00Z,503.6,FAR,Turkish Super Lig,standard,Konyaspor,Başakşehir,8,Bet365,ht_ou,over,1.5,2.62,api_football,open
2026-10-11T02:06:25Z,1584427,2026-10-11T10:30:00Z,503.6,FAR,Turkish Super Lig,standard,Konyaspor,Başakşehir,8,Bet365,ht_ou,under,1.5,1.44,api_football,open
2026-10-11T02:06:25Z,1584427,2026-10-11T10:30:00Z,503.6,FAR,Turkish Super Lig,standard,Konyaspor,Başakşehir,8,Bet365,ht_ou,over,0.5,1.33,api_football,open
2026-10-11T02:06:25Z,1584427,2026-10-11T10:30:00Z,503.6,FAR,Turkish Super Lig,standard,Konyaspor,Başakşehir,8,Bet365,ht_ou,under,0.5,3.25,api_football,open
2026-10-11T02:06:25Z,1584427,2026-10-11T10:30:00Z,503.6,FAR,Turkish Super Lig,standard,Konyaspor,Başakşehir,8,Bet365,btts,yes,,1.62,api_football,open
2026-10-11T02:06:25Z,1584427,2026-10-11T10:30:00Z,503.6,FAR,Turkish Super Lig,standard,Konyaspor,Başakşehir,8,Bet365,btts,no,,2.2,api_football,open
2026-10-11T02:06:25Z,1584427,2026-10-11T10:30:00Z,503.6,FAR,Turkish Super Lig,standard,Konyaspor,Başakşehir,2,Marathonbet,ou,over,1.5,1.19,api_football,open
2026-10-11T02:06:25Z,1584427,2026-10-11T10:30:00Z,503.6,FAR,Turkish Super Lig,standard,Konyaspor,Başakşehir,2,Marathonbet,ou,under,1.5,3.8,api_football,open
2026-10-11T02:06:25Z,1584427,2026-10-11T10:30:00Z,503.6,FAR,Turkish Super Lig,standard,Konyaspor,Başakşehir,2,Marathonbet,ou,over,2.5,1.73,api_football,open
2026-10-11T02:06:25Z,1584427,2026-10-11T10:30:00Z,503.6,FAR,Turkish Super Lig,standard,Konyaspor,Başakşehir,2,Marathonbet,ou,under,2.5,2.04,api_football,open
2026-10-11T02:06:25Z,1584427,2026-10-11T10:30:00Z,503.6,FAR,Turkish Super Lig,standard,Konyaspor,Başakşehir,2,Marathonbet,ou,over,3.5,2.74,api_football,open
2026-10-11T02:06:25Z,1584427,2026-10-11T10:30:00Z,503.6,FAR,Turkish Super Lig,standard,Konyaspor,Başakşehir,2,Marathonbet,ou,under,3.5,1.35,api_football,open
2026-10-11T02:06:25Z,1584427,2026-10-11T10:30:00Z,503.6,FAR,Turkish Super Lig,standard,Konyaspor,Başakşehir,2,Marathonbet,ht_ou,over,1.5,2.52,api_football,open
2026-10-11T02:06:25Z,1584427,2026-10-11T10:30:00Z,503.6,FAR,Turkish Super Lig,standard,Konyaspor,Başakşehir,2,Marathonbet,ht_ou,under,1.5,1.44,api_football,open
2026-10-11T02:06:25Z,1584427,2026-10-11T10:30:00Z,503.6,FAR,Turkish Super Lig,standard,Konyaspor,Başakşehir,2,Marathonbet,ht_ou,over,0.5,1.31,api_football,open
2026-10-11T02:06:25Z,1584427,2026-10-11T10:30:00Z,503.6,FAR,Turkish Super Lig,standard,Konyaspor,Başakşehir,2,Marathonbet,ht_ou,under,0.5,3.08,api_football,open
2026-10-11T02:06:25Z,1584427,2026-10-11T10:30:00Z,503.6,FAR,Turkish Super Lig,standard,Konyaspor,Başakşehir,2,Marathonbet,btts,yes,,1.58,api_football,open
2026-10-11T02:06:25Z,1584427,2026-10-11T10:30:00Z,503.6,FAR,Turkish Super Lig,standard,Konyaspor,Başakşehir,2,Marathonbet,btts,no,,2.2,api_football,open
2026-10-11T02:06:25Z,1584427,2026-10-11T10:30:00Z,503.6,FAR,Turkish Super Lig,standard,Konyaspor,Başakşehir,3,Betfair,ou,over,1.5,1.22,api_football,open
2026-10-11T02:06:25Z,1584427,2026-10-11T10:30:00Z,503.6,FAR,Turkish Super Lig,standard,Konyaspor,Başakşehir,3,Betfair,ou,under,1.5,4.2,api_football,open
2026-10-11T02:06:25Z,1584427,2026-10-11T10:30:00Z,503.6,FAR,Turkish Super Lig,standard,Konyaspor,Başakşehir,3,Betfair,ou,over,2.5,1.75,api_football,open
2026-10-11T02:06:25Z,1584427,2026-10-11T10:30:00Z,503.6,FAR,Turkish Super Lig,standard,Konyaspor,Başakşehir,3,Betfair,ou,under,2.5,2.05,api_football,open
2026-10-11T02:06:25Z,1584427,2026-10-11T10:30:00Z,503.6,FAR,Turkish Super Lig,standard,Konyaspor,Başakşehir,3,Betfair,ou,over,3.5,2.88,api_football,open
2026-10-11T02:06:25Z,1584427,2026-10-11T10:30:00Z,503.6,FAR,Turkish Super Lig,standard,Konyaspor,Başakşehir,3,Betfair,ou,under,3.5,1.4,api_football,open
2026-10-11T02:06:25Z,1584427,2026-10-11T10:30:00Z,503.6,FAR,Turkish Super Lig,standard,Konyaspor,Başakşehir,3,Betfair,ht_ou,over,1.5,2.55,api_football,open
2026-10-11T02:06:25Z,1584427,2026-10-11T10:30:00Z,503.6,FAR,Turkish Super Lig,standard,Konyaspor,Başakşehir,3,Betfair,ht_ou,under,1.5,1.45,api_football,open
2026-10-11T02:06:25Z,1584427,2026-10-11T10:30:00Z,503.6,FAR,Turkish Super Lig,standard,Konyaspor,Başakşehir,3,Betfair,ht_ou,over,0.5,1.29,api_football,open
2026-10-11T02:06:25Z,1584427,2026-10-11T10:30:00Z,503.6,FAR,Turkish Super Lig,standard,Konyaspor,Başakşehir,3,Betfair,ht_ou,under,0.5,3.3,api_football,open
2026-10-11T02:06:25Z,1584427,2026-10-11T10:30:00Z,503.6,FAR,Turkish Super Lig,standard,Konyaspor,Başakşehir,3,Betfair,btts,yes,,1.6,api_football,open
2026-10-11T02:06:25Z,1584427,2026-10-11T10:30:00Z,503.6,FAR,Turkish Super Lig,standard,Konyaspor,Başakşehir,3,Betfair,btts,no,,2.3,api_football,open
2026-10-11T02:06:25Z,1584427,2026-10-11T10:30:00Z,503.6,FAR,Turkish Super Lig,standard,Konyaspor,Başakşehir,36,BetVictor,ou,over,1.5,1.22,api_football,open
2026-10-11T02:06:25Z,1584427,2026-10-11T10:30:00Z,503.6,FAR,Turkish Super Lig,standard,Konyaspor,Başakşehir,36,BetVictor,ou,under,1.5,3.9,api_football,open
2026-10-11T02:06:25Z,1584427,2026-10-11T10:30:00Z,503.6,FAR,Turkish Super Lig,standard,Konyaspor,Başakşehir,36,BetVictor,ou,over,2.5,1.71,api_football,open
2026-10-11T02:06:25Z,1584427,2026-10-11T10:30:00Z,503.6,FAR,Turkish Super Lig,standard,Konyaspor,Başakşehir,36,BetVictor,ou,under,2.5,1.98,api_football,open
2026-10-11T02:06:25Z,1584427,2026-10-11T10:30:00Z,503.6,FAR,Turkish Super Lig,standard,Konyaspor,Başakşehir,36,BetVictor,ou,over,3.5,2.9,api_football,open
2026-10-11T02:06:25Z,1584427,2026-10-11T10:30:00Z,503.6,FAR,Turkish Super Lig,standard,Konyaspor,Başakşehir,36,BetVictor,ou,under,3.5,1.36,api_football,open
2026-10-11T02:06:25Z,1584427,2026-10-11T10:30:00Z,503.6,FAR,Turkish Super Lig,standard,Konyaspor,Başakşehir,36,BetVictor,ht_ou,over,1.5,2.44,api_football,open
2026-10-11T02:06:25Z,1584427,2026-10-11T10:30:00Z,503.6,FAR,Turkish Super Lig,standard,Konyaspor,Başakşehir,36,BetVictor,ht_ou,under,1.5,1.47,api_football,open
2026-10-11T02:06:25Z,1584427,2026-10-11T10:30:00Z,503.6,FAR,Turkish Super Lig,standard,Konyaspor,Başakşehir,36,BetVictor,ht_ou,over,0.5,1.35,api_football,open
2026-10-11T02:06:25Z,1584427,2026-10-11T10:30:00Z,503.6,FAR,Turkish Super Lig,standard,Konyaspor,Başakşehir,36,BetVictor,ht_ou,under,0.5,2.86,api_football,open
2026-10-11T02:06:25Z,1584427,2026-10-11T10:30:00Z,503.6,FAR,Turkish Super Lig,standard,Konyaspor,Başakşehir,36,BetVictor,btts,yes,,1.57,api_football,open
2026-10-11T02:06:25Z,1584427,2026-10-11T10:30:00Z,503.6,FAR,Turkish Super Lig,standard,Konyaspor,Başakşehir,36,BetVictor,btts,no,,2.25,api_football,open
2026-10-11T02:06:25Z,1584427,2026-10-11T10:30:00Z,503.6,FAR,Turkish Super Lig,standard,Konyaspor,Başakşehir,4,Pinnacle,ou,over,1.5,1.23,api_football,open
2026-10-11T02:06:25Z,1584427,2026-10-11T10:30:00Z,503.6,FAR,Turkish Super Lig,standard,Konyaspor,Başakşehir,4,Pinnacle,ou,under,1.5,4.25,api_football,open
2026-10-11T02:06:25Z,1584427,2026-10-11T10:30:00Z,503.6,FAR,Turkish Super Lig,standard,Konyaspor,Başakşehir,4,Pinnacle,ou,over,2.5,1.78,api_football,open
2026-10-11T02:06:25Z,1584427,2026-10-11T10:30:00Z,503.6,FAR,Turkish Super Lig,standard,Konyaspor,Başakşehir,4,Pinnacle,ou,under,2.5,2.1,api_football,open
2026-10-11T02:06:25Z,1584427,2026-10-11T10:30:00Z,503.6,FAR,Turkish Super Lig,standard,Konyaspor,Başakşehir,4,Pinnacle,ou,over,3.5,2.89,api_football,open
2026-10-11T02:06:25Z,1584427,2026-10-11T10:30:00Z,503.6,FAR,Turkish Super Lig,standard,Konyaspor,Başakşehir,4,Pinnacle,ou,under,3.5,1.43,api_football,open
2026-10-11T02:06:25Z,1584427,2026-10-11T10:30:00Z,503.6,FAR,Turkish Super Lig,standard,Konyaspor,Başakşehir,4,Pinnacle,ht_ou,over,1.5,2.66,api_football,open
2026-10-11T02:06:25Z,1584427,2026-10-11T10:30:00Z,503.6,FAR,Turkish Super Lig,standard,Konyaspor,Başakşehir,4,Pinnacle,ht_ou,under,1.5,1.47,api_football,open
2026-10-11T02:06:25Z,1584427,2026-10-11T10:30:00Z,503.6,FAR,Turkish Super Lig,standard,Konyaspor,Başakşehir,4,Pinnacle,ht_ou,over,0.5,1.34,api_football,open
2026-10-11T02:06:25Z,1584427,2026-10-11T10:30:00Z,503.6,FAR,Turkish Super Lig,standard,Konyaspor,Başakşehir,4,Pinnacle,ht_ou,under,0.5,3.27,api_football,open
2026-10-11T02:06:25Z,1584427,2026-10-11T10:30:00Z,503.6,FAR,Turkish Super Lig,standard,Konyaspor,Başakşehir,5,SBO,ou,over,2.5,1.82,api_football,open
2026-10-11T02:06:25Z,1584427,2026-10-11T10:30:00Z,503.6,FAR,Turkish Super Lig,standard,Konyaspor,Başakşehir,5,SBO,ou,under,2.5,2.0,api_football,open
2026-10-11T02:06:25Z,1584427,2026-10-11T10:30:00Z,503.6,FAR,Turkish Super Lig,standard,Konyaspor,Başakşehir,11,1xBet,ou,over,1.5,1.19,api_football,open
2026-10-11T02:06:25Z,1584427,2026-10-11T10:30:00Z,503.6,FAR,Turkish Super Lig,standard,Konyaspor,Başakşehir,11,1xBet,ou,under,1.5,3.8,api_football,open
2026-10-11T02:06:25Z,1584427,2026-10-11T10:30:00Z,503.6,FAR,Turkish Super Lig,standard,Konyaspor,Başakşehir,11,1xBet,ou,over,2.5,1.79,api_football,open
2026-10-11T02:06:25Z,1584427,2026-10-11T10:30:00Z,503.6,FAR,Turkish Super Lig,standard,Konyaspor,Başakşehir,11,1xBet,ou,under,2.5,2.12,api_football,open
2026-10-11T02:06:25Z,1584427,2026-10-11T10:30:00Z,503.6,FAR,Turkish Super Lig,standard,Konyaspor,Başakşehir,11,1xBet,ou,over,3.5,2.74,api_football,open
2026-10-11T02:06:25Z,1584427,2026-10-11T10:30:00Z,503.6,FAR,Turkish Super Lig,standard,Konyaspor,Başakşehir,11,1xBet,ou,under,3.5,1.35,api_football,open
2026-10-11T02:06:25Z,1584427,2026-10-11T10:30:00Z,503.6,FAR,Turkish Super Lig,standard,Konyaspor,Başakşehir,11,1xBet,ht_ou,over,1.5,2.52,api_football,open
2026-10-11T02:06:25Z,1584427,2026-10-11T10:30:00Z,503.6,FAR,Turkish Super Lig,standard,Konyaspor,Başakşehir,11,1xBet,ht_ou,under,1.5,1.44,api_football,open
2026-10-11T02:06:25Z,1584427,2026-10-11T10:30:00Z,503.6,FAR,Turkish Super Lig,standard,Konyaspor,Başakşehir,11,1xBet,ht_ou,over,0.5,1.31,api_football,open
2026-10-11T02:06:25Z,1584427,2026-10-11T10:30:00Z,503.6,FAR,Turkish Super Lig,standard,Konyaspor,Başakşehir,11,1xBet,ht_ou,under,0.5,3.08,api_football,open
2026-10-11T02:06:25Z,1584427,2026-10-11T10:30:00Z,503.6,FAR,Turkish Super Lig,standard,Konyaspor,Başakşehir,11,1xBet,btts,yes,,1.58,api_football,open
2026-10-11T02:06:25Z,1584427,2026-10-11T10:30:00Z,503.6,FAR,Turkish Super Lig,standard,Konyaspor,Başakşehir,11,1xBet,btts,no,,2.23,api_football,open
2026-10-11T02:06:25Z,1584427,2026-10-11T10:30:00Z,503.6,FAR,Turkish Super Lig,standard,Konyaspor,Başakşehir,32,Betano,ou,over,1.5,1.26,api_football,open
2026-10-11T02:06:25Z,1584427,2026-10-11T10:30:00Z,503.6,FAR,Turkish Super Lig,standard,Konyaspor,Başakşehir,32,Betano,ou,under,1.5,3.9,api_football,open
2026-10-11T02:06:25Z,1584427,2026-10-11T10:30:00Z,503.6,FAR,Turkish Super Lig,standard,Konyaspor,Başakşehir,32,Betano,ou,over,2.5,1.78,api_football,open
2026-10-11T02:06:25Z,1584427,2026-10-11T10:30:00Z,503.6,FAR,Turkish Super Lig,standard,Konyaspor,Başakşehir,32,Betano,ou,under,2.5,2.07,api_football,open
2026-10-11T02:06:25Z,1584427,2026-10-11T10:30:00Z,503.6,FAR,Turkish Super Lig,standard,Konyaspor,Başakşehir,32,Betano,ou,over,3.5,2.9,api_football,open
2026-10-11T02:06:25Z,1584427,2026-10-11T10:30:00Z,503.6,FAR,Turkish Super Lig,standard,Konyaspor,Başakşehir,32,Betano,ou,under,3.5,1.44,api_football,open
2026-10-11T02:06:25Z,1584427,2026-10-11T10:30:00Z,503.6,FAR,Turkish Super Lig,standard,Konyaspor,Başakşehir,32,Betano,ht_ou,over,1.5,2.67,api_football,open
2026-10-11T02:06:25Z,1584427,2026-10-11T10:30:00Z,503.6,FAR,Turkish Super Lig,standard,Konyaspor,Başakşehir,32,Betano,ht_ou,under,1.5,1.47,api_football,open
2026-10-11T02:06:25Z,1584427,2026-10-11T10:30:00Z,503.6,FAR,Turkish Super Lig,standard,Konyaspor,Başakşehir,32,Betano,ht_ou,over,0.5,1.4,api_football,open
2026-10-11T02:06:25Z,1584427,2026-10-11T10:30:00Z,503.6,FAR,Turkish Super Lig,standard,Konyaspor,Başakşehir,32,Betano,ht_ou,under,0.5,3.0,api_football,open
2026-10-11T02:06:25Z,1584427,2026-10-11T10:30:00Z,503.6,FAR,Turkish Super Lig,standard,Konyaspor,Başakşehir,32,Betano,btts,yes,,1.6,api_football,open
2026-10-11T02:06:25Z,1584427,2026-10-11T10:30:00Z,503.6,FAR,Turkish Super Lig,standard,Konyaspor,Başakşehir,32,Betano,btts,no,,2.25,api_football,open
2026-10-11T02:06:25Z,1584425,2026-10-11T13:00:00Z,653.6,FAR,Turkish Super Lig,standard,Gaziantep FK,Çorum FK,7,William Hill,ht_ou,over,1.5,2.62,api_football,open
2026-10-11T02:06:25Z,1584425,2026-10-11T13:00:00Z,653.6,FAR,Turkish Super Lig,standard,Gaziantep FK,Çorum FK,7,William Hill,ht_ou,under,1.5,1.4,api_football,open
2026-10-11T02:06:25Z,1584425,2026-10-11T13:00:00Z,653.6,FAR,Turkish Super Lig,standard,Gaziantep FK,Çorum FK,7,William Hill,ht_ou,over,0.5,1.35,api_football,open
2026-10-11T02:06:25Z,1584425,2026-10-11T13:00:00Z,653.6,FAR,Turkish Super Lig,standard,Gaziantep FK,Çorum FK,7,William Hill,ht_ou,under,0.5,3.0,api_football,open
2026-10-11T02:06:25Z,1584425,2026-10-11T13:00:00Z,653.6,FAR,Turkish Super Lig,standard,Gaziantep FK,Çorum FK,7,William Hill,btts,yes,,1.7,api_football,open
2026-10-11T02:06:25Z,1584425,2026-10-11T13:00:00Z,653.6,FAR,Turkish Super Lig,standard,Gaziantep FK,Çorum FK,7,William Hill,btts,no,,2.05,api_football,open
2026-10-11T02:06:25Z,1584425,2026-10-11T13:00:00Z,653.6,FAR,Turkish Super Lig,standard,Gaziantep FK,Çorum FK,8,Bet365,ou,over,1.5,1.28,api_football,open
2026-10-11T02:06:25Z,1584425,2026-10-11T13:00:00Z,653.6,FAR,Turkish Super Lig,standard,Gaziantep FK,Çorum FK,8,Bet365,ou,under,1.5,3.5,api_football,open
2026-10-11T02:06:25Z,1584425,2026-10-11T13:00:00Z,653.6,FAR,Turkish Super Lig,standard,Gaziantep FK,Çorum FK,8,Bet365,ou,over,2.5,1.9,api_football,open
2026-10-11T02:06:25Z,1584425,2026-10-11T13:00:00Z,653.6,FAR,Turkish Super Lig,standard,Gaziantep FK,Çorum FK,8,Bet365,ou,under,2.5,1.9,api_football,open
2026-10-11T02:06:25Z,1584425,2026-10-11T13:00:00Z,653.6,FAR,Turkish Super Lig,standard,Gaziantep FK,Çorum FK,8,Bet365,ou,over,3.5,3.25,api_football,open
2026-10-11T02:06:25Z,1584425,2026-10-11T13:00:00Z,653.6,FAR,Turkish Super Lig,standard,Gaziantep FK,Çorum FK,8,Bet365,ou,under,3.5,1.33,api_football,open
2026-10-11T02:06:25Z,1584425,2026-10-11T13:00:00Z,653.6,FAR,Turkish Super Lig,standard,Gaziantep FK,Çorum FK,8,Bet365,ht_ou,over,1.5,2.75,api_football,open
2026-10-11T02:06:25Z,1584425,2026-10-11T13:00:00Z,653.6,FAR,Turkish Super Lig,standard,Gaziantep FK,Çorum FK,8,Bet365,ht_ou,under,1.5,1.4,api_football,open
2026-10-11T02:06:25Z,1584425,2026-10-11T13:00:00Z,653.6,FAR,Turkish Super Lig,standard,Gaziantep FK,Çorum FK,8,Bet365,ht_ou,over,0.5,1.36,api_football,open
2026-10-11T02:06:25Z,1584425,2026-10-11T13:00:00Z,653.6,FAR,Turkish Super Lig,standard,Gaziantep FK,Çorum FK,8,Bet365,ht_ou,under,0.5,3.0,api_football,open
2026-10-11T02:06:25Z,1584425,2026-10-11T13:00:00Z,653.6,FAR,Turkish Super Lig,standard,Gaziantep FK,Çorum FK,8,Bet365,btts,yes,,1.67,api_football,open
2026-10-11T02:06:25Z,1584425,2026-10-11T13:00:00Z,653.6,FAR,Turkish Super Lig,standard,Gaziantep FK,Çorum FK,8,Bet365,btts,no,,2.1,api_football,open
2026-10-11T02:06:25Z,1584425,2026-10-11T13:00:00Z,653.6,FAR,Turkish Super Lig,standard,Gaziantep FK,Çorum FK,2,Marathonbet,ou,over,1.5,1.22,api_football,open
2026-10-11T02:06:25Z,1584425,2026-10-11T13:00:00Z,653.6,FAR,Turkish Super Lig,standard,Gaziantep FK,Çorum FK,2,Marathonbet,ou,under,1.5,3.5,api_football,open
2026-10-11T02:06:25Z,1584425,2026-10-11T13:00:00Z,653.6,FAR,Turkish Super Lig,standard,Gaziantep FK,Çorum FK,2,Marathonbet,ou,over,2.5,1.83,api_football,open
2026-10-11T02:06:25Z,1584425,2026-10-11T13:00:00Z,653.6,FAR,Turkish Super Lig,standard,Gaziantep FK,Çorum FK,2,Marathonbet,ou,under,2.5,1.91,api_football,open
2026-10-11T02:06:25Z,1584425,2026-10-11T13:00:00Z,653.6,FAR,Turkish Super Lig,standard,Gaziantep FK,Çorum FK,2,Marathonbet,ou,over,3.5,3.04,api_football,open
2026-10-11T02:06:25Z,1584425,2026-10-11T13:00:00Z,653.6,FAR,Turkish Super Lig,standard,Gaziantep FK,Çorum FK,2,Marathonbet,ou,under,3.5,1.29,api_football,open
2026-10-11T02:06:25Z,1584425,2026-10-11T13:00:00Z,653.6,FAR,Turkish Super Lig,standard,Gaziantep FK,Çorum FK,2,Marathonbet,ht_ou,over,1.5,2.67,api_football,open
2026-10-11T02:06:25Z,1584425,2026-10-11T13:00:00Z,653.6,FAR,Turkish Super Lig,standard,Gaziantep FK,Çorum FK,2,Marathonbet,ht_ou,under,1.5,1.4,api_football,open
2026-10-11T02:06:25Z,1584425,2026-10-11T13:00:00Z,653.6,FAR,Turkish Super Lig,standard,Gaziantep FK,Çorum FK,2,Marathonbet,ht_ou,over,0.5,1.33,api_football,open
2026-10-11T02:06:25Z,1584425,2026-10-11T13:00:00Z,653.6,FAR,Turkish Super Lig,standard,Gaziantep FK,Çorum FK,2,Marathonbet,ht_ou,under,0.5,2.95,api_football,open
2026-10-11T02:06:25Z,1584425,2026-10-11T13:00:00Z,653.6,FAR,Turkish Super Lig,standard,Gaziantep FK,Çorum FK,2,Marathonbet,btts,yes,,1.65,api_football,open
2026-10-11T02:06:25Z,1584425,2026-10-11T13:00:00Z,653.6,FAR,Turkish Super Lig,standard,Gaziantep FK,Çorum FK,2,Marathonbet,btts,no,,2.08,api_football,open
2026-10-11T02:06:25Z,1584425,2026-10-11T13:00:00Z,653.6,FAR,Turkish Super Lig,standard,Gaziantep FK,Çorum FK,3,Betfair,ou,over,1.5,1.29,api_football,open
2026-10-11T02:06:25Z,1584425,2026-10-11T13:00:00Z,653.6,FAR,Turkish Super Lig,standard,Gaziantep FK,Çorum FK,3,Betfair,ou,under,1.5,3.5,api_football,open
2026-10-11T02:06:25Z,1584425,2026-10-11T13:00:00Z,653.6,FAR,Turkish Super Lig,standard,Gaziantep FK,Çorum FK,3,Betfair,ou,over,2.5,1.87,api_football,open
2026-10-11T02:06:25Z,1584425,2026-10-11T13:00:00Z,653.6,FAR,Turkish Super Lig,standard,Gaziantep FK,Çorum FK,3,Betfair,ou,under,2.5,1.9,api_football,open
2026-10-11T02:06:25Z,1584425,2026-10-11T13:00:00Z,653.6,FAR,Turkish Super Lig,standard,Gaziantep FK,Çorum FK,3,Betfair,ou,over,3.5,3.25,api_football,open
2026-10-11T02:06:25Z,1584425,2026-10-11T13:00:00Z,653.6,FAR,Turkish Super Lig,standard,Gaziantep FK,Çorum FK,3,Betfair,ou,under,3.5,1.33,api_football,open
2026-10-11T02:06:25Z,1584425,2026-10-11T13:00:00Z,653.6,FAR,Turkish Super Lig,standard,Gaziantep FK,Çorum FK,3,Betfair,ht_ou,over,1.5,2.75,api_football,open
2026-10-11T02:06:25Z,1584425,2026-10-11T13:00:00Z,653.6,FAR,Turkish Super Lig,standard,Gaziantep FK,Çorum FK,3,Betfair,ht_ou,under,1.5,1.4,api_football,open
2026-10-11T02:06:25Z,1584425,2026-10-11T13:00:00Z,653.6,FAR,Turkish Super Lig,standard,Gaziantep FK,Çorum FK,3,Betfair,ht_ou,over,0.5,1.33,api_football,open
2026-10-11T02:06:25Z,1584425,2026-10-11T13:00:00Z,653.6,FAR,Turkish Super Lig,standard,Gaziantep FK,Çorum FK,3,Betfair,ht_ou,under,0.5,3.0,api_football,open
2026-10-11T02:06:25Z,1584425,2026-10-11T13:00:00Z,653.6,FAR,Turkish Super Lig,standard,Gaziantep FK,Çorum FK,3,Betfair,btts,yes,,1.67,api_football,open
2026-10-11T02:06:25Z,1584425,2026-10-11T13:00:00Z,653.6,FAR,Turkish Super Lig,standard,Gaziantep FK,Çorum FK,3,Betfair,btts,no,,2.15,api_football,open
2026-10-11T02:06:25Z,1584425,2026-10-11T13:00:00Z,653.6,FAR,Turkish Super Lig,standard,Gaziantep FK,Çorum FK,36,BetVictor,ou,over,1.5,1.25,api_football,open
2026-10-11T02:06:25Z,1584425,2026-10-11T13:00:00Z,653.6,FAR,Turkish Super Lig,standard,Gaziantep FK,Çorum FK,36,BetVictor,ou,under,1.5,3.6,api_football,open
2026-10-11T02:06:25Z,1584425,2026-10-11T13:00:00Z,653.6,FAR,Turkish Super Lig,standard,Gaziantep FK,Çorum FK,36,BetVictor,ou,over,2.5,1.83,api_football,open
2026-10-11T02:06:25Z,1584425,2026-10-11T13:00:00Z,653.6,FAR,Turkish Super Lig,standard,Gaziantep FK,Çorum FK,36,BetVictor,ou,under,2.5,1.84,api_football,open
2026-10-11T02:06:25Z,1584425,2026-10-11T13:00:00Z,653.6,FAR,Turkish Super Lig,standard,Gaziantep FK,Çorum FK,36,BetVictor,ou,over,3.5,3.25,api_football,open
2026-10-11T02:06:25Z,1584425,2026-10-11T13:00:00Z,653.6,FAR,Turkish Super Lig,standard,Gaziantep FK,Çorum FK,36,BetVictor,ou,under,3.5,1.3,api_football,open
2026-10-11T02:06:25Z,1584425,2026-10-11T13:00:00Z,653.6,FAR,Turkish Super Lig,standard,Gaziantep FK,Çorum FK,36,BetVictor,ht_ou,over,1.5,2.56,api_football,open
2026-10-11T02:06:25Z,1584425,2026-10-11T13:00:00Z,653.6,FAR,Turkish Super Lig,standard,Gaziantep FK,Çorum FK,36,BetVictor,ht_ou,under,1.5,1.43,api_football,open
2026-10-11T02:06:25Z,1584425,2026-10-11T13:00:00Z,653.6,FAR,Turkish Super Lig,standard,Gaziantep FK,Çorum FK,36,BetVictor,ht_ou,over,0.5,1.38,api_football,open
2026-10-11T02:06:25Z,1584425,2026-10-11T13:00:00Z,653.6,FAR,Turkish Super Lig,standard,Gaziantep FK,Çorum FK,36,BetVictor,ht_ou,under,0.5,2.74,api_football,open
2026-10-11T02:06:25Z,1584425,2026-10-11T13:00:00Z,653.6,FAR,Turkish Super Lig,standard,Gaziantep FK,Çorum FK,36,BetVictor,btts,yes,,1.65,api_football,open
2026-10-11T02:06:25Z,1584425,2026-10-11T13:00:00Z,653.6,FAR,Turkish Super Lig,standard,Gaziantep FK,Çorum FK,36,BetVictor,btts,no,,2.1,api_football,open
2026-10-11T02:06:25Z,1584425,2026-10-11T13:00:00Z,653.6,FAR,Turkish Super Lig,standard,Gaziantep FK,Çorum FK,4,Pinnacle,ou,over,1.5,1.27,api_football,open
2026-10-11T02:06:25Z,1584425,2026-10-11T13:00:00Z,653.6,FAR,Turkish Super Lig,standard,Gaziantep FK,Çorum FK,4,Pinnacle,ou,under,1.5,3.86,api_football,open
2026-10-11T02:06:25Z,1584425,2026-10-11T13:00:00Z,653.6,FAR,Turkish Super Lig,standard,Gaziantep FK,Çorum FK,4,Pinnacle,ou,over,2.5,1.9,api_football,open
2026-10-11T02:06:25Z,1584425,2026-10-11T13:00:00Z,653.6,FAR,Turkish Super Lig,standard,Gaziantep FK,Çorum FK,4,Pinnacle,ou,under,2.5,1.97,api_football,open
2026-10-11T02:06:25Z,1584425,2026-10-11T13:00:00Z,653.6,FAR,Turkish Super Lig,standard,Gaziantep FK,Çorum FK,4,Pinnacle,ou,over,3.5,3.14,api_football,open
2026-10-11T02:06:25Z,1584425,2026-10-11T13:00:00Z,653.6,FAR,Turkish Super Lig,standard,Gaziantep FK,Çorum FK,4,Pinnacle,ou,under,3.5,1.38,api_football,open
2026-10-11T02:06:25Z,1584425,2026-10-11T13:00:00Z,653.6,FAR,Turkish Super Lig,standard,Gaziantep FK,Çorum FK,4,Pinnacle,ht_ou,over,1.5,2.77,api_football,open
2026-10-11T02:06:25Z,1584425,2026-10-11T13:00:00Z,653.6,FAR,Turkish Super Lig,standard,Gaziantep FK,Çorum FK,4,Pinnacle,ht_ou,under,1.5,1.44,api_football,open
2026-10-11T02:06:25Z,1584425,2026-10-11T13:00:00Z,653.6,FAR,Turkish Super Lig,standard,Gaziantep FK,Çorum FK,4,Pinnacle,ht_ou,over,0.5,1.36,api_football,open
2026-10-11T02:06:25Z,1584425,2026-10-11T13:00:00Z,653.6,FAR,Turkish Super Lig,standard,Gaziantep FK,Çorum FK,4,Pinnacle,ht_ou,under,0.5,3.15,api_football,open
2026-10-11T02:06:25Z,1584425,2026-10-11T13:00:00Z,653.6,FAR,Turkish Super Lig,standard,Gaziantep FK,Çorum FK,5,SBO,ou,over,2.5,1.94,api_football,open
2026-10-11T02:06:25Z,1584425,2026-10-11T13:00:00Z,653.6,FAR,Turkish Super Lig,standard,Gaziantep FK,Çorum FK,5,SBO,ou,under,2.5,1.88,api_football,open
2026-10-11T02:06:25Z,1584425,2026-10-11T13:00:00Z,653.6,FAR,Turkish Super Lig,standard,Gaziantep FK,Çorum FK,11,1xBet,ou,over,1.5,1.22,api_football,open
2026-10-11T02:06:25Z,1584425,2026-10-11T13:00:00Z,653.6,FAR,Turkish Super Lig,standard,Gaziantep FK,Çorum FK,11,1xBet,ou,under,1.5,3.5,api_football,open
2026-10-11T02:06:25Z,1584425,2026-10-11T13:00:00Z,653.6,FAR,Turkish Super Lig,standard,Gaziantep FK,Çorum FK,11,1xBet,ou,over,2.5,1.9,api_football,open
2026-10-11T02:06:25Z,1584425,2026-10-11T13:00:00Z,653.6,FAR,Turkish Super Lig,standard,Gaziantep FK,Çorum FK,11,1xBet,ou,under,2.5,1.98,api_football,open
2026-10-11T02:06:25Z,1584425,2026-10-11T13:00:00Z,653.6,FAR,Turkish Super Lig,standard,Gaziantep FK,Çorum FK,11,1xBet,ou,over,3.5,3.04,api_football,open
2026-10-11T02:06:25Z,1584425,2026-10-11T13:00:00Z,653.6,FAR,Turkish Super Lig,standard,Gaziantep FK,Çorum FK,11,1xBet,ou,under,3.5,1.29,api_football,open
2026-10-11T02:06:25Z,1584425,2026-10-11T13:00:00Z,653.6,FAR,Turkish Super Lig,standard,Gaziantep FK,Çorum FK,11,1xBet,ht_ou,over,1.5,2.67,api_football,open
2026-10-11T02:06:25Z,1584425,2026-10-11T13:00:00Z,653.6,FAR,Turkish Super Lig,standard,Gaziantep FK,Çorum FK,11,1xBet,ht_ou,under,1.5,1.4,api_football,open
2026-10-11T02:06:25Z,1584425,2026-10-11T13:00:00Z,653.6,FAR,Turkish Super Lig,standard,Gaziantep FK,Çorum FK,11,1xBet,ht_ou,over,0.5,1.33,api_football,open
2026-10-11T02:06:25Z,1584425,2026-10-11T13:00:00Z,653.6,FAR,Turkish Super Lig,standard,Gaziantep FK,Çorum FK,11,1xBet,ht_ou,under,0.5,2.95,api_football,open
2026-10-11T02:06:25Z,1584425,2026-10-11T13:00:00Z,653.6,FAR,Turkish Super Lig,standard,Gaziantep FK,Çorum FK,11,1xBet,btts,yes,,1.65,api_football,open
2026-10-11T02:06:25Z,1584425,2026-10-11T13:00:00Z,653.6,FAR,Turkish Super Lig,standard,Gaziantep FK,Çorum FK,11,1xBet,btts,no,,2.11,api_football,open
2026-10-11T02:06:25Z,1584425,2026-10-11T13:00:00Z,653.6,FAR,Turkish Super Lig,standard,Gaziantep FK,Çorum FK,32,Betano,ou,over,1.5,1.29,api_football,open
2026-10-11T02:06:25Z,1584425,2026-10-11T13:00:00Z,653.6,FAR,Turkish Super Lig,standard,Gaziantep FK,Çorum FK,32,Betano,ou,under,1.5,3.6,api_football,open
2026-10-11T02:06:25Z,1584425,2026-10-11T13:00:00Z,653.6,FAR,Turkish Super Lig,standard,Gaziantep FK,Çorum FK,32,Betano,ou,over,2.5,1.9,api_football,open
2026-10-11T02:06:25Z,1584425,2026-10-11T13:00:00Z,653.6,FAR,Turkish Super Lig,standard,Gaziantep FK,Çorum FK,32,Betano,ou,under,2.5,1.95,api_football,open
2026-10-11T02:06:25Z,1584425,2026-10-11T13:00:00Z,653.6,FAR,Turkish Super Lig,standard,Gaziantep FK,Çorum FK,32,Betano,ou,over,3.5,3.15,api_football,open
2026-10-11T02:06:25Z,1584425,2026-10-11T13:00:00Z,653.6,FAR,Turkish Super Lig,standard,Gaziantep FK,Çorum FK,32,Betano,ou,under,3.5,1.38,api_football,open
2026-10-11T02:06:25Z,1584425,2026-10-11T13:00:00Z,653.6,FAR,Turkish Super Lig,standard,Gaziantep FK,Çorum FK,32,Betano,ht_ou,over,1.5,2.82,api_football,open
2026-10-11T02:06:25Z,1584425,2026-10-11T13:00:00Z,653.6,FAR,Turkish Super Lig,standard,Gaziantep FK,Çorum FK,32,Betano,ht_ou,under,1.5,1.44,api_football,open
2026-10-11T02:06:25Z,1584425,2026-10-11T13:00:00Z,653.6,FAR,Turkish Super Lig,standard,Gaziantep FK,Çorum FK,32,Betano,ht_ou,over,0.5,1.44,api_football,open
2026-10-11T02:06:25Z,1584425,2026-10-11T13:00:00Z,653.6,FAR,Turkish Super Lig,standard,Gaziantep FK,Çorum FK,32,Betano,ht_ou,under,0.5,2.85,api_football,open
2026-10-11T02:06:25Z,1584425,2026-10-11T13:00:00Z,653.6,FAR,Turkish Super Lig,standard,Gaziantep FK,Çorum FK,32,Betano,btts,yes,,1.65,api_football,open
2026-10-11T02:06:25Z,1584425,2026-10-11T13:00:00Z,653.6,FAR,Turkish Super Lig,standard,Gaziantep FK,Çorum FK,32,Betano,btts,no,,2.15,api_football,open
2026-10-11T02:16:36Z,1569959,2026-10-11T14:15:00Z,718.4,FAR,La Liga 2,standard,Almeria,Leganes,7,William Hill,ht_ou,over,1.5,2.4,api_football,open
2026-10-11T02:16:36Z,1569959,2026-10-11T14:15:00Z,718.4,FAR,La Liga 2,standard,Almeria,Leganes,7,William Hill,ht_ou,under,1.5,1.5,api_football,open
2026-10-11T02:16:36Z,1569959,2026-10-11T14:15:00Z,718.4,FAR,La Liga 2,standard,Almeria,Leganes,7,William Hill,ht_ou,over,0.5,1.3,api_football,open
2026-10-11T02:16:36Z,1569959,2026-10-11T14:15:00Z,718.4,FAR,La Liga 2,standard,Almeria,Leganes,7,William Hill,ht_ou,under,0.5,3.3,api_football,open
2026-10-11T02:16:36Z,1569959,2026-10-11T14:15:00Z,718.4,FAR,La Liga 2,standard,Almeria,Leganes,7,William Hill,btts,yes,,1.75,api_football,open
2026-10-11T02:16:36Z,1569959,2026-10-11T14:15:00Z,718.4,FAR,La Liga 2,standard,Almeria,Leganes,7,William Hill,btts,no,,2.0,api_football,open
2026-10-11T02:16:36Z,1569959,2026-10-11T14:15:00Z,718.4,FAR,La Liga 2,standard,Almeria,Leganes,8,Bet365,ou,over,1.5,1.22,api_football,open
2026-10-11T02:16:36Z,1569959,2026-10-11T14:15:00Z,718.4,FAR,La Liga 2,standard,Almeria,Leganes,8,Bet365,ou,under,1.5,4.0,api_football,open
2026-10-11T02:16:36Z,1569959,2026-10-11T14:15:00Z,718.4,FAR,La Liga 2,standard,Almeria,Leganes,8,Bet365,ou,over,2.5,1.73,api_football,open
2026-10-11T02:16:36Z,1569959,2026-10-11T14:15:00Z,718.4,FAR,La Liga 2,standard,Almeria,Leganes,8,Bet365,ou,under,2.5,2.08,api_football,open
2026-10-11T02:16:36Z,1569959,2026-10-11T14:15:00Z,718.4,FAR,La Liga 2,standard,Almeria,Leganes,8,Bet365,ou,over,3.5,2.75,api_football,open
2026-10-11T02:16:36Z,1569959,2026-10-11T14:15:00Z,718.4,FAR,La Liga 2,standard,Almeria,Leganes,8,Bet365,ou,under,3.5,1.4,api_football,open
2026-10-11T02:16:36Z,1569959,2026-10-11T14:15:00Z,718.4,FAR,La Liga 2,standard,Almeria,Leganes,8,Bet365,ht_ou,over,1.5,2.5,api_football,open
2026-10-11T02:16:36Z,1569959,2026-10-11T14:15:00Z,718.4,FAR,La Liga 2,standard,Almeria,Leganes,8,Bet365,ht_ou,under,1.5,1.5,api_football,open
2026-10-11T02:16:36Z,1569959,2026-10-11T14:15:00Z,718.4,FAR,La Liga 2,standard,Almeria,Leganes,8,Bet365,ht_ou,over,0.5,1.33,api_football,open
2026-10-11T02:16:36Z,1569959,2026-10-11T14:15:00Z,718.4,FAR,La Liga 2,standard,Almeria,Leganes,8,Bet365,ht_ou,under,0.5,3.25,api_football,open
2026-10-11T02:16:36Z,1569959,2026-10-11T14:15:00Z,718.4,FAR,La Liga 2,standard,Almeria,Leganes,8,Bet365,btts,yes,,1.73,api_football,open
2026-10-11T02:16:36Z,1569959,2026-10-11T14:15:00Z,718.4,FAR,La Liga 2,standard,Almeria,Leganes,8,Bet365,btts,no,,2.0,api_football,open
2026-10-11T02:16:36Z,1569959,2026-10-11T14:15:00Z,718.4,FAR,La Liga 2,standard,Almeria,Leganes,3,Betfair,ou,over,1.5,1.2,api_football,open
2026-10-11T02:16:36Z,1569959,2026-10-11T14:15:00Z,718.4,FAR,La Liga 2,standard,Almeria,Leganes,3,Betfair,ou,under,1.5,4.33,api_football,open
2026-10-11T02:16:36Z,1569959,2026-10-11T14:15:00Z,718.4,FAR,La Liga 2,standard,Almeria,Leganes,3,Betfair,ou,over,2.5,1.65,api_football,open
2026-10-11T02:16:36Z,1569959,2026-10-11T14:15:00Z,718.4,FAR,La Liga 2,standard,Almeria,Leganes,3,Betfair,ou,under,2.5,2.1,api_football,open
2026-10-11T02:16:36Z,1569959,2026-10-11T14:15:00Z,718.4,FAR,La Liga 2,standard,Almeria,Leganes,3,Betfair,ou,over,3.5,2.7,api_football,open
2026-10-11T02:16:36Z,1569959,2026-10-11T14:15:00Z,718.4,FAR,La Liga 2,standard,Almeria,Leganes,3,Betfair,ou,under,3.5,1.44,api_football,open
2026-10-11T02:16:36Z,1569959,2026-10-11T14:15:00Z,718.4,FAR,La Liga 2,standard,Almeria,Leganes,3,Betfair,btts,yes,,1.73,api_football,open
2026-10-11T02:16:36Z,1569959,2026-10-11T14:15:00Z,718.4,FAR,La Liga 2,standard,Almeria,Leganes,3,Betfair,btts,no,,2.05,api_football,open
2026-10-11T02:16:36Z,1569959,2026-10-11T14:15:00Z,718.4,FAR,La Liga 2,standard,Almeria,Leganes,36,BetVictor,ou,over,1.5,1.2,api_football,open
2026-10-11T02:16:36Z,1569959,2026-10-11T14:15:00Z,718.4,FAR,La Liga 2,standard,Almeria,Leganes,36,BetVictor,ou,under,1.5,4.2,api_football,open
2026-10-11T02:16:36Z,1569959,2026-10-11T14:15:00Z,718.4,FAR,La Liga 2,standard,Almeria,Leganes,36,BetVictor,ou,over,2.5,1.66,api_football,open
2026-10-11T02:16:36Z,1569959,2026-10-11T14:15:00Z,718.4,FAR,La Liga 2,standard,Almeria,Leganes,36,BetVictor,ou,under,2.5,2.06,api_football,open
2026-10-11T02:16:36Z,1569959,2026-10-11T14:15:00Z,718.4,FAR,La Liga 2,standard,Almeria,Leganes,36,BetVictor,ou,over,3.5,2.75,api_football,open
2026-10-11T02:16:36Z,1569959,2026-10-11T14:15:00Z,718.4,FAR,La Liga 2,standard,Almeria,Leganes,36,BetVictor,ou,under,3.5,1.4,api_football,open
2026-10-11T02:16:36Z,1569959,2026-10-11T14:15:00Z,718.4,FAR,La Liga 2,standard,Almeria,Leganes,36,BetVictor,ht_ou,over,1.5,2.29,api_football,open
2026-10-11T02:16:36Z,1569959,2026-10-11T14:15:00Z,718.4,FAR,La Liga 2,standard,Almeria,Leganes,36,BetVictor,ht_ou,under,1.5,1.53,api_football,open
2026-10-11T02:16:36Z,1569959,2026-10-11T14:15:00Z,718.4,FAR,La Liga 2,standard,Almeria,Leganes,36,BetVictor,ht_ou,over,0.5,1.29,api_football,open
2026-10-11T02:16:36Z,1569959,2026-10-11T14:15:00Z,718.4,FAR,La Liga 2,standard,Almeria,Leganes,36,BetVictor,ht_ou,under,0.5,3.4,api_football,open
2026-10-11T02:16:36Z,1569959,2026-10-11T14:15:00Z,718.4,FAR,La Liga 2,standard,Almeria,Leganes,36,BetVictor,btts,yes,,1.67,api_football,open
2026-10-11T02:16:36Z,1569959,2026-10-11T14:15:00Z,718.4,FAR,La Liga 2,standard,Almeria,Leganes,36,BetVictor,btts,no,,2.05,api_football,open
2026-10-11T02:31:54Z,1552185,2026-10-11T10:15:00Z,463.1,FAR,Dutch Eredivisie,standard,Utrecht,Willem II,5,SBO,ou,over,3.5,2.19,api_football,open
2026-10-11T02:31:54Z,1552185,2026-10-11T10:15:00Z,463.1,FAR,Dutch Eredivisie,standard,Utrecht,Willem II,5,SBO,ou,under,3.5,1.66,api_football,open
2026-10-11T02:31:54Z,1552185,2026-10-11T10:15:00Z,463.1,FAR,Dutch Eredivisie,standard,Utrecht,Willem II,5,SBO,ht_ou,over,1.5,2.19,api_football,open
2026-10-11T02:31:54Z,1552185,2026-10-11T10:15:00Z,463.1,FAR,Dutch Eredivisie,standard,Utrecht,Willem II,5,SBO,ht_ou,under,1.5,1.66,api_football,open
2026-10-11T02:31:54Z,1552187,2026-10-11T12:30:00Z,598.1,FAR,Dutch Eredivisie,standard,PEC Zwolle,Cambuur,5,SBO,ht_ou,over,1.5,2.21,api_football,open
2026-10-11T02:31:54Z,1552187,2026-10-11T12:30:00Z,598.1,FAR,Dutch Eredivisie,standard,PEC Zwolle,Cambuur,5,SBO,ht_ou,under,1.5,1.64,api_football,open
2026-10-11T02:31:54Z,1552186,2026-10-11T12:30:00Z,598.1,FAR,Dutch Eredivisie,standard,Telstar,ADO Den Haag,5,SBO,ht_ou,over,1.5,2.31,api_football,open
2026-10-11T02:31:54Z,1552186,2026-10-11T12:30:00Z,598.1,FAR,Dutch Eredivisie,standard,Telstar,ADO Den Haag,5,SBO,ht_ou,under,1.5,1.58,api_football,open
2026-10-11T02:31:54Z,1575517,2026-10-11T14:30:00Z,718.1,FAR,Portuguese Primeira Liga,standard,Rio Ave,Nacional,7,William Hill,ht_ou,over,1.5,2.9,api_football,open
2026-10-11T02:31:54Z,1575517,2026-10-11T14:30:00Z,718.1,FAR,Portuguese Primeira Liga,standard,Rio Ave,Nacional,7,William Hill,ht_ou,under,1.5,1.36,api_football,open
2026-10-11T02:31:54Z,1575517,2026-10-11T14:30:00Z,718.1,FAR,Portuguese Primeira Liga,standard,Rio Ave,Nacional,7,William Hill,ht_ou,over,0.5,1.4,api_football,open
2026-10-11T02:31:54Z,1575517,2026-10-11T14:30:00Z,718.1,FAR,Portuguese Primeira Liga,standard,Rio Ave,Nacional,7,William Hill,ht_ou,under,0.5,2.8,api_football,open
2026-10-11T02:31:54Z,1575517,2026-10-11T14:30:00Z,718.1,FAR,Portuguese Primeira Liga,standard,Rio Ave,Nacional,7,William Hill,btts,yes,,1.75,api_football,open
2026-10-11T02:31:54Z,1575517,2026-10-11T14:30:00Z,718.1,FAR,Portuguese Primeira Liga,standard,Rio Ave,Nacional,7,William Hill,btts,no,,1.95,api_football,open
2026-10-11T02:31:54Z,1575517,2026-10-11T14:30:00Z,718.1,FAR,Portuguese Primeira Liga,standard,Rio Ave,Nacional,8,Bet365,ou,over,1.5,1.33,api_football,open
2026-10-11T02:31:54Z,1575517,2026-10-11T14:30:00Z,718.1,FAR,Portuguese Primeira Liga,standard,Rio Ave,Nacional,8,Bet365,ou,under,1.5,3.25,api_football,open
2026-10-11T02:31:54Z,1575517,2026-10-11T14:30:00Z,718.1,FAR,Portuguese Primeira Liga,standard,Rio Ave,Nacional,8,Bet365,ou,over,2.5,2.08,api_football,open
2026-10-11T02:31:54Z,1575517,2026-10-11T14:30:00Z,718.1,FAR,Portuguese Primeira Liga,standard,Rio Ave,Nacional,8,Bet365,ou,under,2.5,1.73,api_football,open
2026-10-11T02:31:54Z,1575517,2026-10-11T14:30:00Z,718.1,FAR,Portuguese Primeira Liga,standard,Rio Ave,Nacional,8,Bet365,ou,over,3.5,3.75,api_football,open
2026-10-11T02:31:54Z,1575517,2026-10-11T14:30:00Z,718.1,FAR,Portuguese Primeira Liga,standard,Rio Ave,Nacional,8,Bet365,ou,under,3.5,1.25,api_football,open
2026-10-11T02:31:54Z,1575517,2026-10-11T14:30:00Z,718.1,FAR,Portuguese Primeira Liga,standard,Rio Ave,Nacional,8,Bet365,ht_ou,over,1.5,3.25,api_football,open
2026-10-11T02:31:54Z,1575517,2026-10-11T14:30:00Z,718.1,FAR,Portuguese Primeira Liga,standard,Rio Ave,Nacional,8,Bet365,ht_ou,under,1.5,1.33,api_football,open
2026-10-11T02:31:54Z,1575517,2026-10-11T14:30:00Z,718.1,FAR,Portuguese Primeira Liga,standard,Rio Ave,Nacional,8,Bet365,ht_ou,over,0.5,1.44,api_football,open
2026-10-11T02:31:54Z,1575517,2026-10-11T14:30:00Z,718.1,FAR,Portuguese Primeira Liga,standard,Rio Ave,Nacional,8,Bet365,ht_ou,under,0.5,2.62,api_football,open
2026-10-11T02:31:54Z,1575517,2026-10-11T14:30:00Z,718.1,FAR,Portuguese Primeira Liga,standard,Rio Ave,Nacional,8,Bet365,btts,yes,,1.8,api_football,open
2026-10-11T02:31:54Z,1575517,2026-10-11T14:30:00Z,718.1,FAR,Portuguese Primeira Liga,standard,Rio Ave,Nacional,8,Bet365,btts,no,,1.95,api_football,open
2026-10-11T02:31:54Z,1575517,2026-10-11T14:30:00Z,718.1,FAR,Portuguese Primeira Liga,standard,Rio Ave,Nacional,2,Marathonbet,ou,over,1.5,1.29,api_football,open
2026-10-11T02:31:54Z,1575517,2026-10-11T14:30:00Z,718.1,FAR,Portuguese Primeira Liga,standard,Rio Ave,Nacional,2,Marathonbet,ou,under,1.5,3.04,api_football,open
2026-10-11T02:31:54Z,1575517,2026-10-11T14:30:00Z,718.1,FAR,Portuguese Primeira Liga,standard,Rio Ave,Nacional,2,Marathonbet,ou,over,2.5,2.05,api_football,open
2026-10-11T02:31:54Z,1575517,2026-10-11T14:30:00Z,718.1,FAR,Portuguese Primeira Liga,standard,Rio Ave,Nacional,2,Marathonbet,ou,under,2.5,1.72,api_football,open
2026-10-11T02:31:54Z,1575517,2026-10-11T14:30:00Z,718.1,FAR,Portuguese Primeira Liga,standard,Rio Ave,Nacional,2,Marathonbet,ou,over,3.5,3.58,api_football,open
2026-10-11T02:31:54Z,1575517,2026-10-11T14:30:00Z,718.1,FAR,Portuguese Primeira Liga,standard,Rio Ave,Nacional,2,Marathonbet,ou,under,3.5,1.21,api_football,open
2026-10-11T02:31:54Z,1575517,2026-10-11T14:30:00Z,718.1,FAR,Portuguese Primeira Liga,standard,Rio Ave,Nacional,2,Marathonbet,ht_ou,over,1.5,2.83,api_football,open
2026-10-11T02:31:54Z,1575517,2026-10-11T14:30:00Z,718.1,FAR,Portuguese Primeira Liga,standard,Rio Ave,Nacional,2,Marathonbet,ht_ou,under,1.5,1.36,api_football,open
2026-10-11T02:31:54Z,1575517,2026-10-11T14:30:00Z,718.1,FAR,Portuguese Primeira Liga,standard,Rio Ave,Nacional,2,Marathonbet,ht_ou,over,0.5,1.37,api_football,open
2026-10-11T02:31:54Z,1575517,2026-10-11T14:30:00Z,718.1,FAR,Portuguese Primeira Liga,standard,Rio Ave,Nacional,2,Marathonbet,ht_ou,under,0.5,2.79,api_football,open
2026-10-11T02:31:54Z,1575517,2026-10-11T14:30:00Z,718.1,FAR,Portuguese Primeira Liga,standard,Rio Ave,Nacional,2,Marathonbet,btts,yes,,1.8,api_football,open
2026-10-11T02:31:54Z,1575517,2026-10-11T14:30:00Z,718.1,FAR,Portuguese Primeira Liga,standard,Rio Ave,Nacional,2,Marathonbet,btts,no,,1.88,api_football,open
2026-10-11T02:31:54Z,1575517,2026-10-11T14:30:00Z,718.1,FAR,Portuguese Primeira Liga,standard,Rio Ave,Nacional,3,Betfair,ou,over,1.5,1.36,api_football,open
2026-10-11T02:31:54Z,1575517,2026-10-11T14:30:00Z,718.1,FAR,Portuguese Primeira Liga,standard,Rio Ave,Nacional,3,Betfair,ou,under,1.5,3.1,api_football,open
2026-10-11T02:31:54Z,1575517,2026-10-11T14:30:00Z,718.1,FAR,Portuguese Primeira Liga,standard,Rio Ave,Nacional,3,Betfair,ou,over,2.5,2.1,api_football,open
2026-10-11T02:31:54Z,1575517,2026-10-11T14:30:00Z,718.1,FAR,Portuguese Primeira Liga,standard,Rio Ave,Nacional,3,Betfair,ou,under,2.5,1.73,api_football,open
2026-10-11T02:31:54Z,1575517,2026-10-11T14:30:00Z,718.1,FAR,Portuguese Primeira Liga,standard,Rio Ave,Nacional,3,Betfair,ou,over,3.5,3.8,api_football,open
2026-10-11T02:31:54Z,1575517,2026-10-11T14:30:00Z,718.1,FAR,Portuguese Primeira Liga,standard,Rio Ave,Nacional,3,Betfair,ou,under,3.5,1.25,api_football,open
2026-10-11T02:31:54Z,1575517,2026-10-11T14:30:00Z,718.1,FAR,Portuguese Primeira Liga,standard,Rio Ave,Nacional,3,Betfair,ht_ou,over,1.5,3.0,api_football,open
2026-10-11T02:31:54Z,1575517,2026-10-11T14:30:00Z,718.1,FAR,Portuguese Primeira Liga,standard,Rio Ave,Nacional,3,Betfair,ht_ou,under,1.5,1.33,api_football,open
2026-10-11T02:31:54Z,1575517,2026-10-11T14:30:00Z,718.1,FAR,Portuguese Primeira Liga,standard,Rio Ave,Nacional,3,Betfair,ht_ou,over,0.5,1.4,api_football,open
2026-10-11T02:31:54Z,1575517,2026-10-11T14:30:00Z,718.1,FAR,Portuguese Primeira Liga,standard,Rio Ave,Nacional,3,Betfair,ht_ou,under,0.5,2.75,api_football,open
2026-10-11T02:31:54Z,1575517,2026-10-11T14:30:00Z,718.1,FAR,Portuguese Primeira Liga,standard,Rio Ave,Nacional,3,Betfair,btts,yes,,1.87,api_football,open
2026-10-11T02:31:54Z,1575517,2026-10-11T14:30:00Z,718.1,FAR,Portuguese Primeira Liga,standard,Rio Ave,Nacional,3,Betfair,btts,no,,1.9,api_football,open
2026-10-11T02:31:54Z,1575517,2026-10-11T14:30:00Z,718.1,FAR,Portuguese Primeira Liga,standard,Rio Ave,Nacional,36,BetVictor,ou,over,1.5,1.35,api_football,open
2026-10-11T02:31:54Z,1575517,2026-10-11T14:30:00Z,718.1,FAR,Portuguese Primeira Liga,standard,Rio Ave,Nacional,36,BetVictor,ou,under,1.5,2.87,api_football,open
2026-10-11T02:31:54Z,1575517,2026-10-11T14:30:00Z,718.1,FAR,Portuguese Primeira Liga,standard,Rio Ave,Nacional,36,BetVictor,ou,over,2.5,1.98,api_football,open
2026-10-11T02:31:54Z,1575517,2026-10-11T14:30:00Z,718.1,FAR,Portuguese Primeira Liga,standard,Rio Ave,Nacional,36,BetVictor,ou,under,2.5,1.71,api_football,open
2026-10-11T02:31:54Z,1575517,2026-10-11T14:30:00Z,718.1,FAR,Portuguese Primeira Liga,standard,Rio Ave,Nacional,36,BetVictor,ou,over,3.5,3.7,api_football,open
2026-10-11T02:31:54Z,1575517,2026-10-11T14:30:00Z,718.1,FAR,Portuguese Primeira Liga,standard,Rio Ave,Nacional,36,BetVictor,ou,under,3.5,1.22,api_football,open
2026-10-11T02:31:54Z,1575517,2026-10-11T14:30:00Z,718.1,FAR,Portuguese Primeira Liga,standard,Rio Ave,Nacional,36,BetVictor,ht_ou,over,1.5,2.74,api_football,open
2026-10-11T02:31:54Z,1575517,2026-10-11T14:30:00Z,718.1,FAR,Portuguese Primeira Liga,standard,Rio Ave,Nacional,36,BetVictor,ht_ou,under,1.5,1.38,api_football,open
2026-10-11T02:31:54Z,1575517,2026-10-11T14:30:00Z,718.1,FAR,Portuguese Primeira Liga,standard,Rio Ave,Nacional,36,BetVictor,ht_ou,over,0.5,1.42,api_football,open
2026-10-11T02:31:54Z,1575517,2026-10-11T14:30:00Z,718.1,FAR,Portuguese Primeira Liga,standard,Rio Ave,Nacional,36,BetVictor,ht_ou,under,0.5,2.59,api_football,open
2026-10-11T02:31:54Z,1575517,2026-10-11T14:30:00Z,718.1,FAR,Portuguese Primeira Liga,standard,Rio Ave,Nacional,36,BetVictor,btts,yes,,1.78,api_football,open
2026-10-11T02:31:54Z,1575517,2026-10-11T14:30:00Z,718.1,FAR,Portuguese Primeira Liga,standard,Rio Ave,Nacional,36,BetVictor,btts,no,,1.93,api_football,open
2026-10-11T02:31:54Z,1575517,2026-10-11T14:30:00Z,718.1,FAR,Portuguese Primeira Liga,standard,Rio Ave,Nacional,4,Pinnacle,ou,over,1.5,1.33,api_football,open
2026-10-11T02:31:54Z,1575517,2026-10-11T14:30:00Z,718.1,FAR,Portuguese Primeira Liga,standard,Rio Ave,Nacional,4,Pinnacle,ou,under,1.5,3.39,api_football,open
2026-10-11T02:31:54Z,1575517,2026-10-11T14:30:00Z,718.1,FAR,Portuguese Primeira Liga,standard,Rio Ave,Nacional,4,Pinnacle,ou,over,2.5,2.08,api_football,open
2026-10-11T02:31:54Z,1575517,2026-10-11T14:30:00Z,718.1,FAR,Portuguese Primeira Liga,standard,Rio Ave,Nacional,4,Pinnacle,ou,under,2.5,1.79,api_football,open
2026-10-11T02:31:54Z,1575517,2026-10-11T14:30:00Z,718.1,FAR,Portuguese Primeira Liga,standard,Rio Ave,Nacional,4,Pinnacle,ou,over,3.5,3.64,api_football,open
2026-10-11T02:31:54Z,1575517,2026-10-11T14:30:00Z,718.1,FAR,Portuguese Primeira Liga,standard,Rio Ave,Nacional,4,Pinnacle,ou,under,3.5,1.3,api_football,open
2026-10-11T02:31:54Z,1575517,2026-10-11T14:30:00Z,718.1,FAR,Portuguese Primeira Liga,standard,Rio Ave,Nacional,4,Pinnacle,ht_ou,over,1.5,3.1,api_football,open
2026-10-11T02:31:54Z,1575517,2026-10-11T14:30:00Z,718.1,FAR,Portuguese Primeira Liga,standard,Rio Ave,Nacional,4,Pinnacle,ht_ou,under,1.5,1.37,api_football,open
2026-10-11T02:31:54Z,1575517,2026-10-11T14:30:00Z,718.1,FAR,Portuguese Primeira Liga,standard,Rio Ave,Nacional,4,Pinnacle,ht_ou,over,0.5,1.42,api_football,open
2026-10-11T02:31:54Z,1575517,2026-10-11T14:30:00Z,718.1,FAR,Portuguese Primeira Liga,standard,Rio Ave,Nacional,4,Pinnacle,ht_ou,under,0.5,2.85,api_football,open
2026-10-11T02:31:54Z,1575517,2026-10-11T14:30:00Z,718.1,FAR,Portuguese Primeira Liga,standard,Rio Ave,Nacional,5,SBO,ou,over,2.5,2.08,api_football,open
2026-10-11T02:31:54Z,1575517,2026-10-11T14:30:00Z,718.1,FAR,Portuguese Primeira Liga,standard,Rio Ave,Nacional,5,SBO,ou,under,2.5,1.74,api_football,open
2026-10-11T02:31:54Z,1575517,2026-10-11T14:30:00Z,718.1,FAR,Portuguese Primeira Liga,standard,Rio Ave,Nacional,11,1xBet,ou,over,1.5,1.29,api_football,open
2026-10-11T02:31:54Z,1575517,2026-10-11T14:30:00Z,718.1,FAR,Portuguese Primeira Liga,standard,Rio Ave,Nacional,11,1xBet,ou,under,1.5,3.04,api_football,open
2026-10-11T02:31:54Z,1575517,2026-10-11T14:30:00Z,718.1,FAR,Portuguese Primeira Liga,standard,Rio Ave,Nacional,11,1xBet,ou,over,2.5,2.13,api_football,open
2026-10-11T02:31:54Z,1575517,2026-10-11T14:30:00Z,718.1,FAR,Portuguese Primeira Liga,standard,Rio Ave,Nacional,11,1xBet,ou,under,2.5,1.78,api_football,open
2026-10-11T02:31:54Z,1575517,2026-10-11T14:30:00Z,718.1,FAR,Portuguese Primeira Liga,standard,Rio Ave,Nacional,11,1xBet,ou,over,3.5,3.58,api_football,open
2026-10-11T02:31:54Z,1575517,2026-10-11T14:30:00Z,718.1,FAR,Portuguese Primeira Liga,standard,Rio Ave,Nacional,11,1xBet,ou,under,3.5,1.21,api_football,open
2026-10-11T02:31:54Z,1575517,2026-10-11T14:30:00Z,718.1,FAR,Portuguese Primeira Liga,standard,Rio Ave,Nacional,11,1xBet,ht_ou,over,1.5,2.83,api_football,open
2026-10-11T02:31:54Z,1575517,2026-10-11T14:30:00Z,718.1,FAR,Portuguese Primeira Liga,standard,Rio Ave,Nacional,11,1xBet,ht_ou,under,1.5,1.36,api_football,open
2026-10-11T02:31:54Z,1575517,2026-10-11T14:30:00Z,718.1,FAR,Portuguese Primeira Liga,standard,Rio Ave,Nacional,11,1xBet,ht_ou,over,0.5,1.37,api_football,open
2026-10-11T02:31:54Z,1575517,2026-10-11T14:30:00Z,718.1,FAR,Portuguese Primeira Liga,standard,Rio Ave,Nacional,11,1xBet,ht_ou,under,0.5,2.79,api_football,open
2026-10-11T02:31:54Z,1575517,2026-10-11T14:30:00Z,718.1,FAR,Portuguese Primeira Liga,standard,Rio Ave,Nacional,11,1xBet,btts,yes,,1.8,api_football,open
2026-10-11T02:31:54Z,1575517,2026-10-11T14:30:00Z,718.1,FAR,Portuguese Primeira Liga,standard,Rio Ave,Nacional,11,1xBet,btts,no,,1.9,api_football,open
2026-10-11T02:31:54Z,1575517,2026-10-11T14:30:00Z,718.1,FAR,Portuguese Primeira Liga,standard,Rio Ave,Nacional,32,Betano,ou,over,1.5,1.38,api_football,open
2026-10-11T02:31:54Z,1575517,2026-10-11T14:30:00Z,718.1,FAR,Portuguese Primeira Liga,standard,Rio Ave,Nacional,32,Betano,ou,under,1.5,3.2,api_football,open
2026-10-11T02:31:54Z,1575517,2026-10-11T14:30:00Z,718.1,FAR,Portuguese Primeira Liga,standard,Rio Ave,Nacional,32,Betano,ou,over,2.5,2.12,api_football,open
2026-10-11T02:31:54Z,1575517,2026-10-11T14:30:00Z,718.1,FAR,Portuguese Primeira Liga,standard,Rio Ave,Nacional,32,Betano,ou,under,2.5,1.75,api_football,open
2026-10-11T02:31:54Z,1575517,2026-10-11T14:30:00Z,718.1,FAR,Portuguese Primeira Liga,standard,Rio Ave,Nacional,32,Betano,ou,over,3.5,3.65,api_football,open
2026-10-11T02:31:54Z,1575517,2026-10-11T14:30:00Z,718.1,FAR,Portuguese Primeira Liga,standard,Rio Ave,Nacional,32,Betano,ou,under,3.5,1.29,api_football,open
2026-10-11T02:31:54Z,1575517,2026-10-11T14:30:00Z,718.1,FAR,Portuguese Primeira Liga,standard,Rio Ave,Nacional,32,Betano,ht_ou,over,1.5,3.15,api_football,open
2026-10-11T02:31:54Z,1575517,2026-10-11T14:30:00Z,718.1,FAR,Portuguese Primeira Liga,standard,Rio Ave,Nacional,32,Betano,ht_ou,under,1.5,1.37,api_football,open
2026-10-11T02:31:54Z,1575517,2026-10-11T14:30:00Z,718.1,FAR,Portuguese Primeira Liga,standard,Rio Ave,Nacional,32,Betano,ht_ou,over,0.5,1.5,api_football,open
2026-10-11T02:31:54Z,1575517,2026-10-11T14:30:00Z,718.1,FAR,Portuguese Primeira Liga,standard,Rio Ave,Nacional,32,Betano,ht_ou,under,0.5,2.62,api_football,open
2026-10-11T02:31:54Z,1575517,2026-10-11T14:30:00Z,718.1,FAR,Portuguese Primeira Liga,standard,Rio Ave,Nacional,32,Betano,btts,yes,,1.8,api_football,open
2026-10-11T02:31:54Z,1575517,2026-10-11T14:30:00Z,718.1,FAR,Portuguese Primeira Liga,standard,Rio Ave,Nacional,32,Betano,btts,no,,1.93,api_football,open
